// 4.26.0 0xfcc43e06 D2 R0 FRGB565 U565 N0 SExtFlashSection
// Generated by imageconverter. Please, do not edit!

#include <touchgfx/hal/Config.hpp>

LOCATION_PRAGMA("ExtFlashSection")
KEEP extern const unsigned char image_jinggao[] LOCATION_ATTRIBUTE("ExtFlashSection") = { // 320x240 RGB565 pixels.
    0x20, 0x78, 0x40, 0xf0, 0x40, 0xf0, 0x40, 0xf0, 0x41, 0xf0, 0x41, 0xf0,
    0x41, 0xf0, 0x40, 0xf0, 0x41, 0xf0, 0x41, 0xe8, 0x41, 0xf0, 0x41, 0xf0,
    0x40, 0xe8, 0x40, 0xe8, 0x41, 0xf0, 0x40, 0xe8, 0x40, 0xe8, 0x41, 0xf0,
    0x40, 0xf0, 0x41, 0xe8, 0x41, 0xf0, 0x41, 0xf0, 0x40, 0xe8, 0x40, 0xe8,
    0x61, 0xf0, 0x61, 0xf0, 0x61, 0xe8, 0x61, 0xf0, 0x40, 0xf0, 0x40, 0xe8,
    0x40, 0xf0, 0x41, 0xf0, 0x60, 0xe8, 0x40, 0xf0, 0x61, 0xf0, 0x40, 0xf0,
    0x40, 0xf0, 0x41, 0xf0, 0x41, 0xf0, 0x41, 0xf0, 0x61, 0xf0, 0x61, 0xf0,
    0x61, 0xf0, 0x60, 0xf0, 0x61, 0xf0, 0x61, 0xf0, 0x60, 0xe8, 0x60, 0xf0,
    0x61, 0xf0, 0x61, 0xe8, 0x61, 0xf0, 0x60, 0xf0, 0x60, 0xe8, 0x61, 0xe8,
    0x61, 0xe8, 0x61, 0xe8, 0x40, 0xe8, 0x40, 0xe8, 0x41, 0xe8, 0x40, 0xf0,
    0x40, 0xf0, 0x40, 0xf0, 0x41, 0xf0, 0x41, 0xf0, 0x40, 0xf0, 0x40, 0xf0,
    0x41, 0xf0, 0x61, 0xe8, 0x40, 0xf0, 0x40, 0xf0, 0x60, 0xe8, 0x40, 0xe8,
    0x40, 0xf0, 0x60, 0xe8, 0x40, 0xe8, 0x40, 0xf0, 0x60, 0xe8, 0x40, 0xf0,
    0x40, 0xf0, 0x60, 0xf0, 0x61, 0xf0, 0x61, 0xf0, 0x60, 0xf0, 0x60, 0xf0,
    0x41, 0xf0, 0x41, 0xf0, 0x41, 0xe8, 0x40, 0xe8, 0x60, 0xf0, 0x60, 0xe8,
    0x61, 0xf0, 0x61, 0xf0, 0x61, 0xf0, 0x60, 0xf0, 0x61, 0xf0, 0x61, 0xf0,
    0x61, 0xf0, 0x60, 0xf0, 0x61, 0xf0, 0x61, 0xf0, 0x61, 0xf0, 0x60, 0xf0,
    0x40, 0xf0, 0x41, 0xf0, 0x60, 0xf0, 0x60, 0xe8, 0x61, 0xf0, 0x61, 0xf0,
    0x61, 0xf0, 0x61, 0xf0, 0x41, 0xe8, 0x41, 0xf0, 0x40, 0xf0, 0x40, 0xe8,
    0x40, 0xf0, 0x61, 0xe8, 0x41, 0xf0, 0x41, 0xf0, 0x41, 0xe8, 0x40, 0xf0,
    0x40, 0xf0, 0x40, 0xf0, 0x41, 0xf0, 0x40, 0xf0, 0x40, 0xf0, 0x61, 0xf0,
    0x60, 0xf0, 0x61, 0xf0, 0x61, 0xf0, 0x61, 0xf0, 0x61, 0xf0, 0x61, 0xf0,
    0x61, 0xf0, 0x61, 0xf0, 0x61, 0xf0, 0x41, 0xf0, 0x61, 0xf0, 0x61, 0xf0,
    0x61, 0xf0, 0x61, 0xf0, 0x61, 0xe8, 0x61, 0xe8, 0x41, 0xf0, 0x61, 0xe8,
    0x60, 0xf0, 0x61, 0xf0, 0x61, 0xf0, 0x61, 0xf0, 0x60, 0xf0, 0x61, 0xf0,
    0x61, 0xe8, 0x61, 0xf0, 0x61, 0xf0, 0x61, 0xf0, 0x61, 0xf0, 0x61, 0xf0,
    0x60, 0xf0, 0x60, 0xf0, 0x61, 0xf0, 0x41, 0xf0, 0x60, 0xf0, 0x61, 0xf0,
    0x60, 0xe8, 0x60, 0xf0, 0x61, 0xf0, 0x60, 0xe8, 0x60, 0xf0, 0x61, 0xf0,
    0x60, 0xe8, 0x60, 0xf0, 0x61, 0xf0, 0x41, 0xf0, 0x40, 0xf0, 0x61, 0xf0,
    0x40, 0xf0, 0x61, 0xf0, 0x60, 0xe8, 0x40, 0xf0, 0x40, 0xf0, 0x40, 0xf0,
    0x41, 0xf0, 0x40, 0xf0, 0x61, 0xf0, 0x61, 0xf0, 0x60, 0xf0, 0x61, 0xf0,
    0x61, 0xe8, 0x60, 0xf0, 0x60, 0xe8, 0x60, 0xe8, 0x41, 0xf0, 0x41, 0xe8,
    0x40, 0xe8, 0x40, 0xf0, 0x40, 0xe8, 0x41, 0xf0, 0x40, 0xf0, 0x40, 0xf0,
    0x40, 0xf0, 0x60, 0xf0, 0x60, 0xf0, 0x61, 0xf0, 0x60, 0xf0, 0x40, 0xf0,
    0x61, 0xf0, 0x61, 0xf0, 0x61, 0xe8, 0x61, 0xf0, 0x41, 0xe8, 0x60, 0xe8,
    0x60, 0xf0, 0x60, 0xe8, 0x61, 0xf0, 0x61, 0xf0, 0x60, 0xf0, 0x60, 0xf0,
    0x41, 0xf0, 0x40, 0xf0, 0x40, 0xf0, 0x40, 0xf0, 0x40, 0xf0, 0x41, 0xf0,
    0x40, 0xf0, 0x40, 0xf0, 0x61, 0xf0, 0x41, 0xf0, 0x60, 0xf0, 0x60, 0xe8,
    0x61, 0xe8, 0x60, 0xf0, 0x61, 0xf0, 0x61, 0xe8, 0x60, 0xe8, 0x61, 0xe8,
    0x61, 0xf0, 0x61, 0xf0, 0x61, 0xf0, 0x60, 0xf0, 0x61, 0xf0, 0x60, 0xf0,
    0x60, 0xf0, 0x61, 0xf0, 0x40, 0xf0, 0x60, 0xe8, 0x61, 0xf0, 0x60, 0xf0,
    0x40, 0xf0, 0x61, 0xf0, 0x61, 0xf0, 0x41, 0xf0, 0x60, 0xf0, 0x41, 0xf0,
    0x40, 0xf0, 0x60, 0xf0, 0x61, 0xf0, 0x61, 0xf0, 0x60, 0xf0, 0x60, 0xf0,
    0x40, 0xf0, 0x40, 0xf0, 0x60, 0xf0, 0x40, 0xf0, 0x41, 0xf0, 0x61, 0xf0,
    0x60, 0xf0, 0x60, 0xf0, 0x60, 0xf0, 0x60, 0xf0, 0x41, 0xf0, 0x41, 0xf0,
    0x40, 0xf0, 0x40, 0xf0, 0x41, 0xf0, 0x41, 0xf0, 0x60, 0xf0, 0x60, 0xe8,
    0x41, 0xf0, 0x40, 0xf0, 0x41, 0xf0, 0x41, 0xf0, 0x60, 0xf0, 0x60, 0xf0,
    0x60, 0xe8, 0x41, 0xf0, 0x60, 0xf0, 0x60, 0xf0, 0x61, 0xf0, 0x41, 0xf0,
    0x40, 0xe8, 0x60, 0xe8, 0x60, 0xf0, 0x60, 0xf0, 0x60, 0xe8, 0x61, 0xf0,
    0x61, 0xf0, 0x40, 0xe8, 0x41, 0xe8, 0x61, 0xf0, 0x40, 0xe8, 0x41, 0xe8,
    0x61, 0xe8, 0x40, 0xf0, 0x41, 0xe8, 0x61, 0xe8, 0x40, 0xf0, 0x61, 0xf0,
    0x61, 0xe8, 0x60, 0xf0, 0x41, 0xf0, 0x41, 0xe8, 0x40, 0xf0, 0x61, 0xe8,
    0x40, 0xe8, 0x61, 0xf0, 0x61, 0xf0, 0x61, 0xe8, 0x40, 0xf0, 0x61, 0xe8,
    0x61, 0xe8, 0x40, 0x78, 0x40, 0xe8, 0x40, 0xe8, 0x60, 0xe8, 0x41, 0xe8,
    0x41, 0xe8, 0x61, 0xe8, 0x61, 0xe8, 0x61, 0xe8, 0x61, 0xe8, 0x61, 0xe8,
    0x61, 0xe8, 0x61, 0xe8, 0x61, 0xe8, 0x61, 0xe8, 0x61, 0xe8, 0x61, 0xe8,
    0x61, 0xe8, 0x61, 0xe8, 0x61, 0xe8, 0x61, 0xe8, 0x61, 0xe8, 0x61, 0xe8,
    0x61, 0xe8, 0x61, 0xe8, 0x61, 0xe8, 0x81, 0xe8, 0x81, 0xe8, 0x61, 0xe8,
    0x81, 0xe8, 0x81, 0xe8, 0x61, 0xe8, 0x61, 0xe8, 0x61, 0xe8, 0x61, 0xe8,
    0x61, 0xe8, 0x61, 0xe8, 0x61, 0xe8, 0x61, 0xe8, 0x61, 0xe8, 0x81, 0xf0,
    0x60, 0xe8, 0x61, 0xe8, 0x61, 0xe8, 0x61, 0xe8, 0x61, 0xe8, 0x61, 0xe8,
    0x81, 0xe8, 0x81, 0xe8, 0x82, 0xe8, 0x81, 0xe8, 0x81, 0xe8, 0x82, 0xe8,
    0x61, 0xe8, 0x61, 0xe8, 0x61, 0xe8, 0x61, 0xe8, 0x61, 0xe8, 0x61, 0xe8,
    0x61, 0xe8, 0x61, 0xe8, 0x61, 0xe8, 0x61, 0xe8, 0x61, 0xe8, 0x61, 0xe8,
    0x61, 0xe8, 0x61, 0xe8, 0x61, 0xe8, 0x61, 0xf0, 0x61, 0xe8, 0x61, 0xe8,
    0x61, 0xe8, 0x61, 0xe8, 0x61, 0xe8, 0x61, 0xe8, 0x61, 0xe8, 0x81, 0xe8,
    0x61, 0xe8, 0x61, 0xe8, 0x61, 0xe8, 0x81, 0xe8, 0x61, 0xe8, 0x61, 0xe8,
    0x61, 0xe8, 0x61, 0xe8, 0x61, 0xe8, 0x61, 0xe8, 0x61, 0xe8, 0x60, 0xe8,
    0x61, 0xf0, 0x61, 0xe8, 0x61, 0xe8, 0x61, 0xe8, 0x61, 0xe8, 0x61, 0xe8,
    0x61, 0xe8, 0x61, 0xe8, 0x61, 0xe8, 0x61, 0xe8, 0x61, 0xf0, 0x61, 0xe8,
    0x61, 0xe8, 0x61, 0xe8, 0x81, 0xe8, 0x61, 0xe8, 0x81, 0xe8, 0x61, 0xe8,
    0x61, 0xe8, 0x81, 0xe8, 0x61, 0xe8, 0x61, 0xe8, 0x61, 0xe8, 0x61, 0xe8,
    0x61, 0xe8, 0x81, 0xe8, 0x81, 0xe8, 0x61, 0xe8, 0x61, 0xe8, 0x81, 0xe8,
    0x81, 0xe8, 0x81, 0xe8, 0x61, 0xe8, 0x61, 0xe8, 0x61, 0xe8, 0x81, 0xf0,
    0x81, 0xf0, 0x81, 0xf0, 0x61, 0xf0, 0x81, 0xf0, 0x81, 0xf0, 0x61, 0xf0,
    0x81, 0xf0, 0x81, 0xf0, 0x81, 0xf0, 0x81, 0xe8, 0x81, 0xf0, 0x81, 0xf0,
    0x61, 0xf0, 0x61, 0xe8, 0x61, 0xe8, 0x81, 0xe8, 0x61, 0xe8, 0x61, 0xe8,
    0x61, 0xe8, 0x61, 0xe8, 0x81, 0xe8, 0x81, 0xe8, 0x81, 0xe8, 0x81, 0xe8,
    0x81, 0xe8, 0x61, 0xe8, 0x61, 0xe8, 0x81, 0xe8, 0x61, 0xe8, 0x61, 0xe8,
    0x81, 0xe8, 0x61, 0xe8, 0x61, 0xf0, 0x61, 0xe8, 0x61, 0xf0, 0x81, 0xe8,
    0x61, 0xe8, 0x61, 0xe8, 0x61, 0xe8, 0x61, 0xe8, 0x61, 0xf0, 0x61, 0xe8,
    0x61, 0xe8, 0x61, 0xe8, 0x61, 0xf0, 0x81, 0xe8, 0x61, 0xe8, 0x61, 0xe8,
    0x61, 0xf0, 0x61, 0xe8, 0x61, 0xe8, 0x61, 0xe8, 0x61, 0xe8, 0x61, 0xe8,
    0x81, 0xe8, 0x81, 0xe8, 0x61, 0xe8, 0x81, 0xe8, 0x81, 0xe8, 0x81, 0xe8,
    0x61, 0xe8, 0x61, 0xe8, 0x61, 0xe8, 0x81, 0xe8, 0x61, 0xe8, 0x61, 0xe8,
    0x81, 0xe8, 0x61, 0xe8, 0x61, 0xe8, 0x61, 0xe8, 0x61, 0xe8, 0x61, 0xe8,
    0x61, 0xe8, 0x61, 0xe8, 0x61, 0xe8, 0x61, 0xe8, 0x61, 0xf0, 0x61, 0xf0,
    0x61, 0xf0, 0x61, 0xe8, 0x61, 0xe8, 0x61, 0xe8, 0x61, 0xf0, 0x81, 0xf0,
    0x61, 0xe8, 0x61, 0xe8, 0x61, 0xe8, 0x61, 0xe8, 0x61, 0xf0, 0x61, 0xe8,
    0x61, 0xe8, 0x81, 0xe8, 0x61, 0xe8, 0x61, 0xe8, 0x61, 0xe8, 0x61, 0xe8,
    0x61, 0xe8, 0x61, 0xe8, 0x61, 0xe8, 0x61, 0xe8, 0x61, 0xe8, 0x61, 0xe8,
    0x81, 0xe8, 0x81, 0xe8, 0x61, 0xe8, 0x81, 0xe8, 0x81, 0xe8, 0x81, 0xf0,
    0x61, 0xe8, 0x81, 0xe8, 0x61, 0xe8, 0x61, 0xe8, 0x61, 0xe8, 0x61, 0xe8,
    0x61, 0xe8, 0x81, 0xe8, 0x61, 0xe8, 0x61, 0xe8, 0x61, 0xe8, 0x81, 0xe8,
    0x61, 0xe8, 0x61, 0xe8, 0x61, 0xe8, 0x81, 0xe8, 0x61, 0xe8, 0x61, 0xe8,
    0x61, 0xe8, 0x81, 0xe8, 0x61, 0xe8, 0x81, 0xe8, 0x61, 0xe8, 0x61, 0xe8,
    0x61, 0xe8, 0x61, 0xe8, 0x61, 0xe8, 0x61, 0xe8, 0x81, 0xe8, 0x61, 0xe8,
    0x61, 0xf0, 0x61, 0xf0, 0x81, 0xf0, 0x61, 0xf0, 0x81, 0xf0, 0x81, 0xe8,
    0x61, 0xf0, 0x81, 0xf0, 0x81, 0xe8, 0x81, 0xe8, 0x81, 0xe8, 0x61, 0xe8,
    0x61, 0xe8, 0x61, 0xe8, 0x61, 0xe8, 0x61, 0xe8, 0x81, 0xe8, 0x61, 0xe8,
    0x61, 0xe8, 0x81, 0xe8, 0x61, 0xf0, 0x61, 0xe8, 0x81, 0xe8, 0x81, 0xe8,
    0x61, 0xe8, 0x61, 0xe8, 0x81, 0xe8, 0x61, 0xe8, 0x61, 0xe8, 0x61, 0xe8,
    0x62, 0xe8, 0x81, 0xe8, 0x81, 0xe8, 0x61, 0xe8, 0x61, 0xe8, 0x61, 0xe8,
    0x61, 0xe8, 0x61, 0xe8, 0x61, 0xe8, 0x61, 0xe8, 0x61, 0xe8, 0x61, 0xe8,
    0x82, 0xe8, 0x61, 0xe8, 0x61, 0xe8, 0x81, 0xe8, 0x62, 0xe8, 0x81, 0xe8,
    0x81, 0xe8, 0x81, 0xe8, 0x81, 0xe8, 0x81, 0xe8, 0x81, 0xe8, 0x82, 0xe8,
    0x82, 0xe8, 0x81, 0xe8, 0x61, 0xe8, 0x61, 0xe8, 0x40, 0xe8, 0x41, 0xe8,
    0x61, 0xe8, 0x60, 0xe8, 0x61, 0xe8, 0x61, 0xe8, 0x61, 0xf0, 0x61, 0xe8,
    0x61, 0xe8, 0x61, 0xe8, 0x61, 0xe8, 0x81, 0xe8, 0x82, 0xe8, 0x61, 0xe8,
    0x61, 0xe8, 0x62, 0xe8, 0x61, 0xe8, 0x61, 0xe8, 0x61, 0xe8, 0x61, 0xe8,
    0x61, 0xe8, 0x61, 0xe8, 0x61, 0xe8, 0x81, 0xe8, 0x61, 0xe8, 0x81, 0xe8,
    0x82, 0xe8, 0x81, 0xe8, 0x81, 0xe8, 0x82, 0xe8, 0x81, 0xe8, 0x81, 0xe8,
    0x82, 0xe8, 0x82, 0xe8, 0x81, 0xe8, 0x81, 0xf0, 0x81, 0xe8, 0x81, 0xe8,
    0x81, 0xe8, 0x81, 0xe8, 0x81, 0xf0, 0x61, 0xf0, 0x81, 0xf0, 0x61, 0xf0,
    0x81, 0xe8, 0x82, 0xe8, 0x82, 0xe8, 0x82, 0xe8, 0x81, 0xe8, 0x82, 0xe8,
    0x81, 0xe8, 0x82, 0xe8, 0x82, 0xe8, 0x81, 0xe8, 0x81, 0xe8, 0x81, 0xe8,
    0x61, 0xe8, 0x61, 0xe8, 0x81, 0xe8, 0x82, 0xe8, 0x82, 0xe8, 0x81, 0xe8,
    0x61, 0xe8, 0x81, 0xe8, 0x81, 0xe8, 0x81, 0xe8, 0x81, 0xe8, 0x81, 0xe8,
    0x81, 0xe8, 0x81, 0xe8, 0x62, 0xf0, 0x61, 0xe8, 0x61, 0xe8, 0x82, 0xe8,
    0x61, 0xe8, 0x82, 0xe8, 0x61, 0xe8, 0x82, 0xe8, 0x82, 0xf0, 0x82, 0xe8,
    0x81, 0xe8, 0x81, 0xe8, 0x61, 0xe8, 0x82, 0xe8, 0x81, 0xe8, 0x61, 0xe8,
    0x81, 0xe8, 0x61, 0xe8, 0x61, 0xe8, 0x61, 0xe8, 0x61, 0xe8, 0x61, 0xe8,
    0x61, 0xe8, 0x61, 0xe8, 0x61, 0xe8, 0x82, 0xe8, 0x82, 0xe8, 0x81, 0xe8,
    0x82, 0xe8, 0x82, 0xe8, 0x81, 0xe8, 0x81, 0xe8, 0x81, 0xe8, 0x81, 0xe8,
    0x82, 0xe8, 0x81, 0xe8, 0x82, 0xe8, 0x81, 0xe8, 0x81, 0xe8, 0x81, 0xe8,
    0x81, 0xe8, 0x81, 0xe8, 0x81, 0xe8, 0x81, 0xe8, 0x82, 0xe8, 0x81, 0xe8,
    0x81, 0xe8, 0x81, 0xe8, 0x81, 0xe8, 0x81, 0xe8, 0x81, 0xe8, 0x81, 0xe8,
    0x82, 0xe8, 0x81, 0xe8, 0x81, 0xe8, 0x81, 0xe8, 0x81, 0xf0, 0x81, 0xf0,
    0x81, 0xe8, 0x81, 0xe8, 0x81, 0xe8, 0x61, 0xf0, 0x81, 0xf0, 0x81, 0xe8,
    0x81, 0xe8, 0x81, 0xe8, 0x81, 0xe8, 0x82, 0xe8, 0x81, 0xe8, 0x81, 0xe8,
    0x82, 0xf0, 0x81, 0xe8, 0x61, 0xe8, 0x82, 0xe8, 0x81, 0xe8, 0x82, 0xe8,
    0x82, 0xe8, 0x82, 0xf0, 0x81, 0xe8, 0x82, 0xe8, 0x81, 0xf0, 0x81, 0xe8,
    0x81, 0xe8, 0x81, 0xf0, 0x81, 0xe8, 0x81, 0xe8, 0x81, 0xe8, 0x81, 0xe8,
    0x81, 0xe8, 0x81, 0xe8, 0x82, 0xe8, 0x81, 0xf0, 0x82, 0xe8, 0x81, 0xe8,
    0x81, 0xe8, 0x82, 0xf0, 0x81, 0xe8, 0x81, 0xe8, 0x82, 0xe8, 0x82, 0xe8,
    0x81, 0xf0, 0x81, 0xf0, 0x81, 0xe8, 0x61, 0xe8, 0x81, 0xe8, 0x81, 0xe8,
    0x81, 0xe8, 0x82, 0xe8, 0x81, 0xe8, 0x82, 0xe8, 0x82, 0xf0, 0x81, 0xf0,
    0x82, 0xe8, 0x81, 0xe8, 0x82, 0xe8, 0x81, 0xe8, 0x81, 0xf0, 0x82, 0xe8,
    0x81, 0xe8, 0x81, 0xe8, 0x81, 0xe8, 0x81, 0xe8, 0x81, 0xe8, 0x82, 0xe8,
    0x81, 0xe8, 0x61, 0xe8, 0x61, 0xe8, 0x61, 0xe8, 0x61, 0xe8, 0x61, 0xe8,
    0x82, 0xf0, 0x62, 0xf0, 0x82, 0xe8, 0x62, 0xf0, 0x82, 0xf0, 0x81, 0xf0,
    0x81, 0xe8, 0x81, 0xe8, 0x61, 0xf0, 0x81, 0xe8, 0x81, 0xe8, 0x81, 0xe8,
    0x81, 0xe8, 0x82, 0xe8, 0x82, 0xe8, 0x81, 0xe8, 0x81, 0xe8, 0x82, 0xe8,
    0x82, 0xe8, 0x82, 0xf0, 0x82, 0xe8, 0x81, 0xf0, 0x81, 0xe8, 0x81, 0xe8,
    0x81, 0xe8, 0x81, 0xe8, 0x82, 0xe8, 0x82, 0xe8, 0x82, 0xf0, 0x82, 0xe8,
    0x82, 0xe8, 0x81, 0xf0, 0x82, 0xe8, 0x82, 0xe8, 0x82, 0xf0, 0x82, 0xe8,
    0x82, 0xe8, 0x81, 0xe8, 0x82, 0xe8, 0x82, 0xe8, 0x81, 0xe8, 0x82, 0xe8,
    0x82, 0xe8, 0x81, 0xf0, 0x82, 0xe8, 0x82, 0xe8, 0x81, 0xe8, 0x81, 0xe8,
    0x82, 0xe8, 0x82, 0xe8, 0x61, 0xe8, 0x81, 0xe8, 0x81, 0xe8, 0x82, 0xe8,
    0x81, 0xe8, 0x81, 0xe8, 0x81, 0xe8, 0x81, 0xe8, 0x81, 0xe8, 0x82, 0xf0,
    0x81, 0xe8, 0x81, 0xe8, 0x82, 0xe8, 0x61, 0xf0, 0x81, 0xe8, 0x81, 0xe8,
    0x61, 0xf0, 0x81, 0xf0, 0x81, 0xe8, 0x81, 0xe8, 0x82, 0xe8, 0x82, 0xf0,
    0x81, 0xe8, 0x82, 0xf0, 0x81, 0xe8, 0x82, 0xe8, 0x81, 0xe8, 0x81, 0xe8,
    0x82, 0xe8, 0x81, 0xe8, 0x82, 0xf0, 0x81, 0xe8, 0x81, 0xe8, 0x82, 0xe8,
    0x81, 0xe8, 0x81, 0xe8, 0x81, 0xe8, 0x82, 0xe8, 0x82, 0xe8, 0x81, 0xe8,
    0x82, 0xe8, 0x82, 0xe8, 0xa2, 0xe8, 0x81, 0xe8, 0x82, 0xe8, 0x82, 0xe8,
    0x81, 0xe8, 0x82, 0xe8, 0x82, 0xe8, 0x82, 0xe8, 0x81, 0xe8, 0x82, 0xe8,
    0x81, 0xe8, 0x81, 0xe8, 0x82, 0xe8, 0x81, 0xe8, 0x81, 0xe8, 0x82, 0xe8,
    0x82, 0xe8, 0x81, 0xe8, 0x81, 0xe8, 0x82, 0xe8, 0x81, 0xe8, 0x81, 0xe8,
    0x82, 0xe8, 0x81, 0xe8, 0x81, 0xe8, 0x82, 0xe8, 0x82, 0xe8, 0x61, 0xe8,
    0x40, 0xe8, 0x61, 0xe8, 0x61, 0xe8, 0x81, 0xe8, 0x81, 0xf0, 0x81, 0xf0,
    0x82, 0xe8, 0x82, 0xf0, 0x82, 0xf0, 0x82, 0xe8, 0x82, 0xe8, 0x61, 0xe8,
    0x81, 0xe8, 0x82, 0xe8, 0x81, 0xe8, 0x82, 0xe8, 0x61, 0xe8, 0x82, 0xe8,
    0x81, 0xe8, 0x61, 0xe8, 0x82, 0xe8, 0x61, 0xe8, 0x61, 0xe8, 0x82, 0xe8,
    0x61, 0xe8, 0x61, 0xe8, 0x82, 0xe8, 0x82, 0xf0, 0x81, 0xe8, 0x82, 0xf0,
    0x82, 0xf0, 0x82, 0xe8, 0x81, 0xf0, 0x82, 0xe8, 0x81, 0xe8, 0x81, 0xf0,
    0x82, 0xf0, 0x82, 0xe8, 0x81, 0xe8, 0x81, 0xf0, 0x81, 0xe8, 0x81, 0xe8,
    0x82, 0xe8, 0x82, 0xe8, 0x82, 0xe8, 0x81, 0xe8, 0x81, 0xe8, 0x82, 0xe8,
    0x81, 0xe8, 0x82, 0xe8, 0x81, 0xe8, 0x81, 0xe8, 0x82, 0xe8, 0x82, 0xe8,
    0x82, 0xe8, 0x82, 0xe8, 0x61, 0xe8, 0x81, 0xe8, 0x82, 0xe8, 0x82, 0xe8,
    0x81, 0xe8, 0x82, 0xe8, 0x82, 0xf0, 0x82, 0xe8, 0x82, 0xf0, 0x82, 0xf0,
    0x82, 0xe8, 0x82, 0xe8, 0x81, 0xe8, 0x82, 0xe8, 0x81, 0xe8, 0x62, 0xe8,
    0x81, 0xe8, 0x82, 0xf0, 0x61, 0xe8, 0x81, 0xe8, 0x82, 0xf0, 0x82, 0xe8,
    0x81, 0xe8, 0x81, 0xe8, 0x62, 0xe8, 0x81, 0xe8, 0x82, 0xe8, 0x82, 0xe8,
    0x61, 0xe8, 0x81, 0xe8, 0x81, 0xe8, 0x61, 0xe8, 0x81, 0xe8, 0x82, 0xe8,
    0x61, 0xe8, 0x82, 0xe8, 0x81, 0xe8, 0x81, 0xe8, 0x82, 0xe8, 0x82, 0xf0,
    0x82, 0xf0, 0x81, 0xe8, 0xa2, 0xf0, 0x82, 0xf0, 0x82, 0xe8, 0x82, 0xf0,
    0x82, 0xe8, 0x81, 0xe8, 0x82, 0xe8, 0x81, 0xe8, 0x82, 0xf0, 0x82, 0xe8,
    0x81, 0xe8, 0x82, 0xe8, 0x82, 0xe8, 0x81, 0xf0, 0x82, 0xe8, 0x82, 0xf0,
    0x81, 0xe8, 0x82, 0xf0, 0x82, 0xf0, 0x81, 0xe8, 0x82, 0xe8, 0x82, 0xf0,
    0x82, 0xe8, 0x82, 0xe8, 0x81, 0xe8, 0x82, 0xe8, 0x81, 0xe8, 0x81, 0xf0,
    0x81, 0xe8, 0x81, 0xe8, 0x81, 0xf0, 0x81, 0xe8, 0x82, 0xe8, 0x81, 0xe8,
    0x81, 0xf0, 0x82, 0xe8, 0x81, 0xe8, 0x81, 0xe8, 0x82, 0xf0, 0x82, 0xf0,
    0x82, 0xe8, 0x82, 0xf0, 0x82, 0xe8, 0x82, 0xe8, 0x82, 0xe8, 0x82, 0xf0,
    0x81, 0xe8, 0x82, 0xf0, 0xa2, 0xf0, 0x82, 0xf0, 0x82, 0xe8, 0x82, 0xf0,
    0x82, 0xe8, 0x81, 0xe8, 0x82, 0xf0, 0x81, 0xf0, 0x81, 0xe8, 0x81, 0xf0,
    0x81, 0xe8, 0x82, 0xe8, 0x81, 0xf0, 0x82, 0xe8, 0x81, 0xe8, 0x82, 0xf0,
    0x82, 0xf0, 0x82, 0xe8, 0x81, 0xe8, 0x82, 0xe8, 0x82, 0xf0, 0x81, 0xe8,
    0x82, 0xe8, 0x81, 0xe8, 0x82, 0xe8, 0x81, 0xe8, 0x81, 0xe8, 0x82, 0xe8,
    0x82, 0xe8, 0x82, 0xe8, 0x82, 0xf0, 0x82, 0xf0, 0x82, 0xe8, 0xa2, 0xf0,
    0x82, 0xf0, 0xa2, 0xe8, 0x82, 0xf0, 0x82, 0xf0, 0x81, 0xe8, 0x82, 0xe8,
    0x82, 0xe8, 0x81, 0xf0, 0x82, 0xe8, 0x81, 0xe8, 0x82, 0xe8, 0x81, 0xe8,
    0x82, 0xf0, 0x82, 0xe8, 0x82, 0xe8, 0x81, 0xe8, 0x61, 0xe8, 0x61, 0xe8,
    0x81, 0xe8, 0x61, 0xe8, 0x61, 0xf0, 0x81, 0xe8, 0x81, 0xe8, 0x82, 0xf0,
    0x81, 0xe8, 0x61, 0xf0, 0x62, 0xe8, 0x81, 0xe8, 0x81, 0xf0, 0x82, 0xf0,
    0x82, 0xf0, 0x81, 0xf0, 0x81, 0xe8, 0xa2, 0xf0, 0x82, 0xf0, 0x82, 0xe8,
    0x82, 0xe8, 0x81, 0xf0, 0x82, 0xf0, 0x82, 0xe8, 0x81, 0xe8, 0x82, 0xf0,
    0x82, 0xf0, 0x81, 0xe8, 0x82, 0xe8, 0x81, 0xe8, 0x81, 0xe8, 0x81, 0xf0,
    0x81, 0xe8, 0x82, 0xe8, 0x82, 0xf0, 0x82, 0xe8, 0x81, 0xe8, 0x81, 0xe8,
    0xa2, 0xf0, 0x82, 0xf0, 0x81, 0xe8, 0x81, 0xf0, 0x82, 0xe8, 0x81, 0xe8,
    0x82, 0xf0, 0x82, 0xe8, 0x81, 0xe8, 0x81, 0xf0, 0x81, 0xf0, 0x82, 0xe8,
    0x82, 0xe8, 0x81, 0xf0, 0x82, 0xe8, 0x82, 0xe8, 0x81, 0xe8, 0x61, 0xe8,
    0x82, 0xe8, 0x81, 0xe8, 0x82, 0xe8, 0x82, 0xe8, 0x82, 0xf0, 0x82, 0xe8,
    0x81, 0xe8, 0x81, 0xf0, 0x82, 0xe8, 0x81, 0xe8, 0x82, 0xf0, 0x61, 0xf0,
    0x81, 0xf0, 0x81, 0xf0, 0x82, 0xf0, 0x81, 0xf0, 0x82, 0xf0, 0x82, 0xf0,
    0x82, 0xe8, 0x81, 0xe8, 0x82, 0xf0, 0x82, 0xe8, 0x82, 0xf0, 0x82, 0xf0,
    0x81, 0xe8, 0x82, 0xf0, 0x81, 0xf0, 0x82, 0xe8, 0x82, 0xf0, 0x81, 0xf0,
    0x81, 0xe8, 0x82, 0xf0, 0x81, 0xe8, 0x81, 0xe8, 0x82, 0xe8, 0x82, 0xf0,
    0x82, 0xe8, 0x82, 0xe8, 0x81, 0xe8, 0x82, 0xe8, 0xa2, 0xe8, 0xa1, 0xe8,
    0x81, 0xe8, 0x82, 0xe8, 0x81, 0xe8, 0x82, 0xe8, 0x82, 0xe8, 0x82, 0xe8,
    0x82, 0xe8, 0x81, 0xe8, 0x82, 0xe8, 0x82, 0xe8, 0x62, 0xe8, 0x82, 0xe8,
    0x82, 0xe8, 0x82, 0xe8, 0x82, 0xe8, 0x81, 0xe8, 0x82, 0xe8, 0x82, 0xe8,
    0x81, 0xe8, 0x82, 0xe8, 0x82, 0xe8, 0x82, 0xe8, 0x81, 0xe8, 0x82, 0xe8,
    0x81, 0xe8, 0x82, 0xe8, 0x60, 0xe8, 0x81, 0xe8, 0x81, 0xe8, 0x81, 0xe8,
    0x81, 0xf0, 0x82, 0xe8, 0x82, 0xe8, 0x82, 0xf0, 0x81, 0xe8, 0x81, 0xe8,
    0x82, 0xf0, 0x82, 0xe8, 0x82, 0xe8, 0x81, 0xe8, 0x82, 0xe8, 0x82, 0xe8,
    0x61, 0xe8, 0x82, 0xe8, 0x82, 0xe8, 0x61, 0xe8, 0x82, 0xe8, 0x82, 0xe8,
    0x81, 0xe8, 0x82, 0xe8, 0x82, 0xe8, 0x81, 0xe8, 0x82, 0xe8, 0x81, 0xe8,
    0x82, 0xf0, 0x82, 0xe8, 0x81, 0xe8, 0x81, 0xe8, 0x82, 0xe8, 0x81, 0xf0,
    0x82, 0xe8, 0x81, 0xe8, 0x82, 0xe8, 0x82, 0xe8, 0x82, 0xe8, 0x82, 0xf0,
    0x81, 0xe8, 0x82, 0xe8, 0x82, 0xf0, 0x81, 0xe8, 0x81, 0xe8, 0x82, 0xe8,
    0x81, 0xe8, 0x81, 0xe8, 0x82, 0xe8, 0x82, 0xe8, 0x81, 0xe8, 0x81, 0xe8,
    0x82, 0xe8, 0x81, 0xe8, 0x82, 0xe8, 0x82, 0xe8, 0x82, 0xe8, 0x82, 0xe8,
    0x81, 0xe8, 0x81, 0xe8, 0x82, 0xe8, 0x82, 0xe8, 0x81, 0xf0, 0x81, 0xe8,
    0x82, 0xe8, 0x82, 0xf0, 0x82, 0xe8, 0x82, 0xf0, 0x82, 0xe8, 0x82, 0xe8,
    0x81, 0xe8, 0x82, 0xe8, 0x82, 0xe8, 0x82, 0xf0, 0x81, 0xe8, 0x82, 0xe8,
    0x82, 0xf0, 0xa1, 0xe8, 0x82, 0xe8, 0x81, 0xe8, 0x82, 0xe8, 0x82, 0xe8,
    0x82, 0xe8, 0x62, 0xe8, 0x82, 0xe8, 0x82, 0xe8, 0x82, 0xe8, 0x82, 0xe8,
    0x82, 0xe8, 0x62, 0xe8, 0x82, 0xe8, 0x82, 0xe8, 0x81, 0xe8, 0x81, 0xe8,
    0x82, 0xe8, 0x81, 0xf0, 0x82, 0xe8, 0xa2, 0xf0, 0x81, 0xe8, 0x82, 0xe8,
    0xa1, 0xe8, 0x82, 0xe8, 0x82, 0xf0, 0x81, 0xe8, 0x81, 0xe8, 0x82, 0xe8,
    0x81, 0xe8, 0x81, 0xe8, 0x82, 0xe8, 0x81, 0xe8, 0x82, 0xe8, 0x81, 0xe8,
    0x82, 0xf0, 0x81, 0xe8, 0x81, 0xe8, 0x82, 0xe8, 0x82, 0xf0, 0x82, 0xe8,
    0x82, 0xf0, 0xa2, 0xe8, 0x81, 0xe8, 0x81, 0xe8, 0x82, 0xe8, 0x81, 0xe8,
    0x82, 0xe8, 0x82, 0xf0, 0x82, 0xe8, 0x82, 0xe8, 0x82, 0xf0, 0x81, 0xf0,
    0x82, 0xe8, 0x82, 0xe8, 0x82, 0xf0, 0x82, 0xe8, 0x82, 0xf0, 0x82, 0xe8,
    0x82, 0xf0, 0xa2, 0xf0, 0xa2, 0xe8, 0x81, 0xe8, 0x81, 0xf0, 0x82, 0xf0,
    0x82, 0xe8, 0xa2, 0xf0, 0x81, 0xe8, 0xa1, 0xe8, 0xa2, 0xe8, 0xa1, 0xe8,
    0x81, 0xe8, 0x82, 0xf0, 0x81, 0xe8, 0x82, 0xe8, 0x82, 0xe8, 0x82, 0xe8,
    0x82, 0xf0, 0x82, 0xe8, 0x82, 0xf0, 0x82, 0xf0, 0x82, 0xe8, 0x82, 0xe8,
    0x81, 0xf0, 0xa2, 0xe8, 0x82, 0xe8, 0x82, 0xf0, 0x81, 0xe8, 0x81, 0xe8,
    0x82, 0xe8, 0x82, 0xe8, 0x81, 0xe8, 0x82, 0xf0, 0x82, 0xe8, 0x81, 0xe8,
    0x82, 0xe8, 0x82, 0xf0, 0x81, 0xe8, 0x81, 0xe8, 0x82, 0xf0, 0x81, 0xe8,
    0xa2, 0xf0, 0x81, 0xe8, 0xa2, 0xe8, 0xa2, 0xf0, 0x81, 0xe8, 0x82, 0xe8,
    0x81, 0xf0, 0x81, 0xe8, 0x82, 0xf0, 0x82, 0xe8, 0x82, 0xf0, 0x82, 0xe8,
    0x82, 0xe8, 0x81, 0xe8, 0x81, 0xe8, 0x82, 0xe8, 0x82, 0xe8, 0x82, 0xe8,
    0x82, 0xe8, 0x82, 0xe8, 0x81, 0xe8, 0x82, 0xe8, 0x82, 0xe8, 0x82, 0xe8,
    0x81, 0xe8, 0x82, 0xe8, 0x81, 0xe8, 0x82, 0xe8, 0x82, 0xf0, 0x81, 0xe8,
    0xa2, 0xe8, 0xa2, 0xf0, 0xa1, 0xe8, 0x82, 0xe8, 0xa2, 0xf0, 0xa1, 0xf0,
    0x82, 0xe8, 0x81, 0xe8, 0x82, 0xf0, 0x82, 0xe8, 0xa1, 0xe8, 0x81, 0xe8,
    0x81, 0xe8, 0x82, 0xe8, 0x81, 0xe8, 0x82, 0xe8, 0x82, 0xf0, 0x82, 0xe8,
    0x82, 0xf0, 0x82, 0xe8, 0x81, 0xe8, 0x81, 0xe8, 0x82, 0xf0, 0x82, 0xf0,
    0x81, 0xe8, 0x82, 0xe8, 0xa2, 0xe8, 0x81, 0xe8, 0x82, 0xe8, 0x82, 0xe8,
    0x81, 0xe8, 0x81, 0xf0, 0x62, 0xe8, 0x81, 0xe8, 0x82, 0xf0, 0x82, 0xe8,
    0x81, 0xe8, 0x82, 0xf0, 0x82, 0xf0, 0x81, 0xe8, 0x82, 0xf0, 0x82, 0xf0,
    0x82, 0xe8, 0x82, 0xf0, 0x82, 0xe8, 0x81, 0xe8, 0x81, 0xf0, 0x82, 0xe8,
    0x81, 0xe8, 0x81, 0xe8, 0x82, 0xe8, 0x81, 0xe8, 0x82, 0xe8, 0x82, 0xe8,
    0x81, 0xe8, 0x81, 0xe8, 0x82, 0xe8, 0x82, 0xe8, 0x82, 0xf0, 0x82, 0xe8,
    0x82, 0xf0, 0x82, 0xe8, 0x81, 0xe8, 0xa2, 0xe8, 0x81, 0xe8, 0x81, 0xe8,
    0xa2, 0xf0, 0xa2, 0xf0, 0x82, 0xe8, 0x81, 0xe8, 0x81, 0xf0, 0x82, 0xe8,
    0x81, 0xe8, 0x82, 0xe8, 0x81, 0xe8, 0x81, 0xe8, 0x82, 0xe8, 0x82, 0xe8,
    0x82, 0xe8, 0x81, 0xe8, 0xa1, 0xe8, 0x82, 0xf0, 0x81, 0xe8, 0xa2, 0xe8,
    0x82, 0xe8, 0x81, 0xe8, 0x82, 0xe8, 0x81, 0xe8, 0x82, 0xe8, 0x82, 0xe8,
    0x82, 0xe8, 0x82, 0xe8, 0x82, 0xe8, 0x81, 0xe8, 0x81, 0xe8, 0x82, 0xe8,
    0x81, 0xe8, 0x82, 0xe8, 0x82, 0xe8, 0x82, 0xe8, 0x82, 0xe8, 0x81, 0xe8,
    0x82, 0xe8, 0x82, 0xe8, 0x81, 0xe8, 0x81, 0xe8, 0xa2, 0xe8, 0xa2, 0xe8,
    0x82, 0xe8, 0x81, 0xe8, 0x81, 0xe8, 0x82, 0xe8, 0x81, 0xe8, 0x81, 0xe8,
    0x82, 0xf0, 0x81, 0xe8, 0x82, 0xf0, 0xa1, 0xe8, 0xa2, 0xf0, 0x82, 0xf0,
    0x81, 0xe8, 0x82, 0xe8, 0xa2, 0xf0, 0x82, 0xf0, 0x81, 0xe8, 0x82, 0xf0,
    0x82, 0xf0, 0x81, 0xf0, 0x82, 0xe8, 0x82, 0xe8, 0x81, 0xf0, 0x81, 0xe8,
    0x82, 0xf0, 0x81, 0xe8, 0x82, 0xf0, 0x82, 0xf0, 0x81, 0xf0, 0x82, 0xe8,
    0x81, 0xe8, 0x82, 0xe8, 0x82, 0xe8, 0xa1, 0xe8, 0x82, 0xe8, 0x82, 0xf0,
    0xa2, 0xf0, 0x82, 0xe8, 0x81, 0xe8, 0x82, 0xe8, 0x82, 0xe8, 0x82, 0xe8,
    0x81, 0xf0, 0x82, 0xe8, 0x82, 0xe8, 0x81, 0xf0, 0x82, 0xf0, 0x82, 0xe8,
    0x82, 0xe8, 0xa2, 0xe8, 0x82, 0xe8, 0x82, 0xe8, 0x81, 0xe8, 0x82, 0xe8,
    0x82, 0xe8, 0x81, 0xe8, 0x82, 0xe8, 0x81, 0xe8, 0x82, 0xe8, 0x82, 0xe8,
    0x82, 0xe8, 0x82, 0xe8, 0x82, 0xe8, 0x82, 0xe8, 0xa1, 0xe8, 0x82, 0xf0,
    0x82, 0xf0, 0xa2, 0xe8, 0x81, 0xe8, 0x81, 0xe8, 0x82, 0xf0, 0x82, 0xe8,
    0xa1, 0xe8, 0x82, 0xf0, 0x82, 0xf0, 0x81, 0xe8, 0x82, 0xf0, 0x81, 0xe8,
    0x82, 0xf0, 0xa2, 0xf0, 0xa2, 0xf0, 0x82, 0xe8, 0x82, 0xf0, 0x81, 0xf0,
    0x81, 0xe8, 0x81, 0xe8, 0x81, 0xe8, 0x62, 0xe8, 0x82, 0xe8, 0x82, 0xe8,
    0x82, 0xe8, 0x81, 0xe8, 0x82, 0xe8, 0x81, 0xe8, 0x82, 0xe8, 0x82, 0xe8,
    0x81, 0xe8, 0x82, 0xe8, 0x82, 0xf0, 0xa2, 0xe8, 0xa2, 0xe8, 0xa2, 0xf0,
    0x82, 0xf0, 0xa2, 0xe8, 0x81, 0xe8, 0x81, 0xe8, 0x82, 0xe8, 0x82, 0xf0,
    0xa2, 0xe8, 0xa2, 0xe8, 0x81, 0xe8, 0x82, 0xe8, 0x81, 0xe8, 0x82, 0xe8,
    0x81, 0xe8, 0x82, 0xe8, 0xa2, 0xf0, 0xa2, 0xe8, 0xa2, 0xe8, 0x81, 0xe8,
    0x81, 0xe8, 0x82, 0xe8, 0x81, 0xe8, 0xa1, 0xe8, 0x82, 0xe8, 0x81, 0xe8,
    0x82, 0xf0, 0x82, 0xf0, 0x81, 0xe8, 0x82, 0xf0, 0x82, 0xe8, 0x82, 0xe8,
    0x82, 0xe8, 0x81, 0xf0, 0x82, 0xe8, 0x81, 0xf0, 0x82, 0xf0, 0xa2, 0xe8,
    0xa1, 0xf0, 0xa2, 0xf0, 0x82, 0xe8, 0xa1, 0xe8, 0x81, 0xe8, 0x82, 0xf0,
    0x82, 0xe8, 0xa1, 0xe8, 0xa2, 0xf0, 0x81, 0xe8, 0xa2, 0xe8, 0x82, 0xe8,
    0x82, 0xf0, 0x82, 0xe8, 0xa2, 0xf0, 0xa2, 0xf0, 0x81, 0xe8, 0x82, 0xf0,
    0x82, 0xe8, 0x81, 0xe8, 0x82, 0xf0, 0x81, 0xe8, 0xa2, 0xe8, 0xa2, 0xf0,
    0xa2, 0xf0, 0x82, 0xe8, 0xa2, 0xf0, 0x81, 0xe8, 0xa1, 0xe8, 0x82, 0xe8,
    0x82, 0xf0, 0x81, 0xf0, 0x82, 0xe8, 0x82, 0xf0, 0x81, 0xe8, 0x81, 0xe8,
    0x82, 0xf0, 0x82, 0xf0, 0x81, 0xe8, 0x81, 0xe8, 0x82, 0xe8, 0x82, 0xf0,
    0x81, 0xe8, 0x82, 0xe8, 0xa2, 0xf0, 0x82, 0xe8, 0x81, 0xf0, 0xa2, 0xf0,
    0xa2, 0xe8, 0x82, 0xf0, 0xa2, 0xf0, 0xa2, 0xe8, 0xa2, 0xf0, 0xa1, 0xf0,
    0x82, 0xe8, 0xa2, 0xe8, 0xa1, 0xe8, 0x82, 0xe8, 0x81, 0xe8, 0x81, 0xe8,
    0x82, 0xe8, 0x82, 0xe8, 0x82, 0xf0, 0x82, 0xe8, 0x81, 0xe8, 0x82, 0xf0,
    0x82, 0xf0, 0x82, 0xf0, 0x82, 0xe8, 0x81, 0xe8, 0x82, 0xf0, 0x81, 0xe8,
    0x82, 0xe8, 0xa2, 0xe8, 0x82, 0xf0, 0x82, 0xe8, 0xa2, 0xe8, 0x82, 0xe8,
    0x82, 0xf0, 0xa2, 0xe8, 0x81, 0xe8, 0x82, 0xf0, 0x81, 0xe8, 0x82, 0xe8,
    0x82, 0xf0, 0x82, 0xf0, 0x82, 0xe8, 0xa2, 0xf0, 0x82, 0xf0, 0x82, 0xf0,
    0xa2, 0xe8, 0x82, 0xf0, 0xa2, 0xe8, 0xa2, 0xe8, 0xa2, 0xf0, 0xa2, 0xf0,
    0xa2, 0xe8, 0xa2, 0xf0, 0x82, 0xf0, 0xa2, 0xf0, 0x81, 0xe8, 0xa2, 0xf0,
    0xa2, 0xf0, 0x82, 0xf0, 0x82, 0xe8, 0x82, 0xe8, 0x81, 0xf0, 0x82, 0xe8,
    0x82, 0xe8, 0x82, 0xf0, 0x81, 0xe8, 0xa2, 0xf0, 0xa2, 0xe8, 0x82, 0xe8,
    0xa1, 0xf0, 0xa2, 0xf0, 0x82, 0xe8, 0x82, 0xe8, 0x82, 0xf0, 0x82, 0xf0,
    0x82, 0xe8, 0x82, 0xf0, 0x81, 0xe8, 0x81, 0xf0, 0x82, 0xe8, 0x82, 0xf0,
    0x81, 0xf0, 0x82, 0xe8, 0x81, 0xe8, 0x82, 0xe8, 0x82, 0xf0, 0x82, 0xe8,
    0xa1, 0xe8, 0xa2, 0xf0, 0x82, 0xe8, 0xa1, 0xf0, 0xa2, 0xf0, 0x82, 0xf0,
    0x82, 0xe8, 0x81, 0xe8, 0xa2, 0xf0, 0xa2, 0xe8, 0xa2, 0xe8, 0x82, 0xf0,
    0x82, 0xe8, 0x81, 0xe8, 0x81, 0xe8, 0x82, 0xe8, 0x82, 0xe8, 0x82, 0xe8,
    0x82, 0xe8, 0x82, 0xe8, 0x82, 0xe8, 0x82, 0xe8, 0xa2, 0xf0, 0xa2, 0xf0,
    0xa2, 0xe8, 0xa2, 0xe8, 0xa2, 0xf0, 0xa2, 0xe8, 0x82, 0xe8, 0xa2, 0xe8,
    0x82, 0xe8, 0x81, 0xe8, 0xa2, 0xe8, 0x82, 0xe8, 0x82, 0xe8, 0x82, 0xe8,
    0x82, 0xe8, 0x82, 0xe8, 0x82, 0xe8, 0x81, 0xe8, 0x82, 0xe8, 0x81, 0xe8,
    0x82, 0xe8, 0x82, 0xe8, 0x82, 0xe8, 0x82, 0xe8, 0xa2, 0xe8, 0x81, 0xe8,
    0x82, 0xe8, 0xa2, 0xf0, 0xa1, 0xe8, 0x82, 0xe8, 0xa2, 0xe8, 0x81, 0xe8,
    0x81, 0xe8, 0x81, 0xe8, 0x81, 0xf0, 0xa2, 0xe8, 0xa2, 0xf0, 0xa2, 0xf0,
    0x82, 0xe8, 0xa2, 0xf0, 0x81, 0xe8, 0x82, 0xe8, 0xa2, 0xf0, 0x81, 0xe8,
    0x82, 0xe8, 0xa2, 0xf0, 0x82, 0xe8, 0xa2, 0xf0, 0x81, 0xe8, 0x81, 0xe8,
    0x82, 0xe8, 0x82, 0xe8, 0x81, 0xe8, 0xa2, 0xe8, 0x82, 0xe8, 0x81, 0xe8,
    0xa2, 0xe8, 0xa2, 0xe8, 0x81, 0xe8, 0xa2, 0xf0, 0xa2, 0xe8, 0x81, 0xe8,
    0xa2, 0xe8, 0xa2, 0xf0, 0x82, 0xf0, 0xa1, 0xe8, 0x81, 0xe8, 0x82, 0xe8,
    0x82, 0xe8, 0xa2, 0xe8, 0xa1, 0xe8, 0xa2, 0xe8, 0x82, 0xe8, 0xa1, 0xe8,
    0xa1, 0xe8, 0x82, 0xe8, 0x81, 0xe8, 0x81, 0xe8, 0x82, 0xe8, 0x82, 0xe8,
    0x81, 0xe8, 0x81, 0xe8, 0x82, 0xe8, 0x81, 0xe8, 0x82, 0xe8, 0x82, 0xe8,
    0xa1, 0xe8, 0xa2, 0xe8, 0x82, 0xe8, 0xa1, 0xe8, 0xa2, 0xe8, 0x81, 0xe8,
    0x81, 0xf0, 0xa2, 0xf0, 0xa2, 0xe8, 0x81, 0xf0, 0x82, 0xe8, 0xa1, 0xe8,
    0x82, 0xf0, 0x82, 0xe8, 0xa1, 0xe8, 0xa2, 0xe8, 0x82, 0xe8, 0x81, 0xe8,
    0xa2, 0xe8, 0x82, 0xe8, 0x81, 0xe8, 0xa2, 0xf0, 0xa2, 0xe8, 0x81, 0xe8,
    0x82, 0xe8, 0x82, 0xe8, 0x81, 0xe8, 0x82, 0xe8, 0x81, 0xe8, 0x81, 0xe8,
    0x82, 0xe8, 0x81, 0xe8, 0x82, 0xe8, 0x61, 0xe8, 0x81, 0xe8, 0x62, 0xe8,
    0x81, 0xe8, 0x81, 0xe8, 0x82, 0xe8, 0x81, 0xe8, 0x82, 0xe8, 0x82, 0xe8,
    0xa1, 0xe8, 0xa2, 0xe8, 0x82, 0xf0, 0xa2, 0xe8, 0x81, 0xf0, 0x81, 0xe8,
    0x82, 0xe8, 0xa1, 0xe8, 0xa2, 0xe8, 0x82, 0xe8, 0x81, 0xe8, 0x82, 0xe8,
    0x82, 0xe8, 0xa1, 0xe8, 0xa2, 0xe8, 0xa2, 0xe8, 0xa2, 0xf0, 0x82, 0xf0,
    0x82, 0xe8, 0x82, 0xf0, 0xa2, 0xf0, 0xa2, 0xf0, 0x81, 0xe8, 0xa2, 0xe8,
    0x82, 0xe8, 0x82, 0xe8, 0xa1, 0xf0, 0xa1, 0xf0, 0xa2, 0xe8, 0xa2, 0xf0,
    0xa1, 0xf0, 0xa2, 0xf0, 0x81, 0xe8, 0x82, 0xe8, 0x82, 0xe8, 0xa1, 0xe8,
    0xa2, 0xf0, 0xa2, 0xf0, 0xa1, 0xe8, 0x82, 0xe8, 0xa2, 0xf0, 0x82, 0xf0,
    0xa2, 0xf0, 0xa2, 0xe8, 0xa2, 0xf0, 0x82, 0xe8, 0xa2, 0xf0, 0x81, 0xe8,
    0xa2, 0xe8, 0x82, 0xe8, 0xa2, 0xf0, 0xa2, 0xf0, 0x82, 0xe8, 0xa2, 0xe8,
    0x81, 0xe8, 0x82, 0xf0, 0xa1, 0xe8, 0xa2, 0xf0, 0x81, 0xe8, 0x82, 0xe8,
    0xa2, 0xf0, 0x81, 0xe8, 0x81, 0xe8, 0xa2, 0xf0, 0x82, 0xf0, 0xa2, 0xe8,
    0xa1, 0xe8, 0x82, 0xe8, 0x82, 0xe8, 0x81, 0xe8, 0x82, 0xf0, 0x82, 0xe8,
    0x81, 0xe8, 0xa2, 0xe8, 0x82, 0xf0, 0x81, 0xe8, 0x82, 0xf0, 0x82, 0xe8,
    0x82, 0xf0, 0x81, 0xe8, 0x82, 0xe8, 0x81, 0xf0, 0xa2, 0xe8, 0x82, 0xf0,
    0x82, 0xe8, 0xa1, 0xe8, 0xa2, 0xe8, 0x82, 0xf0, 0x81, 0xe8, 0xa2, 0xe8,
    0x82, 0xf0, 0x82, 0xe8, 0xa1, 0xf0, 0xa2, 0xe8, 0xa2, 0xf0, 0xa2, 0xf0,
    0x82, 0xe8, 0x81, 0xe8, 0x82, 0xf0, 0x82, 0xe8, 0x81, 0xe8, 0x81, 0xe8,
    0x82, 0xe8, 0x81, 0xf0, 0x82, 0xe8, 0x81, 0xe8, 0x82, 0xf0, 0x82, 0xe8,
    0x81, 0xe8, 0x81, 0xe8, 0x81, 0xe8, 0x82, 0xe8, 0xa2, 0xf0, 0x81, 0xf0,
    0xa2, 0xe8, 0xa1, 0xe8, 0x82, 0xf0, 0xa2, 0xe8, 0x82, 0xf0, 0x81, 0xe8,
    0x82, 0xe8, 0x81, 0xe8, 0x82, 0xe8, 0x82, 0xf0, 0x81, 0xe8, 0xa2, 0xe8,
    0xa2, 0xf0, 0x81, 0xe8, 0xa2, 0xf0, 0xa2, 0xf0, 0x82, 0xe8, 0xa2, 0xe8,
    0x82, 0xf0, 0x81, 0xe8, 0xa2, 0xf0, 0xa1, 0xe8, 0x81, 0xe8, 0xa2, 0xe8,
    0xa2, 0xe8, 0x81, 0xe8, 0x81, 0xf0, 0xa2, 0xf0, 0xa2, 0xe8, 0x81, 0xe8,
    0x82, 0xf0, 0xa2, 0xe8, 0xa1, 0xf0, 0xa2, 0xf0, 0xa2, 0xe8, 0xa2, 0xf0,
    0xa2, 0xf0, 0xa2, 0xf0, 0x82, 0xe8, 0xa1, 0xe8, 0x81, 0xe8, 0x82, 0xf0,
    0x81, 0xe8, 0x81, 0xe8, 0x82, 0xe8, 0x81, 0xe8, 0x82, 0xf0, 0x82, 0xe8,
    0x81, 0xe8, 0x82, 0xf0, 0x82, 0xe8, 0x81, 0xf0, 0x82, 0xf0, 0xa2, 0xf0,
    0x82, 0xf0, 0x81, 0xf0, 0xa2, 0xe8, 0xa2, 0xf0, 0x82, 0xe8, 0x82, 0xe8,
    0xa2, 0xf0, 0xa2, 0xf0, 0x81, 0xe8, 0x82, 0xf0, 0x82, 0xe8, 0xa1, 0xe8,
    0xa2, 0xe8, 0x81, 0xe8, 0x82, 0xf0, 0x82, 0xf0, 0x82, 0xf0, 0x81, 0xe8,
    0x82, 0xf0, 0xa1, 0xe8, 0x81, 0xe8, 0x82, 0xe8, 0x81, 0xe8, 0x82, 0xe8,
    0xa2, 0xe8, 0xa1, 0xf0, 0xa2, 0xe8, 0xa1, 0xe8, 0xa2, 0xe8, 0xa2, 0xf0,
    0x81, 0xe8, 0xa1, 0xe8, 0xa2, 0xe8, 0x82, 0xe8, 0xa2, 0xe8, 0xa2, 0xe8,
    0x82, 0xe8, 0x82, 0xe8, 0x82, 0xe8, 0x82, 0xe8, 0x82, 0xe8, 0x82, 0xe8,
    0x82, 0xe8, 0x82, 0xe8, 0x82, 0xe8, 0x81, 0xe8, 0xa1, 0xe8, 0x81, 0xe8,
    0xa2, 0xe8, 0xa2, 0xe8, 0xa2, 0xe8, 0xa1, 0xe8, 0x82, 0xe8, 0x81, 0xe8,
    0x82, 0xf0, 0x81, 0xe8, 0x81, 0xf0, 0x81, 0xe8, 0xa2, 0xf0, 0x81, 0xf0,
    0xa2, 0xe8, 0x82, 0xe8, 0x81, 0xf0, 0xa2, 0xe8, 0x82, 0xe8, 0x82, 0xf0,
    0x81, 0xe8, 0xa2, 0xf0, 0xa2, 0xf0, 0x81, 0xe8, 0x82, 0xe8, 0x82, 0xe8,
    0x81, 0xf0, 0x82, 0xe8, 0x82, 0xe8, 0x82, 0xe8, 0x81, 0xe8, 0x81, 0xe8,
    0x82, 0xe8, 0x81, 0xe8, 0xa2, 0xf0, 0x81, 0xe8, 0x81, 0xe8, 0x82, 0xe8,
    0xa2, 0xe8, 0x81, 0xe8, 0xa2, 0xe8, 0x82, 0xf0, 0x82, 0xe8, 0xa2, 0xe8,
    0x81, 0xe8, 0x82, 0xe8, 0x82, 0xe8, 0x82, 0xe8, 0xa2, 0xe8, 0x82, 0xe8,
    0x82, 0xf0, 0x82, 0xe8, 0xa2, 0xe8, 0xa1, 0xe8, 0x82, 0xf0, 0x81, 0xf0,
    0x82, 0xe8, 0x81, 0xe8, 0x81, 0xe8, 0x82, 0xe8, 0x81, 0xe8, 0x81, 0xe8,
    0x82, 0xe8, 0xa2, 0xe8, 0xa1, 0xf0, 0x81, 0xe8, 0x82, 0xe8, 0xa1, 0xf0,
    0xa2, 0xe8, 0x81, 0xe8, 0xa1, 0xe8, 0x82, 0xe8, 0xa1, 0xf0, 0xa1, 0xf0,
    0xa2, 0xf0, 0xa2, 0xf0, 0xa2, 0xe8, 0x81, 0xf0, 0xa2, 0xe8, 0xa2, 0xe8,
    0x82, 0xf0, 0x81, 0xf0, 0xa2, 0xe8, 0x82, 0xf0, 0x81, 0xe8, 0x81, 0xe8,
    0x82, 0xf0, 0x81, 0xe8, 0x82, 0xf0, 0x81, 0xe8, 0x82, 0xe8, 0x82, 0xe8,
    0x81, 0xe8, 0x82, 0xe8, 0x82, 0xe8, 0x82, 0xe8, 0x81, 0xe8, 0x81, 0xe8,
    0x82, 0xe8, 0x82, 0xe8, 0x61, 0xe8, 0x81, 0xe8, 0x82, 0xe8, 0x82, 0xe8,
    0x82, 0xe8, 0x81, 0xe8, 0x81, 0xe8, 0x81, 0xe8, 0xa2, 0xe8, 0xa1, 0xe8,
    0xa2, 0xe8, 0x82, 0xf0, 0x82, 0xe8, 0xa1, 0xe8, 0x81, 0xe8, 0x82, 0xe8,
    0x81, 0xe8, 0x81, 0xe8, 0xa2, 0xe8, 0x82, 0xe8, 0x81, 0xe8, 0x81, 0xe8,
    0x81, 0xe8, 0xa2, 0xe8, 0x81, 0xf0, 0x81, 0xe8, 0x82, 0xe8, 0x82, 0xf0,
    0xa2, 0xe8, 0x81, 0xe8, 0xa2, 0xe8, 0xa2, 0xe8, 0x81, 0xf0, 0x82, 0xe8,
    0x82, 0xe8, 0x82, 0xf0, 0xa2, 0xe8, 0xa2, 0xf0, 0xa2, 0xf0, 0x82, 0xe8,
    0x81, 0xf0, 0xa2, 0xe8, 0xa2, 0xf0, 0xa2, 0xf0, 0x82, 0xe8, 0x82, 0xe8,
    0xa2, 0xf0, 0x81, 0xe8, 0x82, 0xe8, 0xa2, 0xf0, 0x81, 0xf0, 0x82, 0xe8,
    0xa2, 0xf0, 0x82, 0xf0, 0x81, 0xe8, 0x81, 0xe8, 0xa2, 0xf0, 0xa2, 0xf0,
    0x81, 0xe8, 0xa2, 0xf0, 0xa2, 0xf0, 0x81, 0xe8, 0x82, 0xe8, 0x82, 0xf0,
    0x81, 0xe8, 0x82, 0xe8, 0xa2, 0xf0, 0xa2, 0xf0, 0x82, 0xe8, 0xa1, 0xf0,
    0x82, 0xe8, 0x82, 0xe8, 0xa2, 0xf0, 0xa1, 0xe8, 0x82, 0xe8, 0xa2, 0xf0,
    0xa1, 0xe8, 0xa2, 0xe8, 0x82, 0xe8, 0xa1, 0xe8, 0x82, 0xe8, 0x82, 0xe8,
    0x81, 0xf0, 0x82, 0xe8, 0x81, 0xe8, 0x82, 0xe8, 0x81, 0xe8, 0x81, 0xe8,
    0x81, 0xe8, 0x82, 0xe8, 0xa2, 0xf0, 0x82, 0xe8, 0xa1, 0xe8, 0xa2, 0xf0,
    0x82, 0xe8, 0xa1, 0xf0, 0x82, 0xe8, 0x82, 0xe8, 0xa2, 0xf0, 0xa2, 0xf0,
    0x82, 0xe8, 0xa2, 0xe8, 0xa2, 0xf0, 0xa2, 0xf0, 0xa2, 0xf0, 0x82, 0xf0,
    0x82, 0xe8, 0x82, 0xf0, 0x81, 0xf0, 0x81, 0xe8, 0x82, 0xe8, 0x81, 0xe8,
    0x82, 0xf0, 0x82, 0xe8, 0x81, 0xe8, 0x82, 0xe8, 0x82, 0xe8, 0xa1, 0xe8,
    0x82, 0xe8, 0x82, 0xf0, 0xa1, 0xf0, 0x82, 0xe8, 0x82, 0xf0, 0xa1, 0xf0,
    0x82, 0xe8, 0x82, 0xe8, 0x81, 0xe8, 0x81, 0xe8, 0xa2, 0xe8, 0x81, 0xe8,
    0x81, 0xf0, 0xa2, 0xe8, 0xa2, 0xe8, 0x81, 0xf0, 0x82, 0xe8, 0xa2, 0xe8,
    0x82, 0xf0, 0x82, 0xf0, 0xa1, 0xe8, 0x82, 0xf0, 0xa2, 0xf0, 0xa2, 0xf0,
    0x81, 0xe8, 0xa1, 0xf0, 0xa2, 0xe8, 0x81, 0xe8, 0x82, 0xf0, 0xa2, 0xe8,
    0x81, 0xf0, 0xa2, 0xf0, 0xa2, 0xe8, 0x82, 0xf0, 0x82, 0xe8, 0xa1, 0xe8,
    0x82, 0xf0, 0xa2, 0xe8, 0x81, 0xe8, 0x82, 0xf0, 0x82, 0xf0, 0xa2, 0xe8,
    0x82, 0xf0, 0x82, 0xe8, 0x81, 0xe8, 0x82, 0xe8, 0x82, 0xf0, 0x81, 0xe8,
    0x82, 0xe8, 0x82, 0xf0, 0x81, 0xe8, 0xa2, 0xf0, 0xa2, 0xf0, 0xa2, 0xe8,
    0xa2, 0xf0, 0xa2, 0xe8, 0xa2, 0xf0, 0xa2, 0xf0, 0xa2, 0xf0, 0xa2, 0xf0,
    0xa2, 0xf0, 0xa2, 0xe8, 0x81, 0xe8, 0xa2, 0xf0, 0x82, 0xe8, 0x81, 0xe8,
    0xa2, 0xf0, 0xa2, 0xe8, 0x81, 0xe8, 0x82, 0xf0, 0xa2, 0xe8, 0xa2, 0xf0,
    0xa2, 0xe8, 0xa2, 0xe8, 0xa2, 0xf0, 0x81, 0xe8, 0x81, 0xe8, 0x82, 0xe8,
    0x82, 0xe8, 0x82, 0xe8, 0x81, 0xe8, 0x82, 0xe8, 0x82, 0xe8, 0xa2, 0xe8,
    0xa1, 0xe8, 0x82, 0xe8, 0x81, 0xe8, 0xa2, 0xe8, 0x81, 0xe8, 0xa2, 0xe8,
    0x82, 0xe8, 0xa1, 0xe8, 0x82, 0xe8, 0xa2, 0xe8, 0x82, 0xe8, 0x82, 0xe8,
    0x82, 0xe8, 0x82, 0xe8, 0x81, 0xe8, 0x82, 0xe8, 0x82, 0xe8, 0xa2, 0xe8,
    0x81, 0xe8, 0x81, 0xe8, 0xa2, 0xe8, 0x82, 0xe8, 0xa1, 0xf0, 0xa2, 0xf0,
    0x82, 0xe8, 0x82, 0xe8, 0x81, 0xf0, 0x82, 0xe8, 0x81, 0xf0, 0xa1, 0xe8,
    0xa2, 0xe8, 0xa2, 0xf0, 0xa2, 0xf0, 0x82, 0xf0, 0xa2, 0xf0, 0xa2, 0xf0,
    0xa2, 0xf0, 0xa1, 0xe8, 0x82, 0xf0, 0xa2, 0xe8, 0x82, 0xf0, 0xa1, 0xf0,
    0x81, 0xe8, 0x82, 0xe8, 0x82, 0xf0, 0x82, 0xe8, 0xa1, 0xe8, 0x81, 0xe8,
    0x82, 0xe8, 0x82, 0xe8, 0xa1, 0xe8, 0xa2, 0xe8, 0x82, 0xe8, 0xa2, 0xe8,
    0x82, 0xe8, 0xa1, 0xe8, 0x82, 0xe8, 0xa2, 0xf0, 0xa2, 0xe8, 0x81, 0xf0,
    0xa2, 0xf0, 0xa2, 0xe8, 0x81, 0xe8, 0x82, 0xf0, 0x82, 0xe8, 0x82, 0xe8,
    0x82, 0xe8, 0xa2, 0xe8, 0xa2, 0xe8, 0x82, 0xe8, 0x81, 0xe8, 0xa2, 0xe8,
    0xa2, 0xe8, 0x82, 0xe8, 0x82, 0xe8, 0x82, 0xe8, 0x81, 0xe8, 0x82, 0xe8,
    0x82, 0xe8, 0x82, 0xe8, 0xa1, 0xe8, 0x82, 0xe8, 0x82, 0xf0, 0xa2, 0xf0,
    0xa2, 0xe8, 0x82, 0xe8, 0x82, 0xe8, 0xa1, 0xe8, 0x81, 0xe8, 0x82, 0xf0,
    0x82, 0xe8, 0x81, 0xe8, 0x82, 0xe8, 0x82, 0xf0, 0x81, 0xe8, 0x82, 0xe8,
    0x81, 0xe8, 0x82, 0xe8, 0x82, 0xe8, 0xa2, 0xf0, 0xa2, 0xf0, 0x81, 0xe8,
    0xa2, 0xe8, 0xa2, 0xf0, 0xa2, 0xf0, 0xa2, 0xe8, 0x81, 0xe8, 0xa2, 0xe8,
    0x82, 0xe8, 0x81, 0xe8, 0x81, 0xe8, 0x82, 0xe8, 0x82, 0xe8, 0x81, 0xe8,
    0x81, 0xe8, 0x82, 0xe8, 0x82, 0xe8, 0x82, 0xe8, 0x81, 0xe8, 0x82, 0xe8,
    0x82, 0xf0, 0xa2, 0xe8, 0x82, 0xe8, 0xa2, 0xf0, 0xa2, 0xe8, 0x82, 0xe8,
    0x81, 0xe8, 0xa2, 0xe8, 0x82, 0xe8, 0xa2, 0xe8, 0x81, 0xf0, 0xa2, 0xe8,
    0xa2, 0xe8, 0xa2, 0xe8, 0xa2, 0xe8, 0xa1, 0xe8, 0x82, 0xe8, 0xa2, 0xe8,
    0xa2, 0xf0, 0xa2, 0xe8, 0x82, 0xe8, 0xa2, 0xe8, 0xa1, 0xf0, 0xa2, 0xe8,
    0xa1, 0xf0, 0xa2, 0xe8, 0x82, 0xf0, 0xa1, 0xe8, 0xa2, 0xe8, 0xa2, 0xe8,
    0xa1, 0xf0, 0xa2, 0xe8, 0xa2, 0xf0, 0x81, 0xe8, 0xa2, 0xf0, 0xa1, 0xe8,
    0x82, 0xe8, 0xa2, 0xf0, 0xa2, 0xf0, 0x81, 0xe8, 0xa2, 0xf0, 0xa2, 0xe8,
    0xa2, 0xf0, 0x81, 0xf0, 0xa2, 0xe8, 0xa1, 0xe8, 0x82, 0xf0, 0xa2, 0xe8,
    0x81, 0xe8, 0xa2, 0xf0, 0xa2, 0xe8, 0x82, 0xf0, 0xa2, 0xf0, 0xa2, 0xe8,
    0x81, 0xf0, 0x82, 0xe8, 0xa2, 0xf0, 0x82, 0xf0, 0xa2, 0xe8, 0x81, 0xe8,
    0x82, 0xf0, 0x82, 0xe8, 0xa1, 0xf0, 0xa1, 0xf0, 0x82, 0xe8, 0xa2, 0xf0,
    0x82, 0xe8, 0xa2, 0xe8, 0xa2, 0xf0, 0x82, 0xf0, 0x81, 0xe8, 0xa2, 0xe8,
    0x82, 0xf0, 0xa2, 0xf0, 0xa1, 0xe8, 0xa2, 0xe8, 0x82, 0xe8, 0xa1, 0xf0,
    0x82, 0xe8, 0x81, 0xe8, 0xa2, 0xf0, 0xa2, 0xe8, 0x81, 0xf0, 0x82, 0xe8,
    0x81, 0xe8, 0x82, 0xe8, 0xa2, 0xf0, 0xa2, 0xf0, 0x82, 0xf0, 0x82, 0xe8,
    0xa1, 0xe8, 0xa2, 0xf0, 0xa2, 0xf0, 0xa2, 0xe8, 0xa2, 0xf0, 0xa1, 0xf0,
    0xa2, 0xe8, 0xa2, 0xf0, 0xa2, 0xe8, 0xa2, 0xe8, 0xa2, 0xf0, 0xa2, 0xf0,
    0xa2, 0xe8, 0x81, 0xe8, 0x82, 0xe8, 0x82, 0xf0, 0x82, 0xe8, 0x82, 0xe8,
    0xa2, 0xf0, 0xa2, 0xf0, 0xa2, 0xe8, 0x81, 0xe8, 0x81, 0xe8, 0x82, 0xe8,
    0x81, 0xe8, 0xa2, 0xe8, 0x82, 0xf0, 0x82, 0xe8, 0xa1, 0xe8, 0x81, 0xe8,
    0x82, 0xf0, 0xa2, 0xe8, 0xa2, 0xf0, 0xa1, 0xe8, 0x82, 0xe8, 0xa2, 0xe8,
    0x82, 0xf0, 0x82, 0xe8, 0x82, 0xf0, 0xa2, 0xf0, 0x82, 0xe8, 0xa2, 0xf0,
    0x81, 0xf0, 0xa1, 0xe8, 0xa2, 0xf0, 0x82, 0xe8, 0xa2, 0xe8, 0xa2, 0xf0,
    0xa2, 0xf0, 0xa2, 0xe8, 0x82, 0xf0, 0x81, 0xf0, 0xa2, 0xf0, 0xa2, 0xe8,
    0x82, 0xe8, 0x82, 0xf0, 0xa2, 0xf0, 0xa2, 0xf0, 0x81, 0xe8, 0x82, 0xf0,
    0xa2, 0xf0, 0x81, 0xe8, 0x82, 0xf0, 0xa2, 0xf0, 0xa2, 0xe8, 0x81, 0xe8,
    0xa1, 0xf0, 0xa2, 0xf0, 0x82, 0xe8, 0x81, 0xf0, 0xa2, 0xf0, 0xa2, 0xf0,
    0xa2, 0xf0, 0xa2, 0xf0, 0xa2, 0xf0, 0xa2, 0xf0, 0xa2, 0xe8, 0xa2, 0xf0,
    0xa2, 0xf0, 0xa1, 0xe8, 0xa2, 0xf0, 0xa2, 0xf0, 0xa2, 0xe8, 0xa1, 0xf0,
    0xa2, 0xe8, 0x82, 0xf0, 0x82, 0xf0, 0xa1, 0xe8, 0xa2, 0xf0, 0xa2, 0xf0,
    0x82, 0xe8, 0xa2, 0xf0, 0xa2, 0xe8, 0xa2, 0xe8, 0x82, 0xf0, 0xa1, 0xf0,
    0xa2, 0xe8, 0xa1, 0xe8, 0xa2, 0xf0, 0xa2, 0xf0, 0xa2, 0xe8, 0x82, 0xe8,
    0x81, 0xe8, 0x82, 0xe8, 0x82, 0xe8, 0x82, 0xe8, 0x81, 0xf0, 0xa2, 0xe8,
    0xa2, 0xf0, 0xa2, 0xf0, 0x82, 0xe8, 0xa2, 0xe8, 0xa2, 0xf0, 0xa2, 0xe8,
    0xa1, 0xe8, 0x82, 0xe8, 0x81, 0xe8, 0xa1, 0xe8, 0xa2, 0xe8, 0xa2, 0xe8,
    0xa1, 0xe8, 0x82, 0xe8, 0xa1, 0xe8, 0xa2, 0xe8, 0x82, 0xe8, 0x82, 0xe8,
    0xa2, 0xe8, 0xa2, 0xe8, 0xa2, 0xe8, 0xa2, 0xf0, 0xa2, 0xe8, 0xa2, 0xe8,
    0xa2, 0xf0, 0x82, 0xe8, 0xa2, 0xe8, 0xa2, 0xe8, 0x81, 0xe8, 0x82, 0xe8,
    0x81, 0xf0, 0x81, 0xf0, 0x81, 0xe8, 0xa2, 0xf0, 0xa2, 0xe8, 0x81, 0xe8,
    0xa2, 0xf0, 0xa2, 0xe8, 0xa1, 0xf0, 0xa1, 0xf0, 0x81, 0xe8, 0x82, 0xe8,
    0xa2, 0xe8, 0x82, 0xf0, 0x82, 0xe8, 0xa1, 0xf0, 0x82, 0xe8, 0x82, 0xf0,
    0xa2, 0xf0, 0x81, 0xe8, 0x82, 0xe8, 0xa1, 0xe8, 0xa2, 0xf0, 0x82, 0xe8,
    0xa1, 0xe8, 0x82, 0xe8, 0xa2, 0xe8, 0xa1, 0xe8, 0x81, 0xe8, 0x82, 0xe8,
    0xa2, 0xe8, 0xa2, 0xe8, 0xa2, 0xe8, 0xa2, 0xe8, 0x81, 0xe8, 0xa2, 0xf0,
    0xa1, 0xe8, 0xa2, 0xe8, 0x82, 0xe8, 0xa1, 0xe8, 0xa1, 0xe8, 0x82, 0xe8,
    0x81, 0xe8, 0xa2, 0xe8, 0x81, 0xe8, 0x81, 0xe8, 0xa2, 0xe8, 0xa2, 0xe8,
    0x81, 0xe8, 0x81, 0xe8, 0xa2, 0xe8, 0x82, 0xf0, 0x81, 0xf0, 0x82, 0xe8,
    0xa2, 0xf0, 0x82, 0xe8, 0xa1, 0xe8, 0xa2, 0xe8, 0x82, 0xf0, 0xa2, 0xf0,
    0xa2, 0xf0, 0xa1, 0xf0, 0xa2, 0xe8, 0xa1, 0xe8, 0x81, 0xf0, 0xa2, 0xe8,
    0xa1, 0xf0, 0xa1, 0xf0, 0x82, 0xe8, 0xa1, 0xe8, 0x82, 0xf0, 0xa2, 0xe8,
    0x81, 0xe8, 0x82, 0xe8, 0xa2, 0xe8, 0x82, 0xe8, 0x82, 0xf0, 0xa2, 0xf0,
    0xa2, 0xe8, 0xa2, 0xe8, 0xa1, 0xe8, 0x81, 0xe8, 0x82, 0xe8, 0x81, 0xe8,
    0x81, 0xe8, 0x82, 0xe8, 0x81, 0xe8, 0x81, 0xe8, 0x81, 0xe8, 0x81, 0xe8,
    0x81, 0xe8, 0xa1, 0xe8, 0xa2, 0xe8, 0x81, 0xe8, 0xa1, 0xe8, 0x82, 0xe8,
    0xa2, 0xe8, 0xa1, 0xe8, 0x82, 0xf0, 0x82, 0xe8, 0x81, 0xf0, 0x81, 0xe8,
    0x82, 0xf0, 0x82, 0xe8, 0x81, 0xe8, 0x82, 0xe8, 0xa2, 0xf0, 0x81, 0xe8,
    0x82, 0xe8, 0xa1, 0xe8, 0xa1, 0xf0, 0xa2, 0xe8, 0x82, 0xe8, 0xa1, 0xf0,
    0xa1, 0xe8, 0xa1, 0xf0, 0x82, 0xe8, 0x81, 0xf0, 0xa2, 0xe8, 0xa1, 0xe8,
    0x81, 0xe8, 0xa2, 0xe8, 0xa1, 0xe8, 0xa1, 0xe8, 0xa2, 0xe8, 0x81, 0xe8,
    0x81, 0xe8, 0xa1, 0xe8, 0x82, 0xf0, 0x82, 0xe8, 0xa2, 0xf0, 0xa1, 0xe8,
    0x81, 0xe8, 0xa2, 0xe8, 0xa1, 0xe8, 0xa2, 0xf0, 0x82, 0xe8, 0x82, 0xe8,
    0xa2, 0xf0, 0x82, 0xe8, 0xa2, 0xf0, 0x81, 0xe8, 0x82, 0xe8, 0xa1, 0xf0,
    0x82, 0xe8, 0xa2, 0xf0, 0x82, 0xe8, 0xa1, 0xe8, 0x82, 0xf0, 0x82, 0xe8,
    0xa1, 0xe8, 0xa2, 0xf0, 0x82, 0xe8, 0x81, 0xe8, 0xa2, 0xf0, 0xa1, 0xf0,
    0xa1, 0xe8, 0x82, 0xf0, 0xa1, 0xe8, 0xa1, 0xe8, 0xa2, 0xf0, 0xa2, 0xe8,
    0xa1, 0xe8, 0x82, 0xe8, 0x82, 0xe8, 0xa1, 0xe8, 0x81, 0xf0, 0xa1, 0xe8,
    0xa1, 0xe8, 0xa2, 0xf0, 0x82, 0xe8, 0xa2, 0xf0, 0x81, 0xe8, 0xa2, 0xe8,
    0x82, 0xe8, 0x81, 0xf0, 0x82, 0xe8, 0x82, 0xf0, 0xa2, 0xf0, 0x81, 0xe8,
    0xa2, 0xe8, 0xa1, 0xf0, 0x81, 0xe8, 0x81, 0xe8, 0xa2, 0xf0, 0xa1, 0xe8,
    0xa1, 0xe8, 0xa2, 0xe8, 0x82, 0xe8, 0xa1, 0xe8, 0xa2, 0xf0, 0xa2, 0xf0,
    0xa1, 0xe8, 0xa2, 0xf0, 0xa2, 0xf0, 0xa2, 0xf0, 0xa1, 0xe8, 0xa2, 0xf0,
    0xa2, 0xf0, 0xa2, 0xe8, 0x81, 0xe8, 0x81, 0xf0, 0x82, 0xe8, 0x82, 0xe8,
    0x81, 0xe8, 0x82, 0xe8, 0x81, 0xe8, 0xa2, 0xe8, 0x82, 0xf0, 0xa2, 0xf0,
    0x82, 0xe8, 0xa1, 0xf0, 0xa2, 0xe8, 0xa2, 0xe8, 0x82, 0xf0, 0x81, 0xe8,
    0xa2, 0xe8, 0x81, 0xe8, 0x81, 0xe8, 0x82, 0xe8, 0xa2, 0xf0, 0xa1, 0xe8,
    0x82, 0xf0, 0xa2, 0xf0, 0xa2, 0xe8, 0x81, 0xf0, 0x81, 0xe8, 0xa2, 0xf0,
    0x82, 0xe8, 0x81, 0xe8, 0xa2, 0xf0, 0xa2, 0xe8, 0x82, 0xe8, 0xa2, 0xf0,
    0x82, 0xe8, 0xa2, 0xf0, 0xa1, 0xf0, 0x82, 0xe8, 0xa2, 0xe8, 0xa2, 0xf0,
    0x82, 0xe8, 0xa2, 0xe8, 0xa2, 0xf0, 0x81, 0xe8, 0xa1, 0xe8, 0xa2, 0xf0,
    0xa2, 0xf0, 0xa1, 0xe8, 0x81, 0xe8, 0xa2, 0xf0, 0xa2, 0xf0, 0xa2, 0xe8,
    0x82, 0xe8, 0xa2, 0xe8, 0x81, 0xe8, 0xa2, 0xe8, 0xa2, 0xf0, 0xa2, 0xf0,
    0xa2, 0xe8, 0x82, 0xf0, 0xa2, 0xf0, 0xa1, 0xe8, 0x81, 0xf0, 0xa2, 0xf0,
    0xa1, 0xe8, 0xa1, 0xf0, 0xa2, 0xe8, 0x81, 0xe8, 0xa2, 0xf0, 0xa2, 0xf0,
    0xa2, 0xf0, 0xa2, 0xf0, 0x81, 0xe8, 0xa2, 0xe8, 0xa2, 0xf0, 0xa1, 0xe8,
    0x81, 0xe8, 0xa2, 0xe8, 0xa2, 0xe8, 0xa2, 0xe8, 0xa2, 0xe8, 0x82, 0xf0,
    0x82, 0xe8, 0xa2, 0xe8, 0x81, 0xe8, 0x81, 0xe8, 0xa1, 0xe8, 0x82, 0xe8,
    0x82, 0xe8, 0x81, 0xe8, 0x82, 0xe8, 0x81, 0xe8, 0xa2, 0xe8, 0xa2, 0xe8,
    0xa2, 0xf0, 0xa2, 0xe8, 0xa2, 0xe8, 0x82, 0xe8, 0xa2, 0xe8, 0xa2, 0xe8,
    0x82, 0xe8, 0xa1, 0xe8, 0x81, 0xe8, 0xa2, 0xe8, 0x81, 0xe8, 0xa1, 0xe8,
    0xa1, 0xe8, 0x81, 0xe8, 0x81, 0xe8, 0x82, 0xe8, 0xa2, 0xe8, 0xa2, 0xe8,
    0x82, 0xf0, 0x82, 0xf0, 0x81, 0xe8, 0x81, 0xf0, 0xa2, 0xf0, 0xa2, 0xf0,
    0x81, 0xe8, 0x82, 0xf0, 0x81, 0xf0, 0x82, 0xf0, 0x81, 0xe8, 0x81, 0xf0,
    0x82, 0xe8, 0xa2, 0xf0, 0x82, 0xe8, 0x82, 0xe8, 0xa2, 0xf0, 0xa2, 0xf0,
    0xa2, 0xf0, 0xa2, 0xf0, 0xa2, 0xe8, 0x82, 0xf0, 0x81, 0xe8, 0x82, 0xe8,
    0x82, 0xe8, 0x82, 0xe8, 0x81, 0xf0, 0xa2, 0xf0, 0x82, 0xf0, 0xa2, 0xe8,
    0x81, 0xe8, 0x82, 0xf0, 0xa1, 0xe8, 0x81, 0xe8, 0x82, 0xf0, 0xa2, 0xe8,
    0xa2, 0xf0, 0xa2, 0xe8, 0xa1, 0xe8, 0xa2, 0xe8, 0xa2, 0xf0, 0xa1, 0xe8,
    0x82, 0xf0, 0x82, 0xf0, 0x82, 0xe8, 0xa1, 0xe8, 0x82, 0xe8, 0x81, 0xe8,
    0x82, 0xe8, 0xa2, 0xe8, 0xa2, 0xf0, 0x82, 0xe8, 0xa2, 0xe8, 0xa1, 0xf0,
    0xa2, 0xe8, 0x82, 0xe8, 0x81, 0xe8, 0x81, 0xe8, 0x82, 0xe8, 0x82, 0xf0,
    0xa2, 0xf0, 0xa1, 0xe8, 0x82, 0xe8, 0x82, 0xf0, 0xa1, 0xe8, 0xa2, 0xe8,
    0xa2, 0xf0, 0xa2, 0xf0, 0xa2, 0xe8, 0x81, 0xe8, 0xa2, 0xf0, 0xa2, 0xf0,
    0x81, 0xf0, 0xa2, 0xf0, 0x81, 0xe8, 0x81, 0xe8, 0xa2, 0xf0, 0xa2, 0xf0,
    0x81, 0xe8, 0x81, 0xe8, 0x82, 0xf0, 0xa1, 0xe8, 0xa1, 0xe8, 0x82, 0xe8,
    0x81, 0xf0, 0xa2, 0xf0, 0x82, 0xf0, 0xa2, 0xe8, 0xa2, 0xe8, 0x82, 0xe8,
    0xa2, 0xe8, 0xa2, 0xe8, 0x82, 0xe8, 0x81, 0xe8, 0x82, 0xe8, 0x82, 0xe8,
    0x81, 0xe8, 0x82, 0xe8, 0x82, 0xe8, 0x81, 0xe8, 0x82, 0xf0, 0x82, 0xe8,
    0x81, 0xe8, 0x81, 0xf0, 0xa2, 0xe8, 0x81, 0xe8, 0xa2, 0xe8, 0xa2, 0xe8,
    0xa2, 0xf0, 0xa2, 0xf0, 0xa2, 0xe8, 0x82, 0xf0, 0xa1, 0xf0, 0x82, 0xf0,
    0xa2, 0xe8, 0xa2, 0xe8, 0x81, 0xe8, 0x82, 0xe8, 0xa1, 0xe8, 0xa2, 0xe8,
    0x81, 0xe8, 0xa1, 0xe8, 0xa2, 0xe8, 0x82, 0xf0, 0x82, 0xf0, 0xa2, 0xe8,
    0xa1, 0xe8, 0xa2, 0xe8, 0x81, 0xe8, 0x81, 0xf0, 0xa2, 0xe8, 0xa1, 0xe8,
    0xa2, 0xf0, 0x81, 0xe8, 0xa2, 0xe8, 0xa2, 0xe8, 0xa1, 0xf0, 0xa1, 0xe8,
    0xa2, 0xf0, 0xa2, 0xf0, 0xa2, 0xf0, 0xa2, 0xe8, 0x82, 0xe8, 0xa2, 0xf0,
    0x82, 0xf0, 0xa1, 0xe8, 0xa2, 0xe8, 0x82, 0xf0, 0xa1, 0xf0, 0xa2, 0xe8,
    0xa2, 0xf0, 0xa2, 0xf0, 0xa2, 0xf0, 0xa2, 0xf0, 0x82, 0xe8, 0xa1, 0xf0,
    0xa2, 0xe8, 0x82, 0xf0, 0x82, 0xf0, 0xa2, 0xf0, 0xa2, 0xe8, 0xa2, 0xf0,
    0x82, 0xe8, 0xa1, 0xe8, 0xa1, 0xf0, 0xa2, 0xe8, 0x82, 0xe8, 0x81, 0xe8,
    0x82, 0xf0, 0xa2, 0xf0, 0xa2, 0xe8, 0xa2, 0xf0, 0xa2, 0xe8, 0xa2, 0xe8,
    0x81, 0xe8, 0xa2, 0xe8, 0xa2, 0xe8, 0xa2, 0xe8, 0xa2, 0xe8, 0x82, 0xe8,
    0x81, 0xe8, 0x81, 0xe8, 0xa2, 0xe8, 0xa2, 0xe8, 0x81, 0xe8, 0xa2, 0xf0,
    0x82, 0xe8, 0x82, 0xe8, 0xa2, 0xf0, 0xa2, 0xf0, 0x81, 0xe8, 0xa2, 0xe8,
    0xa2, 0xe8, 0xa1, 0xe8, 0x82, 0xe8, 0xa2, 0xe8, 0xa2, 0xe8, 0xa2, 0xe8,
    0xa2, 0xf0, 0x82, 0xf0, 0xa2, 0xe8, 0x82, 0xe8, 0xa2, 0xf0, 0xa2, 0xf0,
    0xa2, 0xf0, 0xa2, 0xe8, 0x81, 0xf0, 0x82, 0xf0, 0x82, 0xe8, 0x81, 0xe8,
    0x82, 0xe8, 0xa1, 0xe8, 0x82, 0xe8, 0x81, 0xe8, 0x81, 0xe8, 0xa2, 0xe8,
    0xa2, 0xf0, 0x81, 0xe8, 0xa2, 0xf0, 0xa1, 0xf0, 0xa2, 0xe8, 0xa2, 0xe8,
    0x81, 0xe8, 0x82, 0xe8, 0xa2, 0xe8, 0xa1, 0xe8, 0xa2, 0xe8, 0xa1, 0xe8,
    0x81, 0xe8, 0x82, 0xf0, 0xa2, 0xe8, 0xa2, 0xf0, 0xa2, 0xf0, 0xa2, 0xe8,
    0xa1, 0xf0, 0x82, 0xf0, 0xa2, 0xf0, 0xa2, 0xf0, 0xa2, 0xf0, 0xa2, 0xf0,
    0x81, 0xe8, 0xa2, 0xe8, 0x82, 0xf0, 0x81, 0xe8, 0xa2, 0xf0, 0xa2, 0xf0,
    0xa2, 0xe8, 0xa2, 0xf0, 0xa2, 0xf0, 0xa1, 0xf0, 0x82, 0xe8, 0x81, 0xf0,
    0x81, 0xf0, 0xa2, 0xf0, 0xa2, 0xf0, 0xa2, 0xf0, 0xa2, 0xf0, 0x81, 0xe8,
    0xa2, 0xf0, 0x82, 0xe8, 0xa2, 0xf0, 0xa2, 0xf0, 0xa2, 0xf0, 0x82, 0xe8,
    0xa2, 0xf0, 0xa2, 0xe8, 0x82, 0xf0, 0xa2, 0xe8, 0xa2, 0xf0, 0xa1, 0xf0,
    0xa2, 0xe8, 0xa2, 0xf0, 0xa2, 0xf0, 0xa2, 0xf0, 0xa1, 0xf0, 0xa2, 0xe8,
    0xa2, 0xf0, 0x82, 0xe8, 0x82, 0xe8, 0x81, 0xe8, 0xa2, 0xf0, 0x82, 0xe8,
    0xa2, 0xf0, 0xa2, 0xf0, 0xa2, 0xe8, 0x82, 0xe8, 0xa2, 0xe8, 0xa1, 0xf0,
    0xa2, 0xe8, 0xa2, 0xf0, 0xa1, 0xe8, 0xa2, 0xe8, 0x82, 0xe8, 0x81, 0xe8,
    0xa2, 0xe8, 0xa2, 0xe8, 0xa2, 0xf0, 0xa1, 0xe8, 0x81, 0xe8, 0xa2, 0xe8,
    0xa2, 0xe8, 0xa1, 0xe8, 0xa2, 0xf0, 0xa2, 0xe8, 0x81, 0xe8, 0x81, 0xe8,
    0xa2, 0xe8, 0x81, 0xe8, 0x82, 0xe8, 0xa2, 0xe8, 0xa2, 0xe8, 0x82, 0xe8,
    0xa2, 0xf0, 0x82, 0xe8, 0x82, 0xe8, 0xa2, 0xe8, 0xa2, 0xe8, 0xa2, 0xf0,
    0x81, 0xf0, 0x81, 0xf0, 0xa2, 0xf0, 0xa2, 0xf0, 0xa2, 0xe8, 0x82, 0xe8,
    0x82, 0xf0, 0xa2, 0xf0, 0x82, 0xe8, 0xa2, 0xf0, 0x81, 0xf0, 0x82, 0xf0,
    0x81, 0xf0, 0x82, 0xf0, 0xa2, 0xe8, 0xa2, 0xf0, 0x81, 0xf0, 0xa1, 0xe8,
    0xa2, 0xf0, 0xa2, 0xe8, 0xa2, 0xf0, 0xa2, 0xf0, 0x81, 0xe8, 0x82, 0xf0,
    0x81, 0xf0, 0x82, 0xe8, 0x82, 0xf0, 0x82, 0xe8, 0xa2, 0xe8, 0xa2, 0xf0,
    0x82, 0xe8, 0x82, 0xf0, 0xa2, 0xe8, 0xa1, 0xe8, 0x82, 0xe8, 0xa2, 0xe8,
    0x81, 0xe8, 0x82, 0xe8, 0xa2, 0xe8, 0xa1, 0xf0, 0x82, 0xe8, 0xa2, 0xe8,
    0x81, 0xe8, 0x81, 0xe8, 0xa2, 0xe8, 0xa2, 0xe8, 0x81, 0xe8, 0xa2, 0xe8,
    0x82, 0xf0, 0x82, 0xe8, 0x82, 0xe8, 0xa2, 0xf0, 0xa2, 0xe8, 0x81, 0xe8,
    0x82, 0xe8, 0xa2, 0xe8, 0x81, 0xe8, 0x82, 0xe8, 0x82, 0xe8, 0x81, 0xe8,
    0xa2, 0xe8, 0x82, 0xe8, 0xa2, 0xf0, 0x81, 0xe8, 0xa2, 0xf0, 0xa2, 0xe8,
    0xa2, 0xe8, 0xa2, 0xe8, 0xa1, 0xe8, 0xa1, 0xe8, 0xa2, 0xe8, 0xa2, 0xf0,
    0xa1, 0xf0, 0x82, 0xe8, 0x81, 0xe8, 0xa2, 0xf0, 0x82, 0xe8, 0x81, 0xe8,
    0xa2, 0xf0, 0xa2, 0xe8, 0x81, 0xf0, 0x82, 0xe8, 0x82, 0xf0, 0xa2, 0xe8,
    0x81, 0xe8, 0xa2, 0xf0, 0xa2, 0xe8, 0x81, 0xe8, 0xa2, 0xf0, 0xa2, 0xe8,
    0xa2, 0xf0, 0x82, 0xf0, 0x81, 0xe8, 0xa2, 0xe8, 0xa2, 0xe8, 0xa2, 0xe8,
    0xa2, 0xe8, 0x82, 0xe8, 0x82, 0xe8, 0x82, 0xe8, 0x82, 0xe8, 0x81, 0xf0,
    0x82, 0xe8, 0x82, 0xe8, 0x82, 0xe8, 0x82, 0xf0, 0xa2, 0xe8, 0xa2, 0xe8,
    0x81, 0xf0, 0xa2, 0xe8, 0x82, 0xe8, 0x81, 0xf0, 0xa2, 0xe8, 0x81, 0xe8,
    0xa2, 0xf0, 0xa2, 0xe8, 0xa2, 0xe8, 0xa2, 0xf0, 0xa2, 0xe8, 0x82, 0xf0,
    0xa1, 0xe8, 0xa2, 0xe8, 0xa2, 0xf0, 0xa1, 0xe8, 0xa2, 0xe8, 0x81, 0xf0,
    0xa2, 0xe8, 0x82, 0xf0, 0x81, 0xf0, 0xa2, 0xe8, 0xa2, 0xf0, 0x81, 0xf0,
    0xa2, 0xe8, 0xa2, 0xf0, 0xa1, 0xe8, 0xa2, 0xe8, 0xa2, 0xf0, 0xa2, 0xe8,
    0xa1, 0xe8, 0xa2, 0xe8, 0xa2, 0xf0, 0x81, 0xf0, 0xa2, 0xf0, 0xa2, 0xe8,
    0xa2, 0xf0, 0x82, 0xe8, 0xa1, 0xf0, 0xa2, 0xe8, 0x82, 0xe8, 0x81, 0xf0,
    0x82, 0xe8, 0xa2, 0xf0, 0xa2, 0xf0, 0x82, 0xe8, 0xa2, 0xe8, 0xa2, 0xf0,
    0x81, 0xf0, 0x82, 0xe8, 0xa2, 0xe8, 0xa1, 0xe8, 0x82, 0xe8, 0x81, 0xe8,
    0x81, 0xe8, 0xa2, 0xf0, 0x82, 0xf0, 0xa1, 0xe8, 0x81, 0xf0, 0x82, 0xe8,
    0xa1, 0xe8, 0x82, 0xf0, 0xa2, 0xe8, 0xa2, 0xe8, 0xa1, 0xe8, 0xa2, 0xe8,
    0xa2, 0xf0, 0xa1, 0xe8, 0xa2, 0xe8, 0xa1, 0xf0, 0xa2, 0xe8, 0xa2, 0xe8,
    0xa2, 0xf0, 0xa1, 0xf0, 0x82, 0xe8, 0x82, 0xe8, 0xa1, 0xe8, 0x82, 0xe8,
    0xa1, 0xe8, 0xa2, 0xe8, 0x81, 0xf0, 0xa1, 0xe8, 0x81, 0xe8, 0xa2, 0xe8,
    0xa1, 0xe8, 0xa2, 0xf0, 0xa1, 0xe8, 0xa2, 0xe8, 0x82, 0xf0, 0x81, 0xe8,
    0xa1, 0xe8, 0xa2, 0xf0, 0xa1, 0xf0, 0xa2, 0xe8, 0xa2, 0xf0, 0x82, 0xf0,
    0x81, 0xe8, 0x82, 0xe8, 0x82, 0xe8, 0x81, 0xe8, 0xa2, 0xe8, 0xa2, 0xf0,
    0xa2, 0xf0, 0xa2, 0xf0, 0x81, 0xe8, 0xa2, 0xe8, 0x82, 0xe8, 0xa2, 0xe8,
    0x82, 0xe8, 0x82, 0xf0, 0xa2, 0xe8, 0x82, 0xe8, 0xa2, 0xf0, 0xa1, 0xf0,
    0x82, 0xe8, 0xa2, 0xe8, 0xa1, 0xf0, 0xa2, 0xf0, 0x82, 0xe8, 0x82, 0xe8,
    0x82, 0xf0, 0xa2, 0xf0, 0x82, 0xf0, 0x81, 0xe8, 0x81, 0xe8, 0xa2, 0xf0,
    0x81, 0xf0, 0xa2, 0xf0, 0xa2, 0xf0, 0xa1, 0xf0, 0xa2, 0xe8, 0xa2, 0xf0,
    0x82, 0xe8, 0xa2, 0xf0, 0x81, 0xf0, 0xa1, 0xe8, 0xa2, 0xf0, 0x81, 0xe8,
    0xa2, 0xf0, 0xa2, 0xf0, 0x81, 0xe8, 0x82, 0xe8, 0xa1, 0xf0, 0xa1, 0xf0,
    0x82, 0xe8, 0xa2, 0xf0, 0x81, 0xf0, 0x82, 0xe8, 0xa2, 0xf0, 0xa1, 0xf0,
    0xa2, 0xe8, 0xa2, 0xf0, 0xa1, 0xf0, 0x81, 0xe8, 0x82, 0xf0, 0xa2, 0xf0,
    0xa2, 0xf0, 0xa2, 0xf0, 0xa1, 0xe8, 0xa2, 0xf0, 0xa2, 0xf0, 0xa1, 0xe8,
    0xa1, 0xe8, 0xa1, 0xe8, 0xa2, 0xe8, 0xa1, 0xf0, 0x82, 0xe8, 0xa2, 0xf0,
    0x81, 0xf0, 0xa2, 0xe8, 0xa2, 0xf0, 0xa2, 0xf0, 0x81, 0xe8, 0x82, 0xf0,
    0xa2, 0xf0, 0xa1, 0xe8, 0xa2, 0xe8, 0xa2, 0xe8, 0xa2, 0xe8, 0xa1, 0xf0,
    0x82, 0xe8, 0x81, 0xe8, 0xa2, 0xf0, 0xa2, 0xe8, 0xa1, 0xe8, 0x82, 0xe8,
    0xa2, 0xe8, 0x81, 0xf0, 0x82, 0xe8, 0x81, 0xe8, 0xa2, 0xf0, 0x82, 0xf0,
    0xa2, 0xe8, 0xa2, 0xf0, 0xa2, 0xf0, 0xa2, 0xe8, 0xa2, 0xe8, 0xa2, 0xf0,
    0xa2, 0xe8, 0xa2, 0xe8, 0xa2, 0xe8, 0xa2, 0xe8, 0xa2, 0xe8, 0x81, 0xe8,
    0x82, 0xf0, 0xa2, 0xe8, 0x82, 0xe8, 0xa2, 0xe8, 0xa2, 0xe8, 0xa2, 0xe8,
    0xa2, 0xf0, 0xa2, 0xf0, 0xa2, 0xe8, 0xa2, 0xf0, 0xa2, 0xe8, 0xa2, 0xf0,
    0xa1, 0xe8, 0x82, 0xe8, 0xa2, 0xf0, 0x81, 0xe8, 0xa1, 0xe8, 0x81, 0xf0,
    0x81, 0xf0, 0x81, 0xf0, 0x82, 0xe8, 0x82, 0xf0, 0x81, 0xe8, 0xa2, 0xe8,
    0x82, 0xf0, 0xa1, 0xe8, 0xa2, 0xf0, 0xa2, 0xf0, 0x82, 0xe8, 0xa2, 0xf0,
    0x82, 0xf0, 0x82, 0xf0, 0x81, 0xe8, 0xa1, 0xe8, 0x81, 0xf0, 0x82, 0xe8,
    0xa2, 0xf0, 0x81, 0xe8, 0xa2, 0xf0, 0x82, 0xf0, 0xa2, 0xf0, 0x82, 0xf0,
    0x82, 0xe8, 0xa2, 0xe8, 0xa1, 0xe8, 0x81, 0xe8, 0x82, 0xe8, 0xa2, 0xe8,
    0xa2, 0xf0, 0xa2, 0xe8, 0x81, 0xe8, 0x82, 0xe8, 0xa2, 0xe8, 0xa2, 0xf0,
    0x81, 0xe8, 0xa2, 0xe8, 0xa1, 0xe8, 0x82, 0xe8, 0x82, 0xe8, 0xa1, 0xe8,
    0xa2, 0xe8, 0x82, 0xf0, 0xa1, 0xe8, 0x82, 0xe8, 0xa1, 0xe8, 0xa2, 0xf0,
    0x81, 0xe8, 0x81, 0xe8, 0x81, 0xe8, 0xa2, 0xe8, 0x82, 0xf0, 0x82, 0xe8,
    0xa2, 0xf0, 0x81, 0xe8, 0x81, 0xe8, 0xa2, 0xf0, 0x82, 0xe8, 0xa1, 0xe8,
    0xa2, 0xe8, 0x82, 0xf0, 0xa2, 0xf0, 0x81, 0xe8, 0xa1, 0xe8, 0xa2, 0xf0,
    0x81, 0xf0, 0x82, 0xe8, 0xa1, 0xf0, 0xa1, 0xe8, 0xa2, 0xf0, 0xa2, 0xf0,
    0x81, 0xe8, 0x82, 0xe8, 0xa2, 0xe8, 0x82, 0xf0, 0xa2, 0xe8, 0x82, 0xe8,
    0xa2, 0xf0, 0xa2, 0xf0, 0xa1, 0xe8, 0xa2, 0xf0, 0x81, 0xe8, 0x81, 0xe8,
    0x81, 0xe8, 0x82, 0xe8, 0x81, 0xf0, 0xa2, 0xe8, 0x81, 0xf0, 0x81, 0xe8,
    0xa2, 0xf0, 0x82, 0xe8, 0x81, 0xe8, 0xa1, 0xf0, 0x82, 0xf0, 0x81, 0xe8,
    0xa2, 0xe8, 0xa2, 0xf0, 0x82, 0xf0, 0xa2, 0xe8, 0x81, 0xf0, 0xa2, 0xf0,
    0x82, 0xe8, 0x81, 0xe8, 0x82, 0xf0, 0x82, 0xf0, 0xa1, 0xe8, 0xa2, 0xe8,
    0x82, 0xf0, 0x81, 0xf0, 0xa1, 0xe8, 0xa2, 0xe8, 0x81, 0xf0, 0x82, 0xe8,
    0xa1, 0xe8, 0xa1, 0xe8, 0xa1, 0xf0, 0x81, 0xe8, 0xa2, 0xe8, 0xa1, 0xe8,
    0xa1, 0xf0, 0x82, 0xe8, 0x82, 0xe8, 0xa2, 0xf0, 0xa1, 0xe8, 0xa1, 0xe8,
    0x82, 0xe8, 0xa1, 0xf0, 0x81, 0xe8, 0xa2, 0xe8, 0xa2, 0xe8, 0xa1, 0xe8,
    0xa1, 0xf0, 0x82, 0xe8, 0xa2, 0xf0, 0x82, 0xe8, 0x82, 0xe8, 0xa2, 0xf0,
    0xa2, 0xf0, 0x82, 0xe8, 0xa2, 0xe8, 0xa2, 0xf0, 0x82, 0xf0, 0xa2, 0xe8,
    0xa2, 0xf0, 0xa2, 0xf0, 0x82, 0xe8, 0xa2, 0xe8, 0xa2, 0xe8, 0xa1, 0xe8,
    0xa2, 0xe8, 0x82, 0xe8, 0x81, 0xe8, 0xa2, 0xf0, 0x81, 0xe8, 0xa1, 0xf0,
    0xa2, 0xf0, 0x81, 0xe8, 0xa2, 0xf0, 0x82, 0xe8, 0x82, 0xf0, 0xa2, 0xf0,
    0x81, 0xe8, 0x81, 0xe8, 0xa2, 0xe8, 0xa2, 0xf0, 0xa1, 0xf0, 0x81, 0xe8,
    0xa1, 0xe8, 0xa2, 0xe8, 0x82, 0xe8, 0xa1, 0xe8, 0xa2, 0xe8, 0x82, 0xe8,
    0x81, 0xe8, 0xa2, 0xe8, 0xa2, 0xf0, 0xa1, 0xe8, 0xa1, 0xf0, 0xa1, 0xe8,
    0xa1, 0xe8, 0xa2, 0xe8, 0x81, 0xe8, 0xa2, 0xf0, 0xa2, 0xe8, 0xa2, 0xe8,
    0xa2, 0xf0, 0x81, 0xe8, 0xa1, 0xe8, 0xa2, 0xf0, 0x81, 0xf0, 0xa2, 0xe8,
    0xa2, 0xf0, 0xa2, 0xf0, 0x81, 0xe8, 0xa2, 0xf0, 0xa2, 0xf0, 0x82, 0xf0,
    0x82, 0xe8, 0xa1, 0xe8, 0x82, 0xf0, 0x82, 0xe8, 0x81, 0xf0, 0xa2, 0xf0,
    0x82, 0xe8, 0xa1, 0xe8, 0xa2, 0xf0, 0xa2, 0xf0, 0x81, 0xf0, 0x82, 0xe8,
    0xa2, 0xf0, 0x81, 0xe8, 0x81, 0xf0, 0xa2, 0xe8, 0xa2, 0xe8, 0xa2, 0xe8,
    0xa1, 0xe8, 0x81, 0xe8, 0x82, 0xf0, 0xa2, 0xe8, 0xa2, 0xe8, 0x82, 0xe8,
    0xa2, 0xf0, 0xa1, 0xe8, 0x81, 0xe8, 0x82, 0xf0, 0xa2, 0xf0, 0xa1, 0xf0,
    0x82, 0xf0, 0x82, 0xf0, 0xa2, 0xe8, 0xa2, 0xf0, 0x81, 0xe8, 0x82, 0xf0,
    0xa2, 0xe8, 0x82, 0xe8, 0xa1, 0xf0, 0xa2, 0xf0, 0x82, 0xe8, 0x82, 0xe8,
    0xa2, 0xf0, 0x81, 0xe8, 0xa1, 0xf0, 0x82, 0xe8, 0x81, 0xe8, 0xa1, 0xf0,
    0xa2, 0xf0, 0x82, 0xf0, 0xa1, 0xe8, 0xa2, 0xf0, 0xa1, 0xf0, 0x81, 0xe8,
    0xa2, 0xe8, 0xa2, 0xe8, 0x81, 0xf0, 0xa2, 0xe8, 0x82, 0xf0, 0xa2, 0xf0,
    0xa2, 0xe8, 0xa2, 0xe8, 0x82, 0xe8, 0xa1, 0xe8, 0xa2, 0xf0, 0xa1, 0xf0,
    0xa1, 0xe8, 0x82, 0xe8, 0xa2, 0xf0, 0xa1, 0xf0, 0x82, 0xe8, 0xa2, 0xf0,
    0xa2, 0xe8, 0x82, 0xf0, 0xa2, 0xf0, 0xa2, 0xf0, 0x82, 0xe8, 0xa1, 0xe8,
    0xa2, 0xe8, 0xa2, 0xe8, 0xa1, 0xe8, 0xa1, 0xe8, 0xa1, 0xe8, 0xa2, 0xe8,
    0xa2, 0xf0, 0x81, 0xe8, 0xa2, 0xe8, 0xa2, 0xe8, 0x81, 0xf0, 0x82, 0xf0,
    0x82, 0xe8, 0xa2, 0xf0, 0xa2, 0xe8, 0xa1, 0xe8, 0xa2, 0xf0, 0xa2, 0xe8,
    0xa2, 0xe8, 0xa2, 0xf0, 0x81, 0xe8, 0xa2, 0xe8, 0xa2, 0xe8, 0xa1, 0xe8,
    0xa2, 0xe8, 0x81, 0xf0, 0xa2, 0xf0, 0xa1, 0xe8, 0xa1, 0xe8, 0xa2, 0xe8,
    0xa1, 0xf0, 0x81, 0xe8, 0xa2, 0xf0, 0x82, 0xf0, 0xa2, 0xe8, 0xa2, 0xf0,
    0x82, 0xe8, 0xa2, 0xf0, 0x81, 0xf0, 0xa2, 0xf0, 0x82, 0xe8, 0xa2, 0xf0,
    0x82, 0xe8, 0xa1, 0xf0, 0x81, 0xf0, 0x81, 0xf0, 0x82, 0xe8, 0x81, 0xe8,
    0xa2, 0xf0, 0x82, 0xf0, 0xa2, 0xe8, 0xa1, 0xf0, 0xa2, 0xf0, 0x82, 0xe8,
    0xa2, 0xe8, 0xa2, 0xf0, 0xa2, 0xf0, 0x82, 0xe8, 0x82, 0xf0, 0xa2, 0xf0,
    0x82, 0xe8, 0xa2, 0xf0, 0xa1, 0xe8, 0x82, 0xf0, 0xa1, 0xe8, 0xa2, 0xe8,
    0x81, 0xe8, 0xa2, 0xe8, 0xa2, 0xe8, 0xa2, 0xf0, 0xa2, 0xe8, 0xa2, 0xf0,
    0xa2, 0xe8, 0xa1, 0xe8, 0xa2, 0xe8, 0xa2, 0xf0, 0x82, 0xe8, 0xa1, 0xe8,
    0xa2, 0xf0, 0x82, 0xe8, 0x82, 0xe8, 0xa1, 0xe8, 0xa2, 0xe8, 0x81, 0xe8,
    0xa1, 0xe8, 0xa2, 0xf0, 0xa2, 0xe8, 0xa2, 0xe8, 0x81, 0xe8, 0xa2, 0xe8,
    0x82, 0xe8, 0x82, 0xe8, 0xa2, 0xe8, 0x82, 0xe8, 0xa2, 0xe8, 0x81, 0xe8,
    0xa2, 0xe8, 0x81, 0xe8, 0x82, 0xf0, 0xa2, 0xf0, 0x81, 0xe8, 0xa2, 0xe8,
    0xa2, 0xf0, 0x81, 0xe8, 0x81, 0xf0, 0xa2, 0xf0, 0xa2, 0xe8, 0x82, 0xf0,
    0x82, 0xf0, 0xa1, 0xe8, 0xa1, 0xf0, 0x82, 0xf0, 0xa1, 0xe8, 0x81, 0xe8,
    0x82, 0xf0, 0x81, 0xe8, 0xa2, 0xe8, 0xa2, 0xf0, 0x81, 0xe8, 0x81, 0xe8,
    0x82, 0xf0, 0xa2, 0xf0, 0xa2, 0xf0, 0xa2, 0xe8, 0xa2, 0xf0, 0xa2, 0xf0,
    0xa2, 0xe8, 0xa2, 0xe8, 0x82, 0xf0, 0x81, 0xf0, 0x82, 0xe8, 0xa2, 0xf0,
    0xa2, 0xf0, 0x81, 0xe8, 0xa2, 0xf0, 0x82, 0xe8, 0x81, 0xe8, 0x82, 0xf0,
    0xa2, 0xe8, 0xa2, 0xf0, 0x81, 0xf0, 0xa2, 0xe8, 0xa2, 0xf0, 0xa2, 0xf0,
    0xa2, 0xe8, 0x82, 0xf0, 0xa2, 0xf0, 0xa2, 0xe8, 0x82, 0xf0, 0xa2, 0xe8,
    0x81, 0xe8, 0x82, 0xf0, 0xa2, 0xe8, 0x82, 0xf0, 0xa1, 0xf0, 0x81, 0xe8,
    0x81, 0xe8, 0xa1, 0xe8, 0xa2, 0xe8, 0x82, 0xf0, 0x82, 0xf0, 0xa1, 0xe8,
    0x81, 0xe8, 0x82, 0xe8, 0x81, 0xe8, 0x81, 0xe8, 0xa2, 0xf0, 0xa2, 0xe8,
    0x82, 0xe8, 0xa2, 0xe8, 0xa2, 0xe8, 0x82, 0xf0, 0x81, 0xf0, 0xa2, 0xe8,
    0xa2, 0xf0, 0xa2, 0xf0, 0xa2, 0xf0, 0xa2, 0xf0, 0xa2, 0xf0, 0xa2, 0xf0,
    0x81, 0xe8, 0x81, 0xf0, 0xa2, 0xf0, 0xa2, 0xf0, 0x81, 0xe8, 0xa2, 0xf0,
    0xa2, 0xf0, 0xa1, 0xe8, 0xa2, 0xf0, 0xa2, 0xe8, 0xa2, 0xf0, 0xa2, 0xf0,
    0xa1, 0xe8, 0xa2, 0xf0, 0xa2, 0xe8, 0x81, 0xe8, 0xa2, 0xe8, 0xa2, 0xe8,
    0x82, 0xe8, 0xa1, 0xf0, 0xa2, 0xf0, 0xa2, 0xf0, 0xa2, 0xf0, 0xa1, 0xf0,
    0x82, 0xe8, 0x82, 0xf0, 0x82, 0xe8, 0x81, 0xe8, 0xa2, 0xe8, 0xa2, 0xe8,
    0x81, 0xe8, 0xa2, 0xe8, 0xa2, 0xf0, 0xa2, 0xf0, 0xa2, 0xe8, 0x81, 0xe8,
    0xa2, 0xe8, 0xa1, 0xe8, 0xa2, 0xf0, 0xa2, 0xe8, 0xa2, 0xf0, 0x82, 0xe8,
    0x82, 0xf0, 0x82, 0xf0, 0xa2, 0xe8, 0xa1, 0xe8, 0xa1, 0xe8, 0xa2, 0xe8,
    0x82, 0xe8, 0xa1, 0xe8, 0xa2, 0xe8, 0xa1, 0xe8, 0xa2, 0xe8, 0xa1, 0xe8,
    0x82, 0xe8, 0x82, 0xf0, 0xa2, 0xf0, 0xa2, 0xe8, 0xa2, 0xf0, 0x81, 0xe8,
    0xa2, 0xf0, 0xa2, 0xf0, 0xa2, 0xf0, 0x81, 0xe8, 0xa2, 0xe8, 0xa2, 0xf0,
    0x82, 0xe8, 0x81, 0xe8, 0xa2, 0xf0, 0x81, 0xf0, 0xa2, 0xe8, 0x82, 0xe8,
    0xa1, 0xf0, 0xa2, 0xf0, 0x82, 0xe8, 0xa2, 0xf0, 0xa2, 0xe8, 0xa2, 0xe8,
    0xa2, 0xe8, 0xa2, 0xe8, 0x81, 0xe8, 0xa2, 0xe8, 0xa2, 0xf0, 0x81, 0xe8,
    0x81, 0xe8, 0x82, 0xf0, 0xa2, 0xf0, 0xa1, 0xe8, 0xa2, 0xf0, 0xa1, 0xf0,
    0xa2, 0xf0, 0xa2, 0xf0, 0xa1, 0xf0, 0x82, 0xf0, 0xa1, 0xe8, 0x82, 0xe8,
    0xa2, 0xf0, 0xa1, 0xf0, 0xa2, 0xf0, 0xa2, 0xf0, 0x82, 0xe8, 0xa2, 0xe8,
    0xa2, 0xf0, 0x81, 0xf0, 0xa2, 0xe8, 0x81, 0xf0, 0x82, 0xf0, 0x82, 0xf0,
    0xa2, 0xf0, 0xa2, 0xf0, 0xa1, 0xf0, 0x82, 0xf0, 0xa2, 0xf0, 0xa1, 0xe8,
    0xa2, 0xf0, 0x82, 0xe8, 0xa2, 0xf0, 0xa2, 0xf0, 0xa2, 0xe8, 0xa2, 0xf0,
    0x82, 0xf0, 0xa2, 0xe8, 0xa2, 0xe8, 0x82, 0xe8, 0xa1, 0xf0, 0xa1, 0xe8,
    0xa2, 0xe8, 0xa2, 0xe8, 0xa2, 0xf0, 0xa1, 0xf0, 0x81, 0xe8, 0xa2, 0xf0,
    0xa2, 0xf0, 0xa2, 0xe8, 0x81, 0xe8, 0xa2, 0xe8, 0xa2, 0xf0, 0xa2, 0xf0,
    0xa2, 0xf0, 0xa2, 0xe8, 0x82, 0xf0, 0xa2, 0xe8, 0x81, 0xe8, 0x81, 0xe8,
    0xa2, 0xf0, 0xa2, 0xe8, 0xa2, 0xe8, 0xa2, 0xf0, 0xa2, 0xe8, 0xa2, 0xe8,
    0x82, 0xf0, 0xa2, 0xe8, 0xa2, 0xf0, 0xa2, 0xf0, 0x82, 0xe8, 0x81, 0xe8,
    0x82, 0xf0, 0xa2, 0xe8, 0xa2, 0xf0, 0xa2, 0xe8, 0xa1, 0xe8, 0xa2, 0xf0,
    0x82, 0xf0, 0xa2, 0xe8, 0x82, 0xf0, 0x82, 0xf0, 0xa2, 0xe8, 0xa2, 0xf0,
    0x82, 0xf0, 0xa2, 0xe8, 0xa2, 0xe8, 0x82, 0xe8, 0xa2, 0xf0, 0xa2, 0xf0,
    0x81, 0xe8, 0x82, 0xf0, 0x82, 0xe8, 0x82, 0xe8, 0xa2, 0xf0, 0x81, 0xe8,
    0xa2, 0xf0, 0x81, 0xe8, 0x81, 0xf0, 0x82, 0xf0, 0x81, 0xf0, 0x82, 0xf0,
    0x82, 0xf0, 0x81, 0xe8, 0xa2, 0xe8, 0x82, 0xf0, 0xa2, 0xf0, 0xa2, 0xe8,
    0xa2, 0xf0, 0xa2, 0xf0, 0xa2, 0xf0, 0xa1, 0xe8, 0xa2, 0xe8, 0x82, 0xe8,
    0xa2, 0xf0, 0xa2, 0xe8, 0x82, 0xe8, 0xa2, 0xf0, 0x82, 0xe8, 0x82, 0xf0,
    0xa2, 0xf0, 0xa2, 0xf0, 0xa2, 0xf0, 0xa2, 0xe8, 0xa1, 0xe8, 0xa1, 0xe8,
    0x82, 0xe8, 0xa2, 0xe8, 0xa2, 0xf0, 0x81, 0xf0, 0xa2, 0xf0, 0xa2, 0xf0,
    0x82, 0xe8, 0x82, 0xe8, 0x81, 0xf0, 0xa2, 0xe8, 0x81, 0xe8, 0x82, 0xf0,
    0xa2, 0xe8, 0x82, 0xe8, 0x82, 0xe8, 0xa2, 0xf0, 0xa1, 0xe8, 0xa2, 0xe8,
    0x82, 0xe8, 0x82, 0xf0, 0x82, 0xf0, 0x82, 0xe8, 0x81, 0xf0, 0x82, 0xf0,
    0xa2, 0xe8, 0x81, 0xe8, 0xa2, 0xe8, 0xa2, 0xe8, 0xa2, 0xf0, 0x82, 0xf0,
    0xa2, 0xe8, 0xa2, 0xe8, 0xa2, 0xf0, 0xa2, 0xe8, 0xa2, 0xf0, 0xa2, 0xe8,
    0xa2, 0xf0, 0x82, 0xf0, 0xa1, 0xe8, 0x82, 0xe8, 0x82, 0xe8, 0xa2, 0xf0,
    0xa1, 0xe8, 0x82, 0xf0, 0x81, 0xf0, 0x81, 0xe8, 0xa1, 0xf0, 0x81, 0xf0,
    0x82, 0xf0, 0xa2, 0xe8, 0x81, 0xf0, 0x81, 0xe8, 0x81, 0xe8, 0xa2, 0xf0,
    0x82, 0xe8, 0xa2, 0xf0, 0x82, 0xf0, 0xa2, 0xe8, 0xa2, 0xf0, 0xa2, 0xe8,
    0x82, 0xe8, 0xa2, 0xf0, 0x82, 0xe8, 0x81, 0xe8, 0xa1, 0xf0, 0xa1, 0xf0,
    0xa2, 0xe8, 0x82, 0xe8, 0x81, 0xe8, 0xa2, 0xf0, 0x82, 0xe8, 0x81, 0xe8,
    0xa2, 0xf0, 0xa2, 0xf0, 0x81, 0xe8, 0x82, 0xe8, 0xa2, 0xf0, 0xa1, 0xe8,
    0x82, 0xf0, 0xa2, 0xe8, 0x82, 0xf0, 0xa2, 0xf0, 0xa1, 0xe8, 0xa1, 0xf0,
    0x82, 0xf0, 0xa2, 0xf0, 0xa2, 0xf0, 0xa2, 0xf0, 0xa1, 0xf0, 0x82, 0xe8,
    0xa2, 0xf0, 0xa2, 0xf0, 0x82, 0xe8, 0xa2, 0xe8, 0xa2, 0xf0, 0x82, 0xf0,
    0xa1, 0xe8, 0xa1, 0xe8, 0x82, 0xe8, 0xa2, 0xf0, 0xa2, 0xe8, 0xa2, 0xe8,
    0xa1, 0xf0, 0xa2, 0xf0, 0x81, 0xe8, 0x81, 0xe8, 0xa2, 0xf0, 0x82, 0xe8,
    0xa2, 0xf0, 0xa2, 0xf0, 0xa2, 0xe8, 0x82, 0xe8, 0xa2, 0xf0, 0xa2, 0xf0,
    0x81, 0xe8, 0xa2, 0xf0, 0xa2, 0xf0, 0x82, 0xe8, 0xa2, 0xe8, 0xa1, 0xe8,
    0x82, 0xf0, 0xa2, 0xe8, 0x82, 0xe8, 0xa2, 0xe8, 0xa2, 0xf0, 0xa2, 0xf0,
    0xa2, 0xe8, 0xa2, 0xe8, 0x82, 0xf0, 0x81, 0xe8, 0xa2, 0xe8, 0xa2, 0xf0,
    0xa1, 0xe8, 0xa1, 0xf0, 0xa2, 0xe8, 0xa2, 0xe8, 0xa2, 0xf0, 0xa2, 0xf0,
    0xa2, 0xf0, 0xa1, 0xf0, 0xa2, 0xe8, 0xa2, 0xe8, 0xa2, 0xf0, 0xa1, 0xe8,
    0xa2, 0xe8, 0xa2, 0xf0, 0x81, 0xe8, 0x82, 0xe8, 0xa2, 0xe8, 0xa2, 0xe8,
    0xa2, 0xe8, 0xa2, 0xe8, 0xa1, 0xe8, 0xa1, 0xe8, 0xa1, 0xe8, 0xa2, 0xf0,
    0xa2, 0xe8, 0xa2, 0xe8, 0xa2, 0xf0, 0x82, 0xe8, 0xa2, 0xe8, 0x81, 0xf0,
    0x82, 0xf0, 0xa2, 0xe8, 0x82, 0xf0, 0x81, 0xe8, 0xa2, 0xf0, 0xa2, 0xf0,
    0xa2, 0xe8, 0x82, 0xe8, 0x81, 0xe8, 0xa2, 0xe8, 0xa2, 0xf0, 0x82, 0xf0,
    0xa2, 0xe8, 0xa2, 0xf0, 0x82, 0xf0, 0x81, 0xe8, 0x82, 0xe8, 0x81, 0xe8,
    0x81, 0xf0, 0x81, 0xf0, 0x82, 0xe8, 0x81, 0xe8, 0x82, 0xf0, 0xa2, 0xe8,
    0xa2, 0xf0, 0x82, 0xf0, 0xa1, 0xe8, 0xa2, 0xf0, 0xa2, 0xe8, 0xa2, 0xe8,
    0x82, 0xf0, 0x82, 0xf0, 0xa2, 0xf0, 0x82, 0xe8, 0x81, 0xf0, 0xa1, 0xe8,
    0xa2, 0xf0, 0x82, 0xf0, 0xa1, 0xf0, 0x82, 0xf0, 0x82, 0xf0, 0xa2, 0xf0,
    0x82, 0xe8, 0xa2, 0xf0, 0xa1, 0xf0, 0xa2, 0xe8, 0xa2, 0xf0, 0xa2, 0xe8,
    0xa1, 0xe8, 0x82, 0xf0, 0x82, 0xf0, 0xa2, 0xe8, 0x82, 0xe8, 0xa2, 0xe8,
    0x82, 0xe8, 0x82, 0xe8, 0xa1, 0xf0, 0xa2, 0xe8, 0x82, 0xf0, 0xa2, 0xf0,
    0xa1, 0xf0, 0xa2, 0xe8, 0xa2, 0xf0, 0xa1, 0xf0, 0xa2, 0xf0, 0x82, 0xf0,
    0xa2, 0xe8, 0xa2, 0xf0, 0xa2, 0xf0, 0xa1, 0xf0, 0x82, 0xf0, 0xa2, 0xe8,
    0x81, 0xe8, 0xa2, 0xe8, 0xa2, 0xe8, 0x81, 0xe8, 0xa2, 0xf0, 0xa2, 0xf0,
    0x82, 0xe8, 0x81, 0xe8, 0xa2, 0xf0, 0xa2, 0xf0, 0x82, 0xf0, 0xa2, 0xf0,
    0xa2, 0xe8, 0x81, 0xe8, 0xa2, 0xf0, 0xa2, 0xe8, 0xa1, 0xe8, 0xa2, 0xf0,
    0x82, 0xe8, 0x82, 0xe8, 0xa2, 0xe8, 0xa2, 0xe8, 0x81, 0xe8, 0xa2, 0xf0,
    0xa1, 0xe8, 0x81, 0xe8, 0x81, 0xe8, 0x82, 0xe8, 0xa2, 0xf0, 0xa2, 0xf0,
    0x82, 0xf0, 0x82, 0xf0, 0xa2, 0xf0, 0xa2, 0xe8, 0xa2, 0xf0, 0xa2, 0xe8,
    0x82, 0xf0, 0xa1, 0xe8, 0x82, 0xe8, 0xa2, 0xf0, 0x81, 0xe8, 0xa2, 0xf0,
    0x81, 0xe8, 0xa1, 0xf0, 0x82, 0xf0, 0x82, 0xf0, 0x81, 0xe8, 0xa2, 0xf0,
    0xa2, 0xf0, 0xa2, 0xe8, 0xa2, 0xf0, 0xa2, 0xf0, 0xa2, 0xf0, 0xa2, 0xf0,
    0x82, 0xe8, 0xa2, 0xe8, 0xa2, 0xf0, 0x82, 0xe8, 0xa1, 0xe8, 0xa1, 0xf0,
    0x81, 0xf0, 0x81, 0xe8, 0x82, 0xe8, 0x82, 0xe8, 0x81, 0xf0, 0xa2, 0xe8,
    0xa2, 0xf0, 0x82, 0xe8, 0xa2, 0xf0, 0xa2, 0xf0, 0x82, 0xe8, 0xa2, 0xf0,
    0xa2, 0xf0, 0x81, 0xf0, 0x81, 0xe8, 0xa2, 0xf0, 0x81, 0xe8, 0x82, 0xf0,
    0xa2, 0xe8, 0x81, 0xe8, 0x82, 0xf0, 0x82, 0xf0, 0xa2, 0xf0, 0xa2, 0xe8,
    0xa2, 0xf0, 0xa2, 0xe8, 0xa2, 0xe8, 0xa1, 0xe8, 0xa2, 0xe8, 0x82, 0xe8,
    0x82, 0xf0, 0xa2, 0xf0, 0xa2, 0xe8, 0x82, 0xe8, 0xa2, 0xf0, 0xa2, 0xe8,
    0xa2, 0xe8, 0x81, 0xf0, 0xa2, 0xe8, 0xa2, 0xe8, 0x81, 0xe8, 0x81, 0xe8,
    0xa2, 0xe8, 0x82, 0xf0, 0x82, 0xe8, 0x82, 0xf0, 0x82, 0xe8, 0x82, 0xe8,
    0x81, 0xf0, 0x82, 0xe8, 0xa1, 0xe8, 0xa2, 0xf0, 0xa2, 0xe8, 0x82, 0xe8,
    0xa2, 0xf0, 0xa2, 0xe8, 0xa1, 0xe8, 0x82, 0xe8, 0xa2, 0xe8, 0xa2, 0xe8,
    0x82, 0xf0, 0xa2, 0xe8, 0xa2, 0xe8, 0xa2, 0xe8, 0xa2, 0xf0, 0xa2, 0xf0,
    0xa2, 0xf0, 0xa2, 0xf0, 0xa2, 0xf0, 0xa2, 0xe8, 0xa2, 0xf0, 0xa2, 0xf0,
    0x81, 0xe8, 0x82, 0xe8, 0xa2, 0xf0, 0xa2, 0xe8, 0xa2, 0xe8, 0x81, 0xf0,
    0xa2, 0xe8, 0x81, 0xf0, 0xa1, 0xf0, 0xa2, 0xe8, 0xa2, 0xf0, 0xa2, 0xf0,
    0xa2, 0xf0, 0xa2, 0xf0, 0x81, 0xe8, 0x82, 0xf0, 0xa2, 0xe8, 0x82, 0xf0,
    0x81, 0xe8, 0x81, 0xf0, 0xa2, 0xf0, 0x82, 0xe8, 0x81, 0xe8, 0x82, 0xe8,
    0x82, 0xf0, 0x82, 0xe8, 0xa2, 0xf0, 0xa2, 0xf0, 0xa2, 0xe8, 0x82, 0xf0,
    0x81, 0xe8, 0xa2, 0xf0, 0x82, 0xe8, 0x81, 0xf0, 0xa2, 0xf0, 0xa2, 0xf0,
    0xa2, 0xe8, 0xa2, 0xf0, 0xa2, 0xe8, 0x82, 0xe8, 0xa2, 0xf0, 0x82, 0xf0,
    0x81, 0xe8, 0xa2, 0xf0, 0xa2, 0xf0, 0x82, 0xe8, 0x82, 0xf0, 0xa1, 0xf0,
    0x82, 0xf0, 0x82, 0xe8, 0xa2, 0xe8, 0xa2, 0xe8, 0xa2, 0xe8, 0x81, 0xe8,
    0xa2, 0xe8, 0xa2, 0xe8, 0x81, 0xf0, 0x82, 0xf0, 0x81, 0xe8, 0xa2, 0xf0,
    0x81, 0xe8, 0x81, 0xe8, 0xa2, 0xf0, 0xa2, 0xf0, 0xa2, 0xe8, 0x81, 0xe8,
    0xa2, 0xf0, 0x82, 0xe8, 0x82, 0xe8, 0xa2, 0xf0, 0xa2, 0xf0, 0x82, 0xf0,
    0xa2, 0xe8, 0xa1, 0xe8, 0xa2, 0xe8, 0xa2, 0xf0, 0xa1, 0xe8, 0xa2, 0xe8,
    0x82, 0xe8, 0xa2, 0xf0, 0xa2, 0xf0, 0xa1, 0xe8, 0xa2, 0xe8, 0x82, 0xf0,
    0xa1, 0xf0, 0xa2, 0xe8, 0x82, 0xf0, 0x81, 0xe8, 0x82, 0xf0, 0xa2, 0xf0,
    0x81, 0xe8, 0x82, 0xe8, 0xa2, 0xf0, 0xa1, 0xf0, 0x82, 0xf0, 0xa2, 0xf0,
    0xa1, 0xe8, 0xa2, 0xe8, 0x82, 0xe8, 0xa2, 0xf0, 0x81, 0xe8, 0x82, 0xe8,
    0xa2, 0xf0, 0xa1, 0xe8, 0x82, 0xe8, 0xa2, 0xf0, 0xa1, 0xf0, 0xa2, 0xe8,
    0x81, 0xe8, 0xa2, 0xf0, 0x82, 0xe8, 0x82, 0xe8, 0xa1, 0xf0, 0xa2, 0xe8,
    0xa2, 0xe8, 0xa2, 0xf0, 0x82, 0xf0, 0xa2, 0xe8, 0xa2, 0xf0, 0x81, 0xe8,
    0xa2, 0xf0, 0xa2, 0xf0, 0xa2, 0xf0, 0xa2, 0xf0, 0x82, 0xf0, 0x81, 0xe8,
    0x82, 0xf0, 0x82, 0xf0, 0xa2, 0xf0, 0xa2, 0xe8, 0x81, 0xf0, 0x82, 0xe8,
    0x81, 0xf0, 0x81, 0xf0, 0x82, 0xe8, 0x81, 0xf0, 0x82, 0xe8, 0x82, 0xe8,
    0xa2, 0xf0, 0xa2, 0xf0, 0xa2, 0xf0, 0x81, 0xe8, 0x82, 0xe8, 0xa2, 0xe8,
    0x82, 0xf0, 0x81, 0xe8, 0xa2, 0xf0, 0xa2, 0xf0, 0x82, 0xe8, 0xa2, 0xe8,
    0x82, 0xf0, 0x81, 0xf0, 0x82, 0xe8, 0x81, 0xf0, 0xa2, 0xf0, 0x82, 0xf0,
    0x82, 0xf0, 0x82, 0xf0, 0xa1, 0xe8, 0xa2, 0xe8, 0xa2, 0xf0, 0x82, 0xf0,
    0xa2, 0xe8, 0xa2, 0xf0, 0x82, 0xf0, 0x81, 0xe8, 0xa2, 0xf0, 0x82, 0xe8,
    0xa1, 0xf0, 0x81, 0xf0, 0xa2, 0xe8, 0x82, 0xf0, 0xa1, 0xf0, 0xa2, 0xf0,
    0xa2, 0xf0, 0xa1, 0xf0, 0xa2, 0xe8, 0x82, 0xf0, 0xa2, 0xe8, 0xa2, 0xe8,
    0x82, 0xf0, 0xa2, 0xe8, 0xa1, 0xf0, 0x82, 0xe8, 0xa2, 0xe8, 0xa2, 0xf0,
    0x82, 0xe8, 0xa1, 0xe8, 0x82, 0xe8, 0x82, 0xe8, 0xa2, 0xf0, 0x81, 0xe8,
    0x82, 0xf0, 0xa2, 0xf0, 0xa1, 0xf0, 0xa2, 0xe8, 0x82, 0xf0, 0x82, 0xf0,
    0x81, 0xe8, 0x82, 0xe8, 0x82, 0xf0, 0x81, 0xe8, 0x82, 0xe8, 0xa2, 0xf0,
    0xa2, 0xf0, 0xa2, 0xf0, 0x81, 0xe8, 0xa2, 0xe8, 0xa2, 0xf0, 0x81, 0xe8,
    0x82, 0xe8, 0x82, 0xe8, 0x82, 0xe8, 0xa1, 0xe8, 0x82, 0xf0, 0x82, 0xf0,
    0xa1, 0xe8, 0xa2, 0xe8, 0xa2, 0xf0, 0xa2, 0xf0, 0xa2, 0xe8, 0xa2, 0xf0,
    0xa1, 0xf0, 0xa2, 0xf0, 0x82, 0xe8, 0xa2, 0xe8, 0xa2, 0xe8, 0x81, 0xe8,
    0xa2, 0xf0, 0xa2, 0xe8, 0xa1, 0xf0, 0xa2, 0xe8, 0xa1, 0xf0, 0xa2, 0xe8,
    0xa2, 0xe8, 0x81, 0xf0, 0xa2, 0xf0, 0xa2, 0xe8, 0x82, 0xf0, 0xa2, 0xe8,
    0xa2, 0xe8, 0x81, 0xf0, 0x81, 0xe8, 0xa2, 0xf0, 0xa2, 0xf0, 0x82, 0xe8,
    0xa2, 0xf0, 0xa1, 0xe8, 0x81, 0xf0, 0x81, 0xf0, 0x82, 0xe8, 0x82, 0xf0,
    0xa2, 0xf0, 0x81, 0xe8, 0x82, 0xe8, 0x81, 0xf0, 0xa2, 0xe8, 0xa2, 0xf0,
    0xa2, 0xf0, 0xa2, 0xe8, 0x82, 0xf0, 0x82, 0xe8, 0xa2, 0xf0, 0x82, 0xe8,
    0x81, 0xe8, 0xa2, 0xf0, 0xa2, 0xf0, 0xa1, 0xe8, 0x82, 0xe8, 0xa2, 0xe8,
    0xa2, 0xf0, 0xa2, 0xf0, 0x81, 0xe8, 0xa2, 0xf0, 0xa2, 0xe8, 0x82, 0xf0,
    0xa1, 0xe8, 0xa2, 0xe8, 0x82, 0xe8, 0xa2, 0xf0, 0xa1, 0xe8, 0xa2, 0xe8,
    0x81, 0xf0, 0x82, 0xe8, 0xa2, 0xe8, 0xa2, 0xe8, 0x82, 0xe8, 0xa2, 0xf0,
    0xa1, 0xe8, 0x82, 0xe8, 0x81, 0xe8, 0xa1, 0xe8, 0x81, 0xf0, 0x81, 0xe8,
    0x82, 0xe8, 0x81, 0xe8, 0x82, 0xe8, 0x82, 0xf0, 0xa2, 0xe8, 0xa2, 0xf0,
    0xa2, 0xf0, 0x81, 0xf0, 0xa2, 0xf0, 0xa2, 0xe8, 0xa1, 0xe8, 0xa2, 0xf0,
    0x82, 0xe8, 0xa1, 0xe8, 0x82, 0xf0, 0xa1, 0xe8, 0xa2, 0xe8, 0xa2, 0xe8,
    0xa2, 0xf0, 0xa2, 0xf0, 0x81, 0xe8, 0x82, 0xe8, 0x82, 0xe8, 0x82, 0xf0,
    0xa1, 0xf0, 0xa2, 0xf0, 0x82, 0xe8, 0xa1, 0xf0, 0x82, 0xe8, 0x82, 0xf0,
    0xa2, 0xf0, 0xa2, 0xe8, 0x82, 0xf0, 0xa2, 0xe8, 0xa1, 0xf0, 0x82, 0xe8,
    0xa2, 0xe8, 0x82, 0xf0, 0xa2, 0xe8, 0xa2, 0xf0, 0xa2, 0xf0, 0xa2, 0xf0,
    0xa2, 0xf0, 0xa2, 0xf0, 0xa2, 0xf0, 0x81, 0xe8, 0xa2, 0xf0, 0x82, 0xf0,
    0x81, 0xe8, 0x81, 0xf0, 0x81, 0xe8, 0x82, 0xe8, 0xa2, 0xf0, 0xa2, 0xf0,
    0xa2, 0xf0, 0xa2, 0xf0, 0x82, 0xe8, 0xa2, 0xe8, 0xa2, 0xf0, 0x81, 0xe8,
    0xa2, 0xf0, 0xa2, 0xe8, 0x82, 0xf0, 0xa2, 0xf0, 0xa2, 0xf0, 0xa2, 0xe8,
    0x81, 0xe8, 0xa1, 0xe8, 0x82, 0xe8, 0xa2, 0xf0, 0xa2, 0xf0, 0xa2, 0xe8,
    0x81, 0xe8, 0xa1, 0xf0, 0x82, 0xe8, 0xa2, 0xf0, 0xa2, 0xe8, 0xa2, 0xf0,
    0xa1, 0xe8, 0xa2, 0xe8, 0x82, 0xf0, 0xa1, 0xe8, 0x81, 0xf0, 0xa2, 0xe8,
    0xa2, 0xf0, 0xa2, 0xf0, 0xa1, 0xe8, 0xa2, 0xf0, 0xa2, 0xf0, 0xa2, 0xe8,
    0x82, 0xf0, 0x81, 0xf0, 0xa2, 0xe8, 0xa2, 0xf0, 0x81, 0xe8, 0x82, 0xe8,
    0xa2, 0xf0, 0xa1, 0xe8, 0xa2, 0xe8, 0x82, 0xe8, 0xa2, 0xe8, 0xa2, 0xe8,
    0xa2, 0xf0, 0xa1, 0xe8, 0x82, 0xf0, 0xa2, 0xf0, 0xa2, 0xf0, 0xa2, 0xe8,
    0xa2, 0xe8, 0x82, 0xe8, 0xa1, 0xf0, 0xa2, 0xf0, 0x81, 0xe8, 0x82, 0xe8,
    0xa2, 0xf0, 0xa2, 0xf0, 0x82, 0xe8, 0x82, 0xf0, 0x82, 0xe8, 0x81, 0xe8,
    0xa2, 0xf0, 0xa1, 0xf0, 0x81, 0xe8, 0xa2, 0xf0, 0xa2, 0xe8, 0xa2, 0xe8,
    0x81, 0xe8, 0xa2, 0xe8, 0xa2, 0xe8, 0x81, 0xf0, 0xa2, 0xe8, 0xa2, 0xe8,
    0x81, 0xf0, 0xa2, 0xe8, 0xa2, 0xe8, 0xa1, 0xf0, 0xa2, 0xe8, 0xa2, 0xe8,
    0xa2, 0xf0, 0xa2, 0xe8, 0xa1, 0xe8, 0x82, 0xf0, 0x81, 0xe8, 0xa2, 0xe8,
    0x82, 0xf0, 0xa2, 0xe8, 0xa2, 0xe8, 0x82, 0xf0, 0xa2, 0xe8, 0xa2, 0xf0,
    0x82, 0xe8, 0xa2, 0xf0, 0xa1, 0xe8, 0x82, 0xe8, 0xa2, 0xf0, 0xa2, 0xf0,
    0xa2, 0xe8, 0xa1, 0xe8, 0x81, 0xf0, 0x82, 0xe8, 0x81, 0xe8, 0x82, 0xf0,
    0x82, 0xe8, 0x81, 0xe8, 0xa2, 0xf0, 0x81, 0xe8, 0x82, 0xe8, 0x82, 0xe8,
    0xa2, 0xf0, 0xa2, 0xe8, 0xa1, 0xe8, 0x82, 0xf0, 0xa2, 0xe8, 0x81, 0xe8,
    0xa2, 0xf0, 0xa1, 0xe8, 0xa2, 0xf0, 0xa2, 0xe8, 0x82, 0xe8, 0xa1, 0xe8,
    0xa1, 0xf0, 0x82, 0xf0, 0x82, 0xf0, 0x81, 0xf0, 0x82, 0xf0, 0x82, 0xe8,
    0xa2, 0xf0, 0xa2, 0xf0, 0x82, 0xe8, 0xa2, 0xf0, 0x82, 0xf0, 0xa2, 0xe8,
    0xa1, 0xe8, 0x82, 0xf0, 0x82, 0xf0, 0xa2, 0xe8, 0xa2, 0xf0, 0xa2, 0xf0,
    0xa1, 0xe8, 0xa2, 0xf0, 0xa2, 0xf0, 0xa2, 0xf0, 0xa2, 0xe8, 0xa2, 0xf0,
    0x82, 0xf0, 0xa2, 0xf0, 0x82, 0xe8, 0x81, 0xe8, 0x82, 0xf0, 0x82, 0xf0,
    0x81, 0xe8, 0x82, 0xe8, 0x81, 0xe8, 0xa2, 0xe8, 0xa2, 0xe8, 0x81, 0xe8,
    0xa2, 0xe8, 0xa2, 0xe8, 0x81, 0xe8, 0xa1, 0xf0, 0x81, 0xe8, 0xa2, 0xf0,
    0xa2, 0xe8, 0xa1, 0xe8, 0xa2, 0xf0, 0xa2, 0xe8, 0xa2, 0xf0, 0x82, 0xf0,
    0xa2, 0xe8, 0xa2, 0xf0, 0x82, 0xf0, 0x82, 0xe8, 0xa1, 0xe8, 0x81, 0xe8,
    0x82, 0xe8, 0xa2, 0xe8, 0xa1, 0xe8, 0x82, 0xe8, 0xa2, 0xe8, 0xa2, 0xe8,
    0x82, 0xf0, 0xa2, 0xe8, 0x81, 0xf0, 0xa2, 0xf0, 0xa2, 0xe8, 0xa1, 0xe8,
    0xa2, 0xf0, 0x82, 0xf0, 0xa2, 0xe8, 0xa1, 0xf0, 0xa2, 0xe8, 0xa2, 0xe8,
    0xa2, 0xf0, 0xa2, 0xe8, 0x82, 0xf0, 0x82, 0xe8, 0xa2, 0xf0, 0xa2, 0xf0,
    0x82, 0xe8, 0xa2, 0xe8, 0xa2, 0xe8, 0x82, 0xe8, 0xa2, 0xf0, 0x82, 0xf0,
    0x81, 0xe8, 0xa2, 0xf0, 0x82, 0xe8, 0xa2, 0xf0, 0x82, 0xe8, 0x81, 0xf0,
    0xa2, 0xf0, 0xa2, 0xf0, 0x82, 0xe8, 0x81, 0xe8, 0x81, 0xf0, 0x82, 0xe8,
    0x82, 0xf0, 0x81, 0xe8, 0xa2, 0xe8, 0xa2, 0xf0, 0x82, 0xf0, 0xa2, 0xf0,
    0xa2, 0xe8, 0xa2, 0xf0, 0xa1, 0xf0, 0xa2, 0xe8, 0x81, 0xe8, 0xa2, 0xf0,
    0xa2, 0xf0, 0x82, 0xe8, 0x81, 0xe8, 0xa2, 0xf0, 0x82, 0xf0, 0x82, 0xf0,
    0xa2, 0xe8, 0x81, 0xe8, 0xa2, 0xf0, 0xa2, 0xf0, 0x82, 0xe8, 0xa1, 0xe8,
    0xa2, 0xe8, 0x82, 0xe8, 0xa2, 0xf0, 0xa1, 0xe8, 0x82, 0xf0, 0xa2, 0xf0,
    0xa2, 0xe8, 0xa2, 0xe8, 0x81, 0xe8, 0xa2, 0xe8, 0xa2, 0xe8, 0xa2, 0xe8,
    0x82, 0xe8, 0xa1, 0xe8, 0xa2, 0xe8, 0x82, 0xe8, 0xa2, 0xe8, 0xa2, 0xf0,
    0x82, 0xf0, 0xa2, 0xe8, 0x81, 0xf0, 0xa2, 0xf0, 0xa2, 0xe8, 0xa2, 0xf0,
    0xa2, 0xf0, 0xa2, 0xe8, 0xa2, 0xf0, 0x81, 0xe8, 0xa2, 0xf0, 0xa2, 0xf0,
    0x82, 0xe8, 0xa2, 0xe8, 0xa2, 0xf0, 0xa2, 0xe8, 0xa2, 0xe8, 0x82, 0xf0,
    0xa1, 0xe8, 0xa2, 0xe8, 0x82, 0xf0, 0xa2, 0xf0, 0xa2, 0xe8, 0x81, 0xf0,
    0xa2, 0xf0, 0xa2, 0xe8, 0xa1, 0xf0, 0xa2, 0xe8, 0x81, 0xf0, 0xa1, 0xf0,
    0xa1, 0xf0, 0x81, 0xf0, 0x81, 0xe8, 0x82, 0xf0, 0xa2, 0xe8, 0x82, 0xf0,
    0xa2, 0xf0, 0xa2, 0xf0, 0xa2, 0xf0, 0xa1, 0xe8, 0x82, 0xf0, 0x82, 0xe8,
    0xa2, 0xe8, 0xa1, 0xf0, 0x81, 0xf0, 0xa2, 0xf0, 0xa1, 0xf0, 0xa2, 0xf0,
    0xa2, 0xe8, 0xa2, 0xf0, 0x82, 0xe8, 0xa2, 0xe8, 0x81, 0xf0, 0x81, 0xe8,
    0xa2, 0xe8, 0xa2, 0xe8, 0xa1, 0xf0, 0xa2, 0xf0, 0x82, 0xe8, 0xa1, 0xe8,
    0xa2, 0xe8, 0xa2, 0xe8, 0xa2, 0xf0, 0xa2, 0xe8, 0x82, 0xf0, 0xa2, 0xf0,
    0x81, 0xe8, 0x82, 0xf0, 0xa1, 0xe8, 0xa1, 0xe8, 0xa2, 0xe8, 0xa2, 0xf0,
    0xa2, 0xf0, 0xa2, 0xf0, 0xa2, 0xe8, 0xa2, 0xe8, 0xa2, 0xe8, 0xa1, 0xe8,
    0xa2, 0xe8, 0x82, 0xf0, 0xa1, 0xe8, 0xa2, 0xf0, 0xa2, 0xf0, 0xa1, 0xe8,
    0x81, 0xe8, 0xa2, 0xf0, 0xa2, 0xf0, 0xa1, 0xe8, 0x82, 0xf0, 0xa2, 0xf0,
    0xa2, 0xe8, 0xa2, 0xf0, 0xa2, 0xf0, 0x82, 0xe8, 0xa2, 0xf0, 0x82, 0xf0,
    0xa1, 0xe8, 0xa2, 0xe8, 0xa2, 0xe8, 0xa2, 0xe8, 0x82, 0xe8, 0x82, 0xf0,
    0x82, 0xe8, 0xa2, 0xf0, 0xa2, 0xe8, 0xa2, 0xf0, 0xa2, 0xf0, 0xa2, 0xe8,
    0x82, 0xf0, 0x81, 0xf0, 0x82, 0xe8, 0xa2, 0xf0, 0x81, 0xe8, 0x81, 0xf0,
    0xa2, 0xe8, 0xa2, 0xf0, 0x81, 0xe8, 0xa2, 0xe8, 0xa2, 0xf0, 0xa1, 0xf0,
    0xa2, 0xe8, 0x82, 0xe8, 0xa1, 0xf0, 0xa1, 0xe8, 0xa1, 0xe8, 0xa2, 0xf0,
    0xa2, 0xe8, 0xa1, 0xe8, 0x82, 0xe8, 0xa1, 0xe8, 0xa2, 0xe8, 0xa2, 0xf0,
    0x82, 0xf0, 0xa2, 0xe8, 0x81, 0xe8, 0xa1, 0xe8, 0xa2, 0xe8, 0xa1, 0xf0,
    0xa2, 0xe8, 0xa2, 0xe8, 0xa2, 0xf0, 0xa2, 0xe8, 0xa2, 0xe8, 0x82, 0xf0,
    0xa1, 0xf0, 0x82, 0xe8, 0x82, 0xf0, 0xa1, 0xf0, 0x82, 0xe8, 0xa2, 0xf0,
    0xa1, 0xf0, 0xa2, 0xe8, 0x82, 0xe8, 0xa2, 0xf0, 0xa2, 0xe8, 0x81, 0xe8,
    0xa2, 0xf0, 0xa2, 0xf0, 0xa2, 0xf0, 0x81, 0xe8, 0x81, 0xf0, 0x82, 0xf0,
    0xa1, 0xe8, 0xa1, 0xf0, 0x82, 0xf0, 0xa2, 0xf0, 0x82, 0xe8, 0xa2, 0xf0,
    0xa1, 0xf0, 0x82, 0xf0, 0xa2, 0xf0, 0x81, 0xe8, 0x82, 0xf0, 0xa2, 0xf0,
    0x82, 0xe8, 0x82, 0xf0, 0x82, 0xf0, 0x82, 0xe8, 0xa1, 0xf0, 0x82, 0xf0,
    0xa2, 0xe8, 0x82, 0xf0, 0xa2, 0xf0, 0xa2, 0xf0, 0x82, 0xf0, 0x82, 0xf0,
    0x82, 0xf0, 0xa1, 0xe8, 0xa2, 0xf0, 0xa2, 0xf0, 0xa1, 0xe8, 0x82, 0xe8,
    0xa2, 0xf0, 0xa2, 0xf0, 0x82, 0xe8, 0xa1, 0xf0, 0xa2, 0xf0, 0xa2, 0xe8,
    0xa2, 0xf0, 0x82, 0xe8, 0x81, 0xe8, 0xa2, 0xf0, 0xa2, 0xf0, 0xa2, 0xe8,
    0x82, 0xf0, 0xa2, 0xf0, 0x81, 0xe8, 0xa2, 0xe8, 0xa2, 0xf0, 0xa2, 0xf0,
    0xa2, 0xe8, 0xa2, 0xe8, 0xa2, 0xe8, 0xa2, 0xe8, 0x82, 0xf0, 0x81, 0xe8,
    0x81, 0xe8, 0xa2, 0xe8, 0xa2, 0xf0, 0xa2, 0xe8, 0xa1, 0xe8, 0xa2, 0xf0,
    0x82, 0xf0, 0x81, 0xe8, 0xa2, 0xf0, 0x82, 0xe8, 0x82, 0xf0, 0xa1, 0xf0,
    0x81, 0xe8, 0xa1, 0xf0, 0xa1, 0xe8, 0xa2, 0xf0, 0xa2, 0xe8, 0xa2, 0xf0,
    0xa2, 0xe8, 0x81, 0xe8, 0xa2, 0xe8, 0xa2, 0xe8, 0x81, 0xe8, 0xa1, 0xf0,
    0x82, 0xe8, 0x81, 0xe8, 0xa1, 0xe8, 0xa2, 0xe8, 0xa2, 0xe8, 0xa2, 0xf0,
    0x82, 0xf0, 0xa2, 0xe8, 0xa2, 0xf0, 0xa2, 0xe8, 0xa2, 0xe8, 0xa2, 0xe8,
    0xa1, 0xe8, 0x82, 0xe8, 0xa2, 0xf0, 0xa2, 0xe8, 0x81, 0xf0, 0x82, 0xe8,
    0xa2, 0xf0, 0xa2, 0xe8, 0xa2, 0xe8, 0xa2, 0xf0, 0x81, 0xe8, 0x82, 0xf0,
    0xa2, 0xe8, 0x81, 0xe8, 0xa2, 0xf0, 0xa2, 0xf0, 0x82, 0xe8, 0xa2, 0xf0,
    0xa2, 0xe8, 0x82, 0xe8, 0xa2, 0xf0, 0xa1, 0xf0, 0xa1, 0xe8, 0xa2, 0xe8,
    0x81, 0xf0, 0x81, 0xe8, 0x82, 0xe8, 0x81, 0xe8, 0x82, 0xf0, 0xa2, 0xe8,
    0xa2, 0xf0, 0x81, 0xe8, 0xa2, 0xf0, 0xa2, 0xf0, 0x82, 0xe8, 0x82, 0xf0,
    0x81, 0xe8, 0x81, 0xe8, 0xa2, 0xf0, 0xa2, 0xf0, 0x82, 0xe8, 0xa2, 0xf0,
    0xa2, 0xe8, 0xa2, 0xf0, 0xa2, 0xf0, 0xa2, 0xf0, 0xa2, 0xe8, 0xa2, 0xf0,
    0xa2, 0xe8, 0xa2, 0xe8, 0xa2, 0xf0, 0xa1, 0xe8, 0xa2, 0xe8, 0xa2, 0xe8,
    0xa2, 0xe8, 0xa2, 0xf0, 0x81, 0xf0, 0x82, 0xe8, 0xa2, 0xf0, 0x81, 0xf0,
    0xa2, 0xe8, 0xa1, 0xf0, 0xa2, 0xe8, 0x82, 0xf0, 0x81, 0xf0, 0xa2, 0xe8,
    0x82, 0xe8, 0x82, 0xf0, 0xa2, 0xe8, 0xa2, 0xe8, 0x82, 0xf0, 0xa2, 0xe8,
    0x81, 0xe8, 0x81, 0xf0, 0xa2, 0xf0, 0xa2, 0xe8, 0x82, 0xe8, 0xa2, 0xf0,
    0xa2, 0xe8, 0x82, 0xe8, 0xa1, 0xe8, 0x82, 0xf0, 0xa1, 0xf0, 0x82, 0xe8,
    0xa2, 0xe8, 0x81, 0xf0, 0xa2, 0xf0, 0xa2, 0xf0, 0x82, 0xf0, 0xa2, 0xe8,
    0x82, 0xe8, 0xa2, 0xf0, 0xa2, 0xf0, 0xa2, 0xe8, 0xa2, 0xf0, 0xa2, 0xf0,
    0xa2, 0xf0, 0x82, 0xe8, 0xa1, 0xf0, 0x82, 0xe8, 0x82, 0xf0, 0xa1, 0xf0,
    0x82, 0xe8, 0x82, 0xe8, 0x81, 0xe8, 0xa2, 0xf0, 0xa2, 0xf0, 0xa2, 0xf0,
    0xa2, 0xf0, 0x81, 0xe8, 0xa2, 0xf0, 0xa2, 0xe8, 0x81, 0xe8, 0xa2, 0xf0,
    0xa2, 0xf0, 0xa2, 0xe8, 0xa2, 0xf0, 0xa2, 0xf0, 0x82, 0xe8, 0x82, 0xe8,
    0xa2, 0xf0, 0xa2, 0xf0, 0x82, 0xe8, 0xa2, 0xf0, 0x81, 0xe8, 0xa2, 0xf0,
    0xa2, 0xf0, 0xa2, 0xf0, 0x81, 0xe8, 0xa2, 0xe8, 0xa2, 0xf0, 0xa2, 0xf0,
    0xa2, 0xe8, 0xa1, 0xe8, 0x81, 0xf0, 0x82, 0xf0, 0xa2, 0xf0, 0xa1, 0xe8,
    0x81, 0xe8, 0xa2, 0xf0, 0xa2, 0xf0, 0x82, 0xe8, 0xa2, 0xf0, 0xa2, 0xe8,
    0xa2, 0xe8, 0xa1, 0xe8, 0xa2, 0xe8, 0x82, 0xe8, 0xa2, 0xf0, 0xa2, 0xf0,
    0xa2, 0xe8, 0xa2, 0xf0, 0xa2, 0xf0, 0xa1, 0xe8, 0xa1, 0xf0, 0x81, 0xe8,
    0x82, 0xe8, 0xa2, 0xf0, 0x82, 0xe8, 0xa2, 0xf0, 0x81, 0xe8, 0xa2, 0xe8,
    0x82, 0xf0, 0x81, 0xe8, 0xa2, 0xf0, 0x81, 0xe8, 0xa2, 0xf0, 0xa2, 0xe8,
    0xa2, 0xf0, 0xa2, 0xe8, 0x82, 0xe8, 0xa2, 0xe8, 0xa2, 0xe8, 0x82, 0xe8,
    0x81, 0xf0, 0xa2, 0xe8, 0x82, 0xe8, 0xa1, 0xf0, 0xa2, 0xf0, 0x82, 0xe8,
    0xa2, 0xe8, 0xa2, 0xf0, 0x82, 0xf0, 0xa2, 0xe8, 0x81, 0xe8, 0x82, 0xe8,
    0xa2, 0xe8, 0xa2, 0xf0, 0x81, 0xf0, 0xa2, 0xe8, 0xa2, 0xf0, 0xa2, 0xe8,
    0xa2, 0xe8, 0xa2, 0xe8, 0xa2, 0xe8, 0xa2, 0xf0, 0xa2, 0xf0, 0x82, 0xe8,
    0xa2, 0xf0, 0x82, 0xf0, 0xa2, 0xf0, 0xa2, 0xf0, 0xa2, 0xf0, 0xa2, 0xe8,
    0x81, 0xe8, 0xa2, 0xe8, 0x82, 0xe8, 0xa2, 0xf0, 0x81, 0xe8, 0xa1, 0xe8,
    0x82, 0xf0, 0x82, 0xf0, 0xa2, 0xe8, 0xa2, 0xe8, 0x81, 0xf0, 0xa2, 0xe8,
    0x82, 0xe8, 0xa2, 0xf0, 0xa2, 0xf0, 0xa2, 0xf0, 0x81, 0xe8, 0x82, 0xf0,
    0xa2, 0xf0, 0x82, 0xe8, 0xa2, 0xf0, 0xa2, 0xe8, 0xa2, 0xf0, 0x81, 0xe8,
    0x82, 0xf0, 0xa1, 0xf0, 0x82, 0xf0, 0xa1, 0xe8, 0xa1, 0xf0, 0x81, 0xf0,
    0x82, 0xe8, 0xa2, 0xe8, 0x82, 0xf0, 0xa1, 0xe8, 0x82, 0xe8, 0xa2, 0xf0,
    0xa2, 0xe8, 0x81, 0xe8, 0xa2, 0xf0, 0xa2, 0xe8, 0xa1, 0xe8, 0x82, 0xf0,
    0x82, 0xe8, 0xa2, 0xf0, 0x82, 0xf0, 0x82, 0xf0, 0x82, 0xf0, 0x82, 0xf0,
    0x82, 0xf0, 0x82, 0xf0, 0xa2, 0xe8, 0xa2, 0xf0, 0x81, 0xe8, 0xa2, 0xf0,
    0xa2, 0xf0, 0x81, 0xe8, 0x81, 0xe8, 0x82, 0xf0, 0xa2, 0xf0, 0x81, 0xe8,
    0x81, 0xe8, 0xa2, 0xf0, 0xa2, 0xf0, 0xa2, 0xf0, 0x82, 0xe8, 0x82, 0xf0,
    0x81, 0xf0, 0x82, 0xe8, 0xa2, 0xf0, 0xa2, 0xf0, 0x82, 0xe8, 0xa1, 0xe8,
    0xa2, 0xe8, 0xa2, 0xe8, 0x81, 0xf0, 0xa2, 0xe8, 0x81, 0xe8, 0x82, 0xe8,
    0x82, 0xe8, 0xa2, 0xe8, 0x81, 0xe8, 0x82, 0xe8, 0x82, 0xe8, 0xa2, 0xe8,
    0x82, 0xf0, 0xa2, 0xf0, 0xa2, 0xe8, 0xa1, 0xf0, 0x81, 0xe8, 0x82, 0xf0,
    0xa2, 0xe8, 0x82, 0xe8, 0x82, 0xf0, 0x81, 0xe8, 0xa1, 0xf0, 0xa2, 0xf0,
    0x82, 0xe8, 0xa2, 0xf0, 0x82, 0xf0, 0xa2, 0xe8, 0x81, 0xf0, 0xa2, 0xe8,
    0x82, 0xe8, 0x81, 0xe8, 0xa2, 0xe8, 0xa2, 0xe8, 0x81, 0xe8, 0x82, 0xe8,
    0x82, 0xe8, 0x81, 0xf0, 0x82, 0xe8, 0x82, 0xf0, 0x81, 0xe8, 0xa2, 0xe8,
    0xa2, 0xe8, 0xa2, 0xe8, 0xa2, 0xf0, 0xa1, 0xe8, 0xa2, 0xe8, 0xa2, 0xf0,
    0xa2, 0xf0, 0xa2, 0xf0, 0xa1, 0xf0, 0xa2, 0xe8, 0xa2, 0xe8, 0xa1, 0xe8,
    0xa2, 0xe8, 0xa2, 0xf0, 0xa2, 0xf0, 0x82, 0xe8, 0xa2, 0xe8, 0xa2, 0xe8,
    0xa2, 0xf0, 0xa1, 0xf0, 0xa2, 0xf0, 0xa2, 0xe8, 0x82, 0xe8, 0xa2, 0xf0,
    0xa1, 0xe8, 0xa2, 0xe8, 0x81, 0xf0, 0x82, 0xf0, 0x82, 0xe8, 0x81, 0xf0,
    0xa2, 0xf0, 0x82, 0xe8, 0xa2, 0xf0, 0xa2, 0xf0, 0xa2, 0xe8, 0xa2, 0xf0,
    0xa2, 0xf0, 0x82, 0xe8, 0xa2, 0xf0, 0x82, 0xe8, 0x82, 0xe8, 0xa1, 0xf0,
    0x82, 0xe8, 0xa2, 0xf0, 0xa2, 0xf0, 0xa2, 0xe8, 0x82, 0xf0, 0xa2, 0xf0,
    0xa2, 0xe8, 0xa1, 0xe8, 0xa2, 0xe8, 0xa2, 0xf0, 0x82, 0xf0, 0xa2, 0xe8,
    0xa2, 0xf0, 0xa2, 0xe8, 0xa2, 0xe8, 0xa2, 0xe8, 0x81, 0xf0, 0xa2, 0xe8,
    0xa2, 0xf0, 0x82, 0xf0, 0xa2, 0xf0, 0xa2, 0xe8, 0xa2, 0xf0, 0xa2, 0xf0,
    0x82, 0xf0, 0xa2, 0xf0, 0x81, 0xf0, 0xa2, 0xf0, 0xa2, 0xf0, 0x81, 0xe8,
    0x82, 0xe8, 0xa2, 0xf0, 0xa2, 0xf0, 0xa2, 0xe8, 0xa2, 0xf0, 0xa2, 0xf0,
    0xa2, 0xf0, 0xa2, 0xf0, 0x81, 0xe8, 0x81, 0xe8, 0xa2, 0xf0, 0x82, 0xe8,
    0xa2, 0xf0, 0xa2, 0xf0, 0xa2, 0xe8, 0xa2, 0xf0, 0xa2, 0xf0, 0xa2, 0xe8,
    0xa2, 0xf0, 0xa1, 0xf0, 0xa2, 0xf0, 0x82, 0xf0, 0x81, 0xf0, 0xa2, 0xf0,
    0xa2, 0xf0, 0xa2, 0xf0, 0xa2, 0xf0, 0xa2, 0xf0, 0x82, 0xf0, 0x82, 0xe8,
    0x82, 0xf0, 0xa1, 0xf0, 0xa1, 0xe8, 0xa2, 0xf0, 0x82, 0xe8, 0xa2, 0xe8,
    0xa2, 0xf0, 0x82, 0xe8, 0xa2, 0xf0, 0xa2, 0xf0, 0x82, 0xe8, 0x82, 0xe8,
    0x82, 0xf0, 0xa2, 0xe8, 0xa2, 0xf0, 0xa2, 0xf0, 0x82, 0xe8, 0xa2, 0xf0,
    0x81, 0xf0, 0x81, 0xe8, 0xa2, 0xf0, 0xa2, 0xe8, 0x82, 0xe8, 0xa2, 0xf0,
    0xa2, 0xf0, 0x82, 0xe8, 0xa2, 0xe8, 0xa2, 0xf0, 0xa2, 0xe8, 0xa1, 0xe8,
    0x82, 0xf0, 0xa2, 0xf0, 0xa2, 0xe8, 0xa2, 0xf0, 0x81, 0xe8, 0xa2, 0xe8,
    0x82, 0xf0, 0x81, 0xf0, 0xa2, 0xe8, 0xa2, 0xf0, 0x81, 0xe8, 0xa2, 0xf0,
    0xa2, 0xf0, 0xa2, 0xf0, 0x81, 0xe8, 0xa2, 0xe8, 0xa2, 0xf0, 0xa2, 0xe8,
    0xa2, 0xf0, 0x81, 0xf0, 0xa2, 0xe8, 0xa2, 0xf0, 0x82, 0xf0, 0xa2, 0xe8,
    0x81, 0xf0, 0x82, 0xf0, 0xa1, 0xf0, 0xa1, 0xf0, 0xa2, 0xf0, 0xa2, 0xe8,
    0xa2, 0xf0, 0xa2, 0xf0, 0xa2, 0xe8, 0xa2, 0xf0, 0xa2, 0xf0, 0x82, 0xf0,
    0x81, 0xe8, 0x82, 0xf0, 0xa2, 0xf0, 0xa2, 0xe8, 0xa2, 0xf0, 0xa2, 0xf0,
    0xa2, 0xe8, 0xa2, 0xe8, 0x81, 0xf0, 0xa2, 0xf0, 0xa2, 0xe8, 0x82, 0xe8,
    0x81, 0xe8, 0xa1, 0xe8, 0xa2, 0xe8, 0xa2, 0xf0, 0xa2, 0xf0, 0x82, 0xe8,
    0x81, 0xf0, 0xa2, 0xe8, 0xa1, 0xe8, 0x81, 0xe8, 0x81, 0xf0, 0x81, 0xf0,
    0xa2, 0xf0, 0xa2, 0xe8, 0xa2, 0xf0, 0xa1, 0xe8, 0x82, 0xe8, 0xa2, 0xe8,
    0xa1, 0xe8, 0xa2, 0xe8, 0xa2, 0xf0, 0xa2, 0xe8, 0xa2, 0xe8, 0xa2, 0xf0,
    0xa2, 0xf0, 0xa2, 0xf0, 0xa1, 0xe8, 0xa1, 0xe8, 0xa2, 0xe8, 0xa2, 0xe8,
    0x81, 0xe8, 0x82, 0xe8, 0xa2, 0xf0, 0xa2, 0xe8, 0x81, 0xe8, 0xa2, 0xf0,
    0xa2, 0xf0, 0x82, 0xe8, 0x81, 0xf0, 0xa2, 0xf0, 0xa2, 0xe8, 0xa2, 0xf0,
    0x81, 0xe8, 0x82, 0xf0, 0xa1, 0xe8, 0x82, 0xf0, 0x81, 0xe8, 0xa2, 0xf0,
    0x82, 0xe8, 0xa2, 0xf0, 0x82, 0xf0, 0x81, 0xe8, 0xa2, 0xf0, 0x82, 0xe8,
    0x82, 0xf0, 0xa1, 0xf0, 0xa2, 0xe8, 0x82, 0xe8, 0xa2, 0xf0, 0x81, 0xe8,
    0x82, 0xe8, 0xa2, 0xf0, 0xa2, 0xf0, 0xa2, 0xf0, 0x81, 0xe8, 0xa2, 0xf0,
    0xa2, 0xe8, 0x81, 0xf0, 0xa2, 0xe8, 0xa1, 0xe8, 0x81, 0xf0, 0x82, 0xf0,
    0x82, 0xf0, 0x81, 0xf0, 0x82, 0xf0, 0x82, 0xf0, 0xa2, 0xf0, 0xa2, 0xe8,
    0x82, 0xe8, 0xa2, 0xf0, 0xa2, 0xf0, 0x82, 0xe8, 0x82, 0xe8, 0xa2, 0xf0,
    0xa2, 0xe8, 0xa2, 0xe8, 0xa2, 0xf0, 0xa1, 0xf0, 0xa2, 0xe8, 0xa2, 0xf0,
    0x82, 0xe8, 0xa1, 0xe8, 0xa2, 0xf0, 0x82, 0xe8, 0xa2, 0xf0, 0xa2, 0xf0,
    0x82, 0xe8, 0x82, 0xe8, 0x81, 0xe8, 0x82, 0xe8, 0x82, 0xf0, 0x81, 0xe8,
    0xa2, 0xe8, 0xa2, 0xe8, 0x82, 0xe8, 0xa1, 0xe8, 0xa2, 0xf0, 0xa1, 0xe8,
    0xa2, 0xf0, 0xa2, 0xf0, 0x81, 0xe8, 0xa2, 0xf0, 0xa2, 0xf0, 0xa2, 0xe8,
    0xa1, 0xf0, 0xa1, 0xf0, 0x82, 0xe8, 0xa2, 0xf0, 0xa2, 0xe8, 0x82, 0xe8,
    0xa2, 0xf0, 0x82, 0xe8, 0x81, 0xe8, 0xa2, 0xf0, 0x82, 0xe8, 0x82, 0xf0,
    0xa2, 0xf0, 0xa2, 0xe8, 0xa2, 0xf0, 0xa2, 0xe8, 0xa2, 0xf0, 0xa2, 0xf0,
    0xa2, 0xf0, 0xa2, 0xf0, 0xa2, 0xe8, 0xa1, 0xe8, 0xa2, 0xf0, 0xa2, 0xe8,
    0x81, 0xf0, 0xa2, 0xe8, 0xa1, 0xe8, 0x82, 0xf0, 0xa2, 0xe8, 0xa2, 0xe8,
    0xa2, 0xf0, 0xa2, 0xe8, 0xa2, 0xe8, 0xa2, 0xf0, 0xa2, 0xf0, 0x82, 0xf0,
    0xa2, 0xe8, 0xa2, 0xe8, 0xa2, 0xe8, 0xa1, 0xe8, 0xa2, 0xf0, 0xa2, 0xe8,
    0xa1, 0xe8, 0x82, 0xf0, 0xa2, 0xf0, 0x82, 0xe8, 0xa2, 0xf0, 0xa2, 0xf0,
    0x81, 0xe8, 0x82, 0xf0, 0xa2, 0xe8, 0xa1, 0xe8, 0x81, 0xf0, 0x82, 0xf0,
    0x82, 0xe8, 0xa1, 0xe8, 0xa2, 0xf0, 0x82, 0xe8, 0xa1, 0xf0, 0xa2, 0xf0,
    0x82, 0xe8, 0xa2, 0xf0, 0xa2, 0xf0, 0xa2, 0xf0, 0xa2, 0xf0, 0xa2, 0xf0,
    0x82, 0xe8, 0xa1, 0xf0, 0x81, 0xe8, 0x82, 0xe8, 0xa2, 0xf0, 0xa1, 0xe8,
    0x82, 0xf0, 0xa2, 0xf0, 0x82, 0xf0, 0xa2, 0xe8, 0xa2, 0xe8, 0x82, 0xf0,
    0xa2, 0xe8, 0xa1, 0xe8, 0xa2, 0xf0, 0xa2, 0xf0, 0xa2, 0xf0, 0xa2, 0xe8,
    0xa2, 0xf0, 0xa2, 0xf0, 0xa2, 0xe8, 0xa2, 0xe8, 0xa2, 0xf0, 0x82, 0xf0,
    0xa2, 0xe8, 0xa2, 0xe8, 0xa2, 0xf0, 0xa2, 0xe8, 0xa2, 0xf0, 0xa2, 0xf0,
    0xa2, 0xf0, 0x82, 0xe8, 0xa2, 0xf0, 0xa2, 0xf0, 0xa2, 0xf0, 0xa2, 0xe8,
    0x82, 0xe8, 0xa2, 0xf0, 0xa2, 0xf0, 0xa2, 0xe8, 0x82, 0xf0, 0xa2, 0xf0,
    0xa2, 0xe8, 0x82, 0xe8, 0xa2, 0xf0, 0xa2, 0xf0, 0x82, 0xe8, 0xa2, 0xf0,
    0x81, 0xe8, 0xa2, 0xe8, 0xa2, 0xf0, 0x82, 0xe8, 0xa2, 0xf0, 0x81, 0xe8,
    0x82, 0xf0, 0xa2, 0xf0, 0xa2, 0xf0, 0xa2, 0xf0, 0xa2, 0xf0, 0xa2, 0xf0,
    0x82, 0xf0, 0x81, 0xf0, 0x81, 0xe8, 0x82, 0xf0, 0xa2, 0xf0, 0x82, 0xe8,
    0xa2, 0xf0, 0xa2, 0xe8, 0xa2, 0xf0, 0x82, 0xe8, 0xa2, 0xe8, 0xa2, 0xf0,
    0xa2, 0xf0, 0x81, 0xf0, 0xa2, 0xe8, 0xa2, 0xf0, 0xa2, 0xf0, 0x82, 0xe8,
    0xa2, 0xf0, 0xa2, 0xf0, 0xa2, 0xe8, 0xa2, 0xf0, 0x82, 0xe8, 0xa1, 0xe8,
    0x81, 0xe8, 0x82, 0xf0, 0xa2, 0xf0, 0xa2, 0xe8, 0xa2, 0xe8, 0xa2, 0xe8,
    0xa2, 0xf0, 0xa2, 0xe8, 0xa2, 0xf0, 0x82, 0xf0, 0xa1, 0xf0, 0xa2, 0xf0,
    0x81, 0xe8, 0xa2, 0xe8, 0xa1, 0xf0, 0x82, 0xe8, 0xa1, 0xf0, 0xa2, 0xf0,
    0xa2, 0xe8, 0xa2, 0xe8, 0xa2, 0xf0, 0xa2, 0xe8, 0xa2, 0xe8, 0xa2, 0xe8,
    0xa1, 0xe8, 0xa2, 0xf0, 0x82, 0xf0, 0xa2, 0xe8, 0xa1, 0xf0, 0xa1, 0xe8,
    0xa1, 0xf0, 0xa2, 0xf0, 0xa2, 0xe8, 0x82, 0xf0, 0xa2, 0xf0, 0xa2, 0xf0,
    0xa2, 0xe8, 0x82, 0xf0, 0x81, 0xe8, 0xa2, 0xf0, 0xa2, 0xf0, 0xa2, 0xe8,
    0xa2, 0xf0, 0x82, 0xe8, 0x82, 0xe8, 0xa1, 0xf0, 0x82, 0xe8, 0xa1, 0xe8,
    0xa1, 0xe8, 0xa1, 0xe8, 0xa2, 0xe8, 0xa2, 0xf0, 0xa2, 0xf0, 0x82, 0xe8,
    0x82, 0xf0, 0xa2, 0xf0, 0x82, 0xe8, 0xa2, 0xe8, 0x82, 0xe8, 0xa2, 0xf0,
    0xa2, 0xf0, 0xa2, 0xf0, 0x82, 0xe8, 0xa1, 0xe8, 0xa1, 0xf0, 0x82, 0xf0,
    0xa2, 0xe8, 0xa1, 0xe8, 0xa2, 0xf0, 0xa2, 0xf0, 0xa1, 0xe8, 0xa1, 0xe8,
    0xa2, 0xf0, 0x82, 0xe8, 0xa1, 0xe8, 0xa2, 0xf0, 0xa2, 0xe8, 0xa1, 0xe8,
    0x82, 0xf0, 0x82, 0xf0, 0xa2, 0xe8, 0x82, 0xf0, 0xa1, 0xf0, 0xa1, 0xf0,
    0x82, 0xf0, 0xa2, 0xe8, 0xa2, 0xf0, 0xa2, 0xe8, 0xa2, 0xf0, 0xa1, 0xe8,
    0xa2, 0xe8, 0x82, 0xe8, 0x82, 0xf0, 0xa1, 0xe8, 0xa2, 0xe8, 0x82, 0xe8,
    0xa2, 0xf0, 0x81, 0xe8, 0xa2, 0xf0, 0xa2, 0xe8, 0x82, 0xe8, 0xa2, 0xf0,
    0x82, 0xe8, 0x82, 0xf0, 0xa2, 0xf0, 0xa2, 0xe8, 0xa2, 0xf0, 0x81, 0xf0,
    0x81, 0xe8, 0xa2, 0xf0, 0x81, 0xe8, 0xa1, 0xf0, 0x82, 0xf0, 0x82, 0xe8,
    0xa2, 0xf0, 0xa2, 0xf0, 0x82, 0xe8, 0x81, 0xf0, 0xa2, 0xf0, 0xa2, 0xe8,
    0x82, 0xf0, 0x82, 0xe8, 0x82, 0xf0, 0xa2, 0xf0, 0x82, 0xe8, 0x82, 0xe8,
    0x82, 0xf0, 0x82, 0xf0, 0xa2, 0xf0, 0xa2, 0xf0, 0x82, 0xf0, 0x81, 0xf0,
    0xa2, 0xe8, 0xa2, 0xe8, 0xa2, 0xf0, 0xa2, 0xf0, 0xa2, 0xf0, 0xa2, 0xe8,
    0xa2, 0xf0, 0x81, 0xf0, 0xa2, 0xe8, 0xa2, 0xe8, 0xa2, 0xf0, 0xa1, 0xf0,
    0x81, 0xe8, 0xa2, 0xf0, 0x82, 0xf0, 0xa2, 0xe8, 0xa2, 0xe8, 0x81, 0xf0,
    0xa1, 0xe8, 0x82, 0xe8, 0xa2, 0xf0, 0xa2, 0xe8, 0xa2, 0xf0, 0xa2, 0xe8,
    0x81, 0xe8, 0x82, 0xf0, 0xa2, 0xe8, 0x82, 0xe8, 0xa1, 0xe8, 0x82, 0xe8,
    0x82, 0xe8, 0xa2, 0xe8, 0xa2, 0xf0, 0xa2, 0xf0, 0xa2, 0xe8, 0xa2, 0xf0,
    0xa2, 0xf0, 0xa2, 0xe8, 0xa2, 0xf0, 0xa1, 0xf0, 0x82, 0xf0, 0xa2, 0xe8,
    0xa1, 0xf0, 0x82, 0xe8, 0x81, 0xf0, 0xa2, 0xf0, 0xa2, 0xe8, 0x81, 0xf0,
    0xa2, 0xe8, 0xa1, 0xe8, 0xa2, 0xf0, 0xa2, 0xf0, 0xa2, 0xe8, 0xa2, 0xf0,
    0xa2, 0xf0, 0xa2, 0xf0, 0xa2, 0xf0, 0xa1, 0xe8, 0xa2, 0xe8, 0x82, 0xf0,
    0x82, 0xe8, 0xa2, 0xe8, 0xa2, 0xf0, 0xa2, 0xe8, 0xa2, 0xe8, 0x81, 0xe8,
    0xa2, 0xf0, 0xa2, 0xe8, 0x82, 0xf0, 0xa1, 0xf0, 0xa2, 0xe8, 0x82, 0xe8,
    0x81, 0xe8, 0xa2, 0xf0, 0xa2, 0xf0, 0xa2, 0xf0, 0x81, 0xe8, 0xa2, 0xe8,
    0xa2, 0xf0, 0xa2, 0xe8, 0xa1, 0xf0, 0x82, 0xf0, 0xa2, 0xe8, 0xa2, 0xe8,
    0xa2, 0xf0, 0xa2, 0xe8, 0xa2, 0xf0, 0xa2, 0xe8, 0xa2, 0xf0, 0xa1, 0xe8,
    0x61, 0xf0, 0x81, 0xe8, 0x82, 0xe8, 0xa2, 0xe8, 0x82, 0xf0, 0xa2, 0xf0,
    0xa2, 0xe8, 0xa2, 0xf0, 0x82, 0xe8, 0xa1, 0xe8, 0xa2, 0xf0, 0x82, 0xe8,
    0xa1, 0xf0, 0xa2, 0xe8, 0x82, 0xf0, 0xa2, 0xf0, 0xa2, 0xf0, 0xa2, 0xf0,
    0xa2, 0xe8, 0xa2, 0xf0, 0xa2, 0xe8, 0xa1, 0xf0, 0xa2, 0xf0, 0xa2, 0xe8,
    0xa2, 0xf0, 0xa2, 0xe8, 0xa2, 0xf0, 0xa2, 0xe8, 0xa2, 0xe8, 0xa2, 0xf0,
    0xa2, 0xf0, 0xa2, 0xf0, 0xa2, 0xe8, 0x82, 0xf0, 0xa2, 0xf0, 0xa1, 0xe8,
    0xa2, 0xe8, 0xa2, 0xf0, 0xa2, 0xf0, 0xa1, 0xe8, 0xa2, 0xf0, 0xa2, 0xe8,
    0xa2, 0xe8, 0xa2, 0xf0, 0xa2, 0xe8, 0x81, 0xe8, 0x82, 0xf0, 0x81, 0xe8,
    0x82, 0xe8, 0xa2, 0xf0, 0xa1, 0xf0, 0x82, 0xe8, 0x81, 0xe8, 0xa2, 0xf0,
    0x82, 0xe8, 0x82, 0xf0, 0xa1, 0xf0, 0x81, 0xe8, 0x81, 0xf0, 0xa1, 0xe8,
    0xa1, 0xf0, 0xa2, 0xf0, 0x81, 0xe8, 0xa2, 0xf0, 0xa2, 0xf0, 0x82, 0xe8,
    0xa2, 0xf0, 0x82, 0xe8, 0x82, 0xe8, 0x82, 0xf0, 0xa1, 0xf0, 0xa2, 0xf0,
    0xa2, 0xf0, 0xa2, 0xf0, 0x82, 0xf0, 0xa2, 0xe8, 0x82, 0xe8, 0xa2, 0xf0,
    0x82, 0xe8, 0x81, 0xf0, 0xa1, 0xf0, 0x81, 0xe8, 0x82, 0xe8, 0xa1, 0xf0,
    0xa1, 0xe8, 0xa2, 0xe8, 0xa2, 0xf0, 0xa2, 0xf0, 0xa2, 0xe8, 0xa2, 0xf0,
    0x82, 0xe8, 0xa1, 0xf0, 0xa2, 0xf0, 0xa2, 0xe8, 0xa2, 0xf0, 0xa2, 0xf0,
    0xa2, 0xf0, 0xa2, 0xf0, 0xa1, 0xe8, 0x82, 0xe8, 0xa2, 0xf0, 0xa1, 0xf0,
    0xa2, 0xf0, 0xa2, 0xe8, 0xa2, 0xe8, 0xa2, 0xf0, 0xa2, 0xe8, 0xa1, 0xe8,
    0x81, 0xe8, 0x82, 0xf0, 0x82, 0xf0, 0xa1, 0xe8, 0x82, 0xf0, 0x81, 0xe8,
    0xa2, 0xe8, 0xa2, 0xf0, 0xa1, 0xf0, 0xa2, 0xe8, 0xa2, 0xe8, 0xa2, 0xe8,
    0xa1, 0xf0, 0xa2, 0xe8, 0x82, 0xe8, 0x81, 0xe8, 0x82, 0xe8, 0x82, 0xf0,
    0xa2, 0xf0, 0xa1, 0xe8, 0x81, 0xe8, 0xa2, 0xf0, 0xa1, 0xf0, 0xa1, 0xf0,
    0xa2, 0xf0, 0xa2, 0xe8, 0x82, 0xf0, 0xa2, 0xf0, 0x81, 0xe8, 0x82, 0xe8,
    0xa2, 0xf0, 0xa2, 0xf0, 0x81, 0xe8, 0xa2, 0xf0, 0xa2, 0xf0, 0x81, 0xe8,
    0x81, 0xe8, 0x82, 0xf0, 0xa2, 0xf0, 0xa2, 0xe8, 0xa2, 0xe8, 0xa1, 0xe8,
    0x82, 0xf0, 0xa1, 0xe8, 0xa1, 0xe8, 0xa2, 0xf0, 0xa2, 0xf0, 0xa2, 0xf0,
    0x81, 0xf0, 0x82, 0xe8, 0xa2, 0xe8, 0xa2, 0xf0, 0x82, 0xf0, 0x82, 0xe8,
    0xa2, 0xf0, 0xa2, 0xe8, 0x81, 0xe8, 0x81, 0xe8, 0xa2, 0xf0, 0xa2, 0xf0,
    0x82, 0xe8, 0xa2, 0xe8, 0xa2, 0xe8, 0xa2, 0xf0, 0x82, 0xe8, 0x82, 0xf0,
    0xa2, 0xf0, 0xa2, 0xf0, 0xa2, 0xf0, 0xa2, 0xe8, 0xa2, 0xf0, 0x82, 0xe8,
    0x81, 0xe8, 0x82, 0xf0, 0x81, 0xe8, 0x81, 0xf0, 0xa1, 0xf0, 0x81, 0xe8,
    0x81, 0xe8, 0xa1, 0xf0, 0x82, 0xf0, 0xa2, 0xe8, 0x81, 0xf0, 0xa2, 0xf0,
    0x82, 0xe8, 0x82, 0xf0, 0x81, 0xf0, 0xa2, 0xe8, 0x82, 0xf0, 0x82, 0xf0,
    0xa2, 0xf0, 0xa2, 0xf0, 0xa2, 0xe8, 0xa2, 0xf0, 0xa2, 0xf0, 0x81, 0xe8,
    0xa1, 0xf0, 0x81, 0xf0, 0x82, 0xf0, 0xa2, 0xf0, 0xa1, 0xe8, 0x82, 0xf0,
    0xa1, 0xf0, 0xa1, 0xe8, 0x82, 0xf0, 0xa2, 0xf0, 0x81, 0xe8, 0xa1, 0xe8,
    0xa2, 0xf0, 0xa2, 0xf0, 0x81, 0xe8, 0xa1, 0xe8, 0xa2, 0xf0, 0xa2, 0xf0,
    0x81, 0xe8, 0xa2, 0xf0, 0xa1, 0xe8, 0xa2, 0xf0, 0x82, 0xf0, 0xa2, 0xe8,
    0xa1, 0xf0, 0xa1, 0xf0, 0x82, 0xf0, 0xa2, 0xe8, 0xa2, 0xf0, 0xa1, 0xf0,
    0xa2, 0xe8, 0x82, 0xf0, 0x81, 0xe8, 0xa2, 0xf0, 0xa2, 0xf0, 0xa2, 0xe8,
    0xa2, 0xf0, 0x82, 0xf0, 0xa2, 0xe8, 0xa2, 0xf0, 0xa2, 0xf0, 0x81, 0xe8,
    0x82, 0xf0, 0xa2, 0xf0, 0x82, 0xe8, 0xa2, 0xf0, 0x81, 0xf0, 0xa2, 0xe8,
    0x81, 0xe8, 0xa2, 0xe8, 0xa1, 0xe8, 0x82, 0xf0, 0x82, 0xe8, 0x82, 0xe8,
    0x82, 0xe8, 0xa2, 0xf0, 0xa2, 0xf0, 0xa2, 0xf0, 0x82, 0xf0, 0xa2, 0xe8,
    0xa2, 0xf0, 0x82, 0xf0, 0xa2, 0xe8, 0x82, 0xf0, 0xa1, 0xf0, 0xa2, 0xe8,
    0x82, 0xe8, 0x82, 0xf0, 0x82, 0xf0, 0xa1, 0xe8, 0x82, 0xe8, 0xa2, 0xf0,
    0x82, 0xf0, 0x82, 0xe8, 0xa2, 0xf0, 0x82, 0xe8, 0xa2, 0xf0, 0x81, 0xe8,
    0xa2, 0xe8, 0xa2, 0xf0, 0xa2, 0xf0, 0x82, 0xe8, 0xa1, 0xf0, 0x81, 0xe8,
    0x82, 0xf0, 0x81, 0xe8, 0x81, 0xe8, 0x81, 0xe8, 0x82, 0xe8, 0x81, 0xe8,
    0x82, 0xe8, 0xa2, 0xe8, 0x81, 0xf0, 0x82, 0xf0, 0xa2, 0xf0, 0xa2, 0xf0,
    0xa2, 0xf0, 0xa2, 0xf0, 0xa2, 0xf0, 0xa2, 0xe8, 0xa2, 0xf0, 0xa2, 0xf0,
    0x82, 0xe8, 0xa2, 0xe8, 0xa2, 0xe8, 0xa2, 0xf0, 0xa2, 0xf0, 0xa2, 0xf0,
    0xa2, 0xe8, 0xa1, 0xe8, 0xa2, 0xf0, 0xa2, 0xe8, 0xa1, 0xe8, 0xa2, 0xe8,
    0xa2, 0xf0, 0xa1, 0xf0, 0x61, 0xf0, 0x81, 0xe8, 0x82, 0xf0, 0x82, 0xf0,
    0xa1, 0xe8, 0xa2, 0xf0, 0xa2, 0xe8, 0x82, 0xf0, 0xa2, 0xf0, 0xa2, 0xf0,
    0xa2, 0xe8, 0xa2, 0xf0, 0xa2, 0xe8, 0x81, 0xe8, 0xa2, 0xf0, 0xa2, 0xe8,
    0xa2, 0xf0, 0xa2, 0xf0, 0xa2, 0xf0, 0xa2, 0xf0, 0x82, 0xe8, 0xa2, 0xe8,
    0xa2, 0xf0, 0x82, 0xf0, 0xa1, 0xe8, 0xa2, 0xe8, 0xa2, 0xf0, 0xa2, 0xf0,
    0xa2, 0xe8, 0xa2, 0xe8, 0xa2, 0xf0, 0xa1, 0xf0, 0x82, 0xe8, 0xa2, 0xf0,
    0xa2, 0xf0, 0x82, 0xe8, 0xa2, 0xf0, 0xa2, 0xf0, 0x82, 0xe8, 0x82, 0xf0,
    0xa2, 0xf0, 0x82, 0xf0, 0xa2, 0xf0, 0xa2, 0xf0, 0xa2, 0xf0, 0x82, 0xe8,
    0xa1, 0xf0, 0xa2, 0xe8, 0x82, 0xf0, 0xa2, 0xf0, 0xa2, 0xf0, 0xa2, 0xf0,
    0x82, 0xe8, 0xa1, 0xf0, 0x82, 0xe8, 0xa2, 0xe8, 0xa2, 0xf0, 0x81, 0xe8,
    0x82, 0xe8, 0xa2, 0xf0, 0xa1, 0xf0, 0xa2, 0xe8, 0x82, 0xf0, 0xa2, 0xf0,
    0xa2, 0xe8, 0xa2, 0xf0, 0xa2, 0xf0, 0x81, 0xe8, 0x82, 0xf0, 0xa1, 0xf0,
    0x82, 0xf0, 0x82, 0xf0, 0xa2, 0xf0, 0xa2, 0xf0, 0x82, 0xf0, 0xa2, 0xf0,
    0xa2, 0xf0, 0xa1, 0xe8, 0x82, 0xe8, 0xa2, 0xe8, 0xa2, 0xe8, 0x82, 0xe8,
    0x82, 0xf0, 0xa2, 0xe8, 0xa2, 0xe8, 0x81, 0xe8, 0xa2, 0xe8, 0xa2, 0xe8,
    0x82, 0xf0, 0xa2, 0xf0, 0xa2, 0xe8, 0xa2, 0xf0, 0xa2, 0xe8, 0x82, 0xf0,
    0xa1, 0xe8, 0xa2, 0xf0, 0x82, 0xf0, 0xa1, 0xf0, 0xa2, 0xf0, 0xa2, 0xf0,
    0xa2, 0xe8, 0x82, 0xf0, 0xa2, 0xf0, 0xa2, 0xf0, 0x81, 0xf0, 0xa2, 0xf0,
    0x82, 0xe8, 0xa1, 0xf0, 0xa1, 0xe8, 0x81, 0xe8, 0xa2, 0xf0, 0xa1, 0xe8,
    0x81, 0xf0, 0xa2, 0xf0, 0x81, 0xe8, 0xa2, 0xf0, 0xa1, 0xe8, 0xa2, 0xe8,
    0xa2, 0xe8, 0xa1, 0xe8, 0xa2, 0xf0, 0xa2, 0xe8, 0xa2, 0xf0, 0xa2, 0xf0,
    0xa1, 0xe8, 0x82, 0xe8, 0xa2, 0xf0, 0xa2, 0xf0, 0x82, 0xe8, 0x81, 0xf0,
    0x82, 0xe8, 0x81, 0xe8, 0x82, 0xf0, 0xa2, 0xe8, 0xa2, 0xf0, 0xa2, 0xf0,
    0xa2, 0xe8, 0x82, 0xe8, 0xa2, 0xf0, 0xa2, 0xf0, 0x81, 0xe8, 0x82, 0xe8,
    0xa2, 0xf0, 0xa2, 0xf0, 0x81, 0xe8, 0xa2, 0xf0, 0x82, 0xf0, 0x82, 0xe8,
    0x81, 0xe8, 0xa2, 0xe8, 0x82, 0xf0, 0x82, 0xf0, 0xa2, 0xe8, 0xa2, 0xf0,
    0xa2, 0xf0, 0xa2, 0xe8, 0xa2, 0xf0, 0xa2, 0xf0, 0x81, 0xe8, 0x81, 0xe8,
    0xa2, 0xf0, 0x82, 0xe8, 0xa2, 0xe8, 0x81, 0xf0, 0x81, 0xf0, 0xa2, 0xf0,
    0xa2, 0xe8, 0xa2, 0xf0, 0x82, 0xf0, 0xa2, 0xe8, 0xa1, 0xe8, 0x81, 0xe8,
    0xa2, 0xe8, 0xa1, 0xe8, 0xa2, 0xf0, 0x82, 0xe8, 0xa2, 0xf0, 0xa1, 0xf0,
    0xa2, 0xe8, 0xa1, 0xf0, 0xa1, 0xe8, 0xa2, 0xe8, 0xa2, 0xf0, 0xa1, 0xe8,
    0x82, 0xe8, 0x82, 0xf0, 0xa1, 0xe8, 0x82, 0xf0, 0xa2, 0xf0, 0x82, 0xe8,
    0xa2, 0xe8, 0x82, 0xf0, 0xa1, 0xf0, 0xa2, 0xe8, 0x82, 0xe8, 0xa2, 0xf0,
    0xa1, 0xe8, 0x82, 0xe8, 0xa2, 0xf0, 0xa1, 0xf0, 0xa2, 0xe8, 0xa2, 0xf0,
    0x81, 0xe8, 0xa2, 0xf0, 0x82, 0xe8, 0x81, 0xf0, 0x82, 0xf0, 0xa1, 0xe8,
    0x82, 0xf0, 0x82, 0xf0, 0x82, 0xe8, 0x82, 0xf0, 0xa2, 0xe8, 0x81, 0xe8,
    0xa1, 0xf0, 0x82, 0xf0, 0xa2, 0xe8, 0xa1, 0xf0, 0x81, 0xe8, 0x82, 0xf0,
    0xa2, 0xe8, 0x81, 0xe8, 0xa2, 0xf0, 0x81, 0xe8, 0x81, 0xf0, 0xa2, 0xf0,
    0x82, 0xf0, 0xa2, 0xe8, 0xa1, 0xf0, 0xa2, 0xf0, 0xa2, 0xe8, 0xa2, 0xe8,
    0xa1, 0xf0, 0xa2, 0xf0, 0xa1, 0xe8, 0xa1, 0xf0, 0x81, 0xe8, 0x82, 0xe8,
    0x82, 0xf0, 0xa2, 0xf0, 0xa1, 0xe8, 0xa1, 0xf0, 0xa2, 0xe8, 0xa2, 0xf0,
    0xa2, 0xf0, 0xa2, 0xe8, 0xa2, 0xf0, 0xa2, 0xf0, 0x82, 0xe8, 0x82, 0xe8,
    0xa2, 0xf0, 0x81, 0xe8, 0xa2, 0xe8, 0x81, 0xe8, 0x82, 0xe8, 0xa1, 0xe8,
    0x82, 0xe8, 0x82, 0xe8, 0xa2, 0xf0, 0xa2, 0xf0, 0xa2, 0xf0, 0x81, 0xe8,
    0xa2, 0xf0, 0xa2, 0xf0, 0x81, 0xe8, 0xa2, 0xe8, 0xa2, 0xe8, 0xa2, 0xe8,
    0xa1, 0xf0, 0xa2, 0xf0, 0x82, 0xe8, 0xa1, 0xf0, 0xa2, 0xe8, 0x82, 0xf0,
    0xa2, 0xe8, 0x81, 0xe8, 0xa2, 0xf0, 0xa2, 0xe8, 0xa2, 0xf0, 0x81, 0xf0,
    0xa2, 0xf0, 0xa2, 0xf0, 0xa2, 0xf0, 0xa2, 0xe8, 0x82, 0xf0, 0xa2, 0xf0,
    0xa1, 0xe8, 0x82, 0xf0, 0xa2, 0xf0, 0xa2, 0xe8, 0xa2, 0xe8, 0xa2, 0xe8,
    0xa1, 0xe8, 0x82, 0xe8, 0xa1, 0xe8, 0xa2, 0xe8, 0xa2, 0xe8, 0xa2, 0xf0,
    0xa2, 0xe8, 0x82, 0xe8, 0xa2, 0xf0, 0xa2, 0xf0, 0x82, 0xe8, 0xa1, 0xf0,
    0xa2, 0xf0, 0xa2, 0xe8, 0xa1, 0xe8, 0x82, 0xe8, 0xa1, 0xe8, 0xa2, 0xe8,
    0x82, 0xf0, 0xa2, 0xf0, 0xa2, 0xf0, 0xa2, 0xe8, 0xa2, 0xe8, 0xa2, 0xf0,
    0x81, 0xe8, 0xa2, 0xe8, 0xa2, 0xf0, 0x81, 0xf0, 0x81, 0xf0, 0x81, 0xe8,
    0x82, 0xe8, 0x82, 0xf0, 0xa1, 0xe8, 0xa2, 0xf0, 0x82, 0xf0, 0xa2, 0xe8,
    0xa2, 0xf0, 0xa2, 0xf0, 0xa2, 0xe8, 0xa2, 0xf0, 0x82, 0xf0, 0xa2, 0xf0,
    0xa2, 0xf0, 0xa2, 0xe8, 0xa2, 0xf0, 0xa2, 0xf0, 0xa2, 0xf0, 0xa1, 0xf0,
    0xa2, 0xf0, 0xa2, 0xf0, 0x81, 0xe8, 0xa2, 0xe8, 0xa2, 0xf0, 0xa2, 0xf0,
    0xa2, 0xf0, 0xa1, 0xf0, 0xa1, 0xe8, 0xa2, 0xf0, 0xa2, 0xf0, 0xa2, 0xf0,
    0xa2, 0xe8, 0xa2, 0xf0, 0xa2, 0xf0, 0xa2, 0xe8, 0x81, 0xe8, 0x81, 0xf0,
    0xa2, 0xe8, 0xa2, 0xf0, 0xa2, 0xf0, 0xa1, 0xe8, 0x82, 0xe8, 0xa2, 0xf0,
    0xa2, 0xf0, 0x82, 0xe8, 0xa2, 0xf0, 0xa2, 0xe8, 0x81, 0xe8, 0xa2, 0xf0,
    0xa2, 0xe8, 0xa2, 0xf0, 0x82, 0xe8, 0x82, 0xf0, 0xa1, 0xf0, 0x82, 0xe8,
    0xa2, 0xf0, 0xa2, 0xf0, 0xa2, 0xf0, 0xa2, 0xe8, 0xa1, 0xf0, 0x81, 0xe8,
    0x82, 0xe8, 0xa2, 0xf0, 0xa1, 0xf0, 0xa2, 0xe8, 0xa2, 0xf0, 0x82, 0xf0,
    0x82, 0xf0, 0xa2, 0xf0, 0x81, 0xf0, 0x82, 0xf0, 0xa2, 0xf0, 0xa2, 0xf0,
    0x81, 0xf0, 0x81, 0xf0, 0xa2, 0xf0, 0xa2, 0xf0, 0x82, 0xf0, 0xa2, 0xe8,
    0xa2, 0xe8, 0x81, 0xe8, 0xa2, 0xf0, 0x82, 0xe8, 0xa2, 0xe8, 0xa2, 0xf0,
    0xa2, 0xe8, 0xa2, 0xf0, 0x81, 0xf0, 0xa2, 0xe8, 0xa2, 0xf0, 0x81, 0xf0,
    0xa2, 0xe8, 0xa2, 0xf0, 0x81, 0xf0, 0xa1, 0xe8, 0xa2, 0xe8, 0xa1, 0xe8,
    0xa2, 0xf0, 0xa2, 0xf0, 0x82, 0xe8, 0xa2, 0xe8, 0xa2, 0xf0, 0x82, 0xe8,
    0xa1, 0xf0, 0xa2, 0xf0, 0x82, 0xf0, 0xa2, 0xf0, 0xa1, 0xf0, 0xa2, 0xf0,
    0x82, 0xe8, 0x81, 0xf0, 0xa2, 0xe8, 0xa2, 0xf0, 0xa2, 0xf0, 0xa2, 0xe8,
    0xa1, 0xf0, 0xa2, 0xf0, 0x81, 0xe8, 0x81, 0xe8, 0x82, 0xf0, 0xa2, 0xe8,
    0xa1, 0xf0, 0x82, 0xf0, 0xa2, 0xf0, 0xa2, 0xf0, 0xa2, 0xe8, 0xa2, 0xf0,
    0x82, 0xe8, 0xa2, 0xf0, 0xa2, 0xf0, 0x82, 0xf0, 0xa2, 0xf0, 0xa2, 0xe8,
    0xa2, 0xf0, 0xa2, 0xf0, 0x81, 0xe8, 0xa2, 0xf0, 0xa2, 0xf0, 0xa2, 0xe8,
    0x82, 0xe8, 0x82, 0xf0, 0xa2, 0xf0, 0x82, 0xe8, 0xa2, 0xe8, 0xa2, 0xf0,
    0x82, 0xe8, 0x82, 0xf0, 0xa2, 0xe8, 0xa2, 0xe8, 0x82, 0xf0, 0x82, 0xe8,
    0x82, 0xe8, 0xa2, 0xf0, 0x82, 0xf0, 0xa2, 0xe8, 0xa2, 0xf0, 0xa2, 0xf0,
    0x82, 0xe8, 0xa2, 0xf0, 0xa2, 0xf0, 0x82, 0xe8, 0xa2, 0xf0, 0xa1, 0xf0,
    0xa2, 0xf0, 0x82, 0xe8, 0xa2, 0xf0, 0xa2, 0xf0, 0xa2, 0xf0, 0xa2, 0xf0,
    0xa2, 0xe8, 0xa2, 0xf0, 0xa2, 0xe8, 0xa2, 0xe8, 0x82, 0xf0, 0xa2, 0xf0,
    0x81, 0xe8, 0xa2, 0xf0, 0x82, 0xf0, 0xa2, 0xf0, 0x81, 0xf0, 0xa1, 0xe8,
    0x82, 0xf0, 0xa2, 0xf0, 0xa1, 0xe8, 0xa2, 0xf0, 0x82, 0xf0, 0xa1, 0xe8,
    0x82, 0xe8, 0xa2, 0xf0, 0x81, 0xe8, 0xa2, 0xe8, 0x82, 0xf0, 0xa2, 0xf0,
    0xa2, 0xe8, 0x81, 0xf0, 0x82, 0xe8, 0xa2, 0xe8, 0xa2, 0xf0, 0x81, 0xe8,
    0xa2, 0xf0, 0xa2, 0xf0, 0x82, 0xe8, 0xa2, 0xf0, 0xa1, 0xf0, 0x81, 0xf0,
    0xa2, 0xf0, 0x81, 0xf0, 0x81, 0xf0, 0x82, 0xf0, 0x82, 0xf0, 0x81, 0xf0,
    0x82, 0xf0, 0x82, 0xf0, 0xa1, 0xf0, 0x82, 0xf0, 0x82, 0xe8, 0xa2, 0xf0,
    0x81, 0xf0, 0xa2, 0xe8, 0x82, 0xf0, 0x82, 0xf0, 0xa2, 0xe8, 0xa1, 0xf0,
    0x82, 0xf0, 0xa2, 0xf0, 0x82, 0xf0, 0xa2, 0xe8, 0xa2, 0xf0, 0x82, 0xf0,
    0xa2, 0xe8, 0xa1, 0xf0, 0xa2, 0xf0, 0xa2, 0xf0, 0xa1, 0xf0, 0xa1, 0xf0,
    0xa2, 0xe8, 0x82, 0xe8, 0x81, 0xf0, 0xa2, 0xf0, 0xa2, 0xe8, 0x81, 0xf0,
    0xa2, 0xf0, 0xa1, 0xe8, 0x82, 0xe8, 0xa2, 0xe8, 0xa2, 0xf0, 0xa2, 0xf0,
    0x81, 0xe8, 0xa2, 0xf0, 0xa2, 0xe8, 0x82, 0xe8, 0x82, 0xf0, 0xa2, 0xe8,
    0x82, 0xe8, 0x81, 0xe8, 0x82, 0xe8, 0x82, 0xe8, 0xa2, 0xf0, 0x82, 0xf0,
    0xa2, 0xe8, 0xa2, 0xe8, 0xa2, 0xf0, 0xa2, 0xf0, 0xa2, 0xf0, 0xa2, 0xe8,
    0xa2, 0xf0, 0x81, 0xe8, 0xa2, 0xf0, 0x81, 0xe8, 0x82, 0xf0, 0xa2, 0xe8,
    0x81, 0xf0, 0xa2, 0xf0, 0x82, 0xe8, 0xa2, 0xf0, 0x81, 0xe8, 0x82, 0xe8,
    0x81, 0xf0, 0xa2, 0xe8, 0xa2, 0xe8, 0x81, 0xf0, 0xa2, 0xf0, 0xa2, 0xe8,
    0x82, 0xf0, 0xa1, 0xf0, 0xa2, 0xe8, 0x82, 0xe8, 0x82, 0xf0, 0x81, 0xe8,
    0xa2, 0xe8, 0x82, 0xe8, 0xa1, 0xe8, 0x82, 0xf0, 0x82, 0xe8, 0x81, 0xe8,
    0x81, 0xe8, 0xa2, 0xf0, 0xa2, 0xe8, 0xa1, 0xe8, 0x82, 0xe8, 0xa2, 0xe8,
    0xa2, 0xe8, 0x82, 0xf0, 0xa2, 0xf0, 0xa2, 0xf0, 0xa2, 0xf0, 0xa2, 0xf0,
    0xa2, 0xe8, 0xa2, 0xf0, 0xa2, 0xf0, 0xa2, 0xe8, 0xa2, 0xf0, 0x81, 0xe8,
    0xa2, 0xf0, 0xa2, 0xf0, 0xa2, 0xe8, 0xa2, 0xe8, 0xa1, 0xf0, 0xa2, 0xf0,
    0x81, 0xf0, 0x81, 0xf0, 0x82, 0xe8, 0x81, 0xe8, 0xa2, 0xf0, 0xa2, 0xf0,
    0xa2, 0xe8, 0xa2, 0xf0, 0xa2, 0xf0, 0xa2, 0xe8, 0xa2, 0xe8, 0xa2, 0xf0,
    0xa2, 0xf0, 0xa2, 0xf0, 0xa2, 0xf0, 0xa1, 0xf0, 0xa2, 0xf0, 0xa1, 0xf0,
    0xa2, 0xf0, 0xa1, 0xe8, 0xa1, 0xf0, 0xa2, 0xf0, 0xa1, 0xf0, 0xa1, 0xe8,
    0xa2, 0xf0, 0xa1, 0xe8, 0xa1, 0xe8, 0xa2, 0xe8, 0xa2, 0xf0, 0xa2, 0xf0,
    0xa2, 0xf0, 0x82, 0xe8, 0x81, 0xe8, 0x81, 0xe8, 0xa2, 0xf0, 0xa2, 0xf0,
    0x82, 0xe8, 0x82, 0xf0, 0xa1, 0xe8, 0x82, 0xe8, 0xa2, 0xf0, 0xa2, 0xf0,
    0xa2, 0xe8, 0x81, 0xe8, 0x81, 0xe8, 0x82, 0xf0, 0x82, 0xe8, 0xa1, 0xf0,
    0x82, 0xf0, 0xa2, 0xe8, 0xa2, 0xf0, 0xa2, 0xf0, 0x81, 0xe8, 0xa2, 0xe8,
    0xa2, 0xf0, 0xa2, 0xf0, 0x82, 0xe8, 0xa1, 0xf0, 0xa1, 0xf0, 0xa2, 0xe8,
    0xa2, 0xf0, 0xa1, 0xf0, 0x81, 0xe8, 0xa2, 0xf0, 0xa2, 0xf0, 0x82, 0xe8,
    0xa2, 0xf0, 0xa2, 0xf0, 0x82, 0xf0, 0x82, 0xf0, 0xa2, 0xf0, 0xa1, 0xf0,
    0xa2, 0xf0, 0x81, 0xf0, 0x81, 0xf0, 0xa1, 0xf0, 0x81, 0xe8, 0xa2, 0xf0,
    0x81, 0xf0, 0xa2, 0xe8, 0xa1, 0xe8, 0x81, 0xe8, 0xa2, 0xe8, 0x81, 0xe8,
    0x81, 0xe8, 0xa2, 0xe8, 0xa2, 0xf0, 0xa2, 0xf0, 0xa2, 0xe8, 0xa2, 0xf0,
    0x82, 0xf0, 0xa1, 0xe8, 0xa1, 0xf0, 0xa2, 0xf0, 0xa2, 0xe8, 0x81, 0xe8,
    0xa2, 0xf0, 0x82, 0xf0, 0xa1, 0xe8, 0xa2, 0xf0, 0xa2, 0xf0, 0xa1, 0xf0,
    0xa2, 0xe8, 0xa2, 0xf0, 0x81, 0xe8, 0x81, 0xf0, 0xa1, 0xf0, 0xa2, 0xf0,
    0xa2, 0xf0, 0xa2, 0xf0, 0xa2, 0xf0, 0xa1, 0xf0, 0x81, 0xe8, 0x81, 0xe8,
    0xa2, 0xf0, 0xa2, 0xe8, 0x81, 0xf0, 0xa2, 0xf0, 0xa2, 0xf0, 0xa2, 0xf0,
    0x82, 0xf0, 0xa2, 0xe8, 0xa2, 0xe8, 0x82, 0xf0, 0xa2, 0xf0, 0xa2, 0xe8,
    0x82, 0xf0, 0x82, 0xe8, 0xa2, 0xf0, 0x82, 0xf0, 0xa1, 0xe8, 0xa2, 0xf0,
    0xa2, 0xf0, 0x81, 0xe8, 0xa2, 0xf0, 0xa2, 0xf0, 0x82, 0xe8, 0xa2, 0xf0,
    0xa2, 0xf0, 0xa2, 0xf0, 0x81, 0xe8, 0xa2, 0xf0, 0xa2, 0xf0, 0xa2, 0xe8,
    0x81, 0xf0, 0x82, 0xe8, 0xa2, 0xf0, 0xa1, 0xf0, 0xa2, 0xf0, 0x81, 0xe8,
    0xa2, 0xf0, 0xa2, 0xf0, 0xa1, 0xe8, 0x81, 0xe8, 0x82, 0xf0, 0x81, 0xe8,
    0x81, 0xe8, 0xa2, 0xf0, 0xa2, 0xf0, 0xa2, 0xf0, 0xa2, 0xe8, 0xa2, 0xf0,
    0xa2, 0xf0, 0xa2, 0xe8, 0xa2, 0xe8, 0xa2, 0xf0, 0x82, 0xe8, 0xa2, 0xe8,
    0xa2, 0xf0, 0x82, 0xf0, 0xa2, 0xf0, 0x81, 0xf0, 0x82, 0xf0, 0x82, 0xe8,
    0xa1, 0xf0, 0x82, 0xe8, 0x82, 0xe8, 0x81, 0xe8, 0xa2, 0xe8, 0x82, 0xe8,
    0xa1, 0xf0, 0x82, 0xe8, 0x81, 0xe8, 0x81, 0xf0, 0xa2, 0xe8, 0x81, 0xe8,
    0xa2, 0xf0, 0xa1, 0xf0, 0xa1, 0xf0, 0xa2, 0xf0, 0xa1, 0xf0, 0xa2, 0xf0,
    0x82, 0xe8, 0x81, 0xe8, 0xa2, 0xf0, 0x82, 0xf0, 0x82, 0xe8, 0xa2, 0xf0,
    0x82, 0xe8, 0x82, 0xe8, 0xa2, 0xf0, 0xa2, 0xf0, 0xa2, 0xf0, 0x82, 0xf0,
    0xa1, 0xf0, 0xa2, 0xf0, 0x82, 0xf0, 0xa2, 0xf0, 0x82, 0xf0, 0xa2, 0xf0,
    0x82, 0xf0, 0x82, 0xf0, 0x82, 0xf0, 0x82, 0xe8, 0x81, 0xf0, 0x81, 0xf0,
    0xa2, 0xe8, 0x82, 0xf0, 0xa1, 0xf0, 0xa1, 0xe8, 0xa2, 0xf0, 0xa2, 0xf0,
    0x81, 0xe8, 0xa1, 0xe8, 0xa2, 0xf0, 0xa1, 0xf0, 0xa2, 0xe8, 0xa2, 0xf0,
    0xa2, 0xe8, 0xa1, 0xf0, 0xa1, 0xf0, 0xa2, 0xe8, 0x82, 0xe8, 0xa2, 0xe8,
    0xa2, 0xf0, 0x82, 0xf0, 0xa2, 0xf0, 0xa1, 0xf0, 0xa1, 0xe8, 0xa2, 0xf0,
    0xa2, 0xe8, 0xa2, 0xf0, 0xa2, 0xf0, 0xa2, 0xe8, 0xa1, 0xe8, 0xa2, 0xe8,
    0xa2, 0xf0, 0x81, 0xe8, 0x81, 0xe8, 0xa2, 0xf0, 0x82, 0xf0, 0xa1, 0xf0,
    0xa2, 0xf0, 0xa2, 0xe8, 0x81, 0xe8, 0x82, 0xe8, 0x81, 0xe8, 0xa1, 0xe8,
    0x81, 0xe8, 0x82, 0xf0, 0xa2, 0xf0, 0xa2, 0xf0, 0x82, 0xe8, 0xa2, 0xf0,
    0xa2, 0xf0, 0x82, 0xf0, 0x81, 0xe8, 0xa2, 0xe8, 0xa2, 0xe8, 0xa2, 0xe8,
    0x82, 0xf0, 0xa2, 0xe8, 0x82, 0xe8, 0x81, 0xf0, 0xa2, 0xe8, 0x81, 0xe8,
    0xa2, 0xf0, 0x82, 0xf0, 0xa2, 0xe8, 0x82, 0xe8, 0xa2, 0xf0, 0xa1, 0xf0,
    0x82, 0xe8, 0xa2, 0xf0, 0xa2, 0xe8, 0xa2, 0xf0, 0xa2, 0xf0, 0xa2, 0xf0,
    0xa1, 0xe8, 0x82, 0xf0, 0x82, 0xf0, 0x81, 0xe8, 0x81, 0xe8, 0xa2, 0xf0,
    0xa2, 0xe8, 0x81, 0xe8, 0x82, 0xe8, 0x82, 0xf0, 0xa2, 0xf0, 0xa2, 0xe8,
    0xa1, 0xe8, 0xa2, 0xf0, 0xa1, 0xe8, 0xa2, 0xe8, 0x82, 0xf0, 0xa2, 0xe8,
    0x82, 0xf0, 0xa2, 0xf0, 0xa2, 0xe8, 0xa2, 0xf0, 0xa2, 0xf0, 0xa2, 0xf0,
    0xa2, 0xe8, 0xa2, 0xf0, 0xa2, 0xf0, 0xa2, 0xf0, 0x82, 0xe8, 0x82, 0xf0,
    0xa2, 0xf0, 0xa1, 0xe8, 0x61, 0xf0, 0x81, 0xf0, 0x82, 0xe8, 0x82, 0xe8,
    0x81, 0xe8, 0xa2, 0xf0, 0xa2, 0xe8, 0xa2, 0xf0, 0xa2, 0xf0, 0xa2, 0xe8,
    0xa2, 0xf0, 0xa1, 0xe8, 0xa2, 0xf0, 0xa2, 0xe8, 0xa2, 0xe8, 0xa2, 0xf0,
    0xa2, 0xe8, 0xa1, 0xf0, 0xa2, 0xf0, 0xa2, 0xf0, 0xa2, 0xe8, 0x81, 0xe8,
    0xa2, 0xf0, 0x82, 0xf0, 0xa2, 0xf0, 0xa1, 0xf0, 0xa2, 0xf0, 0xa2, 0xe8,
    0xa1, 0xe8, 0xa2, 0xe8, 0xa2, 0xf0, 0x82, 0xf0, 0x82, 0xe8, 0xa2, 0xf0,
    0xa2, 0xf0, 0xa2, 0xe8, 0xa2, 0xf0, 0xa2, 0xf0, 0xa2, 0xf0, 0xa2, 0xe8,
    0xa2, 0xf0, 0xa2, 0xf0, 0xa2, 0xf0, 0x82, 0xe8, 0xa2, 0xf0, 0xa2, 0xf0,
    0x81, 0xe8, 0x82, 0xe8, 0x82, 0xf0, 0x81, 0xe8, 0x82, 0xe8, 0x82, 0xf0,
    0xa1, 0xe8, 0x82, 0xe8, 0x82, 0xf0, 0xa2, 0xf0, 0xa2, 0xe8, 0xa1, 0xe8,
    0x82, 0xf0, 0xa2, 0xf0, 0xa2, 0xf0, 0x81, 0xf0, 0x81, 0xe8, 0xa2, 0xf0,
    0xa2, 0xf0, 0xa2, 0xe8, 0xa2, 0xe8, 0xa1, 0xf0, 0x82, 0xf0, 0xa1, 0xf0,
    0xa1, 0xf0, 0xa2, 0xf0, 0xa2, 0xf0, 0xa2, 0xf0, 0xa2, 0xf0, 0xa2, 0xf0,
    0xa2, 0xf0, 0x81, 0xe8, 0xa2, 0xe8, 0xa2, 0xf0, 0xa2, 0xe8, 0xa2, 0xe8,
    0x82, 0xe8, 0xa1, 0xe8, 0x82, 0xe8, 0xa2, 0xe8, 0xa2, 0xf0, 0xa2, 0xe8,
    0xa2, 0xf0, 0x82, 0xf0, 0xa2, 0xe8, 0xa2, 0xf0, 0x81, 0xf0, 0xa2, 0xf0,
    0xa2, 0xe8, 0xa2, 0xf0, 0xa2, 0xf0, 0xa2, 0xf0, 0x81, 0xe8, 0xa2, 0xf0,
    0xa2, 0xf0, 0xa1, 0xf0, 0xa2, 0xf0, 0xa2, 0xe8, 0x81, 0xe8, 0xa2, 0xe8,
    0xa1, 0xf0, 0xa1, 0xf0, 0x82, 0xf0, 0x81, 0xf0, 0xa2, 0xe8, 0xa2, 0xf0,
    0x81, 0xe8, 0x82, 0xf0, 0x81, 0xe8, 0xa1, 0xe8, 0xa2, 0xe8, 0xa1, 0xe8,
    0x82, 0xe8, 0xa2, 0xf0, 0xa2, 0xf0, 0xa2, 0xf0, 0xa2, 0xe8, 0xa2, 0xf0,
    0xa2, 0xe8, 0xa2, 0xf0, 0xa1, 0xf0, 0xa2, 0xf0, 0xa2, 0xe8, 0xa1, 0xf0,
    0x82, 0xe8, 0xa2, 0xe8, 0xa2, 0xf0, 0x81, 0xe8, 0x82, 0xe8, 0x82, 0xe8,
    0xa2, 0xf0, 0xa1, 0xe8, 0xa2, 0xf0, 0x82, 0xf0, 0x81, 0xe8, 0xa2, 0xe8,
    0xa2, 0xf0, 0xa2, 0xf0, 0x81, 0xe8, 0xa2, 0xe8, 0xa2, 0xe8, 0xa2, 0xf0,
    0x82, 0xe8, 0xa1, 0xf0, 0xa2, 0xf0, 0xa2, 0xf0, 0x82, 0xe8, 0xa2, 0xf0,
    0x81, 0xe8, 0xa2, 0xf0, 0x82, 0xe8, 0xa2, 0xf0, 0xa2, 0xe8, 0x82, 0xe8,
    0xa1, 0xf0, 0xa2, 0xf0, 0x82, 0xe8, 0x82, 0xf0, 0x82, 0xe8, 0x81, 0xf0,
    0xa2, 0xf0, 0xa2, 0xe8, 0xa1, 0xf0, 0x82, 0xe8, 0xa2, 0xe8, 0x81, 0xe8,
    0x82, 0xf0, 0xa2, 0xe8, 0xa1, 0xf0, 0xa2, 0xf0, 0x82, 0xe8, 0x81, 0xe8,
    0xa2, 0xf0, 0x82, 0xf0, 0xa1, 0xe8, 0xa2, 0xf0, 0x82, 0xf0, 0xa1, 0xe8,
    0xa2, 0xf0, 0xa2, 0xf0, 0xa2, 0xe8, 0xa2, 0xf0, 0xa2, 0xe8, 0x81, 0xe8,
    0xa2, 0xf0, 0xa2, 0xf0, 0xa2, 0xf0, 0xa2, 0xe8, 0xa2, 0xf0, 0xa1, 0xe8,
    0xa2, 0xf0, 0x81, 0xf0, 0x81, 0xe8, 0xa2, 0xf0, 0xa2, 0xe8, 0xa2, 0xe8,
    0x82, 0xf0, 0x81, 0xf0, 0x81, 0xf0, 0x82, 0xf0, 0xa2, 0xf0, 0x81, 0xf0,
    0xa1, 0xf0, 0xa2, 0xf0, 0x82, 0xf0, 0x81, 0xf0, 0x82, 0xf0, 0x82, 0xf0,
    0x81, 0xf0, 0x81, 0xf0, 0x82, 0xe8, 0xa1, 0xf0, 0x81, 0xe8, 0xa2, 0xe8,
    0xa2, 0xf0, 0xa1, 0xe8, 0x81, 0xe8, 0x82, 0xf0, 0xa2, 0xf0, 0xa2, 0xf0,
    0x82, 0xf0, 0xa2, 0xf0, 0x82, 0xf0, 0xa1, 0xf0, 0xa2, 0xf0, 0xa2, 0xf0,
    0xa2, 0xf0, 0xa2, 0xe8, 0xa1, 0xe8, 0xa2, 0xf0, 0xa2, 0xe8, 0xa1, 0xf0,
    0x82, 0xe8, 0xa2, 0xf0, 0x82, 0xf0, 0xa2, 0xe8, 0xa2, 0xf0, 0xa2, 0xe8,
    0x82, 0xe8, 0xa2, 0xe8, 0xa2, 0xf0, 0x82, 0xf0, 0xa2, 0xe8, 0x81, 0xe8,
    0x82, 0xe8, 0x82, 0xe8, 0xa2, 0xf0, 0x82, 0xe8, 0xa1, 0xe8, 0x82, 0xe8,
    0xa2, 0xf0, 0xa2, 0xe8, 0x82, 0xf0, 0x81, 0xe8, 0xa2, 0xf0, 0xa2, 0xe8,
    0x81, 0xf0, 0xa2, 0xe8, 0x81, 0xe8, 0x81, 0xe8, 0x82, 0xe8, 0xa2, 0xe8,
    0xa2, 0xe8, 0xa1, 0xe8, 0x82, 0xf0, 0xa2, 0xf0, 0xa2, 0xe8, 0x82, 0xf0,
    0xa2, 0xf0, 0x82, 0xe8, 0xa2, 0xf0, 0xa1, 0xf0, 0x81, 0xe8, 0x81, 0xf0,
    0xa2, 0xf0, 0xa2, 0xe8, 0xa1, 0xf0, 0xa2, 0xf0, 0xa2, 0xf0, 0xa2, 0xe8,
    0xa2, 0xf0, 0xa1, 0xf0, 0xa2, 0xf0, 0xa2, 0xf0, 0xa2, 0xe8, 0x82, 0xe8,
    0x82, 0xe8, 0xa2, 0xe8, 0xa2, 0xe8, 0xa2, 0xf0, 0xa1, 0xe8, 0xa2, 0xe8,
    0x81, 0xe8, 0xa2, 0xe8, 0x82, 0xe8, 0xa2, 0xf0, 0xa2, 0xe8, 0xa2, 0xe8,
    0xa2, 0xf0, 0xa1, 0xe8, 0xa2, 0xe8, 0x82, 0xf0, 0xa1, 0xe8, 0xa2, 0xe8,
    0xa2, 0xe8, 0xa2, 0xf0, 0xa2, 0xf0, 0xa2, 0xe8, 0x82, 0xe8, 0xa2, 0xf0,
    0xa2, 0xf0, 0xa2, 0xf0, 0xa2, 0xe8, 0xa1, 0xf0, 0x61, 0xf0, 0x81, 0xe8,
    0x81, 0xf0, 0x82, 0xf0, 0xa2, 0xe8, 0x82, 0xf0, 0x82, 0xf0, 0xa1, 0xe8,
    0xa2, 0xf0, 0xa2, 0xe8, 0xa2, 0xf0, 0x82, 0xf0, 0xa2, 0xe8, 0xa2, 0xf0,
    0xa2, 0xf0, 0x82, 0xf0, 0xa2, 0xf0, 0xa2, 0xf0, 0xa2, 0xf0, 0xa1, 0xf0,
    0xa2, 0xf0, 0x81, 0xf0, 0xa2, 0xe8, 0xa2, 0xf0, 0x81, 0xe8, 0xa2, 0xf0,
    0x82, 0xf0, 0xa1, 0xe8, 0xa1, 0xf0, 0xa2, 0xe8, 0xa2, 0xf0, 0x81, 0xf0,
    0xa2, 0xe8, 0x82, 0xf0, 0xa2, 0xf0, 0xa2, 0xe8, 0xa2, 0xf0, 0xa2, 0xf0,
    0x82, 0xe8, 0xa2, 0xf0, 0xa2, 0xf0, 0xa2, 0xf0, 0xa2, 0xe8, 0x81, 0xf0,
    0x82, 0xe8, 0xa2, 0xf0, 0xa2, 0xe8, 0xa2, 0xe8, 0xa2, 0xf0, 0xa1, 0xe8,
    0x81, 0xe8, 0xa2, 0xe8, 0xa2, 0xf0, 0x81, 0xf0, 0x82, 0xe8, 0xa1, 0xf0,
    0xa1, 0xf0, 0x82, 0xe8, 0xa2, 0xf0, 0xa1, 0xe8, 0xa2, 0xf0, 0x81, 0xf0,
    0xa2, 0xf0, 0xa2, 0xf0, 0xa1, 0xe8, 0x82, 0xf0, 0xa2, 0xf0, 0xa2, 0xe8,
    0x82, 0xe8, 0xa2, 0xf0, 0x81, 0xe8, 0xa1, 0xf0, 0xa2, 0xf0, 0xa2, 0xf0,
    0xa2, 0xf0, 0xa2, 0xf0, 0xa1, 0xe8, 0x82, 0xf0, 0xa2, 0xf0, 0xa1, 0xe8,
    0xa1, 0xe8, 0xa2, 0xf0, 0x82, 0xe8, 0xa1, 0xe8, 0xa2, 0xe8, 0xa2, 0xf0,
    0x81, 0xe8, 0xa1, 0xe8, 0xa2, 0xf0, 0xa2, 0xe8, 0xa2, 0xf0, 0xa2, 0xe8,
    0xa2, 0xe8, 0x82, 0xf0, 0xa2, 0xf0, 0xa2, 0xe8, 0xa1, 0xf0, 0xa1, 0xe8,
    0xa2, 0xf0, 0x82, 0xe8, 0xa2, 0xf0, 0xa2, 0xf0, 0xa2, 0xe8, 0xa1, 0xf0,
    0xa2, 0xf0, 0xa2, 0xf0, 0xa2, 0xf0, 0xa2, 0xf0, 0xa1, 0xe8, 0xa2, 0xf0,
    0xa2, 0xf0, 0xa2, 0xe8, 0xa2, 0xf0, 0xa1, 0xf0, 0xa2, 0xf0, 0xa1, 0xe8,
    0xa2, 0xe8, 0xa2, 0xf0, 0xa2, 0xe8, 0xa1, 0xe8, 0xa2, 0xf0, 0xa2, 0xf0,
    0x82, 0xf0, 0xa1, 0xe8, 0x82, 0xf0, 0xa2, 0xe8, 0xa1, 0xf0, 0xa2, 0xe8,
    0xa1, 0xf0, 0xa1, 0xf0, 0xa2, 0xf0, 0x82, 0xf0, 0xa2, 0xf0, 0xa2, 0xf0,
    0x81, 0xe8, 0xa2, 0xf0, 0x82, 0xf0, 0xa2, 0xe8, 0xa2, 0xf0, 0xa2, 0xf0,
    0x81, 0xe8, 0x82, 0xe8, 0xa2, 0xf0, 0xa2, 0xf0, 0x82, 0xe8, 0xa2, 0xe8,
    0xa1, 0xe8, 0x81, 0xe8, 0xa2, 0xe8, 0x82, 0xe8, 0xa2, 0xf0, 0x82, 0xe8,
    0xa2, 0xf0, 0xa2, 0xe8, 0x82, 0xf0, 0xa1, 0xe8, 0xa2, 0xf0, 0xa2, 0xf0,
    0xa1, 0xf0, 0xa1, 0xe8, 0xa2, 0xf0, 0xa2, 0xf0, 0xa2, 0xe8, 0xa2, 0xf0,
    0xa1, 0xe8, 0x82, 0xe8, 0xa2, 0xf0, 0xa2, 0xf0, 0xa2, 0xf0, 0xa2, 0xf0,
    0xa2, 0xe8, 0xa2, 0xf0, 0xa2, 0xe8, 0xa2, 0xe8, 0x82, 0xe8, 0xa2, 0xf0,
    0xa2, 0xf0, 0xa2, 0xf0, 0x82, 0xe8, 0xa2, 0xe8, 0x82, 0xe8, 0xa1, 0xe8,
    0xa1, 0xf0, 0x82, 0xe8, 0xa2, 0xf0, 0xa1, 0xf0, 0x81, 0xf0, 0xa2, 0xe8,
    0xa2, 0xf0, 0xa1, 0xf0, 0xa2, 0xf0, 0xa2, 0xf0, 0xa1, 0xe8, 0xa2, 0xf0,
    0xa2, 0xf0, 0x82, 0xe8, 0x82, 0xe8, 0xa2, 0xf0, 0xa2, 0xf0, 0xa2, 0xf0,
    0xa2, 0xf0, 0xa1, 0xe8, 0x81, 0xf0, 0xa2, 0xf0, 0x82, 0xf0, 0x82, 0xf0,
    0xa2, 0xf0, 0x82, 0xf0, 0x82, 0xf0, 0xa2, 0xf0, 0x81, 0xf0, 0x82, 0xf0,
    0x82, 0xf0, 0xa1, 0xf0, 0x82, 0xf0, 0x82, 0xf0, 0xa2, 0xf0, 0xa2, 0xf0,
    0xa2, 0xf0, 0xa2, 0xe8, 0xa2, 0xf0, 0xa2, 0xf0, 0xa2, 0xf0, 0xa2, 0xf0,
    0x82, 0xe8, 0xa2, 0xf0, 0xa2, 0xe8, 0xa2, 0xe8, 0x81, 0xf0, 0xa2, 0xf0,
    0xa2, 0xf0, 0xa2, 0xf0, 0x82, 0xf0, 0xa2, 0xf0, 0x81, 0xf0, 0xa2, 0xe8,
    0xa2, 0xf0, 0xa1, 0xf0, 0xa2, 0xe8, 0xa1, 0xf0, 0x82, 0xf0, 0xa2, 0xe8,
    0xa2, 0xf0, 0x81, 0xe8, 0xa2, 0xe8, 0xa2, 0xf0, 0xa2, 0xf0, 0xa2, 0xf0,
    0x82, 0xf0, 0xa2, 0xf0, 0xa2, 0xf0, 0x81, 0xe8, 0x81, 0xf0, 0xa2, 0xf0,
    0x82, 0xe8, 0xa1, 0xe8, 0x82, 0xe8, 0xa2, 0xe8, 0xa2, 0xe8, 0x82, 0xf0,
    0xa1, 0xe8, 0xa2, 0xf0, 0xa2, 0xf0, 0xa2, 0xe8, 0xa2, 0xe8, 0xa2, 0xf0,
    0x82, 0xf0, 0xa2, 0xf0, 0xa1, 0xe8, 0x81, 0xe8, 0xa2, 0xe8, 0x81, 0xe8,
    0xa1, 0xf0, 0x82, 0xe8, 0xa2, 0xf0, 0xa2, 0xf0, 0x82, 0xe8, 0xa1, 0xf0,
    0xa2, 0xf0, 0xa2, 0xe8, 0xa1, 0xf0, 0xa2, 0xe8, 0xa1, 0xf0, 0xa2, 0xf0,
    0xa2, 0xf0, 0xa2, 0xf0, 0xa2, 0xe8, 0xa2, 0xf0, 0xa2, 0xe8, 0xa2, 0xe8,
    0x81, 0xf0, 0x81, 0xe8, 0xa2, 0xe8, 0xa1, 0xe8, 0xa2, 0xe8, 0xa2, 0xe8,
    0xa2, 0xe8, 0xa2, 0xe8, 0x81, 0xe8, 0xa1, 0xf0, 0xa2, 0xf0, 0xa2, 0xf0,
    0xa2, 0xe8, 0xa2, 0xf0, 0xa2, 0xf0, 0xa2, 0xe8, 0xa2, 0xf0, 0xa2, 0xe8,
    0xa2, 0xe8, 0xa2, 0xf0, 0xa2, 0xf0, 0xa2, 0xf0, 0xa2, 0xf0, 0xa2, 0xf0,
    0xa2, 0xf0, 0xa2, 0xf0, 0xa2, 0xf0, 0xa1, 0xe8, 0x82, 0xf0, 0xa1, 0xf0,
    0x61, 0xf0, 0x81, 0xe8, 0x81, 0xe8, 0x82, 0xf0, 0xa2, 0xe8, 0x81, 0xe8,
    0x82, 0xf0, 0xa2, 0xe8, 0xa2, 0xf0, 0xa2, 0xf0, 0x81, 0xe8, 0x82, 0xe8,
    0x82, 0xf0, 0x82, 0xf0, 0xa2, 0xf0, 0x82, 0xf0, 0xa2, 0xf0, 0xa2, 0xf0,
    0xa2, 0xf0, 0xa1, 0xf0, 0xa2, 0xf0, 0xa2, 0xf0, 0x81, 0xf0, 0x81, 0xe8,
    0xa2, 0xe8, 0xa2, 0xf0, 0xa1, 0xe8, 0xa2, 0xf0, 0x82, 0xf0, 0xa1, 0xf0,
    0xa1, 0xe8, 0x81, 0xf0, 0x81, 0xe8, 0x81, 0xe8, 0xa2, 0xf0, 0x82, 0xf0,
    0xa1, 0xe8, 0xa2, 0xf0, 0x82, 0xe8, 0xa2, 0xf0, 0xa2, 0xf0, 0xa2, 0xe8,
    0x82, 0xe8, 0x81, 0xe8, 0xa2, 0xe8, 0x81, 0xf0, 0x82, 0xf0, 0x82, 0xe8,
    0xa2, 0xf0, 0xa2, 0xf0, 0x82, 0xe8, 0xa2, 0xe8, 0x82, 0xf0, 0xa2, 0xe8,
    0xa2, 0xe8, 0x82, 0xe8, 0x81, 0xf0, 0x82, 0xf0, 0xa1, 0xf0, 0xa2, 0xe8,
    0x82, 0xf0, 0xa1, 0xf0, 0xa2, 0xf0, 0x81, 0xe8, 0x81, 0xf0, 0xa2, 0xf0,
    0xa2, 0xf0, 0xa1, 0xf0, 0x82, 0xe8, 0xa2, 0xf0, 0xa2, 0xf0, 0xa1, 0xf0,
    0xa2, 0xf0, 0xa1, 0xf0, 0xa2, 0xf0, 0xa2, 0xf0, 0xa1, 0xe8, 0xa2, 0xf0,
    0xa2, 0xf0, 0x81, 0xe8, 0xa1, 0xe8, 0xa1, 0xe8, 0xa2, 0xf0, 0xa2, 0xe8,
    0x81, 0xe8, 0x82, 0xe8, 0xa2, 0xe8, 0xa2, 0xe8, 0x82, 0xf0, 0xa2, 0xf0,
    0x81, 0xf0, 0xa2, 0xe8, 0xa2, 0xf0, 0xa2, 0xf0, 0x82, 0xe8, 0xa2, 0xf0,
    0x81, 0xf0, 0xa2, 0xf0, 0xa2, 0xe8, 0xa1, 0xf0, 0xa1, 0xe8, 0xa2, 0xf0,
    0x82, 0xf0, 0x81, 0xe8, 0xa2, 0xf0, 0x81, 0xf0, 0x82, 0xf0, 0xa2, 0xf0,
    0xa1, 0xf0, 0x82, 0xf0, 0x81, 0xf0, 0x81, 0xe8, 0xa2, 0xf0, 0xa2, 0xe8,
    0xa2, 0xf0, 0xa2, 0xe8, 0xa1, 0xe8, 0xa2, 0xf0, 0xa2, 0xf0, 0xa1, 0xe8,
    0x81, 0xe8, 0x82, 0xe8, 0x82, 0xe8, 0x81, 0xf0, 0x82, 0xe8, 0xa2, 0xf0,
    0x81, 0xf0, 0x82, 0xf0, 0x82, 0xf0, 0x81, 0xf0, 0xa2, 0xf0, 0xa1, 0xf0,
    0xa2, 0xe8, 0xa2, 0xf0, 0x82, 0xe8, 0xa1, 0xf0, 0x82, 0xe8, 0xa2, 0xf0,
    0xa2, 0xe8, 0x82, 0xe8, 0x81, 0xe8, 0x81, 0xe8, 0xa2, 0xe8, 0xa2, 0xf0,
    0xa2, 0xf0, 0xa2, 0xe8, 0x81, 0xe8, 0xa2, 0xe8, 0xa2, 0xe8, 0x82, 0xf0,
    0x81, 0xe8, 0xa2, 0xe8, 0x81, 0xf0, 0x82, 0xf0, 0xa2, 0xe8, 0x82, 0xe8,
    0xa2, 0xf0, 0xa1, 0xf0, 0x81, 0xe8, 0xa2, 0xf0, 0x82, 0xf0, 0xa2, 0xe8,
    0xa2, 0xf0, 0xa1, 0xe8, 0x82, 0xe8, 0xa1, 0xf0, 0xa1, 0xf0, 0x82, 0xe8,
    0xa2, 0xf0, 0xa2, 0xf0, 0xa2, 0xf0, 0x81, 0xe8, 0x81, 0xe8, 0xa2, 0xe8,
    0xa2, 0xe8, 0x81, 0xe8, 0xa2, 0xf0, 0xa2, 0xe8, 0x81, 0xf0, 0xa2, 0xe8,
    0xa2, 0xe8, 0xa2, 0xe8, 0x81, 0xf0, 0x81, 0xe8, 0xa2, 0xf0, 0xa2, 0xe8,
    0xa2, 0xf0, 0xa2, 0xf0, 0xa2, 0xf0, 0xa2, 0xf0, 0xa1, 0xe8, 0xa2, 0xe8,
    0x82, 0xf0, 0xa2, 0xf0, 0xa2, 0xf0, 0x81, 0xe8, 0x82, 0xe8, 0xa2, 0xe8,
    0x81, 0xe8, 0x82, 0xe8, 0xa2, 0xf0, 0x81, 0xe8, 0x82, 0xe8, 0xa2, 0xf0,
    0x82, 0xf0, 0x82, 0xf0, 0x82, 0xf0, 0x82, 0xf0, 0x82, 0xf0, 0x82, 0xf0,
    0x81, 0xe8, 0x82, 0xf0, 0x82, 0xf0, 0x82, 0xe8, 0xa2, 0xf0, 0x82, 0xf0,
    0xa2, 0xf0, 0xa2, 0xf0, 0xa1, 0xe8, 0xa1, 0xf0, 0x82, 0xf0, 0xa2, 0xe8,
    0xa2, 0xf0, 0xa1, 0xe8, 0xa1, 0xf0, 0x82, 0xe8, 0x81, 0xe8, 0x82, 0xf0,
    0xa2, 0xf0, 0xa2, 0xf0, 0xa1, 0xf0, 0xa1, 0xf0, 0xa2, 0xf0, 0xa1, 0xf0,
    0xa2, 0xf0, 0x81, 0xe8, 0xa2, 0xf0, 0x82, 0xf0, 0xa1, 0xe8, 0xa2, 0xf0,
    0xa2, 0xe8, 0xa2, 0xf0, 0x81, 0xe8, 0x82, 0xf0, 0xa2, 0xe8, 0xa2, 0xf0,
    0xa1, 0xe8, 0xa2, 0xe8, 0x82, 0xe8, 0x81, 0xf0, 0xa2, 0xe8, 0xa2, 0xf0,
    0x81, 0xe8, 0xa2, 0xf0, 0xa2, 0xf0, 0x82, 0xe8, 0x81, 0xe8, 0xa1, 0xe8,
    0xa2, 0xe8, 0x82, 0xf0, 0xa2, 0xf0, 0x82, 0xe8, 0xa2, 0xf0, 0xa2, 0xf0,
    0xa2, 0xe8, 0xa2, 0xe8, 0x81, 0xf0, 0x82, 0xf0, 0x82, 0xf0, 0xa2, 0xe8,
    0x82, 0xe8, 0x81, 0xf0, 0xa2, 0xe8, 0x82, 0xe8, 0xa2, 0xf0, 0xa2, 0xf0,
    0xa1, 0xe8, 0xa1, 0xf0, 0xa2, 0xf0, 0xa2, 0xe8, 0x81, 0xf0, 0xa2, 0xf0,
    0xa2, 0xe8, 0xa1, 0xf0, 0xa2, 0xf0, 0xa1, 0xf0, 0xa2, 0xf0, 0xa2, 0xe8,
    0xa2, 0xf0, 0xa2, 0xf0, 0xa2, 0xf0, 0x82, 0xe8, 0xa1, 0xe8, 0x82, 0xe8,
    0x81, 0xe8, 0x81, 0xe8, 0xa2, 0xf0, 0xa2, 0xe8, 0xa2, 0xe8, 0xa1, 0xf0,
    0xa2, 0xf0, 0x82, 0xe8, 0xa1, 0xf0, 0xa2, 0xf0, 0xa2, 0xe8, 0xa2, 0xe8,
    0xa2, 0xf0, 0xa2, 0xe8, 0xa2, 0xf0, 0xa2, 0xf0, 0xa2, 0xf0, 0xa2, 0xe8,
    0xa2, 0xf0, 0xa2, 0xf0, 0xa1, 0xe8, 0xa2, 0xf0, 0xa2, 0xf0, 0xa2, 0xf0,
    0xa1, 0xf0, 0x82, 0xf0, 0x61, 0xf0, 0x81, 0xe8, 0x81, 0xf0, 0x82, 0xf0,
    0xa2, 0xe8, 0xa2, 0xf0, 0xa1, 0xe8, 0x82, 0xe8, 0x82, 0xe8, 0xa1, 0xf0,
    0x82, 0xe8, 0xa2, 0xf0, 0x81, 0xf0, 0x82, 0xe8, 0x82, 0xf0, 0x82, 0xf0,
    0xa2, 0xf0, 0xa2, 0xf0, 0xa2, 0xf0, 0xa2, 0xe8, 0xa2, 0xe8, 0xa2, 0xf0,
    0xa1, 0xf0, 0xa2, 0xe8, 0xa2, 0xf0, 0xa1, 0xf0, 0xa2, 0xe8, 0xa2, 0xf0,
    0xa2, 0xf0, 0x82, 0xe8, 0xa2, 0xf0, 0xa2, 0xe8, 0x81, 0xf0, 0xa2, 0xf0,
    0xa2, 0xe8, 0x82, 0xe8, 0xa2, 0xf0, 0xa2, 0xf0, 0xa2, 0xe8, 0xa2, 0xf0,
    0xa2, 0xf0, 0xa2, 0xe8, 0x81, 0xf0, 0xa2, 0xe8, 0xa2, 0xe8, 0xa2, 0xe8,
    0x81, 0xe8, 0x81, 0xf0, 0xa2, 0xe8, 0x82, 0xf0, 0x81, 0xe8, 0xa2, 0xe8,
    0xa2, 0xe8, 0xa1, 0xe8, 0xa2, 0xf0, 0xa2, 0xf0, 0xa2, 0xe8, 0x81, 0xe8,
    0xa2, 0xf0, 0xa2, 0xf0, 0xa1, 0xf0, 0xa2, 0xf0, 0x81, 0xe8, 0xa2, 0xf0,
    0x81, 0xf0, 0xa2, 0xe8, 0xa1, 0xe8, 0xa1, 0xf0, 0xa2, 0xf0, 0xa2, 0xe8,
    0xa2, 0xf0, 0x82, 0xe8, 0xa2, 0xf0, 0xa2, 0xf0, 0xa1, 0xe8, 0xa1, 0xe8,
    0xa2, 0xe8, 0xa1, 0xf0, 0x81, 0xe8, 0xa2, 0xe8, 0xa2, 0xf0, 0xa2, 0xe8,
    0xa1, 0xf0, 0x82, 0xf0, 0xa2, 0xe8, 0xa1, 0xe8, 0xa2, 0xe8, 0xa2, 0xe8,
    0xa2, 0xf0, 0x82, 0xf0, 0xa2, 0xe8, 0xa2, 0xf0, 0xa2, 0xf0, 0xa2, 0xf0,
    0xa2, 0xf0, 0xa2, 0xf0, 0xa2, 0xe8, 0x82, 0xf0, 0x81, 0xe8, 0xa2, 0xf0,
    0xa2, 0xf0, 0xa1, 0xe8, 0x81, 0xe8, 0x82, 0xe8, 0xa2, 0xf0, 0xa1, 0xe8,
    0xa1, 0xe8, 0xa2, 0xe8, 0xa2, 0xf0, 0xa1, 0xf0, 0xa2, 0xf0, 0xa1, 0xe8,
    0xa2, 0xf0, 0x81, 0xf0, 0xa1, 0xe8, 0x82, 0xf0, 0xa2, 0xe8, 0xa2, 0xf0,
    0xa2, 0xf0, 0xa1, 0xe8, 0x82, 0xf0, 0xa2, 0xf0, 0xa2, 0xe8, 0xa2, 0xf0,
    0xa2, 0xe8, 0xa2, 0xf0, 0xa1, 0xe8, 0xa1, 0xf0, 0x82, 0xf0, 0xa1, 0xe8,
    0xa2, 0xf0, 0xa1, 0xe8, 0x82, 0xe8, 0x82, 0xe8, 0xa2, 0xf0, 0x82, 0xe8,
    0x81, 0xf0, 0xa2, 0xe8, 0xa2, 0xf0, 0x82, 0xf0, 0x81, 0xe8, 0xa2, 0xe8,
    0xa2, 0xe8, 0x81, 0xe8, 0x82, 0xf0, 0xa2, 0xe8, 0xa2, 0xe8, 0xa2, 0xf0,
    0xa2, 0xf0, 0x82, 0xe8, 0xa2, 0xf0, 0xa2, 0xe8, 0x81, 0xf0, 0xa2, 0xe8,
    0x82, 0xf0, 0x81, 0xe8, 0x82, 0xe8, 0xa1, 0xf0, 0xa2, 0xf0, 0xa2, 0xe8,
    0xa1, 0xf0, 0x82, 0xf0, 0xa2, 0xf0, 0xa1, 0xf0, 0x82, 0xf0, 0xa1, 0xe8,
    0xa2, 0xf0, 0xa2, 0xe8, 0x82, 0xe8, 0xa2, 0xf0, 0xa2, 0xf0, 0x82, 0xe8,
    0x82, 0xf0, 0x81, 0xe8, 0x81, 0xe8, 0x82, 0xe8, 0xa2, 0xe8, 0xa2, 0xe8,
    0x82, 0xf0, 0xa1, 0xe8, 0xa2, 0xe8, 0xa2, 0xe8, 0xa1, 0xf0, 0xa2, 0xf0,
    0xa2, 0xe8, 0x81, 0xf0, 0x81, 0xe8, 0x81, 0xe8, 0x82, 0xe8, 0x81, 0xe8,
    0xa2, 0xf0, 0xa1, 0xf0, 0x82, 0xe8, 0xa2, 0xf0, 0x82, 0xe8, 0xa1, 0xf0,
    0x82, 0xf0, 0x82, 0xf0, 0x81, 0xf0, 0xa2, 0xf0, 0xa2, 0xf0, 0x81, 0xe8,
    0xa2, 0xe8, 0xa2, 0xf0, 0x82, 0xf0, 0xa1, 0xf0, 0x82, 0xf0, 0xa1, 0xf0,
    0x82, 0xf0, 0x82, 0xf0, 0x81, 0xf0, 0xa1, 0xe8, 0xa2, 0xe8, 0x82, 0xe8,
    0x82, 0xf0, 0x82, 0xf0, 0xa2, 0xf0, 0x82, 0xf0, 0xa2, 0xf0, 0xa2, 0xe8,
    0x82, 0xf0, 0xa1, 0xe8, 0xa1, 0xf0, 0x82, 0xf0, 0xa2, 0xf0, 0x81, 0xe8,
    0xa1, 0xf0, 0xa2, 0xf0, 0xa2, 0xe8, 0xa1, 0xf0, 0xa2, 0xf0, 0xa2, 0xf0,
    0xa1, 0xf0, 0xa2, 0xf0, 0xa2, 0xe8, 0xa1, 0xf0, 0x82, 0xe8, 0xa2, 0xf0,
    0xa1, 0xf0, 0x82, 0xe8, 0xa2, 0xf0, 0xa2, 0xf0, 0xa2, 0xf0, 0xa2, 0xe8,
    0xa2, 0xe8, 0xa2, 0xe8, 0x82, 0xf0, 0xa2, 0xf0, 0x82, 0xe8, 0x81, 0xe8,
    0xa2, 0xf0, 0x82, 0xe8, 0xa2, 0xe8, 0x82, 0xf0, 0xa2, 0xf0, 0xa2, 0xf0,
    0x82, 0xe8, 0xa2, 0xe8, 0x81, 0xe8, 0xa2, 0xf0, 0xa2, 0xf0, 0x81, 0xe8,
    0xa2, 0xf0, 0x82, 0xf0, 0xa2, 0xe8, 0xa1, 0xe8, 0xa2, 0xe8, 0xa2, 0xf0,
    0xa2, 0xf0, 0xa2, 0xe8, 0xa2, 0xe8, 0xa2, 0xe8, 0x82, 0xf0, 0xa1, 0xf0,
    0xa2, 0xe8, 0xa2, 0xf0, 0xa2, 0xe8, 0xa1, 0xf0, 0xa2, 0xe8, 0x82, 0xf0,
    0xa1, 0xf0, 0xa2, 0xe8, 0xa2, 0xf0, 0xa1, 0xe8, 0xa2, 0xf0, 0xa2, 0xe8,
    0xa2, 0xf0, 0xa2, 0xf0, 0x81, 0xe8, 0x81, 0xe8, 0xa2, 0xe8, 0xa2, 0xe8,
    0x82, 0xe8, 0x82, 0xe8, 0xa2, 0xf0, 0x81, 0xe8, 0xa2, 0xf0, 0xa2, 0xe8,
    0x82, 0xe8, 0xa2, 0xe8, 0xa1, 0xf0, 0x82, 0xe8, 0xa2, 0xf0, 0xa1, 0xf0,
    0xa2, 0xe8, 0x82, 0xf0, 0xa2, 0xf0, 0xa2, 0xe8, 0xa2, 0xf0, 0xc2, 0xf0,
    0xa2, 0xf0, 0xa2, 0xe8, 0xa2, 0xf0, 0xa2, 0xe8, 0xa1, 0xe8, 0xa1, 0xf0,
    0xa2, 0xe8, 0xa2, 0xe8, 0xa1, 0xf0, 0x81, 0xe8, 0x61, 0xf0, 0x81, 0xe8,
    0x81, 0xe8, 0x82, 0xe8, 0x82, 0xf0, 0xa2, 0xe8, 0x81, 0xe8, 0xa2, 0xe8,
    0x81, 0xe8, 0x82, 0xf0, 0xa2, 0xe8, 0xa2, 0xe8, 0xa1, 0xf0, 0x82, 0xe8,
    0x82, 0xe8, 0xa1, 0xf0, 0xa1, 0xf0, 0xa2, 0xf0, 0xa2, 0xf0, 0xa2, 0xf0,
    0xa1, 0xe8, 0x81, 0xf0, 0xa2, 0xf0, 0xa2, 0xe8, 0x81, 0xf0, 0xa2, 0xf0,
    0x81, 0xe8, 0x81, 0xe8, 0xa1, 0xf0, 0xa2, 0xf0, 0xa2, 0xe8, 0xa2, 0xf0,
    0x82, 0xe8, 0xa2, 0xf0, 0xa2, 0xf0, 0xa2, 0xe8, 0xa2, 0xf0, 0x82, 0xf0,
    0xa1, 0xe8, 0xa2, 0xe8, 0xa2, 0xf0, 0xa2, 0xe8, 0xa1, 0xe8, 0x82, 0xe8,
    0xa2, 0xe8, 0xa1, 0xe8, 0x82, 0xe8, 0xa2, 0xe8, 0xa2, 0xf0, 0xa2, 0xf0,
    0xa2, 0xf0, 0xa2, 0xe8, 0xa1, 0xe8, 0x82, 0xf0, 0xa2, 0xf0, 0xa2, 0xf0,
    0xa2, 0xe8, 0xa2, 0xf0, 0xa1, 0xf0, 0xa2, 0xe8, 0xa2, 0xe8, 0xa2, 0xf0,
    0xa2, 0xf0, 0xa2, 0xf0, 0xa2, 0xf0, 0xa2, 0xf0, 0x82, 0xf0, 0xa2, 0xf0,
    0x81, 0xe8, 0x81, 0xf0, 0xa2, 0xe8, 0xa2, 0xf0, 0xa1, 0xe8, 0xa2, 0xe8,
    0xa2, 0xf0, 0xa2, 0xe8, 0xa2, 0xf0, 0xa2, 0xf0, 0x81, 0xe8, 0x82, 0xf0,
    0xa2, 0xf0, 0xa1, 0xe8, 0xa2, 0xf0, 0x81, 0xe8, 0xa2, 0xe8, 0xa2, 0xf0,
    0x81, 0xe8, 0xa2, 0xe8, 0xa2, 0xf0, 0xa1, 0xe8, 0xa2, 0xf0, 0x81, 0xe8,
    0xa1, 0xe8, 0xa2, 0xf0, 0xa2, 0xe8, 0xa1, 0xe8, 0xa1, 0xf0, 0x81, 0xe8,
    0x81, 0xe8, 0x82, 0xf0, 0xa2, 0xf0, 0xa2, 0xf0, 0xa2, 0xf0, 0xa1, 0xf0,
    0xa2, 0xf0, 0xa2, 0xf0, 0xa1, 0xe8, 0x82, 0xf0, 0xa2, 0xe8, 0xa1, 0xe8,
    0xa2, 0xf0, 0xa2, 0xf0, 0xa2, 0xe8, 0xa1, 0xf0, 0xa2, 0xf0, 0xa2, 0xf0,
    0x81, 0xe8, 0xa1, 0xf0, 0xa2, 0xf0, 0xa2, 0xe8, 0xa1, 0xf0, 0x81, 0xf0,
    0xa2, 0xe8, 0x81, 0xf0, 0xa2, 0xf0, 0xa2, 0xe8, 0xa2, 0xf0, 0xa2, 0xe8,
    0x81, 0xe8, 0x82, 0xf0, 0xa2, 0xf0, 0xa2, 0xf0, 0x81, 0xe8, 0x81, 0xe8,
    0xa2, 0xf0, 0xa2, 0xf0, 0x82, 0xe8, 0x81, 0xf0, 0xa2, 0xe8, 0x82, 0xe8,
    0xa1, 0xe8, 0x82, 0xf0, 0xa2, 0xe8, 0xa2, 0xe8, 0x81, 0xe8, 0xa2, 0xe8,
    0x81, 0xe8, 0x81, 0xe8, 0xa2, 0xe8, 0xa1, 0xe8, 0xa2, 0xe8, 0x82, 0xf0,
    0xa2, 0xe8, 0xa2, 0xf0, 0xa1, 0xf0, 0x81, 0xf0, 0xa1, 0xf0, 0x82, 0xe8,
    0xa2, 0xf0, 0xa2, 0xf0, 0xa1, 0xe8, 0xa1, 0xe8, 0xa2, 0xf0, 0xa2, 0xf0,
    0xa1, 0xe8, 0xa2, 0xf0, 0xa2, 0xf0, 0xa1, 0xf0, 0x82, 0xe8, 0xa2, 0xf0,
    0x81, 0xe8, 0xa2, 0xf0, 0xa2, 0xe8, 0xa2, 0xe8, 0xa2, 0xe8, 0x81, 0xe8,
    0xa2, 0xe8, 0xa2, 0xe8, 0xa2, 0xe8, 0xa2, 0xf0, 0xa2, 0xe8, 0xa2, 0xe8,
    0xa2, 0xe8, 0xa2, 0xe8, 0xa1, 0xe8, 0x82, 0xf0, 0xa1, 0xf0, 0x82, 0xf0,
    0xa2, 0xe8, 0x81, 0xf0, 0xa2, 0xf0, 0xa2, 0xe8, 0xa1, 0xf0, 0xa1, 0xe8,
    0x82, 0xe8, 0x82, 0xf0, 0x81, 0xe8, 0x82, 0xf0, 0xa2, 0xf0, 0xa2, 0xf0,
    0xa2, 0xf0, 0xa2, 0xf0, 0xa2, 0xf0, 0xa1, 0xf0, 0x82, 0xf0, 0xa2, 0xf0,
    0xa1, 0xf0, 0xa1, 0xf0, 0xa2, 0xf0, 0x82, 0xf0, 0x81, 0xf0, 0xa2, 0xf0,
    0xa2, 0xe8, 0xa2, 0xf0, 0x82, 0xf0, 0x82, 0xf0, 0x82, 0xf0, 0x82, 0xf0,
    0xa1, 0xf0, 0xa2, 0xf0, 0xa1, 0xf0, 0xa2, 0xf0, 0xa2, 0xe8, 0xa2, 0xf0,
    0xa2, 0xe8, 0xa1, 0xf0, 0xa2, 0xf0, 0xa2, 0xe8, 0xa1, 0xf0, 0x82, 0xf0,
    0xa2, 0xf0, 0xa2, 0xf0, 0x81, 0xf0, 0x82, 0xf0, 0xa2, 0xf0, 0xa1, 0xf0,
    0xa2, 0xe8, 0xa1, 0xf0, 0xa2, 0xf0, 0x81, 0xe8, 0xa1, 0xf0, 0xa1, 0xe8,
    0x82, 0xe8, 0xa2, 0xe8, 0xa1, 0xe8, 0xa2, 0xe8, 0x82, 0xe8, 0xa2, 0xf0,
    0xa2, 0xf0, 0xa2, 0xf0, 0xa2, 0xf0, 0xa2, 0xf0, 0xa2, 0xf0, 0x81, 0xe8,
    0xa2, 0xf0, 0xa2, 0xe8, 0xa2, 0xe8, 0xa2, 0xf0, 0x82, 0xf0, 0xa2, 0xf0,
    0xa2, 0xe8, 0xa2, 0xe8, 0xa2, 0xf0, 0xa2, 0xf0, 0x82, 0xf0, 0xa2, 0xe8,
    0xa2, 0xf0, 0xa2, 0xf0, 0xa2, 0xe8, 0xa2, 0xf0, 0x81, 0xf0, 0xa2, 0xe8,
    0xa2, 0xe8, 0x81, 0xe8, 0xa2, 0xf0, 0x81, 0xe8, 0x82, 0xf0, 0xa2, 0xf0,
    0xa1, 0xe8, 0x81, 0xe8, 0xa2, 0xf0, 0xa2, 0xf0, 0xa2, 0xf0, 0xa2, 0xf0,
    0xa2, 0xf0, 0xa2, 0xf0, 0xa2, 0xe8, 0xa2, 0xf0, 0x82, 0xe8, 0x82, 0xf0,
    0x82, 0xf0, 0xa1, 0xe8, 0x81, 0xe8, 0xa2, 0xe8, 0xa2, 0xe8, 0x82, 0xe8,
    0x81, 0xe8, 0x81, 0xe8, 0xa2, 0xe8, 0xa2, 0xe8, 0xa2, 0xf0, 0xa2, 0xf0,
    0xa2, 0xe8, 0xa1, 0xe8, 0xa2, 0xe8, 0xa2, 0xf0, 0xa2, 0xf0, 0xa1, 0xe8,
    0xa2, 0xf0, 0xa2, 0xf0, 0xa2, 0xf0, 0xa2, 0xf0, 0xa2, 0xf0, 0xa1, 0xe8,
    0xa2, 0xe8, 0xa1, 0xf0, 0x81, 0xe8, 0x82, 0xe8, 0x82, 0xf0, 0x81, 0xe8,
    0x61, 0xf0, 0x81, 0xe8, 0x82, 0xe8, 0x82, 0xf0, 0xa1, 0xf0, 0x81, 0xe8,
    0x82, 0xe8, 0xa2, 0xe8, 0xa2, 0xe8, 0x82, 0xe8, 0x82, 0xf0, 0x81, 0xf0,
    0xa2, 0xe8, 0xa2, 0xf0, 0x82, 0xf0, 0x81, 0xf0, 0x82, 0xf0, 0x82, 0xf0,
    0x81, 0xf0, 0x81, 0xe8, 0xa2, 0xf0, 0xa2, 0xe8, 0xa2, 0xf0, 0xa1, 0xf0,
    0xa2, 0xe8, 0xa2, 0xf0, 0xa2, 0xf0, 0x81, 0xe8, 0xa2, 0xf0, 0xa1, 0xe8,
    0xa1, 0xf0, 0xa1, 0xe8, 0xa2, 0xe8, 0xa2, 0xf0, 0xa2, 0xf0, 0xa1, 0xe8,
    0xa2, 0xf0, 0xa1, 0xe8, 0xa2, 0xf0, 0xa2, 0xe8, 0xa2, 0xe8, 0xa2, 0xf0,
    0x81, 0xe8, 0x82, 0xe8, 0xa1, 0xe8, 0x82, 0xe8, 0x82, 0xf0, 0xa2, 0xf0,
    0xa2, 0xf0, 0xa2, 0xe8, 0xa2, 0xf0, 0xa2, 0xf0, 0x82, 0xe8, 0xa2, 0xe8,
    0xa2, 0xf0, 0x82, 0xe8, 0xa2, 0xf0, 0xa2, 0xf0, 0xa2, 0xf0, 0xa2, 0xf0,
    0xa2, 0xf0, 0x81, 0xf0, 0xa1, 0xf0, 0xa2, 0xf0, 0xa1, 0xe8, 0x81, 0xf0,
    0xa2, 0xf0, 0xa2, 0xf0, 0xa1, 0xf0, 0xa2, 0xf0, 0xa2, 0xf0, 0x82, 0xf0,
    0xa2, 0xe8, 0xa1, 0xe8, 0xa2, 0xf0, 0xa1, 0xe8, 0xa2, 0xf0, 0xa2, 0xf0,
    0x81, 0xe8, 0x82, 0xf0, 0x81, 0xe8, 0xa1, 0xe8, 0xa2, 0xf0, 0xa2, 0xe8,
    0xa1, 0xf0, 0x82, 0xf0, 0xa2, 0xe8, 0x82, 0xe8, 0xa2, 0xf0, 0xa2, 0xf0,
    0x82, 0xf0, 0xa1, 0xe8, 0xa1, 0xe8, 0x82, 0xf0, 0xa1, 0xf0, 0xa2, 0xf0,
    0xa2, 0xf0, 0x81, 0xe8, 0xa2, 0xf0, 0xa1, 0xe8, 0x82, 0xe8, 0xa2, 0xf0,
    0xa2, 0xe8, 0xa1, 0xe8, 0x82, 0xe8, 0xa2, 0xe8, 0xa1, 0xf0, 0x82, 0xf0,
    0xa2, 0xf0, 0x81, 0xf0, 0x82, 0xf0, 0xa2, 0xf0, 0x81, 0xf0, 0xa2, 0xe8,
    0xa2, 0xf0, 0xa1, 0xe8, 0xa2, 0xf0, 0x82, 0xf0, 0x81, 0xe8, 0x81, 0xe8,
    0xa2, 0xf0, 0xa2, 0xf0, 0x82, 0xe8, 0x82, 0xf0, 0x81, 0xe8, 0xa1, 0xe8,
    0x81, 0xf0, 0x82, 0xf0, 0xa1, 0xf0, 0x82, 0xe8, 0xa2, 0xe8, 0xa1, 0xf0,
    0x82, 0xf0, 0xa2, 0xe8, 0x82, 0xf0, 0xa1, 0xe8, 0xa2, 0xe8, 0x81, 0xf0,
    0xa2, 0xe8, 0xa2, 0xe8, 0xa2, 0xe8, 0xa2, 0xf0, 0x81, 0xe8, 0xa2, 0xe8,
    0xa2, 0xe8, 0xa2, 0xf0, 0x81, 0xe8, 0xa2, 0xe8, 0x82, 0xf0, 0xa2, 0xe8,
    0x81, 0xe8, 0x82, 0xf0, 0x81, 0xe8, 0x82, 0xe8, 0xa2, 0xe8, 0xa1, 0xe8,
    0xa2, 0xf0, 0xa2, 0xf0, 0xa2, 0xf0, 0xa2, 0xf0, 0xa1, 0xe8, 0x82, 0xf0,
    0xa2, 0xe8, 0x81, 0xe8, 0xa2, 0xf0, 0xa2, 0xe8, 0xa1, 0xf0, 0xa2, 0xf0,
    0xa2, 0xe8, 0xa2, 0xf0, 0x81, 0xe8, 0x82, 0xe8, 0xa1, 0xe8, 0xa2, 0xe8,
    0xa2, 0xf0, 0xa2, 0xf0, 0xa1, 0xe8, 0xa2, 0xe8, 0xa1, 0xf0, 0x82, 0xe8,
    0xa2, 0xe8, 0x81, 0xe8, 0x81, 0xf0, 0xa2, 0xf0, 0xa2, 0xe8, 0x81, 0xf0,
    0xa2, 0xe8, 0xa2, 0xe8, 0x82, 0xf0, 0xa1, 0xf0, 0xa2, 0xe8, 0xa2, 0xf0,
    0xa2, 0xf0, 0xa1, 0xf0, 0x82, 0xe8, 0x82, 0xf0, 0x81, 0xf0, 0x82, 0xf0,
    0x82, 0xf0, 0x82, 0xf0, 0x82, 0xe8, 0xa2, 0xe8, 0xa2, 0xf0, 0x81, 0xe8,
    0x82, 0xe8, 0xa2, 0xf0, 0x81, 0xf0, 0x82, 0xf0, 0xa2, 0xf0, 0xa1, 0xf0,
    0x82, 0xf0, 0xa2, 0xf0, 0xa1, 0xf0, 0x82, 0xf0, 0xa1, 0xf0, 0xa1, 0xf0,
    0x82, 0xf0, 0xa1, 0xf0, 0xa2, 0xf0, 0x81, 0xf0, 0xa2, 0xf0, 0xa2, 0xe8,
    0x81, 0xf0, 0xa1, 0xe8, 0xa2, 0xf0, 0x82, 0xf0, 0xa1, 0xe8, 0xa2, 0xf0,
    0xa1, 0xf0, 0x82, 0xe8, 0x81, 0xe8, 0xa2, 0xe8, 0xa2, 0xf0, 0xa1, 0xf0,
    0xa2, 0xf0, 0x82, 0xf0, 0xa1, 0xe8, 0xa2, 0xf0, 0x82, 0xe8, 0xa2, 0xf0,
    0xa2, 0xf0, 0xa1, 0xe8, 0xa2, 0xf0, 0xa2, 0xf0, 0xa1, 0xe8, 0xa2, 0xe8,
    0xa2, 0xf0, 0xa1, 0xf0, 0xa2, 0xe8, 0xa2, 0xf0, 0xa2, 0xe8, 0xa2, 0xf0,
    0x81, 0xe8, 0x82, 0xe8, 0x81, 0xf0, 0xa2, 0xe8, 0xa1, 0xe8, 0xa1, 0xe8,
    0xa2, 0xe8, 0xa2, 0xe8, 0x82, 0xf0, 0xa2, 0xf0, 0xa2, 0xe8, 0xa1, 0xe8,
    0xa2, 0xf0, 0x82, 0xf0, 0xa1, 0xe8, 0xa2, 0xe8, 0x82, 0xf0, 0xa2, 0xe8,
    0xa1, 0xe8, 0xa2, 0xe8, 0xa2, 0xe8, 0xa2, 0xf0, 0x81, 0xe8, 0xa1, 0xf0,
    0xa2, 0xf0, 0xa2, 0xf0, 0xa2, 0xf0, 0xa1, 0xe8, 0x82, 0xf0, 0xa1, 0xe8,
    0xa2, 0xf0, 0xa2, 0xf0, 0xa2, 0xf0, 0xa2, 0xe8, 0xa2, 0xf0, 0xa2, 0xf0,
    0xa2, 0xf0, 0xa2, 0xe8, 0xa2, 0xe8, 0x81, 0xe8, 0xa2, 0xe8, 0xa2, 0xe8,
    0xa2, 0xf0, 0xa2, 0xe8, 0x81, 0xe8, 0xa2, 0xf0, 0xa2, 0xe8, 0xa2, 0xe8,
    0x82, 0xf0, 0xa2, 0xe8, 0xa2, 0xe8, 0xa1, 0xe8, 0xa2, 0xf0, 0xa2, 0xe8,
    0xa2, 0xf0, 0xa2, 0xf0, 0xa2, 0xe8, 0xa2, 0xf0, 0xa2, 0xe8, 0xa2, 0xf0,
    0xa2, 0xf0, 0xa1, 0xe8, 0xa2, 0xe8, 0xa2, 0xf0, 0x81, 0xf0, 0xa1, 0xe8,
    0xa2, 0xf0, 0x82, 0xf0, 0x61, 0xf0, 0x82, 0xe8, 0x82, 0xe8, 0x82, 0xf0,
    0xa2, 0xe8, 0xa2, 0xf0, 0x82, 0xe8, 0xa1, 0xe8, 0xa2, 0xe8, 0xa2, 0xf0,
    0xa2, 0xf0, 0x82, 0xe8, 0x82, 0xe8, 0xa1, 0xf0, 0x82, 0xf0, 0x82, 0xe8,
    0x82, 0xe8, 0xa2, 0xe8, 0xa2, 0xf0, 0x81, 0xe8, 0xa2, 0xe8, 0xa2, 0xe8,
    0x82, 0xf0, 0xa1, 0xf0, 0xa2, 0xe8, 0x82, 0xf0, 0xa1, 0xf0, 0xa2, 0xe8,
    0xa2, 0xe8, 0x81, 0xe8, 0x82, 0xe8, 0xa1, 0xe8, 0xa2, 0xe8, 0x82, 0xe8,
    0x81, 0xe8, 0xa2, 0xe8, 0xa1, 0xe8, 0xa1, 0xe8, 0xa2, 0xf0, 0x82, 0xf0,
    0xa2, 0xf0, 0xa2, 0xe8, 0x81, 0xe8, 0xa2, 0xe8, 0xa2, 0xe8, 0x81, 0xe8,
    0xa2, 0xf0, 0xa2, 0xf0, 0xa1, 0xe8, 0x81, 0xe8, 0xa2, 0xe8, 0xa2, 0xf0,
    0xa1, 0xe8, 0xa2, 0xe8, 0xa2, 0xe8, 0x82, 0xf0, 0xa2, 0xe8, 0xa2, 0xe8,
    0xa2, 0xf0, 0xa2, 0xf0, 0xa1, 0xf0, 0xa2, 0xf0, 0x82, 0xf0, 0xa1, 0xe8,
    0xa2, 0xe8, 0xa1, 0xf0, 0xa2, 0xf0, 0x81, 0xe8, 0xa2, 0xf0, 0xa2, 0xf0,
    0x82, 0xe8, 0xa2, 0xf0, 0xa2, 0xf0, 0x82, 0xe8, 0xa1, 0xe8, 0x81, 0xe8,
    0xa2, 0xe8, 0xa2, 0xf0, 0xa2, 0xf0, 0xa1, 0xe8, 0xa2, 0xf0, 0xa2, 0xf0,
    0xa2, 0xe8, 0xa1, 0xe8, 0x81, 0xe8, 0x82, 0xf0, 0xa2, 0xe8, 0xa1, 0xe8,
    0xa2, 0xf0, 0x82, 0xf0, 0xa2, 0xe8, 0xa1, 0xf0, 0xa2, 0xf0, 0xa2, 0xe8,
    0x81, 0xf0, 0xa2, 0xf0, 0x82, 0xe8, 0x81, 0xf0, 0xa2, 0xf0, 0xa2, 0xf0,
    0x81, 0xe8, 0x81, 0xf0, 0x82, 0xf0, 0xa2, 0xe8, 0xa1, 0xf0, 0xa2, 0xe8,
    0xa2, 0xe8, 0xa2, 0xf0, 0xa1, 0xf0, 0xa2, 0xf0, 0x81, 0xe8, 0x81, 0xf0,
    0x81, 0xe8, 0xa2, 0xe8, 0xa2, 0xf0, 0xa2, 0xf0, 0xa2, 0xf0, 0xa2, 0xf0,
    0xa1, 0xe8, 0xa2, 0xf0, 0xa2, 0xf0, 0x82, 0xe8, 0xa2, 0xe8, 0xa2, 0xf0,
    0x82, 0xf0, 0xa1, 0xe8, 0x82, 0xe8, 0xa1, 0xf0, 0xa1, 0xf0, 0x82, 0xe8,
    0xa2, 0xf0, 0xa1, 0xf0, 0xa2, 0xe8, 0xa2, 0xf0, 0x82, 0xe8, 0x82, 0xf0,
    0xa2, 0xf0, 0x81, 0xe8, 0xa1, 0xf0, 0xa2, 0xe8, 0xa2, 0xe8, 0xa1, 0xe8,
    0xa2, 0xf0, 0xa2, 0xe8, 0xa2, 0xe8, 0x81, 0xe8, 0xa2, 0xe8, 0x82, 0xe8,
    0xa2, 0xf0, 0x81, 0xf0, 0xa2, 0xe8, 0xa2, 0xf0, 0x82, 0xf0, 0xa2, 0xe8,
    0xa2, 0xf0, 0xa1, 0xf0, 0xa2, 0xf0, 0xa2, 0xf0, 0xa1, 0xf0, 0xa1, 0xf0,
    0xa2, 0xf0, 0xa2, 0xf0, 0xa1, 0xf0, 0xa2, 0xf0, 0x82, 0xf0, 0xa1, 0xe8,
    0xa2, 0xe8, 0xa2, 0xf0, 0xa2, 0xe8, 0xa2, 0xe8, 0x82, 0xf0, 0xa2, 0xf0,
    0x82, 0xe8, 0xa1, 0xe8, 0xa2, 0xe8, 0xa2, 0xe8, 0x82, 0xe8, 0xa2, 0xf0,
    0xa2, 0xe8, 0x81, 0xe8, 0xa2, 0xe8, 0x81, 0xe8, 0x82, 0xf0, 0xa1, 0xf0,
    0x81, 0xf0, 0x82, 0xe8, 0xa2, 0xf0, 0xa2, 0xe8, 0xa2, 0xf0, 0xa1, 0xf0,
    0xa2, 0xf0, 0xa2, 0xf0, 0xa1, 0xe8, 0xa2, 0xf0, 0x82, 0xf0, 0xa2, 0xe8,
    0x82, 0xf0, 0x82, 0xf0, 0x82, 0xf0, 0x82, 0xf0, 0xa2, 0xf0, 0xa2, 0xf0,
    0xa2, 0xf0, 0x82, 0xe8, 0xa2, 0xe8, 0xa2, 0xe8, 0x81, 0xe8, 0xa2, 0xf0,
    0xa2, 0xf0, 0xa1, 0xf0, 0xa2, 0xf0, 0x82, 0xf0, 0xa2, 0xf0, 0x82, 0xf0,
    0xa2, 0xf0, 0xa1, 0xf0, 0x82, 0xf0, 0xa1, 0xe8, 0xa2, 0xf0, 0xa2, 0xf0,
    0xa2, 0xe8, 0xa2, 0xf0, 0xa1, 0xf0, 0xa2, 0xe8, 0x82, 0xf0, 0xa1, 0xf0,
    0xa2, 0xe8, 0x82, 0xf0, 0xa2, 0xf0, 0xa1, 0xe8, 0xa2, 0xf0, 0xa2, 0xf0,
    0xa2, 0xf0, 0xa2, 0xf0, 0xa1, 0xf0, 0x82, 0xf0, 0xa2, 0xf0, 0xa1, 0xe8,
    0xa1, 0xf0, 0xa2, 0xf0, 0x82, 0xe8, 0xa2, 0xe8, 0xa2, 0xf0, 0x81, 0xe8,
    0x82, 0xf0, 0xa2, 0xf0, 0xa2, 0xf0, 0x82, 0xe8, 0xa2, 0xf0, 0x81, 0xe8,
    0x82, 0xf0, 0xa2, 0xf0, 0xa2, 0xe8, 0xa2, 0xf0, 0xa2, 0xe8, 0xa2, 0xe8,
    0xa2, 0xe8, 0x82, 0xe8, 0xa1, 0xe8, 0xa2, 0xe8, 0xa2, 0xf0, 0x82, 0xf0,
    0xa2, 0xf0, 0xa1, 0xe8, 0xa2, 0xf0, 0xa2, 0xf0, 0x82, 0xe8, 0xa1, 0xe8,
    0x82, 0xe8, 0xa2, 0xf0, 0xa2, 0xe8, 0x82, 0xe8, 0xa2, 0xf0, 0xa2, 0xe8,
    0xa2, 0xf0, 0xa1, 0xf0, 0xa2, 0xe8, 0xa2, 0xe8, 0x82, 0xf0, 0xa2, 0xf0,
    0xa2, 0xe8, 0xa2, 0xf0, 0xa1, 0xf0, 0xa2, 0xe8, 0xa2, 0xf0, 0xa2, 0xf0,
    0xa2, 0xe8, 0xa2, 0xf0, 0xa2, 0xf0, 0xa2, 0xe8, 0xa2, 0xe8, 0xa2, 0xe8,
    0x82, 0xe8, 0xa1, 0xf0, 0xa2, 0xe8, 0x81, 0xe8, 0x82, 0xe8, 0xa2, 0xe8,
    0xa2, 0xf0, 0xa1, 0xe8, 0xa2, 0xf0, 0xa2, 0xe8, 0xa2, 0xf0, 0xa1, 0xe8,
    0xa2, 0xf0, 0xa2, 0xe8, 0x82, 0xf0, 0xa2, 0xf0, 0x81, 0xe8, 0xa2, 0xf0,
    0xa2, 0xe8, 0xa2, 0xf0, 0xa2, 0xf0, 0xa1, 0xf0, 0xa2, 0xf0, 0xa2, 0xf0,
    0x81, 0xe8, 0xa1, 0xe8, 0x82, 0xf0, 0x81, 0xe8, 0x61, 0xf0, 0x81, 0xf0,
    0x81, 0xe8, 0x82, 0xe8, 0xa2, 0xf0, 0x82, 0xf0, 0xa1, 0xf0, 0xa2, 0xe8,
    0xa2, 0xf0, 0xa2, 0xf0, 0xa2, 0xf0, 0xa2, 0xf0, 0x81, 0xe8, 0xa2, 0xe8,
    0x82, 0xf0, 0x82, 0xf0, 0x81, 0xf0, 0xa2, 0xe8, 0x82, 0xf0, 0xa1, 0xf0,
    0xa1, 0xf0, 0xa2, 0xe8, 0xa2, 0xf0, 0x82, 0xe8, 0xa1, 0xf0, 0xa1, 0xe8,
    0x82, 0xe8, 0xa1, 0xe8, 0xa1, 0xe8, 0xa2, 0xf0, 0xa2, 0xe8, 0xa1, 0xe8,
    0x82, 0xf0, 0x82, 0xe8, 0xa2, 0xe8, 0xa2, 0xf0, 0xa2, 0xf0, 0xa1, 0xe8,
    0x82, 0xe8, 0x82, 0xe8, 0xa1, 0xf0, 0x82, 0xf0, 0xa2, 0xe8, 0x82, 0xe8,
    0x81, 0xe8, 0xa2, 0xf0, 0xa2, 0xe8, 0xa2, 0xf0, 0x82, 0xf0, 0xa2, 0xe8,
    0xa2, 0xe8, 0xa2, 0xe8, 0x81, 0xe8, 0xa2, 0xe8, 0xa2, 0xf0, 0xa1, 0xf0,
    0x82, 0xf0, 0xa2, 0xe8, 0x82, 0xf0, 0xa1, 0xf0, 0xa2, 0xf0, 0xa2, 0xf0,
    0xa1, 0xe8, 0x82, 0xf0, 0xa2, 0xf0, 0xa2, 0xe8, 0x81, 0xf0, 0xa2, 0xf0,
    0xa1, 0xf0, 0x81, 0xf0, 0xa2, 0xe8, 0xa2, 0xe8, 0xa1, 0xe8, 0xa2, 0xe8,
    0xa2, 0xe8, 0xa2, 0xe8, 0xa2, 0xf0, 0xa2, 0xf0, 0xa2, 0xf0, 0xa2, 0xf0,
    0xa1, 0xf0, 0xa2, 0xf0, 0xa2, 0xf0, 0x81, 0xe8, 0x81, 0xe8, 0xa2, 0xf0,
    0x82, 0xf0, 0xa2, 0xf0, 0xa2, 0xe8, 0xa2, 0xe8, 0xa1, 0xe8, 0xa2, 0xf0,
    0x81, 0xe8, 0x81, 0xe8, 0xa2, 0xe8, 0x81, 0xf0, 0xa1, 0xe8, 0xa2, 0xe8,
    0xa2, 0xf0, 0xa1, 0xf0, 0x82, 0xf0, 0xa2, 0xf0, 0x82, 0xf0, 0xa2, 0xe8,
    0xa1, 0xf0, 0xa2, 0xe8, 0x82, 0xe8, 0x81, 0xe8, 0x81, 0xe8, 0xa2, 0xe8,
    0xa2, 0xf0, 0x81, 0xf0, 0xa2, 0xe8, 0xa2, 0xf0, 0xa1, 0xf0, 0xa2, 0xf0,
    0xa2, 0xe8, 0xa1, 0xf0, 0xa2, 0xf0, 0xa2, 0xe8, 0xa2, 0xf0, 0xa2, 0xf0,
    0x81, 0xe8, 0xa2, 0xf0, 0xa1, 0xf0, 0x82, 0xe8, 0xa2, 0xf0, 0x81, 0xe8,
    0x82, 0xf0, 0xa1, 0xf0, 0x81, 0xe8, 0xa2, 0xf0, 0xa2, 0xf0, 0x82, 0xe8,
    0x81, 0xf0, 0xa2, 0xe8, 0x82, 0xf0, 0x82, 0xf0, 0x81, 0xe8, 0xa2, 0xe8,
    0xa2, 0xe8, 0x81, 0xf0, 0xa2, 0xe8, 0x81, 0xe8, 0x82, 0xf0, 0x81, 0xe8,
    0xa1, 0xe8, 0x82, 0xe8, 0x81, 0xf0, 0x82, 0xe8, 0x82, 0xe8, 0x81, 0xe8,
    0xa2, 0xf0, 0x82, 0xf0, 0xa1, 0xf0, 0xa1, 0xe8, 0xa2, 0xf0, 0xa2, 0xe8,
    0xa2, 0xe8, 0xa1, 0xe8, 0xa2, 0xf0, 0xa2, 0xe8, 0xa1, 0xe8, 0xa2, 0xf0,
    0x81, 0xf0, 0xa2, 0xe8, 0xa1, 0xe8, 0xa2, 0xf0, 0xa2, 0xe8, 0xa2, 0xe8,
    0xa1, 0xf0, 0x82, 0xf0, 0xa2, 0xe8, 0xa2, 0xe8, 0xa1, 0xe8, 0x82, 0xe8,
    0xa2, 0xf0, 0xa1, 0xe8, 0x82, 0xe8, 0x82, 0xe8, 0xa2, 0xf0, 0xa2, 0xe8,
    0xa2, 0xe8, 0x82, 0xf0, 0xa1, 0xe8, 0x82, 0xf0, 0xa2, 0xf0, 0xa2, 0xf0,
    0x82, 0xe8, 0xa1, 0xf0, 0xa2, 0xf0, 0xa2, 0xf0, 0xa2, 0xf0, 0xa1, 0xe8,
    0x82, 0xe8, 0xa2, 0xf0, 0xa2, 0xf0, 0x82, 0xf0, 0x82, 0xf0, 0xa2, 0xf0,
    0x82, 0xf0, 0x82, 0xf0, 0xa2, 0xf0, 0xa2, 0xe8, 0x81, 0xf0, 0xa2, 0xf0,
    0x82, 0xe8, 0xa2, 0xf0, 0xa2, 0xf0, 0xa2, 0xf0, 0x81, 0xf0, 0xa1, 0xf0,
    0xa2, 0xf0, 0xa2, 0xf0, 0xa2, 0xf0, 0xa2, 0xf0, 0xa2, 0xf0, 0xa2, 0xf0,
    0xa2, 0xf0, 0xa1, 0xf0, 0xa2, 0xf0, 0xa2, 0xf0, 0xa1, 0xe8, 0xa2, 0xf0,
    0xa2, 0xe8, 0xa1, 0xf0, 0xa2, 0xe8, 0xa1, 0xf0, 0xa2, 0xf0, 0xa2, 0xe8,
    0xa1, 0xf0, 0xa1, 0xf0, 0xa2, 0xf0, 0xa1, 0xe8, 0xa1, 0xf0, 0xa2, 0xf0,
    0x82, 0xe8, 0xa1, 0xf0, 0xa2, 0xf0, 0xa1, 0xe8, 0xa1, 0xe8, 0xa2, 0xf0,
    0x81, 0xe8, 0xa1, 0xe8, 0x81, 0xe8, 0xa2, 0xf0, 0xa2, 0xf0, 0x82, 0xe8,
    0x82, 0xf0, 0xa2, 0xe8, 0x81, 0xe8, 0xa2, 0xf0, 0xa2, 0xf0, 0xa2, 0xe8,
    0xa2, 0xf0, 0xa2, 0xf0, 0xa2, 0xe8, 0xa2, 0xf0, 0x82, 0xe8, 0xa2, 0xf0,
    0xa2, 0xf0, 0xa1, 0xe8, 0x82, 0xf0, 0xa1, 0xf0, 0xa2, 0xe8, 0x82, 0xe8,
    0xa2, 0xe8, 0xa2, 0xe8, 0x81, 0xe8, 0xa2, 0xf0, 0xa2, 0xe8, 0x81, 0xe8,
    0xa1, 0xe8, 0xa2, 0xe8, 0x82, 0xf0, 0xa1, 0xf0, 0xa2, 0xe8, 0x82, 0xf0,
    0xa1, 0xf0, 0x81, 0xe8, 0xa2, 0xf0, 0xa2, 0xf0, 0xa2, 0xf0, 0xa2, 0xe8,
    0xa2, 0xf0, 0xa2, 0xf0, 0xa1, 0xe8, 0x82, 0xe8, 0xa2, 0xf0, 0xa1, 0xf0,
    0xa2, 0xe8, 0x82, 0xe8, 0x82, 0xe8, 0xa2, 0xf0, 0x81, 0xe8, 0xa2, 0xe8,
    0xa2, 0xe8, 0x82, 0xf0, 0xa2, 0xe8, 0xa2, 0xe8, 0xa2, 0xe8, 0xa2, 0xf0,
    0xa2, 0xe8, 0xa2, 0xf0, 0xa2, 0xe8, 0xa2, 0xe8, 0x81, 0xe8, 0x82, 0xe8,
    0x82, 0xf0, 0xa2, 0xf0, 0xa2, 0xe8, 0xa2, 0xf0, 0xa2, 0xf0, 0xa1, 0xf0,
    0xa2, 0xe8, 0xa2, 0xf0, 0x81, 0xe8, 0x82, 0xf0, 0x81, 0xe8, 0x81, 0xf0,
    0x61, 0xf0, 0x82, 0xf0, 0x82, 0xe8, 0xa2, 0xf0, 0xa2, 0xf0, 0xa2, 0xe8,
    0xa2, 0xf0, 0xa2, 0xe8, 0x82, 0xe8, 0xa1, 0xf0, 0xa2, 0xe8, 0xa2, 0xf0,
    0x82, 0xf0, 0xa2, 0xe8, 0x81, 0xf0, 0x82, 0xf0, 0x82, 0xf0, 0x82, 0xf0,
    0xa2, 0xe8, 0xa2, 0xe8, 0xa2, 0xf0, 0x82, 0xf0, 0xa2, 0xe8, 0xa1, 0xf0,
    0xa2, 0xf0, 0xa2, 0xf0, 0xa2, 0xf0, 0x81, 0xe8, 0xa1, 0xe8, 0xa2, 0xf0,
    0xa1, 0xe8, 0xa1, 0xe8, 0xa2, 0xf0, 0xa1, 0xe8, 0xa2, 0xe8, 0xa2, 0xf0,
    0xa2, 0xe8, 0xa2, 0xe8, 0x82, 0xe8, 0xa2, 0xf0, 0x81, 0xe8, 0xa2, 0xe8,
    0xa2, 0xe8, 0xa2, 0xf0, 0x82, 0xe8, 0xa2, 0xe8, 0xa1, 0xe8, 0xa2, 0xe8,
    0xa2, 0xf0, 0xa2, 0xe8, 0x81, 0xe8, 0x82, 0xe8, 0xa2, 0xe8, 0xa2, 0xe8,
    0x82, 0xf0, 0xa1, 0xf0, 0xa1, 0xf0, 0xa2, 0xf0, 0xa2, 0xe8, 0x81, 0xf0,
    0xa2, 0xf0, 0xa1, 0xf0, 0xa2, 0xf0, 0x82, 0xf0, 0xa1, 0xf0, 0xa2, 0xe8,
    0x82, 0xf0, 0xa2, 0xe8, 0xa2, 0xf0, 0xa1, 0xe8, 0xa2, 0xf0, 0x82, 0xf0,
    0x81, 0xe8, 0xa1, 0xf0, 0xa2, 0xe8, 0x82, 0xe8, 0xa2, 0xf0, 0xa2, 0xe8,
    0xa2, 0xe8, 0xa2, 0xe8, 0xa1, 0xe8, 0xa2, 0xe8, 0xa2, 0xf0, 0x82, 0xe8,
    0xa2, 0xf0, 0xa1, 0xf0, 0xa2, 0xe8, 0xa2, 0xf0, 0x81, 0xf0, 0xa1, 0xf0,
    0xa2, 0xf0, 0x82, 0xe8, 0x81, 0xf0, 0xa2, 0xf0, 0x82, 0xe8, 0x81, 0xf0,
    0xa1, 0xf0, 0x82, 0xe8, 0xa2, 0xf0, 0xa1, 0xf0, 0x82, 0xf0, 0xa2, 0xf0,
    0xa1, 0xf0, 0x81, 0xf0, 0x82, 0xe8, 0x82, 0xf0, 0xa2, 0xf0, 0x82, 0xf0,
    0x81, 0xe8, 0xa2, 0xf0, 0x81, 0xe8, 0x82, 0xf0, 0xa2, 0xf0, 0xa2, 0xf0,
    0xa1, 0xf0, 0xa2, 0xe8, 0xa1, 0xe8, 0xa2, 0xf0, 0xa1, 0xe8, 0xa1, 0xe8,
    0xa2, 0xe8, 0xa1, 0xe8, 0x82, 0xf0, 0xa2, 0xe8, 0xa2, 0xe8, 0xa1, 0xe8,
    0x81, 0xf0, 0xa2, 0xe8, 0x82, 0xe8, 0xa1, 0xe8, 0x82, 0xe8, 0xa2, 0xf0,
    0xa2, 0xf0, 0x82, 0xe8, 0xa2, 0xe8, 0xa1, 0xf0, 0x82, 0xe8, 0xa1, 0xe8,
    0xa2, 0xf0, 0xa2, 0xe8, 0xa2, 0xf0, 0x81, 0xf0, 0xa2, 0xe8, 0xa2, 0xe8,
    0xa2, 0xe8, 0xa2, 0xf0, 0xa2, 0xe8, 0xa2, 0xf0, 0xa1, 0xf0, 0xa2, 0xe8,
    0x81, 0xe8, 0x81, 0xe8, 0xa2, 0xf0, 0x82, 0xe8, 0xa2, 0xe8, 0xa2, 0xf0,
    0xa1, 0xf0, 0xa2, 0xf0, 0xa2, 0xf0, 0xa2, 0xf0, 0xa1, 0xf0, 0x82, 0xe8,
    0xa2, 0xf0, 0xa2, 0xf0, 0xa2, 0xe8, 0xa1, 0xe8, 0xa2, 0xf0, 0xa2, 0xf0,
    0xa2, 0xf0, 0xa2, 0xe8, 0xa2, 0xf0, 0xa2, 0xe8, 0xa2, 0xe8, 0xa2, 0xe8,
    0x81, 0xe8, 0x81, 0xe8, 0x82, 0xe8, 0xa1, 0xe8, 0x81, 0xe8, 0xa2, 0xe8,
    0xa2, 0xe8, 0xa1, 0xe8, 0x82, 0xf0, 0xa2, 0xe8, 0xa2, 0xe8, 0x82, 0xe8,
    0xa2, 0xf0, 0xa2, 0xe8, 0xa2, 0xf0, 0xa2, 0xf0, 0xc2, 0xf0, 0xa2, 0xf0,
    0xa2, 0xf0, 0xa1, 0xe8, 0xa2, 0xf0, 0xa2, 0xf0, 0x82, 0xf0, 0xa1, 0xf0,
    0xa1, 0xf0, 0xa2, 0xe8, 0x82, 0xf0, 0xa1, 0xf0, 0xa2, 0xe8, 0xa1, 0xe8,
    0xa1, 0xf0, 0xa2, 0xf0, 0xa2, 0xf0, 0xa2, 0xf0, 0xa2, 0xe8, 0xa2, 0xf0,
    0x82, 0xf0, 0x82, 0xf0, 0xa2, 0xe8, 0xa1, 0xf0, 0xa2, 0xf0, 0xa1, 0xf0,
    0xa2, 0xf0, 0xa2, 0xf0, 0xa2, 0xf0, 0xa1, 0xe8, 0xa2, 0xe8, 0xa1, 0xf0,
    0xa2, 0xe8, 0xa2, 0xe8, 0xa1, 0xf0, 0xa2, 0xe8, 0x81, 0xf0, 0xa2, 0xe8,
    0xa1, 0xe8, 0xa2, 0xe8, 0xa2, 0xe8, 0xa1, 0xe8, 0x82, 0xf0, 0xa2, 0xe8,
    0xa2, 0xf0, 0x81, 0xe8, 0xa2, 0xf0, 0xa2, 0xf0, 0x82, 0xe8, 0xa2, 0xe8,
    0xa1, 0xf0, 0xa1, 0xe8, 0xa2, 0xe8, 0xa2, 0xe8, 0xa2, 0xf0, 0xa1, 0xf0,
    0xa1, 0xe8, 0xa2, 0xf0, 0x82, 0xf0, 0xa2, 0xe8, 0x82, 0xf0, 0xa2, 0xe8,
    0xa2, 0xe8, 0xa2, 0xe8, 0xa2, 0xe8, 0xa1, 0xf0, 0xa1, 0xe8, 0xa2, 0xe8,
    0x82, 0xf0, 0xa2, 0xf0, 0xa2, 0xf0, 0xa2, 0xe8, 0xa2, 0xf0, 0x81, 0xf0,
    0xa1, 0xf0, 0xa2, 0xf0, 0x82, 0xe8, 0xa2, 0xe8, 0x81, 0xe8, 0x81, 0xe8,
    0xa2, 0xf0, 0xa2, 0xe8, 0xa2, 0xe8, 0xa2, 0xf0, 0x82, 0xf0, 0xa1, 0xe8,
    0xa2, 0xf0, 0x82, 0xe8, 0xa1, 0xf0, 0xa2, 0xe8, 0xa2, 0xf0, 0xa2, 0xe8,
    0xa1, 0xf0, 0xa2, 0xf0, 0xa2, 0xe8, 0xa2, 0xf0, 0xa2, 0xf0, 0x82, 0xf0,
    0xa2, 0xe8, 0xa2, 0xf0, 0xa1, 0xe8, 0xa2, 0xe8, 0x82, 0xf0, 0xa2, 0xe8,
    0xa1, 0xe8, 0x82, 0xe8, 0xa2, 0xf0, 0x81, 0xf0, 0xa2, 0xe8, 0xa2, 0xe8,
    0xa1, 0xe8, 0xa2, 0xe8, 0xa2, 0xe8, 0xa2, 0xe8, 0xa2, 0xe8, 0xa2, 0xf0,
    0xa2, 0xf0, 0xa2, 0xe8, 0xa2, 0xe8, 0xa1, 0xf0, 0xa1, 0xf0, 0x81, 0xf0,
    0x82, 0xe8, 0xa2, 0xe8, 0xa2, 0xf0, 0xa2, 0xf0, 0x81, 0xe8, 0xa2, 0xf0,
    0xa2, 0xe8, 0xa1, 0xe8, 0x61, 0xe8, 0x81, 0xf0, 0xa2, 0xe8, 0x82, 0xf0,
    0xa2, 0xf0, 0xa2, 0xe8, 0xa2, 0xf0, 0xa2, 0xf0, 0xa2, 0xf0, 0xa2, 0xf0,
    0xa2, 0xe8, 0xa2, 0xf0, 0xa2, 0xf0, 0x82, 0xf0, 0x82, 0xf0, 0x81, 0xf0,
    0x82, 0xe8, 0xa1, 0xe8, 0x82, 0xf0, 0x82, 0xe8, 0xa2, 0xf0, 0xa2, 0xf0,
    0x82, 0xe8, 0xa1, 0xf0, 0x82, 0xe8, 0xa2, 0xf0, 0x81, 0xf0, 0x82, 0xf0,
    0x81, 0xe8, 0xa2, 0xe8, 0x82, 0xe8, 0xa1, 0xe8, 0xa2, 0xe8, 0xa1, 0xf0,
    0xa2, 0xe8, 0xa2, 0xe8, 0xa2, 0xf0, 0xa1, 0xe8, 0xa2, 0xf0, 0x82, 0xf0,
    0xa2, 0xe8, 0x81, 0xe8, 0xa1, 0xe8, 0xa2, 0xf0, 0xa2, 0xe8, 0xa2, 0xf0,
    0xa2, 0xe8, 0xa2, 0xf0, 0x82, 0xf0, 0xa2, 0xe8, 0xa2, 0xf0, 0xa1, 0xf0,
    0xa2, 0xf0, 0xa2, 0xf0, 0xa2, 0xe8, 0x82, 0xf0, 0x82, 0xf0, 0xa2, 0xe8,
    0xa2, 0xf0, 0x81, 0xf0, 0x82, 0xf0, 0x81, 0xe8, 0xa2, 0xf0, 0xa1, 0xf0,
    0xa1, 0xf0, 0xa2, 0xf0, 0xa1, 0xe8, 0xa2, 0xf0, 0x82, 0xf0, 0xa2, 0xe8,
    0xa2, 0xf0, 0xa2, 0xf0, 0xa2, 0xf0, 0xa1, 0xe8, 0x81, 0xe8, 0xa1, 0xe8,
    0xa2, 0xf0, 0xa2, 0xf0, 0xa2, 0xf0, 0xa1, 0xe8, 0xa2, 0xe8, 0xa1, 0xf0,
    0x81, 0xf0, 0xa2, 0xe8, 0xa2, 0xf0, 0xa2, 0xf0, 0xa2, 0xe8, 0xa2, 0xe8,
    0x81, 0xf0, 0xa1, 0xe8, 0xa2, 0xf0, 0xa2, 0xf0, 0xa2, 0xf0, 0xa2, 0xe8,
    0x81, 0xe8, 0xa2, 0xf0, 0xa2, 0xe8, 0x81, 0xe8, 0xa2, 0xf0, 0x81, 0xf0,
    0x82, 0xf0, 0xa2, 0xf0, 0xa1, 0xf0, 0xa2, 0xe8, 0x82, 0xe8, 0xa1, 0xf0,
    0xa2, 0xe8, 0xa2, 0xf0, 0x81, 0xf0, 0xa2, 0xe8, 0xa2, 0xf0, 0xa1, 0xf0,
    0xa1, 0xf0, 0xa2, 0xf0, 0x82, 0xf0, 0xa1, 0xf0, 0xa2, 0xf0, 0x82, 0xf0,
    0xa2, 0xe8, 0xa2, 0xe8, 0x82, 0xe8, 0xa1, 0xe8, 0xa1, 0xe8, 0xa2, 0xe8,
    0xa2, 0xe8, 0xa1, 0xe8, 0xa2, 0xf0, 0x81, 0xf0, 0xa1, 0xf0, 0xa1, 0xe8,
    0x82, 0xf0, 0xa2, 0xf0, 0xa2, 0xe8, 0xa2, 0xf0, 0x82, 0xf0, 0x82, 0xe8,
    0x82, 0xf0, 0xa1, 0xf0, 0x81, 0xf0, 0xa2, 0xf0, 0xa2, 0xf0, 0x81, 0xe8,
    0x82, 0xf0, 0xa2, 0xe8, 0xa2, 0xe8, 0x82, 0xf0, 0x81, 0xe8, 0x81, 0xf0,
    0xa2, 0xf0, 0xa2, 0xf0, 0x82, 0xf0, 0xa2, 0xf0, 0x82, 0xe8, 0x82, 0xe8,
    0xa2, 0xf0, 0xa2, 0xf0, 0x82, 0xe8, 0xa2, 0xf0, 0xa2, 0xe8, 0xa1, 0xf0,
    0xa2, 0xf0, 0xa2, 0xf0, 0xa2, 0xf0, 0xa1, 0xf0, 0xa2, 0xe8, 0xa2, 0xe8,
    0xa1, 0xe8, 0xa2, 0xf0, 0xa2, 0xe8, 0xa2, 0xf0, 0xa2, 0xf0, 0xa2, 0xe8,
    0xa2, 0xf0, 0xa2, 0xf0, 0xa2, 0xe8, 0xa2, 0xf0, 0xa2, 0xe8, 0x82, 0xe8,
    0x81, 0xe8, 0x82, 0xf0, 0xa2, 0xf0, 0xa2, 0xe8, 0xa2, 0xf0, 0xa2, 0xf0,
    0xa2, 0xf0, 0xa2, 0xf0, 0xa2, 0xf0, 0xa2, 0xe8, 0xa2, 0xf0, 0xa1, 0xf0,
    0xc2, 0xe8, 0xc2, 0xf0, 0xa2, 0xf0, 0xa2, 0xf0, 0xa1, 0xe8, 0xa1, 0xf0,
    0xa2, 0xf0, 0xa1, 0xf0, 0xa2, 0xe8, 0xa2, 0xf0, 0x82, 0xe8, 0xa2, 0xe8,
    0xa2, 0xf0, 0xa1, 0xf0, 0xa2, 0xe8, 0xa2, 0xe8, 0xa2, 0xf0, 0xa2, 0xf0,
    0xa2, 0xe8, 0xa2, 0xe8, 0x82, 0xf0, 0x82, 0xf0, 0xa2, 0xe8, 0xa1, 0xf0,
    0xa2, 0xf0, 0x81, 0xf0, 0xa1, 0xf0, 0xa2, 0xf0, 0xa1, 0xf0, 0xa2, 0xe8,
    0x81, 0xf0, 0x81, 0xf0, 0xa2, 0xe8, 0xa2, 0xe8, 0xa1, 0xe8, 0x81, 0xe8,
    0xa2, 0xe8, 0xa2, 0xe8, 0xa1, 0xf0, 0xa2, 0xe8, 0x82, 0xe8, 0xa1, 0xe8,
    0xa2, 0xf0, 0x82, 0xf0, 0xa1, 0xe8, 0xa2, 0xf0, 0xa1, 0xf0, 0xa2, 0xe8,
    0xa1, 0xe8, 0xa2, 0xe8, 0x82, 0xe8, 0xa1, 0xe8, 0xa2, 0xe8, 0xa1, 0xe8,
    0xa2, 0xf0, 0x82, 0xf0, 0xa2, 0xe8, 0xa1, 0xf0, 0x82, 0xf0, 0xa2, 0xf0,
    0xa2, 0xf0, 0xa2, 0xf0, 0xa1, 0xe8, 0xa2, 0xf0, 0xa2, 0xe8, 0xa2, 0xe8,
    0xa2, 0xe8, 0xa2, 0xe8, 0xa2, 0xf0, 0xa1, 0xf0, 0x82, 0xe8, 0xa2, 0xf0,
    0xa2, 0xe8, 0xa1, 0xe8, 0xa2, 0xf0, 0xa1, 0xf0, 0xa2, 0xf0, 0x82, 0xf0,
    0xa2, 0xe8, 0xa2, 0xe8, 0xa2, 0xe8, 0xa2, 0xe8, 0xa2, 0xe8, 0xa2, 0xe8,
    0xa2, 0xf0, 0xa1, 0xf0, 0xa2, 0xe8, 0xa2, 0xf0, 0xa2, 0xf0, 0xa2, 0xe8,
    0xa2, 0xf0, 0xa2, 0xe8, 0xa2, 0xf0, 0xa1, 0xe8, 0xa2, 0xf0, 0x82, 0xe8,
    0xa2, 0xf0, 0xa2, 0xf0, 0x82, 0xf0, 0xa2, 0xf0, 0xa2, 0xf0, 0x82, 0xe8,
    0x82, 0xe8, 0xa2, 0xf0, 0x82, 0xf0, 0x82, 0xe8, 0xa2, 0xf0, 0xa2, 0xf0,
    0xa1, 0xe8, 0x81, 0xe8, 0xa2, 0xf0, 0xa2, 0xf0, 0xa2, 0xe8, 0xa2, 0xf0,
    0xa1, 0xe8, 0xa2, 0xe8, 0x82, 0xf0, 0x81, 0xf0, 0x82, 0xe8, 0xa2, 0xf0,
    0xa2, 0xf0, 0xa1, 0xf0, 0xa2, 0xf0, 0xa2, 0xe8, 0xa2, 0xf0, 0xa1, 0xe8,
    0x81, 0xf0, 0x82, 0xf0, 0xa1, 0xe8, 0x82, 0xf0, 0x61, 0xf0, 0x81, 0xe8,
    0xa2, 0xf0, 0xa2, 0xe8, 0xa1, 0xf0, 0x82, 0xf0, 0xa2, 0xf0, 0xa2, 0xf0,
    0xa2, 0xf0, 0xa2, 0xf0, 0x82, 0xe8, 0xa2, 0xf0, 0x81, 0xe8, 0xa1, 0xe8,
    0x82, 0xf0, 0x82, 0xf0, 0xa2, 0xf0, 0xa2, 0xf0, 0xa2, 0xf0, 0xa2, 0xe8,
    0xa1, 0xf0, 0x82, 0xe8, 0x82, 0xe8, 0xa2, 0xf0, 0xa2, 0xf0, 0xa1, 0xe8,
    0xa2, 0xe8, 0x81, 0xe8, 0xa1, 0xe8, 0xa2, 0xe8, 0x82, 0xf0, 0xa2, 0xe8,
    0xa1, 0xe8, 0xa1, 0xe8, 0xa2, 0xe8, 0xa2, 0xe8, 0xa2, 0xf0, 0x81, 0xe8,
    0x82, 0xe8, 0xa2, 0xf0, 0xa2, 0xf0, 0xa2, 0xe8, 0x82, 0xe8, 0x81, 0xe8,
    0xa2, 0xf0, 0xa1, 0xe8, 0xa2, 0xf0, 0xa2, 0xe8, 0xa2, 0xf0, 0xa2, 0xe8,
    0xa2, 0xe8, 0xa2, 0xe8, 0xa2, 0xf0, 0x82, 0xf0, 0xa2, 0xe8, 0xa2, 0xf0,
    0x81, 0xf0, 0xa2, 0xe8, 0xa2, 0xf0, 0xa1, 0xf0, 0x82, 0xf0, 0x81, 0xe8,
    0xa2, 0xf0, 0xa2, 0xf0, 0x82, 0xf0, 0xa1, 0xf0, 0xa2, 0xe8, 0x81, 0xf0,
    0xa1, 0xf0, 0xa2, 0xe8, 0x82, 0xf0, 0xa2, 0xf0, 0xa1, 0xe8, 0xa2, 0xf0,
    0xa1, 0xe8, 0xa1, 0xe8, 0x82, 0xf0, 0xa2, 0xf0, 0xa2, 0xf0, 0xa1, 0xe8,
    0xa2, 0xf0, 0x82, 0xf0, 0xa1, 0xf0, 0xa2, 0xe8, 0xa2, 0xf0, 0x82, 0xf0,
    0xa2, 0xe8, 0xa2, 0xf0, 0x82, 0xf0, 0xa2, 0xe8, 0xa1, 0xe8, 0x82, 0xf0,
    0xa2, 0xe8, 0x81, 0xe8, 0xa1, 0xf0, 0xa2, 0xf0, 0x82, 0xe8, 0xa1, 0xe8,
    0x82, 0xf0, 0xa2, 0xf0, 0x82, 0xf0, 0x82, 0xf0, 0xa2, 0xf0, 0xa2, 0xf0,
    0xa2, 0xf0, 0xa2, 0xe8, 0x82, 0xe8, 0x81, 0xe8, 0xa1, 0xf0, 0x82, 0xe8,
    0xa2, 0xf0, 0xa2, 0xf0, 0xa1, 0xf0, 0xa2, 0xf0, 0xa2, 0xf0, 0xa1, 0xf0,
    0x82, 0xe8, 0xa1, 0xf0, 0xa2, 0xf0, 0xa2, 0xe8, 0xa2, 0xf0, 0xa1, 0xe8,
    0xa2, 0xe8, 0x82, 0xf0, 0xa1, 0xe8, 0xa2, 0xe8, 0xa2, 0xf0, 0x82, 0xe8,
    0xa1, 0xf0, 0xa2, 0xf0, 0x82, 0xe8, 0xa2, 0xf0, 0xa2, 0xe8, 0xa2, 0xf0,
    0x81, 0xe8, 0xa2, 0xf0, 0x82, 0xf0, 0x81, 0xe8, 0xa2, 0xe8, 0xa2, 0xf0,
    0xa1, 0xe8, 0x82, 0xe8, 0x82, 0xf0, 0xa1, 0xf0, 0xa2, 0xe8, 0xa2, 0xf0,
    0xa2, 0xf0, 0xa1, 0xe8, 0x82, 0xe8, 0x82, 0xf0, 0xa2, 0xe8, 0xa2, 0xf0,
    0x81, 0xf0, 0xa2, 0xe8, 0xa2, 0xf0, 0xa2, 0xf0, 0x82, 0xe8, 0xa2, 0xe8,
    0xa2, 0xf0, 0xa2, 0xf0, 0xa2, 0xf0, 0xc2, 0xf0, 0xa2, 0xe8, 0xa1, 0xf0,
    0xa2, 0xf0, 0xa2, 0xe8, 0xa1, 0xe8, 0xa2, 0xf0, 0xc2, 0xe8, 0xc2, 0xf0,
    0xa2, 0xf0, 0xa1, 0xe8, 0xa2, 0xe8, 0xa2, 0xe8, 0x81, 0xe8, 0xa2, 0xe8,
    0xa1, 0xe8, 0x82, 0xe8, 0xa2, 0xe8, 0x81, 0xe8, 0xa2, 0xf0, 0xa2, 0xf0,
    0xa2, 0xf0, 0x82, 0xe8, 0xa1, 0xf0, 0x82, 0xf0, 0xa2, 0xe8, 0xa1, 0xf0,
    0xa2, 0xf0, 0xa2, 0xf0, 0xa2, 0xf0, 0xc2, 0xf0, 0xc2, 0xf0, 0xa2, 0xf0,
    0xa2, 0xe8, 0xa2, 0xe8, 0x82, 0xf0, 0xa2, 0xf0, 0xa2, 0xe8, 0xa2, 0xf0,
    0x81, 0xf0, 0x82, 0xe8, 0xa2, 0xf0, 0xa1, 0xf0, 0x82, 0xf0, 0x82, 0xe8,
    0xa2, 0xf0, 0xa2, 0xf0, 0x82, 0xe8, 0xa2, 0xf0, 0xa1, 0xe8, 0xa2, 0xe8,
    0xa2, 0xf0, 0xa1, 0xe8, 0x82, 0xf0, 0xa2, 0xf0, 0xa2, 0xf0, 0xa2, 0xf0,
    0x81, 0xe8, 0xa2, 0xf0, 0x82, 0xf0, 0xa1, 0xe8, 0xa2, 0xf0, 0xa2, 0xe8,
    0xa1, 0xe8, 0xa2, 0xf0, 0xa1, 0xe8, 0xa2, 0xf0, 0xa2, 0xe8, 0xa2, 0xe8,
    0xa1, 0xf0, 0xa1, 0xe8, 0xa2, 0xf0, 0xa1, 0xe8, 0xa2, 0xf0, 0xa2, 0xf0,
    0x81, 0xe8, 0xa2, 0xe8, 0xa1, 0xe8, 0xa2, 0xf0, 0xa1, 0xe8, 0xa2, 0xf0,
    0x81, 0xe8, 0xa1, 0xe8, 0xa2, 0xf0, 0x82, 0xf0, 0xa2, 0xe8, 0xa1, 0xe8,
    0xa2, 0xf0, 0xa2, 0xe8, 0xa2, 0xe8, 0xa2, 0xf0, 0xa2, 0xe8, 0xa2, 0xf0,
    0xa2, 0xf0, 0xa2, 0xe8, 0xa2, 0xf0, 0xa2, 0xe8, 0xa1, 0xe8, 0xa2, 0xe8,
    0xa2, 0xe8, 0x82, 0xf0, 0xa1, 0xe8, 0xa1, 0xe8, 0x82, 0xf0, 0xa2, 0xe8,
    0xa2, 0xe8, 0xa1, 0xe8, 0x82, 0xe8, 0xa2, 0xe8, 0xa1, 0xe8, 0xa2, 0xe8,
    0x81, 0xe8, 0xa2, 0xe8, 0xa2, 0xf0, 0xa1, 0xf0, 0xa1, 0xe8, 0x81, 0xf0,
    0xa2, 0xf0, 0xa2, 0xf0, 0xa2, 0xf0, 0xa2, 0xe8, 0xa2, 0xf0, 0xa1, 0xf0,
    0xa2, 0xf0, 0xa2, 0xe8, 0xa2, 0xe8, 0xa1, 0xf0, 0xa2, 0xe8, 0x82, 0xe8,
    0xa2, 0xf0, 0x82, 0xe8, 0x81, 0xe8, 0xa2, 0xf0, 0x82, 0xe8, 0xa2, 0xe8,
    0xa2, 0xf0, 0xa2, 0xf0, 0x82, 0xe8, 0x82, 0xe8, 0xa2, 0xe8, 0xa1, 0xe8,
    0xa2, 0xf0, 0xa2, 0xe8, 0xa2, 0xe8, 0x81, 0xe8, 0x82, 0xe8, 0xa2, 0xf0,
    0x81, 0xe8, 0xa2, 0xf0, 0xa2, 0xf0, 0xa2, 0xf0, 0x81, 0xf0, 0xa1, 0xf0,
    0x82, 0xe8, 0x81, 0xe8, 0xa2, 0xf0, 0x81, 0xe8, 0x81, 0xf0, 0x81, 0xe8,
    0x61, 0xf0, 0x81, 0xe8, 0x82, 0xe8, 0x82, 0xf0, 0xa2, 0xe8, 0xa2, 0xe8,
    0xa2, 0xf0, 0xa1, 0xe8, 0xa1, 0xf0, 0xa2, 0xf0, 0xa2, 0xe8, 0xa2, 0xf0,
    0xa2, 0xf0, 0xa1, 0xe8, 0xa2, 0xf0, 0xa1, 0xe8, 0x82, 0xe8, 0xa2, 0xf0,
    0x82, 0xf0, 0xa2, 0xe8, 0xa2, 0xf0, 0x81, 0xe8, 0xa2, 0xf0, 0xa1, 0xf0,
    0xa1, 0xe8, 0xa2, 0xe8, 0xa1, 0xe8, 0xa2, 0xf0, 0xa2, 0xe8, 0xa2, 0xf0,
    0xa2, 0xe8, 0xa2, 0xf0, 0xa2, 0xf0, 0xa2, 0xe8, 0xa2, 0xe8, 0xa2, 0xe8,
    0xa2, 0xe8, 0xa2, 0xe8, 0xa2, 0xf0, 0x81, 0xe8, 0x82, 0xf0, 0xa2, 0xf0,
    0x82, 0xf0, 0xa2, 0xf0, 0xa2, 0xe8, 0xa1, 0xf0, 0xa1, 0xf0, 0xa1, 0xe8,
    0xa1, 0xf0, 0xa2, 0xf0, 0xa2, 0xe8, 0x81, 0xe8, 0xa2, 0xf0, 0xa2, 0xe8,
    0xa2, 0xf0, 0xa2, 0xf0, 0xa2, 0xe8, 0xa1, 0xf0, 0xa2, 0xf0, 0xa2, 0xf0,
    0xa1, 0xf0, 0x81, 0xf0, 0xa2, 0xe8, 0x81, 0xe8, 0xa2, 0xf0, 0xa2, 0xf0,
    0x81, 0xe8, 0x82, 0xe8, 0xa2, 0xf0, 0xa1, 0xf0, 0xa2, 0xe8, 0x82, 0xf0,
    0xa1, 0xf0, 0x82, 0xe8, 0xa2, 0xe8, 0xa1, 0xe8, 0x81, 0xe8, 0xa2, 0xf0,
    0x82, 0xf0, 0xa2, 0xf0, 0xa2, 0xe8, 0xa2, 0xf0, 0xa2, 0xe8, 0xa2, 0xf0,
    0x82, 0xe8, 0x81, 0xe8, 0x82, 0xf0, 0xa1, 0xf0, 0x82, 0xe8, 0xa2, 0xf0,
    0xa2, 0xf0, 0xa2, 0xf0, 0xa2, 0xf0, 0xa1, 0xf0, 0xa2, 0xf0, 0xa2, 0xf0,
    0xa2, 0xf0, 0xa1, 0xf0, 0xa2, 0xf0, 0xa2, 0xe8, 0xa2, 0xe8, 0xa2, 0xf0,
    0xa1, 0xf0, 0x81, 0xf0, 0xa2, 0xe8, 0xa2, 0xf0, 0x82, 0xf0, 0x82, 0xe8,
    0xa2, 0xf0, 0xa2, 0xf0, 0xa1, 0xe8, 0x82, 0xf0, 0xa2, 0xf0, 0x81, 0xe8,
    0x82, 0xf0, 0xa2, 0xf0, 0xa1, 0xe8, 0xa2, 0xf0, 0xa1, 0xe8, 0xa1, 0xe8,
    0xa1, 0xe8, 0xa2, 0xf0, 0x81, 0xe8, 0xa2, 0xf0, 0xa1, 0xe8, 0x81, 0xe8,
    0x82, 0xf0, 0xa2, 0xf0, 0xa2, 0xe8, 0xa1, 0xf0, 0xa2, 0xf0, 0xa2, 0xe8,
    0x82, 0xf0, 0xa2, 0xf0, 0xa2, 0xe8, 0xa2, 0xf0, 0xa2, 0xf0, 0x81, 0xe8,
    0x82, 0xf0, 0xa2, 0xf0, 0x82, 0xf0, 0xa2, 0xf0, 0xa2, 0xe8, 0x82, 0xf0,
    0xa2, 0xf0, 0xa2, 0xe8, 0xa1, 0xf0, 0x82, 0xf0, 0x81, 0xe8, 0x81, 0xe8,
    0x81, 0xe8, 0xa2, 0xe8, 0x82, 0xf0, 0x81, 0xe8, 0xa2, 0xf0, 0xa2, 0xf0,
    0xa2, 0xf0, 0xa1, 0xf0, 0xa2, 0xf0, 0xa2, 0xe8, 0xa2, 0xf0, 0xa2, 0xf0,
    0xa2, 0xe8, 0xc2, 0xf0, 0xa2, 0xf0, 0xa2, 0xf0, 0xc2, 0xf0, 0xc2, 0xf0,
    0xa1, 0xe8, 0xa2, 0xf0, 0xa2, 0xf0, 0xa2, 0xe8, 0xa2, 0xe8, 0x81, 0xe8,
    0xa2, 0xf0, 0x82, 0xf0, 0x82, 0xf0, 0xa2, 0xe8, 0xa2, 0xe8, 0xa1, 0xe8,
    0xa2, 0xf0, 0xa2, 0xf0, 0x82, 0xe8, 0xa2, 0xf0, 0xa2, 0xe8, 0xa2, 0xf0,
    0x82, 0xe8, 0xa2, 0xf0, 0xa2, 0xf0, 0xa2, 0xe8, 0xa2, 0xf0, 0xa2, 0xf0,
    0xa2, 0xf0, 0xa2, 0xf0, 0xa2, 0xf0, 0xa1, 0xf0, 0x81, 0xe8, 0xa2, 0xf0,
    0xa2, 0xf0, 0xa2, 0xf0, 0x82, 0xe8, 0x81, 0xe8, 0xa2, 0xf0, 0xa2, 0xf0,
    0xa1, 0xe8, 0xa2, 0xf0, 0xa2, 0xf0, 0xa2, 0xe8, 0xa2, 0xf0, 0xa2, 0xf0,
    0xa2, 0xf0, 0xa2, 0xf0, 0x82, 0xf0, 0xa2, 0xe8, 0xa2, 0xf0, 0xa2, 0xf0,
    0xa2, 0xf0, 0xa2, 0xf0, 0xa1, 0xe8, 0xa2, 0xe8, 0x81, 0xf0, 0xa1, 0xe8,
    0xa2, 0xe8, 0xa1, 0xe8, 0xa2, 0xf0, 0x81, 0xe8, 0xa2, 0xe8, 0xa2, 0xf0,
    0xa2, 0xe8, 0xa2, 0xf0, 0xa2, 0xe8, 0x82, 0xe8, 0xa1, 0xe8, 0xa2, 0xe8,
    0xa2, 0xf0, 0xa1, 0xe8, 0xa2, 0xe8, 0xa2, 0xe8, 0xa2, 0xf0, 0xa1, 0xf0,
    0xa1, 0xe8, 0xa2, 0xe8, 0x82, 0xf0, 0xa1, 0xe8, 0xa2, 0xf0, 0xa2, 0xf0,
    0xa2, 0xf0, 0x82, 0xf0, 0xa2, 0xe8, 0xa2, 0xf0, 0x81, 0xe8, 0x81, 0xf0,
    0xa2, 0xe8, 0xa1, 0xf0, 0xa2, 0xe8, 0xa2, 0xe8, 0xa2, 0xf0, 0xa2, 0xf0,
    0xa2, 0xe8, 0xa2, 0xf0, 0xa2, 0xe8, 0xa2, 0xe8, 0xa2, 0xe8, 0xa1, 0xe8,
    0xa2, 0xf0, 0x82, 0xf0, 0xa2, 0xe8, 0x81, 0xe8, 0x81, 0xe8, 0xa2, 0xf0,
    0x81, 0xe8, 0xa2, 0xf0, 0xa2, 0xe8, 0x81, 0xe8, 0x82, 0xf0, 0xa1, 0xe8,
    0x81, 0xe8, 0x82, 0xe8, 0xa2, 0xf0, 0xa1, 0xe8, 0xa2, 0xf0, 0xa2, 0xe8,
    0xa2, 0xf0, 0xa2, 0xf0, 0x81, 0xe8, 0x82, 0xf0, 0x82, 0xe8, 0xa2, 0xf0,
    0xa2, 0xf0, 0xa2, 0xe8, 0xa2, 0xf0, 0xa2, 0xf0, 0x81, 0xe8, 0xa2, 0xf0,
    0xa2, 0xf0, 0xa2, 0xf0, 0xa2, 0xe8, 0xa2, 0xf0, 0x82, 0xe8, 0x81, 0xe8,
    0xa2, 0xe8, 0xa2, 0xe8, 0xa2, 0xf0, 0xa2, 0xe8, 0xa1, 0xe8, 0xa2, 0xe8,
    0xa2, 0xe8, 0xa2, 0xf0, 0xa2, 0xf0, 0xa1, 0xe8, 0xa1, 0xe8, 0x82, 0xf0,
    0xa2, 0xf0, 0xa2, 0xf0, 0xa2, 0xf0, 0x82, 0xe8, 0xa2, 0xe8, 0xa2, 0xf0,
    0xa2, 0xe8, 0x81, 0xe8, 0x61, 0xf0, 0x81, 0xe8, 0x82, 0xf0, 0x82, 0xf0,
    0xa2, 0xf0, 0xa2, 0xe8, 0xa1, 0xf0, 0xa2, 0xf0, 0xa2, 0xf0, 0xa1, 0xf0,
    0xa2, 0xf0, 0xa2, 0xf0, 0xa2, 0xf0, 0xa1, 0xe8, 0x81, 0xf0, 0x81, 0xf0,
    0xa2, 0xe8, 0x82, 0xf0, 0xa2, 0xe8, 0xa2, 0xf0, 0xa2, 0xf0, 0xa2, 0xf0,
    0xa2, 0xe8, 0xa1, 0xf0, 0xa2, 0xf0, 0xa2, 0xe8, 0xa1, 0xe8, 0xa2, 0xf0,
    0x82, 0xe8, 0xa2, 0xf0, 0xa2, 0xe8, 0xa1, 0xe8, 0xa2, 0xf0, 0xa2, 0xe8,
    0xa1, 0xe8, 0xa2, 0xe8, 0xa2, 0xf0, 0xa2, 0xe8, 0xa1, 0xf0, 0x82, 0xe8,
    0xa2, 0xe8, 0xa2, 0xf0, 0xa2, 0xf0, 0xa2, 0xe8, 0xa1, 0xf0, 0xa2, 0xf0,
    0x82, 0xe8, 0xa2, 0xe8, 0xa2, 0xf0, 0xa2, 0xf0, 0xa2, 0xf0, 0xa2, 0xe8,
    0xa2, 0xf0, 0xa2, 0xf0, 0xa2, 0xe8, 0x82, 0xf0, 0xa2, 0xf0, 0xa2, 0xe8,
    0xa2, 0xf0, 0xa2, 0xf0, 0xa2, 0xf0, 0x82, 0xf0, 0x81, 0xf0, 0xa1, 0xe8,
    0xa2, 0xf0, 0xa2, 0xf0, 0xa1, 0xf0, 0xa2, 0xe8, 0x81, 0xe8, 0xa2, 0xf0,
    0x82, 0xe8, 0xa2, 0xf0, 0x81, 0xe8, 0x81, 0xf0, 0x82, 0xf0, 0xa2, 0xe8,
    0xa1, 0xe8, 0xa2, 0xf0, 0xa2, 0xf0, 0xa2, 0xf0, 0xa2, 0xe8, 0xa1, 0xf0,
    0x81, 0xe8, 0x82, 0xf0, 0xa2, 0xe8, 0x82, 0xe8, 0xa1, 0xf0, 0xa1, 0xf0,
    0xa2, 0xf0, 0xa2, 0xf0, 0xa2, 0xf0, 0xa2, 0xf0, 0xa2, 0xe8, 0xa2, 0xf0,
    0x81, 0xe8, 0xa2, 0xe8, 0xa2, 0xf0, 0x82, 0xf0, 0xa2, 0xe8, 0xa2, 0xf0,
    0x81, 0xe8, 0x82, 0xe8, 0x82, 0xf0, 0xa1, 0xf0, 0x82, 0xe8, 0x82, 0xf0,
    0xa2, 0xf0, 0xa2, 0xf0, 0xa2, 0xe8, 0xa2, 0xf0, 0xa1, 0xe8, 0xa2, 0xf0,
    0xa2, 0xf0, 0xa2, 0xf0, 0x81, 0xf0, 0xa2, 0xf0, 0xa2, 0xf0, 0x82, 0xf0,
    0xa2, 0xe8, 0xa2, 0xe8, 0xa2, 0xf0, 0x81, 0xe8, 0xa2, 0xe8, 0xa1, 0xe8,
    0xa2, 0xe8, 0xa2, 0xe8, 0xa1, 0xf0, 0x81, 0xe8, 0xa2, 0xf0, 0xa1, 0xe8,
    0xa2, 0xf0, 0x82, 0xf0, 0xa1, 0xe8, 0xa2, 0xf0, 0xa2, 0xf0, 0xa2, 0xe8,
    0xa2, 0xf0, 0xa1, 0xf0, 0xa2, 0xe8, 0xa2, 0xf0, 0xa2, 0xe8, 0xa2, 0xf0,
    0x81, 0xe8, 0x82, 0xe8, 0xa2, 0xf0, 0x81, 0xe8, 0xa2, 0xf0, 0x81, 0xf0,
    0x82, 0xf0, 0x81, 0xf0, 0x81, 0xf0, 0xa1, 0xf0, 0x82, 0xf0, 0x82, 0xe8,
    0x81, 0xe8, 0x82, 0xe8, 0x82, 0xf0, 0xa2, 0xe8, 0xa2, 0xf0, 0xa2, 0xf0,
    0xa1, 0xe8, 0xa2, 0xf0, 0xa1, 0xf0, 0xa2, 0xf0, 0xa1, 0xf0, 0xa2, 0xf0,
    0xc2, 0xf0, 0xa2, 0xf0, 0xa1, 0xf0, 0xc2, 0xf0, 0xa2, 0xe8, 0xa2, 0xf0,
    0xa2, 0xf0, 0xa2, 0xe8, 0xa2, 0xf0, 0xa2, 0xf0, 0xa1, 0xe8, 0x82, 0xf0,
    0x82, 0xf0, 0x82, 0xf0, 0xa2, 0xf0, 0xa2, 0xf0, 0xa2, 0xe8, 0xa2, 0xf0,
    0xa2, 0xf0, 0xa2, 0xe8, 0xa2, 0xf0, 0xa2, 0xf0, 0xc2, 0xf0, 0xc2, 0xf0,
    0xa1, 0xf0, 0xa2, 0xf0, 0xa2, 0xf0, 0xa1, 0xf0, 0xa2, 0xe8, 0x82, 0xf0,
    0x82, 0xf0, 0x82, 0xe8, 0xa2, 0xf0, 0x82, 0xf0, 0xa2, 0xf0, 0xa2, 0xf0,
    0xa2, 0xe8, 0xa2, 0xf0, 0x82, 0xe8, 0xa2, 0xf0, 0xa2, 0xf0, 0x82, 0xe8,
    0xa2, 0xf0, 0xa2, 0xf0, 0x82, 0xe8, 0xa2, 0xf0, 0xa2, 0xf0, 0xa2, 0xf0,
    0xa1, 0xf0, 0xa1, 0xf0, 0xa2, 0xf0, 0xa2, 0xf0, 0xa1, 0xf0, 0xa2, 0xf0,
    0xa2, 0xf0, 0x81, 0xe8, 0xa2, 0xf0, 0xa1, 0xe8, 0xa1, 0xe8, 0x82, 0xe8,
    0xa2, 0xf0, 0xa2, 0xe8, 0xa2, 0xe8, 0x82, 0xf0, 0xa2, 0xe8, 0xa2, 0xe8,
    0xa1, 0xf0, 0xa2, 0xf0, 0xa2, 0xf0, 0x81, 0xe8, 0xa2, 0xf0, 0xa1, 0xf0,
    0xa2, 0xe8, 0xa2, 0xe8, 0xa2, 0xe8, 0xa2, 0xf0, 0xa2, 0xe8, 0xa1, 0xe8,
    0x82, 0xe8, 0xa2, 0xe8, 0xa2, 0xf0, 0x82, 0xf0, 0xa2, 0xf0, 0xa2, 0xf0,
    0x82, 0xe8, 0xa2, 0xf0, 0xa1, 0xf0, 0x82, 0xe8, 0xa2, 0xf0, 0xa2, 0xe8,
    0xa2, 0xe8, 0xa1, 0xe8, 0xa2, 0xf0, 0xa2, 0xf0, 0xa2, 0xf0, 0xa2, 0xf0,
    0xa2, 0xf0, 0xa1, 0xf0, 0xa2, 0xf0, 0xa2, 0xe8, 0x82, 0xe8, 0xa2, 0xe8,
    0xa2, 0xf0, 0x82, 0xe8, 0xa2, 0xe8, 0xa2, 0xf0, 0xa2, 0xf0, 0xa2, 0xe8,
    0xa2, 0xf0, 0xa1, 0xf0, 0x82, 0xe8, 0x82, 0xf0, 0xa2, 0xf0, 0xa2, 0xe8,
    0x82, 0xf0, 0xa2, 0xf0, 0xa2, 0xe8, 0x82, 0xe8, 0xa2, 0xf0, 0xa2, 0xf0,
    0xa2, 0xf0, 0x82, 0xe8, 0xa1, 0xf0, 0x82, 0xf0, 0xa2, 0xf0, 0x82, 0xe8,
    0xa2, 0xf0, 0xa2, 0xf0, 0x81, 0xe8, 0x81, 0xe8, 0x82, 0xf0, 0xa2, 0xf0,
    0xa1, 0xe8, 0xa2, 0xe8, 0xa2, 0xe8, 0xa2, 0xf0, 0x82, 0xf0, 0xa2, 0xf0,
    0xa2, 0xf0, 0xa2, 0xf0, 0x81, 0xe8, 0xa2, 0xf0, 0xa2, 0xf0, 0xa2, 0xe8,
    0xa2, 0xf0, 0xa1, 0xf0, 0xa2, 0xe8, 0xa1, 0xf0, 0x82, 0xf0, 0xa2, 0xf0,
    0xa2, 0xf0, 0xa1, 0xf0, 0x82, 0xe8, 0x81, 0xe8, 0x61, 0xe8, 0x81, 0xf0,
    0xa2, 0xe8, 0xa1, 0xe8, 0xa2, 0xf0, 0xa2, 0xf0, 0xa2, 0xf0, 0xa2, 0xf0,
    0xa2, 0xe8, 0xa2, 0xf0, 0xa2, 0xe8, 0xa2, 0xf0, 0xa2, 0xf0, 0x81, 0xe8,
    0x82, 0xf0, 0xa2, 0xf0, 0x81, 0xe8, 0x81, 0xe8, 0xa2, 0xf0, 0xa2, 0xe8,
    0x82, 0xf0, 0xa1, 0xf0, 0xa2, 0xe8, 0xa2, 0xf0, 0xa2, 0xf0, 0xa1, 0xe8,
    0xa2, 0xe8, 0x81, 0xe8, 0xa2, 0xf0, 0xa2, 0xf0, 0xa1, 0xe8, 0xa2, 0xe8,
    0xa2, 0xe8, 0xa2, 0xe8, 0x81, 0xe8, 0x81, 0xe8, 0xa2, 0xe8, 0xa2, 0xe8,
    0x82, 0xf0, 0xa2, 0xf0, 0x81, 0xe8, 0x81, 0xe8, 0x82, 0xe8, 0x81, 0xf0,
    0xa2, 0xf0, 0xa2, 0xe8, 0x81, 0xe8, 0xa1, 0xe8, 0xa2, 0xe8, 0xa1, 0xe8,
    0xa2, 0xe8, 0xa2, 0xf0, 0xa2, 0xf0, 0xa2, 0xf0, 0xa2, 0xe8, 0x82, 0xf0,
    0xa2, 0xf0, 0xa1, 0xe8, 0xa1, 0xf0, 0xa2, 0xf0, 0xa1, 0xf0, 0x82, 0xf0,
    0xa2, 0xf0, 0xa2, 0xf0, 0x81, 0xf0, 0xa2, 0xf0, 0x81, 0xf0, 0xa2, 0xf0,
    0xa2, 0xf0, 0x81, 0xf0, 0x81, 0xf0, 0xa1, 0xe8, 0xa2, 0xf0, 0x81, 0xe8,
    0xa1, 0xf0, 0xa2, 0xf0, 0xa2, 0xf0, 0xa2, 0xf0, 0xa2, 0xf0, 0xa2, 0xf0,
    0xa2, 0xf0, 0xa2, 0xe8, 0x81, 0xf0, 0xa1, 0xf0, 0xa2, 0xf0, 0x82, 0xf0,
    0xa2, 0xf0, 0xa1, 0xf0, 0xa2, 0xf0, 0xa2, 0xf0, 0xa2, 0xf0, 0x82, 0xf0,
    0xa1, 0xe8, 0xa2, 0xf0, 0xa2, 0xf0, 0x81, 0xe8, 0xa2, 0xf0, 0xa2, 0xe8,
    0x81, 0xe8, 0xa2, 0xf0, 0xa1, 0xf0, 0x82, 0xe8, 0x82, 0xf0, 0xa2, 0xf0,
    0x81, 0xe8, 0x82, 0xf0, 0x81, 0xe8, 0x81, 0xe8, 0xa2, 0xf0, 0x81, 0xf0,
    0xa2, 0xe8, 0xa2, 0xf0, 0xa1, 0xf0, 0xa2, 0xf0, 0xa1, 0xf0, 0xa1, 0xf0,
    0xa2, 0xf0, 0xa2, 0xf0, 0xa2, 0xf0, 0xa2, 0xe8, 0xa1, 0xe8, 0x81, 0xe8,
    0xa2, 0xe8, 0xa2, 0xf0, 0xa2, 0xf0, 0xa2, 0xe8, 0xa1, 0xf0, 0x81, 0xe8,
    0xa2, 0xf0, 0xa2, 0xf0, 0x82, 0xe8, 0xa2, 0xf0, 0xa2, 0xe8, 0x82, 0xf0,
    0xa2, 0xf0, 0x82, 0xe8, 0xa2, 0xf0, 0xa1, 0xe8, 0xa2, 0xf0, 0xa2, 0xe8,
    0xa2, 0xf0, 0xa2, 0xf0, 0x82, 0xe8, 0xa1, 0xf0, 0x82, 0xe8, 0x81, 0xf0,
    0xa2, 0xf0, 0xa2, 0xe8, 0xa2, 0xf0, 0x82, 0xf0, 0xa2, 0xf0, 0xa2, 0xf0,
    0x81, 0xf0, 0x82, 0xf0, 0x82, 0xf0, 0xa2, 0xe8, 0x81, 0xe8, 0xa2, 0xf0,
    0xa2, 0xf0, 0xa2, 0xf0, 0xa1, 0xe8, 0xa2, 0xf0, 0xa2, 0xf0, 0xa2, 0xe8,
    0xc2, 0xf0, 0xa1, 0xe8, 0xa2, 0xf0, 0xa2, 0xf0, 0xa2, 0xf0, 0xa2, 0xf0,
    0xa2, 0xe8, 0xa2, 0xf0, 0xa2, 0xf0, 0xa1, 0xe8, 0xa1, 0xf0, 0xa2, 0xe8,
    0x81, 0xe8, 0xa1, 0xf0, 0xa2, 0xf0, 0xa2, 0xe8, 0xa2, 0xf0, 0xa2, 0xf0,
    0xa1, 0xf0, 0x81, 0xf0, 0x81, 0xe8, 0xa2, 0xf0, 0xa2, 0xf0, 0xa2, 0xf0,
    0xa2, 0xe8, 0xa1, 0xf0, 0xa1, 0xf0, 0xa2, 0xf0, 0xa1, 0xf0, 0xa2, 0xf0,
    0xa1, 0xf0, 0x82, 0xe8, 0xa2, 0xe8, 0x81, 0xf0, 0x82, 0xf0, 0x82, 0xf0,
    0xa2, 0xe8, 0xa2, 0xf0, 0xa2, 0xf0, 0x81, 0xe8, 0xa2, 0xf0, 0xa2, 0xf0,
    0x81, 0xe8, 0xa1, 0xf0, 0xa2, 0xf0, 0xa1, 0xf0, 0xa1, 0xe8, 0xa2, 0xe8,
    0xa1, 0xf0, 0x81, 0xe8, 0xa2, 0xf0, 0xa2, 0xf0, 0xa2, 0xf0, 0xa2, 0xf0,
    0xa2, 0xe8, 0xa2, 0xf0, 0x82, 0xe8, 0xa2, 0xe8, 0xa2, 0xe8, 0x81, 0xe8,
    0xa2, 0xe8, 0xa2, 0xe8, 0xa2, 0xe8, 0x81, 0xe8, 0x81, 0xe8, 0xa1, 0xe8,
    0xa2, 0xf0, 0xa2, 0xf0, 0xa1, 0xe8, 0xa2, 0xe8, 0xa2, 0xe8, 0xa1, 0xe8,
    0xa2, 0xe8, 0xa1, 0xe8, 0xa1, 0xf0, 0xa2, 0xf0, 0xa2, 0xf0, 0xa1, 0xe8,
    0xa2, 0xe8, 0xa2, 0xf0, 0xa1, 0xe8, 0xa2, 0xf0, 0xa2, 0xe8, 0xa1, 0xe8,
    0xa2, 0xf0, 0xa1, 0xe8, 0x81, 0xe8, 0xa2, 0xf0, 0xa2, 0xe8, 0xa1, 0xf0,
    0xa1, 0xe8, 0xa1, 0xe8, 0x82, 0xe8, 0xa2, 0xf0, 0xa2, 0xf0, 0xa2, 0xe8,
    0xa2, 0xf0, 0x82, 0xf0, 0xa2, 0xe8, 0x81, 0xe8, 0xa2, 0xf0, 0xa2, 0xf0,
    0xa2, 0xf0, 0x81, 0xf0, 0x81, 0xf0, 0xa1, 0xe8, 0x81, 0xf0, 0xa2, 0xf0,
    0xa2, 0xe8, 0xa2, 0xe8, 0xa2, 0xe8, 0x81, 0xf0, 0xa2, 0xf0, 0xa2, 0xf0,
    0xa2, 0xe8, 0xa2, 0xf0, 0x81, 0xe8, 0x82, 0xf0, 0x81, 0xe8, 0xa2, 0xf0,
    0xa2, 0xf0, 0xa2, 0xe8, 0xa2, 0xf0, 0xa2, 0xe8, 0xa2, 0xf0, 0xa2, 0xe8,
    0x81, 0xe8, 0x82, 0xf0, 0xa2, 0xf0, 0xa2, 0xe8, 0xa2, 0xf0, 0xa2, 0xf0,
    0x82, 0xe8, 0xa2, 0xf0, 0xa2, 0xe8, 0xa2, 0xe8, 0xa2, 0xf0, 0x81, 0xf0,
    0xa2, 0xe8, 0xa2, 0xf0, 0x82, 0xe8, 0x82, 0xf0, 0x82, 0xe8, 0xa2, 0xf0,
    0xa2, 0xf0, 0x81, 0xf0, 0xa2, 0xf0, 0x82, 0xf0, 0xa2, 0xe8, 0xa2, 0xf0,
    0xa2, 0xf0, 0xa2, 0xe8, 0xa1, 0xf0, 0xa1, 0xf0, 0x82, 0xf0, 0x81, 0xe8,
    0x61, 0xf0, 0x81, 0xe8, 0xa2, 0xf0, 0x82, 0xe8, 0xa1, 0xf0, 0xa1, 0xe8,
    0xa2, 0xf0, 0xa2, 0xf0, 0xa1, 0xe8, 0xa2, 0xf0, 0xa2, 0xf0, 0xa2, 0xf0,
    0xa2, 0xe8, 0x81, 0xf0, 0xa1, 0xf0, 0xa2, 0xe8, 0x82, 0xf0, 0x81, 0xf0,
    0xa2, 0xe8, 0xa2, 0xf0, 0xa1, 0xe8, 0x81, 0xe8, 0xa2, 0xf0, 0xa2, 0xe8,
    0xa1, 0xf0, 0xa2, 0xf0, 0xa2, 0xf0, 0xa1, 0xe8, 0xa2, 0xe8, 0xa1, 0xf0,
    0xa1, 0xf0, 0xa2, 0xe8, 0xa2, 0xf0, 0xa2, 0xf0, 0xa2, 0xe8, 0xa2, 0xf0,
    0x81, 0xe8, 0xa2, 0xe8, 0xa2, 0xf0, 0xa2, 0xf0, 0xa2, 0xf0, 0xa2, 0xf0,
    0xa1, 0xe8, 0x81, 0xf0, 0x82, 0xf0, 0xa2, 0xf0, 0x81, 0xf0, 0xa2, 0xf0,
    0xa2, 0xf0, 0xa1, 0xe8, 0xa2, 0xf0, 0xa2, 0xe8, 0xa2, 0xf0, 0xa2, 0xf0,
    0xa1, 0xe8, 0xa2, 0xf0, 0x82, 0xe8, 0xa1, 0xf0, 0xa2, 0xf0, 0xa2, 0xf0,
    0xa1, 0xf0, 0x82, 0xf0, 0x82, 0xf0, 0x81, 0xf0, 0xa2, 0xf0, 0xa2, 0xf0,
    0x81, 0xe8, 0xa2, 0xf0, 0xa2, 0xf0, 0x81, 0xe8, 0xa1, 0xf0, 0x81, 0xe8,
    0xa2, 0xf0, 0x82, 0xe8, 0x81, 0xe8, 0xa2, 0xf0, 0xa2, 0xf0, 0xa2, 0xf0,
    0xa2, 0xe8, 0xa2, 0xf0, 0xa1, 0xe8, 0xa2, 0xf0, 0xa2, 0xf0, 0xa2, 0xe8,
    0x82, 0xf0, 0xa1, 0xf0, 0xa2, 0xf0, 0xa1, 0xf0, 0xa2, 0xf0, 0x82, 0xf0,
    0xa1, 0xf0, 0x81, 0xf0, 0xa2, 0xf0, 0xa2, 0xf0, 0xa1, 0xf0, 0xa2, 0xf0,
    0xa2, 0xf0, 0xa2, 0xf0, 0xa2, 0xf0, 0xa1, 0xe8, 0x82, 0xf0, 0x82, 0xf0,
    0x82, 0xf0, 0x82, 0xf0, 0x82, 0xf0, 0x82, 0xf0, 0xa2, 0xe8, 0x82, 0xe8,
    0xa2, 0xf0, 0xa1, 0xf0, 0xa2, 0xe8, 0xa2, 0xf0, 0xa2, 0xf0, 0xa2, 0xf0,
    0xa2, 0xe8, 0xa2, 0xf0, 0xa2, 0xf0, 0xa1, 0xe8, 0xa2, 0xf0, 0xa1, 0xe8,
    0xa2, 0xf0, 0xa1, 0xe8, 0x82, 0xe8, 0xa2, 0xe8, 0x82, 0xe8, 0xa2, 0xe8,
    0xa2, 0xf0, 0x82, 0xf0, 0xa2, 0xe8, 0xa1, 0xf0, 0xa2, 0xf0, 0xa2, 0xe8,
    0xa2, 0xf0, 0xa2, 0xf0, 0xa1, 0xe8, 0xa2, 0xf0, 0x82, 0xf0, 0xa1, 0xe8,
    0x82, 0xf0, 0x82, 0xf0, 0xa2, 0xe8, 0xa2, 0xf0, 0x82, 0xe8, 0xa2, 0xf0,
    0xa2, 0xf0, 0xa2, 0xf0, 0xa1, 0xf0, 0xa1, 0xf0, 0x82, 0xf0, 0xa1, 0xf0,
    0x82, 0xf0, 0x82, 0xf0, 0x81, 0xf0, 0x82, 0xf0, 0x82, 0xf0, 0xa1, 0xf0,
    0xa2, 0xf0, 0xa2, 0xf0, 0xa1, 0xf0, 0xa1, 0xf0, 0xa2, 0xf0, 0xa2, 0xf0,
    0xa2, 0xe8, 0xa1, 0xe8, 0xa2, 0xf0, 0xa2, 0xf0, 0xc2, 0xf0, 0xc2, 0xf0,
    0xa2, 0xe8, 0xa2, 0xf0, 0xa2, 0xf0, 0xa2, 0xe8, 0xa2, 0xf0, 0xa2, 0xf0,
    0xa1, 0xe8, 0xa2, 0xf0, 0xa1, 0xf0, 0xa1, 0xe8, 0xa2, 0xe8, 0xa2, 0xf0,
    0xa2, 0xf0, 0xa2, 0xe8, 0xa1, 0xf0, 0xa1, 0xf0, 0xa2, 0xe8, 0xa2, 0xf0,
    0xa2, 0xf0, 0xa2, 0xe8, 0xa2, 0xf0, 0xa1, 0xe8, 0xa2, 0xf0, 0x82, 0xf0,
    0xa2, 0xe8, 0xa1, 0xf0, 0xa1, 0xf0, 0x82, 0xe8, 0xa1, 0xf0, 0xa1, 0xe8,
    0x82, 0xf0, 0x82, 0xf0, 0xa1, 0xe8, 0xa2, 0xe8, 0xa2, 0xf0, 0xa1, 0xf0,
    0xa1, 0xe8, 0xa2, 0xf0, 0xa1, 0xe8, 0xa1, 0xf0, 0xa2, 0xf0, 0xa2, 0xf0,
    0xa1, 0xf0, 0xa2, 0xf0, 0xa1, 0xe8, 0xa2, 0xf0, 0xa2, 0xf0, 0xa2, 0xf0,
    0xa2, 0xf0, 0xa1, 0xf0, 0xa1, 0xf0, 0x82, 0xe8, 0xa2, 0xf0, 0x81, 0xe8,
    0xa2, 0xe8, 0x82, 0xe8, 0x81, 0xf0, 0xa2, 0xe8, 0xa2, 0xf0, 0xa2, 0xe8,
    0xa2, 0xe8, 0xa2, 0xf0, 0xa2, 0xf0, 0xa2, 0xf0, 0x82, 0xe8, 0xa2, 0xe8,
    0xa1, 0xf0, 0x81, 0xe8, 0xa2, 0xe8, 0xa2, 0xf0, 0xa2, 0xe8, 0xa1, 0xf0,
    0xa2, 0xf0, 0xa1, 0xe8, 0xa2, 0xe8, 0xa2, 0xf0, 0xa1, 0xf0, 0x82, 0xe8,
    0xa2, 0xf0, 0xa2, 0xf0, 0x82, 0xe8, 0xa2, 0xf0, 0xa1, 0xf0, 0xa1, 0xe8,
    0xa2, 0xe8, 0xa2, 0xe8, 0xa1, 0xf0, 0xa1, 0xe8, 0xa2, 0xe8, 0x82, 0xe8,
    0x82, 0xf0, 0xa2, 0xe8, 0xa2, 0xe8, 0xa2, 0xf0, 0xa1, 0xf0, 0x81, 0xe8,
    0xa2, 0xf0, 0xa2, 0xf0, 0xa2, 0xe8, 0xa2, 0xf0, 0xa1, 0xe8, 0xa1, 0xf0,
    0x82, 0xe8, 0xa2, 0xf0, 0xa2, 0xe8, 0xa2, 0xf0, 0xa2, 0xe8, 0xa2, 0xe8,
    0xa2, 0xf0, 0xa2, 0xe8, 0xa2, 0xf0, 0x82, 0xf0, 0x82, 0xe8, 0xa2, 0xe8,
    0xa2, 0xf0, 0xa2, 0xf0, 0xa2, 0xf0, 0x82, 0xe8, 0xa1, 0xf0, 0xa2, 0xf0,
    0x82, 0xe8, 0x81, 0xf0, 0xa2, 0xf0, 0xa2, 0xe8, 0xa2, 0xf0, 0xa2, 0xe8,
    0xa2, 0xf0, 0xa2, 0xf0, 0xa2, 0xe8, 0xa2, 0xf0, 0x81, 0xe8, 0xa2, 0xe8,
    0xa2, 0xf0, 0x82, 0xf0, 0xa2, 0xe8, 0xa2, 0xf0, 0xa1, 0xf0, 0xa2, 0xe8,
    0x82, 0xe8, 0xa2, 0xf0, 0xa2, 0xe8, 0xa1, 0xe8, 0x82, 0xf0, 0xa2, 0xf0,
    0x82, 0xe8, 0xa1, 0xf0, 0x82, 0xf0, 0x82, 0xe8, 0x82, 0xe8, 0xa1, 0xe8,
    0xa2, 0xf0, 0x81, 0xe8, 0x81, 0xf0, 0x81, 0xf0, 0xa2, 0xf0, 0xa2, 0xf0,
    0xa2, 0xf0, 0xa2, 0xf0, 0xa2, 0xf0, 0xa1, 0xf0, 0xa2, 0xf0, 0xc2, 0xf0,
    0xa2, 0xf0, 0xa2, 0xe8, 0x81, 0xe8, 0xa1, 0xf0, 0x82, 0xe8, 0xa2, 0xf0,
    0x82, 0xf0, 0xa2, 0xf0, 0xa2, 0xe8, 0xa1, 0xf0, 0xa2, 0xf0, 0x82, 0xf0,
    0xa1, 0xf0, 0x82, 0xe8, 0xa1, 0xf0, 0xa2, 0xf0, 0x81, 0xe8, 0xa2, 0xf0,
    0xa2, 0xf0, 0xa2, 0xe8, 0xa2, 0xf0, 0x81, 0xf0, 0xa2, 0xe8, 0xa2, 0xe8,
    0xa2, 0xe8, 0xa2, 0xe8, 0xa2, 0xe8, 0xa1, 0xe8, 0xa2, 0xf0, 0xa2, 0xe8,
    0xa2, 0xf0, 0xa2, 0xf0, 0xa2, 0xf0, 0xa2, 0xf0, 0xa1, 0xf0, 0xa2, 0xf0,
    0xa2, 0xe8, 0x81, 0xe8, 0xa2, 0xf0, 0xa2, 0xe8, 0xa2, 0xf0, 0xa2, 0xe8,
    0xa2, 0xe8, 0x82, 0xf0, 0xa2, 0xf0, 0xa2, 0xe8, 0xa2, 0xf0, 0xa2, 0xe8,
    0xa2, 0xf0, 0xa2, 0xf0, 0xa2, 0xf0, 0xa2, 0xf0, 0xa1, 0xf0, 0x81, 0xf0,
    0xa2, 0xf0, 0xa2, 0xf0, 0xa1, 0xf0, 0xa1, 0xf0, 0x82, 0xe8, 0xa2, 0xe8,
    0x82, 0xf0, 0xa2, 0xf0, 0x82, 0xf0, 0xa2, 0xf0, 0xa2, 0xf0, 0xa1, 0xe8,
    0xa1, 0xe8, 0xa2, 0xf0, 0xa2, 0xf0, 0xa2, 0xf0, 0xa1, 0xf0, 0xa2, 0xf0,
    0x81, 0xf0, 0xa2, 0xe8, 0xa1, 0xf0, 0xa2, 0xf0, 0xa2, 0xf0, 0xa2, 0xf0,
    0xa2, 0xf0, 0x81, 0xf0, 0x82, 0xf0, 0x81, 0xf0, 0x82, 0xf0, 0x81, 0xf0,
    0x82, 0xf0, 0xa1, 0xf0, 0x82, 0xf0, 0x81, 0xe8, 0x81, 0xf0, 0xa2, 0xe8,
    0x82, 0xf0, 0x81, 0xf0, 0x81, 0xf0, 0x81, 0xf0, 0x82, 0xf0, 0x81, 0xf0,
    0x82, 0xe8, 0xa2, 0xe8, 0xa2, 0xf0, 0xa1, 0xf0, 0x81, 0xe8, 0xa2, 0xf0,
    0xa2, 0xf0, 0xa1, 0xf0, 0xa2, 0xf0, 0xa2, 0xf0, 0xa2, 0xf0, 0xa1, 0xe8,
    0xa2, 0xe8, 0xa2, 0xf0, 0xa2, 0xf0, 0xa2, 0xe8, 0x81, 0xe8, 0xa2, 0xe8,
    0xa2, 0xf0, 0xa1, 0xe8, 0xa2, 0xe8, 0xa2, 0xf0, 0x81, 0xe8, 0x81, 0xe8,
    0xa2, 0xf0, 0x81, 0xe8, 0xa2, 0xf0, 0xa2, 0xe8, 0x82, 0xe8, 0xa2, 0xf0,
    0xa2, 0xf0, 0xa2, 0xf0, 0xa2, 0xe8, 0xa2, 0xf0, 0xa1, 0xf0, 0xa2, 0xe8,
    0xa2, 0xf0, 0xa2, 0xf0, 0xa2, 0xe8, 0xa2, 0xe8, 0xa1, 0xf0, 0x82, 0xf0,
    0xa2, 0xf0, 0x81, 0xf0, 0xa1, 0xf0, 0xa2, 0xf0, 0x81, 0xf0, 0x82, 0xf0,
    0x82, 0xf0, 0xa2, 0xf0, 0x82, 0xe8, 0x82, 0xf0, 0xa1, 0xf0, 0x82, 0xf0,
    0xa2, 0xf0, 0x81, 0xf0, 0x81, 0xf0, 0xa1, 0xe8, 0xa1, 0xe8, 0xa2, 0xf0,
    0xc2, 0xf0, 0xc2, 0xf0, 0xc2, 0xf0, 0xa1, 0xe8, 0xa2, 0xf0, 0xa2, 0xe8,
    0x82, 0xf0, 0x82, 0xe8, 0x81, 0xe8, 0xa2, 0xf0, 0x82, 0xf0, 0x82, 0xf0,
    0xa2, 0xe8, 0xa1, 0xf0, 0x82, 0xe8, 0xa2, 0xe8, 0x82, 0xe8, 0xa2, 0xf0,
    0xa2, 0xf0, 0x82, 0xe8, 0xa2, 0xf0, 0xa2, 0xf0, 0x82, 0xe8, 0xa1, 0xf0,
    0xa2, 0xf0, 0xa1, 0xf0, 0x82, 0xf0, 0xa2, 0xf0, 0xa2, 0xf0, 0xa2, 0xf0,
    0xa2, 0xf0, 0x82, 0xf0, 0xa2, 0xf0, 0x82, 0xf0, 0xa1, 0xf0, 0xa2, 0xe8,
    0x82, 0xf0, 0xa2, 0xe8, 0x81, 0xe8, 0xa2, 0xf0, 0xa2, 0xf0, 0xa2, 0xe8,
    0xa2, 0xf0, 0xc2, 0xf0, 0xa2, 0xf0, 0xa2, 0xf0, 0xa2, 0xe8, 0xa2, 0xf0,
    0xa2, 0xf0, 0xa2, 0xf0, 0xa2, 0xf0, 0xa2, 0xf0, 0x81, 0xe8, 0x81, 0xf0,
    0xa2, 0xf0, 0xa2, 0xe8, 0xa2, 0xe8, 0xa2, 0xf0, 0x81, 0xe8, 0xa1, 0xe8,
    0x82, 0xe8, 0x81, 0xe8, 0x82, 0xe8, 0xa2, 0xf0, 0xa2, 0xf0, 0xa2, 0xe8,
    0xa2, 0xe8, 0xa2, 0xf0, 0xa1, 0xf0, 0xa2, 0xf0, 0xa2, 0xf0, 0xa2, 0xe8,
    0xa2, 0xe8, 0x81, 0xf0, 0xa2, 0xf0, 0xa2, 0xe8, 0xa1, 0xe8, 0xa2, 0xe8,
    0xa1, 0xe8, 0xa1, 0xe8, 0xa2, 0xf0, 0x82, 0xf0, 0xa2, 0xf0, 0xa2, 0xf0,
    0xa2, 0xf0, 0xa2, 0xf0, 0xa1, 0xe8, 0xa2, 0xe8, 0x82, 0xe8, 0xa1, 0xf0,
    0xa2, 0xe8, 0xa2, 0xe8, 0xa1, 0xf0, 0xa1, 0xf0, 0x82, 0xf0, 0xa2, 0xe8,
    0xa2, 0xf0, 0xa2, 0xf0, 0x82, 0xe8, 0xa2, 0xe8, 0x82, 0xf0, 0xa2, 0xe8,
    0xa2, 0xf0, 0xa2, 0xf0, 0xa2, 0xf0, 0xa1, 0xe8, 0xa2, 0xf0, 0x82, 0xf0,
    0xa2, 0xf0, 0xa2, 0xf0, 0x82, 0xe8, 0xa2, 0xf0, 0xa2, 0xf0, 0xa1, 0xe8,
    0x82, 0xf0, 0xa2, 0xf0, 0xa2, 0xf0, 0xa2, 0xf0, 0xa2, 0xf0, 0xa1, 0xe8,
    0xa2, 0xf0, 0xa2, 0xf0, 0x82, 0xe8, 0x82, 0xe8, 0xa2, 0xf0, 0xa2, 0xf0,
    0xa2, 0xe8, 0x82, 0xf0, 0xa2, 0xf0, 0xa1, 0xe8, 0x82, 0xf0, 0xa2, 0xf0,
    0xa2, 0xf0, 0x82, 0xf0, 0xa2, 0xf0, 0xa2, 0xe8, 0xa2, 0xf0, 0x81, 0xf0,
    0x82, 0xe8, 0xa2, 0xf0, 0xa1, 0xf0, 0x82, 0xe8, 0xa2, 0xf0, 0xa2, 0xf0,
    0xa2, 0xe8, 0xa1, 0xf0, 0xa2, 0xf0, 0x82, 0xe8, 0xa2, 0xf0, 0xa2, 0xf0,
    0x82, 0xe8, 0xa1, 0xf0, 0x81, 0xe8, 0xa2, 0xf0, 0x81, 0xf0, 0x81, 0xe8,
    0xa1, 0xf0, 0xa2, 0xe8, 0xa2, 0xf0, 0xa2, 0xf0, 0xc2, 0xe8, 0xa2, 0xf0,
    0xa2, 0xf0, 0xa1, 0xe8, 0xa2, 0xf0, 0xa1, 0xf0, 0x82, 0xf0, 0xa1, 0xe8,
    0xa2, 0xe8, 0xa2, 0xe8, 0xa2, 0xe8, 0xa2, 0xe8, 0xa2, 0xf0, 0x81, 0xe8,
    0xa2, 0xf0, 0xa2, 0xf0, 0xa1, 0xe8, 0xa1, 0xf0, 0x82, 0xe8, 0xa2, 0xe8,
    0x81, 0xe8, 0xa2, 0xf0, 0xa2, 0xf0, 0x81, 0xe8, 0x82, 0xe8, 0xa2, 0xf0,
    0xa1, 0xe8, 0xa2, 0xf0, 0xa1, 0xe8, 0x82, 0xe8, 0xa2, 0xf0, 0x82, 0xe8,
    0x82, 0xf0, 0xa2, 0xf0, 0x82, 0xe8, 0xa1, 0xf0, 0xa2, 0xf0, 0xa2, 0xe8,
    0xa1, 0xf0, 0xa2, 0xf0, 0xa2, 0xf0, 0xa1, 0xf0, 0xa1, 0xe8, 0xa2, 0xf0,
    0xa2, 0xe8, 0xa2, 0xf0, 0xa2, 0xf0, 0x82, 0xe8, 0xa2, 0xf0, 0xa2, 0xf0,
    0x81, 0xe8, 0xa1, 0xf0, 0xa2, 0xf0, 0xa2, 0xf0, 0xa1, 0xf0, 0xa2, 0xf0,
    0xa2, 0xf0, 0x82, 0xf0, 0xa1, 0xf0, 0xa2, 0xf0, 0xa2, 0xf0, 0x81, 0xe8,
    0x82, 0xf0, 0xa2, 0xf0, 0xa1, 0xe8, 0x82, 0xe8, 0xa2, 0xe8, 0xa2, 0xe8,
    0xa1, 0xf0, 0xa2, 0xf0, 0xa2, 0xf0, 0xa1, 0xf0, 0xa2, 0xf0, 0xa2, 0xf0,
    0xa1, 0xf0, 0xa2, 0xe8, 0x81, 0xe8, 0x81, 0xf0, 0xa2, 0xf0, 0xa1, 0xe8,
    0xa2, 0xe8, 0xa1, 0xe8, 0xa2, 0xf0, 0x82, 0xf0, 0xa2, 0xf0, 0x81, 0xf0,
    0xa2, 0xf0, 0x82, 0xf0, 0xa1, 0xf0, 0xa2, 0xf0, 0xa1, 0xf0, 0x81, 0xe8,
    0x82, 0xf0, 0xa2, 0xe8, 0x82, 0xe8, 0x82, 0xf0, 0x82, 0xf0, 0x81, 0xe8,
    0x81, 0xf0, 0x82, 0xf0, 0x81, 0xf0, 0x82, 0xe8, 0xa2, 0xf0, 0xa1, 0xf0,
    0x82, 0xf0, 0xa2, 0xf0, 0xa1, 0xf0, 0xa2, 0xf0, 0xa2, 0xf0, 0xa1, 0xe8,
    0xa2, 0xf0, 0xa2, 0xe8, 0xa1, 0xe8, 0xa1, 0xf0, 0xa2, 0xf0, 0xa2, 0xe8,
    0xa2, 0xe8, 0x81, 0xe8, 0xa2, 0xf0, 0xa2, 0xe8, 0xa2, 0xe8, 0xa2, 0xe8,
    0xa1, 0xe8, 0xa2, 0xe8, 0xa1, 0xe8, 0xa2, 0xe8, 0xa2, 0xe8, 0x82, 0xf0,
    0xa2, 0xf0, 0xa2, 0xe8, 0xa2, 0xf0, 0xa1, 0xe8, 0xa2, 0xf0, 0xa2, 0xf0,
    0x82, 0xe8, 0xa2, 0xf0, 0xa2, 0xf0, 0x81, 0xe8, 0xa2, 0xf0, 0x82, 0xf0,
    0x82, 0xf0, 0xa2, 0xf0, 0x82, 0xf0, 0x82, 0xf0, 0x82, 0xf0, 0x82, 0xf0,
    0x81, 0xf0, 0x82, 0xf0, 0x82, 0xf0, 0xa1, 0xf0, 0x81, 0xf0, 0x81, 0xf0,
    0x82, 0xf0, 0xa2, 0xf0, 0x81, 0xf0, 0x81, 0xe8, 0x82, 0xf0, 0xa2, 0xf0,
    0xa2, 0xf0, 0xa1, 0xe8, 0xa2, 0xf0, 0xc2, 0xe8, 0xc2, 0xe8, 0xc2, 0xf0,
    0xa2, 0xe8, 0xa2, 0xe8, 0xa2, 0xe8, 0xa1, 0xe8, 0x82, 0xe8, 0x82, 0xe8,
    0x81, 0xf0, 0x81, 0xf0, 0xa2, 0xf0, 0xa1, 0xf0, 0xa1, 0xf0, 0xa2, 0xf0,
    0xa2, 0xf0, 0x81, 0xe8, 0x82, 0xe8, 0xa2, 0xf0, 0xa1, 0xf0, 0xa2, 0xf0,
    0x82, 0xf0, 0xa1, 0xf0, 0xa1, 0xf0, 0xa2, 0xf0, 0x82, 0xe8, 0xa2, 0xe8,
    0xa1, 0xe8, 0x81, 0xf0, 0x82, 0xf0, 0x81, 0xf0, 0xa1, 0xf0, 0x81, 0xf0,
    0xa1, 0xf0, 0xa1, 0xf0, 0xa1, 0xe8, 0xa1, 0xe8, 0x81, 0xe8, 0xa2, 0xe8,
    0xa2, 0xe8, 0xa2, 0xf0, 0xc2, 0xf0, 0xa2, 0xf0, 0xa2, 0xe8, 0xa2, 0xf0,
    0xa1, 0xf0, 0xa2, 0xf0, 0xa2, 0xf0, 0xa2, 0xf0, 0xa2, 0xf0, 0xa2, 0xf0,
    0xa1, 0xe8, 0xa2, 0xf0, 0x81, 0xe8, 0xa2, 0xe8, 0xa2, 0xf0, 0xa2, 0xf0,
    0x81, 0xf0, 0xa2, 0xf0, 0xa1, 0xe8, 0x81, 0xf0, 0xa1, 0xf0, 0xa1, 0xe8,
    0xa2, 0xf0, 0x82, 0xf0, 0xa2, 0xf0, 0xa2, 0xf0, 0xa2, 0xe8, 0xa2, 0xf0,
    0xa1, 0xf0, 0xa2, 0xe8, 0xa2, 0xe8, 0xa2, 0xe8, 0xa2, 0xf0, 0xa1, 0xe8,
    0xa2, 0xf0, 0xa2, 0xf0, 0xa2, 0xe8, 0xa2, 0xf0, 0xa2, 0xf0, 0xa2, 0xe8,
    0xa1, 0xe8, 0xa1, 0xe8, 0x82, 0xf0, 0x82, 0xf0, 0xa1, 0xf0, 0xa2, 0xe8,
    0xa1, 0xe8, 0xa2, 0xe8, 0x82, 0xf0, 0x82, 0xf0, 0xa2, 0xf0, 0xa1, 0xf0,
    0x81, 0xe8, 0xa1, 0xe8, 0xa2, 0xf0, 0xa1, 0xf0, 0xa2, 0xe8, 0xa1, 0xf0,
    0xa1, 0xf0, 0xa1, 0xf0, 0x82, 0xe8, 0xa1, 0xf0, 0xa2, 0xe8, 0x81, 0xf0,
    0xa1, 0xf0, 0xa2, 0xe8, 0xa2, 0xf0, 0x81, 0xe8, 0xa2, 0xf0, 0xa2, 0xf0,
    0x81, 0xe8, 0xa1, 0xf0, 0xa2, 0xf0, 0xa2, 0xf0, 0xa2, 0xe8, 0xa2, 0xf0,
    0xa1, 0xe8, 0xa1, 0xf0, 0x82, 0xe8, 0xa2, 0xf0, 0xa2, 0xf0, 0xa2, 0xe8,
    0xa2, 0xf0, 0xa1, 0xf0, 0x82, 0xe8, 0xa2, 0xf0, 0xa2, 0xf0, 0xa2, 0xf0,
    0xa2, 0xe8, 0xa2, 0xf0, 0xa2, 0xe8, 0xa2, 0xf0, 0xa1, 0xe8, 0xa1, 0xf0,
    0xa1, 0xf0, 0xa1, 0xe8, 0x82, 0xe8, 0xa2, 0xf0, 0x82, 0xe8, 0x81, 0xe8,
    0xa2, 0xf0, 0xa2, 0xf0, 0x82, 0xe8, 0xa1, 0xf0, 0xa1, 0xe8, 0xa2, 0xf0,
    0xa2, 0xe8, 0xa2, 0xf0, 0x82, 0xf0, 0xa1, 0xe8, 0x81, 0xf0, 0x82, 0xe8,
    0x81, 0xf0, 0x81, 0xf0, 0x82, 0xe8, 0xa2, 0xf0, 0xa2, 0xf0, 0xa1, 0xe8,
    0xa2, 0xf0, 0xa2, 0xf0, 0xa1, 0xe8, 0xa2, 0xf0, 0xa2, 0xf0, 0xa2, 0xf0,
    0xa2, 0xf0, 0x82, 0xf0, 0x82, 0xe8, 0x82, 0xe8, 0xa1, 0xf0, 0xa2, 0xf0,
    0xa2, 0xf0, 0xa2, 0xe8, 0x81, 0xe8, 0xa2, 0xf0, 0xa2, 0xf0, 0xa1, 0xe8,
    0xa2, 0xf0, 0xa2, 0xf0, 0xa1, 0xf0, 0xa2, 0xf0, 0xa2, 0xe8, 0xa2, 0xf0,
    0xa2, 0xf0, 0xa2, 0xf0, 0xa2, 0xe8, 0xa2, 0xf0, 0xa2, 0xe8, 0xa1, 0xe8,
    0xa2, 0xe8, 0xa1, 0xe8, 0xa2, 0xf0, 0xa2, 0xf0, 0xa2, 0xe8, 0xa1, 0xf0,
    0xa2, 0xf0, 0xa2, 0xf0, 0xa1, 0xf0, 0xa2, 0xf0, 0xa2, 0xf0, 0xa2, 0xf0,
    0xa2, 0xf0, 0xa1, 0xf0, 0xa2, 0xf0, 0xa2, 0xf0, 0xa2, 0xf0, 0xa1, 0xe8,
    0xa2, 0xf0, 0x82, 0xf0, 0x82, 0xe8, 0xa1, 0xf0, 0xa2, 0xf0, 0xa2, 0xf0,
    0xa2, 0xf0, 0xa1, 0xf0, 0xa2, 0xf0, 0x82, 0xf0, 0x82, 0xf0, 0xa1, 0xe8,
    0xa2, 0xf0, 0xa2, 0xf0, 0xa2, 0xf0, 0xa2, 0xf0, 0x82, 0xe8, 0xa2, 0xf0,
    0xa2, 0xe8, 0xa2, 0xf0, 0x81, 0xf0, 0x82, 0xf0, 0x82, 0xf0, 0xa1, 0xf0,
    0x81, 0xe8, 0xa2, 0xf0, 0xa2, 0xf0, 0x82, 0xf0, 0x81, 0xf0, 0xa2, 0xf0,
    0xa2, 0xf0, 0x82, 0xe8, 0xa2, 0xf0, 0xa1, 0xf0, 0x81, 0xf0, 0xa2, 0xf0,
    0xa2, 0xf0, 0xa1, 0xf0, 0xa2, 0xf0, 0xa2, 0xf0, 0xa2, 0xf0, 0xa2, 0xf0,
    0xa2, 0xf0, 0x81, 0xf0, 0xa2, 0xf0, 0xa2, 0xf0, 0x81, 0xf0, 0x82, 0xf0,
    0x82, 0xf0, 0x81, 0xf0, 0x82, 0xe8, 0x82, 0xf0, 0x81, 0xf0, 0x82, 0xf0,
    0x82, 0xe8, 0xa1, 0xf0, 0x82, 0xf0, 0x81, 0xe8, 0xa2, 0xf0, 0xa2, 0xf0,
    0xa2, 0xf0, 0xa1, 0xf0, 0xa2, 0xf0, 0xa2, 0xe8, 0xa1, 0xe8, 0xa2, 0xe8,
    0xa2, 0xf0, 0xa2, 0xe8, 0xa2, 0xe8, 0xa2, 0xe8, 0x81, 0xe8, 0xa2, 0xe8,
    0xa2, 0xf0, 0xa1, 0xe8, 0xa2, 0xe8, 0xa1, 0xf0, 0xa2, 0xe8, 0xa1, 0xe8,
    0xa2, 0xe8, 0xa1, 0xf0, 0xa2, 0xf0, 0xa2, 0xf0, 0x82, 0xe8, 0xa2, 0xf0,
    0x82, 0xf0, 0xa2, 0xe8, 0xa2, 0xf0, 0x82, 0xf0, 0xa2, 0xe8, 0xa2, 0xf0,
    0xa2, 0xe8, 0x44, 0xe9, 0xa5, 0xe9, 0xe3, 0xe8, 0x03, 0xe9, 0xa6, 0xe9,
    0x03, 0xe9, 0x81, 0xf0, 0x82, 0xf0, 0xe3, 0xe8, 0xc3, 0xe0, 0xa1, 0xf0,
    0xa1, 0xf0, 0xa1, 0xf0, 0xa2, 0xf0, 0x81, 0xf0, 0xa1, 0xf0, 0x82, 0xf0,
    0x24, 0xe9, 0x24, 0xe9, 0xc3, 0xe8, 0xa2, 0xf0, 0xa2, 0xf0, 0xa2, 0xe8,
    0xa2, 0xe8, 0xa2, 0xf0, 0xc2, 0xe8, 0xa2, 0xe8, 0xa2, 0xe8, 0xa2, 0xf0,
    0xa1, 0xf0, 0xa2, 0xe8, 0xa2, 0xf0, 0xa2, 0xf0, 0xa2, 0xe8, 0xa1, 0xe8,
    0xa2, 0xf0, 0x82, 0xf0, 0xa2, 0xf0, 0xa2, 0xf0, 0xa2, 0xe8, 0xa2, 0xf0,
    0xa2, 0xf0, 0xa2, 0xe8, 0xa2, 0xe8, 0xa1, 0xf0, 0x82, 0xf0, 0x82, 0xf0,
    0x81, 0xf0, 0xa2, 0xf0, 0xa2, 0xf0, 0x82, 0xf0, 0x81, 0xf0, 0xa2, 0xf0,
    0xa2, 0xf0, 0x81, 0xf0, 0xa2, 0xf0, 0xa2, 0xf0, 0xa2, 0xf0, 0xa1, 0xe8,
    0xa2, 0xe8, 0xa1, 0xe8, 0xa1, 0xf0, 0xa2, 0xf0, 0xa2, 0xf0, 0xa1, 0xe8,
    0xa2, 0xf0, 0xa2, 0xf0, 0xa2, 0xf0, 0xa1, 0xf0, 0xa2, 0xf0, 0xc2, 0xf0,
    0xa2, 0xf0, 0xa1, 0xf0, 0xa2, 0xf0, 0xa2, 0xf0, 0xa1, 0xe8, 0xa2, 0xe8,
    0xa2, 0xf0, 0xa2, 0xe8, 0xa2, 0xf0, 0xa1, 0xf0, 0xa2, 0xf0, 0xa1, 0xf0,
    0xa1, 0xf0, 0xa2, 0xf0, 0x81, 0xe8, 0xa2, 0xf0, 0xa2, 0xf0, 0x82, 0xe8,
    0xa2, 0xf0, 0xa1, 0xf0, 0xa2, 0xf0, 0xa2, 0xf0, 0xa2, 0xf0, 0xa2, 0xf0,
    0xa2, 0xf0, 0xa2, 0xf0, 0xa2, 0xe8, 0xa1, 0xe8, 0xa2, 0xf0, 0xa2, 0xf0,
    0xa2, 0xf0, 0xa2, 0xf0, 0xa1, 0xf0, 0xa2, 0xf0, 0xa1, 0xe8, 0xa1, 0xf0,
    0xa2, 0xf0, 0xa2, 0xf0, 0xa2, 0xf0, 0x81, 0xf0, 0x81, 0xf0, 0xa2, 0xe8,
    0xa2, 0xe8, 0xa1, 0xf0, 0xa2, 0xf0, 0xa2, 0xf0, 0x82, 0xf0, 0xa2, 0xe8,
    0xa2, 0xf0, 0x81, 0xf0, 0xa1, 0xe8, 0xa2, 0xf0, 0xa2, 0xf0, 0xa1, 0xe8,
    0x82, 0xf0, 0xa2, 0xf0, 0xa2, 0xe8, 0xa2, 0xf0, 0x81, 0xe8, 0xa2, 0xf0,
    0xa2, 0xf0, 0xa2, 0xe8, 0xa2, 0xf0, 0xa2, 0xf0, 0x82, 0xf0, 0xa1, 0xf0,
    0xa2, 0xf0, 0x82, 0xe8, 0xa1, 0xf0, 0xa2, 0xf0, 0x82, 0xe8, 0xa2, 0xf0,
    0xa2, 0xf0, 0xa2, 0xe8, 0xa2, 0xf0, 0x82, 0xf0, 0xa2, 0xf0, 0xa2, 0xe8,
    0x82, 0xe8, 0x81, 0xe8, 0x82, 0xf0, 0xa2, 0xe8, 0x81, 0xf0, 0xa2, 0xe8,
    0x82, 0xf0, 0xa2, 0xf0, 0xa2, 0xf0, 0xa2, 0xf0, 0xa2, 0xf0, 0xa2, 0xf0,
    0xa2, 0xf0, 0xa2, 0xf0, 0xa2, 0xe8, 0xa2, 0xf0, 0xa2, 0xf0, 0xa1, 0xf0,
    0xa2, 0xf0, 0xa2, 0xe8, 0xa2, 0xf0, 0xa2, 0xe8, 0x82, 0xe8, 0xa1, 0xe8,
    0xa2, 0xe8, 0x81, 0xf0, 0x81, 0xf0, 0x81, 0xf0, 0x81, 0xf0, 0xa2, 0xe8,
    0xa2, 0xf0, 0xa2, 0xf0, 0xa2, 0xf0, 0xa2, 0xf0, 0xa2, 0xf0, 0xc2, 0xf0,
    0xa2, 0xf0, 0xa1, 0xe8, 0xa2, 0xe8, 0xa2, 0xf0, 0x81, 0xf0, 0x82, 0xf0,
    0xa2, 0xe8, 0x81, 0xe8, 0xa2, 0xf0, 0xa2, 0xe8, 0xa1, 0xe8, 0xa2, 0xf0,
    0xa2, 0xf0, 0xa2, 0xf0, 0xa2, 0xf0, 0xa2, 0xf0, 0xa2, 0xe8, 0x82, 0xf0,
    0xa2, 0xf0, 0xa2, 0xe8, 0xa2, 0xf0, 0xa1, 0xf0, 0xa2, 0xe8, 0xa2, 0xe8,
    0x82, 0xe8, 0xa2, 0xf0, 0xa2, 0xe8, 0x82, 0xe8, 0xa2, 0xf0, 0xa2, 0xf0,
    0x82, 0xe8, 0xa1, 0xf0, 0x81, 0xe8, 0xa2, 0xf0, 0x82, 0xf0, 0xa1, 0xf0,
    0xa2, 0xf0, 0xa2, 0xf0, 0xa2, 0xe8, 0xa2, 0xf0, 0xa1, 0xf0, 0xa2, 0xe8,
    0xa2, 0xf0, 0xa2, 0xf0, 0xa2, 0xe8, 0xa2, 0xf0, 0xa2, 0xf0, 0xa2, 0xe8,
    0xa2, 0xf0, 0xa1, 0xf0, 0x82, 0xf0, 0xa2, 0xf0, 0xa1, 0xf0, 0x82, 0xf0,
    0x82, 0xf0, 0x82, 0xe8, 0x82, 0xe8, 0x82, 0xe8, 0xa2, 0xf0, 0x81, 0xe8,
    0xa2, 0xf0, 0xa2, 0xf0, 0x81, 0xe8, 0x82, 0xe8, 0xa1, 0xf0, 0x82, 0xf0,
    0x82, 0xf0, 0xa2, 0xf0, 0x81, 0xf0, 0x81, 0xf0, 0x81, 0xf0, 0x81, 0xf0,
    0xa2, 0xe8, 0xa2, 0xf0, 0xa1, 0xf0, 0xa2, 0xf0, 0xa2, 0xf0, 0x81, 0xf0,
    0x81, 0xf0, 0x82, 0xf0, 0x81, 0xf0, 0x82, 0xf0, 0xa2, 0xf0, 0x82, 0xf0,
    0xa2, 0xf0, 0xa2, 0xf0, 0xa2, 0xf0, 0x82, 0xf0, 0xa1, 0xf0, 0xa2, 0xf0,
    0x81, 0xe8, 0x81, 0xf0, 0xa1, 0xf0, 0x82, 0xf0, 0x81, 0xf0, 0x81, 0xe8,
    0x82, 0xf0, 0x82, 0xf0, 0x82, 0xe8, 0xa2, 0xf0, 0x82, 0xf0, 0x82, 0xf0,
    0x81, 0xf0, 0xa1, 0xf0, 0xa2, 0xf0, 0xa2, 0xf0, 0xa1, 0xf0, 0xa2, 0xf0,
    0xa2, 0xe8, 0xa2, 0xf0, 0xa2, 0xe8, 0xa1, 0xe8, 0xa2, 0xf0, 0xa2, 0xe8,
    0xa2, 0xe8, 0xa2, 0xe8, 0xa2, 0xe8, 0xa2, 0xf0, 0xa2, 0xe8, 0xa1, 0xe8,
    0x82, 0xf0, 0xa1, 0xe8, 0xa2, 0xe8, 0x81, 0xf0, 0xa2, 0xf0, 0xa1, 0xe8,
    0xa2, 0xf0, 0xa2, 0xf0, 0xa2, 0xf0, 0xa2, 0xe8, 0xa2, 0xf0, 0xa2, 0xf0,
    0xa2, 0xf0, 0xa2, 0xe0, 0xc2, 0xe0, 0xf3, 0xf4, 0x18, 0xf6, 0x69, 0xea,
    0xeb, 0xda, 0x38, 0xfe, 0xa9, 0xda, 0xa2, 0xe8, 0xe3, 0xe8, 0x13, 0xed,
    0xf2, 0xec, 0x03, 0xe9, 0xa2, 0xf0, 0x82, 0xf0, 0x82, 0xf0, 0x82, 0xe8,
    0x81, 0xf0, 0xc3, 0xe8, 0xd4, 0xec, 0x96, 0xf5, 0x48, 0xea, 0xa2, 0xf0,
    0xe3, 0xe0, 0xe3, 0xd8, 0x03, 0xd9, 0xe3, 0xd8, 0x03, 0xd9, 0xe3, 0xd0,
    0xe3, 0xd0, 0x03, 0xd1, 0x24, 0xd1, 0xa2, 0xe8, 0xa1, 0xf0, 0x81, 0xe8,
    0xa2, 0xf0, 0xa2, 0xf0, 0x82, 0xe8, 0xa1, 0xe8, 0xa2, 0xf0, 0xa2, 0xe8,
    0xa2, 0xf0, 0xa2, 0xf0, 0x81, 0xe8, 0xa2, 0xe8, 0xa2, 0xf0, 0xa1, 0xf0,
    0x82, 0xf0, 0x82, 0xf0, 0xa1, 0xf0, 0xa2, 0xf0, 0xa2, 0xf0, 0xa1, 0xf0,
    0x82, 0xf0, 0xa2, 0xf0, 0x82, 0xf0, 0x82, 0xf0, 0xa2, 0xf0, 0xa2, 0xf0,
    0xa2, 0xf0, 0x82, 0xf0, 0xa2, 0xf0, 0xa1, 0xe8, 0xa2, 0xe8, 0xa2, 0xf0,
    0xa2, 0xf0, 0xa2, 0xf0, 0xa2, 0xf0, 0xa2, 0xf0, 0xa2, 0xf0, 0xa2, 0xf0,
    0xa1, 0xf0, 0xa2, 0xf0, 0xa2, 0xf0, 0xa1, 0xf0, 0xa2, 0xf0, 0xa2, 0xf0,
    0xa1, 0xe8, 0xa2, 0xf0, 0xa1, 0xf0, 0xa1, 0xe8, 0xa2, 0xe8, 0x82, 0xf0,
    0xa2, 0xf0, 0x82, 0xe8, 0x82, 0xf0, 0x81, 0xf0, 0x82, 0xf0, 0xa1, 0xf0,
    0xa2, 0xf0, 0xa2, 0xf0, 0x81, 0xe8, 0xa2, 0xe8, 0xa2, 0xf0, 0x82, 0xe8,
    0xa1, 0xf0, 0xa1, 0xf0, 0xa2, 0xf0, 0xa2, 0xf0, 0xa1, 0xe8, 0xa1, 0xe8,
    0xa2, 0xf0, 0xa2, 0xe8, 0xa2, 0xf0, 0xa2, 0xf0, 0xa2, 0xf0, 0xa2, 0xf0,
    0xa2, 0xf0, 0xa2, 0xf0, 0xa2, 0xf0, 0xa2, 0xf0, 0xa2, 0xf0, 0xa1, 0xe8,
    0x81, 0xf0, 0x82, 0xe8, 0x81, 0xf0, 0x81, 0xf0, 0xa2, 0xe8, 0xa2, 0xf0,
    0x82, 0xe8, 0xa2, 0xf0, 0xa2, 0xf0, 0xa2, 0xe8, 0xa2, 0xe8, 0xa2, 0xf0,
    0xa2, 0xf0, 0xa1, 0xf0, 0xa2, 0xe8, 0x82, 0xf0, 0xa1, 0xf0, 0xa1, 0xf0,
    0x82, 0xf0, 0xa1, 0xf0, 0x81, 0xf0, 0x82, 0xf0, 0xa2, 0xf0, 0xa2, 0xf0,
    0xa1, 0xf0, 0x82, 0xf0, 0xa2, 0xe8, 0xa2, 0xf0, 0xa2, 0xf0, 0xa2, 0xe8,
    0xa2, 0xf0, 0x82, 0xe8, 0xa1, 0xf0, 0x81, 0xe8, 0x82, 0xe8, 0xa2, 0xf0,
    0xa2, 0xe8, 0xa1, 0xf0, 0x81, 0xf0, 0xa2, 0xf0, 0xa2, 0xf0, 0xa1, 0xf0,
    0xa2, 0xf0, 0x82, 0xf0, 0x82, 0xf0, 0x82, 0xf0, 0xa2, 0xf0, 0xa2, 0xf0,
    0xa1, 0xf0, 0xa2, 0xe8, 0xa2, 0xf0, 0xa2, 0xf0, 0x81, 0xe8, 0xa2, 0xe8,
    0xa2, 0xf0, 0xa1, 0xf0, 0xa2, 0xe8, 0x82, 0xf0, 0xa2, 0xf0, 0xa2, 0xf0,
    0xa1, 0xe8, 0x82, 0xe8, 0xa2, 0xf0, 0x81, 0xe8, 0x61, 0xf0, 0x81, 0xf0,
    0x82, 0xe8, 0xa1, 0xf0, 0xa2, 0xf0, 0xa2, 0xe8, 0xa2, 0xf0, 0xa1, 0xe8,
    0xa2, 0xf0, 0xa2, 0xf0, 0xa1, 0xe8, 0xa1, 0xf0, 0xa2, 0xe8, 0xa2, 0xf0,
    0xa1, 0xe8, 0xa1, 0xe8, 0x82, 0xf0, 0x82, 0xe8, 0xa2, 0xf0, 0xa1, 0xe8,
    0xa1, 0xe8, 0xa1, 0xf0, 0xa2, 0xf0, 0xa2, 0xe8, 0xa1, 0xf0, 0xa2, 0xe8,
    0xa2, 0xf0, 0x82, 0xe8, 0xa2, 0xf0, 0x82, 0xf0, 0xa1, 0xe8, 0xa2, 0xf0,
    0xa2, 0xe8, 0xa2, 0xe8, 0xa1, 0xf0, 0x82, 0xe8, 0xa2, 0xf0, 0xa2, 0xe8,
    0xa2, 0xf0, 0x82, 0xf0, 0xa2, 0xe8, 0xa2, 0xf0, 0x81, 0xf0, 0xa2, 0xf0,
    0x82, 0xf0, 0xa1, 0xf0, 0xa1, 0xf0, 0xa2, 0xf0, 0xa2, 0xe8, 0xa2, 0xf0,
    0xa2, 0xf0, 0xa1, 0xe8, 0xa2, 0xf0, 0xa2, 0xf0, 0x82, 0xe8, 0x82, 0xf0,
    0xa2, 0xf0, 0xa1, 0xe8, 0xa2, 0xf0, 0xa1, 0xf0, 0x81, 0xf0, 0xa2, 0xf0,
    0xa2, 0xf0, 0x82, 0xe8, 0x81, 0xf0, 0xa2, 0xf0, 0xa1, 0xe8, 0x81, 0xe8,
    0x82, 0xf0, 0xa1, 0xf0, 0xa2, 0xf0, 0xa2, 0xf0, 0x81, 0xe8, 0xa1, 0xe8,
    0x81, 0xe8, 0xa2, 0xf0, 0x82, 0xf0, 0xa2, 0xf0, 0x81, 0xf0, 0x82, 0xf0,
    0x82, 0xf0, 0xa1, 0xe8, 0x82, 0xe8, 0xa2, 0xf0, 0xa1, 0xf0, 0x81, 0xe8,
    0x81, 0xe8, 0x82, 0xf0, 0x82, 0xf0, 0x81, 0xf0, 0x81, 0xf0, 0xa2, 0xf0,
    0xa2, 0xf0, 0x81, 0xf0, 0x81, 0xf0, 0xa2, 0xf0, 0xa2, 0xf0, 0xa2, 0xf0,
    0x81, 0xf0, 0x82, 0xf0, 0xa2, 0xf0, 0x81, 0xf0, 0x82, 0xf0, 0x81, 0xf0,
    0x81, 0xf0, 0xa1, 0xe8, 0x81, 0xf0, 0x82, 0xf0, 0xa1, 0xe8, 0x82, 0xf0,
    0x82, 0xf0, 0x82, 0xf0, 0xa2, 0xf0, 0xa1, 0xf0, 0xa2, 0xf0, 0xa2, 0xe8,
    0xa1, 0xe8, 0xa2, 0xf0, 0xa2, 0xe8, 0xa2, 0xe8, 0xa2, 0xf0, 0xa2, 0xe8,
    0xa2, 0xe8, 0xa2, 0xf0, 0xa1, 0xe8, 0xa2, 0xf0, 0xa2, 0xe8, 0xa2, 0xe8,
    0xa2, 0xe8, 0x82, 0xe8, 0xa1, 0xe8, 0xa2, 0xe8, 0xa2, 0xf0, 0xa2, 0xe8,
    0xa1, 0xf0, 0xa1, 0xe8, 0xa2, 0xf0, 0xa2, 0xf0, 0xa2, 0xf0, 0xa2, 0xf0,
    0xa2, 0xf0, 0xa2, 0xf0, 0xa2, 0xe8, 0xd6, 0xfd, 0x58, 0xfe, 0x7d, 0xff,
    0xbe, 0xf7, 0xda, 0xfe, 0x1b, 0xff, 0xde, 0xff, 0xfa, 0xfe, 0xd4, 0xfd,
    0xe7, 0xe1, 0x9d, 0xf7, 0x1c, 0xff, 0x44, 0xc9, 0x24, 0xd1, 0x24, 0xd1,
    0x24, 0xd1, 0x81, 0xe8, 0x82, 0xf0, 0xc3, 0xe0, 0xba, 0xf6, 0xde, 0xf7,
    0x0a, 0xeb, 0xa3, 0xe8, 0xb7, 0xf5, 0xfb, 0xfe, 0xfb, 0xfe, 0xfc, 0xfe,
    0xfb, 0xfe, 0x1c, 0xff, 0x1b, 0xff, 0xfb, 0xfe, 0x1b, 0xf7, 0x07, 0xda,
    0x82, 0xe8, 0x81, 0xf0, 0xa2, 0xf0, 0xa2, 0xf0, 0xa1, 0xe8, 0xa2, 0xe8,
    0x82, 0xf0, 0xa2, 0xf0, 0xa2, 0xe8, 0xa2, 0xf0, 0x82, 0xe8, 0x82, 0xf0,
    0xa2, 0xe8, 0xa1, 0xf0, 0x82, 0xe8, 0xa2, 0xf0, 0x82, 0xf0, 0x81, 0xf0,
    0xa2, 0xf0, 0x82, 0xf0, 0xa1, 0xf0, 0x81, 0xf0, 0xa1, 0xf0, 0x82, 0xf0,
    0xa1, 0xf0, 0xa1, 0xe8, 0xa2, 0xe8, 0xa1, 0xf0, 0xa2, 0xe8, 0xa2, 0xe8,
    0xa1, 0xe8, 0xa2, 0xf0, 0xa1, 0xf0, 0xa2, 0xf0, 0xa2, 0xf0, 0xa2, 0xf0,
    0xa1, 0xf0, 0xa2, 0xf0, 0xa2, 0xf0, 0xc2, 0xf0, 0xa2, 0xe8, 0xa1, 0xe8,
    0xa2, 0xf0, 0x82, 0xe8, 0xa1, 0xf0, 0x81, 0xf0, 0x82, 0xf0, 0xa2, 0xf0,
    0xa1, 0xf0, 0x81, 0xe8, 0xa2, 0xf0, 0xa1, 0xf0, 0xa2, 0xf0, 0x82, 0xf0,
    0xa2, 0xf0, 0xa2, 0xf0, 0xa2, 0xf0, 0xa2, 0xf0, 0x81, 0xf0, 0xa2, 0xf0,
    0xa2, 0xe8, 0xa1, 0xf0, 0xa2, 0xe8, 0xa1, 0xe8, 0xa2, 0xf0, 0xa1, 0xf0,
    0xa2, 0xf0, 0xa2, 0xf0, 0xa2, 0xe8, 0xa2, 0xf0, 0xa2, 0xf0, 0xa2, 0xf0,
    0xa2, 0xe8, 0xa2, 0xf0, 0xa1, 0xf0, 0xa2, 0xf0, 0xa2, 0xe8, 0xa1, 0xf0,
    0xa2, 0xe8, 0xa2, 0xf0, 0xa2, 0xf0, 0xa2, 0xf0, 0xa2, 0xf0, 0xa2, 0xf0,
    0xa2, 0xe8, 0xa2, 0xf0, 0x81, 0xe8, 0xa2, 0xf0, 0xa2, 0xf0, 0x82, 0xe8,
    0xa2, 0xf0, 0x82, 0xf0, 0x81, 0xf0, 0xa2, 0xf0, 0xa1, 0xf0, 0xa2, 0xe8,
    0xa2, 0xe8, 0xa2, 0xf0, 0xa2, 0xf0, 0x82, 0xf0, 0x81, 0xf0, 0xa1, 0xf0,
    0xa2, 0xf0, 0xa2, 0xf0, 0xa1, 0xf0, 0xa2, 0xf0, 0x82, 0xe8, 0xa2, 0xf0,
    0xa2, 0xe8, 0xa2, 0xf0, 0xa2, 0xf0, 0xa2, 0xf0, 0x82, 0xe8, 0xa2, 0xf0,
    0xa2, 0xf0, 0xa2, 0xe8, 0xa2, 0xf0, 0xa1, 0xf0, 0x81, 0xf0, 0xa2, 0xe8,
    0xa2, 0xe8, 0xa2, 0xf0, 0xa2, 0xe8, 0xa2, 0xf0, 0xa2, 0xf0, 0xa1, 0xf0,
    0xa2, 0xf0, 0xa2, 0xf0, 0xa1, 0xf0, 0xa2, 0xf0, 0xa2, 0xe8, 0x82, 0xf0,
    0x82, 0xe8, 0xa2, 0xf0, 0xa2, 0xf0, 0xa2, 0xf0, 0xa1, 0xe8, 0xa2, 0xf0,
    0x82, 0xf0, 0xa2, 0xe8, 0xa2, 0xe8, 0x81, 0xe8, 0x81, 0xf0, 0x81, 0xe8,
    0x81, 0xf0, 0x82, 0xe8, 0x82, 0xe8, 0x82, 0xf0, 0xa2, 0xe8, 0xa2, 0xf0,
    0xa2, 0xf0, 0xa1, 0xe8, 0xa2, 0xe8, 0xa2, 0xf0, 0xa2, 0xf0, 0xa2, 0xf0,
    0xa2, 0xf0, 0xa2, 0xf0, 0x82, 0xe8, 0x82, 0xf0, 0xa2, 0xf0, 0x81, 0xe8,
    0x81, 0xf0, 0xa2, 0xe8, 0xa2, 0xe8, 0xa1, 0xe8, 0xa2, 0xf0, 0xa2, 0xe8,
    0xa1, 0xe8, 0xa2, 0xf0, 0xa2, 0xf0, 0xa1, 0xf0, 0xa1, 0xe8, 0xa2, 0xf0,
    0x81, 0xe8, 0x81, 0xf0, 0x81, 0xf0, 0x81, 0xf0, 0xa2, 0xe8, 0x82, 0xf0,
    0x81, 0xe8, 0xa1, 0xf0, 0xa2, 0xf0, 0xa2, 0xe8, 0xa2, 0xf0, 0xa2, 0xf0,
    0xa2, 0xf0, 0xa2, 0xf0, 0x81, 0xf0, 0xa2, 0xf0, 0xa2, 0xf0, 0xa1, 0xf0,
    0xa2, 0xf0, 0xa2, 0xf0, 0xa2, 0xf0, 0xa2, 0xe8, 0xa2, 0xf0, 0xa2, 0xf0,
    0x82, 0xf0, 0x81, 0xf0, 0xa1, 0xf0, 0xa2, 0xf0, 0x82, 0xf0, 0xa2, 0xf0,
    0xa2, 0xf0, 0xa1, 0xf0, 0xa1, 0xf0, 0x82, 0xe8, 0x82, 0xf0, 0xa2, 0xf0,
    0xa2, 0xe8, 0x81, 0xf0, 0xa1, 0xe8, 0x82, 0xe8, 0xa2, 0xf0, 0xa2, 0xf0,
    0xa2, 0xf0, 0x82, 0xf0, 0xa2, 0xe8, 0x81, 0xf0, 0xa2, 0xf0, 0x82, 0xe8,
    0x81, 0xf0, 0x82, 0xf0, 0xa2, 0xf0, 0xa1, 0xf0, 0xa2, 0xf0, 0xa2, 0xf0,
    0xa2, 0xf0, 0xa2, 0xf0, 0xa2, 0xf0, 0xa1, 0xe8, 0xa2, 0xe8, 0xa1, 0xe8,
    0x82, 0xf0, 0x82, 0xf0, 0xa1, 0xf0, 0x82, 0xf0, 0x82, 0xf0, 0x81, 0xf0,
    0xa1, 0xf0, 0xa2, 0xf0, 0xa2, 0xf0, 0xa1, 0xf0, 0x82, 0xf0, 0xa2, 0xf0,
    0xa2, 0xf0, 0x82, 0xf0, 0xa2, 0xe8, 0xa2, 0xf0, 0x82, 0xf0, 0x82, 0xf0,
    0x82, 0xf0, 0x81, 0xf0, 0x82, 0xf0, 0x82, 0xf0, 0xa2, 0xf0, 0xa2, 0xe8,
    0x81, 0xf0, 0xa2, 0xf0, 0xa2, 0xf0, 0x81, 0xf0, 0xa2, 0xe8, 0xa2, 0xe8,
    0xa1, 0xe8, 0xa2, 0xe8, 0xa2, 0xf0, 0xa2, 0xe8, 0xa2, 0xf0, 0xa2, 0xe8,
    0xa1, 0xe8, 0xa2, 0xe8, 0xa2, 0xf0, 0xa2, 0xe8, 0xa1, 0xe8, 0x81, 0xf0,
    0xa2, 0xf0, 0xa2, 0xe8, 0x81, 0xf0, 0xa2, 0xf0, 0xa1, 0xe8, 0xa2, 0xf0,
    0xa2, 0xe8, 0xa1, 0xe8, 0xa2, 0xf0, 0xa2, 0xe8, 0xa2, 0xe8, 0x79, 0xfe,
    0x1c, 0xf7, 0xbe, 0xff, 0xbe, 0xff, 0x3b, 0xef, 0x3c, 0xff, 0xde, 0xff,
    0x3c, 0xf7, 0x99, 0xf6, 0x6d, 0xcb, 0xbe, 0xff, 0xbe, 0xff, 0x9d, 0xff,
    0x9d, 0xff, 0xbd, 0xff, 0x5b, 0xff, 0x04, 0xe1, 0x81, 0xe8, 0xa3, 0xe0,
    0x99, 0xf6, 0xbf, 0xff, 0x0c, 0xeb, 0xa2, 0xe0, 0x79, 0xf6, 0xbe, 0xff,
    0xbe, 0xff, 0xbe, 0xff, 0xbe, 0xff, 0xbe, 0xff, 0xbe, 0xff, 0xbe, 0xff,
    0x9e, 0xff, 0x07, 0xe2, 0x82, 0xf0, 0x81, 0xe8, 0x81, 0xf0, 0x81, 0xf0,
    0xa2, 0xf0, 0xa1, 0xf0, 0xa2, 0xf0, 0x82, 0xe8, 0xa2, 0xf0, 0xa2, 0xf0,
    0x81, 0xe8, 0x82, 0xf0, 0x82, 0xe8, 0x81, 0xe8, 0x82, 0xf0, 0x82, 0xe8,
    0x81, 0xf0, 0xa1, 0xf0, 0x82, 0xf0, 0x82, 0xf0, 0xa2, 0xf0, 0xa1, 0xe8,
    0xa2, 0xf0, 0xa2, 0xf0, 0xa2, 0xf0, 0xa1, 0xe8, 0xa2, 0xf0, 0xa1, 0xe8,
    0x81, 0xe8, 0xa1, 0xe8, 0xa2, 0xf0, 0xa2, 0xf0, 0xa2, 0xf0, 0xa1, 0xf0,
    0xa2, 0xf0, 0xa2, 0xf0, 0xa2, 0xf0, 0xa2, 0xf0, 0xa1, 0xf0, 0xa2, 0xf0,
    0xa1, 0xe8, 0xa2, 0xf0, 0xa1, 0xf0, 0x82, 0xe8, 0xa2, 0xf0, 0xa2, 0xe8,
    0xa2, 0xe8, 0xa2, 0xf0, 0xa1, 0xf0, 0xa2, 0xf0, 0xa2, 0xf0, 0xa1, 0xf0,
    0xa1, 0xf0, 0xa2, 0xf0, 0xa2, 0xf0, 0x82, 0xf0, 0xa2, 0xf0, 0xa2, 0xf0,
    0x82, 0xf0, 0x82, 0xe8, 0xa2, 0xf0, 0xa2, 0xf0, 0x82, 0xf0, 0xa2, 0xe8,
    0xa2, 0xf0, 0xa1, 0xe8, 0xa2, 0xf0, 0x82, 0xf0, 0xa2, 0xe8, 0xa2, 0xf0,
    0xa1, 0xe8, 0xa1, 0xf0, 0xa2, 0xf0, 0xa2, 0xf0, 0xa1, 0xf0, 0xa1, 0xf0,
    0xa2, 0xf0, 0xa1, 0xf0, 0xa2, 0xe8, 0xa2, 0xf0, 0xa2, 0xe8, 0xa1, 0xf0,
    0xa2, 0xf0, 0xa1, 0xf0, 0xa2, 0xf0, 0x81, 0xf0, 0x81, 0xe8, 0x82, 0xe8,
    0xa2, 0xf0, 0xa2, 0xf0, 0xa2, 0xe8, 0xa2, 0xe8, 0xa1, 0xe8, 0x82, 0xf0,
    0xa2, 0xe8, 0xa1, 0xf0, 0x81, 0xf0, 0xa2, 0xe8, 0xa1, 0xf0, 0xa2, 0xf0,
    0xa2, 0xf0, 0xa2, 0xf0, 0xa2, 0xf0, 0xa2, 0xf0, 0x82, 0xf0, 0xa2, 0xe8,
    0xa2, 0xf0, 0xa2, 0xf0, 0x82, 0xf0, 0xa2, 0xf0, 0xa2, 0xe8, 0x81, 0xe8,
    0x82, 0xf0, 0xa2, 0xf0, 0xa2, 0xf0, 0x82, 0xe8, 0xa2, 0xf0, 0xa2, 0xe8,
    0xa2, 0xf0, 0x82, 0xe8, 0xa1, 0xf0, 0x82, 0xe8, 0xa2, 0xe8, 0xa2, 0xf0,
    0x82, 0xf0, 0xa1, 0xf0, 0xa2, 0xf0, 0xa1, 0xf0, 0xa2, 0xf0, 0xa2, 0xf0,
    0xa1, 0xe8, 0xa2, 0xe8, 0xa2, 0xe8, 0xa2, 0xe8, 0xa2, 0xe8, 0xa1, 0xe8,
    0xa2, 0xe8, 0xa2, 0xe8, 0xa2, 0xf0, 0xa2, 0xf0, 0xa2, 0xe8, 0x82, 0xf0,
    0xa1, 0xf0, 0xa2, 0xe8, 0x81, 0xf0, 0x81, 0xf0, 0x82, 0xf0, 0xa2, 0xf0,
    0xa2, 0xe8, 0xa2, 0xf0, 0xa2, 0xf0, 0xa1, 0xe8, 0xa1, 0xe8, 0xc2, 0xf0,
    0xa2, 0xf0, 0xa2, 0xe8, 0xa2, 0xf0, 0xa2, 0xe8, 0xa2, 0xf0, 0xa2, 0xf0,
    0xa2, 0xe8, 0xa2, 0xf0, 0x81, 0xf0, 0xa2, 0xe8, 0xa2, 0xe8, 0xa1, 0xe8,
    0xa2, 0xf0, 0xa1, 0xe8, 0xa2, 0xe8, 0xa2, 0xf0, 0xa2, 0xf0, 0xa2, 0xf0,
    0xa2, 0xe8, 0xa2, 0xe8, 0xa1, 0xe8, 0xa2, 0xe8, 0x82, 0xf0, 0xa1, 0xe8,
    0xa2, 0xe8, 0x82, 0xf0, 0xa2, 0xf0, 0x82, 0xe8, 0xa2, 0xf0, 0xa2, 0xe8,
    0xa1, 0xf0, 0xa1, 0xf0, 0xa2, 0xf0, 0xa2, 0xf0, 0xa2, 0xf0, 0xa2, 0xf0,
    0x81, 0xf0, 0xa2, 0xf0, 0xa1, 0xf0, 0xa1, 0xf0, 0xa2, 0xf0, 0xa2, 0xf0,
    0xa2, 0xf0, 0xa2, 0xf0, 0xa2, 0xf0, 0xa2, 0xf0, 0x81, 0xf0, 0x82, 0xf0,
    0x81, 0xf0, 0xa2, 0xf0, 0xa2, 0xf0, 0xa2, 0xf0, 0xa1, 0xf0, 0xa2, 0xe8,
    0x82, 0xe8, 0xa2, 0xe8, 0x82, 0xf0, 0xa2, 0xf0, 0x82, 0xe8, 0xa1, 0xf0,
    0xa1, 0xe8, 0xa2, 0xe8, 0xa2, 0xf0, 0x82, 0xe8, 0xa2, 0xf0, 0xa1, 0xe8,
    0x81, 0xf0, 0xa1, 0xf0, 0xa2, 0xf0, 0xa2, 0xf0, 0x81, 0xf0, 0xa2, 0xf0,
    0xa2, 0xf0, 0xa1, 0xf0, 0xa1, 0xf0, 0x82, 0xf0, 0x81, 0xf0, 0x81, 0xe8,
    0x82, 0xf0, 0xa1, 0xf0, 0x82, 0xf0, 0x82, 0xf0, 0xa1, 0xf0, 0xa2, 0xf0,
    0x82, 0xf0, 0x81, 0xf0, 0xa2, 0xf0, 0x81, 0xe8, 0xa2, 0xf0, 0xa1, 0xf0,
    0x82, 0xf0, 0xa2, 0xf0, 0x81, 0xf0, 0x81, 0xf0, 0xa2, 0xe8, 0x81, 0xf0,
    0x82, 0xf0, 0x82, 0xf0, 0x82, 0xf0, 0x82, 0xf0, 0x81, 0xf0, 0xa1, 0xf0,
    0x82, 0xf0, 0xa1, 0xf0, 0xa2, 0xf0, 0xa1, 0xf0, 0xa2, 0xe8, 0xa2, 0xf0,
    0xa2, 0xf0, 0xa2, 0xe8, 0xa1, 0xe8, 0xa2, 0xf0, 0xa2, 0xe8, 0xa2, 0xe8,
    0xa2, 0xe8, 0xa2, 0xe8, 0xa2, 0xe8, 0xa2, 0xf0, 0xa2, 0xe8, 0xa1, 0xe8,
    0xa1, 0xf0, 0xa2, 0xf0, 0xa2, 0xf0, 0xa2, 0xf0, 0xa2, 0xf0, 0xa1, 0xe8,
    0xa2, 0xf0, 0xa2, 0xf0, 0xa2, 0xf0, 0xa2, 0xf0, 0xa2, 0xf0, 0xa2, 0xf0,
    0xa2, 0xe8, 0x89, 0xea, 0x8d, 0xdb, 0xfa, 0xf6, 0x5c, 0xff, 0x4d, 0xd3,
    0xee, 0xcb, 0xb9, 0xf6, 0x8d, 0xc3, 0x48, 0xc2, 0xda, 0xf6, 0xbe, 0xff,
    0x3c, 0xf7, 0x5c, 0xff, 0xbe, 0xff, 0xbe, 0xff, 0x9a, 0xfe, 0x04, 0xe1,
    0x82, 0xe8, 0xa2, 0xe0, 0x9a, 0xf6, 0xbf, 0xff, 0x0b, 0xeb, 0x82, 0xe0,
    0x7a, 0xfe, 0xbe, 0xff, 0x79, 0xee, 0x75, 0xe5, 0x95, 0xe5, 0x95, 0xe5,
    0x95, 0xdd, 0xbe, 0xff, 0x9e, 0xff, 0x07, 0xe2, 0xa1, 0xf0, 0xa2, 0xf0,
    0x82, 0xe8, 0xa1, 0xe8, 0xa2, 0xf0, 0xa2, 0xe8, 0xa2, 0xe8, 0x82, 0xf0,
    0xa2, 0xf0, 0xa2, 0xe8, 0x81, 0xf0, 0xa2, 0xf0, 0x81, 0xe8, 0x82, 0xf0,
    0x82, 0xf0, 0x82, 0xf0, 0x82, 0xf0, 0xa1, 0xf0, 0xa2, 0xf0, 0xa1, 0xf0,
    0xa2, 0xf0, 0x81, 0xe8, 0xa2, 0xf0, 0xa2, 0xf0, 0xa1, 0xe8, 0x82, 0xf0,
    0xa2, 0xf0, 0xa2, 0xf0, 0xa1, 0xe8, 0xa2, 0xe8, 0xa2, 0xe8, 0xa1, 0xf0,
    0xa2, 0xf0, 0xa2, 0xf0, 0xa2, 0xf0, 0xa2, 0xf8, 0xa2, 0xf0, 0xa2, 0xf0,
    0xa1, 0xf0, 0xa2, 0xf0, 0xa2, 0xf0, 0xa2, 0xf0, 0xa1, 0xe8, 0xa2, 0xf0,
    0xa2, 0xf0, 0xa1, 0xf0, 0x81, 0xe8, 0xa2, 0xe8, 0x82, 0xf0, 0xa1, 0xf0,
    0x82, 0xf0, 0xa2, 0xf0, 0xa2, 0xe8, 0x81, 0xf0, 0x82, 0xf0, 0x82, 0xf0,
    0x82, 0xf0, 0x82, 0xf0, 0xa2, 0xe8, 0xa2, 0xf0, 0xa2, 0xe8, 0xa1, 0xf0,
    0xa2, 0xf0, 0xa2, 0xf0, 0xa2, 0xf0, 0xa1, 0xe8, 0xa1, 0xe8, 0x81, 0xf0,
    0xa1, 0xf0, 0xa2, 0xe8, 0x82, 0xf0, 0xa1, 0xf0, 0xa1, 0xe8, 0xa2, 0xf0,
    0xa2, 0xf0, 0xa2, 0xf0, 0xa2, 0xe8, 0xa2, 0xf0, 0xa2, 0xf0, 0xa2, 0xe8,
    0xa2, 0xf0, 0x81, 0xe8, 0xa2, 0xf0, 0xa2, 0xf0, 0xa1, 0xf0, 0xa2, 0xf0,
    0xa2, 0xf0, 0xa2, 0xf0, 0xa2, 0xe8, 0xa2, 0xf0, 0x82, 0xf0, 0xa2, 0xf0,
    0x81, 0xe8, 0xa2, 0xf0, 0xa2, 0xf0, 0x81, 0xf0, 0xa2, 0xf0, 0xa2, 0xe8,
    0x81, 0xf0, 0xa2, 0xf0, 0xa2, 0xf0, 0xa2, 0xf0, 0xa1, 0xf0, 0xa1, 0xf0,
    0xa2, 0xf0, 0xa2, 0xe8, 0xa2, 0xf0, 0xa2, 0xf0, 0xa2, 0xe8, 0xa2, 0xf0,
    0xa2, 0xf0, 0x82, 0xe8, 0x81, 0xe8, 0xa2, 0xe8, 0xa2, 0xf0, 0x81, 0xe8,
    0xa2, 0xf0, 0xa2, 0xf0, 0x82, 0xe8, 0xa2, 0xf0, 0xa2, 0xf0, 0xa2, 0xf0,
    0x82, 0xf0, 0xa2, 0xe8, 0xa2, 0xe8, 0x82, 0xe8, 0xa1, 0xf0, 0xa2, 0xf0,
    0xa2, 0xf0, 0xa2, 0xf0, 0xa2, 0xe8, 0xa2, 0xf0, 0xa2, 0xf0, 0xa1, 0xe8,
    0xa2, 0xf0, 0xa2, 0xf0, 0xa2, 0xe8, 0xa2, 0xe8, 0xa2, 0xf0, 0xa2, 0xf0,
    0x82, 0xf0, 0x82, 0xe8, 0xa1, 0xe8, 0x82, 0xf0, 0x81, 0xf0, 0x82, 0xf0,
    0x81, 0xf0, 0xa2, 0xe8, 0xa2, 0xf0, 0x82, 0xf0, 0xa2, 0xf0, 0xa1, 0xe8,
    0xa2, 0xe8, 0xa2, 0xf0, 0xa1, 0xf0, 0xa2, 0xf0, 0xa2, 0xe8, 0xa2, 0xe8,
    0x82, 0xf0, 0xa2, 0xf0, 0xa2, 0xe8, 0xa2, 0xe8, 0xa2, 0xe8, 0x82, 0xf0,
    0xa1, 0xe8, 0xa1, 0xe8, 0xa2, 0xf0, 0xa2, 0xf0, 0xa2, 0xe8, 0xa2, 0xf0,
    0xa2, 0xe8, 0xa1, 0xf0, 0xa2, 0xf0, 0xa2, 0xf0, 0xa1, 0xe8, 0xa2, 0xe8,
    0x82, 0xf0, 0xa2, 0xe8, 0x82, 0xf0, 0xa1, 0xe8, 0xa2, 0xf0, 0xa2, 0xf0,
    0x82, 0xe8, 0xa2, 0xf0, 0xa2, 0xf0, 0xa2, 0xe8, 0xa2, 0xf0, 0xa1, 0xf0,
    0xa2, 0xf0, 0xa2, 0xf0, 0xa1, 0xe8, 0x82, 0xf0, 0xa2, 0xf0, 0xa1, 0xf0,
    0xa2, 0xf0, 0x81, 0xf0, 0xa2, 0xf0, 0xa2, 0xf0, 0xa2, 0xf0, 0xa2, 0xf0,
    0x82, 0xf0, 0x82, 0xf0, 0xa2, 0xf0, 0xa1, 0xf0, 0xa2, 0xf0, 0xa2, 0xf0,
    0xa2, 0xf0, 0xa1, 0xe8, 0x82, 0xe8, 0x81, 0xf0, 0xa2, 0xe8, 0x82, 0xe8,
    0x82, 0xf0, 0xa2, 0xf0, 0xa2, 0xf0, 0x81, 0xe8, 0xa1, 0xf0, 0xa2, 0xf0,
    0x82, 0xe8, 0x81, 0xe8, 0x81, 0xe8, 0xa2, 0xf0, 0x82, 0xf0, 0x81, 0xf0,
    0xa2, 0xf0, 0xa2, 0xe8, 0xa2, 0xf0, 0xa1, 0xf0, 0xa2, 0xf0, 0xa2, 0xf0,
    0x81, 0xe8, 0x81, 0xf0, 0x81, 0xe8, 0x82, 0xf0, 0x81, 0xf0, 0xa2, 0xf0,
    0x81, 0xf0, 0xa2, 0xf0, 0x82, 0xf0, 0xa2, 0xf0, 0xa1, 0xf0, 0xa2, 0xf0,
    0xa2, 0xf0, 0xa2, 0xf0, 0xa2, 0xf0, 0xa2, 0xf0, 0xa2, 0xf0, 0xa1, 0xf0,
    0x81, 0xf0, 0xa2, 0xf0, 0x82, 0xf0, 0x81, 0xf0, 0x82, 0xf0, 0x82, 0xf0,
    0x82, 0xf0, 0xa2, 0xf0, 0xa1, 0xf0, 0xa2, 0xf0, 0x81, 0xf0, 0x82, 0xf0,
    0xa2, 0xe8, 0xa2, 0xf0, 0x82, 0xf0, 0xa2, 0xe8, 0xa2, 0xf0, 0xa2, 0xe8,
    0xa2, 0xf0, 0xa1, 0xf0, 0xa2, 0xe8, 0xa2, 0xf0, 0xa1, 0xe8, 0xa2, 0xf0,
    0xa2, 0xe8, 0xa1, 0xe8, 0xa2, 0xe8, 0xa1, 0xe8, 0x81, 0xf0, 0xa2, 0xe8,
    0xa1, 0xe8, 0xa2, 0xf0, 0x82, 0xf0, 0xa1, 0xf0, 0xa1, 0xe8, 0xa2, 0xf0,
    0xa2, 0xf0, 0xa2, 0xf0, 0xa2, 0xe8, 0xc3, 0xe0, 0x91, 0xe4, 0x5c, 0xff,
    0x98, 0xee, 0x74, 0xed, 0x38, 0xf6, 0x1b, 0xff, 0x58, 0xf6, 0x0f, 0xd4,
    0xdf, 0xff, 0x7d, 0xf7, 0x69, 0xd2, 0x68, 0xc2, 0xbd, 0xff, 0xba, 0xf6,
    0x87, 0xd9, 0xa2, 0xe0, 0x6c, 0xeb, 0xce, 0xdb, 0x3c, 0xf7, 0xbf, 0xff,
    0xd5, 0xed, 0xac, 0xdb, 0x9a, 0xf6, 0xbe, 0xff, 0xce, 0xe3, 0x23, 0xe1,
    0x23, 0xd9, 0x23, 0xd9, 0x64, 0xc1, 0xbd, 0xff, 0x9d, 0xff, 0xe6, 0xe9,
    0xa1, 0xf0, 0x81, 0xf0, 0x82, 0xf0, 0xa1, 0xe8, 0xa2, 0xf0, 0x82, 0xf0,
    0xa2, 0xe8, 0xa1, 0xf0, 0xa2, 0xf0, 0xa2, 0xe8, 0x82, 0xe8, 0xa2, 0xf0,
    0x81, 0xe8, 0xa2, 0xe8, 0xa2, 0xf0, 0xa1, 0xe8, 0xa2, 0xf0, 0xa2, 0xf0,
    0x81, 0xf0, 0xa2, 0xf0, 0xa2, 0xf0, 0x81, 0xe8, 0xa2, 0xf0, 0xa1, 0xf0,
    0xa2, 0xe8, 0x81, 0xf0, 0xa2, 0xf0, 0xa2, 0xe8, 0x81, 0xe8, 0x82, 0xf0,
    0xa1, 0xf0, 0xa2, 0xe8, 0xa2, 0xf0, 0xa1, 0xf0, 0xa1, 0xf0, 0xa2, 0xf0,
    0xa2, 0xf0, 0xa2, 0xf0, 0xa2, 0xf0, 0x81, 0xe8, 0xa2, 0xe8, 0x82, 0xf0,
    0xa2, 0xe8, 0x81, 0xf0, 0xa2, 0xf0, 0xa1, 0xf0, 0x82, 0xf0, 0x81, 0xe8,
    0xa2, 0xf0, 0x82, 0xf0, 0xa2, 0xf0, 0x82, 0xf0, 0xa1, 0xf0, 0x82, 0xf0,
    0x82, 0xf0, 0x81, 0xf0, 0x82, 0xf0, 0xa2, 0xf0, 0xa2, 0xf0, 0xa2, 0xe8,
    0x82, 0xf0, 0xa1, 0xe8, 0xa2, 0xf0, 0xa2, 0xf0, 0xa2, 0xf0, 0x82, 0xf0,
    0xa2, 0xf0, 0xa2, 0xe8, 0xa1, 0xf0, 0xa2, 0xf0, 0xa2, 0xf0, 0x82, 0xf0,
    0x81, 0xf0, 0xa2, 0xf0, 0xa1, 0xf0, 0x81, 0xf0, 0xa2, 0xe8, 0xa2, 0xf0,
    0x82, 0xf0, 0xa2, 0xf0, 0xa2, 0xf0, 0xa1, 0xe8, 0x81, 0xf0, 0x82, 0xf0,
    0xa2, 0xf0, 0xa2, 0xf0, 0xa2, 0xe8, 0xa2, 0xf0, 0xa2, 0xf0, 0x82, 0xe8,
    0xa2, 0xf0, 0xa2, 0xf0, 0x81, 0xe8, 0xa2, 0xf0, 0xa1, 0xf0, 0xa2, 0xe8,
    0xa2, 0xe8, 0xa1, 0xf0, 0xa2, 0xf0, 0x81, 0xf0, 0xa2, 0xf0, 0xa2, 0xf0,
    0x81, 0xf0, 0xa2, 0xf0, 0xa2, 0xf0, 0xa2, 0xe8, 0xa2, 0xf0, 0xa2, 0xf0,
    0xa1, 0xe8, 0xa2, 0xf0, 0xa2, 0xf0, 0xa2, 0xe8, 0x82, 0xf0, 0x81, 0xf0,
    0xa2, 0xf0, 0x82, 0xf0, 0xa2, 0xe8, 0xa2, 0xf0, 0xa1, 0xf0, 0xa1, 0xe8,
    0xa2, 0xf0, 0xa2, 0xf0, 0xa1, 0xe8, 0x81, 0xf0, 0xa2, 0xf0, 0xa2, 0xe8,
    0x82, 0xf0, 0xa1, 0xf0, 0xa1, 0xf0, 0xa2, 0xf0, 0xa2, 0xe8, 0xa2, 0xe8,
    0xa2, 0xe8, 0xa2, 0xf0, 0xa2, 0xf0, 0xa2, 0xf0, 0xa2, 0xe8, 0xa2, 0xf0,
    0xa2, 0xf0, 0xa1, 0xe8, 0xa2, 0xf0, 0xa2, 0xf0, 0x81, 0xe8, 0x81, 0xf0,
    0x81, 0xf0, 0x82, 0xf0, 0xa1, 0xe8, 0x82, 0xe8, 0xa2, 0xe8, 0xa1, 0xe8,
    0xa1, 0xe8, 0xa2, 0xe8, 0xa2, 0xe8, 0xa1, 0xe8, 0xa1, 0xe8, 0xa2, 0xe8,
    0xa1, 0xe8, 0xa2, 0xe8, 0x81, 0xe8, 0xa1, 0xe8, 0xa2, 0xe8, 0x81, 0xe8,
    0xa2, 0xe8, 0xa2, 0xf0, 0x82, 0xf0, 0xa2, 0xe8, 0xa1, 0xf0, 0xa2, 0xf0,
    0xa1, 0xe8, 0xa2, 0xe8, 0xa1, 0xe8, 0xa2, 0xf0, 0xa2, 0xf0, 0xa1, 0xf0,
    0x82, 0xf0, 0xa1, 0xf0, 0x81, 0xe8, 0xa2, 0xf0, 0x82, 0xe8, 0x82, 0xe8,
    0xa2, 0xf0, 0xa2, 0xf0, 0xa2, 0xf0, 0xa1, 0xe8, 0xa2, 0xf0, 0xa2, 0xf0,
    0xa2, 0xe8, 0xa1, 0xf0, 0xa2, 0xf0, 0xa2, 0xf0, 0xa2, 0xf0, 0x82, 0xf0,
    0x82, 0xf0, 0x82, 0xf0, 0x81, 0xf0, 0xa2, 0xf0, 0xa2, 0xf0, 0xa2, 0xf0,
    0xa2, 0xf0, 0xa2, 0xf0, 0x82, 0xf0, 0xa2, 0xf0, 0xa2, 0xf0, 0xa2, 0xf0,
    0xa2, 0xf0, 0x82, 0xf0, 0xa2, 0xe8, 0xa2, 0xe8, 0x82, 0xf0, 0xa1, 0xf0,
    0xa2, 0xe8, 0x82, 0xf0, 0xa1, 0xe8, 0x82, 0xf0, 0x82, 0xe8, 0x82, 0xf0,
    0xa1, 0xe8, 0x82, 0xf0, 0xa2, 0xf0, 0xa2, 0xe8, 0x82, 0xf0, 0xa1, 0xf0,
    0x81, 0xe8, 0x82, 0xe8, 0xa2, 0xf0, 0xa1, 0xf0, 0x82, 0xf0, 0xa2, 0xe8,
    0x81, 0xe8, 0x82, 0xf0, 0xa2, 0xf0, 0xa2, 0xe8, 0x81, 0xe8, 0xa2, 0xf0,
    0xa1, 0xe8, 0x81, 0xf0, 0xa2, 0xf0, 0x81, 0xf0, 0x81, 0xf0, 0x81, 0xf0,
    0x82, 0xf0, 0x81, 0xf0, 0x82, 0xf0, 0xa2, 0xe8, 0xa1, 0xf0, 0xa2, 0xf0,
    0xa2, 0xf0, 0xa2, 0xf0, 0xa2, 0xe8, 0xa2, 0xf0, 0x82, 0xf0, 0x82, 0xf0,
    0x81, 0xf0, 0x82, 0xf0, 0x82, 0xf0, 0x82, 0xf0, 0x82, 0xf0, 0xa2, 0xe8,
    0x82, 0xe8, 0x82, 0xe8, 0x82, 0xe8, 0x81, 0xf0, 0x82, 0xe8, 0xa2, 0xe8,
    0x81, 0xf0, 0xa2, 0xf0, 0xa2, 0xf0, 0xa2, 0xe8, 0xa1, 0xe8, 0xa1, 0xe8,
    0xa2, 0xf0, 0xa2, 0xe8, 0xa2, 0xe8, 0xa2, 0xe8, 0xa1, 0xe8, 0x82, 0xe8,
    0xa1, 0xe8, 0xa2, 0xf0, 0xa2, 0xf0, 0xa1, 0xe8, 0xa2, 0xf0, 0xa2, 0xf0,
    0xa2, 0xf0, 0xa2, 0xf0, 0xa2, 0xf0, 0xa2, 0xf0, 0xa2, 0xe8, 0x69, 0xe2,
    0x7d, 0xff, 0x5c, 0xf7, 0x1a, 0xf7, 0xd9, 0xf6, 0xda, 0xf6, 0x3c, 0xf7,
    0xde, 0xff, 0x7c, 0xff, 0xde, 0xff, 0xde, 0xff, 0x71, 0xdc, 0x71, 0xe4,
    0xbe, 0xff, 0x30, 0xe4, 0x82, 0xe0, 0x82, 0xe0, 0x7d, 0xff, 0xde, 0xff,
    0xbe, 0xff, 0xbe, 0xff, 0xbe, 0xff, 0x17, 0xe6, 0xba, 0xf6, 0xde, 0xff,
    0x6d, 0xeb, 0xa2, 0xe0, 0x03, 0xe1, 0x02, 0xd9, 0x06, 0xca, 0xbe, 0xff,
    0x5c, 0xff, 0x85, 0xe9, 0x82, 0xf0, 0x82, 0xf0, 0xa1, 0xf0, 0x81, 0xf0,
    0xa2, 0xf0, 0x81, 0xf0, 0xa2, 0xf0, 0xa2, 0xe8, 0x82, 0xf0, 0xa2, 0xf0,
    0x82, 0xe8, 0xa2, 0xf0, 0xa2, 0xe8, 0x82, 0xf0, 0xa2, 0xf0, 0xa1, 0xe8,
    0xa2, 0xf0, 0xa2, 0xf0, 0xa2, 0xf0, 0xa1, 0xf0, 0xa2, 0xf0, 0xa2, 0xf0,
    0x81, 0xf0, 0xa2, 0xf0, 0x81, 0xe8, 0xa2, 0xf0, 0x81, 0xe8, 0x81, 0xe8,
    0xa2, 0xf0, 0xa2, 0xf0, 0xa1, 0xf0, 0xa2, 0xe8, 0xa2, 0xf0, 0xa1, 0xf0,
    0xa1, 0xf0, 0xa1, 0xf0, 0xc2, 0xf0, 0xa2, 0xf0, 0xa2, 0xf0, 0xa2, 0xf0,
    0xa2, 0xe8, 0xa2, 0xf0, 0xa2, 0xf0, 0x82, 0xe8, 0x82, 0xe8, 0x82, 0xf0,
    0xa1, 0xf0, 0x81, 0xe8, 0xa2, 0xf0, 0xa1, 0xf0, 0x82, 0xf0, 0x82, 0xf0,
    0x81, 0xf0, 0x82, 0xf0, 0x82, 0xf0, 0xa2, 0xf0, 0x82, 0xf0, 0xa2, 0xf0,
    0xa1, 0xf0, 0xa2, 0xf0, 0xa2, 0xf0, 0xa2, 0xe8, 0xa2, 0xe8, 0xa2, 0xf0,
    0xa2, 0xe8, 0x81, 0xf0, 0x81, 0xf0, 0x82, 0xe8, 0xa2, 0xe8, 0xa2, 0xf0,
    0xa1, 0xf0, 0x82, 0xf0, 0xa2, 0xf0, 0x82, 0xe8, 0x81, 0xe8, 0x81, 0xf0,
    0xa2, 0xf0, 0xa1, 0xe8, 0x81, 0xe8, 0x81, 0xf0, 0x81, 0xf0, 0x82, 0xe8,
    0xa2, 0xf0, 0xa1, 0xf0, 0x81, 0xf0, 0x81, 0xe8, 0xa2, 0xf0, 0x82, 0xe8,
    0xa1, 0xf0, 0xa2, 0xe8, 0xa2, 0xf0, 0xa2, 0xe8, 0xa1, 0xf0, 0xa2, 0xe8,
    0x82, 0xf0, 0xa1, 0xf0, 0x82, 0xf0, 0xa2, 0xe8, 0xa1, 0xf0, 0xa2, 0xe8,
    0xa1, 0xf0, 0x81, 0xe8, 0x82, 0xf0, 0xa2, 0xf0, 0xa2, 0xe8, 0xa1, 0xf0,
    0xa2, 0xf0, 0xa1, 0xe8, 0xa2, 0xf0, 0xa2, 0xf0, 0xa2, 0xe8, 0x81, 0xe8,
    0xa2, 0xf0, 0xa2, 0xf0, 0x82, 0xf0, 0x82, 0xf0, 0x81, 0xe8, 0xa2, 0xf0,
    0x82, 0xf0, 0xa1, 0xe8, 0xa2, 0xe8, 0x82, 0xf0, 0xa2, 0xe8, 0xa2, 0xf0,
    0x82, 0xf0, 0x82, 0xe8, 0xa2, 0xf0, 0x82, 0xe8, 0x82, 0xe8, 0xa2, 0xf0,
    0xa2, 0xf0, 0xa1, 0xf0, 0xa2, 0xe8, 0xa2, 0xe8, 0xa2, 0xe8, 0xa2, 0xe8,
    0xa2, 0xf0, 0xa2, 0xe8, 0xa2, 0xe8, 0xa2, 0xe8, 0xa2, 0xf0, 0xa2, 0xf0,
    0xa2, 0xf0, 0xa2, 0xe8, 0x81, 0xf0, 0x82, 0xf0, 0xa1, 0xf0, 0x81, 0xf0,
    0xa2, 0xf0, 0xa2, 0xe8, 0xa1, 0xe8, 0xa2, 0xf0, 0xa2, 0xf0, 0xa1, 0xe8,
    0xa2, 0xf0, 0xa1, 0xe8, 0xa2, 0xf0, 0xa2, 0xf0, 0xa2, 0xe8, 0x82, 0xe8,
    0x82, 0xf0, 0x82, 0xf0, 0xa1, 0xf0, 0xa2, 0xf0, 0x82, 0xf0, 0x81, 0xe8,
    0xa2, 0xe8, 0xa1, 0xe8, 0xa1, 0xe8, 0xa1, 0xf0, 0xa2, 0xf0, 0xa2, 0xf0,
    0xa2, 0xe8, 0xa2, 0xf0, 0xa1, 0xe8, 0xa2, 0xf0, 0x81, 0xe8, 0xa2, 0xf0,
    0xa2, 0xf0, 0x81, 0xf0, 0xa2, 0xe8, 0xa2, 0xf0, 0xa2, 0xe8, 0x81, 0xf0,
    0xa2, 0xf0, 0xa2, 0xf0, 0xa2, 0xf0, 0xa1, 0xe8, 0xa2, 0xf0, 0xa2, 0xf0,
    0xa1, 0xf0, 0xa1, 0xf0, 0x82, 0xf0, 0xa1, 0xf0, 0x82, 0xf0, 0x82, 0xf0,
    0xa2, 0xf0, 0xa1, 0xf0, 0x82, 0xf0, 0x82, 0xf0, 0xa2, 0xf0, 0xa2, 0xf0,
    0xa1, 0xf0, 0x82, 0xf0, 0xa2, 0xf0, 0xa2, 0xf0, 0xa2, 0xf0, 0xa2, 0xf0,
    0x82, 0xe8, 0xa2, 0xe8, 0x82, 0xf0, 0xa2, 0xf0, 0xa2, 0xf0, 0xa2, 0xf0,
    0x82, 0xe8, 0xa2, 0xf0, 0xa2, 0xe8, 0x81, 0xe8, 0x82, 0xf0, 0xa2, 0xe8,
    0xa2, 0xf0, 0x81, 0xf0, 0xa2, 0xe8, 0x82, 0xf0, 0x82, 0xf0, 0xa1, 0xf0,
    0xa2, 0xf0, 0xa1, 0xf0, 0x81, 0xe8, 0x81, 0xf0, 0xa2, 0xf0, 0x81, 0xf0,
    0x82, 0xf0, 0xa2, 0xf0, 0x81, 0xe8, 0x82, 0xf0, 0xa2, 0xf0, 0xa2, 0xf0,
    0x82, 0xf0, 0xa2, 0xf0, 0x81, 0xf0, 0xa1, 0xf0, 0x81, 0xf0, 0xa2, 0xf0,
    0xa2, 0xf0, 0xa1, 0xf0, 0xa2, 0xf0, 0xa1, 0xf0, 0xa2, 0xf0, 0xa1, 0xf0,
    0x82, 0xf0, 0x82, 0xf0, 0x82, 0xf0, 0x82, 0xf0, 0x81, 0xe8, 0x82, 0xf0,
    0xa2, 0xf0, 0xa2, 0xf0, 0xa2, 0xe8, 0xa2, 0xf0, 0xa1, 0xf0, 0xa2, 0xe8,
    0xa2, 0xe8, 0xa2, 0xe8, 0x81, 0xf0, 0xa2, 0xe8, 0xa2, 0xf0, 0xa2, 0xf0,
    0xa2, 0xe8, 0xa1, 0xe8, 0xa2, 0xe8, 0xa2, 0xf0, 0xa2, 0xf0, 0xa1, 0xe8,
    0xa2, 0xf0, 0xa1, 0xe8, 0xa2, 0xe8, 0x82, 0xf0, 0xa1, 0xf0, 0xa2, 0xe8,
    0xa2, 0xf0, 0xa2, 0xf0, 0xa2, 0xe8, 0xa2, 0xf0, 0xa1, 0xf0, 0xa2, 0xf0,
    0x44, 0xe9, 0x78, 0xfe, 0xde, 0xff, 0xd6, 0xdd, 0xf2, 0xd4, 0xd1, 0xd4,
    0xad, 0xc3, 0x0f, 0xcc, 0xbe, 0xff, 0x13, 0xe5, 0x54, 0xed, 0x1b, 0xf7,
    0xde, 0xff, 0x7c, 0xf7, 0xfb, 0xfe, 0x24, 0xd9, 0x81, 0xe8, 0x82, 0xe8,
    0x3c, 0xff, 0x7c, 0xff, 0x9e, 0xff, 0xbe, 0xff, 0x7d, 0xff, 0x95, 0xe5,
    0x99, 0xf6, 0xbe, 0xff, 0x8e, 0xeb, 0x65, 0xe1, 0x76, 0xed, 0x54, 0xe5,
    0x37, 0xf6, 0xbe, 0xff, 0xdb, 0xf6, 0x03, 0xe1, 0x82, 0xf0, 0x81, 0xf0,
    0xa2, 0xe8, 0x82, 0xe8, 0xa2, 0xf0, 0xa2, 0xf0, 0xa2, 0xe8, 0x82, 0xf0,
    0xa2, 0xf0, 0xa1, 0xe8, 0x81, 0xf0, 0x82, 0xe8, 0xa2, 0xf0, 0x81, 0xe8,
    0xa2, 0xf0, 0xa2, 0xf0, 0x82, 0xf0, 0x81, 0xf0, 0xa2, 0xf0, 0xa2, 0xf0,
    0x81, 0xf0, 0xa2, 0xe8, 0xa2, 0xf0, 0xa1, 0xe8, 0xa2, 0xf0, 0xa2, 0xf0,
    0xa1, 0xe8, 0xa2, 0xf0, 0xa2, 0xf0, 0xa1, 0xe8, 0xa2, 0xf0, 0xa2, 0xf0,
    0xa2, 0xf0, 0xa2, 0xf0, 0xa2, 0xf0, 0xa1, 0xf0, 0xa1, 0xf0, 0xa1, 0xf0,
    0xa2, 0xf0, 0xa2, 0xf0, 0xa1, 0xe8, 0xa1, 0xf0, 0xa2, 0xf0, 0xa2, 0xf0,
    0x82, 0xf0, 0x81, 0xf0, 0xa1, 0xe8, 0x82, 0xf0, 0xa2, 0xf0, 0xa1, 0xf0,
    0x81, 0xf0, 0x82, 0xf0, 0xa2, 0xf0, 0x82, 0xf0, 0x82, 0xf0, 0x81, 0xf0,
    0x82, 0xf0, 0x82, 0xf0, 0xa2, 0xe8, 0xa2, 0xf0, 0x82, 0xf0, 0xa2, 0xf0,
    0xa2, 0xf0, 0xa1, 0xe8, 0xa2, 0xf0, 0x81, 0xe8, 0xa1, 0xe8, 0x82, 0xf0,
    0xa2, 0xf0, 0xa1, 0xe8, 0x82, 0xe8, 0xa2, 0xf0, 0xa1, 0xf0, 0x81, 0xe8,
    0xa2, 0xf0, 0x82, 0xf0, 0xa2, 0xf0, 0xa1, 0xf0, 0x82, 0xe8, 0xa2, 0xf0,
    0x81, 0xe8, 0xa2, 0xf0, 0xa2, 0xf0, 0xa2, 0xf0, 0x81, 0xe8, 0x81, 0xf0,
    0xa2, 0xe8, 0x82, 0xf0, 0xa2, 0xf0, 0xa2, 0xf0, 0x82, 0xe8, 0xa2, 0xf0,
    0xa1, 0xf0, 0x82, 0xe8, 0x82, 0xe8, 0xa1, 0xf0, 0xa2, 0xf0, 0x82, 0xe8,
    0xa1, 0xf0, 0xa2, 0xf0, 0xa2, 0xf0, 0xa2, 0xf0, 0xa1, 0xf0, 0x82, 0xf0,
    0xa1, 0xf0, 0xa2, 0xe8, 0xa2, 0xf0, 0xa1, 0xf0, 0xa2, 0xf0, 0xa2, 0xf0,
    0xa2, 0xf0, 0xa2, 0xf0, 0xa2, 0xe8, 0x82, 0xf0, 0xa2, 0xf0, 0x82, 0xe8,
    0xa2, 0xe8, 0xa2, 0xf0, 0xa2, 0xf0, 0xa1, 0xe8, 0xa2, 0xf0, 0x82, 0xf0,
    0xa2, 0xe8, 0xa2, 0xf0, 0xa2, 0xf0, 0xa2, 0xe8, 0xa2, 0xf0, 0xa2, 0xf0,
    0x82, 0xe8, 0xa2, 0xf0, 0xa2, 0xf0, 0x82, 0xf0, 0xa2, 0xe8, 0xa2, 0xe8,
    0xa2, 0xf0, 0xa2, 0xf0, 0xa2, 0xf0, 0xa1, 0xe8, 0xa2, 0xf0, 0x82, 0xf0,
    0xa2, 0xe8, 0xa2, 0xf0, 0xa1, 0xe8, 0x82, 0xf0, 0x81, 0xf0, 0x82, 0xf0,
    0xa2, 0xf0, 0xa2, 0xf0, 0xa2, 0xf0, 0xa2, 0xf0, 0xa2, 0xe8, 0xa2, 0xf0,
    0xa2, 0xe8, 0xa2, 0xe8, 0xa2, 0xf0, 0xa2, 0xe8, 0xa2, 0xe8, 0xa2, 0xf0,
    0xa2, 0xf0, 0xa2, 0xf0, 0xa2, 0xf0, 0xa2, 0xe8, 0xa2, 0xe8, 0xa2, 0xf0,
    0xa2, 0xe8, 0xa2, 0xf0, 0x81, 0xf0, 0xa2, 0xe8, 0xa2, 0xf0, 0xa2, 0xe8,
    0xa1, 0xe8, 0xc2, 0xf0, 0xa2, 0xf0, 0xa2, 0xf0, 0xa1, 0xe8, 0xa2, 0xf0,
    0xa2, 0xf0, 0xa2, 0xf0, 0x81, 0xe8, 0xa1, 0xf0, 0xa2, 0xf0, 0x82, 0xe8,
    0xa2, 0xf0, 0xa2, 0xe8, 0xa2, 0xf0, 0xa2, 0xf0, 0xa1, 0xf0, 0xa2, 0xf0,
    0xa2, 0xf0, 0xa1, 0xf0, 0xa2, 0xf0, 0xa2, 0xf0, 0x81, 0xf0, 0x82, 0xf0,
    0x81, 0xf0, 0x82, 0xf0, 0xa2, 0xf0, 0xa2, 0xf0, 0x82, 0xf0, 0xa2, 0xf0,
    0xa1, 0xf0, 0xa2, 0xf0, 0x82, 0xf0, 0xa2, 0xf0, 0xa1, 0xf0, 0xa2, 0xf0,
    0xa1, 0xf0, 0xa2, 0xf0, 0xa1, 0xf0, 0x82, 0xf0, 0x82, 0xf0, 0x82, 0xf0,
    0xa2, 0xf0, 0x82, 0xf0, 0xa1, 0xe8, 0x82, 0xf0, 0xa2, 0xf0, 0x81, 0xe8,
    0x82, 0xe8, 0xa2, 0xf0, 0x81, 0xe8, 0x82, 0xe8, 0xa2, 0xf0, 0xa2, 0xe8,
    0x82, 0xf0, 0x82, 0xe8, 0xa2, 0xf0, 0xa1, 0xf0, 0xa2, 0xe8, 0xa2, 0xe8,
    0x81, 0xe8, 0xa1, 0xe8, 0xa2, 0xf0, 0xa2, 0xf0, 0x82, 0xe8, 0xa2, 0xe8,
    0x82, 0xe8, 0x82, 0xf0, 0xa2, 0xf0, 0x82, 0xf0, 0x82, 0xe8, 0xa1, 0xf0,
    0xa2, 0xf0, 0xa2, 0xf0, 0xa2, 0xf0, 0xa2, 0xf0, 0x81, 0xf0, 0xa2, 0xe8,
    0xa1, 0xf0, 0xa2, 0xf0, 0x81, 0xf0, 0x82, 0xf0, 0x82, 0xf0, 0x82, 0xe8,
    0x82, 0xe8, 0xa1, 0xf0, 0xa2, 0xe8, 0xa2, 0xf0, 0x81, 0xe8, 0x82, 0xf0,
    0x82, 0xf0, 0x82, 0xe8, 0xa2, 0xe8, 0xa2, 0xf0, 0xa2, 0xf0, 0xa2, 0xe8,
    0x82, 0xf0, 0x82, 0xf0, 0xa2, 0xe8, 0x82, 0xf0, 0xa2, 0xe8, 0xa2, 0xe8,
    0xa2, 0xf0, 0xa2, 0xe8, 0xa1, 0xe8, 0xa1, 0xe8, 0xa2, 0xf0, 0xa2, 0xe8,
    0xa1, 0xf0, 0xa2, 0xf0, 0xa2, 0xf0, 0xa1, 0xe8, 0xa2, 0xf0, 0xc2, 0xe8,
    0xa1, 0xf0, 0xa2, 0xf0, 0x03, 0xe9, 0x75, 0xf5, 0x9d, 0xff, 0x9d, 0xff,
    0x7c, 0xff, 0x9d, 0xff, 0xf6, 0xed, 0x2f, 0xdc, 0xbe, 0xff, 0x2c, 0xdb,
    0x65, 0xd9, 0x0f, 0xc4, 0xdf, 0xff, 0xdf, 0xff, 0x95, 0xe5, 0xe3, 0xd8,
    0x82, 0xe8, 0x82, 0xe8, 0x08, 0xea, 0x49, 0xda, 0xba, 0xf6, 0xbe, 0xff,
    0x30, 0xe4, 0x86, 0xc9, 0x7a, 0xf6, 0xde, 0xff, 0x8e, 0xeb, 0x86, 0xe1,
    0x5d, 0xff, 0xbf, 0xff, 0xbe, 0xff, 0x9d, 0xff, 0xef, 0xe3, 0x81, 0xe8,
    0x81, 0xf0, 0x81, 0xf0, 0x81, 0xf0, 0xa1, 0xe8, 0xa2, 0xf0, 0xa2, 0xf0,
    0xa2, 0xe8, 0xa2, 0xf0, 0xa2, 0xf0, 0xa2, 0xe8, 0x82, 0xe8, 0xa2, 0xf0,
    0x81, 0xe8, 0xa2, 0xe8, 0xa2, 0xf0, 0xa1, 0xf0, 0x81, 0xf0, 0x82, 0xf0,
    0x82, 0xf0, 0xa1, 0xf0, 0xa2, 0xe8, 0xa2, 0xf0, 0xa1, 0xe8, 0xa1, 0xe8,
    0x82, 0xf0, 0x81, 0xe8, 0xa1, 0xe8, 0xa2, 0xf0, 0x82, 0xf0, 0xa1, 0xe8,
    0xa2, 0xe8, 0xa2, 0xf0, 0xa1, 0xf0, 0xa2, 0xf0, 0xa2, 0xf0, 0xa2, 0xf0,
    0xa2, 0xf0, 0xa2, 0xf0, 0xa1, 0xe8, 0xa2, 0xf0, 0xa2, 0xf0, 0x82, 0xe8,
    0x81, 0xe8, 0xa2, 0xe8, 0x82, 0xf0, 0xa1, 0xe8, 0x82, 0xf0, 0x82, 0xf0,
    0x81, 0xf0, 0x82, 0xe8, 0x82, 0xf0, 0x82, 0xf0, 0x81, 0xf0, 0x82, 0xf0,
    0xa2, 0xf0, 0x82, 0xf0, 0x82, 0xf0, 0xa2, 0xf0, 0x81, 0xe8, 0x82, 0xe8,
    0xa2, 0xf0, 0xa1, 0xe8, 0xa2, 0xf0, 0x82, 0xf0, 0x82, 0xe8, 0xa1, 0xe8,
    0xa2, 0xf0, 0x81, 0xf0, 0xa2, 0xf0, 0x81, 0xe8, 0x82, 0xf0, 0xa2, 0xe8,
    0x81, 0xf0, 0xa1, 0xf0, 0x82, 0xf0, 0x81, 0xf0, 0xa2, 0xf0, 0xa2, 0xf0,
    0xa2, 0xf0, 0xa2, 0xe8, 0xa2, 0xf0, 0xa1, 0xf0, 0xa2, 0xe8, 0xa2, 0xe8,
    0x82, 0xf0, 0xa2, 0xe8, 0xa2, 0xf0, 0xa2, 0xe8, 0xa2, 0xf0, 0x82, 0xe8,
    0xa2, 0xf0, 0xa2, 0xf0, 0xa1, 0xf0, 0xa2, 0xf0, 0xa1, 0xe8, 0xa2, 0xf0,
    0xa2, 0xe8, 0xa2, 0xf0, 0x81, 0xe8, 0xa2, 0xf0, 0x82, 0xe8, 0xa2, 0xe8,
    0xa2, 0xf0, 0xa2, 0xe8, 0x82, 0xe8, 0xa1, 0xf0, 0xa2, 0xe8, 0x82, 0xf0,
    0xa2, 0xe8, 0xa1, 0xe8, 0x81, 0xf0, 0xa2, 0xf0, 0xa1, 0xf0, 0x82, 0xf0,
    0xa2, 0xe8, 0xa1, 0xf0, 0xa1, 0xf0, 0xa2, 0xf0, 0xa1, 0xe8, 0xa2, 0xf0,
    0xa2, 0xf0, 0xa2, 0xf0, 0xa2, 0xe8, 0xa2, 0xf0, 0xa2, 0xf0, 0xa2, 0xe8,
    0xa2, 0xf0, 0xa2, 0xf0, 0xa1, 0xe8, 0x82, 0xe8, 0x81, 0xe8, 0x82, 0xe8,
    0xa2, 0xe8, 0xa1, 0xe8, 0xa1, 0xe8, 0xa2, 0xe8, 0xa2, 0xe8, 0xa2, 0xf0,
    0xa2, 0xf0, 0xa2, 0xf0, 0x82, 0xe8, 0xa2, 0xf0, 0xa1, 0xf0, 0x81, 0xe8,
    0x81, 0xf0, 0x81, 0xf0, 0xa2, 0xe8, 0xa2, 0xe8, 0x82, 0xf0, 0xa2, 0xe8,
    0xa2, 0xf0, 0xa2, 0xf0, 0xa2, 0xe8, 0xa2, 0xe8, 0xa2, 0xf0, 0xa2, 0xe8,
    0x81, 0xe8, 0x81, 0xe8, 0xa2, 0xf0, 0xa2, 0xe8, 0xa2, 0xf0, 0xa2, 0xf0,
    0x82, 0xe8, 0xa2, 0xf0, 0xa2, 0xf0, 0xa2, 0xe8, 0xa1, 0xf0, 0xa2, 0xf0,
    0xa2, 0xf0, 0xa2, 0xe8, 0xa1, 0xe8, 0xa2, 0xf0, 0xa2, 0xf0, 0xa1, 0xf0,
    0xa2, 0xf0, 0xa2, 0xf0, 0xa2, 0xe8, 0xa2, 0xf0, 0x82, 0xe8, 0x81, 0xe8,
    0xa2, 0xf0, 0xa2, 0xf0, 0xa2, 0xe8, 0xa2, 0xf0, 0xa2, 0xf0, 0xa2, 0xe8,
    0xa1, 0xf0, 0xa2, 0xf0, 0xa2, 0xf0, 0x82, 0xe8, 0xa2, 0xf0, 0xa2, 0xf0,
    0x82, 0xf0, 0x81, 0xf0, 0x82, 0xf0, 0x82, 0xf0, 0xa1, 0xf0, 0xa2, 0xf0,
    0xa2, 0xf0, 0xa2, 0xf0, 0xa2, 0xf0, 0xa2, 0xf0, 0xa2, 0xf0, 0xa2, 0xf0,
    0xa2, 0xf0, 0xa2, 0xf0, 0xa2, 0xf0, 0xa1, 0xf0, 0xa1, 0xe8, 0xa2, 0xf0,
    0x82, 0xf0, 0x81, 0xf0, 0x82, 0xf0, 0x82, 0xf0, 0xa1, 0xe8, 0x82, 0xe8,
    0xa2, 0xf0, 0xa2, 0xf0, 0xa2, 0xe8, 0x82, 0xf0, 0xa2, 0xf0, 0x82, 0xe8,
    0xa1, 0xf0, 0x82, 0xe8, 0xa1, 0xe8, 0x82, 0xe8, 0x82, 0xe8, 0xa2, 0xf0,
    0xa1, 0xe8, 0x82, 0xf0, 0xa1, 0xe8, 0x82, 0xe8, 0xa2, 0xe8, 0x81, 0xe8,
    0xa2, 0xf0, 0xa2, 0xe8, 0xa1, 0xf0, 0x81, 0xe8, 0xa2, 0xe8, 0xa2, 0xf0,
    0x81, 0xe8, 0xa1, 0xe8, 0x82, 0xf0, 0xa1, 0xf0, 0xa2, 0xf0, 0xa2, 0xf0,
    0xa2, 0xf0, 0x82, 0xe8, 0xa2, 0xf0, 0xa2, 0xf0, 0xa2, 0xf0, 0x81, 0xf0,
    0x82, 0xf0, 0xa2, 0xe8, 0xa1, 0xf0, 0x82, 0xe8, 0x82, 0xe8, 0xa2, 0xf0,
    0x82, 0xe8, 0x81, 0xf0, 0x82, 0xf0, 0x81, 0xe8, 0xa2, 0xe8, 0xa2, 0xf0,
    0xa2, 0xf0, 0xa2, 0xe8, 0x81, 0xe8, 0x82, 0xf0, 0xa2, 0xf0, 0xa2, 0xf0,
    0xa2, 0xe8, 0xa1, 0xe8, 0xa2, 0xe8, 0xa2, 0xf0, 0x81, 0xe8, 0xa2, 0xe8,
    0xa2, 0xe8, 0xa1, 0xe8, 0xa2, 0xf0, 0xa2, 0xf0, 0xa1, 0xe8, 0xa2, 0xf0,
    0xa2, 0xf0, 0xc2, 0xf0, 0xa2, 0xe8, 0xa2, 0xf0, 0xc2, 0xe8, 0xe2, 0xd8,
    0xda, 0xfe, 0xb9, 0xf6, 0x28, 0xb2, 0x17, 0xe6, 0x38, 0xee, 0xb6, 0xed,
    0xbd, 0xff, 0xea, 0xd2, 0x0e, 0xdc, 0xbe, 0xff, 0xbe, 0xff, 0xbe, 0xf7,
    0xde, 0xff, 0x17, 0xf6, 0x07, 0xd2, 0xc2, 0xf0, 0xa2, 0xe8, 0xa2, 0xe0,
    0x59, 0xf6, 0xbe, 0xff, 0x2c, 0xeb, 0xa2, 0xd0, 0x79, 0xfe, 0xde, 0xff,
    0xae, 0xeb, 0x03, 0xd9, 0xb1, 0xec, 0xf2, 0xec, 0x6f, 0xe4, 0xe9, 0xd2,
    0xc2, 0xd8, 0x81, 0xe0, 0x81, 0xf0, 0x82, 0xf0, 0x82, 0xf0, 0x81, 0xf0,
    0x82, 0xe8, 0xa2, 0xf0, 0x81, 0xf0, 0xa2, 0xe8, 0xa2, 0xf0, 0xa2, 0xf0,
    0x82, 0xe8, 0xa2, 0xf0, 0x82, 0xf0, 0x82, 0xe8, 0xa2, 0xf0, 0xa1, 0xf0,
    0x81, 0xf0, 0x82, 0xf0, 0xa2, 0xf0, 0xa1, 0xe8, 0x82, 0xe8, 0x82, 0xf0,
    0xa1, 0xf0, 0xa1, 0xe8, 0x82, 0xf0, 0x81, 0xf0, 0xa2, 0xe8, 0xa2, 0xf0,
    0x81, 0xf0, 0xa2, 0xf0, 0xa2, 0xe8, 0xa2, 0xf0, 0xa2, 0xf0, 0xa2, 0xf0,
    0xa2, 0xf0, 0xa2, 0xf0, 0xa2, 0xf0, 0xa1, 0xf0, 0xa2, 0xe8, 0xa1, 0xe8,
    0xa2, 0xf0, 0xa2, 0xf0, 0x81, 0xe8, 0x81, 0xe8, 0xa2, 0xf0, 0x82, 0xe8,
    0x81, 0xf0, 0x81, 0xf0, 0x81, 0xf0, 0x81, 0xf0, 0x82, 0xf0, 0x82, 0xf0,
    0x81, 0xf0, 0x82, 0xf0, 0x82, 0xf0, 0x82, 0xf0, 0xa2, 0xf0, 0xa2, 0xf0,
    0x82, 0xf0, 0x81, 0xe8, 0xa2, 0xf0, 0xa1, 0xf0, 0xa2, 0xe8, 0xa2, 0xf0,
    0x82, 0xf0, 0x82, 0xe8, 0xa2, 0xe8, 0x81, 0xf0, 0x81, 0xe8, 0xa2, 0xf0,
    0x82, 0xf0, 0x82, 0xe8, 0xa1, 0xe8, 0x82, 0xf0, 0x81, 0xf0, 0x81, 0xf0,
    0xa2, 0xf0, 0xa1, 0xe8, 0x81, 0xf0, 0xa2, 0xf0, 0xa2, 0xe8, 0xa2, 0xe8,
    0xa2, 0xf0, 0xa2, 0xf0, 0xa2, 0xe8, 0xa2, 0xe8, 0x81, 0xf0, 0x81, 0xe8,
    0xa2, 0xf0, 0xa2, 0xf0, 0xa2, 0xe8, 0x82, 0xe8, 0xa1, 0xf0, 0xa2, 0xf0,
    0xa2, 0xf0, 0x82, 0xe8, 0xa2, 0xf0, 0xa2, 0xf0, 0xa2, 0xf0, 0xa2, 0xe8,
    0x82, 0xf0, 0xa1, 0xf0, 0xa2, 0xf0, 0xa2, 0xe8, 0xa2, 0xf0, 0xa1, 0xf0,
    0xa1, 0xf0, 0xa2, 0xe8, 0xa2, 0xf0, 0xa2, 0xf0, 0x81, 0xf0, 0xa2, 0xf0,
    0xa1, 0xf0, 0xa2, 0xf0, 0xa2, 0xe8, 0xa2, 0xf0, 0x81, 0xf0, 0xa1, 0xe8,
    0xa2, 0xf0, 0x81, 0xe8, 0xa2, 0xf0, 0xa2, 0xe8, 0x82, 0xf0, 0x82, 0xe8,
    0xa1, 0xf0, 0x82, 0xf0, 0xa2, 0xe8, 0xa2, 0xf0, 0xa2, 0xf0, 0x82, 0xf0,
    0xa2, 0xf0, 0xa1, 0xf0, 0x82, 0xf0, 0xa1, 0xe8, 0xa1, 0xe8, 0xa2, 0xf0,
    0xa2, 0xe8, 0xa2, 0xe8, 0xa2, 0xf0, 0xa2, 0xe8, 0xa2, 0xf0, 0xa2, 0xf0,
    0xa2, 0xf0, 0x81, 0xf0, 0x81, 0xf0, 0x81, 0xf0, 0xa2, 0xf0, 0xa2, 0xe8,
    0x82, 0xf0, 0xa1, 0xf0, 0xa2, 0xe8, 0xa2, 0xe8, 0xa2, 0xf0, 0xa2, 0xf0,
    0xa2, 0xf0, 0xa2, 0xe8, 0xa2, 0xe8, 0xa2, 0xe8, 0x82, 0xf0, 0xa2, 0xe8,
    0xa1, 0xf0, 0x82, 0xf0, 0xa2, 0xe8, 0xa1, 0xf0, 0x82, 0xf0, 0xa1, 0xe8,
    0xa2, 0xf0, 0xa2, 0xf0, 0xa2, 0xf0, 0xa1, 0xe8, 0xa2, 0xf0, 0xa1, 0xf0,
    0xa2, 0xe8, 0xa2, 0xf0, 0xa2, 0xf0, 0xa1, 0xf0, 0x81, 0xe8, 0x82, 0xf0,
    0xa1, 0xf0, 0x82, 0xe8, 0xa2, 0xf0, 0xa2, 0xf0, 0x82, 0xe8, 0xa2, 0xf0,
    0xa2, 0xe8, 0x81, 0xe8, 0xa2, 0xf0, 0xa1, 0xf0, 0x82, 0xf0, 0xa2, 0xe8,
    0xa2, 0xf0, 0xa1, 0xf0, 0xa2, 0xf0, 0x81, 0xf0, 0x81, 0xf0, 0x82, 0xf0,
    0x81, 0xf0, 0xa1, 0xf0, 0xa2, 0xf0, 0x81, 0xf0, 0xa2, 0xf0, 0x82, 0xf0,
    0x82, 0xf0, 0x81, 0xf0, 0xa2, 0xf0, 0xa2, 0xf0, 0xa1, 0xf0, 0xa2, 0xe8,
    0xa2, 0xf0, 0xa2, 0xe8, 0xa2, 0xf0, 0xa2, 0xf0, 0x82, 0xf0, 0xa2, 0xf0,
    0x82, 0xe8, 0x81, 0xf0, 0xa2, 0xe8, 0x81, 0xe8, 0x82, 0xf0, 0xa1, 0xe8,
    0xa2, 0xf0, 0xa2, 0xf0, 0x82, 0xe8, 0xa2, 0xf0, 0x82, 0xf0, 0xa1, 0xf0,
    0xa1, 0xe8, 0x82, 0xe8, 0xa1, 0xe8, 0xa1, 0xe8, 0x82, 0xf0, 0xa2, 0xf0,
    0xa2, 0xe8, 0x81, 0xf0, 0x82, 0xf0, 0xa2, 0xe8, 0x82, 0xf0, 0xa2, 0xe8,
    0x82, 0xf0, 0xa2, 0xf0, 0x81, 0xe8, 0xa1, 0xf0, 0xa2, 0xf0, 0x81, 0xe8,
    0xa2, 0xf0, 0xa1, 0xf0, 0xa2, 0xf0, 0xa1, 0xf0, 0x81, 0xf0, 0xa2, 0xf0,
    0xa1, 0xf0, 0xa2, 0xf0, 0x82, 0xf0, 0xa1, 0xe8, 0xa2, 0xf0, 0x82, 0xf0,
    0x82, 0xe8, 0xa2, 0xf0, 0x82, 0xf0, 0x82, 0xf0, 0xa2, 0xe8, 0xa2, 0xf0,
    0x81, 0xf0, 0xa2, 0xf0, 0x82, 0xf0, 0x81, 0xe8, 0xa2, 0xf0, 0xa2, 0xe8,
    0xa2, 0xf0, 0xa2, 0xf0, 0xa2, 0xe8, 0xa2, 0xe8, 0xa2, 0xf0, 0xa1, 0xe8,
    0xa2, 0xf0, 0xa2, 0xf0, 0xa1, 0xe8, 0xa2, 0xe8, 0x81, 0xf0, 0xa2, 0xe8,
    0xa2, 0xf0, 0xa2, 0xf0, 0xa1, 0xf0, 0xa2, 0xf0, 0xa2, 0xf0, 0xa1, 0xe8,
    0xa2, 0xe8, 0xa2, 0xe0, 0xda, 0xfe, 0x7c, 0xff, 0x99, 0xfe, 0x7c, 0xff,
    0x7c, 0xf7, 0x9d, 0xff, 0xfb, 0xee, 0xee, 0xc3, 0xbe, 0xff, 0xbb, 0xf6,
    0x0f, 0xdc, 0x8d, 0xd3, 0x99, 0xf6, 0xbe, 0xff, 0x3b, 0xff, 0x44, 0xf1,
    0xc2, 0xf0, 0xa2, 0xe0, 0x78, 0xf6, 0x9d, 0xff, 0x0b, 0xdb, 0x43, 0xd1,
    0x79, 0xf6, 0xbe, 0xff, 0x55, 0xe5, 0xae, 0xd3, 0xcf, 0xd3, 0xcf, 0xcb,
    0xef, 0xd3, 0xef, 0xd3, 0xef, 0xdb, 0xc7, 0xe1, 0x81, 0xf0, 0x82, 0xf0,
    0x82, 0xf0, 0x82, 0xf0, 0xa2, 0xf0, 0x81, 0xe8, 0xa2, 0xf0, 0xa2, 0xe8,
    0x82, 0xf0, 0xa1, 0xf0, 0x81, 0xe8, 0xa2, 0xe8, 0xa1, 0xf0, 0x82, 0xe8,
    0x82, 0xe8, 0xa1, 0xe8, 0xa2, 0xf0, 0x81, 0xf0, 0xa2, 0xf0, 0x82, 0xf0,
    0x82, 0xf0, 0xa2, 0xe8, 0x82, 0xf0, 0xa1, 0xf0, 0xa2, 0xe8, 0x81, 0xe8,
    0xa2, 0xf0, 0xa2, 0xe8, 0xa2, 0xf0, 0x82, 0xf0, 0xa2, 0xe8, 0xa1, 0xe8,
    0xa2, 0xf0, 0xa1, 0xf0, 0xa1, 0xf0, 0xa2, 0xf0, 0xa2, 0xf0, 0xa1, 0xf0,
    0xa2, 0xf0, 0x82, 0xe8, 0xa2, 0xf0, 0xa2, 0xf0, 0x82, 0xe8, 0xa2, 0xf0,
    0xa2, 0xf0, 0x81, 0xe8, 0xa1, 0xe8, 0x82, 0xf0, 0x82, 0xf0, 0xa1, 0xf0,
    0x81, 0xf0, 0x81, 0xe8, 0x82, 0xf0, 0x82, 0xf0, 0x81, 0xf0, 0x82, 0xf0,
    0x81, 0xf0, 0x82, 0xf0, 0xa2, 0xe8, 0xa2, 0xf0, 0xa2, 0xf0, 0x82, 0xe8,
    0xa2, 0xf0, 0xa2, 0xf0, 0x81, 0xe8, 0xa2, 0xf0, 0xa2, 0xf0, 0x82, 0xe8,
    0xa1, 0xf0, 0xa1, 0xf0, 0x81, 0xf0, 0xa1, 0xf0, 0xa2, 0xe8, 0x82, 0xe8,
    0xa1, 0xe8, 0xa2, 0xe8, 0xa2, 0xf0, 0xa1, 0xf0, 0xa2, 0xf0, 0x81, 0xe8,
    0xa2, 0xe8, 0x82, 0xf0, 0xa2, 0xe8, 0xa2, 0xf0, 0x81, 0xe8, 0xa2, 0xe8,
    0x82, 0xf0, 0x82, 0xe8, 0xa2, 0xf0, 0xa1, 0xf0, 0xa2, 0xe8, 0x82, 0xf0,
    0xa1, 0xe8, 0xa2, 0xe8, 0x82, 0xf0, 0xa2, 0xf0, 0xa2, 0xe8, 0x82, 0xf0,
    0xa1, 0xf0, 0xa1, 0xe8, 0xa2, 0xf0, 0x81, 0xf0, 0xa1, 0xe8, 0xa2, 0xf0,
    0x82, 0xf0, 0xa1, 0xe8, 0xa2, 0xf0, 0x81, 0xf0, 0xa2, 0xe8, 0xa2, 0xf0,
    0xa2, 0xe8, 0xa1, 0xf0, 0xa2, 0xf0, 0xa2, 0xe8, 0x82, 0xf0, 0xa1, 0xf0,
    0x82, 0xf0, 0xa1, 0xe8, 0xa2, 0xf0, 0xa2, 0xf0, 0xa1, 0xe8, 0xa2, 0xf0,
    0xa2, 0xf0, 0xa2, 0xe8, 0xa2, 0xf0, 0x82, 0xf0, 0xa2, 0xe8, 0xa1, 0xf0,
    0x82, 0xf0, 0x82, 0xe8, 0xa2, 0xe8, 0x82, 0xf0, 0x81, 0xf0, 0xa2, 0xe8,
    0xa2, 0xf0, 0xa2, 0xf0, 0xa2, 0xf0, 0x82, 0xf0, 0xa1, 0xe8, 0x82, 0xf0,
    0xa2, 0xf0, 0xa1, 0xe8, 0x82, 0xf0, 0x82, 0xf0, 0x81, 0xf0, 0x81, 0xf0,
    0x82, 0xf0, 0xa2, 0xe8, 0xa2, 0xf0, 0xa2, 0xe8, 0x81, 0xe8, 0xa2, 0xe8,
    0xa2, 0xe8, 0xa2, 0xe8, 0xa2, 0xf0, 0xa2, 0xf0, 0xa1, 0xe8, 0xa2, 0xf0,
    0xa2, 0xf0, 0x82, 0xe8, 0xa2, 0xf0, 0xa2, 0xf0, 0x81, 0xe8, 0x82, 0xe8,
    0xa2, 0xf0, 0xa1, 0xf0, 0xa2, 0xf0, 0xa2, 0xf0, 0xa2, 0xf0, 0xa2, 0xf0,
    0xa2, 0xf0, 0xa2, 0xf0, 0xa2, 0xf0, 0xc2, 0xe8, 0xa2, 0xf0, 0xa1, 0xf0,
    0xa2, 0xf0, 0xa2, 0xf0, 0x81, 0xf0, 0x81, 0xe8, 0xa2, 0xf0, 0xa2, 0xf0,
    0x82, 0xe8, 0xa2, 0xf0, 0x81, 0xf0, 0xa2, 0xf0, 0xa2, 0xe8, 0x82, 0xf0,
    0xa2, 0xf0, 0xa1, 0xf0, 0xa2, 0xf0, 0x81, 0xf0, 0x82, 0xf0, 0x82, 0xf0,
    0x82, 0xf8, 0xa2, 0xf0, 0x82, 0xf0, 0xa2, 0xf0, 0xa2, 0xf0, 0x81, 0xf0,
    0xa2, 0xe8, 0x82, 0xf0, 0x82, 0xf0, 0xa1, 0xf0, 0xa1, 0xf0, 0xa2, 0xf0,
    0xa2, 0xf0, 0xa2, 0xe8, 0xa2, 0xf0, 0x82, 0xf0, 0xa2, 0xe8, 0xa2, 0xe8,
    0xa2, 0xe8, 0xa2, 0xf0, 0x82, 0xe8, 0xa2, 0xf0, 0xa2, 0xf0, 0x81, 0xf0,
    0xa1, 0xf0, 0xa2, 0xe8, 0xa2, 0xf0, 0xa2, 0xf0, 0xa2, 0xe8, 0x81, 0xe8,
    0x82, 0xf0, 0xa2, 0xf0, 0x81, 0xf0, 0x82, 0xf0, 0xa2, 0xe8, 0xa2, 0xf0,
    0x81, 0xe8, 0xa2, 0xf0, 0xa2, 0xf0, 0xa2, 0xe8, 0xa1, 0xe8, 0xa2, 0xf0,
    0x82, 0xe8, 0x81, 0xe8, 0xa2, 0xf0, 0xa2, 0xf0, 0xa2, 0xe8, 0xa1, 0xf0,
    0xa2, 0xf0, 0xa2, 0xf0, 0xa1, 0xf0, 0xa2, 0xf0, 0xa2, 0xf0, 0xa1, 0xf0,
    0xa2, 0xf0, 0xa2, 0xf0, 0xa1, 0xf0, 0xa2, 0xf0, 0x82, 0xf0, 0x82, 0xf0,
    0x82, 0xf0, 0x81, 0xf0, 0xa1, 0xe8, 0xa2, 0xf0, 0xa1, 0xe8, 0x82, 0xe8,
    0xa2, 0xf0, 0xa2, 0xe8, 0x82, 0xe8, 0x81, 0xe8, 0xa2, 0xe8, 0x82, 0xf0,
    0xa2, 0xe8, 0xa2, 0xf0, 0xa2, 0xe8, 0x81, 0xf0, 0xa2, 0xf0, 0xa2, 0xf0,
    0xa2, 0xe8, 0xa2, 0xf0, 0xa1, 0xf0, 0xa2, 0xe8, 0xa2, 0xf0, 0x81, 0xf0,
    0xa2, 0xf0, 0xa2, 0xf0, 0xa2, 0xf0, 0xa1, 0xe8, 0xa1, 0xe8, 0xa2, 0xf0,
    0xc2, 0xf0, 0xa1, 0xf0, 0xc2, 0xe8, 0xc2, 0xe8, 0xea, 0xda, 0x2c, 0xd3,
    0x2c, 0xd3, 0x2c, 0xd3, 0xb5, 0xed, 0xfa, 0xf6, 0x3b, 0xf7, 0xb9, 0xe6,
    0x10, 0xd4, 0x2b, 0xdb, 0x05, 0xd2, 0xe2, 0xd0, 0x06, 0xda, 0x8d, 0xd3,
    0xce, 0xe3, 0xc3, 0xf0, 0xc2, 0xf0, 0xe3, 0xe0, 0x59, 0xf6, 0x9d, 0xff,
    0x58, 0xee, 0xf2, 0xdc, 0x58, 0xf6, 0xbe, 0xff, 0xbe, 0xff, 0xbe, 0xff,
    0xbe, 0xff, 0xbf, 0xff, 0xbf, 0xff, 0xde, 0xff, 0xbe, 0xff, 0xae, 0xe3,
    0x82, 0xf0, 0x81, 0xf0, 0x81, 0xf0, 0xa2, 0xf0, 0xa2, 0xf0, 0xa2, 0xe8,
    0xa2, 0xf0, 0xa2, 0xf0, 0xa2, 0xe8, 0xa2, 0xf0, 0x82, 0xe8, 0x82, 0xf0,
    0xa2, 0xf0, 0xa1, 0xe8, 0x82, 0xf0, 0xa1, 0xf0, 0x82, 0xf0, 0xa1, 0xf0,
    0x82, 0xf0, 0xa2, 0xf0, 0xa2, 0xf0, 0xa2, 0xe8, 0xa2, 0xf0, 0x82, 0xf0,
    0xa2, 0xf0, 0x81, 0xf0, 0x81, 0xf0, 0x82, 0xe8, 0xa1, 0xe8, 0xa2, 0xf0,
    0xa2, 0xf0, 0xa1, 0xf0, 0xa2, 0xf0, 0xa2, 0xf0, 0xa2, 0xf0, 0xa2, 0xf0,
    0xa1, 0xf0, 0xa2, 0xf0, 0xa2, 0xe8, 0x82, 0xf0, 0x82, 0xe8, 0xa1, 0xe8,
    0x82, 0xf0, 0x82, 0xe8, 0xa2, 0xf0, 0xa2, 0xf0, 0xa1, 0xe8, 0x81, 0xf0,
    0x82, 0xf0, 0xa2, 0xf0, 0x82, 0xf0, 0x81, 0xf0, 0x82, 0xf0, 0x82, 0xf0,
    0x82, 0xf0, 0x82, 0xf0, 0x82, 0xf0, 0x81, 0xf0, 0x82, 0xe8, 0xa2, 0xe8,
    0xa1, 0xf0, 0xa2, 0xe8, 0xa2, 0xf0, 0xa2, 0xe8, 0x82, 0xe8, 0x81, 0xf0,
    0xa2, 0xe8, 0x82, 0xe8, 0x81, 0xf0, 0xa2, 0xe8, 0x82, 0xe8, 0x81, 0xf0,
    0xa2, 0xf0, 0x81, 0xf0, 0xa2, 0xf0, 0xa2, 0xf0, 0x82, 0xf0, 0xa2, 0xf0,
    0x81, 0xe8, 0x82, 0xe8, 0xa2, 0xf0, 0x81, 0xf0, 0xa2, 0xe8, 0xa2, 0xf0,
    0xa2, 0xf0, 0x81, 0xe8, 0xa2, 0xf0, 0xa2, 0xe8, 0xa2, 0xf0, 0x82, 0xf0,
    0xa2, 0xe8, 0xa2, 0xf0, 0xa2, 0xf0, 0x81, 0xe8, 0xa2, 0xf0, 0xa2, 0xf0,
    0xa2, 0xe8, 0x82, 0xe8, 0x81, 0xe8, 0xa2, 0xf0, 0xa2, 0xe8, 0xa2, 0xf0,
    0xa2, 0xe8, 0xa1, 0xf0, 0xa2, 0xe8, 0xa2, 0xe8, 0x82, 0xf0, 0x82, 0xe8,
    0xa2, 0xf0, 0xa2, 0xe8, 0x81, 0xf0, 0xa1, 0xe8, 0xa2, 0xe8, 0x82, 0xe8,
    0xa2, 0xf0, 0xa1, 0xe8, 0xa2, 0xe8, 0xa2, 0xf0, 0xa2, 0xf0, 0x81, 0xe8,
    0xa2, 0xf0, 0x82, 0xf0, 0xa2, 0xe8, 0xa1, 0xf0, 0xa2, 0xe8, 0xa2, 0xf0,
    0x81, 0xe8, 0xa2, 0xf0, 0x82, 0xf0, 0x82, 0xf0, 0xa1, 0xe8, 0x82, 0xe8,
    0xa2, 0xe8, 0xa2, 0xf0, 0x82, 0xf0, 0xa1, 0xf0, 0x81, 0xe8, 0xa2, 0xf0,
    0xa2, 0xf0, 0xa2, 0xe8, 0x82, 0xf0, 0xa1, 0xe8, 0x81, 0xf0, 0x82, 0xf0,
    0x81, 0xf0, 0xa1, 0xf0, 0xa2, 0xe8, 0xa2, 0xe8, 0xa1, 0xf0, 0xa2, 0xf0,
    0xa2, 0xe8, 0xa2, 0xf0, 0xa1, 0xe8, 0xa2, 0xe8, 0xa2, 0xf0, 0xa2, 0xf0,
    0x81, 0xe8, 0xa2, 0xe8, 0xa2, 0xf0, 0xa2, 0xf0, 0xa2, 0xe8, 0xa2, 0xf0,
    0x82, 0xe8, 0x82, 0xe8, 0xa2, 0xf0, 0xa1, 0xe8, 0xa2, 0xf0, 0x81, 0xe8,
    0xa2, 0xf0, 0xa2, 0xf0, 0xa1, 0xf0, 0xa2, 0xf0, 0xa1, 0xf0, 0xa2, 0xf0,
    0xa2, 0xf0, 0xa1, 0xf0, 0xa2, 0xf0, 0xa2, 0xe8, 0x81, 0xf0, 0x81, 0xe8,
    0xa2, 0xf0, 0xa2, 0xe8, 0xa2, 0xf0, 0xa2, 0xf0, 0xa2, 0xe8, 0xa2, 0xf0,
    0xa2, 0xf0, 0xa2, 0xe8, 0xa2, 0xe8, 0xa2, 0xf0, 0xa2, 0xf0, 0xa2, 0xf0,
    0x81, 0xf0, 0x82, 0xf0, 0xa1, 0xf0, 0xa2, 0xf0, 0xa2, 0xf0, 0xa2, 0xf0,
    0xa2, 0xf0, 0xa1, 0xf0, 0xa2, 0xf0, 0xa2, 0xf0, 0x82, 0xf0, 0xa2, 0xf0,
    0xa2, 0xf0, 0x82, 0xf0, 0xa2, 0xf0, 0xa1, 0xe8, 0xa2, 0xf0, 0x82, 0xf0,
    0x81, 0xe8, 0x81, 0xe8, 0x82, 0xf0, 0xa2, 0xf0, 0xa1, 0xe8, 0x82, 0xe8,
    0x82, 0xe8, 0xa1, 0xf0, 0xa2, 0xf0, 0xa2, 0xe8, 0x82, 0xf0, 0xa2, 0xf0,
    0xa2, 0xf0, 0x81, 0xe8, 0xa2, 0xe8, 0xa2, 0xe8, 0x82, 0xe8, 0xa2, 0xf0,
    0x82, 0xf0, 0x82, 0xe8, 0xa2, 0xe8, 0x81, 0xf0, 0xa2, 0xf0, 0x82, 0xe8,
    0x82, 0xf0, 0xa2, 0xf0, 0xa1, 0xe8, 0x82, 0xf0, 0xa2, 0xf0, 0xa2, 0xe8,
    0xa2, 0xf0, 0xa1, 0xe8, 0x82, 0xe8, 0xa2, 0xf0, 0xa1, 0xf0, 0x82, 0xe8,
    0xa2, 0xf0, 0xa2, 0xf0, 0xa2, 0xf0, 0xa2, 0xf0, 0xa2, 0xf0, 0xa2, 0xf0,
    0xa2, 0xf0, 0x81, 0xf0, 0x82, 0xe8, 0x82, 0xf0, 0xa2, 0xe8, 0x82, 0xf0,
    0x82, 0xe8, 0xa1, 0xf0, 0xa2, 0xf0, 0x82, 0xe8, 0xa2, 0xf0, 0xa2, 0xf0,
    0x82, 0xe8, 0xa2, 0xf0, 0x81, 0xf0, 0xa2, 0xe8, 0xa2, 0xf0, 0x82, 0xe8,
    0xa2, 0xf0, 0xa2, 0xf0, 0x82, 0xe8, 0xa1, 0xf0, 0x82, 0xf0, 0xa1, 0xe8,
    0xa2, 0xf0, 0xa2, 0xf0, 0xa1, 0xe8, 0xa1, 0xe8, 0xa2, 0xf0, 0xa2, 0xf0,
    0xc2, 0xf0, 0xc2, 0xf0, 0xa2, 0xf0, 0xa2, 0xf0, 0xe3, 0xe0, 0x0f, 0xe4,
    0xae, 0xd3, 0x8c, 0xd3, 0x6c, 0xd3, 0x8d, 0xd3, 0xce, 0xd3, 0x0f, 0xcc,
    0x7c, 0xf7, 0xbe, 0xff, 0xef, 0xcb, 0xee, 0xdb, 0x0e, 0xdc, 0x30, 0xdc,
    0x71, 0xe4, 0x91, 0xe4, 0x0b, 0xeb, 0xc3, 0xe8, 0x45, 0xd1, 0xcf, 0xdb,
    0x5c, 0xff, 0xbe, 0xf7, 0x9e, 0xf7, 0x17, 0xe6, 0x99, 0xf6, 0xbe, 0xff,
    0x9d, 0xff, 0x9e, 0xff, 0x7d, 0xff, 0x7c, 0xff, 0x7d, 0xff, 0x9d, 0xff,
    0xde, 0xff, 0x2b, 0xd3, 0x82, 0xf0, 0x81, 0xf0, 0x81, 0xf0, 0xa2, 0xf0,
    0xa2, 0xe8, 0xa2, 0xf0, 0xa2, 0xf0, 0x82, 0xe8, 0xa2, 0xf0, 0x82, 0xf0,
    0xa2, 0xe8, 0x82, 0xf0, 0xa2, 0xf0, 0xa1, 0xf0, 0xa2, 0xf0, 0xa2, 0xf0,
    0x81, 0xf0, 0x82, 0xf0, 0x82, 0xf0, 0x82, 0xf0, 0xa2, 0xf0, 0xa1, 0xe8,
    0xa2, 0xe8, 0xa1, 0xf0, 0xa2, 0xf0, 0xa2, 0xf0, 0xa1, 0xf0, 0xa2, 0xf0,
    0xa1, 0xf0, 0xa2, 0xe8, 0x82, 0xf0, 0xa1, 0xe8, 0xa2, 0xe8, 0xa2, 0xf0,
    0xa2, 0xf0, 0xa2, 0xf0, 0xa2, 0xe8, 0xa2, 0xe8, 0xa2, 0xf0, 0xa2, 0xf0,
    0x81, 0xe8, 0xa2, 0xf0, 0xa2, 0xf0, 0x81, 0xe8, 0xa2, 0xf0, 0xa2, 0xf0,
    0x82, 0xe8, 0xa1, 0xf0, 0x82, 0xf0, 0x82, 0xe8, 0x82, 0xf0, 0x82, 0xf0,
    0x82, 0xf0, 0x81, 0xf0, 0x82, 0xe8, 0x82, 0xf0, 0x82, 0xf0, 0x81, 0xf0,
    0xa1, 0xe8, 0x82, 0xf0, 0x81, 0xe8, 0x82, 0xf0, 0xa2, 0xf0, 0x81, 0xe8,
    0x82, 0xf0, 0xa2, 0xf0, 0xa2, 0xe8, 0x81, 0xf0, 0xa2, 0xf0, 0x82, 0xf0,
    0xa1, 0xe8, 0xa2, 0xf0, 0xa2, 0xf0, 0xa1, 0xf0, 0xa2, 0xf0, 0x81, 0xf0,
    0xa2, 0xf0, 0x81, 0xe8, 0xa2, 0xf0, 0xa2, 0xf0, 0x82, 0xe8, 0x81, 0xe8,
    0x82, 0xf0, 0xa2, 0xf0, 0xa2, 0xf0, 0x82, 0xe8, 0x81, 0xf0, 0xa1, 0xe8,
    0xa2, 0xf0, 0xa2, 0xe8, 0x82, 0xf0, 0xa2, 0xf0, 0xa2, 0xf0, 0xa2, 0xe8,
    0xa2, 0xf0, 0xa2, 0xf0, 0xa1, 0xf0, 0xa1, 0xf0, 0xa2, 0xf0, 0xa2, 0xf0,
    0x81, 0xf0, 0xa2, 0xf0, 0xa2, 0xf0, 0x81, 0xe8, 0xa2, 0xf0, 0xa1, 0xf0,
    0xa1, 0xf0, 0xa2, 0xf0, 0xa2, 0xe8, 0xa1, 0xf0, 0x82, 0xf0, 0x82, 0xe8,
    0xa1, 0xf0, 0xa2, 0xf0, 0xa2, 0xf0, 0xa1, 0xf0, 0xa2, 0xe8, 0xa2, 0xf0,
    0x81, 0xf0, 0xa2, 0xe8, 0xa2, 0xf0, 0xa2, 0xf0, 0x82, 0xe8, 0xa2, 0xf0,
    0x82, 0xf0, 0xa2, 0xe8, 0x82, 0xe8, 0x82, 0xf0, 0x82, 0xf0, 0xa2, 0xf0,
    0x82, 0xf0, 0xa2, 0xe8, 0x82, 0xf0, 0x82, 0xe8, 0xa2, 0xf0, 0xa2, 0xf0,
    0xa2, 0xe8, 0xa2, 0xf0, 0xa2, 0xf0, 0x82, 0xe8, 0xa2, 0xf0, 0xa2, 0xf0,
    0x81, 0xf0, 0x81, 0xf0, 0x81, 0xf0, 0xa1, 0xf0, 0xa2, 0xe8, 0xa1, 0xe8,
    0x82, 0xf0, 0x81, 0xf0, 0x82, 0xe8, 0xa2, 0xe8, 0xa2, 0xf0, 0xa2, 0xe8,
    0xa2, 0xe8, 0xa2, 0xe8, 0xa2, 0xe8, 0x81, 0xe8, 0xa2, 0xf0, 0xa2, 0xe8,
    0x81, 0xf0, 0xa2, 0xf0, 0xa2, 0xe8, 0x81, 0xf0, 0xa2, 0xf0, 0xa2, 0xe8,
    0x81, 0xf0, 0xa2, 0xf0, 0xa2, 0xe8, 0xa1, 0xf0, 0xa2, 0xf0, 0xa2, 0xf0,
    0xa2, 0xf0, 0xa1, 0xf0, 0xa2, 0xf0, 0xa2, 0xf0, 0xa1, 0xe8, 0xa2, 0xe8,
    0xa2, 0xf0, 0x82, 0xf0, 0xa2, 0xe8, 0x81, 0xe8, 0xa2, 0xf0, 0xa2, 0xe8,
    0x82, 0xf0, 0xa2, 0xe8, 0x82, 0xf0, 0xa1, 0xf0, 0x82, 0xe8, 0xa2, 0xf0,
    0xa2, 0xf0, 0xa2, 0xf0, 0x82, 0xf0, 0x82, 0xf0, 0xa2, 0xf0, 0x81, 0xf0,
    0x81, 0xf0, 0x81, 0xf0, 0xa2, 0xf0, 0xa2, 0xf0, 0x82, 0xf0, 0xa2, 0xf0,
    0xa2, 0xe8, 0xa2, 0xe8, 0xa2, 0xf0, 0xa1, 0xf0, 0xa1, 0xf0, 0xa2, 0xf0,
    0xa2, 0xf0, 0xa2, 0xf0, 0xa1, 0xf0, 0xa1, 0xf0, 0x81, 0xe8, 0xa2, 0xf0,
    0xa2, 0xf0, 0x81, 0xe8, 0x82, 0xf0, 0xa2, 0xe8, 0xa2, 0xf0, 0x82, 0xf0,
    0xa2, 0xe8, 0xa2, 0xf0, 0xa2, 0xf0, 0x82, 0xe8, 0xa2, 0xf0, 0x81, 0xf0,
    0xa2, 0xe8, 0xa2, 0xe8, 0x81, 0xe8, 0x81, 0xe8, 0xa2, 0xf0, 0x82, 0xe8,
    0xa2, 0xf0, 0xa2, 0xf0, 0x82, 0xe8, 0x82, 0xe8, 0xa2, 0xf0, 0x82, 0xf0,
    0xa2, 0xe8, 0xa2, 0xf0, 0x82, 0xf0, 0xa1, 0xf0, 0xa2, 0xe8, 0xa1, 0xf0,
    0xa2, 0xe8, 0xa1, 0xf0, 0xa2, 0xf0, 0xa2, 0xf0, 0xa1, 0xf0, 0x82, 0xf0,
    0xa2, 0xf0, 0xa1, 0xf0, 0xa2, 0xf0, 0x81, 0xf0, 0x81, 0xf0, 0xa2, 0xe8,
    0xa2, 0xf0, 0x82, 0xf0, 0x82, 0xe8, 0xa2, 0xf0, 0x81, 0xe8, 0xa2, 0xf0,
    0x81, 0xf0, 0xa2, 0xe8, 0x82, 0xe8, 0xa2, 0xf0, 0xa2, 0xf0, 0xa2, 0xf0,
    0xa2, 0xe8, 0xa2, 0xf0, 0xa2, 0xe8, 0x82, 0xf0, 0xa1, 0xe8, 0xa1, 0xf0,
    0xa2, 0xf0, 0xa2, 0xe8, 0xa1, 0xf0, 0xa2, 0xe8, 0xa2, 0xf0, 0xa1, 0xe8,
    0xa2, 0xe8, 0xa2, 0xf0, 0xa2, 0xf0, 0xa2, 0xe8, 0xa2, 0xf0, 0xa2, 0xf0,
    0x03, 0xd9, 0x7d, 0xff, 0x9d, 0xff, 0xbd, 0xff, 0xbe, 0xff, 0x9d, 0xff,
    0x9d, 0xff, 0x9d, 0xff, 0x9d, 0xff, 0x9d, 0xff, 0xbd, 0xff, 0xbe, 0xff,
    0xdd, 0xff, 0xde, 0xff, 0xbe, 0xff, 0xde, 0xff, 0x17, 0xfe, 0x45, 0xe1,
    0x7d, 0xff, 0xbe, 0xff, 0xbe, 0xff, 0x9e, 0xff, 0x3c, 0xff, 0xf2, 0xe4,
    0xb9, 0xf6, 0xdf, 0xff, 0x35, 0xdd, 0xbe, 0xf7, 0x6c, 0xc3, 0xe3, 0xc8,
    0xe3, 0xc8, 0x57, 0xee, 0xde, 0xff, 0x49, 0xda, 0x82, 0xf0, 0xa2, 0xf0,
    0x82, 0xf0, 0xa1, 0xf0, 0x81, 0xe8, 0x81, 0xf0, 0x82, 0xe8, 0x81, 0xe8,
    0xa2, 0xf0, 0x81, 0xe8, 0xa1, 0xe8, 0xa2, 0xe8, 0x81, 0xe8, 0xa1, 0xe8,
    0xa2, 0xe8, 0xa2, 0xf0, 0x81, 0xf0, 0x82, 0xf0, 0x82, 0xf0, 0xa1, 0xf0,
    0x82, 0xf0, 0xa1, 0xf0, 0xa2, 0xf0, 0xa1, 0xf0, 0xa2, 0xf0, 0xa2, 0xf0,
    0xa2, 0xf0, 0xa2, 0xf0, 0x82, 0xe8, 0xa1, 0xf0, 0xa2, 0xf0, 0x82, 0xe8,
    0xa2, 0xf0, 0xa1, 0xe8, 0xa1, 0xf0, 0xa2, 0xf0, 0xa2, 0xe8, 0x82, 0xf0,
    0xa2, 0xe8, 0xa2, 0xe8, 0x82, 0xf0, 0x82, 0xe8, 0xa2, 0xe8, 0xa1, 0xf0,
    0xa1, 0xf0, 0xa2, 0xe8, 0x82, 0xe8, 0xa2, 0xf0, 0x81, 0xf0, 0x82, 0xf0,
    0x81, 0xf0, 0x82, 0xf0, 0x82, 0xf0, 0x81, 0xe8, 0xa2, 0xe8, 0xa2, 0xe8,
    0xa1, 0xe8, 0xa1, 0xf0, 0x82, 0xf0, 0xa2, 0xe8, 0x82, 0xe8, 0xa2, 0xf0,
    0xa2, 0xf0, 0xa2, 0xe8, 0x82, 0xe8, 0xa2, 0xf0, 0x81, 0xf0, 0xa1, 0xe8,
    0x81, 0xf0, 0x81, 0xf0, 0x81, 0xf0, 0xa2, 0xe8, 0xa2, 0xf0, 0xa1, 0xf0,
    0x82, 0xf0, 0xa2, 0xe8, 0xa2, 0xf0, 0xa2, 0xe8, 0x82, 0xe8, 0xa2, 0xf0,
    0xa1, 0xe8, 0xa2, 0xf0, 0x82, 0xe8, 0xa2, 0xf0, 0xa2, 0xe8, 0x82, 0xf0,
    0x82, 0xe8, 0x81, 0xf0, 0x82, 0xf0, 0xa2, 0xe8, 0xa2, 0xf0, 0x82, 0xe8,
    0xa2, 0xf0, 0xa2, 0xf0, 0x82, 0xe8, 0x82, 0xe8, 0xa2, 0xf0, 0xa1, 0xe8,
    0xa2, 0xf0, 0xa1, 0xe8, 0x81, 0xe8, 0xa2, 0xf0, 0xa1, 0xf0, 0xa2, 0xf0,
    0x82, 0xf0, 0xa1, 0xf0, 0xa2, 0xf0, 0xa1, 0xe8, 0xa1, 0xf0, 0xa2, 0xf0,
    0xa2, 0xe8, 0xa2, 0xf0, 0xa1, 0xf0, 0xa2, 0xe8, 0x82, 0xf0, 0x81, 0xf0,
    0x81, 0xe8, 0xa2, 0xf0, 0xa2, 0xf0, 0xa2, 0xe8, 0xa2, 0xf0, 0xa2, 0xe8,
    0xa1, 0xf0, 0xa2, 0xf0, 0xa2, 0xf0, 0xa2, 0xf0, 0x81, 0xe8, 0xa2, 0xf0,
    0xa2, 0xf0, 0xa2, 0xf0, 0x81, 0xe8, 0xa1, 0xf0, 0x82, 0xf0, 0xa2, 0xe8,
    0xa2, 0xf0, 0xa2, 0xf0, 0x81, 0xe8, 0xa2, 0xf0, 0xa2, 0xf0, 0x82, 0xe8,
    0xa1, 0xf0, 0x81, 0xf0, 0x82, 0xf0, 0x82, 0xe8, 0x81, 0xf0, 0x82, 0xf0,
    0x81, 0xe8, 0x82, 0xf0, 0xa2, 0xf0, 0xa2, 0xe8, 0xa2, 0xf0, 0xa2, 0xe8,
    0xa1, 0xe8, 0x81, 0xe8, 0xa2, 0xe8, 0xa2, 0xe8, 0xa2, 0xe8, 0xa2, 0xe8,
    0x82, 0xf0, 0xa2, 0xf0, 0xa2, 0xe8, 0xa2, 0xf0, 0x82, 0xe8, 0xa1, 0xf0,
    0xa2, 0xf0, 0xa2, 0xf0, 0x81, 0xf0, 0x82, 0xe8, 0xa2, 0xf0, 0xa1, 0xf0,
    0xa2, 0xf0, 0xa2, 0xf0, 0xa2, 0xf0, 0xa1, 0xf0, 0xa2, 0xf0, 0x82, 0xf0,
    0xa2, 0xe8, 0xa2, 0xf0, 0x81, 0xf0, 0xa1, 0xf0, 0x82, 0xe8, 0x82, 0xf0,
    0xa2, 0xf0, 0xa2, 0xf0, 0xa1, 0xe8, 0x82, 0xf0, 0x82, 0xe8, 0xa2, 0xf0,
    0xa2, 0xf0, 0x82, 0xe8, 0xa2, 0xe8, 0x82, 0xf0, 0x81, 0xf0, 0x82, 0xf0,
    0x82, 0xf0, 0xa1, 0xf0, 0x82, 0xf0, 0xa2, 0xf0, 0xa1, 0xf0, 0x82, 0xe8,
    0xa2, 0xe8, 0xa2, 0xf0, 0xa2, 0xf0, 0x82, 0xe8, 0xa2, 0xf0, 0xa2, 0xe8,
    0x81, 0xf0, 0x82, 0xf0, 0xa1, 0xf0, 0xa2, 0xf0, 0x82, 0xe8, 0xa1, 0xe8,
    0xa2, 0xf0, 0x81, 0xe8, 0xa2, 0xe8, 0xa2, 0xf0, 0xa2, 0xf0, 0xa1, 0xf0,
    0x81, 0xf0, 0xa2, 0xe8, 0xa2, 0xe8, 0x81, 0xe8, 0x82, 0xe8, 0x82, 0xf0,
    0xa1, 0xf0, 0x82, 0xe8, 0x82, 0xf0, 0xa2, 0xf0, 0x81, 0xe8, 0x82, 0xf0,
    0xa2, 0xf0, 0x82, 0xe8, 0x81, 0xe8, 0xa1, 0xf0, 0xa2, 0xf0, 0xa2, 0xe8,
    0xa2, 0xf0, 0xa2, 0xe8, 0xa2, 0xf0, 0xa2, 0xe8, 0xa1, 0xf0, 0xa1, 0xf0,
    0x81, 0xf0, 0xa2, 0xe8, 0x82, 0xf0, 0xa1, 0xf0, 0xa2, 0xf0, 0xa2, 0xf0,
    0xa1, 0xf0, 0xa2, 0xf0, 0x82, 0xf0, 0xa2, 0xf0, 0xa2, 0xf0, 0xa2, 0xf0,
    0xa1, 0xf0, 0xa2, 0xf0, 0x82, 0xf0, 0xa1, 0xe8, 0xa1, 0xe8, 0xa2, 0xf0,
    0x82, 0xe8, 0x82, 0xe8, 0xa2, 0xf0, 0x81, 0xe8, 0xa1, 0xf0, 0xa2, 0xf0,
    0xa2, 0xe8, 0x82, 0xf0, 0xa1, 0xf0, 0xa2, 0xf0, 0x82, 0xf0, 0xa2, 0xf0,
    0xa2, 0xf0, 0xa2, 0xf0, 0xa2, 0xf0, 0xa2, 0xf0, 0xa2, 0xf0, 0xa2, 0xf0,
    0xa1, 0xe8, 0xa2, 0xf0, 0xa1, 0xe8, 0xa2, 0xf0, 0xa1, 0xf0, 0xa2, 0xf0,
    0xa1, 0xf0, 0xa2, 0xf0, 0xe2, 0xe0, 0x2c, 0xdb, 0x4c, 0xdb, 0x0f, 0xcc,
    0x6f, 0xc4, 0x4f, 0xc4, 0x4f, 0xc4, 0x2f, 0xc4, 0x2e, 0xc4, 0x0e, 0xbc,
    0x2e, 0xbc, 0x6f, 0xc4, 0x90, 0xcc, 0xaf, 0xcc, 0x2e, 0xcc, 0x4c, 0xdb,
    0xaa, 0xea, 0x04, 0xd9, 0xbd, 0xff, 0xbd, 0xff, 0xbd, 0xff, 0x9e, 0xff,
    0xd2, 0xec, 0x64, 0xe1, 0x99, 0xfe, 0xbf, 0xff, 0xce, 0xd3, 0x9e, 0xff,
    0x57, 0xf6, 0xe3, 0xe0, 0x04, 0xd1, 0x9d, 0xff, 0x5d, 0xf7, 0x86, 0xe9,
    0x81, 0xf0, 0x82, 0xf0, 0x82, 0xf0, 0xa2, 0xf0, 0xa2, 0xf0, 0xa2, 0xf0,
    0xa2, 0xe8, 0xa2, 0xf0, 0xa2, 0xf0, 0x82, 0xe8, 0x82, 0xf0, 0xa2, 0xf0,
    0x82, 0xf0, 0xa1, 0xe8, 0xa2, 0xf0, 0x82, 0xf0, 0xa1, 0xf0, 0xa2, 0xf0,
    0x82, 0xf0, 0xa1, 0xf0, 0xa2, 0xf0, 0xa2, 0xf0, 0x82, 0xf0, 0x82, 0xf0,
    0xa1, 0xe8, 0x81, 0xf0, 0xa2, 0xf0, 0xa1, 0xf0, 0x81, 0xe8, 0xa2, 0xe8,
    0xa2, 0xf0, 0xa2, 0xf0, 0xa2, 0xf0, 0xa1, 0xf0, 0xa2, 0xe8, 0xa2, 0xf0,
    0x82, 0xf0, 0xa2, 0xf0, 0xa1, 0xf0, 0xa2, 0xf0, 0xa2, 0xf0, 0xa2, 0xf0,
    0xa2, 0xe8, 0x82, 0xf0, 0xa2, 0xf0, 0xa2, 0xf0, 0x82, 0xe8, 0x82, 0xe8,
    0x82, 0xf0, 0x81, 0xf0, 0x82, 0xf0, 0x82, 0xf0, 0x82, 0xf0, 0x82, 0xf0,
    0xa2, 0xf0, 0x82, 0xe8, 0x82, 0xf0, 0xa2, 0xf0, 0x81, 0xe8, 0x82, 0xf0,
    0xa2, 0xe8, 0xa2, 0xf0, 0xa2, 0xf0, 0xa2, 0xf0, 0xa2, 0xe8, 0xa2, 0xf0,
    0x82, 0xf0, 0xa1, 0xf0, 0xa2, 0xe8, 0x82, 0xf0, 0xa1, 0xf0, 0x81, 0xe8,
    0xa2, 0xf0, 0x82, 0xf0, 0xa2, 0xe8, 0xa2, 0xf0, 0xa2, 0xf0, 0xa2, 0xf0,
    0x81, 0xe8, 0x82, 0xf0, 0xa2, 0xf0, 0x82, 0xe8, 0xa2, 0xf0, 0xa2, 0xf0,
    0xa2, 0xe8, 0xa1, 0xe8, 0xa2, 0xf0, 0xa1, 0xf0, 0x82, 0xe8, 0x81, 0xe8,
    0xa1, 0xf0, 0xa2, 0xe8, 0x82, 0xe8, 0xa1, 0xf0, 0xa2, 0xf0, 0xa2, 0xe8,
    0x82, 0xf0, 0x82, 0xf0, 0xa2, 0xe8, 0xa2, 0xf0, 0xa2, 0xe8, 0xa2, 0xe8,
    0xa1, 0xf0, 0xa2, 0xf0, 0xa2, 0xf0, 0x81, 0xe8, 0xa2, 0xf0, 0x82, 0xe8,
    0xa2, 0xf0, 0xa1, 0xf0, 0x81, 0xe8, 0xa2, 0xf0, 0xa1, 0xf0, 0xa2, 0xe8,
    0xa2, 0xe8, 0xa2, 0xf0, 0xa2, 0xf0, 0xa2, 0xe8, 0x82, 0xf0, 0xa2, 0xf0,
    0x82, 0xe8, 0x81, 0xe8, 0x82, 0xe8, 0xa2, 0xe8, 0xa2, 0xf0, 0xa2, 0xf0,
    0xa2, 0xe8, 0xa2, 0xf0, 0x81, 0xe8, 0xa2, 0xe8, 0xa2, 0xf0, 0x82, 0xf0,
    0xa1, 0xe8, 0x82, 0xe8, 0xa2, 0xf0, 0xa2, 0xf0, 0x81, 0xe8, 0xa2, 0xe8,
    0xa2, 0xf0, 0xa2, 0xe8, 0xa2, 0xe8, 0xa1, 0xf0, 0xa2, 0xf0, 0xa1, 0xf0,
    0xa1, 0xf0, 0xa1, 0xf0, 0xa2, 0xf0, 0xa1, 0xe8, 0xa2, 0xf0, 0xa2, 0xf0,
    0xa1, 0xf0, 0xa2, 0xe8, 0xa2, 0xf0, 0xa2, 0xf0, 0xa1, 0xe8, 0x82, 0xf0,
    0xa1, 0xe8, 0xa2, 0xf0, 0xa2, 0xf0, 0x82, 0xe8, 0xa2, 0xf0, 0xa2, 0xf0,
    0x82, 0xe8, 0x82, 0xe8, 0xa2, 0xf0, 0xa2, 0xf0, 0xa2, 0xf0, 0xa2, 0xf0,
    0xa2, 0xf0, 0xa2, 0xf0, 0xa2, 0xf0, 0xa1, 0xf0, 0xa2, 0xf0, 0xa1, 0xf0,
    0xa1, 0xe8, 0xa2, 0xe8, 0xa2, 0xf0, 0xa1, 0xf0, 0x81, 0xe8, 0xa2, 0xe8,
    0xa2, 0xf0, 0x82, 0xe8, 0xa2, 0xf0, 0xa2, 0xf0, 0xa2, 0xe8, 0xa1, 0xf0,
    0xa1, 0xf0, 0xa2, 0xe8, 0xa2, 0xf0, 0xa2, 0xf0, 0xa2, 0xf0, 0xa2, 0xf0,
    0x81, 0xf0, 0x82, 0xe8, 0x82, 0xf0, 0xa1, 0xf0, 0xa2, 0xf0, 0xa2, 0xf0,
    0xa1, 0xf0, 0xa2, 0xf0, 0xa2, 0xf0, 0xa2, 0xf0, 0xa2, 0xf0, 0xa1, 0xf0,
    0xa1, 0xe8, 0xa2, 0xf0, 0xa2, 0xf0, 0xa1, 0xe8, 0xa2, 0xf0, 0x82, 0xf0,
    0xa1, 0xf0, 0x82, 0xe8, 0x81, 0xf0, 0x81, 0xe8, 0x82, 0xf0, 0x82, 0xe8,
    0xa2, 0xe8, 0xa1, 0xf0, 0xa2, 0xf0, 0xa2, 0xf0, 0xa2, 0xf0, 0x81, 0xf0,
    0xa2, 0xe8, 0xa2, 0xe8, 0x82, 0xf0, 0xa2, 0xe8, 0x81, 0xf0, 0x82, 0xf0,
    0x82, 0xe8, 0x81, 0xe8, 0xa2, 0xf0, 0xa2, 0xe8, 0xa2, 0xf0, 0xa2, 0xf0,
    0xa2, 0xe8, 0xa1, 0xf0, 0xa1, 0xf0, 0xa2, 0xf0, 0x82, 0xe8, 0xa2, 0xf0,
    0xa2, 0xe8, 0xa1, 0xf0, 0xa2, 0xf0, 0xa2, 0xf0, 0xa2, 0xf0, 0x81, 0xe8,
    0xa2, 0xe8, 0xa2, 0xf0, 0xa2, 0xf0, 0xa2, 0xf0, 0xa2, 0xf0, 0xa1, 0xf0,
    0xa2, 0xf0, 0xa2, 0xf0, 0xa1, 0xf0, 0xa2, 0xf0, 0xa2, 0xf0, 0xa1, 0xf0,
    0xa1, 0xf0, 0xa2, 0xf0, 0xa2, 0xf0, 0xa2, 0xf0, 0xa2, 0xf0, 0xa2, 0xf0,
    0x82, 0xe8, 0xa2, 0xf0, 0xa2, 0xe8, 0x81, 0xf0, 0x82, 0xf0, 0xa2, 0xf0,
    0xa1, 0xe8, 0xa1, 0xf0, 0xa2, 0xf0, 0xa2, 0xf0, 0xa2, 0xf0, 0xa2, 0xf0,
    0xa2, 0xe8, 0xa2, 0xf0, 0xa2, 0xf0, 0xa2, 0xf0, 0xa1, 0xe8, 0xa2, 0xf0,
    0xc2, 0xf0, 0xa2, 0xe8, 0xa2, 0xf0, 0xa2, 0xf0, 0xa2, 0xf0, 0xa1, 0xe8,
    0xc3, 0xe0, 0x37, 0xfe, 0x3b, 0xff, 0x3b, 0xff, 0x5b, 0xff, 0x5b, 0xff,
    0x5b, 0xff, 0x5c, 0xff, 0x5c, 0xff, 0x5b, 0xff, 0x5b, 0xff, 0x5c, 0xff,
    0x94, 0xed, 0xe2, 0xe0, 0xa2, 0xe8, 0xa2, 0xe8, 0x78, 0xfe, 0xcf, 0xdb,
    0x9a, 0xee, 0x9e, 0xff, 0x8d, 0xeb, 0xe3, 0xe8, 0x9a, 0xfe, 0xdf, 0xff,
    0x6e, 0xe3, 0x58, 0xf6, 0xbd, 0xff, 0x48, 0xe2, 0x8e, 0xe3, 0xbe, 0xff,
    0x79, 0xf6, 0xa2, 0xe0, 0x81, 0xf0, 0x82, 0xf0, 0xa1, 0xf0, 0x81, 0xf0,
    0xa2, 0xf0, 0xa1, 0xf0, 0x81, 0xe8, 0x82, 0xf0, 0xa2, 0xf0, 0xa2, 0xe8,
    0x82, 0xf0, 0x81, 0xe8, 0xa2, 0xf0, 0xa1, 0xe8, 0xa2, 0xf0, 0x82, 0xf0,
    0xa1, 0xf0, 0xa2, 0xf0, 0xa1, 0xf0, 0x82, 0xf0, 0x82, 0xf0, 0xa1, 0xf0,
    0xa1, 0xf0, 0xa2, 0xf0, 0xa2, 0xf0, 0xa1, 0xf0, 0x82, 0xf0, 0xa2, 0xf0,
    0x82, 0xf0, 0xa2, 0xf0, 0xa2, 0xf0, 0xa1, 0xf0, 0xa2, 0xf0, 0xa2, 0xe8,
    0xa1, 0xf0, 0xa2, 0xf0, 0xa2, 0xf0, 0xa2, 0xe8, 0xa2, 0xe8, 0x82, 0xf0,
    0xa2, 0xf0, 0xa1, 0xe8, 0xa2, 0xf0, 0x82, 0xf0, 0x82, 0xe8, 0xa2, 0xf0,
    0xa1, 0xf0, 0xa2, 0xe8, 0x82, 0xe8, 0x81, 0xf0, 0xa1, 0xf0, 0xa2, 0xf0,
    0x82, 0xf0, 0xa2, 0xf0, 0xa1, 0xe8, 0xa2, 0xf0, 0xa2, 0xf0, 0xa2, 0xe8,
    0xa2, 0xf0, 0xa2, 0xf0, 0xa2, 0xf0, 0x81, 0xe8, 0xa2, 0xf0, 0xa2, 0xf0,
    0xa1, 0xe8, 0xa2, 0xf0, 0xa2, 0xf0, 0xa1, 0xf0, 0xa2, 0xf0, 0xa2, 0xf0,
    0x82, 0xf0, 0xa2, 0xf0, 0x82, 0xe8, 0x81, 0xe8, 0xa2, 0xe8, 0xa2, 0xf0,
    0xa2, 0xf0, 0xa2, 0xe8, 0x81, 0xe8, 0x81, 0xe8, 0xa2, 0xf0, 0xa2, 0xf0,
    0xa2, 0xe8, 0xa2, 0xf0, 0x82, 0xf0, 0xa2, 0xf0, 0xa2, 0xe8, 0xa2, 0xf0,
    0x81, 0xe8, 0xa1, 0xf0, 0x82, 0xf0, 0xa2, 0xf0, 0xa2, 0xe8, 0xa2, 0xf0,
    0xa2, 0xf0, 0xa2, 0xe8, 0xa2, 0xf0, 0xa2, 0xf0, 0xa1, 0xe8, 0x81, 0xf0,
    0xa2, 0xf0, 0xa2, 0xf0, 0x82, 0xe8, 0xa2, 0xe8, 0xa1, 0xf0, 0xa2, 0xf0,
    0xa2, 0xf0, 0xa2, 0xe8, 0x82, 0xf0, 0xa1, 0xe8, 0x81, 0xe8, 0x82, 0xf0,
    0xa2, 0xf0, 0x81, 0xf0, 0xa2, 0xe8, 0xa2, 0xf0, 0xa2, 0xf0, 0xa2, 0xe8,
    0xa2, 0xe8, 0xa2, 0xf0, 0xa2, 0xf0, 0xa2, 0xe8, 0xa2, 0xf0, 0x82, 0xf0,
    0xa2, 0xe8, 0x82, 0xe8, 0xa2, 0xf0, 0xa2, 0xf0, 0x82, 0xe8, 0xa2, 0xf0,
    0xa2, 0xf0, 0xa2, 0xe8, 0x82, 0xe8, 0xa1, 0xf0, 0xa2, 0xf0, 0xa2, 0xe8,
    0xa2, 0xf0, 0xa2, 0xf0, 0x82, 0xf0, 0xa2, 0xf0, 0xa2, 0xf0, 0xa2, 0xe8,
    0xa2, 0xf0, 0x81, 0xf0, 0x81, 0xf0, 0x81, 0xf0, 0xa2, 0xe8, 0x82, 0xe8,
    0xa1, 0xf0, 0xa2, 0xf0, 0x81, 0xe8, 0xa2, 0xf0, 0xa2, 0xe8, 0xa2, 0xe8,
    0xa2, 0xf0, 0x82, 0xe8, 0xa2, 0xe8, 0xa1, 0xe8, 0xa2, 0xf0, 0xa2, 0xf0,
    0x81, 0xe8, 0x81, 0xf0, 0xa2, 0xe8, 0xa2, 0xf0, 0xa2, 0xf0, 0xa2, 0xe8,
    0xa2, 0xf0, 0xa1, 0xf0, 0x82, 0xf0, 0xa2, 0xf0, 0xa2, 0xf0, 0xa2, 0xf0,
    0xa2, 0xf0, 0xa2, 0xf0, 0xa1, 0xf0, 0xa2, 0xe8, 0xa1, 0xf0, 0xa2, 0xf0,
    0xa2, 0xe8, 0xa1, 0xe8, 0x82, 0xf0, 0x81, 0xe8, 0x81, 0xe8, 0xa2, 0xf0,
    0x82, 0xf0, 0xa2, 0xe8, 0xa1, 0xf0, 0x82, 0xe8, 0xa2, 0xf0, 0xa1, 0xe8,
    0x82, 0xf0, 0xa2, 0xe8, 0xa2, 0xe8, 0x82, 0xf0, 0xa2, 0xe8, 0xa2, 0xf0,
    0xa1, 0xf0, 0x82, 0xf0, 0xa2, 0xf0, 0xa1, 0xe8, 0xa2, 0xf0, 0xa2, 0xf0,
    0xa2, 0xf0, 0xa2, 0xe8, 0xa1, 0xf0, 0xa1, 0xf0, 0xa2, 0xf0, 0xa2, 0xf0,
    0xa2, 0xf0, 0xa2, 0xf0, 0xa2, 0xf0, 0xa2, 0xe8, 0xa2, 0xe8, 0xa2, 0xf0,
    0xa2, 0xf0, 0x82, 0xe8, 0xa2, 0xf0, 0xa2, 0xf0, 0xa2, 0xf0, 0xa2, 0xf0,
    0xa2, 0xf0, 0x82, 0xf0, 0xa1, 0xe8, 0x82, 0xf0, 0xa2, 0xe8, 0xa1, 0xe8,
    0xa2, 0xe8, 0xa2, 0xf0, 0xa2, 0xe8, 0x81, 0xe8, 0x82, 0xf0, 0x82, 0xe8,
    0xa2, 0xf0, 0xa2, 0xf0, 0x82, 0xe8, 0xa2, 0xf0, 0xa1, 0xf0, 0x82, 0xe8,
    0xa2, 0xf0, 0xa2, 0xf0, 0x82, 0xe8, 0xa1, 0xf0, 0xa2, 0xf0, 0xa2, 0xf0,
    0xa1, 0xf0, 0xa2, 0xe8, 0xa2, 0xf0, 0xa2, 0xf0, 0xa2, 0xf0, 0xa2, 0xf0,
    0xa2, 0xf0, 0xa2, 0xf0, 0xa2, 0xf0, 0xa2, 0xf0, 0x81, 0xf0, 0x82, 0xf0,
    0xa2, 0xf0, 0xa1, 0xf0, 0x82, 0xe8, 0xa2, 0xf0, 0xa2, 0xe8, 0xa2, 0xf0,
    0xa2, 0xe8, 0x82, 0xe8, 0xa2, 0xf0, 0xa2, 0xf0, 0xa1, 0xe8, 0xa2, 0xf0,
    0x82, 0xf0, 0xa2, 0xf0, 0xa2, 0xf0, 0xa2, 0xf0, 0xa2, 0xf0, 0xa2, 0xf0,
    0xc2, 0xf0, 0xc2, 0xf0, 0xa1, 0xf0, 0xa2, 0xf0, 0xa2, 0xf0, 0xa2, 0xf0,
    0xa2, 0xf0, 0xa2, 0xf0, 0xa2, 0xf0, 0xc1, 0xf0, 0xa2, 0xf0, 0xa2, 0xf0,
    0xa2, 0xf0, 0xa1, 0xe8, 0xc2, 0xe0, 0xad, 0xdb, 0x70, 0xd4, 0x90, 0xd4,
    0x6f, 0xd4, 0x4f, 0xd4, 0x6f, 0xd4, 0x6f, 0xd4, 0x70, 0xd4, 0x90, 0xd4,
    0xb0, 0xd4, 0xb0, 0xd4, 0x8c, 0xdb, 0xc2, 0xe8, 0xa2, 0xe8, 0xa2, 0xf0,
    0xc3, 0xe0, 0xe4, 0xd8, 0x7a, 0xf6, 0xbe, 0xff, 0xad, 0xf3, 0xe3, 0xe8,
    0x79, 0xfe, 0xbf, 0xf7, 0x8e, 0xe3, 0xeb, 0xd2, 0x9e, 0xff, 0x37, 0xf6,
    0x16, 0xee, 0xbe, 0xff, 0xae, 0xe3, 0x81, 0xf0, 0x81, 0xf0, 0x82, 0xf0,
    0xa2, 0xf0, 0x81, 0xf0, 0xa2, 0xf0, 0xa2, 0xf0, 0xa1, 0xe8, 0x82, 0xe8,
    0xa2, 0xf0, 0xa1, 0xe8, 0x82, 0xf0, 0xa2, 0xe8, 0x82, 0xe8, 0xa1, 0xf0,
    0xa2, 0xf0, 0xa2, 0xe8, 0xa2, 0xf0, 0x82, 0xf0, 0xa1, 0xe8, 0x82, 0xe8,
    0x82, 0xf0, 0xa2, 0xf0, 0x81, 0xf0, 0xa2, 0xf0, 0xa2, 0xf0, 0xa1, 0xf0,
    0xa2, 0xf0, 0xa2, 0xf0, 0xa2, 0xf0, 0xa2, 0xe8, 0xa2, 0xf0, 0xa1, 0xf0,
    0xa2, 0xe8, 0xa2, 0xe8, 0xa2, 0xf0, 0xa2, 0xf0, 0xa2, 0xf0, 0xa1, 0xe8,
    0xa2, 0xf0, 0xa2, 0xe8, 0x82, 0xe8, 0xa2, 0xf0, 0xa2, 0xf0, 0xa2, 0xe8,
    0x81, 0xe8, 0x82, 0xe8, 0xa2, 0xf0, 0xa1, 0xf0, 0x82, 0xe8, 0x81, 0xf0,
    0x81, 0xf0, 0x82, 0xe8, 0xa2, 0xf0, 0xa2, 0xe8, 0xa2, 0xf0, 0xa2, 0xf0,
    0xa2, 0xe8, 0x82, 0xf0, 0xa2, 0xe8, 0xa2, 0xf0, 0xa2, 0xe8, 0xa2, 0xe8,
    0x82, 0xf0, 0x82, 0xe8, 0xa2, 0xf0, 0x82, 0xe8, 0xa2, 0xe8, 0xa1, 0xf0,
    0xa2, 0xf0, 0xa1, 0xe8, 0xa2, 0xf0, 0xa2, 0xf0, 0xa2, 0xf0, 0xa1, 0xe8,
    0xa2, 0xf0, 0xa2, 0xe8, 0xa2, 0xf0, 0xa2, 0xf0, 0x82, 0xe8, 0xa2, 0xf0,
    0x82, 0xe8, 0xa2, 0xf0, 0xa1, 0xe8, 0xa2, 0xf0, 0xa2, 0xf0, 0x82, 0xe8,
    0x81, 0xe8, 0xa2, 0xf0, 0x82, 0xf0, 0xa1, 0xe8, 0xa2, 0xf0, 0xa2, 0xf0,
    0xa2, 0xe8, 0x82, 0xe8, 0x82, 0xf0, 0xa1, 0xf0, 0xa2, 0xe8, 0xa2, 0xf0,
    0xa2, 0xf0, 0xa1, 0xe8, 0x82, 0xf0, 0xa2, 0xf0, 0xa2, 0xf0, 0x82, 0xe8,
    0x81, 0xf0, 0xa2, 0xf0, 0xa2, 0xf0, 0xa1, 0xf0, 0xa2, 0xf0, 0xa2, 0xf0,
    0xa2, 0xf0, 0xa2, 0xf0, 0xa2, 0xf0, 0xa1, 0xf0, 0x82, 0xe8, 0xa2, 0xf0,
    0x82, 0xf0, 0x81, 0xe8, 0xa2, 0xf0, 0xa2, 0xf0, 0xa1, 0xe8, 0xa2, 0xf0,
    0xa2, 0xf0, 0xa2, 0xf0, 0xa1, 0xf0, 0xa2, 0xe8, 0xa2, 0xf0, 0xa2, 0xf0,
    0xa2, 0xf0, 0xa2, 0xe8, 0x81, 0xe8, 0x82, 0xf0, 0xa2, 0xf0, 0x82, 0xe8,
    0x81, 0xe8, 0x82, 0xe8, 0x82, 0xf0, 0xa2, 0xf0, 0xa2, 0xe8, 0x82, 0xf0,
    0xa2, 0xf0, 0x82, 0xf0, 0xa2, 0xf0, 0x81, 0xe8, 0x81, 0xf0, 0xa2, 0xf0,
    0x82, 0xf0, 0x82, 0xf0, 0xa2, 0xe8, 0xa2, 0xe8, 0x82, 0xf0, 0xa2, 0xf0,
    0xa2, 0xe8, 0xa1, 0xe8, 0xa2, 0xe8, 0xa2, 0xe8, 0xa2, 0xf0, 0x82, 0xf0,
    0xa2, 0xf0, 0xa2, 0xe8, 0xa2, 0xf0, 0x82, 0xe8, 0xa2, 0xf0, 0xa2, 0xf0,
    0xa2, 0xf0, 0xa2, 0xf0, 0xa2, 0xf0, 0xa1, 0xf0, 0xa2, 0xf0, 0xa2, 0xf0,
    0xa2, 0xf0, 0xa2, 0xf0, 0xa2, 0xf0, 0xa2, 0xf0, 0x82, 0xf0, 0xa1, 0xe8,
    0xa2, 0xf0, 0x82, 0xf0, 0xa2, 0xf0, 0x81, 0xe8, 0xa2, 0xf0, 0xa2, 0xe8,
    0x82, 0xe8, 0x82, 0xf0, 0xa2, 0xf0, 0xa2, 0xf0, 0x82, 0xf0, 0x82, 0xe8,
    0xa2, 0xf0, 0xa2, 0xf0, 0x82, 0xe8, 0xa2, 0xf0, 0xa2, 0xf0, 0xa2, 0xf0,
    0xa2, 0xf0, 0xa2, 0xe8, 0x81, 0xf0, 0x82, 0xf0, 0xa2, 0xe8, 0xa2, 0xf0,
    0xa1, 0xe8, 0xa2, 0xe8, 0x82, 0xf0, 0xa2, 0xe8, 0xa2, 0xf0, 0xa2, 0xe8,
    0x82, 0xe8, 0xa2, 0xf0, 0xa2, 0xe8, 0xa2, 0xe8, 0xa1, 0xe8, 0xa2, 0xf0,
    0xa2, 0xe8, 0xa2, 0xf0, 0xa2, 0xf0, 0xa2, 0xe8, 0xa2, 0xf0, 0x81, 0xf0,
    0xa2, 0xe8, 0xa2, 0xf0, 0xa2, 0xf0, 0xa2, 0xf0, 0x81, 0xf0, 0x81, 0xe8,
    0x82, 0xf0, 0x82, 0xf0, 0xa2, 0xf0, 0xa2, 0xf0, 0xa2, 0xf0, 0xa2, 0xf0,
    0x81, 0xe8, 0xa2, 0xe8, 0xa2, 0xf0, 0x82, 0xf0, 0xa2, 0xe8, 0xa2, 0xf0,
    0xa1, 0xf0, 0xa2, 0xf0, 0xa2, 0xf0, 0xa2, 0xf0, 0xa1, 0xf0, 0xa2, 0xf0,
    0xa2, 0xf0, 0xa2, 0xf0, 0x81, 0xf0, 0xa2, 0xe8, 0xa2, 0xf0, 0xa1, 0xf0,
    0xa2, 0xf0, 0xa2, 0xf0, 0xa2, 0xf0, 0xa2, 0xf0, 0xa2, 0xf0, 0xa2, 0xf0,
    0xa2, 0xf0, 0x81, 0xf0, 0xa2, 0xf0, 0xa2, 0xf0, 0xa1, 0xf0, 0xa2, 0xf0,
    0xa2, 0xf0, 0xa2, 0xf0, 0xa2, 0xf0, 0xa1, 0xe8, 0xa2, 0xf0, 0xa2, 0xf0,
    0xa1, 0xf0, 0xa2, 0xf0, 0xa2, 0xf0, 0xa2, 0xf0, 0xa2, 0xf0, 0xa2, 0xf0,
    0xa2, 0xf0, 0xa2, 0xf0, 0xc2, 0xf0, 0xc2, 0xf0, 0xc2, 0xf0, 0xc2, 0xf0,
    0xa1, 0xe8, 0xa2, 0xe8, 0xc2, 0xf0, 0xa2, 0xf0, 0xa1, 0xe8, 0xa2, 0xf0,
    0xa2, 0xf0, 0xa1, 0xf0, 0xa2, 0xf0, 0xa2, 0xf0, 0xe4, 0xe8, 0xf7, 0xed,
    0xda, 0xfe, 0x1b, 0xff, 0x3b, 0xff, 0x3b, 0xff, 0x3c, 0xff, 0x3b, 0xff,
    0x3b, 0xff, 0x3b, 0xff, 0x3b, 0xff, 0x3b, 0xff, 0x17, 0xfe, 0xe3, 0xe8,
    0xa1, 0xf0, 0xa2, 0xe8, 0xa2, 0xe8, 0xc3, 0xd8, 0x79, 0xf6, 0xbe, 0xff,
    0x8d, 0xeb, 0xc3, 0xe8, 0x79, 0xfe, 0xbe, 0xff, 0x8e, 0xeb, 0x85, 0xd9,
    0x1b, 0xff, 0xbe, 0xff, 0xde, 0xff, 0xfa, 0xf6, 0x44, 0xe1, 0x81, 0xf0,
    0x81, 0xf0, 0xa2, 0xf0, 0xa2, 0xf0, 0xa2, 0xf0, 0xa2, 0xf0, 0xa2, 0xf0,
    0xa1, 0xf0, 0xa2, 0xf0, 0xa2, 0xf0, 0x82, 0xe8, 0xa1, 0xf0, 0x82, 0xf0,
    0x82, 0xf0, 0xa1, 0xf0, 0x82, 0xe8, 0xa2, 0xf0, 0xa2, 0xf0, 0x81, 0xf0,
    0xa2, 0xe8, 0xa2, 0xf0, 0xa2, 0xf0, 0xa2, 0xf0, 0xa2, 0xf0, 0xa2, 0xf0,
    0xa2, 0xf0, 0xa2, 0xf0, 0xa1, 0xe8, 0xa1, 0xf0, 0xa2, 0xf0, 0xa2, 0xe8,
    0xa2, 0xf0, 0xa2, 0xf0, 0xa2, 0xf0, 0xa2, 0xf0, 0xa2, 0xf0, 0xa2, 0xf0,
    0xa2, 0xf0, 0xa2, 0xf0, 0xa1, 0xf0, 0xa2, 0xf0, 0xa2, 0xe8, 0xa2, 0xf0,
    0xa2, 0xf0, 0xa2, 0xf0, 0xa2, 0xf0, 0xa2, 0xf0, 0x82, 0xe8, 0x81, 0xe8,
    0xa2, 0xf0, 0xa2, 0xf0, 0xa2, 0xf0, 0xa2, 0xf0, 0x81, 0xf0, 0xa2, 0xe8,
    0xa2, 0xf0, 0x82, 0xe8, 0xa1, 0xf0, 0xa1, 0xf0, 0x82, 0xe8, 0xa2, 0xf0,
    0xa2, 0xf0, 0xa2, 0xf0, 0xa2, 0xf0, 0xa2, 0xf0, 0xa2, 0xf0, 0xa2, 0xf0,
    0xa2, 0xf0, 0xa2, 0xf0, 0x82, 0xf0, 0xa2, 0xf0, 0xa1, 0xf0, 0xa1, 0xf0,
    0xa2, 0xf0, 0xa2, 0xf0, 0xa2, 0xf0, 0x82, 0xe8, 0xa2, 0xf0, 0xa2, 0xf0,
    0xa2, 0xe8, 0xa2, 0xf0, 0xa2, 0xe8, 0xa2, 0xf0, 0x82, 0xf0, 0xa2, 0xe8,
    0xa2, 0xf0, 0x81, 0xe8, 0xa2, 0xf0, 0xa2, 0xf0, 0xa1, 0xf0, 0xa2, 0xf0,
    0xa2, 0xe8, 0x81, 0xf0, 0xa2, 0xf0, 0xa1, 0xf0, 0xa2, 0xe8, 0x82, 0xf0,
    0xa2, 0xe8, 0x82, 0xf0, 0xa2, 0xf0, 0xa2, 0xf0, 0xa2, 0xf0, 0xa2, 0xf0,
    0xa2, 0xf0, 0xa2, 0xe8, 0xa1, 0xf0, 0xa2, 0xf0, 0xa2, 0xf0, 0xa2, 0xf0,
    0xa2, 0xf0, 0xa2, 0xf0, 0xa2, 0xf0, 0xa2, 0xf0, 0xa2, 0xe8, 0xa2, 0xf0,
    0xa2, 0xf0, 0xa2, 0xe8, 0xa2, 0xe8, 0xa2, 0xf0, 0xa2, 0xe8, 0x81, 0xf0,
    0xa2, 0xf0, 0xa2, 0xf0, 0x82, 0xe8, 0xa1, 0xe8, 0xa2, 0xf0, 0x82, 0xf0,
    0xa2, 0xe8, 0x81, 0xf0, 0x82, 0xe8, 0x82, 0xe8, 0xa1, 0xf0, 0xa2, 0xf0,
    0x82, 0xe8, 0xa2, 0xf0, 0xa2, 0xf0, 0x81, 0xe8, 0x82, 0xf0, 0xa2, 0xe8,
    0xa1, 0xe8, 0xa2, 0xf0, 0xa2, 0xf0, 0xa2, 0xf0, 0xa2, 0xf0, 0x81, 0xf0,
    0xa1, 0xf0, 0xa2, 0xf0, 0xa2, 0xf0, 0xa2, 0xe8, 0xa2, 0xf0, 0xa2, 0xf0,
    0xa2, 0xf0, 0x82, 0xf0, 0xa2, 0xf0, 0x82, 0xf0, 0xa1, 0xe8, 0xa2, 0xe8,
    0x82, 0xf0, 0xa2, 0xf0, 0xa2, 0xe8, 0xa2, 0xf0, 0xa2, 0xf0, 0x82, 0xe8,
    0x81, 0xe8, 0xa2, 0xf0, 0xa2, 0xf0, 0xa2, 0xe8, 0xa2, 0xf0, 0xa2, 0xf0,
    0xa1, 0xf0, 0xa2, 0xf0, 0xa2, 0xf0, 0xa2, 0xf0, 0xa2, 0xf0, 0xa1, 0xf0,
    0xa2, 0xf0, 0xa2, 0xe8, 0xa1, 0xe8, 0xa2, 0xf0, 0x81, 0xf0, 0xa2, 0xf0,
    0x82, 0xe8, 0xa2, 0xf0, 0xa2, 0xf0, 0x81, 0xe8, 0xa2, 0xe8, 0xa2, 0xf0,
    0x81, 0xe8, 0xa2, 0xe8, 0x82, 0xf0, 0xa2, 0xf0, 0xa2, 0xe8, 0x81, 0xe8,
    0x81, 0xf0, 0xa2, 0xe8, 0x82, 0xf0, 0xa1, 0xe8, 0x81, 0xf0, 0xa2, 0xf0,
    0xa2, 0xe8, 0x82, 0xf0, 0xa2, 0xf0, 0xa2, 0xf0, 0xa2, 0xe8, 0xa1, 0xf0,
    0xa2, 0xf0, 0xa2, 0xe8, 0xa2, 0xf0, 0xc1, 0xe8, 0xa2, 0xe8, 0xa2, 0xe8,
    0xa2, 0xf0, 0xa1, 0xe8, 0xa2, 0xe8, 0xa2, 0xe8, 0xa2, 0xf0, 0xa2, 0xe8,
    0xa2, 0xe8, 0xa2, 0xf0, 0xa2, 0xe8, 0x81, 0xe8, 0xa2, 0xe8, 0xa1, 0xf0,
    0xa2, 0xf0, 0xa2, 0xf0, 0xa1, 0xe8, 0xa2, 0xf0, 0x82, 0xe8, 0xa1, 0xe8,
    0xa1, 0xf0, 0xa2, 0xf0, 0x82, 0xe8, 0xa1, 0xf0, 0xa2, 0xf0, 0x81, 0xe8,
    0xa1, 0xf0, 0xa1, 0xe8, 0xa2, 0xf0, 0xa2, 0xf0, 0x82, 0xf0, 0xa1, 0xf0,
    0xa2, 0xf0, 0xa2, 0xf0, 0xa2, 0xf0, 0xa2, 0xf0, 0x81, 0xe8, 0xa1, 0xf0,
    0xa2, 0xf0, 0xa2, 0xf0, 0xa1, 0xf0, 0xa2, 0xf0, 0xa1, 0xf0, 0xa2, 0xf0,
    0xa2, 0xf0, 0xa2, 0xf0, 0xa2, 0xf0, 0xa1, 0xf0, 0xa2, 0xf0, 0xa2, 0xf0,
    0xa1, 0xf0, 0xa2, 0xf0, 0xa2, 0xf0, 0xa1, 0xf0, 0xa1, 0xf0, 0xa1, 0xf0,
    0xa2, 0xf0, 0xa2, 0xf0, 0xa2, 0xf0, 0xa2, 0xf0, 0xa1, 0xf0, 0xa2, 0xf0,
    0xa1, 0xf0, 0xc2, 0xf0, 0xa2, 0xf0, 0xa1, 0xf0, 0xa2, 0xe8, 0xa2, 0xf0,
    0xa2, 0xf0, 0xa2, 0xe8, 0xa1, 0xf0, 0xc2, 0xf0, 0xc2, 0xf0, 0xa2, 0xf0,
    0xa2, 0xe8, 0xc2, 0xf0, 0xa2, 0xf0, 0xa1, 0xf0, 0xc2, 0xe8, 0xc2, 0xe8,
    0xc3, 0xe8, 0x88, 0xba, 0xa9, 0xaa, 0xa8, 0xaa, 0x88, 0xaa, 0x88, 0xaa,
    0xa8, 0xaa, 0xa8, 0xaa, 0x88, 0xaa, 0x67, 0xa2, 0x67, 0xa2, 0x87, 0x9a,
    0xe5, 0xa1, 0xc3, 0xe8, 0xa2, 0xf0, 0xa2, 0xf0, 0xa2, 0xe8, 0xa3, 0xe0,
    0x79, 0xf6, 0xbe, 0xff, 0x6d, 0xeb, 0xc3, 0xe8, 0x79, 0xfe, 0xde, 0xff,
    0xae, 0xf3, 0x04, 0xe1, 0x0f, 0xcc, 0xbe, 0xff, 0xde, 0xff, 0x13, 0xed,
    0xe2, 0xf0, 0xa1, 0xf0, 0x82, 0xf0, 0x82, 0xf0, 0xa2, 0xf0, 0xa1, 0xf0,
    0xa2, 0xf0, 0xa2, 0xf0, 0xa2, 0xf0, 0xa2, 0xf0, 0xa2, 0xe8, 0x82, 0xe8,
    0xa2, 0xe8, 0xa2, 0xf0, 0xa2, 0xe8, 0x82, 0xe8, 0x81, 0xf0, 0xa1, 0xf0,
    0xa2, 0xf0, 0x81, 0xf0, 0xa2, 0xe8, 0xa2, 0xf0, 0x81, 0xe8, 0x82, 0xe8,
    0xa2, 0xf0, 0xa1, 0xf0, 0xa2, 0xf0, 0xa2, 0xf0, 0xa2, 0xe8, 0xa2, 0xf0,
    0xa2, 0xf0, 0xa1, 0xf0, 0xa2, 0xe8, 0xc2, 0xf0, 0xa1, 0xf0, 0xa2, 0xe8,
    0xa1, 0xf0, 0xa2, 0xf0, 0xa2, 0xe8, 0xa2, 0xf0, 0xa1, 0xe8, 0xa1, 0xf0,
    0xa2, 0xf0, 0x82, 0xe8, 0xa2, 0xe8, 0xa2, 0xf0, 0xa2, 0xf0, 0xa2, 0xe8,
    0x81, 0xe8, 0xa1, 0xf0, 0x81, 0xe8, 0x82, 0xe8, 0xa2, 0xf0, 0xa1, 0xf0,
    0xa1, 0xf0, 0xa1, 0xe8, 0xa2, 0xf0, 0x82, 0xf0, 0xa2, 0xe8, 0xa1, 0xf0,
    0xa1, 0xf0, 0xa1, 0xf0, 0xa1, 0xf0, 0xa1, 0xe8, 0xa1, 0xf0, 0xa1, 0xf0,
    0xa1, 0xe8, 0xa1, 0xe8, 0xa2, 0xf0, 0xa2, 0xf0, 0xa2, 0xf0, 0x81, 0xe8,
    0x82, 0xf0, 0xa2, 0xe8, 0xa2, 0xe8, 0x82, 0xf0, 0xa2, 0xe8, 0xa2, 0xf0,
    0x82, 0xf0, 0xa1, 0xe8, 0xa2, 0xe8, 0xa2, 0xe8, 0xa2, 0xe8, 0xa2, 0xf0,
    0xa2, 0xf0, 0x82, 0xe8, 0xa1, 0xf0, 0xa1, 0xf0, 0xa2, 0xf0, 0x82, 0xf0,
    0xa1, 0xf0, 0x82, 0xf0, 0xa2, 0xe8, 0xa1, 0xf0, 0xa1, 0xf0, 0xa2, 0xf0,
    0xa2, 0xf0, 0xa2, 0xe8, 0xa2, 0xf0, 0xa2, 0xe8, 0xa2, 0xf0, 0xa2, 0xf0,
    0xa2, 0xe8, 0xa2, 0xe8, 0xa2, 0xf0, 0xa2, 0xf0, 0xa1, 0xe8, 0xa2, 0xf0,
    0xa2, 0xe8, 0xa1, 0xe8, 0xa2, 0xf0, 0xa2, 0xf0, 0xa2, 0xe8, 0xa2, 0xf0,
    0xa1, 0xf0, 0xa2, 0xf0, 0xa2, 0xf0, 0xa2, 0xe8, 0xa1, 0xe8, 0xa2, 0xe8,
    0xa2, 0xe8, 0xa1, 0xe8, 0xa2, 0xe8, 0xa1, 0xf0, 0xa1, 0xf0, 0xa1, 0xe8,
    0x82, 0xf0, 0xa1, 0xf0, 0xa2, 0xe8, 0xa2, 0xf0, 0x81, 0xe8, 0xa2, 0xf0,
    0x82, 0xf0, 0x82, 0xe8, 0xa1, 0xe8, 0x82, 0xf0, 0xa2, 0xe8, 0xa2, 0xf0,
    0x82, 0xe8, 0xa2, 0xf0, 0xa2, 0xf0, 0xa2, 0xf0, 0xa2, 0xf0, 0xa1, 0xf0,
    0xa2, 0xf0, 0x81, 0xf0, 0xa1, 0xf0, 0xa2, 0xf0, 0xa2, 0xe8, 0xa2, 0xf0,
    0xa2, 0xf0, 0xa2, 0xe8, 0xa2, 0xe8, 0xa2, 0xe8, 0x82, 0xf0, 0xa2, 0xf0,
    0xa2, 0xe8, 0xa2, 0xe8, 0xa2, 0xf0, 0xa2, 0xf0, 0xa1, 0xe8, 0x82, 0xf0,
    0x82, 0xe8, 0xa2, 0xf0, 0xa2, 0xf0, 0xa2, 0xe8, 0xa2, 0xf0, 0xa2, 0xf0,
    0xa2, 0xf0, 0xa2, 0xf0, 0xa2, 0xf0, 0xa1, 0xf0, 0xa2, 0xf0, 0xa1, 0xf0,
    0xa2, 0xf0, 0xa2, 0xf0, 0x81, 0xe8, 0xa2, 0xf0, 0xa1, 0xf0, 0xa2, 0xe8,
    0x81, 0xe8, 0x82, 0xe8, 0xa2, 0xf0, 0x81, 0xe8, 0x82, 0xf0, 0xa2, 0xe8,
    0xa2, 0xf0, 0xa2, 0xf0, 0x81, 0xe8, 0xa2, 0xe8, 0x81, 0xf0, 0x81, 0xe8,
    0xa2, 0xe8, 0x82, 0xf0, 0x82, 0xe8, 0xa2, 0xf0, 0xa1, 0xf0, 0x81, 0xf0,
    0xa2, 0xe8, 0x81, 0xe8, 0x82, 0xf0, 0xa2, 0xe8, 0x82, 0xf0, 0xa2, 0xf0,
    0xa2, 0xe8, 0x81, 0xe8, 0xa1, 0xe8, 0xa2, 0xe8, 0xa2, 0xe8, 0xa2, 0xf0,
    0xa2, 0xe8, 0xa2, 0xf0, 0xa2, 0xe8, 0xa2, 0xe8, 0xa2, 0xe8, 0xa2, 0xf0,
    0xa1, 0xe8, 0xa2, 0xe8, 0x81, 0xf0, 0x82, 0xf0, 0xa2, 0xf0, 0xa2, 0xf0,
    0xa2, 0xf0, 0xa1, 0xf0, 0xa2, 0xf0, 0xa2, 0xf0, 0xa1, 0xe8, 0xa2, 0xf0,
    0xa2, 0xf0, 0x81, 0xe8, 0xa2, 0xf0, 0xa2, 0xf0, 0xa2, 0xe8, 0xa2, 0xf0,
    0x82, 0xe8, 0xa2, 0xf0, 0xa1, 0xf0, 0xa2, 0xf0, 0xa2, 0xf0, 0xa2, 0xf0,
    0xa1, 0xf0, 0xa2, 0xf0, 0xa2, 0xf0, 0xa2, 0xf0, 0xa1, 0xf0, 0xa2, 0xf0,
    0xa2, 0xf0, 0xa2, 0xe8, 0xa2, 0xf0, 0xa2, 0xf0, 0xa2, 0xf0, 0xa2, 0xf0,
    0xc2, 0xf0, 0xa2, 0xf0, 0xa2, 0xf0, 0xa1, 0xf0, 0xa2, 0xf0, 0xa2, 0xf0,
    0x81, 0xe8, 0xa2, 0xf0, 0xa2, 0xf0, 0x82, 0xf0, 0xa1, 0xf0, 0xa2, 0xf0,
    0xa2, 0xf0, 0xa2, 0xe8, 0xa2, 0xe8, 0xa2, 0xf0, 0xa2, 0xf0, 0xa2, 0xf0,
    0xa2, 0xf0, 0xa2, 0xf0, 0xa2, 0xf0, 0xa2, 0xf0, 0xa2, 0xf0, 0xa2, 0xe8,
    0xa1, 0xf0, 0xa2, 0xf0, 0xa2, 0xe8, 0xa1, 0xf0, 0xa2, 0xf0, 0xc2, 0xf0,
    0xc2, 0xf0, 0xa2, 0xf0, 0xc2, 0xf0, 0xc2, 0xf0, 0xc2, 0xf0, 0xa2, 0xf0,
    0xc2, 0xf0, 0xa1, 0xf0, 0x85, 0xe9, 0xfb, 0xfe, 0xbd, 0xff, 0x9d, 0xff,
    0x9c, 0xff, 0x9c, 0xff, 0x9d, 0xff, 0xbd, 0xff, 0xbd, 0xff, 0xbd, 0xff,
    0x9d, 0xff, 0x9d, 0xff, 0x7c, 0xff, 0x65, 0xe1, 0xa2, 0xf0, 0xa2, 0xf0,
    0xa2, 0xe8, 0xc3, 0xe0, 0x79, 0xf6, 0xbe, 0xff, 0x6c, 0xeb, 0xc3, 0xe8,
    0x9a, 0xfe, 0xde, 0xff, 0xae, 0xeb, 0x66, 0xd9, 0xda, 0xf6, 0xbe, 0xff,
    0xde, 0xff, 0x1a, 0xff, 0x69, 0xe2, 0xc2, 0xf0, 0xa2, 0xf0, 0xa2, 0xf0,
    0x81, 0xf0, 0x81, 0xf0, 0xa2, 0xf0, 0xa2, 0xf0, 0x82, 0xe8, 0xa2, 0xf0,
    0xa2, 0xf0, 0xa2, 0xf0, 0x81, 0xf0, 0xa2, 0xe8, 0x82, 0xe8, 0xa2, 0xf0,
    0xa1, 0xf0, 0xa2, 0xf0, 0xa2, 0xf0, 0xa2, 0xf0, 0xa2, 0xf0, 0xa2, 0xe8,
    0x82, 0xf0, 0xa2, 0xf0, 0xa1, 0xf0, 0xa1, 0xf0, 0xa2, 0xf0, 0xa2, 0xf0,
    0xa1, 0xf0, 0xa2, 0xf0, 0xa2, 0xf0, 0xc2, 0xf0, 0xc2, 0xf0, 0xa2, 0xf0,
    0xa2, 0xf0, 0xc2, 0xf0, 0xc2, 0xf0, 0xa1, 0xe8, 0xc2, 0xf0, 0xc2, 0xf0,
    0xa2, 0xf0, 0xa2, 0xe8, 0xa2, 0xf0, 0xa2, 0xf0, 0x82, 0xf0, 0xa1, 0xe8,
    0x82, 0xf0, 0xa2, 0xf0, 0xa2, 0xf0, 0xa2, 0xf0, 0x82, 0xe8, 0x82, 0xe8,
    0x82, 0xe8, 0xa1, 0xe8, 0x82, 0xe8, 0xa2, 0xf0, 0xa1, 0xf0, 0xa2, 0xe8,
    0xa2, 0xf0, 0xa2, 0xe8, 0xa2, 0xe8, 0xa2, 0xf0, 0xa2, 0xe8, 0xa2, 0xf0,
    0xa2, 0xf0, 0xa2, 0xe8, 0xa2, 0xf0, 0x81, 0xf0, 0xa2, 0xf0, 0xa1, 0xf0,
    0xa2, 0xf0, 0x81, 0xe8, 0xa2, 0xf0, 0x81, 0xe8, 0xa2, 0xf0, 0xa2, 0xf0,
    0xa2, 0xe8, 0xa2, 0xf0, 0xa2, 0xf0, 0xa2, 0xe8, 0xa1, 0xe8, 0xa2, 0xe8,
    0xa1, 0xe8, 0xa2, 0xf0, 0xa2, 0xe8, 0xa2, 0xf0, 0xa2, 0xe8, 0xa1, 0xf0,
    0xa2, 0xf0, 0xa1, 0xf0, 0xa2, 0xe8, 0xa2, 0xf0, 0x82, 0xf0, 0xa2, 0xe8,
    0xa2, 0xf0, 0xa2, 0xf0, 0xa2, 0xf0, 0x82, 0xe8, 0xa2, 0xf0, 0xa2, 0xf0,
    0xa2, 0xe8, 0xa2, 0xe8, 0xa2, 0xf0, 0xa1, 0xf0, 0xa2, 0xf0, 0xa2, 0xf0,
    0xa2, 0xe8, 0xa1, 0xf0, 0xa2, 0xf0, 0xa2, 0xf0, 0xa2, 0xe8, 0xa2, 0xe8,
    0xa2, 0xf0, 0xa2, 0xf0, 0xa2, 0xf0, 0xa1, 0xe8, 0xa2, 0xf0, 0xa2, 0xe8,
    0xa2, 0xe8, 0xa2, 0xf0, 0xa2, 0xe8, 0xa2, 0xe8, 0xa2, 0xe8, 0xa2, 0xe8,
    0xa2, 0xf0, 0xa2, 0xf0, 0xa2, 0xe8, 0xa1, 0xf0, 0xa2, 0xf0, 0xa2, 0xe8,
    0x82, 0xf0, 0xa2, 0xe8, 0xa2, 0xf0, 0x82, 0xf0, 0xa2, 0xe8, 0x81, 0xf0,
    0xa2, 0xf0, 0xa2, 0xe8, 0xa2, 0xf0, 0xa2, 0xf0, 0xa2, 0xe8, 0x82, 0xe8,
    0xa2, 0xf0, 0x81, 0xf0, 0xa2, 0xf0, 0xa2, 0xf0, 0xa1, 0xf0, 0x82, 0xf0,
    0xa2, 0xf0, 0xa2, 0xf0, 0xa1, 0xf0, 0xa1, 0xf0, 0xa2, 0xf0, 0xa2, 0xf0,
    0xa2, 0xf0, 0xa2, 0xe8, 0xa2, 0xf0, 0xa2, 0xf0, 0xa2, 0xf0, 0xa1, 0xf0,
    0xa2, 0xf0, 0xa2, 0xf0, 0xa2, 0xf0, 0xa2, 0xf0, 0xa2, 0xf0, 0xa2, 0xf0,
    0xa1, 0xf0, 0xa2, 0xf0, 0xa2, 0xf0, 0xa2, 0xf0, 0xa2, 0xf0, 0xa2, 0xf0,
    0xa2, 0xf0, 0xa2, 0xf0, 0xa2, 0xf0, 0xa2, 0xf0, 0x81, 0xe8, 0xa2, 0xf0,
    0xa2, 0xf0, 0xa2, 0xf0, 0xa2, 0xf0, 0xa2, 0xf0, 0xa2, 0xf0, 0xa2, 0xe8,
    0xa2, 0xe8, 0xa2, 0xf0, 0xa2, 0xf0, 0xa1, 0xf0, 0xa2, 0xf0, 0xa2, 0xf0,
    0xa2, 0xf0, 0xa2, 0xf0, 0xa1, 0xe8, 0xa2, 0xf0, 0xa1, 0xf0, 0xa2, 0xf0,
    0xa2, 0xf0, 0xa2, 0xf0, 0xa2, 0xf0, 0xa1, 0xf0, 0xa2, 0xf0, 0xa2, 0xe8,
    0xa2, 0xf0, 0xa2, 0xe8, 0xa2, 0xf0, 0xa2, 0xe8, 0xa2, 0xf0, 0xa2, 0xf0,
    0xa2, 0xf0, 0xa2, 0xf0, 0xa2, 0xe8, 0xa2, 0xf0, 0xa2, 0xf0, 0xa2, 0xf0,
    0xa2, 0xe8, 0xa2, 0xf0, 0xa2, 0xe8, 0xa2, 0xe8, 0xa2, 0xf0, 0xa2, 0xf0,
    0xa2, 0xe8, 0xa2, 0xf0, 0xa1, 0xe8, 0xa1, 0xf0, 0xa2, 0xf0, 0xa2, 0xf0,
    0xa2, 0xe8, 0xa2, 0xf0, 0x82, 0xf0, 0xa2, 0xe8, 0xa2, 0xe8, 0xa2, 0xf0,
    0xa2, 0xf0, 0x82, 0xe8, 0xa2, 0xf0, 0xa2, 0xf0, 0xa2, 0xe8, 0xa1, 0xe8,
    0xa2, 0xf0, 0xa2, 0xf0, 0xa2, 0xf0, 0xa2, 0xf0, 0xa2, 0xf0, 0xa2, 0xf0,
    0xa2, 0xf0, 0xa1, 0xf0, 0xa2, 0xf0, 0xa2, 0xe8, 0xa1, 0xf0, 0xc2, 0xf0,
    0xa2, 0xf0, 0xa2, 0xf0, 0xc2, 0xf0, 0xc2, 0xf0, 0xa2, 0xf0, 0xa2, 0xf0,
    0xa2, 0xf0, 0xa2, 0xf0, 0xa1, 0xf0, 0xa2, 0xf0, 0xa1, 0xe8, 0xa2, 0xf0,
    0xa2, 0xf0, 0xa2, 0xf0, 0xa2, 0xf0, 0xa2, 0xe8, 0xa1, 0xf0, 0xc2, 0xf0,
    0xa2, 0xf0, 0xc2, 0xf0, 0xc2, 0xf0, 0xa2, 0xf0, 0xc2, 0xf0, 0xc2, 0xf0,
    0xc2, 0xf0, 0xa2, 0xf0, 0xc2, 0xf0, 0xc2, 0xf0, 0xc2, 0xf0, 0xa2, 0xf0,
    0xc2, 0xf0, 0xa1, 0xe8, 0xa2, 0xf0, 0xc2, 0xf0, 0xa2, 0xf0, 0xa2, 0xf0,
    0xc2, 0xf0, 0xa2, 0xf0, 0xc2, 0xf0, 0xa2, 0xf0, 0x85, 0xe9, 0x1c, 0xff,
    0x9e, 0xff, 0xd2, 0xdc, 0x91, 0xdc, 0x91, 0xdc, 0x70, 0xdc, 0x50, 0xdc,
    0x50, 0xdc, 0x70, 0xdc, 0x91, 0xd4, 0x7c, 0xff, 0x7d, 0xff, 0x65, 0xe1,
    0xc2, 0xf0, 0xa2, 0xe8, 0xc7, 0xe9, 0x28, 0xda, 0xfa, 0xf6, 0xbe, 0xff,
    0x0b, 0xeb, 0xc2, 0xe8, 0x79, 0xfe, 0xbe, 0xff, 0xb2, 0xec, 0x95, 0xed,
    0x9d, 0xff, 0x5c, 0xff, 0xfb, 0xf6, 0xbe, 0xf7, 0xfa, 0xfe, 0x0b, 0xeb,
    0xc2, 0xf0, 0x81, 0xf0, 0x82, 0xf0, 0xa2, 0xf0, 0xa2, 0xf0, 0xa2, 0xf0,
    0xa2, 0xe8, 0xa1, 0xf0, 0x82, 0xf0, 0xa2, 0xf0, 0xa1, 0xf0, 0xa2, 0xf0,
    0x82, 0xf0, 0x81, 0xf0, 0xa2, 0xf0, 0xa2, 0xe8, 0xa1, 0xf0, 0x81, 0xf0,
    0xa2, 0xf0, 0xa2, 0xf0, 0xa2, 0xf0, 0xa2, 0xf0, 0xa2, 0xf0, 0xa2, 0xf0,
    0xa2, 0xf0, 0xa2, 0xf0, 0xa2, 0xe8, 0xa1, 0xe8, 0xc2, 0xf0, 0xc2, 0xf0,
    0xa2, 0xe8, 0xc2, 0xf0, 0xc2, 0xf0, 0xa2, 0xe8, 0xc2, 0xf0, 0xa2, 0xf0,
    0xc2, 0xf0, 0xa2, 0xf0, 0xa2, 0xe8, 0xa2, 0xe8, 0xa1, 0xf0, 0xa1, 0xf0,
    0xa2, 0xe8, 0xa1, 0xf0, 0xa2, 0xe8, 0xa2, 0xf0, 0xa1, 0xf0, 0xa2, 0xf0,
    0xa2, 0xf0, 0xa2, 0xf0, 0xa2, 0xf0, 0xa1, 0xf0, 0xa2, 0xf0, 0xa2, 0xe8,
    0xa2, 0xf0, 0xa1, 0xf0, 0xa2, 0xf0, 0xa2, 0xf0, 0xa2, 0xf0, 0xa2, 0xf0,
    0xa2, 0xf0, 0xa2, 0xf0, 0xa2, 0xf0, 0xa2, 0xf0, 0xa2, 0xf0, 0xa2, 0xf0,
    0xa2, 0xf0, 0xa2, 0xf0, 0xa2, 0xf0, 0xa2, 0xf0, 0xa2, 0xf0, 0xa2, 0xf0,
    0xa2, 0xf0, 0xa2, 0xf0, 0xa2, 0xe8, 0xa2, 0xe8, 0x82, 0xf0, 0xa2, 0xf0,
    0x82, 0xf0, 0xa2, 0xf0, 0x82, 0xf0, 0xa2, 0xe8, 0xa1, 0xf0, 0x82, 0xf0,
    0xa2, 0xf0, 0xa1, 0xf0, 0xa2, 0xf0, 0xa2, 0xf0, 0xa1, 0xf0, 0xa1, 0xf0,
    0xa2, 0xf0, 0xa2, 0xe8, 0xa2, 0xf0, 0xa1, 0xf0, 0xa2, 0xe8, 0xa2, 0xf0,
    0xa2, 0xf0, 0xa2, 0xf0, 0x82, 0xf0, 0xa2, 0xf0, 0xa2, 0xf0, 0x82, 0xf0,
    0xa2, 0xe8, 0xa2, 0xf0, 0xa2, 0xf0, 0xa1, 0xe8, 0xa2, 0xf0, 0xa2, 0xf0,
    0xa1, 0xf0, 0xa2, 0xf0, 0xa2, 0xf0, 0xa2, 0xe8, 0xa2, 0xf0, 0xa2, 0xe8,
    0xa2, 0xf0, 0xa2, 0xf0, 0xa2, 0xe8, 0xa2, 0xf0, 0xa2, 0xf0, 0xa1, 0xe8,
    0xa1, 0xf0, 0xa2, 0xe8, 0xa1, 0xe8, 0xa2, 0xf0, 0x82, 0xe8, 0xa1, 0xf0,
    0xa1, 0xf0, 0x82, 0xe8, 0x82, 0xf0, 0xa2, 0xf0, 0xa2, 0xe8, 0xa2, 0xf0,
    0x82, 0xf0, 0xa2, 0xf0, 0xa2, 0xe8, 0xa2, 0xf0, 0xa2, 0xf0, 0x82, 0xf0,
    0xa1, 0xe8, 0xa2, 0xf0, 0xa2, 0xf0, 0xa1, 0xf0, 0xa2, 0xf0, 0xa1, 0xf0,
    0xa2, 0xf0, 0x82, 0xf0, 0xa2, 0xf0, 0xa2, 0xe8, 0xa2, 0xf0, 0xa2, 0xf0,
    0xa1, 0xf0, 0xa2, 0xf0, 0xa2, 0xf0, 0xa2, 0xe8, 0xa2, 0xf0, 0xa2, 0xe8,
    0xa2, 0xf0, 0xa1, 0xf0, 0xa2, 0xe8, 0xa2, 0xf0, 0xa2, 0xf0, 0xa2, 0xf0,
    0xa2, 0xe8, 0xa2, 0xf0, 0xa1, 0xf0, 0xa1, 0xf0, 0xa2, 0xf0, 0xa2, 0xf0,
    0xa1, 0xf0, 0xa2, 0xf0, 0xa2, 0xf0, 0xa2, 0xf0, 0xa2, 0xf0, 0xa2, 0xf0,
    0xa2, 0xf0, 0xa1, 0xf0, 0xa1, 0xe8, 0xa2, 0xf0, 0xa1, 0xe8, 0xa1, 0xf0,
    0xa2, 0xf0, 0xa2, 0xe8, 0xa2, 0xe8, 0x82, 0xf0, 0xa2, 0xe8, 0xa1, 0xe8,
    0xa1, 0xf0, 0xa1, 0xf0, 0xa2, 0xf0, 0xa2, 0xf0, 0xa1, 0xf0, 0xa1, 0xe8,
    0xa2, 0xf0, 0xa2, 0xf0, 0xa1, 0xf0, 0xa2, 0xf0, 0xa2, 0xf0, 0xa2, 0xf0,
    0xa2, 0xe8, 0xa2, 0xf0, 0xa2, 0xf0, 0xa2, 0xe8, 0xa2, 0xe8, 0xa2, 0xf0,
    0xa2, 0xf0, 0xa2, 0xf0, 0xa2, 0xe8, 0xa2, 0xe8, 0xa2, 0xf0, 0xa2, 0xf0,
    0xa2, 0xf0, 0xa2, 0xf0, 0xa2, 0xe8, 0xa2, 0xe8, 0xa2, 0xf0, 0xa2, 0xe8,
    0xa2, 0xf0, 0x82, 0xe8, 0xa2, 0xf0, 0x82, 0xe8, 0xa1, 0xf0, 0xa2, 0xf0,
    0xa2, 0xf0, 0xc2, 0xf0, 0xa2, 0xf0, 0xa2, 0xf0, 0xa1, 0xf0, 0xa2, 0xe8,
    0xa2, 0xe8, 0xa2, 0xe8, 0xa2, 0xf0, 0xa1, 0xf0, 0xa1, 0xf0, 0xa2, 0xe8,
    0xa2, 0xf0, 0xa1, 0xf0, 0xa2, 0xf0, 0xc2, 0xe8, 0xc2, 0xf0, 0xa2, 0xf0,
    0xa1, 0xf0, 0xa2, 0xf0, 0xa2, 0xf0, 0xa2, 0xf0, 0xa2, 0xf0, 0xc2, 0xf0,
    0xa1, 0xf0, 0xa2, 0xf0, 0xa2, 0xf0, 0xa2, 0xf0, 0xc2, 0xf0, 0xa2, 0xf0,
    0xa2, 0xf0, 0xa2, 0xf0, 0xa1, 0xf0, 0xa2, 0xf0, 0xa2, 0xf0, 0xa2, 0xe8,
    0xa2, 0xf0, 0xa2, 0xf0, 0xa2, 0xf0, 0xa2, 0xf0, 0xa1, 0xf0, 0xa2, 0xf0,
    0xa2, 0xf0, 0xc2, 0xf0, 0xa2, 0xf0, 0xa2, 0xf0, 0xc2, 0xf0, 0xa2, 0xf0,
    0xc2, 0xf0, 0xc2, 0xf0, 0xc2, 0xf0, 0xc2, 0xf0, 0xc2, 0xf0, 0xc2, 0xf0,
    0xc2, 0xf0, 0xc2, 0xf0, 0xc2, 0xf0, 0xa2, 0xe8, 0xc2, 0xf0, 0xc2, 0xf0,
    0xa2, 0xe8, 0xc2, 0xf0, 0xa2, 0xf0, 0xc2, 0xf0, 0xa2, 0xf0, 0xa2, 0xf0,
    0x85, 0xe9, 0xfc, 0xfe, 0x9d, 0xff, 0xb6, 0xed, 0x95, 0xf5, 0x95, 0xf5,
    0x96, 0xed, 0x95, 0xf5, 0xb5, 0xf5, 0xd6, 0xf5, 0x16, 0xf6, 0x9c, 0xf7,
    0x9d, 0xff, 0x65, 0xe1, 0xa2, 0xf0, 0xc3, 0xe8, 0xd6, 0xfd, 0xfa, 0xf6,
    0x9e, 0xff, 0xbe, 0xff, 0x89, 0xe2, 0xa2, 0xe0, 0x59, 0xfe, 0x9d, 0xff,
    0x5c, 0xf7, 0xbd, 0xff, 0x7d, 0xff, 0x0c, 0xdb, 0xcb, 0xe2, 0x9d, 0xff,
    0xbd, 0xf7, 0x1c, 0xff, 0x0b, 0xf3, 0xa1, 0xf0, 0xa2, 0xf0, 0xa2, 0xf0,
    0xa2, 0xf0, 0xa2, 0xf0, 0xa2, 0xe8, 0xa1, 0xe8, 0x82, 0xf0, 0xa1, 0xf0,
    0xa2, 0xf0, 0xa1, 0xf0, 0x82, 0xe8, 0xa1, 0xf0, 0xa1, 0xf0, 0xa2, 0xe8,
    0xa2, 0xe8, 0xa2, 0xf0, 0xa1, 0xf0, 0xa2, 0xf0, 0xa2, 0xf0, 0xc2, 0xf0,
    0xc2, 0xf0, 0xa2, 0xf0, 0xa2, 0xf0, 0xc2, 0xf0, 0xc2, 0xe8, 0xa2, 0xe8,
    0xa2, 0xf0, 0xa2, 0xe8, 0xa1, 0xe8, 0xa2, 0xe8, 0xc2, 0xe8, 0xa2, 0xf0,
    0xa2, 0xf0, 0xc2, 0xf0, 0xa2, 0xf0, 0xa1, 0xe8, 0xa1, 0xe8, 0xa2, 0xe8,
    0xa1, 0xf0, 0xa1, 0xf0, 0xa1, 0xe8, 0xa1, 0xf0, 0xa1, 0xf0, 0xa1, 0xe8,
    0xa2, 0xf0, 0xa2, 0xe8, 0xa2, 0xf0, 0xa2, 0xf0, 0xa1, 0xf0, 0xa1, 0xf0,
    0xa2, 0xe8, 0xa2, 0xf0, 0xa1, 0xf0, 0xa2, 0xf0, 0xa2, 0xf0, 0xa1, 0xf0,
    0xa2, 0xf0, 0xa2, 0xf0, 0xa2, 0xf0, 0xa2, 0xf0, 0xa2, 0xf0, 0xc2, 0xf0,
    0xc2, 0xf0, 0xa1, 0xf0, 0xa2, 0xf0, 0xa2, 0xf0, 0xa2, 0xf0, 0xa1, 0xf0,
    0xa2, 0xf0, 0xa1, 0xe8, 0xa2, 0xf0, 0xa2, 0xf0, 0xa2, 0xe8, 0xa2, 0xe8,
    0xa1, 0xe8, 0xa2, 0xf0, 0xa2, 0xf0, 0xa2, 0xf0, 0xa2, 0xf0, 0x82, 0xe8,
    0xa2, 0xf0, 0xa2, 0xe8, 0x82, 0xf0, 0xa1, 0xf0, 0x82, 0xe8, 0x82, 0xf0,
    0xa1, 0xf0, 0x82, 0xf0, 0xa1, 0xf0, 0xa1, 0xf0, 0xa2, 0xf0, 0x81, 0xf0,
    0xa2, 0xf0, 0xa2, 0xe8, 0xa1, 0xe8, 0x82, 0xf0, 0xa2, 0xf0, 0xa2, 0xe8,
    0xa2, 0xf0, 0xa2, 0xf0, 0xa2, 0xe8, 0xa2, 0xf0, 0xa2, 0xf0, 0xa1, 0xe8,
    0xa2, 0xf0, 0xc2, 0xe8, 0xa2, 0xf0, 0xa1, 0xf0, 0xa2, 0xf0, 0xa1, 0xe8,
    0xa2, 0xf0, 0xa2, 0xf0, 0xa2, 0xe8, 0xa2, 0xf0, 0xa2, 0xe8, 0xa2, 0xe8,
    0xa1, 0xf0, 0xa2, 0xe8, 0xa2, 0xf0, 0xa1, 0xe8, 0xa2, 0xe8, 0xa2, 0xf0,
    0xa2, 0xf0, 0xa2, 0xf0, 0xa1, 0xe8, 0xa1, 0xf0, 0xa2, 0xf0, 0xa2, 0xf0,
    0xa2, 0xf0, 0xa2, 0xe8, 0xa2, 0xf0, 0xa2, 0xe8, 0xa2, 0xf0, 0x82, 0xf0,
    0xa2, 0xf0, 0xa2, 0xf0, 0xa2, 0xf0, 0xa2, 0xf0, 0xa2, 0xf0, 0xa2, 0xf0,
    0xa1, 0xf0, 0xa1, 0xf0, 0xa2, 0xf0, 0xa2, 0xf0, 0xa2, 0xf0, 0xa2, 0xf0,
    0xa2, 0xf0, 0xa2, 0xf0, 0xa2, 0xe8, 0xa2, 0xe8, 0xa2, 0xf0, 0xa2, 0xf0,
    0xa2, 0xf0, 0xa2, 0xe8, 0xa2, 0xf0, 0xa1, 0xf0, 0xa2, 0xe8, 0xa2, 0xf0,
    0xa2, 0xf0, 0xa2, 0xf0, 0xa2, 0xf0, 0xa2, 0xf0, 0xa2, 0xf0, 0xa2, 0xf0,
    0xa2, 0xf0, 0xa2, 0xf0, 0xa2, 0xf0, 0xa2, 0xf0, 0xc2, 0xf0, 0xa2, 0xf0,
    0xc2, 0xf0, 0xa2, 0xf0, 0xa2, 0xf0, 0xa2, 0xf0, 0xa1, 0xe8, 0xa2, 0xe8,
    0xa2, 0xf0, 0xa1, 0xe8, 0x82, 0xf0, 0xa2, 0xf0, 0xa2, 0xe8, 0xa2, 0xe8,
    0xa2, 0xf0, 0xa1, 0xf0, 0xa2, 0xe8, 0xa2, 0xe8, 0xa2, 0xf0, 0xa2, 0xf0,
    0xa2, 0xf0, 0xa2, 0xf0, 0xa2, 0xf0, 0xa2, 0xf0, 0xa2, 0xf0, 0xa1, 0xf0,
    0xa2, 0xf0, 0xa2, 0xf0, 0xa2, 0xf0, 0xa2, 0xf0, 0xa2, 0xf0, 0xa2, 0xf0,
    0xa2, 0xe8, 0xa2, 0xf0, 0xa2, 0xe8, 0xa2, 0xf0, 0xa2, 0xf0, 0xa2, 0xe8,
    0xa2, 0xf0, 0xc2, 0xe8, 0xa2, 0xe8, 0xa2, 0xe8, 0xa1, 0xf0, 0xa2, 0xf0,
    0xa2, 0xf0, 0xa2, 0xf0, 0xa2, 0xf0, 0xa2, 0xf0, 0xa2, 0xf0, 0xa2, 0xf0,
    0xa1, 0xe8, 0xa2, 0xf0, 0xa2, 0xf0, 0xa2, 0xe8, 0xa1, 0xf0, 0xa2, 0xf0,
    0xa2, 0xf0, 0xa1, 0xf0, 0xa2, 0xe8, 0xa2, 0xf0, 0xa2, 0xe8, 0xa2, 0xe8,
    0xa1, 0xf0, 0xa2, 0xe8, 0xa2, 0xf0, 0xa2, 0xf0, 0xa2, 0xf0, 0xa2, 0xf0,
    0xc2, 0xf0, 0xa2, 0xf0, 0xa2, 0xf0, 0xc2, 0xf0, 0xa2, 0xf0, 0xa2, 0xf0,
    0xc2, 0xf0, 0xa2, 0xf0, 0xa2, 0xf0, 0xc2, 0xe8, 0xc2, 0xf0, 0xa2, 0xf0,
    0xc2, 0xf0, 0xa2, 0xf0, 0xa2, 0xf0, 0xa1, 0xf0, 0xa2, 0xf0, 0xa2, 0xf0,
    0xa2, 0xf0, 0xa1, 0xf0, 0xc2, 0xf0, 0xa2, 0xf0, 0xa2, 0xf0, 0xa2, 0xf0,
    0xa2, 0xf0, 0xc2, 0xf0, 0xc2, 0xf0, 0xa2, 0xf0, 0xa2, 0xe8, 0xa2, 0xf0,
    0xc2, 0xf0, 0xa2, 0xf0, 0xa2, 0xf0, 0xc2, 0xf0, 0xc2, 0xf0, 0xc2, 0xf0,
    0xa2, 0xf0, 0xc2, 0xf0, 0xc2, 0xf0, 0xa2, 0xf0, 0xc2, 0xf0, 0xc2, 0xe8,
    0xa2, 0xf0, 0xa2, 0xf0, 0xc2, 0xf0, 0xa2, 0xf0, 0xc2, 0xf0, 0xc2, 0xf0,
    0xa2, 0xf0, 0xc2, 0xf0, 0x86, 0xe9, 0x1c, 0xff, 0xbe, 0xff, 0x5d, 0xf7,
    0x5c, 0xf7, 0x5d, 0xf7, 0x5c, 0xf7, 0x1c, 0xf7, 0x3c, 0xf7, 0x3c, 0xf7,
    0x5c, 0xf7, 0x9e, 0xf7, 0x9d, 0xff, 0x45, 0xe1, 0xa2, 0xf0, 0xc3, 0xf0,
    0xd2, 0xe4, 0x7d, 0xff, 0x9d, 0xff, 0xda, 0xfe, 0xe3, 0xd0, 0xa2, 0xe0,
    0x59, 0xf6, 0x9d, 0xf7, 0x3b, 0xff, 0x9e, 0xff, 0xd2, 0xf4, 0xc2, 0xe0,
    0xa2, 0xe8, 0xeb, 0xe2, 0x1b, 0xff, 0x3b, 0xff, 0x85, 0xd9, 0xa2, 0xf0,
    0xa2, 0xf0, 0xa1, 0xf0, 0xa2, 0xf0, 0xa2, 0xf0, 0xa2, 0xf0, 0xa2, 0xe8,
    0xa2, 0xf0, 0xa1, 0xe8, 0xa2, 0xf0, 0xa2, 0xf0, 0xa2, 0xf0, 0xa2, 0xf0,
    0xa2, 0xf0, 0xa2, 0xf0, 0xa2, 0xf0, 0xa2, 0xf0, 0xa2, 0xe8, 0xa2, 0xe8,
    0xa2, 0xf0, 0xc2, 0xf0, 0xc2, 0xf0, 0xc2, 0xf0, 0xc2, 0xf0, 0xc2, 0xe8,
    0xc2, 0xf0, 0xa2, 0xf0, 0xc2, 0xf0, 0xc2, 0xf0, 0xa2, 0xf0, 0xc2, 0xf0,
    0xa2, 0xf0, 0xc2, 0xf0, 0xc2, 0xf0, 0xc2, 0xe8, 0xa2, 0xf0, 0xa2, 0xe8,
    0xa2, 0xe8, 0xa2, 0xf0, 0xc2, 0xf0, 0xa2, 0xf0, 0xa2, 0xf0, 0xa2, 0xf0,
    0xa2, 0xf0, 0xa2, 0xf0, 0xa2, 0xf0, 0xa2, 0xe8, 0xa2, 0xe8, 0x82, 0xe8,
    0xa2, 0xf0, 0xa2, 0xf0, 0xa2, 0xf0, 0xa2, 0xf0, 0xa2, 0xe8, 0xa2, 0xf0,
    0xa2, 0xe8, 0xc2, 0xf0, 0xa2, 0xf0, 0xc2, 0xf0, 0xc2, 0xf0, 0xa2, 0xf0,
    0xc2, 0xf0, 0xa2, 0xf0, 0xa2, 0xf0, 0xa2, 0xf0, 0xa2, 0xf0, 0xa2, 0xf0,
    0xa2, 0xf0, 0xc2, 0xf0, 0xa2, 0xe8, 0xc2, 0xf0, 0xa2, 0xf0, 0xa2, 0xf0,
    0xa2, 0xe8, 0xa2, 0xf0, 0xa2, 0xf0, 0xa2, 0xf0, 0xa2, 0xe8, 0xa2, 0xf0,
    0xa2, 0xe8, 0xa2, 0xf0, 0xa2, 0xf0, 0xa2, 0xe8, 0xa1, 0xf0, 0xa2, 0xf0,
    0xa2, 0xf0, 0xa1, 0xf0, 0xa2, 0xf0, 0xa2, 0xe8, 0x82, 0xf0, 0xa2, 0xf0,
    0xa2, 0xf0, 0xa2, 0xf0, 0xa2, 0xf0, 0x82, 0xf0, 0xa2, 0xe8, 0xa2, 0xf0,
    0xa2, 0xf0, 0xa2, 0xe8, 0xa2, 0xe8, 0xa2, 0xf0, 0xa2, 0xf0, 0xa2, 0xf0,
    0xa2, 0xf0, 0xa2, 0xf0, 0xa2, 0xf0, 0xc2, 0xf0, 0xa2, 0xe8, 0xa2, 0xf0,
    0xc2, 0xf0, 0xc2, 0xf0, 0xa2, 0xf0, 0xc2, 0xe8, 0xa2, 0xf0, 0xa2, 0xe8,
    0xa2, 0xf0, 0xa2, 0xf0, 0xa2, 0xf0, 0xa2, 0xe8, 0xa2, 0xe8, 0xa1, 0xf0,
    0xa2, 0xf0, 0xa2, 0xf0, 0xc2, 0xf0, 0xa2, 0xf0, 0xa2, 0xf0, 0xa2, 0xe8,
    0xa2, 0xe8, 0xa2, 0xf0, 0xa2, 0xf0, 0xa2, 0xf0, 0xa1, 0xe8, 0xa2, 0xf0,
    0x82, 0xe8, 0xa2, 0xf0, 0xa2, 0xe8, 0xa2, 0xf0, 0xa2, 0xf0, 0xa2, 0xe8,
    0xa2, 0xf0, 0xa2, 0xf0, 0xa2, 0xf0, 0xa1, 0xf0, 0xa1, 0xf0, 0xa2, 0xf0,
    0xa2, 0xf0, 0xa2, 0xf0, 0xc2, 0xf0, 0xc2, 0xf0, 0xc2, 0xf0, 0xa2, 0xf0,
    0xa2, 0xf0, 0xa2, 0xf0, 0xa2, 0xf0, 0xa2, 0xf0, 0xa2, 0xf0, 0xa1, 0xf0,
    0xa2, 0xf0, 0xa2, 0xe8, 0xc2, 0xf0, 0xc2, 0xf0, 0xa2, 0xf0, 0xa2, 0xf0,
    0xa2, 0xf0, 0xa2, 0xf0, 0xa2, 0xf0, 0xa2, 0xf0, 0xa2, 0xf0, 0xc2, 0xf0,
    0xa2, 0xf0, 0xc2, 0xf0, 0xc2, 0xf0, 0xc2, 0xf0, 0xa2, 0xf0, 0xc2, 0xf0,
    0xa2, 0xf0, 0xa2, 0xf0, 0xa2, 0xf0, 0xa1, 0xe8, 0xa2, 0xe8, 0xa2, 0xe8,
    0xa2, 0xf0, 0xa1, 0xe8, 0xa1, 0xe8, 0xa2, 0xf0, 0xa2, 0xe8, 0xa2, 0xf0,
    0xa2, 0xe8, 0xc2, 0xf0, 0xa2, 0xe8, 0xa2, 0xf0, 0xa2, 0xf0, 0xa2, 0xe8,
    0xa2, 0xf0, 0xa2, 0xf0, 0xa2, 0xf0, 0xa2, 0xf0, 0xa1, 0xf0, 0xa1, 0xf0,
    0xa1, 0xe8, 0xa1, 0xf0, 0xa1, 0xe8, 0xa1, 0xe8, 0xa2, 0xe8, 0xa2, 0xf0,
    0xa2, 0xf0, 0xa2, 0xf0, 0xa2, 0xe8, 0xa2, 0xe8, 0xa2, 0xf0, 0xa2, 0xe8,
    0xa2, 0xf0, 0xa2, 0xe8, 0xa2, 0xe8, 0xa1, 0xf0, 0xa2, 0xf0, 0xa2, 0xe8,
    0xa2, 0xf0, 0xa1, 0xf0, 0xa2, 0xf0, 0xa2, 0xf0, 0xa2, 0xf0, 0xa1, 0xf0,
    0xa2, 0xe8, 0xa2, 0xf0, 0xa2, 0xf0, 0xa2, 0xe8, 0xa2, 0xf0, 0xa2, 0xf0,
    0xa2, 0xe8, 0xa1, 0xe8, 0xa2, 0xf0, 0xa2, 0xe8, 0xa1, 0xe8, 0xa1, 0xe8,
    0xa2, 0xf0, 0xa2, 0xe8, 0xa2, 0xf0, 0xc2, 0xf0, 0xc2, 0xf0, 0xa2, 0xf0,
    0xa2, 0xf0, 0xc2, 0xf0, 0xc2, 0xf0, 0xc2, 0xf0, 0xa2, 0xe8, 0xc2, 0xf0,
    0xc2, 0xf0, 0xa2, 0xf0, 0xa2, 0xf0, 0xa2, 0xf0, 0xa2, 0xf0, 0xa2, 0xf0,
    0xa2, 0xf0, 0xa1, 0xf0, 0xa2, 0xf0, 0xc2, 0xf0, 0xc2, 0xf0, 0xa2, 0xf0,
    0xa2, 0xf0, 0xc2, 0xf0, 0xc2, 0xf0, 0xa2, 0xf0, 0xc2, 0xf0, 0xc2, 0xf0,
    0xc2, 0xf0, 0xa2, 0xe8, 0xc2, 0xf0, 0xc2, 0xf0, 0xa2, 0xf0, 0xc2, 0xf0,
    0xc1, 0xf0, 0xc2, 0xf0, 0xc2, 0xf0, 0xc2, 0xf0, 0xc2, 0xf0, 0xc2, 0xf0,
    0xc2, 0xf0, 0xc2, 0xf0, 0xc2, 0xe8, 0xc2, 0xf0, 0xc2, 0xf0, 0xc2, 0xf0,
    0xa2, 0xe8, 0xa2, 0xf0, 0xc2, 0xf0, 0xc2, 0xf0, 0x65, 0xe9, 0x58, 0xf6,
    0xb9, 0xfe, 0xce, 0xeb, 0x8d, 0xeb, 0x8d, 0xf3, 0x8d, 0xf3, 0x6c, 0xf3,
    0x6c, 0xf3, 0x6c, 0xf3, 0x6c, 0xeb, 0xb5, 0xf5, 0xd6, 0xf5, 0x24, 0xe9,
    0xc2, 0xf0, 0xc2, 0xf0, 0xaa, 0xe2, 0xd2, 0xe4, 0x91, 0xec, 0x68, 0xe2,
    0xc2, 0xe8, 0xa2, 0xe8, 0x13, 0xf5, 0x95, 0xed, 0xad, 0xdb, 0x91, 0xf4,
    0x03, 0xe1, 0xa2, 0xe8, 0xa1, 0xe8, 0xc2, 0xe8, 0x4c, 0xe3, 0xae, 0xeb,
    0xa2, 0xe8, 0xa2, 0xf0, 0xa2, 0xf0, 0xa2, 0xf0, 0xa2, 0xe8, 0xa2, 0xe8,
    0x82, 0xf0, 0xa2, 0xf0, 0xa2, 0xe8, 0x82, 0xf0, 0xa2, 0xf0, 0xa2, 0xf0,
    0xa1, 0xf0, 0xa2, 0xf0, 0xa2, 0xe8, 0xa1, 0xf0, 0xa1, 0xf0, 0xa2, 0xf0,
    0xa2, 0xf0, 0xa2, 0xf0, 0xc2, 0xf0, 0xc2, 0xf0, 0xa2, 0xe8, 0xa2, 0xf0,
    0xc2, 0xf0, 0xc2, 0xf0, 0xc2, 0xf0, 0xc2, 0xf0, 0xc2, 0xe8, 0xc2, 0xf0,
    0xa2, 0xf0, 0xc2, 0xf0, 0xc2, 0xf0, 0xc2, 0xf0, 0xc2, 0xf0, 0xc2, 0xf0,
    0xa2, 0xe8, 0xa2, 0xf0, 0xa2, 0xf0, 0xc2, 0xf0, 0xc2, 0xf0, 0xa2, 0xf0,
    0xa2, 0xe8, 0xa2, 0xe8, 0xa2, 0xe8, 0xa2, 0xf0, 0xa2, 0xf0, 0xa2, 0xf0,
    0xa2, 0xf0, 0xa2, 0xe8, 0xc2, 0xf0, 0xc2, 0xf0, 0xc2, 0xf0, 0xc2, 0xf0,
    0xc2, 0xf0, 0xc2, 0xf0, 0xa2, 0xf0, 0xc2, 0xf0, 0xa2, 0xf0, 0xa2, 0xf0,
    0xc2, 0xf0, 0xa2, 0xf0, 0xa2, 0xf0, 0xa2, 0xf0, 0xc2, 0xf0, 0xc2, 0xf0,
    0xa2, 0xf0, 0xa2, 0xf0, 0xc2, 0xf0, 0xa2, 0xf0, 0xa2, 0xf0, 0xa1, 0xf0,
    0xc2, 0xf0, 0xa2, 0xe8, 0xa2, 0xf0, 0xa2, 0xf0, 0xa2, 0xe8, 0xa2, 0xf0,
    0xa2, 0xf0, 0xa2, 0xf0, 0xa2, 0xf0, 0xa2, 0xf0, 0xa2, 0xf0, 0xa1, 0xf0,
    0xa2, 0xe8, 0xa2, 0xf0, 0xa2, 0xf0, 0xa2, 0xe8, 0xa2, 0xf0, 0xa1, 0xf0,
    0xa2, 0xf0, 0xa2, 0xf0, 0xa2, 0xf0, 0xa2, 0xf0, 0xa1, 0xf0, 0xa2, 0xf0,
    0xa2, 0xf0, 0xa1, 0xf0, 0xa1, 0xf0, 0xa1, 0xf0, 0xa2, 0xf0, 0xa2, 0xf0,
    0xa2, 0xf0, 0xa1, 0xe8, 0xa2, 0xf0, 0xa2, 0xf0, 0xa1, 0xe8, 0xa1, 0xf0,
    0xa2, 0xf0, 0xa2, 0xe8, 0xa1, 0xf0, 0xa2, 0xf0, 0xa2, 0xe8, 0xa2, 0xf0,
    0xa2, 0xe8, 0xc2, 0xf0, 0xa2, 0xf0, 0xa2, 0xe8, 0xa2, 0xf0, 0xa1, 0xe8,
    0xa1, 0xe8, 0xa2, 0xe8, 0xa1, 0xe8, 0xa1, 0xe8, 0xc2, 0xe8, 0xa2, 0xf0,
    0xa2, 0xf0, 0xa2, 0xf0, 0xa1, 0xf0, 0xa2, 0xf0, 0xa2, 0xf0, 0xa2, 0xf0,
    0xa2, 0xf0, 0xa2, 0xf0, 0xa2, 0xf0, 0xa2, 0xf0, 0xa2, 0xf0, 0xa2, 0xe8,
    0xa2, 0xf0, 0xa2, 0xf0, 0xc2, 0xf0, 0xa2, 0xf0, 0xa1, 0xf0, 0xa1, 0xf0,
    0xa2, 0xf0, 0xa2, 0xf0, 0xa2, 0xf0, 0xa2, 0xf0, 0xa2, 0xf0, 0xc2, 0xf0,
    0xc2, 0xf0, 0xc2, 0xf0, 0xa2, 0xf0, 0xa2, 0xf0, 0xa2, 0xe8, 0xa2, 0xf0,
    0xa2, 0xe8, 0xa1, 0xf0, 0xa2, 0xe8, 0xa2, 0xf0, 0xc2, 0xf0, 0xc2, 0xf0,
    0xa2, 0xf0, 0xa2, 0xf0, 0xa1, 0xf0, 0xa2, 0xf0, 0xc2, 0xf0, 0xc2, 0xf0,
    0xc2, 0xf0, 0xa2, 0xf0, 0xa2, 0xf0, 0xa2, 0xf0, 0xa2, 0xf0, 0xa2, 0xf0,
    0xa1, 0xf0, 0xa2, 0xf0, 0xa2, 0xf0, 0xa1, 0xe8, 0xa2, 0xf0, 0xa2, 0xf0,
    0xa1, 0xe8, 0xa2, 0xf0, 0xa2, 0xf0, 0xa1, 0xf0, 0xa2, 0xe8, 0xa2, 0xe8,
    0xa1, 0xf0, 0xa2, 0xf0, 0xa1, 0xf0, 0xc2, 0xe8, 0xc2, 0xf0, 0xc2, 0xf0,
    0xa2, 0xf0, 0xc2, 0xf0, 0xa1, 0xf0, 0xc2, 0xf0, 0xa2, 0xf0, 0xa2, 0xf0,
    0xa2, 0xf0, 0xa2, 0xf0, 0xc2, 0xf0, 0xa2, 0xf0, 0xa2, 0xf0, 0xa2, 0xe8,
    0xa2, 0xe8, 0xa2, 0xf0, 0xc2, 0xf0, 0xc2, 0xf0, 0xc2, 0xf0, 0xa2, 0xf0,
    0xa2, 0xe8, 0xa2, 0xe8, 0xa2, 0xf0, 0xa2, 0xf0, 0xc2, 0xe8, 0xc2, 0xf0,
    0xa1, 0xf0, 0xa2, 0xe8, 0xa2, 0xf0, 0xa2, 0xf0, 0xa2, 0xe8, 0xa2, 0xf0,
    0xa1, 0xf0, 0xc2, 0xf0, 0xa2, 0xf0, 0xc2, 0xe8, 0xc2, 0xf0, 0xc2, 0xf0,
    0xc2, 0xe8, 0xa2, 0xf0, 0xa2, 0xf0, 0xa1, 0xf0, 0xa2, 0xf0, 0xa2, 0xf0,
    0xa2, 0xf0, 0xa2, 0xf0, 0xa1, 0xf0, 0xa2, 0xf0, 0xa1, 0xe8, 0xa2, 0xf0,
    0xc2, 0xf0, 0xc2, 0xf0, 0xa2, 0xf0, 0xa2, 0xf0, 0xc2, 0xf0, 0xa2, 0xf0,
    0xc2, 0xf0, 0xa2, 0xf0, 0xa2, 0xf0, 0xc2, 0xf0, 0xc2, 0xf0, 0xc2, 0xf0,
    0xa1, 0xf0, 0xa2, 0xf0, 0xc2, 0xf0, 0xa2, 0xf0, 0xa2, 0xe8, 0xa2, 0xf0,
    0xc2, 0xf0, 0xa2, 0xf0, 0xc2, 0xf0, 0xc2, 0xf0, 0xa2, 0xf0, 0xa2, 0xf0,
    0xa2, 0xf0, 0xc2, 0xf0, 0xa2, 0xf0, 0xc2, 0xf0, 0xa2, 0xf0, 0xa1, 0xe8,
    0xc2, 0xf0, 0xc2, 0xf0, 0xc2, 0xf0, 0xc2, 0xf0, 0xc2, 0xf0, 0xc2, 0xf0,
    0xc2, 0xf0, 0xa2, 0xf0, 0xc2, 0xf0, 0xc2, 0xf0, 0xc2, 0xf0, 0xc2, 0xe8,
    0xc2, 0xf0, 0xc2, 0xf0, 0xa2, 0xf0, 0xc2, 0xf0, 0xa2, 0xf0, 0xa1, 0xf0,
    0xc2, 0xf0, 0xc6, 0xe9, 0xe6, 0xe9, 0xe2, 0xe8, 0xc2, 0xe8, 0xc2, 0xf0,
    0xc2, 0xf0, 0xe2, 0xe8, 0xc1, 0xe8, 0xe2, 0xf0, 0xe2, 0xe8, 0x85, 0xf1,
    0x85, 0xf1, 0xc2, 0xf0, 0xc3, 0xf0, 0xe2, 0xf0, 0xe3, 0xe8, 0x04, 0xe1,
    0x03, 0xe9, 0xe2, 0xf0, 0xc2, 0xf0, 0xc2, 0xf0, 0x65, 0xe9, 0x44, 0xe9,
    0x03, 0xe9, 0x03, 0xf1, 0xa2, 0xf0, 0xa2, 0xf0, 0xa2, 0xf0, 0xc2, 0xf0,
    0xc2, 0xe8, 0xa2, 0xe8, 0xa2, 0xf0, 0xa2, 0xf0, 0xa2, 0xf0, 0xa2, 0xf0,
    0xa2, 0xf0, 0xa2, 0xf0, 0xa2, 0xe8, 0xa2, 0xf0, 0xa2, 0xf0, 0xa2, 0xf0,
    0xa2, 0xf0, 0xa1, 0xe8, 0xa2, 0xf0, 0xa2, 0xf0, 0xa2, 0xe8, 0xc2, 0xf0,
    0xa2, 0xf0, 0xa1, 0xe8, 0xa2, 0xf0, 0xc2, 0xf0, 0xa2, 0xf0, 0xc2, 0xf0,
    0xc2, 0xf0, 0xc2, 0xf0, 0xc2, 0xf0, 0xa2, 0xf0, 0xc2, 0xe8, 0xa2, 0xe8,
    0xc2, 0xf0, 0xc2, 0xf0, 0xc2, 0xe8, 0xc2, 0xf0, 0xc2, 0xf0, 0xc2, 0xf0,
    0xc2, 0xf0, 0xc2, 0xf0, 0xa1, 0xf0, 0xc2, 0xf0, 0xc2, 0xf0, 0xa2, 0xf0,
    0xa2, 0xf0, 0xa2, 0xf0, 0xa2, 0xf0, 0xc2, 0xf0, 0xa1, 0xe8, 0xa2, 0xf0,
    0xa1, 0xe8, 0xa1, 0xf0, 0xa2, 0xf0, 0xa2, 0xe8, 0xa2, 0xf0, 0xc2, 0xf0,
    0xc2, 0xf0, 0xc2, 0xf0, 0xc2, 0xf0, 0xa2, 0xf0, 0xc2, 0xf0, 0xa2, 0xf0,
    0xc2, 0xe8, 0xc2, 0xf0, 0xa2, 0xf0, 0xc2, 0xf0, 0xc2, 0xe8, 0xa1, 0xe8,
    0xa1, 0xf0, 0xa2, 0xe8, 0xa2, 0xf0, 0xa1, 0xf0, 0xa2, 0xf0, 0xc2, 0xf0,
    0xa1, 0xe8, 0xa2, 0xf0, 0xc2, 0xf0, 0xc2, 0xf0, 0xa2, 0xf0, 0xa2, 0xf0,
    0xa2, 0xe8, 0xa2, 0xf0, 0xa2, 0xf0, 0xa2, 0xe8, 0xa2, 0xf0, 0xa2, 0xe8,
    0xa2, 0xf0, 0xa1, 0xf0, 0xa2, 0xf0, 0xa2, 0xf0, 0xa1, 0xe8, 0xc2, 0xf0,
    0xa2, 0xf0, 0xa2, 0xf0, 0xa1, 0xf0, 0xa2, 0xf0, 0xa2, 0xf0, 0xa2, 0xf0,
    0xa2, 0xe8, 0xa2, 0xf0, 0xa2, 0xf0, 0xa2, 0xf0, 0xc2, 0xf0, 0xa2, 0xf0,
    0xa2, 0xf0, 0xa2, 0xf0, 0xa2, 0xf0, 0xa2, 0xe8, 0xc1, 0xf0, 0xa2, 0xf0,
    0xc2, 0xf0, 0xc1, 0xf0, 0xa2, 0xf0, 0xa2, 0xf0, 0xc2, 0xe8, 0xa2, 0xf0,
    0xa2, 0xf0, 0xa2, 0xf0, 0xa2, 0xf0, 0xa2, 0xf0, 0xa2, 0xe8, 0xc2, 0xf0,
    0xa2, 0xf0, 0xa1, 0xe8, 0xa2, 0xf0, 0xa2, 0xf0, 0xa2, 0xf0, 0xa2, 0xf0,
    0xa2, 0xf0, 0xa1, 0xe8, 0xa2, 0xf0, 0xa2, 0xf0, 0xa2, 0xf0, 0xa2, 0xe8,
    0xa2, 0xe8, 0xa2, 0xf0, 0xa2, 0xf0, 0xa2, 0xe8, 0xa2, 0xf0, 0xa2, 0xe8,
    0xa2, 0xf0, 0xa2, 0xf0, 0xa2, 0xf0, 0xa2, 0xf0, 0xc2, 0xf0, 0xc2, 0xf0,
    0xa2, 0xf0, 0xa2, 0xf0, 0xa2, 0xf0, 0xa2, 0xf0, 0xa2, 0xf0, 0xa2, 0xf0,
    0xc2, 0xf0, 0xa2, 0xf0, 0xc2, 0xf0, 0xc2, 0xf0, 0xc2, 0xf0, 0xc2, 0xf0,
    0xa2, 0xf0, 0xa2, 0xe8, 0xa2, 0xf0, 0xa1, 0xe8, 0xa1, 0xf0, 0xa2, 0xf0,
    0xa1, 0xf0, 0xc2, 0xf0, 0xa2, 0xf0, 0xc2, 0xf0, 0xa2, 0xf0, 0xa2, 0xf0,
    0xa2, 0xf0, 0xc2, 0xf0, 0xa2, 0xf0, 0xa2, 0xf0, 0xa2, 0xf0, 0xa2, 0xf0,
    0xa2, 0xf0, 0xa2, 0xf0, 0xc1, 0xf0, 0xa2, 0xe8, 0xa2, 0xf0, 0xa2, 0xf0,
    0x82, 0xe8, 0xa2, 0xf0, 0xa1, 0xe8, 0xa2, 0xe8, 0xa2, 0xe8, 0xa2, 0xe8,
    0xa1, 0xe8, 0xa2, 0xf0, 0xa2, 0xf0, 0xa2, 0xe8, 0xa2, 0xf0, 0xc2, 0xf0,
    0xc2, 0xf0, 0xa2, 0xf0, 0xc2, 0xf0, 0xa2, 0xf0, 0xc2, 0xf0, 0xa2, 0xf0,
    0xc2, 0xf0, 0xc2, 0xf0, 0xc2, 0xf0, 0xa2, 0xf0, 0xa2, 0xf0, 0xc2, 0xf0,
    0xa2, 0xf0, 0xc2, 0xf0, 0xa2, 0xf0, 0xc2, 0xf0, 0xc2, 0xe8, 0xa2, 0xe8,
    0xa2, 0xf0, 0xa2, 0xf0, 0xa2, 0xf0, 0xa2, 0xf0, 0xa1, 0xe8, 0xa2, 0xe8,
    0xc2, 0xf0, 0xc2, 0xf0, 0xa2, 0xf0, 0xc2, 0xf0, 0xc2, 0xf0, 0xc2, 0xf0,
    0xc2, 0xf0, 0xc2, 0xf0, 0xa2, 0xf0, 0xc2, 0xf0, 0xa2, 0xf0, 0xa1, 0xf0,
    0xa2, 0xf0, 0xc2, 0xf0, 0xc2, 0xf0, 0xa2, 0xf0, 0xa2, 0xe8, 0xa2, 0xe8,
    0xa1, 0xf0, 0xc2, 0xf0, 0xc2, 0xf0, 0xc2, 0xf0, 0xc2, 0xf0, 0xc2, 0xf0,
    0xa2, 0xf0, 0xa2, 0xe8, 0xc2, 0xf0, 0xa2, 0xf0, 0xc2, 0xf0, 0xc2, 0xf0,
    0xc2, 0xf0, 0xc2, 0xf0, 0xa2, 0xf0, 0xa2, 0xf0, 0xa1, 0xf0, 0xc2, 0xf0,
    0xc2, 0xf0, 0xa2, 0xf0, 0xa2, 0xf0, 0xc1, 0xf0, 0xa2, 0xe8, 0xa1, 0xf0,
    0xc2, 0xf0, 0xa2, 0xe8, 0xc2, 0xf0, 0xa2, 0xf0, 0xa2, 0xe8, 0xa1, 0xf0,
    0xc2, 0xf0, 0xc2, 0xe8, 0xa2, 0xf0, 0xa2, 0xf0, 0xc2, 0xf0, 0xc2, 0xf0,
    0xa2, 0xf0, 0xc2, 0xf0, 0xc2, 0xf0, 0xc2, 0xf0, 0xa2, 0xf0, 0xc2, 0xe8,
    0xc2, 0xf0, 0xc2, 0xf0, 0xc2, 0xf0, 0xc2, 0xf0, 0xa2, 0xe8, 0xa2, 0xe8,
    0xa2, 0xf0, 0xc2, 0xf0, 0xa2, 0xe8, 0xa2, 0xf0, 0xc2, 0xf0, 0xc2, 0xf0,
    0xc1, 0xf0, 0xc2, 0xf0, 0xc1, 0xf0, 0xa2, 0xf0, 0xa2, 0xf0, 0xc1, 0xf0,
    0xa1, 0xf0, 0xc1, 0xe8, 0xc2, 0xf0, 0xc1, 0xf0, 0xc1, 0xf0, 0xc2, 0xf0,
    0xe2, 0xf0, 0xe2, 0xf0, 0xe2, 0xf0, 0xc2, 0xf0, 0xc3, 0xf0, 0xe3, 0xf0,
    0xc2, 0xf0, 0xc2, 0xe8, 0xe2, 0xf0, 0xe2, 0xf0, 0xc3, 0xf0, 0xc2, 0xf0,
    0xc2, 0xf0, 0xc2, 0xf0, 0xc2, 0xf0, 0xc2, 0xf0, 0xa2, 0xf0, 0xa2, 0xf0,
    0xc2, 0xf0, 0xc2, 0xf0, 0xc2, 0xf0, 0xa2, 0xf0, 0xa2, 0xf0, 0xa2, 0xf0,
    0xa2, 0xe8, 0xa2, 0xf0, 0xa2, 0xf0, 0xa2, 0xf0, 0xa2, 0xe8, 0xa2, 0xf0,
    0xa2, 0xf0, 0xa2, 0xe8, 0xa1, 0xf0, 0xa2, 0xf0, 0xc2, 0xe8, 0xa1, 0xf0,
    0xa2, 0xf0, 0xa2, 0xf0, 0xc2, 0xe8, 0xa2, 0xf0, 0xa2, 0xf0, 0xa2, 0xf0,
    0xc2, 0xe8, 0xa2, 0xf0, 0xa2, 0xf0, 0xa2, 0xe8, 0xa2, 0xf0, 0xc2, 0xf0,
    0xc2, 0xf0, 0xc2, 0xf0, 0xa2, 0xf0, 0xc2, 0xf0, 0xc2, 0xf0, 0xc2, 0xe8,
    0xa2, 0xf0, 0xc2, 0xe8, 0xc2, 0xf0, 0xc2, 0xf0, 0xc2, 0xf0, 0xc2, 0xf0,
    0xc2, 0xf0, 0xc2, 0xf0, 0xc2, 0xf0, 0xc2, 0xf0, 0xc2, 0xf0, 0xc2, 0xf0,
    0xc2, 0xf0, 0xa2, 0xe8, 0xa1, 0xf0, 0xa2, 0xe8, 0xa2, 0xf0, 0xa2, 0xf0,
    0xa2, 0xf0, 0xa1, 0xf0, 0xc2, 0xf0, 0xc2, 0xf0, 0xa2, 0xf0, 0xc2, 0xf0,
    0xa2, 0xf0, 0xa2, 0xf0, 0xc2, 0xf0, 0xa2, 0xf0, 0xa2, 0xf0, 0xc2, 0xf0,
    0xa2, 0xf0, 0xa2, 0xf0, 0xa2, 0xf0, 0xa2, 0xf0, 0xa2, 0xf0, 0xa2, 0xf0,
    0xa2, 0xf0, 0xa2, 0xf0, 0xa2, 0xf0, 0xa2, 0xe8, 0xa1, 0xf0, 0xa2, 0xf0,
    0xc2, 0xf0, 0xa1, 0xe8, 0xa2, 0xf0, 0xa2, 0xf0, 0xa2, 0xe8, 0xa2, 0xf0,
    0xa2, 0xf0, 0xa2, 0xf0, 0xa2, 0xe8, 0xa2, 0xf0, 0xa2, 0xf0, 0xa2, 0xf0,
    0xa2, 0xf0, 0xc2, 0xf0, 0xa2, 0xf0, 0xa2, 0xf0, 0xa2, 0xf0, 0xa2, 0xf0,
    0xa1, 0xf0, 0xa2, 0xf0, 0xc2, 0xf0, 0xa2, 0xf0, 0xc2, 0xf0, 0xc2, 0xe8,
    0xa2, 0xe8, 0xc2, 0xf0, 0xc2, 0xf0, 0xc2, 0xf0, 0xc2, 0xf0, 0xc2, 0xf0,
    0xc2, 0xf0, 0xc2, 0xf0, 0xc2, 0xf0, 0xc1, 0xf0, 0xc2, 0xf0, 0xa2, 0xf0,
    0xa2, 0xf0, 0xa1, 0xf0, 0xa2, 0xf0, 0xa2, 0xe8, 0xa2, 0xf0, 0xa2, 0xe8,
    0xa2, 0xe8, 0xa2, 0xf0, 0xc2, 0xf0, 0xa1, 0xe8, 0xa2, 0xe8, 0xa2, 0xf0,
    0xa2, 0xf0, 0xa2, 0xe8, 0xa1, 0xe8, 0xa2, 0xf0, 0xc2, 0xf0, 0xa2, 0xf0,
    0xa2, 0xf0, 0xa2, 0xf0, 0xa2, 0xf0, 0xa2, 0xf0, 0xa2, 0xe8, 0xa2, 0xf0,
    0xa2, 0xf0, 0xa2, 0xf0, 0xa2, 0xe8, 0xa2, 0xf0, 0xa2, 0xf0, 0xa2, 0xe8,
    0xa2, 0xf0, 0xc2, 0xf0, 0xc2, 0xf0, 0xa2, 0xe8, 0xc2, 0xf0, 0xa2, 0xf0,
    0xc2, 0xf0, 0xc2, 0xf0, 0xc2, 0xf0, 0xc2, 0xf0, 0xc2, 0xf0, 0xc2, 0xf0,
    0xa2, 0xf0, 0xa2, 0xf0, 0xa1, 0xf0, 0xa2, 0xf0, 0xa2, 0xf0, 0xa2, 0xf0,
    0xa2, 0xf0, 0xc2, 0xf0, 0xa2, 0xe8, 0xa2, 0xf0, 0xc2, 0xf0, 0xc2, 0xf0,
    0xa2, 0xf0, 0xa2, 0xf0, 0xa2, 0xf0, 0xc2, 0xf0, 0xa2, 0xf0, 0xa2, 0xf0,
    0xc2, 0xf0, 0xa1, 0xf0, 0xa1, 0xf0, 0xa2, 0xf0, 0xa2, 0xf0, 0xa2, 0xe8,
    0xa2, 0xf0, 0xa2, 0xf0, 0xa2, 0xe8, 0xa1, 0xf0, 0xa1, 0xe8, 0xa1, 0xe8,
    0xa2, 0xf0, 0xa2, 0xe8, 0xa2, 0xf0, 0xc2, 0xf0, 0xc2, 0xf0, 0xc2, 0xe8,
    0xa2, 0xf0, 0xa2, 0xf0, 0xa2, 0xf0, 0xa2, 0xf0, 0xc2, 0xf0, 0xa2, 0xf0,
    0xa2, 0xf0, 0xc2, 0xf0, 0xa2, 0xf0, 0xc2, 0xf0, 0xc2, 0xf0, 0xc2, 0xf0,
    0xa2, 0xf0, 0xa2, 0xf0, 0xa1, 0xe8, 0xa2, 0xe8, 0xc2, 0xf0, 0xa2, 0xf0,
    0xc2, 0xf0, 0xa2, 0xe8, 0xc2, 0xf0, 0xa2, 0xe8, 0xa2, 0xf0, 0xc2, 0xf0,
    0xa2, 0xe8, 0xa1, 0xe8, 0xa2, 0xf0, 0xa2, 0xf0, 0xc2, 0xf0, 0xa2, 0xf0,
    0xa2, 0xe8, 0xa2, 0xf0, 0xc2, 0xf0, 0xa2, 0xf0, 0xa2, 0xf0, 0xc2, 0xf0,
    0xa2, 0xe8, 0xa2, 0xf0, 0xa1, 0xe8, 0xa2, 0xf0, 0xa2, 0xe8, 0xc2, 0xf0,
    0xa2, 0xf0, 0xa2, 0xe8, 0xc2, 0xf0, 0xc2, 0xf0, 0xa2, 0xf0, 0xa2, 0xf0,
    0xc2, 0xf0, 0xc2, 0xf0, 0xa2, 0xf0, 0xa2, 0xf0, 0xc2, 0xf0, 0xa2, 0xf0,
    0xa2, 0xf0, 0xa2, 0xf0, 0xa2, 0xf0, 0xc2, 0xf0, 0xc2, 0xf0, 0xa2, 0xf0,
    0xa2, 0xf0, 0xc2, 0xf0, 0xa2, 0xf0, 0xc2, 0xe8, 0xc2, 0xe8, 0xc2, 0xf0,
    0xa2, 0xf0, 0xa2, 0xf0, 0xa2, 0xf0, 0xc2, 0xf0, 0xc2, 0xf0, 0xa2, 0xf0,
    0xa2, 0xf0, 0xc2, 0xf0, 0xa2, 0xf0, 0xc2, 0xf0, 0xc2, 0xf0, 0xa2, 0xf0,
    0xc2, 0xf0, 0xc2, 0xf0, 0xa2, 0xf0, 0xc2, 0xf0, 0xc2, 0xe8, 0xc2, 0xf0,
    0xc2, 0xf0, 0xc2, 0xf0, 0xa2, 0xf0, 0xc2, 0xf0, 0xc2, 0xf0, 0xc2, 0xf0,
    0xc2, 0xf0, 0xa2, 0xe8, 0xa2, 0xf0, 0xa2, 0xe8, 0xa2, 0xf0, 0xa1, 0xe8,
    0xa2, 0xf0, 0xa2, 0xf0, 0xc1, 0xf0, 0xc2, 0xf0, 0xc1, 0xf0, 0xa2, 0xf0,
    0xc2, 0xf0, 0xa1, 0xf0, 0xc1, 0xf0, 0xc2, 0xf0, 0xc2, 0xf0, 0xc2, 0xf0,
    0xc2, 0xf0, 0xe2, 0xf0, 0xe2, 0xf0, 0xe2, 0xf0, 0xe2, 0xf0, 0xe2, 0xf0,
    0xe3, 0xf0, 0xe3, 0xf0, 0xc2, 0xf0, 0xc3, 0xf0, 0xe2, 0xe8, 0xe2, 0xf0,
    0xc3, 0xf0, 0xc2, 0xf0, 0xc2, 0xf0, 0xc2, 0xf0, 0xc2, 0xf0, 0xc2, 0xf0,
    0xa2, 0xf0, 0xc2, 0xf0, 0xc2, 0xf0, 0xc2, 0xf0, 0xc2, 0xf0, 0xc2, 0xf0,
    0xa2, 0xf0, 0xa2, 0xe8, 0xa2, 0xf0, 0xa2, 0xf0, 0xc2, 0xe8, 0xc2, 0xf0,
    0xa2, 0xf0, 0xa2, 0xe8, 0xc2, 0xe8, 0xc1, 0xe8, 0xc2, 0xf0, 0xc2, 0xf0,
    0xa2, 0xf0, 0xa2, 0xf0, 0xa2, 0xf0, 0xa2, 0xe8, 0xa1, 0xf0, 0xc2, 0xe8,
    0xa2, 0xf0, 0xc2, 0xf0, 0xc2, 0xe8, 0xa2, 0xe8, 0xc2, 0xf0, 0xc2, 0xf0,
    0xa2, 0xf0, 0xc2, 0xf0, 0xc2, 0xf0, 0xa2, 0xf0, 0xc2, 0xf0, 0xc2, 0xf0,
    0xa2, 0xe8, 0xa1, 0xf0, 0xa2, 0xe8, 0xa2, 0xe8, 0xc2, 0xf0, 0xc2, 0xf0,
    0xa2, 0xf0, 0xc2, 0xf0, 0xa2, 0xf0, 0xc2, 0xf0, 0xc2, 0xf0, 0xa2, 0xf0,
    0xa2, 0xf0, 0xc2, 0xf0, 0xa2, 0xf0, 0xa1, 0xe8, 0xa2, 0xe8, 0xa2, 0xf0,
    0xa2, 0xe8, 0xa2, 0xf0, 0xa2, 0xf0, 0xa2, 0xe8, 0xc2, 0xf0, 0xc2, 0xf0,
    0xc2, 0xf0, 0xc2, 0xf0, 0xc2, 0xf0, 0xc2, 0xf0, 0xa2, 0xf0, 0xc2, 0xf0,
    0xc2, 0xf0, 0xc2, 0xf0, 0xc2, 0xf0, 0xc2, 0xf0, 0xa2, 0xf0, 0xa2, 0xf0,
    0xa2, 0xf0, 0xa2, 0xf0, 0xa2, 0xf0, 0xa2, 0xf0, 0xa1, 0xf0, 0xa2, 0xf0,
    0xa2, 0xe8, 0xa2, 0xf0, 0xc2, 0xf0, 0xa2, 0xf0, 0xa2, 0xf0, 0xa2, 0xf0,
    0xa2, 0xf0, 0xa2, 0xf0, 0xa2, 0xf0, 0xa2, 0xf0, 0xa2, 0xe8, 0xa1, 0xf0,
    0xa2, 0xf0, 0xa2, 0xf0, 0xa2, 0xf0, 0xa2, 0xf0, 0xa2, 0xf0, 0xa2, 0xf0,
    0xa2, 0xf0, 0xa2, 0xf0, 0xa2, 0xf0, 0xa2, 0xf0, 0xc2, 0xf0, 0xc2, 0xf0,
    0xa2, 0xf0, 0xa2, 0xf0, 0xc2, 0xf0, 0xa2, 0xf0, 0xa2, 0xf0, 0xc2, 0xf0,
    0xa2, 0xf0, 0xa2, 0xf0, 0xa2, 0xf0, 0xa2, 0xf0, 0xa2, 0xe8, 0xc2, 0xf0,
    0xa2, 0xf0, 0xc2, 0xf0, 0xc2, 0xf0, 0xc2, 0xf0, 0xc2, 0xf0, 0xc2, 0xf0,
    0xc2, 0xf0, 0xc1, 0xe8, 0xa1, 0xf0, 0xa2, 0xf0, 0xa2, 0xf0, 0xa1, 0xe8,
    0xa1, 0xe8, 0xc2, 0xf0, 0xa2, 0xe8, 0xc2, 0xf0, 0xa2, 0xe8, 0xa2, 0xf0,
    0xc2, 0xf0, 0xa2, 0xf0, 0xa2, 0xe8, 0xc2, 0xf0, 0xa1, 0xf0, 0xa2, 0xe8,
    0xa2, 0xf0, 0xa2, 0xf0, 0xa2, 0xf0, 0xa2, 0xe8, 0xa2, 0xf0, 0xa2, 0xf0,
    0xa2, 0xe8, 0xa2, 0xf0, 0xa2, 0xf0, 0xc2, 0xf0, 0xa2, 0xf0, 0xc2, 0xf0,
    0xa2, 0xf0, 0xa2, 0xf0, 0xc2, 0xf0, 0xa2, 0xf0, 0xa2, 0xf0, 0xc2, 0xf0,
    0xa2, 0xf0, 0xa2, 0xf0, 0xc2, 0xf0, 0xa2, 0xf0, 0xa2, 0xe8, 0xa2, 0xf0,
    0xa2, 0xf0, 0xa2, 0xe8, 0xc2, 0xf0, 0xa2, 0xf0, 0xc2, 0xf0, 0xc2, 0xf0,
    0xa2, 0xf0, 0xa2, 0xf0, 0xa2, 0xf0, 0xc2, 0xf0, 0xa2, 0xf0, 0xc2, 0xf0,
    0xc2, 0xf0, 0xa2, 0xf0, 0xa2, 0xf0, 0xa2, 0xf0, 0xa2, 0xe8, 0xa1, 0xe8,
    0xa2, 0xf0, 0xc2, 0xf0, 0xc2, 0xf0, 0xa2, 0xf0, 0xa2, 0xf0, 0xa2, 0xf0,
    0xa2, 0xf0, 0xa2, 0xf0, 0xa2, 0xf0, 0xa1, 0xf0, 0xa2, 0xf0, 0xc2, 0xf0,
    0xc2, 0xf0, 0xc2, 0xf0, 0xc2, 0xf0, 0xc2, 0xf0, 0xc2, 0xf0, 0xc2, 0xf0,
    0xa2, 0xf0, 0xc2, 0xf0, 0xc2, 0xf0, 0xc2, 0xf0, 0xc2, 0xf0, 0xc2, 0xf0,
    0xc2, 0xf0, 0xa2, 0xf0, 0xc2, 0xf0, 0xa2, 0xf0, 0xa2, 0xf0, 0xa2, 0xf0,
    0xa2, 0xe8, 0xa2, 0xf0, 0xa2, 0xf0, 0xc2, 0xe8, 0xc2, 0xf0, 0xa2, 0xf0,
    0xc2, 0xe8, 0xc2, 0xf0, 0xc2, 0xf0, 0xc2, 0xf0, 0xa2, 0xf0, 0xc2, 0xf0,
    0xc2, 0xf0, 0xc2, 0xf0, 0xa2, 0xf0, 0xc2, 0xf0, 0xa2, 0xf0, 0xa2, 0xf0,
    0xa2, 0xf0, 0xc2, 0xf0, 0xc2, 0xf0, 0xa2, 0xf0, 0xc2, 0xf0, 0xa2, 0xf0,
    0xa2, 0xf0, 0xa1, 0xe8, 0xa1, 0xf0, 0xa2, 0xf0, 0xc2, 0xf0, 0xa2, 0xf0,
    0xa2, 0xf0, 0xc2, 0xf0, 0xc2, 0xf0, 0xc2, 0xf0, 0xa2, 0xf0, 0xa1, 0xe8,
    0xc2, 0xf0, 0xc2, 0xf0, 0xa2, 0xe8, 0xc2, 0xf0, 0xa2, 0xf0, 0xc2, 0xf0,
    0xc2, 0xf0, 0xc2, 0xf0, 0xc2, 0xf0, 0xc2, 0xf0, 0xc2, 0xf0, 0xc2, 0xf0,
    0xc2, 0xf0, 0xc2, 0xf0, 0xc2, 0xf0, 0xc2, 0xf0, 0xa2, 0xf0, 0xc2, 0xf0,
    0xc2, 0xf0, 0xa2, 0xf0, 0xc2, 0xf0, 0xc2, 0xe8, 0xa2, 0xe8, 0xa1, 0xe8,
    0xa2, 0xf0, 0xa2, 0xe8, 0xa2, 0xf0, 0xc2, 0xf0, 0xa2, 0xf0, 0xc2, 0xe8,
    0xc2, 0xf0, 0xa2, 0xf0, 0xc2, 0xf0, 0xc2, 0xe8, 0xc2, 0xf0, 0xc2, 0xf0,
    0xc2, 0xe8, 0xc2, 0xf0, 0xc2, 0xf0, 0xc2, 0xf0, 0xc2, 0xe8, 0xc2, 0xf0,
    0xc2, 0xf0, 0xc2, 0xf0, 0xc2, 0xe8, 0xa2, 0xf0, 0xa1, 0xf0, 0xc1, 0xe8,
    0xc2, 0xf0, 0xc2, 0xf0, 0xc1, 0xf0, 0xc2, 0xf0, 0xc2, 0xf0, 0xc2, 0xf0,
    0xc1, 0xf0, 0xc2, 0xf0, 0xe2, 0xf0, 0xc2, 0xf0, 0xe2, 0xf0, 0xe2, 0xf0,
    0xe2, 0xf0, 0xe2, 0xf0, 0xe2, 0xf0, 0xe2, 0xf0, 0xc3, 0xf0, 0xc3, 0xf0,
    0xe2, 0xf0, 0xe2, 0xf0, 0xc3, 0xe8, 0xc2, 0xf0, 0xc2, 0xf0, 0xc2, 0xf0,
    0xc2, 0xf0, 0xc2, 0xf0, 0xc2, 0xf0, 0xc2, 0xf0, 0xc2, 0xf8, 0xc2, 0xf0,
    0xc2, 0xf0, 0xa2, 0xf0, 0xc2, 0xf0, 0xa2, 0xf0, 0xc2, 0xf0, 0xa2, 0xf0,
    0xa2, 0xe8, 0xc2, 0xf0, 0xc2, 0xf0, 0xa2, 0xe8, 0xa2, 0xf0, 0xa2, 0xf0,
    0xc2, 0xf0, 0xc2, 0xe8, 0xa2, 0xf0, 0xc2, 0xf0, 0xc2, 0xe8, 0xc2, 0xf0,
    0xa2, 0xf0, 0xa2, 0xe8, 0xa1, 0xe8, 0xa2, 0xf0, 0xc2, 0xf0, 0xa2, 0xe8,
    0xc2, 0xf0, 0xc2, 0xf0, 0xa2, 0xf0, 0xc2, 0xf0, 0xc2, 0xf0, 0xc2, 0xf0,
    0xc2, 0xf0, 0xc2, 0xe8, 0xc2, 0xf0, 0xc2, 0xf0, 0xa1, 0xf0, 0xc2, 0xf0,
    0xc2, 0xf0, 0xa2, 0xf0, 0xa2, 0xf0, 0xc2, 0xf0, 0xc2, 0xf0, 0xa2, 0xf0,
    0xa2, 0xf0, 0xc2, 0xf0, 0xc2, 0xf0, 0xc2, 0xf0, 0xa2, 0xf0, 0xa2, 0xf0,
    0xa2, 0xe8, 0xa2, 0xf0, 0xa2, 0xf0, 0xa2, 0xe8, 0xa2, 0xf0, 0xa1, 0xf0,
    0xa2, 0xf0, 0xa2, 0xf0, 0xa2, 0xf0, 0xa2, 0xf0, 0xc2, 0xf0, 0xa2, 0xf0,
    0xc2, 0xf0, 0xa2, 0xf0, 0xa2, 0xf0, 0xa2, 0xf0, 0xc2, 0xf0, 0xc2, 0xf0,
    0xc2, 0xf0, 0xa2, 0xf0, 0xc2, 0xf0, 0xa1, 0xf0, 0xa1, 0xe8, 0xc2, 0xf0,
    0xa2, 0xf0, 0xc2, 0xf0, 0xa2, 0xe8, 0xc2, 0xf0, 0xc2, 0xf0, 0xc2, 0xf0,
    0xa2, 0xf0, 0xa2, 0xf0, 0xa2, 0xf0, 0xa2, 0xe8, 0xa2, 0xf0, 0xa2, 0xf0,
    0xa2, 0xf0, 0xa1, 0xe8, 0xc2, 0xf0, 0xa2, 0xf0, 0xa2, 0xf0, 0xa1, 0xf0,
    0xc2, 0xf0, 0xa2, 0xf0, 0xa2, 0xf0, 0xa2, 0xf0, 0xa2, 0xf0, 0xa2, 0xf0,
    0xc2, 0xf0, 0xa2, 0xf0, 0xa2, 0xf0, 0xc2, 0xf0, 0xc2, 0xf0, 0xa2, 0xf0,
    0xa2, 0xf0, 0xc2, 0xf0, 0xa2, 0xe8, 0xc2, 0xf0, 0xc2, 0xf0, 0xa2, 0xf0,
    0xc2, 0xf0, 0xc2, 0xf0, 0xc2, 0xf0, 0xc2, 0xf0, 0xc2, 0xf0, 0xa2, 0xf0,
    0xa2, 0xf0, 0xa2, 0xf0, 0xa2, 0xf0, 0xc2, 0xf0, 0xa2, 0xf0, 0xa2, 0xf0,
    0xc2, 0xf0, 0xc2, 0xf0, 0xc2, 0xf0, 0xc2, 0xf0, 0xc2, 0xe8, 0xa2, 0xf0,
    0xa2, 0xf0, 0xc2, 0xf0, 0xc2, 0xf0, 0xa2, 0xf0, 0xc2, 0xf0, 0xc2, 0xf0,
    0xa2, 0xe8, 0xa2, 0xf0, 0xa2, 0xf0, 0xc2, 0xf0, 0xa1, 0xe8, 0xa2, 0xe8,
    0xa2, 0xf0, 0xa2, 0xf0, 0xa2, 0xe8, 0xa2, 0xe8, 0xa2, 0xf0, 0xa1, 0xf0,
    0xc2, 0xe8, 0xa2, 0xf0, 0xa2, 0xf0, 0xa2, 0xf0, 0xa2, 0xf0, 0xc2, 0xf0,
    0xc2, 0xf0, 0xa2, 0xf0, 0xc2, 0xf0, 0xc2, 0xf0, 0xa2, 0xf0, 0xa2, 0xf0,
    0xa2, 0xf0, 0xa2, 0xe8, 0xa2, 0xf0, 0xa2, 0xf0, 0xa1, 0xf0, 0xc2, 0xf0,
    0xc2, 0xf0, 0xa2, 0xf0, 0xc2, 0xf0, 0xc2, 0xf0, 0xc2, 0xf0, 0xa1, 0xf0,
    0xa2, 0xf0, 0xc2, 0xf0, 0xc2, 0xf0, 0xc2, 0xf0, 0xc2, 0xf0, 0xa2, 0xf0,
    0xa2, 0xf0, 0xa1, 0xe8, 0xa2, 0xe8, 0xa2, 0xf0, 0xa1, 0xf0, 0xa2, 0xe8,
    0xa2, 0xf0, 0xa2, 0xf0, 0xa2, 0xe8, 0xa2, 0xf0, 0xa2, 0xf0, 0xc2, 0xf0,
    0xa2, 0xf0, 0xa2, 0xf0, 0xc2, 0xf0, 0xc2, 0xf0, 0xc2, 0xf0, 0xc2, 0xf0,
    0xc2, 0xf0, 0xc1, 0xf0, 0xa2, 0xf0, 0xa2, 0xe8, 0xc2, 0xf0, 0xc2, 0xf0,
    0xc2, 0xf0, 0xc2, 0xf0, 0xc2, 0xf0, 0xa2, 0xf0, 0xa2, 0xf0, 0xc2, 0xf0,
    0xc2, 0xf0, 0xc2, 0xf0, 0xa2, 0xe8, 0xa2, 0xe8, 0xa2, 0xf0, 0xc2, 0xf0,
    0xa2, 0xf0, 0xc2, 0xe8, 0xc2, 0xf0, 0xa2, 0xf0, 0xa2, 0xf0, 0xa2, 0xe8,
    0xc2, 0xf0, 0xa2, 0xf0, 0xa2, 0xe8, 0xc2, 0xf0, 0xc2, 0xf0, 0xc2, 0xf0,
    0xa2, 0xf0, 0xc2, 0xf0, 0xc2, 0xf0, 0xc2, 0xf0, 0xc2, 0xf0, 0xa2, 0xf0,
    0xa2, 0xf0, 0xa2, 0xe8, 0xa2, 0xf0, 0xa1, 0xe8, 0xa2, 0xf0, 0xc2, 0xe8,
    0xc2, 0xf0, 0xc2, 0xf0, 0xc2, 0xf0, 0xc2, 0xf0, 0xc2, 0xf0, 0xc2, 0xf0,
    0xa2, 0xf0, 0xc2, 0xf0, 0xa2, 0xf0, 0xc2, 0xf0, 0xc2, 0xf0, 0xa2, 0xf0,
    0xc2, 0xf0, 0xc2, 0xf0, 0xc2, 0xf0, 0xc2, 0xf0, 0xa2, 0xf0, 0xc2, 0xf0,
    0xc2, 0xf0, 0xa2, 0xf0, 0xa2, 0xf0, 0xc2, 0xf0, 0xc2, 0xf0, 0xc2, 0xf0,
    0xc2, 0xf0, 0xc2, 0xf0, 0xc2, 0xf0, 0xc2, 0xf0, 0xc2, 0xf0, 0xa2, 0xe8,
    0xa2, 0xf0, 0xa1, 0xe8, 0xa2, 0xf0, 0xa2, 0xf0, 0xa2, 0xe8, 0xc2, 0xf0,
    0xa2, 0xf0, 0xa2, 0xe8, 0xc2, 0xf0, 0xa2, 0xf0, 0xc2, 0xf0, 0xc2, 0xe8,
    0xc2, 0xf0, 0xc2, 0xf0, 0xc2, 0xf0, 0xc2, 0xe8, 0xc2, 0xf0, 0xc2, 0xf0,
    0xc2, 0xf0, 0xc2, 0xe8, 0xc2, 0xf0, 0xc2, 0xf0, 0xc2, 0xf0, 0xc2, 0xe8,
    0xc2, 0xf0, 0xc1, 0xf0, 0xc2, 0xf0, 0xc2, 0xf0, 0xc1, 0xf0, 0xc2, 0xf0,
    0xc2, 0xf0, 0xe2, 0xf0, 0xe2, 0xf0, 0xe2, 0xf0, 0xe1, 0xf0, 0xe2, 0xf0,
    0xe2, 0xf0, 0xe2, 0xf0, 0xc2, 0xf0, 0xe3, 0xf0, 0xe2, 0xf0, 0xe2, 0xf0,
    0xe3, 0xf0, 0xc2, 0xf0, 0xe2, 0xf0, 0xe3, 0xf0, 0xe2, 0xf0, 0xc2, 0xf0,
    0xc2, 0xf0, 0xc3, 0xf0, 0xc2, 0xf0, 0xc2, 0xf0, 0xc2, 0xf0, 0xc2, 0xf0,
    0xc2, 0xf0, 0xc2, 0xf0, 0xc2, 0xf0, 0xc2, 0xf0, 0xa2, 0xf0, 0xc2, 0xf0,
    0xc2, 0xf0, 0xc2, 0xf0, 0xc2, 0xf0, 0xa2, 0xf0, 0xa2, 0xe8, 0xa2, 0xe8,
    0xa2, 0xf0, 0xa2, 0xe8, 0xc2, 0xf0, 0xc2, 0xf0, 0xa2, 0xf0, 0xc2, 0xf0,
    0xa1, 0xf0, 0xa1, 0xe8, 0xa2, 0xe8, 0xa1, 0xe8, 0xa2, 0xf0, 0xa2, 0xf0,
    0xa1, 0xe8, 0xa2, 0xf0, 0xc2, 0xe8, 0xc2, 0xf0, 0xa2, 0xf0, 0xa2, 0xf0,
    0xc2, 0xf0, 0xc2, 0xf0, 0xc2, 0xf0, 0xc2, 0xf0, 0xa2, 0xf0, 0xc1, 0xf0,
    0xc2, 0xf0, 0xc2, 0xf0, 0xa2, 0xe8, 0xc2, 0xe8, 0xc2, 0xf0, 0xc2, 0xe8,
    0xc2, 0xf0, 0xc2, 0xf0, 0xa2, 0xf0, 0xc2, 0xf0, 0xc2, 0xf0, 0xc2, 0xf0,
    0xc2, 0xf0, 0xa2, 0xf0, 0xc2, 0xf0, 0xa2, 0xf0, 0xa1, 0xf0, 0xa2, 0xf0,
    0xa2, 0xe8, 0xc1, 0xe8, 0xa2, 0xf0, 0xa2, 0xe8, 0xa2, 0xf0, 0xc2, 0xf0,
    0xa2, 0xf0, 0xc2, 0xf0, 0xa2, 0xf0, 0xc2, 0xf0, 0xa2, 0xe8, 0xa1, 0xf0,
    0xa2, 0xf0, 0xc2, 0xf0, 0xa2, 0xf0, 0xa2, 0xe8, 0xc2, 0xf0, 0xa2, 0xf0,
    0xc2, 0xf0, 0xa2, 0xf0, 0xc2, 0xf0, 0xc2, 0xf0, 0xa2, 0xf0, 0xa1, 0xe8,
    0xa2, 0xf0, 0xc2, 0xf0, 0xc2, 0xe8, 0xc2, 0xf0, 0xc2, 0xf0, 0xa2, 0xf0,
    0xa2, 0xe8, 0xa2, 0xf0, 0xa2, 0xf0, 0xa1, 0xe8, 0xa2, 0xf0, 0xa2, 0xf0,
    0xa2, 0xe8, 0xc2, 0xf0, 0xc2, 0xf0, 0xa2, 0xf0, 0xa2, 0xf0, 0xa1, 0xf0,
    0xa2, 0xf0, 0xa2, 0xf0, 0xc2, 0xf0, 0xc2, 0xf0, 0xa2, 0xf0, 0xc2, 0xf0,
    0xa2, 0xf0, 0xc2, 0xf0, 0xc2, 0xf0, 0xa2, 0xf0, 0xc2, 0xf0, 0xc2, 0xf0,
    0xa2, 0xf0, 0xc2, 0xf0, 0xc2, 0xf0, 0xc2, 0xf0, 0xc2, 0xf0, 0xc2, 0xf0,
    0xc2, 0xf0, 0xc2, 0xf0, 0xa2, 0xf0, 0xc2, 0xf0, 0xa2, 0xf0, 0xc2, 0xf0,
    0xc2, 0xf0, 0xa2, 0xf0, 0xa2, 0xf0, 0xc2, 0xf0, 0xc2, 0xf0, 0xa2, 0xe8,
    0xa2, 0xe8, 0xa2, 0xe8, 0xa2, 0xe8, 0xc2, 0xf0, 0xc2, 0xf0, 0xc2, 0xf0,
    0xc2, 0xf0, 0xc2, 0xf0, 0xc2, 0xf0, 0xc2, 0xe8, 0xa2, 0xf0, 0xa1, 0xf0,
    0xa2, 0xe8, 0xa2, 0xe8, 0xa2, 0xf0, 0xa2, 0xf0, 0xa2, 0xe8, 0xa2, 0xe8,
    0xa2, 0xe8, 0xa1, 0xe8, 0xc2, 0xf0, 0xa2, 0xe8, 0xc2, 0xf0, 0xa2, 0xf0,
    0xc2, 0xf0, 0xc2, 0xf0, 0xc2, 0xf0, 0xc2, 0xf0, 0xc2, 0xf0, 0xc2, 0xf0,
    0xa2, 0xf0, 0xc2, 0xf0, 0xa2, 0xf0, 0xa2, 0xf0, 0xa2, 0xf0, 0xa2, 0xf0,
    0xa2, 0xe8, 0xc2, 0xf0, 0xc2, 0xf0, 0xc2, 0xf0, 0xa2, 0xf0, 0xc2, 0xe8,
    0xc2, 0xf0, 0xa2, 0xf0, 0xa2, 0xf0, 0xc2, 0xe8, 0xc2, 0xf0, 0xa2, 0xf0,
    0xa2, 0xf0, 0xc2, 0xf0, 0xa1, 0xe8, 0xa2, 0xe8, 0xa2, 0xf0, 0xa1, 0xf0,
    0xa2, 0xf0, 0xa1, 0xe8, 0xa2, 0xf0, 0xa2, 0xf0, 0xa2, 0xf0, 0xc1, 0xf0,
    0xc2, 0xf0, 0xa2, 0xf0, 0xc2, 0xf0, 0xc2, 0xf0, 0xc2, 0xf0, 0xa2, 0xf0,
    0xa2, 0xf0, 0xc2, 0xf0, 0xc2, 0xf0, 0xc2, 0xf0, 0xc2, 0xf0, 0xc2, 0xf0,
    0xc2, 0xf0, 0xc2, 0xf0, 0xc2, 0xf0, 0xc2, 0xf0, 0xc2, 0xf0, 0xa2, 0xf0,
    0xc2, 0xf0, 0xc2, 0xf0, 0xa2, 0xe8, 0xc2, 0xe8, 0xc2, 0xf0, 0xc2, 0xf0,
    0xc2, 0xf0, 0xa2, 0xf0, 0xc2, 0xf0, 0xc2, 0xe8, 0xc2, 0xe8, 0xc2, 0xf0,
    0xa2, 0xf0, 0xa2, 0xe8, 0xc2, 0xf0, 0xc2, 0xf0, 0xa2, 0xf0, 0xa2, 0xe8,
    0xc2, 0xf0, 0xa2, 0xf0, 0xa2, 0xf0, 0xc2, 0xf0, 0xc2, 0xf0, 0xa2, 0xf0,
    0xc2, 0xf0, 0xa2, 0xf0, 0xc2, 0xf0, 0xc2, 0xf0, 0xa2, 0xf0, 0xa2, 0xf0,
    0xa2, 0xe8, 0xa2, 0xf0, 0xa2, 0xf0, 0xc2, 0xf0, 0xc2, 0xf0, 0xc2, 0xf0,
    0xc2, 0xf0, 0xc2, 0xf0, 0xa2, 0xf0, 0xc2, 0xf0, 0xc2, 0xf0, 0xa2, 0xf0,
    0xc2, 0xf0, 0xc2, 0xf0, 0xa2, 0xf0, 0xc2, 0xf0, 0xc2, 0xf0, 0xc2, 0xf0,
    0xc2, 0xf0, 0xc2, 0xf0, 0xc2, 0xf0, 0xc2, 0xf0, 0xc2, 0xf0, 0xa2, 0xf0,
    0xa2, 0xf0, 0xc2, 0xf0, 0xc2, 0xf0, 0xc2, 0xf0, 0xc2, 0xf0, 0xc2, 0xf0,
    0xc2, 0xf0, 0xc2, 0xf0, 0xa1, 0xf0, 0xa2, 0xe8, 0xa2, 0xf0, 0xa1, 0xf0,
    0xc2, 0xf0, 0xc2, 0xf0, 0xc2, 0xf0, 0xa1, 0xe8, 0xa2, 0xe8, 0xa2, 0xe8,
    0xa2, 0xf0, 0xa2, 0xf0, 0xc2, 0xf0, 0xc2, 0xe8, 0xc2, 0xf0, 0xc2, 0xf0,
    0xc2, 0xe8, 0xe2, 0xe8, 0xc2, 0xf0, 0xc2, 0xf0, 0xc2, 0xf0, 0xc2, 0xf0,
    0xc2, 0xf0, 0xc2, 0xf0, 0xa1, 0xf0, 0xc2, 0xf0, 0xc2, 0xf0, 0xc1, 0xf0,
    0xc2, 0xf0, 0xc2, 0xf0, 0xe1, 0xf0, 0xe2, 0xf0, 0xe2, 0xf0, 0xe2, 0xf0,
    0xe2, 0xf0, 0xe2, 0xf0, 0xe2, 0xf0, 0xe2, 0xf0, 0xe3, 0xf0, 0xe3, 0xf0,
    0xe2, 0xf0, 0xe3, 0xf0, 0xe3, 0xf0, 0xc2, 0xe8, 0xe3, 0xe8, 0xe3, 0xf0,
    0xe2, 0xf0, 0xe3, 0xf0, 0xc3, 0xf0, 0xc2, 0xf0, 0xc2, 0xf0, 0xc2, 0xf0,
    0xc2, 0xf0, 0xc2, 0xf0, 0xc3, 0xf0, 0xc3, 0xf0, 0xc2, 0xf0, 0xc2, 0xf0,
    0xc2, 0xf0, 0xc2, 0xf0, 0xc2, 0xe8, 0xc2, 0xe8, 0xc2, 0xf0, 0xc2, 0xf0,
    0xc2, 0xf0, 0xc2, 0xe8, 0xa2, 0xe8, 0xa1, 0xf0, 0xa2, 0xe8, 0xa2, 0xf0,
    0xc2, 0xf0, 0xa2, 0xe8, 0xa2, 0xf0, 0xc2, 0xe8, 0xa2, 0xf0, 0xa2, 0xe8,
    0xc2, 0xf0, 0xa2, 0xe8, 0xa2, 0xf0, 0xa1, 0xf0, 0xa2, 0xf0, 0xc2, 0xf0,
    0xc2, 0xf0, 0xa2, 0xf0, 0xa2, 0xf0, 0xa2, 0xf0, 0xc2, 0xf0, 0xc2, 0xf0,
    0xc2, 0xe8, 0xc2, 0xf0, 0xc2, 0xf0, 0xc2, 0xf0, 0xc2, 0xf0, 0xc2, 0xf0,
    0xc2, 0xf0, 0xc2, 0xf0, 0xc2, 0xf0, 0xc2, 0xf0, 0xa2, 0xf0, 0xc2, 0xe8,
    0xc2, 0xf0, 0xc2, 0xf0, 0xc2, 0xf0, 0xc2, 0xe8, 0xc2, 0xf0, 0xc2, 0xf0,
    0xa2, 0xe8, 0xa2, 0xf0, 0xa2, 0xf0, 0xc1, 0xe8, 0xc2, 0xf0, 0xc2, 0xf0,
    0xa2, 0xf0, 0xc2, 0xf0, 0xa2, 0xe8, 0xa2, 0xf0, 0xc2, 0xf0, 0xc2, 0xe8,
    0xa2, 0xe8, 0xa2, 0xf0, 0xc2, 0xe8, 0xa2, 0xf0, 0xc2, 0xf0, 0xc2, 0xf0,
    0xa2, 0xf0, 0xc2, 0xf0, 0xa2, 0xe8, 0xc2, 0xf0, 0xa2, 0xf0, 0xc2, 0xf0,
    0xc1, 0xe8, 0xc2, 0xf0, 0xa2, 0xf0, 0xa2, 0xf0, 0xc2, 0xf0, 0xa2, 0xf0,
    0xc2, 0xf0, 0xc2, 0xf0, 0xa2, 0xf0, 0xa2, 0xf0, 0xa2, 0xf0, 0xa2, 0xf0,
    0xa2, 0xf0, 0xc2, 0xe8, 0xa1, 0xe8, 0xa2, 0xf0, 0xa2, 0xf0, 0xc2, 0xf0,
    0xc2, 0xe8, 0xc2, 0xf0, 0xa2, 0xf0, 0xa2, 0xf0, 0xa2, 0xe8, 0xc2, 0xf0,
    0xa2, 0xf0, 0xa2, 0xe8, 0xc2, 0xf0, 0xa2, 0xf0, 0xc2, 0xe8, 0xc2, 0xf0,
    0xc2, 0xf0, 0xc2, 0xf0, 0xa2, 0xf0, 0xa2, 0xf0, 0xa2, 0xf0, 0xc2, 0xf0,
    0xc2, 0xf0, 0xc2, 0xf0, 0xa2, 0xf0, 0xc2, 0xf0, 0xc2, 0xf0, 0xc2, 0xf0,
    0xc2, 0xe8, 0xa2, 0xf0, 0xc2, 0xf0, 0xa2, 0xe8, 0xa2, 0xe8, 0xa2, 0xf0,
    0xa2, 0xe8, 0xc2, 0xf0, 0xc2, 0xf0, 0xc2, 0xf0, 0xc2, 0xf0, 0xc2, 0xf0,
    0xc3, 0xf0, 0xc2, 0xf0, 0xc2, 0xf0, 0xc2, 0xf0, 0xc2, 0xf0, 0xc2, 0xe8,
    0xa2, 0xe8, 0xa2, 0xe8, 0xa2, 0xe8, 0xa2, 0xe8, 0xa2, 0xf0, 0xa2, 0xe8,
    0xa1, 0xe8, 0xa2, 0xf0, 0xa2, 0xe8, 0xc2, 0xf0, 0xa2, 0xf0, 0xa2, 0xe8,
    0xc2, 0xf0, 0xc2, 0xf0, 0xa2, 0xf0, 0xc2, 0xf0, 0xc2, 0xf0, 0xc2, 0xf0,
    0xc2, 0xf0, 0xa2, 0xf0, 0xa2, 0xf0, 0xa2, 0xe8, 0xa2, 0xf0, 0xa2, 0xf0,
    0xa2, 0xf0, 0xc2, 0xf0, 0xc2, 0xf0, 0xa2, 0xf0, 0xc2, 0xf0, 0xc2, 0xf0,
    0xc2, 0xf0, 0xa2, 0xf0, 0xc2, 0xe8, 0xc2, 0xf0, 0xc2, 0xf0, 0xa1, 0xe8,
    0xa2, 0xe8, 0xc2, 0xf0, 0xc2, 0xf0, 0xc2, 0xf0, 0xc2, 0xe8, 0xa2, 0xf0,
    0xa2, 0xf0, 0xa1, 0xe8, 0xa2, 0xe8, 0xa2, 0xf0, 0xa2, 0xf0, 0xa2, 0xe8,
    0xc1, 0xf0, 0xa2, 0xf0, 0xc1, 0xf0, 0xc2, 0xe8, 0xa2, 0xe8, 0xc2, 0xf0,
    0xc2, 0xf0, 0xc2, 0xf0, 0xa2, 0xf0, 0xc1, 0xf0, 0xe2, 0xf0, 0xe2, 0xf0,
    0xc1, 0xf0, 0xc1, 0xf0, 0xc2, 0xf0, 0xc2, 0xf0, 0xc2, 0xf0, 0xc2, 0xf0,
    0xc2, 0xf0, 0xa2, 0xf0, 0xa2, 0xf0, 0xa2, 0xf0, 0xa2, 0xf0, 0xa2, 0xe8,
    0xa2, 0xf0, 0xa2, 0xf0, 0xc2, 0xe8, 0xa2, 0xe8, 0xc2, 0xf0, 0xc2, 0xe8,
    0xc2, 0xf0, 0xa2, 0xf0, 0xc2, 0xf0, 0xc2, 0xf0, 0xa2, 0xf0, 0xc2, 0xf0,
    0xc2, 0xf0, 0xc2, 0xf0, 0xc2, 0xf0, 0xc2, 0xf0, 0xc2, 0xe8, 0xc2, 0xf0,
    0xa2, 0xf0, 0xc2, 0xf0, 0xa2, 0xf0, 0xa2, 0xf0, 0xc2, 0xe8, 0xa1, 0xe8,
    0xa2, 0xf0, 0xc2, 0xf0, 0xa2, 0xf0, 0xc2, 0xe8, 0xc2, 0xf0, 0xc2, 0xf0,
    0xc2, 0xf0, 0xa2, 0xf0, 0xc2, 0xf0, 0xa2, 0xe8, 0xa2, 0xf0, 0xc2, 0xe8,
    0xc2, 0xe8, 0xc2, 0xf0, 0xc2, 0xf0, 0xc2, 0xe8, 0xc2, 0xf0, 0xa2, 0xf0,
    0xa2, 0xf0, 0xc2, 0xf0, 0xc2, 0xf0, 0xa2, 0xf0, 0xa2, 0xf0, 0xa2, 0xf0,
    0xc2, 0xf0, 0xc2, 0xf0, 0xc2, 0xf0, 0xa2, 0xf0, 0xc2, 0xf0, 0xc2, 0xf0,
    0xc2, 0xf0, 0xc2, 0xf0, 0xc2, 0xf0, 0xc2, 0xf0, 0xc2, 0xf0, 0xc2, 0xf0,
    0xc2, 0xf0, 0xc2, 0xf0, 0xc2, 0xe8, 0xc2, 0xf0, 0xa2, 0xf0, 0xc2, 0xf0,
    0xc2, 0xf0, 0xc2, 0xe8, 0xc2, 0xe8, 0xc2, 0xe8, 0xc2, 0xe8, 0xc2, 0xf0,
    0xc2, 0xf0, 0xc2, 0xf0, 0xc2, 0xf0, 0xe2, 0xf0, 0xe2, 0xf0, 0xc2, 0xe8,
    0xe2, 0xf0, 0xc2, 0xe8, 0xc2, 0xe8, 0xc2, 0xf0, 0xc2, 0xf0, 0xc2, 0xf0,
    0xc1, 0xf0, 0xc2, 0xf0, 0xe2, 0xf0, 0xe2, 0xf0, 0xe2, 0xf0, 0xe2, 0xf0,
    0xe2, 0xf0, 0xe2, 0xf0, 0xe2, 0xf0, 0xe3, 0xf0, 0x03, 0xf1, 0xe2, 0xf0,
    0xe3, 0xf0, 0xe3, 0xf0, 0xe2, 0xf0, 0xe2, 0xf0, 0xe3, 0xf0, 0xe3, 0xf0,
    0xe3, 0xf0, 0xe3, 0xf0, 0xe2, 0xe8, 0xc2, 0xe8, 0xe2, 0xf0, 0xe2, 0xf0,
    0xe3, 0xf0, 0xc2, 0xf0, 0xc2, 0xf0, 0xc2, 0xf0, 0xc2, 0xf0, 0xe2, 0xf0,
    0xc2, 0xf0, 0xc2, 0xf0, 0xc2, 0xf0, 0xa2, 0xf0, 0xc2, 0xf0, 0xa2, 0xe8,
    0xc2, 0xe8, 0xc2, 0xf0, 0xc2, 0xe8, 0xc2, 0xf0, 0xc2, 0xf0, 0xc2, 0xe8,
    0xa2, 0xf0, 0xc2, 0xf0, 0xc2, 0xf0, 0xa2, 0xe8, 0xc2, 0xf0, 0xc2, 0xe8,
    0xc2, 0xf0, 0xc2, 0xe8, 0xc2, 0xf0, 0xa1, 0xf0, 0xc2, 0xf0, 0xa2, 0xf0,
    0xa1, 0xe8, 0xc2, 0xf0, 0xc2, 0xf0, 0xc2, 0xe8, 0xa2, 0xf0, 0xc2, 0xf0,
    0xc2, 0xf0, 0xc2, 0xf0, 0xc1, 0xf0, 0xc2, 0xf0, 0xc2, 0xf0, 0xc2, 0xf0,
    0xc2, 0xf0, 0xc2, 0xf0, 0xc2, 0xf0, 0xc2, 0xf0, 0xc2, 0xf0, 0xc2, 0xf0,
    0xc2, 0xf0, 0xc2, 0xf0, 0xc2, 0xe8, 0xc2, 0xf0, 0xc2, 0xf0, 0xc2, 0xf0,
    0xc2, 0xe8, 0xc2, 0xf0, 0xc2, 0xf0, 0xa2, 0xe8, 0xa2, 0xf0, 0xa2, 0xf0,
    0xc2, 0xf0, 0xc2, 0xf0, 0xc2, 0xf0, 0xa2, 0xe8, 0xa1, 0xe8, 0xa2, 0xf0,
    0xa2, 0xf0, 0xc2, 0xe8, 0xa1, 0xf0, 0xa2, 0xf0, 0xc2, 0xe8, 0xa2, 0xf0,
    0xc2, 0xf0, 0xc2, 0xf0, 0xa2, 0xf0, 0xa2, 0xe8, 0xc2, 0xf0, 0xa2, 0xe8,
    0xa2, 0xf0, 0xa2, 0xf0, 0xc2, 0xf0, 0xc2, 0xf0, 0xc2, 0xe8, 0xc2, 0xe8,
    0xa2, 0xf0, 0xc2, 0xf0, 0xc2, 0xf0, 0xc2, 0xf0, 0xa2, 0xf0, 0xa2, 0xe8,
    0xc2, 0xf0, 0xc2, 0xf0, 0xc2, 0xf0, 0xa2, 0xf0, 0xa2, 0xf0, 0xa2, 0xf0,
    0xc2, 0xf0, 0xa2, 0xf0, 0xc2, 0xf0, 0xc2, 0xf0, 0xc2, 0xf0, 0xa1, 0xf0,
    0xa1, 0xe8, 0xa2, 0xe8, 0xc2, 0xf0, 0xc2, 0xf0, 0xa2, 0xf0, 0xa2, 0xe8,
    0xc2, 0xe8, 0xc2, 0xf0, 0xa2, 0xf0, 0xc2, 0xe8, 0xc2, 0xe8, 0xc2, 0xf0,
    0xc2, 0xe8, 0xc2, 0xe8, 0xc2, 0xf0, 0xc2, 0xf0, 0xc2, 0xf0, 0xc2, 0xf0,
    0xc2, 0xe8, 0xc2, 0xf0, 0xa2, 0xf0, 0xa2, 0xf0, 0xc2, 0xf0, 0xa2, 0xf0,
    0xa2, 0xf0, 0xc2, 0xe8, 0xa2, 0xf0, 0xc2, 0xf0, 0xc2, 0xf0, 0xc2, 0xe8,
    0xc2, 0xf0, 0xc3, 0xf0, 0xc2, 0xf0, 0xc2, 0xe8, 0xc2, 0xe8, 0xc2, 0xf0,
    0xc2, 0xf0, 0xa2, 0xf0, 0xc2, 0xe8, 0xa1, 0xe8, 0xa1, 0xe8, 0xa2, 0xf0,
    0xa2, 0xf0, 0xc2, 0xf0, 0xa2, 0xf0, 0xa1, 0xf0, 0xa2, 0xf0, 0xc2, 0xf0,
    0xa2, 0xf0, 0xc2, 0xf0, 0xc2, 0xf0, 0xc2, 0xf0, 0xc2, 0xf0, 0xc2, 0xf0,
    0xc2, 0xf0, 0xa2, 0xf0, 0xc2, 0xf0, 0xc2, 0xf0, 0xa2, 0xf0, 0xc2, 0xf0,
    0xc2, 0xf0, 0xa2, 0xf0, 0xa2, 0xe8, 0xa1, 0xf0, 0xa2, 0xf0, 0xa2, 0xf0,
    0xc2, 0xf0, 0xc2, 0xf0, 0xc2, 0xf0, 0xc2, 0xe8, 0xc2, 0xf0, 0xc2, 0xf0,
    0xc2, 0xf0, 0xa2, 0xf0, 0xc2, 0xf0, 0xc2, 0xf0, 0xc2, 0xf0, 0xc2, 0xe8,
    0xc2, 0xf0, 0xc2, 0xf0, 0xc2, 0xf0, 0xa2, 0xe8, 0xa1, 0xf0, 0xa2, 0xf0,
    0xa2, 0xf0, 0xa1, 0xe8, 0xc2, 0xf0, 0xc2, 0xf0, 0xc1, 0xf0, 0xc2, 0xf0,
    0xc2, 0xf0, 0xc2, 0xf0, 0xc2, 0xf0, 0xc2, 0xf0, 0xc2, 0xe8, 0xe2, 0xf0,
    0xc1, 0xf0, 0xc2, 0xf0, 0xe2, 0xf0, 0xe2, 0xf0, 0xc2, 0xf0, 0xc1, 0xf0,
    0xc2, 0xf0, 0xc2, 0xf0, 0xc2, 0xf0, 0xa2, 0xf0, 0xa2, 0xf0, 0xa1, 0xe8,
    0xa1, 0xe8, 0xa2, 0xe8, 0xa2, 0xf0, 0xc2, 0xf0, 0xc2, 0xf0, 0xc2, 0xf0,
    0xa2, 0xf0, 0xc2, 0xe8, 0xc2, 0xf0, 0xa2, 0xf0, 0xc2, 0xf0, 0xc2, 0xe8,
    0xc2, 0xf0, 0xc2, 0xf0, 0xc1, 0xe8, 0xc2, 0xf0, 0xc2, 0xf0, 0xc2, 0xf0,
    0xc2, 0xf0, 0xc2, 0xf0, 0xa1, 0xf0, 0xc2, 0xf0, 0xc2, 0xf0, 0xa2, 0xf0,
    0xa2, 0xf0, 0xa2, 0xe8, 0xa2, 0xf0, 0xc2, 0xf0, 0xc2, 0xf0, 0xa2, 0xf0,
    0xa2, 0xe8, 0xc2, 0xe8, 0xa2, 0xf0, 0xa2, 0xe8, 0xc2, 0xf0, 0xc2, 0xf0,
    0xc2, 0xf0, 0xa2, 0xe8, 0xc2, 0xf0, 0xc2, 0xf0, 0xa2, 0xe8, 0xa2, 0xe8,
    0xc2, 0xf0, 0xc2, 0xf0, 0xc2, 0xe8, 0xa2, 0xe8, 0xc2, 0xf0, 0xc2, 0xf0,
    0xc2, 0xf0, 0xa2, 0xf0, 0xc2, 0xf0, 0xc2, 0xf0, 0xa2, 0xf0, 0xc2, 0xf0,
    0xc2, 0xf0, 0xc2, 0xf0, 0xc2, 0xf0, 0xc1, 0xf0, 0xc2, 0xf0, 0xc2, 0xf0,
    0xc2, 0xf0, 0xc2, 0xf0, 0xc2, 0xe8, 0xc1, 0xe8, 0xc2, 0xe8, 0xa2, 0xf0,
    0xc2, 0xf0, 0xc2, 0xf0, 0xa1, 0xe8, 0xa1, 0xf0, 0xc2, 0xe8, 0xc2, 0xf0,
    0xc2, 0xe8, 0xc2, 0xf0, 0xc2, 0xe8, 0xc2, 0xf0, 0xc2, 0xf0, 0xc2, 0xf0,
    0xe2, 0xf0, 0xc2, 0xf0, 0xc2, 0xe8, 0xc2, 0xe8, 0xc2, 0xf0, 0xc2, 0xf0,
    0xa2, 0xe8, 0xc2, 0xf0, 0xc2, 0xe8, 0xc1, 0xe8, 0xc2, 0xf0, 0xe2, 0xf0,
    0xe2, 0xe8, 0x02, 0xf1, 0xe2, 0xf0, 0xe2, 0xf0, 0x03, 0xf1, 0xe2, 0xf0,
    0xe3, 0xf0, 0xe3, 0xf0, 0x03, 0xf1, 0x03, 0xf1, 0x03, 0xf1, 0x23, 0xf1,
    0xe2, 0xf0, 0xe2, 0xf0, 0xe2, 0xf0, 0xe3, 0xf0, 0xe3, 0xf0, 0xe2, 0xf0,
    0xc2, 0xf0, 0xe2, 0xf0, 0xc3, 0xf0, 0xc2, 0xf0, 0xc2, 0xf0, 0xe3, 0xf0,
    0xe2, 0xf0, 0xc2, 0xf0, 0xc3, 0xf0, 0xc2, 0xf0, 0xc2, 0xf0, 0xa2, 0xe8,
    0xa2, 0xf0, 0xc2, 0xe8, 0xc2, 0xe8, 0xc2, 0xf0, 0xc2, 0xf0, 0xc2, 0xe8,
    0xc2, 0xf0, 0xc2, 0xe8, 0xa2, 0xe8, 0xc2, 0xf0, 0xa2, 0xf0, 0xc1, 0xf0,
    0xc2, 0xe8, 0xc2, 0xe8, 0xc2, 0xf0, 0xa2, 0xe8, 0xa1, 0xe8, 0xa2, 0xf0,
    0xa2, 0xf0, 0xa2, 0xe8, 0xa2, 0xe8, 0xc2, 0xf0, 0xc2, 0xf0, 0xc2, 0xf0,
    0xc2, 0xe8, 0xc2, 0xe8, 0xc2, 0xf0, 0xc1, 0xf0, 0xc2, 0xf0, 0xc1, 0xf0,
    0xc2, 0xf0, 0xc2, 0xf0, 0xc2, 0xf0, 0xc2, 0xf0, 0xc2, 0xf0, 0xc2, 0xf0,
    0xc2, 0xf0, 0xc2, 0xf0, 0xc2, 0xf0, 0xc2, 0xf0, 0xc2, 0xf0, 0xc2, 0xf0,
    0xc2, 0xf0, 0xc2, 0xf0, 0xa2, 0xf0, 0xa2, 0xe8, 0xc2, 0xf0, 0xc2, 0xf0,
    0xc2, 0xf0, 0xc2, 0xf0, 0xc2, 0xe8, 0xc2, 0xf0, 0xc2, 0xf0, 0xa2, 0xe8,
    0xa2, 0xf0, 0xa1, 0xe8, 0xa2, 0xf0, 0xc2, 0xf0, 0xc2, 0xf0, 0xc2, 0xf0,
    0xa1, 0xe8, 0xa2, 0xf0, 0xc2, 0xf0, 0xa2, 0xe8, 0xa2, 0xe8, 0xc2, 0xe8,
    0xc2, 0xf0, 0xc2, 0xf0, 0xc2, 0xf0, 0xc2, 0xf0, 0xc2, 0xf0, 0xe2, 0xf0,
    0xc2, 0xe8, 0xa2, 0xf0, 0xa2, 0xe8, 0xc2, 0xe8, 0xc2, 0xf0, 0xc2, 0xf0,
    0xc2, 0xf0, 0xa2, 0xe8, 0xa2, 0xf0, 0xa2, 0xf0, 0xc2, 0xf0, 0xa2, 0xf0,
    0xc2, 0xf0, 0xc2, 0xf0, 0xa2, 0xf0, 0xa2, 0xf0, 0xc2, 0xf0, 0xc2, 0xf0,
    0xa2, 0xf0, 0xa2, 0xf0, 0xa2, 0xf0, 0xc2, 0xf0, 0xa2, 0xf0, 0xc2, 0xf0,
    0xc2, 0xf0, 0xc2, 0xf0, 0xc2, 0xf0, 0xa2, 0xf0, 0xa2, 0xe8, 0xc2, 0xf0,
    0xc2, 0xe8, 0xc2, 0xf0, 0xc2, 0xf0, 0xc2, 0xe8, 0xc2, 0xf0, 0xc2, 0xf0,
    0xc2, 0xf0, 0xc2, 0xf0, 0xc2, 0xf0, 0xc2, 0xe8, 0xa2, 0xf0, 0xc2, 0xf0,
    0xa2, 0xf0, 0xa2, 0xf0, 0xa2, 0xf0, 0xc2, 0xe8, 0xc2, 0xf0, 0xc2, 0xf0,
    0xa2, 0xe8, 0xc2, 0xe8, 0xc2, 0xf0, 0xc2, 0xf0, 0xc2, 0xf0, 0xc2, 0xf0,
    0xc3, 0xf0, 0xc2, 0xf0, 0xc2, 0xf0, 0xc2, 0xe8, 0xc2, 0xf0, 0xc2, 0xf0,
    0xa1, 0xf0, 0xa1, 0xe8, 0xa2, 0xe8, 0xa2, 0xf0, 0xc2, 0xf0, 0xc2, 0xf0,
    0xa2, 0xf0, 0xc2, 0xf0, 0xc2, 0xf0, 0xc2, 0xf0, 0xc2, 0xf8, 0xc2, 0xf0,
    0xc2, 0xf0, 0xa2, 0xf0, 0xa2, 0xf0, 0xc2, 0xf0, 0xc2, 0xf0, 0xc2, 0xf0,
    0xc2, 0xf0, 0xc2, 0xf0, 0xc2, 0xf0, 0xc2, 0xf0, 0xc2, 0xf0, 0xa2, 0xf0,
    0xa2, 0xf0, 0xc2, 0xf0, 0xc2, 0xf0, 0xc2, 0xf0, 0xc2, 0xf0, 0xc2, 0xe8,
    0xc2, 0xf0, 0xc2, 0xf0, 0xc2, 0xf0, 0xc2, 0xe8, 0xc2, 0xf0, 0xa2, 0xf0,
    0xc2, 0xf0, 0xc2, 0xf0, 0xc2, 0xf0, 0xc2, 0xf0, 0xc2, 0xf0, 0xa2, 0xe8,
    0xa2, 0xf0, 0xa2, 0xf0, 0xc2, 0xf0, 0xc2, 0xf0, 0xc2, 0xf0, 0xc2, 0xf0,
    0xc2, 0xf0, 0xc2, 0xf0, 0xc2, 0xf0, 0xc2, 0xf0, 0xe2, 0xf0, 0xe2, 0xf0,
    0xe2, 0xf0, 0xe2, 0xf0, 0xc2, 0xf0, 0xc2, 0xf0, 0xe2, 0xf0, 0xe2, 0xf0,
    0xc2, 0xf0, 0xe2, 0xf0, 0xc1, 0xf0, 0xc2, 0xf0, 0xc2, 0xf0, 0xa2, 0xf0,
    0xa2, 0xf0, 0xc2, 0xe8, 0xc2, 0xf0, 0xc2, 0xf0, 0xc2, 0xe8, 0xc2, 0xe8,
    0xc2, 0xf0, 0xc2, 0xf0, 0xc2, 0xf0, 0xc2, 0xe8, 0xc2, 0xf0, 0xc2, 0xf0,
    0xc2, 0xf0, 0xc2, 0xf0, 0xc2, 0xe8, 0xc2, 0xf0, 0xc2, 0xf0, 0xc2, 0xf0,
    0xc2, 0xf0, 0xe2, 0xf0, 0xc2, 0xf0, 0xc2, 0xf0, 0xc2, 0xf0, 0xc2, 0xf0,
    0xc2, 0xf0, 0xc2, 0xf0, 0xc2, 0xf0, 0xc2, 0xf0, 0xa2, 0xf0, 0xc2, 0xe8,
    0xc2, 0xf0, 0xc2, 0xf0, 0xc2, 0xf0, 0xc2, 0xf0, 0xc2, 0xf0, 0xc2, 0xe8,
    0xc2, 0xe8, 0xc2, 0xf0, 0xc2, 0xf0, 0xc2, 0xf0, 0xc2, 0xf0, 0xc2, 0xf0,
    0xc2, 0xf0, 0xc2, 0xe8, 0xc2, 0xf0, 0xc2, 0xf0, 0xc2, 0xf0, 0xc2, 0xf0,
    0xc2, 0xf0, 0xc2, 0xf0, 0xc2, 0xf0, 0xc2, 0xf0, 0xc2, 0xf0, 0xc2, 0xf0,
    0xc2, 0xf0, 0xc2, 0xf0, 0xc2, 0xf0, 0xc2, 0xf0, 0xc2, 0xf0, 0xc2, 0xe8,
    0xc2, 0xf0, 0xe2, 0xf0, 0xc2, 0xf0, 0xc2, 0xf0, 0xc2, 0xf0, 0xc2, 0xf0,
    0xc2, 0xf0, 0xc2, 0xf0, 0xc2, 0xf0, 0xc2, 0xf0, 0xa2, 0xf0, 0xc2, 0xf0,
    0xc2, 0xf0, 0xc2, 0xe8, 0xe2, 0xf0, 0xe2, 0xf0, 0xe2, 0xf0, 0xc2, 0xf0,
    0xc2, 0xe8, 0xe2, 0xf0, 0xc3, 0xf0, 0xe2, 0xf0, 0xc2, 0xf0, 0xc2, 0xf0,
    0xc2, 0xf0, 0xc2, 0xf0, 0xc2, 0xf0, 0xc2, 0xf0, 0xc2, 0xf0, 0xc2, 0xf0,
    0xc1, 0xf0, 0xe2, 0xf0, 0x02, 0xf1, 0xe2, 0xf0, 0x02, 0xf1, 0xe2, 0xf0,
    0x03, 0xe9, 0xe2, 0xf0, 0xe2, 0xf0, 0x03, 0xf1, 0xc6, 0xe9, 0x2c, 0xe3,
    0xf3, 0xec, 0x34, 0xed, 0xad, 0xdb, 0x27, 0xea, 0x02, 0xe9, 0xe3, 0xf0,
    0xe3, 0xf0, 0xe2, 0xf0, 0xe2, 0xf0, 0xc2, 0xf0, 0xe2, 0xf0, 0xc3, 0xf0,
    0xe2, 0xf0, 0xe2, 0xf0, 0xc3, 0xf0, 0xe2, 0xf0, 0xe2, 0xf0, 0xc2, 0xf0,
    0xc2, 0xf0, 0xc2, 0xf0, 0xc2, 0xf0, 0xc2, 0xf0, 0xc2, 0xe8, 0xc2, 0xf0,
    0xc2, 0xf0, 0xc2, 0xe8, 0xc2, 0xf0, 0xc2, 0xf0, 0xc2, 0xe8, 0xa2, 0xf0,
    0xc2, 0xf0, 0xc2, 0xe8, 0xa2, 0xf0, 0xc2, 0xe8, 0xc2, 0xf0, 0xc2, 0xe8,
    0xc2, 0xf0, 0xa2, 0xf0, 0xa2, 0xf0, 0xc1, 0xe8, 0xa2, 0xf0, 0xc2, 0xf0,
    0xc2, 0xe8, 0xc2, 0xf0, 0xc2, 0xf0, 0xc2, 0xf0, 0xc2, 0xf0, 0xc2, 0xf0,
    0xc2, 0xf0, 0xe2, 0xf0, 0xc2, 0xf0, 0xe2, 0xf0, 0xe3, 0xf0, 0xc2, 0xf0,
    0xc2, 0xf0, 0xc2, 0xf0, 0xc2, 0xf0, 0xc2, 0xf0, 0xc2, 0xf0, 0xc2, 0xf0,
    0xc2, 0xf0, 0xc2, 0xf0, 0xc2, 0xe8, 0xc2, 0xf0, 0xc2, 0xf0, 0xc2, 0xf0,
    0xc2, 0xf0, 0xc2, 0xe8, 0xc2, 0xf0, 0xc2, 0xf0, 0xc2, 0xf0, 0xc2, 0xf0,
    0xc2, 0xf0, 0xc2, 0xf0, 0xc2, 0xf0, 0xa2, 0xe8, 0xa1, 0xf0, 0xc2, 0xf0,
    0xc2, 0xe8, 0xc2, 0xf0, 0xc2, 0xf0, 0xc2, 0xf0, 0xa2, 0xf0, 0xc2, 0xf0,
    0xc2, 0xf0, 0xc2, 0xe8, 0xa2, 0xf0, 0xc2, 0xf0, 0xc2, 0xf0, 0xc2, 0xf0,
    0xc1, 0xf0, 0xc1, 0xf0, 0xc2, 0xf0, 0xc2, 0xf0, 0xc2, 0xf0, 0xc2, 0xf0,
    0xc2, 0xf0, 0xc2, 0xf0, 0xc2, 0xf0, 0xa2, 0xf0, 0xa2, 0xf0, 0xc2, 0xe8,
    0xa2, 0xf0, 0xa2, 0xf0, 0xc2, 0xe8, 0xa2, 0xe8, 0xc2, 0xf0, 0xc2, 0xf0,
    0xc2, 0xf0, 0xc2, 0xf0, 0xc2, 0xf0, 0xc2, 0xf0, 0xc2, 0xf0, 0xc2, 0xf0,
    0xa2, 0xf0, 0xc2, 0xf0, 0xc2, 0xf0, 0xc2, 0xf0, 0xc2, 0xf0, 0xc2, 0xf0,
    0xc2, 0xf0, 0xc2, 0xf0, 0xc2, 0xf0, 0xc2, 0xf0, 0xc2, 0xf0, 0xc2, 0xf0,
    0xc2, 0xf0, 0xc2, 0xf0, 0xc2, 0xf0, 0xa2, 0xe8, 0xc2, 0xf0, 0xc2, 0xf0,
    0xa2, 0xf0, 0xc2, 0xf0, 0xc2, 0xf0, 0xa2, 0xf0, 0xa2, 0xe8, 0xc2, 0xf0,
    0xc2, 0xf0, 0xa2, 0xf0, 0xa2, 0xe8, 0xc2, 0xe8, 0xc2, 0xf0, 0xc2, 0xf0,
    0xc2, 0xf0, 0xc2, 0xf0, 0xc2, 0xf0, 0xc2, 0xe8, 0xe2, 0xf0, 0xe2, 0xf0,
    0xc2, 0xe8, 0xc2, 0xf0, 0xc2, 0xf0, 0xc2, 0xf0, 0xa2, 0xe8, 0xc2, 0xf0,
    0xc2, 0xe8, 0xc2, 0xe8, 0xa2, 0xf0, 0xc2, 0xe8, 0xc2, 0xe8, 0xc2, 0xf0,
    0xc2, 0xf0, 0xc2, 0xf0, 0xc3, 0xf8, 0xc2, 0xf0, 0xa2, 0xf0, 0xc2, 0xf0,
    0xc2, 0xf0, 0xc2, 0xf0, 0xc2, 0xf0, 0xa2, 0xf0, 0xa2, 0xf0, 0xa2, 0xf0,
    0xc2, 0xf0, 0xc2, 0xf0, 0xc2, 0xe8, 0xc2, 0xe8, 0xc2, 0xf0, 0xc3, 0xf0,
    0xc2, 0xf0, 0xc2, 0xf0, 0xc2, 0xf0, 0xc2, 0xe8, 0xc2, 0xf0, 0xc2, 0xf0,
    0xa2, 0xe8, 0xc2, 0xf0, 0xc2, 0xf0, 0xc2, 0xf0, 0xc2, 0xf0, 0xc2, 0xf0,
    0xc2, 0xf0, 0xc2, 0xf0, 0xc2, 0xf0, 0xc2, 0xf0, 0xc2, 0xf0, 0xc2, 0xf0,
    0xc1, 0xf0, 0xc1, 0xe8, 0xc2, 0xf0, 0xc1, 0xf0, 0xc2, 0xf0, 0xe2, 0xf0,
    0xe2, 0xf0, 0xe2, 0xf0, 0xe2, 0xf0, 0xe2, 0xf0, 0xe2, 0xf0, 0xe2, 0xf0,
    0xe2, 0xf0, 0xe2, 0xf0, 0xe2, 0xf0, 0xc2, 0xf0, 0xc1, 0xf0, 0xc2, 0xf0,
    0xc2, 0xf0, 0xc2, 0xf0, 0xa1, 0xe8, 0xa2, 0xe8, 0xc2, 0xe8, 0xc2, 0xf0,
    0xc2, 0xe8, 0xc2, 0xe8, 0xc2, 0xf0, 0xc2, 0xf0, 0xc2, 0xe8, 0xe2, 0xf0,
    0xc2, 0xf0, 0xe2, 0xf0, 0xc2, 0xf0, 0xc2, 0xf0, 0xc2, 0xf0, 0xc2, 0xf0,
    0xc2, 0xf0, 0xc2, 0xf0, 0xc2, 0xf0, 0xe2, 0xf0, 0xe2, 0xf0, 0xe2, 0xf0,
    0xe2, 0xf0, 0xc2, 0xf0, 0xc2, 0xf0, 0xc2, 0xf0, 0xc2, 0xe8, 0xc2, 0xf0,
    0xa1, 0xf0, 0xc2, 0xf0, 0xc2, 0xe8, 0xc2, 0xe8, 0xc2, 0xf0, 0xc2, 0xf0,
    0xc2, 0xf0, 0xc2, 0xe8, 0xc2, 0xf0, 0xc2, 0xf0, 0xa2, 0xf0, 0xc2, 0xe8,
    0xc2, 0xf0, 0xc2, 0xf0, 0xc2, 0xf0, 0xc2, 0xf0, 0xc2, 0xf0, 0xc2, 0xf0,
    0xc2, 0xf0, 0xc2, 0xf0, 0xc2, 0xf0, 0xc2, 0xf0, 0xc2, 0xf0, 0xc2, 0xf0,
    0xc2, 0xf0, 0xc2, 0xf0, 0xc2, 0xf0, 0xc2, 0xf0, 0xc2, 0xf0, 0xc2, 0xf0,
    0xc1, 0xf0, 0xc1, 0xf0, 0xc2, 0xf0, 0xc1, 0xf0, 0xc1, 0xe8, 0xc1, 0xf0,
    0xc1, 0xf0, 0xe2, 0xf0, 0xc2, 0xf0, 0xc2, 0xf0, 0xc2, 0xf0, 0xc1, 0xf0,
    0xa2, 0xf0, 0xc2, 0xf0, 0xc2, 0xe8, 0xc2, 0xf0, 0xc2, 0xf0, 0xe1, 0xe8,
    0xe2, 0xf0, 0xc2, 0xf0, 0xc2, 0xe8, 0xe2, 0xf0, 0xc2, 0xe8, 0xc2, 0xf0,
    0xc2, 0xf0, 0xc2, 0xe8, 0xc2, 0xe8, 0xc2, 0xe8, 0xa2, 0xf0, 0xc2, 0xf0,
    0xc2, 0xf0, 0xc2, 0xf0, 0xe2, 0xf0, 0xe2, 0xf0, 0xe2, 0xf0, 0xe2, 0xf0,
    0x02, 0xf1, 0xe2, 0xf0, 0xe3, 0xf0, 0xe3, 0xf0, 0xe2, 0xe8, 0x88, 0xe2,
    0x17, 0xf6, 0x9e, 0xff, 0xbe, 0xff, 0xde, 0xff, 0xbe, 0xff, 0x99, 0xf6,
    0xea, 0xe2, 0x02, 0xe9, 0xe2, 0xe8, 0xe2, 0xf0, 0xe3, 0xf0, 0xe3, 0xf0,
    0xe2, 0xf0, 0xe2, 0xf0, 0xe3, 0xf0, 0xe2, 0xf0, 0xe2, 0xf0, 0xe2, 0xe8,
    0xe3, 0xf0, 0xe2, 0xf0, 0xc2, 0xe8, 0xc2, 0xe8, 0xc2, 0xf0, 0xc2, 0xf0,
    0xc2, 0xf0, 0xe2, 0xf0, 0xe2, 0xf0, 0xe2, 0xf0, 0xc2, 0xf0, 0xc2, 0xe8,
    0xc2, 0xe8, 0xc2, 0xf0, 0xc2, 0xe8, 0xc2, 0xf0, 0xc2, 0xe8, 0xa2, 0xf0,
    0xc2, 0xe8, 0xc2, 0xf0, 0xa2, 0xe8, 0xc2, 0xf0, 0xc2, 0xf0, 0xc2, 0xf0,
    0xc2, 0xf0, 0xc2, 0xf0, 0xc2, 0xe8, 0xc2, 0xf0, 0xc2, 0xf0, 0xc2, 0xf0,
    0xc2, 0xf0, 0xc2, 0xf0, 0xc1, 0xf0, 0xe2, 0xf0, 0xe2, 0xf0, 0xc2, 0xf0,
    0xe2, 0xf0, 0xc2, 0xf0, 0xe2, 0xf0, 0xe2, 0xf0, 0xe2, 0xf0, 0xe2, 0xf0,
    0xc2, 0xf0, 0xe2, 0xf0, 0xc2, 0xf0, 0xc2, 0xf0, 0xc2, 0xf0, 0xc2, 0xf0,
    0xc2, 0xe8, 0xc2, 0xf0, 0xc2, 0xf0, 0xc2, 0xf0, 0xc2, 0xf0, 0xc2, 0xf0,
    0xc2, 0xf0, 0xc2, 0xf0, 0xc2, 0xf0, 0xc2, 0xf0, 0xc2, 0xf0, 0xc2, 0xf0,
    0xa2, 0xf0, 0xc2, 0xe8, 0xc2, 0xf0, 0xc2, 0xf0, 0xc2, 0xf0, 0xc2, 0xe8,
    0xc2, 0xf0, 0xc2, 0xf0, 0xc2, 0xf0, 0xa2, 0xe8, 0xc2, 0xf0, 0xc2, 0xf0,
    0xc2, 0xf0, 0xc2, 0xf0, 0xc2, 0xf0, 0xe2, 0xf0, 0xe2, 0xf0, 0xc2, 0xf0,
    0xc2, 0xe8, 0xc2, 0xf0, 0xe2, 0xf0, 0xc2, 0xf0, 0xc2, 0xf0, 0xc2, 0xf0,
    0xc2, 0xf0, 0xc1, 0xe8, 0xa2, 0xf0, 0xc2, 0xf0, 0xa2, 0xe8, 0xc1, 0xf0,
    0xa2, 0xe8, 0xc2, 0xe8, 0xc2, 0xf0, 0xc2, 0xf0, 0xc2, 0xe8, 0xc2, 0xe8,
    0xc2, 0xf0, 0xc2, 0xf0, 0xc2, 0xe8, 0xc2, 0xf0, 0xc2, 0xf0, 0xc2, 0xf0,
    0xc2, 0xf0, 0xc2, 0xf0, 0xc2, 0xf0, 0xc2, 0xf0, 0xc2, 0xf0, 0xc2, 0xe8,
    0xc2, 0xf0, 0xe2, 0xf0, 0xe2, 0xf0, 0xc2, 0xf0, 0xc2, 0xf0, 0xc2, 0xf0,
    0xc2, 0xe8, 0xc2, 0xf0, 0xa2, 0xf0, 0xc2, 0xe8, 0xc2, 0xf0, 0xc2, 0xf0,
    0xc2, 0xe8, 0xc2, 0xf0, 0xc2, 0xf0, 0xa2, 0xe8, 0xc2, 0xf0, 0xc2, 0xf0,
    0xc3, 0xf0, 0xe2, 0xf0, 0xc3, 0xe8, 0xc3, 0xf0, 0xc2, 0xf0, 0xe2, 0xf0,
    0xe3, 0xf0, 0xc2, 0xf0, 0xc2, 0xe8, 0xc2, 0xe8, 0xc2, 0xe8, 0xc2, 0xf0,
    0xc2, 0xe8, 0xc2, 0xf0, 0xc2, 0xf0, 0xc3, 0xe8, 0xc2, 0xf0, 0xc2, 0xf0,
    0xe2, 0xf0, 0xc2, 0xf0, 0xc2, 0xf0, 0xc2, 0xf0, 0xc2, 0xf0, 0xc2, 0xf0,
    0xc2, 0xf0, 0xc2, 0xf8, 0xc2, 0xf0, 0xc2, 0xf0, 0xc2, 0xf0, 0xc2, 0xf0,
    0xc2, 0xf0, 0xa2, 0xf0, 0xa2, 0xf0, 0xc2, 0xf0, 0xe2, 0xf0, 0xc3, 0xf0,
    0xc2, 0xf0, 0xc2, 0xf0, 0xc3, 0xf0, 0xe2, 0xf0, 0xc2, 0xf0, 0xc2, 0xf0,
    0xc2, 0xf0, 0xc2, 0xf0, 0xc2, 0xf0, 0xc2, 0xe8, 0xc2, 0xf0, 0xc2, 0xf0,
    0xc2, 0xf0, 0xa2, 0xe8, 0xc2, 0xe8, 0xc2, 0xf0, 0xc2, 0xf0, 0xc2, 0xf0,
    0xc2, 0xf0, 0xc2, 0xf0, 0xc2, 0xf0, 0xe1, 0xf0, 0xc2, 0xf0, 0xe2, 0xf0,
    0xe2, 0xf0, 0xe2, 0xf0, 0xe2, 0xf0, 0xc2, 0xf0, 0xe2, 0xf0, 0xe2, 0xf0,
    0xc2, 0xf0, 0xe2, 0xf0, 0xe2, 0xf0, 0xe2, 0xf0, 0xe2, 0xf0, 0xe2, 0xf0,
    0xe2, 0xf0, 0xc2, 0xf0, 0xc2, 0xf0, 0xc2, 0xf0, 0xc2, 0xf0, 0xc2, 0xe8,
    0xc2, 0xe8, 0xc2, 0xf0, 0xe2, 0xf0, 0xe2, 0xf0, 0xc2, 0xf0, 0xc2, 0xe8,
    0xc2, 0xf0, 0xe3, 0xf0, 0xe2, 0xf0, 0xe2, 0xf0, 0xc2, 0xf0, 0xe2, 0xf0,
    0xc2, 0xf0, 0xc2, 0xf0, 0xc2, 0xf0, 0xe1, 0xf0, 0xc2, 0xf0, 0xe2, 0xf0,
    0xe2, 0xf0, 0xe2, 0xf0, 0xe2, 0xf0, 0xe2, 0xf0, 0xc2, 0xf0, 0xc2, 0xf0,
    0xc1, 0xf0, 0xc1, 0xf0, 0xc2, 0xf0, 0xc2, 0xf0, 0xe1, 0xf0, 0xe2, 0xf0,
    0xe2, 0xf0, 0xe2, 0xf0, 0xe2, 0xf0, 0xe2, 0xf0, 0xe2, 0xf0, 0xc2, 0xf0,
    0xc2, 0xe8, 0xc2, 0xf0, 0xc2, 0xf0, 0xc2, 0xf0, 0xe2, 0xe8, 0xe2, 0xf0,
    0xe2, 0xf0, 0xe2, 0xf0, 0xe2, 0xf0, 0xe2, 0xf0, 0xc1, 0xf0, 0xc2, 0xf0,
    0xc2, 0xf0, 0xe2, 0xf0, 0xe2, 0xf0, 0xe2, 0xf0, 0xe2, 0xf0, 0xe2, 0xf0,
    0xe2, 0xf0, 0xe2, 0xf0, 0xe1, 0xf0, 0xe2, 0xf0, 0xe2, 0xf0, 0xe2, 0xf0,
    0xc1, 0xf0, 0xe2, 0xf0, 0xc1, 0xf0, 0xe1, 0xf0, 0xc2, 0xf0, 0xc1, 0xf0,
    0xe2, 0xf0, 0xe2, 0xf0, 0xc2, 0xe8, 0xc2, 0xf0, 0xc2, 0xf0, 0xe2, 0xf0,
    0xe2, 0xf0, 0xe2, 0xe8, 0x02, 0xf1, 0xe2, 0xf0, 0xe2, 0xf0, 0xe3, 0xe8,
    0xe2, 0xe8, 0xe2, 0xf0, 0xe2, 0xf0, 0xc2, 0xf0, 0xc2, 0xf0, 0xc2, 0xe8,
    0xc2, 0xf0, 0xc2, 0xe8, 0xc2, 0xf0, 0xe2, 0xf0, 0xe2, 0xf0, 0xe2, 0xf0,
    0xe2, 0xf0, 0xe2, 0xf0, 0x02, 0xf1, 0xe2, 0xf0, 0xe3, 0xf0, 0xe2, 0xf0,
    0x44, 0xd9, 0xbb, 0xf6, 0xbe, 0xff, 0xdf, 0xff, 0xdf, 0xff, 0xde, 0xff,
    0xdf, 0xff, 0xde, 0xff, 0x1c, 0xf7, 0x07, 0xe2, 0x02, 0xf1, 0xe2, 0xf0,
    0xe3, 0xf0, 0xe2, 0xe8, 0xe2, 0xf0, 0xe2, 0xf0, 0xe2, 0xf0, 0xe2, 0xf0,
    0xe2, 0xf0, 0xe2, 0xf0, 0xe3, 0xf0, 0xe2, 0xf0, 0xe2, 0xf0, 0xe2, 0xe8,
    0xc2, 0xe8, 0xc2, 0xf0, 0xe2, 0xf0, 0xe2, 0xf0, 0xe3, 0xf0, 0xe3, 0xf0,
    0xe2, 0xf0, 0xe2, 0xe8, 0xe2, 0xe8, 0xc2, 0xf0, 0xc2, 0xf0, 0xc2, 0xf0,
    0xc2, 0xf0, 0xc2, 0xf0, 0xc2, 0xf0, 0xc2, 0xe8, 0xc2, 0xe8, 0xc2, 0xf0,
    0xc2, 0xf0, 0xc2, 0xf0, 0xc2, 0xf0, 0xc2, 0xf0, 0xe2, 0xf0, 0xe2, 0xf0,
    0xc2, 0xf0, 0xc2, 0xf0, 0xe2, 0xf0, 0xe2, 0xf0, 0xe2, 0xf0, 0xe2, 0xf0,
    0xe2, 0xf0, 0xe2, 0xf0, 0xc2, 0xf0, 0xe2, 0xe8, 0xe2, 0xf0, 0xe2, 0xf0,
    0xe2, 0xf0, 0xc2, 0xf0, 0xe2, 0xf0, 0xe2, 0xf0, 0xe2, 0xf0, 0xc2, 0xf0,
    0xe2, 0xf0, 0xe2, 0xf0, 0xc2, 0xf0, 0xc2, 0xf0, 0xc2, 0xf0, 0xc2, 0xf0,
    0xc2, 0xf0, 0xc2, 0xf0, 0xc2, 0xe8, 0xc2, 0xf0, 0xc2, 0xf0, 0xc2, 0xe8,
    0xa1, 0xf0, 0xc2, 0xf0, 0xc2, 0xe8, 0xc2, 0xf0, 0xa2, 0xe8, 0xc2, 0xe8,
    0xc2, 0xf0, 0xe2, 0xf0, 0xc2, 0xf0, 0xc2, 0xf0, 0xc2, 0xf0, 0xc2, 0xe8,
    0xc2, 0xf0, 0xc2, 0xf0, 0xc2, 0xf0, 0xc2, 0xf0, 0xe2, 0xf0, 0xe2, 0xf0,
    0xe2, 0xf0, 0xe2, 0xf0, 0xc2, 0xf0, 0xe2, 0xe8, 0xe2, 0xe8, 0xe3, 0xf0,
    0xe2, 0xf0, 0xc2, 0xe8, 0xc2, 0xf0, 0xc2, 0xf0, 0xc2, 0xf0, 0xc1, 0xf0,
    0xc2, 0xf0, 0xc2, 0xf0, 0xc2, 0xf0, 0xc1, 0xf0, 0xc2, 0xf0, 0xc2, 0xf0,
    0xc2, 0xf0, 0xc2, 0xf0, 0xc2, 0xf0, 0xc2, 0xf0, 0xc2, 0xf0, 0xc2, 0xf0,
    0xc2, 0xf0, 0xc2, 0xf0, 0xe2, 0xf0, 0xe2, 0xf0, 0xe2, 0xf0, 0xe2, 0xf0,
    0xe2, 0xf0, 0xe2, 0xf0, 0xc2, 0xf0, 0xe2, 0xf0, 0xe2, 0xf0, 0xe2, 0xf0,
    0xc2, 0xf0, 0xc2, 0xf0, 0xc2, 0xf0, 0xc2, 0xf0, 0xc2, 0xe8, 0xc2, 0xf0,
    0xc2, 0xf0, 0xc2, 0xf0, 0xa2, 0xf0, 0xc2, 0xe8, 0xc2, 0xf0, 0xc2, 0xe8,
    0xc2, 0xf0, 0xe2, 0xf0, 0xe2, 0xf0, 0xe2, 0xf0, 0xe3, 0xe8, 0xe3, 0xf0,
    0xe2, 0xf0, 0xc2, 0xe8, 0xc2, 0xf0, 0xe2, 0xf0, 0xc3, 0xf0, 0xc2, 0xf0,
    0xc2, 0xf0, 0xc2, 0xf0, 0xc3, 0xe8, 0xe3, 0xf0, 0xc3, 0xf0, 0xc2, 0xf0,
    0xc2, 0xf0, 0xe2, 0xf0, 0xe2, 0xf0, 0xe2, 0xf0, 0xc2, 0xf0, 0xc2, 0xf0,
    0xc2, 0xf0, 0xc2, 0xf0, 0xc2, 0xf0, 0xe2, 0xf0, 0xc2, 0xf8, 0xc2, 0xf8,
    0xe2, 0xf0, 0xc2, 0xf0, 0xc2, 0xf0, 0xc2, 0xf0, 0xc2, 0xf0, 0xc2, 0xe8,
    0xc2, 0xf0, 0xe2, 0xf0, 0xe2, 0xf0, 0xc2, 0xf0, 0xe2, 0xf0, 0xe2, 0xf0,
    0xe2, 0xf0, 0xe2, 0xf0, 0xc2, 0xf0, 0xc2, 0xf0, 0xc2, 0xf0, 0xc2, 0xf0,
    0xc2, 0xf0, 0xc2, 0xf0, 0xc2, 0xf0, 0xc2, 0xf0, 0xc2, 0xf0, 0xc2, 0xe8,
    0xc2, 0xf0, 0xc2, 0xf0, 0xc2, 0xf0, 0xc2, 0xf0, 0xe2, 0xf0, 0xe2, 0xf0,
    0xe2, 0xf0, 0xe2, 0xf0, 0xe2, 0xf0, 0xe2, 0xf0, 0xe2, 0xf0, 0xe2, 0xf0,
    0xe2, 0xf0, 0xe2, 0xf0, 0xe2, 0xf0, 0xe2, 0xf0, 0xe2, 0xf0, 0xe2, 0xf0,
    0xe2, 0xf0, 0xe2, 0xf0, 0xe2, 0xf0, 0xc2, 0xf0, 0xe2, 0xf0, 0xc2, 0xf0,
    0xe2, 0xf0, 0xe2, 0xf0, 0xc2, 0xf0, 0xc1, 0xf0, 0xe2, 0xf0, 0xe2, 0xf0,
    0xe2, 0xf0, 0xc2, 0xf0, 0xe2, 0xf0, 0xe2, 0xf0, 0xe2, 0xf0, 0xc2, 0xf0,
    0xe2, 0xf0, 0xe2, 0xf0, 0xc2, 0xf0, 0xc2, 0xf0, 0xc2, 0xf0, 0xe2, 0xf0,
    0xc1, 0xf0, 0xc2, 0xf0, 0xe2, 0xf0, 0xe2, 0xf0, 0xe2, 0xf0, 0xe2, 0xf0,
    0xe1, 0xf0, 0xc2, 0xf0, 0xe2, 0xf0, 0xe2, 0xf0, 0xc2, 0xf0, 0xc2, 0xf0,
    0xc2, 0xf0, 0xe2, 0xf0, 0xe2, 0xf0, 0xe2, 0xf0, 0xe2, 0xf0, 0xe2, 0xe8,
    0xe2, 0xf0, 0xe2, 0xf0, 0xc2, 0xf0, 0xe2, 0xf0, 0xc2, 0xf0, 0xe2, 0xf0,
    0xc2, 0xf0, 0xe2, 0xf0, 0xc2, 0xf0, 0xe2, 0xf0, 0xe2, 0xf0, 0xe2, 0xf0,
    0xe2, 0xf0, 0xe2, 0xf0, 0xe2, 0xf0, 0xe2, 0xf0, 0xe2, 0xf0, 0xe2, 0xf0,
    0xe2, 0xf0, 0xc2, 0xf0, 0xc2, 0xf0, 0xe2, 0xf0, 0xc2, 0xf0, 0xc1, 0xf0,
    0xe2, 0xf0, 0xc2, 0xf0, 0xe2, 0xf0, 0xe2, 0xf0, 0xc2, 0xf0, 0xe1, 0xf0,
    0xe2, 0xf0, 0xe2, 0xf0, 0xe2, 0xf0, 0xe2, 0xf0, 0xe2, 0xf0, 0xc2, 0xf0,
    0xe2, 0xf0, 0xe2, 0xf0, 0xe2, 0xf0, 0x02, 0xf1, 0x02, 0xf1, 0xe2, 0xf0,
    0xe2, 0xf0, 0xe2, 0xf0, 0xe2, 0xf0, 0xe2, 0xf0, 0xe2, 0xf0, 0xe2, 0xf0,
    0xe2, 0xf0, 0xc3, 0xf0, 0xe2, 0xf0, 0xe2, 0xf0, 0xe3, 0xf0, 0xe2, 0xf0,
    0xe2, 0xf0, 0xe2, 0xf0, 0xe2, 0xf0, 0x03, 0xf1, 0xe3, 0xf0, 0x02, 0xf1,
    0xe2, 0xf0, 0x03, 0xe9, 0x54, 0xed, 0xbe, 0xff, 0xde, 0xff, 0xdf, 0xff,
    0xde, 0xff, 0xdf, 0xff, 0xdf, 0xff, 0xde, 0xff, 0x9f, 0xff, 0x95, 0xed,
    0x23, 0xe9, 0xe2, 0xf0, 0xe2, 0xf0, 0xe3, 0xf0, 0xe2, 0xf0, 0xe2, 0xf0,
    0xe2, 0xf0, 0xe2, 0xf0, 0xe2, 0xf0, 0xe2, 0xe8, 0xe2, 0xf0, 0xe2, 0xf0,
    0xe2, 0xf0, 0xe2, 0xf0, 0xc2, 0xf0, 0xe2, 0xf0, 0xe2, 0xf0, 0xe2, 0xf0,
    0xe3, 0xf0, 0xe2, 0xf0, 0xe2, 0xf0, 0xe2, 0xf0, 0xe2, 0xf0, 0xe2, 0xf0,
    0xe2, 0xf0, 0xe2, 0xf0, 0xe2, 0xf0, 0xe2, 0xf0, 0xc2, 0xf0, 0xe2, 0xf0,
    0xc2, 0xf0, 0xc2, 0xf0, 0xe2, 0xf0, 0xe2, 0xf0, 0xc2, 0xf0, 0xc2, 0xf0,
    0xe2, 0xf0, 0xe2, 0xf0, 0xe2, 0xf0, 0xe2, 0xf0, 0xe2, 0xf0, 0xe2, 0xf0,
    0xe2, 0xf0, 0xe2, 0xf0, 0xe2, 0xf0, 0xe2, 0xf0, 0xe2, 0xf0, 0xe2, 0xf0,
    0xe2, 0xf0, 0xe2, 0xf0, 0xe2, 0xf0, 0xe2, 0xf0, 0xe2, 0xf0, 0xe2, 0xf0,
    0xe2, 0xf0, 0xe2, 0xf0, 0xe2, 0xf0, 0xe2, 0xf0, 0xe2, 0xf0, 0xc2, 0xf0,
    0xe2, 0xe8, 0xc1, 0xf0, 0xc2, 0xf0, 0xe2, 0xf0, 0xc1, 0xf0, 0xe2, 0xf0,
    0xc2, 0xe8, 0xc2, 0xf0, 0xc2, 0xf0, 0xc1, 0xe8, 0xc1, 0xf0, 0xc2, 0xf0,
    0xc2, 0xe8, 0xc2, 0xe8, 0xc2, 0xe8, 0xe2, 0xf0, 0xc2, 0xf0, 0xc2, 0xf0,
    0xe2, 0xf0, 0xc2, 0xf0, 0xc2, 0xf0, 0xe2, 0xf0, 0xe2, 0xf0, 0xe2, 0xf0,
    0xe2, 0xf0, 0xe2, 0xf0, 0xe2, 0xf0, 0xe2, 0xf0, 0xe2, 0xf0, 0xc2, 0xf0,
    0xc2, 0xf0, 0xc3, 0xe8, 0xe2, 0xf0, 0xe2, 0xf0, 0xe2, 0xf0, 0xe2, 0xf0,
    0xc2, 0xf0, 0xe2, 0xf0, 0xc2, 0xf0, 0xc2, 0xf0, 0xc2, 0xf0, 0xc2, 0xf0,
    0xc2, 0xf0, 0xe2, 0xf0, 0xe2, 0xf0, 0xe2, 0xf0, 0xc2, 0xf0, 0xc2, 0xf0,
    0xe2, 0xf0, 0xe2, 0xf0, 0xe2, 0xf0, 0xe2, 0xf0, 0xe2, 0xf0, 0xe2, 0xf0,
    0xe2, 0xf0, 0xe2, 0xf0, 0xc2, 0xe8, 0xe2, 0xf0, 0xe2, 0xf0, 0xc1, 0xf0,
    0xc2, 0xf0, 0xc1, 0xe8, 0xc2, 0xf0, 0xc2, 0xf0, 0xc2, 0xf0, 0xc2, 0xf0,
    0xc2, 0xf0, 0xa2, 0xf0, 0xc2, 0xe8, 0xc2, 0xf0, 0xc2, 0xf0, 0xc2, 0xe8,
    0xc2, 0xf0, 0xe2, 0xf0, 0xe3, 0xf0, 0xc2, 0xf0, 0xc2, 0xf0, 0xe2, 0xe8,
    0xe2, 0xf0, 0xc2, 0xe8, 0xc2, 0xe8, 0xe2, 0xf0, 0xe3, 0xf0, 0xc2, 0xf0,
    0xc2, 0xe8, 0xc2, 0xf0, 0xe2, 0xf0, 0xe2, 0xe8, 0xe2, 0xf0, 0xc3, 0xf0,
    0xc2, 0xf0, 0xc3, 0xf0, 0xe2, 0xf0, 0xc2, 0xf0, 0xe2, 0xf0, 0xe2, 0xf0,
    0xc2, 0xf0, 0xc2, 0xf0, 0xc2, 0xf0, 0xc2, 0xf0, 0xe2, 0xf0, 0xe2, 0xf0,
    0xe2, 0xf8, 0xe2, 0xf0, 0xe2, 0xf0, 0xc2, 0xf0, 0xc2, 0xf0, 0xc2, 0xf0,
    0xc2, 0xe8, 0xc2, 0xf0, 0xe2, 0xf0, 0xc3, 0xf0, 0xe2, 0xf0, 0xe2, 0xf0,
    0xe3, 0xe8, 0xe2, 0xf0, 0xe2, 0xf0, 0xe2, 0xf0, 0xc2, 0xf0, 0xc1, 0xf0,
    0xe2, 0xf0, 0xc2, 0xf0, 0xe2, 0xf0, 0xc2, 0xf0, 0xc2, 0xf0, 0xc2, 0xf0,
    0xc2, 0xf0, 0xa1, 0xe8, 0xa2, 0xe8, 0xc2, 0xf0, 0xc1, 0xf0, 0xc1, 0xf0,
    0xc2, 0xf0, 0xc2, 0xf0, 0xe2, 0xf0, 0xe1, 0xf0, 0xc2, 0xf0, 0xe2, 0xf0,
    0xe2, 0xf0, 0xe2, 0xf0, 0xe2, 0xf0, 0xe2, 0xf0, 0xe2, 0xf0, 0xe2, 0xf0,
    0xe2, 0xf0, 0xe2, 0xf8, 0xe2, 0xf0, 0xc1, 0xf0, 0xc2, 0xf0, 0xe2, 0xf0,
    0xe1, 0xf0, 0xe2, 0xf0, 0xe2, 0xf0, 0xe2, 0xf0, 0xc2, 0xe8, 0xc1, 0xf0,
    0xc2, 0xe8, 0xe2, 0xf0, 0xe1, 0xf0, 0xe2, 0xf0, 0xc2, 0xf0, 0xc2, 0xf0,
    0xe2, 0xf0, 0xc2, 0xf0, 0xc2, 0xf0, 0xe2, 0xf0, 0xe2, 0xe8, 0xe2, 0xf0,
    0xe2, 0xf0, 0xe2, 0xf0, 0xc2, 0xf0, 0xe2, 0xf0, 0xe2, 0xf0, 0xe2, 0xf0,
    0xe2, 0xf0, 0xe2, 0xf0, 0xe2, 0xf0, 0xe2, 0xf0, 0xe2, 0xf0, 0xe2, 0xf0,
    0xe2, 0xf0, 0xe1, 0xf0, 0xe2, 0xe8, 0xe2, 0xf0, 0xe2, 0xf0, 0xe2, 0xf0,
    0xe2, 0xf0, 0xe2, 0xf0, 0xe2, 0xf0, 0xe2, 0xf0, 0xe2, 0xf0, 0xe2, 0xf0,
    0xe1, 0xf0, 0xe2, 0xf0, 0xe2, 0xf0, 0xc2, 0xf0, 0xe2, 0xf0, 0xe2, 0xf0,
    0xe1, 0xf0, 0xe2, 0xf0, 0xe2, 0xf0, 0xe2, 0xf0, 0xe2, 0xf0, 0xe2, 0xf0,
    0xe2, 0xf0, 0xe2, 0xf0, 0xc2, 0xf0, 0xc1, 0xf0, 0xc1, 0xf0, 0xe2, 0xf0,
    0xe2, 0xf0, 0xe1, 0xf0, 0xe2, 0xf0, 0xe2, 0xf0, 0xe2, 0xf0, 0xe1, 0xf0,
    0xe2, 0xf0, 0xe2, 0xf0, 0xe2, 0xf0, 0xe2, 0xf0, 0xe2, 0xf0, 0xe2, 0xf0,
    0xe2, 0xf0, 0xe1, 0xf0, 0xe1, 0xf0, 0xe2, 0xf0, 0xe2, 0xe8, 0xe2, 0xf0,
    0xe2, 0xf0, 0xe2, 0xe8, 0xe2, 0xe8, 0xe2, 0xf0, 0xe2, 0xe8, 0xe2, 0xf0,
    0xe2, 0xf0, 0xe2, 0xf0, 0xc2, 0xf0, 0xc2, 0xf0, 0xe2, 0xf0, 0xe2, 0xf0,
    0xe3, 0xf0, 0xe2, 0xf0, 0xe2, 0xf0, 0xe2, 0xf0, 0xe2, 0xf0, 0x03, 0xf1,
    0xe3, 0xf0, 0x02, 0xf1, 0x03, 0xe9, 0x06, 0xd2, 0x3c, 0xf7, 0xbe, 0xff,
    0xde, 0xff, 0xbe, 0xff, 0xbe, 0xff, 0xbe, 0xff, 0xbe, 0xff, 0xde, 0xff,
    0xbf, 0xff, 0xbe, 0xf7, 0x2a, 0xe3, 0x03, 0xf1, 0xe2, 0xf0, 0xe2, 0xf0,
    0xe2, 0xf0, 0xe2, 0xf0, 0xe2, 0xf0, 0xe2, 0xf0, 0xe2, 0xf0, 0x02, 0xf1,
    0xe2, 0xf0, 0xe2, 0xf0, 0xe2, 0xf0, 0xe2, 0xf0, 0xe2, 0xf0, 0xe2, 0xf0,
    0xe2, 0xf0, 0xe2, 0xf0, 0xe2, 0xf0, 0xe2, 0xf0, 0xe2, 0xf0, 0xc2, 0xe8,
    0xe2, 0xf0, 0xe2, 0xe8, 0xe2, 0xe8, 0xe2, 0xf0, 0xe2, 0xf0, 0xe2, 0xf0,
    0xe2, 0xf0, 0xe2, 0xf0, 0xc2, 0xf0, 0xe2, 0xf0, 0xe2, 0xf0, 0xe2, 0xf0,
    0xc2, 0xf0, 0xe2, 0xf0, 0xc2, 0xe8, 0xe2, 0xf0, 0xe2, 0xf0, 0xc1, 0xf0,
    0xe2, 0xf0, 0xe2, 0xf0, 0xe2, 0xf0, 0xe1, 0xf0, 0xe1, 0xf0, 0xe2, 0xf0,
    0xe2, 0xf0, 0xe2, 0xf0, 0xe2, 0xf0, 0xe2, 0xf0, 0xe2, 0xf0, 0xe2, 0xf0,
    0xe2, 0xf0, 0xe2, 0xf0, 0xe2, 0xf0, 0xe2, 0xf0, 0xe2, 0xf0, 0xe2, 0xf0,
    0xe2, 0xf0, 0xe2, 0xf0, 0xe1, 0xf0, 0xe2, 0xf0, 0xc2, 0xf0, 0xe2, 0xf0,
    0xe2, 0xf0, 0xe1, 0xf0, 0xe2, 0xe8, 0xc2, 0xf0, 0xc2, 0xf0, 0xc2, 0xf0,
    0xc2, 0xf0, 0xc2, 0xf0, 0xc2, 0xf0, 0xc2, 0xf0, 0xc2, 0xf0, 0xc2, 0xe8,
    0xe2, 0xe8, 0xc2, 0xf0, 0xe2, 0xf0, 0xe2, 0xf0, 0xc2, 0xe8, 0xe2, 0xf0,
    0xe2, 0xf0, 0xc2, 0xf0, 0xe2, 0xf0, 0xe2, 0xf0, 0xe2, 0xf0, 0xe2, 0xf0,
    0xe2, 0xf0, 0xe2, 0xf0, 0xc2, 0xf0, 0xc2, 0xf0, 0xe2, 0xf0, 0xe2, 0xf0,
    0xc2, 0xf0, 0xc2, 0xf0, 0xe2, 0xf0, 0xc1, 0xf0, 0xe1, 0xf0, 0xe2, 0xf0,
    0xe2, 0xf0, 0xe1, 0xf0, 0xc2, 0xf0, 0xe2, 0xf0, 0xc2, 0xf0, 0xe1, 0xf0,
    0xe2, 0xf0, 0xe2, 0xf0, 0xe2, 0xf0, 0xc2, 0xf0, 0xc2, 0xf0, 0xe2, 0xf0,
    0xe2, 0xf0, 0xe2, 0xf0, 0xe2, 0xf0, 0xe2, 0xf0, 0xe2, 0xf0, 0xe1, 0xf0,
    0xe2, 0xf0, 0xe2, 0xf0, 0xe2, 0xf0, 0xe2, 0xf0, 0xe2, 0xf0, 0xc2, 0xf0,
    0xc2, 0xf0, 0xc2, 0xf0, 0xc2, 0xf0, 0xc2, 0xe8, 0xc2, 0xf0, 0xc2, 0xf0,
    0xc2, 0xf0, 0xc2, 0xe8, 0xe2, 0xf0, 0xc2, 0xf0, 0xc2, 0xf0, 0xc2, 0xe8,
    0xe2, 0xf0, 0xc2, 0xf0, 0xe2, 0xf0, 0xc2, 0xe8, 0xc2, 0xf0, 0xc2, 0xf0,
    0xe2, 0xf0, 0xe2, 0xf0, 0xe2, 0xf0, 0xc2, 0xe8, 0xc2, 0xe8, 0xc2, 0xe8,
    0xe2, 0xf0, 0xe3, 0xf0, 0xe2, 0xe8, 0xe2, 0xe8, 0xe3, 0xf0, 0xe2, 0xf0,
    0xe2, 0xe8, 0xe2, 0xf0, 0xe2, 0xf0, 0xc2, 0xf0, 0xe2, 0xf0, 0xe2, 0xf0,
    0xe2, 0xf0, 0xe2, 0xf0, 0xe2, 0xf8, 0xe2, 0xf0, 0xe2, 0xf0, 0xc2, 0xf0,
    0xc1, 0xf0, 0xc2, 0xe8, 0xe2, 0xf0, 0xe2, 0xf0, 0xc2, 0xf0, 0xe2, 0xf0,
    0xe2, 0xf0, 0xe2, 0xe8, 0xe2, 0xf0, 0xe2, 0xf0, 0xe2, 0xf0, 0xe2, 0xf0,
    0xe2, 0xf0, 0xe2, 0xf0, 0xc2, 0xf0, 0xe2, 0xf0, 0xe2, 0xf0, 0xc2, 0xf0,
    0xc2, 0xf0, 0xc2, 0xf0, 0xc1, 0xf0, 0xc1, 0xf0, 0xc2, 0xf0, 0xc2, 0xf0,
    0xc1, 0xf0, 0xc1, 0xe8, 0xc2, 0xe8, 0xe2, 0xf0, 0xe2, 0xf0, 0xe2, 0xf0,
    0xe2, 0xf0, 0xe2, 0xf0, 0xe1, 0xf0, 0xe1, 0xf0, 0xe2, 0xf0, 0xe2, 0xf0,
    0xe2, 0xf0, 0xe2, 0xf0, 0xe2, 0xf0, 0xe2, 0xf0, 0xc2, 0xf0, 0xe2, 0xf0,
    0xe2, 0xf0, 0xc2, 0xf0, 0xc1, 0xf0, 0xe2, 0xe8, 0xe1, 0xf0, 0xc2, 0xf0,
    0xc2, 0xf0, 0xe1, 0xe8, 0xe2, 0xf0, 0xe2, 0xf0, 0xe1, 0xf0, 0xe2, 0xf0,
    0xc2, 0xf0, 0xe2, 0xf0, 0xe2, 0xf0, 0xe2, 0xf0, 0xc2, 0xf0, 0xe2, 0xf0,
    0xe2, 0xe8, 0xe2, 0xf0, 0xc2, 0xf0, 0xe1, 0xf0, 0xe2, 0xf0, 0xc2, 0xf0,
    0xe1, 0xf0, 0xe2, 0xf0, 0xe2, 0xf0, 0xe2, 0xf0, 0xe2, 0xf0, 0xe2, 0xf0,
    0xe1, 0xf0, 0xe2, 0xf0, 0xe2, 0xf0, 0xe2, 0xf0, 0xe2, 0xf0, 0xe2, 0xf0,
    0xe1, 0xf0, 0xe2, 0xf0, 0xe2, 0xf0, 0xe2, 0xf0, 0xe2, 0xf0, 0xe2, 0xf0,
    0xe2, 0xf0, 0xe2, 0xf0, 0xc1, 0xe8, 0xe2, 0xf0, 0xe1, 0xf0, 0xe1, 0xf0,
    0xe2, 0xf0, 0xe2, 0xf0, 0xc2, 0xf0, 0xe1, 0xe8, 0xe2, 0xf0, 0xe2, 0xf0,
    0xe2, 0xf0, 0xe2, 0xf0, 0xe2, 0xf0, 0xe1, 0xf0, 0xe2, 0xf0, 0xc2, 0xf0,
    0xe2, 0xf0, 0xe2, 0xf0, 0xe2, 0xf0, 0xe1, 0xf0, 0xe2, 0xf0, 0xe2, 0xf0,
    0xe1, 0xf0, 0xc1, 0xf0, 0xe1, 0xf0, 0xe2, 0xf0, 0xe1, 0xf0, 0xe2, 0xf0,
    0xe2, 0xf0, 0xe1, 0xf0, 0xe2, 0xf0, 0xe2, 0xf0, 0xe2, 0xf0, 0xe2, 0xe8,
    0x02, 0xf1, 0xe2, 0xf0, 0x02, 0xf1, 0xe2, 0xf0, 0xe2, 0xf0, 0xe2, 0xe8,
    0xe2, 0xf0, 0xe2, 0xf0, 0xe2, 0xf0, 0xe2, 0xf0, 0xc2, 0xf0, 0xe2, 0xf0,
    0xe2, 0xf0, 0xe2, 0xf0, 0xe2, 0xf0, 0xe2, 0xf0, 0xe2, 0xf0, 0x02, 0xf1,
    0xe2, 0xf8, 0xe2, 0xf0, 0x02, 0xf1, 0x03, 0xf1, 0x03, 0xe9, 0x55, 0xf5,
    0xbe, 0xff, 0xbe, 0xff, 0xde, 0xff, 0xbe, 0xff, 0xbf, 0xff, 0xbe, 0xff,
    0xde, 0xff, 0xbe, 0xff, 0xdf, 0xff, 0xbe, 0xff, 0x95, 0xed, 0x43, 0xe9,
    0xe2, 0xf0, 0xe2, 0xf0, 0xe2, 0xf0, 0xe2, 0xf0, 0xe2, 0xf0, 0xe2, 0xf0,
    0xe2, 0xf0, 0xe2, 0xf0, 0xe2, 0xf0, 0xe2, 0xf0, 0xe2, 0xf0, 0xc1, 0xf0,
    0xe2, 0xf0, 0xe2, 0xf0, 0xe1, 0xf0, 0xe2, 0xe8, 0xe2, 0xe8, 0xe2, 0xe8,
    0xe2, 0xe8, 0xe2, 0xf0, 0xc2, 0xe8, 0xe2, 0xf0, 0xe2, 0xf0, 0xe2, 0xf0,
    0xe2, 0xf0, 0xe2, 0xf0, 0xc2, 0xe8, 0xc2, 0xe8, 0xe2, 0xf0, 0xc2, 0xe8,
    0xc2, 0xf0, 0xe1, 0xf0, 0xe1, 0xf0, 0xe2, 0xe8, 0xc2, 0xf0, 0xe2, 0xf0,
    0xe2, 0xf0, 0xe1, 0xf0, 0xe2, 0xf0, 0xe2, 0xf0, 0xe2, 0xf0, 0x01, 0xf1,
    0xe2, 0xf0, 0xe2, 0xf0, 0x02, 0xf1, 0x01, 0xf1, 0xe2, 0xf0, 0xe1, 0xf0,
    0xe2, 0xf0, 0xe2, 0xf0, 0xe2, 0xf0, 0xc2, 0xf0, 0xe2, 0xf0, 0xe2, 0xf0,
    0xe2, 0xf0, 0xe2, 0xf0, 0xe2, 0xf0, 0xe1, 0xf0, 0xc2, 0xf0, 0xc2, 0xf0,
    0xe1, 0xf0, 0xe2, 0xf0, 0xe2, 0xf0, 0xe2, 0xe8, 0xe1, 0xf0, 0xe1, 0xf0,
    0xe2, 0xf0, 0xc1, 0xf0, 0xc2, 0xf0, 0xe2, 0xf0, 0xc2, 0xe8, 0xc2, 0xf0,
    0xe1, 0xf0, 0xe2, 0xf0, 0xe2, 0xe8, 0xe2, 0xf0, 0xe2, 0xf0, 0xe2, 0xf0,
    0xc1, 0xe8, 0xe2, 0xf0, 0xe2, 0xf0, 0xe2, 0xf0, 0xe2, 0xf0, 0xe2, 0xf0,
    0xe1, 0xf0, 0xe2, 0xf0, 0xe1, 0xf0, 0xc1, 0xe8, 0xe2, 0xf0, 0xe2, 0xf0,
    0xe2, 0xf0, 0xc2, 0xf0, 0xe2, 0xf0, 0xe2, 0xf0, 0xc2, 0xf0, 0xe2, 0xf0,
    0xc1, 0xf0, 0xe2, 0xf0, 0xc2, 0xf0, 0xc1, 0xf0, 0xe2, 0xf0, 0xc2, 0xf0,
    0xe1, 0xf0, 0xc2, 0xf0, 0xe2, 0xf0, 0xe2, 0xf0, 0xe2, 0xf0, 0xc2, 0xf0,
    0xe2, 0xf0, 0xe2, 0xf0, 0xe2, 0xf0, 0xe2, 0xf0, 0xe1, 0xf0, 0xe2, 0xf0,
    0xe1, 0xf0, 0xe1, 0xf0, 0xe2, 0xf0, 0xe2, 0xf0, 0xc1, 0xf0, 0xc1, 0xf0,
    0xe2, 0xf0, 0xe2, 0xf0, 0xc2, 0xf0, 0xc2, 0xf0, 0xc1, 0xf0, 0xc2, 0xf0,
    0xc2, 0xf0, 0xc1, 0xf0, 0xc2, 0xf0, 0xc2, 0xf0, 0xc2, 0xe8, 0xc2, 0xe8,
    0xe2, 0xf0, 0xe2, 0xf0, 0xe2, 0xf0, 0xe2, 0xf0, 0xe2, 0xe8, 0xc2, 0xf0,
    0xc2, 0xf0, 0xc2, 0xf0, 0xc2, 0xf0, 0xe2, 0xf0, 0xc2, 0xe8, 0xc2, 0xe8,
    0xc2, 0xf0, 0xc2, 0xf0, 0xe2, 0xf0, 0xe3, 0xf0, 0xe3, 0xe8, 0xe2, 0xf0,
    0xe2, 0xf0, 0xe2, 0xf0, 0xe2, 0xf0, 0x02, 0xf1, 0xe2, 0xf8, 0xe2, 0xf0,
    0xe2, 0xf0, 0xe2, 0xf0, 0xe2, 0xf0, 0xe3, 0xf0, 0xc2, 0xf0, 0xc2, 0xf0,
    0xe2, 0xf0, 0xe2, 0xf0, 0xe2, 0xf0, 0xe2, 0xf0, 0xe2, 0xf0, 0xe2, 0xf0,
    0xe2, 0xf0, 0xe2, 0xf0, 0xe2, 0xf0, 0xe2, 0xf0, 0xe2, 0xf0, 0x02, 0xf1,
    0xe2, 0xf0, 0xe2, 0xf0, 0xe2, 0xf0, 0xc2, 0xf0, 0xc1, 0xf0, 0xe2, 0xf0,
    0xc2, 0xf0, 0xe2, 0xf0, 0xc1, 0xf0, 0xc2, 0xe8, 0xc2, 0xf0, 0xc2, 0xf0,
    0xc1, 0xf0, 0xe2, 0xf0, 0xe2, 0xf0, 0xe1, 0xf0, 0xe2, 0xf0, 0xe2, 0xf0,
    0xe2, 0xf0, 0xe1, 0xf0, 0xe1, 0xf0, 0xe2, 0xf0, 0xe2, 0xf0, 0x02, 0xf1,
    0x02, 0xf1, 0x02, 0xf9, 0x02, 0xf1, 0xe2, 0xf0, 0xe2, 0xf0, 0xc2, 0xf8,
    0xe2, 0xf0, 0xe1, 0xf0, 0xe1, 0xf0, 0xc1, 0xf0, 0xc2, 0xf0, 0xc2, 0xe8,
    0xe2, 0xf0, 0xe1, 0xf0, 0xe2, 0xf0, 0xe2, 0xf0, 0xe2, 0xf0, 0xe1, 0xf0,
    0xe2, 0xf0, 0xe2, 0xf0, 0xe2, 0xf0, 0xe2, 0xf0, 0xc1, 0xf0, 0xc2, 0xf0,
    0xe2, 0xf0, 0xc2, 0xf0, 0xe2, 0xf0, 0xe2, 0xf0, 0xc2, 0xf0, 0xe2, 0xf0,
    0xe2, 0xf0, 0xe2, 0xf0, 0xe2, 0xf0, 0xe1, 0xf0, 0xe2, 0xf0, 0xe2, 0xf0,
    0xe1, 0xf0, 0xc2, 0xf0, 0xe2, 0xf0, 0xe2, 0xf0, 0xe2, 0xf0, 0xe2, 0xf0,
    0xe2, 0xf0, 0xe2, 0xf0, 0xe2, 0xf0, 0xe1, 0xf0, 0xe2, 0xf0, 0xe2, 0xf0,
    0xe1, 0xf0, 0xe2, 0xf0, 0xe2, 0xf0, 0xc1, 0xe8, 0xe1, 0xf0, 0xe2, 0xf0,
    0xe2, 0xf0, 0xe1, 0xf0, 0xe2, 0xf0, 0xe2, 0xf0, 0xe2, 0xf0, 0xc2, 0xf0,
    0xe2, 0xf0, 0xe2, 0xf0, 0xe1, 0xf0, 0xe2, 0xf0, 0xe1, 0xf0, 0xe1, 0xf0,
    0xe2, 0xf0, 0xe2, 0xf0, 0xe1, 0xf0, 0xe1, 0xf0, 0xe2, 0xf0, 0xe2, 0xf0,
    0xe1, 0xf0, 0xe2, 0xf0, 0xe2, 0xf0, 0xe2, 0xf0, 0xe2, 0xf0, 0xe2, 0xf0,
    0xe2, 0xf0, 0xe2, 0xf0, 0x02, 0xf1, 0xe1, 0xf0, 0xe2, 0xf0, 0xe1, 0xe8,
    0xe2, 0xf0, 0xe2, 0xf0, 0x02, 0xf1, 0x02, 0xf1, 0xe1, 0xf0, 0x02, 0xf1,
    0xe2, 0xf0, 0xe2, 0xf0, 0xe2, 0xf0, 0xe2, 0xe8, 0xe2, 0xf0, 0xe2, 0xf0,
    0xe2, 0xf0, 0xe2, 0xe8, 0xe2, 0xf0, 0xe2, 0xf0, 0xe2, 0xf0, 0xe2, 0xf0,
    0x02, 0xf1, 0xe2, 0xf0, 0x02, 0xf1, 0xe2, 0xf0, 0x03, 0xf9, 0x02, 0xf1,
    0xc6, 0xe1, 0x5c, 0xff, 0xde, 0xff, 0xde, 0xff, 0xbf, 0xff, 0xdf, 0xff,
    0xde, 0xff, 0xbf, 0xff, 0xdf, 0xff, 0xde, 0xff, 0xbe, 0xff, 0xde, 0xff,
    0x9e, 0xff, 0xe7, 0xe1, 0xe2, 0xf0, 0xe2, 0xf0, 0xe2, 0xf0, 0xe2, 0xf0,
    0xe2, 0xf0, 0xe2, 0xf0, 0xe2, 0xf0, 0xe2, 0xf0, 0xe2, 0xf0, 0xe2, 0xf0,
    0xe2, 0xf0, 0xe2, 0xf0, 0xe2, 0xf0, 0xe2, 0xf0, 0xe2, 0xe8, 0xe2, 0xf0,
    0xe2, 0xe8, 0xe2, 0xe8, 0xe2, 0xf0, 0xe2, 0xf0, 0xe2, 0xe8, 0xe2, 0xf0,
    0xe2, 0xf0, 0xe2, 0xf0, 0xe2, 0xe8, 0xe1, 0xf0, 0xc1, 0xf0, 0xc2, 0xe8,
    0xc1, 0xf0, 0xe2, 0xf0, 0xe2, 0xf0, 0xe2, 0xf0, 0xe2, 0xf0, 0xe2, 0xf0,
    0xe2, 0xf0, 0xe2, 0xf0, 0xe1, 0xf0, 0xe2, 0xf0, 0xe2, 0xf0, 0xe2, 0xe8,
    0x02, 0xf1, 0x02, 0xf1, 0xe2, 0xf0, 0x01, 0xf1, 0x02, 0xf1, 0x02, 0xf1,
    0x02, 0xf1, 0x02, 0xf1, 0xe1, 0xf0, 0xe1, 0xf0, 0xe1, 0xf0, 0xe2, 0xf0,
    0xe2, 0xf0, 0xe2, 0xf0, 0xe2, 0xf0, 0xe2, 0xf0, 0xe2, 0xf0, 0xe1, 0xf0,
    0xe2, 0xf0, 0xe2, 0xf0, 0xe2, 0xf0, 0xe2, 0xf0, 0xe2, 0xf0, 0xe2, 0xf0,
    0xc2, 0xf0, 0xc2, 0xf0, 0xe2, 0xf0, 0xe2, 0xf0, 0xe2, 0xf0, 0xe1, 0xf0,
    0xe2, 0xf0, 0xe2, 0xf0, 0xe2, 0xf0, 0xe2, 0xf0, 0xc1, 0xe8, 0xe2, 0xf0,
    0xe2, 0xf0, 0xc2, 0xf0, 0xe2, 0xf0, 0xc1, 0xf0, 0xc2, 0xf0, 0xc1, 0xf0,
    0xe2, 0xf0, 0xe2, 0xf0, 0xc1, 0xf0, 0xe2, 0xf0, 0xe1, 0xe8, 0xe2, 0xf0,
    0xe2, 0xf0, 0xe2, 0xf0, 0xc2, 0xf0, 0xe1, 0xf0, 0xe2, 0xf0, 0xc1, 0xf0,
    0xe2, 0xf0, 0xc2, 0xf0, 0xe2, 0xf0, 0xc2, 0xf0, 0xe2, 0xf0, 0xe2, 0xf0,
    0xc1, 0xf0, 0xc2, 0xf0, 0xe2, 0xf0, 0xe2, 0xf0, 0xe2, 0xf0, 0xe2, 0xf0,
    0xe1, 0xf0, 0xc2, 0xf0, 0xe2, 0xf0, 0xe2, 0xf0, 0xe2, 0xf0, 0xe2, 0xf0,
    0xe2, 0xf0, 0xe2, 0xf0, 0xc2, 0xf0, 0xe1, 0xf0, 0xe2, 0xf0, 0xe1, 0xf0,
    0xe2, 0xf0, 0xc1, 0xf0, 0xc2, 0xf0, 0xe2, 0xf0, 0xe1, 0xf0, 0xe1, 0xf0,
    0xc2, 0xf0, 0xc2, 0xf0, 0xc1, 0xf0, 0xc2, 0xf0, 0xc2, 0xf0, 0xe1, 0xf0,
    0xc2, 0xf0, 0xc1, 0xe8, 0xc2, 0xf0, 0xc2, 0xe8, 0xe2, 0xf0, 0xe2, 0xf0,
    0xe2, 0xf0, 0xe2, 0xf0, 0xe2, 0xf0, 0xc2, 0xf0, 0xc2, 0xf0, 0xe2, 0xf0,
    0xc2, 0xf0, 0xc2, 0xe8, 0xc2, 0xf0, 0xe3, 0xf0, 0xe2, 0xe8, 0xe2, 0xf0,
    0xe3, 0xf0, 0xe2, 0xf0, 0xe2, 0xe8, 0xe2, 0xf0, 0x02, 0xf1, 0x02, 0xf1,
    0xe2, 0xf8, 0xe2, 0xf0, 0xe2, 0xf0, 0xe2, 0xf0, 0xe3, 0xf8, 0xe2, 0xf0,
    0xe2, 0xf0, 0xe2, 0xf0, 0xe2, 0xf0, 0xe2, 0xf0, 0xe2, 0xf0, 0xe2, 0xf0,
    0xe2, 0xf0, 0xe2, 0xf0, 0xe2, 0xf0, 0xe2, 0xf0, 0xe2, 0xf0, 0x02, 0xf1,
    0x02, 0xf1, 0xe2, 0xf0, 0x02, 0xf1, 0xe2, 0xf0, 0xe2, 0xf0, 0xe2, 0xf0,
    0xc2, 0xf0, 0xc1, 0xf0, 0xe2, 0xf0, 0xe2, 0xf0, 0xc1, 0xf0, 0xc1, 0xf0,
    0xc2, 0xf0, 0xc2, 0xf0, 0xc2, 0xf0, 0xc2, 0xf0, 0xe2, 0xf0, 0xe1, 0xf0,
    0x02, 0xf1, 0xe2, 0xf0, 0xe2, 0xf0, 0xe2, 0xf0, 0xe2, 0xf0, 0x02, 0xf1,
    0x02, 0xf1, 0x02, 0xf1, 0x02, 0xf1, 0x02, 0xf1, 0x02, 0xf1, 0xe2, 0xf8,
    0xe2, 0xf0, 0xe2, 0xf0, 0xe1, 0xf0, 0xe2, 0xf0, 0xe2, 0xf0, 0xe1, 0xf0,
    0xc1, 0xf0, 0xe1, 0xf0, 0xe2, 0xf0, 0xe2, 0xf0, 0xe2, 0xf0, 0xe2, 0xf0,
    0xe2, 0xf0, 0xe2, 0xf0, 0xe2, 0xf0, 0xe2, 0xf0, 0xe2, 0xf0, 0xe1, 0xf0,
    0xe2, 0xf0, 0xe2, 0xf0, 0xe2, 0xf0, 0xe2, 0xf0, 0xe1, 0xf0, 0xe2, 0xf0,
    0xe2, 0xf0, 0xe2, 0xf0, 0xc2, 0xf0, 0xe2, 0xf0, 0xc2, 0xf0, 0xe1, 0xf0,
    0xe2, 0xf0, 0x02, 0xf9, 0xe2, 0xf0, 0xe2, 0xf0, 0xe2, 0xf0, 0xe2, 0xf0,
    0xe2, 0xf0, 0xe2, 0xf0, 0xe2, 0xf0, 0xe1, 0xe8, 0x02, 0xf1, 0x02, 0xf1,
    0xe2, 0xf0, 0xe2, 0xf0, 0xe2, 0xf0, 0xe2, 0xf0, 0xe2, 0xf0, 0xe1, 0xf0,
    0xe1, 0xf0, 0xc2, 0xf0, 0xe2, 0xf0, 0xe2, 0xf0, 0xe2, 0xf0, 0xe1, 0xf0,
    0xe2, 0xf0, 0xe2, 0xf0, 0xe2, 0xf0, 0xe2, 0xf0, 0xe1, 0xf0, 0xe2, 0xf0,
    0xe2, 0xf0, 0xe2, 0xf0, 0xe2, 0xf0, 0xe2, 0xf0, 0xe2, 0xf0, 0xe2, 0xf0,
    0x02, 0xf1, 0xe2, 0xf0, 0x02, 0xf1, 0xe2, 0xf0, 0xe2, 0xf0, 0xe2, 0xf0,
    0xe2, 0xf0, 0x02, 0xf1, 0x02, 0xf1, 0xe2, 0xf0, 0xe2, 0xf0, 0xe2, 0xf0,
    0xe1, 0xf0, 0xe2, 0xf0, 0xe1, 0xf0, 0xe1, 0xe8, 0x02, 0xf1, 0xe1, 0xf0,
    0xe2, 0xf0, 0x02, 0xf1, 0x02, 0xf1, 0xe2, 0xf0, 0xe2, 0xf0, 0xe2, 0xf0,
    0xe2, 0xf0, 0xe2, 0xf0, 0xe2, 0xf0, 0xe2, 0xf0, 0xe2, 0xf0, 0xe2, 0xf0,
    0xe2, 0xf0, 0xe2, 0xf0, 0x02, 0xf1, 0x02, 0xf1, 0x03, 0xf1, 0x02, 0xf1,
    0x03, 0xf9, 0x02, 0xf1, 0x0f, 0xdc, 0xdf, 0xff, 0xde, 0xff, 0xde, 0xff,
    0xdf, 0xff, 0xbe, 0xff, 0x5c, 0xff, 0x7d, 0xff, 0xbf, 0xff, 0xde, 0xff,
    0xbe, 0xff, 0xde, 0xff, 0xbe, 0xff, 0x53, 0xed, 0x03, 0xe9, 0xe2, 0xf0,
    0xe2, 0xf0, 0xe2, 0xf0, 0xe2, 0xf0, 0x02, 0xf1, 0xe2, 0xf0, 0x02, 0xf1,
    0xe2, 0xf0, 0xe2, 0xf0, 0xe1, 0xf0, 0xe1, 0xf0, 0xe2, 0xe8, 0x02, 0xf1,
    0x02, 0xf1, 0x02, 0xf1, 0x02, 0xf1, 0x02, 0xf1, 0xe2, 0xf0, 0xe2, 0xf0,
    0xe1, 0xe8, 0x02, 0xf1, 0xe2, 0xf0, 0x02, 0xf1, 0xe2, 0xf0, 0xc2, 0xe8,
    0xe2, 0xf0, 0xe2, 0xe8, 0xe2, 0xf0, 0xe2, 0xf0, 0xe2, 0xf0, 0xe2, 0xf0,
    0xe2, 0xf0, 0xe1, 0xf0, 0x02, 0xf1, 0x02, 0xf1, 0x02, 0xf1, 0x02, 0xf1,
    0xe2, 0xf0, 0xe2, 0xf0, 0x02, 0xf1, 0xe1, 0xf0, 0x02, 0xf1, 0x02, 0xf1,
    0x02, 0xf1, 0x02, 0xe9, 0xe2, 0xf0, 0xe2, 0xf0, 0x02, 0xf1, 0xe2, 0xf0,
    0xe2, 0xf0, 0xe1, 0xf0, 0xe2, 0xf0, 0xe2, 0xf0, 0xe2, 0xf0, 0xe2, 0xf0,
    0xe1, 0xf0, 0xe2, 0xe8, 0xe1, 0xf0, 0xe2, 0xf0, 0xe2, 0xf0, 0xe1, 0xf0,
    0xe2, 0xf0, 0xe1, 0xf0, 0xe1, 0xf0, 0xe2, 0xf0, 0xe1, 0xf0, 0xe2, 0xf0,
    0xe2, 0xf0, 0xe2, 0xf0, 0xe1, 0xf0, 0xc1, 0xf0, 0xe2, 0xf0, 0xe1, 0xe8,
    0xe1, 0xf0, 0xe2, 0xf0, 0xe2, 0xe8, 0xe2, 0xf0, 0xe2, 0xf0, 0xe2, 0xf0,
    0xe2, 0xf0, 0xe2, 0xf0, 0xe2, 0xf0, 0xe2, 0xf0, 0xe2, 0xf0, 0xe2, 0xf0,
    0xe2, 0xf0, 0xe2, 0xf0, 0xe2, 0xf0, 0xe2, 0xf0, 0xe2, 0xf0, 0xe2, 0xf0,
    0xe2, 0xf0, 0xc2, 0xf0, 0xe1, 0xf0, 0xc2, 0xf0, 0xc2, 0xf0, 0xe2, 0xf0,
    0xe2, 0xf0, 0xc2, 0xf0, 0xe2, 0xf0, 0xe2, 0xf0, 0xe2, 0xf0, 0xe2, 0xf0,
    0xe2, 0xf0, 0xe2, 0xf0, 0xe1, 0xf0, 0xe2, 0xf0, 0xe1, 0xf0, 0xe2, 0xf0,
    0xe2, 0xf0, 0xe2, 0xf0, 0xe2, 0xf0, 0xe2, 0xf0, 0xe2, 0xf0, 0xe2, 0xf0,
    0xe2, 0xf0, 0xe1, 0xf0, 0xe1, 0xf0, 0xe2, 0xf0, 0xe1, 0xf0, 0xe1, 0xf0,
    0xe2, 0xf0, 0xc2, 0xf0, 0xc2, 0xf0, 0xc1, 0xf0, 0xe2, 0xe8, 0xe2, 0xf0,
    0xe1, 0xf0, 0xe2, 0xf0, 0xe1, 0xf0, 0xe2, 0xf0, 0xc1, 0xe8, 0xc1, 0xf0,
    0xc2, 0xe8, 0xc1, 0xe8, 0xe2, 0xf0, 0xe2, 0xf0, 0xc1, 0xf0, 0xe2, 0xf0,
    0xe2, 0xf0, 0xc2, 0xf0, 0xe2, 0xf0, 0xe2, 0xf0, 0xe2, 0xe8, 0xe3, 0xe8,
    0xe2, 0xf0, 0xe2, 0xf0, 0xe3, 0xf0, 0xe2, 0xe8, 0xe2, 0xf0, 0xe2, 0xf0,
    0x02, 0xf1, 0x02, 0xf1, 0xe2, 0xf8, 0xe2, 0xf0, 0xe2, 0xf0, 0x02, 0xf1,
    0xe2, 0xf8, 0xe2, 0xf8, 0xe2, 0xf0, 0xe2, 0xf0, 0xe2, 0xf0, 0xe2, 0xf0,
    0xe2, 0xf0, 0x02, 0xf1, 0xe2, 0xf0, 0x02, 0xf1, 0xe2, 0xf0, 0x02, 0xe9,
    0x02, 0xf1, 0x02, 0xf1, 0xe2, 0xf0, 0x02, 0xf1, 0x02, 0xf1, 0x02, 0xf1,
    0xe2, 0xf0, 0xe2, 0xf0, 0xe2, 0xf0, 0xc1, 0xf0, 0xc2, 0xf0, 0xc2, 0xf0,
    0xe2, 0xf0, 0xe2, 0xf0, 0xe2, 0xf0, 0xc2, 0xf0, 0xe1, 0xf0, 0xe2, 0xf0,
    0xe2, 0xf0, 0xe2, 0xf0, 0x02, 0xf1, 0x02, 0xf1, 0xe2, 0xf0, 0xe2, 0xf0,
    0xe2, 0xf0, 0x01, 0xf1, 0x02, 0xf1, 0x22, 0xf1, 0x02, 0xf1, 0x02, 0xf1,
    0x02, 0xf1, 0xe2, 0xf0, 0xe2, 0xf0, 0xe2, 0xf0, 0xe1, 0xf0, 0xe2, 0xf0,
    0xe2, 0xf0, 0xe2, 0xf0, 0xe2, 0xf0, 0xe1, 0xf0, 0xe2, 0xf0, 0xe2, 0xf0,
    0xe2, 0xf0, 0xe2, 0xf0, 0xe2, 0xf0, 0xe2, 0xf0, 0xe2, 0xf0, 0xe2, 0xf0,
    0xe2, 0xf8, 0xe2, 0xf0, 0xe2, 0xf8, 0xe2, 0xf8, 0xe1, 0xf0, 0xe2, 0xf0,
    0xe2, 0xf0, 0xe1, 0xf0, 0xe2, 0xf0, 0xe2, 0xf0, 0xe2, 0xf0, 0xe2, 0xf0,
    0xe2, 0xf0, 0xe2, 0xf0, 0xe2, 0xf0, 0xe2, 0xf8, 0xe1, 0xf0, 0xe2, 0xf8,
    0xe1, 0xf0, 0xe2, 0xf0, 0xe2, 0xf0, 0xe2, 0xf0, 0x02, 0xf1, 0x02, 0xf1,
    0x02, 0xe9, 0x02, 0xf1, 0x02, 0xf1, 0x02, 0xf1, 0xe2, 0xf0, 0xe2, 0xf0,
    0xe2, 0xf0, 0xe1, 0xf0, 0xe2, 0xf0, 0xe2, 0xf0, 0xe2, 0xf0, 0x02, 0xe9,
    0xe2, 0xf0, 0xe1, 0xf0, 0xe2, 0xf0, 0xe2, 0xf0, 0xe2, 0xf0, 0xe2, 0xf0,
    0xe2, 0xf0, 0xe2, 0xf0, 0xe2, 0xf0, 0xe2, 0xf0, 0xe2, 0xf0, 0xe2, 0xf0,
    0xe2, 0xf0, 0xe2, 0xf0, 0x02, 0xf1, 0x01, 0xf1, 0xe2, 0xf0, 0x01, 0xf1,
    0x01, 0xf1, 0x02, 0xf1, 0xe2, 0xf0, 0x02, 0xf1, 0x02, 0xf1, 0x02, 0xf9,
    0x02, 0xf1, 0xe2, 0xf0, 0x02, 0xf1, 0x02, 0xf1, 0xe2, 0xf0, 0x01, 0xe9,
    0x02, 0xe9, 0x02, 0xf1, 0x02, 0xf1, 0xe2, 0xe8, 0x01, 0xf1, 0xe2, 0xf0,
    0xe1, 0xf0, 0xe2, 0xf0, 0xe1, 0xf0, 0xe2, 0xf0, 0xe1, 0xf0, 0x02, 0xf1,
    0xe2, 0xf0, 0x02, 0xf1, 0x02, 0xf1, 0x02, 0xf1, 0x02, 0xf1, 0x02, 0xf1,
    0x03, 0xf9, 0x03, 0xf1, 0x03, 0xf1, 0x43, 0xe1, 0xfa, 0xfe, 0xde, 0xff,
    0xbf, 0xff, 0xbe, 0xff, 0xdf, 0xff, 0x3c, 0xff, 0x0a, 0xdb, 0xe9, 0xd2,
    0x9d, 0xff, 0xbe, 0xff, 0xde, 0xff, 0xbf, 0xff, 0xbf, 0xff, 0x3b, 0xf7,
    0xc5, 0xe9, 0xe2, 0xf0, 0xe2, 0xf0, 0xe2, 0xf0, 0xe2, 0xf0, 0x02, 0xf1,
    0x02, 0xf1, 0x02, 0xf1, 0xe2, 0xf0, 0xe2, 0xf0, 0x02, 0xf1, 0x01, 0xf1,
    0xe2, 0xf0, 0x02, 0xf1, 0x01, 0xf1, 0x01, 0xe9, 0x02, 0xf1, 0x02, 0xf1,
    0x02, 0xf1, 0x02, 0xf1, 0xe2, 0xf0, 0x02, 0xf1, 0xe2, 0xf0, 0xe2, 0xf0,
    0xe2, 0xf0, 0xe2, 0xf0, 0xe2, 0xe8, 0xe1, 0xf0, 0xe2, 0xf0, 0xe2, 0xf0,
    0x02, 0xf1, 0x02, 0xf1, 0x02, 0xf1, 0x02, 0xf1, 0x02, 0xf1, 0x02, 0xf1,
    0x02, 0xf1, 0x02, 0xf1, 0x02, 0xf1, 0x02, 0xf1, 0x02, 0xf1, 0x02, 0xf1,
    0x02, 0xf1, 0xe2, 0xf0, 0x02, 0xf1, 0x02, 0xf1, 0x02, 0xf1, 0x02, 0xf1,
    0x02, 0xf1, 0x02, 0xf1, 0x02, 0xf1, 0xe2, 0xf0, 0xe2, 0xf0, 0xe2, 0xf0,
    0xe2, 0xf0, 0x02, 0xf1, 0xe2, 0xf0, 0xe2, 0xf0, 0xe1, 0xf0, 0xe2, 0xf0,
    0xe2, 0xf0, 0xe2, 0xf0, 0xe1, 0xf0, 0xe1, 0xf0, 0xe2, 0xf0, 0xe2, 0xf0,
    0xe1, 0xf0, 0xc2, 0xf0, 0xe2, 0xf0, 0xe2, 0xf0, 0xc1, 0xf0, 0xe1, 0xe8,
    0xe2, 0xf0, 0xe2, 0xf0, 0xe1, 0xe8, 0xe2, 0xf0, 0xe2, 0xf0, 0xe2, 0xf0,
    0xe2, 0xf0, 0xe2, 0xf0, 0xe2, 0xf0, 0xe2, 0xf0, 0xe2, 0xf0, 0x02, 0xf1,
    0x02, 0xf1, 0xe2, 0xf0, 0xe2, 0xf0, 0xe2, 0xf0, 0xe2, 0xf0, 0xe1, 0xf0,
    0xe1, 0xf0, 0xe2, 0xf0, 0xe2, 0xf0, 0xe2, 0xf0, 0xe2, 0xf0, 0xe2, 0xf0,
    0xe2, 0xf0, 0xe2, 0xf0, 0xe2, 0xf0, 0xe2, 0xf0, 0xe2, 0xf0, 0xe2, 0xf0,
    0xe2, 0xf0, 0x02, 0xf1, 0xe2, 0xf8, 0xe2, 0xf0, 0xe2, 0xf0, 0xe2, 0xf0,
    0xe2, 0xf8, 0x02, 0xf1, 0x02, 0xf1, 0x02, 0xf1, 0x02, 0xf1, 0xe2, 0xf0,
    0x02, 0xf1, 0xe2, 0xf0, 0xe2, 0xf0, 0xe2, 0xf0, 0xe2, 0xf0, 0xe2, 0xf0,
    0xe2, 0xf8, 0xe2, 0xf0, 0xe2, 0xf0, 0xe2, 0xf0, 0xe2, 0xf0, 0xc2, 0xf0,
    0xe2, 0xf0, 0xe2, 0xf0, 0xe2, 0xf0, 0xc2, 0xe8, 0xe2, 0xf0, 0xe2, 0xf0,
    0xe2, 0xf0, 0xe1, 0xf0, 0xe2, 0xf0, 0xe1, 0xf0, 0xe2, 0xf0, 0xe2, 0xf0,
    0xe2, 0xf0, 0xe2, 0xf0, 0xc1, 0xf0, 0xe2, 0xf0, 0xe2, 0xf0, 0xe2, 0xf0,
    0xe2, 0xe8, 0xe2, 0xf0, 0xe3, 0xf0, 0xe3, 0xf0, 0xe2, 0xf0, 0x02, 0xf1,
    0xe2, 0xf0, 0xe2, 0xf0, 0x02, 0xf1, 0x02, 0xf1, 0xe2, 0xf8, 0xe2, 0xf0,
    0xe2, 0xf0, 0x02, 0xf1, 0xe3, 0xf8, 0x02, 0xf1, 0xe2, 0xf0, 0x02, 0xf1,
    0x02, 0xf9, 0x02, 0xf1, 0x02, 0xf1, 0x02, 0xf1, 0xe2, 0xf0, 0x02, 0xf1,
    0x02, 0xf1, 0x02, 0xf1, 0x03, 0xf1, 0x02, 0xf1, 0x02, 0xf1, 0x02, 0xf1,
    0x02, 0xf9, 0x02, 0xf1, 0xe2, 0xf0, 0xe2, 0xf0, 0xe2, 0xf0, 0xe2, 0xf0,
    0xe2, 0xf0, 0xc2, 0xf0, 0xe2, 0xf0, 0xc2, 0xf0, 0xe2, 0xf0, 0xe2, 0xf0,
    0xe2, 0xf0, 0xe2, 0xf0, 0x02, 0xf1, 0xe2, 0xf0, 0xe2, 0xf0, 0x01, 0xf1,
    0xe2, 0xf0, 0xe2, 0xf0, 0x02, 0xf1, 0x02, 0xf1, 0x02, 0xf1, 0x02, 0xf1,
    0x02, 0xf1, 0x02, 0xf1, 0x01, 0xf1, 0x02, 0xf1, 0x02, 0xf9, 0x02, 0xf1,
    0xe2, 0xf0, 0x02, 0xf1, 0xe2, 0xf0, 0xe2, 0xf0, 0xe2, 0xf0, 0xe2, 0xf0,
    0xe2, 0xf0, 0xe2, 0xf0, 0x02, 0xf1, 0xe1, 0xf8, 0x02, 0xf9, 0xe2, 0xf0,
    0x02, 0xf1, 0xe1, 0xf0, 0x02, 0xf9, 0xe2, 0xf0, 0xe2, 0xf8, 0xe2, 0xf8,
    0xe1, 0xf0, 0xe2, 0xf0, 0xe2, 0xf0, 0xe2, 0xf8, 0xe2, 0xf0, 0xe2, 0xf8,
    0xe2, 0xf0, 0xe2, 0xf0, 0xe1, 0xf0, 0xe2, 0xf8, 0xe2, 0xf0, 0xe1, 0xf0,
    0x02, 0xf9, 0xe2, 0xf0, 0xe2, 0xf0, 0xe1, 0xf0, 0xe2, 0xf0, 0xe1, 0xf0,
    0xe1, 0xf0, 0xe2, 0xf0, 0x02, 0xf1, 0xe2, 0xf0, 0xe2, 0xf0, 0x02, 0xf1,
    0x02, 0xf1, 0x02, 0xf1, 0xe2, 0xf0, 0xe1, 0xf0, 0xe2, 0xf0, 0xe2, 0xf0,
    0xe2, 0xf0, 0x01, 0xf1, 0xe2, 0xf0, 0x02, 0xf1, 0x01, 0xf1, 0xe2, 0xf0,
    0x02, 0xf1, 0x02, 0xf1, 0xe2, 0xf0, 0x02, 0xf1, 0x01, 0xf1, 0x01, 0xf1,
    0xe2, 0xf0, 0x02, 0xf1, 0x02, 0xf1, 0x02, 0xf1, 0x02, 0xf1, 0xe2, 0xf0,
    0xe2, 0xf0, 0x02, 0xf1, 0x02, 0xe9, 0xe2, 0xf0, 0xe2, 0xf0, 0x02, 0xf9,
    0x03, 0xf1, 0x02, 0xf1, 0xe2, 0xf0, 0x02, 0xf1, 0x02, 0xf1, 0x02, 0xf1,
    0xe1, 0xf0, 0xe2, 0xf0, 0x02, 0xf1, 0x02, 0xf1, 0xe1, 0xe8, 0xe2, 0xf0,
    0x02, 0xf1, 0x02, 0xf1, 0xe2, 0xf0, 0xe1, 0xf0, 0x02, 0xf1, 0x02, 0xf1,
    0x02, 0xf1, 0xe2, 0xf0, 0x02, 0xf1, 0x02, 0xf1, 0x02, 0xf1, 0xe3, 0xf0,
    0x02, 0xf1, 0x02, 0xf1, 0x02, 0xf9, 0x02, 0xf1, 0x23, 0xf1, 0xae, 0xeb,
    0xbe, 0xff, 0xbe, 0xff, 0xbe, 0xff, 0xbe, 0xff, 0xbf, 0xff, 0x12, 0xed,
    0x02, 0xe9, 0x23, 0xe9, 0x4f, 0xe4, 0xbe, 0xff, 0xbe, 0xff, 0xbe, 0xff,
    0xdf, 0xff, 0xbe, 0xff, 0xcd, 0xe3, 0x02, 0xf1, 0xe2, 0xf8, 0xe2, 0xf8,
    0x02, 0xf1, 0x02, 0xf1, 0x02, 0xf1, 0x02, 0xf1, 0x02, 0xf1, 0x02, 0xf1,
    0x02, 0xf1, 0x02, 0xf1, 0xe2, 0xf0, 0x02, 0xf1, 0x02, 0xe9, 0xe2, 0xf0,
    0xe1, 0xe8, 0x02, 0xf1, 0x02, 0xf1, 0xe2, 0xe8, 0x02, 0xf1, 0xe2, 0xf0,
    0x02, 0xf1, 0xe2, 0xe8, 0xe2, 0xf0, 0xe2, 0xe8, 0xe1, 0xf0, 0xe2, 0xf0,
    0x02, 0xf1, 0xe2, 0xf0, 0x02, 0xf1, 0x02, 0xf1, 0x02, 0xf1, 0x02, 0xf1,
    0x02, 0xf1, 0x23, 0xf1, 0x03, 0xf1, 0x02, 0xf1, 0x02, 0xf1, 0x02, 0xf1,
    0x02, 0xf1, 0x02, 0xf1, 0x02, 0xf1, 0x02, 0xf1, 0x02, 0xf1, 0x02, 0xf1,
    0xe1, 0xf0, 0xe2, 0xf0, 0x02, 0xf1, 0x02, 0xf1, 0xe1, 0xf0, 0xe2, 0xf0,
    0xe1, 0xf0, 0x02, 0xf1, 0xe2, 0xf0, 0x02, 0xf1, 0x01, 0xf1, 0xe2, 0xf0,
    0xe2, 0xf0, 0xe2, 0xf0, 0xe2, 0xf0, 0x02, 0xf1, 0xe2, 0xf0, 0xe2, 0xf0,
    0xe2, 0xf0, 0xe2, 0xf0, 0xe2, 0xf0, 0xe2, 0xf0, 0xe1, 0xf0, 0xe2, 0xf0,
    0xe2, 0xf0, 0xe1, 0xf0, 0xe2, 0xf0, 0xe2, 0xf0, 0xe2, 0xf0, 0xe2, 0xf0,
    0xe2, 0xf0, 0xe2, 0xf0, 0xe2, 0xf0, 0xe2, 0xf0, 0xe2, 0xf0, 0xe2, 0xf0,
    0xe1, 0xf0, 0xe2, 0xf0, 0xe2, 0xf0, 0x02, 0xf1, 0x02, 0xf1, 0xe2, 0xf0,
    0xe2, 0xf0, 0xe2, 0xf0, 0xe1, 0xf0, 0xe1, 0xf0, 0xe2, 0xf0, 0xe1, 0xf0,
    0xc2, 0xf0, 0xc2, 0xf0, 0xc2, 0xf0, 0xe2, 0xf0, 0xe2, 0xf0, 0xe2, 0xf0,
    0xe2, 0xf0, 0xe2, 0xf0, 0xe2, 0xf0, 0x02, 0xf1, 0x02, 0xf9, 0xe2, 0xf0,
    0xe2, 0xf0, 0xe1, 0xf8, 0x02, 0xf9, 0x02, 0xf1, 0xe2, 0xf0, 0x01, 0xf1,
    0xe2, 0xf0, 0xe2, 0xf0, 0x02, 0xf1, 0xe2, 0xf0, 0x02, 0xf1, 0x02, 0xf1,
    0xe2, 0xf8, 0xe2, 0xf8, 0x02, 0xf1, 0xe2, 0xf8, 0xe2, 0xf0, 0xc2, 0xf0,
    0xe1, 0xf0, 0xc2, 0xf0, 0xe2, 0xf0, 0xe1, 0xf0, 0xe2, 0xf0, 0xe2, 0xf0,
    0xe2, 0xf0, 0xe2, 0xf0, 0xe2, 0xf0, 0xe2, 0xf0, 0xe1, 0xf0, 0xe2, 0xf0,
    0xe2, 0xf0, 0xe2, 0xf0, 0xe1, 0xf0, 0xc1, 0xe8, 0xc2, 0xf0, 0xc1, 0xf0,
    0xe2, 0xf0, 0xe2, 0xf0, 0xe2, 0xf0, 0xe2, 0xf0, 0xe3, 0xf0, 0xe2, 0xf0,
    0xe2, 0xf0, 0x02, 0xf1, 0xe2, 0xf0, 0xe2, 0xf0, 0xe2, 0xf0, 0x02, 0xf1,
    0xe2, 0xf0, 0xe2, 0xf8, 0xe2, 0xf0, 0x02, 0xf1, 0x02, 0xf9, 0x02, 0xf1,
    0x03, 0xf1, 0x02, 0xf9, 0x02, 0xf1, 0x02, 0xf1, 0x02, 0xf1, 0x02, 0xf1,
    0x02, 0xf1, 0x02, 0xf1, 0x02, 0xf1, 0x02, 0xf1, 0x02, 0xf1, 0x02, 0xf1,
    0x02, 0xf1, 0x02, 0xf1, 0x02, 0xf1, 0x02, 0xf1, 0x02, 0xf1, 0xe2, 0xf0,
    0xe2, 0xf0, 0x02, 0xf1, 0x02, 0xf1, 0xe1, 0xf0, 0xe1, 0xf0, 0xe1, 0xf0,
    0xe1, 0xf0, 0xe2, 0xf0, 0xe2, 0xf0, 0x02, 0xf1, 0xe2, 0xf0, 0x02, 0xf1,
    0xe1, 0xf0, 0xe1, 0xf0, 0x02, 0xf1, 0x02, 0xf1, 0x02, 0xf1, 0x02, 0xf1,
    0x22, 0xf1, 0x22, 0xf1, 0x02, 0xf1, 0x02, 0xf1, 0x01, 0xf1, 0xe2, 0xf0,
    0xe2, 0xf0, 0xe2, 0xf0, 0xe2, 0xf0, 0xe2, 0xf0, 0xe2, 0xf0, 0xe2, 0xf0,
    0x01, 0xf1, 0xe2, 0xf0, 0xe2, 0xf0, 0xe2, 0xf0, 0x02, 0xf1, 0x02, 0xf1,
    0x02, 0xf9, 0x02, 0xf9, 0x02, 0xf9, 0xe2, 0xf0, 0x02, 0xf9, 0x02, 0xf1,
    0xe1, 0xf0, 0xe2, 0xf0, 0xe2, 0xf0, 0xe2, 0xf0, 0xe1, 0xf8, 0x02, 0xf9,
    0x02, 0xf9, 0x02, 0xf1, 0x02, 0xf1, 0xe1, 0xf0, 0xe1, 0xf0, 0x01, 0xf1,
    0x02, 0xf1, 0xe2, 0xf0, 0xe2, 0xf8, 0x02, 0xf9, 0x02, 0xf9, 0x02, 0xf9,
    0x02, 0xf1, 0x01, 0xf1, 0xe2, 0xf0, 0x02, 0xf1, 0x01, 0xf1, 0x02, 0xf1,
    0x02, 0xf1, 0x02, 0xf1, 0x02, 0xf1, 0x02, 0xf1, 0xe2, 0xf0, 0xe1, 0xf0,
    0x01, 0xf1, 0x02, 0xf1, 0xe1, 0xf0, 0xe2, 0xf0, 0x02, 0xf1, 0x02, 0xf1,
    0x02, 0xf1, 0x02, 0xf1, 0x02, 0xf1, 0x02, 0xf1, 0x01, 0xf1, 0xe2, 0xf0,
    0x02, 0xf1, 0x02, 0xf1, 0x02, 0xf1, 0x02, 0xf1, 0x02, 0xf1, 0x01, 0xf1,
    0x02, 0xf1, 0x01, 0xf1, 0x01, 0xe9, 0x02, 0xf1, 0x02, 0xf1, 0x02, 0xf1,
    0x02, 0xf1, 0x02, 0xf1, 0x02, 0xf1, 0x02, 0xf1, 0x02, 0xf1, 0x02, 0xf1,
    0x02, 0xf1, 0x02, 0xf1, 0x02, 0xe9, 0x02, 0xf1, 0x02, 0xf1, 0xe2, 0xe8,
    0x01, 0xf1, 0x02, 0xf1, 0xe2, 0xf0, 0x01, 0xf1, 0x02, 0xf1, 0x02, 0xf1,
    0x02, 0xf1, 0x02, 0xf1, 0x01, 0xf1, 0x02, 0xe9, 0x02, 0xf1, 0x02, 0xf1,
    0x03, 0xf1, 0x03, 0xf1, 0x02, 0xf1, 0x03, 0xf1, 0x02, 0xf1, 0x03, 0xf1,
    0x23, 0xe9, 0x17, 0xee, 0xde, 0xff, 0xdf, 0xff, 0xde, 0xff, 0xbe, 0xff,
    0x3d, 0xf7, 0xc6, 0xd9, 0x02, 0xf1, 0x02, 0xf1, 0x27, 0xe2, 0x5d, 0xff,
    0xbe, 0xff, 0xde, 0xff, 0xbe, 0xff, 0xdf, 0xff, 0xfa, 0xf6, 0x64, 0xe9,
    0x02, 0xf1, 0x02, 0xf9, 0xe2, 0xf0, 0x02, 0xf1, 0x02, 0xf1, 0x02, 0xf1,
    0x22, 0xf1, 0x02, 0xf1, 0x02, 0xf1, 0x02, 0xf1, 0xe2, 0xf0, 0x02, 0xf1,
    0x02, 0xe9, 0x02, 0xf1, 0x02, 0xf1, 0x02, 0xf1, 0x02, 0xf1, 0x02, 0xf1,
    0x02, 0xe9, 0xe2, 0xf0, 0x02, 0xf1, 0x02, 0xf1, 0xe2, 0xe8, 0x01, 0xe9,
    0x02, 0xf1, 0x02, 0xe9, 0x02, 0xf1, 0x02, 0xe9, 0x02, 0xf1, 0x01, 0xf1,
    0x02, 0xf1, 0x02, 0xf1, 0x02, 0xf1, 0x22, 0xf1, 0x22, 0xf1, 0x22, 0xf1,
    0x22, 0xf1, 0x02, 0xf1, 0x02, 0xf1, 0x02, 0xf1, 0x02, 0xf1, 0xe2, 0xf0,
    0x02, 0xf1, 0x02, 0xf1, 0xe1, 0xf0, 0x02, 0xf1, 0x02, 0xf1, 0xe2, 0xf0,
    0x02, 0xf1, 0x02, 0xf1, 0x02, 0xf1, 0x01, 0xf1, 0xe1, 0xf0, 0x02, 0xf1,
    0x02, 0xf1, 0xe1, 0xf0, 0x02, 0xf1, 0x02, 0xf1, 0x01, 0xf1, 0xe2, 0xf0,
    0xe2, 0xf0, 0xe2, 0xf0, 0xe2, 0xf0, 0x02, 0xf1, 0xe2, 0xf0, 0xe2, 0xf0,
    0xe2, 0xf0, 0xe2, 0xf0, 0xe2, 0xf0, 0xe1, 0xf0, 0xe2, 0xf0, 0xe1, 0xe8,
    0x02, 0xf1, 0x02, 0xf1, 0x02, 0xf1, 0x01, 0xf1, 0x02, 0xf1, 0xe2, 0xf0,
    0xe2, 0xf0, 0xe1, 0xf0, 0x01, 0xf1, 0xe1, 0xf0, 0xe1, 0xf0, 0xe2, 0xf0,
    0x02, 0xf9, 0x02, 0xf1, 0xe2, 0xf0, 0xe2, 0xf0, 0xe2, 0xf0, 0xe2, 0xf0,
    0xe2, 0xf0, 0xe2, 0xf0, 0xe1, 0xf0, 0xe1, 0xf0, 0xe2, 0xf0, 0xe2, 0xf0,
    0xe2, 0xf8, 0x02, 0xf9, 0xe2, 0xf0, 0x02, 0xf1, 0x02, 0xf1, 0xe2, 0xf0,
    0x01, 0xf1, 0xe1, 0xf0, 0x02, 0xf1, 0x02, 0xf1, 0x02, 0xf9, 0x02, 0xf1,
    0x02, 0xf1, 0xe2, 0xf8, 0x01, 0xf1, 0x02, 0xf1, 0x02, 0xf1, 0x02, 0xf1,
    0x02, 0xf1, 0x02, 0xf1, 0x02, 0xf1, 0x02, 0xf1, 0x02, 0xf1, 0x02, 0xf1,
    0xe2, 0xf0, 0x02, 0xf1, 0xe1, 0xf0, 0xe2, 0xf0, 0xe2, 0xf0, 0xe1, 0xf0,
    0xe2, 0xf0, 0xe2, 0xf0, 0xe2, 0xf0, 0xe1, 0xf0, 0xe2, 0xf0, 0xe1, 0xf0,
    0xe2, 0xf0, 0xe2, 0xe8, 0xe2, 0xf0, 0x02, 0xf1, 0xe2, 0xf0, 0xe2, 0xf0,
    0xe2, 0xf0, 0xe2, 0xf0, 0xe2, 0xf0, 0xe2, 0xf0, 0xe2, 0xf0, 0xe2, 0xf0,
    0x03, 0xf1, 0x03, 0xf1, 0xe2, 0xf0, 0x02, 0xf1, 0x02, 0xe9, 0xe2, 0xf0,
    0x02, 0xf1, 0x02, 0xf1, 0x02, 0xf1, 0xe2, 0xf8, 0xe2, 0xf0, 0xe2, 0xf0,
    0x02, 0xf9, 0x02, 0xf1, 0x03, 0xf9, 0x02, 0xf1, 0x02, 0xf1, 0x02, 0xf1,
    0x02, 0xf1, 0x02, 0xf1, 0x02, 0xf1, 0x02, 0xf1, 0x03, 0xf1, 0x02, 0xf1,
    0x02, 0xf1, 0x02, 0xf1, 0x02, 0xf1, 0x02, 0xf1, 0x02, 0xf1, 0x02, 0xf1,
    0x02, 0xf1, 0x02, 0xf1, 0x02, 0xf1, 0x02, 0xf1, 0xe2, 0xf0, 0xe2, 0xf0,
    0xe2, 0xf0, 0xe2, 0xf0, 0xe2, 0xf0, 0xe2, 0xf0, 0xe2, 0xf0, 0xe2, 0xf0,
    0x02, 0xf9, 0xe2, 0xf8, 0x01, 0xf1, 0x02, 0xf1, 0xe2, 0xf0, 0x02, 0xf1,
    0x02, 0xf1, 0x02, 0xf1, 0x22, 0xf1, 0x01, 0xf1, 0x02, 0xf1, 0x02, 0xf1,
    0x01, 0xf1, 0x02, 0xf1, 0xe2, 0xf0, 0xe1, 0xf0, 0x02, 0xf1, 0x02, 0xf1,
    0x02, 0xf1, 0xe1, 0xf0, 0x01, 0xf1, 0x02, 0xf1, 0xe1, 0xf0, 0xe2, 0xf0,
    0x02, 0xf1, 0x02, 0xf1, 0x02, 0xf9, 0x02, 0xf9, 0x02, 0xf1, 0xe1, 0xf0,
    0xe2, 0xf0, 0xe2, 0xf8, 0xe1, 0xf0, 0xe2, 0xf0, 0xe2, 0xf0, 0xe2, 0xf8,
    0xe2, 0xf0, 0x02, 0xf1, 0x01, 0xf9, 0x02, 0xf9, 0x02, 0xf1, 0x01, 0xf1,
    0xe2, 0xf0, 0x02, 0xf1, 0x02, 0xf1, 0xe2, 0xf0, 0xe2, 0xf0, 0xe2, 0xf0,
    0xe2, 0xf8, 0xe2, 0xf0, 0x02, 0xf1, 0x01, 0xf1, 0x02, 0xf1, 0x02, 0xf1,
    0x02, 0xf1, 0x01, 0xf1, 0x02, 0xf1, 0x02, 0xf1, 0x02, 0xf1, 0x02, 0xf1,
    0x02, 0xf1, 0xe1, 0xf0, 0xe1, 0xf0, 0x02, 0xf1, 0x01, 0xf1, 0xe1, 0xf0,
    0x02, 0xf1, 0x02, 0xe9, 0x02, 0xf1, 0x02, 0xf1, 0x02, 0xf1, 0xe2, 0xf0,
    0x02, 0xf1, 0xe2, 0xf0, 0xe2, 0xf0, 0x02, 0xf1, 0x02, 0xf1, 0x02, 0xf1,
    0x02, 0xf1, 0x02, 0xf1, 0x02, 0xf1, 0x02, 0xf1, 0x02, 0xf1, 0x02, 0xf1,
    0x02, 0xf1, 0x02, 0xf1, 0x02, 0xf1, 0x02, 0xf1, 0x02, 0xf1, 0x02, 0xf9,
    0x02, 0xf1, 0x02, 0xf1, 0x02, 0xf1, 0x02, 0xf1, 0x02, 0xf1, 0x02, 0xf1,
    0x02, 0xe9, 0xe1, 0xe8, 0x02, 0xf1, 0x02, 0xf1, 0xe2, 0xf0, 0x02, 0xe9,
    0x02, 0xf1, 0x02, 0xf1, 0x02, 0xf1, 0x01, 0xe9, 0x02, 0xf1, 0x02, 0xf1,
    0x02, 0xf1, 0x02, 0xf1, 0x03, 0xf1, 0x23, 0xf1, 0x02, 0xf9, 0x03, 0xf9,
    0x02, 0xf1, 0x23, 0xf1, 0xa9, 0xda, 0xbe, 0xff, 0xdf, 0xff, 0xdf, 0xff,
    0xde, 0xff, 0xbe, 0xff, 0x96, 0xed, 0x22, 0xe9, 0x02, 0xf1, 0x02, 0xe9,
    0x42, 0xe1, 0x54, 0xed, 0xbe, 0xff, 0xbe, 0xff, 0xde, 0xff, 0xbe, 0xff,
    0x9e, 0xf7, 0xe9, 0xda, 0xe2, 0xf0, 0x02, 0xf9, 0x03, 0xf1, 0x02, 0xf1,
    0x02, 0xf1, 0x22, 0xf1, 0x23, 0xf1, 0x22, 0xf9, 0x02, 0xf1, 0x02, 0xf1,
    0x02, 0xf1, 0x02, 0xf1, 0x02, 0xf1, 0x02, 0xf1, 0x02, 0xf1, 0x02, 0xf1,
    0x22, 0xf1, 0x02, 0xf1, 0x02, 0xf1, 0x02, 0xf1, 0xe2, 0xf0, 0xe2, 0xf0,
    0xe2, 0xf0, 0xe2, 0xe8, 0x02, 0xf1, 0x02, 0xf1, 0xe2, 0xf0, 0x02, 0xe9,
    0x02, 0xf1, 0x02, 0xf1, 0x02, 0xf1, 0x02, 0xf1, 0x02, 0xf1, 0x02, 0xf1,
    0x02, 0xf1, 0x22, 0xf1, 0x22, 0xf1, 0x23, 0xf1, 0x02, 0xf1, 0x02, 0xf1,
    0x02, 0xf1, 0x02, 0xf1, 0x02, 0xf1, 0x02, 0xf1, 0xe2, 0xf0, 0x02, 0xf1,
    0x01, 0xf1, 0xe2, 0xf0, 0x02, 0xf1, 0x02, 0xf1, 0x02, 0xf1, 0x02, 0xf1,
    0x02, 0xe9, 0x02, 0xf1, 0x02, 0xf1, 0x02, 0xf1, 0x02, 0xf1, 0xe1, 0xf0,
    0xe2, 0xf0, 0x02, 0xf1, 0x02, 0xf1, 0xe2, 0xf0, 0xe2, 0xf0, 0x02, 0xf1,
    0xe1, 0xf0, 0xe2, 0xf0, 0x02, 0xf1, 0xe1, 0xf0, 0xe2, 0xf0, 0xe2, 0xf0,
    0xe2, 0xe8, 0x02, 0xf1, 0x02, 0xf1, 0x02, 0xf1, 0x02, 0xe9, 0x02, 0xf1,
    0x02, 0xf1, 0x01, 0xf1, 0x02, 0xf1, 0x01, 0xf1, 0x02, 0xf1, 0xe1, 0xf0,
    0x02, 0xf1, 0x02, 0xf9, 0xe2, 0xf0, 0x02, 0xf1, 0x02, 0xf1, 0x02, 0xf1,
    0x02, 0xf1, 0xe2, 0xf0, 0xe2, 0xf0, 0xe2, 0xf0, 0xe2, 0xf0, 0xe1, 0xf0,
    0xe2, 0xf0, 0xe2, 0xf0, 0x02, 0xf9, 0xe2, 0xf8, 0xe2, 0xf0, 0x02, 0xf1,
    0xe2, 0xf0, 0xe2, 0xf0, 0x02, 0xf1, 0x01, 0xf9, 0x02, 0xf1, 0x02, 0xf1,
    0x02, 0xf9, 0x01, 0xf1, 0x02, 0xf1, 0xe1, 0xf0, 0x02, 0xf1, 0x02, 0xf1,
    0x02, 0xf1, 0x02, 0xf1, 0x02, 0xf9, 0x02, 0xf1, 0x02, 0xf1, 0x02, 0xf1,
    0x02, 0xf1, 0x02, 0xf1, 0x02, 0xf1, 0x02, 0xf1, 0x02, 0xf1, 0xe2, 0xf0,
    0x02, 0xf1, 0xe2, 0xf0, 0xe2, 0xf0, 0xe2, 0xf0, 0xe1, 0xf0, 0xe1, 0xf0,
    0xe2, 0xf0, 0xe2, 0xf0, 0xe2, 0xf0, 0x02, 0xe9, 0x02, 0xf1, 0xe2, 0xf0,
    0xe2, 0xe8, 0xe2, 0xf0, 0xe2, 0xf0, 0xe2, 0xf0, 0xe2, 0xf0, 0xe2, 0xf0,
    0xe2, 0xf0, 0xe2, 0xf0, 0xe2, 0xf0, 0x02, 0xf1, 0xe3, 0xf0, 0xe2, 0xf0,
    0x02, 0xf1, 0x02, 0xf1, 0x02, 0xf1, 0x02, 0xf1, 0xe2, 0xf8, 0xe2, 0xf0,
    0xe2, 0xf0, 0x02, 0xf9, 0x02, 0xf9, 0x22, 0xf1, 0x23, 0xf9, 0x22, 0xf1,
    0x02, 0xf1, 0x03, 0xf1, 0x03, 0xf1, 0x03, 0xf1, 0x02, 0xf1, 0x03, 0xf1,
    0x02, 0xf1, 0x02, 0xf1, 0x22, 0xf1, 0x02, 0xf1, 0x02, 0xf9, 0x23, 0xf9,
    0x02, 0xf1, 0x02, 0xf9, 0x02, 0xf1, 0x03, 0xf1, 0x02, 0xf1, 0x02, 0xf1,
    0xe2, 0xf0, 0xe2, 0xf0, 0xe1, 0xf0, 0xe2, 0xf0, 0xe2, 0xf0, 0x02, 0xf9,
    0x02, 0xf9, 0x02, 0xf1, 0x02, 0xf1, 0xe2, 0xf0, 0xe2, 0xf0, 0x02, 0xf1,
    0xe2, 0xf0, 0x02, 0xf1, 0x02, 0xf1, 0x02, 0xf1, 0x02, 0xf1, 0x01, 0xf1,
    0x01, 0xf1, 0x02, 0xf1, 0x02, 0xf1, 0x02, 0xf1, 0x02, 0xf1, 0x02, 0xf1,
    0x02, 0xf1, 0x02, 0xf1, 0xe2, 0xf0, 0xe1, 0xf0, 0x02, 0xf9, 0x02, 0xf1,
    0xe2, 0xf0, 0x01, 0xf9, 0x02, 0xf9, 0x02, 0xf1, 0x02, 0xf9, 0xe2, 0xf8,
    0x02, 0xf9, 0x02, 0xf1, 0xe2, 0xf8, 0xe2, 0xf0, 0xe2, 0xf0, 0x02, 0xf1,
    0xe1, 0xf0, 0x01, 0xf9, 0x02, 0xf9, 0x02, 0xf1, 0xe2, 0xf8, 0x02, 0xf1,
    0x01, 0xf1, 0x01, 0xf9, 0x02, 0xf1, 0x02, 0xf9, 0xe1, 0xf0, 0x02, 0xf1,
    0x02, 0xf1, 0x01, 0xf1, 0xe2, 0xf0, 0xe1, 0xf0, 0x02, 0xf9, 0x02, 0xf9,
    0x01, 0xf1, 0x02, 0xf9, 0x01, 0xf1, 0x02, 0xf1, 0x02, 0xf1, 0x22, 0xf1,
    0x22, 0xf1, 0x02, 0xf1, 0x02, 0xf1, 0x01, 0xf1, 0xe1, 0xf0, 0xe1, 0xf0,
    0x02, 0xf1, 0x01, 0xf1, 0x02, 0xf1, 0x02, 0xf1, 0x22, 0xf1, 0x02, 0xf1,
    0x02, 0xf1, 0xe1, 0xf0, 0x02, 0xf1, 0x01, 0xf1, 0x02, 0xf1, 0x01, 0xf1,
    0x02, 0xf1, 0x02, 0xf1, 0x02, 0xf1, 0x01, 0xf1, 0x02, 0xf1, 0x02, 0xf1,
    0x22, 0xf1, 0x02, 0xf1, 0x02, 0xf1, 0x02, 0xf1, 0x02, 0xf1, 0x02, 0xf1,
    0x02, 0xf1, 0x02, 0xf1, 0x02, 0xf1, 0x02, 0xf1, 0x02, 0xf1, 0x02, 0xf1,
    0x02, 0xf1, 0x02, 0xf1, 0x02, 0xf1, 0x02, 0xf1, 0x02, 0xf1, 0x01, 0xf1,
    0x02, 0xe9, 0x02, 0xe9, 0x02, 0xf1, 0x22, 0xe9, 0x22, 0xf1, 0x22, 0xf1,
    0x02, 0xf1, 0x02, 0xf1, 0x02, 0xf1, 0x22, 0xf1, 0x23, 0xf1, 0x02, 0xf1,
    0x03, 0xf1, 0x02, 0xf9, 0x03, 0xf1, 0x23, 0xe9, 0x17, 0xf6, 0xbe, 0xff,
    0xbe, 0xff, 0xde, 0xff, 0xde, 0xff, 0xbe, 0xff, 0xa9, 0xda, 0x02, 0xe9,
    0x02, 0xf1, 0x02, 0xf1, 0x22, 0xe9, 0x89, 0xda, 0xbe, 0xff, 0xdf, 0xff,
    0xbe, 0xff, 0xbe, 0xf7, 0xbe, 0xf7, 0x77, 0xf6, 0xe2, 0xe8, 0xe2, 0xf0,
    0x02, 0xf1, 0x02, 0xf1, 0x02, 0xf9, 0x02, 0xf1, 0x22, 0xf1, 0x22, 0xf1,
    0x02, 0xf1, 0x22, 0xf9, 0x02, 0xf1, 0x02, 0xf1, 0x02, 0xf1, 0x22, 0xf1,
    0x22, 0xf1, 0x02, 0xf1, 0x22, 0xf1, 0x22, 0xf1, 0x02, 0xf1, 0x02, 0xf1,
    0x02, 0xf1, 0x02, 0xf1, 0x02, 0xf1, 0xe1, 0xf0, 0x02, 0xf1, 0x02, 0xe9,
    0x02, 0xf1, 0x22, 0xe9, 0x02, 0xf1, 0x02, 0xf1, 0x22, 0xf1, 0x02, 0xf1,
    0x22, 0xf1, 0x22, 0xf1, 0x22, 0xf1, 0x22, 0xf1, 0x22, 0xf1, 0x22, 0xf1,
    0x02, 0xf1, 0x02, 0xf1, 0x22, 0xf1, 0x02, 0xf1, 0x02, 0xf9, 0x01, 0xf9,
    0x02, 0xf1, 0x02, 0xf1, 0xe2, 0xf0, 0xe1, 0xf0, 0x02, 0xf1, 0x02, 0xf1,
    0x02, 0xf1, 0x02, 0xe9, 0xe2, 0xf0, 0x02, 0xf1, 0x02, 0xf1, 0x02, 0xf1,
    0x02, 0xf1, 0x01, 0xf1, 0x02, 0xf1, 0x02, 0xf1, 0xe2, 0xf0, 0x02, 0xf1,
    0x02, 0xf1, 0xe1, 0xf0, 0x02, 0xf1, 0x02, 0xf1, 0x02, 0xf1, 0x02, 0xf1,
    0x02, 0xe9, 0x02, 0xf1, 0x02, 0xe9, 0x02, 0xf1, 0x01, 0xe9, 0x02, 0xf1,
    0x02, 0xf1, 0x01, 0xf1, 0x01, 0xf1, 0x02, 0xf1, 0x02, 0xf1, 0x01, 0xf1,
    0xe2, 0xf0, 0xe1, 0xf0, 0x02, 0xf1, 0x02, 0xf9, 0xe2, 0xf0, 0xe2, 0xf0,
    0x02, 0xf9, 0xe2, 0xf8, 0xe2, 0xf0, 0xe1, 0xf0, 0xe2, 0xf0, 0xe2, 0xf0,
    0xe2, 0xf0, 0xe1, 0xf0, 0xe2, 0xf0, 0xe2, 0xf0, 0x02, 0xf1, 0x02, 0xf1,
    0xe2, 0xf0, 0x02, 0xf1, 0xe2, 0xf0, 0x02, 0xf9, 0x02, 0xf9, 0xe1, 0xf0,
    0x02, 0xf1, 0x01, 0xf1, 0xe1, 0xf0, 0x02, 0xf1, 0x02, 0xf1, 0x01, 0xf9,
    0x02, 0xf1, 0x02, 0xf1, 0x22, 0xf1, 0x22, 0xf1, 0x02, 0xf1, 0x02, 0xf1,
    0x02, 0xf1, 0x02, 0xf1, 0x02, 0xf1, 0x02, 0xf1, 0x02, 0xf1, 0x02, 0xf1,
    0x02, 0xf1, 0x02, 0xf1, 0x02, 0xf1, 0x02, 0xf1, 0xe1, 0xf0, 0x02, 0xf1,
    0xe2, 0xf0, 0xe2, 0xf0, 0x02, 0xf1, 0xe2, 0xf0, 0xe1, 0xf0, 0x02, 0xf1,
    0x02, 0xf1, 0xe2, 0xf0, 0x02, 0xf1, 0xe2, 0xe8, 0xe2, 0xf0, 0xe2, 0xf0,
    0xe2, 0xf0, 0xe2, 0xf0, 0x02, 0xf1, 0x02, 0xf1, 0xe3, 0xf0, 0x02, 0xf1,
    0x02, 0xf1, 0x03, 0xf1, 0x02, 0xf1, 0x02, 0xf1, 0x02, 0xf1, 0x22, 0xf1,
    0x01, 0xf1, 0x02, 0xf1, 0x02, 0xf1, 0x22, 0xf1, 0x22, 0xf1, 0x23, 0xf1,
    0x22, 0xf9, 0x22, 0xf1, 0x02, 0xf1, 0x22, 0xf1, 0x02, 0xf1, 0x02, 0xf1,
    0x23, 0xf1, 0x02, 0xf1, 0x22, 0xf1, 0x23, 0xf1, 0x22, 0xf1, 0x02, 0xf1,
    0x02, 0xf1, 0x02, 0xf1, 0x02, 0xf1, 0x02, 0xf1, 0x22, 0xf1, 0x22, 0xf1,
    0x22, 0xf1, 0x02, 0xf1, 0x02, 0xf1, 0xe2, 0xf0, 0x02, 0xf1, 0x02, 0xf1,
    0x02, 0xf1, 0xe2, 0xf0, 0x02, 0xf1, 0x01, 0xf1, 0x02, 0xf1, 0x02, 0xf1,
    0xe2, 0xf0, 0x02, 0xf9, 0x02, 0xf1, 0x22, 0xf1, 0x22, 0xf1, 0x22, 0xf1,
    0x02, 0xf1, 0x01, 0xf1, 0x01, 0xf1, 0x01, 0xf1, 0x02, 0xf1, 0x02, 0xf1,
    0x02, 0xe9, 0x02, 0xf1, 0x02, 0xf1, 0x02, 0xf1, 0x01, 0xf1, 0x02, 0xf9,
    0x02, 0xf1, 0x02, 0xf1, 0xe2, 0xf0, 0x02, 0xf9, 0x02, 0xf1, 0x02, 0xf9,
    0x02, 0xf9, 0x02, 0xf9, 0x02, 0xf1, 0xe1, 0xf0, 0x02, 0xf9, 0x02, 0xf1,
    0x01, 0xf1, 0xe2, 0xf0, 0x02, 0xf1, 0x01, 0xf1, 0xe2, 0xf8, 0x02, 0xf9,
    0x01, 0xf1, 0x02, 0xf1, 0x02, 0xf9, 0x01, 0xf1, 0x02, 0xf1, 0x01, 0xf1,
    0x02, 0xf9, 0xe1, 0xf0, 0x01, 0xf1, 0x02, 0xf9, 0x02, 0xf9, 0x01, 0xf1,
    0x02, 0xf1, 0x02, 0xf9, 0x02, 0xf1, 0x02, 0xf1, 0x02, 0xf1, 0x02, 0xf1,
    0x02, 0xf1, 0x02, 0xf1, 0x22, 0xf1, 0x02, 0xf1, 0x02, 0xf1, 0x02, 0xf1,
    0x02, 0xf1, 0x02, 0xf1, 0x02, 0xf1, 0x02, 0xf1, 0x22, 0xf1, 0x22, 0xf1,
    0x02, 0xf1, 0x22, 0xe9, 0x02, 0xf1, 0x02, 0xf1, 0x02, 0xe9, 0x02, 0xe9,
    0x02, 0xf1, 0x02, 0xf1, 0x22, 0xf1, 0x22, 0xe9, 0x02, 0xf1, 0x02, 0xe9,
    0x21, 0xf1, 0x21, 0xf1, 0x02, 0xf1, 0x22, 0xf1, 0x02, 0xf1, 0x01, 0xf1,
    0x02, 0xf1, 0x22, 0xf1, 0x02, 0xf1, 0x02, 0xf1, 0x02, 0xf1, 0x02, 0xf1,
    0x02, 0xf1, 0x02, 0xf1, 0x02, 0xf1, 0x02, 0xe9, 0x22, 0xf1, 0x02, 0xf1,
    0x02, 0xe9, 0x02, 0xf1, 0x02, 0xf1, 0x01, 0xf1, 0x02, 0xe9, 0x22, 0xe9,
    0x22, 0xf1, 0x22, 0xf1, 0x22, 0xf1, 0x22, 0xf1, 0x22, 0xf1, 0x02, 0xf1,
    0x22, 0xf1, 0x22, 0xf1, 0x02, 0xf1, 0x02, 0xf1, 0x23, 0xf1, 0x48, 0xe2,
    0x7c, 0xff, 0xbe, 0xff, 0xbe, 0xff, 0xbe, 0xff, 0xbf, 0xff, 0x58, 0xee,
    0x23, 0xd9, 0x02, 0xf1, 0x02, 0xf1, 0x02, 0xf1, 0x02, 0xf1, 0x85, 0xe9,
    0x79, 0xf6, 0xdf, 0xff, 0xde, 0xff, 0xbe, 0xff, 0xbe, 0xff, 0xbd, 0xff,
    0x89, 0xe2, 0x02, 0xf1, 0x02, 0xf1, 0x02, 0xf9, 0x02, 0xf1, 0x02, 0xf1,
    0x22, 0xf1, 0x23, 0xf1, 0x23, 0xf1, 0x22, 0xf1, 0x22, 0xf1, 0x22, 0xf1,
    0x22, 0xf1, 0x22, 0xf1, 0x22, 0xf1, 0x22, 0xf1, 0x02, 0xf1, 0x22, 0xf1,
    0x22, 0xe9, 0x02, 0xf1, 0x22, 0xf1, 0x02, 0xf1, 0x22, 0xf1, 0x02, 0xf1,
    0x02, 0xe9, 0x22, 0xe9, 0x02, 0xf1, 0x22, 0xf1, 0x02, 0xe9, 0x22, 0xf1,
    0x02, 0xf1, 0x22, 0xf1, 0x22, 0xf1, 0x22, 0xf1, 0x22, 0xf1, 0x22, 0xf1,
    0x22, 0xf1, 0x22, 0xf1, 0x22, 0xf1, 0x22, 0xf1, 0x22, 0xf1, 0x22, 0xf9,
    0x22, 0xf9, 0x02, 0xf9, 0x02, 0xf1, 0x02, 0xf1, 0x02, 0xf1, 0x01, 0xf1,
    0x22, 0xe9, 0x01, 0xf1, 0x01, 0xf1, 0x02, 0xf1, 0x02, 0xf1, 0x01, 0xf1,
    0x01, 0xf1, 0x01, 0xf1, 0x02, 0xf1, 0x02, 0xf1, 0x02, 0xf1, 0x02, 0xf1,
    0x01, 0xf1, 0x02, 0xf9, 0x01, 0xf9, 0x02, 0xf1, 0x02, 0xf1, 0x02, 0xf1,
    0x02, 0xf1, 0x02, 0xf1, 0x02, 0xe9, 0x21, 0xf1, 0x22, 0xf1, 0x22, 0xe9,
    0x22, 0xf1, 0x02, 0xf1, 0x22, 0xf1, 0x22, 0xf1, 0x22, 0xf1, 0x02, 0xf1,
    0x02, 0xf1, 0x02, 0xf1, 0x01, 0xf1, 0x02, 0xf1, 0x01, 0xf1, 0x02, 0xf9,
    0x02, 0xf1, 0x02, 0xf1, 0x02, 0xf9, 0xe2, 0xf0, 0xe2, 0xf0, 0x02, 0xf1,
    0x01, 0xf1, 0x02, 0xf1, 0x02, 0xf1, 0x02, 0xf1, 0x02, 0xf1, 0x02, 0xf1,
    0x01, 0xf1, 0x01, 0xf1, 0x01, 0xf1, 0x01, 0xf9, 0x02, 0xf9, 0x02, 0xf1,
    0x02, 0xf1, 0x02, 0xf9, 0x02, 0xf9, 0x02, 0xf1, 0x02, 0xf1, 0x02, 0xf1,
    0x02, 0xf1, 0x22, 0xf1, 0x22, 0xf1, 0x22, 0xf1, 0x22, 0xf1, 0x22, 0xf1,
    0x02, 0xf1, 0x22, 0xf1, 0x02, 0xf1, 0x22, 0xf1, 0x22, 0xf1, 0x02, 0xf1,
    0x02, 0xf1, 0x02, 0xf1, 0x22, 0xf1, 0x02, 0xf1, 0x02, 0xf1, 0x02, 0xf1,
    0x02, 0xf1, 0x02, 0xf1, 0x02, 0xf1, 0x02, 0xf1, 0x02, 0xf1, 0x02, 0xf1,
    0x02, 0xf1, 0xe2, 0xf0, 0xe2, 0xf0, 0x02, 0xf1, 0x01, 0xf1, 0xe2, 0xf0,
    0x02, 0xf1, 0xe2, 0xf0, 0xe2, 0xf0, 0xe2, 0xf0, 0x02, 0xf1, 0x02, 0xf1,
    0xe2, 0xf0, 0x02, 0xf1, 0x03, 0xf1, 0x02, 0xe9, 0x02, 0xf1, 0x02, 0xf1,
    0x23, 0xf1, 0x22, 0xf1, 0x02, 0xf9, 0x02, 0xf1, 0x02, 0xf9, 0x02, 0xf9,
    0x23, 0xf1, 0x23, 0xf9, 0x23, 0xf1, 0x22, 0xf9, 0x22, 0xf1, 0x22, 0xf1,
    0x03, 0xf1, 0x23, 0xf1, 0x22, 0xf1, 0x22, 0xf1, 0x23, 0xf1, 0x22, 0xf1,
    0x02, 0xf1, 0x23, 0xf1, 0x02, 0xf1, 0x02, 0xf1, 0x02, 0xf9, 0x02, 0xf1,
    0x23, 0xf1, 0x22, 0xf1, 0x22, 0xf1, 0x02, 0xf1, 0x02, 0xf1, 0x02, 0xf1,
    0x02, 0xf1, 0x02, 0xf1, 0x02, 0xf1, 0x02, 0xf1, 0x02, 0xf9, 0x02, 0xf1,
    0x02, 0xf9, 0x02, 0xf1, 0x02, 0xf9, 0x02, 0xf1, 0x22, 0xf1, 0x22, 0xf9,
    0x22, 0xf1, 0x22, 0xf1, 0x22, 0xf1, 0x22, 0xf1, 0x02, 0xf1, 0x02, 0xf1,
    0x01, 0xf1, 0x22, 0xf1, 0x22, 0xf1, 0x02, 0xf1, 0x02, 0xf1, 0x02, 0xf1,
    0x02, 0xf9, 0x02, 0xf1, 0x02, 0xf1, 0x02, 0xf1, 0x02, 0xf9, 0x02, 0xf1,
    0x02, 0xf1, 0x02, 0xf9, 0x02, 0xf1, 0x02, 0xf1, 0x02, 0xf1, 0x02, 0xf9,
    0x02, 0xf9, 0x02, 0xf1, 0xe2, 0xf0, 0x02, 0xf9, 0x02, 0xf1, 0x02, 0xf1,
    0x02, 0xf1, 0x02, 0xf9, 0x02, 0xf1, 0x02, 0xf1, 0x02, 0xf9, 0x02, 0xf1,
    0xe2, 0xf0, 0x02, 0xf9, 0x02, 0xf1, 0xe2, 0xf0, 0x01, 0xf1, 0xe2, 0xf8,
    0x02, 0xf9, 0x02, 0xf1, 0x02, 0xf1, 0x01, 0xf1, 0x02, 0xf9, 0x02, 0xf1,
    0x02, 0xf1, 0x22, 0xf1, 0x02, 0xf1, 0x22, 0xf9, 0x22, 0xf1, 0x22, 0xf1,
    0x22, 0xf1, 0x22, 0xf1, 0x02, 0xf1, 0x01, 0xf1, 0x02, 0xf1, 0x22, 0xf1,
    0x22, 0xf1, 0x22, 0xf1, 0x22, 0xf1, 0x22, 0xf1, 0x22, 0xf1, 0x22, 0xf1,
    0x22, 0xf1, 0x22, 0xf1, 0x22, 0xe9, 0x22, 0xf1, 0x02, 0xe9, 0x22, 0xf1,
    0x22, 0xf1, 0x22, 0xf1, 0x22, 0xf1, 0x22, 0xf1, 0x22, 0xf1, 0x22, 0xf1,
    0x22, 0xf1, 0x02, 0xf1, 0x22, 0xf1, 0x22, 0xf1, 0x22, 0xf1, 0x22, 0xf1,
    0x22, 0xf1, 0x22, 0xf1, 0x02, 0xf1, 0x02, 0xf1, 0x02, 0xf1, 0x22, 0xf1,
    0x02, 0xe9, 0x22, 0xf1, 0x02, 0xf1, 0x02, 0xf1, 0x22, 0xf1, 0x02, 0xf1,
    0x22, 0xf1, 0x02, 0xf1, 0x22, 0xf1, 0x22, 0xe9, 0x22, 0xf1, 0x22, 0xf1,
    0x22, 0xf1, 0x22, 0xf1, 0x23, 0xf1, 0x23, 0xf1, 0x23, 0xf9, 0x03, 0xf1,
    0x03, 0xe9, 0x33, 0xed, 0xbe, 0xff, 0xbe, 0xff, 0xbf, 0xff, 0xbe, 0xff,
    0x9e, 0xff, 0x6c, 0xe3, 0x02, 0xe9, 0x02, 0xf1, 0x02, 0xf1, 0x02, 0xf1,
    0x22, 0xf1, 0x22, 0xe9, 0x6d, 0xdb, 0xbe, 0xff, 0xbe, 0xff, 0xde, 0xff,
    0xbe, 0xff, 0xbf, 0xff, 0x54, 0xed, 0x02, 0xf1, 0x02, 0xf1, 0x02, 0xf1,
    0x02, 0xf1, 0x02, 0xf1, 0x22, 0xf1, 0x23, 0xf1, 0x23, 0xf9, 0x42, 0xf1,
    0x43, 0xf1, 0x23, 0xf1, 0x42, 0xf1, 0x22, 0xf1, 0x22, 0xf1, 0x22, 0xf1,
    0x22, 0xf1, 0x22, 0xf1, 0x23, 0xf1, 0x02, 0xf1, 0x02, 0xf1, 0x02, 0xf1,
    0x22, 0xf1, 0x22, 0xf1, 0x22, 0xf1, 0x22, 0xf1, 0x22, 0xf1, 0x22, 0xe9,
    0x02, 0xf1, 0x22, 0xf1, 0x02, 0xe9, 0x02, 0xf1, 0x22, 0xf1, 0x22, 0xf1,
    0x22, 0xf1, 0x22, 0xf1, 0x22, 0xf1, 0x22, 0xf1, 0x22, 0xf1, 0x22, 0xf1,
    0x23, 0xf9, 0x22, 0xf9, 0x22, 0xf1, 0x22, 0xf1, 0x22, 0xf9, 0x22, 0xf1,
    0x22, 0xf1, 0x22, 0xf1, 0x22, 0xf1, 0x02, 0xf1, 0x22, 0xe9, 0x02, 0xf1,
    0x02, 0xf1, 0x02, 0xf1, 0x01, 0xf1, 0x02, 0xf1, 0x02, 0xf1, 0x02, 0xf1,
    0x02, 0xf1, 0x02, 0xf1, 0x02, 0xf9, 0x02, 0xf1, 0x02, 0xf1, 0x02, 0xf1,
    0x02, 0xf1, 0x02, 0xf1, 0x22, 0xf1, 0x22, 0xe9, 0x22, 0xf1, 0x02, 0xf1,
    0x02, 0xf1, 0x22, 0xe9, 0x22, 0xf1, 0x22, 0xf1, 0x22, 0xe9, 0x22, 0xf1,
    0x22, 0xf1, 0x21, 0xe9, 0x01, 0xe9, 0x02, 0xf1, 0x02, 0xf1, 0x02, 0xf1,
    0x02, 0xf1, 0x02, 0xf1, 0x02, 0xf1, 0x02, 0xf1, 0x02, 0xf1, 0x02, 0xf9,
    0x02, 0xf1, 0x02, 0xf1, 0x01, 0xf1, 0x02, 0xf1, 0x02, 0xf1, 0x02, 0xf1,
    0x01, 0xf1, 0x02, 0xf1, 0x02, 0xf1, 0x22, 0xf9, 0x02, 0xf9, 0x02, 0xf1,
    0x02, 0xf9, 0x01, 0xf1, 0x02, 0xf1, 0x02, 0xf1, 0x02, 0xf1, 0x02, 0xf1,
    0x22, 0xf9, 0x21, 0xf1, 0x22, 0xf1, 0x22, 0xf1, 0x22, 0xf1, 0x22, 0xf1,
    0x23, 0xf1, 0x22, 0xf1, 0x02, 0xf1, 0x22, 0xf1, 0x02, 0xf1, 0x02, 0xf1,
    0x22, 0xf1, 0x02, 0xf1, 0x22, 0xf1, 0x22, 0xf1, 0x02, 0xf1, 0x02, 0xf1,
    0x22, 0xf1, 0x02, 0xf1, 0x22, 0xf1, 0x02, 0xf1, 0x02, 0xf1, 0x02, 0xf1,
    0x02, 0xf1, 0x02, 0xf1, 0xe1, 0xf0, 0x02, 0xf1, 0x02, 0xf1, 0xe2, 0xf0,
    0x02, 0xf1, 0x02, 0xf1, 0x02, 0xf1, 0x02, 0xf1, 0x02, 0xf1, 0xe2, 0xf0,
    0x02, 0xf1, 0x02, 0xf1, 0x02, 0xf1, 0x02, 0xf1, 0x02, 0xf1, 0x03, 0xf1,
    0x23, 0xf1, 0x22, 0xf1, 0x22, 0xf1, 0x23, 0xf1, 0x02, 0xf1, 0x02, 0xf9,
    0x22, 0xf1, 0x23, 0xf9, 0x22, 0xf1, 0x22, 0xf1, 0x22, 0xf1, 0x22, 0xf1,
    0x22, 0xf1, 0x43, 0xf1, 0x22, 0xf1, 0x22, 0xf1, 0x22, 0xf1, 0x23, 0xf1,
    0x22, 0xf1, 0x22, 0xf1, 0x22, 0xf1, 0x22, 0xf1, 0x22, 0xf1, 0x02, 0xf1,
    0x22, 0xf1, 0x22, 0xf1, 0x23, 0xf1, 0x22, 0xf1, 0x22, 0xf1, 0x23, 0xf1,
    0x22, 0xf9, 0x22, 0xf1, 0x02, 0xf1, 0x02, 0xf1, 0x02, 0xf1, 0x02, 0xf1,
    0x02, 0xf9, 0x02, 0xf1, 0x22, 0xf1, 0x02, 0xf1, 0x02, 0xf9, 0x02, 0xf1,
    0x02, 0xf1, 0x22, 0xf1, 0x22, 0xf1, 0x22, 0xf1, 0x22, 0xf1, 0x22, 0xf1,
    0x02, 0xf1, 0x22, 0xf1, 0x02, 0xf1, 0x22, 0xf1, 0x22, 0xf1, 0x22, 0xf1,
    0x02, 0xf1, 0x02, 0xf1, 0x02, 0xf1, 0x02, 0xf1, 0x02, 0xf1, 0x22, 0xf9,
    0x02, 0xf1, 0x01, 0xf1, 0x01, 0xf9, 0x02, 0xf1, 0x02, 0xf9, 0x01, 0xf1,
    0x02, 0xf9, 0x02, 0xf1, 0x02, 0xf1, 0x02, 0xf1, 0x02, 0xf1, 0x01, 0xf1,
    0x01, 0xf1, 0x02, 0xf1, 0x02, 0xf1, 0x22, 0xf9, 0x22, 0xf1, 0x22, 0xf1,
    0x02, 0xf9, 0x22, 0xf1, 0x02, 0xf1, 0x01, 0xf1, 0x02, 0xf9, 0x02, 0xf1,
    0x01, 0xf1, 0x02, 0xf1, 0x02, 0xf9, 0x02, 0xf1, 0x02, 0xf9, 0x22, 0xf1,
    0x02, 0xf9, 0x02, 0xf9, 0x22, 0xf1, 0x02, 0xf9, 0x22, 0xf9, 0x23, 0xf1,
    0x22, 0xf1, 0x22, 0xf1, 0x22, 0xf1, 0x22, 0xf1, 0x22, 0xf1, 0x02, 0xf1,
    0x22, 0xf1, 0x22, 0xf1, 0x22, 0xf1, 0x22, 0xf1, 0x22, 0xf1, 0x43, 0xf1,
    0x22, 0xf1, 0x22, 0xf1, 0x22, 0xf1, 0x22, 0xf1, 0x22, 0xf1, 0x22, 0xe9,
    0x22, 0xf1, 0x02, 0xf1, 0x22, 0xe9, 0x22, 0xf1, 0x22, 0xf1, 0x22, 0xf1,
    0x22, 0xf1, 0x22, 0xf1, 0x22, 0xf1, 0x22, 0xe9, 0x22, 0xe9, 0x22, 0xf1,
    0x22, 0xe9, 0x02, 0xf1, 0x02, 0xf1, 0x22, 0xf1, 0x02, 0xf1, 0x22, 0xf1,
    0x22, 0xf1, 0x22, 0xe9, 0x02, 0xf1, 0x22, 0xe9, 0x22, 0xe9, 0x22, 0xf1,
    0x22, 0xe9, 0x02, 0xf1, 0x22, 0xf1, 0x22, 0xe9, 0x22, 0xf1, 0x22, 0xf1,
    0x22, 0xf1, 0x22, 0xf1, 0x23, 0xf1, 0x22, 0xf1, 0x22, 0xf1, 0x23, 0xf1,
    0x22, 0xf9, 0x23, 0xf1, 0xe6, 0xe9, 0x5c, 0xf7, 0xbf, 0xff, 0xbf, 0xff,
    0xbf, 0xff, 0xbe, 0xf7, 0x5d, 0xff, 0x43, 0xc9, 0x02, 0xf1, 0x02, 0xe9,
    0x02, 0xf1, 0x22, 0xf1, 0x02, 0xf1, 0x22, 0xf1, 0xa4, 0xe1, 0xdb, 0xf6,
    0xbe, 0xff, 0xbe, 0xff, 0xdf, 0xff, 0xde, 0xff, 0x9d, 0xff, 0x84, 0xd9,
    0xe2, 0xf0, 0x02, 0xf1, 0x02, 0xf1, 0x22, 0xf9, 0x23, 0xf1, 0x22, 0xf1,
    0x22, 0xf1, 0x22, 0xf1, 0x23, 0xf1, 0x42, 0xf1, 0x23, 0xf1, 0x23, 0xf1,
    0x22, 0xf1, 0x23, 0xf1, 0x22, 0xe9, 0x22, 0xe9, 0x22, 0xe9, 0x02, 0xf1,
    0x22, 0xf1, 0x22, 0xf1, 0x22, 0xf1, 0x22, 0xe9, 0x22, 0xf1, 0x22, 0xf1,
    0x02, 0xe9, 0x02, 0xf1, 0x22, 0xf1, 0x22, 0xf1, 0x01, 0xe9, 0x22, 0xf1,
    0x22, 0xf1, 0x22, 0xf1, 0x22, 0xf1, 0x22, 0xf1, 0x22, 0xf1, 0x22, 0xf1,
    0x22, 0xf1, 0x22, 0xf1, 0x22, 0xf1, 0x22, 0xf1, 0x22, 0xf1, 0x22, 0xf9,
    0x22, 0xf1, 0x22, 0xf1, 0x22, 0xf1, 0x22, 0xf1, 0x22, 0xf1, 0x22, 0xf1,
    0x22, 0xf1, 0x22, 0xe9, 0x01, 0xf1, 0x01, 0xf1, 0x02, 0xf1, 0xe2, 0xf0,
    0x01, 0xf1, 0x01, 0xf1, 0x22, 0xf1, 0x02, 0xf1, 0x02, 0xf9, 0x02, 0xf9,
    0x01, 0xf1, 0x02, 0xf1, 0x01, 0xf1, 0x22, 0xf1, 0x22, 0xf1, 0x22, 0xf1,
    0x02, 0xf1, 0x22, 0xe9, 0x22, 0xf1, 0x22, 0xf1, 0x02, 0xe9, 0x22, 0xf1,
    0x22, 0xf1, 0x22, 0xf1, 0x22, 0xf1, 0x22, 0xf1, 0x02, 0xf1, 0x02, 0xe9,
    0x02, 0xf1, 0x01, 0xf1, 0x02, 0xf1, 0x02, 0xf1, 0x01, 0xf1, 0x02, 0xf1,
    0xe2, 0xf0, 0x02, 0xf1, 0x02, 0xf1, 0x02, 0xf1, 0xe2, 0xf0, 0x02, 0xf1,
    0x02, 0xf1, 0x01, 0xf1, 0x02, 0xf1, 0x02, 0xf9, 0x02, 0xf1, 0x22, 0xf1,
    0x02, 0xf9, 0x02, 0xf1, 0x02, 0xf1, 0x02, 0xf9, 0x01, 0xf1, 0x02, 0xf1,
    0x02, 0xf1, 0x02, 0xf1, 0x02, 0xf1, 0x22, 0xf1, 0x22, 0xf1, 0x22, 0xf1,
    0x22, 0xf1, 0x22, 0xf1, 0x22, 0xf1, 0x22, 0xf1, 0x22, 0xf1, 0x02, 0xf1,
    0x22, 0xf1, 0x22, 0xf1, 0x22, 0xf1, 0x22, 0xf1, 0x22, 0xf1, 0x02, 0xf1,
    0x22, 0xf1, 0x22, 0xf1, 0x22, 0xf1, 0x22, 0xf1, 0x22, 0xf1, 0x22, 0xf1,
    0x02, 0xf1, 0x02, 0xf1, 0x01, 0xf1, 0x02, 0xf1, 0xe2, 0xf0, 0x02, 0xf1,
    0x02, 0xf1, 0x02, 0xf1, 0xe1, 0xf0, 0xe2, 0xf0, 0xe2, 0xf0, 0x02, 0xf1,
    0x02, 0xf1, 0x02, 0xf1, 0x02, 0xf1, 0x02, 0xf1, 0xe2, 0xf0, 0x02, 0xf1,
    0x02, 0xf1, 0x02, 0xf1, 0x22, 0xf1, 0x22, 0xf1, 0x23, 0xf1, 0x22, 0xf1,
    0x22, 0xf1, 0x02, 0xf1, 0x22, 0xf1, 0x23, 0xf1, 0x22, 0xf9, 0x22, 0xf1,
    0x42, 0xf1, 0x22, 0xf1, 0x42, 0xf1, 0x43, 0xf1, 0x23, 0xf1, 0x42, 0xf1,
    0x43, 0xf1, 0x43, 0xf1, 0x22, 0xf1, 0x22, 0xf1, 0x23, 0xf1, 0x23, 0xf1,
    0x22, 0xf1, 0x22, 0xf1, 0x22, 0xf1, 0x23, 0xf1, 0x23, 0xf1, 0x22, 0xf1,
    0x23, 0xf1, 0x22, 0xf1, 0x22, 0xf1, 0x23, 0xf9, 0x22, 0xf1, 0x22, 0xf9,
    0x22, 0xf9, 0x02, 0xf1, 0x02, 0xf1, 0x02, 0xf1, 0x02, 0xf1, 0x02, 0xf1,
    0x02, 0xf1, 0x02, 0xf1, 0x22, 0xf1, 0x22, 0xf1, 0x22, 0xf1, 0x22, 0xf1,
    0x22, 0xf1, 0x22, 0xf1, 0x21, 0xf1, 0x02, 0xf1, 0x02, 0xf1, 0x22, 0xf1,
    0x22, 0xf1, 0x22, 0xf1, 0x22, 0xf1, 0x22, 0xf1, 0x02, 0xf1, 0x22, 0xf1,
    0x02, 0xf1, 0x02, 0xf1, 0x02, 0xf9, 0x02, 0xf1, 0x22, 0xf9, 0x02, 0xf9,
    0x02, 0xf1, 0x02, 0xf1, 0x01, 0xf1, 0x02, 0xf1, 0x02, 0xf9, 0x02, 0xf1,
    0x02, 0xf1, 0x01, 0xf1, 0x02, 0xf9, 0x02, 0xf1, 0x02, 0xf9, 0x22, 0xf1,
    0x02, 0xf1, 0x22, 0xf1, 0x22, 0xf1, 0x22, 0xf1, 0x21, 0xf1, 0x02, 0xf1,
    0x01, 0xf1, 0x02, 0xf1, 0x02, 0xf1, 0x02, 0xf9, 0x01, 0xf1, 0x02, 0xf1,
    0x02, 0xf9, 0x22, 0xf1, 0x02, 0xf1, 0x02, 0xf1, 0x22, 0xf9, 0x02, 0xf1,
    0x22, 0xf1, 0x23, 0xf1, 0x22, 0xf1, 0x22, 0xf1, 0x22, 0xf1, 0x22, 0xf1,
    0x01, 0xe9, 0x02, 0xf1, 0x22, 0xf1, 0x22, 0xe9, 0x22, 0xf1, 0x22, 0xf1,
    0x22, 0xf1, 0x23, 0xf1, 0x22, 0xf1, 0x02, 0xf1, 0x22, 0xf1, 0x02, 0xe9,
    0x22, 0xf1, 0x22, 0xf1, 0x22, 0xe9, 0x22, 0xf1, 0x22, 0xf1, 0x22, 0xe9,
    0x22, 0xf1, 0x22, 0xf1, 0x22, 0xf1, 0x22, 0xe9, 0x22, 0xf1, 0x22, 0xf1,
    0x22, 0xe9, 0x22, 0xe9, 0x22, 0xf1, 0x01, 0xf1, 0x22, 0xf1, 0x02, 0xf1,
    0x22, 0xf1, 0x22, 0xf1, 0x22, 0xe9, 0x02, 0xe9, 0x22, 0xf1, 0x22, 0xf1,
    0x22, 0xe9, 0x22, 0xf1, 0x22, 0xf1, 0x22, 0xf1, 0x22, 0xe9, 0x22, 0xe9,
    0x22, 0xf1, 0x22, 0xf1, 0x22, 0xf1, 0x23, 0xf1, 0x43, 0xf1, 0x23, 0xf1,
    0x22, 0xf1, 0x22, 0xf1, 0x23, 0xf9, 0x23, 0xf1, 0x0f, 0xdc, 0xde, 0xff,
    0xde, 0xff, 0xde, 0xff, 0xbe, 0xff, 0xbe, 0xff, 0x4f, 0xdc, 0x02, 0xe9,
    0x02, 0xe9, 0x02, 0xf1, 0x22, 0xe9, 0x22, 0xf1, 0x02, 0xf1, 0x22, 0xe9,
    0x22, 0xf1, 0x91, 0xec, 0xbd, 0xf7, 0xbe, 0xff, 0xbe, 0xff, 0xbe, 0xff,
    0xbf, 0xff, 0x13, 0xed, 0x22, 0xe9, 0x02, 0xf1, 0x02, 0xf1, 0x02, 0xf1,
    0x22, 0xf1, 0x22, 0xf1, 0x42, 0xf9, 0x42, 0xf1, 0x23, 0xf1, 0x42, 0xf1,
    0x42, 0xf1, 0x43, 0xf1, 0x22, 0xf1, 0x23, 0xf1, 0x22, 0xe9, 0x22, 0xf1,
    0x22, 0xf1, 0x22, 0xf1, 0x22, 0xe9, 0x22, 0xf1, 0x22, 0xf1, 0x22, 0xf1,
    0x22, 0xe9, 0x22, 0xe9, 0x22, 0xf1, 0x22, 0xf1, 0x22, 0xf1, 0x21, 0xe9,
    0x02, 0xf1, 0x22, 0xf1, 0x01, 0xf1, 0x21, 0xf1, 0x22, 0xf1, 0x22, 0xf1,
    0x22, 0xf1, 0x22, 0xf1, 0x22, 0xf1, 0x22, 0xf1, 0x22, 0xf1, 0x22, 0xf1,
    0x22, 0xf9, 0x22, 0xf1, 0x02, 0xf1, 0x22, 0xf1, 0x22, 0xf1, 0x22, 0xf1,
    0x22, 0xf1, 0x42, 0xf1, 0x22, 0xf1, 0x22, 0xf1, 0x02, 0xf1, 0x02, 0xf1,
    0x02, 0xf1, 0x02, 0xf1, 0x02, 0xf1, 0x02, 0xf1, 0x02, 0xf1, 0x02, 0xf1,
    0x22, 0xf1, 0x02, 0xf1, 0x02, 0xf1, 0x02, 0xf1, 0x02, 0xf1, 0x02, 0xf1,
    0x02, 0xe9, 0x22, 0xe9, 0x22, 0xf1, 0x22, 0xe9, 0x22, 0xf1, 0x22, 0xf1,
    0x22, 0xe9, 0x02, 0xf1, 0x02, 0xf1, 0x22, 0xe9, 0x22, 0xf1, 0x02, 0xf1,
    0x02, 0xe9, 0x22, 0xf1, 0x02, 0xf1, 0x21, 0xf1, 0x22, 0xf1, 0x22, 0xf1,
    0x22, 0xf1, 0x01, 0xf1, 0x02, 0xf1, 0x02, 0xf1, 0x02, 0xf1, 0x02, 0xf1,
    0x02, 0xf1, 0x02, 0xf1, 0x02, 0xf1, 0x02, 0xf1, 0x02, 0xf1, 0x22, 0xf9,
    0x22, 0xf1, 0x02, 0xf1, 0x02, 0xf9, 0x01, 0xf1, 0x02, 0xf1, 0x02, 0xf1,
    0x02, 0xf1, 0x02, 0xf9, 0x01, 0xf1, 0x22, 0xf1, 0x22, 0xf1, 0x22, 0xf1,
    0x22, 0xf1, 0x23, 0xf1, 0x43, 0xf1, 0x22, 0xf1, 0x23, 0xf1, 0x43, 0xf1,
    0x22, 0xf1, 0x22, 0xf1, 0x22, 0xf1, 0x22, 0xf1, 0x23, 0xf1, 0x22, 0xf1,
    0x23, 0xf1, 0x02, 0xf1, 0x02, 0xf1, 0x22, 0xf1, 0x23, 0xf1, 0x23, 0xf1,
    0x23, 0xf1, 0x22, 0xf1, 0x22, 0xf1, 0x02, 0xf1, 0x02, 0xf1, 0x02, 0xe9,
    0x02, 0xf1, 0x02, 0xf1, 0x02, 0xe9, 0x02, 0xe9, 0x02, 0xf1, 0x02, 0xf1,
    0x01, 0xf1, 0x02, 0xf1, 0x02, 0xf1, 0xe2, 0xf0, 0x02, 0xf1, 0x02, 0xf9,
    0x02, 0xf9, 0x02, 0xf1, 0x22, 0xf9, 0x02, 0xf1, 0x22, 0xf1, 0x22, 0xf1,
    0x23, 0xf1, 0x22, 0xf1, 0x22, 0xf9, 0x02, 0xf1, 0x02, 0xf1, 0x22, 0xf1,
    0x22, 0xf1, 0x22, 0xf1, 0x22, 0xf1, 0x22, 0xf1, 0x43, 0xf1, 0x22, 0xf1,
    0x42, 0xf1, 0x23, 0xf1, 0x42, 0xf1, 0x43, 0xf1, 0x22, 0xf1, 0x23, 0xf1,
    0x22, 0xf1, 0x22, 0xf1, 0x22, 0xf1, 0x23, 0xf1, 0x22, 0xf1, 0x22, 0xf1,
    0x43, 0xf1, 0x22, 0xf1, 0x22, 0xf1, 0x23, 0xf1, 0x22, 0xf1, 0x22, 0xf1,
    0x23, 0xf1, 0x22, 0xf1, 0x22, 0xf1, 0x22, 0xf1, 0x22, 0xf1, 0x02, 0xf1,
    0x22, 0xf1, 0x22, 0xf1, 0x02, 0xf1, 0x22, 0xf1, 0x22, 0xf1, 0x22, 0xf1,
    0x22, 0xf1, 0x22, 0xf1, 0x42, 0xf1, 0x22, 0xf1, 0x22, 0xf1, 0x22, 0xf1,
    0x22, 0xf1, 0x22, 0xf1, 0x23, 0xf1, 0x22, 0xf1, 0x22, 0xf1, 0x22, 0xf1,
    0x22, 0xf1, 0x22, 0xf1, 0x22, 0xf1, 0x22, 0xf1, 0x22, 0xf1, 0x02, 0xf1,
    0x02, 0xf1, 0x22, 0xf1, 0x02, 0xf9, 0x02, 0xf1, 0x02, 0xf1, 0x02, 0xf9,
    0x02, 0xf1, 0x02, 0xf1, 0x02, 0xf9, 0x02, 0xf9, 0x22, 0xf9, 0x02, 0xf1,
    0x22, 0xf9, 0x22, 0xf1, 0x22, 0xf1, 0x22, 0xf1, 0x22, 0xf1, 0x22, 0xf1,
    0x22, 0xf1, 0x22, 0xf1, 0x02, 0xf1, 0x02, 0xf1, 0x22, 0xf9, 0x02, 0xf9,
    0x02, 0xf1, 0x02, 0xf1, 0x22, 0xf1, 0x02, 0xf1, 0x22, 0xf9, 0x22, 0xf1,
    0x02, 0xf1, 0x22, 0xf1, 0x23, 0xf1, 0x22, 0xf9, 0x02, 0xf1, 0x22, 0xf1,
    0x22, 0xf1, 0x22, 0xf1, 0x22, 0xf1, 0x22, 0xf1, 0x22, 0xf1, 0x22, 0xe9,
    0x22, 0xf1, 0x22, 0xf1, 0x22, 0xe9, 0x22, 0xf1, 0x23, 0xf1, 0x23, 0xe9,
    0x22, 0xf1, 0x22, 0xe9, 0x22, 0xf1, 0x02, 0xf1, 0x02, 0xe9, 0x22, 0xf1,
    0x22, 0xf1, 0x22, 0xe9, 0x22, 0xf1, 0x22, 0xf1, 0x22, 0xf1, 0x42, 0xf1,
    0x42, 0xf1, 0x42, 0xf1, 0x22, 0xf1, 0x22, 0xf1, 0x22, 0xf1, 0x22, 0xf1,
    0x22, 0xf1, 0x22, 0xf1, 0x22, 0xf1, 0x22, 0xf1, 0x22, 0xf1, 0x22, 0xf1,
    0x22, 0xf1, 0x22, 0xf1, 0x22, 0xf1, 0x22, 0xf1, 0x22, 0xf1, 0x22, 0xf1,
    0x22, 0xe9, 0x22, 0xf1, 0x22, 0xf1, 0x42, 0xe9, 0x43, 0xf1, 0x22, 0xf1,
    0x42, 0xf1, 0x23, 0xf1, 0x23, 0xf9, 0x23, 0xf1, 0x23, 0xf1, 0x84, 0xe9,
    0x3b, 0xff, 0xde, 0xff, 0xdf, 0xff, 0xde, 0xff, 0xdf, 0xff, 0x5c, 0xf7,
    0x06, 0xe2, 0x02, 0xe9, 0x02, 0xf1, 0x22, 0xf1, 0x02, 0xf1, 0x22, 0xf1,
    0x22, 0xf1, 0x23, 0xf1, 0x22, 0xe9, 0x06, 0xda, 0x5c, 0xff, 0xbe, 0xff,
    0xbe, 0xff, 0xbe, 0xff, 0xbe, 0xff, 0xfb, 0xf6, 0xa4, 0xe1, 0x02, 0xf1,
    0x02, 0xf1, 0x03, 0xf9, 0x02, 0xf9, 0x22, 0xf1, 0x22, 0xf1, 0x42, 0xf9,
    0x23, 0xf1, 0x23, 0xf1, 0x22, 0xf1, 0x43, 0xf1, 0x22, 0xf1, 0x22, 0xf1,
    0x42, 0xf1, 0x43, 0xf1, 0x22, 0xf1, 0x23, 0xf1, 0x22, 0xf1, 0x22, 0xe9,
    0x22, 0xe9, 0x23, 0xf1, 0x22, 0xe9, 0x23, 0xe9, 0x22, 0xf1, 0x22, 0xf1,
    0x22, 0xf1, 0x22, 0xe9, 0x22, 0xf1, 0x22, 0xf1, 0x22, 0xe9, 0x22, 0xf1,
    0x22, 0xf1, 0x22, 0xf1, 0x22, 0xf1, 0x22, 0xf1, 0x42, 0xf1, 0x22, 0xf1,
    0x22, 0xf1, 0x22, 0xf9, 0x22, 0xf1, 0x22, 0xf1, 0x22, 0xf9, 0x22, 0xf1,
    0x22, 0xf1, 0x22, 0xf1, 0x23, 0xf1, 0x22, 0xf1, 0x42, 0xf1, 0x22, 0xf1,
    0x22, 0xf1, 0x22, 0xf1, 0x02, 0xf9, 0x02, 0xf9, 0x01, 0xf1, 0x02, 0xf9,
    0x02, 0xf1, 0x22, 0xf1, 0x22, 0xf1, 0x22, 0xf1, 0x22, 0xf1, 0x22, 0xf1,
    0x22, 0xf1, 0x22, 0xf1, 0x22, 0xf1, 0x22, 0xf1, 0x22, 0xf1, 0x22, 0xf1,
    0x22, 0xf1, 0x22, 0xf1, 0x22, 0xf1, 0x22, 0xf1, 0x22, 0xe9, 0x22, 0xf1,
    0x22, 0xf1, 0x22, 0xe9, 0x22, 0xf1, 0x21, 0xe9, 0x02, 0xf1, 0x22, 0xf1,
    0x02, 0xf1, 0x02, 0xf1, 0x22, 0xf1, 0x02, 0xf1, 0x02, 0xf1, 0x02, 0xf1,
    0x22, 0xf1, 0x22, 0xf1, 0x22, 0xf1, 0x02, 0xf1, 0x22, 0xf1, 0x02, 0xf1,
    0x22, 0xf1, 0x22, 0xf9, 0x22, 0xf9, 0x22, 0xf9, 0x02, 0xf9, 0x02, 0xf1,
    0x02, 0xf1, 0x02, 0xf1, 0x02, 0xf1, 0x02, 0xf1, 0x22, 0xf1, 0x22, 0xf1,
    0x22, 0xf1, 0x22, 0xf1, 0x22, 0xf1, 0x43, 0xf1, 0x42, 0xe9, 0x43, 0xf1,
    0x43, 0xf1, 0x22, 0xf1, 0x23, 0xf1, 0x23, 0xf1, 0x23, 0xf1, 0x22, 0xf1,
    0x22, 0xf1, 0x22, 0xf1, 0x22, 0xf1, 0x23, 0xf1, 0x23, 0xf1, 0x22, 0xf1,
    0x23, 0xf9, 0x42, 0xf1, 0x43, 0xf1, 0x42, 0xf1, 0x43, 0xf1, 0x22, 0xf1,
    0x22, 0xf1, 0x22, 0xf1, 0x02, 0xf1, 0x02, 0xf1, 0x01, 0xf1, 0x02, 0xf1,
    0x02, 0xf1, 0x02, 0xf1, 0x02, 0xf1, 0x02, 0xf1, 0x02, 0xf1, 0x02, 0xf1,
    0x02, 0xf1, 0x22, 0xf1, 0x22, 0xf1, 0x22, 0xf9, 0x23, 0xf1, 0x23, 0xf1,
    0x23, 0xf9, 0x23, 0xf9, 0x22, 0xf9, 0x22, 0xf1, 0x22, 0xf1, 0x22, 0xf1,
    0x22, 0xf1, 0x22, 0xf1, 0x42, 0xf1, 0x42, 0xf1, 0x43, 0xf1, 0x42, 0xf1,
    0x42, 0xf1, 0x42, 0xf1, 0x23, 0xf1, 0x22, 0xf1, 0x23, 0xf1, 0x42, 0xf1,
    0x22, 0xf1, 0x23, 0xf1, 0x22, 0xf1, 0x22, 0xe9, 0x23, 0xf1, 0x22, 0xf1,
    0x23, 0xf1, 0x22, 0xf1, 0x22, 0xf1, 0x43, 0xf1, 0x43, 0xf1, 0x22, 0xf1,
    0x22, 0xf9, 0x43, 0xf1, 0x22, 0xf1, 0x42, 0xf1, 0x42, 0xf1, 0x42, 0xf1,
    0x22, 0xf1, 0x22, 0xf1, 0x22, 0xf1, 0x22, 0xf1, 0x22, 0xf1, 0x21, 0xf1,
    0x22, 0xf1, 0x22, 0xf1, 0x22, 0xf1, 0x22, 0xf1, 0x22, 0xf1, 0x22, 0xf1,
    0x22, 0xf1, 0x22, 0xe9, 0x22, 0xf1, 0x43, 0xf1, 0x43, 0xf1, 0x22, 0xf1,
    0x22, 0xf1, 0x42, 0xf1, 0x22, 0xf1, 0x22, 0xf1, 0x42, 0xf1, 0x22, 0xf1,
    0x22, 0xf1, 0x22, 0xf1, 0x22, 0xf9, 0x22, 0xf9, 0x02, 0xf1, 0x22, 0xf1,
    0x02, 0xf9, 0x22, 0xf1, 0x22, 0xf1, 0x22, 0xf1, 0x22, 0xf1, 0x22, 0xf1,
    0x22, 0xf1, 0x22, 0xf1, 0x22, 0xf1, 0x22, 0xf1, 0x22, 0xf1, 0x22, 0xf1,
    0x22, 0xf1, 0x22, 0xf1, 0x22, 0xf1, 0x22, 0xf1, 0x01, 0xf1, 0x22, 0xf1,
    0x02, 0xf1, 0x02, 0xf1, 0x22, 0xf1, 0x22, 0xf1, 0x22, 0xf1, 0x22, 0xf1,
    0x23, 0xf1, 0x23, 0xf1, 0x22, 0xf1, 0x23, 0xf1, 0x22, 0xf9, 0x22, 0xf1,
    0x22, 0xf1, 0x22, 0xf1, 0x22, 0xf1, 0x22, 0xf1, 0x22, 0xf1, 0x22, 0xf1,
    0x22, 0xf1, 0x22, 0xf1, 0x22, 0xf1, 0x22, 0xf1, 0x23, 0xf1, 0x22, 0xf1,
    0x22, 0xe9, 0x22, 0xf1, 0x22, 0xe9, 0x23, 0xe9, 0x22, 0xf1, 0x22, 0xf1,
    0x22, 0xe9, 0x22, 0xe9, 0x02, 0xf1, 0x22, 0xf1, 0x22, 0xe9, 0x22, 0xe9,
    0x22, 0xf1, 0x22, 0xf1, 0x42, 0xf1, 0x42, 0xf1, 0x42, 0xf1, 0x42, 0xf1,
    0x22, 0xf1, 0x42, 0xf1, 0x22, 0xe9, 0x22, 0xf1, 0x22, 0xf1, 0x22, 0xe9,
    0x22, 0xf1, 0x22, 0xf1, 0x22, 0xf1, 0x22, 0xf1, 0x22, 0xf1, 0x22, 0xe9,
    0x22, 0xf1, 0x22, 0xf1, 0x23, 0xf1, 0x22, 0xe9, 0x22, 0xf1, 0x43, 0xf1,
    0x23, 0xf1, 0x42, 0xf1, 0x22, 0xf1, 0x22, 0xf1, 0x22, 0xf1, 0x23, 0xf9,
    0x23, 0xf1, 0xad, 0xeb, 0xde, 0xff, 0xde, 0xff, 0xdf, 0xff, 0xdf, 0xff,
    0xdf, 0xff, 0xd5, 0xf5, 0x43, 0xe9, 0x22, 0xf1, 0x22, 0xf1, 0x22, 0xf1,
    0x22, 0xf1, 0x22, 0xf1, 0x22, 0xf1, 0x23, 0xf1, 0x42, 0xf1, 0x43, 0xe9,
    0xd3, 0xe4, 0xbe, 0xff, 0xbe, 0xff, 0xde, 0xff, 0xbe, 0xff, 0xbe, 0xf7,
    0xac, 0xe3, 0x02, 0xe9, 0x02, 0xf1, 0x03, 0xf9, 0x22, 0xf1, 0x22, 0xf1,
    0x23, 0xf1, 0x42, 0xf1, 0x42, 0xf1, 0x42, 0xf1, 0x22, 0xf1, 0x22, 0xf1,
    0x23, 0xf1, 0x42, 0xf1, 0x42, 0xf1, 0x22, 0xf1, 0x22, 0xf1, 0x22, 0xf1,
    0x22, 0xf1, 0x22, 0xe9, 0x23, 0xf1, 0x22, 0xe9, 0x22, 0xf1, 0x22, 0xf1,
    0x22, 0xf1, 0x22, 0xf1, 0x22, 0xf1, 0x22, 0xf1, 0x22, 0xf1, 0x22, 0xf1,
    0x22, 0xe9, 0x22, 0xe9, 0x22, 0xf1, 0x22, 0xf1, 0x22, 0xf1, 0x22, 0xf1,
    0x43, 0xf1, 0x42, 0xf1, 0x42, 0xf1, 0x22, 0xf9, 0x42, 0xf1, 0x42, 0xf1,
    0x22, 0xf9, 0x22, 0xf1, 0x22, 0xf1, 0x22, 0xf1, 0x22, 0xf1, 0x22, 0xe9,
    0x22, 0xf1, 0x22, 0xf1, 0x22, 0xf1, 0x22, 0xf1, 0x22, 0xf1, 0x22, 0xf1,
    0x02, 0xf1, 0x22, 0xf9, 0x02, 0xf1, 0x22, 0xf1, 0x22, 0xf1, 0x22, 0xf1,
    0x22, 0xf1, 0x22, 0xf1, 0x22, 0xf1, 0x22, 0xf1, 0x22, 0xe9, 0x22, 0xf1,
    0x22, 0xf1, 0x22, 0xf1, 0x22, 0xf1, 0x23, 0xf1, 0x22, 0xe9, 0x22, 0xf1,
    0x22, 0xf1, 0x22, 0xf1, 0x22, 0xf1, 0x22, 0xf1, 0x22, 0xf1, 0x22, 0xe9,
    0x22, 0xe9, 0x22, 0xe9, 0x22, 0xf1, 0x02, 0xf1, 0x22, 0xf1, 0x22, 0xf1,
    0x22, 0xf1, 0x02, 0xf1, 0x22, 0xf1, 0x02, 0xf1, 0x02, 0xf1, 0x22, 0xf1,
    0x22, 0xf1, 0x22, 0xf1, 0x22, 0xf9, 0x22, 0xf9, 0x22, 0xf1, 0x22, 0xf9,
    0x22, 0xf1, 0x02, 0xf1, 0x22, 0xf1, 0x22, 0xf1, 0x22, 0xf9, 0x22, 0xf1,
    0x22, 0xf1, 0x22, 0xf1, 0x22, 0xf1, 0x42, 0xf1, 0x22, 0xf1, 0x42, 0xe9,
    0x22, 0xf1, 0x22, 0xf1, 0x42, 0xf1, 0x42, 0xe9, 0x23, 0xf1, 0x42, 0xf1,
    0x22, 0xf1, 0x22, 0xe9, 0x22, 0xf1, 0x22, 0xf1, 0x22, 0xf1, 0x22, 0xf1,
    0x23, 0xf1, 0x43, 0xf9, 0x42, 0xf9, 0x43, 0xf1, 0x22, 0xf1, 0x42, 0xf1,
    0x43, 0xf1, 0x22, 0xf1, 0x22, 0xf1, 0x22, 0xf1, 0x22, 0xf1, 0x02, 0xf1,
    0x02, 0xf1, 0x02, 0xf1, 0x02, 0xf1, 0x02, 0xf1, 0x02, 0xf1, 0x02, 0xf1,
    0x02, 0xf1, 0x22, 0xf9, 0x02, 0xf1, 0x02, 0xf1, 0x22, 0xf1, 0x23, 0xf1,
    0x22, 0xf1, 0x22, 0xf1, 0x43, 0xf1, 0x23, 0xf1, 0x22, 0xf1, 0x22, 0xf1,
    0x22, 0xf1, 0x22, 0xf9, 0x23, 0xf1, 0x22, 0xf1, 0x42, 0xf1, 0x23, 0xf1,
    0x43, 0xf1, 0x43, 0xf1, 0x42, 0xf1, 0x43, 0xf1, 0x42, 0xf1, 0x43, 0xf1,
    0x23, 0xf1, 0x42, 0xf1, 0x23, 0xf1, 0x43, 0xf1, 0x22, 0xf1, 0x23, 0xf1,
    0x22, 0xf1, 0x22, 0xf1, 0x43, 0xf1, 0x43, 0xf1, 0x22, 0xf1, 0x43, 0xf1,
    0x42, 0xf1, 0x22, 0xf1, 0x42, 0xf1, 0x43, 0xf9, 0x22, 0xf1, 0x42, 0xf1,
    0x43, 0xf1, 0x22, 0xf1, 0x22, 0xf1, 0x22, 0xf1, 0x22, 0xf1, 0x22, 0xf1,
    0x22, 0xf1, 0x22, 0xf1, 0x22, 0xf1, 0x22, 0xf1, 0x22, 0xf1, 0x23, 0xf1,
    0x22, 0xf1, 0x22, 0xf1, 0x22, 0xf1, 0x22, 0xf1, 0x23, 0xf1, 0x22, 0xf1,
    0x43, 0xf1, 0x22, 0xf1, 0x42, 0xf1, 0x42, 0xf1, 0x23, 0xf9, 0x22, 0xf1,
    0x23, 0xf1, 0x22, 0xf1, 0x23, 0xf1, 0x23, 0xf1, 0x22, 0xf1, 0x22, 0xf1,
    0x02, 0xf1, 0x22, 0xf9, 0x22, 0xf1, 0x22, 0xf1, 0x23, 0xf9, 0x22, 0xf1,
    0x22, 0xf1, 0x22, 0xf1, 0x02, 0xf1, 0x23, 0xf1, 0x22, 0xf9, 0x42, 0xf1,
    0x43, 0xf1, 0x23, 0xf1, 0x22, 0xf1, 0x22, 0xe9, 0x22, 0xe9, 0x22, 0xf1,
    0x02, 0xe9, 0x22, 0xf1, 0x22, 0xf1, 0x02, 0xf1, 0x02, 0xf1, 0x22, 0xf1,
    0x22, 0xf1, 0x22, 0xf1, 0x22, 0xf9, 0x22, 0xf1, 0x22, 0xf1, 0x22, 0xf9,
    0x22, 0xf1, 0x22, 0xf1, 0x22, 0xf1, 0x22, 0xf1, 0x22, 0xf1, 0x22, 0xf1,
    0x22, 0xf1, 0x22, 0xf1, 0x22, 0xf1, 0x22, 0xe9, 0x22, 0xf1, 0x22, 0xf1,
    0x22, 0xf1, 0x22, 0xf1, 0x22, 0xf1, 0x22, 0xf1, 0x22, 0xe9, 0x22, 0xf1,
    0x22, 0xe9, 0x22, 0xe9, 0x22, 0xf1, 0x22, 0xf1, 0x02, 0xe9, 0x22, 0xf1,
    0x22, 0xf1, 0x22, 0xf1, 0x22, 0xf1, 0x22, 0xf1, 0x22, 0xe9, 0x42, 0xe9,
    0x42, 0xf1, 0x42, 0xf1, 0x22, 0xf1, 0x22, 0xf1, 0x22, 0xf1, 0x22, 0xf1,
    0x22, 0xf1, 0x22, 0xe9, 0x23, 0xf1, 0x42, 0xf1, 0x42, 0xf1, 0x23, 0xf1,
    0x23, 0xf1, 0x22, 0xf1, 0x22, 0xe9, 0x22, 0xe9, 0x22, 0xf1, 0x43, 0xe9,
    0x22, 0xe9, 0x22, 0xf1, 0x22, 0xf1, 0x43, 0xf1, 0x23, 0xf1, 0x23, 0xf1,
    0x22, 0xf1, 0x22, 0xf1, 0x43, 0xe9, 0xf7, 0xed, 0xbe, 0xff, 0xde, 0xff,
    0xdf, 0xff, 0xde, 0xff, 0xbe, 0xff, 0x47, 0xd2, 0x23, 0xe9, 0x22, 0xf1,
    0x22, 0xf1, 0x22, 0xf1, 0x23, 0xf1, 0x22, 0xf1, 0x43, 0xf1, 0x42, 0xf1,
    0x42, 0xf1, 0x43, 0xe9, 0xea, 0xea, 0x9e, 0xff, 0xbe, 0xff, 0xde, 0xff,
    0xdf, 0xff, 0xbe, 0xf7, 0xda, 0xf6, 0x63, 0xe9, 0x02, 0xf1, 0x02, 0xf9,
    0x22, 0xf1, 0x22, 0xf9, 0x22, 0xf1, 0x42, 0xf1, 0x42, 0xf1, 0x43, 0xf1,
    0x42, 0xf1, 0x22, 0xf1, 0x23, 0xf1, 0x42, 0xf1, 0x22, 0xf1, 0x42, 0xf1,
    0x22, 0xf1, 0x23, 0xf1, 0x22, 0xf1, 0x42, 0xf1, 0x22, 0xf1, 0x22, 0xe9,
    0x22, 0xe9, 0x22, 0xf1, 0x22, 0xe9, 0x22, 0xe9, 0x23, 0xf1, 0x22, 0xf1,
    0x22, 0xf1, 0x22, 0xf1, 0x22, 0xf1, 0x22, 0xf1, 0x22, 0xf1, 0x22, 0xf1,
    0x42, 0xf1, 0x42, 0xf1, 0x42, 0xf1, 0x42, 0xf1, 0x42, 0xf1, 0x42, 0xf1,
    0x42, 0xf1, 0x22, 0xf9, 0x42, 0xf9, 0x22, 0xf1, 0x42, 0xf1, 0x22, 0xf1,
    0x22, 0xf1, 0x23, 0xf1, 0x22, 0xe9, 0x22, 0xf1, 0x22, 0xf1, 0x22, 0xf1,
    0x22, 0xf1, 0x22, 0xf1, 0x02, 0xf1, 0x02, 0xf1, 0x22, 0xf1, 0x22, 0xf1,
    0x42, 0xf1, 0x22, 0xf1, 0x22, 0xf1, 0x22, 0xf1, 0x02, 0xf1, 0x22, 0xf1,
    0x22, 0xe9, 0x22, 0xf1, 0x22, 0xf1, 0x23, 0xe9, 0x43, 0xf1, 0x22, 0xf1,
    0x22, 0xf1, 0x23, 0xe9, 0x22, 0xf1, 0x22, 0xe9, 0x23, 0xf1, 0x22, 0xf1,
    0x22, 0xf1, 0x22, 0xf1, 0x22, 0xe9, 0x22, 0xe9, 0x22, 0xf1, 0x22, 0xf1,
    0x22, 0xf1, 0x22, 0xf1, 0x22, 0xf1, 0x22, 0xf1, 0x22, 0xf1, 0x02, 0xe9,
    0x22, 0xf1, 0x02, 0xf1, 0x22, 0xf1, 0x22, 0xf1, 0x22, 0xf1, 0x22, 0xf1,
    0x22, 0xf1, 0x22, 0xf9, 0x22, 0xf9, 0x02, 0xf1, 0x22, 0xf1, 0x22, 0xf9,
    0x22, 0xf1, 0x22, 0xf1, 0x42, 0xf1, 0x42, 0xf1, 0x22, 0xf1, 0x42, 0xf1,
    0x23, 0xf1, 0x43, 0xe9, 0x22, 0xf1, 0x43, 0xf1, 0x43, 0xf1, 0x42, 0xf1,
    0x43, 0xf1, 0x43, 0xf1, 0x42, 0xf1, 0x23, 0xf1, 0x23, 0xf1, 0x23, 0xf1,
    0x22, 0xf1, 0x22, 0xf1, 0x23, 0xf1, 0x42, 0xf1, 0x22, 0xf1, 0x23, 0xf1,
    0x42, 0xf1, 0x42, 0xf1, 0x43, 0xf1, 0x23, 0xf1, 0x43, 0xf1, 0x43, 0xf1,
    0x22, 0xf1, 0x22, 0xf1, 0x22, 0xf1, 0x22, 0xf1, 0x22, 0xf1, 0x22, 0xf1,
    0x02, 0xf1, 0x02, 0xf1, 0x22, 0xf1, 0x22, 0xf1, 0x02, 0xf9, 0x22, 0xf1,
    0x23, 0xf9, 0x22, 0xf1, 0x23, 0xf1, 0x22, 0xf9, 0x42, 0xf1, 0x23, 0xf9,
    0x23, 0xf1, 0x22, 0xf1, 0x22, 0xf1, 0x22, 0xf1, 0x23, 0xf9, 0x42, 0xf1,
    0x22, 0xf1, 0x22, 0xf1, 0x42, 0xf1, 0x43, 0xf1, 0x43, 0xf1, 0x42, 0xf1,
    0x42, 0xf1, 0x23, 0xf1, 0x42, 0xf1, 0x22, 0xf1, 0x43, 0xf1, 0x43, 0xf1,
    0x42, 0xf1, 0x43, 0xf1, 0x22, 0xf1, 0x22, 0xf1, 0x43, 0xf1, 0x22, 0xf1,
    0x23, 0xf1, 0x42, 0xf1, 0x22, 0xf1, 0x42, 0xf1, 0x42, 0xf1, 0x42, 0xf1,
    0x22, 0xf1, 0x22, 0xf1, 0x43, 0xf1, 0x23, 0xf1, 0x42, 0xf1, 0x22, 0xf1,
    0x23, 0xf1, 0x22, 0xf1, 0x22, 0xf1, 0x22, 0xf1, 0x22, 0xf1, 0x42, 0xf1,
    0x22, 0xf1, 0x22, 0xf1, 0x22, 0xe9, 0x22, 0xf1, 0x22, 0xf1, 0x22, 0xe9,
    0x22, 0xf1, 0x22, 0xf1, 0x22, 0xf1, 0x43, 0xf1, 0x22, 0xf1, 0x22, 0xf1,
    0x42, 0xf1, 0x42, 0xf1, 0x22, 0xf1, 0x22, 0xf1, 0x22, 0xf1, 0x23, 0xf1,
    0x22, 0xf1, 0x23, 0xf1, 0x22, 0xf1, 0x02, 0xf9, 0x22, 0xf1, 0x22, 0xf1,
    0x02, 0xf1, 0x23, 0xf1, 0x22, 0xf1, 0x22, 0xf1, 0x22, 0xf1, 0x23, 0xf9,
    0x22, 0xf9, 0x42, 0xf1, 0x43, 0xf1, 0x43, 0xf1, 0x22, 0xf1, 0x22, 0xf1,
    0x22, 0xf1, 0x22, 0xf1, 0x02, 0xe9, 0x22, 0xf1, 0x21, 0xf1, 0x22, 0xf1,
    0x02, 0xf1, 0x22, 0xf1, 0x23, 0xf1, 0x02, 0xf1, 0x22, 0xf1, 0x22, 0xf1,
    0x22, 0xf1, 0x22, 0xf1, 0x23, 0xf1, 0x22, 0xf1, 0x22, 0xf1, 0x22, 0xf1,
    0x22, 0xf1, 0x22, 0xf1, 0x22, 0xf1, 0x22, 0xf1, 0x22, 0xf1, 0x22, 0xf1,
    0x22, 0xe9, 0x23, 0xf1, 0x22, 0xe9, 0x22, 0xe9, 0x23, 0xf1, 0x22, 0xf1,
    0x22, 0xe9, 0x22, 0xe9, 0x22, 0xf1, 0x22, 0xe9, 0x22, 0xf1, 0x22, 0xf1,
    0x22, 0xf1, 0x02, 0xf1, 0x22, 0xe9, 0x22, 0xf1, 0x22, 0xf1, 0x22, 0xf1,
    0x22, 0xf1, 0x42, 0xe9, 0x42, 0xf1, 0x42, 0xf1, 0x42, 0xf1, 0x22, 0xf1,
    0x23, 0xe9, 0x22, 0xf1, 0x22, 0xf1, 0x23, 0xf1, 0x22, 0xf1, 0x42, 0xe9,
    0x42, 0xf1, 0x43, 0xe9, 0x43, 0xf1, 0x42, 0xf1, 0x22, 0xe9, 0x22, 0xe9,
    0x22, 0xf1, 0x22, 0xf1, 0x22, 0xe9, 0x43, 0xf1, 0x42, 0xf1, 0x22, 0xf1,
    0x22, 0xf1, 0x23, 0xf1, 0x22, 0xf1, 0x23, 0xf1, 0x0a, 0xdb, 0x9e, 0xff,
    0xde, 0xff, 0xde, 0xff, 0xbe, 0xff, 0xbe, 0xff, 0x58, 0xf6, 0x84, 0xe9,
    0x22, 0xf1, 0x23, 0xf1, 0x22, 0xe9, 0x22, 0xf1, 0x23, 0xf1, 0x22, 0xf1,
    0x23, 0xf1, 0x22, 0xf1, 0x42, 0xf1, 0x62, 0xe9, 0x84, 0xe1, 0x37, 0xf6,
    0xbe, 0xff, 0xbf, 0xff, 0xde, 0xff, 0xbe, 0xff, 0x9d, 0xff, 0x0a, 0xdb,
    0x02, 0xf1, 0x02, 0xf9, 0x22, 0xf9, 0x22, 0xf1, 0x23, 0xf1, 0x42, 0xf1,
    0x42, 0xf1, 0x42, 0xf1, 0x42, 0xf1, 0x42, 0xf1, 0x23, 0xf1, 0x22, 0xe9,
    0x23, 0xf1, 0x23, 0xf1, 0x22, 0xe9, 0x23, 0xf1, 0x22, 0xf1, 0x42, 0xe9,
    0x42, 0xf1, 0x22, 0xf1, 0x22, 0xe9, 0x42, 0xe9, 0x22, 0xf1, 0x22, 0xe9,
    0x23, 0xf1, 0x22, 0xf1, 0x42, 0xf1, 0x43, 0xf1, 0x22, 0xf1, 0x22, 0xf1,
    0x23, 0xf1, 0x43, 0xe9, 0x22, 0xf1, 0x22, 0xf1, 0x42, 0xf1, 0x23, 0xf1,
    0x42, 0xf1, 0x42, 0xf1, 0x42, 0xf1, 0x22, 0xf1, 0x42, 0xf9, 0x22, 0xf1,
    0x42, 0xf1, 0x42, 0xf1, 0x22, 0xf1, 0x22, 0xf1, 0x22, 0xf1, 0x22, 0xf1,
    0x22, 0xf1, 0x22, 0xf1, 0x22, 0xf9, 0x22, 0xf1, 0x22, 0xf1, 0x22, 0xf9,
    0x22, 0xf1, 0x42, 0xf1, 0x22, 0xf1, 0x22, 0xf1, 0x22, 0xf1, 0x22, 0xf1,
    0x22, 0xf1, 0x22, 0xf1, 0x22, 0xf1, 0x22, 0xf1, 0x22, 0xf1, 0x43, 0xf1,
    0x43, 0xf1, 0x22, 0xf1, 0x22, 0xf1, 0x22, 0xf1, 0x23, 0xf1, 0x22, 0xe9,
    0x22, 0xf1, 0x22, 0xe9, 0x22, 0xf1, 0x22, 0xf1, 0x22, 0xe9, 0x22, 0xf1,
    0x22, 0xf1, 0x22, 0xf1, 0x22, 0xf1, 0x22, 0xf1, 0x22, 0xf1, 0x22, 0xf1,
    0x22, 0xf1, 0x22, 0xf1, 0x22, 0xf1, 0x22, 0xf1, 0x02, 0xf1, 0x22, 0xf1,
    0x42, 0xf1, 0x23, 0xf1, 0x23, 0xf9, 0x22, 0xf9, 0x22, 0xf1, 0x22, 0xf1,
    0x22, 0xf9, 0x22, 0xf1, 0x42, 0xf1, 0x22, 0xf1, 0x43, 0xf1, 0x23, 0xf1,
    0x22, 0xf1, 0x23, 0xf1, 0x43, 0xf1, 0x42, 0xe9, 0x43, 0xf1, 0x43, 0xf1,
    0x42, 0xf1, 0x43, 0xf1, 0x22, 0xf1, 0x43, 0xf1, 0x43, 0xf1, 0x42, 0xf1,
    0x22, 0xf1, 0x23, 0xf1, 0x22, 0xf1, 0x23, 0xf1, 0x23, 0xf1, 0x22, 0xf1,
    0x42, 0xf1, 0x43, 0xf1, 0x43, 0xf1, 0x42, 0xf1, 0x42, 0xf1, 0x42, 0xf1,
    0x22, 0xf1, 0x22, 0xf1, 0x22, 0xf1, 0x42, 0xf1, 0x43, 0xf1, 0x23, 0xf1,
    0x22, 0xf1, 0x22, 0xf1, 0x22, 0xf1, 0x22, 0xf1, 0x02, 0xf1, 0x23, 0xf1,
    0x22, 0xf1, 0x23, 0xf1, 0x22, 0xf1, 0x43, 0xf1, 0x43, 0xf1, 0x42, 0xf1,
    0x22, 0xf1, 0x23, 0xf9, 0x22, 0xf9, 0x22, 0xf1, 0x22, 0xf1, 0x23, 0xf1,
    0x42, 0xf1, 0x42, 0xf1, 0x42, 0xf1, 0x23, 0xf1, 0x42, 0xf1, 0x42, 0xf1,
    0x22, 0xf1, 0x42, 0xf1, 0x23, 0xf1, 0x42, 0xf1, 0x43, 0xf1, 0x22, 0xf1,
    0x43, 0xf1, 0x43, 0xf1, 0x42, 0xf1, 0x43, 0xf1, 0x43, 0xf1, 0x23, 0xf1,
    0x42, 0xf1, 0x43, 0xf1, 0x42, 0xf1, 0x22, 0xf1, 0x43, 0xf1, 0x42, 0xf1,
    0x42, 0xf1, 0x22, 0xf1, 0x43, 0xf1, 0x42, 0xf1, 0x42, 0xf1, 0x42, 0xf1,
    0x23, 0xf1, 0x23, 0xf1, 0x43, 0xf1, 0x42, 0xf1, 0x22, 0xf1, 0x22, 0xf1,
    0x42, 0xf1, 0x23, 0xf1, 0x43, 0xf1, 0x22, 0xe9, 0x22, 0xf1, 0x43, 0xf1,
    0x23, 0xf1, 0x22, 0xf1, 0x22, 0xe9, 0x23, 0xf1, 0x22, 0xf1, 0x23, 0xf1,
    0x22, 0xf1, 0x23, 0xf1, 0x22, 0xf1, 0x22, 0xf1, 0x22, 0xf1, 0x23, 0xf1,
    0x22, 0xf1, 0x23, 0xf9, 0x23, 0xf9, 0x43, 0xf1, 0x22, 0xf1, 0x22, 0xf9,
    0x23, 0xf9, 0x02, 0xf1, 0x22, 0xf1, 0x22, 0xf1, 0x22, 0xf1, 0x42, 0xf9,
    0x42, 0xf1, 0x23, 0xf9, 0x42, 0xf1, 0x22, 0xf1, 0x22, 0xf1, 0x23, 0xf1,
    0x22, 0xf1, 0x22, 0xf1, 0x23, 0xf1, 0x22, 0xf1, 0x22, 0xf1, 0x22, 0xf1,
    0x22, 0xf1, 0x22, 0xf1, 0x22, 0xf1, 0x22, 0xf1, 0x22, 0xf1, 0x22, 0xf9,
    0x22, 0xf1, 0x22, 0xf1, 0x22, 0xf1, 0x22, 0xf9, 0x22, 0xf1, 0x22, 0xf1,
    0x22, 0xf1, 0x22, 0xf1, 0x22, 0xf1, 0x22, 0xe9, 0x22, 0xf1, 0x42, 0xf1,
    0x43, 0xf1, 0x22, 0xf1, 0x22, 0xf1, 0x22, 0xe9, 0x23, 0xf1, 0x22, 0xf1,
    0x22, 0xf1, 0x22, 0xe9, 0x22, 0xe9, 0x22, 0xf1, 0x22, 0xe9, 0x22, 0xf1,
    0x22, 0xf1, 0x22, 0xf1, 0x22, 0xf1, 0x22, 0xe9, 0x22, 0xf1, 0x22, 0xf1,
    0x22, 0xe9, 0x22, 0xf1, 0x22, 0xf1, 0x42, 0xf1, 0x42, 0xf1, 0x42, 0xf1,
    0x42, 0xf1, 0x42, 0xf1, 0x42, 0xf1, 0x43, 0xf1, 0x22, 0xf1, 0x22, 0xf1,
    0x42, 0xf1, 0x22, 0xf1, 0x22, 0xf1, 0x43, 0xe9, 0x42, 0xf1, 0x22, 0xf1,
    0x22, 0xf1, 0x23, 0xe9, 0x43, 0xf1, 0x43, 0xf1, 0x43, 0xf1, 0x42, 0xf1,
    0x23, 0xf1, 0x42, 0xf1, 0x42, 0xf1, 0x22, 0xf1, 0x22, 0xf1, 0x43, 0xe9,
    0xd6, 0xed, 0xbe, 0xff, 0xdf, 0xff, 0xde, 0xff, 0xbe, 0xff, 0xbe, 0xff,
    0x6c, 0xdb, 0x22, 0xf1, 0x22, 0xf1, 0x42, 0xf1, 0x43, 0xf1, 0x22, 0xf1,
    0x22, 0xf1, 0x43, 0xf1, 0x22, 0xf1, 0x42, 0xf1, 0x42, 0xf1, 0x42, 0xf1,
    0x62, 0xe9, 0x2b, 0xe3, 0xbe, 0xff, 0xbe, 0xff, 0xde, 0xff, 0xbe, 0xff,
    0xbe, 0xff, 0x78, 0xf6, 0x43, 0xe9, 0x02, 0xf9, 0x02, 0xf9, 0x22, 0xf1,
    0x22, 0xf1, 0x23, 0xf1, 0x42, 0xf1, 0x42, 0xf1, 0x42, 0xe9, 0x42, 0xf1,
    0x22, 0xf1, 0x42, 0xf1, 0x22, 0xf1, 0x22, 0xf1, 0x42, 0xf1, 0x42, 0xe9,
    0x22, 0xf1, 0x42, 0xe9, 0x43, 0xf1, 0x42, 0xf1, 0x22, 0xf1, 0x22, 0xe9,
    0x42, 0xf1, 0x22, 0xf1, 0x42, 0xf1, 0x42, 0xf1, 0x42, 0xf1, 0x42, 0xf1,
    0x43, 0xf1, 0x22, 0xf1, 0x42, 0xf1, 0x42, 0xe9, 0x22, 0xf1, 0x42, 0xe9,
    0x43, 0xf1, 0x23, 0xf1, 0x42, 0xf1, 0x42, 0xf1, 0x42, 0xf1, 0x42, 0xf1,
    0x42, 0xf1, 0x42, 0xf1, 0x42, 0xf1, 0x42, 0xf1, 0x43, 0xf1, 0x43, 0xf1,
    0x42, 0xf1, 0x42, 0xf1, 0x23, 0xf1, 0x22, 0xf1, 0x22, 0xf9, 0x22, 0xf1,
    0x22, 0xf1, 0x22, 0xf1, 0x22, 0xf1, 0x42, 0xf1, 0x42, 0xf9, 0x22, 0xf1,
    0x42, 0xf1, 0x22, 0xf1, 0x22, 0xf1, 0x02, 0xf1, 0x22, 0xf1, 0x23, 0xf1,
    0x42, 0xf1, 0x42, 0xf1, 0x23, 0xf1, 0x43, 0xf1, 0x22, 0xf1, 0x22, 0xf1,
    0x22, 0xf1, 0x23, 0xf1, 0x23, 0xf1, 0x23, 0xf1, 0x22, 0xf1, 0x23, 0xf1,
    0x22, 0xe9, 0x22, 0xf1, 0x22, 0xf1, 0x23, 0xe9, 0x22, 0xf1, 0x23, 0xf1,
    0x23, 0xf1, 0x22, 0xf1, 0x22, 0xf1, 0x22, 0xf1, 0x22, 0xf1, 0x22, 0xf1,
    0x22, 0xf1, 0x23, 0xf1, 0x42, 0xf1, 0x42, 0xf1, 0x22, 0xf1, 0x23, 0xf1,
    0x23, 0xf1, 0x23, 0xf1, 0x22, 0xf1, 0x42, 0xf1, 0x43, 0xf1, 0x22, 0xf1,
    0x43, 0xf1, 0x42, 0xf1, 0x23, 0xf1, 0x42, 0xf1, 0x22, 0xf1, 0x42, 0xf1,
    0x42, 0xf1, 0x22, 0xe9, 0x42, 0xf1, 0x43, 0xf1, 0x22, 0xf1, 0x42, 0xf1,
    0x43, 0xf1, 0x43, 0xf1, 0x22, 0xf1, 0x22, 0xf1, 0x22, 0xf1, 0x23, 0xf1,
    0x42, 0xf1, 0x23, 0xf1, 0x43, 0xf1, 0x42, 0xf1, 0x43, 0xf1, 0x42, 0xf1,
    0x43, 0xf1, 0x23, 0xf1, 0x42, 0xf1, 0x42, 0xf1, 0x22, 0xf1, 0x22, 0xf1,
    0x43, 0xf1, 0x22, 0xf1, 0x23, 0xf1, 0x22, 0xf1, 0x23, 0xf1, 0x22, 0xf1,
    0x23, 0xf1, 0x23, 0xf1, 0x22, 0xf1, 0x43, 0xf1, 0x22, 0xf1, 0x22, 0xf1,
    0x43, 0xf1, 0x42, 0xf1, 0x42, 0xf1, 0x22, 0xf9, 0x23, 0xf1, 0x22, 0xf1,
    0x22, 0xf1, 0x22, 0xf1, 0x23, 0xf1, 0x22, 0xf1, 0x23, 0xf1, 0x22, 0xf1,
    0x43, 0xf1, 0x42, 0xf1, 0x42, 0xf1, 0x43, 0xf1, 0x22, 0xf1, 0x42, 0xf1,
    0x43, 0xf1, 0x42, 0xf1, 0x42, 0xf1, 0x43, 0xf1, 0x42, 0xf1, 0x42, 0xf1,
    0x42, 0xf1, 0x43, 0xf1, 0x42, 0xf1, 0x42, 0xf1, 0x42, 0xf1, 0x42, 0xf1,
    0x43, 0xf1, 0x42, 0xf1, 0x42, 0xf1, 0x42, 0xf1, 0x42, 0xf1, 0x42, 0xf1,
    0x42, 0xf1, 0x42, 0xf1, 0x42, 0xf1, 0x42, 0xf1, 0x22, 0xf1, 0x23, 0xf1,
    0x22, 0xf1, 0x42, 0xf1, 0x42, 0xf1, 0x23, 0xf1, 0x43, 0xf1, 0x42, 0xf1,
    0x22, 0xf1, 0x23, 0xe9, 0x22, 0xe9, 0x42, 0xf1, 0x23, 0xf1, 0x22, 0xf1,
    0x22, 0xf1, 0x43, 0xf1, 0x22, 0xf1, 0x23, 0xf1, 0x42, 0xf1, 0x22, 0xf1,
    0x23, 0xf1, 0x22, 0xf1, 0x43, 0xf1, 0x42, 0xf1, 0x22, 0xf1, 0x22, 0xf1,
    0x22, 0xf9, 0x22, 0xf1, 0x23, 0xf1, 0x23, 0xf9, 0x22, 0xf9, 0x22, 0xf1,
    0x22, 0xf9, 0x42, 0xf1, 0x22, 0xf9, 0x42, 0xf9, 0x43, 0xf1, 0x42, 0xf1,
    0x22, 0xf1, 0x42, 0xf1, 0x23, 0xf1, 0x22, 0xf1, 0x42, 0xf1, 0x22, 0xf1,
    0x22, 0xe9, 0x22, 0xf1, 0x22, 0xe9, 0x22, 0xf1, 0x22, 0xf1, 0x22, 0xf1,
    0x42, 0xf1, 0x22, 0xf1, 0x22, 0xf9, 0x22, 0xf9, 0x22, 0xf1, 0x22, 0xf1,
    0x22, 0xf9, 0x22, 0xf1, 0x22, 0xf1, 0x22, 0xf1, 0x23, 0xf1, 0x23, 0xf1,
    0x22, 0xf1, 0x22, 0xf1, 0x23, 0xf1, 0x23, 0xf1, 0x42, 0xf1, 0x42, 0xf1,
    0x42, 0xf1, 0x22, 0xf1, 0x22, 0xf1, 0x22, 0xf1, 0x22, 0xf1, 0x22, 0xf1,
    0x22, 0xe9, 0x22, 0xf1, 0x22, 0xf1, 0x22, 0xe9, 0x22, 0xf1, 0x22, 0xf1,
    0x22, 0xf1, 0x42, 0xf1, 0x42, 0xf1, 0x22, 0xf1, 0x22, 0xe9, 0x42, 0xf1,
    0x42, 0xf1, 0x42, 0xf1, 0x42, 0xf1, 0x42, 0xf1, 0x42, 0xf1, 0x42, 0xf1,
    0x42, 0xf1, 0x42, 0xe9, 0x42, 0xf1, 0x42, 0xe9, 0x22, 0xf1, 0x42, 0xf1,
    0x22, 0xf1, 0x42, 0xf1, 0x22, 0xf1, 0x22, 0xf1, 0x22, 0xe9, 0x42, 0xf1,
    0x42, 0xf1, 0x42, 0xf1, 0x22, 0xf1, 0x43, 0xf1, 0x43, 0xf1, 0x22, 0xf1,
    0x23, 0xf1, 0x28, 0xda, 0x9d, 0xff, 0xde, 0xff, 0xdf, 0xff, 0xbe, 0xff,
    0xbe, 0xff, 0xfb, 0xf6, 0x23, 0xd9, 0x22, 0xf1, 0x22, 0xf1, 0x22, 0xf1,
    0x43, 0xf1, 0x23, 0xf1, 0x42, 0xf1, 0x42, 0xf1, 0x23, 0xf1, 0x42, 0xf1,
    0x42, 0xf1, 0x42, 0xf1, 0x42, 0xe9, 0x84, 0xe1, 0xb9, 0xf6, 0xbe, 0xff,
    0xbe, 0xff, 0xbe, 0xff, 0xde, 0xff, 0xde, 0xff, 0xa8, 0xe2, 0x22, 0xf9,
    0x22, 0xf9, 0x22, 0xf1, 0x23, 0xf9, 0x42, 0xf9, 0x22, 0xf1, 0x42, 0xf1,
    0x42, 0xf1, 0x42, 0xf1, 0x22, 0xe9, 0x42, 0xf1, 0x43, 0xf1, 0x43, 0xf1,
    0x42, 0xf1, 0x43, 0xf1, 0x22, 0xf1, 0x42, 0xf1, 0x22, 0xf1, 0x42, 0xf1,
    0x22, 0xe9, 0x22, 0xe9, 0x22, 0xf1, 0x22, 0xf1, 0x43, 0xf1, 0x42, 0xf1,
    0x42, 0xf1, 0x42, 0xf1, 0x22, 0xf1, 0x42, 0xf1, 0x43, 0xf1, 0x42, 0xf1,
    0x42, 0xf1, 0x42, 0xf1, 0x43, 0xf1, 0x42, 0xf1, 0x42, 0xf1, 0x42, 0xf1,
    0x42, 0xf1, 0x42, 0xf1, 0x42, 0xf1, 0x42, 0xf1, 0x42, 0xf1, 0x42, 0xf1,
    0x43, 0xf1, 0x43, 0xf1, 0x22, 0xf1, 0x42, 0xf1, 0x42, 0xf1, 0x42, 0xf1,
    0x42, 0xf1, 0x22, 0xf9, 0x42, 0xf9, 0x42, 0xf1, 0x22, 0xf1, 0x43, 0xf1,
    0x22, 0xf9, 0x22, 0xf1, 0x22, 0xf1, 0x22, 0xf1, 0x22, 0xf1, 0x22, 0xf1,
    0x42, 0xf1, 0x43, 0xf1, 0x22, 0xf1, 0x22, 0xf1, 0x42, 0xf1, 0x42, 0xf1,
    0x42, 0xf1, 0x43, 0xe9, 0x22, 0xf1, 0x42, 0xf1, 0x42, 0xf1, 0x22, 0xf1,
    0x23, 0xf1, 0x22, 0xf1, 0x22, 0xf1, 0x22, 0xf1, 0x22, 0xe9, 0x22, 0xf1,
    0x22, 0xf1, 0x22, 0xf1, 0x23, 0xf1, 0x22, 0xf1, 0x23, 0xf1, 0x22, 0xf1,
    0x23, 0xf1, 0x43, 0xf1, 0x43, 0xf1, 0x42, 0xf1, 0x42, 0xf1, 0x23, 0xf1,
    0x22, 0xf9, 0x42, 0xf1, 0x22, 0xf1, 0x22, 0xf1, 0x42, 0xf1, 0x42, 0xf1,
    0x43, 0xf1, 0x42, 0xf1, 0x42, 0xf1, 0x43, 0xf1, 0x42, 0xf1, 0x42, 0xf1,
    0x42, 0xf1, 0x43, 0xf1, 0x42, 0xf1, 0x42, 0xf1, 0x42, 0xf1, 0x42, 0xf1,
    0x42, 0xe9, 0x42, 0xf1, 0x43, 0xf1, 0x43, 0xf1, 0x22, 0xf1, 0x43, 0xf1,
    0x43, 0xf1, 0x42, 0xf1, 0x43, 0xf1, 0x42, 0xf1, 0x42, 0xf1, 0x42, 0xf1,
    0x42, 0xf1, 0x42, 0xf1, 0x42, 0xf1, 0x42, 0xf1, 0x43, 0xf1, 0x43, 0xf1,
    0x22, 0xf1, 0x42, 0xf1, 0x42, 0xf1, 0x42, 0xf1, 0x43, 0xf1, 0x43, 0xf1,
    0x22, 0xf1, 0x43, 0xf1, 0x42, 0xf1, 0x42, 0xf1, 0x43, 0xf9, 0x23, 0xf9,
    0x42, 0xf1, 0x22, 0xf1, 0x23, 0xf1, 0x43, 0xf1, 0x22, 0xf1, 0x22, 0xf9,
    0x43, 0xf1, 0x42, 0xf1, 0x22, 0xf1, 0x22, 0xf1, 0x22, 0xf1, 0x23, 0xf1,
    0x43, 0xf1, 0x42, 0xf1, 0x43, 0xf1, 0x42, 0xf1, 0x42, 0xf1, 0x43, 0xf1,
    0x43, 0xf1, 0x42, 0xf1, 0x42, 0xf1, 0x42, 0xf1, 0x43, 0xf1, 0x42, 0xf1,
    0x43, 0xf1, 0x43, 0xf1, 0x42, 0xf1, 0x43, 0xf1, 0x43, 0xf1, 0x42, 0xf1,
    0x42, 0xf1, 0x42, 0xe9, 0x42, 0xf1, 0x42, 0xf1, 0x42, 0xf1, 0x42, 0xf1,
    0x42, 0xf1, 0x42, 0xf1, 0x42, 0xf1, 0x42, 0xf1, 0x22, 0xf1, 0x42, 0xf1,
    0x43, 0xf1, 0x22, 0xf1, 0x42, 0xf1, 0x42, 0xf1, 0x22, 0xf1, 0x23, 0xf1,
    0x22, 0xf1, 0x42, 0xf1, 0x42, 0xf1, 0x42, 0xf1, 0x42, 0xf1, 0x42, 0xf1,
    0x22, 0xf1, 0x23, 0xf1, 0x22, 0xf1, 0x22, 0xf1, 0x42, 0xf1, 0x22, 0xf1,
    0x42, 0xf1, 0x22, 0xf1, 0x22, 0xf1, 0x42, 0xf1, 0x43, 0xf1, 0x22, 0xf1,
    0x42, 0xf1, 0x42, 0xf1, 0x22, 0xf1, 0x22, 0xf1, 0x23, 0xf1, 0x22, 0xf1,
    0x22, 0xf1, 0x42, 0xf1, 0x22, 0xf1, 0x42, 0xf9, 0x42, 0xf9, 0x42, 0xf1,
    0x42, 0xf1, 0x22, 0xf9, 0x42, 0xf1, 0x42, 0xf1, 0x43, 0xf1, 0x42, 0xf1,
    0x22, 0xf1, 0x22, 0xf1, 0x23, 0xf1, 0x22, 0xf1, 0x22, 0xf1, 0x22, 0xf1,
    0x22, 0xf1, 0x22, 0xf1, 0x22, 0xf1, 0x22, 0xf1, 0x42, 0xf1, 0x22, 0xf1,
    0x22, 0xf9, 0x22, 0xf1, 0x22, 0xf1, 0x22, 0xf1, 0x22, 0xf1, 0x22, 0xf1,
    0x43, 0xf1, 0x22, 0xf1, 0x22, 0xe9, 0x22, 0xf1, 0x22, 0xf1, 0x42, 0xe9,
    0x42, 0xf1, 0x42, 0xf1, 0x22, 0xe9, 0x22, 0xe9, 0x23, 0xf1, 0x22, 0xf1,
    0x22, 0xf1, 0x22, 0xf1, 0x22, 0xe9, 0x22, 0xf1, 0x22, 0xf1, 0x22, 0xe9,
    0x22, 0xf1, 0x42, 0xf1, 0x42, 0xf1, 0x22, 0xf1, 0x22, 0xf1, 0x42, 0xf1,
    0x42, 0xf1, 0x42, 0xf1, 0x42, 0xf1, 0x42, 0xf1, 0x42, 0xe9, 0x42, 0xf1,
    0x42, 0xf1, 0x42, 0xf1, 0x42, 0xf1, 0x42, 0xf1, 0x42, 0xf1, 0x42, 0xf1,
    0x42, 0xf1, 0x42, 0xe9, 0x22, 0xe9, 0x22, 0xe9, 0x22, 0xf1, 0x22, 0xf1,
    0x42, 0xe9, 0x43, 0xf1, 0x42, 0xf1, 0x42, 0xf1, 0x22, 0xf1, 0x22, 0xf1,
    0x42, 0xf9, 0x22, 0xf1, 0x43, 0xe9, 0x13, 0xed, 0xdf, 0xff, 0xde, 0xff,
    0xdf, 0xff, 0xde, 0xff, 0xdf, 0xff, 0x0f, 0xe4, 0x22, 0xf1, 0x22, 0xf1,
    0x22, 0xf1, 0x42, 0xf1, 0x42, 0xf1, 0x22, 0xf1, 0x23, 0xf1, 0x43, 0xf1,
    0x42, 0xf1, 0x42, 0xf1, 0x42, 0xf1, 0x42, 0xf1, 0x42, 0xf1, 0x42, 0xe9,
    0xee, 0xdb, 0x9e, 0xff, 0xbe, 0xff, 0xbe, 0xff, 0xbe, 0xff, 0xbf, 0xff,
    0x33, 0xed, 0x43, 0xf1, 0x22, 0xf9, 0x22, 0xf1, 0x22, 0xf9, 0x42, 0xf9,
    0x42, 0xf1, 0x42, 0xf1, 0x42, 0xf1, 0x42, 0xf1, 0x42, 0xf1, 0x22, 0xe9,
    0x22, 0xf1, 0x22, 0xf1, 0x43, 0xf1, 0x42, 0xf1, 0x42, 0xf1, 0x42, 0xe9,
    0x42, 0xf1, 0x42, 0xf1, 0x42, 0xf1, 0x42, 0xf1, 0x43, 0xf1, 0x42, 0xe9,
    0x42, 0xf1, 0x42, 0xf1, 0x42, 0xf1, 0x22, 0xf1, 0x23, 0xe9, 0x42, 0xf1,
    0x42, 0xf1, 0x43, 0xf1, 0x42, 0xf1, 0x42, 0xf1, 0x42, 0xf1, 0x22, 0xe9,
    0x42, 0xf1, 0x42, 0xf1, 0x42, 0xf1, 0x42, 0xf1, 0x42, 0xf1, 0x42, 0xf1,
    0x42, 0xf1, 0x42, 0xf1, 0x43, 0xf1, 0x43, 0xf1, 0x23, 0xf1, 0x23, 0xf1,
    0x42, 0xf1, 0x22, 0xf1, 0x42, 0xf1, 0x22, 0xf1, 0x42, 0xf9, 0x42, 0xf1,
    0x22, 0xf1, 0x43, 0xf1, 0x42, 0xf1, 0x43, 0xf1, 0x22, 0xf1, 0x42, 0xf1,
    0x23, 0xf1, 0x22, 0xf1, 0x42, 0xf1, 0x42, 0xf1, 0x22, 0xf1, 0x22, 0xf1,
    0x22, 0xf1, 0x22, 0xf1, 0x22, 0xf1, 0x42, 0xf1, 0x22, 0xf1, 0x22, 0xf1,
    0x22, 0xf1, 0x22, 0xf1, 0x42, 0xf1, 0x43, 0xf1, 0x23, 0xf1, 0x22, 0xe9,
    0x22, 0xf1, 0x22, 0xf1, 0x02, 0xe9, 0x22, 0xf1, 0x22, 0xf1, 0x22, 0xf1,
    0x42, 0xf1, 0x22, 0xf1, 0x22, 0xf1, 0x42, 0xf1, 0x42, 0xf1, 0x43, 0xf1,
    0x43, 0xf1, 0x43, 0xf1, 0x42, 0xf1, 0x42, 0xf9, 0x42, 0xf1, 0x42, 0xf1,
    0x43, 0xf1, 0x23, 0xf1, 0x42, 0xf1, 0x42, 0xf1, 0x43, 0xf1, 0x43, 0xf1,
    0x42, 0xf1, 0x42, 0xf1, 0x43, 0xf1, 0x43, 0xf1, 0x42, 0xf1, 0x42, 0xf1,
    0x42, 0xf1, 0x43, 0xf1, 0x42, 0xf1, 0x42, 0xf1, 0x42, 0xf1, 0x42, 0xf1,
    0x23, 0xf1, 0x23, 0xf1, 0x42, 0xf1, 0x43, 0xf1, 0x42, 0xf1, 0x42, 0xf1,
    0x43, 0xf1, 0x43, 0xf1, 0x42, 0xf1, 0x43, 0xf1, 0x42, 0xf1, 0x42, 0xf1,
    0x23, 0xf1, 0x22, 0xf1, 0x42, 0xf1, 0x23, 0xf1, 0x42, 0xf1, 0x42, 0xf1,
    0x23, 0xf1, 0x22, 0xf1, 0x42, 0xf1, 0x23, 0xf1, 0x23, 0xf1, 0x42, 0xf1,
    0x43, 0xf1, 0x43, 0xf1, 0x43, 0xf1, 0x42, 0xf1, 0x43, 0xf1, 0x23, 0xf1,
    0x42, 0xf1, 0x22, 0xf9, 0x22, 0xf1, 0x42, 0xf1, 0x22, 0xf1, 0x22, 0xf1,
    0x43, 0xf1, 0x42, 0xf1, 0x43, 0xf1, 0x43, 0xf1, 0x42, 0xf1, 0x42, 0xf1,
    0x43, 0xf1, 0x42, 0xf1, 0x42, 0xf1, 0x42, 0xf1, 0x22, 0xf1, 0x42, 0xf1,
    0x43, 0xf1, 0x43, 0xf1, 0x42, 0xf1, 0x43, 0xf1, 0x42, 0xf1, 0x42, 0xf1,
    0x43, 0xf1, 0x42, 0xf1, 0x43, 0xf1, 0x42, 0xf1, 0x42, 0xf1, 0x42, 0xf1,
    0x42, 0xf1, 0x42, 0xf1, 0x42, 0xf1, 0x22, 0xf9, 0x42, 0xf9, 0x42, 0xf1,
    0x42, 0xf1, 0x42, 0xf1, 0x42, 0xf1, 0x42, 0xf1, 0x43, 0xf1, 0x42, 0xf1,
    0x42, 0xf1, 0x42, 0xf1, 0x42, 0xf1, 0x42, 0xf1, 0x42, 0xf1, 0x42, 0xe9,
    0x43, 0xf1, 0x42, 0xf1, 0x42, 0xe9, 0x43, 0xf1, 0x43, 0xf1, 0x42, 0xf1,
    0x42, 0xf1, 0x42, 0xf1, 0x42, 0xf1, 0x43, 0xf1, 0x22, 0xf1, 0x42, 0xf1,
    0x23, 0xf1, 0x42, 0xf1, 0x42, 0xf1, 0x42, 0xf1, 0x43, 0xf1, 0x23, 0xf9,
    0x22, 0xf1, 0x22, 0xf1, 0x42, 0xf9, 0x42, 0xf1, 0x42, 0xf1, 0x42, 0xf9,
    0x42, 0xf1, 0x42, 0xf9, 0x42, 0xf1, 0x22, 0xf9, 0x42, 0xf9, 0x42, 0xf1,
    0x22, 0xf1, 0x42, 0xf1, 0x42, 0xf1, 0x42, 0xf1, 0x43, 0xf1, 0x43, 0xf1,
    0x42, 0xf1, 0x22, 0xf1, 0x42, 0xf1, 0x42, 0xf1, 0x42, 0xf1, 0x42, 0xf1,
    0x42, 0xf1, 0x42, 0xf1, 0x42, 0xf1, 0x22, 0xf1, 0x22, 0xf9, 0x22, 0xf1,
    0x22, 0xf1, 0x42, 0xf1, 0x42, 0xf1, 0x42, 0xf1, 0x42, 0xf1, 0x42, 0xf1,
    0x42, 0xf1, 0x42, 0xf1, 0x42, 0xf1, 0x42, 0xf1, 0x42, 0xf1, 0x42, 0xf1,
    0x23, 0xf1, 0x23, 0xf1, 0x22, 0xe9, 0x22, 0xf1, 0x22, 0xf1, 0x22, 0xf1,
    0x22, 0xf1, 0x22, 0xf1, 0x22, 0xf1, 0x22, 0xf1, 0x22, 0xf1, 0x42, 0xf1,
    0x42, 0xf1, 0x42, 0xf1, 0x42, 0xf1, 0x22, 0xf1, 0x42, 0xf1, 0x42, 0xf1,
    0x42, 0xf1, 0x42, 0xf1, 0x42, 0xf1, 0x42, 0xf1, 0x42, 0xf1, 0x42, 0xf1,
    0x43, 0xf1, 0x42, 0xf1, 0x42, 0xf1, 0x42, 0xf1, 0x22, 0xf1, 0x22, 0xe9,
    0x23, 0xf1, 0x22, 0xf1, 0x22, 0xf1, 0x23, 0xf1, 0x22, 0xf1, 0x22, 0xf1,
    0x43, 0xf1, 0x22, 0xf1, 0x22, 0xf1, 0x22, 0xf1, 0x06, 0xe2, 0x3c, 0xff,
    0xde, 0xff, 0xde, 0xff, 0xdf, 0xff, 0xdf, 0xff, 0x9d, 0xff, 0xe5, 0xd9,
    0x22, 0xf1, 0x22, 0xf1, 0x42, 0xf1, 0x42, 0xf9, 0x43, 0xf1, 0x23, 0xe1,
    0x23, 0xd1, 0x64, 0xd1, 0x63, 0xd1, 0x63, 0xe1, 0x42, 0xf1, 0x42, 0xf1,
    0x42, 0xe9, 0x42, 0xe9, 0xc5, 0xe1, 0xda, 0xf6, 0xbe, 0xff, 0xbe, 0xff,
    0xbf, 0xff, 0xbe, 0xff, 0x5c, 0xff, 0xc4, 0xd9, 0x02, 0xf1, 0x22, 0xf9,
    0x22, 0xf1, 0x42, 0xf9, 0x42, 0xf1, 0x42, 0xf1, 0x42, 0xf1, 0x42, 0xf1,
    0x42, 0xf1, 0x42, 0xf1, 0x42, 0xf1, 0x42, 0xf1, 0x42, 0xf1, 0x42, 0xe9,
    0x42, 0xf1, 0x42, 0xf1, 0x42, 0xf1, 0x43, 0xf1, 0x42, 0xf1, 0x42, 0xf1,
    0x42, 0xf1, 0x42, 0xf1, 0x42, 0xf1, 0x42, 0xf1, 0x42, 0xf1, 0x22, 0xf1,
    0x43, 0xf1, 0x42, 0xe9, 0x42, 0xf1, 0x42, 0xf1, 0x42, 0xf1, 0x42, 0xf1,
    0x42, 0xf1, 0x43, 0xf1, 0x42, 0xf1, 0x42, 0xf1, 0x42, 0xf1, 0x42, 0xf1,
    0x42, 0xf1, 0x42, 0xf1, 0x42, 0xf1, 0x42, 0xf1, 0x42, 0xf1, 0x42, 0xf1,
    0x42, 0xf1, 0x42, 0xf1, 0x42, 0xf1, 0x22, 0xf1, 0x42, 0xf9, 0x22, 0xf1,
    0x22, 0xf1, 0x42, 0xf1, 0x22, 0xf9, 0x22, 0xf1, 0x42, 0xf1, 0x22, 0xf1,
    0x43, 0xf1, 0x42, 0xf1, 0x22, 0xf1, 0x22, 0xf1, 0x42, 0xf1, 0x42, 0xf1,
    0x42, 0xf1, 0x42, 0xf1, 0x22, 0xf1, 0x22, 0xf1, 0x22, 0xf1, 0x42, 0xf1,
    0x43, 0xf1, 0x43, 0xf1, 0x42, 0xf1, 0x22, 0xf1, 0x42, 0xf1, 0x42, 0xf1,
    0x22, 0xf1, 0x43, 0xf1, 0x22, 0xf1, 0x22, 0xf1, 0x23, 0xf1, 0x23, 0xf1,
    0x22, 0xf1, 0x22, 0xe9, 0x43, 0xf1, 0x22, 0xe9, 0x22, 0xf1, 0x42, 0xf1,
    0x42, 0xf1, 0x43, 0xf1, 0x42, 0xf1, 0x43, 0xf1, 0x42, 0xf1, 0x42, 0xf1,
    0x43, 0xf1, 0x43, 0xf1, 0x42, 0xf1, 0x42, 0xf1, 0x42, 0xf1, 0x22, 0xf1,
    0x23, 0xf1, 0x42, 0xf1, 0x42, 0xf1, 0x43, 0xf1, 0x63, 0xf1, 0x42, 0xf1,
    0x43, 0xf1, 0x43, 0xf1, 0x42, 0xf1, 0x42, 0xf1, 0x42, 0xf1, 0x42, 0xf1,
    0x43, 0xe9, 0x43, 0xf1, 0x22, 0xf1, 0x22, 0xf1, 0x42, 0xf1, 0x43, 0xf1,
    0x43, 0xf1, 0x42, 0xf1, 0x63, 0xf1, 0x62, 0xf1, 0x42, 0xf1, 0x43, 0xf1,
    0x42, 0xf1, 0x42, 0xf1, 0x43, 0xf1, 0x42, 0xf1, 0x22, 0xf1, 0x43, 0xf1,
    0x42, 0xf1, 0x42, 0xf1, 0x43, 0xf1, 0x43, 0xf1, 0x43, 0xf1, 0x43, 0xf1,
    0x22, 0xf1, 0x43, 0xf1, 0x42, 0xf1, 0x43, 0xf1, 0x43, 0xf1, 0x22, 0xf1,
    0x22, 0xf1, 0x43, 0xf1, 0x22, 0xf1, 0x43, 0xf1, 0x23, 0xf1, 0x22, 0xf1,
    0x22, 0xf1, 0x22, 0xf1, 0x22, 0xf1, 0x43, 0xf1, 0x42, 0xf1, 0x42, 0xf1,
    0x42, 0xf1, 0x43, 0xf1, 0x42, 0xf1, 0x42, 0xf1, 0x42, 0xf1, 0x43, 0xf1,
    0x22, 0xf1, 0x22, 0xf1, 0x43, 0xf1, 0x43, 0xf1, 0x42, 0xf1, 0x42, 0xf1,
    0x43, 0xf1, 0x43, 0xf1, 0x43, 0xf1, 0x42, 0xf1, 0x42, 0xf1, 0x23, 0xf1,
    0x43, 0xf1, 0x42, 0xf1, 0x22, 0xf1, 0x42, 0xf1, 0x22, 0xf9, 0x22, 0xf1,
    0x22, 0xf1, 0x22, 0xf1, 0x42, 0xf1, 0x22, 0xf1, 0x42, 0xf1, 0x42, 0xf1,
    0x22, 0xf1, 0x22, 0xf1, 0x42, 0xf1, 0x42, 0xf1, 0x42, 0xf1, 0x42, 0xf1,
    0x42, 0xf1, 0x42, 0xf1, 0x43, 0xf1, 0x42, 0xf1, 0x42, 0xf1, 0x42, 0xf1,
    0x42, 0xf1, 0x23, 0xf1, 0x23, 0xe9, 0x42, 0xf1, 0x22, 0xf1, 0x42, 0xe9,
    0x42, 0xf1, 0x22, 0xe9, 0x23, 0xf1, 0x22, 0xf1, 0x22, 0xf1, 0x22, 0xf1,
    0x23, 0xf1, 0x23, 0xf9, 0x22, 0xf9, 0x42, 0xf1, 0x22, 0xf9, 0x22, 0xf9,
    0x42, 0xf9, 0x42, 0xf9, 0x22, 0xf1, 0x43, 0xf1, 0x22, 0xf1, 0x42, 0xf9,
    0x22, 0xf1, 0x22, 0xf9, 0x22, 0xf1, 0x22, 0xf1, 0x42, 0xf1, 0x42, 0xf1,
    0x42, 0xf1, 0x42, 0xf1, 0x22, 0xf1, 0x42, 0xf1, 0x22, 0xf1, 0x42, 0xf1,
    0x42, 0xf1, 0x42, 0xf1, 0x42, 0xf1, 0x22, 0xf1, 0x22, 0xf1, 0x22, 0xf9,
    0x22, 0xf1, 0x22, 0xf1, 0x22, 0xf1, 0x42, 0xf1, 0x22, 0xf1, 0x22, 0xf1,
    0x22, 0xf1, 0x22, 0xf1, 0x22, 0xf1, 0x22, 0xf1, 0x42, 0xf1, 0x42, 0xf1,
    0x43, 0xf1, 0x42, 0xf1, 0x22, 0xf1, 0x23, 0xf1, 0x22, 0xe9, 0x22, 0xf1,
    0x22, 0xf1, 0x22, 0xe9, 0x22, 0xf1, 0x22, 0xf1, 0x42, 0xf1, 0x22, 0xf1,
    0x22, 0xf1, 0x42, 0xf1, 0x42, 0xf1, 0x42, 0xf1, 0x42, 0xf1, 0x42, 0xf1,
    0x42, 0xf1, 0x42, 0xf1, 0x42, 0xf1, 0x42, 0xf1, 0x42, 0xf1, 0x42, 0xf1,
    0x42, 0xf1, 0x42, 0xf1, 0x42, 0xf1, 0x42, 0xf1, 0x42, 0xf1, 0x42, 0xf1,
    0x22, 0xf1, 0x22, 0xf1, 0x22, 0xf1, 0x23, 0xe9, 0x22, 0xf1, 0x22, 0xf1,
    0x22, 0xf1, 0x22, 0xf1, 0x22, 0xf1, 0x22, 0xf1, 0x22, 0xf1, 0x42, 0xf1,
    0xcd, 0xd3, 0xdf, 0xff, 0xdf, 0xff, 0xde, 0xff, 0xde, 0xff, 0xdf, 0xff,
    0xd1, 0xe4, 0x42, 0xe9, 0x22, 0xf1, 0x22, 0xf1, 0x22, 0xf1, 0x85, 0xe9,
    0xb2, 0xec, 0x5c, 0xff, 0x9d, 0xff, 0x9d, 0xff, 0x9c, 0xff, 0x1b, 0xff,
    0x0a, 0xe3, 0x63, 0xe9, 0x42, 0xf1, 0x42, 0xe9, 0x42, 0xe9, 0x13, 0xed,
    0x9e, 0xff, 0xbe, 0xff, 0xbe, 0xff, 0xbe, 0xff, 0xbe, 0xff, 0x31, 0xed,
    0x23, 0xf1, 0x22, 0xf9, 0x42, 0xf9, 0x42, 0xf1, 0x42, 0xf1, 0x22, 0xf9,
    0x42, 0xf1, 0x42, 0xf1, 0x42, 0xf1, 0x42, 0xf1, 0x42, 0xf1, 0x42, 0xf1,
    0x42, 0xf1, 0x42, 0xf1, 0x42, 0xf1, 0x42, 0xf1, 0x42, 0xf1, 0x42, 0xe9,
    0x42, 0xf1, 0x22, 0xe9, 0x42, 0xf1, 0x42, 0xf1, 0x22, 0xf1, 0x22, 0xf1,
    0x22, 0xf1, 0x22, 0xf1, 0x42, 0xf1, 0x42, 0xf1, 0x42, 0xf1, 0x42, 0xf1,
    0x43, 0xf1, 0x42, 0xf1, 0x42, 0xf1, 0x42, 0xf1, 0x42, 0xf1, 0x42, 0xf1,
    0x42, 0xf1, 0x42, 0xf1, 0x42, 0xf1, 0x42, 0xf1, 0x42, 0xf1, 0x42, 0xf1,
    0x42, 0xf1, 0x42, 0xf1, 0x42, 0xf1, 0x42, 0xf1, 0x42, 0xf1, 0x43, 0xf9,
    0x42, 0xf9, 0x42, 0xf9, 0x22, 0xf1, 0x42, 0xf1, 0x22, 0xf9, 0x42, 0xf9,
    0x42, 0xf1, 0x23, 0xf1, 0x43, 0xf1, 0x22, 0xf1, 0x22, 0xf1, 0x22, 0xf1,
    0x42, 0xf1, 0x22, 0xf1, 0x22, 0xf1, 0x42, 0xf1, 0x42, 0xf9, 0x22, 0xf9,
    0x22, 0xf1, 0x22, 0xf1, 0x22, 0xf1, 0x43, 0xf1, 0x22, 0xf1, 0x22, 0xf1,
    0x42, 0xf1, 0x22, 0xf1, 0x42, 0xf1, 0x22, 0xf1, 0x23, 0xf1, 0x42, 0xf1,
    0x22, 0xf1, 0x42, 0xf1, 0x22, 0xf1, 0x23, 0xf1, 0x22, 0xf1, 0x22, 0xf1,
    0x23, 0xf1, 0x23, 0xf1, 0x43, 0xf1, 0x42, 0xf1, 0x42, 0xf1, 0x43, 0xf1,
    0x42, 0xf1, 0x42, 0xf1, 0x43, 0xf1, 0x62, 0xf1, 0x42, 0xf9, 0x42, 0xf1,
    0x42, 0xf1, 0x23, 0xf1, 0x43, 0xf1, 0x42, 0xf1, 0x42, 0xf1, 0x42, 0xf1,
    0x63, 0xf1, 0x42, 0xf1, 0x42, 0xf1, 0x43, 0xf1, 0x42, 0xf1, 0x42, 0xe9,
    0x43, 0xf1, 0x42, 0xf1, 0x43, 0xf1, 0x22, 0xe9, 0x22, 0xf1, 0x22, 0xf1,
    0x42, 0xf1, 0x43, 0xf1, 0x42, 0xf1, 0x62, 0xf1, 0x43, 0xf1, 0x62, 0xf1,
    0x42, 0xf1, 0x43, 0xf1, 0x42, 0xf1, 0x42, 0xf1, 0x42, 0xf1, 0x43, 0xf1,
    0x22, 0xf1, 0x42, 0xf1, 0x43, 0xf1, 0x23, 0xf1, 0x22, 0xf1, 0x22, 0xf1,
    0x43, 0xf1, 0x42, 0xf1, 0x42, 0xf1, 0x23, 0xf1, 0x43, 0xf1, 0x22, 0xf1,
    0x42, 0xf1, 0x43, 0xf1, 0x23, 0xf1, 0x42, 0xf1, 0x22, 0xf1, 0x43, 0xf1,
    0x23, 0xf1, 0x42, 0xf1, 0x22, 0xf1, 0x22, 0xf1, 0x22, 0xf1, 0x42, 0xf1,
    0x43, 0xf1, 0x42, 0xf1, 0x43, 0xf1, 0x42, 0xf1, 0x43, 0xf1, 0x43, 0xf1,
    0x42, 0xf1, 0x42, 0xf1, 0x43, 0xf1, 0x22, 0xf1, 0x23, 0xf1, 0x22, 0xf1,
    0x23, 0xf1, 0x22, 0xf1, 0x22, 0xf1, 0x42, 0xf1, 0x42, 0xf1, 0x42, 0xf1,
    0x42, 0xf1, 0x22, 0xf1, 0x42, 0xf1, 0x42, 0xf1, 0x42, 0xf1, 0x42, 0xf1,
    0x42, 0xf1, 0x22, 0xf9, 0x42, 0xf1, 0x42, 0xf1, 0x42, 0xf1, 0x42, 0xf1,
    0x42, 0xf1, 0x42, 0xf1, 0x22, 0xf1, 0x42, 0xf1, 0x42, 0xf1, 0x42, 0xf1,
    0x42, 0xf1, 0x42, 0xf1, 0x42, 0xf1, 0x42, 0xf1, 0x42, 0xf1, 0x42, 0xf1,
    0x42, 0xf1, 0x42, 0xf1, 0x42, 0xf1, 0x42, 0xf1, 0x42, 0xf1, 0x42, 0xf1,
    0x22, 0xe9, 0x42, 0xf1, 0x42, 0xf1, 0x42, 0xf1, 0x23, 0xf1, 0x23, 0xf1,
    0x22, 0xf1, 0x42, 0xf1, 0x22, 0xf1, 0x22, 0xf1, 0x42, 0xf1, 0x42, 0xf1,
    0x22, 0xf1, 0x42, 0xf1, 0x43, 0xf1, 0x42, 0xf9, 0x42, 0xf9, 0x22, 0xf1,
    0x42, 0xf9, 0x43, 0xf9, 0x42, 0xf9, 0x22, 0xf1, 0x22, 0xf1, 0x22, 0xf9,
    0x42, 0xf1, 0x22, 0xf1, 0x42, 0xf1, 0x42, 0xf1, 0x22, 0xf1, 0x22, 0xf1,
    0x22, 0xf1, 0x42, 0xf1, 0x42, 0xf1, 0x22, 0xf1, 0x22, 0xf1, 0x22, 0xf1,
    0x22, 0xf1, 0x22, 0xf1, 0x22, 0xf1, 0x22, 0xf1, 0x22, 0xf1, 0x22, 0xf1,
    0x42, 0xf1, 0x22, 0xf1, 0x42, 0xf1, 0x42, 0xe9, 0x42, 0xe9, 0x42, 0xf1,
    0x22, 0xf1, 0x42, 0xf1, 0x42, 0xf1, 0x42, 0xf1, 0x42, 0xe9, 0x42, 0xf1,
    0x22, 0xf1, 0x22, 0xf1, 0x22, 0xf1, 0x22, 0xf1, 0x42, 0xf1, 0x42, 0xf1,
    0x42, 0xf1, 0x22, 0xf1, 0x22, 0xf1, 0x22, 0xf1, 0x42, 0xf1, 0x42, 0xf1,
    0x22, 0xf1, 0x42, 0xf1, 0x42, 0xf1, 0x62, 0xf1, 0x42, 0xf1, 0x42, 0xf1,
    0x42, 0xf1, 0x42, 0xf1, 0x62, 0xf1, 0x42, 0xf1, 0x42, 0xf1, 0x42, 0xf1,
    0x22, 0xf1, 0x42, 0xf1, 0x42, 0xf1, 0x42, 0xf1, 0x22, 0xf1, 0x22, 0xf1,
    0x42, 0xf1, 0x22, 0xf1, 0x22, 0xf1, 0x22, 0xf1, 0x42, 0xf1, 0x22, 0xf1,
    0x42, 0xf1, 0xa5, 0xe1, 0x3c, 0xff, 0xbe, 0xff, 0xdf, 0xff, 0xde, 0xff,
    0xbe, 0xff, 0x7d, 0xff, 0x67, 0xe2, 0x42, 0xf1, 0x22, 0xf1, 0x22, 0xf9,
    0x43, 0xf1, 0xb2, 0xf4, 0xbf, 0xff, 0xdf, 0xff, 0xdf, 0xff, 0xbe, 0xff,
    0xbe, 0xf7, 0x9e, 0xf7, 0x5c, 0xf7, 0x67, 0xea, 0x42, 0xf1, 0x42, 0xe9,
    0x42, 0xe9, 0x47, 0xe2, 0x5c, 0xff, 0xbe, 0xff, 0xbe, 0xff, 0xbe, 0xff,
    0xbe, 0xff, 0xfb, 0xf6, 0xa4, 0xe9, 0x22, 0xf1, 0x42, 0xf1, 0x42, 0xf9,
    0x42, 0xf1, 0x42, 0xf1, 0x43, 0xf1, 0x42, 0xf1, 0x42, 0xf1, 0x42, 0xf1,
    0x42, 0xf1, 0x42, 0xf1, 0x22, 0xf1, 0x42, 0xf1, 0x42, 0xf1, 0x42, 0xf1,
    0x42, 0xf1, 0x42, 0xf1, 0x42, 0xf1, 0x42, 0xf1, 0x42, 0xf1, 0x42, 0xf1,
    0x42, 0xf1, 0x42, 0xf1, 0x22, 0xf1, 0x42, 0xf1, 0x42, 0xf1, 0x42, 0xf1,
    0x42, 0xf1, 0x42, 0xe9, 0x42, 0xf1, 0x62, 0xf1, 0x42, 0xe9, 0x42, 0xf1,
    0x42, 0xf1, 0x42, 0xf1, 0x42, 0xf1, 0x42, 0xf1, 0x42, 0xf1, 0x42, 0xf1,
    0x42, 0xf1, 0x42, 0xf1, 0x42, 0xf1, 0x42, 0xf1, 0x42, 0xf1, 0x42, 0xf1,
    0x42, 0xf1, 0x42, 0xf1, 0x42, 0xf1, 0x42, 0xf1, 0x42, 0xf1, 0x42, 0xf1,
    0x22, 0xf9, 0x42, 0xf1, 0x42, 0xf1, 0x22, 0xf1, 0x22, 0xf1, 0x42, 0xf1,
    0x22, 0xf1, 0x42, 0xf1, 0x22, 0xf1, 0x22, 0xf1, 0x22, 0xf1, 0x22, 0xf1,
    0x42, 0xf1, 0x22, 0xf1, 0x22, 0xf9, 0x42, 0xf1, 0x22, 0xf1, 0x22, 0xf1,
    0x22, 0xf1, 0x22, 0xf1, 0x22, 0xf1, 0x22, 0xf1, 0x22, 0xf1, 0x22, 0xf1,
    0x22, 0xf1, 0x22, 0xf1, 0x22, 0xf1, 0x42, 0xf1, 0x42, 0xf1, 0x23, 0xf1,
    0x22, 0xe9, 0x22, 0xf1, 0x22, 0xf1, 0x42, 0xf1, 0x42, 0xf1, 0x42, 0xf1,
    0x42, 0xf1, 0x43, 0xf1, 0x42, 0xf1, 0x42, 0xf1, 0x42, 0xf1, 0x42, 0xf9,
    0x42, 0xf1, 0x42, 0xf9, 0x42, 0xf1, 0x42, 0xf1, 0x22, 0xf1, 0x42, 0xf1,
    0x43, 0xf1, 0x42, 0xf1, 0x42, 0xf1, 0x43, 0xf1, 0x42, 0xf1, 0x23, 0xf1,
    0x42, 0xf1, 0x42, 0xf1, 0x43, 0xf1, 0x42, 0xf1, 0x42, 0xf1, 0x43, 0xf1,
    0x22, 0xf1, 0x43, 0xf1, 0x42, 0xf1, 0x42, 0xf1, 0x42, 0xf1, 0x42, 0xf1,
    0x43, 0xf1, 0x42, 0xf1, 0x42, 0xf1, 0x63, 0xf1, 0x63, 0xf1, 0x62, 0xf1,
    0x42, 0xf1, 0x42, 0xf1, 0x23, 0xf1, 0x43, 0xf1, 0x42, 0xf1, 0x42, 0xf1,
    0x23, 0xf1, 0x42, 0xf1, 0x42, 0xf1, 0x43, 0xf1, 0x22, 0xf1, 0x43, 0xf1,
    0x22, 0xf1, 0x42, 0xf1, 0x42, 0xf1, 0x42, 0xf1, 0x42, 0xf1, 0x22, 0xf1,
    0x23, 0xf1, 0x43, 0xf1, 0x42, 0xf1, 0x42, 0xf1, 0x22, 0xf1, 0x22, 0xf1,
    0x42, 0xf1, 0x42, 0xf1, 0x42, 0xf1, 0x42, 0xf1, 0x43, 0xf9, 0x42, 0xf1,
    0x42, 0xf1, 0x42, 0xf1, 0x42, 0xf1, 0x42, 0xf1, 0x42, 0xf1, 0x42, 0xf1,
    0x43, 0xf1, 0x42, 0xf1, 0x42, 0xf1, 0x42, 0xf1, 0x42, 0xf1, 0x42, 0xf1,
    0x42, 0xf1, 0x42, 0xf1, 0x43, 0xf1, 0x42, 0xf1, 0x42, 0xf1, 0x42, 0xf1,
    0x42, 0xf1, 0x42, 0xf1, 0x42, 0xf1, 0x42, 0xf1, 0x42, 0xf1, 0x42, 0xf1,
    0x42, 0xf1, 0x42, 0xf1, 0x42, 0xf1, 0x22, 0xf1, 0x22, 0xf1, 0x22, 0xf1,
    0x22, 0xf1, 0x22, 0xf1, 0x22, 0xf1, 0x42, 0xf1, 0x42, 0xf1, 0x42, 0xf1,
    0x42, 0xf1, 0x42, 0xf1, 0x42, 0xf1, 0x42, 0xf1, 0x42, 0xf1, 0x42, 0xe9,
    0x42, 0xf1, 0x43, 0xf1, 0x43, 0xf1, 0x42, 0xf1, 0x43, 0xf1, 0x42, 0xf1,
    0x43, 0xf1, 0x42, 0xf1, 0x43, 0xf1, 0x42, 0xf1, 0x42, 0xf1, 0x42, 0xf1,
    0x22, 0xf9, 0x42, 0xf9, 0x42, 0xf1, 0x42, 0xf1, 0x43, 0xf1, 0x42, 0xf1,
    0x42, 0xf9, 0x42, 0xf9, 0x42, 0xf1, 0x42, 0xf9, 0x42, 0xf9, 0x22, 0xf1,
    0x22, 0xf1, 0x22, 0xf9, 0x42, 0xf1, 0x22, 0xf1, 0x42, 0xf9, 0x42, 0xf1,
    0x42, 0xf1, 0x22, 0xf1, 0x42, 0xf1, 0x42, 0xf1, 0x42, 0xf1, 0x42, 0xf1,
    0x22, 0xf1, 0x42, 0xf9, 0x42, 0xf9, 0x42, 0xf1, 0x22, 0xf9, 0x42, 0xf1,
    0x42, 0xf1, 0x22, 0xf1, 0x42, 0xf1, 0x42, 0xf1, 0x42, 0xf1, 0x42, 0xf1,
    0x42, 0xf1, 0x42, 0xf1, 0x42, 0xf1, 0x42, 0xf1, 0x42, 0xf1, 0x22, 0xf1,
    0x42, 0xf1, 0x22, 0xf1, 0x22, 0xf1, 0x22, 0xf1, 0x22, 0xf1, 0x22, 0xf1,
    0x42, 0xf1, 0x42, 0xf1, 0x42, 0xf1, 0x22, 0xf1, 0x22, 0xf1, 0x42, 0xf1,
    0x22, 0xf1, 0x22, 0xf1, 0x42, 0xf1, 0x42, 0xf1, 0x42, 0xf1, 0x42, 0xf1,
    0x42, 0xf1, 0x42, 0xf1, 0x62, 0xf1, 0x42, 0xf1, 0x42, 0xf1, 0x42, 0xf1,
    0x42, 0xf1, 0x42, 0xf1, 0x42, 0xf1, 0x22, 0xf1, 0x42, 0xf1, 0x42, 0xf1,
    0x42, 0xf1, 0x42, 0xf1, 0x42, 0xf1, 0x42, 0xf1, 0x22, 0xf1, 0x22, 0xf1,
    0x42, 0xf1, 0x42, 0xf1, 0x42, 0xf1, 0x8d, 0xdb, 0xbe, 0xff, 0xde, 0xff,
    0xde, 0xff, 0xdf, 0xff, 0xbf, 0xff, 0xd6, 0xed, 0x63, 0xe9, 0x42, 0xf1,
    0x22, 0xf1, 0x22, 0xf1, 0x63, 0xf1, 0x99, 0xf6, 0xde, 0xff, 0xde, 0xff,
    0xbf, 0xff, 0xbf, 0xff, 0xbe, 0xff, 0xbe, 0xff, 0x9e, 0xf7, 0x6b, 0xe3,
    0x42, 0xf1, 0x42, 0xf1, 0x42, 0xf1, 0x62, 0xe9, 0x95, 0xed, 0xbe, 0xff,
    0xbe, 0xff, 0xbe, 0xff, 0xbe, 0xff, 0xbe, 0xff, 0xed, 0xe3, 0x42, 0xf1,
    0x42, 0xf9, 0x22, 0xf9, 0x42, 0xf9, 0x42, 0xf1, 0x42, 0xf1, 0x42, 0xf1,
    0x42, 0xf1, 0x42, 0xf1, 0x42, 0xf1, 0x42, 0xf1, 0x42, 0xf1, 0x42, 0xf1,
    0x42, 0xf1, 0x42, 0xf1, 0x42, 0xf1, 0x42, 0xf1, 0x42, 0xf1, 0x42, 0xf1,
    0x42, 0xe9, 0x42, 0xf1, 0x42, 0xf1, 0x42, 0xf1, 0x42, 0xf1, 0x42, 0xf1,
    0x42, 0xf1, 0x42, 0xf1, 0x42, 0xf1, 0x42, 0xf1, 0x42, 0xf1, 0x42, 0xf1,
    0x42, 0xf1, 0x42, 0xf1, 0x42, 0xf1, 0x42, 0xf1, 0x42, 0xf1, 0x42, 0xf1,
    0x42, 0xf1, 0x42, 0xf1, 0x42, 0xf1, 0x42, 0xf1, 0x42, 0xf1, 0x42, 0xf1,
    0x42, 0xf1, 0x42, 0xf1, 0x42, 0xf1, 0x42, 0xf1, 0x42, 0xf1, 0x42, 0xf1,
    0x22, 0xf9, 0x42, 0xf1, 0x42, 0xf1, 0x42, 0xf1, 0x42, 0xf1, 0x22, 0xf1,
    0x42, 0xf1, 0x42, 0xf1, 0x22, 0xf1, 0x42, 0xf1, 0x42, 0xf1, 0x42, 0xf1,
    0x42, 0xf9, 0x42, 0xf9, 0x22, 0xf1, 0x22, 0xf1, 0x22, 0xf1, 0x42, 0xf9,
    0x42, 0xf9, 0x42, 0xf1, 0x22, 0xf1, 0x22, 0xf1, 0x22, 0xf1, 0x22, 0xf1,
    0x22, 0xf1, 0x22, 0xf1, 0x22, 0xf1, 0x22, 0xf1, 0x42, 0xf1, 0x22, 0xf1,
    0x42, 0xf1, 0x42, 0xf1, 0x42, 0xf1, 0x42, 0xf1, 0x22, 0xe9, 0x42, 0xf1,
    0x42, 0xf1, 0x42, 0xf1, 0x42, 0xf1, 0x42, 0xf9, 0x42, 0xf1, 0x42, 0xf1,
    0x42, 0xf9, 0x42, 0xf1, 0x42, 0xf9, 0x22, 0xf1, 0x42, 0xf1, 0x42, 0xf1,
    0x42, 0xf1, 0x42, 0xf1, 0x42, 0xf1, 0x42, 0xf1, 0x63, 0xf1, 0x43, 0xf1,
    0x43, 0xf1, 0x22, 0xf1, 0x42, 0xf1, 0x43, 0xf1, 0x42, 0xf1, 0x42, 0xf1,
    0x43, 0xf1, 0x43, 0xf1, 0x42, 0xf1, 0x42, 0xf1, 0x23, 0xf1, 0x43, 0xf1,
    0x42, 0xf1, 0x43, 0xf1, 0x42, 0xf1, 0x43, 0xf1, 0x42, 0xf1, 0x63, 0xf1,
    0x42, 0xf1, 0x62, 0xf1, 0x42, 0xf1, 0x42, 0xf1, 0x42, 0xf1, 0x43, 0xf1,
    0x22, 0xf1, 0x43, 0xf1, 0x43, 0xf1, 0x42, 0xf1, 0x42, 0xf1, 0x43, 0xf1,
    0x43, 0xf1, 0x42, 0xf1, 0x22, 0xf1, 0x42, 0xf1, 0x43, 0xf1, 0x42, 0xf1,
    0x23, 0xf1, 0x43, 0xf1, 0x42, 0xf1, 0x22, 0xf1, 0x43, 0xf1, 0x42, 0xf1,
    0x21, 0xf1, 0x22, 0xf1, 0x42, 0xf1, 0x42, 0xf1, 0x42, 0xf1, 0x42, 0xf1,
    0x43, 0xf9, 0x43, 0xf1, 0x62, 0xf1, 0x63, 0xf1, 0x62, 0xf1, 0x42, 0xf1,
    0x43, 0xf1, 0x42, 0xf1, 0x42, 0xf1, 0x42, 0xf1, 0x42, 0xf1, 0x43, 0xf1,
    0x42, 0xf1, 0x42, 0xf1, 0x42, 0xf1, 0x42, 0xf1, 0x43, 0xf1, 0x42, 0xf1,
    0x42, 0xf1, 0x42, 0xf1, 0x42, 0xf1, 0x63, 0xf1, 0x42, 0xf1, 0x62, 0xf1,
    0x43, 0xf1, 0x42, 0xf1, 0x42, 0xf1, 0x42, 0xf1, 0x42, 0xf1, 0x22, 0xf1,
    0x22, 0xf1, 0x22, 0xf1, 0x42, 0xf1, 0x22, 0xf1, 0x42, 0xf1, 0x42, 0xf1,
    0x42, 0xf1, 0x42, 0xf1, 0x42, 0xf1, 0x42, 0xf1, 0x42, 0xf1, 0x42, 0xf1,
    0x42, 0xf1, 0x42, 0xf1, 0x42, 0xf1, 0x42, 0xf1, 0x42, 0xf1, 0x42, 0xf1,
    0x42, 0xf1, 0x42, 0xf1, 0x43, 0xf1, 0x42, 0xf1, 0x42, 0xf1, 0x42, 0xf1,
    0x42, 0xf1, 0x22, 0xf1, 0x22, 0xf1, 0x22, 0xf9, 0x42, 0xf9, 0x63, 0xf1,
    0x42, 0xf1, 0x42, 0xf1, 0x42, 0xf9, 0x43, 0xf1, 0x42, 0xf1, 0x42, 0xf1,
    0x42, 0xf1, 0x42, 0xf1, 0x42, 0xf9, 0x42, 0xf1, 0x42, 0xf9, 0x22, 0xf9,
    0x22, 0xf1, 0x42, 0xf9, 0x42, 0xf9, 0x42, 0xf9, 0x42, 0xf1, 0x42, 0xf1,
    0x42, 0xf1, 0x42, 0xf1, 0x42, 0xf1, 0x22, 0xf9, 0x42, 0xf9, 0x42, 0xf1,
    0x22, 0xf1, 0x42, 0xf1, 0x42, 0xf1, 0x42, 0xf1, 0x22, 0xf1, 0x22, 0xf1,
    0x41, 0xf1, 0x42, 0xf1, 0x42, 0xf1, 0x42, 0xf1, 0x42, 0xf1, 0x42, 0xf1,
    0x42, 0xf1, 0x42, 0xf1, 0x42, 0xf1, 0x42, 0xf1, 0x22, 0xf1, 0x22, 0xf1,
    0x22, 0xf1, 0x22, 0xf1, 0x22, 0xf1, 0x42, 0xf1, 0x42, 0xf1, 0x42, 0xf1,
    0x42, 0xf9, 0x42, 0xf9, 0x22, 0xf1, 0x42, 0xf1, 0x42, 0xf1, 0x42, 0xf1,
    0x62, 0xf1, 0x62, 0xf1, 0x42, 0xf1, 0x62, 0xf9, 0x62, 0xf1, 0x62, 0xf1,
    0x42, 0xf1, 0x42, 0xf9, 0x42, 0xf9, 0x42, 0xf1, 0x42, 0xf1, 0x42, 0xf1,
    0x42, 0xf1, 0x42, 0xf1, 0x42, 0xf1, 0x42, 0xf1, 0x42, 0xf1, 0x22, 0xf1,
    0x42, 0xf1, 0x42, 0xf1, 0x22, 0xf1, 0x42, 0xf1, 0x43, 0xe1, 0x99, 0xf6,
    0xde, 0xff, 0xbf, 0xff, 0xde, 0xff, 0xbe, 0xff, 0xde, 0xf7, 0x67, 0xd2,
    0x22, 0xe9, 0x42, 0xf1, 0x42, 0xf1, 0x42, 0xf1, 0x84, 0xf1, 0xda, 0xf6,
    0xbe, 0xff, 0xde, 0xff, 0xdf, 0xff, 0xbf, 0xff, 0xdf, 0xff, 0xbe, 0xff,
    0xbe, 0xff, 0x8c, 0xe3, 0x42, 0xf1, 0x42, 0xf1, 0x42, 0xf1, 0x42, 0xe9,
    0x2b, 0xeb, 0xbe, 0xff, 0xbe, 0xff, 0xde, 0xff, 0xde, 0xff, 0xbe, 0xf7,
    0xba, 0xf6, 0x83, 0xe9, 0x42, 0xf1, 0x42, 0xf9, 0x42, 0xf1, 0x42, 0xf1,
    0x42, 0xf1, 0x42, 0xf1, 0x42, 0xf1, 0x62, 0xf1, 0x42, 0xf1, 0x42, 0xf1,
    0x42, 0xe9, 0x42, 0xf1, 0x42, 0xf1, 0x42, 0xe9, 0x42, 0xf1, 0x42, 0xf1,
    0x42, 0xf1, 0x42, 0xe9, 0x22, 0xf1, 0x42, 0xf1, 0x42, 0xf1, 0x62, 0xf1,
    0x62, 0xf1, 0x42, 0xf1, 0x62, 0xf1, 0x42, 0xf1, 0x42, 0xf1, 0x42, 0xf1,
    0x42, 0xf1, 0x42, 0xf1, 0x42, 0xf1, 0x42, 0xf1, 0x42, 0xf1, 0x63, 0xf1,
    0x42, 0xf1, 0x62, 0xf1, 0x42, 0xf1, 0x42, 0xf1, 0x42, 0xf1, 0x42, 0xf1,
    0x22, 0xf1, 0x42, 0xf1, 0x42, 0xf1, 0x42, 0xf1, 0x22, 0xf9, 0x42, 0xf1,
    0x42, 0xf1, 0x42, 0xf9, 0x22, 0xf1, 0x42, 0xf1, 0x42, 0xf1, 0x42, 0xf1,
    0x42, 0xf1, 0x42, 0xf1, 0x42, 0xf1, 0x22, 0xf1, 0x22, 0xf1, 0x42, 0xf1,
    0x42, 0xf9, 0x43, 0xf9, 0x42, 0xf9, 0x22, 0xf1, 0x42, 0xf9, 0x42, 0xf1,
    0x22, 0xf1, 0x42, 0xf9, 0x42, 0xf9, 0x42, 0xf9, 0x42, 0xf1, 0x22, 0xf1,
    0x22, 0xf1, 0x22, 0xf1, 0x22, 0xf1, 0x22, 0xf1, 0x22, 0xf1, 0x42, 0xf1,
    0x42, 0xf1, 0x42, 0xf1, 0x42, 0xf1, 0x42, 0xf1, 0x42, 0xf1, 0x42, 0xf1,
    0x43, 0xf1, 0x42, 0xf1, 0x42, 0xf1, 0x42, 0xf1, 0x42, 0xf1, 0x42, 0xf1,
    0x42, 0xf1, 0x42, 0xf9, 0x42, 0xf1, 0x42, 0xf1, 0x42, 0xf1, 0x42, 0xf9,
    0x42, 0xf1, 0x42, 0xf1, 0x42, 0xf1, 0x42, 0xf1, 0x42, 0xf1, 0x42, 0xf1,
    0x62, 0xf1, 0x43, 0xf1, 0x43, 0xf1, 0x42, 0xf1, 0x42, 0xf1, 0x43, 0xf1,
    0x42, 0xf1, 0x42, 0xf1, 0x63, 0xf1, 0x62, 0xf1, 0x43, 0xf1, 0x42, 0xf1,
    0x23, 0xf1, 0x42, 0xf1, 0x42, 0xf1, 0x43, 0xf1, 0x42, 0xf1, 0x42, 0xf1,
    0x43, 0xf1, 0x42, 0xf1, 0x63, 0xf1, 0x42, 0xf1, 0x62, 0xf1, 0x43, 0xf1,
    0x42, 0xf1, 0x43, 0xf9, 0x22, 0xf1, 0x42, 0xf1, 0x43, 0xf1, 0x63, 0xf1,
    0x42, 0xf1, 0x42, 0xf1, 0x63, 0xf1, 0x43, 0xf1, 0x43, 0xf1, 0x42, 0xf1,
    0x42, 0xf1, 0x22, 0xf1, 0x23, 0xf1, 0x43, 0xf1, 0x22, 0xf1, 0x22, 0xf1,
    0x43, 0xf1, 0x62, 0xf1, 0x22, 0xf1, 0x42, 0xf1, 0x42, 0xf1, 0x42, 0xf1,
    0x62, 0xf1, 0x42, 0xf1, 0x43, 0xf1, 0x62, 0xf1, 0x62, 0xf1, 0x62, 0xf1,
    0x42, 0xf1, 0x62, 0xf1, 0x62, 0xf1, 0x42, 0xf1, 0x42, 0xf1, 0x42, 0xf1,
    0x42, 0xf1, 0x43, 0xf1, 0x42, 0xf1, 0x42, 0xf1, 0x43, 0xf1, 0x42, 0xf1,
    0x42, 0xf1, 0x62, 0xf1, 0x42, 0xf1, 0x42, 0xf1, 0x63, 0xf1, 0x62, 0xf1,
    0x42, 0xf1, 0x62, 0xf1, 0x62, 0xf1, 0x63, 0xf1, 0x62, 0xf1, 0x62, 0xf9,
    0x42, 0xf1, 0x42, 0xf1, 0x42, 0xf1, 0x42, 0xf1, 0x42, 0xf1, 0x42, 0xf1,
    0x42, 0xf1, 0x42, 0xf1, 0x42, 0xf1, 0x42, 0xf1, 0x42, 0xf1, 0x42, 0xf1,
    0x42, 0xf1, 0x42, 0xf1, 0x42, 0xf1, 0x42, 0xf1, 0x42, 0xf1, 0x42, 0xf1,
    0x42, 0xf1, 0x43, 0xf1, 0x42, 0xf1, 0x42, 0xf1, 0x42, 0xf1, 0x42, 0xf1,
    0x42, 0xf1, 0x42, 0xf1, 0x42, 0xf1, 0x22, 0xf1, 0x22, 0xf1, 0x42, 0xf1,
    0x62, 0xf1, 0x62, 0xf1, 0x62, 0xf1, 0x42, 0xf9, 0x42, 0xf9, 0x42, 0xf1,
    0x62, 0xf1, 0x42, 0xf1, 0x42, 0xf1, 0x42, 0xf1, 0x42, 0xf9, 0x42, 0xf1,
    0x42, 0xf1, 0x42, 0xf1, 0x42, 0xf1, 0x42, 0xf1, 0x42, 0xf1, 0x42, 0xf1,
    0x42, 0xf1, 0x42, 0xf1, 0x42, 0xf1, 0x42, 0xf1, 0x42, 0xf1, 0x42, 0xf1,
    0x42, 0xf1, 0x42, 0xf1, 0x22, 0xf1, 0x42, 0xf1, 0x42, 0xf1, 0x42, 0xf1,
    0x42, 0xf1, 0x41, 0xf1, 0x42, 0xf1, 0x42, 0xf1, 0x42, 0xf1, 0x42, 0xf1,
    0x42, 0xf1, 0x42, 0xf1, 0x42, 0xf1, 0x42, 0xf1, 0x42, 0xf1, 0x42, 0xf1,
    0x42, 0xf1, 0x22, 0xf1, 0x22, 0xf1, 0x22, 0xf1, 0x22, 0xf9, 0x42, 0xf1,
    0x42, 0xf1, 0x42, 0xf1, 0x42, 0xf1, 0x22, 0xf1, 0x42, 0xf1, 0x42, 0xf1,
    0x42, 0xf1, 0x42, 0xf1, 0x62, 0xf1, 0x42, 0xf1, 0x42, 0xf1, 0x62, 0xf1,
    0x62, 0xf9, 0x62, 0xf9, 0x42, 0xf1, 0x42, 0xf1, 0x42, 0xf1, 0x42, 0xf1,
    0x42, 0xf1, 0x42, 0xf1, 0x42, 0xf1, 0x42, 0xf1, 0x42, 0xf1, 0x42, 0xf1,
    0x42, 0xf1, 0x42, 0xf1, 0x42, 0xf1, 0x42, 0xf1, 0x42, 0xf1, 0x42, 0xf1,
    0x0a, 0xdb, 0xde, 0xff, 0xde, 0xff, 0xbe, 0xff, 0xdf, 0xff, 0xbe, 0xff,
    0x99, 0xf6, 0xa3, 0xe1, 0x22, 0xf1, 0x42, 0xf1, 0x42, 0xf1, 0x42, 0xf1,
    0x83, 0xe9, 0x9a, 0xf6, 0xbe, 0xff, 0xde, 0xff, 0xde, 0xff, 0xde, 0xff,
    0xdf, 0xff, 0xbf, 0xff, 0xbe, 0xf7, 0x8c, 0xe3, 0x62, 0xf1, 0x62, 0xf1,
    0x42, 0xf1, 0x42, 0xe9, 0x63, 0xe1, 0x99, 0xf6, 0xbe, 0xff, 0xbe, 0xff,
    0xde, 0xff, 0xbe, 0xff, 0x9d, 0xff, 0xe9, 0xe2, 0x42, 0xf1, 0x42, 0xf1,
    0x42, 0xf1, 0x42, 0xf1, 0x62, 0xf1, 0x42, 0xf1, 0x62, 0xf1, 0x62, 0xf1,
    0x42, 0xf1, 0x42, 0xf1, 0x42, 0xf1, 0x42, 0xf1, 0x42, 0xf1, 0x42, 0xf1,
    0x42, 0xf1, 0x42, 0xf1, 0x42, 0xf1, 0x42, 0xf1, 0x42, 0xf1, 0x42, 0xf1,
    0x42, 0xf1, 0x62, 0xf1, 0x42, 0xf1, 0x62, 0xf1, 0x62, 0xf1, 0x42, 0xf1,
    0x42, 0xf1, 0x42, 0xf1, 0x42, 0xf1, 0x42, 0xf1, 0x42, 0xf1, 0x42, 0xf1,
    0x62, 0xf1, 0x42, 0xf1, 0x42, 0xf1, 0x62, 0xf1, 0x42, 0xf1, 0x42, 0xf1,
    0x42, 0xf1, 0x42, 0xf1, 0x42, 0xf1, 0x42, 0xf1, 0x42, 0xf1, 0x42, 0xf1,
    0x42, 0xf1, 0x42, 0xf1, 0x42, 0xf1, 0x42, 0xf1, 0x42, 0xf1, 0x42, 0xf1,
    0x42, 0xf1, 0x42, 0xf1, 0x42, 0xf1, 0x42, 0xf1, 0x42, 0xf1, 0x42, 0xf1,
    0x42, 0xf1, 0x42, 0xf1, 0x22, 0xf1, 0x22, 0xf1, 0x42, 0xf1, 0x42, 0xf9,
    0x42, 0xf9, 0x42, 0xf1, 0x42, 0xf1, 0x42, 0xf1, 0x42, 0xf1, 0x42, 0xf1,
    0x42, 0xf9, 0x42, 0xf1, 0x42, 0xf1, 0x41, 0xf1, 0x42, 0xf1, 0x22, 0xf1,
    0x42, 0xf1, 0x42, 0xf1, 0x42, 0xf1, 0x42, 0xf1, 0x42, 0xf1, 0x42, 0xf1,
    0x42, 0xf1, 0x42, 0xf1, 0x22, 0xf1, 0x42, 0xf1, 0x42, 0xf1, 0x42, 0xf1,
    0x42, 0xf1, 0x42, 0xf1, 0x42, 0xf1, 0x42, 0xf1, 0x43, 0xf1, 0x42, 0xf1,
    0x42, 0xf1, 0x42, 0xf1, 0x42, 0xf1, 0x42, 0xf1, 0x42, 0xf1, 0x42, 0xf1,
    0x42, 0xf1, 0x42, 0xf1, 0x42, 0xf9, 0x42, 0xf9, 0x43, 0xf1, 0x42, 0xf1,
    0x42, 0xf1, 0x42, 0xf1, 0x43, 0xf1, 0x42, 0xf1, 0x42, 0xf1, 0x63, 0xf1,
    0x42, 0xf1, 0x42, 0xf1, 0x42, 0xf1, 0x42, 0xf1, 0x42, 0xf1, 0x42, 0xf1,
    0x43, 0xf1, 0x62, 0xf1, 0x42, 0xf1, 0x62, 0xf1, 0x62, 0xf1, 0x42, 0xf1,
    0x63, 0xf1, 0x62, 0xf1, 0x62, 0xf1, 0x42, 0xf1, 0x42, 0xf1, 0x42, 0xf1,
    0x42, 0xf1, 0x63, 0xf1, 0x42, 0xf1, 0x42, 0xf1, 0x62, 0xf1, 0x42, 0xf1,
    0x42, 0xf1, 0x43, 0xf1, 0x42, 0xf1, 0x42, 0xf1, 0x22, 0xf1, 0x23, 0xf1,
    0x42, 0xf1, 0x42, 0xf1, 0x42, 0xf1, 0x42, 0xf1, 0x22, 0xf1, 0x42, 0xf1,
    0x42, 0xf1, 0x42, 0xf1, 0x42, 0xf1, 0x62, 0xf1, 0x62, 0xf9, 0x42, 0xf1,
    0x63, 0xf9, 0x62, 0xf1, 0x42, 0xf1, 0x43, 0xf1, 0x62, 0xf1, 0x43, 0xf1,
    0x42, 0xf1, 0x62, 0xf1, 0x43, 0xf1, 0x42, 0xf1, 0x42, 0xf1, 0x62, 0xf1,
    0x42, 0xf1, 0x42, 0xf1, 0x42, 0xf1, 0x63, 0xf1, 0x62, 0xf1, 0x62, 0xf1,
    0x42, 0xf1, 0x42, 0xf1, 0x42, 0xf1, 0x42, 0xf1, 0x62, 0xf9, 0x62, 0xf1,
    0x62, 0xf1, 0x62, 0xf1, 0x42, 0xf1, 0x42, 0xf1, 0x42, 0xf1, 0x42, 0xf1,
    0x42, 0xf1, 0x42, 0xf1, 0x42, 0xf1, 0x42, 0xf1, 0x42, 0xf1, 0x42, 0xf1,
    0x42, 0xf1, 0x42, 0xf1, 0x42, 0xf1, 0x42, 0xf1, 0x42, 0xf1, 0x42, 0xf1,
    0x42, 0xf1, 0x42, 0xf1, 0x43, 0xf1, 0x42, 0xf1, 0x42, 0xe9, 0x62, 0xf1,
    0x42, 0xf1, 0x42, 0xf1, 0x42, 0xf1, 0x42, 0xf1, 0x42, 0xf1, 0x42, 0xf1,
    0x42, 0xf1, 0x42, 0xf1, 0x42, 0xf1, 0x42, 0xf1, 0x62, 0xf1, 0x62, 0xf9,
    0x42, 0xf9, 0x42, 0xf1, 0x62, 0xf9, 0x42, 0xf9, 0x42, 0xf1, 0x42, 0xf1,
    0x42, 0xf9, 0x42, 0xf9, 0x42, 0xf1, 0x62, 0xf1, 0x42, 0xf1, 0x62, 0xf1,
    0x42, 0xf1, 0x42, 0xf9, 0x42, 0xf1, 0x42, 0xf1, 0x62, 0xf1, 0x42, 0xf9,
    0x42, 0xf1, 0x42, 0xf1, 0x42, 0xf1, 0x42, 0xf1, 0x42, 0xf1, 0x21, 0xf1,
    0x22, 0xf1, 0x42, 0xf1, 0x42, 0xf1, 0x41, 0xf1, 0x42, 0xf1, 0x42, 0xf1,
    0x42, 0xf1, 0x42, 0xf1, 0x62, 0xf1, 0x42, 0xf1, 0x42, 0xf1, 0x42, 0xf1,
    0x42, 0xf1, 0x42, 0xf1, 0x42, 0xf1, 0x42, 0xf1, 0x22, 0xf1, 0x42, 0xf9,
    0x42, 0xf1, 0x42, 0xf1, 0x42, 0xf1, 0x42, 0xf1, 0x42, 0xf1, 0x42, 0xf1,
    0x42, 0xf9, 0x42, 0xf9, 0x42, 0xf1, 0x42, 0xf1, 0x62, 0xf9, 0x42, 0xf1,
    0x42, 0xf9, 0x62, 0xf1, 0x62, 0xf9, 0x42, 0xf9, 0x62, 0xf1, 0x62, 0xf1,
    0x62, 0xf1, 0x42, 0xf1, 0x42, 0xf1, 0x42, 0xf1, 0x42, 0xf1, 0x62, 0xf1,
    0x42, 0xf1, 0x42, 0xf1, 0x42, 0xf1, 0x42, 0xf1, 0x42, 0xf1, 0x42, 0xf1,
    0x42, 0xf1, 0xa4, 0xe9, 0x16, 0xee, 0xbe, 0xff, 0xbf, 0xff, 0xde, 0xff,
    0xdf, 0xff, 0xbe, 0xff, 0x8c, 0xdb, 0x42, 0xe9, 0x22, 0xf1, 0x42, 0xf1,
    0x42, 0xf1, 0x42, 0xf1, 0x83, 0xe9, 0x79, 0xf6, 0xde, 0xff, 0xde, 0xff,
    0xdf, 0xff, 0xde, 0xff, 0xbf, 0xff, 0xdf, 0xff, 0xde, 0xff, 0x8b, 0xeb,
    0x62, 0xf1, 0x62, 0xf1, 0x62, 0xf1, 0x62, 0xf1, 0x62, 0xe9, 0x8c, 0xe3,
    0xbe, 0xff, 0xdf, 0xff, 0xbe, 0xff, 0xde, 0xff, 0xbe, 0xff, 0xf6, 0xed,
    0x42, 0xe9, 0x42, 0xf9, 0x42, 0xf1, 0x42, 0xf1, 0x42, 0xf1, 0x42, 0xf1,
    0x62, 0xf1, 0x62, 0xf1, 0x62, 0xf1, 0x63, 0xf1, 0x62, 0xf1, 0x62, 0xf1,
    0x62, 0xf1, 0x42, 0xf1, 0x62, 0xf1, 0x42, 0xf1, 0x42, 0xf1, 0x62, 0xf1,
    0x62, 0xf1, 0x62, 0xf1, 0x62, 0xf1, 0x62, 0xf1, 0x42, 0xf1, 0x42, 0xf1,
    0x62, 0xf1, 0x62, 0xf1, 0x42, 0xf1, 0x62, 0xf1, 0x62, 0xf1, 0x62, 0xf1,
    0x42, 0xf1, 0x42, 0xf1, 0x42, 0xf1, 0x42, 0xf1, 0x42, 0xf1, 0x42, 0xf1,
    0x42, 0xf1, 0x42, 0xf1, 0x42, 0xf1, 0x43, 0xf1, 0x42, 0xf1, 0x42, 0xf1,
    0x62, 0xf1, 0x62, 0xf1, 0x42, 0xf1, 0x62, 0xf1, 0x62, 0xf1, 0x42, 0xf1,
    0x42, 0xf1, 0x42, 0xf1, 0x42, 0xf1, 0x22, 0xf1, 0x42, 0xf1, 0x42, 0xf1,
    0x42, 0xf1, 0x42, 0xf1, 0x42, 0xf1, 0x42, 0xf1, 0x42, 0xf1, 0x42, 0xf1,
    0x42, 0xf1, 0x42, 0xf9, 0x42, 0xf9, 0x42, 0xf1, 0x42, 0xf9, 0x42, 0xf1,
    0x42, 0xf1, 0x42, 0xf9, 0x42, 0xf9, 0x42, 0xf1, 0x42, 0xf1, 0x42, 0xf1,
    0x42, 0xf1, 0x42, 0xf1, 0x41, 0xf1, 0x42, 0xf1, 0x42, 0xf1, 0x41, 0xf1,
    0x42, 0xf1, 0x42, 0xf1, 0x42, 0xf1, 0x42, 0xf1, 0x42, 0xf1, 0x42, 0xf1,
    0x42, 0xf1, 0x42, 0xf1, 0x43, 0xf1, 0x42, 0xf1, 0x42, 0xf1, 0x42, 0xf1,
    0x42, 0xf1, 0x42, 0xf1, 0x42, 0xf1, 0x42, 0xf1, 0x42, 0xf1, 0x62, 0xf1,
    0x62, 0xf1, 0x42, 0xf1, 0x42, 0xf1, 0x42, 0xf1, 0x63, 0xf1, 0x62, 0xf1,
    0x63, 0xf1, 0x62, 0xf1, 0x42, 0xf1, 0x43, 0xf1, 0x62, 0xf1, 0x42, 0xf1,
    0x42, 0xf1, 0x63, 0xf1, 0x63, 0xf1, 0x42, 0xf1, 0x62, 0xf1, 0x42, 0xf1,
    0x42, 0xf1, 0x42, 0xf1, 0x43, 0xf1, 0x42, 0xf1, 0x42, 0xf1, 0x43, 0xf1,
    0x62, 0xf1, 0x62, 0xf1, 0x42, 0xf1, 0x62, 0xf1, 0x42, 0xf1, 0x63, 0xf1,
    0x63, 0xf1, 0x62, 0xf1, 0x43, 0xf1, 0x62, 0xf1, 0x42, 0xf1, 0x43, 0xf1,
    0x62, 0xf1, 0x42, 0xf1, 0x42, 0xf1, 0x42, 0xf1, 0x43, 0xf1, 0x42, 0xf1,
    0x43, 0xf1, 0x42, 0xf1, 0x22, 0xf1, 0x42, 0xf1, 0x42, 0xf1, 0x42, 0xf1,
    0x42, 0xf1, 0x42, 0xf1, 0x42, 0xf1, 0x42, 0xf1, 0x43, 0xf1, 0x42, 0xf1,
    0x62, 0xf1, 0x62, 0xf1, 0x62, 0xf1, 0x62, 0xf1, 0x42, 0xf1, 0x62, 0xf1,
    0x63, 0xf1, 0x62, 0xf1, 0x42, 0xf1, 0x62, 0xf1, 0x62, 0xf1, 0x42, 0xf1,
    0x42, 0xf1, 0x62, 0xf1, 0x62, 0xf1, 0x62, 0xf1, 0x62, 0xf1, 0x62, 0xf1,
    0x62, 0xf1, 0x62, 0xf1, 0x62, 0xf1, 0x62, 0xf9, 0x42, 0xf1, 0x42, 0xf1,
    0x42, 0xf9, 0x62, 0xf1, 0x62, 0xf1, 0x42, 0xf1, 0x42, 0xf1, 0x42, 0xf1,
    0x42, 0xf1, 0x42, 0xf1, 0x42, 0xf1, 0x42, 0xf1, 0x41, 0xf1, 0x42, 0xf1,
    0x42, 0xf1, 0x42, 0xf1, 0x42, 0xf1, 0x42, 0xf1, 0x42, 0xf1, 0x42, 0xf1,
    0x42, 0xf1, 0x62, 0xf1, 0x42, 0xf1, 0x42, 0xf1, 0x62, 0xf1, 0x42, 0xf1,
    0x42, 0xf1, 0x62, 0xf1, 0x42, 0xf1, 0x42, 0xf1, 0x42, 0xf1, 0x42, 0xf1,
    0x42, 0xf1, 0x42, 0xf1, 0x42, 0xf1, 0x42, 0xf1, 0x42, 0xf1, 0x42, 0xf1,
    0x42, 0xf1, 0x62, 0xf1, 0x42, 0xf9, 0x42, 0xf1, 0x42, 0xf9, 0x42, 0xf9,
    0x42, 0xf1, 0x62, 0xf1, 0x62, 0xf1, 0x62, 0xf9, 0x42, 0xf1, 0x62, 0xf1,
    0x42, 0xf1, 0x42, 0xf1, 0x62, 0xf1, 0x42, 0xf1, 0x42, 0xf1, 0x42, 0xf1,
    0x62, 0xf9, 0x62, 0xf1, 0x42, 0xf1, 0x42, 0xf1, 0x41, 0xf1, 0x42, 0xf1,
    0x21, 0xf1, 0x41, 0xf1, 0x22, 0xf1, 0x42, 0xf1, 0x42, 0xf1, 0x42, 0xf1,
    0x42, 0xf1, 0x62, 0xf1, 0x62, 0xf1, 0x42, 0xf1, 0x62, 0xf1, 0x62, 0xf1,
    0x42, 0xf1, 0x42, 0xf1, 0x42, 0xf1, 0x42, 0xf1, 0x42, 0xf1, 0x42, 0xf1,
    0x42, 0xf1, 0x42, 0xf1, 0x42, 0xf9, 0x42, 0xf1, 0x42, 0xf1, 0x62, 0xf9,
    0x42, 0xf1, 0x42, 0xf1, 0x42, 0xf1, 0x42, 0xf9, 0x42, 0xf1, 0x42, 0xf1,
    0x42, 0xf1, 0x42, 0xf1, 0x62, 0xf9, 0x42, 0xf1, 0x62, 0xf1, 0x62, 0xf1,
    0x62, 0xf9, 0x62, 0xf9, 0x42, 0xf9, 0x62, 0xf9, 0x42, 0xf1, 0x42, 0xf1,
    0x42, 0xf1, 0x62, 0xf9, 0x62, 0xf1, 0x62, 0xf1, 0x42, 0xf1, 0x42, 0xf1,
    0x62, 0xf1, 0x42, 0xf1, 0x42, 0xf1, 0x26, 0xca, 0x9e, 0xff, 0xbe, 0xff,
    0xbe, 0xff, 0xbf, 0xff, 0xbf, 0xff, 0xfb, 0xf6, 0x83, 0xe1, 0x42, 0xf1,
    0x42, 0xf1, 0x41, 0xf1, 0x42, 0xf1, 0x62, 0xf1, 0x82, 0xe9, 0x17, 0xee,
    0xbe, 0xff, 0xbe, 0xff, 0xdf, 0xff, 0xbf, 0xff, 0xbe, 0xff, 0xbf, 0xff,
    0xbe, 0xf7, 0x6a, 0xeb, 0x62, 0xf1, 0x62, 0xf1, 0x62, 0xf1, 0x62, 0xf1,
    0x63, 0xf1, 0xe4, 0xe9, 0x1b, 0xf7, 0xbf, 0xff, 0xbe, 0xff, 0xbe, 0xff,
    0xbf, 0xff, 0x9d, 0xff, 0x87, 0xea, 0x42, 0xf1, 0x42, 0xf1, 0x62, 0xf1,
    0x62, 0xf1, 0x62, 0xf1, 0x42, 0xf1, 0x62, 0xf1, 0x62, 0xf1, 0x62, 0xf1,
    0x62, 0xe9, 0x62, 0xf1, 0x62, 0xf1, 0x42, 0xf1, 0x62, 0xf1, 0x62, 0xf1,
    0x42, 0xf1, 0x62, 0xf1, 0x62, 0xf1, 0x62, 0xf1, 0x62, 0xf1, 0x62, 0xf1,
    0x42, 0xf1, 0x62, 0xf1, 0x62, 0xf1, 0x62, 0xf1, 0x62, 0xf1, 0x62, 0xf1,
    0x62, 0xf1, 0x62, 0xf1, 0x62, 0xf1, 0x62, 0xf1, 0x62, 0xf1, 0x62, 0xf1,
    0x42, 0xf1, 0x42, 0xf1, 0x42, 0xf1, 0x42, 0xf1, 0x42, 0xf1, 0x42, 0xf1,
    0x42, 0xf1, 0x62, 0xf1, 0x62, 0xf1, 0x42, 0xf1, 0x42, 0xf1, 0x42, 0xf1,
    0x42, 0xf1, 0x42, 0xf1, 0x42, 0xf1, 0x42, 0xf1, 0x42, 0xf1, 0x42, 0xf1,
    0x42, 0xf1, 0x42, 0xf1, 0x42, 0xf1, 0x42, 0xf1, 0x42, 0xf1, 0x42, 0xf1,
    0x42, 0xf1, 0x42, 0xf9, 0x42, 0xf1, 0x42, 0xf1, 0x42, 0xf9, 0x62, 0xf1,
    0x42, 0xf1, 0x42, 0xf9, 0x42, 0xf1, 0x42, 0xf1, 0x42, 0xf1, 0x42, 0xf9,
    0x42, 0xf1, 0x41, 0xf1, 0x42, 0xf1, 0x42, 0xf1, 0x41, 0xf1, 0x42, 0xf1,
    0x41, 0xf1, 0x42, 0xf1, 0x42, 0xf1, 0x22, 0xf1, 0x42, 0xf1, 0x42, 0xf1,
    0x42, 0xf1, 0x42, 0xf1, 0x42, 0xf1, 0x62, 0xf1, 0x62, 0xf1, 0x62, 0xf1,
    0x62, 0xf1, 0x62, 0xf1, 0x42, 0xf1, 0x42, 0xf1, 0x42, 0xf1, 0x62, 0xf9,
    0x62, 0xf1, 0x42, 0xf1, 0x62, 0xf9, 0x62, 0xf1, 0x62, 0xf1, 0x63, 0xf1,
    0x62, 0xf1, 0x62, 0xf1, 0x42, 0xf1, 0x62, 0xf1, 0x42, 0xf1, 0x43, 0xf1,
    0x42, 0xf1, 0x42, 0xf1, 0x42, 0xf1, 0x42, 0xf1, 0x42, 0xf1, 0x63, 0xf1,
    0x62, 0xf1, 0x63, 0xf1, 0x42, 0xf1, 0x42, 0xf1, 0x62, 0xf1, 0x42, 0xf1,
    0x42, 0xf1, 0x62, 0xf1, 0x43, 0xf1, 0x63, 0xf1, 0x62, 0xf9, 0x63, 0xf1,
    0x42, 0xf1, 0x62, 0xf1, 0x62, 0xf9, 0x62, 0xf1, 0x63, 0xf1, 0x42, 0xf1,
    0x62, 0xf1, 0x62, 0xf1, 0x42, 0xf1, 0x42, 0xf1, 0x42, 0xf1, 0x42, 0xf1,
    0x42, 0xf1, 0x43, 0xf1, 0x42, 0xf1, 0x42, 0xf1, 0x42, 0xf1, 0x62, 0xf1,
    0x62, 0xf1, 0x42, 0xf1, 0x62, 0xf1, 0x62, 0xf1, 0x42, 0xf1, 0x62, 0xf1,
    0x63, 0xf1, 0x42, 0xf1, 0x42, 0xf1, 0x62, 0xf1, 0x62, 0xf9, 0x62, 0xf9,
    0x43, 0xf1, 0x42, 0xf1, 0x62, 0xf1, 0x62, 0xf1, 0x43, 0xf1, 0x42, 0xf1,
    0x62, 0xf1, 0x42, 0xf1, 0x63, 0xf1, 0x62, 0xf1, 0x42, 0xf1, 0x42, 0xf1,
    0x42, 0xf1, 0x62, 0xf1, 0x62, 0xf1, 0x62, 0xf1, 0x62, 0xf1, 0x62, 0xf9,
    0x62, 0xf1, 0x62, 0xf1, 0x42, 0xf1, 0x62, 0xf1, 0x62, 0xf1, 0x62, 0xf9,
    0x42, 0xf1, 0x42, 0xf1, 0x42, 0xf1, 0x42, 0xf1, 0x41, 0xf1, 0x42, 0xf1,
    0x42, 0xf1, 0x42, 0xf1, 0x42, 0xf1, 0x62, 0xf1, 0x42, 0xf1, 0x42, 0xf1,
    0x42, 0xf1, 0x42, 0xf1, 0x42, 0xf1, 0x62, 0xf1, 0x42, 0xf1, 0x42, 0xf1,
    0x42, 0xf1, 0x42, 0xf1, 0x42, 0xf1, 0x62, 0xf1, 0x42, 0xf1, 0x42, 0xf1,
    0x42, 0xf1, 0x42, 0xf1, 0x42, 0xf1, 0x42, 0xf1, 0x62, 0xf9, 0x62, 0xf9,
    0x42, 0xf1, 0x42, 0xf9, 0x62, 0xf9, 0x42, 0xf1, 0x63, 0xf9, 0x42, 0xf1,
    0x42, 0xf1, 0x42, 0xf9, 0x62, 0xf1, 0x42, 0xf1, 0x62, 0xf1, 0x42, 0xf1,
    0x42, 0xf1, 0x62, 0xf1, 0x42, 0xf9, 0x42, 0xf1, 0x62, 0xf9, 0x62, 0xf9,
    0x42, 0xf1, 0x42, 0xf1, 0x62, 0xf9, 0x42, 0xf1, 0x42, 0xf1, 0x62, 0xf9,
    0x42, 0xf1, 0x42, 0xf1, 0x42, 0xf1, 0x42, 0xf1, 0x42, 0xf1, 0x42, 0xf1,
    0x42, 0xf1, 0x42, 0xf1, 0x42, 0xf1, 0x62, 0xf1, 0x62, 0xf9, 0x62, 0xf9,
    0x62, 0xf9, 0x62, 0xf9, 0x62, 0xf1, 0x62, 0xf1, 0x42, 0xf1, 0x42, 0xf1,
    0x42, 0xf1, 0x42, 0xf1, 0x42, 0xf1, 0x42, 0xf9, 0x42, 0xf1, 0x62, 0xf1,
    0x42, 0xf1, 0x42, 0xf1, 0x42, 0xf1, 0x41, 0xf1, 0x42, 0xf1, 0x42, 0xf1,
    0x42, 0xf9, 0x42, 0xf1, 0x62, 0xf9, 0x62, 0xf1, 0x42, 0xf1, 0x62, 0xf9,
    0x62, 0xf9, 0x62, 0xf1, 0x63, 0xf9, 0x62, 0xf9, 0x62, 0xf1, 0x42, 0xf9,
    0x62, 0xf1, 0x62, 0xf1, 0x42, 0xf1, 0x42, 0xf9, 0x62, 0xf1, 0x62, 0xf1,
    0x62, 0xf9, 0x62, 0xf9, 0x62, 0xf1, 0x62, 0xf1, 0x62, 0xe9, 0x94, 0xed,
    0xbe, 0xff, 0xbe, 0xff, 0xde, 0xff, 0xdf, 0xff, 0xbf, 0xff, 0x4f, 0xe4,
    0x41, 0xf1, 0x42, 0xf1, 0x42, 0xf1, 0x42, 0xf1, 0x42, 0xf1, 0x62, 0xf1,
    0x82, 0xe9, 0xd6, 0xed, 0xbe, 0xff, 0xbe, 0xff, 0xdf, 0xff, 0xbf, 0xff,
    0xde, 0xff, 0xbe, 0xff, 0x9e, 0xff, 0x29, 0xf3, 0x62, 0xf1, 0x62, 0xf1,
    0x42, 0xf1, 0x62, 0xf1, 0x62, 0xe9, 0x63, 0xe9, 0x90, 0xec, 0xbe, 0xff,
    0xdf, 0xff, 0xde, 0xff, 0xbf, 0xff, 0xbe, 0xff, 0x12, 0xed, 0x62, 0xf1,
    0x61, 0xf1, 0x62, 0xf9, 0x62, 0xf1, 0x62, 0xf1, 0x62, 0xf1, 0x62, 0xf1,
    0x82, 0xf1, 0x63, 0xf1, 0x63, 0xf1, 0x62, 0xf1, 0x62, 0xf1, 0x62, 0xf1,
    0x42, 0xe9, 0x42, 0xf1, 0x62, 0xf1, 0x62, 0xf1, 0x62, 0xf1, 0x62, 0xf1,
    0x62, 0xf1, 0x62, 0xf1, 0x62, 0xf9, 0x62, 0xf1, 0x62, 0xf1, 0x62, 0xf1,
    0x62, 0xf1, 0x42, 0xf1, 0x42, 0xf1, 0x62, 0xf1, 0x62, 0xf1, 0x62, 0xf1,
    0x42, 0xf1, 0x62, 0xf1, 0x62, 0xf1, 0x62, 0xf1, 0x42, 0xf1, 0x62, 0xf1,
    0x42, 0xf1, 0x42, 0xf1, 0x42, 0xf1, 0x42, 0xf1, 0x42, 0xf9, 0x42, 0xf9,
    0x42, 0xf1, 0x42, 0xf9, 0x42, 0xf1, 0x42, 0xf1, 0x42, 0xf1, 0x42, 0xf1,
    0x41, 0xf1, 0x42, 0xf1, 0x42, 0xf1, 0x62, 0xf1, 0x42, 0xf1, 0x42, 0xf1,
    0x62, 0xf1, 0x41, 0xf1, 0x42, 0xf1, 0x42, 0xf1, 0x42, 0xf1, 0x42, 0xf9,
    0x42, 0xf9, 0x62, 0xf1, 0x62, 0xf1, 0x62, 0xf9, 0x62, 0xf1, 0x62, 0xf1,
    0x62, 0xf1, 0x42, 0xf1, 0x42, 0xf1, 0x42, 0xf1, 0x42, 0xf1, 0x42, 0xf1,
    0x42, 0xf1, 0x42, 0xf1, 0x42, 0xf1, 0x42, 0xf1, 0x41, 0xf1, 0x42, 0xf1,
    0x42, 0xf1, 0x42, 0xe9, 0x42, 0xf1, 0x42, 0xf1, 0x42, 0xf1, 0x42, 0xf1,
    0x62, 0xf1, 0x42, 0xf9, 0x62, 0xf1, 0x62, 0xf1, 0x42, 0xf1, 0x62, 0xf1,
    0x42, 0xf1, 0x62, 0xf1, 0x62, 0xf1, 0x62, 0xf9, 0x62, 0xf1, 0x62, 0xf1,
    0x62, 0xf1, 0x62, 0xf9, 0x62, 0xf1, 0x62, 0xf9, 0x43, 0xf1, 0x62, 0xf1,
    0x62, 0xf1, 0x43, 0xf1, 0x43, 0xf1, 0x42, 0xf1, 0x42, 0xf1, 0x62, 0xf1,
    0x62, 0xf1, 0x62, 0xf1, 0x42, 0xf1, 0x42, 0xf1, 0x42, 0xf1, 0x42, 0xf1,
    0x42, 0xf1, 0x62, 0xf1, 0x42, 0xf1, 0x62, 0xf1, 0x42, 0xf1, 0x62, 0xf1,
    0x63, 0xf9, 0x62, 0xf1, 0x62, 0xf1, 0x62, 0xf9, 0x62, 0xf1, 0x62, 0xf1,
    0x42, 0xf1, 0x62, 0xf1, 0x63, 0xf1, 0x62, 0xf1, 0x42, 0xf1, 0x42, 0xf1,
    0x42, 0xf1, 0x42, 0xf1, 0x42, 0xf1, 0x42, 0xf1, 0x42, 0xf1, 0x42, 0xf1,
    0x42, 0xf1, 0x62, 0xf1, 0x62, 0xf1, 0x42, 0xf1, 0x62, 0xf1, 0x42, 0xf1,
    0x62, 0xf1, 0x62, 0xf1, 0x63, 0xf9, 0x42, 0xf1, 0x62, 0xf1, 0x62, 0xf1,
    0x62, 0xf1, 0x62, 0xf1, 0x62, 0xf1, 0x63, 0xf9, 0x62, 0xf1, 0x42, 0xf1,
    0x63, 0xf1, 0x62, 0xf1, 0x42, 0xf9, 0x62, 0xf9, 0x42, 0xf1, 0x62, 0xf9,
    0x42, 0xf1, 0x42, 0xf1, 0x42, 0xf1, 0x42, 0xf1, 0x62, 0xf1, 0x42, 0xf1,
    0x42, 0xf1, 0x62, 0xf9, 0x62, 0xf9, 0x62, 0xf9, 0x42, 0xf1, 0x62, 0xf1,
    0x62, 0xf1, 0x62, 0xf1, 0x42, 0xf1, 0x42, 0xf1, 0x42, 0xf1, 0x42, 0xf1,
    0x42, 0xf1, 0x42, 0xf1, 0x62, 0xf1, 0x62, 0xf9, 0x62, 0xf1, 0x42, 0xf1,
    0x62, 0xf1, 0x41, 0xf1, 0x62, 0xf1, 0x42, 0xf1, 0x42, 0xf1, 0x42, 0xf1,
    0x62, 0xf1, 0x62, 0xf1, 0x62, 0xf1, 0x62, 0xf1, 0x42, 0xf1, 0x62, 0xf1,
    0x62, 0xf1, 0x62, 0xf1, 0x42, 0xf1, 0x42, 0xf1, 0x62, 0xf1, 0x42, 0xf1,
    0x62, 0xf9, 0x42, 0xf1, 0x62, 0xf1, 0x62, 0xf9, 0x42, 0xf1, 0x62, 0xf1,
    0x42, 0xf9, 0x42, 0xf9, 0x62, 0xf1, 0x62, 0xf9, 0x62, 0xf9, 0x62, 0xf9,
    0x62, 0xf9, 0x62, 0xf9, 0x42, 0xf1, 0x42, 0xf1, 0x62, 0xf9, 0x42, 0xf1,
    0x42, 0xf1, 0x62, 0xf9, 0x42, 0xf1, 0x42, 0xf1, 0x62, 0xf1, 0x62, 0xf1,
    0x42, 0xf9, 0x62, 0xf1, 0x62, 0xf1, 0x62, 0xf1, 0x42, 0xf1, 0x42, 0xf1,
    0x41, 0xf1, 0x42, 0xf1, 0x42, 0xf1, 0x41, 0xf1, 0x62, 0xf1, 0x42, 0xf1,
    0x42, 0xf1, 0x62, 0xf9, 0x62, 0xf9, 0x62, 0xf1, 0x62, 0xf1, 0x42, 0xf1,
    0x62, 0xf9, 0x62, 0xf1, 0x62, 0xf9, 0x62, 0xf9, 0x62, 0xf9, 0x62, 0xf9,
    0x62, 0xf9, 0x42, 0xf1, 0x62, 0xf9, 0x62, 0xf9, 0x62, 0xf1, 0x42, 0xf1,
    0x62, 0xf9, 0x42, 0xf1, 0x42, 0xf9, 0x62, 0xf9, 0x62, 0xf1, 0x42, 0xf9,
    0x62, 0xf1, 0x62, 0xf1, 0x62, 0xf9, 0x42, 0xf1, 0x62, 0xf9, 0x62, 0xf1,
    0x62, 0xf1, 0x42, 0xf9, 0x62, 0xf9, 0x62, 0xf9, 0x62, 0xf9, 0x62, 0xf1,
    0x62, 0xf1, 0x62, 0xf1, 0x62, 0xf1, 0x62, 0xf1, 0x62, 0xf1, 0x62, 0xf1,
    0x26, 0xe2, 0x5c, 0xff, 0xbe, 0xff, 0xde, 0xff, 0xdf, 0xff, 0xde, 0xff,
    0x7d, 0xff, 0xe5, 0xd9, 0x41, 0xf1, 0x42, 0xf1, 0x42, 0xf1, 0x42, 0xf1,
    0x62, 0xf1, 0x62, 0xf1, 0x82, 0xe9, 0x95, 0xed, 0xbf, 0xff, 0xde, 0xff,
    0xbf, 0xff, 0xbe, 0xff, 0xbf, 0xff, 0xbf, 0xff, 0x9e, 0xff, 0xe8, 0xea,
    0x62, 0xf1, 0x62, 0xf1, 0x62, 0xf1, 0x62, 0xf1, 0x62, 0xf1, 0x83, 0xf1,
    0x46, 0xe2, 0x3c, 0xf7, 0xde, 0xff, 0xde, 0xff, 0xbe, 0xff, 0xbf, 0xff,
    0x5c, 0xf7, 0x04, 0xe2, 0x62, 0xf1, 0x62, 0xf9, 0x62, 0xf1, 0x62, 0xf9,
    0x82, 0xf1, 0x82, 0xf1, 0x63, 0xf1, 0x82, 0xf1, 0x63, 0xf1, 0x62, 0xf1,
    0x82, 0xf1, 0x62, 0xf1, 0x62, 0xf1, 0x62, 0xf1, 0x62, 0xf1, 0x62, 0xf1,
    0x62, 0xf1, 0x62, 0xf9, 0x62, 0xf1, 0x62, 0xf1, 0x62, 0xf1, 0x62, 0xf1,
    0x42, 0xf1, 0x62, 0xf1, 0x62, 0xf1, 0x62, 0xf1, 0x62, 0xf1, 0x62, 0xf1,
    0x62, 0xf1, 0x62, 0xf1, 0x62, 0xf1, 0x62, 0xf1, 0x42, 0xf1, 0x42, 0xf9,
    0x62, 0xf9, 0x62, 0xf1, 0x62, 0xf1, 0x62, 0xf1, 0x62, 0xf9, 0x62, 0xf1,
    0x62, 0xf1, 0x62, 0xf9, 0x62, 0xf1, 0x62, 0xf1, 0x42, 0xf1, 0x62, 0xf1,
    0x42, 0xf1, 0x62, 0xf9, 0x62, 0xf9, 0x62, 0xf9, 0x62, 0xf9, 0x62, 0xf1,
    0x42, 0xf1, 0x42, 0xf1, 0x42, 0xf1, 0x42, 0xf1, 0x41, 0xf1, 0x42, 0xf1,
    0x42, 0xf1, 0x42, 0xf9, 0x62, 0xf9, 0x62, 0xf9, 0x62, 0xf9, 0x62, 0xf9,
    0x62, 0xf9, 0x62, 0xf9, 0x62, 0xf1, 0x62, 0xf1, 0x62, 0xf9, 0x62, 0xf1,
    0x42, 0xf1, 0x42, 0xf1, 0x62, 0xf1, 0x62, 0xf1, 0x42, 0xf1, 0x62, 0xf1,
    0x42, 0xf1, 0x42, 0xf1, 0x42, 0xf1, 0x62, 0xf1, 0x42, 0xf1, 0x62, 0xf1,
    0x62, 0xf1, 0x42, 0xf1, 0x42, 0xf9, 0x42, 0xf1, 0x62, 0xf1, 0x42, 0xf1,
    0x62, 0xf9, 0x62, 0xf1, 0x62, 0xf1, 0x62, 0xf1, 0x62, 0xf9, 0x62, 0xf1,
    0x62, 0xf1, 0x62, 0xf1, 0x62, 0xf9, 0x62, 0xf1, 0x63, 0xf1, 0x62, 0xf1,
    0x62, 0xf1, 0x43, 0xf1, 0x63, 0xf1, 0x63, 0xf1, 0x62, 0xf1, 0x62, 0xf1,
    0x42, 0xf1, 0x62, 0xf1, 0x42, 0xf1, 0x63, 0xf1, 0x42, 0xf1, 0x62, 0xf1,
    0x63, 0xf1, 0x42, 0xf1, 0x42, 0xf1, 0x42, 0xf1, 0x63, 0xf1, 0x42, 0xf1,
    0x62, 0xf1, 0x62, 0xf1, 0x42, 0xf1, 0x62, 0xf1, 0x63, 0xf9, 0x63, 0xf9,
    0x62, 0xf1, 0x62, 0xf1, 0x63, 0xf9, 0x62, 0xf1, 0x63, 0xf1, 0x63, 0xf1,
    0x62, 0xf1, 0x62, 0xf1, 0x62, 0xf1, 0x62, 0xf1, 0x42, 0xf1, 0x42, 0xf1,
    0x62, 0xf1, 0x42, 0xf1, 0x62, 0xf9, 0x42, 0xf1, 0x62, 0xf9, 0x42, 0xf1,
    0x62, 0xf1, 0x62, 0xf1, 0x42, 0xf1, 0x62, 0xf9, 0x62, 0xf1, 0x62, 0xf1,
    0x42, 0xf1, 0x63, 0xf1, 0x62, 0xf1, 0x62, 0xf1, 0x62, 0xf1, 0x63, 0xf1,
    0x63, 0xf1, 0x62, 0xf1, 0x62, 0xf1, 0x62, 0xf1, 0x62, 0xf1, 0x62, 0xf1,
    0x42, 0xf9, 0x62, 0xf9, 0x62, 0xf1, 0x42, 0xf1, 0x42, 0xf1, 0x62, 0xf1,
    0x62, 0xf1, 0x62, 0xf9, 0x42, 0xf1, 0x63, 0xf9, 0x62, 0xf1, 0x62, 0xf9,
    0x42, 0xf1, 0x62, 0xf1, 0x42, 0xf1, 0x42, 0xf1, 0x42, 0xf1, 0x42, 0xf1,
    0x62, 0xf1, 0x62, 0xf1, 0x62, 0xf1, 0x42, 0xf9, 0x62, 0xf9, 0x62, 0xf9,
    0x62, 0xf9, 0x42, 0xf1, 0x62, 0xf9, 0x62, 0xf9, 0x62, 0xf1, 0x62, 0xf1,
    0x62, 0xf9, 0x42, 0xf1, 0x42, 0xf1, 0x62, 0xf1, 0x62, 0xf1, 0x62, 0xf1,
    0x42, 0xf1, 0x62, 0xf1, 0x42, 0xf1, 0x62, 0xf1, 0x42, 0xf1, 0x42, 0xf1,
    0x42, 0xf1, 0x42, 0xf1, 0x62, 0xf1, 0x42, 0xf9, 0x42, 0xf1, 0x62, 0xf1,
    0x42, 0xf1, 0x62, 0xf1, 0x62, 0xf1, 0x42, 0xf1, 0x62, 0xf1, 0x62, 0xf1,
    0x63, 0xf9, 0x63, 0xf9, 0x62, 0xf1, 0x63, 0xf9, 0x62, 0xf9, 0x62, 0xf1,
    0x62, 0xf1, 0x62, 0xf1, 0x62, 0xf1, 0x62, 0xf1, 0x62, 0xf1, 0x42, 0xf1,
    0x62, 0xf1, 0x62, 0xf1, 0x62, 0xf1, 0x62, 0xf1, 0x62, 0xf1, 0x62, 0xf1,
    0x62, 0xf1, 0x41, 0xf1, 0x42, 0xf1, 0x42, 0xf1, 0x62, 0xf1, 0x42, 0xf1,
    0x42, 0xf1, 0x62, 0xf9, 0x42, 0xf1, 0x62, 0xf1, 0x62, 0xf1, 0x62, 0xf1,
    0x62, 0xf1, 0x62, 0xf9, 0x62, 0xf1, 0x62, 0xf1, 0x62, 0xf1, 0x62, 0xf1,
    0x62, 0xf1, 0x62, 0xf1, 0x62, 0xf9, 0x42, 0xf1, 0x62, 0xf9, 0x62, 0xf9,
    0x62, 0xf1, 0x42, 0xf9, 0x62, 0xf1, 0x62, 0xf9, 0x42, 0xf9, 0x62, 0xf1,
    0x42, 0xf1, 0x42, 0xf9, 0x62, 0xf1, 0x62, 0xf1, 0x62, 0xf1, 0x63, 0xf9,
    0x63, 0xf1, 0x82, 0xf1, 0x63, 0xf9, 0x62, 0xf9, 0x63, 0xf1, 0x62, 0xf9,
    0x62, 0xf1, 0x62, 0xf1, 0x62, 0xf9, 0x82, 0xf1, 0x62, 0xf9, 0x62, 0xf1,
    0x62, 0xf1, 0x62, 0xf1, 0xee, 0xd3, 0xbe, 0xff, 0xde, 0xff, 0xbe, 0xff,
    0xde, 0xff, 0xde, 0xff, 0x6f, 0xdc, 0x42, 0xe9, 0x41, 0xf1, 0x41, 0xf1,
    0x42, 0xf1, 0x62, 0xf1, 0x62, 0xf1, 0x62, 0xf1, 0x82, 0xe9, 0x54, 0xed,
    0xbe, 0xff, 0xde, 0xff, 0xbf, 0xff, 0xbe, 0xff, 0xbe, 0xff, 0xbf, 0xff,
    0x9d, 0xf7, 0x87, 0xf2, 0x62, 0xf9, 0x62, 0xf1, 0x62, 0xf1, 0x62, 0xf1,
    0x82, 0xf1, 0x82, 0xf1, 0x83, 0xe9, 0xb5, 0xf5, 0xbe, 0xff, 0xdf, 0xff,
    0xde, 0xff, 0xde, 0xff, 0xbe, 0xff, 0xf1, 0xec, 0x62, 0xf1, 0x62, 0xf1,
    0x62, 0xf1, 0x82, 0xf1, 0x82, 0xf1, 0x82, 0xf1, 0x82, 0xf1, 0x82, 0xf1,
    0x82, 0xf1, 0x83, 0xf1, 0x63, 0xf1, 0x62, 0xf1, 0x62, 0xf1, 0x62, 0xf1,
    0x62, 0xf1, 0x62, 0xf1, 0x63, 0xf1, 0x83, 0xf1, 0x62, 0xf9, 0x62, 0xf1,
    0x62, 0xf1, 0x62, 0xf1, 0x62, 0xf1, 0x42, 0xf1, 0x62, 0xf1, 0x62, 0xf1,
    0x62, 0xf1, 0x62, 0xf1, 0x42, 0xf1, 0x62, 0xf1, 0x62, 0xf1, 0x42, 0xf1,
    0x62, 0xf1, 0x62, 0xf1, 0x42, 0xf9, 0x42, 0xf1, 0x42, 0xf9, 0x62, 0xf9,
    0x42, 0xf1, 0x62, 0xf1, 0x62, 0xf1, 0x62, 0xf1, 0x62, 0xf1, 0x62, 0xf1,
    0x62, 0xf1, 0x62, 0xf1, 0x62, 0xf1, 0x62, 0xf1, 0x62, 0xf1, 0x42, 0xf1,
    0x42, 0xf1, 0x62, 0xf1, 0x41, 0xf1, 0x62, 0xf9, 0x62, 0xf9, 0x42, 0xf1,
    0x42, 0xf1, 0x41, 0xf1, 0x42, 0xf1, 0x42, 0xf1, 0x42, 0xf1, 0x62, 0xf1,
    0x63, 0xf1, 0x63, 0xf1, 0x62, 0xf1, 0x62, 0xf1, 0x42, 0xf1, 0x42, 0xf1,
    0x62, 0xf9, 0x62, 0xf1, 0x42, 0xf1, 0x62, 0xf1, 0x62, 0xf1, 0x62, 0xf1,
    0x62, 0xf1, 0x62, 0xf1, 0x42, 0xf1, 0x62, 0xf1, 0x62, 0xf1, 0x62, 0xf1,
    0x42, 0xf1, 0x62, 0xf1, 0x62, 0xf1, 0x62, 0xf1, 0x42, 0xf1, 0x62, 0xf1,
    0x62, 0xf1, 0x42, 0xf9, 0x42, 0xf1, 0x42, 0xf9, 0x62, 0xf9, 0x63, 0xf1,
    0x63, 0xf9, 0x62, 0xf1, 0x62, 0xf1, 0x63, 0xf9, 0x62, 0xf1, 0x62, 0xf1,
    0x62, 0xf1, 0x62, 0xf1, 0x62, 0xf1, 0x42, 0xf9, 0x62, 0xf1, 0x42, 0xf1,
    0x43, 0xf1, 0x62, 0xf1, 0x62, 0xf1, 0x62, 0xf1, 0x42, 0xf1, 0x62, 0xf1,
    0x42, 0xf1, 0x62, 0xf1, 0x62, 0xf1, 0x63, 0xf1, 0x62, 0xf1, 0x62, 0xf1,
    0x62, 0xf1, 0x62, 0xf1, 0x42, 0xf1, 0x62, 0xf1, 0x62, 0xf9, 0x62, 0xf1,
    0x83, 0xf9, 0x83, 0xf1, 0x62, 0xf1, 0x62, 0xf1, 0x62, 0xf1, 0x62, 0xf1,
    0x62, 0xf1, 0x62, 0xf1, 0x63, 0xf1, 0x63, 0xf1, 0x42, 0xf1, 0x62, 0xf1,
    0x62, 0xf1, 0x62, 0xf1, 0x62, 0xf1, 0x62, 0xf1, 0x42, 0xf1, 0x62, 0xf1,
    0x62, 0xf1, 0x62, 0xf1, 0x62, 0xf1, 0x62, 0xf9, 0x63, 0xf9, 0x62, 0xf1,
    0x62, 0xf1, 0x62, 0xf9, 0x62, 0xf1, 0x62, 0xf1, 0x63, 0xf1, 0x42, 0xf1,
    0x63, 0xf1, 0x62, 0xf1, 0x62, 0xf1, 0x63, 0xf1, 0x62, 0xf1, 0x62, 0xf1,
    0x62, 0xf1, 0x62, 0xf1, 0x42, 0xf1, 0x42, 0xf1, 0x62, 0xf9, 0x62, 0xf1,
    0x42, 0xf1, 0x62, 0xf1, 0x62, 0xf1, 0x62, 0xf1, 0x42, 0xf9, 0x42, 0xf1,
    0x62, 0xf1, 0x62, 0xf9, 0x42, 0xf1, 0x62, 0xf9, 0x62, 0xf9, 0x42, 0xf1,
    0x42, 0xf9, 0x62, 0xf1, 0x62, 0xf1, 0x62, 0xf1, 0x62, 0xf9, 0x62, 0xf1,
    0x42, 0xf1, 0x62, 0xf1, 0x62, 0xf9, 0x42, 0xf1, 0x42, 0xf1, 0x62, 0xf9,
    0x42, 0xf1, 0x42, 0xf1, 0x62, 0xf1, 0x42, 0xf1, 0x42, 0xf9, 0x42, 0xf9,
    0x62, 0xf1, 0x62, 0xf1, 0x62, 0xf1, 0x42, 0xf1, 0x62, 0xf1, 0x62, 0xf1,
    0x42, 0xf1, 0x42, 0xf9, 0x42, 0xf1, 0x62, 0xf1, 0x62, 0xf9, 0x42, 0xf1,
    0x62, 0xf9, 0x42, 0xf9, 0x42, 0xf9, 0x62, 0xf1, 0x42, 0xf1, 0x62, 0xf9,
    0x62, 0xf1, 0x62, 0xf1, 0x63, 0xf9, 0x62, 0xf1, 0x62, 0xf9, 0x62, 0xf9,
    0x62, 0xf1, 0x62, 0xf9, 0x62, 0xf1, 0x62, 0xf1, 0x62, 0xf1, 0x62, 0xf1,
    0x62, 0xf1, 0x62, 0xf9, 0x62, 0xf1, 0x62, 0xf1, 0x62, 0xf1, 0x62, 0xf1,
    0x62, 0xf1, 0x62, 0xf1, 0x42, 0xf1, 0x42, 0xf1, 0x42, 0xf1, 0x42, 0xf1,
    0x42, 0xf1, 0x42, 0xf1, 0x62, 0xf1, 0x62, 0xf9, 0x62, 0xf9, 0x62, 0xf1,
    0x62, 0xf1, 0x82, 0xf1, 0x62, 0xf9, 0x62, 0xf1, 0x62, 0xf1, 0x62, 0xf9,
    0x62, 0xf1, 0x62, 0xf9, 0x62, 0xf9, 0x63, 0xf9, 0x62, 0xf1, 0x42, 0xf1,
    0x62, 0xf1, 0x62, 0xf1, 0x42, 0xf1, 0x62, 0xf9, 0x62, 0xf1, 0x62, 0xf1,
    0x42, 0xf9, 0x62, 0xf1, 0x62, 0xf1, 0x62, 0xf9, 0x62, 0xf9, 0x82, 0xf1,
    0x63, 0xf9, 0x83, 0xf9, 0x62, 0xf1, 0x62, 0xf9, 0x63, 0xf9, 0x62, 0xf1,
    0x62, 0xf9, 0x63, 0xf9, 0x63, 0xf9, 0x82, 0xf1, 0x82, 0xf9, 0x62, 0xf9,
    0x82, 0xf9, 0x82, 0xf1, 0x62, 0xf1, 0xc4, 0xe1, 0x3b, 0xff, 0xbe, 0xff,
    0xde, 0xff, 0xbe, 0xff, 0xdf, 0xff, 0x9d, 0xf7, 0x67, 0xea, 0x42, 0xf1,
    0x42, 0xe9, 0x62, 0xf1, 0x62, 0xf1, 0x62, 0xf1, 0x62, 0xf1, 0x62, 0xf1,
    0x82, 0xe9, 0x13, 0xed, 0xbe, 0xff, 0xbe, 0xff, 0xbf, 0xff, 0xdf, 0xf7,
    0xbe, 0xff, 0xbe, 0xff, 0x7d, 0xf7, 0x46, 0xea, 0x82, 0xf9, 0x82, 0xf1,
    0x82, 0xf1, 0x62, 0xf1, 0x62, 0xf1, 0x82, 0xf1, 0x82, 0xe9, 0x87, 0xda,
    0x9d, 0xff, 0xdf, 0xff, 0xbf, 0xff, 0xbe, 0xff, 0xde, 0xff, 0xd9, 0xf6,
    0xc4, 0xe9, 0x62, 0xf1, 0x62, 0xf1, 0x62, 0xf1, 0x82, 0xf1, 0x82, 0xf1,
    0x83, 0xf1, 0x82, 0xf1, 0x82, 0xf1, 0x63, 0xf1, 0x62, 0xf1, 0x62, 0xf1,
    0x62, 0xf1, 0x62, 0xf1, 0x62, 0xf1, 0x83, 0xf1, 0x82, 0xf1, 0x62, 0xf1,
    0x63, 0xf1, 0x62, 0xf1, 0x62, 0xf1, 0x62, 0xf1, 0x62, 0xf9, 0x62, 0xf1,
    0x42, 0xf1, 0x62, 0xf1, 0x42, 0xf1, 0x62, 0xf1, 0x62, 0xf1, 0x42, 0xf1,
    0x62, 0xf1, 0x62, 0xf1, 0x62, 0xf1, 0x62, 0xf1, 0x42, 0xf1, 0x62, 0xf1,
    0x62, 0xf9, 0x42, 0xf1, 0x42, 0xf1, 0x62, 0xf9, 0x62, 0xf1, 0x42, 0xf1,
    0x62, 0xf1, 0x62, 0xf1, 0x62, 0xf1, 0x62, 0xf1, 0x42, 0xf1, 0x62, 0xf1,
    0x62, 0xf1, 0x42, 0xf1, 0x42, 0xf1, 0x62, 0xf1, 0x42, 0xf9, 0x62, 0xf1,
    0x62, 0xf9, 0x42, 0xf1, 0x42, 0xf1, 0x62, 0xf9, 0x42, 0xf9, 0x42, 0xf1,
    0x62, 0xf1, 0x62, 0xf9, 0x62, 0xf9, 0x63, 0xf1, 0x62, 0xf1, 0x62, 0xf1,
    0x62, 0xf1, 0x42, 0xf1, 0x42, 0xf1, 0x62, 0xf1, 0x62, 0xf1, 0x62, 0xf1,
    0x62, 0xf1, 0x42, 0xf1, 0x62, 0xf1, 0x62, 0xf1, 0x42, 0xf1, 0x62, 0xf1,
    0x62, 0xf1, 0x62, 0xf1, 0x62, 0xf1, 0x62, 0xf1, 0x62, 0xf1, 0x62, 0xf1,
    0x42, 0xf1, 0x62, 0xf1, 0x62, 0xf1, 0x42, 0xf9, 0x62, 0xf1, 0x62, 0xf1,
    0x62, 0xf1, 0x62, 0xf1, 0x63, 0xf9, 0x62, 0xf1, 0x62, 0xf1, 0x63, 0xf1,
    0x62, 0xf9, 0x62, 0xf1, 0x62, 0xf9, 0x62, 0xf9, 0x62, 0xf1, 0x42, 0xf1,
    0x42, 0xf1, 0x62, 0xf1, 0x42, 0xf1, 0x62, 0xf1, 0x62, 0xf1, 0x62, 0xf1,
    0x62, 0xf1, 0x42, 0xf1, 0x63, 0xf1, 0x62, 0xf1, 0x62, 0xf1, 0x62, 0xf1,
    0x62, 0xf1, 0x62, 0xf1, 0x62, 0xf1, 0x62, 0xf9, 0x62, 0xf1, 0x62, 0xf1,
    0x62, 0xf1, 0x62, 0xf9, 0x63, 0xf9, 0x62, 0xf1, 0x62, 0xf1, 0x62, 0xf9,
    0x62, 0xf1, 0x62, 0xf1, 0x62, 0xf1, 0x62, 0xf1, 0x62, 0xf1, 0x63, 0xf1,
    0x62, 0xf1, 0x62, 0xf1, 0x62, 0xf1, 0x42, 0xf1, 0x62, 0xf1, 0x62, 0xf9,
    0x42, 0xf1, 0x62, 0xf1, 0x62, 0xf1, 0x62, 0xf1, 0x62, 0xf1, 0x62, 0xf1,
    0x62, 0xf1, 0x63, 0xf1, 0x62, 0xf9, 0x62, 0xf1, 0x62, 0xf1, 0x63, 0xf1,
    0x62, 0xf1, 0x62, 0xf1, 0x63, 0xf1, 0x62, 0xf1, 0x62, 0xf1, 0x42, 0xf1,
    0x63, 0xf1, 0x62, 0xf1, 0x62, 0xf1, 0x62, 0xf1, 0x42, 0xf1, 0x42, 0xf1,
    0x62, 0xf1, 0x42, 0xf1, 0x62, 0xf1, 0x62, 0xf9, 0x62, 0xf1, 0x62, 0xf1,
    0x62, 0xf1, 0x62, 0xf1, 0x62, 0xf9, 0x62, 0xf1, 0x62, 0xf1, 0x62, 0xf9,
    0x62, 0xf9, 0x62, 0xf1, 0x62, 0xf1, 0x62, 0xf9, 0x62, 0xf1, 0x42, 0xf1,
    0x62, 0xf9, 0x62, 0xf1, 0x62, 0xf1, 0x62, 0xf1, 0x62, 0xf1, 0x42, 0xf9,
    0x62, 0xf1, 0x62, 0xf1, 0x62, 0xf9, 0x62, 0xf9, 0x62, 0xf9, 0x42, 0xf1,
    0x62, 0xf1, 0x42, 0xf1, 0x42, 0xf9, 0x62, 0xf1, 0x62, 0xf9, 0x62, 0xf9,
    0x62, 0xf1, 0x62, 0xf9, 0x62, 0xf9, 0x62, 0xf1, 0x42, 0xf1, 0x42, 0xf1,
    0x62, 0xf1, 0x62, 0xf9, 0x62, 0xf1, 0x62, 0xf1, 0x42, 0xf9, 0x62, 0xf1,
    0x42, 0xf9, 0x62, 0xf9, 0x62, 0xf9, 0x62, 0xf9, 0x62, 0xf9, 0x63, 0xf1,
    0x62, 0xf9, 0x63, 0xf1, 0x62, 0xf1, 0x63, 0xf9, 0x62, 0xf1, 0x62, 0xf1,
    0x62, 0xf9, 0x62, 0xf1, 0x62, 0xf1, 0x62, 0xf1, 0x42, 0xf1, 0x62, 0xf9,
    0x62, 0xf1, 0x62, 0xf1, 0x62, 0xf1, 0x62, 0xf1, 0x62, 0xf1, 0x42, 0xf1,
    0x62, 0xf1, 0x62, 0xf1, 0x61, 0xf1, 0x62, 0xf1, 0x62, 0xf1, 0x62, 0xf1,
    0x62, 0xf9, 0x82, 0xf1, 0x82, 0xf9, 0x82, 0xf9, 0x62, 0xf1, 0x62, 0xf9,
    0x83, 0xf9, 0x82, 0xf9, 0x83, 0xf9, 0x82, 0xf9, 0x82, 0xf9, 0x62, 0xf1,
    0x62, 0xf9, 0x62, 0xf9, 0x62, 0xf1, 0x62, 0xf1, 0x62, 0xf9, 0x62, 0xf9,
    0x62, 0xf1, 0x62, 0xf9, 0x62, 0xf9, 0x62, 0xf1, 0x62, 0xf9, 0x62, 0xf1,
    0x62, 0xf1, 0x83, 0xf1, 0x82, 0xf9, 0x82, 0xf1, 0x82, 0xf9, 0x63, 0xf1,
    0x62, 0xf1, 0x82, 0xf9, 0x62, 0xf9, 0x63, 0xf1, 0x62, 0xf1, 0x82, 0xf1,
    0x62, 0xf1, 0x63, 0xf1, 0x82, 0xf9, 0x82, 0xf1, 0x83, 0xf1, 0xac, 0xe3,
    0xbe, 0xff, 0xdf, 0xff, 0xde, 0xff, 0xdf, 0xff, 0xde, 0xff, 0xb5, 0xed,
    0x43, 0xe9, 0x42, 0xf1, 0x62, 0xf1, 0x62, 0xf1, 0x62, 0xf1, 0x62, 0xf1,
    0x62, 0xf1, 0x82, 0xf1, 0x82, 0xf1, 0x13, 0xed, 0xbe, 0xff, 0xde, 0xff,
    0xde, 0xff, 0xbf, 0xff, 0xbf, 0xff, 0xbe, 0xff, 0x3c, 0xf7, 0x05, 0xea,
    0x82, 0xf9, 0x82, 0xf1, 0x82, 0xf9, 0x82, 0xf9, 0x83, 0xf1, 0x82, 0xf1,
    0x82, 0xf1, 0xa3, 0xe9, 0xf6, 0xf5, 0xde, 0xff, 0xbe, 0xff, 0xbe, 0xff,
    0xdf, 0xff, 0xbe, 0xff, 0xab, 0xe3, 0x62, 0xf1, 0x62, 0xf1, 0x62, 0xf1,
    0x82, 0xf1, 0x82, 0xf1, 0x82, 0xf1, 0x82, 0xf1, 0x83, 0xf1, 0x82, 0xf1,
    0x82, 0xf1, 0x82, 0xf1, 0x82, 0xf1, 0x62, 0xf1, 0x62, 0xf1, 0x82, 0xf1,
    0x62, 0xf1, 0x62, 0xf1, 0x62, 0xf1, 0x62, 0xf1, 0x62, 0xf9, 0x62, 0xf9,
    0x63, 0xf1, 0x62, 0xf9, 0x62, 0xf9, 0x62, 0xf1, 0x62, 0xf9, 0x62, 0xf9,
    0x62, 0xf1, 0x62, 0xf9, 0x62, 0xf1, 0x62, 0xf1, 0x42, 0xf1, 0x62, 0xf9,
    0x62, 0xf1, 0x42, 0xf1, 0x62, 0xf9, 0x62, 0xf9, 0x62, 0xf1, 0x62, 0xf1,
    0x62, 0xf1, 0x62, 0xf9, 0x62, 0xf1, 0x62, 0xf9, 0x62, 0xf1, 0x62, 0xf9,
    0x42, 0xf1, 0x62, 0xf1, 0x42, 0xf9, 0x62, 0xf9, 0x62, 0xf1, 0x62, 0xf1,
    0x42, 0xf1, 0x42, 0xf1, 0x62, 0xf9, 0x42, 0xf1, 0x62, 0xf1, 0x62, 0xf9,
    0x62, 0xf1, 0x62, 0xf1, 0x62, 0xf9, 0x62, 0xf1, 0x62, 0xf9, 0x82, 0xf1,
    0x62, 0xf1, 0x62, 0xf9, 0x62, 0xf1, 0x62, 0xf1, 0x62, 0xf1, 0x62, 0xf1,
    0x62, 0xf1, 0x62, 0xf9, 0x62, 0xf1, 0x62, 0xf1, 0x62, 0xf1, 0x62, 0xf1,
    0x62, 0xf1, 0x62, 0xf1, 0x62, 0xf1, 0x62, 0xf1, 0x62, 0xf1, 0x62, 0xf9,
    0x62, 0xf1, 0x62, 0xf1, 0x62, 0xf1, 0x62, 0xf1, 0x62, 0xf1, 0x62, 0xf1,
    0x62, 0xf9, 0x62, 0xf1, 0x62, 0xf1, 0x62, 0xf9, 0x63, 0xf1, 0x82, 0xf9,
    0x62, 0xf1, 0x62, 0xf1, 0x63, 0xf9, 0x62, 0xf1, 0x62, 0xf1, 0x62, 0xf1,
    0x62, 0xf1, 0x62, 0xf1, 0x62, 0xf1, 0x62, 0xf1, 0x62, 0xf9, 0x42, 0xf1,
    0x62, 0xf1, 0x62, 0xf1, 0x62, 0xf1, 0x62, 0xf1, 0x42, 0xf1, 0x63, 0xf1,
    0x62, 0xf1, 0x63, 0xf1, 0x62, 0xf1, 0x62, 0xf1, 0x62, 0xf1, 0x62, 0xf1,
    0x62, 0xf9, 0x62, 0xf1, 0x63, 0xf1, 0x62, 0xf1, 0x63, 0xf1, 0x62, 0xf9,
    0x62, 0xf1, 0x62, 0xf1, 0x62, 0xf1, 0x62, 0xf1, 0x42, 0xf1, 0x62, 0xf1,
    0x62, 0xf1, 0x62, 0xf1, 0x62, 0xf1, 0x62, 0xf1, 0x62, 0xf1, 0x62, 0xf1,
    0x62, 0xf1, 0x62, 0xf1, 0x62, 0xf1, 0x62, 0xf1, 0x63, 0xf1, 0x82, 0xf1,
    0x62, 0xf1, 0x62, 0xf1, 0x62, 0xf9, 0x63, 0xf1, 0x62, 0xf1, 0x63, 0xf9,
    0x83, 0xf9, 0x82, 0xf1, 0x63, 0xf1, 0x63, 0xf1, 0x63, 0xf1, 0x62, 0xf1,
    0x62, 0xf1, 0x62, 0xf1, 0x62, 0xf1, 0x43, 0xf1, 0x62, 0xf1, 0x62, 0xf1,
    0x62, 0xf1, 0x62, 0xf1, 0x62, 0xf1, 0x62, 0xf1, 0x42, 0xf1, 0x62, 0xf1,
    0x42, 0xf1, 0x62, 0xf1, 0x62, 0xf1, 0x62, 0xf1, 0x62, 0xf1, 0x63, 0xf1,
    0x83, 0xf1, 0x63, 0xf1, 0x82, 0xf1, 0x82, 0xf1, 0x62, 0xf1, 0x62, 0xf9,
    0x42, 0xf1, 0x62, 0xf1, 0x62, 0xf1, 0x62, 0xf1, 0x62, 0xf1, 0x62, 0xf1,
    0x61, 0xf1, 0x42, 0xf1, 0x62, 0xf9, 0x62, 0xf1, 0x62, 0xf1, 0x62, 0xf9,
    0x62, 0xf1, 0x42, 0xf1, 0x62, 0xf9, 0x62, 0xf1, 0x42, 0xf1, 0x42, 0xf1,
    0x62, 0xf9, 0x62, 0xf1, 0x42, 0xf1, 0x42, 0xf1, 0x42, 0xf9, 0x62, 0xf1,
    0x62, 0xf9, 0x42, 0xf9, 0x42, 0xf1, 0x42, 0xf1, 0x62, 0xf9, 0x42, 0xf1,
    0x62, 0xf1, 0x62, 0xf9, 0x62, 0xf1, 0x62, 0xf1, 0x62, 0xf1, 0x42, 0xf1,
    0x63, 0xf9, 0x62, 0xf9, 0x63, 0xf1, 0x62, 0xf1, 0x62, 0xf9, 0x63, 0xf1,
    0x63, 0xf9, 0x63, 0xf9, 0x62, 0xf1, 0x62, 0xf9, 0x62, 0xf9, 0x62, 0xf1,
    0x62, 0xf9, 0x62, 0xf9, 0x62, 0xf1, 0x62, 0xf9, 0x62, 0xf9, 0x62, 0xf1,
    0x62, 0xf1, 0x62, 0xf1, 0x62, 0xf1, 0x62, 0xf1, 0x62, 0xf9, 0x62, 0xf1,
    0x62, 0xf1, 0x62, 0xf9, 0x82, 0xf1, 0x82, 0xf1, 0x82, 0xf1, 0x82, 0xf9,
    0x82, 0xf9, 0x82, 0xf1, 0x82, 0xf9, 0x83, 0xf9, 0x82, 0xf1, 0x83, 0xf9,
    0x62, 0xf1, 0x82, 0xf1, 0x82, 0xf9, 0x62, 0xf1, 0x62, 0xf9, 0x62, 0xf9,
    0x63, 0xf9, 0x63, 0xf9, 0x62, 0xf9, 0x62, 0xf9, 0x82, 0xf1, 0x62, 0xf9,
    0x62, 0xf1, 0x82, 0xf1, 0x82, 0xf9, 0x82, 0xf1, 0x82, 0xf9, 0x62, 0xf9,
    0x62, 0xf1, 0x62, 0xf1, 0x82, 0xf1, 0x82, 0xf1, 0x82, 0xf1, 0x82, 0xf9,
    0x82, 0xf9, 0x83, 0xf1, 0x82, 0xf9, 0x82, 0xf9, 0x82, 0xf9, 0x83, 0xf9,
    0x83, 0xe9, 0xb9, 0xf6, 0xdf, 0xff, 0xbf, 0xff, 0xbe, 0xff, 0xde, 0xff,
    0xbe, 0xff, 0xc8, 0xe2, 0x42, 0xf1, 0x62, 0xf1, 0x62, 0xf1, 0x62, 0xf1,
    0x82, 0xf1, 0x82, 0xf1, 0x82, 0xf1, 0x82, 0xf1, 0x82, 0xf1, 0x12, 0xf5,
    0xde, 0xff, 0xbf, 0xff, 0xbe, 0xff, 0xbe, 0xff, 0xdf, 0xff, 0xbe, 0xf7,
    0x3c, 0xf7, 0xc3, 0xe1, 0x82, 0xf1, 0x82, 0xf1, 0x82, 0xf9, 0xa3, 0xf1,
    0xa2, 0xf1, 0xa2, 0xf1, 0x82, 0xf1, 0xa2, 0xe9, 0x8b, 0xe3, 0xbe, 0xff,
    0xde, 0xff, 0xde, 0xff, 0xbf, 0xff, 0xdf, 0xff, 0x58, 0xf6, 0xa3, 0xe9,
    0x61, 0xf1, 0x82, 0xf1, 0x82, 0xf9, 0x83, 0xf1, 0x82, 0xf1, 0xa3, 0xf1,
    0x82, 0xf1, 0x82, 0xf1, 0x82, 0xf1, 0x83, 0xf1, 0x83, 0xf1, 0x82, 0xf1,
    0x82, 0xf1, 0x82, 0xf1, 0x62, 0xf1, 0x62, 0xf1, 0x62, 0xf1, 0x62, 0xf1,
    0x82, 0xf1, 0x62, 0xf1, 0x62, 0xf1, 0x63, 0xf9, 0x83, 0xf9, 0x82, 0xf9,
    0x62, 0xf9, 0x63, 0xf9, 0x62, 0xf1, 0x62, 0xf1, 0x62, 0xf1, 0x42, 0xf1,
    0x62, 0xf1, 0x42, 0xf1, 0x63, 0xf9, 0x62, 0xf9, 0x62, 0xf1, 0x62, 0xf1,
    0x63, 0xf1, 0x63, 0xf1, 0x62, 0xf9, 0x63, 0xf1, 0x63, 0xf9, 0x62, 0xf1,
    0x62, 0xf1, 0x62, 0xf9, 0x42, 0xf9, 0x42, 0xf1, 0x62, 0xf9, 0x62, 0xf1,
    0x62, 0xf1, 0x62, 0xf9, 0x62, 0xf1, 0x62, 0xf1, 0x62, 0xf9, 0x62, 0xf9,
    0x42, 0xf1, 0x62, 0xf9, 0x62, 0xf1, 0x62, 0xf1, 0x62, 0xf1, 0x62, 0xf1,
    0x62, 0xf1, 0x83, 0xf1, 0x83, 0xf9, 0x62, 0xf1, 0x62, 0xf1, 0x62, 0xf1,
    0x62, 0xf1, 0x62, 0xf1, 0x62, 0xf1, 0x62, 0xf1, 0x62, 0xf1, 0x62, 0xf1,
    0x62, 0xf1, 0x62, 0xf1, 0x62, 0xf1, 0x62, 0xf1, 0x62, 0xf1, 0x62, 0xf1,
    0x62, 0xf1, 0x62, 0xf1, 0x62, 0xf9, 0x62, 0xf1, 0x62, 0xf9, 0x62, 0xf1,
    0x63, 0xf9, 0x62, 0xf1, 0x63, 0xf1, 0x83, 0xf1, 0x62, 0xf9, 0x62, 0xf1,
    0x63, 0xf1, 0x62, 0xf9, 0x62, 0xf1, 0x63, 0xf9, 0x83, 0xf9, 0x83, 0xf1,
    0x62, 0xf1, 0x62, 0xf1, 0x62, 0xf9, 0x62, 0xf1, 0x62, 0xf1, 0x62, 0xf1,
    0x62, 0xf1, 0x62, 0xf1, 0x42, 0xf1, 0x62, 0xf9, 0x62, 0xf1, 0x62, 0xf1,
    0x62, 0xf1, 0x62, 0xf1, 0x62, 0xf1, 0x62, 0xf1, 0x63, 0xf1, 0x63, 0xf1,
    0x63, 0xf1, 0x62, 0xf1, 0x63, 0xf1, 0x62, 0xf1, 0x62, 0xf1, 0x82, 0xf1,
    0x82, 0xf9, 0x63, 0xf9, 0x62, 0xf1, 0x62, 0xf1, 0x62, 0xf9, 0x62, 0xf1,
    0x62, 0xf1, 0x62, 0xf1, 0x62, 0xf1, 0x63, 0xf1, 0x62, 0xf1, 0x62, 0xf1,
    0x62, 0xf1, 0x62, 0xf1, 0x62, 0xf1, 0x62, 0xf1, 0x62, 0xf1, 0x62, 0xf1,
    0x63, 0xf1, 0x82, 0xf1, 0x82, 0xf9, 0x62, 0xf9, 0x83, 0xf1, 0x82, 0xf9,
    0x62, 0xf1, 0x62, 0xf1, 0x83, 0xf9, 0x83, 0xf9, 0x82, 0xf9, 0x62, 0xf1,
    0x63, 0xf1, 0x63, 0xf1, 0x62, 0xf1, 0x62, 0xf1, 0x62, 0xf1, 0x42, 0xf1,
    0x62, 0xf1, 0x63, 0xf1, 0x82, 0xf1, 0x62, 0xf1, 0x62, 0xf1, 0x62, 0xf1,
    0x62, 0xf1, 0x62, 0xf1, 0x62, 0xf9, 0x62, 0xf1, 0x62, 0xf1, 0x62, 0xf9,
    0x62, 0xf1, 0x62, 0xf9, 0x63, 0xf9, 0x62, 0xf9, 0x63, 0xf1, 0x63, 0xf9,
    0x62, 0xf1, 0x62, 0xf9, 0x62, 0xf1, 0x62, 0xf1, 0x62, 0xf1, 0x62, 0xf9,
    0x62, 0xf1, 0x62, 0xf1, 0x62, 0xf9, 0x62, 0xf9, 0x62, 0xf1, 0x62, 0xf1,
    0x62, 0xf1, 0x62, 0xf1, 0x62, 0xf9, 0x42, 0xf1, 0x62, 0xf9, 0x62, 0xf9,
    0x42, 0xf1, 0x62, 0xf1, 0x62, 0xf9, 0x62, 0xf9, 0x62, 0xf1, 0x42, 0xf1,
    0x42, 0xf1, 0x62, 0xf1, 0x62, 0xf1, 0x62, 0xf9, 0x62, 0xf9, 0x62, 0xf1,
    0x62, 0xf9, 0x62, 0xf9, 0x62, 0xf9, 0x63, 0xf9, 0x62, 0xf9, 0x42, 0xf1,
    0x62, 0xf9, 0x63, 0xf9, 0x62, 0xf1, 0x62, 0xf9, 0x62, 0xf9, 0x62, 0xf1,
    0x62, 0xf9, 0x83, 0xf1, 0x82, 0xf9, 0x62, 0xf9, 0x83, 0xf9, 0x83, 0xf9,
    0x63, 0xf9, 0x83, 0xf9, 0x63, 0xf1, 0x62, 0xf1, 0x63, 0xf9, 0x83, 0xf9,
    0x62, 0xf1, 0x62, 0xf1, 0x62, 0xf1, 0x62, 0xf1, 0x62, 0xf1, 0x62, 0xf1,
    0x62, 0xf1, 0x62, 0xf1, 0x62, 0xf9, 0x82, 0xf9, 0x82, 0xf1, 0x82, 0xf9,
    0x63, 0xf1, 0x83, 0xf1, 0x82, 0xf1, 0x83, 0xf1, 0x82, 0xf9, 0x82, 0xf9,
    0x83, 0xf9, 0x82, 0xf9, 0x82, 0xf1, 0x83, 0xf9, 0x62, 0xf1, 0x62, 0xf1,
    0x82, 0xf9, 0x82, 0xf9, 0x83, 0xf1, 0x83, 0xf9, 0x82, 0xf9, 0x82, 0xf1,
    0x82, 0xf9, 0x82, 0xf9, 0x82, 0xf9, 0x82, 0xf9, 0x82, 0xf1, 0x82, 0xf1,
    0x83, 0xf1, 0x82, 0xf9, 0x82, 0xf9, 0x82, 0xf9, 0x82, 0xf9, 0x83, 0xf1,
    0x62, 0xf1, 0x82, 0xf9, 0x82, 0xf1, 0x83, 0xf9, 0x82, 0xf1, 0x82, 0xf1,
    0x83, 0xf9, 0x82, 0xf1, 0x2b, 0xdb, 0xbe, 0xff, 0xbf, 0xff, 0xde, 0xff,
    0xde, 0xff, 0xde, 0xff, 0x58, 0xf6, 0x83, 0xe9, 0x62, 0xf1, 0x62, 0xf1,
    0x62, 0xf1, 0x62, 0xf1, 0x82, 0xf1, 0x82, 0xf1, 0x62, 0xf1, 0x82, 0xf1,
    0x82, 0xf1, 0xd1, 0xf4, 0xbe, 0xff, 0xbe, 0xff, 0xbf, 0xff, 0xbf, 0xff,
    0xbe, 0xff, 0xbe, 0xff, 0x1c, 0xff, 0xa3, 0xe1, 0x82, 0xf9, 0x82, 0xf1,
    0x82, 0xf9, 0xa2, 0xf9, 0xa3, 0xf9, 0xa2, 0xf1, 0x82, 0xf1, 0xa2, 0xf1,
    0xc3, 0xe1, 0xba, 0xfe, 0xbe, 0xff, 0xde, 0xff, 0xbf, 0xff, 0xbf, 0xff,
    0x9e, 0xff, 0xe8, 0xe2, 0x82, 0xf1, 0x82, 0xf1, 0x82, 0xf9, 0x82, 0xf1,
    0xa3, 0xf1, 0xa3, 0xf9, 0x82, 0xf1, 0x83, 0xf1, 0x83, 0xf9, 0x82, 0xf1,
    0x83, 0xf1, 0xa2, 0xf1, 0x82, 0xf1, 0x83, 0xf1, 0x82, 0xf1, 0x82, 0xf1,
    0x83, 0xf1, 0x62, 0xf1, 0x82, 0xf1, 0x62, 0xf1, 0x63, 0xf9, 0x82, 0xf1,
    0x82, 0xf1, 0x82, 0xf9, 0x82, 0xf1, 0x62, 0xf1, 0x62, 0xf1, 0x62, 0xf9,
    0x62, 0xf9, 0x62, 0xf1, 0x62, 0xf1, 0x62, 0xf1, 0x62, 0xf1, 0x62, 0xf1,
    0x62, 0xf9, 0x62, 0xf9, 0x63, 0xf1, 0x62, 0xf9, 0x62, 0xf1, 0x62, 0xf1,
    0x83, 0xf9, 0x62, 0xf1, 0x63, 0xf9, 0x62, 0xf1, 0x62, 0xf1, 0x42, 0xf1,
    0x62, 0xf1, 0x62, 0xf1, 0x62, 0xf9, 0x62, 0xf1, 0x62, 0xf9, 0x62, 0xf1,
    0x62, 0xf1, 0x62, 0xf9, 0x62, 0xf1, 0x62, 0xf1, 0x62, 0xf9, 0x82, 0xf1,
    0x62, 0xf9, 0x62, 0xf1, 0x82, 0xf9, 0x82, 0xf9, 0x63, 0xf1, 0x83, 0xf1,
    0x62, 0xf1, 0x62, 0xf1, 0x62, 0xf1, 0x62, 0xf9, 0x62, 0xf1, 0x62, 0xf1,
    0x82, 0xf1, 0x82, 0xf9, 0x82, 0xf1, 0x82, 0xf9, 0x82, 0xf1, 0x82, 0xf1,
    0x82, 0xf1, 0x82, 0xf1, 0x82, 0xf1, 0x82, 0xf1, 0x62, 0xf1, 0x62, 0xf9,
    0x83, 0xf9, 0x83, 0xf1, 0x82, 0xf1, 0x82, 0xf9, 0x63, 0xf9, 0x83, 0xf1,
    0x62, 0xf9, 0x63, 0xf1, 0x62, 0xf1, 0x62, 0xf1, 0x83, 0xf9, 0x82, 0xf9,
    0x82, 0xf9, 0x63, 0xf9, 0x62, 0xf1, 0x83, 0xf1, 0x62, 0xf1, 0x62, 0xf9,
    0x62, 0xf1, 0x42, 0xf1, 0x62, 0xf1, 0x42, 0xf1, 0x62, 0xf9, 0x62, 0xf1,
    0x63, 0xf9, 0x63, 0xf1, 0x62, 0xf1, 0x63, 0xf1, 0x62, 0xf1, 0x62, 0xf1,
    0x62, 0xf1, 0x62, 0xf1, 0x62, 0xf1, 0x62, 0xf1, 0x62, 0xf1, 0x62, 0xf1,
    0x83, 0xf9, 0x62, 0xf1, 0x62, 0xf1, 0x62, 0xf1, 0x62, 0xf1, 0x62, 0xf1,
    0x62, 0xf1, 0x62, 0xf1, 0x42, 0xf1, 0x62, 0xf1, 0x42, 0xf1, 0x62, 0xf1,
    0x62, 0xf1, 0x62, 0xf1, 0x63, 0xf1, 0x63, 0xf1, 0x62, 0xf1, 0x62, 0xf9,
    0x62, 0xf1, 0x62, 0xf1, 0x62, 0xf1, 0x62, 0xf1, 0x82, 0xf1, 0x82, 0xf1,
    0x82, 0xf9, 0x63, 0xf1, 0x82, 0xf1, 0x83, 0xf1, 0x82, 0xf1, 0x62, 0xf1,
    0x83, 0xf9, 0x82, 0xf1, 0x83, 0xf1, 0x83, 0xf9, 0x62, 0xf1, 0x63, 0xf1,
    0x62, 0xf1, 0x62, 0xf1, 0x62, 0xf1, 0x62, 0xf1, 0x83, 0xf1, 0x62, 0xf1,
    0x62, 0xf1, 0x62, 0xf1, 0x62, 0xf1, 0x62, 0xf1, 0x62, 0xf1, 0x62, 0xf1,
    0x62, 0xf1, 0x62, 0xf9, 0x82, 0xf1, 0x82, 0xf1, 0x82, 0xf1, 0x82, 0xf9,
    0x62, 0xf1, 0x62, 0xf1, 0x82, 0xf9, 0x62, 0xf1, 0x62, 0xf1, 0x62, 0xf9,
    0x62, 0xf9, 0x82, 0xf1, 0x62, 0xf9, 0x62, 0xf1, 0x62, 0xf1, 0x62, 0xf9,
    0x62, 0xf1, 0x62, 0xf9, 0x62, 0xf9, 0x62, 0xf1, 0x62, 0xf9, 0x62, 0xf9,
    0x42, 0xf1, 0x42, 0xf1, 0x62, 0xf9, 0x42, 0xf1, 0x62, 0xf9, 0x62, 0xf9,
    0x63, 0xf9, 0x62, 0xf9, 0x62, 0xf9, 0x62, 0xf1, 0x62, 0xf1, 0x62, 0xf1,
    0x62, 0xf1, 0x62, 0xf1, 0x62, 0xf1, 0x62, 0xf1, 0x62, 0xf1, 0x62, 0xf1,
    0x62, 0xf9, 0x62, 0xf1, 0x62, 0xf1, 0x62, 0xf1, 0x63, 0xf1, 0x62, 0xf1,
    0x62, 0xf1, 0x63, 0xf1, 0x83, 0xf1, 0x82, 0xf1, 0x82, 0xf1, 0x82, 0xf1,
    0x82, 0xf1, 0x82, 0xf9, 0x62, 0xf1, 0x82, 0xf9, 0x83, 0xf9, 0x82, 0xf9,
    0x82, 0xf9, 0x82, 0xf1, 0x82, 0xf1, 0x82, 0xf1, 0x82, 0xf1, 0x82, 0xf1,
    0x82, 0xf1, 0x82, 0xf1, 0x82, 0xf9, 0x82, 0xf1, 0x82, 0xf1, 0x82, 0xf1,
    0x82, 0xf1, 0x82, 0xf1, 0x82, 0xf1, 0x82, 0xf1, 0x83, 0xf9, 0x82, 0xf9,
    0x83, 0xf1, 0x82, 0xf1, 0x82, 0xf1, 0x83, 0xf1, 0x82, 0xf9, 0x82, 0xf9,
    0x82, 0xf9, 0x82, 0xf9, 0x83, 0xf1, 0x82, 0xf1, 0x82, 0xf1, 0x82, 0xf1,
    0x83, 0xf9, 0x82, 0xf1, 0x82, 0xf1, 0x83, 0xf1, 0x82, 0xf1, 0x82, 0xf1,
    0x83, 0xf9, 0x82, 0xf1, 0x82, 0xf1, 0x82, 0xf1, 0x82, 0xf1, 0x82, 0xf9,
    0x82, 0xf1, 0x83, 0xf9, 0x82, 0xf1, 0x82, 0xf1, 0x82, 0xf1, 0x82, 0xf9,
    0x82, 0xf9, 0x82, 0xf1, 0x82, 0xf1, 0xa3, 0xe9, 0xd6, 0xed, 0xbe, 0xff,
    0xde, 0xff, 0xbe, 0xff, 0xbf, 0xff, 0xbe, 0xff, 0xcc, 0xe3, 0x62, 0xe9,
    0x62, 0xf1, 0x82, 0xf1, 0x82, 0xf1, 0x62, 0xf1, 0x82, 0xf1, 0x82, 0xf1,
    0x82, 0xf1, 0x82, 0xf1, 0x82, 0xf1, 0x8f, 0xec, 0xbe, 0xff, 0xbe, 0xff,
    0xdf, 0xff, 0xbe, 0xff, 0xbe, 0xff, 0xbe, 0xff, 0x1c, 0xff, 0xa2, 0xe1,
    0x82, 0xf9, 0x82, 0xf1, 0xa2, 0xf1, 0xa2, 0xf1, 0xa2, 0xf1, 0xa3, 0xf9,
    0xa2, 0xf1, 0xa2, 0xf1, 0xc3, 0xe9, 0xed, 0xe3, 0xbe, 0xff, 0xbf, 0xff,
    0xbe, 0xff, 0xbe, 0xff, 0xbe, 0xff, 0x53, 0xe5, 0xa2, 0xe9, 0x82, 0xf1,
    0x82, 0xf1, 0xa2, 0xf1, 0xa2, 0xf1, 0xa2, 0xf1, 0xa2, 0xf1, 0xa2, 0xf1,
    0xa2, 0xf1, 0x82, 0xf1, 0x82, 0xf1, 0x82, 0xf1, 0x83, 0xf1, 0x82, 0xf1,
    0x82, 0xf1, 0x82, 0xf1, 0x83, 0xf1, 0x83, 0xf1, 0x82, 0xf1, 0x82, 0xf1,
    0x62, 0xf9, 0x82, 0xf1, 0x62, 0xf1, 0x82, 0xf1, 0x83, 0xf9, 0x82, 0xf9,
    0x62, 0xf1, 0x63, 0xf1, 0x62, 0xf1, 0x62, 0xf1, 0x62, 0xf1, 0x63, 0xf1,
    0x62, 0xf9, 0x63, 0xf1, 0x63, 0xf1, 0x62, 0xf9, 0x62, 0xf1, 0x83, 0xf9,
    0x62, 0xf1, 0x62, 0xf1, 0x62, 0xf9, 0x62, 0xf1, 0x62, 0xf1, 0x42, 0xf1,
    0x62, 0xf9, 0x62, 0xf1, 0x62, 0xf9, 0x62, 0xf1, 0x82, 0xf9, 0x82, 0xf9,
    0x82, 0xf9, 0x82, 0xf9, 0x62, 0xf1, 0x62, 0xf9, 0x62, 0xf1, 0x62, 0xf1,
    0x82, 0xf1, 0x82, 0xf9, 0x82, 0xf1, 0x82, 0xf1, 0x62, 0xf1, 0x82, 0xf1,
    0x82, 0xf9, 0x82, 0xf1, 0x82, 0xf1, 0x62, 0xf1, 0x62, 0xf1, 0x82, 0xf1,
    0x62, 0xf1, 0x82, 0xf1, 0x62, 0xf1, 0x63, 0xf1, 0x82, 0xf1, 0x83, 0xf1,
    0x83, 0xf9, 0x82, 0xf1, 0x83, 0xf1, 0x82, 0xf9, 0x82, 0xf9, 0x82, 0xf1,
    0x82, 0xf1, 0x82, 0xf9, 0x82, 0xf1, 0x82, 0xf1, 0x83, 0xf1, 0x82, 0xf9,
    0x82, 0xf9, 0x82, 0xf1, 0x62, 0xf1, 0x62, 0xf9, 0x62, 0xf1, 0x82, 0xf1,
    0x83, 0xf1, 0x82, 0xf1, 0x83, 0xf1, 0x83, 0xf9, 0x82, 0xf9, 0x62, 0xf1,
    0x62, 0xf1, 0x62, 0xf1, 0x62, 0xf1, 0x62, 0xf1, 0x62, 0xf1, 0x62, 0xf1,
    0x62, 0xf1, 0x62, 0xf1, 0x83, 0xf9, 0x83, 0xf1, 0x82, 0xf1, 0x82, 0xf1,
    0x83, 0xf1, 0x82, 0xf1, 0x62, 0xf1, 0x62, 0xf1, 0x62, 0xf1, 0x62, 0xf1,
    0x62, 0xf1, 0x62, 0xf1, 0x62, 0xf1, 0x62, 0xf1, 0x63, 0xf9, 0x62, 0xf1,
    0x62, 0xf9, 0x63, 0xf1, 0x62, 0xf1, 0x62, 0xf1, 0x62, 0xf1, 0x62, 0xf1,
    0x62, 0xf1, 0x62, 0xf1, 0x62, 0xf1, 0x62, 0xf1, 0x82, 0xf1, 0x83, 0xf1,
    0x63, 0xf1, 0x62, 0xf1, 0x83, 0xf9, 0x83, 0xf1, 0x82, 0xf1, 0x82, 0xf1,
    0x82, 0xf9, 0x83, 0xf1, 0x82, 0xf1, 0x82, 0xf9, 0x83, 0xf9, 0x83, 0xf1,
    0x83, 0xf9, 0x82, 0xf1, 0x83, 0xf1, 0x82, 0xf1, 0x82, 0xf1, 0x82, 0xf1,
    0x62, 0xf1, 0x82, 0xf1, 0x62, 0xf1, 0x82, 0xf1, 0x62, 0xf1, 0x82, 0xf1,
    0x83, 0xf1, 0x62, 0xf1, 0x82, 0xf1, 0x82, 0xf1, 0x82, 0xf1, 0x62, 0xf1,
    0x82, 0xf1, 0x82, 0xf1, 0x82, 0xf1, 0x82, 0xf1, 0x82, 0xf1, 0x82, 0xf1,
    0x62, 0xf1, 0x82, 0xf1, 0x82, 0xf9, 0x82, 0xf1, 0x82, 0xf9, 0x82, 0xf9,
    0x82, 0xf1, 0x82, 0xf1, 0x62, 0xf1, 0x82, 0xf1, 0x62, 0xf9, 0x62, 0xf1,
    0x62, 0xf1, 0x62, 0xf1, 0x62, 0xf1, 0x62, 0xf1, 0x62, 0xf9, 0x62, 0xf1,
    0x62, 0xf1, 0x62, 0xf9, 0x62, 0xf1, 0x62, 0xf1, 0x42, 0xf9, 0x42, 0xf1,
    0x62, 0xf1, 0x62, 0xf1, 0x42, 0xf1, 0x42, 0xf1, 0x62, 0xf9, 0x62, 0xf1,
    0x62, 0xf9, 0x62, 0xf1, 0x62, 0xf1, 0x62, 0xf1, 0x83, 0xf1, 0x83, 0xf9,
    0x62, 0xf1, 0x82, 0xf1, 0x63, 0xf9, 0x63, 0xf1, 0x82, 0xf1, 0x83, 0xf9,
    0x62, 0xf1, 0x62, 0xf1, 0x62, 0xf1, 0x82, 0xf1, 0x62, 0xf9, 0x82, 0xf9,
    0x82, 0xf1, 0x82, 0xf1, 0x82, 0xf1, 0x82, 0xf9, 0x82, 0xf9, 0x82, 0xf1,
    0x82, 0xf9, 0x82, 0xf9, 0x82, 0xf9, 0xa2, 0xf1, 0x83, 0xf1, 0x82, 0xf1,
    0x82, 0xf1, 0x83, 0xf9, 0x82, 0xf1, 0x82, 0xf1, 0x82, 0xf1, 0xa2, 0xf9,
    0x83, 0xf1, 0xa3, 0xf1, 0xa2, 0xf1, 0xa2, 0xf1, 0x82, 0xf1, 0x82, 0xf1,
    0x82, 0xf1, 0x82, 0xf1, 0x83, 0xf1, 0x82, 0xf1, 0x82, 0xf1, 0x82, 0xf1,
    0x82, 0xf9, 0x82, 0xf9, 0x62, 0xf1, 0x82, 0xf9, 0x83, 0xf1, 0x82, 0xf1,
    0x82, 0xf9, 0x82, 0xf1, 0x83, 0xf9, 0x82, 0xf1, 0x82, 0xf1, 0x82, 0xf1,
    0x82, 0xf1, 0x82, 0xf1, 0x82, 0xf1, 0x82, 0xf9, 0x82, 0xf1, 0xa2, 0xf1,
    0xa2, 0xf1, 0xa2, 0xf1, 0xa3, 0xf1, 0xa2, 0xf9, 0x82, 0xf9, 0x82, 0xf1,
    0x82, 0xf1, 0x83, 0xf9, 0xa2, 0xf9, 0x82, 0xf1, 0x82, 0xf1, 0x46, 0xd2,
    0x7c, 0xff, 0xbe, 0xff, 0xbf, 0xff, 0xde, 0xff, 0xbf, 0xff, 0xda, 0xf6,
    0xc3, 0xe1, 0x62, 0xf1, 0x62, 0xf1, 0x82, 0xf1, 0x82, 0xf1, 0x82, 0xf1,
    0x82, 0xf1, 0x82, 0xf1, 0x82, 0xf1, 0xa2, 0xf1, 0xa2, 0xf1, 0x0e, 0xf4,
    0xbe, 0xff, 0xbe, 0xff, 0xbf, 0xff, 0xdf, 0xf7, 0xbf, 0xff, 0xde, 0xf7,
    0xfb, 0xfe, 0x82, 0xe1, 0x82, 0xf1, 0x82, 0xf1, 0x82, 0xf1, 0xa3, 0xf1,
    0xa3, 0xf1, 0xc2, 0xf1, 0xa2, 0xf1, 0xc2, 0xf1, 0xc2, 0xe9, 0x25, 0xe2,
    0x3c, 0xff, 0xde, 0xff, 0xde, 0xff, 0xde, 0xff, 0xbe, 0xf7, 0x7d, 0xf7,
    0x86, 0xea, 0x82, 0xf1, 0xa2, 0xf1, 0xa2, 0xf1, 0xa2, 0xf1, 0xa2, 0xf1,
    0xa2, 0xf1, 0xa2, 0xf1, 0x83, 0xf1, 0xa3, 0xf1, 0x82, 0xf1, 0xa2, 0xf1,
    0x83, 0xf1, 0x82, 0xf1, 0x82, 0xf1, 0xa3, 0xf1, 0x82, 0xf1, 0x82, 0xf1,
    0xa3, 0xf9, 0x82, 0xf1, 0x82, 0xf1, 0x82, 0xf9, 0x82, 0xf1, 0x63, 0xf1,
    0x82, 0xf1, 0x82, 0xf9, 0x62, 0xf1, 0x82, 0xf1, 0x82, 0xf1, 0x63, 0xf1,
    0x82, 0xf1, 0x82, 0xf1, 0x63, 0xf9, 0x62, 0xf9, 0x82, 0xf1, 0x83, 0xf1,
    0x62, 0xf1, 0x62, 0xf1, 0x83, 0xf9, 0x63, 0xf1, 0x62, 0xf9, 0x82, 0xf1,
    0x62, 0xf1, 0x62, 0xf1, 0x62, 0xf9, 0x62, 0xf1, 0x62, 0xf1, 0x82, 0xf1,
    0x82, 0xf9, 0x82, 0xf1, 0x83, 0xf9, 0x82, 0xf9, 0x82, 0xf9, 0x82, 0xf9,
    0x62, 0xf9, 0x82, 0xf9, 0x62, 0xf1, 0x82, 0xf1, 0x82, 0xf1, 0x83, 0xf1,
    0x82, 0xf1, 0x83, 0xf1, 0xa3, 0xf9, 0x82, 0xf1, 0x83, 0xf1, 0x83, 0xf1,
    0x82, 0xf1, 0x82, 0xf1, 0x82, 0xf1, 0x82, 0xf1, 0x83, 0xf1, 0x82, 0xf1,
    0x82, 0xf1, 0x63, 0xf1, 0x82, 0xf1, 0x82, 0xf1, 0x82, 0xf1, 0x82, 0xf1,
    0x82, 0xf9, 0x82, 0xf1, 0x83, 0xf1, 0x82, 0xf1, 0x82, 0xf1, 0x62, 0xf1,
    0x63, 0xf1, 0x62, 0xf1, 0x82, 0xf1, 0x82, 0xf1, 0x82, 0xf9, 0x82, 0xf1,
    0x62, 0xf9, 0x62, 0xf9, 0x82, 0xf1, 0x82, 0xf1, 0x83, 0xf1, 0x83, 0xf1,
    0x82, 0xf1, 0x83, 0xf1, 0x62, 0xf1, 0x62, 0xf1, 0x83, 0xf1, 0x83, 0xf1,
    0x63, 0xf9, 0x62, 0xf1, 0x62, 0xf1, 0x83, 0xf1, 0x62, 0xf9, 0x82, 0xf1,
    0x82, 0xf1, 0x83, 0xf1, 0x83, 0xf1, 0x82, 0xf1, 0x62, 0xf1, 0x62, 0xf1,
    0x62, 0xf1, 0x62, 0xf1, 0x62, 0xf1, 0x62, 0xf1, 0x83, 0xf1, 0x82, 0xf1,
    0x62, 0xf1, 0x62, 0xf1, 0x63, 0xf9, 0x62, 0xf9, 0x63, 0xf1, 0x62, 0xf1,
    0x62, 0xf1, 0x62, 0xf1, 0x62, 0xf1, 0x62, 0xf1, 0x62, 0xe9, 0x82, 0xf1,
    0x83, 0xf1, 0x82, 0xf1, 0x82, 0xf1, 0x82, 0xf1, 0x83, 0xf1, 0x83, 0xf1,
    0x82, 0xf1, 0x83, 0xf1, 0x82, 0xf9, 0x82, 0xf1, 0x83, 0xf1, 0x82, 0xf9,
    0xa2, 0xf9, 0xa3, 0xf1, 0x82, 0xf1, 0x82, 0xf9, 0x83, 0xf1, 0x83, 0xf1,
    0x82, 0xf9, 0x83, 0xf9, 0x83, 0xf1, 0x82, 0xf1, 0x83, 0xf1, 0x82, 0xf1,
    0x82, 0xf1, 0x82, 0xf1, 0x83, 0xf1, 0x82, 0xf1, 0x82, 0xf1, 0x82, 0xf1,
    0x82, 0xf1, 0x82, 0xf1, 0x82, 0xf1, 0x82, 0xf1, 0x82, 0xf9, 0x82, 0xf1,
    0x82, 0xf1, 0x82, 0xf9, 0x82, 0xf1, 0x82, 0xf1, 0x82, 0xf9, 0x82, 0xf9,
    0x82, 0xf1, 0x82, 0xf9, 0x82, 0xf1, 0x82, 0xf9, 0x82, 0xf9, 0x82, 0xf9,
    0x82, 0xf9, 0x62, 0xf1, 0x62, 0xf9, 0x62, 0xf9, 0x82, 0xf9, 0x82, 0xf9,
    0x82, 0xf1, 0x82, 0xf9, 0x62, 0xf1, 0x62, 0xf1, 0x62, 0xf9, 0x62, 0xf9,
    0x62, 0xf1, 0x62, 0xf1, 0x62, 0xf1, 0x62, 0xf1, 0x62, 0xf1, 0x62, 0xf1,
    0x62, 0xf1, 0x62, 0xf9, 0x62, 0xf1, 0x62, 0xf1, 0x62, 0xf9, 0x82, 0xf1,
    0x82, 0xf9, 0x63, 0xf9, 0x82, 0xf1, 0x82, 0xf1, 0x62, 0xf9, 0x62, 0xf9,
    0x82, 0xf1, 0x82, 0xf9, 0x83, 0xf9, 0x82, 0xf9, 0x62, 0xf9, 0x82, 0xf1,
    0x82, 0xf1, 0x82, 0xf1, 0x83, 0xf9, 0x83, 0xf9, 0x82, 0xf9, 0x82, 0xf1,
    0x82, 0xf1, 0x82, 0xf9, 0xa3, 0xf1, 0x82, 0xf1, 0xa2, 0xf9, 0xa3, 0xf1,
    0xa3, 0xf9, 0xa2, 0xf1, 0xa2, 0xf1, 0xa2, 0xf1, 0xa2, 0xf1, 0x82, 0xf1,
    0xa3, 0xf1, 0xa3, 0xf9, 0xa2, 0xf1, 0xa2, 0xf1, 0xa2, 0xf9, 0xa2, 0xf1,
    0xa2, 0xf1, 0xa2, 0xf1, 0xa2, 0xf1, 0xa2, 0xf9, 0x83, 0xf1, 0x82, 0xf9,
    0x82, 0xf9, 0x82, 0xf1, 0x82, 0xf9, 0x82, 0xf1, 0x82, 0xf1, 0x82, 0xf9,
    0xa2, 0xf9, 0xa3, 0xf9, 0xa2, 0xf1, 0xa2, 0xf9, 0x82, 0xf1, 0x82, 0xf1,
    0x82, 0xf9, 0x82, 0xf1, 0x82, 0xf9, 0xa2, 0xf1, 0x82, 0xf1, 0xa2, 0xf1,
    0x82, 0xf9, 0x83, 0xf9, 0xa2, 0xf9, 0xa2, 0xf1, 0xa2, 0xf9, 0xa2, 0xf9,
    0xa2, 0xf9, 0x82, 0xf1, 0xa2, 0xf9, 0xa3, 0xf9, 0xa3, 0xf9, 0x82, 0xf1,
    0xa3, 0xe9, 0xb5, 0xf5, 0xbd, 0xff, 0xbe, 0xff, 0xde, 0xff, 0xde, 0xff,
    0xbf, 0xff, 0xd0, 0xe4, 0x61, 0xe9, 0x62, 0xf1, 0x82, 0xf1, 0x82, 0xf1,
    0x82, 0xf1, 0x82, 0xf1, 0x82, 0xf1, 0x82, 0xf1, 0xa2, 0xf1, 0xa2, 0xf1,
    0xa2, 0xf1, 0x8b, 0xe3, 0xbe, 0xff, 0xbe, 0xff, 0xbe, 0xff, 0xbf, 0xff,
    0xbe, 0xff, 0xdf, 0xff, 0xba, 0xfe, 0xa2, 0xe9, 0xa2, 0xf1, 0xa2, 0xf1,
    0x82, 0xf9, 0xa2, 0xf9, 0xa3, 0xf9, 0xa2, 0xf1, 0xa3, 0xf1, 0xc2, 0xf1,
    0xa2, 0xf1, 0xa2, 0xe9, 0x12, 0xed, 0xde, 0xf7, 0xbe, 0xff, 0xbe, 0xff,
    0xde, 0xff, 0xbe, 0xff, 0x6f, 0xdc, 0xa2, 0xf1, 0xa2, 0xf1, 0xa2, 0xf9,
    0xa2, 0xf1, 0xa2, 0xf9, 0xa2, 0xf1, 0x82, 0xf1, 0xa3, 0xf1, 0xa2, 0xf1,
    0xa2, 0xf1, 0xa3, 0xf1, 0xa3, 0xf1, 0xa2, 0xf1, 0xa2, 0xf1, 0xa3, 0xf9,
    0x82, 0xf1, 0xa2, 0xf1, 0xa3, 0xf9, 0x82, 0xf1, 0x83, 0xf1, 0x83, 0xf9,
    0x82, 0xf1, 0x82, 0xf9, 0x82, 0xf1, 0x83, 0xf1, 0x83, 0xf9, 0x82, 0xf1,
    0x82, 0xf1, 0x82, 0xf9, 0x83, 0xf1, 0x82, 0xf1, 0x82, 0xf1, 0x62, 0xf1,
    0x82, 0xf1, 0x83, 0xf9, 0x62, 0xf1, 0x62, 0xf1, 0x83, 0xf9, 0x82, 0xf9,
    0x62, 0xf1, 0x62, 0xf9, 0x62, 0xf1, 0x62, 0xf9, 0x62, 0xf1, 0x62, 0xf1,
    0x83, 0xf9, 0x82, 0xf9, 0x83, 0xf9, 0x82, 0xf1, 0x82, 0xf1, 0x83, 0xf1,
    0x82, 0xf1, 0x83, 0xf1, 0x82, 0xf1, 0x82, 0xf1, 0x82, 0xf9, 0x82, 0xf1,
    0x82, 0xf9, 0x82, 0xf9, 0x83, 0xf9, 0xa2, 0xf1, 0x83, 0xf1, 0x82, 0xf1,
    0x82, 0xf1, 0x82, 0xf1, 0x82, 0xf1, 0x83, 0xf1, 0x82, 0xf1, 0x82, 0xf1,
    0x82, 0xf1, 0x82, 0xf1, 0x82, 0xf1, 0x82, 0xf1, 0x82, 0xf9, 0x83, 0xf1,
    0x83, 0xf1, 0x82, 0xf1, 0x83, 0xf9, 0x82, 0xf9, 0x82, 0xf1, 0x62, 0xf1,
    0x82, 0xf9, 0x83, 0xf1, 0x82, 0xf1, 0x82, 0xf1, 0x83, 0xf9, 0x82, 0xf9,
    0x83, 0xf1, 0x82, 0xf9, 0x83, 0xf1, 0x83, 0xf9, 0x82, 0xf1, 0x82, 0xf9,
    0x82, 0xf9, 0x82, 0xf1, 0x83, 0xf1, 0x83, 0xf1, 0x82, 0xf1, 0x82, 0xf1,
    0x83, 0xf1, 0x62, 0xf1, 0x62, 0xf9, 0x82, 0xf1, 0x82, 0xf1, 0x83, 0xf9,
    0x82, 0xf1, 0x83, 0xf1, 0x83, 0xf9, 0x82, 0xf1, 0x82, 0xf1, 0x83, 0xf1,
    0x62, 0xf1, 0x82, 0xf1, 0x83, 0xf1, 0x62, 0xf1, 0x83, 0xf1, 0x82, 0xf1,
    0x83, 0xf1, 0xa3, 0xf9, 0x82, 0xf9, 0x83, 0xf9, 0x83, 0xf1, 0x82, 0xf1,
    0x62, 0xf9, 0x82, 0xf1, 0x83, 0xf1, 0x83, 0xf1, 0x82, 0xf1, 0x62, 0xf1,
    0x83, 0xf1, 0x83, 0xf1, 0x83, 0xf1, 0x83, 0xf1, 0x83, 0xf1, 0x82, 0xf1,
    0x83, 0xf1, 0x83, 0xf1, 0x83, 0xf1, 0x82, 0xf1, 0x82, 0xf1, 0x82, 0xf1,
    0xa2, 0xf1, 0xa3, 0xf1, 0xa2, 0xf9, 0xa3, 0xf1, 0xa3, 0xf9, 0x82, 0xf1,
    0xa3, 0xf1, 0xa2, 0xf1, 0xa2, 0xf1, 0xa3, 0xf1, 0xa2, 0xf1, 0xa2, 0xf1,
    0xa3, 0xf1, 0xa3, 0xf1, 0xa2, 0xf1, 0xa3, 0xf1, 0xa2, 0xf1, 0xa3, 0xf1,
    0x82, 0xf1, 0x82, 0xf1, 0x82, 0xf1, 0x82, 0xf1, 0x82, 0xf1, 0x82, 0xf1,
    0xa2, 0xf1, 0xa2, 0xf1, 0xa2, 0xf1, 0xa3, 0xf1, 0x82, 0xf1, 0x82, 0xf1,
    0x82, 0xf1, 0x82, 0xf1, 0x82, 0xf1, 0x82, 0xf9, 0x83, 0xf1, 0x82, 0xf1,
    0x83, 0xf1, 0x83, 0xf1, 0x82, 0xf1, 0x82, 0xf1, 0x82, 0xf1, 0x82, 0xf9,
    0x82, 0xf9, 0x83, 0xf1, 0x83, 0xf9, 0x82, 0xf9, 0x83, 0xf9, 0x82, 0xf9,
    0x62, 0xf1, 0x62, 0xf1, 0x62, 0xf1, 0x62, 0xf9, 0x62, 0xf1, 0x62, 0xf9,
    0x62, 0xf9, 0x62, 0xf1, 0x82, 0xf9, 0x82, 0xf1, 0x82, 0xf1, 0x82, 0xf9,
    0x82, 0xf1, 0x82, 0xf1, 0x83, 0xf1, 0x82, 0xf1, 0x82, 0xf9, 0x82, 0xf1,
    0x82, 0xf9, 0x83, 0xf1, 0x82, 0xf1, 0x82, 0xf1, 0x82, 0xf9, 0x83, 0xf1,
    0x62, 0xf9, 0x82, 0xf9, 0x83, 0xf1, 0x82, 0xf1, 0x82, 0xf1, 0xa2, 0xf1,
    0xa2, 0xf1, 0x82, 0xf9, 0x82, 0xf1, 0x82, 0xf9, 0xa3, 0xf9, 0x82, 0xf9,
    0xa2, 0xf9, 0xa2, 0xf1, 0xa2, 0xf1, 0xa2, 0xf9, 0xa2, 0xf1, 0xa2, 0xf1,
    0xa2, 0xf1, 0xa2, 0xf1, 0xa3, 0xf9, 0xa2, 0xf1, 0xa2, 0xf1, 0xa2, 0xf1,
    0x82, 0xf1, 0xa2, 0xf1, 0x82, 0xf9, 0x82, 0xf1, 0xa2, 0xf1, 0xa2, 0xf1,
    0xa3, 0xf9, 0xa3, 0xf1, 0x82, 0xf1, 0x82, 0xf1, 0xa3, 0xf1, 0xa3, 0xf1,
    0xa2, 0xf1, 0xa2, 0xf1, 0xa3, 0xf9, 0xa2, 0xf9, 0xa2, 0xf1, 0xa2, 0xf9,
    0xa2, 0xf1, 0xa3, 0xf1, 0xa2, 0xf1, 0xa2, 0xf9, 0xa2, 0xf1, 0xa3, 0xf1,
    0xa3, 0xf9, 0xa2, 0xf1, 0xa2, 0xf1, 0xa3, 0xf1, 0xa2, 0xf9, 0xa2, 0xf9,
    0xa2, 0xf1, 0xa2, 0xf1, 0xc2, 0xf1, 0xa3, 0xf9, 0xa2, 0xf9, 0xa2, 0xf9,
    0xa2, 0xf1, 0xa2, 0xf1, 0x66, 0xea, 0x1b, 0xf7, 0xbe, 0xff, 0xde, 0xff,
    0xbe, 0xff, 0xbe, 0xff, 0x7c, 0xff, 0x25, 0xda, 0x61, 0xe9, 0x82, 0xf1,
    0x82, 0xf1, 0x82, 0xf1, 0x82, 0xf1, 0x82, 0xf1, 0xa3, 0xf1, 0xa2, 0xf1,
    0xa2, 0xf1, 0xa2, 0xf1, 0xa2, 0xf1, 0xe8, 0xda, 0xbe, 0xff, 0xbe, 0xff,
    0xbf, 0xff, 0xde, 0xff, 0xbe, 0xff, 0xbf, 0xff, 0x57, 0xfe, 0xc2, 0xf1,
    0xa2, 0xf1, 0xa2, 0xf1, 0xa2, 0xf1, 0xa2, 0xf9, 0xc2, 0xf1, 0xc2, 0xf1,
    0xa2, 0xf1, 0xc2, 0xf1, 0xc2, 0xf1, 0xc2, 0xe9, 0x86, 0xe2, 0x5c, 0xf7,
    0xbe, 0xff, 0xbe, 0xff, 0xbe, 0xff, 0xbe, 0xff, 0x3b, 0xf7, 0x04, 0xe2,
    0xa2, 0xf1, 0xa2, 0xf1, 0xa2, 0xf1, 0xa2, 0xf1, 0xa2, 0xf9, 0xc2, 0xf1,
    0xa2, 0xf1, 0xa2, 0xf1, 0xa2, 0xf1, 0xa2, 0xf1, 0xa2, 0xf1, 0xa2, 0xf1,
    0xa2, 0xf1, 0xa2, 0xf1, 0xa2, 0xf1, 0xa2, 0xf1, 0x82, 0xf9, 0xa2, 0xf1,
    0x82, 0xf1, 0x82, 0xf9, 0x82, 0xf1, 0x82, 0xf1, 0x82, 0xf1, 0x82, 0xf1,
    0x83, 0xf9, 0x82, 0xf1, 0x82, 0xf1, 0x83, 0xf9, 0x82, 0xf1, 0x82, 0xf1,
    0x83, 0xf1, 0x82, 0xf1, 0x83, 0xf1, 0x83, 0xf1, 0x62, 0xf1, 0x82, 0xf1,
    0x82, 0xf1, 0x82, 0xf9, 0x82, 0xf9, 0x82, 0xf9, 0x62, 0xf1, 0x82, 0xf9,
    0x82, 0xf9, 0x82, 0xf1, 0x82, 0xf1, 0xa3, 0xf9, 0x83, 0xf1, 0x82, 0xf1,
    0x82, 0xf9, 0x83, 0xf9, 0x82, 0xf1, 0x82, 0xf9, 0x83, 0xf9, 0x82, 0xf1,
    0x82, 0xf1, 0x82, 0xf1, 0x82, 0xf1, 0x82, 0xf9, 0xa2, 0xf1, 0xa2, 0xf1,
    0x82, 0xf9, 0xa3, 0xf1, 0x82, 0xf1, 0x82, 0xf1, 0x82, 0xf1, 0xa3, 0xf1,
    0xa3, 0xf1, 0x82, 0xf1, 0x83, 0xf1, 0x82, 0xf1, 0x83, 0xf1, 0x83, 0xf1,
    0xa2, 0xf9, 0xa2, 0xf9, 0xa2, 0xf1, 0xa2, 0xf1, 0x83, 0xf1, 0x83, 0xf1,
    0x82, 0xf1, 0xa2, 0xf9, 0x82, 0xf1, 0x82, 0xf1, 0xa2, 0xf1, 0x82, 0xf1,
    0xa3, 0xf1, 0x83, 0xf1, 0xa2, 0xf9, 0x83, 0xf1, 0x82, 0xf1, 0xa2, 0xf1,
    0x82, 0xf1, 0x83, 0xf1, 0x82, 0xf1, 0x82, 0xf9, 0xa3, 0xf1, 0x83, 0xf1,
    0x82, 0xf1, 0x82, 0xf1, 0x83, 0xf1, 0x82, 0xf1, 0x82, 0xf1, 0x82, 0xf1,
    0x82, 0xf1, 0x82, 0xf1, 0x83, 0xf1, 0x83, 0xf1, 0x83, 0xf1, 0x82, 0xf1,
    0x83, 0xf1, 0x82, 0xf1, 0x82, 0xf1, 0x83, 0xf1, 0x82, 0xf1, 0x83, 0xf1,
    0x83, 0xf1, 0xa3, 0xf1, 0x83, 0xf9, 0xa2, 0xf9, 0xa3, 0xf1, 0xa3, 0xf1,
    0xa2, 0xf1, 0x82, 0xf1, 0x82, 0xf1, 0x82, 0xf9, 0xa3, 0xf1, 0x82, 0xf1,
    0x83, 0xf1, 0xa2, 0xf1, 0x82, 0xf1, 0x82, 0xf1, 0xa3, 0xf1, 0x83, 0xf1,
    0x82, 0xf1, 0x82, 0xf1, 0xa3, 0xf1, 0xa2, 0xf1, 0xa3, 0xf1, 0xc3, 0xf1,
    0xa2, 0xf9, 0xa2, 0xf9, 0xa3, 0xf9, 0xa2, 0xf1, 0xa3, 0xf9, 0xa2, 0xf9,
    0xa3, 0xf1, 0xa2, 0xf1, 0xa2, 0xf1, 0xa2, 0xf1, 0xa2, 0xf1, 0xa2, 0xf1,
    0xa3, 0xf1, 0xa2, 0xf1, 0xa2, 0xf1, 0xa2, 0xf1, 0xa2, 0xf1, 0xa2, 0xf1,
    0xa2, 0xf1, 0x82, 0xf1, 0x82, 0xf1, 0x82, 0xf1, 0x82, 0xf1, 0x82, 0xf1,
    0x82, 0xf1, 0xa2, 0xf1, 0xa2, 0xf1, 0xa2, 0xf9, 0xa2, 0xf1, 0xa2, 0xf1,
    0xa2, 0xf9, 0x82, 0xf1, 0xa3, 0xf9, 0xa2, 0xf1, 0xa2, 0xf9, 0xa2, 0xf9,
    0xa2, 0xf9, 0xa2, 0xf1, 0x82, 0xf1, 0x82, 0xf1, 0xa2, 0xf9, 0x82, 0xf1,
    0x82, 0xf1, 0x83, 0xf9, 0x82, 0xf1, 0x82, 0xf1, 0x82, 0xf1, 0x82, 0xf9,
    0x82, 0xf9, 0x82, 0xf1, 0x82, 0xf1, 0x62, 0xf9, 0x62, 0xf1, 0x62, 0xf9,
    0x82, 0xf9, 0x82, 0xf1, 0x82, 0xf1, 0x82, 0xf1, 0x82, 0xf9, 0x82, 0xf1,
    0x82, 0xf9, 0x83, 0xf1, 0x82, 0xf1, 0x82, 0xf1, 0x82, 0xf1, 0x82, 0xf1,
    0x82, 0xf9, 0x83, 0xf1, 0x83, 0xf9, 0xa2, 0xf1, 0x82, 0xf1, 0x82, 0xf1,
    0x82, 0xf1, 0x82, 0xf1, 0x82, 0xf1, 0x82, 0xf9, 0x82, 0xf1, 0x82, 0xf1,
    0x82, 0xf9, 0xa2, 0xf1, 0xa2, 0xf9, 0xa3, 0xf9, 0xa2, 0xf9, 0xa2, 0xf1,
    0xa2, 0xf9, 0xa2, 0xf1, 0xa2, 0xf9, 0xc2, 0xf9, 0xa2, 0xf1, 0xc3, 0xf9,
    0xa2, 0xf9, 0xa2, 0xf9, 0xa2, 0xf1, 0xa2, 0xf1, 0xa2, 0xf1, 0xa2, 0xf1,
    0xa2, 0xf1, 0xa2, 0xf1, 0xa2, 0xf1, 0xa2, 0xf1, 0xa2, 0xf1, 0xa2, 0xf1,
    0xa2, 0xf1, 0xa2, 0xf1, 0xa2, 0xf1, 0xa2, 0xf1, 0xa3, 0xf9, 0xa2, 0xf1,
    0xa2, 0xf9, 0xa3, 0xf1, 0xc2, 0xf9, 0xa2, 0xf1, 0xa3, 0xf9, 0xa2, 0xf1,
    0xa2, 0xf9, 0xa2, 0xf1, 0xa2, 0xf1, 0xa2, 0xf9, 0xa2, 0xf9, 0xa2, 0xf9,
    0xa3, 0xf1, 0xc2, 0xf9, 0xa2, 0xf9, 0xc2, 0xf1, 0xc2, 0xf1, 0xa2, 0xf1,
    0xa2, 0xf1, 0xc2, 0xf1, 0xc2, 0xf1, 0xc2, 0xf1, 0xc2, 0xf9, 0xc2, 0xf1,
    0xc3, 0xf1, 0xc3, 0xf9, 0xa2, 0xf1, 0xc3, 0xf1, 0xb0, 0xec, 0xbf, 0xff,
    0xde, 0xff, 0xde, 0xff, 0xde, 0xff, 0xbe, 0xff, 0xf2, 0xe4, 0xa2, 0xe9,
    0x82, 0xf1, 0x82, 0xf1, 0x82, 0xf1, 0xa2, 0xf1, 0xa2, 0xf1, 0xa2, 0xf1,
    0xa2, 0xf1, 0xa2, 0xf1, 0xa2, 0xf1, 0xa2, 0xf1, 0xa2, 0xe9, 0x46, 0xda,
    0x9e, 0xff, 0xbe, 0xff, 0xbe, 0xff, 0xde, 0xff, 0xbf, 0xff, 0xbe, 0xff,
    0xd5, 0xf5, 0xc2, 0xf1, 0xc2, 0xf1, 0xc2, 0xf1, 0xc2, 0xf1, 0xc3, 0xf1,
    0xc3, 0xf1, 0xc2, 0xf1, 0xc2, 0xf1, 0xc2, 0xf1, 0xc2, 0xf1, 0xc2, 0xf1,
    0xe3, 0xe9, 0x16, 0xf6, 0xbe, 0xff, 0xbe, 0xff, 0xbe, 0xff, 0xbe, 0xff,
    0x9e, 0xf7, 0x2d, 0xec, 0xa1, 0xf1, 0xa2, 0xf1, 0xc1, 0xf1, 0xc2, 0xf1,
    0xc2, 0xf1, 0xc2, 0xf1, 0xc2, 0xf1, 0xc2, 0xf1, 0xa2, 0xf1, 0xa2, 0xf1,
    0xa2, 0xf1, 0xa3, 0xf1, 0xa2, 0xf1, 0xa2, 0xf1, 0xa2, 0xf1, 0xa2, 0xf1,
    0xa2, 0xf1, 0xa3, 0xf1, 0xa2, 0xf9, 0xa2, 0xf1, 0xa2, 0xf1, 0xa3, 0xf1,
    0x82, 0xf1, 0x82, 0xf1, 0xa2, 0xf1, 0x82, 0xf1, 0x82, 0xf9, 0xa2, 0xf1,
    0x82, 0xf9, 0xa3, 0xf9, 0x83, 0xf1, 0x82, 0xf1, 0x82, 0xf1, 0x83, 0xf1,
    0x82, 0xf9, 0x82, 0xf1, 0x83, 0xf1, 0x82, 0xf1, 0x83, 0xf1, 0x82, 0xf1,
    0x82, 0xf9, 0x82, 0xf1, 0x83, 0xf9, 0x82, 0xf1, 0x82, 0xf1, 0xa2, 0xf9,
    0xa3, 0xf9, 0xa2, 0xf9, 0x83, 0xf1, 0x82, 0xf1, 0xa2, 0xf9, 0xa2, 0xf9,
    0xa3, 0xf1, 0x82, 0xf1, 0x82, 0xf9, 0x82, 0xf9, 0x82, 0xf1, 0xa2, 0xf9,
    0xa3, 0xf1, 0xa2, 0xf1, 0xa2, 0xf1, 0xa2, 0xf1, 0xa3, 0xf1, 0xa2, 0xf1,
    0x83, 0xf1, 0xa2, 0xf1, 0xa2, 0xf1, 0xa2, 0xf1, 0xa3, 0xf1, 0xa2, 0xf1,
    0x82, 0xf1, 0xa2, 0xf1, 0xa2, 0xf9, 0xa3, 0xf9, 0x82, 0xf1, 0xa2, 0xf9,
    0xa3, 0xf1, 0xa2, 0xf1, 0xa2, 0xf1, 0xa2, 0xf1, 0xa2, 0xf1, 0xa3, 0xf9,
    0xa2, 0xf9, 0xa2, 0xf9, 0xa3, 0xf1, 0xa2, 0xf1, 0xa2, 0xf9, 0xa2, 0xf1,
    0xa3, 0xf1, 0xa2, 0xf1, 0x82, 0xf1, 0xa2, 0xf1, 0xa3, 0xf1, 0xa2, 0xf1,
    0xa2, 0xf1, 0xa2, 0xf1, 0x83, 0xf1, 0x82, 0xf1, 0x82, 0xf1, 0x82, 0xf1,
    0x82, 0xf1, 0x83, 0xf1, 0xa3, 0xf9, 0xa2, 0xf1, 0x82, 0xf9, 0xa2, 0xf1,
    0x82, 0xf1, 0x82, 0xf1, 0x83, 0xf1, 0x82, 0xf1, 0x83, 0xf1, 0x82, 0xf1,
    0x82, 0xf1, 0xa2, 0xf1, 0xa2, 0xf1, 0xa3, 0xf1, 0xa2, 0xf1, 0xa2, 0xf1,
    0xa2, 0xf1, 0xa3, 0xf1, 0xa2, 0xf1, 0xa2, 0xf1, 0xa3, 0xf1, 0xa2, 0xf1,
    0xa2, 0xf1, 0x82, 0xf1, 0x82, 0xf1, 0xa2, 0xf1, 0xa3, 0xf1, 0xa2, 0xf1,
    0xa3, 0xf1, 0xa2, 0xf9, 0xa3, 0xf1, 0xa3, 0xf1, 0xa2, 0xf1, 0xa2, 0xf1,
    0xa2, 0xf1, 0xa3, 0xf1, 0xa2, 0xf9, 0xa2, 0xf9, 0xa2, 0xf1, 0xa2, 0xf9,
    0xa2, 0xf1, 0xa2, 0xf1, 0xa2, 0xf9, 0xa2, 0xf1, 0xa2, 0xf1, 0xa3, 0xf1,
    0xa2, 0xf9, 0xa2, 0xf1, 0xa3, 0xf1, 0xa2, 0xf1, 0xa2, 0xf1, 0xa2, 0xf1,
    0x82, 0xf1, 0xa2, 0xf1, 0x82, 0xf1, 0x82, 0xf1, 0x82, 0xf1, 0x82, 0xf1,
    0x82, 0xf1, 0xa2, 0xf1, 0x82, 0xf1, 0xa2, 0xf1, 0xa2, 0xf1, 0xa2, 0xf1,
    0xa2, 0xf1, 0xa2, 0xf1, 0xa2, 0xf1, 0xa2, 0xf1, 0xa2, 0xf1, 0xa2, 0xf1,
    0xa2, 0xf9, 0xa2, 0xf1, 0xa2, 0xf1, 0xa2, 0xf1, 0x82, 0xf1, 0x82, 0xf9,
    0xa2, 0xf1, 0xa2, 0xf1, 0x82, 0xf1, 0x83, 0xf1, 0x83, 0xf1, 0xa3, 0xf9,
    0xa2, 0xf9, 0x82, 0xf1, 0x82, 0xf1, 0x82, 0xf9, 0x82, 0xf9, 0x82, 0xf9,
    0x82, 0xf1, 0x82, 0xf1, 0x62, 0xf1, 0x82, 0xf9, 0x82, 0xf1, 0x82, 0xf1,
    0x82, 0xf1, 0x82, 0xf9, 0xa3, 0xf9, 0x82, 0xf9, 0x82, 0xf1, 0xa2, 0xf1,
    0x82, 0xf9, 0x82, 0xf1, 0xa3, 0xf1, 0xa2, 0xf1, 0xa3, 0xf1, 0xa2, 0xf9,
    0xa2, 0xf9, 0x82, 0xf1, 0x82, 0xf1, 0x82, 0xf1, 0x82, 0xf9, 0x82, 0xf1,
    0xa2, 0xf1, 0xa2, 0xf9, 0x83, 0xf1, 0xa3, 0xf9, 0xa3, 0xf9, 0xa2, 0xf1,
    0xa3, 0xf9, 0xa2, 0xf9, 0xa2, 0xf9, 0xa2, 0xf1, 0xc2, 0xf1, 0xc2, 0xf1,
    0xc2, 0xf1, 0xc2, 0xf9, 0xc2, 0xf1, 0xc2, 0xf1, 0xa2, 0xf1, 0xa2, 0xf1,
    0xc2, 0xf1, 0xa2, 0xf9, 0xa2, 0xf1, 0xa2, 0xf1, 0x82, 0xf1, 0x82, 0xf1,
    0xa2, 0xf1, 0xa2, 0xf1, 0xa2, 0xf1, 0xa3, 0xf1, 0xa2, 0xf1, 0xa2, 0xf1,
    0xa2, 0xf1, 0xa3, 0xf9, 0xc2, 0xf1, 0xa2, 0xf9, 0xa2, 0xf1, 0xa2, 0xf9,
    0xa2, 0xf9, 0xa2, 0xf1, 0xa3, 0xf1, 0xa2, 0xf9, 0xa2, 0xf1, 0xa2, 0xf1,
    0xc2, 0xf1, 0xa2, 0xf1, 0xc3, 0xf9, 0xc2, 0xf1, 0xc2, 0xf1, 0xa2, 0xf1,
    0xc2, 0xf1, 0xc2, 0xf1, 0xc2, 0xf1, 0xc2, 0xf9, 0xc2, 0xf1, 0xc2, 0xf1,
    0xc2, 0xf9, 0xc2, 0xf9, 0xc3, 0xf9, 0xc3, 0xf9, 0xc2, 0xf9, 0x05, 0xe2,
    0x5c, 0xff, 0xdf, 0xff, 0xde, 0xff, 0xde, 0xff, 0xdf, 0xff, 0x9e, 0xff,
    0x08, 0xe3, 0xa2, 0xf1, 0xa2, 0xf1, 0x82, 0xf1, 0xa2, 0xf1, 0xa2, 0xf1,
    0xa3, 0xf1, 0xa2, 0xf1, 0xa2, 0xf1, 0xa2, 0xf1, 0xa2, 0xf1, 0xa2, 0xf1,
    0xc2, 0xe9, 0x04, 0xd2, 0xbe, 0xff, 0xbe, 0xff, 0xbe, 0xff, 0xdf, 0xff,
    0xdf, 0xff, 0xbe, 0xf7, 0x32, 0xe5, 0xc3, 0xf1, 0xc2, 0xf1, 0xa2, 0xf1,
    0xc2, 0xf1, 0xc2, 0xf1, 0xc3, 0xf1, 0xe3, 0xf1, 0xc2, 0xf1, 0xc2, 0xf1,
    0xe2, 0xf1, 0xe2, 0xe9, 0xc2, 0xe9, 0x86, 0xca, 0x9e, 0xff, 0xbf, 0xff,
    0xbe, 0xf7, 0xbe, 0xff, 0xbe, 0xf7, 0x78, 0xf6, 0x03, 0xf2, 0xc2, 0xf1,
    0xc2, 0xf9, 0xc2, 0xf1, 0xc2, 0xf1, 0xe2, 0xf1, 0xc3, 0xf1, 0xc2, 0xf1,
    0xc2, 0xf1, 0xc2, 0xf1, 0xc2, 0xf1, 0xc2, 0xf1, 0xa2, 0xf1, 0xa2, 0xf1,
    0xa2, 0xf1, 0xa2, 0xf1, 0xa2, 0xf1, 0x82, 0xf1, 0xa2, 0xf1, 0xa2, 0xf1,
    0xa3, 0xf1, 0xa2, 0xf1, 0xa2, 0xf1, 0xa2, 0xf1, 0xa2, 0xf1, 0x82, 0xf1,
    0xa2, 0xf1, 0x82, 0xf1, 0xa2, 0xf1, 0x83, 0xf1, 0xa2, 0xf1, 0x82, 0xf1,
    0x82, 0xf1, 0x82, 0xf1, 0x82, 0xf1, 0x82, 0xf1, 0x83, 0xf1, 0x82, 0xf1,
    0x82, 0xf9, 0x82, 0xf1, 0x82, 0xf1, 0xa3, 0xf9, 0x82, 0xf1, 0x82, 0xf9,
    0xa2, 0xf1, 0xa2, 0xf1, 0xa2, 0xf1, 0xa2, 0xf1, 0x82, 0xf1, 0xa2, 0xf9,
    0xa3, 0xf9, 0xa3, 0xf1, 0xa2, 0xf1, 0x82, 0xf1, 0xa2, 0xf9, 0xa2, 0xf1,
    0xa3, 0xf9, 0xa2, 0xf1, 0xa2, 0xf9, 0xa2, 0xf1, 0xa2, 0xf1, 0xa2, 0xf9,
    0xa2, 0xf1, 0xa2, 0xf1, 0xa2, 0xf1, 0xa2, 0xf1, 0xa2, 0xf1, 0xa2, 0xf1,
    0xa2, 0xf1, 0x82, 0xf1, 0xa2, 0xf1, 0xa2, 0xf1, 0xa2, 0xf9, 0xa3, 0xf1,
    0xa2, 0xf9, 0xa2, 0xf1, 0xa2, 0xf9, 0xa2, 0xf1, 0xa2, 0xf1, 0xa2, 0xf9,
    0xa2, 0xf1, 0x82, 0xf1, 0x82, 0xf1, 0xa2, 0xf9, 0xa2, 0xf9, 0xa2, 0xf9,
    0xa2, 0xf1, 0xa2, 0xf1, 0xa3, 0xf9, 0xa2, 0xf1, 0xa3, 0xf1, 0xa2, 0xf1,
    0xa2, 0xf1, 0xa3, 0xf1, 0xa2, 0xf1, 0xa3, 0xf1, 0xa2, 0xf1, 0x82, 0xf1,
    0x83, 0xf1, 0xa3, 0xf1, 0xa2, 0xf1, 0x82, 0xf1, 0x82, 0xf1, 0x82, 0xf1,
    0xa3, 0xf1, 0xa3, 0xf9, 0x82, 0xf1, 0xa2, 0xf9, 0x83, 0xf1, 0xa3, 0xf9,
    0xa3, 0xf1, 0x82, 0xf1, 0xa3, 0xf1, 0xa3, 0xf1, 0xa2, 0xf1, 0xa3, 0xf1,
    0xa2, 0xf1, 0xa2, 0xf1, 0xa2, 0xf1, 0xa2, 0xf1, 0xa2, 0xf1, 0xa2, 0xf1,
    0xa2, 0xf1, 0x82, 0xf1, 0xa2, 0xf9, 0xa2, 0xf1, 0xa3, 0xf1, 0xa3, 0xf1,
    0xa2, 0xf1, 0xa3, 0xf1, 0xa3, 0xf1, 0xa2, 0xf9, 0xa2, 0xf1, 0xa3, 0xf1,
    0xa2, 0xf1, 0xa3, 0xf1, 0xa3, 0xf1, 0xa2, 0xf1, 0xc2, 0xf9, 0xc2, 0xf1,
    0xc3, 0xf9, 0xc3, 0xf1, 0xc2, 0xf1, 0xc2, 0xf1, 0xc2, 0xf1, 0xc3, 0xf1,
    0xc2, 0xf9, 0xc2, 0xf1, 0xc3, 0xf1, 0xc3, 0xf1, 0xc2, 0xf1, 0xc2, 0xf1,
    0xa2, 0xf1, 0xa3, 0xf1, 0xa3, 0xf1, 0xa2, 0xf1, 0xa2, 0xf1, 0xa2, 0xf1,
    0xa2, 0xf1, 0xa2, 0xf1, 0xa2, 0xf1, 0xa2, 0xf1, 0xa2, 0xf1, 0xa2, 0xf1,
    0xa2, 0xf1, 0xa2, 0xf1, 0xa2, 0xf1, 0x82, 0xf1, 0xa2, 0xf1, 0xa2, 0xf1,
    0x82, 0xf1, 0xa2, 0xf1, 0xa2, 0xf9, 0x82, 0xf1, 0xa2, 0xf1, 0xa2, 0xf1,
    0xa2, 0xf9, 0x82, 0xf1, 0xa2, 0xf1, 0xa2, 0xf1, 0xa2, 0xf1, 0xa2, 0xf1,
    0xa3, 0xf9, 0xa2, 0xf1, 0xa3, 0xf1, 0xa2, 0xf9, 0xa2, 0xf9, 0xa2, 0xf1,
    0x83, 0xf1, 0xa2, 0xf1, 0x82, 0xf1, 0x83, 0xf1, 0x82, 0xf1, 0x82, 0xf1,
    0x82, 0xf9, 0x82, 0xf9, 0xa2, 0xf1, 0xa2, 0xf1, 0xa2, 0xf9, 0xa2, 0xf9,
    0x82, 0xf1, 0xa2, 0xf1, 0xa2, 0xf9, 0x82, 0xf1, 0xa2, 0xf1, 0xa2, 0xf1,
    0xa3, 0xf1, 0xa2, 0xf1, 0xc2, 0xf1, 0xa2, 0xf1, 0xa3, 0xf9, 0xa2, 0xf1,
    0xa2, 0xf1, 0xa3, 0xf1, 0xa2, 0xf1, 0xa2, 0xf1, 0xa2, 0xf1, 0xa2, 0xf9,
    0xa2, 0xf1, 0xa2, 0xf1, 0xa2, 0xf1, 0xc2, 0xf1, 0xa2, 0xf9, 0xc2, 0xf1,
    0xa2, 0xf1, 0xa2, 0xf9, 0xa2, 0xf1, 0xc2, 0xf9, 0xc2, 0xf1, 0xc2, 0xf9,
    0xc2, 0xf1, 0xc2, 0xf1, 0xc2, 0xf1, 0xc2, 0xf1, 0xc2, 0xf1, 0xc2, 0xf1,
    0xa2, 0xf1, 0xa2, 0xf1, 0xa2, 0xf1, 0xa2, 0xf1, 0xc2, 0xf1, 0xa2, 0xf1,
    0xc2, 0xf9, 0xc2, 0xf9, 0xa3, 0xf1, 0xa2, 0xf1, 0xa2, 0xf1, 0xc2, 0xf1,
    0xa2, 0xf1, 0xa2, 0xf1, 0xc2, 0xf1, 0xa2, 0xf1, 0xc2, 0xf9, 0xc2, 0xf1,
    0xc2, 0xf1, 0xc2, 0xf1, 0xc2, 0xf1, 0xc2, 0xf1, 0xc3, 0xf1, 0xc2, 0xf1,
    0xc2, 0xf1, 0xc2, 0xf1, 0xc2, 0xf1, 0xc2, 0xf1, 0xa2, 0xf1, 0xc2, 0xf1,
    0xc2, 0xf1, 0xc2, 0xf1, 0xc2, 0xf1, 0xc2, 0xf1, 0xc2, 0xf1, 0xc2, 0xf1,
    0xe3, 0xf1, 0x0d, 0xe4, 0xde, 0xff, 0xdf, 0xff, 0xdf, 0xff, 0xde, 0xff,
    0xdf, 0xff, 0x37, 0xf6, 0xe2, 0xe1, 0xa1, 0xf1, 0xa2, 0xf1, 0xa2, 0xf1,
    0xa2, 0xf1, 0xa2, 0xf1, 0xc2, 0xf1, 0xa3, 0xf1, 0xc2, 0xf1, 0xa2, 0xf1,
    0xa2, 0xf1, 0xc2, 0xf1, 0xc1, 0xe9, 0xc3, 0xd9, 0x9d, 0xff, 0xbe, 0xff,
    0xbe, 0xff, 0xde, 0xff, 0xbf, 0xff, 0xbe, 0xff, 0x8f, 0xe4, 0xa2, 0xf1,
    0xc2, 0xf1, 0xc2, 0xf1, 0xc2, 0xf1, 0xe2, 0xf1, 0xe2, 0xf1, 0xe2, 0xf1,
    0xe2, 0xf1, 0xe2, 0xf1, 0xe2, 0xe9, 0xc2, 0xe9, 0xc2, 0xe9, 0xc2, 0xe1,
    0x36, 0xf6, 0xbe, 0xff, 0xbe, 0xff, 0xbe, 0xff, 0xbe, 0xff, 0xbe, 0xff,
    0x8a, 0xe3, 0xc2, 0xf1, 0xc2, 0xf1, 0xc2, 0xf1, 0xe2, 0xf1, 0xc2, 0xf9,
    0xe2, 0xf9, 0xe2, 0xf1, 0xc2, 0xf1, 0xc2, 0xf1, 0xc2, 0xf1, 0xc2, 0xf1,
    0xc2, 0xf1, 0xc2, 0xf9, 0xc2, 0xf1, 0xc2, 0xf1, 0xa2, 0xf1, 0xa2, 0xf1,
    0xa2, 0xf1, 0xa2, 0xf9, 0xa2, 0xf1, 0xa2, 0xf1, 0xa2, 0xf1, 0xa2, 0xf1,
    0xa3, 0xf1, 0xa2, 0xf1, 0xa2, 0xf1, 0x82, 0xf1, 0xa3, 0xf1, 0xa2, 0xf1,
    0xa3, 0xf9, 0xa2, 0xf1, 0xa2, 0xf1, 0xa3, 0xf1, 0x83, 0xf9, 0x82, 0xf1,
    0x82, 0xf9, 0xa3, 0xf9, 0xa3, 0xf1, 0xa2, 0xf1, 0xa2, 0xf9, 0xa2, 0xf9,
    0x82, 0xf1, 0x82, 0xf9, 0xa2, 0xf9, 0xa3, 0xf1, 0xa2, 0xf9, 0xa2, 0xf9,
    0xa2, 0xf9, 0xa2, 0xf9, 0xa3, 0xf1, 0xa2, 0xf9, 0xa2, 0xf9, 0x82, 0xf1,
    0xa2, 0xf1, 0x82, 0xf1, 0xa2, 0xf9, 0xa2, 0xf1, 0xa2, 0xf1, 0xc2, 0xf9,
    0xa2, 0xf9, 0xa2, 0xf1, 0xa2, 0xf1, 0xa2, 0xf1, 0xa2, 0xf9, 0xa2, 0xf1,
    0x82, 0xf1, 0xa2, 0xf1, 0xa2, 0xf1, 0xa2, 0xf9, 0xa2, 0xf1, 0x82, 0xf1,
    0xa3, 0xf9, 0x82, 0xf1, 0xa2, 0xf1, 0xa2, 0xf1, 0xa2, 0xf1, 0xa2, 0xf9,
    0xa2, 0xf1, 0xa2, 0xf1, 0xa2, 0xf1, 0xa2, 0xf1, 0x82, 0xf1, 0xa2, 0xf1,
    0xa2, 0xf9, 0xa2, 0xf1, 0xa2, 0xf1, 0xa2, 0xf9, 0xa2, 0xf1, 0xa2, 0xf1,
    0xa2, 0xf1, 0xa2, 0xf1, 0xa2, 0xf1, 0xa3, 0xf1, 0xa2, 0xf1, 0xa2, 0xf1,
    0x82, 0xf1, 0xa2, 0xf1, 0xa2, 0xf1, 0xa2, 0xf1, 0xa3, 0xf1, 0xa2, 0xf1,
    0xa3, 0xf1, 0xa2, 0xf1, 0xa3, 0xf1, 0xa3, 0xf1, 0xa3, 0xf1, 0xa2, 0xf1,
    0xa2, 0xf1, 0xa3, 0xf9, 0xa2, 0xf9, 0xa3, 0xf1, 0xa3, 0xf9, 0xa2, 0xf1,
    0xa3, 0xf9, 0xa2, 0xf1, 0xa3, 0xf1, 0xc2, 0xf1, 0xa3, 0xf1, 0xc3, 0xf9,
    0xa2, 0xf1, 0xa2, 0xf1, 0xa2, 0xf1, 0x82, 0xf1, 0x82, 0xf1, 0xa2, 0xf1,
    0xa3, 0xf1, 0xa2, 0xf1, 0xa2, 0xf1, 0xa3, 0xf1, 0xa3, 0xf1, 0xc3, 0xf1,
    0xa3, 0xf1, 0xa3, 0xf1, 0xa3, 0xf9, 0xa2, 0xf1, 0xc3, 0xf1, 0xc3, 0xf1,
    0xc2, 0xf9, 0xc2, 0xf1, 0xc3, 0xf1, 0xc3, 0xf9, 0xc2, 0xf1, 0xc2, 0xf1,
    0xc2, 0xf1, 0xc2, 0xf1, 0xc2, 0xf1, 0xc2, 0xf1, 0xc2, 0xf1, 0xc2, 0xf1,
    0xc2, 0xf1, 0xc2, 0xf1, 0xa2, 0xf1, 0xa2, 0xf1, 0xa2, 0xf1, 0xa2, 0xf1,
    0xa2, 0xf1, 0xa2, 0xf1, 0xa2, 0xf1, 0xa2, 0xf1, 0xa2, 0xf1, 0xa2, 0xf1,
    0xa2, 0xf1, 0xa2, 0xf1, 0xa2, 0xf1, 0xa2, 0xf1, 0xa2, 0xf1, 0xa2, 0xf1,
    0xa2, 0xf1, 0xa2, 0xf1, 0xa2, 0xf1, 0xa2, 0xf1, 0xa2, 0xf1, 0xa2, 0xf1,
    0xa2, 0xf1, 0xc2, 0xf9, 0xa2, 0xf9, 0xa2, 0xf1, 0xa2, 0xf1, 0xa2, 0xf9,
    0xa2, 0xf1, 0xa2, 0xf1, 0xa2, 0xf1, 0xa2, 0xf1, 0xa2, 0xf1, 0xa2, 0xf9,
    0xa2, 0xf9, 0xa2, 0xf9, 0xa2, 0xf9, 0xa2, 0xf1, 0x82, 0xf9, 0x82, 0xf9,
    0xa2, 0xf1, 0x82, 0xf1, 0xa2, 0xf1, 0xa2, 0xf1, 0xc2, 0xf9, 0xa2, 0xf1,
    0xa2, 0xf1, 0xa2, 0xf9, 0xa3, 0xf9, 0xa2, 0xf1, 0xa3, 0xf1, 0xa2, 0xf9,
    0xa2, 0xf1, 0xa2, 0xf1, 0xa2, 0xf1, 0xc2, 0xf1, 0xa2, 0xf1, 0xa2, 0xf1,
    0xa2, 0xf1, 0xa2, 0xf9, 0xa2, 0xf9, 0xa2, 0xf9, 0xa2, 0xf9, 0xa2, 0xf1,
    0xc2, 0xf1, 0xa2, 0xf9, 0xc2, 0xf9, 0xc3, 0xf9, 0xa2, 0xf1, 0xc2, 0xf9,
    0xc2, 0xf1, 0xc2, 0xf1, 0xc2, 0xf9, 0xc2, 0xf9, 0xc2, 0xf1, 0xc2, 0xf1,
    0xc2, 0xf9, 0xa2, 0xf1, 0xa2, 0xf9, 0xc2, 0xf1, 0xc2, 0xf1, 0xc2, 0xf9,
    0xc2, 0xf1, 0xc2, 0xf1, 0xc2, 0xf9, 0xc2, 0xf1, 0xc2, 0xf1, 0xc2, 0xf9,
    0xc2, 0xf1, 0xc3, 0xf1, 0xc2, 0xf9, 0xc2, 0xf9, 0xc2, 0xf1, 0xc3, 0xf9,
    0xc2, 0xf9, 0xc2, 0xf1, 0xc2, 0xf9, 0xc2, 0xf9, 0xc2, 0xf1, 0xc2, 0xf1,
    0xc2, 0xf1, 0xe2, 0xf1, 0xe2, 0xf9, 0xc2, 0xf9, 0xe2, 0xf9, 0xc2, 0xf9,
    0xc2, 0xf1, 0xc2, 0xf1, 0xc2, 0xf1, 0xc2, 0xf9, 0xc2, 0xf9, 0xc2, 0xf1,
    0xc2, 0xf1, 0xc2, 0xf1, 0xc2, 0xf9, 0xc2, 0xf1, 0xc2, 0xf1, 0xe2, 0xf1,
    0xe2, 0xf1, 0xe3, 0xf1, 0x03, 0xe2, 0xb9, 0xf6, 0xde, 0xff, 0xde, 0xff,
    0xdf, 0xff, 0xde, 0xff, 0xbd, 0xff, 0x8a, 0xdb, 0xc2, 0xf1, 0xc2, 0xf1,
    0xc2, 0xf1, 0xc2, 0xf1, 0xc2, 0xf9, 0xc2, 0xf1, 0xc2, 0xf1, 0xc2, 0xf1,
    0xc2, 0xf1, 0xc2, 0xf1, 0xc1, 0xf1, 0xc2, 0xf1, 0xc2, 0xe9, 0xc3, 0xd9,
    0x7d, 0xff, 0xbe, 0xff, 0xdf, 0xff, 0xbe, 0xff, 0xbe, 0xff, 0xbe, 0xf7,
    0xed, 0xdb, 0xa2, 0xf1, 0xc1, 0xf1, 0xc2, 0xf1, 0xe2, 0xf1, 0xe2, 0xf1,
    0xe2, 0xf1, 0xe2, 0xf1, 0xe2, 0xf1, 0xe2, 0xf1, 0xc2, 0xe9, 0xc1, 0xe9,
    0xe2, 0xe9, 0xc2, 0xe9, 0xcc, 0xdb, 0x9e, 0xff, 0xbe, 0xff, 0xbe, 0xff,
    0xbe, 0xf7, 0xbe, 0xff, 0x56, 0xf6, 0x02, 0xf2, 0xc2, 0xf1, 0xe1, 0xf1,
    0xe2, 0xf9, 0xe2, 0xf1, 0xe2, 0xf1, 0xe2, 0xf9, 0xe2, 0xf1, 0xe2, 0xf1,
    0xe2, 0xf9, 0xe2, 0xf9, 0xc2, 0xf1, 0xc2, 0xf1, 0xc2, 0xf1, 0xc2, 0xf1,
    0xa2, 0xf9, 0xa2, 0xf1, 0xa2, 0xf1, 0xa2, 0xf1, 0xc2, 0xf9, 0xc2, 0xf1,
    0xc3, 0xf9, 0xc2, 0xf1, 0xa2, 0xf1, 0xa2, 0xf1, 0xc3, 0xf9, 0xa2, 0xf1,
    0xa2, 0xf1, 0xa2, 0xf1, 0xa2, 0xf1, 0xa2, 0xf1, 0xa2, 0xf1, 0xa2, 0xf1,
    0xa2, 0xf1, 0xa2, 0xf1, 0xa2, 0xf1, 0xa2, 0xf1, 0xa2, 0xf1, 0xa2, 0xf1,
    0xa2, 0xf9, 0xa2, 0xf1, 0xa2, 0xf1, 0x82, 0xf9, 0xa2, 0xf1, 0xa2, 0xf1,
    0xa2, 0xf1, 0xa2, 0xf9, 0xa2, 0xf1, 0xc3, 0xf1, 0xc2, 0xf9, 0xa2, 0xf9,
    0xa2, 0xf1, 0xa2, 0xf9, 0xa2, 0xf1, 0xa2, 0xf1, 0xa2, 0xf1, 0xa2, 0xf1,
    0xc2, 0xf1, 0xc1, 0xf1, 0xa2, 0xf1, 0xc2, 0xf1, 0xa2, 0xf1, 0xa2, 0xf9,
    0xa2, 0xf1, 0xa2, 0xf1, 0xa2, 0xf1, 0xa2, 0xf1, 0xa2, 0xf1, 0x82, 0xf1,
    0xa2, 0xf1, 0xa2, 0xf1, 0xa2, 0xf1, 0xa2, 0xf1, 0xa2, 0xf1, 0xc2, 0xf1,
    0xa2, 0xf1, 0xc2, 0xf1, 0xa2, 0xf1, 0xa2, 0xf1, 0xa2, 0xf1, 0xa2, 0xf9,
    0xa2, 0xf1, 0xa2, 0xf1, 0xa2, 0xf1, 0xa2, 0xf1, 0xa2, 0xf1, 0xc2, 0xf1,
    0xa2, 0xf1, 0xa2, 0xf1, 0xc2, 0xf1, 0xc2, 0xf1, 0xa2, 0xf1, 0xa2, 0xf1,
    0xa2, 0xf1, 0xa3, 0xf1, 0xa3, 0xf1, 0xa3, 0xf1, 0xa3, 0xf1, 0xa2, 0xf1,
    0xa2, 0xf1, 0xa3, 0xf1, 0xa2, 0xf1, 0xa2, 0xf1, 0xa2, 0xf1, 0xa2, 0xf1,
    0xa2, 0xf1, 0xa3, 0xf1, 0xc3, 0xf9, 0xc3, 0xf1, 0xc2, 0xf1, 0xa2, 0xf1,
    0xa2, 0xf1, 0xa2, 0xf1, 0xa3, 0xf1, 0xa2, 0xf1, 0xa2, 0xf1, 0xc2, 0xf1,
    0xc3, 0xf9, 0xc3, 0xf1, 0xc2, 0xf1, 0xc3, 0xf1, 0xa2, 0xf1, 0xa3, 0xf1,
    0xa2, 0xf1, 0xa2, 0xf1, 0xa2, 0xf1, 0xa2, 0xf1, 0xa2, 0xf1, 0xa2, 0xf1,
    0xc2, 0xf1, 0xc2, 0xf1, 0xc2, 0xf1, 0xa2, 0xf1, 0xc3, 0xf9, 0xc2, 0xf1,
    0xa2, 0xf1, 0xc2, 0xf1, 0xc2, 0xf1, 0xc2, 0xf1, 0xc2, 0xf9, 0xe2, 0xf1,
    0xe2, 0xf9, 0xc3, 0xf9, 0xe2, 0xf9, 0xe2, 0xf9, 0xc2, 0xf1, 0xc2, 0xf1,
    0xc3, 0xf9, 0xc3, 0xf1, 0xc2, 0xf1, 0xc2, 0xf1, 0xc3, 0xf9, 0xc2, 0xf1,
    0xc2, 0xf1, 0xc2, 0xf1, 0xc2, 0xf1, 0xc2, 0xf1, 0xc2, 0xf1, 0xc2, 0xf1,
    0xc2, 0xf1, 0xc2, 0xf1, 0xc2, 0xf1, 0xc2, 0xf1, 0xc2, 0xf1, 0xa2, 0xf1,
    0xc2, 0xf1, 0xa2, 0xf1, 0xc2, 0xf9, 0xc2, 0xf9, 0xa2, 0xf1, 0xc2, 0xf1,
    0xc2, 0xf1, 0xa2, 0xf1, 0xc2, 0xf9, 0xc2, 0xf1, 0xc2, 0xf1, 0xa2, 0xf9,
    0xa2, 0xf1, 0xc2, 0xf9, 0xc2, 0xf1, 0xa3, 0xf1, 0xa2, 0xf9, 0xc2, 0xf1,
    0xc2, 0xf1, 0xc2, 0xf1, 0xc2, 0xf1, 0xc2, 0xf1, 0xc2, 0xf1, 0xa2, 0xf9,
    0xa2, 0xf1, 0xa2, 0xf1, 0xa2, 0xf1, 0xa2, 0xf1, 0xa2, 0xf1, 0xc2, 0xf9,
    0xc2, 0xf9, 0xc2, 0xf1, 0xc2, 0xf1, 0xc2, 0xf9, 0xc2, 0xf9, 0xc2, 0xf1,
    0xc3, 0xf1, 0xc3, 0xf9, 0xc3, 0xf1, 0xc2, 0xf1, 0xc2, 0xf9, 0xc2, 0xf9,
    0xc2, 0xf1, 0xc2, 0xf9, 0xc2, 0xf1, 0xc2, 0xf1, 0xc2, 0xf9, 0xc2, 0xf1,
    0xc3, 0xf1, 0xc2, 0xf9, 0xc2, 0xf1, 0xe3, 0xf9, 0xc3, 0xf9, 0xc2, 0xf1,
    0xc2, 0xf9, 0xc2, 0xf9, 0xc2, 0xf1, 0xc2, 0xf1, 0xc2, 0xf1, 0xc2, 0xf9,
    0xc2, 0xf1, 0xc2, 0xf1, 0xc2, 0xf9, 0xc2, 0xf1, 0xc2, 0xf1, 0xc2, 0xf1,
    0xc2, 0xf1, 0xc2, 0xf1, 0xe2, 0xf9, 0xc2, 0xf9, 0xc2, 0xf9, 0xc2, 0xf1,
    0xc2, 0xf1, 0xe2, 0xf9, 0xe2, 0xf9, 0xe3, 0xf9, 0xe2, 0xf1, 0xe2, 0xf1,
    0xe3, 0xf9, 0xe2, 0xf9, 0xe2, 0xf1, 0xe2, 0xf1, 0xc2, 0xf9, 0xe2, 0xf1,
    0xc2, 0xf1, 0xc2, 0xf1, 0xc3, 0xf1, 0xe2, 0xf9, 0xe3, 0xf9, 0xe3, 0xf1,
    0xe3, 0xf1, 0xe3, 0xf1, 0xe2, 0xf1, 0xe3, 0xf9, 0xc2, 0xf1, 0xc2, 0xf1,
    0xc2, 0xf1, 0xc2, 0xf1, 0xe2, 0xf1, 0xe2, 0xf1, 0xe2, 0xf1, 0xc2, 0xf1,
    0xe2, 0xf1, 0xe2, 0xf1, 0xe2, 0xf1, 0xc2, 0xf1, 0xcb, 0xeb, 0xbf, 0xff,
    0xbf, 0xff, 0xde, 0xff, 0xde, 0xff, 0xde, 0xff, 0xba, 0xf6, 0xe3, 0xe9,
    0xc2, 0xf1, 0xc1, 0xf1, 0xc2, 0xf1, 0xc2, 0xf1, 0xc2, 0xf1, 0xc2, 0xf9,
    0xe2, 0xf1, 0xe2, 0xf1, 0xe2, 0xf1, 0xc2, 0xf1, 0xc1, 0xf1, 0xe2, 0xe9,
    0xe2, 0xe9, 0x03, 0xe2, 0x3c, 0xff, 0xbe, 0xff, 0xde, 0xff, 0xbe, 0xff,
    0xbf, 0xff, 0xbe, 0xf7, 0x6a, 0xd3, 0xc2, 0xf1, 0xe2, 0xf1, 0xe1, 0xf1,
    0xe2, 0xf1, 0xe2, 0xf1, 0x02, 0xf2, 0x02, 0xf2, 0xe2, 0xf1, 0xe2, 0xf1,
    0xe2, 0xf1, 0xe1, 0xe9, 0xe2, 0xe9, 0xc2, 0xe9, 0xc3, 0xe1, 0xfa, 0xf6,
    0xbe, 0xff, 0xbe, 0xff, 0xbe, 0xff, 0xde, 0xff, 0x9e, 0xff, 0xe7, 0xe2,
    0xc2, 0xf9, 0xc2, 0xf1, 0xc2, 0xf1, 0xe2, 0xf1, 0xe2, 0xf1, 0xe2, 0xf1,
    0xe2, 0xf9, 0xe2, 0xf9, 0xe2, 0xf9, 0xe2, 0xf9, 0xe2, 0xf1, 0xe2, 0xf1,
    0xc2, 0xf1, 0xc2, 0xf1, 0xc2, 0xf9, 0xc2, 0xf1, 0xa2, 0xf1, 0xc2, 0xf1,
    0xc2, 0xf1, 0xc2, 0xf1, 0xc2, 0xf9, 0xc2, 0xf1, 0xc2, 0xf1, 0xc2, 0xf1,
    0xc2, 0xf1, 0xa2, 0xf1, 0xa2, 0xf9, 0xa2, 0xf1, 0xa3, 0xf1, 0xa3, 0xf9,
    0xc3, 0xf1, 0xc2, 0xf9, 0xa3, 0xf9, 0xa3, 0xf1, 0xa2, 0xf1, 0xa2, 0xf1,
    0xa2, 0xf1, 0xa3, 0xf1, 0xc2, 0xf1, 0xc2, 0xf1, 0xa2, 0xf9, 0xa2, 0xf9,
    0xc2, 0xf1, 0xa2, 0xf1, 0xa2, 0xf9, 0xc2, 0xf1, 0xc2, 0xf1, 0xc2, 0xf9,
    0xe3, 0xf1, 0xc2, 0xf1, 0xc2, 0xf9, 0xc2, 0xf9, 0xc2, 0xf9, 0xc2, 0xf9,
    0xc2, 0xf9, 0xc2, 0xf9, 0xc2, 0xf1, 0xc2, 0xf9, 0xc2, 0xf9, 0xc2, 0xf1,
    0xc2, 0xf9, 0xc2, 0xf1, 0xc2, 0xf9, 0xc2, 0xf1, 0xc2, 0xf9, 0xa2, 0xf1,
    0xa2, 0xf1, 0xa2, 0xf1, 0xa2, 0xf1, 0xc2, 0xf1, 0xa2, 0xf1, 0xa2, 0xf1,
    0xc2, 0xf9, 0xa2, 0xf9, 0xc2, 0xf1, 0xc2, 0xf9, 0xc2, 0xf1, 0xc2, 0xf1,
    0xc2, 0xf9, 0xc2, 0xf9, 0xa2, 0xf1, 0xa2, 0xf9, 0xc2, 0xf9, 0xc2, 0xf1,
    0xe2, 0xf1, 0xc3, 0xf1, 0xe2, 0xf1, 0xc2, 0xf1, 0xc2, 0xf1, 0xc2, 0xf1,
    0xa2, 0xf1, 0xc2, 0xf1, 0xc2, 0xf1, 0xc3, 0xf1, 0xa2, 0xe9, 0xc3, 0xf1,
    0xc3, 0xf1, 0xa3, 0xf1, 0xa2, 0xf1, 0xa2, 0xf1, 0xc3, 0xf1, 0xc3, 0xf1,
    0xc3, 0xf1, 0xc3, 0xf1, 0xc2, 0xf1, 0xc3, 0xf1, 0xe3, 0xf9, 0xc3, 0xf1,
    0xc3, 0xf1, 0xc3, 0xf1, 0xc3, 0xf1, 0xc2, 0xf9, 0xc2, 0xf1, 0xa2, 0xf1,
    0xa3, 0xf1, 0xc2, 0xf1, 0xc3, 0xf1, 0xc2, 0xf1, 0xc3, 0xf1, 0xc3, 0xf1,
    0xc2, 0xf1, 0xc3, 0xf1, 0xa3, 0xf1, 0xa2, 0xf1, 0xc3, 0xf1, 0xc3, 0xf1,
    0xc3, 0xf1, 0xc3, 0xf1, 0xc2, 0xf9, 0xc3, 0xf1, 0xc2, 0xf1, 0xc2, 0xf1,
    0xc3, 0xf1, 0xc2, 0xf1, 0xc2, 0xf1, 0xc3, 0xf1, 0xc2, 0xf1, 0xe2, 0xf1,
    0xe2, 0xf1, 0xc2, 0xf1, 0xe2, 0xf1, 0xe2, 0xf1, 0xe2, 0xf1, 0xe3, 0xf9,
    0xe3, 0xf1, 0xe2, 0xf1, 0xe2, 0xf1, 0xe3, 0xf9, 0xc2, 0xf1, 0xc2, 0xf1,
    0xc2, 0xf1, 0xc2, 0xf1, 0xc2, 0xf1, 0xe2, 0xf1, 0xc2, 0xf1, 0xc2, 0xf1,
    0xe2, 0xf1, 0xe2, 0xf1, 0xe2, 0xf1, 0xe2, 0xf1, 0xc2, 0xf1, 0xc2, 0xf1,
    0xc2, 0xf1, 0xc2, 0xf1, 0xc2, 0xf1, 0xc2, 0xf1, 0xc2, 0xf1, 0xc2, 0xf1,
    0xc2, 0xf1, 0xc2, 0xf1, 0xc2, 0xf1, 0xc2, 0xf1, 0xc2, 0xf9, 0xc2, 0xf1,
    0xc2, 0xf1, 0xa2, 0xf1, 0xc2, 0xf9, 0xc2, 0xf1, 0xc2, 0xf1, 0xc2, 0xf1,
    0xa2, 0xf1, 0xc2, 0xf1, 0xc2, 0xf1, 0xc2, 0xf1, 0xc2, 0xf1, 0xe2, 0xf1,
    0xc2, 0xf1, 0xc2, 0xf9, 0xc2, 0xf1, 0xc2, 0xf1, 0xc2, 0xf9, 0xc2, 0xf1,
    0xc2, 0xf9, 0xe2, 0xf9, 0xe2, 0xf1, 0xe2, 0xf9, 0xe3, 0xf1, 0xe2, 0xf9,
    0xe2, 0xf1, 0xe3, 0xf1, 0xe3, 0xf9, 0xc3, 0xf9, 0xc2, 0xf1, 0xc2, 0xf1,
    0xe3, 0xf9, 0xe2, 0xf9, 0xc2, 0xf9, 0xc2, 0xf1, 0xc2, 0xf1, 0xc2, 0xf1,
    0xc2, 0xf1, 0xe2, 0xf1, 0xe2, 0xf1, 0xc2, 0xf9, 0xe2, 0xf1, 0xc2, 0xf9,
    0xe2, 0xf1, 0xe2, 0xf1, 0xc2, 0xf9, 0xc2, 0xf1, 0xc2, 0xf1, 0xc2, 0xf1,
    0xc2, 0xf1, 0xe2, 0xf1, 0xc2, 0xf9, 0xc2, 0xf1, 0xc2, 0xf1, 0xc2, 0xf9,
    0xc2, 0xf1, 0xe2, 0xf1, 0xc2, 0xf1, 0xe2, 0xf1, 0xe2, 0xf1, 0xe2, 0xf1,
    0xc2, 0xf9, 0xe2, 0xf1, 0xe2, 0xf1, 0xe2, 0xf1, 0xe2, 0xf9, 0xe2, 0xf9,
    0xe2, 0xf1, 0x02, 0xf2, 0xe2, 0xf9, 0xe3, 0xf1, 0xe2, 0xf1, 0xe2, 0xf9,
    0xe2, 0xf9, 0xe3, 0xf1, 0xc2, 0xf1, 0xe2, 0xf1, 0xe2, 0xf1, 0xe2, 0xf9,
    0xe2, 0xf1, 0xe2, 0xf1, 0xe2, 0xf1, 0xe2, 0xf1, 0xe2, 0xf1, 0xe2, 0xf9,
    0xe2, 0xf1, 0xe2, 0xf1, 0xe2, 0xf1, 0xe2, 0xf1, 0xe2, 0xf1, 0xe2, 0xf1,
    0xe2, 0xf1, 0xe2, 0xf1, 0xe2, 0xf1, 0xe2, 0xf1, 0xe2, 0xf1, 0xc2, 0xe9,
    0xb5, 0xed, 0xbe, 0xff, 0xbe, 0xff, 0xde, 0xff, 0xdf, 0xff, 0xbe, 0xff,
    0x2d, 0xe4, 0xc2, 0xe9, 0xe2, 0xf1, 0xc2, 0xf1, 0xc2, 0xf1, 0xe2, 0xf1,
    0xc2, 0xf1, 0xc2, 0xf1, 0xe2, 0xf1, 0xe2, 0xf1, 0xe2, 0xf1, 0xe2, 0xf1,
    0xe1, 0xf1, 0xe2, 0xf1, 0xe2, 0xf1, 0x03, 0xea, 0xfa, 0xfe, 0xbe, 0xff,
    0xbe, 0xff, 0xbe, 0xff, 0xbe, 0xff, 0xbe, 0xff, 0x28, 0xd3, 0xc1, 0xf1,
    0xe1, 0xf1, 0xe2, 0xf1, 0xe2, 0xf1, 0xe2, 0xf1, 0x02, 0xf2, 0x02, 0xf2,
    0xe2, 0xf1, 0xe2, 0xf1, 0xe2, 0xf1, 0xe1, 0xe9, 0xe1, 0xf1, 0xe2, 0xe9,
    0xc2, 0xe9, 0x4e, 0xe4, 0xbe, 0xff, 0xbe, 0xff, 0xbe, 0xff, 0xbe, 0xff,
    0xde, 0xf7, 0x73, 0xed, 0xe2, 0xe9, 0xe2, 0xf1, 0xe1, 0xf9, 0xe1, 0xf1,
    0xe2, 0xf1, 0x02, 0xf2, 0xe2, 0xf1, 0xe2, 0xf1, 0xe2, 0xf1, 0xe2, 0xf9,
    0xe2, 0xf1, 0xe2, 0xf1, 0xe2, 0xf9, 0xe2, 0xf9, 0xe2, 0xf1, 0xe2, 0xf9,
    0xc2, 0xf1, 0xc2, 0xf1, 0xc2, 0xf1, 0xa2, 0xf1, 0xc2, 0xf1, 0xe2, 0xf1,
    0xe3, 0xf1, 0xe2, 0xf1, 0xc2, 0xf1, 0xc2, 0xf1, 0xc2, 0xf1, 0xc2, 0xf1,
    0xc2, 0xf1, 0xc2, 0xf1, 0xc2, 0xf1, 0xc2, 0xf1, 0xc2, 0xf1, 0xc2, 0xf1,
    0xc2, 0xf1, 0xc2, 0xf1, 0xc2, 0xf1, 0xc2, 0xf1, 0xc2, 0xf1, 0xc2, 0xf9,
    0xc2, 0xf9, 0xc2, 0xf1, 0xc2, 0xf9, 0xc2, 0xf9, 0xc2, 0xf9, 0xc2, 0xf1,
    0xe2, 0xf1, 0xe2, 0xf9, 0xe2, 0xf9, 0xe3, 0xf1, 0xe2, 0xf1, 0xe2, 0xf1,
    0xe2, 0xf9, 0xc2, 0xf1, 0xc2, 0xf1, 0xe2, 0xf1, 0xe2, 0xf1, 0xe2, 0xf1,
    0xe2, 0xf1, 0xc2, 0xf1, 0xc2, 0xf1, 0xc2, 0xf1, 0xc3, 0xf9, 0xc2, 0xf1,
    0xc2, 0xf1, 0xc2, 0xf1, 0xa2, 0xf9, 0xc2, 0xf1, 0xc2, 0xf1, 0xc2, 0xf1,
    0xc2, 0xf1, 0xc2, 0xf1, 0xc2, 0xf1, 0xc2, 0xf1, 0xc2, 0xf1, 0xc2, 0xf1,
    0xc2, 0xf9, 0xc2, 0xf1, 0xc2, 0xf9, 0xc2, 0xf1, 0xc2, 0xf1, 0xc2, 0xf1,
    0xc2, 0xf1, 0xe2, 0xf1, 0xc2, 0xf1, 0xe2, 0xf1, 0xe2, 0xf9, 0xe3, 0xf1,
    0xc2, 0xf1, 0xc2, 0xf1, 0xc2, 0xf1, 0xc2, 0xf1, 0xc2, 0xf1, 0xc2, 0xe9,
    0xc2, 0xf1, 0xe2, 0xf1, 0xc3, 0xf1, 0xc2, 0xe9, 0xc3, 0xf1, 0xc3, 0xf1,
    0xa2, 0xf1, 0xc3, 0xf1, 0xc3, 0xf1, 0xc3, 0xf1, 0xe2, 0xf1, 0xe2, 0xf1,
    0xe2, 0xf1, 0xe2, 0xf1, 0xe3, 0xf1, 0xe3, 0xf1, 0xc3, 0xf1, 0xc2, 0xf1,
    0xa2, 0xf1, 0xa2, 0xf1, 0xc3, 0xf1, 0xc2, 0xf1, 0xc2, 0xf1, 0xe2, 0xf1,
    0xc3, 0xf1, 0xc2, 0xf1, 0xc2, 0xf1, 0xc2, 0xf1, 0xc2, 0xf1, 0xc2, 0xf1,
    0xa2, 0xf1, 0xc2, 0xf1, 0xc3, 0xf1, 0xc3, 0xf1, 0xc3, 0xf9, 0xc3, 0xf1,
    0xc2, 0xf1, 0xc2, 0xf1, 0xc3, 0xf1, 0xc2, 0xf1, 0xc2, 0xf1, 0xc2, 0xf1,
    0xe2, 0xf9, 0xe2, 0xf1, 0xe2, 0xf1, 0xe2, 0xf9, 0xe2, 0xf1, 0xe2, 0xf1,
    0xe3, 0xf1, 0xe3, 0xf1, 0xc3, 0xf1, 0xe2, 0xf1, 0xe2, 0xf1, 0xe2, 0xf1,
    0xe2, 0xf1, 0xe3, 0xf1, 0xe2, 0xf1, 0xe2, 0xf1, 0xc2, 0xf1, 0xe2, 0xf1,
    0xe2, 0xf1, 0xe2, 0xf1, 0xe2, 0xf1, 0xe3, 0xe9, 0xe3, 0xf1, 0xe2, 0xf1,
    0xe2, 0xf1, 0xe2, 0xf1, 0xe2, 0xf1, 0xe2, 0xf1, 0xe2, 0xf9, 0xe2, 0xf9,
    0xc2, 0xf1, 0xc2, 0xf9, 0xc1, 0xf9, 0xc2, 0xf9, 0xc2, 0xf1, 0xc1, 0xf1,
    0xc2, 0xf1, 0xc2, 0xf9, 0xc2, 0xf1, 0xc2, 0xf1, 0xc2, 0xf1, 0xc2, 0xf1,
    0xc2, 0xf1, 0xc2, 0xf1, 0xc2, 0xf1, 0xc2, 0xf1, 0xc2, 0xf1, 0xe2, 0xf9,
    0xc2, 0xf1, 0xe2, 0xf1, 0xc2, 0xf9, 0xe2, 0xf1, 0xc2, 0xf9, 0xc2, 0xf9,
    0xc2, 0xf1, 0xe2, 0xf1, 0xe2, 0xf1, 0xe2, 0xf1, 0xe2, 0xf9, 0xe2, 0xf1,
    0xe2, 0xf9, 0xe2, 0xf9, 0xe2, 0xf9, 0xe2, 0xf9, 0xc2, 0xf9, 0xe3, 0xf9,
    0xe2, 0xf1, 0xe2, 0xf1, 0xe3, 0xf9, 0xe2, 0xf9, 0xe2, 0xf1, 0xe2, 0xf1,
    0xe2, 0xf9, 0xe2, 0xf9, 0xc2, 0xf1, 0xc2, 0xf1, 0xe2, 0xf9, 0xc2, 0xf1,
    0xe2, 0xf1, 0xe2, 0xf9, 0xe2, 0xf1, 0xe2, 0xf1, 0xe2, 0xf9, 0xe2, 0xf9,
    0xc2, 0xf1, 0xc2, 0xf1, 0xe2, 0xf9, 0xe2, 0xf1, 0xe2, 0xf1, 0xe2, 0xf9,
    0xe2, 0xf1, 0xe2, 0xf1, 0xe2, 0xf9, 0xe2, 0xf1, 0xe2, 0xf1, 0xe2, 0xf1,
    0xc2, 0xf1, 0xe2, 0xf9, 0xe2, 0xf9, 0xe2, 0xf1, 0xe2, 0xf1, 0x02, 0xf2,
    0x02, 0xf2, 0xe2, 0xf9, 0xe2, 0xf1, 0x02, 0xf2, 0xe2, 0xf9, 0xe2, 0xf1,
    0xe2, 0xf1, 0xe2, 0xf1, 0xe2, 0xf1, 0xe2, 0xf1, 0xe2, 0xf9, 0xe2, 0xf1,
    0xe2, 0xf1, 0xe2, 0xf1, 0xe2, 0xf1, 0xe2, 0xf9, 0xe2, 0xf9, 0xe2, 0xf1,
    0xe2, 0xf1, 0xe2, 0xf1, 0xe2, 0xf1, 0xe2, 0xf1, 0xe2, 0xf1, 0x02, 0xf2,
    0x02, 0xf2, 0x02, 0xf2, 0xe2, 0xf1, 0xe1, 0xf1, 0xe2, 0xf1, 0xe2, 0xf1,
    0xe2, 0xe9, 0xa7, 0xd2, 0x7d, 0xff, 0xbe, 0xff, 0xbe, 0xff, 0xbe, 0xff,
    0xbe, 0xff, 0xda, 0xee, 0x04, 0xe2, 0xc2, 0xf1, 0xc2, 0xf1, 0xe2, 0xf1,
    0xe2, 0xf1, 0xe2, 0xf1, 0xe2, 0xf1, 0xe2, 0xf1, 0xe2, 0xf1, 0xe2, 0xf1,
    0xe2, 0xf1, 0xe2, 0xf1, 0x02, 0xf2, 0x02, 0xf2, 0x02, 0xf2, 0x23, 0xea,
    0x98, 0xf6, 0xbe, 0xff, 0xbe, 0xff, 0xbe, 0xff, 0xbe, 0xff, 0xbe, 0xff,
    0x08, 0xdb, 0xe1, 0xf1, 0xe2, 0xf1, 0xe2, 0xf1, 0x02, 0xf2, 0x02, 0xf2,
    0x02, 0xf2, 0x02, 0xf2, 0x02, 0xea, 0xe2, 0xf1, 0xe2, 0xf1, 0xe2, 0xf1,
    0xe2, 0xf1, 0xe2, 0xe9, 0xe2, 0xe9, 0xa6, 0xe2, 0x5c, 0xff, 0xbe, 0xff,
    0xbe, 0xff, 0xbe, 0xff, 0xde, 0xff, 0x5d, 0xff, 0xa5, 0xe2, 0xe1, 0xf1,
    0xe2, 0xf1, 0xe1, 0xf9, 0xe2, 0xf1, 0x02, 0xf2, 0x02, 0xf2, 0x02, 0xf2,
    0xe2, 0xf1, 0xe2, 0xf9, 0xe2, 0xf1, 0xe2, 0xf1, 0xe2, 0xf1, 0xe2, 0xf1,
    0xe2, 0xf1, 0xe2, 0xf1, 0xc2, 0xf1, 0xc2, 0xf1, 0xc2, 0xf1, 0xc2, 0xf1,
    0xc2, 0xf1, 0xe2, 0xf1, 0xe3, 0xf9, 0xe2, 0xf1, 0xc2, 0xf1, 0xc2, 0xf1,
    0xc2, 0xf1, 0xc2, 0xf1, 0xc2, 0xf1, 0xc2, 0xf1, 0xc2, 0xf1, 0xc2, 0xf1,
    0xc2, 0xf1, 0xc2, 0xf1, 0xc2, 0xf1, 0xc2, 0xf1, 0xc2, 0xf1, 0xc3, 0xf1,
    0xc2, 0xf1, 0xe2, 0xf1, 0xc2, 0xf9, 0xc2, 0xf1, 0xc2, 0xf1, 0xc2, 0xf1,
    0xc2, 0xf1, 0xe2, 0xf1, 0xc2, 0xf1, 0xe2, 0xf9, 0xe2, 0xf9, 0xc2, 0xf1,
    0xc3, 0xf1, 0xe2, 0xf1, 0xe2, 0xf9, 0xe2, 0xf1, 0xc2, 0xf9, 0xe3, 0xf1,
    0xe2, 0xf9, 0xe2, 0xf1, 0xe2, 0xf1, 0xc2, 0xf1, 0xc2, 0xf1, 0xe2, 0xf1,
    0xc2, 0xf1, 0xc2, 0xf1, 0xe2, 0xf1, 0xc2, 0xf1, 0xc2, 0xf1, 0xc2, 0xf1,
    0xc2, 0xf1, 0xc2, 0xf1, 0xe2, 0xf1, 0xc2, 0xf1, 0xc2, 0xf1, 0xc2, 0xf1,
    0xc2, 0xf1, 0xc2, 0xf1, 0xc2, 0xf1, 0xc2, 0xf1, 0xc2, 0xf1, 0xc2, 0xf9,
    0xc2, 0xf1, 0xc1, 0xf1, 0xc2, 0xf9, 0xc2, 0xf1, 0xe2, 0xf9, 0xc2, 0xf1,
    0xe2, 0xf1, 0xe2, 0xf1, 0xc2, 0xf1, 0xe2, 0xf1, 0xc2, 0xf1, 0xe2, 0xf1,
    0xe2, 0xf1, 0xe2, 0xe9, 0xe2, 0xf1, 0xe3, 0xf1, 0xc3, 0xf1, 0xc2, 0xf1,
    0xc2, 0xf1, 0xc3, 0xf1, 0xc3, 0xf1, 0xe2, 0xf1, 0xe3, 0xf1, 0xe3, 0xf1,
    0xe2, 0xf9, 0xe2, 0xf1, 0xe2, 0xf1, 0xe3, 0xf9, 0xe3, 0xf1, 0xc2, 0xf1,
    0xc3, 0xf1, 0xc2, 0xf1, 0xc3, 0xf1, 0xc3, 0xf1, 0xc2, 0xf1, 0xc2, 0xf1,
    0xe3, 0xf9, 0xe2, 0xf9, 0xe2, 0xf1, 0xc2, 0xf1, 0xe2, 0xf1, 0xc3, 0xf1,
    0xc2, 0xf1, 0xa2, 0xe9, 0xc3, 0xf1, 0xc2, 0xf1, 0xc3, 0xf1, 0xc3, 0xf1,
    0xe3, 0xf1, 0xe2, 0xf9, 0xc2, 0xf9, 0xe3, 0xf9, 0xc2, 0xf1, 0xe2, 0xf1,
    0xc2, 0xf1, 0xc2, 0xf1, 0xe2, 0xf9, 0xe2, 0xf1, 0xe2, 0xf1, 0xe2, 0xf9,
    0xe2, 0xf1, 0xe2, 0xf9, 0xe2, 0xf1, 0xe2, 0xf1, 0xe2, 0xf1, 0xe2, 0xf1,
    0xe3, 0xf1, 0xe2, 0xf1, 0xe2, 0xf1, 0xe2, 0xf1, 0xe2, 0xf1, 0xe2, 0xf1,
    0xe2, 0xf1, 0xe2, 0xf1, 0xe2, 0xf1, 0x02, 0xf2, 0xe2, 0xf1, 0x02, 0xf2,
    0xe2, 0xf1, 0xe2, 0xf1, 0xe2, 0xf1, 0xe2, 0xf1, 0xe2, 0xf1, 0xe2, 0xf1,
    0xe2, 0xf1, 0xe2, 0xf1, 0xe2, 0xf1, 0xe1, 0xf1, 0xc1, 0xf1, 0xc2, 0xf1,
    0xc2, 0xf1, 0xc1, 0xf1, 0xc2, 0xf9, 0xe2, 0xf1, 0xc2, 0xf1, 0xe2, 0xf1,
    0xc2, 0xf1, 0xc2, 0xf1, 0xc2, 0xf1, 0xc2, 0xf1, 0xc2, 0xf9, 0xc2, 0xf1,
    0xc2, 0xf1, 0xe2, 0xf1, 0xe2, 0xf1, 0xe2, 0xf9, 0xe2, 0xf1, 0xe2, 0xf1,
    0xe2, 0xf1, 0xe2, 0xf9, 0xe2, 0xf1, 0xe2, 0xf1, 0xe2, 0xf9, 0xe2, 0xf9,
    0xe2, 0xf1, 0xe2, 0xf1, 0xe2, 0xf1, 0xe2, 0xf1, 0xe2, 0xf9, 0xe2, 0xf1,
    0xe2, 0xf1, 0xc2, 0xf9, 0xe2, 0xf9, 0xe2, 0xf1, 0xc2, 0xf1, 0xe2, 0xf9,
    0xe2, 0xf9, 0xe2, 0xf9, 0xe2, 0xf1, 0xe2, 0xf9, 0xe2, 0xf9, 0xe2, 0xf9,
    0xe2, 0xf1, 0xc2, 0xf1, 0xe2, 0xf9, 0xe2, 0xf9, 0xe2, 0xf1, 0xe2, 0xf1,
    0xe2, 0xf1, 0xe2, 0xf1, 0xe2, 0xf9, 0xe2, 0xf1, 0xc2, 0xf9, 0xc2, 0xf1,
    0xe2, 0xf9, 0xe2, 0xf1, 0xe2, 0xf9, 0xe2, 0xf1, 0xe2, 0xf1, 0xe2, 0xf1,
    0xe2, 0xf9, 0xe2, 0xf1, 0xc2, 0xf1, 0xe2, 0xf9, 0xe2, 0xf1, 0xe2, 0xf1,
    0x02, 0xfa, 0x02, 0xfa, 0xe2, 0xf1, 0x02, 0xfa, 0x02, 0xf2, 0xe2, 0xf9,
    0x02, 0xf2, 0xe2, 0xf9, 0xe2, 0xf1, 0xe2, 0xf1, 0xe2, 0xf1, 0xe2, 0xf1,
    0xe2, 0xf1, 0xe2, 0xf9, 0xe2, 0xf1, 0xe2, 0xf1, 0x02, 0xf2, 0xe3, 0xf1,
    0xe2, 0xf9, 0xe3, 0xf1, 0xe2, 0xf9, 0xe3, 0xf9, 0xe2, 0xf1, 0xe2, 0xf1,
    0xe2, 0xf1, 0x02, 0xf2, 0x02, 0xf2, 0x02, 0xf2, 0x02, 0xf2, 0xe2, 0xf1,
    0xe2, 0xf1, 0xe2, 0xf1, 0xe3, 0xe1, 0xd5, 0xf5, 0xde, 0xff, 0xdf, 0xff,
    0xde, 0xff, 0xbe, 0xff, 0xbe, 0xf7, 0x11, 0xed, 0xc1, 0xe9, 0xe1, 0xe9,
    0xe2, 0xf1, 0xe2, 0xf1, 0xe1, 0xf1, 0xe2, 0xf1, 0xe2, 0xf1, 0xe2, 0xf1,
    0xe2, 0xf1, 0xe2, 0xf1, 0xe3, 0xf1, 0x02, 0xf2, 0x02, 0xf2, 0x02, 0xf2,
    0x02, 0xf2, 0x02, 0xea, 0x16, 0xf6, 0xbe, 0xff, 0xbe, 0xff, 0xbe, 0xff,
    0xbe, 0xff, 0xbe, 0xf7, 0x07, 0xdb, 0xe1, 0xf1, 0xe2, 0xf1, 0x02, 0xf2,
    0xe2, 0xf1, 0xe2, 0xf1, 0x02, 0xf2, 0x02, 0xf2, 0x02, 0xf2, 0x02, 0xf2,
    0xe2, 0xe9, 0x02, 0xf2, 0x02, 0xf2, 0xe1, 0xe9, 0x02, 0xea, 0x02, 0xea,
    0x52, 0xed, 0xbe, 0xff, 0xbe, 0xff, 0xbe, 0xff, 0xbe, 0xff, 0xbe, 0xf7,
    0x2d, 0xdc, 0xc2, 0xf1, 0xe2, 0xf1, 0xe1, 0xf9, 0xe2, 0xf1, 0x02, 0xf2,
    0x02, 0xf2, 0xe2, 0xf1, 0x02, 0xf2, 0xe2, 0xf1, 0xe2, 0xf1, 0xe2, 0xf1,
    0xe2, 0xf1, 0xe3, 0xf1, 0xe2, 0xf1, 0xe2, 0xf9, 0xe3, 0xf1, 0xe2, 0xf1,
    0xc2, 0xf9, 0xe2, 0xf1, 0xc2, 0xf1, 0xe2, 0xf1, 0xe2, 0xf1, 0xe2, 0xf9,
    0xe2, 0xf1, 0xc2, 0xf1, 0xc2, 0xf1, 0xc2, 0xf1, 0xc2, 0xf1, 0xc2, 0xf1,
    0xc2, 0xf1, 0xc2, 0xf1, 0xe2, 0xf1, 0xc2, 0xf1, 0xe2, 0xf1, 0xe2, 0xf1,
    0xc2, 0xf9, 0xe2, 0xf1, 0xe2, 0xf1, 0xc2, 0xf9, 0xc2, 0xf9, 0xe2, 0xf1,
    0xe2, 0xf9, 0xe2, 0xf1, 0xe2, 0xf1, 0xe2, 0xf1, 0xc2, 0xf9, 0xe2, 0xf1,
    0xe2, 0xf1, 0xe2, 0xf1, 0xc2, 0xf1, 0xe2, 0xf1, 0xe2, 0xf1, 0xe2, 0xf9,
    0xe2, 0xf9, 0xe2, 0xf1, 0xe2, 0xf9, 0xe2, 0xf1, 0xc2, 0xf1, 0xe2, 0xf9,
    0xe2, 0xf1, 0xe2, 0xf9, 0xc2, 0xf1, 0xc2, 0xf1, 0xe2, 0xf9, 0xe2, 0xf1,
    0xc2, 0xf1, 0xc2, 0xf1, 0xe2, 0xf1, 0xc2, 0xf1, 0xe2, 0xf1, 0xe2, 0xf1,
    0xc2, 0xf1, 0xe2, 0xf1, 0xe2, 0xf1, 0xe2, 0xf9, 0xc2, 0xf1, 0xc2, 0xf1,
    0xc2, 0xf1, 0xc2, 0xf9, 0xc2, 0xf1, 0xc2, 0xf1, 0xc2, 0xf1, 0xe2, 0xf1,
    0xc2, 0xf1, 0xc2, 0xf9, 0xe2, 0xf1, 0xe2, 0xf1, 0xe2, 0xf1, 0xe2, 0xf1,
    0xe2, 0xf1, 0xe3, 0xf1, 0xe3, 0xf1, 0xe2, 0xf1, 0xe2, 0xf1, 0xe2, 0xe9,
    0xe3, 0xf1, 0xe3, 0xf1, 0xc2, 0xf1, 0xe3, 0xe9, 0xe3, 0xf1, 0xe2, 0xf1,
    0xe3, 0xf1, 0xe3, 0xf1, 0xe2, 0xf1, 0xe3, 0xf1, 0xe2, 0xf1, 0xe3, 0xf1,
    0xe3, 0xf9, 0xc2, 0xf1, 0xe2, 0xf9, 0xc3, 0xf1, 0xc3, 0xf1, 0xe2, 0xf9,
    0xe2, 0xf1, 0xe2, 0xf1, 0xe3, 0xf1, 0xe2, 0xf1, 0xc2, 0xf1, 0xc2, 0xf1,
    0xe2, 0xf1, 0xc2, 0xf1, 0xc3, 0xe9, 0xc2, 0xf1, 0xc2, 0xf1, 0xe3, 0xf1,
    0xc2, 0xf1, 0xe2, 0xf1, 0xe3, 0xf1, 0xe2, 0xf9, 0xe2, 0xf1, 0xc2, 0xf1,
    0xe2, 0xf9, 0xe3, 0xf1, 0xe2, 0xf1, 0xc2, 0xf1, 0xe1, 0xf1, 0x02, 0xf2,
    0xe2, 0xf1, 0xe2, 0xf1, 0xe2, 0xf1, 0xe2, 0xf9, 0xe2, 0xf1, 0xe2, 0xf1,
    0xe2, 0xf1, 0xe2, 0xf1, 0xe2, 0xf1, 0xe2, 0xf1, 0xe2, 0xf1, 0xe2, 0xf1,
    0xe2, 0xf1, 0x02, 0xf2, 0x02, 0xf2, 0x02, 0xf2, 0xe2, 0xf1, 0x02, 0xf2,
    0x02, 0xf2, 0x02, 0xf2, 0xe2, 0xf1, 0xe2, 0xf1, 0xe2, 0xf1, 0xe2, 0xf1,
    0xe1, 0xf1, 0xe2, 0xf9, 0xe2, 0xf1, 0xe2, 0xf1, 0xe1, 0xf1, 0xc2, 0xf1,
    0xc1, 0xf1, 0xc1, 0xf1, 0xc2, 0xf1, 0xc2, 0xf9, 0xe2, 0xf1, 0xe2, 0xf1,
    0xc2, 0xf9, 0xc2, 0xf1, 0xc2, 0xf1, 0xc2, 0xf9, 0xe2, 0xf1, 0xe2, 0xf1,
    0xc2, 0xf9, 0xe2, 0xf1, 0xe2, 0xf1, 0xc2, 0xf1, 0xc2, 0xf9, 0xe2, 0xf9,
    0xe2, 0xf1, 0xe2, 0xf9, 0xe2, 0xf1, 0x02, 0xf2, 0x02, 0xfa, 0xe2, 0xf1,
    0xe2, 0xf9, 0xe2, 0xf9, 0xe2, 0xf9, 0xe2, 0xf9, 0xe2, 0xf9, 0xe2, 0xf9,
    0xe2, 0xf1, 0xe2, 0xf9, 0xe2, 0xf9, 0xc2, 0xf1, 0xe2, 0xf9, 0xe3, 0xf9,
    0xe2, 0xf1, 0xe3, 0xf1, 0xe2, 0xf9, 0xe2, 0xf9, 0x02, 0xf2, 0xe2, 0xf1,
    0xe2, 0xf1, 0xe2, 0xf1, 0xe2, 0xf9, 0xe2, 0xf1, 0xe2, 0xf1, 0xe2, 0xf9,
    0xe2, 0xf1, 0xe2, 0xf1, 0xe2, 0xf1, 0xe2, 0xf1, 0xc2, 0xf1, 0xe1, 0xf1,
    0xe2, 0xf1, 0xe2, 0xf1, 0x02, 0xf2, 0xe2, 0xf1, 0xe2, 0xf9, 0xe2, 0xf1,
    0xe2, 0xf1, 0xe2, 0xf1, 0x02, 0xfa, 0xe2, 0xf1, 0xc2, 0xf1, 0xe2, 0xf9,
    0xe2, 0xf1, 0xe2, 0xf1, 0x02, 0xfa, 0x02, 0xf2, 0x02, 0xf2, 0x02, 0xf2,
    0x02, 0xfa, 0xe2, 0xf1, 0x02, 0xf2, 0x02, 0xfa, 0xe2, 0xf1, 0xe2, 0xf1,
    0xe2, 0xf9, 0xe2, 0xf1, 0xe2, 0xf1, 0xe2, 0xf1, 0x02, 0xfa, 0xe2, 0xf1,
    0x02, 0xf2, 0x02, 0xf2, 0xe2, 0xf1, 0x02, 0xf2, 0xe2, 0xf1, 0xe2, 0xf9,
    0x02, 0xf2, 0x02, 0xf2, 0xe2, 0xf1, 0x02, 0xf2, 0x02, 0xf2, 0x02, 0xf2,
    0x02, 0xf2, 0x02, 0xf2, 0xe2, 0xf1, 0xe2, 0xf1, 0xa5, 0xda, 0x5b, 0xff,
    0xdf, 0xff, 0xbf, 0xff, 0xbe, 0xff, 0xde, 0xff, 0x7d, 0xff, 0x44, 0xda,
    0xc1, 0xf1, 0xe1, 0xe9, 0xe2, 0xf1, 0xe2, 0xf1, 0xe1, 0xf1, 0xe2, 0xf1,
    0xe2, 0xf1, 0xe2, 0xf1, 0x02, 0xf2, 0x02, 0xf2, 0x02, 0xf2, 0x02, 0xf2,
    0xe2, 0xf1, 0x02, 0xf2, 0x02, 0xf2, 0x22, 0xea, 0x73, 0xed, 0xbe, 0xff,
    0xbe, 0xff, 0xbe, 0xff, 0xbe, 0xff, 0x9d, 0xff, 0x07, 0xe3, 0xe1, 0xf1,
    0x02, 0xf2, 0x02, 0xf2, 0xe2, 0xf1, 0xe2, 0xf1, 0x02, 0xf2, 0x02, 0xf2,
    0x02, 0xf2, 0x02, 0xf2, 0x02, 0xf2, 0x02, 0xf2, 0xe2, 0xf1, 0x01, 0xf2,
    0x02, 0xf2, 0x01, 0xea, 0xc7, 0xda, 0x5c, 0xff, 0x9e, 0xf7, 0x9e, 0xff,
    0xbe, 0xff, 0xbe, 0xf7, 0x1b, 0xff, 0x23, 0xe2, 0xe1, 0xf1, 0x02, 0xf2,
    0xe2, 0xf1, 0x02, 0xf2, 0x02, 0xf2, 0x02, 0xfa, 0xe2, 0xf1, 0x02, 0xf2,
    0x02, 0xf2, 0x02, 0xf2, 0xe2, 0xf9, 0xe2, 0xf9, 0xe2, 0xf1, 0xe2, 0xf1,
    0xe2, 0xf1, 0xe2, 0xf1, 0xe2, 0xf9, 0xe2, 0xf1, 0xe2, 0xf1, 0xe2, 0xf9,
    0xe2, 0xf1, 0xe2, 0xf9, 0xe3, 0xf1, 0xc2, 0xf1, 0xc2, 0xf1, 0xc2, 0xf1,
    0xe2, 0xf1, 0xc2, 0xf1, 0xe2, 0xf1, 0xe2, 0xf1, 0xe2, 0xf1, 0xc2, 0xf1,
    0xe2, 0xf1, 0xe2, 0xf1, 0xe2, 0xf9, 0xc2, 0xf1, 0xe2, 0xf1, 0xe2, 0xf1,
    0xe2, 0xf9, 0xe2, 0xf1, 0xe2, 0xf9, 0xe2, 0xf9, 0xe2, 0xf1, 0xe2, 0xf1,
    0xe2, 0xf1, 0x02, 0xf2, 0xe2, 0xf1, 0xe2, 0xf1, 0xe2, 0xf9, 0xe2, 0xf1,
    0xe2, 0xf1, 0xe2, 0xf9, 0xe2, 0xf1, 0xe2, 0xf1, 0xe2, 0xf9, 0xe2, 0xf1,
    0xe2, 0xf9, 0xe2, 0xf1, 0xc2, 0xf1, 0xc2, 0xf1, 0xc2, 0xf1, 0xc2, 0xf1,
    0xe2, 0xf9, 0xc2, 0xf1, 0xe2, 0xf1, 0xe2, 0xf9, 0xe2, 0xf1, 0xe2, 0xf1,
    0xe2, 0xf1, 0xe2, 0xf1, 0xe2, 0xf9, 0xe2, 0xf1, 0xe2, 0xf9, 0xe3, 0xf9,
    0xe2, 0xf9, 0xe2, 0xf1, 0xe2, 0xf1, 0xe2, 0xf9, 0xc2, 0xf1, 0xe2, 0xf1,
    0xe2, 0xf9, 0xc2, 0xf1, 0xe2, 0xf1, 0xe2, 0xf1, 0xe2, 0xf1, 0xe2, 0xf1,
    0xe2, 0xf9, 0xe2, 0xf1, 0xe2, 0xf1, 0xe2, 0xf1, 0xe2, 0xe9, 0xe2, 0xf1,
    0xe2, 0xf1, 0xe2, 0xf1, 0xe3, 0xf1, 0xe2, 0xf1, 0xe2, 0xf1, 0xe2, 0xf1,
    0xe2, 0xf1, 0xe3, 0xf1, 0xe3, 0xf1, 0xe3, 0xf1, 0xe2, 0xf1, 0xe2, 0xf1,
    0xe2, 0xf1, 0xe3, 0xf1, 0xe3, 0xf1, 0xe3, 0xf1, 0xe2, 0xf9, 0xe3, 0xf1,
    0xc2, 0xf1, 0xe3, 0xf9, 0xe2, 0xf1, 0xe3, 0xf1, 0xe2, 0xf1, 0xc2, 0xf1,
    0xc2, 0xf1, 0xe2, 0xf1, 0xe2, 0xf1, 0xe2, 0xe9, 0xc3, 0xf1, 0xc2, 0xe9,
    0xc2, 0xf1, 0xe3, 0xf1, 0xc2, 0xf1, 0xc2, 0xf1, 0xe3, 0xf1, 0xe2, 0xf9,
    0xe3, 0xf1, 0xe2, 0xf9, 0xc2, 0xf1, 0xe2, 0xf1, 0xe3, 0xf1, 0xe2, 0xf1,
    0xe1, 0xf1, 0x02, 0xfa, 0xe2, 0xf9, 0xe2, 0xf1, 0x02, 0xfa, 0xe2, 0xf9,
    0x02, 0xf2, 0x02, 0xf2, 0x02, 0xf2, 0xe2, 0xf1, 0xe2, 0xf1, 0xe2, 0xf1,
    0x02, 0xf2, 0x02, 0xf2, 0x02, 0xf2, 0x02, 0xf2, 0x02, 0xf2, 0x02, 0xf2,
    0x02, 0xf2, 0x02, 0xf2, 0xe2, 0xf1, 0x02, 0xf2, 0x02, 0xf2, 0xe2, 0xf1,
    0xe2, 0xf1, 0xe2, 0xf1, 0xe1, 0xf1, 0xe1, 0xf9, 0xe2, 0xf1, 0xe2, 0xf1,
    0xe1, 0xf9, 0xe2, 0xf1, 0xe2, 0xf9, 0xc1, 0xf1, 0xc2, 0xf1, 0xe2, 0xf1,
    0xe2, 0xf9, 0xe2, 0xf9, 0xe2, 0xf9, 0xe2, 0xf1, 0xe2, 0xf1, 0xe2, 0xf1,
    0xc2, 0xf1, 0xe2, 0xf1, 0xe2, 0xf1, 0xe2, 0xf1, 0xe2, 0xf1, 0xe2, 0xf9,
    0xc2, 0xf1, 0xe2, 0xf1, 0xe2, 0xf1, 0x02, 0xfa, 0x02, 0xf2, 0xe2, 0xf9,
    0x02, 0xf2, 0x02, 0xfa, 0x02, 0xfa, 0x02, 0xfa, 0xe2, 0xf1, 0xe2, 0xf1,
    0xe2, 0xf9, 0xe2, 0xf1, 0xe2, 0xf9, 0xe2, 0xf9, 0xe2, 0xf1, 0xe2, 0xf1,
    0xe2, 0xf1, 0xe2, 0xf1, 0xe2, 0xf1, 0xe2, 0xf1, 0x02, 0xf2, 0x02, 0xf2,
    0x02, 0xfa, 0x02, 0xfa, 0xe2, 0xf1, 0xe2, 0xf1, 0xe2, 0xf1, 0xe2, 0xf1,
    0xe2, 0xf1, 0xe2, 0xf1, 0xe2, 0xf1, 0xe2, 0xf1, 0xe2, 0xf1, 0xe2, 0xf1,
    0xe2, 0xf1, 0xe1, 0xf1, 0xe2, 0xf1, 0x02, 0xf2, 0x02, 0xf2, 0x02, 0xf2,
    0x02, 0xf2, 0x02, 0xfa, 0x02, 0xfa, 0x02, 0xf2, 0xe2, 0xf1, 0xe2, 0xf1,
    0xe2, 0xf9, 0xe2, 0xf1, 0x02, 0xfa, 0x02, 0xfa, 0x02, 0xf2, 0x02, 0xf2,
    0x02, 0xfa, 0x02, 0xf2, 0x02, 0xf2, 0xe2, 0xf9, 0xe2, 0xf1, 0x02, 0xf2,
    0xe2, 0xf9, 0x02, 0xfa, 0xe2, 0xf1, 0x02, 0xf2, 0x02, 0xf2, 0x02, 0xfa,
    0x02, 0xfa, 0x02, 0xf2, 0xe2, 0xf1, 0xe2, 0xf9, 0x02, 0xfa, 0x02, 0xf2,
    0x02, 0xfa, 0x02, 0xf2, 0x02, 0xf2, 0x02, 0xf2, 0x02, 0xf2, 0x02, 0xf2,
    0x02, 0xf2, 0x02, 0xf2, 0x02, 0xf2, 0x02, 0xf2, 0x02, 0xf2, 0x03, 0xea,
    0xb0, 0xe4, 0xde, 0xff, 0xde, 0xff, 0xde, 0xff, 0xbe, 0xff, 0xbe, 0xf7,
    0x53, 0xe5, 0xe2, 0xe9, 0xc1, 0xf1, 0xe1, 0xe9, 0xe2, 0xf1, 0xe2, 0xf1,
    0xe1, 0xf1, 0x02, 0xf2, 0x02, 0xf2, 0x02, 0xf2, 0x02, 0xf2, 0x02, 0xf2,
    0x02, 0xf2, 0x02, 0xf2, 0x02, 0xf2, 0x02, 0xf2, 0x02, 0xf2, 0x03, 0xf2,
    0xd1, 0xdc, 0xbe, 0xff, 0xbe, 0xff, 0xbe, 0xff, 0xbf, 0xff, 0x7d, 0xff,
    0xe7, 0xea, 0xe2, 0xf1, 0x02, 0xf2, 0x02, 0xf2, 0x02, 0xf2, 0x02, 0xf2,
    0x02, 0xf2, 0x02, 0xf2, 0x02, 0xf2, 0x02, 0xf2, 0x02, 0xf2, 0x02, 0xf2,
    0x02, 0xf2, 0xe2, 0xf1, 0xe1, 0xe9, 0xe1, 0xe9, 0x02, 0xe2, 0xd5, 0xf5,
    0x9e, 0xf7, 0xbe, 0xff, 0xbe, 0xff, 0xbe, 0xff, 0xbe, 0xf7, 0x0c, 0xe4,
    0x01, 0xf2, 0xe2, 0xf1, 0x01, 0xf2, 0x02, 0xf2, 0x02, 0xf2, 0x02, 0xf2,
    0x02, 0xf2, 0x02, 0xf2, 0x02, 0xf2, 0xe2, 0xf1, 0xe2, 0xf1, 0x02, 0xf2,
    0xe2, 0xf1, 0xe2, 0xf1, 0xe2, 0xf1, 0xe2, 0xf1, 0xe2, 0xf1, 0xe2, 0xf1,
    0xe2, 0xf1, 0xe2, 0xf1, 0xe2, 0xf1, 0x02, 0xf2, 0xe3, 0xf1, 0xe3, 0xf9,
    0xe2, 0xf1, 0xe2, 0xf1, 0xc2, 0xf1, 0xc2, 0xf1, 0xe2, 0xf1, 0xc2, 0xf1,
    0xe2, 0xf1, 0xe2, 0xf1, 0xe2, 0xf1, 0xe2, 0xf1, 0xe2, 0xf1, 0xe1, 0xf9,
    0xe2, 0xf1, 0xe2, 0xf1, 0xe2, 0xf1, 0xe2, 0xf1, 0xe2, 0xf1, 0xe2, 0xf1,
    0xe2, 0xf9, 0xe2, 0xf1, 0x02, 0xf2, 0x02, 0xf2, 0xe2, 0xf1, 0xe2, 0xf1,
    0xe2, 0xf1, 0xe2, 0xf1, 0xe2, 0xf1, 0xe2, 0xf9, 0xe2, 0xf1, 0xe2, 0xf1,
    0xe2, 0xf1, 0xe2, 0xf1, 0xe2, 0xf1, 0xe2, 0xf1, 0xe2, 0xf1, 0xe1, 0xf1,
    0xe2, 0xf1, 0xe2, 0xf1, 0xe2, 0xf1, 0xe1, 0xf1, 0xe2, 0xf1, 0xe2, 0xf1,
    0xe2, 0xf1, 0xe2, 0xf1, 0xe2, 0xf1, 0xe2, 0xf1, 0xe2, 0xf1, 0xe2, 0xf1,
    0xc2, 0xf9, 0xe3, 0xf1, 0xe2, 0xf1, 0xe2, 0xf9, 0xe2, 0xf9, 0xe2, 0xf1,
    0xe2, 0xf9, 0xe2, 0xf1, 0xe2, 0xf1, 0xe2, 0xf1, 0xe2, 0xf1, 0xe2, 0xf1,
    0xe2, 0xf1, 0xe2, 0xf1, 0xe2, 0xf1, 0xe2, 0xf1, 0xe2, 0xf1, 0xe2, 0xf1,
    0xe2, 0xf1, 0xe2, 0xf1, 0xe2, 0xf1, 0xe2, 0xf1, 0xe2, 0xf1, 0xe2, 0xf1,
    0xe2, 0xf1, 0xe2, 0xf1, 0xe2, 0xf1, 0xe2, 0xf1, 0xe2, 0xf1, 0xe3, 0xf1,
    0xe2, 0xf1, 0xe2, 0xf1, 0x03, 0xf2, 0xe2, 0xf1, 0xe3, 0xf9, 0xe3, 0xf1,
    0xe2, 0xf1, 0xe2, 0xf9, 0xe2, 0xf1, 0xe3, 0xf1, 0xe2, 0xf9, 0xe3, 0xf9,
    0xe3, 0xf9, 0xe2, 0xf1, 0xe2, 0xf1, 0xc2, 0xf1, 0xe3, 0xf1, 0xe3, 0xf1,
    0xe2, 0xe9, 0xe2, 0xf1, 0xe2, 0xf1, 0xe2, 0xf1, 0xe2, 0xf1, 0xc2, 0xf1,
    0xe2, 0xf1, 0xe3, 0xf1, 0xe2, 0xf1, 0xe2, 0xf1, 0xe2, 0xf1, 0xe2, 0xf1,
    0xe3, 0xf1, 0xe2, 0xf1, 0x02, 0xf2, 0x02, 0xf2, 0x02, 0xf2, 0x02, 0xf2,
    0x02, 0xf2, 0x02, 0xf2, 0x02, 0xf2, 0x02, 0xf2, 0x02, 0xf2, 0x02, 0xf2,
    0x02, 0xf2, 0x02, 0xf2, 0x02, 0xf2, 0x02, 0xf2, 0x02, 0xf2, 0x02, 0xf2,
    0x02, 0xf2, 0x02, 0xf2, 0xe2, 0xf1, 0xe2, 0xf1, 0x02, 0xf2, 0x02, 0xf2,
    0x02, 0xf2, 0x02, 0xf2, 0xe2, 0xf1, 0xe2, 0xf1, 0xe2, 0xf1, 0x02, 0xf2,
    0xe2, 0xf1, 0x02, 0xf2, 0xc2, 0xf1, 0xe1, 0xf1, 0xe2, 0xf1, 0xc2, 0xf9,
    0xe2, 0xf1, 0xe1, 0xf1, 0xe2, 0xf1, 0xe2, 0xf1, 0xe2, 0xf1, 0xe2, 0xf1,
    0xe2, 0xf1, 0xe2, 0xf9, 0xc2, 0xf1, 0xe2, 0xf1, 0xe2, 0xf1, 0xe2, 0xf1,
    0xe2, 0xf1, 0xe2, 0xf9, 0xe2, 0xf1, 0xe2, 0xf1, 0xe2, 0xf1, 0xe2, 0xf1,
    0x02, 0xfa, 0x02, 0xfa, 0x02, 0xf2, 0x02, 0xf2, 0xe2, 0xf9, 0x02, 0xf2,
    0x02, 0xf2, 0xe2, 0xf9, 0x02, 0xfa, 0x02, 0xf2, 0x02, 0xfa, 0xe2, 0xf9,
    0xe2, 0xf1, 0xe2, 0xf1, 0xe2, 0xf1, 0xe2, 0xf1, 0x02, 0xf2, 0xe2, 0xf1,
    0x02, 0xf2, 0x02, 0xf2, 0x02, 0xf2, 0x02, 0xf2, 0x02, 0xf2, 0xe2, 0xf9,
    0xe2, 0xf1, 0xe2, 0xf1, 0xe2, 0xf1, 0x02, 0xf2, 0x01, 0xf2, 0xe2, 0xf1,
    0xe2, 0xf1, 0xe1, 0xf1, 0xe2, 0xf1, 0xe1, 0xf1, 0x02, 0xf2, 0x02, 0xf2,
    0x02, 0xf2, 0x22, 0xf2, 0x02, 0xfa, 0x02, 0xfa, 0x02, 0xf2, 0x02, 0xfa,
    0x02, 0xf2, 0x02, 0xfa, 0x02, 0xf2, 0x02, 0xf2, 0x02, 0xfa, 0x02, 0xf2,
    0x02, 0xf2, 0x22, 0xf2, 0x02, 0xfa, 0x02, 0xf2, 0x02, 0xf2, 0x02, 0xfa,
    0x02, 0xf2, 0x02, 0xf2, 0x02, 0xf2, 0x02, 0xf2, 0x02, 0xf2, 0x02, 0xf2,
    0x02, 0xfa, 0x02, 0xfa, 0x02, 0xf2, 0x02, 0xf2, 0x02, 0xf2, 0xe2, 0xf1,
    0x02, 0xf2, 0x02, 0xfa, 0x02, 0xfa, 0x02, 0xf2, 0x02, 0xf2, 0x02, 0xf2,
    0x02, 0xf2, 0x02, 0xf2, 0x02, 0xf2, 0x02, 0xf2, 0x02, 0xf2, 0x02, 0xf2,
    0x02, 0xf2, 0x65, 0xe2, 0x1b, 0xff, 0xde, 0xff, 0xdf, 0xff, 0xde, 0xff,
    0xde, 0xff, 0x9d, 0xf7, 0x49, 0xe3, 0xe2, 0xf1, 0xe1, 0xf1, 0xe2, 0xf1,
    0x02, 0xf2, 0x02, 0xea, 0xe2, 0xf1, 0x02, 0xf2, 0x02, 0xf2, 0x02, 0xf2,
    0x02, 0xf2, 0x02, 0xf2, 0x02, 0xf2, 0x02, 0xf2, 0x22, 0xf2, 0x22, 0xf2,
    0x22, 0xf2, 0x22, 0xf2, 0x2e, 0xd4, 0xbe, 0xff, 0xbe, 0xff, 0xbe, 0xff,
    0xdf, 0xff, 0x5c, 0xff, 0xc6, 0xf2, 0xe1, 0xf1, 0x01, 0xf2, 0xe2, 0xf1,
    0x02, 0xf2, 0x02, 0xf2, 0x02, 0xf2, 0x02, 0xf2, 0x22, 0xf2, 0x22, 0xf2,
    0x22, 0xf2, 0x22, 0xea, 0x02, 0xf2, 0x01, 0xea, 0xe1, 0xe9, 0xe2, 0xe9,
    0xe1, 0xe9, 0xe8, 0xd2, 0x7d, 0xff, 0xbe, 0xff, 0xbe, 0xff, 0xbe, 0xff,
    0xbe, 0xff, 0x78, 0xf6, 0x23, 0xea, 0x01, 0xf2, 0xe2, 0xf1, 0x02, 0xf2,
    0x02, 0xf2, 0x22, 0xf2, 0x22, 0xfa, 0x02, 0xf2, 0x02, 0xf2, 0x02, 0xf2,
    0x02, 0xf2, 0x02, 0xf2, 0xe2, 0xf1, 0xe2, 0xf9, 0xe2, 0xf1, 0xe2, 0xf1,
    0x02, 0xf2, 0xe2, 0xf1, 0x02, 0xf2, 0x03, 0xf2, 0x02, 0xf2, 0x02, 0xf2,
    0xe2, 0xf1, 0xe2, 0xf1, 0xe3, 0xf1, 0xe2, 0xf9, 0xe2, 0xf1, 0xc2, 0xf1,
    0xc2, 0xf1, 0xe2, 0xf1, 0xe2, 0xf1, 0xe2, 0xf9, 0xe2, 0xf1, 0xe2, 0xf1,
    0xe2, 0xf1, 0xe2, 0xf9, 0xe2, 0xf9, 0xe1, 0xf9, 0xe2, 0xf1, 0xe2, 0xf1,
    0xe2, 0xf9, 0x02, 0xf2, 0x02, 0xf2, 0x02, 0xf2, 0xe2, 0xf1, 0xe1, 0xf1,
    0xe2, 0xf1, 0xe2, 0xf1, 0xe2, 0xf1, 0xe2, 0xf1, 0x02, 0xf2, 0x02, 0xf2,
    0x02, 0xf2, 0x02, 0xf2, 0x02, 0xf2, 0x02, 0xf2, 0x02, 0xf2, 0xe2, 0xf1,
    0xe2, 0xf1, 0xe2, 0xf1, 0xe2, 0xf1, 0xe2, 0xf1, 0xe2, 0xf1, 0xe2, 0xf1,
    0x02, 0xf2, 0xe2, 0xf1, 0xe2, 0xf1, 0xe2, 0xf1, 0xe2, 0xf1, 0xe2, 0xf9,
    0xe2, 0xf1, 0xe2, 0xf1, 0xe2, 0xf9, 0xe2, 0xf1, 0xe2, 0xf1, 0xe2, 0xf1,
    0xe2, 0xf1, 0xe2, 0xf1, 0xe2, 0xf9, 0xe2, 0xf9, 0xe2, 0xf1, 0xe2, 0xf1,
    0xe2, 0xf1, 0xe1, 0xf1, 0xe2, 0xf1, 0xe2, 0xf1, 0xe2, 0xf1, 0xe1, 0xf1,
    0xe2, 0xf1, 0xe2, 0xf1, 0x02, 0xf2, 0x02, 0xf2, 0x02, 0xf2, 0xe2, 0xf1,
    0xe2, 0xf1, 0x02, 0xea, 0x02, 0xf2, 0x02, 0xf2, 0xe3, 0xf1, 0x02, 0xf2,
    0xe2, 0xf1, 0xe2, 0xf1, 0x02, 0xf2, 0xe2, 0xf1, 0x02, 0xf2, 0xe2, 0xf1,
    0x02, 0xfa, 0x03, 0xf2, 0x02, 0xfa, 0x02, 0xfa, 0xe3, 0xf1, 0x02, 0xfa,
    0xe2, 0xf1, 0xe2, 0xf1, 0xe3, 0xf1, 0xe2, 0xf1, 0xe2, 0xf1, 0xe2, 0xf1,
    0xe3, 0xf1, 0xe2, 0xf1, 0xe2, 0xf1, 0xe2, 0xf1, 0xe2, 0xf1, 0xe2, 0xf1,
    0xe2, 0xf1, 0xe2, 0xf1, 0xe3, 0xf1, 0xe3, 0xf1, 0xe2, 0xf1, 0xe2, 0xf1,
    0xe2, 0xf1, 0x02, 0xf2, 0x02, 0xf2, 0x02, 0xf2, 0x01, 0xf2, 0x02, 0xf2,
    0x02, 0xf2, 0x02, 0xf2, 0x02, 0xf2, 0x01, 0xf2, 0x02, 0xf2, 0x02, 0xf2,
    0x02, 0xf2, 0x02, 0xf2, 0x02, 0xf2, 0x02, 0xf2, 0x02, 0xf2, 0x22, 0xf2,
    0x02, 0xf2, 0x02, 0xf2, 0x01, 0xf2, 0x02, 0xf2, 0xe2, 0xf1, 0x02, 0xf2,
    0xe2, 0xf1, 0xe2, 0xf1, 0x02, 0xf2, 0x02, 0xf2, 0x02, 0xf2, 0xe2, 0xf9,
    0xe2, 0xf1, 0xe2, 0xf1, 0x02, 0xf2, 0x02, 0xf2, 0xe2, 0xf1, 0xe2, 0xf9,
    0xe2, 0xf1, 0xe2, 0xf1, 0xe2, 0xf1, 0xe2, 0xf1, 0xe2, 0xf1, 0xe2, 0xf1,
    0xe2, 0xf1, 0xe2, 0xf1, 0xe2, 0xf9, 0xe1, 0xf1, 0xe1, 0xf1, 0xe2, 0xf1,
    0xc1, 0xf1, 0xe1, 0xf1, 0xe2, 0xf1, 0xe2, 0xf1, 0xe2, 0xf9, 0xe2, 0xf9,
    0x02, 0xf2, 0xe2, 0xf1, 0xe2, 0xf1, 0x02, 0xfa, 0x02, 0xf2, 0xe2, 0xf1,
    0xe2, 0xf9, 0xe2, 0xf1, 0x02, 0xf2, 0x02, 0xfa, 0x02, 0xf2, 0x02, 0xf2,
    0x02, 0xf2, 0x02, 0xf2, 0xe2, 0xf1, 0xe2, 0xf1, 0x02, 0xfa, 0x02, 0xf2,
    0x02, 0xf2, 0x02, 0xf2, 0x02, 0xf2, 0x02, 0xf2, 0x02, 0xf2, 0x02, 0xfa,
    0x02, 0xf2, 0x02, 0xf2, 0x02, 0xf2, 0x02, 0xf2, 0x02, 0xf2, 0x02, 0xf2,
    0x02, 0xf2, 0x02, 0xf2, 0x02, 0xf2, 0xe2, 0xf1, 0xe1, 0xf1, 0xe2, 0xf1,
    0x02, 0xf2, 0x02, 0xf2, 0x02, 0xf2, 0x22, 0xf2, 0x02, 0xf2, 0x02, 0xf2,
    0xe2, 0xf1, 0xe2, 0xf1, 0x02, 0xf2, 0x02, 0xf2, 0x02, 0xfa, 0x22, 0xf2,
    0x02, 0xf2, 0x02, 0xf2, 0x22, 0xf2, 0x02, 0xf2, 0x02, 0xf2, 0x02, 0xf2,
    0x02, 0xf2, 0x02, 0xf2, 0x22, 0xf2, 0x02, 0xf2, 0x02, 0xf2, 0x02, 0xf2,
    0x02, 0xf2, 0x02, 0xf2, 0x02, 0xf2, 0x02, 0xf2, 0x02, 0xf2, 0x22, 0xf2,
    0x02, 0xf2, 0x02, 0xf2, 0x02, 0xf2, 0x02, 0xf2, 0x02, 0xf2, 0x02, 0xfa,
    0x02, 0xf2, 0x02, 0xf2, 0x02, 0xf2, 0x02, 0xf2, 0x02, 0xf2, 0x02, 0xf2,
    0x22, 0xf2, 0x22, 0xf2, 0x02, 0xf2, 0xeb, 0xdb, 0xbe, 0xff, 0xde, 0xff,
    0xde, 0xff, 0xdf, 0xff, 0xdf, 0xff, 0xb9, 0xfe, 0x23, 0xea, 0x02, 0xf2,
    0x02, 0xf2, 0x02, 0xf2, 0x02, 0xf2, 0x02, 0xea, 0x02, 0xf2, 0x02, 0xf2,
    0x02, 0xf2, 0x01, 0xf2, 0x02, 0xf2, 0x02, 0xf2, 0x22, 0xf2, 0x22, 0xf2,
    0x22, 0xf2, 0x22, 0xf2, 0x22, 0xf2, 0x22, 0xea, 0xec, 0xdb, 0xbe, 0xff,
    0xbe, 0xff, 0xbe, 0xff, 0xde, 0xff, 0x3b, 0xf7, 0x85, 0xea, 0x02, 0xf2,
    0x02, 0xf2, 0x02, 0xf2, 0x02, 0xf2, 0x02, 0xf2, 0x22, 0xf2, 0x22, 0xf2,
    0x22, 0xf2, 0x22, 0xf2, 0x22, 0xf2, 0x22, 0xf2, 0x02, 0xf2, 0x02, 0xf2,
    0x01, 0xf2, 0x02, 0xf2, 0xe1, 0xe9, 0x23, 0xe2, 0x58, 0xee, 0xbe, 0xff,
    0xbe, 0xff, 0xbe, 0xff, 0xbe, 0xff, 0xbe, 0xff, 0x28, 0xdb, 0x02, 0xf2,
    0xe1, 0xf1, 0x02, 0xf2, 0x02, 0xf2, 0x02, 0xf2, 0x02, 0xf2, 0x02, 0xf2,
    0x02, 0xf2, 0x02, 0xf2, 0x02, 0xf2, 0x02, 0xf2, 0x02, 0xf2, 0x02, 0xf2,
    0x02, 0xf2, 0x02, 0xf2, 0xe2, 0xf1, 0xe2, 0xf1, 0x02, 0xf2, 0x02, 0xf2,
    0x02, 0xf2, 0x02, 0xf2, 0x02, 0xf2, 0xe2, 0xf1, 0xe2, 0xf1, 0xe2, 0xf1,
    0xe2, 0xf1, 0xe2, 0xf1, 0xc2, 0xf1, 0xe2, 0xf1, 0xe2, 0xf1, 0xe2, 0xf9,
    0xe2, 0xf1, 0xe2, 0xf1, 0xe2, 0xf1, 0xe1, 0xf1, 0x02, 0xf2, 0x02, 0xf2,
    0xe2, 0xf1, 0xe2, 0xf1, 0xe2, 0xf1, 0xe2, 0xf1, 0x01, 0xf2, 0x02, 0xf2,
    0x02, 0xf2, 0x02, 0xf2, 0x02, 0xf2, 0xe2, 0xf1, 0xe1, 0xf1, 0x02, 0xf2,
    0x02, 0xf2, 0x02, 0xf2, 0x01, 0xf2, 0x02, 0xf2, 0x02, 0xf2, 0x02, 0xf2,
    0x02, 0xf2, 0x02, 0xf2, 0x02, 0xf2, 0xe2, 0xf1, 0xe2, 0xf1, 0x02, 0xf2,
    0xe1, 0xf1, 0x02, 0xf2, 0x02, 0xf2, 0x02, 0xf2, 0x02, 0xf2, 0x02, 0xf2,
    0xe2, 0xf1, 0x02, 0xfa, 0xe2, 0xf1, 0xe2, 0xf1, 0xe2, 0xf1, 0xe2, 0xf1,
    0x02, 0xf2, 0x02, 0xf2, 0x02, 0xf2, 0x02, 0xfa, 0xe2, 0xf1, 0xe2, 0xf1,
    0xe2, 0xf1, 0xe2, 0xf1, 0xe2, 0xf1, 0xe1, 0xf1, 0xe1, 0xf1, 0xe2, 0xf1,
    0xe2, 0xf1, 0xe2, 0xf1, 0xe2, 0xf1, 0x02, 0xf2, 0xe2, 0xf1, 0x02, 0xf2,
    0x02, 0xf2, 0x02, 0xf2, 0x02, 0xf2, 0xe2, 0xf1, 0x02, 0xf2, 0xe2, 0xf1,
    0x02, 0xf2, 0x02, 0xf2, 0x02, 0xf2, 0x02, 0xf2, 0x02, 0xf2, 0x02, 0xf2,
    0x02, 0xf2, 0x02, 0xf2, 0x03, 0xfa, 0x03, 0xf2, 0xe2, 0xf1, 0xe2, 0xf1,
    0xe2, 0xf1, 0xe2, 0xf1, 0x02, 0xf2, 0xe2, 0xf1, 0x03, 0xf2, 0x02, 0xf2,
    0xe2, 0xf1, 0xe2, 0xf1, 0xe2, 0xf1, 0xe3, 0xf1, 0xe2, 0xf1, 0xe3, 0xf1,
    0xe3, 0xf1, 0xe3, 0xf1, 0xe2, 0xf1, 0xe2, 0xf1, 0xe2, 0xf1, 0xe2, 0xf1,
    0x02, 0xf2, 0xe2, 0xf1, 0xe2, 0xf1, 0x02, 0xf2, 0x02, 0xf2, 0x01, 0xf2,
    0x01, 0xf2, 0x01, 0xf2, 0x02, 0xf2, 0x02, 0xf2, 0x22, 0xf2, 0x02, 0xf2,
    0x22, 0xf2, 0x02, 0xf2, 0x02, 0xf2, 0x02, 0xf2, 0x02, 0xf2, 0x22, 0xf2,
    0x21, 0xf2, 0x02, 0xf2, 0x02, 0xf2, 0x02, 0xf2, 0x02, 0xf2, 0x01, 0xf2,
    0x02, 0xf2, 0x01, 0xfa, 0xe2, 0xf1, 0x02, 0xf2, 0x02, 0xf2, 0x02, 0xf2,
    0x02, 0xf2, 0x02, 0xf2, 0xe2, 0xf9, 0x01, 0xf2, 0x02, 0xf2, 0x02, 0xf2,
    0xe2, 0xf1, 0x02, 0xfa, 0xe2, 0xf1, 0x02, 0xf2, 0xe1, 0xf1, 0xe2, 0xf9,
    0xe1, 0xf1, 0xe1, 0xf1, 0xe2, 0xf9, 0xe2, 0xf1, 0xe2, 0xf1, 0xe2, 0xf1,
    0xe1, 0xf1, 0xe1, 0xf1, 0xe2, 0xf9, 0xc1, 0xf1, 0xe2, 0xf1, 0xe2, 0xf1,
    0xe2, 0xf1, 0x02, 0xf2, 0x02, 0xfa, 0xe2, 0xf1, 0xe2, 0xf1, 0x02, 0xfa,
    0x02, 0xf2, 0x02, 0xf2, 0xe2, 0xf9, 0x02, 0xf2, 0x02, 0xfa, 0x02, 0xfa,
    0x02, 0xf2, 0x02, 0xfa, 0x02, 0xfa, 0x02, 0xf2, 0xe2, 0xf1, 0x02, 0xf2,
    0x02, 0xf2, 0x02, 0xf2, 0x02, 0xf2, 0x02, 0xf2, 0xe2, 0xf1, 0x02, 0xf2,
    0x02, 0xf2, 0x02, 0xfa, 0x02, 0xf2, 0x02, 0xf2, 0x02, 0xf2, 0x02, 0xf2,
    0x02, 0xf2, 0x01, 0xf2, 0x02, 0xf2, 0x01, 0xf2, 0x02, 0xf2, 0x02, 0xf2,
    0x02, 0xf2, 0x01, 0xf2, 0xe1, 0xf1, 0x02, 0xf2, 0x02, 0xf2, 0x22, 0xf2,
    0x02, 0xfa, 0x02, 0xfa, 0x02, 0xf2, 0x02, 0xf2, 0x02, 0xf2, 0x02, 0xfa,
    0x02, 0xf2, 0x02, 0xf2, 0x22, 0xf2, 0x22, 0xfa, 0x02, 0xf2, 0x22, 0xf2,
    0x02, 0xf2, 0x01, 0xf2, 0x02, 0xf2, 0x02, 0xf2, 0x22, 0xfa, 0x22, 0xf2,
    0x02, 0xfa, 0x02, 0xf2, 0x02, 0xf2, 0x02, 0xf2, 0x22, 0xf2, 0x22, 0xf2,
    0x02, 0xfa, 0x02, 0xf2, 0x02, 0xf2, 0x02, 0xf2, 0x02, 0xf2, 0x02, 0xf2,
    0x02, 0xf2, 0x02, 0xf2, 0x02, 0xf2, 0x02, 0xf2, 0x02, 0xf2, 0x02, 0xf2,
    0x02, 0xf2, 0x02, 0xf2, 0x02, 0xf2, 0x02, 0xf2, 0x43, 0xe2, 0x98, 0xf6,
    0xbe, 0xff, 0xbe, 0xff, 0xde, 0xff, 0xdf, 0xff, 0xbe, 0xff, 0xaa, 0xdb,
    0x02, 0xf2, 0x02, 0xf2, 0x02, 0xf2, 0x01, 0xf2, 0x02, 0xf2, 0x02, 0xf2,
    0x02, 0xf2, 0x01, 0xea, 0x01, 0xea, 0x01, 0xf2, 0x02, 0xf2, 0x02, 0xf2,
    0x22, 0xf2, 0x22, 0xf2, 0x22, 0xf2, 0x22, 0xf2, 0x22, 0xf2, 0x22, 0xea,
    0xeb, 0xe3, 0xbe, 0xff, 0xbf, 0xff, 0xbe, 0xff, 0xde, 0xff, 0xfa, 0xf6,
    0x63, 0xea, 0x02, 0xf2, 0x02, 0xf2, 0x01, 0xf2, 0x02, 0xf2, 0x22, 0xf2,
    0x22, 0xf2, 0x22, 0xf2, 0x22, 0xf2, 0x02, 0xf2, 0x22, 0xf2, 0x22, 0xf2,
    0x02, 0xf2, 0x02, 0xf2, 0x02, 0xf2, 0xe1, 0xf1, 0xe1, 0xe9, 0x01, 0xea,
    0x4e, 0xec, 0x9e, 0xff, 0xbe, 0xff, 0xbe, 0xff, 0xbe, 0xff, 0xde, 0xff,
    0x36, 0xf6, 0x22, 0xea, 0x02, 0xf2, 0x01, 0xf2, 0x01, 0xf2, 0x02, 0xf2,
    0x02, 0xf2, 0x02, 0xf2, 0x02, 0xf2, 0x22, 0xf2, 0x02, 0xf2, 0x02, 0xfa,
    0x02, 0xf2, 0x02, 0xf2, 0x02, 0xf2, 0x02, 0xf2, 0x02, 0xf2, 0xe2, 0xf1,
    0x02, 0xf2, 0x02, 0xf2, 0x02, 0xfa, 0x02, 0xf2, 0x02, 0xf2, 0xe3, 0xf1,
    0xe2, 0xf1, 0xe2, 0xf1, 0xe2, 0xf1, 0xe2, 0xf1, 0xc2, 0xf1, 0xe2, 0xf1,
    0xe1, 0xf1, 0xe2, 0xf1, 0xe2, 0xf1, 0x01, 0xf2, 0x02, 0xf2, 0x02, 0xf2,
    0x01, 0xf2, 0x02, 0xf2, 0x02, 0xf2, 0xe1, 0xf1, 0xe2, 0xf9, 0x01, 0xf2,
    0x02, 0xf2, 0x02, 0xf2, 0x01, 0xf2, 0x02, 0xf2, 0x02, 0xf2, 0x01, 0xf2,
    0xe2, 0xf1, 0xe1, 0xf1, 0xe1, 0xf1, 0xe2, 0xf1, 0x02, 0xf2, 0x02, 0xf2,
    0x02, 0xf2, 0x02, 0xf2, 0x02, 0xf2, 0x02, 0xf2, 0x02, 0xf2, 0x02, 0xf2,
    0x02, 0xf2, 0x01, 0xf2, 0x02, 0xf2, 0x02, 0xf2, 0x02, 0xf2, 0x02, 0xf2,
    0x02, 0xf2, 0x02, 0xf2, 0x02, 0xf2, 0x02, 0xf2, 0x02, 0xf2, 0x02, 0xf2,
    0x02, 0xf2, 0x02, 0xf2, 0x02, 0xf2, 0x02, 0xf2, 0xe2, 0xf1, 0x02, 0xfa,
    0x02, 0xf2, 0x02, 0xfa, 0xe2, 0xf1, 0x02, 0xf2, 0xe2, 0xf1, 0xe2, 0xf1,
    0xe1, 0xf1, 0xe1, 0xe9, 0xe1, 0xe9, 0x02, 0xf2, 0x02, 0xf2, 0x02, 0xf2,
    0x02, 0xf2, 0x02, 0xf2, 0x02, 0xf2, 0x02, 0xf2, 0x02, 0xf2, 0x02, 0xf2,
    0x02, 0xf2, 0x02, 0xf2, 0x02, 0xf2, 0x02, 0xf2, 0x02, 0xf2, 0xe2, 0xf1,
    0x02, 0xf2, 0x02, 0xf2, 0x02, 0xf2, 0x02, 0xf2, 0x22, 0xf2, 0x02, 0xf2,
    0x02, 0xf2, 0x02, 0xf2, 0xe2, 0xf9, 0x02, 0xf2, 0x02, 0xf2, 0xe3, 0xf1,
    0xe2, 0xf1, 0x03, 0xf2, 0x02, 0xf2, 0x02, 0xf2, 0xe3, 0xf1, 0xe2, 0xf1,
    0xe2, 0xf1, 0xe2, 0xf1, 0xe2, 0xf1, 0xe2, 0xf1, 0xe2, 0xf1, 0x02, 0xf2,
    0x02, 0xf2, 0xe2, 0xf1, 0x02, 0xf2, 0x02, 0xf2, 0xe2, 0xf1, 0xe2, 0xf1,
    0x02, 0xf2, 0xe2, 0xf1, 0x21, 0xf2, 0x01, 0xf2, 0x02, 0xf2, 0x22, 0xf2,
    0x22, 0xf2, 0x22, 0xf2, 0x22, 0xf2, 0x22, 0xfa, 0x22, 0xf2, 0x22, 0xf2,
    0x02, 0xf2, 0x22, 0xf2, 0x22, 0xf2, 0x02, 0xf2, 0x22, 0xf2, 0x02, 0xf2,
    0x02, 0xf2, 0x02, 0xf2, 0x02, 0xf2, 0x02, 0xfa, 0x01, 0xf2, 0x02, 0xf2,
    0x02, 0xf2, 0x02, 0xf2, 0x02, 0xfa, 0x01, 0xf2, 0x02, 0xf2, 0x02, 0xf2,
    0xe1, 0xf1, 0xe1, 0xf1, 0x02, 0xf2, 0x02, 0xf2, 0x02, 0xfa, 0x01, 0xf2,
    0xe2, 0xf1, 0x02, 0xf2, 0xe2, 0xf1, 0x02, 0xfa, 0x02, 0xfa, 0xe2, 0xf1,
    0xe2, 0xf9, 0xe2, 0xf1, 0xe2, 0xf1, 0xe2, 0xf9, 0xe1, 0xf1, 0xe1, 0xf1,
    0xe2, 0xf1, 0xe1, 0xf1, 0x02, 0xf2, 0x02, 0xf2, 0x02, 0xf2, 0x02, 0xf2,
    0x02, 0xf2, 0x02, 0xfa, 0x02, 0xf2, 0x02, 0xf2, 0x02, 0xf2, 0xe2, 0xf1,
    0x02, 0xfa, 0x02, 0xf2, 0x02, 0xf2, 0x02, 0xf2, 0x02, 0xf2, 0x02, 0xf2,
    0x02, 0xf2, 0x02, 0xf2, 0x02, 0xf2, 0x02, 0xf2, 0x02, 0xf2, 0xe2, 0xf1,
    0x02, 0xf2, 0x02, 0xf2, 0x02, 0xf2, 0x02, 0xf2, 0x02, 0xf2, 0x02, 0xf2,
    0x02, 0xf2, 0x22, 0xf2, 0x02, 0xf2, 0x01, 0xf2, 0x02, 0xf2, 0x02, 0xf2,
    0x02, 0xf2, 0x01, 0xf2, 0x02, 0xf2, 0x01, 0xf2, 0x02, 0xf2, 0x02, 0xf2,
    0x02, 0xf2, 0x22, 0xfa, 0x22, 0xfa, 0x22, 0xf2, 0x22, 0xf2, 0x22, 0xfa,
    0x22, 0xf2, 0x22, 0xf2, 0x22, 0xfa, 0x02, 0xf2, 0x22, 0xfa, 0x22, 0xf2,
    0x02, 0xf2, 0x22, 0xfa, 0x01, 0xf2, 0x22, 0xfa, 0x21, 0xf2, 0x21, 0xf2,
    0x02, 0xf2, 0x22, 0xfa, 0x22, 0xf2, 0x22, 0xf2, 0x01, 0xf2, 0x02, 0xfa,
    0x22, 0xf2, 0x22, 0xfa, 0x22, 0xfa, 0x22, 0xf2, 0x02, 0xf2, 0x02, 0xf2,
    0x22, 0xf2, 0x22, 0xf2, 0x22, 0xfa, 0x22, 0xf2, 0x22, 0xf2, 0x22, 0xf2,
    0x22, 0xfa, 0x22, 0xf2, 0x22, 0xf2, 0x02, 0xf2, 0x01, 0xf2, 0x22, 0xf2,
    0xcb, 0xe3, 0xde, 0xff, 0xdf, 0xff, 0xbe, 0xff, 0xdf, 0xff, 0xff, 0xff,
    0x1a, 0xf7, 0x64, 0xe2, 0x02, 0xf2, 0x02, 0xf2, 0x02, 0xf2, 0x02, 0xea,
    0x01, 0xf2, 0x02, 0xf2, 0x02, 0xf2, 0x02, 0xf2, 0x02, 0xf2, 0x02, 0xf2,
    0x02, 0xf2, 0x22, 0xf2, 0x22, 0xf2, 0x22, 0xf2, 0x22, 0xf2, 0x22, 0xf2,
    0x02, 0xea, 0x02, 0xea, 0x28, 0xeb, 0x9d, 0xff, 0xbf, 0xff, 0xbe, 0xff,
    0xbe, 0xff, 0x57, 0xf6, 0x42, 0xea, 0x01, 0xf2, 0x22, 0xf2, 0x22, 0xfa,
    0x02, 0xf2, 0x22, 0xf2, 0x22, 0xf2, 0x02, 0xf2, 0x22, 0xf2, 0x02, 0xf2,
    0x22, 0xf2, 0x02, 0xf2, 0x02, 0xf2, 0x02, 0xf2, 0xe1, 0xf1, 0x02, 0xf2,
    0x02, 0xf2, 0x22, 0xea, 0x64, 0xe2, 0x3b, 0xff, 0xde, 0xff, 0xbe, 0xff,
    0xbe, 0xff, 0xdf, 0xff, 0x7c, 0xf7, 0xc5, 0xe2, 0xe1, 0xf1, 0x02, 0xf2,
    0x01, 0xf2, 0x02, 0xf2, 0x22, 0xf2, 0x22, 0xf2, 0x02, 0xf2, 0x22, 0xf2,
    0x22, 0xf2, 0x02, 0xfa, 0x02, 0xf2, 0x01, 0xf2, 0x02, 0xf2, 0x02, 0xf2,
    0x02, 0xfa, 0xe2, 0xf1, 0x02, 0xf2, 0x02, 0xf2, 0x02, 0xf2, 0x02, 0xf2,
    0x02, 0xf2, 0x02, 0xf2, 0x02, 0xf2, 0xe2, 0xf1, 0xe2, 0xf1, 0xe2, 0xf1,
    0xe1, 0xf1, 0xe2, 0xf1, 0xe1, 0xf1, 0xe1, 0xf1, 0x02, 0xf2, 0x02, 0xf2,
    0x02, 0xf2, 0x02, 0xf2, 0x02, 0xf2, 0x02, 0xf2, 0x01, 0xf2, 0x02, 0xf2,
    0x02, 0xf2, 0x01, 0xf2, 0x02, 0xf2, 0x02, 0xf2, 0x02, 0xf2, 0x02, 0xf2,
    0x02, 0xf2, 0x01, 0xf2, 0xe2, 0xf1, 0x02, 0xf2, 0x01, 0xf2, 0xe2, 0xf1,
    0x02, 0xf2, 0x02, 0xf2, 0x02, 0xf2, 0x02, 0xf2, 0x02, 0xf2, 0x02, 0xf2,
    0x02, 0xf2, 0x02, 0xf2, 0x02, 0xf2, 0x01, 0xf2, 0x02, 0xf2, 0x02, 0xf2,
    0x01, 0xf2, 0x02, 0xf2, 0x02, 0xf2, 0x01, 0xf2, 0x02, 0xf2, 0x02, 0xf2,
    0x02, 0xf2, 0x01, 0xf2, 0x02, 0xf2, 0x02, 0xf2, 0x02, 0xf2, 0x02, 0xf2,
    0xe2, 0xf1, 0xe2, 0xf1, 0x02, 0xf2, 0x01, 0xf2, 0x02, 0xf2, 0x02, 0xf2,
    0x02, 0xf2, 0x02, 0xf2, 0x02, 0xf2, 0xe1, 0xf1, 0xe1, 0xf1, 0x02, 0xf2,
    0x02, 0xf2, 0x01, 0xf2, 0x02, 0xf2, 0x02, 0xf2, 0x02, 0xf2, 0x02, 0xf2,
    0x02, 0xf2, 0x02, 0xf2, 0x02, 0xf2, 0x02, 0xf2, 0x02, 0xf2, 0xe2, 0xf1,
    0x02, 0xf2, 0x02, 0xf2, 0x02, 0xf2, 0x02, 0xf2, 0x22, 0xf2, 0x22, 0xf2,
    0x22, 0xf2, 0x02, 0xf2, 0x02, 0xf2, 0x02, 0xf2, 0x02, 0xf2, 0x02, 0xf2,
    0x02, 0xf2, 0x02, 0xf2, 0x02, 0xf2, 0x02, 0xf2, 0x02, 0xf2, 0x02, 0xf2,
    0x02, 0xf2, 0x02, 0xf2, 0x02, 0xf2, 0x02, 0xf2, 0x02, 0xf2, 0x02, 0xf2,
    0x02, 0xf2, 0x02, 0xf2, 0x02, 0xf2, 0x02, 0xf2, 0x02, 0xf2, 0x02, 0xf2,
    0x01, 0xf2, 0x02, 0xf2, 0x02, 0xf2, 0x01, 0xf2, 0x21, 0xf2, 0x22, 0xf2,
    0x22, 0xf2, 0x22, 0xf2, 0x22, 0xfa, 0x22, 0xf2, 0x02, 0xf2, 0x22, 0xf2,
    0x22, 0xf2, 0x22, 0xf2, 0x22, 0xf2, 0x22, 0xf2, 0x22, 0xf2, 0x22, 0xf2,
    0x22, 0xf2, 0x22, 0xf2, 0x02, 0xf2, 0x02, 0xf2, 0x02, 0xfa, 0x02, 0xfa,
    0x02, 0xf2, 0x01, 0xf2, 0x02, 0xf2, 0x22, 0xfa, 0x22, 0xf2, 0x02, 0xf2,
    0x02, 0xf2, 0x02, 0xf2, 0x02, 0xf2, 0x02, 0xf2, 0x02, 0xf2, 0x02, 0xf2,
    0x02, 0xfa, 0x02, 0xfa, 0x02, 0xf2, 0x02, 0xf2, 0xe1, 0xf1, 0xe2, 0xf1,
    0xe2, 0xf1, 0x02, 0xf2, 0xe2, 0xf9, 0x02, 0xfa, 0x02, 0xf2, 0xe2, 0xf1,
    0xe2, 0xf1, 0x02, 0xf2, 0x01, 0xf2, 0xe1, 0xf1, 0x02, 0xf2, 0x02, 0xf2,
    0x02, 0xf2, 0x02, 0xf2, 0x02, 0xf2, 0x02, 0xfa, 0x02, 0xfa, 0x02, 0xf2,
    0x02, 0xf2, 0x02, 0xfa, 0x02, 0xf2, 0x02, 0xf2, 0x02, 0xf2, 0x02, 0xf2,
    0x22, 0xf2, 0x22, 0xfa, 0x02, 0xf2, 0x02, 0xf2, 0x02, 0xf2, 0x02, 0xf2,
    0x02, 0xf2, 0x02, 0xf2, 0x02, 0xf2, 0x02, 0xf2, 0x02, 0xf2, 0x02, 0xfa,
    0x02, 0xfa, 0x02, 0xf2, 0x02, 0xf2, 0x02, 0xf2, 0x02, 0xf2, 0x02, 0xf2,
    0x02, 0xf2, 0x02, 0xf2, 0x02, 0xf2, 0x02, 0xf2, 0x02, 0xf2, 0x02, 0xf2,
    0x02, 0xf2, 0x02, 0xf2, 0x02, 0xf2, 0x22, 0xf2, 0x22, 0xf2, 0x22, 0xf2,
    0x22, 0xfa, 0x02, 0xfa, 0x22, 0xf2, 0x22, 0xf2, 0x22, 0xfa, 0x22, 0xf2,
    0x22, 0xf2, 0x22, 0xfa, 0x02, 0xf2, 0x02, 0xf2, 0x22, 0xfa, 0x22, 0xf2,
    0x22, 0xfa, 0x22, 0xfa, 0x02, 0xf2, 0x01, 0xf2, 0x22, 0xfa, 0x02, 0xf2,
    0x22, 0xf2, 0x22, 0xf2, 0x02, 0xf2, 0x02, 0xf2, 0x22, 0xf2, 0x22, 0xfa,
    0x22, 0xfa, 0x22, 0xf2, 0x22, 0xfa, 0x22, 0xfa, 0x22, 0xf2, 0x02, 0xf2,
    0x22, 0xf2, 0x22, 0xfa, 0x22, 0xf2, 0x22, 0xf2, 0x02, 0xf2, 0x02, 0xf2,
    0x22, 0xf2, 0x22, 0xea, 0x94, 0xe5, 0xdf, 0xff, 0xbe, 0xff, 0xde, 0xff,
    0xde, 0xff, 0xde, 0xff, 0x6e, 0xe4, 0x02, 0xf2, 0x02, 0xf2, 0x01, 0xf2,
    0x02, 0xf2, 0x02, 0xf2, 0x02, 0xf2, 0x22, 0xf2, 0x22, 0xf2, 0x02, 0xf2,
    0x22, 0xf2, 0x02, 0xf2, 0x22, 0xf2, 0x02, 0xea, 0x02, 0xf2, 0x22, 0xea,
    0x22, 0xf2, 0x22, 0xf2, 0x02, 0xf2, 0x22, 0xf2, 0x22, 0xea, 0x4d, 0xe4,
    0x56, 0xfe, 0x57, 0xfe, 0xd4, 0xfd, 0x84, 0xda, 0x01, 0xf2, 0x01, 0xf2,
    0x22, 0xfa, 0x22, 0xf2, 0x02, 0xf2, 0x22, 0xf2, 0x22, 0xf2, 0x22, 0xf2,
    0x22, 0xf2, 0x02, 0xf2, 0x22, 0xf2, 0x22, 0xf2, 0x22, 0xf2, 0x02, 0xf2,
    0x02, 0xf2, 0x02, 0xf2, 0x22, 0xf2, 0x02, 0xea, 0x02, 0xf2, 0xaf, 0xe4,
    0xbe, 0xff, 0xbe, 0xff, 0xbe, 0xff, 0xbe, 0xff, 0xbe, 0xff, 0x11, 0xed,
    0x22, 0xea, 0x02, 0xf2, 0x01, 0xf2, 0x22, 0xf2, 0x21, 0xf2, 0x01, 0xf2,
    0x02, 0xf2, 0x22, 0xf2, 0x02, 0xf2, 0x22, 0xf2, 0x22, 0xfa, 0x02, 0xf2,
    0x01, 0xf2, 0x01, 0xf2, 0x02, 0xfa, 0x02, 0xf2, 0x02, 0xfa, 0x02, 0xfa,
    0x22, 0xf2, 0x22, 0xfa, 0x02, 0xf2, 0x02, 0xf2, 0x02, 0xf2, 0x02, 0xf2,
    0x02, 0xf2, 0x02, 0xf2, 0xe2, 0xf1, 0xe2, 0xf1, 0xe2, 0xf1, 0x02, 0xf2,
    0x02, 0xf2, 0x01, 0xf2, 0x02, 0xf2, 0x02, 0xf2, 0x02, 0xf2, 0x02, 0xf2,
    0x02, 0xf2, 0x02, 0xf2, 0x02, 0xf2, 0x22, 0xfa, 0x02, 0xf2, 0x02, 0xf2,
    0x02, 0xf2, 0x02, 0xf2, 0x02, 0xf2, 0x01, 0xf2, 0xe2, 0xf1, 0x02, 0xf2,
    0x02, 0xf2, 0x02, 0xf2, 0x01, 0xf2, 0x02, 0xf2, 0x01, 0xf2, 0x02, 0xf2,
    0x02, 0xf2, 0x02, 0xf2, 0x02, 0xf2, 0x02, 0xf2, 0x22, 0xf2, 0x22, 0xf2,
    0x02, 0xf2, 0x02, 0xf2, 0x02, 0xf2, 0x01, 0xf2, 0xe1, 0xf1, 0x02, 0xf2,
    0x02, 0xfa, 0x02, 0xfa, 0x02, 0xf2, 0x02, 0xf2, 0x02, 0xf2, 0x02, 0xf2,
    0x02, 0xf2, 0x02, 0xf2, 0x22, 0xf2, 0x02, 0xf2, 0xe1, 0xf1, 0x02, 0xf2,
    0x02, 0xf2, 0x02, 0xf2, 0x02, 0xf2, 0x02, 0xf2, 0x02, 0xf2, 0x02, 0xf2,
    0xe2, 0xf1, 0xe1, 0xe9, 0x02, 0xf2, 0x02, 0xf2, 0x02, 0xf2, 0x02, 0xf2,
    0x02, 0xf2, 0x02, 0xf2, 0x02, 0xf2, 0x02, 0xf2, 0x02, 0xf2, 0x02, 0xf2,
    0x02, 0xf2, 0x02, 0xf2, 0x02, 0xf2, 0x02, 0xf2, 0x02, 0xf2, 0x02, 0xf2,
    0x22, 0xf2, 0x02, 0xfa, 0x22, 0xf2, 0x02, 0xf2, 0x02, 0xf2, 0x02, 0xf2,
    0x02, 0xf2, 0x02, 0xf2, 0x02, 0xf2, 0x02, 0xf2, 0x02, 0xf2, 0x02, 0xf2,
    0x02, 0xf2, 0x02, 0xf2, 0x02, 0xf2, 0x02, 0xf2, 0x02, 0xf2, 0x02, 0xf2,
    0x03, 0xf2, 0x02, 0xf2, 0x02, 0xf2, 0x02, 0xf2, 0x22, 0xf2, 0x22, 0xf2,
    0x22, 0xf2, 0x22, 0xf2, 0x02, 0xf2, 0x02, 0xf2, 0x02, 0xf2, 0x02, 0xf2,
    0x21, 0xf2, 0x22, 0xf2, 0x22, 0xf2, 0x21, 0xf2, 0x01, 0xf2, 0x22, 0xf2,
    0x22, 0xf2, 0x22, 0xfa, 0x22, 0xf2, 0x21, 0xf2, 0x22, 0xf2, 0x22, 0xf2,
    0x22, 0xfa, 0x22, 0xf2, 0x22, 0xf2, 0x22, 0xf2, 0x01, 0xf2, 0x01, 0xf2,
    0x02, 0xf2, 0x21, 0xf2, 0x02, 0xf2, 0x02, 0xf2, 0x02, 0xfa, 0x22, 0xf2,
    0x22, 0xf2, 0x22, 0xf2, 0x22, 0xf2, 0x22, 0xfa, 0x22, 0xf2, 0x01, 0xf2,
    0x22, 0xf2, 0x22, 0xf2, 0x02, 0xf2, 0x22, 0xf2, 0x02, 0xf2, 0x02, 0xf2,
    0x02, 0xf2, 0x02, 0xfa, 0x01, 0xf2, 0xe2, 0xf1, 0x02, 0xf2, 0xe1, 0xf1,
    0x02, 0xfa, 0x01, 0xf2, 0x02, 0xf2, 0x02, 0xf2, 0xe2, 0xf1, 0x02, 0xf2,
    0xe2, 0xf1, 0xe1, 0xf1, 0x02, 0xf2, 0x02, 0xf2, 0x02, 0xf2, 0x02, 0xf2,
    0x22, 0xf2, 0x02, 0xf2, 0x02, 0xf2, 0x02, 0xf2, 0x02, 0xf2, 0x22, 0xfa,
    0x22, 0xf2, 0x02, 0xf2, 0x22, 0xfa, 0x02, 0xf2, 0x22, 0xf2, 0x22, 0xfa,
    0x02, 0xf2, 0x22, 0xfa, 0x22, 0xf2, 0x02, 0xf2, 0x22, 0xfa, 0x02, 0xf2,
    0x22, 0xf2, 0x02, 0xf2, 0x22, 0xfa, 0x22, 0xfa, 0x02, 0xf2, 0x02, 0xf2,
    0x02, 0xf2, 0x02, 0xf2, 0x02, 0xf2, 0x02, 0xf2, 0x22, 0xf2, 0x22, 0xf2,
    0x22, 0xf2, 0x22, 0xf2, 0x01, 0xf2, 0x22, 0xf2, 0x22, 0xf2, 0x22, 0xfa,
    0x22, 0xf2, 0x02, 0xf2, 0x22, 0xfa, 0x22, 0xf2, 0x22, 0xf2, 0x22, 0xf2,
    0x22, 0xf2, 0x22, 0xfa, 0x22, 0xf2, 0x22, 0xf2, 0x22, 0xf2, 0x22, 0xf2,
    0x22, 0xf2, 0x22, 0xf2, 0x22, 0xf2, 0x22, 0xf2, 0x21, 0xf2, 0x22, 0xf2,
    0x22, 0xfa, 0x02, 0xf2, 0x02, 0xf2, 0x22, 0xf2, 0x21, 0xf2, 0x22, 0xf2,
    0x22, 0xf2, 0x22, 0xf2, 0x22, 0xf2, 0x22, 0xf2, 0x22, 0xf2, 0x02, 0xf2,
    0x22, 0xfa, 0x22, 0xf2, 0x22, 0xfa, 0x22, 0xf2, 0x22, 0xf2, 0x22, 0xf2,
    0x21, 0xf2, 0x01, 0xf2, 0x02, 0xf2, 0xa5, 0xda, 0x7c, 0xff, 0xbe, 0xff,
    0xbe, 0xff, 0xbe, 0xff, 0xbe, 0xff, 0xfb, 0xf6, 0x64, 0xda, 0x01, 0xf2,
    0x01, 0xf2, 0x01, 0xf2, 0x02, 0xf2, 0x02, 0xf2, 0x22, 0xf2, 0x02, 0xf2,
    0x22, 0xf2, 0x21, 0xf2, 0x22, 0xf2, 0x21, 0xf2, 0x01, 0xf2, 0x21, 0xf2,
    0x02, 0xf2, 0x22, 0xf2, 0x22, 0xf2, 0x21, 0xf2, 0x22, 0xf2, 0x22, 0xf2,
    0x22, 0xea, 0x42, 0xea, 0x42, 0xe2, 0x42, 0xea, 0x42, 0xea, 0x21, 0xea,
    0x21, 0xf2, 0x22, 0xf2, 0x22, 0xf2, 0x21, 0xf2, 0x22, 0xfa, 0x22, 0xf2,
    0x21, 0xf2, 0x01, 0xf2, 0x22, 0xf2, 0x22, 0xf2, 0x21, 0xf2, 0x22, 0xf2,
    0x22, 0xf2, 0x21, 0xf2, 0x21, 0xf2, 0x21, 0xf2, 0x02, 0xf2, 0x22, 0xf2,
    0x22, 0xea, 0x27, 0xe3, 0x7c, 0xff, 0xbe, 0xff, 0xbe, 0xff, 0xbe, 0xff,
    0xbf, 0xff, 0x3b, 0xf7, 0xa4, 0xea, 0x01, 0xf2, 0x01, 0xf2, 0x22, 0xf2,
    0x22, 0xf2, 0x22, 0xf2, 0x22, 0xf2, 0x22, 0xf2, 0x01, 0xf2, 0x21, 0xf2,
    0x22, 0xf2, 0x22, 0xf2, 0x22, 0xfa, 0x02, 0xf2, 0x01, 0xfa, 0x01, 0xf2,
    0x02, 0xf2, 0x22, 0xfa, 0x22, 0xf2, 0x02, 0xf2, 0x02, 0xf2, 0x01, 0xf2,
    0x02, 0xf2, 0x02, 0xf2, 0x02, 0xf2, 0x02, 0xf2, 0x02, 0xf2, 0x01, 0xf2,
    0x02, 0xf2, 0x02, 0xf2, 0x02, 0xf2, 0x02, 0xf2, 0x22, 0xf2, 0x22, 0xf2,
    0x02, 0xf2, 0x02, 0xf2, 0x02, 0xf2, 0x02, 0xf2, 0x02, 0xf2, 0x22, 0xf2,
    0x22, 0xf2, 0x22, 0xfa, 0x22, 0xf2, 0x01, 0xf2, 0x02, 0xf2, 0x02, 0xf2,
    0x02, 0xf2, 0x01, 0xf2, 0x02, 0xf2, 0x02, 0xf2, 0x02, 0xf2, 0x02, 0xf2,
    0x02, 0xf2, 0x02, 0xf2, 0x21, 0xf2, 0x22, 0xf2, 0x02, 0xf2, 0x21, 0xf2,
    0x22, 0xf2, 0x22, 0xf2, 0x02, 0xf2, 0x02, 0xf2, 0x02, 0xf2, 0x02, 0xf2,
    0x02, 0xf2, 0x02, 0xf2, 0x22, 0xf2, 0x02, 0xf2, 0x02, 0xf2, 0x02, 0xf2,
    0x02, 0xf2, 0x22, 0xf2, 0x22, 0xf2, 0x02, 0xf2, 0x22, 0xf2, 0x02, 0xf2,
    0x02, 0xf2, 0x02, 0xf2, 0x01, 0xf2, 0x02, 0xf2, 0xe2, 0xf1, 0x01, 0xf2,
    0x02, 0xf2, 0x02, 0xf2, 0x01, 0xf2, 0xe2, 0xf1, 0x01, 0xf2, 0x02, 0xf2,
    0x02, 0xf2, 0x22, 0xf2, 0x02, 0xf2, 0x02, 0xf2, 0x02, 0xf2, 0x02, 0xf2,
    0x02, 0xf2, 0x02, 0xf2, 0x02, 0xf2, 0x02, 0xf2, 0x22, 0xf2, 0x22, 0xf2,
    0x22, 0xf2, 0x22, 0xf2, 0x02, 0xf2, 0x22, 0xf2, 0x02, 0xf2, 0x22, 0xf2,
    0x22, 0xf2, 0x22, 0xf2, 0x22, 0xf2, 0x22, 0xf2, 0x02, 0xf2, 0x02, 0xf2,
    0x02, 0xf2, 0x02, 0xf2, 0x02, 0xf2, 0x02, 0xf2, 0x02, 0xf2, 0x02, 0xf2,
    0x02, 0xf2, 0x02, 0xf2, 0x02, 0xf2, 0x02, 0xf2, 0x22, 0xf2, 0x22, 0xf2,
    0x22, 0xfa, 0x22, 0xfa, 0x02, 0xf2, 0x22, 0xf2, 0x22, 0xf2, 0x02, 0xf2,
    0x02, 0xf2, 0x01, 0xf2, 0x21, 0xf2, 0x21, 0xf2, 0x22, 0xf2, 0x02, 0xf2,
    0x21, 0xf2, 0x22, 0xf2, 0x02, 0xf2, 0x21, 0xf2, 0x22, 0xf2, 0x22, 0xfa,
    0x22, 0xf2, 0x42, 0xf2, 0x42, 0xfa, 0x22, 0xf2, 0x22, 0xf2, 0x22, 0xf2,
    0x21, 0xf2, 0x22, 0xf2, 0x22, 0xf2, 0x02, 0xf2, 0x02, 0xfa, 0x21, 0xf2,
    0x22, 0xf2, 0x21, 0xf2, 0x22, 0xfa, 0x22, 0xf2, 0x02, 0xf2, 0x02, 0xfa,
    0x02, 0xf2, 0x21, 0xf2, 0x02, 0xf2, 0x02, 0xf2, 0x22, 0xf2, 0x22, 0xf2,
    0x02, 0xf2, 0x22, 0xfa, 0x22, 0xf2, 0x02, 0xf2, 0x02, 0xf2, 0x02, 0xfa,
    0x02, 0xf2, 0xe2, 0xf1, 0x01, 0xf2, 0x02, 0xf2, 0x02, 0xf2, 0x02, 0xf2,
    0x02, 0xf2, 0x02, 0xf2, 0x01, 0xf2, 0x02, 0xf2, 0x02, 0xf2, 0x02, 0xf2,
    0x22, 0xf2, 0x02, 0xf2, 0x22, 0xf2, 0x22, 0xf2, 0x22, 0xfa, 0x02, 0xf2,
    0x22, 0xfa, 0x22, 0xfa, 0x02, 0xf2, 0x22, 0xf2, 0x02, 0xf2, 0x02, 0xf2,
    0x22, 0xf2, 0x02, 0xf2, 0x02, 0xf2, 0x22, 0xfa, 0x02, 0xf2, 0x22, 0xf2,
    0x22, 0xfa, 0x22, 0xfa, 0x22, 0xf2, 0x02, 0xf2, 0x02, 0xf2, 0x22, 0xf2,
    0x22, 0xf2, 0x02, 0xfa, 0x02, 0xf2, 0x01, 0xf2, 0x01, 0xf2, 0x02, 0xf2,
    0x22, 0xf2, 0x22, 0xf2, 0x22, 0xf2, 0x22, 0xf2, 0x21, 0xfa, 0x22, 0xfa,
    0x22, 0xfa, 0x22, 0xf2, 0x22, 0xfa, 0x02, 0xf2, 0x22, 0xfa, 0x22, 0xfa,
    0x22, 0xf2, 0x22, 0xf2, 0x22, 0xf2, 0x22, 0xf2, 0x22, 0xf2, 0x21, 0xf2,
    0x22, 0xfa, 0x22, 0xf2, 0x22, 0xf2, 0x22, 0xf2, 0x22, 0xf2, 0x22, 0xf2,
    0x21, 0xf2, 0x21, 0xf2, 0x22, 0xf2, 0x22, 0xf2, 0x01, 0xf2, 0x01, 0xfa,
    0x22, 0xf2, 0x22, 0xf2, 0x22, 0xf2, 0x02, 0xfa, 0x22, 0xf2, 0x22, 0xf2,
    0x21, 0xf2, 0x22, 0xf2, 0x22, 0xf2, 0x22, 0xf2, 0x22, 0xfa, 0x22, 0xf2,
    0x22, 0xfa, 0x22, 0xf2, 0x21, 0xf2, 0x02, 0xf2, 0x02, 0xea, 0x73, 0xed,
    0xbe, 0xff, 0xbe, 0xff, 0xdf, 0xff, 0xde, 0xff, 0xbe, 0xff, 0x31, 0xed,
    0x02, 0xea, 0x01, 0xea, 0x01, 0xf2, 0x02, 0xf2, 0x02, 0xf2, 0x02, 0xea,
    0x21, 0xf2, 0x02, 0xf2, 0x02, 0xf2, 0x22, 0xf2, 0x22, 0xf2, 0x22, 0xf2,
    0x22, 0xf2, 0x22, 0xf2, 0x22, 0xf2, 0x21, 0xf2, 0x22, 0xf2, 0x21, 0xf2,
    0x22, 0xf2, 0x22, 0xea, 0x22, 0xea, 0x42, 0xea, 0x42, 0xea, 0x42, 0xf2,
    0x41, 0xea, 0x22, 0xf2, 0x22, 0xf2, 0x21, 0xf2, 0x22, 0xf2, 0x22, 0xf2,
    0x22, 0xf2, 0x22, 0xfa, 0x22, 0xf2, 0x22, 0xf2, 0x01, 0xf2, 0x02, 0xf2,
    0x21, 0xf2, 0x22, 0xf2, 0x22, 0xf2, 0x22, 0xf2, 0x22, 0xf2, 0x22, 0xf2,
    0x21, 0xf2, 0x21, 0xf2, 0x22, 0xea, 0x22, 0xea, 0x93, 0xe5, 0xbe, 0xff,
    0xbe, 0xff, 0xbe, 0xff, 0x9e, 0xff, 0x9d, 0xf7, 0x0b, 0xdc, 0x01, 0xf2,
    0x02, 0xf2, 0x21, 0xf2, 0x22, 0xf2, 0x21, 0xf2, 0x22, 0xf2, 0x22, 0xf2,
    0x21, 0xf2, 0x22, 0xf2, 0x22, 0xf2, 0x22, 0xf2, 0x22, 0xf2, 0x02, 0xf2,
    0x21, 0xf2, 0x22, 0xf2, 0x22, 0xf2, 0x21, 0xfa, 0x22, 0xf2, 0x02, 0xf2,
    0x01, 0xf2, 0x02, 0xf2, 0x02, 0xfa, 0x02, 0xf2, 0x02, 0xf2, 0x01, 0xf2,
    0x02, 0xf2, 0x01, 0xf2, 0x02, 0xf2, 0x02, 0xf2, 0x02, 0xf2, 0x22, 0xf2,
    0x22, 0xf2, 0x02, 0xf2, 0x21, 0xf2, 0x22, 0xf2, 0x02, 0xf2, 0x22, 0xf2,
    0x22, 0xf2, 0x22, 0xf2, 0x02, 0xf2, 0x02, 0xf2, 0x22, 0xfa, 0x22, 0xf2,
    0x02, 0xf2, 0x02, 0xf2, 0x02, 0xf2, 0x01, 0xf2, 0x02, 0xf2, 0x02, 0xf2,
    0x22, 0xf2, 0x02, 0xf2, 0x22, 0xf2, 0x01, 0xf2, 0x02, 0xf2, 0x22, 0xf2,
    0x02, 0xf2, 0x22, 0xf2, 0x22, 0xf2, 0x22, 0xf2, 0x22, 0xf2, 0x22, 0xf2,
    0x02, 0xf2, 0x02, 0xf2, 0x22, 0xf2, 0x22, 0xf2, 0x22, 0xf2, 0x02, 0xf2,
    0x02, 0xf2, 0x02, 0xf2, 0x01, 0xf2, 0x22, 0xf2, 0x22, 0xf2, 0x22, 0xf2,
    0x22, 0xf2, 0x22, 0xf2, 0x02, 0xf2, 0x02, 0xf2, 0x01, 0xf2, 0x02, 0xf2,
    0x02, 0xf2, 0x02, 0xf2, 0x22, 0xf2, 0x02, 0xf2, 0x02, 0xf2, 0x02, 0xf2,
    0x02, 0xf2, 0x02, 0xf2, 0x22, 0xf2, 0x22, 0xf2, 0x02, 0xf2, 0x02, 0xf2,
    0x22, 0xf2, 0x22, 0xf2, 0x22, 0xf2, 0x22, 0xf2, 0x22, 0xf2, 0x02, 0xf2,
    0x22, 0xf2, 0x22, 0xf2, 0x22, 0xf2, 0x02, 0xf2, 0x22, 0xf2, 0x22, 0xf2,
    0x22, 0xf2, 0x22, 0xf2, 0x22, 0xf2, 0x22, 0xf2, 0x22, 0xfa, 0x22, 0xf2,
    0x22, 0xf2, 0x22, 0xf2, 0x22, 0xf2, 0x22, 0xf2, 0x22, 0xf2, 0x02, 0xf2,
    0x02, 0xf2, 0x02, 0xf2, 0x02, 0xf2, 0x02, 0xf2, 0x02, 0xf2, 0x22, 0xf2,
    0x02, 0xf2, 0x02, 0xf2, 0x02, 0xf2, 0x22, 0xfa, 0x22, 0xf2, 0x22, 0xf2,
    0x22, 0xf2, 0x02, 0xf2, 0x02, 0xf2, 0x01, 0xf2, 0x21, 0xf2, 0x21, 0xf2,
    0x22, 0xfa, 0x22, 0xfa, 0x22, 0xf2, 0x22, 0xf2, 0x22, 0xf2, 0x01, 0xf2,
    0x22, 0xf2, 0x22, 0xf2, 0x22, 0xfa, 0x42, 0xf2, 0x42, 0xfa, 0x22, 0xf2,
    0x22, 0xfa, 0x22, 0xfa, 0x22, 0xfa, 0x02, 0xf2, 0x02, 0xf2, 0x22, 0xfa,
    0x21, 0xf2, 0x02, 0xf2, 0x02, 0xf2, 0x22, 0xf2, 0x22, 0xf2, 0x21, 0xf2,
    0x22, 0xf2, 0x02, 0xfa, 0x22, 0xf2, 0x02, 0xfa, 0x22, 0xfa, 0x02, 0xf2,
    0x22, 0xfa, 0x02, 0xf2, 0x02, 0xf2, 0x22, 0xfa, 0x02, 0xf2, 0x02, 0xf2,
    0x02, 0xf2, 0x02, 0xfa, 0xe1, 0xf1, 0x02, 0xf2, 0x02, 0xf2, 0x02, 0xf2,
    0x02, 0xf2, 0x02, 0xf2, 0x02, 0xf2, 0x02, 0xf2, 0x02, 0xf2, 0x02, 0xf2,
    0x01, 0xf2, 0x01, 0xf2, 0x02, 0xf2, 0x02, 0xf2, 0x02, 0xf2, 0x22, 0xf2,
    0x02, 0xf2, 0x22, 0xf2, 0x22, 0xf2, 0x22, 0xf2, 0x02, 0xf2, 0x22, 0xfa,
    0x02, 0xf2, 0x21, 0xfa, 0x02, 0xf2, 0x22, 0xf2, 0x21, 0xf2, 0x02, 0xf2,
    0x02, 0xf2, 0x02, 0xf2, 0x02, 0xf2, 0x22, 0xf2, 0x22, 0xfa, 0x02, 0xf2,
    0x02, 0xf2, 0x22, 0xfa, 0x22, 0xf2, 0x22, 0xfa, 0x22, 0xf2, 0x02, 0xf2,
    0x02, 0xf2, 0x02, 0xf2, 0x22, 0xf2, 0x22, 0xf2, 0x02, 0xf2, 0x22, 0xf2,
    0x22, 0xfa, 0x22, 0xfa, 0x22, 0xf2, 0x22, 0xfa, 0x22, 0xf2, 0x22, 0xf2,
    0x22, 0xfa, 0x22, 0xf2, 0x22, 0xf2, 0x22, 0xfa, 0x22, 0xf2, 0x22, 0xf2,
    0x22, 0xfa, 0x22, 0xf2, 0x22, 0xf2, 0x22, 0xfa, 0x22, 0xf2, 0x22, 0xfa,
    0x22, 0xfa, 0x22, 0xf2, 0x21, 0xfa, 0x21, 0xf2, 0x22, 0xf2, 0x22, 0xfa,
    0x22, 0xf2, 0x02, 0xf2, 0x22, 0xf2, 0x21, 0xf2, 0x01, 0xf2, 0x02, 0xfa,
    0x22, 0xf2, 0x21, 0xf2, 0x02, 0xf2, 0x22, 0xfa, 0x22, 0xf2, 0x22, 0xfa,
    0x22, 0xf2, 0x22, 0xf2, 0x22, 0xfa, 0x22, 0xfa, 0x22, 0xf2, 0x01, 0xf2,
    0xa5, 0xea, 0x1b, 0xff, 0xbe, 0xff, 0xde, 0xff, 0xdf, 0xff, 0xbe, 0xff,
    0x9d, 0xff, 0x24, 0xca, 0x01, 0xea, 0x02, 0xf2, 0x01, 0xf2, 0x01, 0xf2,
    0x02, 0xf2, 0x22, 0xf2, 0x02, 0xf2, 0x22, 0xf2, 0x21, 0xf2, 0x22, 0xf2,
    0x02, 0xf2, 0x21, 0xf2, 0x22, 0xf2, 0x02, 0xf2, 0x22, 0xf2, 0x22, 0xf2,
    0x22, 0xf2, 0x22, 0xf2, 0x22, 0xf2, 0x22, 0xf2, 0x21, 0xea, 0x83, 0xe2,
    0xc7, 0xd2, 0x28, 0xcb, 0xa5, 0xda, 0x42, 0xf2, 0x21, 0xf2, 0x22, 0xf2,
    0x22, 0xfa, 0x22, 0xf2, 0x02, 0xf2, 0x21, 0xf2, 0x22, 0xfa, 0x22, 0xf2,
    0x22, 0xf2, 0x22, 0xf2, 0x02, 0xf2, 0x22, 0xf2, 0x01, 0xf2, 0x22, 0xfa,
    0x22, 0xf2, 0x22, 0xf2, 0x22, 0xf2, 0x21, 0xf2, 0x22, 0xea, 0x02, 0xea,
    0x27, 0xe3, 0x7d, 0xf7, 0xbe, 0xff, 0xbe, 0xff, 0xbe, 0xff, 0x9e, 0xff,
    0x1a, 0xff, 0x42, 0xe2, 0x22, 0xf2, 0x21, 0xf2, 0x21, 0xf2, 0x01, 0xf2,
    0x22, 0xf2, 0x22, 0xf2, 0x01, 0xf2, 0x22, 0xf2, 0x22, 0xf2, 0x21, 0xf2,
    0x22, 0xfa, 0x22, 0xfa, 0x22, 0xf2, 0x22, 0xf2, 0x22, 0xfa, 0x21, 0xfa,
    0x02, 0xf2, 0x22, 0xfa, 0x01, 0xf2, 0x22, 0xf2, 0x01, 0xf2, 0x01, 0xf2,
    0x22, 0xf2, 0x02, 0xf2, 0x01, 0xf2, 0x02, 0xf2, 0x02, 0xf2, 0x02, 0xf2,
    0x22, 0xf2, 0x02, 0xf2, 0x02, 0xf2, 0x22, 0xf2, 0x02, 0xf2, 0x22, 0xf2,
    0x02, 0xf2, 0x01, 0xf2, 0x22, 0xfa, 0x22, 0xfa, 0x22, 0xf2, 0x22, 0xfa,
    0x02, 0xf2, 0x02, 0xf2, 0x22, 0xf2, 0x02, 0xf2, 0x02, 0xf2, 0xe1, 0xf1,
    0xe1, 0xf1, 0x02, 0xf2, 0x22, 0xf2, 0x02, 0xf2, 0x22, 0xf2, 0x02, 0xf2,
    0x22, 0xf2, 0x02, 0xf2, 0x02, 0xf2, 0x02, 0xf2, 0x02, 0xf2, 0x22, 0xf2,
    0x22, 0xf2, 0x02, 0xf2, 0x02, 0xf2, 0x02, 0xf2, 0x22, 0xf2, 0x22, 0xf2,
    0x22, 0xf2, 0x22, 0xfa, 0x22, 0xf2, 0x22, 0xf2, 0x02, 0xf2, 0x02, 0xf2,
    0x02, 0xf2, 0x02, 0xf2, 0x22, 0xf2, 0x02, 0xf2, 0x02, 0xf2, 0x02, 0xf2,
    0x02, 0xf2, 0x02, 0xf2, 0x02, 0xf2, 0x02, 0xf2, 0x22, 0xf2, 0x22, 0xf2,
    0x02, 0xf2, 0x02, 0xf2, 0x22, 0xf2, 0x02, 0xf2, 0x02, 0xf2, 0x21, 0xf2,
    0x22, 0xf2, 0x02, 0xf2, 0x21, 0xf2, 0x22, 0xf2, 0x22, 0xf2, 0x22, 0xf2,
    0x22, 0xf2, 0x22, 0xf2, 0x22, 0xf2, 0x22, 0xf2, 0x02, 0xf2, 0x02, 0xf2,
    0x22, 0xf2, 0x22, 0xf2, 0x22, 0xfa, 0x22, 0xf2, 0x22, 0xfa, 0x22, 0xf2,
    0x02, 0xf2, 0x22, 0xf2, 0x22, 0xf2, 0x22, 0xf2, 0x02, 0xf2, 0x02, 0xf2,
    0x22, 0xf2, 0x22, 0xf2, 0x22, 0xf2, 0x22, 0xf2, 0x02, 0xf2, 0x22, 0xf2,
    0x22, 0xf2, 0x22, 0xf2, 0x02, 0xf2, 0x22, 0xf2, 0x22, 0xf2, 0x22, 0xf2,
    0x22, 0xf2, 0x22, 0xfa, 0x22, 0xf2, 0x22, 0xf2, 0x21, 0xf2, 0x01, 0xf2,
    0x21, 0xf2, 0x22, 0xf2, 0x21, 0xf2, 0x21, 0xf2, 0x22, 0xf2, 0x21, 0xfa,
    0x22, 0xfa, 0x22, 0xf2, 0x21, 0xf2, 0x22, 0xf2, 0x22, 0xf2, 0x22, 0xfa,
    0x22, 0xf2, 0x22, 0xf2, 0x22, 0xf2, 0x22, 0xf2, 0x22, 0xfa, 0x01, 0xf2,
    0x02, 0xf2, 0x22, 0xf2, 0x22, 0xfa, 0x02, 0xf2, 0x22, 0xf2, 0x22, 0xf2,
    0x22, 0xf2, 0x22, 0xf2, 0x22, 0xf2, 0x22, 0xf2, 0x01, 0xf2, 0x22, 0xf2,
    0x22, 0xfa, 0x21, 0xf2, 0x21, 0xf2, 0x21, 0xf2, 0x22, 0xf2, 0x22, 0xf2,
    0x22, 0xf2, 0x22, 0xf2, 0x22, 0xf2, 0x02, 0xf2, 0x01, 0xf2, 0x01, 0xf2,
    0x02, 0xf2, 0x02, 0xf2, 0x01, 0xf2, 0x01, 0xf2, 0x02, 0xf2, 0x21, 0xf2,
    0x01, 0xf2, 0x21, 0xf2, 0x02, 0xf2, 0x02, 0xf2, 0x01, 0xf2, 0x01, 0xf2,
    0x22, 0xf2, 0x22, 0xfa, 0x22, 0xf2, 0x02, 0xf2, 0x22, 0xfa, 0x21, 0xfa,
    0x22, 0xf2, 0x22, 0xfa, 0x21, 0xf2, 0x02, 0xf2, 0x01, 0xf2, 0x02, 0xfa,
    0x22, 0xfa, 0x21, 0xf2, 0x21, 0xfa, 0x22, 0xfa, 0x22, 0xf2, 0x21, 0xf2,
    0x21, 0xfa, 0x22, 0xf2, 0x22, 0xfa, 0x22, 0xf2, 0x22, 0xf2, 0x22, 0xf2,
    0x22, 0xf2, 0x22, 0xf2, 0x22, 0xf2, 0x21, 0xf2, 0x21, 0xf2, 0x21, 0xf2,
    0x21, 0xf2, 0x21, 0xfa, 0x22, 0xf2, 0x22, 0xfa, 0x21, 0xf2, 0x21, 0xfa,
    0x22, 0xfa, 0x21, 0xfa, 0x21, 0xf2, 0x42, 0xf2, 0x42, 0xfa, 0x21, 0xfa,
    0x21, 0xf2, 0x21, 0xf2, 0x21, 0xfa, 0x21, 0xf2, 0x21, 0xf2, 0x21, 0xf2,
    0x21, 0xf2, 0x21, 0xf2, 0x21, 0xf2, 0x21, 0xf2, 0x22, 0xf2, 0x22, 0xf2,
    0x22, 0xfa, 0x21, 0xf2, 0x22, 0xfa, 0x02, 0xf2, 0x02, 0xf2, 0x01, 0xf2,
    0x22, 0xf2, 0x22, 0xf2, 0x22, 0xf2, 0x21, 0xf2, 0x02, 0xf2, 0x22, 0xf2,
    0x22, 0xfa, 0x41, 0xf2, 0x42, 0xf2, 0x42, 0xf2, 0x41, 0xf2, 0x42, 0xf2,
    0x22, 0xf2, 0x22, 0xf2, 0x4d, 0xd4, 0xde, 0xff, 0xde, 0xff, 0xbe, 0xff,
    0xbe, 0xff, 0xbe, 0xff, 0x73, 0xe5, 0x01, 0xe2, 0xe1, 0xf1, 0x01, 0xf2,
    0x01, 0xf2, 0x01, 0xf2, 0x22, 0xf2, 0x01, 0xf2, 0x01, 0xf2, 0x21, 0xf2,
    0x02, 0xf2, 0x21, 0xf2, 0x21, 0xf2, 0x02, 0xf2, 0x21, 0xf2, 0x22, 0xf2,
    0x22, 0xf2, 0x22, 0xf2, 0x01, 0xf2, 0x22, 0xf2, 0x22, 0xea, 0x22, 0xea,
    0xe6, 0xda, 0x36, 0xee, 0x9d, 0xff, 0xbd, 0xff, 0x7c, 0xff, 0x8e, 0xe4,
    0x63, 0xea, 0x22, 0xf2, 0x21, 0xf2, 0x21, 0xf2, 0x22, 0xf2, 0x22, 0xf2,
    0x22, 0xf2, 0x22, 0xfa, 0x22, 0xf2, 0x21, 0xfa, 0x21, 0xfa, 0x21, 0xf2,
    0x21, 0xf2, 0x21, 0xf2, 0x22, 0xf2, 0x01, 0xf2, 0x02, 0xf2, 0x22, 0xea,
    0x21, 0xf2, 0x21, 0xea, 0x23, 0xe2, 0x36, 0xf6, 0xbe, 0xff, 0xbe, 0xff,
    0xbe, 0xff, 0xbe, 0xff, 0xbe, 0xf7, 0xea, 0xe3, 0x02, 0xf2, 0x21, 0xf2,
    0x22, 0xf2, 0x22, 0xf2, 0x02, 0xf2, 0x22, 0xf2, 0x01, 0xf2, 0x22, 0xf2,
    0x22, 0xf2, 0x01, 0xf2, 0x01, 0xf2, 0x21, 0xf2, 0x21, 0xf2, 0x22, 0xf2,
    0x22, 0xfa, 0x21, 0xf2, 0x21, 0xf2, 0x22, 0xf2, 0x21, 0xfa, 0x22, 0xf2,
    0x22, 0xf2, 0x22, 0xf2, 0x21, 0xf2, 0x22, 0xf2, 0x02, 0xf2, 0x22, 0xf2,
    0x21, 0xf2, 0x02, 0xf2, 0x22, 0xf2, 0x21, 0xf2, 0x02, 0xf2, 0x22, 0xf2,
    0x02, 0xf2, 0x02, 0xf2, 0x02, 0xf2, 0x22, 0xf2, 0x22, 0xf2, 0x22, 0xf2,
    0x22, 0xfa, 0x22, 0xf2, 0x22, 0xfa, 0x22, 0xfa, 0x21, 0xfa, 0x01, 0xf2,
    0x02, 0xf2, 0x02, 0xf2, 0x01, 0xf2, 0x21, 0xf2, 0x01, 0xf2, 0x22, 0xf2,
    0x22, 0xf2, 0x22, 0xf2, 0x22, 0xf2, 0x21, 0xf2, 0x21, 0xf2, 0x21, 0xf2,
    0x22, 0xf2, 0x22, 0xf2, 0x21, 0xf2, 0x21, 0xf2, 0x22, 0xf2, 0x22, 0xf2,
    0x22, 0xfa, 0x22, 0xf2, 0x22, 0xf2, 0x22, 0xf2, 0x22, 0xf2, 0x22, 0xf2,
    0x02, 0xf2, 0x21, 0xf2, 0x21, 0xf2, 0x01, 0xf2, 0x22, 0xf2, 0x22, 0xf2,
    0x22, 0xf2, 0x22, 0xf2, 0x02, 0xf2, 0x22, 0xf2, 0x22, 0xf2, 0x01, 0xea,
    0x01, 0xf2, 0x21, 0xf2, 0x01, 0xf2, 0x21, 0xf2, 0x21, 0xf2, 0x01, 0xf2,
    0x01, 0xf2, 0x21, 0xf2, 0x22, 0xf2, 0x21, 0xf2, 0x21, 0xf2, 0x22, 0xf2,
    0x02, 0xf2, 0x22, 0xf2, 0x22, 0xf2, 0x22, 0xf2, 0x22, 0xf2, 0x22, 0xf2,
    0x21, 0xf2, 0x21, 0xf2, 0x22, 0xf2, 0x22, 0xf2, 0x42, 0xf2, 0x22, 0xf2,
    0x22, 0xf2, 0x22, 0xf2, 0x22, 0xf2, 0x22, 0xf2, 0x22, 0xf2, 0x22, 0xf2,
    0x22, 0xf2, 0x22, 0xf2, 0x22, 0xf2, 0x02, 0xf2, 0x02, 0xf2, 0x22, 0xf2,
    0x02, 0xf2, 0x02, 0xf2, 0x22, 0xf2, 0x22, 0xf2, 0x22, 0xf2, 0x22, 0xf2,
    0x22, 0xf2, 0x22, 0xf2, 0x22, 0xfa, 0x22, 0xf2, 0x22, 0xf2, 0x22, 0xfa,
    0x22, 0xf2, 0x21, 0xf2, 0x21, 0xf2, 0x22, 0xf2, 0x42, 0xfa, 0x22, 0xf2,
    0x42, 0xf2, 0x21, 0xfa, 0x22, 0xf2, 0x22, 0xf2, 0x22, 0xf2, 0x21, 0xf2,
    0x22, 0xf2, 0x22, 0xf2, 0x22, 0xf2, 0x22, 0xf2, 0x22, 0xfa, 0x22, 0xf2,
    0x22, 0xf2, 0x22, 0xf2, 0x01, 0xfa, 0x22, 0xf2, 0x22, 0xf2, 0x22, 0xfa,
    0x21, 0xf2, 0x21, 0xf2, 0x22, 0xfa, 0x22, 0xfa, 0x22, 0xf2, 0x22, 0xf2,
    0x22, 0xf2, 0x22, 0xf2, 0x22, 0xfa, 0x22, 0xfa, 0x22, 0xf2, 0x22, 0xf2,
    0x22, 0xf2, 0x21, 0xf2, 0x22, 0xf2, 0x22, 0xf2, 0x22, 0xfa, 0x22, 0xf2,
    0x02, 0xf2, 0x01, 0xf2, 0x02, 0xf2, 0x02, 0xfa, 0x02, 0xf2, 0x01, 0xf2,
    0x02, 0xf2, 0x01, 0xf2, 0x01, 0xf2, 0x02, 0xf2, 0x22, 0xfa, 0x22, 0xf2,
    0x02, 0xf2, 0x21, 0xfa, 0x02, 0xf2, 0x01, 0xf2, 0x22, 0xfa, 0x22, 0xfa,
    0x22, 0xfa, 0x21, 0xf2, 0x22, 0xf2, 0x21, 0xfa, 0x22, 0xf2, 0x22, 0xf2,
    0x01, 0xf2, 0x02, 0xf2, 0x02, 0xf2, 0x22, 0xf2, 0x21, 0xfa, 0x22, 0xf2,
    0x22, 0xf2, 0x22, 0xfa, 0x22, 0xfa, 0x22, 0xf2, 0x21, 0xf2, 0x22, 0xfa,
    0x21, 0xf2, 0x22, 0xf2, 0x22, 0xf2, 0x22, 0xf2, 0x21, 0xf2, 0x01, 0xf2,
    0x02, 0xf2, 0x22, 0xf2, 0x21, 0xf2, 0x21, 0xf2, 0x22, 0xfa, 0x22, 0xf2,
    0x21, 0xfa, 0x22, 0xf2, 0x22, 0xfa, 0x22, 0xfa, 0x21, 0xfa, 0x42, 0xf2,
    0x22, 0xf2, 0x21, 0xf2, 0x22, 0xfa, 0x22, 0xf2, 0x42, 0xf2, 0x22, 0xfa,
    0x42, 0xfa, 0x41, 0xf2, 0x22, 0xf2, 0x22, 0xf2, 0x21, 0xf2, 0x21, 0xf2,
    0x22, 0xf2, 0x21, 0xf2, 0x22, 0xf2, 0x22, 0xf2, 0x22, 0xfa, 0x22, 0xfa,
    0x01, 0xf2, 0x22, 0xfa, 0x22, 0xf2, 0x02, 0xf2, 0x22, 0xf2, 0x22, 0xf2,
    0x22, 0xf2, 0x22, 0xf2, 0x22, 0xf2, 0x22, 0xfa, 0x42, 0xfa, 0x42, 0xfa,
    0x42, 0xfa, 0x21, 0xf2, 0x22, 0xf2, 0x84, 0xea, 0x1a, 0xf7, 0xdf, 0xff,
    0xdf, 0xff, 0xde, 0xff, 0xdf, 0xff, 0xbe, 0xff, 0x48, 0xdb, 0x01, 0xea,
    0x01, 0xf2, 0x01, 0xf2, 0x02, 0xf2, 0x02, 0xf2, 0x21, 0xea, 0x22, 0xf2,
    0x22, 0xf2, 0x21, 0xf2, 0x22, 0xf2, 0x21, 0xf2, 0x21, 0xf2, 0x22, 0xf2,
    0x02, 0xf2, 0x21, 0xf2, 0x22, 0xf2, 0x22, 0xf2, 0x21, 0xf2, 0x22, 0xf2,
    0x22, 0xf2, 0x44, 0xe2, 0x98, 0xf6, 0xbe, 0xff, 0xbe, 0xff, 0xde, 0xf7,
    0xbe, 0xff, 0x7c, 0xff, 0x6d, 0xec, 0x22, 0xf2, 0x21, 0xf2, 0x22, 0xf2,
    0x22, 0xf2, 0x22, 0xf2, 0x22, 0xf2, 0x22, 0xf2, 0x22, 0xf2, 0x21, 0xf2,
    0x22, 0xfa, 0x22, 0xf2, 0x21, 0xf2, 0x21, 0xf2, 0x22, 0xf2, 0x21, 0xf2,
    0x22, 0xf2, 0x22, 0xf2, 0x22, 0xea, 0x21, 0xea, 0x02, 0xea, 0x8a, 0xdb,
    0x9e, 0xff, 0xbe, 0xff, 0xbe, 0xff, 0xdf, 0xff, 0xde, 0xff, 0x16, 0xee,
    0x22, 0xea, 0x21, 0xf2, 0x22, 0xf2, 0x21, 0xf2, 0x21, 0xf2, 0x22, 0xf2,
    0x22, 0xf2, 0x22, 0xf2, 0x22, 0xf2, 0x22, 0xf2, 0x21, 0xf2, 0x22, 0xf2,
    0x22, 0xf2, 0x21, 0xf2, 0x42, 0xfa, 0x42, 0xf2, 0x22, 0xf2, 0x21, 0xf2,
    0x22, 0xfa, 0x22, 0xfa, 0x22, 0xfa, 0x02, 0xf2, 0x22, 0xf2, 0x21, 0xf2,
    0x22, 0xf2, 0x22, 0xf2, 0x22, 0xf2, 0x22, 0xf2, 0x22, 0xf2, 0x22, 0xf2,
    0x22, 0xf2, 0x02, 0xf2, 0x21, 0xf2, 0x22, 0xf2, 0x22, 0xf2, 0x22, 0xf2,
    0x22, 0xf2, 0x22, 0xf2, 0x22, 0xf2, 0x22, 0xf2, 0x22, 0xfa, 0x22, 0xf2,
    0x22, 0xf2, 0x02, 0xf2, 0x01, 0xf2, 0x02, 0xf2, 0x02, 0xf2, 0x02, 0xf2,
    0x22, 0xf2, 0x22, 0xf2, 0x22, 0xf2, 0x22, 0xf2, 0x22, 0xf2, 0x21, 0xf2,
    0x22, 0xf2, 0x22, 0xf2, 0x22, 0xf2, 0x22, 0xf2, 0x22, 0xf2, 0x21, 0xf2,
    0x22, 0xf2, 0x42, 0xfa, 0x22, 0xf2, 0x22, 0xfa, 0x22, 0xf2, 0x22, 0xf2,
    0x22, 0xfa, 0x22, 0xf2, 0x22, 0xf2, 0x22, 0xf2, 0x21, 0xf2, 0x22, 0xf2,
    0x22, 0xf2, 0x22, 0xf2, 0x22, 0xf2, 0x22, 0xf2, 0x22, 0xf2, 0x22, 0xf2,
    0x22, 0xf2, 0x22, 0xf2, 0x01, 0xf2, 0x22, 0xf2, 0x02, 0xf2, 0x02, 0xf2,
    0x22, 0xf2, 0x22, 0xf2, 0x02, 0xf2, 0x01, 0xf2, 0x22, 0xf2, 0x22, 0xf2,
    0x22, 0xf2, 0x22, 0xf2, 0x01, 0xf2, 0x02, 0xf2, 0x22, 0xf2, 0x22, 0xf2,
    0x22, 0xf2, 0x22, 0xf2, 0x22, 0xf2, 0x22, 0xf2, 0x42, 0xf2, 0x42, 0xf2,
    0x22, 0xf2, 0x43, 0xf2, 0x22, 0xf2, 0x22, 0xf2, 0x22, 0xf2, 0x22, 0xf2,
    0x22, 0xf2, 0x22, 0xf2, 0x22, 0xf2, 0x22, 0xf2, 0x22, 0xf2, 0x02, 0xf2,
    0x22, 0xf2, 0x22, 0xf2, 0x02, 0xf2, 0x22, 0xf2, 0x02, 0xf2, 0x02, 0xf2,
    0x22, 0xf2, 0x22, 0xf2, 0x22, 0xf2, 0x22, 0xf2, 0x22, 0xf2, 0x22, 0xf2,
    0x22, 0xfa, 0x22, 0xf2, 0x22, 0xf2, 0x01, 0xf2, 0x41, 0xf2, 0x22, 0xf2,
    0x42, 0xfa, 0x42, 0xfa, 0x22, 0xf2, 0x42, 0xf2, 0x41, 0xfa, 0x22, 0xfa,
    0x21, 0xf2, 0x22, 0xfa, 0x22, 0xf2, 0x22, 0xf2, 0x22, 0xfa, 0x22, 0xf2,
    0x22, 0xfa, 0x42, 0xf2, 0x22, 0xf2, 0x22, 0xfa, 0x22, 0xf2, 0x22, 0xf2,
    0x22, 0xf2, 0x22, 0xf2, 0x22, 0xf2, 0x22, 0xf2, 0x22, 0xf2, 0x21, 0xf2,
    0x21, 0xfa, 0x22, 0xf2, 0x22, 0xfa, 0x21, 0xf2, 0x22, 0xfa, 0x22, 0xf2,
    0x22, 0xf2, 0x22, 0xfa, 0x22, 0xfa, 0x21, 0xf2, 0x22, 0xf2, 0x21, 0xf2,
    0x01, 0xf2, 0x22, 0xfa, 0x02, 0xf2, 0x02, 0xf2, 0x01, 0xf2, 0x22, 0xf2,
    0x22, 0xfa, 0x21, 0xf2, 0x22, 0xfa, 0x22, 0xfa, 0x22, 0xf2, 0x02, 0xf2,
    0x22, 0xfa, 0x22, 0xfa, 0x21, 0xf2, 0x22, 0xf2, 0x22, 0xf2, 0x22, 0xf2,
    0x22, 0xf2, 0x22, 0xfa, 0x21, 0xf2, 0x22, 0xf2, 0x22, 0xfa, 0x21, 0xf2,
    0x21, 0xf2, 0x22, 0xfa, 0x01, 0xf2, 0x22, 0xf2, 0x22, 0xf2, 0x21, 0xf2,
    0x22, 0xf2, 0x22, 0xfa, 0x22, 0xfa, 0x22, 0xf2, 0x22, 0xfa, 0x22, 0xfa,
    0x42, 0xfa, 0x22, 0xf2, 0x42, 0xfa, 0x42, 0xfa, 0x22, 0xf2, 0x22, 0xf2,
    0x22, 0xfa, 0x22, 0xf2, 0x22, 0xf2, 0x22, 0xfa, 0x22, 0xf2, 0x22, 0xf2,
    0x42, 0xfa, 0x21, 0xf2, 0x42, 0xfa, 0x22, 0xf2, 0x22, 0xf2, 0x22, 0xf2,
    0x22, 0xfa, 0x22, 0xfa, 0x22, 0xfa, 0x21, 0xf2, 0x22, 0xfa, 0x22, 0xfa,
    0x42, 0xfa, 0x22, 0xfa, 0x22, 0xfa, 0x41, 0xf2, 0x22, 0xf2, 0x22, 0xfa,
    0x21, 0xf2, 0x22, 0xf2, 0x21, 0xf2, 0x21, 0xf2, 0x21, 0xf2, 0x21, 0xf2,
    0x22, 0xf2, 0x21, 0xf2, 0x22, 0xf2, 0x21, 0xf2, 0x21, 0xfa, 0x21, 0xf2,
    0x22, 0xfa, 0x22, 0xf2, 0x21, 0xf2, 0x21, 0xf2, 0x42, 0xfa, 0x42, 0xfa,
    0x42, 0xf2, 0x42, 0xfa, 0x42, 0xfa, 0x22, 0xf2, 0x42, 0xf2, 0xa9, 0xdb,
    0xbe, 0xff, 0xdf, 0xff, 0xdf, 0xff, 0xdf, 0xff, 0xdf, 0xff, 0xb8, 0xf6,
    0x22, 0xe2, 0x01, 0xf2, 0x21, 0xf2, 0x21, 0xf2, 0x02, 0xf2, 0x22, 0xf2,
    0x22, 0xf2, 0x22, 0xf2, 0x21, 0xf2, 0x02, 0xf2, 0x22, 0xf2, 0x21, 0xf2,
    0x02, 0xf2, 0x22, 0xf2, 0x21, 0xf2, 0x21, 0xf2, 0x22, 0xfa, 0x22, 0xf2,
    0x22, 0xf2, 0x21, 0xf2, 0x22, 0xea, 0xf0, 0xf4, 0xdf, 0xff, 0xde, 0xff,
    0xde, 0xff, 0xbe, 0xff, 0xbe, 0xff, 0xbe, 0xf7, 0x3b, 0xf7, 0x63, 0xe2,
    0x21, 0xf2, 0x22, 0xf2, 0x21, 0xf2, 0x21, 0xf2, 0x22, 0xfa, 0x22, 0xfa,
    0x22, 0xf2, 0x21, 0xf2, 0x22, 0xf2, 0x22, 0xf2, 0x22, 0xf2, 0x22, 0xf2,
    0x22, 0xfa, 0x21, 0xf2, 0x22, 0xf2, 0x22, 0xf2, 0x21, 0xf2, 0x21, 0xf2,
    0x22, 0xea, 0x63, 0xe2, 0x99, 0xf6, 0xbe, 0xff, 0xde, 0xff, 0xbe, 0xff,
    0xde, 0xff, 0xde, 0xff, 0xc5, 0xd2, 0x21, 0xf2, 0x21, 0xf2, 0x21, 0xf2,
    0x22, 0xf2, 0x01, 0xfa, 0x22, 0xf2, 0x22, 0xf2, 0x01, 0xf2, 0x21, 0xf2,
    0x22, 0xfa, 0x22, 0xfa, 0x42, 0xfa, 0x42, 0xf2, 0x22, 0xfa, 0x42, 0xfa,
    0x22, 0xf2, 0x21, 0xf2, 0x22, 0xf2, 0x21, 0xf2, 0x22, 0xf2, 0x22, 0xf2,
    0x22, 0xfa, 0x22, 0xf2, 0x01, 0xf2, 0x22, 0xf2, 0x22, 0xfa, 0x22, 0xf2,
    0x01, 0xf2, 0x22, 0xf2, 0x22, 0xf2, 0x01, 0xf2, 0x21, 0xf2, 0x02, 0xf2,
    0x22, 0xf2, 0x22, 0xf2, 0x22, 0xf2, 0x02, 0xf2, 0x22, 0xf2, 0x22, 0xf2,
    0x22, 0xf2, 0x22, 0xf2, 0x22, 0xf2, 0x22, 0xf2, 0x22, 0xf2, 0x22, 0xf2,
    0x02, 0xf2, 0x02, 0xf2, 0x22, 0xf2, 0x22, 0xf2, 0x02, 0xf2, 0x22, 0xf2,
    0x22, 0xf2, 0x22, 0xf2, 0x22, 0xf2, 0x22, 0xf2, 0x22, 0xf2, 0x22, 0xf2,
    0x02, 0xf2, 0x22, 0xf2, 0x22, 0xfa, 0x22, 0xf2, 0x22, 0xf2, 0x22, 0xfa,
    0x22, 0xf2, 0x22, 0xf2, 0x21, 0xf2, 0x22, 0xf2, 0x22, 0xf2, 0x22, 0xf2,
    0x02, 0xf2, 0x21, 0xf2, 0x22, 0xfa, 0x02, 0xf2, 0x22, 0xf2, 0x22, 0xf2,
    0x01, 0xf2, 0x01, 0xf2, 0x22, 0xf2, 0x22, 0xf2, 0x01, 0xf2, 0x22, 0xf2,
    0x22, 0xf2, 0x01, 0xf2, 0x22, 0xf2, 0x22, 0xf2, 0x22, 0xf2, 0x02, 0xf2,
    0x22, 0xf2, 0x22, 0xf2, 0x22, 0xf2, 0x22, 0xf2, 0x22, 0xf2, 0x21, 0xf2,
    0x22, 0xf2, 0x22, 0xea, 0x22, 0xf2, 0x22, 0xf2, 0x22, 0xf2, 0x42, 0xf2,
    0x22, 0xf2, 0x42, 0xf2, 0x22, 0xf2, 0x42, 0xfa, 0x22, 0xf2, 0x22, 0xf2,
    0x22, 0xf2, 0x22, 0xf2, 0x22, 0xf2, 0x22, 0xf2, 0x22, 0xf2, 0x22, 0xf2,
    0x22, 0xf2, 0x02, 0xf2, 0x22, 0xf2, 0x02, 0xf2, 0x22, 0xf2, 0x22, 0xf2,
    0x02, 0xf2, 0x01, 0xf2, 0x22, 0xf2, 0x02, 0xf2, 0x22, 0xf2, 0x22, 0xfa,
    0x22, 0xf2, 0x22, 0xfa, 0x22, 0xf2, 0x42, 0xf2, 0x22, 0xf2, 0x21, 0xf2,
    0x21, 0xf2, 0x41, 0xf2, 0x42, 0xf2, 0x41, 0xf2, 0x42, 0xf2, 0x42, 0xf2,
    0x22, 0xf2, 0x22, 0xf2, 0x21, 0xf2, 0x21, 0xf2, 0x22, 0xf2, 0x22, 0xf2,
    0x21, 0xf2, 0x22, 0xf2, 0x22, 0xf2, 0x41, 0xfa, 0x22, 0xf2, 0x21, 0xf2,
    0x22, 0xf2, 0x21, 0xf2, 0x22, 0xf2, 0x22, 0xf2, 0x22, 0xfa, 0x22, 0xf2,
    0x22, 0xf2, 0x21, 0xf2, 0x21, 0xf2, 0x22, 0xf2, 0x22, 0xf2, 0x21, 0xf2,
    0x42, 0xf2, 0x42, 0xfa, 0x21, 0xf2, 0x21, 0xf2, 0x22, 0xf2, 0x22, 0xf2,
    0x22, 0xf2, 0x22, 0xf2, 0x21, 0xf2, 0x22, 0xf2, 0x22, 0xf2, 0x22, 0xfa,
    0x21, 0xf2, 0x21, 0xf2, 0x22, 0xf2, 0x21, 0xf2, 0x21, 0xf2, 0x22, 0xf2,
    0x02, 0xf2, 0x22, 0xf2, 0x22, 0xfa, 0x21, 0xf2, 0x21, 0xf2, 0x22, 0xf2,
    0x22, 0xf2, 0x21, 0xf2, 0x22, 0xfa, 0x42, 0xfa, 0x22, 0xfa, 0x22, 0xf2,
    0x22, 0xfa, 0x22, 0xf2, 0x21, 0xf2, 0x22, 0xf2, 0x01, 0xf2, 0x22, 0xf2,
    0x21, 0xf2, 0x21, 0xf2, 0x22, 0xf2, 0x22, 0xfa, 0x42, 0xfa, 0x42, 0xf2,
    0x22, 0xfa, 0x21, 0xfa, 0x42, 0xf2, 0x42, 0xf2, 0x42, 0xfa, 0x22, 0xf2,
    0x22, 0xf2, 0x22, 0xf2, 0x22, 0xfa, 0x22, 0xf2, 0x21, 0xf2, 0x21, 0xf2,
    0x22, 0xf2, 0x22, 0xfa, 0x42, 0xf2, 0x42, 0xf2, 0x22, 0xfa, 0x21, 0xfa,
    0x42, 0xfa, 0x41, 0xfa, 0x22, 0xf2, 0x42, 0xfa, 0x42, 0xfa, 0x42, 0xfa,
    0x41, 0xfa, 0x22, 0xf2, 0x22, 0xfa, 0x21, 0xf2, 0x22, 0xfa, 0x21, 0xf2,
    0x21, 0xf2, 0x21, 0xfa, 0x22, 0xf2, 0x22, 0xf2, 0x01, 0xf2, 0x22, 0xfa,
    0x22, 0xfa, 0x22, 0xf2, 0x21, 0xfa, 0x21, 0xf2, 0x22, 0xf2, 0x22, 0xfa,
    0x21, 0xf2, 0x01, 0xf2, 0x22, 0xfa, 0x22, 0xf2, 0x21, 0xf2, 0x21, 0xf2,
    0x22, 0xfa, 0x42, 0xf2, 0x41, 0xf2, 0x41, 0xf2, 0x42, 0xf2, 0x22, 0xf2,
    0x43, 0xea, 0xb8, 0xf6, 0xde, 0xff, 0xde, 0xff, 0xde, 0xff, 0xdf, 0xff,
    0xbe, 0xff, 0x69, 0xdb, 0x21, 0xea, 0x21, 0xf2, 0x22, 0xf2, 0x22, 0xf2,
    0x22, 0xf2, 0x22, 0xf2, 0x22, 0xf2, 0x22, 0xf2, 0x01, 0xf2, 0x21, 0xf2,
    0x22, 0xf2, 0x01, 0xf2, 0x22, 0xf2, 0x21, 0xf2, 0x21, 0xf2, 0x22, 0xf2,
    0x22, 0xf2, 0x22, 0xf2, 0x21, 0xf2, 0x21, 0xf2, 0x43, 0xea, 0x58, 0xee,
    0xde, 0xff, 0xdf, 0xff, 0xde, 0xff, 0xdf, 0xff, 0xbe, 0xff, 0xbe, 0xf7,
    0x9e, 0xff, 0xc9, 0xe3, 0x22, 0xf2, 0x22, 0xf2, 0x22, 0xf2, 0x21, 0xf2,
    0x21, 0xf2, 0x22, 0xf2, 0x22, 0xf2, 0x21, 0xf2, 0x42, 0xfa, 0x42, 0xf2,
    0x21, 0xf2, 0x21, 0xf2, 0x22, 0xf2, 0x21, 0xf2, 0x41, 0xf2, 0x22, 0xf2,
    0x41, 0xf2, 0x21, 0xf2, 0x42, 0xea, 0x42, 0xea, 0xaf, 0xec, 0xde, 0xff,
    0xbf, 0xff, 0xbe, 0xff, 0xbe, 0xff, 0xbe, 0xff, 0xd4, 0xf5, 0x21, 0xf2,
    0x22, 0xf2, 0x22, 0xf2, 0x21, 0xf2, 0x21, 0xf2, 0x21, 0xf2, 0x22, 0xf2,
    0x22, 0xf2, 0x21, 0xf2, 0x22, 0xf2, 0x22, 0xfa, 0x41, 0xf2, 0x42, 0xfa,
    0x42, 0xf2, 0x22, 0xf2, 0x21, 0xf2, 0x21, 0xfa, 0x22, 0xf2, 0x22, 0xf2,
    0x22, 0xf2, 0x21, 0xf2, 0x22, 0xf2, 0x22, 0xfa, 0x22, 0xf2, 0x22, 0xf2,
    0x22, 0xf2, 0x22, 0xfa, 0x22, 0xf2, 0x21, 0xf2, 0x22, 0xf2, 0x01, 0xf2,
    0x01, 0xf2, 0x21, 0xf2, 0x22, 0xf2, 0x21, 0xf2, 0x22, 0xf2, 0x22, 0xfa,
    0x21, 0xf2, 0x22, 0xf2, 0x22, 0xf2, 0x42, 0xf2, 0x22, 0xf2, 0x22, 0xfa,
    0x22, 0xfa, 0x21, 0xf2, 0x22, 0xf2, 0x21, 0xf2, 0x21, 0xf2, 0x22, 0xf2,
    0x21, 0xf2, 0x21, 0xf2, 0x22, 0xf2, 0x22, 0xf2, 0x22, 0xf2, 0x21, 0xf2,
    0x22, 0xf2, 0x21, 0xf2, 0x22, 0xf2, 0x22, 0xf2, 0x22, 0xf2, 0x22, 0xfa,
    0x22, 0xf2, 0x22, 0xf2, 0x22, 0xfa, 0x22, 0xf2, 0x22, 0xf2, 0x02, 0xf2,
    0x22, 0xf2, 0x21, 0xf2, 0x22, 0xfa, 0x21, 0xf2, 0x22, 0xf2, 0x22, 0xf2,
    0x21, 0xfa, 0x22, 0xf2, 0x21, 0xf2, 0x22, 0xf2, 0x22, 0xf2, 0x21, 0xf2,
    0x21, 0xf2, 0x22, 0xf2, 0x21, 0xf2, 0x21, 0xf2, 0x21, 0xf2, 0x21, 0xf2,
    0x22, 0xf2, 0x22, 0xf2, 0x01, 0xf2, 0x21, 0xf2, 0x02, 0xf2, 0x22, 0xf2,
    0x21, 0xf2, 0x02, 0xf2, 0x22, 0xf2, 0x22, 0xf2, 0x21, 0xf2, 0x21, 0xf2,
    0x22, 0xf2, 0x42, 0xf2, 0x22, 0xf2, 0x42, 0xf2, 0x42, 0xf2, 0x42, 0xf2,
    0x22, 0xf2, 0x22, 0xf2, 0x42, 0xf2, 0x42, 0xf2, 0x22, 0xf2, 0x42, 0xf2,
    0x22, 0xf2, 0x22, 0xf2, 0x21, 0xf2, 0x21, 0xf2, 0x22, 0xf2, 0x22, 0xf2,
    0x02, 0xf2, 0x22, 0xf2, 0x22, 0xf2, 0x01, 0xf2, 0x01, 0xf2, 0x22, 0xf2,
    0x02, 0xf2, 0x22, 0xf2, 0x22, 0xf2, 0x22, 0xfa, 0x42, 0xf2, 0x42, 0xf2,
    0x41, 0xf2, 0x22, 0xf2, 0x21, 0xf2, 0x21, 0xf2, 0x22, 0xf2, 0x42, 0xf2,
    0x41, 0xf2, 0x42, 0xf2, 0x22, 0xfa, 0x42, 0xfa, 0x22, 0xf2, 0x21, 0xf2,
    0x22, 0xfa, 0x21, 0xf2, 0x21, 0xf2, 0x22, 0xf2, 0x41, 0xf2, 0x22, 0xf2,
    0x21, 0xf2, 0x21, 0xf2, 0x22, 0xf2, 0x22, 0xfa, 0x21, 0xf2, 0x22, 0xf2,
    0x22, 0xfa, 0x41, 0xfa, 0x22, 0xf2, 0x21, 0xfa, 0x42, 0xf2, 0x22, 0xf2,
    0x21, 0xfa, 0x22, 0xf2, 0x21, 0xf2, 0x22, 0xf2, 0x21, 0xf2, 0x21, 0xf2,
    0x22, 0xf2, 0x22, 0xf2, 0x22, 0xf2, 0x22, 0xf2, 0x22, 0xf2, 0x21, 0xf2,
    0x22, 0xf2, 0x22, 0xfa, 0x22, 0xf2, 0x22, 0xf2, 0x02, 0xf2, 0x22, 0xfa,
    0x21, 0xf2, 0x01, 0xf2, 0x21, 0xf2, 0x21, 0xf2, 0x22, 0xfa, 0x22, 0xf2,
    0x01, 0xf2, 0x22, 0xfa, 0x21, 0xfa, 0x21, 0xf2, 0x22, 0xfa, 0x42, 0xfa,
    0x22, 0xf2, 0x21, 0xfa, 0x21, 0xf2, 0x22, 0xfa, 0x22, 0xfa, 0x21, 0xf2,
    0x22, 0xfa, 0x22, 0xf2, 0x21, 0xf2, 0x22, 0xfa, 0x21, 0xf2, 0x21, 0xf2,
    0x42, 0xf2, 0x21, 0xf2, 0x21, 0xf2, 0x22, 0xf2, 0x21, 0xf2, 0x22, 0xf2,
    0x42, 0xfa, 0x21, 0xf2, 0x21, 0xfa, 0x42, 0xf2, 0x21, 0xf2, 0x21, 0xf2,
    0x22, 0xf2, 0x22, 0xf2, 0x21, 0xf2, 0x42, 0xfa, 0x21, 0xf2, 0x42, 0xfa,
    0x22, 0xf2, 0x22, 0xfa, 0x22, 0xfa, 0x22, 0xf2, 0x42, 0xfa, 0x22, 0xfa,
    0x42, 0xfa, 0x42, 0xfa, 0x42, 0xf2, 0x22, 0xfa, 0x22, 0xf2, 0x42, 0xfa,
    0x22, 0xfa, 0x22, 0xfa, 0x42, 0xf2, 0x22, 0xf2, 0x21, 0xf2, 0x22, 0xfa,
    0x21, 0xf2, 0x22, 0xf2, 0x02, 0xf2, 0x21, 0xfa, 0x22, 0xf2, 0x22, 0xfa,
    0x22, 0xfa, 0x22, 0xfa, 0x22, 0xfa, 0x22, 0xfa, 0x42, 0xf2, 0x22, 0xf2,
    0x42, 0xfa, 0x42, 0xf2, 0x22, 0xf2, 0x22, 0xfa, 0x21, 0xf2, 0x42, 0xf2,
    0x42, 0xf2, 0x21, 0xf2, 0xaa, 0xe3, 0xbd, 0xff, 0xde, 0xff, 0xde, 0xff,
    0xde, 0xff, 0xdf, 0xff, 0xf9, 0xfe, 0x64, 0xea, 0x22, 0xf2, 0x21, 0xf2,
    0x21, 0xf2, 0x22, 0xf2, 0x42, 0xf2, 0x42, 0xf2, 0x22, 0xf2, 0x22, 0xf2,
    0x21, 0xf2, 0x22, 0xf2, 0x22, 0xf2, 0x22, 0xf2, 0x21, 0xfa, 0x22, 0xf2,
    0x22, 0xf2, 0x21, 0xfa, 0x21, 0xf2, 0x22, 0xf2, 0x21, 0xf2, 0x22, 0xf2,
    0x63, 0xe2, 0x7c, 0xff, 0xdf, 0xff, 0xdf, 0xff, 0xde, 0xff, 0xbe, 0xff,
    0xde, 0xff, 0xbe, 0xff, 0xbe, 0xff, 0x2c, 0xdc, 0x22, 0xea, 0x21, 0xf2,
    0x22, 0xf2, 0x22, 0xf2, 0x42, 0xf2, 0x22, 0xf2, 0x22, 0xf2, 0x21, 0xf2,
    0x22, 0xf2, 0x21, 0xf2, 0x22, 0xfa, 0x21, 0xf2, 0x22, 0xf2, 0x22, 0xf2,
    0x42, 0xf2, 0x42, 0xf2, 0x42, 0xf2, 0x42, 0xf2, 0x41, 0xea, 0x41, 0xea,
    0x84, 0xe2, 0xfa, 0xf6, 0xbe, 0xff, 0xbe, 0xff, 0xbe, 0xff, 0xbe, 0xff,
    0x1b, 0xf7, 0x84, 0xe2, 0x22, 0xf2, 0x21, 0xf2, 0x21, 0xf2, 0x22, 0xf2,
    0x22, 0xf2, 0x21, 0xf2, 0x21, 0xf2, 0x22, 0xf2, 0x22, 0xf2, 0x41, 0xf2,
    0x22, 0xf2, 0x22, 0xf2, 0x41, 0xfa, 0x22, 0xf2, 0x21, 0xf2, 0x22, 0xf2,
    0x22, 0xfa, 0x21, 0xf2, 0x22, 0xf2, 0x22, 0xf2, 0x21, 0xf2, 0x22, 0xf2,
    0x21, 0xf2, 0x22, 0xf2, 0x21, 0xf2, 0x22, 0xf2, 0x22, 0xf2, 0x22, 0xf2,
    0x22, 0xf2, 0x22, 0xf2, 0x22, 0xf2, 0x22, 0xf2, 0x22, 0xf2, 0x22, 0xf2,
    0x22, 0xfa, 0x22, 0xf2, 0x22, 0xfa, 0x22, 0xfa, 0x42, 0xfa, 0x21, 0xf2,
    0x22, 0xf2, 0x22, 0xf2, 0x22, 0xf2, 0x22, 0xf2, 0x21, 0xf2, 0x22, 0xfa,
    0x22, 0xfa, 0x21, 0xf2, 0x21, 0xf2, 0x22, 0xf2, 0x22, 0xf2, 0x22, 0xf2,
    0x22, 0xf2, 0x21, 0xf2, 0x22, 0xf2, 0x22, 0xfa, 0x22, 0xfa, 0x21, 0xf2,
    0x22, 0xf2, 0x22, 0xf2, 0x22, 0xf2, 0x22, 0xf2, 0x21, 0xf2, 0x22, 0xfa,
    0x22, 0xf2, 0x22, 0xf2, 0x02, 0xf2, 0x01, 0xf2, 0x22, 0xf2, 0x22, 0xf2,
    0x02, 0xf2, 0x22, 0xf2, 0x21, 0xf2, 0x22, 0xf2, 0x22, 0xf2, 0x02, 0xf2,
    0x22, 0xf2, 0x22, 0xf2, 0x01, 0xf2, 0x22, 0xf2, 0x22, 0xf2, 0x22, 0xf2,
    0x22, 0xf2, 0x22, 0xf2, 0x21, 0xf2, 0x21, 0xf2, 0x21, 0xf2, 0x21, 0xf2,
    0x22, 0xf2, 0x02, 0xf2, 0x22, 0xf2, 0x22, 0xf2, 0x22, 0xf2, 0x22, 0xf2,
    0x22, 0xf2, 0x22, 0xf2, 0x22, 0xf2, 0x42, 0xf2, 0x42, 0xf2, 0x42, 0xfa,
    0x22, 0xf2, 0x22, 0xf2, 0x22, 0xf2, 0x22, 0xf2, 0x21, 0xf2, 0x22, 0xf2,
    0x22, 0xf2, 0x22, 0xf2, 0x22, 0xf2, 0x22, 0xf2, 0x22, 0xf2, 0x22, 0xf2,
    0x22, 0xf2, 0x22, 0xf2, 0x21, 0xf2, 0x02, 0xf2, 0x22, 0xf2, 0x21, 0xf2,
    0x22, 0xf2, 0x22, 0xf2, 0x22, 0xf2, 0x21, 0xf2, 0x22, 0xf2, 0x22, 0xf2,
    0x42, 0xf2, 0x41, 0xf2, 0x42, 0xf2, 0x42, 0xf2, 0x41, 0xf2, 0x21, 0xf2,
    0x22, 0xf2, 0x22, 0xf2, 0x42, 0xf2, 0x41, 0xf2, 0x42, 0xfa, 0x42, 0xf2,
    0x22, 0xf2, 0x22, 0xfa, 0x42, 0xfa, 0x42, 0xf2, 0x42, 0xfa, 0x42, 0xfa,
    0x22, 0xf2, 0x22, 0xf2, 0x22, 0xfa, 0x22, 0xf2, 0x21, 0xf2, 0x22, 0xf2,
    0x21, 0xf2, 0x21, 0xf2, 0x42, 0xfa, 0x42, 0xf2, 0x42, 0xf2, 0x42, 0xf2,
    0x21, 0xf2, 0x22, 0xf2, 0x42, 0xf2, 0x21, 0xf2, 0x22, 0xf2, 0x22, 0xfa,
    0x22, 0xfa, 0x22, 0xfa, 0x22, 0xfa, 0x22, 0xf2, 0x22, 0xf2, 0x21, 0xf2,
    0x22, 0xf2, 0x22, 0xf2, 0x42, 0xf2, 0x42, 0xf2, 0x22, 0xfa, 0x22, 0xfa,
    0x22, 0xfa, 0x22, 0xfa, 0x22, 0xfa, 0x22, 0xf2, 0x22, 0xfa, 0x21, 0xf2,
    0x22, 0xf2, 0x22, 0xf2, 0x21, 0xf2, 0x22, 0xf2, 0x22, 0xfa, 0x22, 0xf2,
    0x42, 0xfa, 0x21, 0xf2, 0x42, 0xfa, 0x21, 0xf2, 0x22, 0xf2, 0x22, 0xf2,
    0x21, 0xf2, 0x22, 0xfa, 0x22, 0xf2, 0x21, 0xfa, 0x22, 0xf2, 0x22, 0xf2,
    0x22, 0xf2, 0x21, 0xf2, 0x42, 0xfa, 0x22, 0xf2, 0x22, 0xf2, 0x22, 0xf2,
    0x42, 0xfa, 0x21, 0xfa, 0x22, 0xf2, 0x22, 0xf2, 0x21, 0xf2, 0x22, 0xfa,
    0x22, 0xf2, 0x22, 0xf2, 0x22, 0xfa, 0x21, 0xf2, 0x22, 0xf2, 0x42, 0xfa,
    0x22, 0xfa, 0x21, 0xf2, 0x21, 0xf2, 0x21, 0xfa, 0x22, 0xf2, 0x21, 0xfa,
    0x42, 0xfa, 0x41, 0xf2, 0x22, 0xfa, 0x42, 0xfa, 0x22, 0xfa, 0x42, 0xfa,
    0x42, 0xfa, 0x41, 0xf2, 0x21, 0xf2, 0x22, 0xf2, 0x22, 0xf2, 0x21, 0xf2,
    0x22, 0xf2, 0x22, 0xf2, 0x21, 0xf2, 0x22, 0xf2, 0x21, 0xfa, 0x22, 0xf2,
    0x22, 0xf2, 0x21, 0xf2, 0x22, 0xfa, 0x22, 0xf2, 0x42, 0xfa, 0x42, 0xf2,
    0x42, 0xfa, 0x22, 0xf2, 0x42, 0xfa, 0x42, 0xf2, 0x42, 0xfa, 0x41, 0xfa,
    0x42, 0xf2, 0x42, 0xf2, 0x41, 0xf2, 0x42, 0xf2, 0x73, 0xe5, 0xbe, 0xff,
    0xde, 0xff, 0xde, 0xff, 0xbe, 0xff, 0xde, 0xff, 0xec, 0xd3, 0x41, 0xea,
    0x21, 0xf2, 0x21, 0xf2, 0x41, 0xf2, 0x42, 0xf2, 0x42, 0xf2, 0x41, 0xf2,
    0x21, 0xf2, 0x22, 0xf2, 0x22, 0xfa, 0x42, 0xfa, 0x42, 0xfa, 0x42, 0xfa,
    0x42, 0xfa, 0x22, 0xf2, 0x22, 0xf2, 0x22, 0xf2, 0x21, 0xf2, 0x21, 0xf2,
    0x22, 0xf2, 0x21, 0xf2, 0x63, 0xda, 0xbd, 0xff, 0xde, 0xff, 0xff, 0xff,
    0xde, 0xff, 0xbe, 0xff, 0xbf, 0xff, 0xbe, 0xff, 0xbe, 0xff, 0x2d, 0xd4,
    0x21, 0xea, 0x21, 0xf2, 0x22, 0xf2, 0x21, 0xf2, 0x41, 0xf2, 0x41, 0xf2,
    0x42, 0xf2, 0x41, 0xf2, 0x41, 0xf2, 0x41, 0xf2, 0x21, 0xf2, 0x42, 0xf2,
    0x41, 0xf2, 0x42, 0xf2, 0x42, 0xf2, 0x42, 0xf2, 0x42, 0xf2, 0x42, 0xf2,
    0x42, 0xea, 0x41, 0xea, 0x42, 0xea, 0xd0, 0xe4, 0xbe, 0xff, 0xde, 0xff,
    0xde, 0xff, 0xdf, 0xff, 0xbe, 0xf7, 0xae, 0xe4, 0x21, 0xea, 0x21, 0xf2,
    0x22, 0xf2, 0x22, 0xea, 0x22, 0xf2, 0x21, 0xf2, 0x21, 0xf2, 0x22, 0xf2,
    0x21, 0xfa, 0x42, 0xfa, 0x22, 0xf2, 0x42, 0xfa, 0x22, 0xf2, 0x42, 0xfa,
    0x22, 0xf2, 0x42, 0xf2, 0x42, 0xfa, 0x21, 0xf2, 0x42, 0xfa, 0x22, 0xfa,
    0x22, 0xf2, 0x21, 0xf2, 0x21, 0xf2, 0x21, 0xfa, 0x02, 0xf2, 0x22, 0xf2,
    0x22, 0xf2, 0x22, 0xfa, 0x22, 0xf2, 0x21, 0xf2, 0x22, 0xfa, 0x22, 0xf2,
    0x22, 0xf2, 0x22, 0xfa, 0x22, 0xf2, 0x22, 0xf2, 0x22, 0xf2, 0x42, 0xfa,
    0x42, 0xfa, 0x21, 0xf2, 0x22, 0xf2, 0x21, 0xf2, 0x22, 0xfa, 0x22, 0xf2,
    0x21, 0xf2, 0x22, 0xf2, 0x22, 0xf2, 0x22, 0xfa, 0x22, 0xfa, 0x22, 0xf2,
    0x21, 0xf2, 0x21, 0xf2, 0x22, 0xf2, 0x22, 0xf2, 0x21, 0xf2, 0x22, 0xf2,
    0x22, 0xf2, 0x22, 0xf2, 0x21, 0xf2, 0x22, 0xf2, 0x42, 0xf2, 0x22, 0xf2,
    0x22, 0xf2, 0x22, 0xf2, 0x22, 0xf2, 0x22, 0xf2, 0x02, 0xf2, 0x01, 0xf2,
    0x22, 0xf2, 0x22, 0xfa, 0x22, 0xf2, 0x21, 0xf2, 0x21, 0xf2, 0x02, 0xf2,
    0x22, 0xf2, 0x21, 0xf2, 0x02, 0xf2, 0x02, 0xf2, 0x21, 0xf2, 0x22, 0xf2,
    0x21, 0xf2, 0x22, 0xf2, 0x42, 0xf2, 0x42, 0xf2, 0x22, 0xfa, 0x42, 0xfa,
    0x22, 0xf2, 0x22, 0xf2, 0x21, 0xf2, 0x22, 0xf2, 0x22, 0xf2, 0x42, 0xf2,
    0x22, 0xf2, 0x22, 0xf2, 0x22, 0xf2, 0x22, 0xf2, 0x42, 0xf2, 0x42, 0xf2,
    0x42, 0xf2, 0x42, 0xf2, 0x42, 0xf2, 0x22, 0xf2, 0x22, 0xf2, 0x22, 0xf2,
    0x21, 0xf2, 0x22, 0xf2, 0x22, 0xf2, 0x22, 0xf2, 0x42, 0xf2, 0x42, 0xf2,
    0x42, 0xf2, 0x22, 0xf2, 0x22, 0xf2, 0x42, 0xf2, 0x22, 0xf2, 0x21, 0xf2,
    0x22, 0xf2, 0x22, 0xf2, 0x22, 0xf2, 0x22, 0xf2, 0x21, 0xf2, 0x22, 0xf2,
    0x22, 0xf2, 0x22, 0xf2, 0x22, 0xf2, 0x41, 0xf2, 0x42, 0xfa, 0x42, 0xf2,
    0x41, 0xf2, 0x41, 0xf2, 0x22, 0xf2, 0x42, 0xf2, 0x42, 0xf2, 0x22, 0xf2,
    0x42, 0xf2, 0x21, 0xf2, 0x42, 0xf2, 0x21, 0xf2, 0x42, 0xf2, 0x21, 0xf2,
    0x22, 0xf2, 0x21, 0xf2, 0x21, 0xf2, 0x42, 0xfa, 0x22, 0xfa, 0x21, 0xf2,
    0x21, 0xf2, 0x22, 0xfa, 0x22, 0xf2, 0x21, 0xf2, 0x42, 0xfa, 0x22, 0xf2,
    0x42, 0xf2, 0x42, 0xf2, 0x21, 0xf2, 0x22, 0xf2, 0x42, 0xf2, 0x21, 0xf2,
    0x22, 0xf2, 0x22, 0xf2, 0x21, 0xf2, 0x21, 0xf2, 0x02, 0xf2, 0x21, 0xf2,
    0x21, 0xf2, 0x21, 0xf2, 0x21, 0xf2, 0x42, 0xf2, 0x42, 0xf2, 0x22, 0xf2,
    0x22, 0xfa, 0x21, 0xfa, 0x22, 0xf2, 0x22, 0xfa, 0x21, 0xf2, 0x42, 0xf2,
    0x22, 0xfa, 0x22, 0xfa, 0x21, 0xf2, 0x22, 0xfa, 0x21, 0xf2, 0x22, 0xf2,
    0x22, 0xf2, 0x22, 0xf2, 0x22, 0xfa, 0x22, 0xfa, 0x41, 0xfa, 0x22, 0xfa,
    0x22, 0xf2, 0x21, 0xf2, 0x22, 0xfa, 0x22, 0xf2, 0x21, 0xf2, 0x22, 0xfa,
    0x21, 0xf2, 0x42, 0xf2, 0x22, 0xfa, 0x42, 0xf2, 0x21, 0xf2, 0x22, 0xfa,
    0x21, 0xf2, 0x21, 0xf2, 0x22, 0xf2, 0x42, 0xfa, 0x21, 0xf2, 0x22, 0xf2,
    0x21, 0xf2, 0x21, 0xf2, 0x22, 0xf2, 0x22, 0xfa, 0x41, 0xf2, 0x21, 0xf2,
    0x22, 0xf2, 0x42, 0xf2, 0x21, 0xf2, 0x21, 0xf2, 0x21, 0xfa, 0x42, 0xfa,
    0x22, 0xf2, 0x21, 0xfa, 0x42, 0xfa, 0x42, 0xf2, 0x42, 0xfa, 0x41, 0xfa,
    0x42, 0xf2, 0x42, 0xf2, 0x22, 0xfa, 0x22, 0xf2, 0x21, 0xf2, 0x42, 0xf2,
    0x21, 0xf2, 0x21, 0xfa, 0x42, 0xf2, 0x22, 0xf2, 0x22, 0xfa, 0x21, 0xf2,
    0x42, 0xfa, 0x22, 0xf2, 0x21, 0xf2, 0x21, 0xfa, 0x22, 0xfa, 0x42, 0xfa,
    0x21, 0xf2, 0x22, 0xf2, 0x42, 0xfa, 0x42, 0xfa, 0x42, 0xf2, 0x22, 0xfa,
    0x42, 0xf2, 0x42, 0xfa, 0x42, 0xf2, 0x41, 0xf2, 0x41, 0xf2, 0xc5, 0xda,
    0xbd, 0xff, 0xbe, 0xff, 0xbe, 0xff, 0xbe, 0xff, 0xbf, 0xff, 0x1b, 0xf7,
    0x84, 0xe2, 0x41, 0xea, 0x41, 0xf2, 0x21, 0xf2, 0x42, 0xea, 0x42, 0xf2,
    0x42, 0xf2, 0x42, 0xf2, 0x41, 0xf2, 0x21, 0xf2, 0x42, 0xf2, 0x42, 0xfa,
    0x42, 0xf2, 0x42, 0xf2, 0x42, 0xfa, 0x21, 0xf2, 0x22, 0xf2, 0x22, 0xf2,
    0x21, 0xf2, 0x21, 0xf2, 0x22, 0xf2, 0x21, 0xea, 0x43, 0xda, 0x3c, 0xff,
    0xde, 0xff, 0xdf, 0xff, 0xde, 0xff, 0xde, 0xff, 0xbf, 0xff, 0xbe, 0xff,
    0xde, 0xff, 0x2c, 0xdc, 0x22, 0xea, 0x42, 0xf2, 0x42, 0xf2, 0x42, 0xf2,
    0x42, 0xf2, 0x41, 0xf2, 0x42, 0xf2, 0x42, 0xf2, 0x41, 0xf2, 0x41, 0xf2,
    0x22, 0xf2, 0x42, 0xf2, 0x42, 0xf2, 0x42, 0xf2, 0x42, 0xf2, 0x42, 0xf2,
    0x42, 0xf2, 0x42, 0xf2, 0x42, 0xea, 0x41, 0xea, 0x42, 0xea, 0x07, 0xe3,
    0x7c, 0xff, 0xbe, 0xff, 0xbe, 0xff, 0xde, 0xff, 0xbe, 0xff, 0x3b, 0xf7,
    0x83, 0xea, 0x41, 0xf2, 0x42, 0xf2, 0x21, 0xf2, 0x21, 0xf2, 0x22, 0xf2,
    0x22, 0xf2, 0x22, 0xf2, 0x21, 0xf2, 0x22, 0xfa, 0x42, 0xf2, 0x42, 0xf2,
    0x21, 0xf2, 0x22, 0xfa, 0x22, 0xf2, 0x42, 0xfa, 0x42, 0xfa, 0x42, 0xf2,
    0x42, 0xfa, 0x22, 0xf2, 0x42, 0xfa, 0x22, 0xf2, 0x22, 0xf2, 0x21, 0xf2,
    0x22, 0xf2, 0x22, 0xfa, 0x22, 0xf2, 0x22, 0xfa, 0x21, 0xf2, 0x21, 0xf2,
    0x22, 0xfa, 0x21, 0xf2, 0x22, 0xfa, 0x42, 0xf2, 0x42, 0xfa, 0x42, 0xfa,
    0x42, 0xf2, 0x41, 0xf2, 0x22, 0xf2, 0x42, 0xf2, 0x22, 0xfa, 0x22, 0xf2,
    0x41, 0xfa, 0x21, 0xf2, 0x22, 0xf2, 0x22, 0xfa, 0x42, 0xfa, 0x42, 0xfa,
    0x42, 0xfa, 0x22, 0xf2, 0x21, 0xf2, 0x21, 0xfa, 0x21, 0xf2, 0x22, 0xf2,
    0x42, 0xf2, 0x22, 0xf2, 0x22, 0xf2, 0x22, 0xf2, 0x22, 0xf2, 0x22, 0xf2,
    0x42, 0xfa, 0x22, 0xf2, 0x22, 0xf2, 0x22, 0xf2, 0x02, 0xf2, 0x22, 0xf2,
    0x22, 0xf2, 0x22, 0xf2, 0x22, 0xf2, 0x22, 0xf2, 0x22, 0xfa, 0x21, 0xf2,
    0x22, 0xf2, 0x21, 0xfa, 0x02, 0xf2, 0x22, 0xf2, 0x22, 0xf2, 0x22, 0xf2,
    0x21, 0xf2, 0x22, 0xf2, 0x21, 0xf2, 0x21, 0xf2, 0x42, 0xf2, 0x42, 0xf2,
    0x22, 0xfa, 0x22, 0xf2, 0x22, 0xf2, 0x22, 0xfa, 0x21, 0xf2, 0x42, 0xf2,
    0x42, 0xf2, 0x41, 0xf2, 0x22, 0xf2, 0x41, 0xf2, 0x22, 0xf2, 0x21, 0xf2,
    0x42, 0xf2, 0x62, 0xf2, 0x42, 0xf2, 0x42, 0xf2, 0x42, 0xf2, 0x22, 0xf2,
    0x22, 0xf2, 0x42, 0xf2, 0x22, 0xf2, 0x22, 0xf2, 0x21, 0xf2, 0x21, 0xf2,
    0x22, 0xf2, 0x42, 0xf2, 0x42, 0xf2, 0x42, 0xf2, 0x42, 0xf2, 0x22, 0xf2,
    0x22, 0xf2, 0x22, 0xf2, 0x22, 0xf2, 0x22, 0xf2, 0x22, 0xf2, 0x22, 0xf2,
    0x42, 0xf2, 0x22, 0xf2, 0x22, 0xf2, 0x42, 0xf2, 0x42, 0xf2, 0x42, 0xf2,
    0x42, 0xf2, 0x41, 0xf2, 0x41, 0xf2, 0x41, 0xf2, 0x42, 0xf2, 0x41, 0xf2,
    0x42, 0xfa, 0x42, 0xf2, 0x42, 0xf2, 0x21, 0xf2, 0x42, 0xf2, 0x42, 0xfa,
    0x22, 0xf2, 0x21, 0xf2, 0x21, 0xfa, 0x22, 0xf2, 0x42, 0xf2, 0x42, 0xfa,
    0x22, 0xf2, 0x42, 0xf2, 0x22, 0xf2, 0x22, 0xfa, 0x21, 0xf2, 0x22, 0xf2,
    0x42, 0xfa, 0x21, 0xf2, 0x42, 0xf2, 0x42, 0xf2, 0x42, 0xf2, 0x42, 0xf2,
    0x42, 0xfa, 0x42, 0xfa, 0x42, 0xf2, 0x21, 0xf2, 0x22, 0xf2, 0x22, 0xf2,
    0x22, 0xf2, 0x02, 0xf2, 0x22, 0xf2, 0x22, 0xf2, 0x21, 0xf2, 0x21, 0xf2,
    0x21, 0xf2, 0x42, 0xf2, 0x42, 0xf2, 0x41, 0xf2, 0x42, 0xf2, 0x42, 0xf2,
    0x42, 0xf2, 0x41, 0xf2, 0x22, 0xf2, 0x22, 0xf2, 0x21, 0xf2, 0x22, 0xf2,
    0x22, 0xfa, 0x21, 0xf2, 0x42, 0xfa, 0x41, 0xf2, 0x42, 0xf2, 0x42, 0xfa,
    0x42, 0xf2, 0x22, 0xf2, 0x42, 0xfa, 0x22, 0xfa, 0x22, 0xf2, 0x42, 0xf2,
    0x22, 0xfa, 0x22, 0xf2, 0x42, 0xf2, 0x41, 0xf2, 0x22, 0xfa, 0x42, 0xf2,
    0x21, 0xf2, 0x22, 0xf2, 0x21, 0xf2, 0x22, 0xf2, 0x42, 0xfa, 0x22, 0xf2,
    0x21, 0xf2, 0x21, 0xf2, 0x22, 0xfa, 0x21, 0xf2, 0x21, 0xf2, 0x42, 0xf2,
    0x22, 0xfa, 0x22, 0xf2, 0x21, 0xfa, 0x22, 0xf2, 0x22, 0xf2, 0x22, 0xf2,
    0x21, 0xf2, 0x42, 0xfa, 0x42, 0xf2, 0x42, 0xfa, 0x42, 0xfa, 0x42, 0xfa,
    0x42, 0xf2, 0x42, 0xfa, 0x41, 0xf2, 0x42, 0xf2, 0x42, 0xfa, 0x22, 0xf2,
    0x22, 0xf2, 0x42, 0xfa, 0x22, 0xf2, 0x22, 0xf2, 0x41, 0xfa, 0x22, 0xf2,
    0x42, 0xf2, 0x42, 0xfa, 0x22, 0xf2, 0x21, 0xf2, 0x21, 0xf2, 0x21, 0xf2,
    0x22, 0xfa, 0x42, 0xfa, 0x42, 0xf2, 0x42, 0xf2, 0x42, 0xfa, 0x42, 0xf2,
    0x42, 0xf2, 0x42, 0xfa, 0x21, 0xf2, 0x42, 0xf2, 0x42, 0xfa, 0x42, 0xf2,
    0x42, 0xf2, 0x52, 0xed, 0xde, 0xff, 0xde, 0xff, 0xbe, 0xff, 0xbe, 0xff,
    0xde, 0xff, 0x51, 0xe5, 0x22, 0xea, 0x41, 0xf2, 0x42, 0xf2, 0x41, 0xf2,
    0x42, 0xf2, 0x42, 0xf2, 0x42, 0xf2, 0x42, 0xf2, 0x42, 0xf2, 0x42, 0xf2,
    0x42, 0xf2, 0x42, 0xf2, 0x42, 0xfa, 0x42, 0xf2, 0x42, 0xfa, 0x41, 0xf2,
    0x22, 0xf2, 0x21, 0xf2, 0x22, 0xf2, 0x22, 0xf2, 0x21, 0xea, 0x21, 0xea,
    0x22, 0xea, 0x35, 0xee, 0xbf, 0xff, 0xde, 0xff, 0xdf, 0xff, 0xbe, 0xff,
    0xde, 0xff, 0xdf, 0xff, 0x9e, 0xff, 0x68, 0xe3, 0x42, 0xea, 0x41, 0xf2,
    0x42, 0xf2, 0x42, 0xf2, 0x41, 0xf2, 0x42, 0xfa, 0x42, 0xfa, 0x42, 0xf2,
    0x42, 0xf2, 0x42, 0xf2, 0x42, 0xf2, 0x42, 0xf2, 0x42, 0xf2, 0x42, 0xf2,
    0x42, 0xf2, 0x42, 0xf2, 0x41, 0xf2, 0x42, 0xf2, 0x42, 0xf2, 0x41, 0xea,
    0x41, 0xea, 0x42, 0xe2, 0x94, 0xed, 0xbe, 0xff, 0xbe, 0xff, 0xbe, 0xff,
    0xbe, 0xff, 0xbe, 0xf7, 0xeb, 0xdb, 0x42, 0xf2, 0x41, 0xf2, 0x41, 0xf2,
    0x21, 0xf2, 0x21, 0xf2, 0x22, 0xf2, 0x22, 0xf2, 0x42, 0xf2, 0x22, 0xf2,
    0x42, 0xfa, 0x21, 0xf2, 0x42, 0xfa, 0x42, 0xf2, 0x42, 0xf2, 0x42, 0xf2,
    0x21, 0xf2, 0x42, 0xfa, 0x22, 0xf2, 0x42, 0xf2, 0x41, 0xf2, 0x22, 0xfa,
    0x42, 0xfa, 0x22, 0xf2, 0x21, 0xf2, 0x21, 0xf2, 0x22, 0xf2, 0x21, 0xf2,
    0x22, 0xf2, 0x22, 0xf2, 0x42, 0xf2, 0x42, 0xfa, 0x42, 0xf2, 0x22, 0xf2,
    0x42, 0xfa, 0x42, 0xf2, 0x42, 0xfa, 0x22, 0xf2, 0x42, 0xf2, 0x42, 0xf2,
    0x42, 0xf2, 0x42, 0xf2, 0x42, 0xf2, 0x42, 0xf2, 0x22, 0xf2, 0x42, 0xfa,
    0x42, 0xf2, 0x42, 0xfa, 0x41, 0xfa, 0x42, 0xf2, 0x22, 0xf2, 0x22, 0xf2,
    0x21, 0xf2, 0x21, 0xf2, 0x21, 0xf2, 0x21, 0xf2, 0x21, 0xf2, 0x21, 0xf2,
    0x22, 0xf2, 0x42, 0xf2, 0x22, 0xf2, 0x22, 0xf2, 0x22, 0xf2, 0x22, 0xf2,
    0x21, 0xf2, 0x22, 0xf2, 0x22, 0xf2, 0x21, 0xfa, 0x22, 0xfa, 0x42, 0xf2,
    0x22, 0xf2, 0x22, 0xf2, 0x22, 0xf2, 0x21, 0xf2, 0x22, 0xf2, 0x21, 0xf2,
    0x21, 0xfa, 0x22, 0xf2, 0x22, 0xfa, 0x42, 0xf2, 0x42, 0xf2, 0x41, 0xf2,
    0x42, 0xfa, 0x42, 0xf2, 0x41, 0xf2, 0x41, 0xf2, 0x42, 0xf2, 0x42, 0xf2,
    0x42, 0xfa, 0x42, 0xf2, 0x42, 0xf2, 0x42, 0xf2, 0x42, 0xf2, 0x22, 0xf2,
    0x22, 0xf2, 0x22, 0xf2, 0x42, 0xf2, 0x42, 0xf2, 0x42, 0xf2, 0x42, 0xf2,
    0x42, 0xf2, 0x42, 0xf2, 0x42, 0xf2, 0x42, 0xf2, 0x22, 0xf2, 0x22, 0xf2,
    0x22, 0xf2, 0x22, 0xf2, 0x22, 0xf2, 0x21, 0xf2, 0x42, 0xf2, 0x42, 0xf2,
    0x42, 0xf2, 0x22, 0xf2, 0x42, 0xf2, 0x42, 0xf2, 0x22, 0xf2, 0x22, 0xf2,
    0x22, 0xf2, 0x22, 0xf2, 0x22, 0xf2, 0x41, 0xf2, 0x42, 0xf2, 0x42, 0xf2,
    0x42, 0xf2, 0x42, 0xf2, 0x42, 0xf2, 0x62, 0xf2, 0x41, 0xf2, 0x41, 0xf2,
    0x42, 0xf2, 0x42, 0xf2, 0x41, 0xf2, 0x42, 0xf2, 0x21, 0xf2, 0x42, 0xf2,
    0x22, 0xfa, 0x42, 0xfa, 0x21, 0xf2, 0x42, 0xfa, 0x42, 0xf2, 0x42, 0xfa,
    0x42, 0xfa, 0x42, 0xf2, 0x22, 0xf2, 0x42, 0xfa, 0x21, 0xf2, 0x22, 0xf2,
    0x21, 0xf2, 0x22, 0xf2, 0x42, 0xfa, 0x42, 0xf2, 0x21, 0xf2, 0x22, 0xf2,
    0x21, 0xf2, 0x22, 0xf2, 0x21, 0xf2, 0x42, 0xf2, 0x21, 0xf2, 0x22, 0xfa,
    0x22, 0xf2, 0x21, 0xf2, 0x22, 0xf2, 0x01, 0xf2, 0x21, 0xf2, 0x22, 0xf2,
    0x22, 0xf2, 0x21, 0xf2, 0x22, 0xf2, 0x22, 0xfa, 0x42, 0xfa, 0x41, 0xf2,
    0x22, 0xfa, 0x22, 0xfa, 0x42, 0xf2, 0x42, 0xfa, 0x22, 0xfa, 0x21, 0xf2,
    0x22, 0xf2, 0x22, 0xf2, 0x42, 0xfa, 0x42, 0xf2, 0x42, 0xf2, 0x42, 0xf2,
    0x42, 0xfa, 0x22, 0xf2, 0x22, 0xf2, 0x42, 0xf2, 0x21, 0xf2, 0x42, 0xfa,
    0x41, 0xf2, 0x21, 0xf2, 0x21, 0xf2, 0x22, 0xf2, 0x42, 0xf2, 0x42, 0xf2,
    0x42, 0xf2, 0x21, 0xf2, 0x22, 0xf2, 0x42, 0xf2, 0x21, 0xf2, 0x22, 0xf2,
    0x42, 0xfa, 0x42, 0xf2, 0x42, 0xf2, 0x41, 0xfa, 0x42, 0xfa, 0x42, 0xf2,
    0x22, 0xf2, 0x21, 0xf2, 0x22, 0xf2, 0x41, 0xf2, 0x22, 0xfa, 0x21, 0xf2,
    0x41, 0xf2, 0x22, 0xfa, 0x41, 0xf2, 0x42, 0xf2, 0x42, 0xfa, 0x42, 0xf2,
    0x62, 0xfa, 0x62, 0xf2, 0x62, 0xfa, 0x42, 0xf2, 0x41, 0xf2, 0x42, 0xf2,
    0x42, 0xfa, 0x42, 0xf2, 0x21, 0xf2, 0x21, 0xf2, 0x22, 0xf2, 0x21, 0xf2,
    0x22, 0xf2, 0x41, 0xf2, 0x42, 0xf2, 0x21, 0xf2, 0x22, 0xf2, 0x42, 0xfa,
    0x21, 0xf2, 0x21, 0xf2, 0x22, 0xfa, 0x41, 0xf2, 0x41, 0xf2, 0x42, 0xfa,
    0x42, 0xfa, 0x22, 0xf2, 0x42, 0xfa, 0x42, 0xfa, 0x42, 0xfa, 0x41, 0xfa,
    0x42, 0xfa, 0x41, 0xf2, 0xa4, 0xe2, 0x3b, 0xff, 0xde, 0xff, 0xbe, 0xff,
    0xde, 0xff, 0xde, 0xff, 0x9d, 0xff, 0xa5, 0xd2, 0x41, 0xf2, 0x42, 0xf2,
    0x41, 0xea, 0x42, 0xea, 0x62, 0xf2, 0x62, 0xf2, 0x42, 0xf2, 0x42, 0xf2,
    0x42, 0xf2, 0x42, 0xf2, 0x41, 0xf2, 0x41, 0xfa, 0x42, 0xfa, 0x42, 0xf2,
    0x62, 0xf2, 0x41, 0xf2, 0x42, 0xf2, 0x21, 0xf2, 0x22, 0xf2, 0x42, 0xf2,
    0x41, 0xf2, 0x41, 0xea, 0x41, 0xea, 0x8e, 0xec, 0xbe, 0xff, 0xde, 0xff,
    0xbe, 0xff, 0xbe, 0xff, 0xde, 0xff, 0xdf, 0xff, 0x77, 0xf6, 0x83, 0xe2,
    0x41, 0xf2, 0x42, 0xf2, 0x41, 0xf2, 0x42, 0xf2, 0x42, 0xf2, 0x42, 0xfa,
    0x42, 0xfa, 0x62, 0xf2, 0x42, 0xf2, 0x42, 0xf2, 0x42, 0xf2, 0x42, 0xf2,
    0x42, 0xf2, 0x42, 0xf2, 0x61, 0xf2, 0x62, 0xf2, 0x41, 0xea, 0x42, 0xf2,
    0x41, 0xf2, 0x41, 0xf2, 0x61, 0xea, 0x62, 0xea, 0x48, 0xe3, 0x9d, 0xff,
    0xbe, 0xff, 0xbe, 0xff, 0xbf, 0xff, 0xbf, 0xff, 0xb8, 0xf6, 0x43, 0xea,
    0x21, 0xf2, 0x41, 0xf2, 0x42, 0xf2, 0x22, 0xf2, 0x42, 0xf2, 0x41, 0xf2,
    0x21, 0xfa, 0x22, 0xf2, 0x21, 0xf2, 0x22, 0xf2, 0x42, 0xf2, 0x42, 0xf2,
    0x42, 0xf2, 0x21, 0xfa, 0x22, 0xf2, 0x22, 0xf2, 0x42, 0xf2, 0x21, 0xf2,
    0x42, 0xf2, 0x42, 0xf2, 0x42, 0xf2, 0x42, 0xf2, 0x22, 0xf2, 0x21, 0xf2,
    0x22, 0xf2, 0x22, 0xf2, 0x21, 0xfa, 0x22, 0xf2, 0x21, 0xf2, 0x42, 0xfa,
    0x42, 0xf2, 0x42, 0xf2, 0x42, 0xfa, 0x42, 0xfa, 0x42, 0xfa, 0x42, 0xf2,
    0x42, 0xf2, 0x41, 0xf2, 0x22, 0xf2, 0x22, 0xf2, 0x21, 0xf2, 0x42, 0xf2,
    0x42, 0xfa, 0x21, 0xf2, 0x22, 0xf2, 0x21, 0xf2, 0x42, 0xfa, 0x22, 0xf2,
    0x21, 0xf2, 0x22, 0xfa, 0x22, 0xf2, 0x22, 0xf2, 0x01, 0xf2, 0x22, 0xf2,
    0x42, 0xf2, 0x42, 0xf2, 0x42, 0xf2, 0x22, 0xf2, 0x42, 0xf2, 0x22, 0xf2,
    0x42, 0xf2, 0x22, 0xf2, 0x22, 0xf2, 0x22, 0xfa, 0x22, 0xfa, 0x21, 0xf2,
    0x41, 0xf2, 0x22, 0xfa, 0x41, 0xfa, 0x42, 0xf2, 0x21, 0xf2, 0x22, 0xf2,
    0x22, 0xf2, 0x22, 0xf2, 0x41, 0xf2, 0x42, 0xf2, 0x22, 0xfa, 0x42, 0xfa,
    0x41, 0xf2, 0x41, 0xf2, 0x42, 0xfa, 0x42, 0xf2, 0x42, 0xf2, 0x42, 0xf2,
    0x21, 0xf2, 0x42, 0xf2, 0x42, 0xfa, 0x62, 0xf2, 0x42, 0xf2, 0x42, 0xf2,
    0x22, 0xf2, 0x22, 0xf2, 0x22, 0xf2, 0x22, 0xf2, 0x42, 0xf2, 0x42, 0xf2,
    0x42, 0xf2, 0x42, 0xf2, 0x42, 0xf2, 0x22, 0xf2, 0x22, 0xf2, 0x22, 0xf2,
    0x22, 0xf2, 0x21, 0xf2, 0x22, 0xf2, 0x22, 0xf2, 0x21, 0xf2, 0x42, 0xf2,
    0x42, 0xf2, 0x42, 0xf2, 0x22, 0xf2, 0x22, 0xf2, 0x42, 0xf2, 0x22, 0xf2,
    0x42, 0xf2, 0x42, 0xf2, 0x22, 0xf2, 0x22, 0xf2, 0x42, 0xf2, 0x42, 0xf2,
    0x42, 0xf2, 0x42, 0xfa, 0x42, 0xfa, 0x62, 0xf2, 0x42, 0xf2, 0x62, 0xf2,
    0x41, 0xf2, 0x41, 0xf2, 0x41, 0xf2, 0x41, 0xf2, 0x42, 0xf2, 0x42, 0xf2,
    0x41, 0xf2, 0x42, 0xf2, 0x22, 0xf2, 0x41, 0xf2, 0x21, 0xf2, 0x41, 0xf2,
    0x42, 0xf2, 0x42, 0xf2, 0x42, 0xf2, 0x42, 0xf2, 0x21, 0xfa, 0x42, 0xfa,
    0x21, 0xf2, 0x22, 0xf2, 0x22, 0xf2, 0x21, 0xf2, 0x42, 0xf2, 0x42, 0xf2,
    0x21, 0xf2, 0x22, 0xfa, 0x22, 0xf2, 0x21, 0xf2, 0x22, 0xf2, 0x21, 0xf2,
    0x22, 0xf2, 0x22, 0xfa, 0x21, 0xf2, 0x21, 0xf2, 0x22, 0xf2, 0x21, 0xf2,
    0x21, 0xf2, 0x22, 0xf2, 0x21, 0xf2, 0x22, 0xf2, 0x22, 0xf2, 0x21, 0xf2,
    0x22, 0xf2, 0x41, 0xf2, 0x42, 0xfa, 0x22, 0xf2, 0x42, 0xfa, 0x42, 0xf2,
    0x42, 0xf2, 0x21, 0xf2, 0x21, 0xfa, 0x22, 0xf2, 0x41, 0xf2, 0x41, 0xf2,
    0x22, 0xf2, 0x22, 0xfa, 0x42, 0xfa, 0x21, 0xf2, 0x42, 0xfa, 0x21, 0xf2,
    0x22, 0xfa, 0x21, 0xf2, 0x22, 0xf2, 0x22, 0xf2, 0x21, 0xfa, 0x21, 0xf2,
    0x42, 0xf2, 0x42, 0xf2, 0x22, 0xf2, 0x21, 0xfa, 0x22, 0xf2, 0x21, 0xf2,
    0x22, 0xf2, 0x22, 0xf2, 0x42, 0xfa, 0x22, 0xf2, 0x21, 0xf2, 0x42, 0xfa,
    0x22, 0xfa, 0x42, 0xf2, 0x22, 0xf2, 0x21, 0xfa, 0x21, 0xf2, 0x21, 0xf2,
    0x21, 0xf2, 0x42, 0xf2, 0x21, 0xfa, 0x21, 0xf2, 0x41, 0xf2, 0x42, 0xfa,
    0x42, 0xfa, 0x42, 0xfa, 0x62, 0xf2, 0x62, 0xfa, 0x42, 0xfa, 0x42, 0xfa,
    0x42, 0xf2, 0x41, 0xf2, 0x42, 0xf2, 0x42, 0xfa, 0x41, 0xf2, 0x42, 0xf2,
    0x22, 0xf2, 0x21, 0xf2, 0x22, 0xf2, 0x22, 0xf2, 0x21, 0xf2, 0x22, 0xf2,
    0x21, 0xf2, 0x42, 0xfa, 0x21, 0xf2, 0x21, 0xf2, 0x42, 0xfa, 0x21, 0xf2,
    0x41, 0xf2, 0x42, 0xf2, 0x42, 0xf2, 0x21, 0xf2, 0x42, 0xfa, 0x42, 0xfa,
    0x42, 0xf2, 0x61, 0xf2, 0x42, 0xf2, 0x42, 0xf2, 0x6e, 0xdc, 0xde, 0xff,
    0xbe, 0xff, 0xde, 0xff, 0xdf, 0xff, 0xdf, 0xff, 0x93, 0xe5, 0x41, 0xea,
    0x61, 0xf2, 0x61, 0xf2, 0x61, 0xf2, 0x62, 0xf2, 0x42, 0xf2, 0x62, 0xf2,
    0x62, 0xf2, 0x62, 0xf2, 0x42, 0xf2, 0x41, 0xf2, 0x62, 0xf2, 0x41, 0xf2,
    0x42, 0xfa, 0x61, 0xfa, 0x42, 0xf2, 0x42, 0xf2, 0x42, 0xf2, 0x41, 0xf2,
    0x41, 0xf2, 0x42, 0xf2, 0x42, 0xf2, 0x41, 0xea, 0x41, 0xea, 0x83, 0xda,
    0x15, 0xf6, 0xbd, 0xff, 0xbe, 0xff, 0xde, 0xf7, 0xbe, 0xf7, 0x1a, 0xff,
    0x26, 0xe3, 0x62, 0xea, 0x61, 0xf2, 0x61, 0xf2, 0x62, 0xf2, 0x61, 0xf2,
    0x41, 0xf2, 0x61, 0xf2, 0x62, 0xf2, 0x62, 0xf2, 0x61, 0xf2, 0x42, 0xf2,
    0x42, 0xf2, 0x42, 0xf2, 0x42, 0xf2, 0x42, 0xf2, 0x61, 0xf2, 0x62, 0xf2,
    0x42, 0xf2, 0x62, 0xea, 0x61, 0xf2, 0x41, 0xf2, 0x61, 0xea, 0x61, 0xea,
    0x83, 0xe2, 0x57, 0xf6, 0xbe, 0xff, 0xbe, 0xff, 0xbe, 0xff, 0xbe, 0xff,
    0xbe, 0xff, 0x48, 0xe3, 0x42, 0xea, 0x41, 0xf2, 0x42, 0xf2, 0x41, 0xf2,
    0x42, 0xf2, 0x42, 0xf2, 0x22, 0xfa, 0x42, 0xf2, 0x21, 0xf2, 0x42, 0xfa,
    0x21, 0xf2, 0x21, 0xf2, 0x22, 0xf2, 0x21, 0xfa, 0x22, 0xf2, 0x42, 0xf2,
    0x21, 0xf2, 0x42, 0xf2, 0x42, 0xf2, 0x41, 0xf2, 0x22, 0xf2, 0x21, 0xf2,
    0x42, 0xf2, 0x22, 0xf2, 0x21, 0xfa, 0x22, 0xf2, 0x22, 0xf2, 0x21, 0xfa,
    0x21, 0xf2, 0x21, 0xf2, 0x22, 0xfa, 0x42, 0xf2, 0x42, 0xfa, 0x42, 0xf2,
    0x42, 0xfa, 0x42, 0xfa, 0x42, 0xf2, 0x22, 0xfa, 0x22, 0xf2, 0x21, 0xf2,
    0x21, 0xf2, 0x21, 0xf2, 0x21, 0xf2, 0x22, 0xf2, 0x42, 0xf2, 0x21, 0xfa,
    0x42, 0xf2, 0x22, 0xf2, 0x21, 0xf2, 0x22, 0xfa, 0x22, 0xf2, 0x21, 0xf2,
    0x22, 0xf2, 0x21, 0xf2, 0x22, 0xf2, 0x42, 0xf2, 0x42, 0xf2, 0x22, 0xfa,
    0x42, 0xfa, 0x42, 0xf2, 0x21, 0xf2, 0x22, 0xf2, 0x22, 0xf2, 0x21, 0xf2,
    0x22, 0xf2, 0x22, 0xf2, 0x22, 0xf2, 0x42, 0xf2, 0x22, 0xfa, 0x42, 0xf2,
    0x42, 0xfa, 0x21, 0xf2, 0x22, 0xf2, 0x42, 0xf2, 0x21, 0xf2, 0x21, 0xf2,
    0x42, 0xf2, 0x22, 0xf2, 0x42, 0xf2, 0x41, 0xf2, 0x42, 0xf2, 0x22, 0xf2,
    0x42, 0xf2, 0x42, 0xf2, 0x42, 0xf2, 0x42, 0xf2, 0x42, 0xf2, 0x42, 0xf2,
    0x42, 0xf2, 0x42, 0xf2, 0x22, 0xf2, 0x21, 0xf2, 0x22, 0xf2, 0x22, 0xf2,
    0x42, 0xf2, 0x42, 0xf2, 0x22, 0xf2, 0x21, 0xf2, 0x42, 0xf2, 0x42, 0xfa,
    0x22, 0xf2, 0x42, 0xf2, 0x42, 0xf2, 0x42, 0xf2, 0x21, 0xf2, 0x41, 0xf2,
    0x42, 0xf2, 0x42, 0xf2, 0x22, 0xf2, 0x22, 0xf2, 0x22, 0xf2, 0x42, 0xf2,
    0x42, 0xf2, 0x42, 0xf2, 0x22, 0xf2, 0x42, 0xf2, 0x42, 0xf2, 0x21, 0xf2,
    0x42, 0xf2, 0x42, 0xf2, 0x42, 0xf2, 0x42, 0xf2, 0x42, 0xf2, 0x62, 0xf2,
    0x62, 0xf2, 0x61, 0xf2, 0x61, 0xf2, 0x62, 0xf2, 0x61, 0xf2, 0x41, 0xf2,
    0x62, 0xf2, 0x42, 0xf2, 0x41, 0xf2, 0x41, 0xf2, 0x41, 0xf2, 0x42, 0xf2,
    0x42, 0xf2, 0x42, 0xf2, 0x22, 0xf2, 0x41, 0xf2, 0x42, 0xf2, 0x42, 0xf2,
    0x42, 0xf2, 0x22, 0xf2, 0x21, 0xf2, 0x41, 0xfa, 0x22, 0xf2, 0x41, 0xf2,
    0x22, 0xfa, 0x42, 0xfa, 0x21, 0xf2, 0x22, 0xf2, 0x42, 0xfa, 0x21, 0xf2,
    0x21, 0xf2, 0x22, 0xf2, 0x21, 0xf2, 0x21, 0xf2, 0x21, 0xf2, 0x22, 0xf2,
    0x22, 0xf2, 0x02, 0xf2, 0x21, 0xf2, 0x22, 0xf2, 0x21, 0xf2, 0x21, 0xf2,
    0x21, 0xf2, 0x22, 0xf2, 0x22, 0xf2, 0x41, 0xf2, 0x21, 0xf2, 0x22, 0xf2,
    0x21, 0xf2, 0x21, 0xf2, 0x22, 0xf2, 0x21, 0xf2, 0x42, 0xfa, 0x42, 0xfa,
    0x21, 0xf2, 0x42, 0xf2, 0x21, 0xf2, 0x21, 0xfa, 0x22, 0xf2, 0x21, 0xf2,
    0x22, 0xf2, 0x22, 0xf2, 0x21, 0xfa, 0x22, 0xf2, 0x22, 0xf2, 0x42, 0xfa,
    0x22, 0xf2, 0x42, 0xf2, 0x42, 0xf2, 0x21, 0xf2, 0x21, 0xf2, 0x22, 0xf2,
    0x21, 0xf2, 0x21, 0xf2, 0x22, 0xf2, 0x21, 0xf2, 0x42, 0xfa, 0x41, 0xf2,
    0x21, 0xf2, 0x22, 0xfa, 0x22, 0xfa, 0x21, 0xf2, 0x21, 0xf2, 0x22, 0xfa,
    0x22, 0xf2, 0x21, 0xf2, 0x21, 0xf2, 0x22, 0xf2, 0x21, 0xf2, 0x21, 0xf2,
    0x22, 0xf2, 0x41, 0xfa, 0x42, 0xfa, 0x42, 0xf2, 0x42, 0xfa, 0x42, 0xf2,
    0x42, 0xf2, 0x42, 0xfa, 0x42, 0xf2, 0x42, 0xfa, 0x41, 0xf2, 0x42, 0xfa,
    0x42, 0xf2, 0x42, 0xf2, 0x21, 0xf2, 0x21, 0xf2, 0x21, 0xf2, 0x21, 0xf2,
    0x22, 0xf2, 0x21, 0xf2, 0x22, 0xf2, 0x21, 0xf2, 0x21, 0xf2, 0x42, 0xf2,
    0x21, 0xf2, 0x42, 0xfa, 0x22, 0xfa, 0x41, 0xf2, 0x42, 0xf2, 0x41, 0xf2,
    0x42, 0xf2, 0x42, 0xf2, 0x41, 0xfa, 0x62, 0xf2, 0x62, 0xf2, 0xa4, 0xea,
    0x1a, 0xff, 0xde, 0xff, 0xdf, 0xff, 0xde, 0xff, 0xde, 0xff, 0xbe, 0xff,
    0xa8, 0xe3, 0x61, 0xea, 0x62, 0xf2, 0x61, 0xea, 0x61, 0xf2, 0x62, 0xf2,
    0x62, 0xf2, 0x62, 0xf2, 0x61, 0xf2, 0x41, 0xf2, 0x62, 0xf2, 0x61, 0xf2,
    0x61, 0xf2, 0x62, 0xf2, 0x41, 0xf2, 0x62, 0xf2, 0x42, 0xf2, 0x42, 0xfa,
    0x42, 0xfa, 0x42, 0xf2, 0x42, 0xf2, 0x42, 0xf2, 0x62, 0xf2, 0x62, 0xea,
    0x62, 0xea, 0x41, 0xea, 0xe5, 0xe2, 0x10, 0xed, 0xf5, 0xf5, 0x35, 0xee,
    0x51, 0xe5, 0x67, 0xe3, 0x61, 0xea, 0x61, 0xf2, 0x62, 0xf2, 0x61, 0xf2,
    0x62, 0xf2, 0x61, 0xf2, 0x61, 0xf2, 0x61, 0xf2, 0x61, 0xf2, 0x61, 0xf2,
    0x62, 0xf2, 0x62, 0xf2, 0x62, 0xf2, 0x61, 0xf2, 0x62, 0xf2, 0x62, 0xf2,
    0x61, 0xea, 0x62, 0xf2, 0x42, 0xf2, 0x61, 0xf2, 0x61, 0xea, 0x61, 0xf2,
    0x61, 0xea, 0x61, 0xea, 0x62, 0xea, 0xa9, 0xdb, 0x7d, 0xff, 0xbe, 0xff,
    0xbe, 0xff, 0xbe, 0xff, 0xbe, 0xf7, 0x52, 0xe5, 0x42, 0xea, 0x41, 0xf2,
    0x41, 0xf2, 0x41, 0xf2, 0x41, 0xf2, 0x41, 0xf2, 0x22, 0xf2, 0x42, 0xf2,
    0x42, 0xf2, 0x42, 0xf2, 0x22, 0xfa, 0x21, 0xf2, 0x21, 0xf2, 0x22, 0xf2,
    0x41, 0xf2, 0x21, 0xf2, 0x22, 0xf2, 0x21, 0xf2, 0x42, 0xf2, 0x42, 0xf2,
    0x21, 0xf2, 0x22, 0xf2, 0x42, 0xfa, 0x42, 0xf2, 0x21, 0xf2, 0x21, 0xf2,
    0x22, 0xf2, 0x22, 0xf2, 0x21, 0xf2, 0x22, 0xf2, 0x22, 0xf2, 0x21, 0xf2,
    0x41, 0xf2, 0x21, 0xf2, 0x22, 0xf2, 0x22, 0xf2, 0x21, 0xf2, 0x21, 0xf2,
    0x22, 0xf2, 0x22, 0xf2, 0x22, 0xf2, 0x22, 0xf2, 0x21, 0xf2, 0x22, 0xf2,
    0x22, 0xf2, 0x21, 0xf2, 0x22, 0xfa, 0x42, 0xf2, 0x21, 0xf2, 0x22, 0xf2,
    0x21, 0xf2, 0x21, 0xf2, 0x22, 0xf2, 0x21, 0xf2, 0x21, 0xfa, 0x22, 0xf2,
    0x21, 0xf2, 0x41, 0xf2, 0x22, 0xf2, 0x21, 0xf2, 0x22, 0xf2, 0x22, 0xf2,
    0x22, 0xf2, 0x22, 0xf2, 0x22, 0xf2, 0x22, 0xf2, 0x21, 0xf2, 0x42, 0xfa,
    0x22, 0xf2, 0x21, 0xf2, 0x42, 0xfa, 0x41, 0xf2, 0x41, 0xf2, 0x42, 0xf2,
    0x22, 0xf2, 0x21, 0xf2, 0x42, 0xfa, 0x21, 0xf2, 0x21, 0xfa, 0x22, 0xf2,
    0x42, 0xf2, 0x41, 0xf2, 0x41, 0xf2, 0x41, 0xf2, 0x42, 0xf2, 0x42, 0xf2,
    0x42, 0xf2, 0x42, 0xf2, 0x41, 0xf2, 0x22, 0xf2, 0x41, 0xf2, 0x21, 0xf2,
    0x22, 0xf2, 0x22, 0xf2, 0x22, 0xf2, 0x22, 0xf2, 0x21, 0xf2, 0x22, 0xf2,
    0x21, 0xf2, 0x42, 0xf2, 0x42, 0xf2, 0x22, 0xf2, 0x42, 0xf2, 0x42, 0xf2,
    0x22, 0xf2, 0x41, 0xf2, 0x42, 0xf2, 0x42, 0xf2, 0x21, 0xf2, 0x21, 0xf2,
    0x22, 0xf2, 0x42, 0xf2, 0x41, 0xf2, 0x41, 0xf2, 0x42, 0xf2, 0x42, 0xf2,
    0x22, 0xf2, 0x42, 0xf2, 0x41, 0xf2, 0x42, 0xf2, 0x42, 0xf2, 0x42, 0xf2,
    0x42, 0xf2, 0x62, 0xf2, 0x62, 0xf2, 0x61, 0xf2, 0x61, 0xf2, 0x61, 0xf2,
    0x61, 0xf2, 0x61, 0xf2, 0x62, 0xf2, 0x42, 0xf2, 0x41, 0xf2, 0x42, 0xf2,
    0x41, 0xf2, 0x42, 0xf2, 0x42, 0xf2, 0x42, 0xf2, 0x42, 0xf2, 0x42, 0xfa,
    0x41, 0xf2, 0x22, 0xf2, 0x42, 0xfa, 0x42, 0xf2, 0x22, 0xf2, 0x21, 0xfa,
    0x42, 0xfa, 0x42, 0xf2, 0x22, 0xf2, 0x42, 0xfa, 0x21, 0xf2, 0x22, 0xf2,
    0x22, 0xf2, 0x21, 0xf2, 0x22, 0xf2, 0x22, 0xf2, 0x21, 0xf2, 0x21, 0xf2,
    0x21, 0xf2, 0x01, 0xfa, 0x22, 0xf2, 0x21, 0xf2, 0x02, 0xf2, 0x21, 0xf2,
    0x22, 0xf2, 0x02, 0xf2, 0x21, 0xf2, 0x22, 0xf2, 0x22, 0xf2, 0x41, 0xfa,
    0x41, 0xfa, 0x22, 0xf2, 0x22, 0xf2, 0x21, 0xfa, 0x22, 0xf2, 0x22, 0xf2,
    0x21, 0xf2, 0x42, 0xfa, 0x22, 0xf2, 0x42, 0xfa, 0x41, 0xf2, 0x41, 0xf2,
    0x21, 0xf2, 0x42, 0xfa, 0x22, 0xf2, 0x21, 0xf2, 0x42, 0xfa, 0x22, 0xf2,
    0x21, 0xf2, 0x21, 0xf2, 0x22, 0xf2, 0x41, 0xf2, 0x22, 0xf2, 0x21, 0xf2,
    0x22, 0xf2, 0x22, 0xf2, 0x21, 0xf2, 0x22, 0xf2, 0x21, 0xf2, 0x22, 0xf2,
    0x21, 0xf2, 0x41, 0xfa, 0x22, 0xf2, 0x21, 0xf2, 0x22, 0xf2, 0x42, 0xf2,
    0x21, 0xf2, 0x21, 0xfa, 0x22, 0xf2, 0x21, 0xf2, 0x21, 0xf2, 0x41, 0xfa,
    0x22, 0xf2, 0x41, 0xfa, 0x42, 0xfa, 0x42, 0xf2, 0x42, 0xf2, 0x42, 0xfa,
    0x42, 0xf2, 0x41, 0xf2, 0x62, 0xfa, 0x41, 0xf2, 0x42, 0xf2, 0x42, 0xfa,
    0x41, 0xf2, 0x42, 0xf2, 0x41, 0xf2, 0x42, 0xf2, 0x22, 0xf2, 0x21, 0xf2,
    0x21, 0xf2, 0x21, 0xf2, 0x22, 0xf2, 0x21, 0xf2, 0x42, 0xf2, 0x21, 0xf2,
    0x42, 0xf2, 0x41, 0xf2, 0x42, 0xf2, 0x21, 0xf2, 0x41, 0xf2, 0x42, 0xf2,
    0x42, 0xf2, 0x42, 0xf2, 0x42, 0xf2, 0x42, 0xf2, 0x62, 0xf2, 0x61, 0xf2,
    0x62, 0xf2, 0x89, 0xdb, 0xbe, 0xff, 0xde, 0xff, 0xde, 0xff, 0xdf, 0xff,
    0xbe, 0xff, 0xf5, 0xed, 0x82, 0xea, 0x62, 0xf2, 0x62, 0xf2, 0x61, 0xea,
    0x61, 0xf2, 0x62, 0xf2, 0x61, 0xea, 0x62, 0xf2, 0x62, 0xea, 0x41, 0xf2,
    0x41, 0xf2, 0x62, 0xf2, 0x61, 0xf2, 0x61, 0xf2, 0x61, 0xf2, 0x61, 0xf2,
    0x61, 0xf2, 0x61, 0xf2, 0x61, 0xf2, 0x62, 0xf2, 0x62, 0xf2, 0x81, 0xf2,
    0x82, 0xf2, 0x61, 0xea, 0x82, 0xea, 0x62, 0xf2, 0x61, 0xea, 0xa2, 0xea,
    0xe5, 0xea, 0x04, 0xe3, 0xa2, 0xe2, 0x82, 0xea, 0x62, 0xea, 0x61, 0xf2,
    0x81, 0xf2, 0x61, 0xf2, 0x61, 0xf2, 0x61, 0xf2, 0x62, 0xf2, 0x82, 0xf2,
    0x61, 0xf2, 0x61, 0xf2, 0x62, 0xf2, 0x62, 0xf2, 0x61, 0xf2, 0x61, 0xf2,
    0x62, 0xf2, 0x61, 0xf2, 0x61, 0xf2, 0x61, 0xea, 0x62, 0xf2, 0x61, 0xf2,
    0x61, 0xf2, 0x62, 0xf2, 0x82, 0xea, 0x81, 0xea, 0x81, 0xea, 0xa3, 0xe2,
    0x98, 0xf6, 0xbe, 0xff, 0xbe, 0xff, 0xbe, 0xff, 0xbe, 0xf7, 0x3b, 0xff,
    0x63, 0xe2, 0x41, 0xf2, 0x41, 0xf2, 0x41, 0xf2, 0x42, 0xf2, 0x42, 0xf2,
    0x42, 0xf2, 0x42, 0xf2, 0x42, 0xf2, 0x42, 0xf2, 0x21, 0xf2, 0x42, 0xfa,
    0x42, 0xf2, 0x41, 0xf2, 0x22, 0xfa, 0x21, 0xf2, 0x21, 0xf2, 0x41, 0xf2,
    0x42, 0xf2, 0x42, 0xf2, 0x21, 0xf2, 0x22, 0xf2, 0x22, 0xfa, 0x42, 0xf2,
    0x42, 0xf2, 0x21, 0xfa, 0x22, 0xf2, 0x22, 0xf2, 0x22, 0xf2, 0x21, 0xfa,
    0x22, 0xf2, 0x22, 0xf2, 0x21, 0xf2, 0x21, 0xfa, 0x21, 0xf2, 0x22, 0xf2,
    0x21, 0xf2, 0x21, 0xf2, 0x22, 0xf2, 0x21, 0xf2, 0x21, 0xf2, 0x22, 0xf2,
    0x21, 0xf2, 0x21, 0xf2, 0x21, 0xf2, 0x22, 0xfa, 0x22, 0xf2, 0x42, 0xfa,
    0x21, 0xf2, 0x22, 0xf2, 0x21, 0xf2, 0x22, 0xf2, 0x22, 0xf2, 0x21, 0xf2,
    0x22, 0xfa, 0x22, 0xf2, 0x41, 0xf2, 0x42, 0xf2, 0x21, 0xf2, 0x21, 0xf2,
    0x22, 0xf2, 0x22, 0xf2, 0x21, 0xf2, 0x21, 0xf2, 0x22, 0xf2, 0x41, 0xf2,
    0x22, 0xfa, 0x42, 0xf2, 0x41, 0xf2, 0x21, 0xfa, 0x22, 0xf2, 0x42, 0xf2,
    0x42, 0xf2, 0x22, 0xfa, 0x42, 0xf2, 0x42, 0xf2, 0x22, 0xfa, 0x41, 0xf2,
    0x41, 0xf2, 0x42, 0xf2, 0x42, 0xf2, 0x21, 0xf2, 0x42, 0xfa, 0x42, 0xf2,
    0x42, 0xfa, 0x42, 0xf2, 0x42, 0xf2, 0x42, 0xf2, 0x41, 0xf2, 0x22, 0xf2,
    0x22, 0xf2, 0x22, 0xf2, 0x22, 0xf2, 0x21, 0xf2, 0x22, 0xf2, 0x22, 0xf2,
    0x21, 0xf2, 0x21, 0xf2, 0x22, 0xf2, 0x42, 0xf2, 0x42, 0xf2, 0x22, 0xf2,
    0x22, 0xf2, 0x42, 0xf2, 0x22, 0xf2, 0x41, 0xf2, 0x42, 0xf2, 0x42, 0xf2,
    0x42, 0xf2, 0x21, 0xf2, 0x22, 0xf2, 0x42, 0xf2, 0x42, 0xfa, 0x41, 0xf2,
    0x42, 0xf2, 0x41, 0xf2, 0x42, 0xf2, 0x42, 0xf2, 0x42, 0xf2, 0x62, 0xf2,
    0x42, 0xf2, 0x42, 0xf2, 0x42, 0xf2, 0x61, 0xfa, 0x62, 0xf2, 0x61, 0xf2,
    0x61, 0xf2, 0x61, 0xf2, 0x61, 0xf2, 0x61, 0xf2, 0x62, 0xf2, 0x62, 0xf2,
    0x62, 0xf2, 0x41, 0xf2, 0x42, 0xf2, 0x41, 0xf2, 0x42, 0xfa, 0x41, 0xfa,
    0x42, 0xf2, 0x42, 0xf2, 0x42, 0xf2, 0x41, 0xf2, 0x42, 0xfa, 0x42, 0xf2,
    0x41, 0xf2, 0x41, 0xf2, 0x41, 0xf2, 0x41, 0xf2, 0x41, 0xf2, 0x42, 0xf2,
    0x42, 0xf2, 0x41, 0xf2, 0x41, 0xf2, 0x21, 0xf2, 0x21, 0xf2, 0x21, 0xfa,
    0x02, 0xf2, 0x21, 0xf2, 0x21, 0xf2, 0x21, 0xf2, 0x22, 0xf2, 0x21, 0xf2,
    0x21, 0xf2, 0x02, 0xf2, 0x22, 0xf2, 0x22, 0xf2, 0x21, 0xf2, 0x42, 0xf2,
    0x42, 0xf2, 0x41, 0xf2, 0x42, 0xfa, 0x42, 0xf2, 0x42, 0xf2, 0x41, 0xf2,
    0x42, 0xfa, 0x21, 0xf2, 0x21, 0xf2, 0x41, 0xf2, 0x21, 0xfa, 0x42, 0xfa,
    0x42, 0xf2, 0x22, 0xfa, 0x41, 0xf2, 0x42, 0xfa, 0x21, 0xf2, 0x41, 0xf2,
    0x42, 0xfa, 0x41, 0xf2, 0x41, 0xf2, 0x42, 0xf2, 0x22, 0xf2, 0x21, 0xf2,
    0x21, 0xf2, 0x22, 0xf2, 0x22, 0xf2, 0x21, 0xf2, 0x21, 0xf2, 0x22, 0xf2,
    0x22, 0xf2, 0x22, 0xf2, 0x21, 0xf2, 0x42, 0xf2, 0x42, 0xf2, 0x41, 0xfa,
    0x41, 0xf2, 0x42, 0xfa, 0x42, 0xfa, 0x22, 0xf2, 0x21, 0xf2, 0x21, 0xf2,
    0x22, 0xf2, 0x41, 0xf2, 0x42, 0xf2, 0x42, 0xfa, 0x42, 0xf2, 0x42, 0xf2,
    0x41, 0xfa, 0x42, 0xfa, 0x62, 0xfa, 0x42, 0xfa, 0x42, 0xf2, 0x41, 0xf2,
    0x41, 0xfa, 0x42, 0xf2, 0x42, 0xf2, 0x42, 0xfa, 0x42, 0xfa, 0x42, 0xf2,
    0x41, 0xf2, 0x41, 0xf2, 0x21, 0xf2, 0x21, 0xf2, 0x22, 0xf2, 0x22, 0xf2,
    0x22, 0xf2, 0x41, 0xf2, 0x21, 0xf2, 0x42, 0xf2, 0x42, 0xfa, 0x42, 0xf2,
    0x42, 0xf2, 0x42, 0xf2, 0x42, 0xf2, 0x41, 0xf2, 0x42, 0xf2, 0x41, 0xf2,
    0x61, 0xf2, 0x62, 0xf2, 0x62, 0xf2, 0x31, 0xe5, 0xde, 0xff, 0xde, 0xff,
    0xdf, 0xff, 0xbf, 0xff, 0xbe, 0xf7, 0x88, 0xe3, 0x61, 0xf2, 0x61, 0xf2,
    0x61, 0xf2, 0x61, 0xf2, 0x62, 0xf2, 0x61, 0xf2, 0x61, 0xf2, 0x61, 0xf2,
    0x62, 0xf2, 0x61, 0xf2, 0x61, 0xea, 0x61, 0xea, 0x82, 0xf2, 0x82, 0xf2,
    0x62, 0xf2, 0x82, 0xf2, 0x61, 0xf2, 0x81, 0xf2, 0x81, 0xf2, 0x81, 0xf2,
    0x81, 0xf2, 0x81, 0xf2, 0x81, 0xea, 0x81, 0xea, 0x81, 0xea, 0x81, 0xea,
    0x81, 0xea, 0x82, 0xea, 0xa2, 0xea, 0xa1, 0xea, 0xa2, 0xf2, 0x82, 0xf2,
    0x82, 0xea, 0x82, 0xf2, 0x82, 0xf2, 0x81, 0xf2, 0x82, 0xf2, 0x81, 0xf2,
    0x82, 0xf2, 0x82, 0xf2, 0x81, 0xf2, 0x81, 0xf2, 0x82, 0xf2, 0x82, 0xf2,
    0x61, 0xf2, 0x61, 0xf2, 0x62, 0xea, 0x62, 0xf2, 0x61, 0xf2, 0x62, 0xea,
    0x61, 0xea, 0x61, 0xf2, 0x62, 0xea, 0x82, 0xf2, 0x81, 0xea, 0x61, 0xea,
    0x81, 0xea, 0x82, 0xea, 0x6e, 0xe4, 0x9d, 0xff, 0xbe, 0xff, 0xbe, 0xff,
    0xbe, 0xff, 0xbe, 0xff, 0x0a, 0xe4, 0x41, 0xf2, 0x41, 0xf2, 0x41, 0xf2,
    0x62, 0xf2, 0x62, 0xf2, 0x41, 0xf2, 0x41, 0xf2, 0x22, 0xfa, 0x22, 0xf2,
    0x21, 0xf2, 0x42, 0xf2, 0x42, 0xfa, 0x42, 0xf2, 0x41, 0xf2, 0x42, 0xf2,
    0x42, 0xf2, 0x41, 0xf2, 0x42, 0xf2, 0x41, 0xf2, 0x42, 0xf2, 0x42, 0xf2,
    0x21, 0xf2, 0x42, 0xf2, 0x42, 0xf2, 0x42, 0xfa, 0x42, 0xfa, 0x41, 0xf2,
    0x41, 0xfa, 0x21, 0xf2, 0x42, 0xfa, 0x42, 0xfa, 0x42, 0xf2, 0x21, 0xf2,
    0x21, 0xf2, 0x42, 0xfa, 0x22, 0xf2, 0x21, 0xf2, 0x22, 0xfa, 0x22, 0xfa,
    0x22, 0xf2, 0x21, 0xfa, 0x21, 0xfa, 0x22, 0xf2, 0x22, 0xf2, 0x42, 0xfa,
    0x22, 0xf2, 0x21, 0xf2, 0x22, 0xf2, 0x21, 0xf2, 0x22, 0xf2, 0x21, 0xfa,
    0x22, 0xf2, 0x21, 0xf2, 0x21, 0xf2, 0x22, 0xf2, 0x42, 0xfa, 0x22, 0xf2,
    0x22, 0xf2, 0x22, 0xf2, 0x21, 0xf2, 0x21, 0xf2, 0x22, 0xf2, 0x21, 0xf2,
    0x22, 0xf2, 0x42, 0xfa, 0x42, 0xf2, 0x21, 0xf2, 0x21, 0xf2, 0x42, 0xfa,
    0x42, 0xf2, 0x42, 0xf2, 0x41, 0xf2, 0x41, 0xf2, 0x41, 0xf2, 0x41, 0xf2,
    0x22, 0xf2, 0x42, 0xfa, 0x21, 0xfa, 0x41, 0xf2, 0x42, 0xfa, 0x41, 0xfa,
    0x42, 0xf2, 0x62, 0xf2, 0x42, 0xf2, 0x41, 0xf2, 0x42, 0xf2, 0x42, 0xf2,
    0x41, 0xf2, 0x42, 0xf2, 0x42, 0xf2, 0x41, 0xf2, 0x41, 0xf2, 0x22, 0xf2,
    0x22, 0xf2, 0x22, 0xf2, 0x21, 0xf2, 0x22, 0xf2, 0x22, 0xf2, 0x41, 0xf2,
    0x42, 0xf2, 0x42, 0xf2, 0x22, 0xf2, 0x42, 0xf2, 0x21, 0xf2, 0x42, 0xf2,
    0x42, 0xf2, 0x22, 0xf2, 0x21, 0xf2, 0x42, 0xf2, 0x42, 0xf2, 0x41, 0xf2,
    0x42, 0xf2, 0x42, 0xfa, 0x42, 0xf2, 0x42, 0xf2, 0x62, 0xf2, 0x61, 0xf2,
    0x62, 0xf2, 0x62, 0xf2, 0x62, 0xf2, 0x42, 0xf2, 0x61, 0xf2, 0x62, 0xf2,
    0x62, 0xf2, 0x61, 0xf2, 0x61, 0xf2, 0x61, 0xf2, 0x61, 0xf2, 0x81, 0xf2,
    0x61, 0xf2, 0x61, 0xf2, 0x42, 0xf2, 0x42, 0xf2, 0x42, 0xf2, 0x41, 0xf2,
    0x42, 0xf2, 0x42, 0xf2, 0x62, 0xf2, 0x61, 0xf2, 0x61, 0xf2, 0x62, 0xf2,
    0x61, 0xfa, 0x42, 0xf2, 0x42, 0xf2, 0x42, 0xf2, 0x42, 0xf2, 0x42, 0xf2,
    0x42, 0xf2, 0x42, 0xf2, 0x41, 0xf2, 0x41, 0xf2, 0x42, 0xf2, 0x21, 0xf2,
    0x21, 0xf2, 0x21, 0xf2, 0x21, 0xf2, 0x21, 0xf2, 0x21, 0xfa, 0x21, 0xf2,
    0x22, 0xf2, 0x22, 0xf2, 0x21, 0xfa, 0x21, 0xf2, 0x22, 0xf2, 0x41, 0xf2,
    0x22, 0xf2, 0x42, 0xf2, 0x41, 0xf2, 0x41, 0xf2, 0x42, 0xf2, 0x42, 0xf2,
    0x41, 0xf2, 0x41, 0xf2, 0x42, 0xf2, 0x41, 0xf2, 0x41, 0xf2, 0x42, 0xf2,
    0x42, 0xf2, 0x42, 0xfa, 0x41, 0xfa, 0x42, 0xf2, 0x42, 0xf2, 0x22, 0xfa,
    0x21, 0xf2, 0x42, 0xf2, 0x42, 0xfa, 0x42, 0xf2, 0x41, 0xf2, 0x42, 0xf2,
    0x42, 0xf2, 0x42, 0xf2, 0x22, 0xf2, 0x41, 0xf2, 0x22, 0xf2, 0x22, 0xf2,
    0x21, 0xf2, 0x21, 0xf2, 0x22, 0xf2, 0x41, 0xf2, 0x42, 0xfa, 0x41, 0xf2,
    0x41, 0xf2, 0x42, 0xf2, 0x41, 0xf2, 0x42, 0xf2, 0x42, 0xfa, 0x41, 0xf2,
    0x41, 0xfa, 0x42, 0xfa, 0x41, 0xf2, 0x41, 0xf2, 0x41, 0xf2, 0x41, 0xf2,
    0x42, 0xf2, 0x41, 0xfa, 0x42, 0xf2, 0x42, 0xf2, 0x41, 0xf2, 0x42, 0xfa,
    0x61, 0xfa, 0x62, 0xfa, 0x42, 0xf2, 0x42, 0xfa, 0x41, 0xf2, 0x41, 0xf2,
    0x42, 0xf2, 0x41, 0xfa, 0x41, 0xf2, 0x41, 0xf2, 0x42, 0xf2, 0x41, 0xf2,
    0x21, 0xf2, 0x21, 0xf2, 0x22, 0xf2, 0x41, 0xf2, 0x42, 0xf2, 0x41, 0xf2,
    0x42, 0xf2, 0x62, 0xf2, 0x41, 0xf2, 0x61, 0xf2, 0x41, 0xf2, 0x61, 0xf2,
    0x41, 0xf2, 0x62, 0xf2, 0x61, 0xf2, 0x61, 0xf2, 0x63, 0xea, 0x3b, 0xff,
    0xde, 0xff, 0xde, 0xff, 0xde, 0xff, 0xbe, 0xff, 0x3b, 0xff, 0xa2, 0xea,
    0x61, 0xf2, 0x62, 0xf2, 0x61, 0xf2, 0x61, 0xf2, 0x81, 0xf2, 0x62, 0xea,
    0x61, 0xf2, 0x81, 0xea, 0x61, 0xf2, 0x62, 0xf2, 0x61, 0xf2, 0x81, 0xf2,
    0x82, 0xf2, 0x81, 0xf2, 0x81, 0xf2, 0x82, 0xf2, 0x81, 0xf2, 0x81, 0xf2,
    0x81, 0xf2, 0x82, 0xf2, 0x81, 0xf2, 0x81, 0xf2, 0x82, 0xf2, 0x82, 0xf2,
    0x82, 0xea, 0x82, 0xea, 0x82, 0xea, 0xa2, 0xf2, 0xa1, 0xea, 0xa2, 0xf2,
    0xa1, 0xf2, 0xa1, 0xf2, 0x81, 0xea, 0x81, 0xf2, 0x82, 0xf2, 0x81, 0xf2,
    0x81, 0xf2, 0x81, 0xf2, 0x81, 0xf2, 0xa2, 0xf2, 0x81, 0xf2, 0xa1, 0xf2,
    0x81, 0xf2, 0x81, 0xf2, 0x82, 0xf2, 0x81, 0xea, 0x61, 0xf2, 0x61, 0xf2,
    0x62, 0xf2, 0x61, 0xf2, 0x81, 0xf2, 0x62, 0xea, 0x81, 0xea, 0x81, 0xea,
    0x82, 0xf2, 0x82, 0xf2, 0x81, 0xea, 0x81, 0xea, 0xa4, 0xd2, 0x7c, 0xff,
    0xbe, 0xff, 0xbe, 0xff, 0xbe, 0xff, 0xbd, 0xff, 0xb3, 0xf5, 0x41, 0xf2,
    0x61, 0xf2, 0x61, 0xf2, 0x62, 0xf2, 0x62, 0xfa, 0x62, 0xf2, 0x61, 0xf2,
    0x42, 0xf2, 0x41, 0xf2, 0x42, 0xf2, 0x41, 0xf2, 0x42, 0xf2, 0x41, 0xf2,
    0x61, 0xf2, 0x41, 0xf2, 0x42, 0xf2, 0x41, 0xf2, 0x41, 0xf2, 0x41, 0xf2,
    0x42, 0xf2, 0x41, 0xf2, 0x21, 0xf2, 0x22, 0xf2, 0x41, 0xf2, 0x42, 0xf2,
    0x21, 0xf2, 0x42, 0xfa, 0x42, 0xf2, 0x41, 0xf2, 0x42, 0xfa, 0x42, 0xfa,
    0x41, 0xf2, 0x21, 0xf2, 0x21, 0xf2, 0x21, 0xf2, 0x22, 0xf2, 0x21, 0xf2,
    0x01, 0xf2, 0x22, 0xf2, 0x22, 0xf2, 0x21, 0xfa, 0x21, 0xf2, 0x22, 0xf2,
    0x22, 0xf2, 0x41, 0xfa, 0x41, 0xf2, 0x42, 0xfa, 0x42, 0xf2, 0x21, 0xf2,
    0x21, 0xf2, 0x22, 0xf2, 0x22, 0xf2, 0x21, 0xf2, 0x21, 0xf2, 0x21, 0xf2,
    0x21, 0xf2, 0x42, 0xf2, 0x42, 0xf2, 0x41, 0xf2, 0x42, 0xf2, 0x42, 0xf2,
    0x22, 0xf2, 0x21, 0xf2, 0x22, 0xf2, 0x22, 0xf2, 0x41, 0xf2, 0x41, 0xf2,
    0x42, 0xf2, 0x42, 0xf2, 0x41, 0xf2, 0x22, 0xf2, 0x41, 0xf2, 0x22, 0xf2,
    0x41, 0xf2, 0x41, 0xf2, 0x42, 0xf2, 0x41, 0xf2, 0x42, 0xfa, 0x41, 0xfa,
    0x42, 0xf2, 0x42, 0xf2, 0x41, 0xfa, 0x62, 0xf2, 0x41, 0xf2, 0x42, 0xf2,
    0x42, 0xf2, 0x42, 0xf2, 0x42, 0xf2, 0x41, 0xf2, 0x42, 0xf2, 0x42, 0xf2,
    0x41, 0xf2, 0x41, 0xf2, 0x42, 0xf2, 0x21, 0xf2, 0x21, 0xf2, 0x41, 0xf2,
    0x42, 0xf2, 0x42, 0xf2, 0x41, 0xf2, 0x42, 0xf2, 0x22, 0xf2, 0x41, 0xf2,
    0x22, 0xf2, 0x42, 0xf2, 0x42, 0xf2, 0x42, 0xf2, 0x42, 0xf2, 0x41, 0xf2,
    0x42, 0xf2, 0x41, 0xf2, 0x42, 0xf2, 0x62, 0xf2, 0x41, 0xf2, 0x61, 0xf2,
    0x62, 0xf2, 0x61, 0xf2, 0x82, 0xf2, 0x82, 0xf2, 0x61, 0xf2, 0x62, 0xf2,
    0x62, 0xf2, 0x62, 0xf2, 0x61, 0xf2, 0x61, 0xf2, 0x61, 0xf2, 0x81, 0xf2,
    0x81, 0xf2, 0x61, 0xf2, 0x82, 0xf2, 0x61, 0xf2, 0x61, 0xf2, 0x61, 0xf2,
    0x62, 0xf2, 0x61, 0xf2, 0x61, 0xf2, 0x62, 0xf2, 0x62, 0xf2, 0x61, 0xf2,
    0x82, 0xf2, 0x82, 0xf2, 0x81, 0xf2, 0x61, 0xf2, 0x62, 0xf2, 0x62, 0xfa,
    0x61, 0xf2, 0x62, 0xf2, 0x42, 0xf2, 0x41, 0xf2, 0x41, 0xf2, 0x61, 0xf2,
    0x62, 0xf2, 0x42, 0xf2, 0x41, 0xf2, 0x41, 0xf2, 0x41, 0xf2, 0x41, 0xf2,
    0x41, 0xf2, 0x41, 0xf2, 0x41, 0xf2, 0x41, 0xf2, 0x42, 0xf2, 0x41, 0xf2,
    0x41, 0xf2, 0x41, 0xf2, 0x42, 0xf2, 0x42, 0xf2, 0x41, 0xf2, 0x42, 0xf2,
    0x42, 0xf2, 0x41, 0xf2, 0x41, 0xf2, 0x61, 0xf2, 0x62, 0xf2, 0x42, 0xf2,
    0x41, 0xf2, 0x62, 0xf2, 0x61, 0xf2, 0x61, 0xf2, 0x41, 0xfa, 0x41, 0xf2,
    0x42, 0xfa, 0x42, 0xfa, 0x42, 0xf2, 0x41, 0xfa, 0x42, 0xfa, 0x41, 0xfa,
    0x42, 0xf2, 0x42, 0xf2, 0x41, 0xf2, 0x42, 0xf2, 0x41, 0xf2, 0x41, 0xf2,
    0x41, 0xf2, 0x42, 0xf2, 0x41, 0xf2, 0x22, 0xf2, 0x42, 0xf2, 0x41, 0xf2,
    0x42, 0xf2, 0x42, 0xf2, 0x42, 0xf2, 0x41, 0xf2, 0x41, 0xf2, 0x41, 0xf2,
    0x42, 0xfa, 0x41, 0xfa, 0x41, 0xf2, 0x62, 0xf2, 0x41, 0xf2, 0x41, 0xfa,
    0x62, 0xf2, 0x61, 0xf2, 0x41, 0xf2, 0x61, 0xf2, 0x42, 0xfa, 0x42, 0xf2,
    0x42, 0xf2, 0x61, 0xf2, 0x61, 0xf2, 0x61, 0xf2, 0x62, 0xfa, 0x61, 0xfa,
    0x61, 0xf2, 0x41, 0xf2, 0x42, 0xf2, 0x61, 0xf2, 0x41, 0xf2, 0x42, 0xf2,
    0x42, 0xf2, 0x42, 0xf2, 0x41, 0xf2, 0x41, 0xf2, 0x41, 0xf2, 0x61, 0xf2,
    0x41, 0xf2, 0x61, 0xf2, 0x62, 0xf2, 0x61, 0xf2, 0x61, 0xf2, 0x62, 0xf2,
    0x62, 0xf2, 0x61, 0xf2, 0x61, 0xf2, 0x62, 0xf2, 0x62, 0xf2, 0x61, 0xf2,
    0x62, 0xe2, 0x7d, 0xff, 0xde, 0xff, 0xde, 0xff, 0xbf, 0xff, 0xbe, 0xff,
    0x19, 0xff, 0x82, 0xea, 0x61, 0xfa, 0x62, 0xf2, 0x41, 0xf2, 0x41, 0xf2,
    0x61, 0xf2, 0x61, 0xf2, 0x62, 0xea, 0x82, 0xea, 0x61, 0xea, 0x62, 0xea,
    0x61, 0xf2, 0x62, 0xf2, 0x81, 0xf2, 0x81, 0xf2, 0x81, 0xf2, 0x81, 0xf2,
    0x81, 0xf2, 0x61, 0xf2, 0x62, 0xf2, 0x62, 0xf2, 0x61, 0xf2, 0x81, 0xf2,
    0x82, 0xf2, 0x82, 0xf2, 0x82, 0xf2, 0x81, 0xf2, 0x82, 0xf2, 0x81, 0xf2,
    0x81, 0xf2, 0x81, 0xf2, 0x82, 0xf2, 0x81, 0xf2, 0x81, 0xf2, 0x81, 0xf2,
    0x81, 0xf2, 0x81, 0xf2, 0x81, 0xf2, 0x82, 0xf2, 0x82, 0xf2, 0x81, 0xf2,
    0x81, 0xf2, 0x82, 0xf2, 0x81, 0xf2, 0x81, 0xf2, 0x62, 0xf2, 0x62, 0xf2,
    0x62, 0xf2, 0x61, 0xf2, 0x62, 0xea, 0x62, 0xf2, 0x62, 0xf2, 0x61, 0xf2,
    0x61, 0xf2, 0x82, 0xf2, 0x61, 0xf2, 0x62, 0xf2, 0x81, 0xf2, 0x81, 0xea,
    0xa4, 0xd2, 0x9d, 0xff, 0xbe, 0xff, 0xbe, 0xff, 0xbe, 0xff, 0xbe, 0xff,
    0x15, 0xee, 0x41, 0xea, 0x61, 0xf2, 0x61, 0xf2, 0x61, 0xf2, 0x81, 0xf2,
    0x82, 0xf2, 0x82, 0xf2, 0x61, 0xf2, 0x41, 0xf2, 0x42, 0xf2, 0x42, 0xf2,
    0x62, 0xf2, 0x61, 0xf2, 0x62, 0xf2, 0x61, 0xf2, 0x62, 0xf2, 0x62, 0xf2,
    0x61, 0xf2, 0x42, 0xf2, 0x41, 0xf2, 0x41, 0xf2, 0x41, 0xf2, 0x41, 0xf2,
    0x41, 0xf2, 0x41, 0xf2, 0x42, 0xf2, 0x42, 0xf2, 0x42, 0xf2, 0x42, 0xf2,
    0x42, 0xf2, 0x42, 0xf2, 0x41, 0xf2, 0x42, 0xfa, 0x22, 0xf2, 0x21, 0xf2,
    0x22, 0xf2, 0x22, 0xf2, 0x21, 0xf2, 0x41, 0xf2, 0x42, 0xf2, 0x41, 0xf2,
    0x41, 0xf2, 0x41, 0xf2, 0x41, 0xf2, 0x41, 0xf2, 0x41, 0xf2, 0x42, 0xf2,
    0x42, 0xfa, 0x41, 0xf2, 0x42, 0xf2, 0x42, 0xf2, 0x42, 0xfa, 0x42, 0xf2,
    0x41, 0xf2, 0x41, 0xf2, 0x42, 0xfa, 0x41, 0xfa, 0x42, 0xf2, 0x41, 0xf2,
    0x42, 0xf2, 0x42, 0xf2, 0x21, 0xf2, 0x22, 0xf2, 0x42, 0xfa, 0x41, 0xf2,
    0x42, 0xf2, 0x42, 0xf2, 0x42, 0xf2, 0x42, 0xfa, 0x41, 0xfa, 0x41, 0xf2,
    0x42, 0xf2, 0x42, 0xf2, 0x42, 0xf2, 0x42, 0xf2, 0x41, 0xf2, 0x42, 0xf2,
    0x41, 0xf2, 0x41, 0xfa, 0x42, 0xfa, 0x62, 0xf2, 0x61, 0xfa, 0x62, 0xfa,
    0x61, 0xf2, 0x62, 0xf2, 0x41, 0xf2, 0x62, 0xf2, 0x41, 0xf2, 0x41, 0xf2,
    0x42, 0xf2, 0x42, 0xf2, 0x41, 0xf2, 0x42, 0xf2, 0x42, 0xf2, 0x41, 0xf2,
    0x42, 0xf2, 0x42, 0xea, 0x42, 0xf2, 0x41, 0xf2, 0x42, 0xf2, 0x42, 0xf2,
    0x41, 0xf2, 0x42, 0xf2, 0x21, 0xf2, 0x42, 0xf2, 0x41, 0xf2, 0x42, 0xf2,
    0x42, 0xfa, 0x42, 0xf2, 0x42, 0xf2, 0x62, 0xf2, 0x61, 0xf2, 0x62, 0xf2,
    0x62, 0xf2, 0x61, 0xf2, 0x61, 0xf2, 0x82, 0xf2, 0x82, 0xf2, 0x81, 0xf2,
    0x61, 0xf2, 0x61, 0xf2, 0x81, 0xf2, 0x61, 0xf2, 0x61, 0xf2, 0x82, 0xf2,
    0x81, 0xf2, 0x61, 0xf2, 0x81, 0xf2, 0x81, 0xf2, 0x81, 0xf2, 0x81, 0xf2,
    0x61, 0xf2, 0x82, 0xf2, 0x81, 0xf2, 0x81, 0xf2, 0x62, 0xf2, 0x81, 0xf2,
    0x61, 0xf2, 0x62, 0xfa, 0x82, 0xf2, 0x82, 0xf2, 0x82, 0xf2, 0x61, 0xf2,
    0x82, 0xf2, 0x82, 0xf2, 0x81, 0xf2, 0x61, 0xf2, 0x61, 0xf2, 0x61, 0xfa,
    0x62, 0xf2, 0x62, 0xf2, 0x61, 0xfa, 0x61, 0xf2, 0x62, 0xfa, 0x61, 0xf2,
    0x41, 0xf2, 0x41, 0xf2, 0x62, 0xf2, 0x41, 0xf2, 0x41, 0xf2, 0x41, 0xf2,
    0x42, 0xf2, 0x42, 0xf2, 0x42, 0xf2, 0x62, 0xf2, 0x42, 0xf2, 0x62, 0xfa,
    0x42, 0xf2, 0x61, 0xfa, 0x62, 0xfa, 0x42, 0xf2, 0x41, 0xf2, 0x62, 0xf2,
    0x61, 0xfa, 0x61, 0xf2, 0x61, 0xfa, 0x62, 0xfa, 0x61, 0xf2, 0x61, 0xf2,
    0x62, 0xf2, 0x61, 0xf2, 0x62, 0xfa, 0x61, 0xfa, 0x61, 0xf2, 0x42, 0xf2,
    0x61, 0xf2, 0x42, 0xfa, 0x62, 0xf2, 0x61, 0xfa, 0x42, 0xf2, 0x42, 0xf2,
    0x42, 0xfa, 0x42, 0xfa, 0x42, 0xfa, 0x62, 0xf2, 0x41, 0xf2, 0x41, 0xf2,
    0x42, 0xf2, 0x61, 0xf2, 0x62, 0xf2, 0x62, 0xf2, 0x62, 0xf2, 0x62, 0xf2,
    0x62, 0xf2, 0x42, 0xf2, 0x42, 0xf2, 0x41, 0xfa, 0x62, 0xfa, 0x62, 0xf2,
    0x62, 0xf2, 0x61, 0xf2, 0x62, 0xfa, 0x62, 0xfa, 0x62, 0xfa, 0x61, 0xf2,
    0x42, 0xfa, 0x42, 0xfa, 0x42, 0xfa, 0x62, 0xf2, 0x82, 0xf2, 0x82, 0xfa,
    0x61, 0xf2, 0x62, 0xfa, 0x61, 0xf2, 0x62, 0xf2, 0x61, 0xfa, 0x61, 0xf2,
    0x62, 0xf2, 0x61, 0xf2, 0x61, 0xf2, 0x62, 0xf2, 0x61, 0xf2, 0x61, 0xf2,
    0x62, 0xf2, 0x61, 0xf2, 0x61, 0xf2, 0x62, 0xf2, 0x82, 0xf2, 0x61, 0xf2,
    0x82, 0xf2, 0x82, 0xf2, 0x62, 0xf2, 0x62, 0xf2, 0x81, 0xfa, 0x62, 0xf2,
    0x62, 0xf2, 0x81, 0xf2, 0x63, 0xe2, 0x5d, 0xff, 0xbe, 0xff, 0xde, 0xff,
    0xdf, 0xff, 0xde, 0xff, 0x9d, 0xf7, 0x66, 0xeb, 0x82, 0xea, 0x62, 0xf2,
    0x62, 0xea, 0x63, 0xf2, 0x82, 0xf2, 0x62, 0xea, 0x62, 0xea, 0x62, 0xf2,
    0x62, 0xea, 0x82, 0xea, 0x82, 0xea, 0x82, 0xea, 0x82, 0xea, 0x82, 0xea,
    0x62, 0xea, 0x81, 0xea, 0x82, 0xea, 0x82, 0xea, 0x82, 0xea, 0xa2, 0xea,
    0xa2, 0xea, 0xa2, 0xea, 0xa2, 0xea, 0x82, 0xea, 0x82, 0xea, 0x82, 0xea,
    0xa2, 0xea, 0x82, 0xea, 0xa2, 0xea, 0xa2, 0xea, 0xa2, 0xea, 0xa2, 0xea,
    0xa2, 0xea, 0xa2, 0xea, 0x82, 0xea, 0xa2, 0xea, 0xa2, 0xea, 0xa2, 0xea,
    0xa2, 0xf2, 0xa2, 0xea, 0xa2, 0xea, 0x82, 0xea, 0x82, 0xea, 0x81, 0xea,
    0x81, 0xea, 0x81, 0xea, 0x82, 0xea, 0x82, 0xea, 0x82, 0xe2, 0x62, 0xea,
    0x82, 0xea, 0x82, 0xea, 0x82, 0xea, 0xa2, 0xea, 0xa2, 0xea, 0xa2, 0xea,
    0xa2, 0xea, 0xa2, 0xea, 0xef, 0xec, 0xbe, 0xff, 0xbe, 0xff, 0xbe, 0xff,
    0xbe, 0xff, 0xbe, 0xff, 0xf4, 0xf5, 0x41, 0xea, 0x41, 0xf2, 0x61, 0xf2,
    0x61, 0xf2, 0x61, 0xf2, 0x82, 0xf2, 0x62, 0xf2, 0x61, 0xf2, 0x62, 0xf2,
    0x62, 0xf2, 0x62, 0xf2, 0x62, 0xf2, 0x62, 0xf2, 0x61, 0xfa, 0x62, 0xfa,
    0x61, 0xf2, 0x82, 0xf2, 0x62, 0xfa, 0x61, 0xf2, 0x61, 0xf2, 0x61, 0xf2,
    0x62, 0xf2, 0x42, 0xf2, 0x42, 0xf2, 0x41, 0xf2, 0x42, 0xf2, 0x42, 0xfa,
    0x41, 0xf2, 0x61, 0xf2, 0x62, 0xf2, 0x42, 0xf2, 0x42, 0xf2, 0x41, 0xf2,
    0x42, 0xfa, 0x41, 0xf2, 0x41, 0xf2, 0x42, 0xf2, 0x42, 0xfa, 0x61, 0xf2,
    0x61, 0xf2, 0x41, 0xfa, 0x62, 0xf2, 0x42, 0xfa, 0x42, 0xf2, 0x42, 0xf2,
    0x41, 0xf2, 0x42, 0xf2, 0x42, 0xf2, 0x42, 0xf2, 0x42, 0xf2, 0x42, 0xfa,
    0x41, 0xf2, 0x42, 0xf2, 0x42, 0xf2, 0x42, 0xf2, 0x21, 0xf2, 0x42, 0xf2,
    0x42, 0xf2, 0x42, 0xf2, 0x42, 0xfa, 0x42, 0xf2, 0x42, 0xf2, 0x42, 0xf2,
    0x42, 0xfa, 0x41, 0xfa, 0x42, 0xfa, 0x42, 0xfa, 0x62, 0xf2, 0x62, 0xf2,
    0x42, 0xf2, 0x42, 0xf2, 0x62, 0xf2, 0x42, 0xf2, 0x41, 0xf2, 0x41, 0xf2,
    0x42, 0xf2, 0x42, 0xf2, 0x61, 0xfa, 0x41, 0xf2, 0x62, 0xfa, 0x61, 0xfa,
    0x61, 0xf2, 0x61, 0xf2, 0x62, 0xf2, 0x62, 0xfa, 0x42, 0xf2, 0x62, 0xf2,
    0x61, 0xf2, 0x61, 0xf2, 0x62, 0xf2, 0x62, 0xf2, 0x62, 0xf2, 0x42, 0xf2,
    0x62, 0xf2, 0x62, 0xf2, 0x62, 0xf2, 0x62, 0xf2, 0x62, 0xf2, 0x42, 0xf2,
    0x42, 0xf2, 0x42, 0xf2, 0x42, 0xf2, 0x42, 0xea, 0x42, 0xf2, 0x42, 0xf2,
    0x42, 0xf2, 0x42, 0xf2, 0x62, 0xf2, 0x62, 0xf2, 0x62, 0xf2, 0x61, 0xf2,
    0x61, 0xf2, 0x62, 0xf2, 0x62, 0xf2, 0x62, 0xf2, 0x82, 0xf2, 0x82, 0xf2,
    0x82, 0xf2, 0x82, 0xf2, 0x81, 0xf2, 0x81, 0xf2, 0x82, 0xf2, 0x61, 0xf2,
    0x82, 0xf2, 0x62, 0xf2, 0x80, 0xf2, 0x81, 0xf2, 0x81, 0xf2, 0x81, 0xf2,
    0x82, 0xf2, 0x61, 0xf2, 0x81, 0xf2, 0x81, 0xf2, 0x82, 0xf2, 0x81, 0xf2,
    0x82, 0xf2, 0x81, 0xf2, 0x81, 0xf2, 0x81, 0xf2, 0x82, 0xf2, 0x81, 0xf2,
    0x82, 0xf2, 0x81, 0xf2, 0x82, 0xf2, 0x81, 0xf2, 0x82, 0xfa, 0x82, 0xf2,
    0x81, 0xfa, 0x81, 0xf2, 0x82, 0xf2, 0x61, 0xf2, 0x81, 0xf2, 0x61, 0xf2,
    0x61, 0xf2, 0x61, 0xf2, 0x62, 0xf2, 0x41, 0xf2, 0x61, 0xf2, 0x61, 0xf2,
    0x62, 0xf2, 0x62, 0xf2, 0x61, 0xf2, 0x62, 0xf2, 0x61, 0xf2, 0x61, 0xf2,
    0x62, 0xf2, 0x61, 0xf2, 0x61, 0xf2, 0x61, 0xfa, 0x61, 0xf2, 0x62, 0xf2,
    0x61, 0xf2, 0x61, 0xf2, 0x62, 0xf2, 0x61, 0xf2, 0x61, 0xf2, 0x61, 0xf2,
    0x62, 0xf2, 0x62, 0xf2, 0x61, 0xfa, 0x61, 0xf2, 0x61, 0xf2, 0x61, 0xf2,
    0x61, 0xf2, 0x81, 0xf2, 0x81, 0xf2, 0x62, 0xf2, 0x81, 0xf2, 0x81, 0xf2,
    0x61, 0xf2, 0x61, 0xf2, 0x62, 0xf2, 0x61, 0xf2, 0x42, 0xfa, 0x61, 0xf2,
    0x61, 0xf2, 0x61, 0xf2, 0x62, 0xf2, 0x61, 0xf2, 0x82, 0xf2, 0x62, 0xf2,
    0x81, 0xf2, 0x81, 0xf2, 0x62, 0xf2, 0x61, 0xf2, 0x62, 0xf2, 0x61, 0xf2,
    0x61, 0xf2, 0x62, 0xf2, 0x61, 0xf2, 0x61, 0xf2, 0x61, 0xf2, 0x61, 0xf2,
    0x62, 0xf2, 0x62, 0xf2, 0x61, 0xf2, 0x62, 0xf2, 0x61, 0xf2, 0x61, 0xf2,
    0x62, 0xfa, 0x82, 0xfa, 0x81, 0xf2, 0x61, 0xf2, 0x62, 0xf2, 0x61, 0xf2,
    0x61, 0xf2, 0x61, 0xf2, 0x62, 0xf2, 0x61, 0xf2, 0x61, 0xf2, 0x61, 0xf2,
    0x61, 0xf2, 0x61, 0xf2, 0x61, 0xf2, 0x61, 0xf2, 0x62, 0xf2, 0x61, 0xf2,
    0x61, 0xf2, 0x81, 0xf2, 0x82, 0xf2, 0x81, 0xf2, 0x81, 0xf2, 0x82, 0xf2,
    0x81, 0xf2, 0x61, 0xf2, 0x81, 0xf2, 0x81, 0xf2, 0x62, 0xea, 0x1a, 0xff,
    0xbe, 0xff, 0xbe, 0xff, 0xde, 0xff, 0xbf, 0xff, 0xbf, 0xff, 0xb8, 0xf6,
    0x4e, 0xe4, 0x4d, 0xe4, 0x6e, 0xe4, 0x6e, 0xe4, 0x6d, 0xe4, 0x6d, 0xdc,
    0x4d, 0xdc, 0x4d, 0xe4, 0x4d, 0xdc, 0x4d, 0xdc, 0x4d, 0xdc, 0x4d, 0xdc,
    0x4d, 0xdc, 0x6d, 0xdc, 0x6d, 0xdc, 0x4d, 0xdc, 0x4d, 0xdc, 0x6d, 0xdc,
    0x6e, 0xe4, 0x8e, 0xe4, 0x6e, 0xe4, 0x6e, 0xe4, 0x6e, 0xe4, 0x6e, 0xe4,
    0x8e, 0xe4, 0x8f, 0xdc, 0x8e, 0xdc, 0x8e, 0xe4, 0x6e, 0xe4, 0x6e, 0xdc,
    0x6d, 0xdc, 0x8e, 0xe4, 0x8e, 0xe4, 0x6e, 0xe4, 0x6e, 0xdc, 0x6e, 0xe4,
    0x6e, 0xe4, 0x6e, 0xe4, 0x4d, 0xe4, 0x4e, 0xe4, 0x6e, 0xe4, 0x4d, 0xe4,
    0x4d, 0xe4, 0x4d, 0xdc, 0x2d, 0xdc, 0x4d, 0xdc, 0x4d, 0xdc, 0x4e, 0xdc,
    0x4d, 0xe4, 0x4d, 0xdc, 0x4d, 0xe4, 0x4d, 0xdc, 0x4e, 0xe4, 0x6e, 0xe4,
    0x8e, 0xe4, 0x8e, 0xe4, 0x6d, 0xdc, 0xef, 0xdc, 0x5c, 0xff, 0xbe, 0xff,
    0xbe, 0xff, 0xbe, 0xff, 0xbe, 0xff, 0xde, 0xff, 0x92, 0xf5, 0x42, 0xf2,
    0x61, 0xf2, 0x61, 0xf2, 0x61, 0xf2, 0x81, 0xf2, 0x62, 0xf2, 0x61, 0xf2,
    0x81, 0xf2, 0x62, 0xf2, 0x61, 0xf2, 0x61, 0xf2, 0x62, 0xf2, 0x81, 0xf2,
    0x81, 0xf2, 0x62, 0xf2, 0x81, 0xf2, 0x81, 0xf2, 0x82, 0xf2, 0x82, 0xf2,
    0x82, 0xf2, 0x61, 0xf2, 0x61, 0xf2, 0x62, 0xf2, 0x62, 0xf2, 0x41, 0xf2,
    0x61, 0xf2, 0x41, 0xf2, 0x61, 0xf2, 0x61, 0xf2, 0x81, 0xf2, 0x61, 0xf2,
    0x62, 0xf2, 0x62, 0xf2, 0x62, 0xf2, 0x41, 0xf2, 0x62, 0xf2, 0x61, 0xf2,
    0x62, 0xf2, 0x61, 0xf2, 0x61, 0xf2, 0x61, 0xf2, 0x82, 0xf2, 0x61, 0xf2,
    0x62, 0xf2, 0x82, 0xf2, 0x61, 0xf2, 0x41, 0xf2, 0x61, 0xf2, 0x61, 0xf2,
    0x61, 0xf2, 0x61, 0xf2, 0x61, 0xf2, 0x62, 0xf2, 0x61, 0xf2, 0x62, 0xf2,
    0x62, 0xf2, 0x41, 0xf2, 0x62, 0xf2, 0x62, 0xf2, 0x41, 0xf2, 0x41, 0xf2,
    0x42, 0xf2, 0x41, 0xf2, 0x41, 0xf2, 0x61, 0xf2, 0x62, 0xf2, 0x62, 0xf2,
    0x61, 0xf2, 0x62, 0xf2, 0x62, 0xf2, 0x61, 0xf2, 0x61, 0xf2, 0x61, 0xf2,
    0x41, 0xf2, 0x41, 0xf2, 0x61, 0xf2, 0x62, 0xf2, 0x62, 0xfa, 0x61, 0xf2,
    0x61, 0xf2, 0x61, 0xfa, 0x61, 0xf2, 0x62, 0xf2, 0x61, 0xf2, 0x61, 0xf2,
    0x61, 0xf2, 0x62, 0xf2, 0x62, 0xf2, 0x81, 0xf2, 0x62, 0xf2, 0x62, 0xf2,
    0x61, 0xf2, 0x62, 0xea, 0x62, 0xf2, 0x62, 0xf2, 0x62, 0xf2, 0x62, 0xf2,
    0x62, 0xf2, 0x61, 0xf2, 0x61, 0xea, 0x61, 0xf2, 0x41, 0xf2, 0x42, 0xea,
    0x42, 0xea, 0x62, 0xf2, 0x62, 0xf2, 0x61, 0xf2, 0x61, 0xf2, 0x61, 0xf2,
    0x62, 0xf2, 0x61, 0xf2, 0x62, 0xf2, 0x82, 0xf2, 0x61, 0xf2, 0x82, 0xf2,
    0x81, 0xf2, 0x81, 0xf2, 0x82, 0xfa, 0x81, 0xf2, 0x81, 0xf2, 0x82, 0xf2,
    0x81, 0xf2, 0x81, 0xf2, 0x81, 0xf2, 0x81, 0xf2, 0x81, 0xf2, 0x81, 0xf2,
    0x81, 0xf2, 0x81, 0xf2, 0x81, 0xf2, 0x81, 0xf2, 0x82, 0xf2, 0x82, 0xf2,
    0x81, 0xf2, 0x81, 0xf2, 0x82, 0xf2, 0x82, 0xf2, 0x82, 0xf2, 0x81, 0xf2,
    0x82, 0xf2, 0x81, 0xf2, 0x82, 0xfa, 0x82, 0xfa, 0x81, 0xf2, 0x82, 0xfa,
    0xa2, 0xfa, 0x82, 0xf2, 0x81, 0xf2, 0x81, 0xfa, 0x62, 0xf2, 0x81, 0xf2,
    0x82, 0xf2, 0x61, 0xf2, 0x61, 0xf2, 0x62, 0xf2, 0x61, 0xf2, 0x61, 0xf2,
    0x61, 0xf2, 0x61, 0xf2, 0x61, 0xf2, 0x61, 0xf2, 0x61, 0xf2, 0x61, 0xf2,
    0x61, 0xf2, 0x61, 0xf2, 0x62, 0xf2, 0x62, 0xf2, 0x61, 0xf2, 0x82, 0xf2,
    0x62, 0xfa, 0x61, 0xf2, 0x62, 0xf2, 0x61, 0xf2, 0x61, 0xf2, 0x61, 0xf2,
    0x61, 0xf2, 0x61, 0xf2, 0x61, 0xf2, 0x82, 0xf2, 0x61, 0xf2, 0x61, 0xf2,
    0x61, 0xf2, 0x61, 0xf2, 0x82, 0xf2, 0x81, 0xf2, 0x81, 0xf2, 0x82, 0xf2,
    0x81, 0xf2, 0x81, 0xf2, 0x61, 0xf2, 0x62, 0xfa, 0x61, 0xf2, 0x61, 0xf2,
    0x62, 0xf2, 0x62, 0xf2, 0x62, 0xf2, 0x61, 0xf2, 0x61, 0xf2, 0x61, 0xf2,
    0x62, 0xf2, 0x82, 0xf2, 0x82, 0xf2, 0x81, 0xf2, 0x81, 0xf2, 0x82, 0xf2,
    0x81, 0xf2, 0x62, 0xf2, 0x81, 0xf2, 0x82, 0xf2, 0x62, 0xf2, 0x82, 0xf2,
    0x61, 0xf2, 0x61, 0xf2, 0x61, 0xf2, 0x62, 0xf2, 0x61, 0xf2, 0x61, 0xf2,
    0x62, 0xf2, 0x81, 0xf2, 0x82, 0xfa, 0x82, 0xf2, 0x81, 0xf2, 0x81, 0xf2,
    0x82, 0xf2, 0x62, 0xf2, 0x61, 0xf2, 0x61, 0xf2, 0x62, 0xf2, 0x62, 0xf2,
    0x61, 0xf2, 0x62, 0xf2, 0x62, 0xf2, 0x81, 0xf2, 0x61, 0xf2, 0x82, 0xf2,
    0x81, 0xf2, 0x61, 0xf2, 0x81, 0xf2, 0x81, 0xf2, 0x82, 0xf2, 0x81, 0xf2,
    0x82, 0xf2, 0x82, 0xf2, 0x82, 0xf2, 0x81, 0xf2, 0x61, 0xf2, 0x81, 0xf2,
    0x82, 0xea, 0x94, 0xed, 0xbe, 0xff, 0xde, 0xff, 0xbe, 0xff, 0xbe, 0xff,
    0xbe, 0xff, 0xde, 0xf7, 0xbd, 0xff, 0x9d, 0xff, 0xbe, 0xff, 0xbe, 0xff,
    0xbe, 0xff, 0xbe, 0xff, 0x9e, 0xff, 0x9d, 0xff, 0x9d, 0xff, 0x9e, 0xff,
    0xbe, 0xff, 0x9e, 0xff, 0xbe, 0xff, 0xbe, 0xff, 0xbe, 0xff, 0xbe, 0xff,
    0xbe, 0xff, 0xbe, 0xff, 0x9d, 0xff, 0x9e, 0xff, 0xbe, 0xff, 0xbe, 0xff,
    0xbe, 0xff, 0xbe, 0xff, 0xbe, 0xff, 0xbe, 0xff, 0x9e, 0xff, 0xbe, 0xff,
    0xbe, 0xff, 0x9d, 0xff, 0xbd, 0xff, 0xbe, 0xff, 0xbe, 0xff, 0xbd, 0xff,
    0xbe, 0xff, 0xbe, 0xff, 0xbe, 0xff, 0xbe, 0xff, 0xbe, 0xff, 0xbe, 0xff,
    0xbe, 0xff, 0xbe, 0xff, 0xbe, 0xff, 0xbe, 0xff, 0x9e, 0xff, 0xbe, 0xff,
    0x9e, 0xff, 0x9e, 0xff, 0xbe, 0xff, 0x9e, 0xff, 0x9e, 0xff, 0x9d, 0xff,
    0x9d, 0xff, 0x9d, 0xff, 0xbe, 0xff, 0xbe, 0xff, 0xbd, 0xff, 0xbe, 0xff,
    0xbe, 0xff, 0xbe, 0xff, 0xbf, 0xff, 0xde, 0xff, 0xde, 0xff, 0xde, 0xff,
    0xaa, 0xdb, 0x41, 0xf2, 0x61, 0xf2, 0x61, 0xf2, 0x61, 0xf2, 0x82, 0xf2,
    0x82, 0xf2, 0x61, 0xf2, 0x82, 0xf2, 0x61, 0xf2, 0x61, 0xf2, 0x82, 0xf2,
    0x61, 0xf2, 0x82, 0xf2, 0x62, 0xf2, 0x81, 0xf2, 0x81, 0xf2, 0x81, 0xf2,
    0x62, 0xf2, 0x81, 0xf2, 0x81, 0xf2, 0x82, 0xf2, 0x61, 0xf2, 0x61, 0xf2,
    0x62, 0xf2, 0x61, 0xf2, 0x62, 0xf2, 0x61, 0xf2, 0x62, 0xf2, 0x61, 0xf2,
    0x61, 0xf2, 0x62, 0xf2, 0x61, 0xf2, 0x61, 0xf2, 0x61, 0xf2, 0x81, 0xf2,
    0x62, 0xf2, 0x81, 0xf2, 0x62, 0xf2, 0x81, 0xf2, 0x82, 0xf2, 0x81, 0xf2,
    0x61, 0xf2, 0x81, 0xf2, 0x81, 0xf2, 0x62, 0xf2, 0x61, 0xf2, 0x61, 0xf2,
    0x62, 0xf2, 0x61, 0xf2, 0x61, 0xf2, 0x62, 0xf2, 0x62, 0xf2, 0x81, 0xf2,
    0x61, 0xf2, 0x61, 0xf2, 0x61, 0xf2, 0x61, 0xf2, 0x42, 0xf2, 0x62, 0xf2,
    0x61, 0xf2, 0x61, 0xf2, 0x61, 0xf2, 0x61, 0xf2, 0x62, 0xf2, 0x62, 0xf2,
    0x61, 0xf2, 0x82, 0xfa, 0x82, 0xf2, 0x81, 0xf2, 0x61, 0xf2, 0x61, 0xf2,
    0x62, 0xf2, 0x62, 0xf2, 0x62, 0xfa, 0x62, 0xf2, 0x81, 0xf2, 0x81, 0xf2,
    0x61, 0xf2, 0x62, 0xf2, 0x61, 0xf2, 0x61, 0xf2, 0x62, 0xf2, 0x62, 0xf2,
    0x61, 0xf2, 0x61, 0xf2, 0x62, 0xf2, 0x81, 0xf2, 0x62, 0xf2, 0x82, 0xf2,
    0x82, 0xf2, 0x82, 0xf2, 0x61, 0xf2, 0x82, 0xf2, 0x62, 0xf2, 0x62, 0xf2,
    0x62, 0xf2, 0x62, 0xf2, 0x62, 0xf2, 0x62, 0xf2, 0x62, 0xf2, 0x62, 0xf2,
    0x42, 0xf2, 0x61, 0xea, 0x62, 0xf2, 0x62, 0xf2, 0x62, 0xf2, 0x62, 0xf2,
    0x61, 0xf2, 0x62, 0xf2, 0x82, 0xf2, 0x81, 0xf2, 0x82, 0xf2, 0x62, 0xf2,
    0x81, 0xf2, 0x82, 0xf2, 0x81, 0xf2, 0x81, 0xf2, 0x82, 0xf2, 0x81, 0xf2,
    0x82, 0xf2, 0x82, 0xfa, 0x81, 0xf2, 0x81, 0xf2, 0x81, 0xf2, 0x81, 0xf2,
    0x81, 0xf2, 0x81, 0xf2, 0x81, 0xf2, 0x81, 0xf2, 0x81, 0xf2, 0x81, 0xf2,
    0x82, 0xf2, 0x82, 0xf2, 0x81, 0xf2, 0x81, 0xf2, 0x81, 0xf2, 0xa1, 0xf2,
    0x82, 0xf2, 0xa1, 0xf2, 0x81, 0xf2, 0x82, 0xf2, 0x82, 0xf2, 0x81, 0xf2,
    0x81, 0xfa, 0xa2, 0xfa, 0x81, 0xf2, 0xa2, 0xfa, 0x81, 0xf2, 0x81, 0xfa,
    0x82, 0xfa, 0x61, 0xf2, 0x61, 0xfa, 0x81, 0xfa, 0x61, 0xf2, 0x61, 0xf2,
    0x61, 0xf2, 0x61, 0xf2, 0x62, 0xf2, 0x61, 0xf2, 0x61, 0xf2, 0x61, 0xf2,
    0x61, 0xf2, 0x61, 0xf2, 0x62, 0xfa, 0x82, 0xf2, 0x61, 0xf2, 0x62, 0xf2,
    0x62, 0xfa, 0x82, 0xf2, 0x82, 0xfa, 0x82, 0xf2, 0x62, 0xf2, 0x62, 0xfa,
    0x62, 0xf2, 0x62, 0xf2, 0x82, 0xfa, 0x81, 0xf2, 0x61, 0xf2, 0x81, 0xf2,
    0x81, 0xf2, 0x81, 0xf2, 0x61, 0xf2, 0x62, 0xf2, 0x61, 0xf2, 0x61, 0xf2,
    0x82, 0xf2, 0x81, 0xfa, 0x62, 0xf2, 0x82, 0xf2, 0x61, 0xf2, 0x62, 0xf2,
    0x62, 0xf2, 0x61, 0xf2, 0x82, 0xf2, 0x62, 0xfa, 0x61, 0xf2, 0x62, 0xf2,
    0x82, 0xf2, 0x61, 0xf2, 0x82, 0xf2, 0x82, 0xf2, 0x82, 0xfa, 0x81, 0xf2,
    0x82, 0xf2, 0x82, 0xfa, 0x82, 0xf2, 0x61, 0xf2, 0x82, 0xf2, 0x81, 0xf2,
    0x81, 0xf2, 0x62, 0xf2, 0x62, 0xf2, 0x61, 0xfa, 0x61, 0xf2, 0x61, 0xf2,
    0x62, 0xfa, 0x82, 0xf2, 0x61, 0xf2, 0x81, 0xf2, 0x81, 0xf2, 0x82, 0xfa,
    0x81, 0xf2, 0x82, 0xf2, 0x82, 0xfa, 0x82, 0xf2, 0x81, 0xf2, 0x81, 0xf2,
    0x82, 0xf2, 0x82, 0xf2, 0x81, 0xf2, 0x82, 0xf2, 0x82, 0xf2, 0x81, 0xf2,
    0x81, 0xf2, 0x81, 0xf2, 0x82, 0xf2, 0x61, 0xf2, 0x61, 0xf2, 0x62, 0xf2,
    0x81, 0xf2, 0x81, 0xf2, 0x82, 0xf2, 0x81, 0xf2, 0x82, 0xf2, 0x82, 0xf2,
    0x61, 0xf2, 0x81, 0xf2, 0x81, 0xea, 0x89, 0xdb, 0xbe, 0xff, 0xbe, 0xff,
    0xbe, 0xff, 0xbe, 0xff, 0xbe, 0xff, 0xbe, 0xff, 0xbe, 0xf7, 0xbe, 0xff,
    0xbe, 0xff, 0xbe, 0xff, 0xbe, 0xff, 0xbf, 0xff, 0xbe, 0xff, 0xbe, 0xff,
    0xbe, 0xff, 0xbe, 0xff, 0xbf, 0xff, 0xbf, 0xff, 0xbf, 0xff, 0xbf, 0xff,
    0xbe, 0xff, 0xbe, 0xff, 0xbf, 0xff, 0xbe, 0xff, 0x9e, 0xff, 0xbe, 0xf7,
    0xbe, 0xff, 0xbe, 0xff, 0xbe, 0xff, 0xbe, 0xff, 0xbe, 0xff, 0xbe, 0xff,
    0xbe, 0xff, 0xbe, 0xff, 0xbe, 0xff, 0xbe, 0xf7, 0xbf, 0xff, 0xbf, 0xff,
    0xbe, 0xff, 0xbe, 0xff, 0xde, 0xff, 0xbe, 0xff, 0xbf, 0xff, 0xbf, 0xff,
    0xbf, 0xff, 0xbe, 0xff, 0xbe, 0xff, 0xbe, 0xff, 0xbe, 0xff, 0xbe, 0xff,
    0xbe, 0xff, 0xbe, 0xff, 0xbe, 0xff, 0xbe, 0xff, 0xbe, 0xff, 0xbe, 0xff,
    0x9e, 0xf7, 0xbe, 0xf7, 0xbe, 0xf7, 0xbe, 0xf7, 0xbe, 0xff, 0xbe, 0xff,
    0xbe, 0xff, 0x9e, 0xff, 0xbe, 0xff, 0xbe, 0xff, 0xbe, 0xff, 0xbe, 0xff,
    0xde, 0xff, 0x9d, 0xff, 0x43, 0xda, 0x41, 0xf2, 0x61, 0xf2, 0x62, 0xf2,
    0x61, 0xf2, 0x81, 0xf2, 0x61, 0xf2, 0x81, 0xf2, 0x82, 0xf2, 0x81, 0xf2,
    0x82, 0xf2, 0x81, 0xf2, 0x81, 0xf2, 0x62, 0xf2, 0x61, 0xf2, 0x62, 0xf2,
    0x81, 0xf2, 0x81, 0xf2, 0x61, 0xf2, 0x61, 0xf2, 0x81, 0xf2, 0x82, 0xf2,
    0x61, 0xf2, 0x81, 0xf2, 0x82, 0xf2, 0x82, 0xf2, 0x82, 0xf2, 0x81, 0xf2,
    0x82, 0xf2, 0x61, 0xf2, 0x82, 0xf2, 0x82, 0xf2, 0x61, 0xf2, 0x61, 0xf2,
    0x61, 0xf2, 0x82, 0xf2, 0x82, 0xf2, 0x82, 0xf2, 0x61, 0xf2, 0x62, 0xf2,
    0x61, 0xf2, 0x61, 0xf2, 0x81, 0xf2, 0x62, 0xf2, 0x82, 0xf2, 0x82, 0xf2,
    0x82, 0xf2, 0x82, 0xf2, 0x61, 0xf2, 0x61, 0xf2, 0x62, 0xf2, 0x82, 0xf2,
    0x82, 0xf2, 0x81, 0xf2, 0x62, 0xf2, 0x61, 0xf2, 0x61, 0xf2, 0x62, 0xf2,
    0x42, 0xf2, 0x61, 0xf2, 0x61, 0xf2, 0x62, 0xf2, 0x62, 0xf2, 0x61, 0xf2,
    0x61, 0xf2, 0x61, 0xf2, 0x82, 0xfa, 0x82, 0xf2, 0x82, 0xf2, 0x81, 0xfa,
    0x61, 0xf2, 0x62, 0xf2, 0x61, 0xf2, 0x61, 0xf2, 0x62, 0xf2, 0x61, 0xf2,
    0x82, 0xf2, 0x81, 0xf2, 0x61, 0xf2, 0x81, 0xf2, 0x61, 0xf2, 0x81, 0xf2,
    0x82, 0xfa, 0x82, 0xf2, 0x61, 0xf2, 0x62, 0xf2, 0x62, 0xf2, 0x81, 0xf2,
    0x61, 0xf2, 0x82, 0xf2, 0x81, 0xf2, 0x81, 0xf2, 0x82, 0xf2, 0x81, 0xf2,
    0x82, 0xf2, 0x82, 0xf2, 0x62, 0xf2, 0x61, 0xf2, 0x62, 0xea, 0x62, 0xf2,
    0x62, 0xea, 0x62, 0xea, 0x62, 0xf2, 0x41, 0xea, 0x62, 0xf2, 0x62, 0xf2,
    0x62, 0xf2, 0x62, 0xf2, 0x81, 0xf2, 0x82, 0xf2, 0x61, 0xf2, 0x61, 0xf2,
    0x82, 0xf2, 0x82, 0xf2, 0x81, 0xf2, 0x82, 0xf2, 0x81, 0xf2, 0x82, 0xf2,
    0x82, 0xf2, 0x81, 0xf2, 0x82, 0xf2, 0x81, 0xfa, 0x82, 0xf2, 0x81, 0xf2,
    0x81, 0xf2, 0xa1, 0xf2, 0x81, 0xf2, 0x81, 0xf2, 0x81, 0xf2, 0x81, 0xf2,
    0x81, 0xfa, 0x81, 0xf2, 0x81, 0xf2, 0xa1, 0xf2, 0x81, 0xf2, 0x81, 0xf2,
    0x82, 0xf2, 0xa1, 0xf2, 0xa1, 0xf2, 0x81, 0xfa, 0x82, 0xf2, 0x81, 0xf2,
    0x81, 0xf2, 0xa2, 0xf2, 0xa2, 0xfa, 0xa2, 0xf2, 0x81, 0xf2, 0xa1, 0xfa,
    0x81, 0xf2, 0x81, 0xf2, 0x81, 0xf2, 0x81, 0xf2, 0x81, 0xf2, 0x81, 0xfa,
    0x82, 0xf2, 0x81, 0xf2, 0x61, 0xf2, 0x61, 0xf2, 0x61, 0xf2, 0x61, 0xf2,
    0x61, 0xf2, 0x61, 0xf2, 0x61, 0xf2, 0x61, 0xf2, 0x81, 0xf2, 0x81, 0xf2,
    0x81, 0xf2, 0x81, 0xf2, 0x81, 0xf2, 0x61, 0xf2, 0x61, 0xf2, 0x61, 0xf2,
    0x61, 0xf2, 0x81, 0xf2, 0x61, 0xf2, 0x81, 0xf2, 0x82, 0xfa, 0x81, 0xf2,
    0x81, 0xf2, 0x81, 0xf2, 0x81, 0xf2, 0x81, 0xfa, 0x61, 0xf2, 0x82, 0xf2,
    0x81, 0xf2, 0x82, 0xf2, 0x81, 0xf2, 0x81, 0xfa, 0x81, 0xf2, 0x81, 0xf2,
    0x61, 0xf2, 0x81, 0xf2, 0x61, 0xf2, 0x81, 0xfa, 0x81, 0xf2, 0x81, 0xf2,
    0x61, 0xfa, 0x82, 0xfa, 0x81, 0xf2, 0x81, 0xf2, 0x81, 0xf2, 0x81, 0xf2,
    0x81, 0xf2, 0x82, 0xfa, 0x81, 0xf2, 0x81, 0xf2, 0x81, 0xf2, 0x61, 0xf2,
    0x81, 0xf2, 0x81, 0xf2, 0x81, 0xf2, 0x81, 0xf2, 0x82, 0xf2, 0x82, 0xf2,
    0x81, 0xf2, 0x82, 0xf2, 0x82, 0xf2, 0x61, 0xf2, 0x81, 0xf2, 0x81, 0xf2,
    0x81, 0xf2, 0x82, 0xfa, 0x81, 0xf2, 0xa2, 0xf2, 0x82, 0xf2, 0x81, 0xf2,
    0x81, 0xf2, 0x81, 0xf2, 0x81, 0xf2, 0x81, 0xf2, 0x81, 0xf2, 0x81, 0xf2,
    0x81, 0xf2, 0x81, 0xf2, 0x82, 0xf2, 0x81, 0xf2, 0x81, 0xf2, 0x82, 0xf2,
    0x82, 0xf2, 0x81, 0xf2, 0x81, 0xf2, 0x82, 0xf2, 0x81, 0xf2, 0x81, 0xf2,
    0x81, 0xfa, 0x81, 0xf2, 0x82, 0xf2, 0x81, 0xf2, 0x81, 0xf2, 0x05, 0xeb,
    0x1a, 0xf7, 0xbe, 0xff, 0xbe, 0xff, 0xbe, 0xff, 0xbe, 0xff, 0xbe, 0xff,
    0xde, 0xff, 0xbe, 0xff, 0xbe, 0xff, 0xbe, 0xff, 0xbe, 0xff, 0xbe, 0xff,
    0xbe, 0xff, 0xbe, 0xff, 0xbe, 0xff, 0xbe, 0xff, 0xbe, 0xff, 0xbe, 0xff,
    0xbe, 0xff, 0xbe, 0xff, 0xbe, 0xf7, 0xbe, 0xff, 0xbe, 0xff, 0xbe, 0xff,
    0xbe, 0xff, 0xbe, 0xff, 0xbe, 0xf7, 0xbe, 0xff, 0xbe, 0xff, 0xbe, 0xff,
    0xbf, 0xff, 0xbe, 0xff, 0xbe, 0xff, 0xbe, 0xff, 0x9e, 0xf7, 0xbe, 0xff,
    0xbe, 0xff, 0xbe, 0xff, 0xbe, 0xff, 0xbe, 0xff, 0xbe, 0xff, 0xbe, 0xff,
    0xbe, 0xff, 0xbe, 0xff, 0xbe, 0xff, 0xbe, 0xff, 0xbe, 0xff, 0xbe, 0xff,
    0xbe, 0xff, 0xbe, 0xff, 0xbe, 0xff, 0xbe, 0xff, 0xbe, 0xff, 0xbe, 0xff,
    0xbe, 0xff, 0xbe, 0xff, 0xbe, 0xff, 0xbd, 0xff, 0xbe, 0xff, 0x9e, 0xff,
    0xbe, 0xff, 0xbe, 0xff, 0xbe, 0xff, 0xbe, 0xff, 0xbe, 0xff, 0xbe, 0xff,
    0xbe, 0xff, 0xbe, 0xff, 0xbe, 0xff, 0x52, 0xe5, 0x61, 0xea, 0x61, 0xf2,
    0x61, 0xf2, 0x81, 0xf2, 0x82, 0xf2, 0x81, 0xf2, 0x81, 0xf2, 0x81, 0xf2,
    0x81, 0xf2, 0x81, 0xf2, 0x81, 0xf2, 0x81, 0xf2, 0x81, 0xf2, 0x61, 0xf2,
    0x81, 0xf2, 0x81, 0xf2, 0x81, 0xf2, 0x82, 0xf2, 0x61, 0xf2, 0x61, 0xf2,
    0x81, 0xf2, 0x81, 0xf2, 0x82, 0xf2, 0x81, 0xf2, 0x81, 0xf2, 0x61, 0xf2,
    0x81, 0xf2, 0x81, 0xf2, 0x61, 0xf2, 0x81, 0xf2, 0x81, 0xf2, 0x61, 0xf2,
    0x62, 0xf2, 0x61, 0xf2, 0x61, 0xf2, 0x61, 0xf2, 0x81, 0xf2, 0x81, 0xf2,
    0x81, 0xf2, 0x61, 0xf2, 0x81, 0xf2, 0x61, 0xf2, 0x81, 0xf2, 0x82, 0xf2,
    0x82, 0xf2, 0x81, 0xf2, 0x81, 0xf2, 0x82, 0xf2, 0x81, 0xf2, 0x61, 0xf2,
    0x81, 0xf2, 0x61, 0xf2, 0x81, 0xf2, 0x81, 0xf2, 0x61, 0xf2, 0x82, 0xf2,
    0x61, 0xf2, 0x62, 0xf2, 0x61, 0xf2, 0x61, 0xf2, 0x82, 0xf2, 0x61, 0xf2,
    0x81, 0xf2, 0x82, 0xf2, 0x62, 0xf2, 0x61, 0xf2, 0x82, 0xf2, 0x81, 0xf2,
    0x82, 0xf2, 0x81, 0xf2, 0x82, 0xf2, 0x62, 0xf2, 0x61, 0xf2, 0x61, 0xf2,
    0x81, 0xf2, 0x81, 0xf2, 0x62, 0xf2, 0x61, 0xf2, 0x82, 0xf2, 0x81, 0xf2,
    0x61, 0xf2, 0x82, 0xf2, 0x81, 0xfa, 0x81, 0xf2, 0x81, 0xf2, 0x61, 0xf2,
    0x81, 0xf2, 0x81, 0xf2, 0x61, 0xf2, 0x81, 0xf2, 0x81, 0xf2, 0x81, 0xf2,
    0x81, 0xf2, 0x81, 0xf2, 0x62, 0xf2, 0x62, 0xf2, 0x81, 0xf2, 0x81, 0xf2,
    0x61, 0xf2, 0x61, 0xf2, 0x61, 0xf2, 0x61, 0xf2, 0x62, 0xf2, 0x62, 0xea,
    0x62, 0xf2, 0x61, 0xf2, 0x61, 0xf2, 0x82, 0xf2, 0x82, 0xf2, 0x81, 0xf2,
    0x82, 0xf2, 0x81, 0xf2, 0x81, 0xf2, 0x81, 0xf2, 0x81, 0xf2, 0x82, 0xf2,
    0x81, 0xf2, 0x82, 0xf2, 0x81, 0xf2, 0x81, 0xf2, 0x82, 0xf2, 0x81, 0xf2,
    0x81, 0xf2, 0xa1, 0xf2, 0xa2, 0xf2, 0xa1, 0xf2, 0x81, 0xf2, 0x81, 0xf2,
    0x81, 0xfa, 0x81, 0xf2, 0x81, 0xf2, 0x81, 0xf2, 0x81, 0xf2, 0xa2, 0xfa,
    0x81, 0xf2, 0xa1, 0xfa, 0xa2, 0xfa, 0x82, 0xfa, 0xa1, 0xfa, 0xa2, 0xf2,
    0x82, 0xf2, 0x81, 0xf2, 0xa2, 0xf2, 0x81, 0xf2, 0xa2, 0xfa, 0xa2, 0xfa,
    0x82, 0xf2, 0x82, 0xf2, 0x81, 0xf2, 0x81, 0xf2, 0x81, 0xf2, 0x81, 0xf2,
    0x81, 0xf2, 0x81, 0xf2, 0x81, 0xf2, 0x81, 0xf2, 0x82, 0xf2, 0x82, 0xf2,
    0x61, 0xf2, 0x61, 0xfa, 0x82, 0xf2, 0x81, 0xf2, 0x62, 0xf2, 0x81, 0xf2,
    0x61, 0xf2, 0x61, 0xf2, 0x81, 0xf2, 0x82, 0xf2, 0x81, 0xf2, 0x61, 0xfa,
    0x61, 0xf2, 0x61, 0xfa, 0x61, 0xf2, 0x61, 0xf2, 0x81, 0xfa, 0x61, 0xfa,
    0x82, 0xf2, 0x81, 0xfa, 0x82, 0xf2, 0x61, 0xf2, 0x81, 0xf2, 0x81, 0xf2,
    0x81, 0xf2, 0x81, 0xf2, 0x82, 0xfa, 0x82, 0xf2, 0x81, 0xf2, 0x81, 0xf2,
    0x81, 0xf2, 0x82, 0xf2, 0x81, 0xf2, 0x61, 0xf2, 0x81, 0xf2, 0x82, 0xfa,
    0x82, 0xfa, 0x81, 0xf2, 0x61, 0xf2, 0x61, 0xfa, 0x82, 0xf2, 0x81, 0xf2,
    0x81, 0xf2, 0x81, 0xf2, 0x82, 0xf2, 0x81, 0xf2, 0x82, 0xfa, 0x82, 0xf2,
    0x81, 0xf2, 0x82, 0xf2, 0x81, 0xf2, 0x82, 0xf2, 0x81, 0xf2, 0x81, 0xf2,
    0x82, 0xf2, 0x82, 0xf2, 0x81, 0xf2, 0x81, 0xf2, 0x81, 0xf2, 0x82, 0xf2,
    0x82, 0xf2, 0x81, 0xfa, 0x82, 0xf2, 0x82, 0xf2, 0xa2, 0xfa, 0xa2, 0xfa,
    0xa2, 0xfa, 0x82, 0xf2, 0xa2, 0xfa, 0x82, 0xfa, 0x81, 0xf2, 0x81, 0xf2,
    0x81, 0xf2, 0x81, 0xf2, 0x81, 0xf2, 0x81, 0xf2, 0x81, 0xf2, 0x81, 0xf2,
    0x82, 0xf2, 0x81, 0xf2, 0x82, 0xf2, 0x81, 0xf2, 0x81, 0xf2, 0x82, 0xf2,
    0x82, 0xf2, 0x81, 0xf2, 0x82, 0xf2, 0x81, 0xf2, 0x82, 0xfa, 0x81, 0xf2,
    0x82, 0xf2, 0xa2, 0xea, 0xae, 0xe4, 0x9d, 0xff, 0xbe, 0xff, 0xbe, 0xff,
    0xbe, 0xff, 0xbe, 0xff, 0xbe, 0xff, 0xbe, 0xff, 0xbe, 0xff, 0xdf, 0xff,
    0xbe, 0xff, 0xbe, 0xf7, 0xbf, 0xff, 0xbe, 0xff, 0xbe, 0xff, 0xbe, 0xf7,
    0xbf, 0xff, 0xbf, 0xff, 0xbe, 0xff, 0xbe, 0xf7, 0xbe, 0xff, 0xbe, 0xf7,
    0xbe, 0xf7, 0xbe, 0xf7, 0xbe, 0xff, 0xbe, 0xff, 0xbe, 0xff, 0xbe, 0xf7,
    0x9f, 0xff, 0xbe, 0xff, 0xbe, 0xff, 0xbf, 0xf7, 0x9e, 0xff, 0xbe, 0xff,
    0xbe, 0xf7, 0xbe, 0xff, 0xbe, 0xff, 0xbe, 0xff, 0xbe, 0xff, 0xbf, 0xff,
    0xbe, 0xff, 0xbe, 0xff, 0xbf, 0xff, 0xbe, 0xf7, 0xbe, 0xff, 0xbf, 0xff,
    0xbe, 0xff, 0xbe, 0xf7, 0xbe, 0xf7, 0xde, 0xff, 0xbe, 0xff, 0xbe, 0xff,
    0xbe, 0xff, 0xbe, 0xff, 0xbe, 0xff, 0xbe, 0xff, 0xbe, 0xff, 0xbe, 0xff,
    0xbe, 0xff, 0xbe, 0xff, 0xbe, 0xff, 0xbe, 0xff, 0xbe, 0xff, 0xbe, 0xff,
    0xbe, 0xff, 0xbe, 0xff, 0xbe, 0xff, 0xbe, 0xff, 0x7c, 0xff, 0x47, 0xdb,
    0x61, 0xea, 0x61, 0xf2, 0x61, 0xf2, 0x61, 0xf2, 0x82, 0xf2, 0x82, 0xf2,
    0x81, 0xf2, 0x82, 0xf2, 0x81, 0xf2, 0x81, 0xf2, 0x81, 0xf2, 0x81, 0xf2,
    0x81, 0xf2, 0x81, 0xf2, 0x62, 0xf2, 0x61, 0xf2, 0x81, 0xf2, 0x81, 0xf2,
    0x61, 0xf2, 0x81, 0xf2, 0x82, 0xf2, 0x81, 0xf2, 0x81, 0xf2, 0x82, 0xf2,
    0x81, 0xf2, 0x81, 0xf2, 0x81, 0xf2, 0x82, 0xf2, 0x82, 0xf2, 0x81, 0xf2,
    0x61, 0xf2, 0x81, 0xf2, 0x81, 0xf2, 0x82, 0xf2, 0x61, 0xf2, 0x61, 0xf2,
    0x61, 0xf2, 0x61, 0xf2, 0x81, 0xf2, 0x82, 0xf2, 0x61, 0xf2, 0x81, 0xf2,
    0x82, 0xf2, 0x81, 0xf2, 0x61, 0xf2, 0x81, 0xf2, 0x81, 0xf2, 0x82, 0xf2,
    0x81, 0xf2, 0x82, 0xf2, 0x81, 0xf2, 0x81, 0xf2, 0x82, 0xf2, 0x81, 0xf2,
    0x81, 0xf2, 0x82, 0xf2, 0x81, 0xf2, 0x81, 0xf2, 0x82, 0xf2, 0x82, 0xf2,
    0x61, 0xf2, 0x81, 0xf2, 0x82, 0xf2, 0x82, 0xf2, 0x82, 0xf2, 0x82, 0xf2,
    0x81, 0xf2, 0x82, 0xf2, 0x82, 0xf2, 0x81, 0xf2, 0x81, 0xf2, 0x81, 0xf2,
    0x81, 0xf2, 0x81, 0xf2, 0x61, 0xf2, 0x81, 0xf2, 0x82, 0xf2, 0x81, 0xf2,
    0x82, 0xf2, 0x82, 0xfa, 0x81, 0xfa, 0x82, 0xf2, 0x81, 0xf2, 0x61, 0xf2,
    0x82, 0xf2, 0x61, 0xf2, 0x81, 0xf2, 0x61, 0xf2, 0x81, 0xf2, 0x82, 0xf2,
    0x61, 0xf2, 0x82, 0xf2, 0x82, 0xf2, 0x81, 0xf2, 0x82, 0xf2, 0x82, 0xf2,
    0x81, 0xf2, 0x82, 0xf2, 0x82, 0xf2, 0x82, 0xf2, 0x81, 0xf2, 0x61, 0xf2,
    0x62, 0xf2, 0x82, 0xf2, 0x62, 0xf2, 0x82, 0xf2, 0x61, 0xea, 0x82, 0xf2,
    0x82, 0xf2, 0x82, 0xf2, 0x82, 0xf2, 0x82, 0xf2, 0x81, 0xf2, 0x81, 0xf2,
    0x82, 0xf2, 0x81, 0xf2, 0x81, 0xf2, 0x82, 0xf2, 0xa1, 0xfa, 0x82, 0xf2,
    0x81, 0xf2, 0xa2, 0xf2, 0x81, 0xf2, 0x81, 0xf2, 0xa1, 0xf2, 0xa1, 0xf2,
    0xa1, 0xfa, 0x81, 0xf2, 0xa1, 0xfa, 0xa1, 0xfa, 0x81, 0xf2, 0x81, 0xf2,
    0x81, 0xf2, 0x81, 0xfa, 0xa1, 0xfa, 0xa1, 0xfa, 0xa1, 0xf2, 0xa1, 0xfa,
    0x82, 0xf2, 0xa1, 0xfa, 0x81, 0xf2, 0xa1, 0xfa, 0xa2, 0xf2, 0x81, 0xf2,
    0x81, 0xfa, 0xa1, 0xfa, 0x81, 0xf2, 0x81, 0xf2, 0x82, 0xfa, 0x81, 0xf2,
    0x82, 0xf2, 0x81, 0xf2, 0x81, 0xf2, 0x82, 0xf2, 0x81, 0xf2, 0x81, 0xf2,
    0x82, 0xf2, 0x81, 0xf2, 0x81, 0xf2, 0x81, 0xf2, 0x82, 0xf2, 0x81, 0xf2,
    0x81, 0xf2, 0x81, 0xf2, 0x81, 0xf2, 0x62, 0xf2, 0x61, 0xf2, 0x61, 0xf2,
    0x82, 0xf2, 0x82, 0xfa, 0x81, 0xf2, 0x82, 0xfa, 0x61, 0xf2, 0x81, 0xf2,
    0x82, 0xf2, 0x81, 0xf2, 0x81, 0xf2, 0x82, 0xfa, 0x81, 0xf2, 0x82, 0xf2,
    0x81, 0xf2, 0x81, 0xf2, 0x81, 0xf2, 0x81, 0xfa, 0x81, 0xf2, 0x81, 0xf2,
    0x81, 0xfa, 0x81, 0xf2, 0x81, 0xf2, 0x81, 0xf2, 0x81, 0xf2, 0x81, 0xf2,
    0x81, 0xf2, 0x61, 0xf2, 0x82, 0xf2, 0x81, 0xf2, 0x81, 0xf2, 0x81, 0xf2,
    0x82, 0xfa, 0x82, 0xf2, 0x81, 0xfa, 0x81, 0xf2, 0x81, 0xf2, 0x81, 0xf2,
    0x81, 0xf2, 0x81, 0xfa, 0x81, 0xf2, 0x82, 0xf2, 0x81, 0xf2, 0x82, 0xf2,
    0x81, 0xf2, 0x81, 0xf2, 0x81, 0xf2, 0x81, 0xf2, 0x81, 0xf2, 0x81, 0xfa,
    0x82, 0xfa, 0x82, 0xf2, 0x82, 0xfa, 0x81, 0xf2, 0x81, 0xf2, 0x81, 0xf2,
    0x81, 0xfa, 0xa1, 0xfa, 0xa2, 0xfa, 0xa2, 0xfa, 0xa1, 0xfa, 0x82, 0xf2,
    0x81, 0xf2, 0x81, 0xf2, 0x82, 0xf2, 0x62, 0xf2, 0x81, 0xf2, 0x81, 0xf2,
    0x81, 0xf2, 0x81, 0xf2, 0x81, 0xf2, 0x81, 0xf2, 0x81, 0xf2, 0x81, 0xf2,
    0x81, 0xf2, 0x81, 0xf2, 0x81, 0xf2, 0xa1, 0xf2, 0xa1, 0xf2, 0xa1, 0xf2,
    0xa2, 0xf2, 0xa1, 0xf2, 0x81, 0xf2, 0xa1, 0xf2, 0xc3, 0xea, 0xd3, 0xf5,
    0x9d, 0xf7, 0xbe, 0xff, 0xbe, 0xff, 0xbe, 0xff, 0xbe, 0xff, 0xbe, 0xff,
    0xbe, 0xff, 0xbf, 0xff, 0xbf, 0xff, 0xbf, 0xff, 0xbf, 0xff, 0xbf, 0xff,
    0xbe, 0xff, 0xbe, 0xff, 0xbe, 0xff, 0xbe, 0xff, 0xbe, 0xff, 0xbe, 0xff,
    0xbe, 0xff, 0xbe, 0xff, 0xbe, 0xff, 0xbe, 0xff, 0xbe, 0xff, 0x9e, 0xff,
    0xbe, 0xff, 0xbe, 0xff, 0xbe, 0xff, 0xbe, 0xff, 0x9f, 0xff, 0xbf, 0xff,
    0xbe, 0xff, 0x9e, 0xff, 0xbf, 0xff, 0xbf, 0xff, 0xbe, 0xff, 0xbe, 0xff,
    0xbe, 0xff, 0xbe, 0xff, 0xbe, 0xff, 0x9f, 0xff, 0xbe, 0xff, 0xbe, 0xff,
    0xbe, 0xff, 0x9e, 0xff, 0xbe, 0xff, 0xbe, 0xff, 0xbe, 0xff, 0xbe, 0xff,
    0xbe, 0xff, 0xbe, 0xff, 0xbe, 0xff, 0xbd, 0xff, 0x9e, 0xff, 0xbe, 0xff,
    0xbd, 0xff, 0xbd, 0xff, 0xbd, 0xff, 0xbe, 0xff, 0xbe, 0xff, 0xbd, 0xff,
    0xbe, 0xff, 0xbe, 0xff, 0xbe, 0xff, 0xbe, 0xff, 0x9e, 0xff, 0x9e, 0xff,
    0xeb, 0xd3, 0x62, 0xea, 0x81, 0xf2, 0x81, 0xf2, 0x81, 0xf2, 0x81, 0xf2,
    0x81, 0xf2, 0x81, 0xf2, 0x81, 0xf2, 0x81, 0xf2, 0x81, 0xf2, 0x81, 0xf2,
    0x61, 0xf2, 0x81, 0xf2, 0x81, 0xf2, 0x81, 0xf2, 0x82, 0xf2, 0x81, 0xf2,
    0x81, 0xf2, 0x81, 0xf2, 0x82, 0xea, 0x81, 0xf2, 0x81, 0xf2, 0x81, 0xf2,
    0x82, 0xf2, 0x81, 0xf2, 0x81, 0xf2, 0x82, 0xf2, 0x82, 0xf2, 0x81, 0xf2,
    0x81, 0xf2, 0x81, 0xf2, 0x82, 0xf2, 0x82, 0xf2, 0x81, 0xf2, 0x81, 0xf2,
    0x61, 0xf2, 0x61, 0xf2, 0x61, 0xf2, 0x81, 0xf2, 0x82, 0xf2, 0x81, 0xf2,
    0x81, 0xf2, 0x81, 0xf2, 0x61, 0xf2, 0x61, 0xf2, 0x81, 0xf2, 0x81, 0xfa,
    0x81, 0xf2, 0x81, 0xf2, 0xa1, 0xf2, 0x82, 0xf2, 0x81, 0xf2, 0x82, 0xf2,
    0x82, 0xf2, 0x81, 0xf2, 0x81, 0xf2, 0x81, 0xf2, 0x81, 0xfa, 0x82, 0xf2,
    0x82, 0xf2, 0x81, 0xf2, 0x61, 0xf2, 0x81, 0xf2, 0x81, 0xf2, 0x81, 0xf2,
    0x81, 0xf2, 0x81, 0xf2, 0x81, 0xf2, 0x81, 0xf2, 0x81, 0xf2, 0x81, 0xf2,
    0x81, 0xf2, 0x81, 0xf2, 0x61, 0xf2, 0x82, 0xf2, 0x82, 0xf2, 0x81, 0xf2,
    0x81, 0xf2, 0x81, 0xf2, 0x81, 0xf2, 0x81, 0xf2, 0x81, 0xf2, 0x81, 0xf2,
    0x81, 0xf2, 0x81, 0xf2, 0x82, 0xf2, 0x82, 0xf2, 0x81, 0xf2, 0x82, 0xf2,
    0x81, 0xf2, 0x81, 0xfa, 0x81, 0xf2, 0x81, 0xf2, 0x82, 0xf2, 0x81, 0xfa,
    0x81, 0xf2, 0x81, 0xf2, 0x62, 0xf2, 0x81, 0xf2, 0x81, 0xf2, 0x82, 0xf2,
    0x62, 0xf2, 0x61, 0xf2, 0x81, 0xf2, 0x62, 0xf2, 0x62, 0xf2, 0x81, 0xf2,
    0x61, 0xea, 0x81, 0xf2, 0x81, 0xf2, 0x81, 0xf2, 0x82, 0xf2, 0x81, 0xf2,
    0x82, 0xf2, 0x82, 0xf2, 0x81, 0xf2, 0x81, 0xfa, 0x81, 0xf2, 0x81, 0xf2,
    0x81, 0xf2, 0x81, 0xf2, 0x81, 0xf2, 0xa1, 0xf2, 0x81, 0xfa, 0xa1, 0xfa,
    0xa2, 0xf2, 0xa1, 0xf2, 0xa1, 0xf2, 0xa1, 0xf2, 0x81, 0xfa, 0xa1, 0xfa,
    0xa1, 0xfa, 0xa1, 0xf2, 0x81, 0xfa, 0xa1, 0xf2, 0xa2, 0xfa, 0xa1, 0xf2,
    0xa1, 0xfa, 0xa2, 0xf2, 0xa2, 0xfa, 0xa1, 0xfa, 0x81, 0xf2, 0x81, 0xf2,
    0x81, 0xf2, 0x81, 0xfa, 0xa2, 0xf2, 0x81, 0xf2, 0x81, 0xf2, 0xa1, 0xf2,
    0x81, 0xfa, 0xa1, 0xf2, 0xa2, 0xfa, 0xa1, 0xfa, 0x81, 0xf2, 0x82, 0xf2,
    0x81, 0xfa, 0x81, 0xf2, 0x81, 0xfa, 0x81, 0xf2, 0xa1, 0xf2, 0x82, 0xfa,
    0x81, 0xfa, 0x81, 0xfa, 0x81, 0xf2, 0x81, 0xf2, 0x81, 0xf2, 0x81, 0xf2,
    0x81, 0xf2, 0x61, 0xf2, 0x82, 0xf2, 0x81, 0xf2, 0x82, 0xfa, 0x82, 0xf2,
    0x81, 0xf2, 0x81, 0xf2, 0x82, 0xf2, 0x81, 0xf2, 0x81, 0xf2, 0x81, 0xf2,
    0x82, 0xf2, 0x81, 0xf2, 0x81, 0xf2, 0x81, 0xf2, 0x82, 0xf2, 0x81, 0xf2,
    0x81, 0xf2, 0x81, 0xf2, 0x82, 0xfa, 0x82, 0xf2, 0x81, 0xf2, 0x81, 0xfa,
    0x81, 0xfa, 0x82, 0xf2, 0x81, 0xf2, 0x81, 0xf2, 0x81, 0xf2, 0x81, 0xf2,
    0x81, 0xf2, 0x81, 0xf2, 0x81, 0xf2, 0x81, 0xf2, 0x81, 0xf2, 0x82, 0xf2,
    0x81, 0xfa, 0x81, 0xf2, 0x81, 0xf2, 0x81, 0xf2, 0x81, 0xf2, 0x81, 0xfa,
    0x82, 0xf2, 0x82, 0xf2, 0x81, 0xf2, 0x82, 0xf2, 0x82, 0xf2, 0x82, 0xf2,
    0x81, 0xf2, 0x81, 0xf2, 0x81, 0xf2, 0x81, 0xf2, 0x81, 0xfa, 0x81, 0xf2,
    0x81, 0xf2, 0x81, 0xf2, 0x81, 0xf2, 0xa1, 0xf2, 0xa1, 0xfa, 0xa2, 0xfa,
    0xa2, 0xfa, 0xa1, 0xf2, 0x81, 0xfa, 0x81, 0xf2, 0x82, 0xf2, 0x81, 0xf2,
    0x81, 0xf2, 0x81, 0xf2, 0x81, 0xf2, 0x82, 0xf2, 0xa1, 0xf2, 0x81, 0xfa,
    0x81, 0xf2, 0x81, 0xfa, 0x81, 0xf2, 0x82, 0xf2, 0x81, 0xf2, 0x81, 0xf2,
    0xa1, 0xf2, 0x81, 0xf2, 0x81, 0xf2, 0xa1, 0xf2, 0xa1, 0xf2, 0x81, 0xf2,
    0x81, 0xf2, 0xa2, 0xe2, 0x72, 0xed, 0x5b, 0xf7, 0xbe, 0xff, 0x9e, 0xff,
    0xbe, 0xff, 0xbe, 0xff, 0xbe, 0xff, 0xbe, 0xff, 0xbe, 0xff, 0xbe, 0xff,
    0xbe, 0xff, 0xbe, 0xff, 0xbf, 0xff, 0xbe, 0xff, 0xbe, 0xff, 0xbe, 0xff,
    0xbf, 0xff, 0x9e, 0xff, 0xbe, 0xff, 0xbe, 0xff, 0x9e, 0xff, 0x9e, 0xff,
    0xbe, 0xff, 0x9e, 0xff, 0x9e, 0xff, 0x9f, 0xff, 0xbe, 0xff, 0xbe, 0xff,
    0xbe, 0xf7, 0xbe, 0xff, 0xbe, 0xff, 0xbe, 0xff, 0xbe, 0xff, 0x9f, 0xff,
    0xbf, 0xff, 0xbe, 0xff, 0x9e, 0xff, 0x9e, 0xff, 0xbe, 0xff, 0xbe, 0xff,
    0xbe, 0xff, 0xbe, 0xff, 0x9e, 0xff, 0x9e, 0xff, 0x9e, 0xff, 0xbf, 0xff,
    0x9f, 0xff, 0x9e, 0xff, 0x9e, 0xff, 0x9e, 0xff, 0x9e, 0xff, 0x9e, 0xff,
    0xbe, 0xff, 0xbd, 0xff, 0x9d, 0xff, 0x9d, 0xff, 0x9e, 0xff, 0xbd, 0xff,
    0xbd, 0xff, 0xbd, 0xff, 0xbe, 0xff, 0xbe, 0xff, 0xbd, 0xff, 0xbd, 0xff,
    0xfa, 0xf6, 0xee, 0xec, 0x81, 0xe2, 0x81, 0xf2, 0x81, 0xf2, 0x81, 0xf2,
    0x81, 0xfa, 0x81, 0xf2, 0x81, 0xf2, 0x81, 0xf2, 0x81, 0xf2, 0x81, 0xfa,
    0x81, 0xf2, 0x81, 0xf2, 0x81, 0xf2, 0x81, 0xf2, 0x81, 0xf2, 0x81, 0xf2,
    0x81, 0xf2, 0x81, 0xf2, 0x81, 0xf2, 0x81, 0xf2, 0x61, 0xf2, 0x81, 0xf2,
    0x81, 0xf2, 0x81, 0xf2, 0x82, 0xf2, 0x81, 0xf2, 0x81, 0xf2, 0x81, 0xf2,
    0x81, 0xf2, 0x81, 0xf2, 0x81, 0xf2, 0x81, 0xf2, 0x81, 0xf2, 0x82, 0xf2,
    0x81, 0xf2, 0x61, 0xf2, 0x61, 0xf2, 0x61, 0xf2, 0x61, 0xf2, 0x81, 0xf2,
    0x82, 0xf2, 0x81, 0xf2, 0x81, 0xf2, 0x81, 0xf2, 0x81, 0xf2, 0x82, 0xf2,
    0x81, 0xf2, 0x82, 0xf2, 0x81, 0xf2, 0x81, 0xf2, 0xa1, 0xf2, 0x81, 0xf2,
    0x81, 0xf2, 0x81, 0xf2, 0x81, 0xf2, 0x82, 0xf2, 0x82, 0xf2, 0x81, 0xf2,
    0x81, 0xf2, 0x82, 0xf2, 0xa1, 0xfa, 0x81, 0xf2, 0x82, 0xf2, 0x82, 0xf2,
    0x81, 0xf2, 0x81, 0xf2, 0x81, 0xf2, 0x82, 0xf2, 0x81, 0xf2, 0x82, 0xf2,
    0x81, 0xfa, 0x81, 0xf2, 0x81, 0xf2, 0x82, 0xf2, 0x61, 0xf2, 0x81, 0xf2,
    0x82, 0xf2, 0x81, 0xf2, 0x82, 0xf2, 0x81, 0xf2, 0x81, 0xf2, 0x81, 0xf2,
    0x81, 0xf2, 0x81, 0xf2, 0x81, 0xf2, 0x81, 0xf2, 0x82, 0xfa, 0x81, 0xf2,
    0x61, 0xf2, 0x82, 0xf2, 0x81, 0xf2, 0x81, 0xf2, 0x82, 0xfa, 0x81, 0xfa,
    0x82, 0xf2, 0x82, 0xf2, 0x81, 0xf2, 0x81, 0xf2, 0x81, 0xf2, 0x61, 0xf2,
    0x81, 0xf2, 0x82, 0xf2, 0x62, 0xf2, 0x82, 0xf2, 0x61, 0xf2, 0x61, 0xf2,
    0x82, 0xf2, 0x62, 0xf2, 0x82, 0xf2, 0x82, 0xf2, 0x81, 0xf2, 0x82, 0xf2,
    0x81, 0xf2, 0x81, 0xf2, 0x82, 0xf2, 0x81, 0xf2, 0x81, 0xfa, 0x81, 0xf2,
    0x82, 0xfa, 0x81, 0xf2, 0x81, 0xf2, 0x81, 0xf2, 0x81, 0xfa, 0xa2, 0xf2,
    0x81, 0xf2, 0xa1, 0xf2, 0xa2, 0xf2, 0xa1, 0xf2, 0xa1, 0xfa, 0xa1, 0xf2,
    0xa1, 0xf2, 0x81, 0xf2, 0x81, 0xf2, 0xa1, 0xfa, 0xa1, 0xfa, 0x81, 0xf2,
    0x81, 0xf2, 0xa1, 0xfa, 0xa2, 0xfa, 0xa2, 0xfa, 0xa1, 0xf2, 0xa2, 0xfa,
    0x82, 0xf2, 0xa1, 0xf2, 0xa2, 0xfa, 0xa1, 0xfa, 0x82, 0xf2, 0xa2, 0xfa,
    0xa1, 0xfa, 0x81, 0xf2, 0xa2, 0xfa, 0x81, 0xfa, 0xa2, 0xfa, 0x81, 0xfa,
    0xa1, 0xf2, 0xa1, 0xfa, 0x81, 0xfa, 0x81, 0xf2, 0x81, 0xfa, 0xa1, 0xfa,
    0xa1, 0xfa, 0x81, 0xf2, 0xa1, 0xf2, 0x81, 0xfa, 0x82, 0xf2, 0x81, 0xf2,
    0x81, 0xf2, 0x81, 0xf2, 0x81, 0xf2, 0x81, 0xf2, 0x81, 0xf2, 0x81, 0xf2,
    0x81, 0xfa, 0x81, 0xfa, 0x81, 0xf2, 0xa1, 0xf2, 0x81, 0xfa, 0x81, 0xf2,
    0x81, 0xfa, 0x81, 0xf2, 0x82, 0xfa, 0x61, 0xf2, 0x81, 0xf2, 0x81, 0xf2,
    0x81, 0xf2, 0x81, 0xf2, 0x81, 0xf2, 0x81, 0xf2, 0x81, 0xf2, 0x81, 0xf2,
    0x81, 0xf2, 0x81, 0xf2, 0x82, 0xf2, 0x81, 0xfa, 0x81, 0xfa, 0x81, 0xf2,
    0x82, 0xfa, 0x81, 0xf2, 0x81, 0xf2, 0x81, 0xf2, 0x81, 0xf2, 0xa2, 0xfa,
    0x81, 0xf2, 0xa1, 0xfa, 0x82, 0xfa, 0x81, 0xf2, 0x81, 0xf2, 0x81, 0xf2,
    0x81, 0xf2, 0x81, 0xf2, 0x81, 0xf2, 0x81, 0xf2, 0x81, 0xf2, 0x82, 0xf2,
    0x81, 0xf2, 0x82, 0xfa, 0x82, 0xf2, 0x81, 0xf2, 0x81, 0xf2, 0x81, 0xf2,
    0x81, 0xf2, 0x82, 0xfa, 0xa2, 0xfa, 0xa2, 0xfa, 0x81, 0xf2, 0xa2, 0xfa,
    0xa2, 0xf2, 0xa1, 0xf2, 0xa2, 0xfa, 0xa2, 0xfa, 0x81, 0xf2, 0x81, 0xf2,
    0x82, 0xf2, 0x81, 0xf2, 0x81, 0xf2, 0x81, 0xf2, 0x81, 0xf2, 0x81, 0xf2,
    0x82, 0xf2, 0x81, 0xf2, 0xa2, 0xfa, 0xa1, 0xf2, 0xa2, 0xf2, 0xa1, 0xf2,
    0x81, 0xf2, 0x82, 0xf2, 0xa2, 0xf2, 0x81, 0xf2, 0x81, 0xf2, 0xa2, 0xf2,
    0x81, 0xf2, 0xa1, 0xf2, 0x81, 0xf2, 0xa1, 0xea, 0xa3, 0xea, 0x2a, 0xec,
    0x10, 0xed, 0x31, 0xe5, 0x31, 0xe5, 0x51, 0xe5, 0x31, 0xe5, 0x51, 0xe5,
    0x51, 0xe5, 0x51, 0xe5, 0x51, 0xe5, 0x31, 0xe5, 0x51, 0xe5, 0x51, 0xe5,
    0x51, 0xe5, 0x31, 0xe5, 0x31, 0xe5, 0x30, 0xe5, 0x30, 0xe5, 0x30, 0xe5,
    0x51, 0xed, 0x51, 0xe5, 0x51, 0xe5, 0x51, 0xe5, 0x51, 0xe5, 0x51, 0xe5,
    0x31, 0xe5, 0x51, 0xe5, 0x31, 0xe5, 0x51, 0xe5, 0x51, 0xed, 0x51, 0xe5,
    0x51, 0xe5, 0x51, 0xe5, 0x51, 0xe5, 0x51, 0xe5, 0x51, 0xe5, 0x51, 0xe5,
    0x31, 0xe5, 0x31, 0xe5, 0x51, 0xe5, 0x51, 0xe5, 0x51, 0xe5, 0x51, 0xe5,
    0x51, 0xe5, 0x51, 0xe5, 0x51, 0xe5, 0x51, 0xe5, 0x51, 0xe5, 0x51, 0xe5,
    0x51, 0xe5, 0x51, 0xe5, 0x51, 0xe5, 0x51, 0xe5, 0x51, 0xe5, 0x50, 0xe5,
    0x50, 0xe5, 0x51, 0xed, 0x71, 0xe5, 0x71, 0xe5, 0x51, 0xe5, 0x71, 0xed,
    0x51, 0xed, 0x0f, 0xe5, 0xc8, 0xeb, 0xa2, 0xe2, 0xa1, 0xea, 0x81, 0xf2,
    0x81, 0xf2, 0x81, 0xfa, 0xa1, 0xfa, 0x81, 0xf2, 0x81, 0xfa, 0x81, 0xf2,
    0x81, 0xf2, 0x81, 0xfa, 0x81, 0xf2, 0x81, 0xf2, 0x81, 0xf2, 0x81, 0xf2,
    0x81, 0xf2, 0x81, 0xf2, 0x81, 0xf2, 0x81, 0xf2, 0x81, 0xf2, 0x81, 0xf2,
    0x81, 0xf2, 0x81, 0xf2, 0x81, 0xf2, 0x81, 0xf2, 0x81, 0xf2, 0x82, 0xf2,
    0x81, 0xf2, 0x81, 0xf2, 0x81, 0xea, 0x81, 0xf2, 0x81, 0xf2, 0x81, 0xf2,
    0x81, 0xf2, 0x81, 0xf2, 0x81, 0xf2, 0x81, 0xf2, 0x61, 0xf2, 0x61, 0xf2,
    0x61, 0xf2, 0x61, 0xf2, 0x61, 0xf2, 0x81, 0xf2, 0x81, 0xf2, 0x81, 0xf2,
    0x81, 0xf2, 0x81, 0xf2, 0x81, 0xfa, 0x81, 0xf2, 0x81, 0xfa, 0x82, 0xf2,
    0x81, 0xf2, 0xa1, 0xf2, 0x82, 0xf2, 0x82, 0xf2, 0x81, 0xf2, 0x81, 0xf2,
    0xa2, 0xf2, 0x81, 0xfa, 0x81, 0xf2, 0x81, 0xf2, 0x82, 0xf2, 0xa2, 0xf2,
    0x81, 0xfa, 0x82, 0xf2, 0x82, 0xf2, 0x81, 0xf2, 0x82, 0xf2, 0x81, 0xf2,
    0x82, 0xf2, 0x81, 0xf2, 0x81, 0xfa, 0x82, 0xf2, 0x82, 0xf2, 0x82, 0xfa,
    0x61, 0xf2, 0x81, 0xf2, 0x81, 0xf2, 0x82, 0xf2, 0x81, 0xf2, 0x81, 0xfa,
    0x81, 0xf2, 0x81, 0xf2, 0x61, 0xf2, 0x81, 0xf2, 0x81, 0xf2, 0x81, 0xf2,
    0x82, 0xf2, 0x81, 0xf2, 0x82, 0xfa, 0x81, 0xf2, 0x81, 0xf2, 0xa2, 0xf2,
    0x81, 0xfa, 0x81, 0xfa, 0x82, 0xf2, 0x81, 0xf2, 0x81, 0xf2, 0x61, 0xf2,
    0x62, 0xf2, 0x81, 0xf2, 0x81, 0xf2, 0x81, 0xf2, 0x82, 0xf2, 0x82, 0xf2,
    0x81, 0xf2, 0x61, 0xf2, 0x61, 0xf2, 0x81, 0xf2, 0x82, 0xea, 0x82, 0xf2,
    0x82, 0xf2, 0xa1, 0xf2, 0x81, 0xf2, 0x82, 0xf2, 0x81, 0xfa, 0xa1, 0xfa,
    0xa2, 0xf2, 0xa2, 0xfa, 0x81, 0xf2, 0xa1, 0xf2, 0x82, 0xfa, 0x81, 0xf2,
    0x81, 0xf2, 0xa2, 0xfa, 0x81, 0xf2, 0xa1, 0xf2, 0xc1, 0xf2, 0xa1, 0xf2,
    0xa1, 0xfa, 0xa1, 0xf2, 0xa1, 0xf2, 0xa1, 0xfa, 0x81, 0xf2, 0x81, 0xfa,
    0xa2, 0xfa, 0xa1, 0xfa, 0xa1, 0xf2, 0x81, 0xf2, 0xa1, 0xfa, 0xa1, 0xf2,
    0xa1, 0xfa, 0xa2, 0xfa, 0x81, 0xfa, 0x81, 0xf2, 0xa2, 0xfa, 0x81, 0xf2,
    0x81, 0xfa, 0xa1, 0xfa, 0x81, 0xf2, 0xa1, 0xf2, 0xa1, 0xfa, 0xa1, 0xf2,
    0xa1, 0xf2, 0xa1, 0xfa, 0xa1, 0xfa, 0xa1, 0xfa, 0xa1, 0xf2, 0xa1, 0xf2,
    0xa1, 0xfa, 0x81, 0xf2, 0xa1, 0xf2, 0xa1, 0xfa, 0xa1, 0xf2, 0xa1, 0xfa,
    0x81, 0xf2, 0x81, 0xf2, 0x81, 0xf2, 0x81, 0xf2, 0x81, 0xf2, 0x82, 0xfa,
    0x81, 0xf2, 0x81, 0xfa, 0xa1, 0xf2, 0x81, 0xfa, 0xa2, 0xfa, 0x81, 0xf2,
    0x81, 0xf2, 0x82, 0xf2, 0xa2, 0xfa, 0x81, 0xf2, 0x81, 0xf2, 0x82, 0xf2,
    0x81, 0xf2, 0x81, 0xfa, 0x81, 0xf2, 0x81, 0xf2, 0x81, 0xfa, 0x81, 0xf2,
    0xa2, 0xf2, 0x81, 0xfa, 0x81, 0xf2, 0x81, 0xf2, 0x81, 0xf2, 0x81, 0xf2,
    0xa1, 0xf2, 0x82, 0xf2, 0x81, 0xfa, 0x81, 0xf2, 0x81, 0xf2, 0x81, 0xf2,
    0x82, 0xfa, 0xa1, 0xfa, 0x81, 0xf2, 0xa1, 0xfa, 0xa1, 0xfa, 0x81, 0xf2,
    0x81, 0xf2, 0x81, 0xf2, 0x81, 0xf2, 0x81, 0xf2, 0x81, 0xf2, 0x81, 0xf2,
    0x81, 0xf2, 0xa2, 0xf2, 0x81, 0xfa, 0x81, 0xf2, 0x81, 0xf2, 0x81, 0xf2,
    0x81, 0xf2, 0x81, 0xf2, 0x82, 0xf2, 0xa1, 0xfa, 0x81, 0xf2, 0xa1, 0xfa,
    0xa1, 0xfa, 0xa1, 0xfa, 0xa2, 0xfa, 0x81, 0xf2, 0x81, 0xf2, 0xa2, 0xfa,
    0x81, 0xf2, 0xa1, 0xf2, 0xa1, 0xf2, 0x81, 0xf2, 0x82, 0xf2, 0xa2, 0xf2,
    0x81, 0xf2, 0xa1, 0xf2, 0x81, 0xf2, 0x81, 0xf2, 0xa1, 0xf2, 0xa1, 0xf2,
    0xa1, 0xf2, 0xa1, 0xf2, 0xa1, 0xf2, 0xa1, 0xf2, 0xa1, 0xf2, 0xa1, 0xf2,
    0x82, 0xfa, 0xa2, 0xfa, 0x81, 0xf2, 0x81, 0xf2, 0xa2, 0xf2, 0xa1, 0xf2,
    0xa1, 0xf2, 0xa2, 0xf2, 0xc2, 0xea, 0xc3, 0xe2, 0xc3, 0xe2, 0xc3, 0xe2,
    0xc3, 0xe2, 0xc3, 0xe2, 0xc3, 0xe2, 0xc3, 0xe2, 0xc3, 0xe2, 0xe3, 0xe2,
    0xc3, 0xe2, 0xc3, 0xe2, 0xc2, 0xe2, 0xc2, 0xe2, 0xc2, 0xe2, 0xa2, 0xe2,
    0xa2, 0xe2, 0xc2, 0xe2, 0xc2, 0xe2, 0xc2, 0xe2, 0xc3, 0xea, 0xc3, 0xe2,
    0xc3, 0xea, 0xc3, 0xe2, 0xc2, 0xe2, 0xc3, 0xe2, 0xa2, 0xe2, 0xc2, 0xea,
    0xc2, 0xea, 0xc2, 0xe2, 0xa3, 0xea, 0xc2, 0xea, 0xc2, 0xe2, 0xc2, 0xe2,
    0xc2, 0xe2, 0xc2, 0xe2, 0xa2, 0xe2, 0xa2, 0xe2, 0xc3, 0xe2, 0xc3, 0xe2,
    0xc3, 0xea, 0xc3, 0xea, 0xc3, 0xe2, 0xc3, 0xe2, 0xc2, 0xe2, 0xc3, 0xea,
    0xc3, 0xe2, 0xc3, 0xe2, 0xc3, 0xe2, 0xc2, 0xea, 0xa2, 0xe2, 0xc2, 0xe2,
    0xc2, 0xea, 0xc2, 0xe2, 0xc2, 0xea, 0xc3, 0xea, 0xc3, 0xe2, 0xc3, 0xea,
    0xe2, 0xe2, 0xc2, 0xe2, 0xc2, 0xe2, 0xa2, 0xea, 0xa2, 0xf2, 0xa1, 0xf2,
    0x81, 0xf2, 0xa1, 0xf2, 0xa1, 0xf2, 0xa1, 0xfa, 0x81, 0xf2, 0xa1, 0xfa,
    0x81, 0xf2, 0x81, 0xf2, 0x82, 0xf2, 0x81, 0xf2, 0x81, 0xf2, 0x81, 0xfa,
    0x81, 0xf2, 0x81, 0xfa, 0x81, 0xf2, 0x81, 0xf2, 0x81, 0xf2, 0x81, 0xf2,
    0x81, 0xf2, 0x81, 0xf2, 0x82, 0xf2, 0x81, 0xf2, 0x81, 0xf2, 0x82, 0xf2,
    0x81, 0xf2, 0x81, 0xf2, 0x81, 0xf2, 0x81, 0xf2, 0x81, 0xf2, 0x81, 0xf2,
    0x82, 0xfa, 0x81, 0xf2, 0x81, 0xf2, 0x82, 0xf2, 0x81, 0xf2, 0x81, 0xf2,
    0x61, 0xf2, 0x61, 0xf2, 0x81, 0xf2, 0x61, 0xf2, 0x61, 0xf2, 0x82, 0xf2,
    0x61, 0xf2, 0x81, 0xf2, 0x81, 0xf2, 0x81, 0xf2, 0x82, 0xfa, 0x81, 0xf2,
    0x81, 0xf2, 0x81, 0xfa, 0x81, 0xf2, 0x81, 0xf2, 0x81, 0xf2, 0x81, 0xf2,
    0x81, 0xf2, 0xa1, 0xf2, 0x81, 0xf2, 0xa1, 0xf2, 0x81, 0xfa, 0x81, 0xf2,
    0x81, 0xf2, 0x81, 0xf2, 0x81, 0xf2, 0x81, 0xf2, 0x81, 0xf2, 0x81, 0xf2,
    0x81, 0xf2, 0x81, 0xfa, 0x81, 0xf2, 0x81, 0xf2, 0x81, 0xfa, 0x81, 0xfa,
    0x81, 0xfa, 0x81, 0xf2, 0x81, 0xf2, 0x81, 0xf2, 0x61, 0xf2, 0x81, 0xf2,
    0x81, 0xf2, 0x81, 0xf2, 0x81, 0xf2, 0x81, 0xf2, 0x61, 0xf2, 0x81, 0xf2,
    0x81, 0xfa, 0x81, 0xf2, 0x81, 0xf2, 0x81, 0xfa, 0x81, 0xfa, 0xa1, 0xf2,
    0xa2, 0xf2, 0x81, 0xfa, 0xa1, 0xf2, 0xa2, 0xf2, 0x81, 0xf2, 0x82, 0xfa,
    0x81, 0xf2, 0x61, 0xf2, 0x62, 0xf2, 0x81, 0xf2, 0x81, 0xf2, 0x81, 0xf2,
    0x81, 0xf2, 0x81, 0xf2, 0x82, 0xf2, 0x61, 0xf2, 0x81, 0xea, 0x81, 0xea,
    0x81, 0xf2, 0x81, 0xf2, 0x81, 0xf2, 0x81, 0xf2, 0xa1, 0xfa, 0x81, 0xf2,
    0x81, 0xf2, 0x81, 0xf2, 0xa2, 0xfa, 0xa1, 0xfa, 0x81, 0xf2, 0x81, 0xf2,
    0x81, 0xf2, 0x81, 0xf2, 0x81, 0xf2, 0xa2, 0xfa, 0xa1, 0xf2, 0xa1, 0xf2,
    0xa1, 0xf2, 0xc1, 0xf2, 0xa1, 0xfa, 0xa1, 0xf2, 0xa1, 0xf2, 0xa2, 0xfa,
    0xa1, 0xfa, 0xa1, 0xf2, 0xa2, 0xf2, 0xa1, 0xfa, 0xa1, 0xfa, 0x81, 0xf2,
    0xa2, 0xfa, 0xa2, 0xfa, 0x81, 0xf2, 0xa2, 0xf2, 0xa1, 0xfa, 0xa2, 0xfa,
    0xa2, 0xfa, 0xa1, 0xf2, 0xa1, 0xfa, 0xa1, 0xfa, 0xa1, 0xf2, 0xa1, 0xfa,
    0xa1, 0xfa, 0xa2, 0xfa, 0xa1, 0xf2, 0xa1, 0xfa, 0xa2, 0xf2, 0xa1, 0xfa,
    0xa2, 0xfa, 0xa2, 0xfa, 0xa1, 0xfa, 0xa2, 0xfa, 0xa1, 0xfa, 0xa1, 0xfa,
    0xa2, 0xfa, 0xa1, 0xfa, 0x81, 0xf2, 0x81, 0xf2, 0x81, 0xfa, 0x81, 0xf2,
    0x81, 0xf2, 0xa2, 0xfa, 0x81, 0xf2, 0xa1, 0xf2, 0x81, 0xf2, 0xa1, 0xfa,
    0x82, 0xf2, 0x81, 0xf2, 0x81, 0xf2, 0x81, 0xf2, 0x82, 0xfa, 0x82, 0xfa,
    0xa1, 0xfa, 0x82, 0xfa, 0x81, 0xf2, 0x81, 0xf2, 0x82, 0xf2, 0x82, 0xfa,
    0x81, 0xf2, 0x81, 0xf2, 0xa2, 0xfa, 0x81, 0xf2, 0x81, 0xf2, 0x81, 0xf2,
    0x81, 0xf2, 0x81, 0xf2, 0x82, 0xfa, 0x81, 0xf2, 0xa1, 0xf2, 0xa2, 0xfa,
    0x81, 0xf2, 0x81, 0xf2, 0x81, 0xf2, 0x81, 0xf2, 0xa1, 0xf2, 0x81, 0xf2,
    0xa1, 0xfa, 0xa1, 0xf2, 0x81, 0xfa, 0x81, 0xf2, 0x82, 0xfa, 0x82, 0xfa,
    0x81, 0xf2, 0x81, 0xf2, 0x81, 0xfa, 0x81, 0xf2, 0xa1, 0xfa, 0x81, 0xf2,
    0x81, 0xf2, 0x81, 0xfa, 0x81, 0xf2, 0x81, 0xf2, 0xa1, 0xfa, 0x81, 0xf2,
    0x81, 0xf2, 0x81, 0xf2, 0xa1, 0xfa, 0xa1, 0xf2, 0xa2, 0xfa, 0xa2, 0xfa,
    0xa1, 0xfa, 0xa2, 0xf2, 0x81, 0xf2, 0x81, 0xfa, 0xa1, 0xf2, 0xa1, 0xf2,
    0xa2, 0xf2, 0xa1, 0xf2, 0xa2, 0xf2, 0xa2, 0xf2, 0x81, 0xf2, 0xa1, 0xf2,
    0xa1, 0xf2, 0xa1, 0xf2, 0xa1, 0xf2, 0xa1, 0xf2, 0xa2, 0xf2, 0xa1, 0xf2,
    0xa2, 0xf2, 0xa1, 0xfa, 0xa2, 0xf2, 0xa1, 0xfa, 0xa1, 0xfa, 0xa2, 0xf2,
    0xa1, 0xf2, 0xa1, 0xf2, 0xa1, 0xf2, 0xa1, 0xf2, 0xa1, 0xf2, 0xa1, 0xf2,
    0xa1, 0xf2, 0xa1, 0xf2, 0xa1, 0xf2, 0xa1, 0xf2, 0xa1, 0xf2, 0xa1, 0xf2,
    0xa1, 0xf2, 0xa1, 0xf2, 0xa1, 0xf2, 0xa1, 0xea, 0xa1, 0xf2, 0xa1, 0xf2,
    0xa1, 0xf2, 0xa1, 0xf2, 0x81, 0xf2, 0x81, 0xf2, 0x81, 0xf2, 0x81, 0xf2,
    0xa1, 0xf2, 0xa1, 0xea, 0xa1, 0xea, 0xa1, 0xf2, 0xa1, 0xf2, 0xa1, 0xf2,
    0xa1, 0xf2, 0xa1, 0xf2, 0x81, 0xf2, 0x81, 0xea, 0x81, 0xf2, 0x81, 0xf2,
    0x81, 0xf2, 0x81, 0xea, 0x81, 0xf2, 0x81, 0xf2, 0xa1, 0xf2, 0xa1, 0xf2,
    0x81, 0xf2, 0xa1, 0xf2, 0xa1, 0xf2, 0xa1, 0xea, 0xa1, 0xf2, 0xa1, 0xf2,
    0xa1, 0xf2, 0xa1, 0xf2, 0x81, 0xf2, 0xa1, 0xea, 0xa1, 0xf2, 0xa1, 0xf2,
    0xa1, 0xf2, 0xa1, 0xf2, 0xa1, 0xea, 0xa1, 0xf2, 0xa1, 0xf2, 0xa1, 0xf2,
    0xa1, 0xf2, 0xa1, 0xf2, 0xa1, 0xf2, 0xc1, 0xf2, 0xa1, 0xf2, 0xa1, 0xf2,
    0xa1, 0xf2, 0xa1, 0xf2, 0xa1, 0xf2, 0xa1, 0xf2, 0x81, 0xf2, 0x81, 0xf2,
    0xa2, 0xf2, 0xa1, 0xfa, 0xa1, 0xfa, 0xa1, 0xf2, 0xa1, 0xfa, 0x82, 0xf2,
    0x81, 0xf2, 0x81, 0xf2, 0x82, 0xfa, 0xa1, 0xfa, 0x81, 0xf2, 0x81, 0xfa,
    0x81, 0xfa, 0x81, 0xf2, 0x81, 0xf2, 0x81, 0xf2, 0x81, 0xf2, 0x81, 0xf2,
    0x81, 0xf2, 0x82, 0xfa, 0xa1, 0xf2, 0x81, 0xf2, 0x82, 0xf2, 0x81, 0xf2,
    0x81, 0xf2, 0x82, 0xf2, 0x81, 0xf2, 0x81, 0xfa, 0xa2, 0xf2, 0x81, 0xf2,
    0x81, 0xf2, 0x81, 0xf2, 0x81, 0xf2, 0x61, 0xf2, 0x82, 0xf2, 0x81, 0xf2,
    0x61, 0xf2, 0x82, 0xf2, 0x81, 0xf2, 0x81, 0xf2, 0x81, 0xf2, 0x81, 0xf2,
    0xa2, 0xfa, 0xa2, 0xfa, 0x81, 0xf2, 0x81, 0xf2, 0x82, 0xf2, 0x81, 0xf2,
    0x81, 0xfa, 0x81, 0xf2, 0x81, 0xf2, 0x81, 0xf2, 0xa1, 0xfa, 0xa2, 0xfa,
    0xa2, 0xf2, 0xa2, 0xfa, 0x81, 0xfa, 0x81, 0xf2, 0x81, 0xf2, 0x82, 0xfa,
    0x81, 0xf2, 0x81, 0xf2, 0x81, 0xfa, 0x81, 0xf2, 0x81, 0xf2, 0x81, 0xf2,
    0xa2, 0xfa, 0xa2, 0xfa, 0xa1, 0xf2, 0x81, 0xf2, 0x81, 0xf2, 0x81, 0xf2,
    0x81, 0xf2, 0x81, 0xf2, 0x81, 0xfa, 0x81, 0xfa, 0x82, 0xf2, 0x82, 0xf2,
    0x81, 0xf2, 0x81, 0xf2, 0x81, 0xf2, 0x82, 0xfa, 0x81, 0xf2, 0xa2, 0xfa,
    0xa2, 0xfa, 0xa1, 0xfa, 0xa1, 0xf2, 0x82, 0xfa, 0x81, 0xfa, 0xa1, 0xf2,
    0x82, 0xf2, 0x81, 0xf2, 0x82, 0xf2, 0x81, 0xf2, 0x81, 0xf2, 0x82, 0xf2,
    0x81, 0xf2, 0x82, 0xf2, 0x81, 0xf2, 0x81, 0xf2, 0x82, 0xf2, 0x81, 0xf2,
    0x82, 0xf2, 0x81, 0xf2, 0x81, 0xf2, 0x81, 0xf2, 0x81, 0xf2, 0x81, 0xf2,
    0x81, 0xf2, 0x81, 0xfa, 0x81, 0xf2, 0xa2, 0xf2, 0x81, 0xfa, 0xa1, 0xfa,
    0x82, 0xf2, 0xa2, 0xfa, 0xa1, 0xfa, 0xa2, 0xfa, 0x81, 0xf2, 0x81, 0xf2,
    0xa1, 0xf2, 0xa1, 0xf2, 0xa2, 0xf2, 0xc1, 0xf2, 0xc1, 0xf2, 0xa1, 0xf2,
    0xa1, 0xfa, 0xa2, 0xf2, 0xa1, 0xf2, 0xa1, 0xf2, 0xa1, 0xfa, 0xa2, 0xfa,
    0xa1, 0xf2, 0xa2, 0xf2, 0xa1, 0xf2, 0xa2, 0xf2, 0xa2, 0xf2, 0xa1, 0xf2,
    0xa2, 0xfa, 0xa2, 0xfa, 0xa1, 0xf2, 0xa2, 0xfa, 0xa1, 0xf2, 0xa2, 0xfa,
    0xa1, 0xfa, 0xa1, 0xf2, 0xa2, 0xfa, 0xa1, 0xfa, 0xa1, 0xfa, 0xa2, 0xf2,
    0xa1, 0xfa, 0xa1, 0xf2, 0xc2, 0xfa, 0xc2, 0xfa, 0xa2, 0xfa, 0xa1, 0xf2,
    0xa1, 0xfa, 0xa2, 0xf2, 0xa1, 0xfa, 0xa1, 0xfa, 0xa1, 0xf2, 0x81, 0xf2,
    0x81, 0xf2, 0x81, 0xf2, 0x81, 0xf2, 0x81, 0xfa, 0x81, 0xf2, 0x81, 0xf2,
    0x81, 0xfa, 0xa1, 0xfa, 0x81, 0xf2, 0xa1, 0xfa, 0xa1, 0xfa, 0xa1, 0xf2,
    0xa1, 0xf2, 0xa2, 0xfa, 0xa1, 0xfa, 0xa2, 0xf2, 0x81, 0xf2, 0x81, 0xf2,
    0x81, 0xf2, 0x81, 0xf2, 0x81, 0xf2, 0x81, 0xfa, 0xa1, 0xfa, 0xa2, 0xf2,
    0x81, 0xf2, 0x81, 0xf2, 0x81, 0xf2, 0x82, 0xf2, 0x81, 0xfa, 0x81, 0xf2,
    0xa2, 0xfa, 0xa2, 0xfa, 0x81, 0xf2, 0x81, 0xf2, 0x81, 0xf2, 0x81, 0xf2,
    0x81, 0xfa, 0x81, 0xfa, 0xa1, 0xf2, 0xa1, 0xfa, 0xa1, 0xf2, 0x81, 0xf2,
    0x81, 0xf2, 0xa1, 0xf2, 0x81, 0xf2, 0x81, 0xf2, 0x81, 0xf2, 0x81, 0xf2,
    0x81, 0xf2, 0x81, 0xf2, 0x82, 0xf2, 0xa2, 0xfa, 0x81, 0xf2, 0x81, 0xf2,
    0xa2, 0xfa, 0xa1, 0xfa, 0xa1, 0xfa, 0x81, 0xf2, 0xa2, 0xfa, 0xa1, 0xfa,
    0xa1, 0xf2, 0x82, 0xfa, 0xa1, 0xf2, 0xa1, 0xf2, 0xa1, 0xf2, 0x82, 0xf2,
    0x81, 0xf2, 0xa1, 0xf2, 0xa1, 0xf2, 0xa1, 0xf2, 0xa1, 0xf2, 0xa1, 0xf2,
    0xa1, 0xf2, 0xa2, 0xf2, 0x81, 0xf2, 0xa1, 0xf2, 0xa2, 0xf2, 0xa1, 0xf2,
    0xa1, 0xf2, 0xa2, 0xf2, 0xa2, 0xf2, 0xa1, 0xf2, 0xa2, 0xf2, 0xa2, 0xf2,
    0xa1, 0xf2, 0xa2, 0xf2, 0xc1, 0xf2, 0xa1, 0xf2, 0xc1, 0xf2, 0xa2, 0xf2,
    0xa1, 0xf2, 0xa1, 0xea, 0xa1, 0xf2, 0xa1, 0xf2, 0x81, 0xf2, 0x81, 0xf2,
    0xa1, 0xf2, 0xa2, 0xf2, 0xa1, 0xea, 0xa1, 0xf2, 0xa1, 0xf2, 0xa1, 0xf2,
    0xa1, 0xea, 0xa2, 0xf2, 0xa1, 0xf2, 0xa1, 0xf2, 0xa1, 0xf2, 0xa1, 0xf2,
    0xa1, 0xf2, 0xa1, 0xf2, 0x81, 0xf2, 0x81, 0xf2, 0x81, 0xf2, 0x81, 0xf2,
    0x81, 0xf2, 0xa1, 0xf2, 0xa2, 0xf2, 0xa1, 0xf2, 0xa1, 0xea, 0xa1, 0xf2,
    0x81, 0xea, 0x81, 0xf2, 0x81, 0xf2, 0x81, 0xf2, 0x81, 0xf2, 0x81, 0xf2,
    0x81, 0xf2, 0x81, 0xf2, 0x81, 0xf2, 0x81, 0xf2, 0xa1, 0xf2, 0xa1, 0xf2,
    0xa1, 0xf2, 0xa1, 0xf2, 0xa1, 0xf2, 0xa1, 0xf2, 0x81, 0xf2, 0xa1, 0xf2,
    0xa1, 0xf2, 0x81, 0xf2, 0xa1, 0xf2, 0xa1, 0xf2, 0xa1, 0xf2, 0xa1, 0xf2,
    0xa1, 0xf2, 0xc1, 0xf2, 0xa1, 0xf2, 0xa1, 0xf2, 0xc1, 0xf2, 0xc1, 0xf2,
    0xa2, 0xf2, 0xa1, 0xf2, 0xa1, 0xf2, 0x81, 0xf2, 0xa1, 0xf2, 0xa1, 0xf2,
    0xa1, 0xf2, 0xa1, 0xf2, 0xa1, 0xfa, 0xa2, 0xfa, 0xa1, 0xf2, 0x81, 0xfa,
    0x81, 0xf2, 0xa1, 0xfa, 0xa1, 0xfa, 0xa2, 0xf2, 0xa1, 0xf2, 0x81, 0xf2,
    0xa1, 0xfa, 0x81, 0xfa, 0xa1, 0xf2, 0x81, 0xf2, 0x81, 0xf2, 0x81, 0xf2,
    0x81, 0xf2, 0x81, 0xf2, 0x81, 0xf2, 0x81, 0xfa, 0x81, 0xf2, 0x81, 0xf2,
    0x81, 0xfa, 0x81, 0xf2, 0x81, 0xf2, 0x81, 0xf2, 0x81, 0xf2, 0x81, 0xf2,
    0x81, 0xfa, 0x81, 0xf2, 0x81, 0xf2, 0x81, 0xf2, 0x81, 0xf2, 0x61, 0xf2,
    0x61, 0xf2, 0x81, 0xf2, 0x81, 0xf2, 0x81, 0xf2, 0x81, 0xf2, 0x61, 0xf2,
    0x81, 0xf2, 0x81, 0xf2, 0x81, 0xf2, 0xa2, 0xf2, 0xa1, 0xfa, 0x81, 0xf2,
    0x82, 0xf2, 0x81, 0xf2, 0x81, 0xf2, 0x81, 0xf2, 0x82, 0xfa, 0xa1, 0xf2,
    0x82, 0xf2, 0x81, 0xfa, 0xa1, 0xf2, 0xa2, 0xfa, 0xa1, 0xfa, 0x81, 0xf2,
    0x82, 0xfa, 0xa1, 0xfa, 0x81, 0xf2, 0x81, 0xf2, 0x82, 0xf2, 0x81, 0xf2,
    0x81, 0xfa, 0xa1, 0xf2, 0xa1, 0xf2, 0xa2, 0xfa, 0xa1, 0xf2, 0x81, 0xf2,
    0x81, 0xf2, 0x81, 0xf2, 0x81, 0xf2, 0x81, 0xf2, 0x81, 0xf2, 0x81, 0xf2,
    0x81, 0xf2, 0x81, 0xf2, 0x82, 0xfa, 0x81, 0xf2, 0x81, 0xf2, 0x81, 0xf2,
    0x81, 0xf2, 0x81, 0xf2, 0xa2, 0xfa, 0xa1, 0xf2, 0xa1, 0xf2, 0x82, 0xf2,
    0x81, 0xfa, 0x81, 0xf2, 0x81, 0xf2, 0x81, 0xf2, 0x81, 0xf2, 0x81, 0xf2,
    0x81, 0xf2, 0x81, 0xf2, 0x81, 0xf2, 0x81, 0xf2, 0x81, 0xf2, 0x82, 0xf2,
    0x81, 0xf2, 0x81, 0xf2, 0x81, 0xf2, 0x82, 0xf2, 0x82, 0xf2, 0xa1, 0xf2,
    0x81, 0xf2, 0x81, 0xf2, 0x81, 0xf2, 0x82, 0xf2, 0xa1, 0xf2, 0xa1, 0xfa,
    0xa1, 0xf2, 0xa1, 0xfa, 0xa2, 0xfa, 0xa1, 0xfa, 0xa2, 0xfa, 0xa1, 0xf2,
    0xa1, 0xf2, 0xa1, 0xf2, 0xa1, 0xf2, 0xa1, 0xf2, 0xc1, 0xf2, 0xa1, 0xf2,
    0xc1, 0xf2, 0xa1, 0xf2, 0xa1, 0xfa, 0xa1, 0xf2, 0xa1, 0xf2, 0xa1, 0xf2,
    0xa2, 0xf2, 0xa1, 0xfa, 0xa1, 0xfa, 0xa2, 0xfa, 0xa1, 0xf2, 0xa1, 0xf2,
    0xa1, 0xf2, 0xa1, 0xf2, 0xa2, 0xfa, 0xa2, 0xf2, 0xa1, 0xfa, 0xa1, 0xfa,
    0xa2, 0xf2, 0xa1, 0xfa, 0xa1, 0xf2, 0xa2, 0xf2, 0xa1, 0xfa, 0xa1, 0xf2,
    0xa1, 0xfa, 0xa1, 0xfa, 0xa1, 0xf2, 0xa1, 0xf2, 0xc2, 0xf2, 0xc1, 0xfa,
    0xa1, 0xf2, 0xa2, 0xf2, 0xa1, 0xfa, 0xa2, 0xfa, 0xa1, 0xf2, 0xa1, 0xfa,
    0x81, 0xfa, 0x81, 0xf2, 0x81, 0xf2, 0x81, 0xf2, 0x81, 0xf2, 0xa1, 0xfa,
    0xa1, 0xfa, 0xa1, 0xfa, 0xa2, 0xfa, 0x81, 0xf2, 0xa1, 0xfa, 0x81, 0xf2,
    0xa1, 0xfa, 0x81, 0xfa, 0x81, 0xf2, 0xa1, 0xf2, 0xa2, 0xfa, 0xa1, 0xfa,
    0xa2, 0xfa, 0x81, 0xf2, 0x81, 0xf2, 0x81, 0xf2, 0x81, 0xf2, 0xa1, 0xfa,
    0xa1, 0xf2, 0x82, 0xfa, 0x81, 0xf2, 0x81, 0xf2, 0x81, 0xf2, 0x81, 0xf2,
    0x81, 0xf2, 0x81, 0xf2, 0x81, 0xf2, 0x81, 0xf2, 0xa2, 0xfa, 0xa2, 0xfa,
    0xa1, 0xfa, 0xa1, 0xfa, 0x81, 0xf2, 0xa1, 0xf2, 0x82, 0xfa, 0x81, 0xfa,
    0xa1, 0xf2, 0xa1, 0xfa, 0x81, 0xf2, 0x81, 0xf2, 0x81, 0xf2, 0x81, 0xf2,
    0x81, 0xf2, 0x81, 0xf2, 0xa1, 0xfa, 0xa1, 0xfa, 0xa1, 0xfa, 0x82, 0xf2,
    0x81, 0xf2, 0x81, 0xf2, 0x81, 0xfa, 0xa1, 0xf2, 0x81, 0xfa, 0xa1, 0xf2,
    0xa1, 0xfa, 0xa1, 0xfa, 0xa1, 0xf2, 0xa1, 0xf2, 0xa1, 0xf2, 0xa1, 0xf2,
    0xa1, 0xf2, 0xa1, 0xf2, 0xa2, 0xf2, 0xa1, 0xf2, 0xa1, 0xf2, 0xa1, 0xf2,
    0xa2, 0xf2, 0xa1, 0xf2, 0xa2, 0xf2, 0xa2, 0xf2, 0xa1, 0xf2, 0xa1, 0xea,
    0xa1, 0xf2, 0xa2, 0xf2, 0xa1, 0xf2, 0xc1, 0xf2, 0xa1, 0xf2, 0xa1, 0xf2,
    0xc1, 0xf2, 0xa1, 0xf2, 0xa1, 0xf2, 0xc1, 0xf2, 0xc2, 0xf2, 0xc1, 0xf2,
    0xa2, 0xf2, 0xa1, 0xf2, 0xa2, 0xf2, 0xa1, 0xf2, 0xa1, 0xf2, 0xa1, 0xf2,
    0xa1, 0xf2, 0xa1, 0xf2, 0xa2, 0xea, 0xa2, 0xea, 0xc2, 0xf2, 0xa1, 0xea,
    0xa1, 0xf2, 0xc1, 0xea, 0xc1, 0xf2, 0xa1, 0xf2, 0xa1, 0xea, 0xa1, 0xea,
    0xa1, 0xea, 0xa1, 0xf2, 0xa1, 0xea, 0xa1, 0xea, 0xa1, 0xf2, 0xa1, 0xea,
    0xa1, 0xf2, 0xa1, 0xf2, 0xa1, 0xf2, 0xa2, 0xf2, 0xa1, 0xea, 0xa1, 0xea,
    0xa1, 0xf2, 0xa1, 0xf2, 0xa1, 0xea, 0x81, 0xea, 0x81, 0xea, 0x81, 0xea,
    0xa1, 0xea, 0xa2, 0xea, 0xa1, 0xea, 0xa1, 0xea, 0x81, 0xf2, 0xa1, 0xea,
    0xa1, 0xf2, 0xa1, 0xf2, 0xa1, 0xea, 0x81, 0xf2, 0xa1, 0xf2, 0xa1, 0xf2,
    0xa2, 0xf2, 0xa1, 0xf2, 0xa1, 0xea, 0xa1, 0xf2, 0xa1, 0xf2, 0xa1, 0xf2,
    0xa1, 0xf2, 0xc1, 0xf2, 0xc1, 0xf2, 0xc2, 0xea, 0xc1, 0xf2, 0xa1, 0xf2,
    0xc2, 0xf2, 0xc1, 0xf2, 0xc1, 0xf2, 0xa2, 0xf2, 0xa1, 0xf2, 0xa1, 0xf2,
    0xa1, 0xf2, 0xa1, 0xf2, 0xa1, 0xf2, 0xa1, 0xf2, 0xa2, 0xf2, 0xa2, 0xf2,
    0xa1, 0xf2, 0xa1, 0xf2, 0xa1, 0xf2, 0xa1, 0xf2, 0x81, 0xf2, 0x81, 0xf2,
    0x81, 0xf2, 0x81, 0xf2, 0xa1, 0xfa, 0xa1, 0xf2, 0xa1, 0xfa, 0x81, 0xfa,
    0x82, 0xfa, 0x82, 0xfa, 0x81, 0xf2, 0x81, 0xfa, 0x81, 0xf2, 0xa1, 0xf2,
    0x82, 0xf2, 0x81, 0xf2, 0xa1, 0xf2, 0x82, 0xfa, 0x82, 0xf2, 0xa1, 0xfa,
    0x82, 0xf2, 0xa1, 0xfa, 0x81, 0xf2, 0x82, 0xf2, 0x81, 0xf2, 0x82, 0xf2,
    0x81, 0xf2, 0x81, 0xf2, 0x81, 0xf2, 0x81, 0xf2, 0x81, 0xf2, 0x81, 0xf2,
    0x81, 0xf2, 0x81, 0xf2, 0x81, 0xf2, 0x81, 0xfa, 0x81, 0xf2, 0x82, 0xf2,
    0xa1, 0xfa, 0x81, 0xf2, 0x81, 0xf2, 0xa1, 0xfa, 0x82, 0xf2, 0x81, 0xf2,
    0x81, 0xfa, 0x81, 0xf2, 0x81, 0xf2, 0x81, 0xf2, 0xa1, 0xf2, 0xa1, 0xf2,
    0xa2, 0xf2, 0x82, 0xf2, 0xa1, 0xf2, 0xa2, 0xf2, 0x81, 0xf2, 0x81, 0xfa,
    0xa1, 0xf2, 0x82, 0xf2, 0xa1, 0xfa, 0x81, 0xfa, 0xa1, 0xfa, 0xa1, 0xfa,
    0x81, 0xf2, 0x81, 0xfa, 0x81, 0xfa, 0x82, 0xf2, 0x81, 0xfa, 0x81, 0xf2,
    0x82, 0xf2, 0x81, 0xf2, 0x81, 0xfa, 0x81, 0xf2, 0x81, 0xf2, 0x82, 0xfa,
    0x81, 0xf2, 0x81, 0xf2, 0x81, 0xf2, 0xa1, 0xfa, 0xa1, 0xfa, 0xa1, 0xfa,
    0xa1, 0xfa, 0xa1, 0xfa, 0xa1, 0xfa, 0xa1, 0xf2, 0x81, 0xf2, 0x81, 0xfa,
    0x81, 0xf2, 0x81, 0xf2, 0x81, 0xf2, 0x81, 0xf2, 0x61, 0xf2, 0x81, 0xf2,
    0x81, 0xf2, 0x81, 0xea, 0x81, 0xf2, 0x82, 0xf2, 0x81, 0xf2, 0x82, 0xf2,
    0x81, 0xea, 0x81, 0xf2, 0x81, 0xf2, 0x81, 0xf2, 0x81, 0xf2, 0xa2, 0xfa,
    0x82, 0xfa, 0x81, 0xf2, 0xa1, 0xfa, 0xa1, 0xf2, 0xa1, 0xf2, 0xa1, 0xfa,
    0x82, 0xf2, 0xa1, 0xf2, 0xa1, 0xf2, 0xa1, 0xf2, 0xc1, 0xf2, 0xc2, 0xf2,
    0xc1, 0xf2, 0xc1, 0xf2, 0xc1, 0xf2, 0xa1, 0xf2, 0xa1, 0xfa, 0xa2, 0xf2,
    0xa1, 0xf2, 0xc1, 0xf2, 0xa1, 0xf2, 0xa1, 0xfa, 0xa1, 0xfa, 0xa2, 0xfa,
    0xc2, 0xf2, 0xa1, 0xfa, 0xa1, 0xf2, 0xc2, 0xfa, 0xc1, 0xf2, 0xa1, 0xfa,
    0xa1, 0xfa, 0xa1, 0xf2, 0xa1, 0xfa, 0xa1, 0xf2, 0xa1, 0xf2, 0xa1, 0xfa,
    0xa1, 0xf2, 0xa2, 0xf2, 0xa1, 0xfa, 0xa2, 0xfa, 0xa2, 0xf2, 0xa1, 0xfa,
    0xc2, 0xfa, 0xc2, 0xf2, 0xa1, 0xfa, 0xc2, 0xf2, 0xa1, 0xfa, 0xa1, 0xfa,
    0xa1, 0xf2, 0xa2, 0xfa, 0xa2, 0xfa, 0x81, 0xf2, 0x81, 0xf2, 0x81, 0xf2,
    0x81, 0xf2, 0xa1, 0xf2, 0x81, 0xfa, 0xa1, 0xf2, 0xa1, 0xf2, 0xa1, 0xfa,
    0xa2, 0xfa, 0xa2, 0xf2, 0x81, 0xf2, 0xa1, 0xfa, 0x81, 0xf2, 0x81, 0xf2,
    0xa1, 0xfa, 0xa1, 0xfa, 0xa1, 0xfa, 0x81, 0xf2, 0x81, 0xfa, 0xa1, 0xf2,
    0xa1, 0xfa, 0xa2, 0xfa, 0x81, 0xf2, 0xa1, 0xfa, 0x81, 0xf2, 0x81, 0xf2,
    0x81, 0xfa, 0x81, 0xf2, 0x82, 0xf2, 0x81, 0xfa, 0xa2, 0xf2, 0x81, 0xf2,
    0x81, 0xfa, 0xa2, 0xf2, 0x82, 0xf2, 0x81, 0xfa, 0xa1, 0xf2, 0xa2, 0xfa,
    0xa1, 0xfa, 0x81, 0xf2, 0x81, 0xfa, 0x81, 0xf2, 0xa1, 0xfa, 0xa1, 0xfa,
    0xa1, 0xfa, 0x81, 0xf2, 0x81, 0xf2, 0x81, 0xf2, 0x81, 0xf2, 0x81, 0xf2,
    0xa1, 0xfa, 0x81, 0xf2, 0x81, 0xf2, 0x81, 0xf2, 0xa1, 0xfa, 0x81, 0xf2,
    0x81, 0xf2, 0xa1, 0xfa, 0xa2, 0xfa, 0xa1, 0xf2, 0xa1, 0xfa, 0xa2, 0xf2,
    0xa1, 0xf2, 0xa1, 0xfa, 0xa1, 0xf2, 0xa2, 0xf2, 0xa2, 0xf2, 0xa1, 0xf2,
    0xa1, 0xf2, 0xa2, 0xf2, 0xa1, 0xf2, 0xa1, 0xf2, 0xa1, 0xf2, 0xa1, 0xf2,
    0xa2, 0xf2, 0xa1, 0xf2, 0xa2, 0xf2, 0xa1, 0xf2, 0xa1, 0xf2, 0xc2, 0xf2,
    0xc1, 0xf2, 0xa1, 0xf2, 0xc1, 0xf2, 0xc1, 0xf2, 0xa2, 0xf2, 0xc2, 0xf2,
    0xc1, 0xf2, 0xc1, 0xf2, 0xc1, 0xf2, 0xa2, 0xf2, 0xc1, 0xea, 0xa1, 0xea,
    0xa1, 0xf2, 0xa2, 0xea, 0xa2, 0xf2, 0xa1, 0xf2, 0xa1, 0xf2, 0xc1, 0xf2,
    0xc2, 0xf2, 0xc1, 0xea, 0xa1, 0xf2, 0xc2, 0xf2, 0xa1, 0xea, 0xa1, 0xf2,
    0xa1, 0xf2, 0xa1, 0xf2, 0xa1, 0xf2, 0xa1, 0xea, 0xc1, 0xf2, 0xc1, 0xf2,
    0xa1, 0xea, 0xc1, 0xf2, 0xa1, 0xf2, 0xa1, 0xf2, 0xa1, 0xf2, 0xc2, 0xf2,
    0xa1, 0xf2, 0xa1, 0xf2, 0xa2, 0xf2, 0xa2, 0xf2, 0xa1, 0xf2, 0x81, 0xf2,
    0x81, 0xea, 0xa1, 0xf2, 0x81, 0xf2, 0xa1, 0xea, 0xa1, 0xf2, 0x81, 0xea,
    0xa2, 0xf2, 0xa2, 0xf2, 0xa2, 0xf2, 0xa1, 0xf2, 0xa1, 0xf2, 0xa1, 0xf2,
    0xa1, 0xf2, 0xa1, 0xf2, 0xa1, 0xf2, 0xa1, 0xf2, 0xa1, 0xf2, 0xa1, 0xf2,
    0xa1, 0xf2, 0xa1, 0xf2, 0xa2, 0xf2, 0xc2, 0xf2, 0xc2, 0xf2, 0xc2, 0xf2,
    0xc1, 0xf2, 0xc1, 0xf2, 0xc1, 0xf2, 0xc1, 0xea, 0xc1, 0xf2, 0xc1, 0xf2,
    0xa1, 0xea, 0xc1, 0xea, 0xa1, 0xf2, 0xa2, 0xf2, 0xc1, 0xf2, 0xa1, 0xf2,
    0xc2, 0xf2, 0xc1, 0xf2, 0xc2, 0xf2, 0xa1, 0xf2, 0xa1, 0xf2, 0xa1, 0xf2,
    0x81, 0xf2, 0x81, 0xfa, 0x81, 0xf2, 0xa1, 0xfa, 0x81, 0xf2, 0x81, 0xf2,
    0xa2, 0xfa, 0xa1, 0xfa, 0xa1, 0xf2, 0xa1, 0xfa, 0x81, 0xf2, 0x81, 0xf2,
    0xa1, 0xfa, 0xa1, 0xfa, 0x81, 0xf2, 0xa1, 0xf2, 0xa1, 0xf2, 0xa1, 0xf2,
    0xa1, 0xfa, 0x82, 0xfa, 0xa2, 0xfa, 0xa1, 0xf2, 0x81, 0xf2, 0x81, 0xf2,
    0x81, 0xf2, 0x81, 0xf2, 0x81, 0xf2, 0x81, 0xf2, 0x81, 0xf2, 0x81, 0xf2,
    0x81, 0xf2, 0x81, 0xf2, 0x81, 0xf2, 0x81, 0xf2, 0x82, 0xf2, 0x81, 0xf2,
    0x81, 0xf2, 0x81, 0xf2, 0x81, 0xf2, 0x81, 0xf2, 0x82, 0xf2, 0x81, 0xfa,
    0xa1, 0xf2, 0x82, 0xf2, 0x81, 0xf2, 0xa1, 0xf2, 0xa2, 0xfa, 0x81, 0xf2,
    0xa2, 0xf2, 0xa1, 0xf2, 0x81, 0xf2, 0xa1, 0xf2, 0xa1, 0xf2, 0xa1, 0xf2,
    0xa2, 0xf2, 0xa1, 0xf2, 0x81, 0xfa, 0x81, 0xf2, 0xa2, 0xfa, 0x81, 0xf2,
    0x81, 0xf2, 0xa1, 0xfa, 0x81, 0xf2, 0x81, 0xf2, 0xa1, 0xf2, 0x81, 0xf2,
    0x81, 0xf2, 0x81, 0xfa, 0xa1, 0xf2, 0x81, 0xf2, 0x82, 0xfa, 0xa1, 0xf2,
    0x81, 0xf2, 0x81, 0xf2, 0x81, 0xf2, 0xa2, 0xfa, 0xa1, 0xfa, 0x81, 0xf2,
    0x81, 0xf2, 0xa1, 0xf2, 0xa2, 0xfa, 0xa1, 0xfa, 0xa1, 0xf2, 0xa2, 0xfa,
    0x81, 0xfa, 0x81, 0xf2, 0x82, 0xf2, 0x81, 0xf2, 0x81, 0xf2, 0x81, 0xf2,
    0x82, 0xf2, 0x82, 0xf2, 0x82, 0xf2, 0xa1, 0xf2, 0x82, 0xf2, 0x81, 0xf2,
    0x81, 0xf2, 0xa2, 0xf2, 0xa1, 0xf2, 0x81, 0xf2, 0x81, 0xf2, 0x81, 0xf2,
    0x82, 0xf2, 0xa1, 0xfa, 0xa1, 0xfa, 0xa1, 0xfa, 0xa2, 0xfa, 0xa2, 0xfa,
    0xa1, 0xf2, 0xa1, 0xf2, 0xa1, 0xfa, 0xa1, 0xfa, 0xa2, 0xf2, 0xa1, 0xf2,
    0xc1, 0xf2, 0xc2, 0xf2, 0xc1, 0xf2, 0xc1, 0xf2, 0xc1, 0xf2, 0xa1, 0xf2,
    0xa2, 0xfa, 0xc2, 0xf2, 0xa2, 0xf2, 0xa1, 0xfa, 0xa2, 0xf2, 0xa2, 0xf2,
    0xc1, 0xf2, 0xc1, 0xf2, 0xc2, 0xf2, 0xc2, 0xfa, 0xa1, 0xf2, 0xc2, 0xf2,
    0xc2, 0xf2, 0xa2, 0xf2, 0xa1, 0xf2, 0xa2, 0xf2, 0xa1, 0xfa, 0xa2, 0xf2,
    0xa2, 0xf2, 0xa1, 0xf2, 0xa1, 0xf2, 0xa1, 0xf2, 0xa1, 0xfa, 0xc2, 0xf2,
    0xc2, 0xfa, 0xc2, 0xfa, 0xc2, 0xfa, 0xc2, 0xfa, 0xa1, 0xf2, 0xc2, 0xfa,
    0xa1, 0xfa, 0xa1, 0xf2, 0xa1, 0xfa, 0xa1, 0xf2, 0xa1, 0xfa, 0xa1, 0xfa,
    0x81, 0xf2, 0x81, 0xfa, 0xa1, 0xfa, 0xa1, 0xf2, 0x81, 0xfa, 0xa2, 0xfa,
    0xa1, 0xf2, 0x81, 0xf2, 0xa1, 0xfa, 0xa1, 0xf2, 0xa1, 0xfa, 0x81, 0xfa,
    0xa2, 0xf2, 0xa1, 0xfa, 0xa1, 0xfa, 0xa2, 0xf2, 0xa1, 0xf2, 0xa1, 0xfa,
    0x81, 0xf2, 0x81, 0xf2, 0xa1, 0xf2, 0xa1, 0xfa, 0xa1, 0xfa, 0xa1, 0xf2,
    0xa1, 0xfa, 0x81, 0xf2, 0x81, 0xf2, 0x81, 0xf2, 0x81, 0xfa, 0xa1, 0xfa,
    0xa2, 0xf2, 0x81, 0xf2, 0x81, 0xfa, 0xa1, 0xf2, 0x81, 0xfa, 0x81, 0xf2,
    0xa1, 0xfa, 0xa1, 0xfa, 0xa1, 0xf2, 0xa1, 0xf2, 0xa2, 0xfa, 0x81, 0xf2,
    0x81, 0xf2, 0xa1, 0xfa, 0x81, 0xfa, 0x81, 0xf2, 0xa1, 0xfa, 0x81, 0xf2,
    0xa1, 0xf2, 0xa1, 0xf2, 0x81, 0xf2, 0xa1, 0xfa, 0x81, 0xf2, 0x81, 0xf2,
    0x81, 0xfa, 0xa2, 0xfa, 0xa1, 0xfa, 0xa2, 0xfa, 0xa1, 0xf2, 0xa1, 0xfa,
    0xa2, 0xf2, 0xa2, 0xf2, 0xc2, 0xfa, 0xc2, 0xf2, 0xa1, 0xf2, 0xc1, 0xf2,
    0xc2, 0xf2, 0xc1, 0xf2, 0xa1, 0xf2, 0xa2, 0xf2, 0xa1, 0xf2, 0xa2, 0xf2,
    0xa1, 0xf2, 0xa1, 0xf2, 0xa2, 0xf2, 0xa1, 0xf2, 0xa1, 0xf2, 0xa1, 0xf2,
    0xa2, 0xf2, 0xc1, 0xf2, 0xc2, 0xf2, 0xc1, 0xf2, 0xc2, 0xf2, 0xc2, 0xf2,
    0xc1, 0xf2, 0xc2, 0xf2, 0xc1, 0xf2, 0xc1, 0xf2, 0xc1, 0xf2, 0xc1, 0xf2,
    0xc1, 0xf2, 0xc1, 0xf2, 0xa1, 0xea, 0xc1, 0xea, 0xc2, 0xf2, 0xa1, 0xf2,
    0xc1, 0xf2, 0xc1, 0xf2, 0xc2, 0xf2, 0xc1, 0xf2, 0xc1, 0xf2, 0xc1, 0xf2,
    0xc2, 0xf2, 0xc1, 0xea, 0xc2, 0xf2, 0xc1, 0xf2, 0xc2, 0xf2, 0xa1, 0xea,
    0xc2, 0xf2, 0xc1, 0xf2, 0xc2, 0xf2, 0xc1, 0xf2, 0xc2, 0xf2, 0xc1, 0xf2,
    0xc2, 0xf2, 0xa1, 0xf2, 0xa2, 0xf2, 0xa1, 0xf2, 0xa1, 0xf2, 0xa2, 0xf2,
    0xa1, 0xf2, 0xa1, 0xf2, 0xa2, 0xf2, 0x81, 0xf2, 0xa1, 0xf2, 0xa2, 0xf2,
    0xa1, 0xf2, 0xa1, 0xf2, 0xa2, 0xf2, 0xa1, 0xf2, 0xa1, 0xf2, 0xc1, 0xf2,
    0xc2, 0xf2, 0xc2, 0xf2, 0xc2, 0xf2, 0xc2, 0xf2, 0xc1, 0xf2, 0xc2, 0xf2,
    0xc2, 0xf2, 0xc1, 0xea, 0xc1, 0xf2, 0xa1, 0xf2, 0xc1, 0xf2, 0xc2, 0xf2,
    0xc1, 0xf2, 0xc1, 0xf2, 0xc2, 0xf2, 0xc2, 0xf2, 0xc2, 0xf2, 0xc2, 0xf2,
    0xc2, 0xf2, 0xc2, 0xf2, 0xc2, 0xf2, 0xc1, 0xf2, 0xc2, 0xf2, 0xc1, 0xf2,
    0xa1, 0xf2, 0xa1, 0xf2, 0xc2, 0xf2, 0xc1, 0xf2, 0xc2, 0xf2, 0xa1, 0xf2,
    0xa1, 0xf2, 0xa1, 0xf2, 0x81, 0xfa, 0x81, 0xf2, 0xa1, 0xf2, 0xa1, 0xfa,
    0x81, 0xfa, 0x81, 0xf2, 0xa1, 0xfa, 0xa1, 0xf2, 0xa1, 0xfa, 0xa1, 0xfa,
    0xa1, 0xf2, 0x81, 0xfa, 0xa1, 0xfa, 0x81, 0xfa, 0x81, 0xf2, 0xa1, 0xf2,
    0xa1, 0xf2, 0xa1, 0xf2, 0xa1, 0xfa, 0xa1, 0xf2, 0xa1, 0xf2, 0xa2, 0xfa,
    0xa2, 0xf2, 0xa1, 0xf2, 0xa1, 0xf2, 0x81, 0xfa, 0x81, 0xf2, 0x81, 0xf2,
    0x82, 0xf2, 0x81, 0xf2, 0x81, 0xf2, 0x82, 0xf2, 0x81, 0xf2, 0x81, 0xf2,
    0x82, 0xfa, 0x81, 0xf2, 0xa1, 0xf2, 0x82, 0xfa, 0x81, 0xf2, 0x81, 0xf2,
    0xa2, 0xfa, 0x81, 0xf2, 0x81, 0xf2, 0xa2, 0xfa, 0xa2, 0xfa, 0xa2, 0xfa,
    0xa2, 0xfa, 0x81, 0xfa, 0x81, 0xf2, 0x81, 0xf2, 0xa1, 0xf2, 0xa1, 0xf2,
    0xa1, 0xf2, 0xa1, 0xf2, 0xa1, 0xf2, 0xa2, 0xf2, 0x81, 0xf2, 0x81, 0xf2,
    0xa2, 0xfa, 0xa2, 0xf2, 0x81, 0xf2, 0xa1, 0xfa, 0xa1, 0xfa, 0x81, 0xf2,
    0x81, 0xf2, 0x81, 0xf2, 0x81, 0xf2, 0xa1, 0xf2, 0x81, 0xfa, 0x81, 0xf2,
    0xa1, 0xfa, 0xa2, 0xfa, 0xa2, 0xfa, 0xa1, 0xf2, 0x81, 0xf2, 0x81, 0xfa,
    0xa1, 0xfa, 0x81, 0xf2, 0xa1, 0xfa, 0x81, 0xf2, 0xa1, 0xfa, 0xa1, 0xf2,
    0xa1, 0xfa, 0xa1, 0xfa, 0xa1, 0xf2, 0x81, 0xf2, 0x82, 0xfa, 0x81, 0xf2,
    0x81, 0xf2, 0x81, 0xf2, 0x81, 0xf2, 0x81, 0xf2, 0xa1, 0xf2, 0x81, 0xf2,
    0x82, 0xf2, 0xa1, 0xf2, 0x81, 0xf2, 0xa1, 0xf2, 0x81, 0xf2, 0xa2, 0xf2,
    0x81, 0xf2, 0x81, 0xf2, 0xa1, 0xf2, 0x81, 0xf2, 0xa1, 0xf2, 0xa1, 0xfa,
    0xa1, 0xf2, 0xa2, 0xfa, 0xa1, 0xf2, 0xa2, 0xf2, 0xa2, 0xf2, 0xa1, 0xfa,
    0xc2, 0xf2, 0xc2, 0xf2, 0xc1, 0xf2, 0xc1, 0xf2, 0xc2, 0xf2, 0xc1, 0xf2,
    0xc1, 0xf2, 0xc1, 0xf2, 0xc2, 0xf2, 0xc1, 0xfa, 0xc1, 0xfa, 0xc2, 0xf2,
    0xc2, 0xfa, 0xc1, 0xfa, 0xa2, 0xf2, 0xa1, 0xf2, 0xc1, 0xf2, 0xa1, 0xf2,
    0xa1, 0xf2, 0xa1, 0xf2, 0xc2, 0xfa, 0xc2, 0xfa, 0xa2, 0xf2, 0xa1, 0xf2,
    0xa1, 0xf2, 0xa2, 0xfa, 0xa1, 0xf2, 0xa1, 0xf2, 0xa2, 0xfa, 0xa2, 0xf2,
    0xa1, 0xf2, 0xc1, 0xf2, 0xc2, 0xfa, 0xc1, 0xf2, 0xc1, 0xf2, 0xc2, 0xfa,
    0xa1, 0xf2, 0xa2, 0xf2, 0xa1, 0xfa, 0xa1, 0xfa, 0xa2, 0xf2, 0xa1, 0xfa,
    0xa1, 0xf2, 0xa1, 0xf2, 0xa1, 0xf2, 0xa1, 0xfa, 0x81, 0xfa, 0x81, 0xf2,
    0xa1, 0xf2, 0xa1, 0xfa, 0xa2, 0xfa, 0xa1, 0xf2, 0xa1, 0xf2, 0xa1, 0xfa,
    0xa1, 0xf2, 0xa1, 0xf2, 0xa1, 0xfa, 0xa1, 0xf2, 0xa2, 0xfa, 0xa1, 0xfa,
    0xa1, 0xfa, 0xa2, 0xfa, 0xa1, 0xfa, 0x81, 0xfa, 0x81, 0xf2, 0xa2, 0xfa,
    0xa1, 0xfa, 0xa1, 0xfa, 0xa1, 0xf2, 0x81, 0xfa, 0x81, 0xf2, 0x82, 0xf2,
    0x81, 0xf2, 0x81, 0xf2, 0xa2, 0xfa, 0x81, 0xf2, 0x81, 0xf2, 0x81, 0xf2,
    0xa1, 0xf2, 0xa1, 0xf2, 0x81, 0xfa, 0xa2, 0xfa, 0xa1, 0xf2, 0xa1, 0xfa,
    0xa2, 0xfa, 0xa1, 0xf2, 0xa1, 0xf2, 0x81, 0xf2, 0x81, 0xfa, 0xa1, 0xf2,
    0xa1, 0xf2, 0x81, 0xf2, 0xa1, 0xfa, 0x81, 0xf2, 0xa1, 0xfa, 0x81, 0xf2,
    0xa1, 0xf2, 0x81, 0xf2, 0xa1, 0xfa, 0xa1, 0xf2, 0xa1, 0xf2, 0xa2, 0xfa,
    0xa1, 0xf2, 0xa1, 0xf2, 0xa1, 0xf2, 0xc1, 0xf2, 0xa2, 0xfa, 0xc1, 0xf2,
    0xc2, 0xf2, 0xc2, 0xf2, 0xc1, 0xf2, 0xc1, 0xf2, 0xc2, 0xf2, 0xa1, 0xf2,
    0xc1, 0xea, 0xa2, 0xf2, 0xa2, 0xf2, 0xa1, 0xf2, 0xa2, 0xf2, 0xa1, 0xf2,
    0xa1, 0xf2, 0xc2, 0xf2, 0xc2, 0xf2, 0xc1, 0xf2, 0xe1, 0xf2, 0xc1, 0xf2,
    0xc2, 0xf2, 0xc2, 0xf2, 0xc1, 0xf2, 0xc1, 0xf2, 0xc2, 0xf2, 0xc2, 0xea,
    0xa1, 0xf2, 0xc2, 0xea, 0xc1, 0xf2, 0xc2, 0xf2, 0xc1, 0xf2, 0xc1, 0xf2,
    0xc2, 0xf2, 0xc2, 0xf2, 0xc1, 0xf2, 0xc2, 0xf2, 0xc2, 0xea, 0xc1, 0xf2,
    0xc2, 0xf2, 0xc1, 0xea, 0xc1, 0xf2, 0xc2, 0xf2, 0xc1, 0xf2, 0xc2, 0xf2,
    0xc1, 0xf2, 0xc2, 0xf2, 0xc1, 0xf2, 0xc2, 0xf2, 0xc2, 0xf2, 0xc2, 0xf2,
    0xc1, 0xf2, 0xc1, 0xf2, 0xc2, 0xf2, 0xc1, 0xf2, 0xc1, 0xf2, 0xc2, 0xf2,
    0xc1, 0xf2, 0xc2, 0xf2, 0xc2, 0xf2, 0xa1, 0xf2, 0xa2, 0xf2, 0xa1, 0xea,
    0xa2, 0xf2, 0xa2, 0xf2, 0xa1, 0xf2, 0xa1, 0xf2, 0xa1, 0xf2, 0xa1, 0xf2,
    0xc1, 0xf2, 0xc1, 0xea, 0xc2, 0xf2, 0xc1, 0xf2, 0xc2, 0xf2, 0xc1, 0xea,
    0xc2, 0xea, 0xc2, 0xf2, 0xc2, 0xf2, 0xc1, 0xf2, 0xc2, 0xf2, 0xc2, 0xf2,
    0xc1, 0xea, 0xc1, 0xf2, 0xc2, 0xf2, 0xc2, 0xf2, 0xc1, 0xea, 0xc1, 0xf2,
    0xc2, 0xf2, 0xc1, 0xf2, 0xc1, 0xf2, 0xc2, 0xf2, 0xc1, 0xf2, 0xc2, 0xf2,
    0xc2, 0xf2, 0xc1, 0xf2, 0xc2, 0xf2, 0xc1, 0xf2, 0xc2, 0xf2, 0xc2, 0xf2,
    0xc1, 0xf2, 0xc2, 0xf2, 0xc2, 0xfa, 0xa1, 0xfa, 0xa1, 0xf2, 0xa1, 0xfa,
    0x81, 0xf2, 0xa1, 0xfa, 0xa1, 0xf2, 0xa1, 0xfa, 0xa1, 0xf2, 0xa2, 0xf2,
    0xa1, 0xfa, 0xa1, 0xf2, 0xa2, 0xfa, 0xa2, 0xfa, 0x81, 0xf2, 0xa1, 0xf2,
    0xa1, 0xfa, 0xa1, 0xf2, 0xa2, 0xf2, 0xa1, 0xf2, 0xa1, 0xf2, 0xa1, 0xfa,
    0xa1, 0xf2, 0xa1, 0xf2, 0xa1, 0xfa, 0xa2, 0xf2, 0xa2, 0xf2, 0xa1, 0xf2,
    0x82, 0xf2, 0x81, 0xf2, 0x81, 0xf2, 0x81, 0xf2, 0xa1, 0xf2, 0xa1, 0xf2,
    0x81, 0xf2, 0xa1, 0xf2, 0x81, 0xf2, 0x81, 0xf2, 0x81, 0xf2, 0xa2, 0xf2,
    0x81, 0xfa, 0x81, 0xf2, 0x81, 0xf2, 0x81, 0xfa, 0xa1, 0xfa, 0xa1, 0xf2,
    0xa2, 0xfa, 0xa1, 0xf2, 0xa1, 0xf2, 0xa2, 0xf2, 0xa2, 0xf2, 0xa1, 0xf2,
    0xa1, 0xf2, 0xa1, 0xf2, 0xa2, 0xf2, 0xa1, 0xfa, 0xa1, 0xf2, 0xa1, 0xf2,
    0xa2, 0xfa, 0x81, 0xf2, 0xa1, 0xf2, 0xa1, 0xf2, 0xa1, 0xf2, 0xa2, 0xf2,
    0xa1, 0xf2, 0xa1, 0xf2, 0x81, 0xfa, 0x81, 0xf2, 0xa1, 0xf2, 0xa1, 0xfa,
    0xa1, 0xf2, 0x81, 0xf2, 0xa1, 0xf2, 0xa1, 0xf2, 0xa2, 0xf2, 0xa1, 0xf2,
    0xa1, 0xf2, 0xa1, 0xf2, 0xa1, 0xf2, 0xa1, 0xf2, 0xa2, 0xfa, 0x81, 0xfa,
    0xa1, 0xf2, 0xa2, 0xf2, 0xa2, 0xfa, 0xa1, 0xfa, 0xa1, 0xfa, 0xa1, 0xf2,
    0x81, 0xfa, 0xa1, 0xf2, 0x81, 0xf2, 0x82, 0xf2, 0x81, 0xf2, 0x81, 0xf2,
    0xa1, 0xf2, 0xa2, 0xf2, 0xa1, 0xf2, 0xa1, 0xf2, 0xa1, 0xea, 0xa1, 0xea,
    0xa2, 0xf2, 0xa2, 0xf2, 0x81, 0xf2, 0xa1, 0xf2, 0xa1, 0xfa, 0xa1, 0xf2,
    0xa2, 0xfa, 0xa1, 0xf2, 0xa1, 0xfa, 0xc2, 0xf2, 0xc1, 0xf2, 0xa2, 0xfa,
    0xc2, 0xf2, 0xc1, 0xf2, 0xc2, 0xf2, 0xc1, 0xf2, 0xc2, 0xf2, 0xc2, 0xf2,
    0xe1, 0xf2, 0xe1, 0xf2, 0xc1, 0xf2, 0xc1, 0xf2, 0xc2, 0xf2, 0xc1, 0xf2,
    0xc1, 0xf2, 0xc1, 0xf2, 0xc1, 0xf2, 0xc1, 0xf2, 0xc2, 0xf2, 0xc2, 0xfa,
    0xa1, 0xf2, 0xa1, 0xf2, 0xa1, 0xf2, 0xa1, 0xf2, 0xc1, 0xf2, 0xa1, 0xf2,
    0xa1, 0xf2, 0xc1, 0xfa, 0xa1, 0xf2, 0xa1, 0xf2, 0xa1, 0xfa, 0xc1, 0xf2,
    0xc2, 0xfa, 0xa2, 0xfa, 0xc1, 0xf2, 0xa2, 0xf2, 0xa1, 0xf2, 0xa1, 0xf2,
    0xa2, 0xf2, 0xa1, 0xf2, 0xa1, 0xfa, 0xa1, 0xf2, 0xa1, 0xf2, 0xa1, 0xf2,
    0xa2, 0xf2, 0xa1, 0xf2, 0xa1, 0xfa, 0xa2, 0xf2, 0xa1, 0xfa, 0x81, 0xf2,
    0x81, 0xf2, 0x81, 0xf2, 0xa1, 0xfa, 0x81, 0xf2, 0xa1, 0xfa, 0xa2, 0xfa,
    0xa1, 0xfa, 0xa2, 0xfa, 0xa2, 0xfa, 0xa1, 0xfa, 0xa1, 0xfa, 0xa1, 0xf2,
    0xa1, 0xf2, 0xa1, 0xfa, 0xa1, 0xf2, 0xa2, 0xf2, 0xa1, 0xfa, 0xa1, 0xfa,
    0xa2, 0xf2, 0xa1, 0xfa, 0xa1, 0xf2, 0xa2, 0xfa, 0xa2, 0xfa, 0xa1, 0xf2,
    0x81, 0xf2, 0xa1, 0xfa, 0x81, 0xf2, 0x81, 0xf2, 0x81, 0xf2, 0x81, 0xf2,
    0x82, 0xf2, 0x81, 0xf2, 0xa1, 0xf2, 0xa2, 0xf2, 0xa1, 0xfa, 0xa1, 0xfa,
    0xa2, 0xf2, 0xa1, 0xfa, 0xa1, 0xfa, 0xa1, 0xfa, 0x81, 0xfa, 0xa1, 0xf2,
    0xa2, 0xfa, 0xa1, 0xf2, 0xa1, 0xf2, 0xa1, 0xf2, 0xa2, 0xfa, 0xa2, 0xfa,
    0xa1, 0xf2, 0xa1, 0xf2, 0x81, 0xfa, 0xa1, 0xfa, 0xa2, 0xfa, 0xa1, 0xf2,
    0xa1, 0xfa, 0xc2, 0xfa, 0xc2, 0xf2, 0xa2, 0xfa, 0xc2, 0xfa, 0xc1, 0xf2,
    0xc1, 0xf2, 0xc1, 0xf2, 0xc2, 0xf2, 0xc2, 0xf2, 0xc1, 0xf2, 0xc2, 0xf2,
    0xc1, 0xf2, 0xc1, 0xf2, 0xc1, 0xf2, 0xc1, 0xf2, 0xa1, 0xea, 0xc1, 0xf2,
    0xc1, 0xea, 0xc1, 0xf2, 0xa1, 0xf2, 0xc1, 0xf2, 0xc1, 0xf2, 0xc1, 0xf2,
    0xc2, 0xf2, 0xc1, 0xf2, 0xc1, 0xf2, 0xc1, 0xf2, 0xc1, 0xf2, 0xc1, 0xf2,
    0xc2, 0xf2, 0xc2, 0xf2, 0xc1, 0xf2, 0xc2, 0xf2, 0xc1, 0xea, 0xa1, 0xf2,
    0xc2, 0xf2, 0xc2, 0xf2, 0xc1, 0xf2, 0xc2, 0xf2, 0xc2, 0xf2, 0xe2, 0xf2,
    0xe1, 0xf2, 0xe2, 0xf2, 0xc2, 0xf2, 0xe2, 0xf2, 0xc2, 0xf2, 0xc2, 0xf2,
    0xe2, 0xf2, 0xc1, 0xf2, 0xc2, 0xf2, 0xc1, 0xf2, 0xc1, 0xf2, 0xc1, 0xf2,
    0xc2, 0xf2, 0xc1, 0xf2, 0xc2, 0xf2, 0xc2, 0xf2, 0xc2, 0xf2, 0xc1, 0xf2,
    0xc1, 0xea, 0xc2, 0xf2, 0xc2, 0xf2, 0xc1, 0xf2, 0xc1, 0xf2, 0xa1, 0xf2,
    0xc1, 0xf2, 0xa1, 0xea, 0xc1, 0xf2, 0xa1, 0xf2, 0xa1, 0xf2, 0xc2, 0xf2,
    0xa1, 0xf2, 0xc2, 0xf2, 0xa1, 0xf2, 0xc1, 0xf2, 0xc2, 0xf2, 0xc2, 0xf2,
    0xc1, 0xf2, 0xe2, 0xf2, 0xc1, 0xf2, 0xc1, 0xf2, 0xc1, 0xf2, 0xc2, 0xea,
    0xc2, 0xf2, 0xc2, 0xf2, 0xc1, 0xf2, 0xc2, 0xf2, 0xc2, 0xf2, 0xe2, 0xf2,
    0xc1, 0xf2, 0xc1, 0xea, 0xc2, 0xf2, 0xc2, 0xf2, 0xe2, 0xf2, 0xc1, 0xf2,
    0xc1, 0xf2, 0xc2, 0xf2, 0xc1, 0xf2, 0xc2, 0xf2, 0xc2, 0xf2, 0xc1, 0xf2,
    0xc1, 0xf2, 0xc2, 0xf2, 0xc1, 0xf2, 0xc2, 0xf2, 0xc2, 0xf2, 0xa2, 0xf2,
    0xa1, 0xf2, 0xa1, 0xfa, 0xa2, 0xfa, 0xa1, 0xf2, 0x81, 0xfa, 0x82, 0xfa,
    0xa1, 0xfa, 0xa1, 0xfa, 0x81, 0xf2, 0x81, 0xf2, 0x81, 0xf2, 0x81, 0xfa,
    0xa1, 0xf2, 0x81, 0xf2, 0xa2, 0xf2, 0xc1, 0xf2, 0xa1, 0xf2, 0xa1, 0xf2,
    0xa1, 0xfa, 0xa1, 0xf2, 0xa1, 0xf2, 0xa1, 0xf2, 0xa1, 0xf2, 0xa1, 0xf2,
    0xa1, 0xf2, 0xa1, 0xf2, 0xa1, 0xf2, 0xa1, 0xf2, 0xa1, 0xf2, 0xa1, 0xf2,
    0xa1, 0xf2, 0xa1, 0xf2, 0xa2, 0xfa, 0xa1, 0xf2, 0xa1, 0xf2, 0x81, 0xf2,
    0xa1, 0xf2, 0xa1, 0xf2, 0xa1, 0xf2, 0xa1, 0xf2, 0x81, 0xf2, 0xa1, 0xfa,
    0xa1, 0xfa, 0xa1, 0xf2, 0xa2, 0xf2, 0xa1, 0xfa, 0xc1, 0xfa, 0xa2, 0xf2,
    0xa1, 0xf2, 0xa1, 0xf2, 0xa2, 0xfa, 0xa1, 0xf2, 0xa1, 0xf2, 0xa2, 0xf2,
    0xa1, 0xf2, 0xa1, 0xf2, 0x81, 0xfa, 0xa1, 0xf2, 0xa1, 0xf2, 0xa1, 0xfa,
    0xa1, 0xf2, 0xa2, 0xfa, 0xa1, 0xf2, 0xa1, 0xf2, 0xa1, 0xfa, 0xa1, 0xfa,
    0xa1, 0xf2, 0xa1, 0xf2, 0xa1, 0xf2, 0xa1, 0xf2, 0x81, 0xf2, 0xa1, 0xf2,
    0xa1, 0xfa, 0xa1, 0xf2, 0xa2, 0xfa, 0xa1, 0xf2, 0xa2, 0xf2, 0xa1, 0xfa,
    0xa1, 0xf2, 0xa1, 0xf2, 0x81, 0xf2, 0xa1, 0xfa, 0xa1, 0xf2, 0xa2, 0xfa,
    0xa1, 0xfa, 0xa1, 0xfa, 0xa1, 0xf2, 0xa2, 0xf2, 0xa1, 0xf2, 0xa1, 0xf2,
    0xa2, 0xf2, 0xa1, 0xf2, 0xa2, 0xf2, 0xa1, 0xf2, 0xa1, 0xf2, 0xa2, 0xf2,
    0xa2, 0xf2, 0xa1, 0xf2, 0xa1, 0xf2, 0xa1, 0xf2, 0xa1, 0xf2, 0xa1, 0xf2,
    0xa1, 0xf2, 0xa1, 0xf2, 0xc1, 0xf2, 0xa1, 0xf2, 0xa1, 0xf2, 0xc2, 0xf2,
    0xc1, 0xf2, 0xa1, 0xf2, 0xc1, 0xfa, 0xa2, 0xf2, 0xc1, 0xf2, 0xc1, 0xf2,
    0xc1, 0xf2, 0xe1, 0xf2, 0xe2, 0xf2, 0xe1, 0xf2, 0xc1, 0xf2, 0xc1, 0xf2,
    0xc1, 0xf2, 0xc1, 0xf2, 0xc1, 0xf2, 0xc1, 0xf2, 0xc1, 0xf2, 0xc2, 0xf2,
    0xc1, 0xf2, 0xc2, 0xf2, 0xc1, 0xf2, 0xc2, 0xf2, 0xa2, 0xf2, 0xa1, 0xf2,
    0xc2, 0xf2, 0xc1, 0xf2, 0xc2, 0xf2, 0xc2, 0xf2, 0xc2, 0xfa, 0xc2, 0xf2,
    0xa1, 0xf2, 0xc2, 0xf2, 0xc2, 0xfa, 0xc1, 0xfa, 0xc2, 0xfa, 0xc2, 0xf2,
    0xa2, 0xfa, 0xc2, 0xf2, 0xc2, 0xf2, 0xc2, 0xfa, 0xa1, 0xf2, 0xa2, 0xfa,
    0xa1, 0xf2, 0xa1, 0xfa, 0xa1, 0xf2, 0xa1, 0xfa, 0xc2, 0xf2, 0xa2, 0xfa,
    0xa1, 0xfa, 0xa1, 0xf2, 0xa2, 0xf2, 0xa1, 0xfa, 0x81, 0xfa, 0x81, 0xf2,
    0xa1, 0xfa, 0xa1, 0xfa, 0xa1, 0xf2, 0xa1, 0xf2, 0xa1, 0xf2, 0xa2, 0xfa,
    0xa1, 0xf2, 0xa2, 0xfa, 0xa1, 0xf2, 0xa1, 0xfa, 0xa2, 0xf2, 0xa1, 0xf2,
    0xa1, 0xfa, 0xa1, 0xf2, 0xa2, 0xfa, 0xa1, 0xfa, 0xa1, 0xf2, 0xa1, 0xf2,
    0xa2, 0xfa, 0xa1, 0xfa, 0xa1, 0xfa, 0xa1, 0xfa, 0x81, 0xf2, 0x81, 0xf2,
    0xa1, 0xfa, 0x81, 0xf2, 0xa1, 0xfa, 0xa1, 0xf2, 0xa1, 0xf2, 0xa1, 0xf2,
    0xa1, 0xfa, 0xa1, 0xfa, 0xa1, 0xf2, 0xa1, 0xfa, 0xa2, 0xf2, 0xa1, 0xfa,
    0xa1, 0xfa, 0xa2, 0xfa, 0xa1, 0xf2, 0xa1, 0xfa, 0xa1, 0xf2, 0xa1, 0xf2,
    0xa1, 0xf2, 0xa1, 0xf2, 0xa1, 0xf2, 0xa2, 0xf2, 0xa1, 0xfa, 0xa1, 0xf2,
    0xa1, 0xf2, 0xa1, 0xfa, 0xa1, 0xfa, 0xa2, 0xf2, 0xc1, 0xfa, 0xc1, 0xf2,
    0xa2, 0xf2, 0xc2, 0xf2, 0xc1, 0xf2, 0xa1, 0xf2, 0xc1, 0xf2, 0xc1, 0xf2,
    0xc2, 0xf2, 0xc2, 0xf2, 0xc1, 0xf2, 0xc1, 0xf2, 0xc2, 0xf2, 0xc1, 0xea,
    0xc1, 0xf2, 0xc2, 0xf2, 0xc2, 0xf2, 0xc1, 0xea, 0xc2, 0xf2, 0xc1, 0xf2,
    0xc1, 0xf2, 0xc2, 0xf2, 0xc1, 0xf2, 0xc1, 0xf2, 0xc1, 0xf2, 0xc1, 0xf2,
    0xc1, 0xf2, 0xc1, 0xf2, 0xc2, 0xf2, 0xc2, 0xf2, 0xc1, 0xf2, 0xc2, 0xf2,
    0xc1, 0xf2, 0xc1, 0xf2, 0xa1, 0xea, 0xc2, 0xf2, 0xc1, 0xf2, 0xc1, 0xf2,
    0xc2, 0xf2, 0xc1, 0xf2, 0xe2, 0xf2, 0xc2, 0xf2, 0xe1, 0xf2, 0xe2, 0xf2,
    0xc1, 0xf2, 0xe2, 0xf2, 0xe1, 0xea, 0xc2, 0xf2, 0xc2, 0xea, 0xc1, 0xf2,
    0xc2, 0xf2, 0xc2, 0xf2, 0xc1, 0xf2, 0xc1, 0xf2, 0xe2, 0xf2, 0xc2, 0xf2,
    0xc1, 0xf2, 0xc2, 0xf2, 0xc2, 0xf2, 0xc1, 0xf2, 0xc1, 0xf2, 0xc2, 0xf2,
    0xc1, 0xf2, 0xa1, 0xf2, 0xc2, 0xf2, 0xc1, 0xf2, 0xc1, 0xf2, 0xa1, 0xf2,
    0xc2, 0xf2, 0xc2, 0xf2, 0xc2, 0xf2, 0xc2, 0xf2, 0xc2, 0xf2, 0xc1, 0xf2,
    0xc2, 0xf2, 0xc2, 0xf2, 0xc1, 0xf2, 0xc2, 0xf2, 0xc2, 0xf2, 0xc2, 0xf2,
    0xe2, 0xf2, 0xe1, 0xf2, 0xc2, 0xf2, 0xe1, 0xf2, 0xc1, 0xea, 0xc2, 0xf2,
    0xe1, 0xf2, 0xe2, 0xf2, 0xc2, 0xf2, 0xc2, 0xf2, 0xe2, 0xf2, 0xe2, 0xf2,
    0xe2, 0xea, 0xc1, 0xea, 0xc2, 0xf2, 0xc1, 0xf2, 0xc1, 0xf2, 0xc2, 0xf2,
    0xc1, 0xf2, 0xc2, 0xf2, 0xc1, 0xf2, 0xc1, 0xf2, 0xc2, 0xf2, 0xc1, 0xf2,
    0xc1, 0xf2, 0xc2, 0xf2, 0xa2, 0xf2, 0xa1, 0xfa, 0xa1, 0xf2, 0xa2, 0xfa,
    0xa1, 0xfa, 0xa1, 0xf2, 0xa2, 0xf2, 0xa1, 0xfa, 0xa1, 0xfa, 0xa2, 0xf2,
    0xa1, 0xfa, 0xa1, 0xfa, 0xa1, 0xf2, 0xa1, 0xf2, 0xa1, 0xf2, 0xa2, 0xf2,
    0xc1, 0xf2, 0xa2, 0xf2, 0xc2, 0xf2, 0xa2, 0xf2, 0xa1, 0xfa, 0xa2, 0xf2,
    0xa1, 0xf2, 0xa1, 0xfa, 0xc2, 0xfa, 0xa2, 0xf2, 0xa1, 0xfa, 0xa1, 0xf2,
    0xa1, 0xf2, 0xa1, 0xf2, 0xa1, 0xf2, 0xa1, 0xf2, 0xa2, 0xf2, 0xa1, 0xf2,
    0xa1, 0xf2, 0x82, 0xf2, 0xa1, 0xf2, 0xa1, 0xf2, 0xa1, 0xf2, 0xa1, 0xf2,
    0xa1, 0xf2, 0x81, 0xf2, 0xa2, 0xfa, 0xa1, 0xf2, 0xc1, 0xf2, 0xc2, 0xf2,
    0xa1, 0xf2, 0xc1, 0xfa, 0xc1, 0xf2, 0xa1, 0xf2, 0xa1, 0xf2, 0xa1, 0xf2,
    0xa1, 0xf2, 0xc1, 0xf2, 0xa1, 0xf2, 0xa1, 0xfa, 0xa1, 0xfa, 0xa2, 0xf2,
    0xa1, 0xf2, 0xa2, 0xfa, 0xa1, 0xf2, 0xa1, 0xf2, 0xa2, 0xf2, 0xa1, 0xf2,
    0xa2, 0xfa, 0xa1, 0xfa, 0xa2, 0xf2, 0xa1, 0xfa, 0xa1, 0xfa, 0xa2, 0xfa,
    0x81, 0xf2, 0xa1, 0xf2, 0xa1, 0xf2, 0xa2, 0xf2, 0xa1, 0xf2, 0xa1, 0xfa,
    0xa1, 0xf2, 0xa2, 0xf2, 0xa1, 0xf2, 0xa2, 0xfa, 0xa1, 0xf2, 0xa1, 0xf2,
    0xa1, 0xf2, 0xa1, 0xf2, 0xa2, 0xf2, 0xa1, 0xf2, 0xa1, 0xfa, 0xa1, 0xf2,
    0xa1, 0xfa, 0xa1, 0xf2, 0xa1, 0xf2, 0xa1, 0xf2, 0xa2, 0xf2, 0xa1, 0xf2,
    0xa1, 0xf2, 0xa1, 0xea, 0xa2, 0xf2, 0xa1, 0xf2, 0xa1, 0xf2, 0xa2, 0xf2,
    0xa1, 0xf2, 0xa1, 0xf2, 0xa2, 0xf2, 0xa1, 0xf2, 0xa2, 0xf2, 0xa1, 0xf2,
    0xc1, 0xf2, 0xc2, 0xf2, 0xc2, 0xf2, 0xc1, 0xf2, 0xa2, 0xf2, 0xc2, 0xf2,
    0xc1, 0xf2, 0xc1, 0xf2, 0xc1, 0xf2, 0xe1, 0xf2, 0xe2, 0xf2, 0x02, 0xf3,
    0xe1, 0xf2, 0xc1, 0xf2, 0xe2, 0xf2, 0xc1, 0xf2, 0xc2, 0xf2, 0xc1, 0xf2,
    0xc2, 0xf2, 0xc2, 0xf2, 0xc2, 0xf2, 0xc1, 0xf2, 0xc1, 0xf2, 0xc1, 0xf2,
    0xc2, 0xf2, 0xc2, 0xf2, 0xc1, 0xf2, 0xc2, 0xf2, 0xc1, 0xf2, 0xc1, 0xf2,
    0xa2, 0xf2, 0xc1, 0xf2, 0xc2, 0xf2, 0xc1, 0xf2, 0xc1, 0xf2, 0xc2, 0xf2,
    0xc1, 0xf2, 0xc1, 0xf2, 0xc1, 0xf2, 0xc2, 0xfa, 0xc1, 0xf2, 0xc1, 0xf2,
    0xc2, 0xfa, 0xc2, 0xf2, 0xa1, 0xf2, 0xa1, 0xf2, 0xa2, 0xf2, 0xa1, 0xf2,
    0xc2, 0xf2, 0xc2, 0xf2, 0xa1, 0xf2, 0xa2, 0xfa, 0xa1, 0xf2, 0xa1, 0xf2,
    0x81, 0xf2, 0xa2, 0xfa, 0xa1, 0xf2, 0xa1, 0xfa, 0xa2, 0xf2, 0xa1, 0xf2,
    0xa1, 0xfa, 0xa2, 0xf2, 0xa1, 0xf2, 0xa2, 0xf2, 0xa1, 0xfa, 0xa2, 0xfa,
    0xa1, 0xf2, 0xa2, 0xfa, 0xa1, 0xfa, 0xa2, 0xf2, 0xa1, 0xf2, 0xa1, 0xfa,
    0xa1, 0xf2, 0xa1, 0xfa, 0xa2, 0xf2, 0xa1, 0xf2, 0xa1, 0xf2, 0xa2, 0xf2,
    0x81, 0xf2, 0xa1, 0xf2, 0xa1, 0xf2, 0xa1, 0xf2, 0x81, 0xf2, 0xa1, 0xf2,
    0xa1, 0xf2, 0xa1, 0xf2, 0xa1, 0xf2, 0xa2, 0xf2, 0xa1, 0xfa, 0xa2, 0xf2,
    0xa2, 0xfa, 0xa1, 0xfa, 0xa2, 0xfa, 0xa2, 0xf2, 0xa1, 0xf2, 0xa2, 0xfa,
    0xa1, 0xf2, 0xa1, 0xf2, 0xc2, 0xf2, 0xa1, 0xf2, 0xa1, 0xf2, 0xa1, 0xf2,
    0xa2, 0xf2, 0xa1, 0xf2, 0xa1, 0xf2, 0xa2, 0xf2, 0xa1, 0xfa, 0xa1, 0xf2,
    0xa2, 0xf2, 0xc1, 0xf2, 0xc1, 0xf2, 0xc2, 0xf2, 0xc2, 0xf2, 0xc2, 0xf2,
    0xc2, 0xf2, 0xc1, 0xf2, 0xc1, 0xf2, 0xc1, 0xf2, 0xc1, 0xf2, 0xc1, 0xf2,
    0xc2, 0xf2, 0xc1, 0xf2, 0xc1, 0xf2, 0xc2, 0xf2, 0xc2, 0xf2, 0xc1, 0xf2,
    0xc2, 0xf2, 0xc1, 0xf2, 0xc2, 0xf2, 0xc1, 0xf2, 0xc1, 0xf2, 0xc2, 0xf2,
    0xc1, 0xf2, 0xc2, 0xf2, 0xc2, 0xf2, 0xc1, 0xf2, 0xe1, 0xf2, 0xc2, 0xf2,
    0xc2, 0xf2, 0xc1, 0xf2, 0xc1, 0xf2, 0xc2, 0xf2, 0xc2, 0xf2, 0xc1, 0xf2,
    0xc2, 0xf2, 0xc1, 0xf2, 0xc1, 0xf2, 0xc2, 0xf2, 0xc1, 0xf2, 0xc2, 0xf2,
    0xc2, 0xea, 0xe1, 0xf2, 0xc1, 0xf2, 0xc1, 0xea, 0xe2, 0xf2, 0xc1, 0xf2,
    0xc1, 0xf2, 0xc2, 0xf2, 0xc2, 0xf2, 0xc1, 0xea, 0xc2, 0xf2, 0xc1, 0xf2,
    0xc2, 0xf2, 0xc2, 0xf2, 0xc1, 0xf2, 0xc2, 0xf2, 0xc1, 0xf2, 0xe1, 0xf2,
    0xc2, 0xf2, 0xc1, 0xea, 0xc1, 0xf2, 0xa2, 0xf2, 0xc2, 0xf2, 0xc1, 0xea,
    0xc2, 0xf2, 0xc1, 0xf2, 0xc2, 0xf2, 0xc1, 0xf2, 0xc1, 0xf2, 0xc1, 0xf2,
    0xc2, 0xf2, 0xc2, 0xf2, 0xc1, 0xf2, 0xe2, 0xf2, 0xc1, 0xf2, 0xc1, 0xf2,
    0xc2, 0xf2, 0xc2, 0xf2, 0xe2, 0xf2, 0xe1, 0xf2, 0xc2, 0xf2, 0xe2, 0xf2,
    0xc1, 0xea, 0xc2, 0xf2, 0xe2, 0xf2, 0xe1, 0xf2, 0xc2, 0xf2, 0xe1, 0xf2,
    0xe2, 0xf2, 0xe1, 0xf2, 0xe1, 0xf2, 0xe2, 0xf2, 0xe2, 0xf2, 0xc1, 0xf2,
    0xc1, 0xf2, 0xc1, 0xf2, 0xc2, 0xf2, 0xc2, 0xf2, 0xc2, 0xf2, 0xc1, 0xf2,
    0xc2, 0xf2, 0xc1, 0xf2, 0xc1, 0xf2, 0xc1, 0xf2, 0xa1, 0xf2, 0xa2, 0xf2,
    0xa1, 0xf2, 0xa1, 0xf2, 0xa2, 0xfa, 0xa1, 0xf2, 0xa2, 0xf2, 0xa1, 0xf2,
    0xa1, 0xf2, 0xa2, 0xf2, 0xa1, 0xf2, 0xa1, 0xf2, 0xa2, 0xf2, 0xa1, 0xf2,
    0xc1, 0xf2, 0xc2, 0xf2, 0xc1, 0xf2, 0xc1, 0xf2, 0xc2, 0xf2, 0xc1, 0xf2,
    0xa1, 0xfa, 0xa1, 0xf2, 0xa1, 0xf2, 0xa1, 0xf2, 0xa2, 0xf2, 0xa1, 0xfa,
    0xc1, 0xf2, 0xa2, 0xf2, 0xa1, 0xf2, 0xa1, 0xf2, 0xa1, 0xf2, 0x81, 0xf2,
    0x81, 0xf2, 0xa1, 0xf2, 0xa1, 0xf2, 0xa1, 0xf2, 0xa1, 0xf2, 0xa1, 0xf2,
    0xa2, 0xf2, 0xa1, 0xf2, 0xa1, 0xf2, 0xa1, 0xf2, 0xa1, 0xf2, 0xa1, 0xf2,
    0xa2, 0xfa, 0xc2, 0xf2, 0xa1, 0xf2, 0xa1, 0xf2, 0xc2, 0xf2, 0xa1, 0xf2,
    0xa2, 0xf2, 0xa2, 0xf2, 0xa1, 0xf2, 0xc2, 0xf2, 0xa1, 0xf2, 0xa1, 0xf2,
    0xa1, 0xfa, 0xa1, 0xf2, 0xa1, 0xf2, 0xa1, 0xf2, 0xa1, 0xfa, 0xa1, 0xfa,
    0xc2, 0xf2, 0xc1, 0xf2, 0xa1, 0xf2, 0xa2, 0xf2, 0xa1, 0xfa, 0xa2, 0xf2,
    0xa1, 0xf2, 0xa1, 0xfa, 0xa2, 0xf2, 0xc2, 0xfa, 0xa1, 0xf2, 0xa2, 0xf2,
    0xa1, 0xf2, 0xa1, 0xf2, 0xc2, 0xfa, 0xc1, 0xf2, 0xa1, 0xf2, 0xa2, 0xfa,
    0xa2, 0xfa, 0xa1, 0xf2, 0xa1, 0xf2, 0xa2, 0xf2, 0xa1, 0xfa, 0xa1, 0xf2,
    0xa2, 0xf2, 0xc2, 0xfa, 0xc2, 0xf2, 0xc1, 0xfa, 0xa2, 0xf2, 0xa1, 0xf2,
    0xa1, 0xf2, 0xa2, 0xf2, 0xa1, 0xf2, 0xa1, 0xea, 0xa2, 0xf2, 0xa1, 0xf2,
    0xa1, 0xf2, 0xa1, 0xf2, 0xa1, 0xf2, 0xa1, 0xf2, 0xc1, 0xf2, 0xc1, 0xf2,
    0xa2, 0xf2, 0xc1, 0xf2, 0xc1, 0xf2, 0xc2, 0xf2, 0xc2, 0xf2, 0xc1, 0xf2,
    0xc2, 0xf2, 0xc1, 0xf2, 0xe2, 0xf2, 0xe1, 0xfa, 0xe2, 0xf2, 0x01, 0xfb,
    0x02, 0xfb, 0x01, 0xf3, 0xc1, 0xf2, 0xe1, 0xf2, 0xc2, 0xf2, 0xe1, 0xf2,
    0xc1, 0xf2, 0xc2, 0xf2, 0xc2, 0xf2, 0xc2, 0xf2, 0xc1, 0xf2, 0xc1, 0xf2,
    0xc2, 0xf2, 0xc2, 0xf2, 0xc1, 0xf2, 0xc1, 0xf2, 0xc2, 0xf2, 0xc2, 0xf2,
    0xc1, 0xf2, 0xc2, 0xf2, 0xc1, 0xf2, 0xc1, 0xf2, 0xc2, 0xfa, 0xc2, 0xf2,
    0xa1, 0xf2, 0xc2, 0xf2, 0xc2, 0xf2, 0xc1, 0xf2, 0xc1, 0xf2, 0xc2, 0xf2,
    0xc1, 0xf2, 0xc1, 0xf2, 0xc2, 0xf2, 0xc2, 0xf2, 0xa1, 0xf2, 0xa1, 0xfa,
    0xa1, 0xf2, 0xc1, 0xf2, 0xa2, 0xfa, 0xc1, 0xf2, 0xa1, 0xf2, 0xc2, 0xfa,
    0xa1, 0xf2, 0xa1, 0xf2, 0xa1, 0xf2, 0xa2, 0xfa, 0xa1, 0xfa, 0xa1, 0xfa,
    0xa2, 0xf2, 0xa1, 0xf2, 0xc2, 0xfa, 0xa2, 0xf2, 0xc1, 0xfa, 0xa1, 0xf2,
    0xa1, 0xf2, 0xc2, 0xf2, 0xa2, 0xf2, 0xc1, 0xf2, 0xc2, 0xfa, 0xa1, 0xf2,
    0xa1, 0xf2, 0xa2, 0xf2, 0xa1, 0xfa, 0xa1, 0xf2, 0xa2, 0xfa, 0xa1, 0xf2,
    0xa1, 0xfa, 0xa1, 0xf2, 0xa1, 0xfa, 0xa1, 0xf2, 0xa1, 0xf2, 0xa1, 0xf2,
    0xa1, 0xf2, 0x81, 0xf2, 0xa1, 0xf2, 0xa1, 0xf2, 0xa1, 0xf2, 0x81, 0xf2,
    0xa1, 0xf2, 0xc2, 0xfa, 0xa1, 0xfa, 0xa1, 0xf2, 0xa2, 0xfa, 0xc1, 0xf2,
    0xa1, 0xf2, 0xa2, 0xf2, 0xc2, 0xf2, 0xc1, 0xf2, 0xc1, 0xf2, 0xc1, 0xf2,
    0xa1, 0xf2, 0xa1, 0xf2, 0xc2, 0xf2, 0xc1, 0xf2, 0xa1, 0xf2, 0xa2, 0xf2,
    0xa1, 0xfa, 0xa1, 0xf2, 0xc2, 0xf2, 0xc2, 0xf2, 0xc1, 0xf2, 0xc1, 0xf2,
    0xc2, 0xf2, 0xc1, 0xf2, 0xc2, 0xf2, 0xe2, 0xf2, 0xe1, 0xf2, 0xe2, 0xf2,
    0xc2, 0xf2, 0xc2, 0xf2, 0xc1, 0xf2, 0xc1, 0xf2, 0xe2, 0xf2, 0xc1, 0xf2,
    0xc1, 0xf2, 0xc1, 0xf2, 0xe1, 0xf2, 0xc2, 0xf2, 0xc1, 0xf2, 0xc1, 0xf2,
    0xc1, 0xf2, 0xc1, 0xf2, 0xc1, 0xf2, 0xc1, 0xf2, 0xc2, 0xf2, 0xc1, 0xf2,
    0xe1, 0xf2, 0xe1, 0xf2, 0xc2, 0xf2, 0xe1, 0xf2, 0xc1, 0xf2, 0xc2, 0xf2,
    0xc2, 0xf2, 0xc1, 0xf2, 0xc2, 0xf2, 0xc2, 0xf2, 0xc1, 0xea, 0xc2, 0xf2,
    0xc1, 0xea, 0xc1, 0xf2, 0xc2, 0xf2, 0xc2, 0xea, 0xc1, 0xf2, 0xc2, 0xf2,
    0xc2, 0xf2, 0xc1, 0xf2, 0xc2, 0xf2, 0xc1, 0xf2, 0xc1, 0xf2, 0xc2, 0xf2,
    0xc1, 0xf2, 0xc2, 0xf2, 0xc2, 0xfa, 0xc1, 0xf2, 0xc2, 0xf2, 0xc2, 0xf2,
    0xe1, 0xf2, 0xc1, 0xf2, 0xc2, 0xf2, 0xc1, 0xf2, 0xc1, 0xea, 0xc1, 0xf2,
    0xc2, 0xf2, 0xc2, 0xf2, 0xc1, 0xf2, 0xc1, 0xea, 0xc2, 0xf2, 0xc2, 0xf2,
    0xc2, 0xf2, 0xc2, 0xf2, 0xe1, 0xf2, 0xc2, 0xf2, 0xc2, 0xf2, 0xe2, 0xf2,
    0xc1, 0xf2, 0xc1, 0xf2, 0xe2, 0xf2, 0xc1, 0xf2, 0xe2, 0xf2, 0xc2, 0xf2,
    0xc1, 0xf2, 0xe2, 0xf2, 0xc1, 0xf2, 0xc1, 0xea, 0xe2, 0xf2, 0xc2, 0xf2,
    0xe1, 0xea, 0xc1, 0xf2, 0xc2, 0xf2, 0xe1, 0xf2, 0xe1, 0xf2, 0xe1, 0xf2,
    0xe2, 0xf2, 0xe2, 0xf2, 0xe1, 0xf2, 0xe1, 0xea, 0xc1, 0xf2, 0xc2, 0xf2,
    0xc1, 0xf2, 0xc2, 0xf2, 0xc2, 0xf2, 0xc2, 0xf2, 0xc2, 0xf2, 0xa1, 0xf2,
    0xa1, 0xf2, 0xc1, 0xf2, 0xa1, 0xf2, 0xa1, 0xfa, 0xa1, 0xf2, 0xc2, 0xf2,
    0xc2, 0xf2, 0xc1, 0xf2, 0xa1, 0xf2, 0xa1, 0xf2, 0xc1, 0xf2, 0xc2, 0xf2,
    0xa1, 0xfa, 0xa1, 0xf2, 0xc1, 0xf2, 0xc2, 0xf2, 0xc2, 0xf2, 0xc1, 0xf2,
    0xc2, 0xf2, 0xc2, 0xf2, 0xa1, 0xf2, 0xa1, 0xf2, 0xc2, 0xf2, 0xa1, 0xf2,
    0xc2, 0xfa, 0xc2, 0xfa, 0xc1, 0xf2, 0xa1, 0xf2, 0xa1, 0xf2, 0xa1, 0xf2,
    0xa1, 0xf2, 0xa1, 0xf2, 0x81, 0xf2, 0xa1, 0xf2, 0xa1, 0xf2, 0xa2, 0xf2,
    0xa1, 0xf2, 0xa1, 0xf2, 0xa1, 0xf2, 0xa1, 0xf2, 0xa1, 0xf2, 0xa1, 0xf2,
    0xa1, 0xf2, 0xa1, 0xf2, 0xa2, 0xf2, 0xa2, 0xf2, 0xa1, 0xf2, 0xa2, 0xf2,
    0xa1, 0xf2, 0xa1, 0xf2, 0xa2, 0xf2, 0xa1, 0xf2, 0xa1, 0xf2, 0xa2, 0xf2,
    0xa1, 0xf2, 0xa1, 0xf2, 0xc2, 0xf2, 0xa1, 0xf2, 0xa2, 0xf2, 0xc1, 0xf2,
    0xc1, 0xf2, 0xa2, 0xfa, 0xc2, 0xfa, 0xc1, 0xf2, 0xa2, 0xf2, 0xc2, 0xfa,
    0xa1, 0xfa, 0xa2, 0xf2, 0xc2, 0xf2, 0xa1, 0xf2, 0xa1, 0xf2, 0xc2, 0xfa,
    0xc1, 0xf2, 0xc2, 0xf2, 0xa2, 0xf2, 0xa1, 0xf2, 0xc2, 0xfa, 0xc2, 0xf2,
    0xa1, 0xf2, 0xc1, 0xfa, 0xc2, 0xf2, 0xa1, 0xf2, 0xa1, 0xfa, 0xa1, 0xf2,
    0xc1, 0xf2, 0xc2, 0xf2, 0xa2, 0xfa, 0xa1, 0xf2, 0xc2, 0xf2, 0xa1, 0xf2,
    0xa1, 0xf2, 0xc1, 0xf2, 0xa1, 0xf2, 0xa2, 0xf2, 0xc2, 0xf2, 0xc1, 0xf2,
    0xc1, 0xf2, 0xc1, 0xf2, 0xc1, 0xf2, 0xc2, 0xf2, 0xa1, 0xf2, 0xc2, 0xf2,
    0xc1, 0xf2, 0xc1, 0xf2, 0xa1, 0xf2, 0xa1, 0xf2, 0xc1, 0xf2, 0xc2, 0xf2,
    0xc1, 0xf2, 0xc1, 0xf2, 0xc2, 0xf2, 0xc1, 0xf2, 0xc2, 0xf2, 0xe1, 0xf2,
    0xe2, 0xfa, 0x02, 0xfb, 0x21, 0xf3, 0x01, 0xf3, 0xe1, 0xf2, 0xc1, 0xf2,
    0xe2, 0xf2, 0xe1, 0xfa, 0xe1, 0xf2, 0xe1, 0xf2, 0xe1, 0xf2, 0xe1, 0xf2,
    0xe2, 0xf2, 0xc1, 0xf2, 0xc2, 0xf2, 0xc2, 0xf2, 0xc1, 0xf2, 0xc1, 0xf2,
    0xc2, 0xf2, 0xc2, 0xf2, 0xc1, 0xf2, 0xc2, 0xf2, 0xc2, 0xf2, 0xc1, 0xf2,
    0xc2, 0xf2, 0xc2, 0xf2, 0xa1, 0xfa, 0xc1, 0xf2, 0xc2, 0xf2, 0xc2, 0xf2,
    0xc2, 0xf2, 0xc1, 0xf2, 0xc2, 0xf2, 0xc2, 0xf2, 0xc1, 0xf2, 0xc2, 0xf2,
    0xc2, 0xfa, 0xc2, 0xfa, 0xc2, 0xf2, 0xc1, 0xf2, 0xa2, 0xfa, 0xa1, 0xf2,
    0xc2, 0xf2, 0xa2, 0xfa, 0xa1, 0xf2, 0xc2, 0xf2, 0xa1, 0xfa, 0xa1, 0xf2,
    0xa1, 0xf2, 0xa1, 0xf2, 0xa1, 0xf2, 0xa1, 0xf2, 0xc2, 0xf2, 0xc1, 0xfa,
    0xa2, 0xf2, 0xc2, 0xfa, 0xa1, 0xf2, 0xc1, 0xf2, 0xc2, 0xf2, 0xc1, 0xf2,
    0xa2, 0xfa, 0xa1, 0xf2, 0xa1, 0xfa, 0xa1, 0xf2, 0xa2, 0xf2, 0xa1, 0xfa,
    0xc1, 0xf2, 0xa1, 0xfa, 0xa2, 0xf2, 0xa1, 0xfa, 0xa1, 0xfa, 0xa2, 0xf2,
    0xa1, 0xfa, 0xa1, 0xf2, 0xa1, 0xf2, 0xa1, 0xf2, 0xa1, 0xf2, 0xa1, 0xf2,
    0xa1, 0xf2, 0xa1, 0xf2, 0xa1, 0xf2, 0xa2, 0xf2, 0xc1, 0xf2, 0xc2, 0xfa,
    0xc2, 0xf2, 0xa1, 0xfa, 0xa1, 0xf2, 0xc2, 0xf2, 0xc1, 0xf2, 0xa1, 0xf2,
    0xc2, 0xf2, 0xc2, 0xf2, 0xc1, 0xf2, 0xc2, 0xf2, 0xc2, 0xf2, 0xc2, 0xf2,
    0xc1, 0xfa, 0xc1, 0xfa, 0xa1, 0xf2, 0xc1, 0xf2, 0xc1, 0xf2, 0xc2, 0xf2,
    0xc1, 0xf2, 0xc2, 0xf2, 0xc2, 0xf2, 0xc1, 0xf2, 0xe1, 0xf2, 0xe2, 0xf2,
    0xe1, 0xf2, 0xe1, 0xf2, 0xc2, 0xf2, 0xc2, 0xf2, 0xc2, 0xf2, 0xe1, 0xf2,
    0xe1, 0xf2, 0xe2, 0xf2, 0xe1, 0xf2, 0xe1, 0xf2, 0xc1, 0xf2, 0xc1, 0xf2,
    0xc1, 0xf2, 0xe1, 0xf2, 0xc2, 0xfa, 0xc2, 0xf2, 0xc1, 0xf2, 0xc1, 0xfa,
    0xe1, 0xfa, 0xe1, 0xf2, 0xe1, 0xf2, 0xc1, 0xf2, 0xc1, 0xf2, 0xc1, 0xf2,
    0xc1, 0xf2, 0xc1, 0xf2, 0xc1, 0xf2, 0xc1, 0xf2, 0xc2, 0xf2, 0xc1, 0xf2,
    0xc2, 0xf2, 0xc1, 0xf2, 0xc2, 0xf2, 0xc1, 0xf2, 0xc1, 0xf2, 0xc2, 0xf2,
    0xe1, 0xf2, 0xc2, 0xea, 0xc1, 0xf2, 0xe2, 0xea, 0xc1, 0xea, 0xc1, 0xf2,
    0xc2, 0xf2, 0xc1, 0xf2, 0xc1, 0xf2, 0xc2, 0xf2, 0xc1, 0xf2, 0xc2, 0xf2,
    0xe2, 0xf2, 0xc2, 0xf2, 0xe1, 0xf2, 0xc2, 0xf2, 0xc1, 0xf2, 0xc1, 0xf2,
    0xc2, 0xf2, 0xc2, 0xf2, 0xc1, 0xf2, 0xc1, 0xf2, 0xc2, 0xf2, 0xc2, 0xf2,
    0xc1, 0xf2, 0xc2, 0xf2, 0xc2, 0xf2, 0xe1, 0xf2, 0xe2, 0xf2, 0xe2, 0xf2,
    0xc2, 0xf2, 0xc1, 0xf2, 0xc2, 0xf2, 0xc2, 0xf2, 0xc1, 0xf2, 0xc1, 0xf2,
    0xc1, 0xf2, 0xe2, 0xf2, 0xc1, 0xea, 0xe2, 0xf2, 0xe2, 0xf2, 0xc2, 0xf2,
    0xc1, 0xf2, 0xe2, 0xf2, 0xe2, 0xf2, 0xe1, 0xf2, 0xe2, 0xf2, 0xe2, 0xf2,
    0xe2, 0xf2, 0x01, 0xf3, 0xe2, 0xf2, 0xe2, 0xf2, 0xe1, 0xf2, 0xc2, 0xf2,
    0xe1, 0xea, 0xc2, 0xf2, 0xc1, 0xf2, 0xc1, 0xea, 0xc1, 0xf2, 0xc1, 0xf2,
    0xc2, 0xf2, 0xc1, 0xf2, 0xa1, 0xf2, 0xa2, 0xf2, 0xc1, 0xf2, 0xc1, 0xf2,
    0xc2, 0xf2, 0xc1, 0xf2, 0xc1, 0xf2, 0xc2, 0xf2, 0xc2, 0xf2, 0xc2, 0xf2,
    0xc2, 0xf2, 0xc2, 0xf2, 0xa2, 0xf2, 0xc2, 0xf2, 0xc2, 0xf2, 0xc1, 0xf2,
    0xc1, 0xf2, 0xc2, 0xf2, 0xc1, 0xf2, 0xc2, 0xf2, 0xc2, 0xf2, 0xc2, 0xf2,
    0xc2, 0xfa, 0xc1, 0xfa, 0xa2, 0xf2, 0xc2, 0xf2, 0xa1, 0xf2, 0xa2, 0xfa,
    0xa1, 0xf2, 0xa2, 0xf2, 0xa1, 0xf2, 0xa1, 0xf2, 0x82, 0xf2, 0xa1, 0xf2,
    0xa1, 0xf2, 0xa1, 0xf2, 0xa2, 0xf2, 0xc1, 0xf2, 0xa1, 0xf2, 0xa1, 0xf2,
    0xa1, 0xf2, 0xa1, 0xf2, 0xa2, 0xf2, 0xc1, 0xf2, 0xc1, 0xf2, 0xa1, 0xf2,
    0xa1, 0xf2, 0xa2, 0xf2, 0xa1, 0xf2, 0xa1, 0xf2, 0xa2, 0xf2, 0xa1, 0xf2,
    0xa1, 0xf2, 0xc1, 0xf2, 0xa2, 0xf2, 0xa1, 0xfa, 0xc1, 0xf2, 0xa1, 0xf2,
    0xa2, 0xfa, 0xc1, 0xf2, 0xc1, 0xf2, 0xa1, 0xf2, 0xc2, 0xf2, 0xc1, 0xf2,
    0xa2, 0xf2, 0xc1, 0xf2, 0xc1, 0xfa, 0xa2, 0xfa, 0xc1, 0xf2, 0xa1, 0xf2,
    0xa1, 0xf2, 0xc2, 0xf2, 0xa1, 0xf2, 0xc1, 0xf2, 0xc1, 0xf2, 0xc2, 0xf2,
    0xa1, 0xf2, 0xa2, 0xf2, 0xc2, 0xf2, 0xc1, 0xf2, 0xc2, 0xf2, 0xc1, 0xf2,
    0xc1, 0xf2, 0xa2, 0xf2, 0xc1, 0xf2, 0xc1, 0xf2, 0xa2, 0xf2, 0xc1, 0xf2,
    0xa1, 0xfa, 0xc2, 0xfa, 0xa1, 0xf2, 0xc1, 0xf2, 0xa2, 0xf2, 0xa1, 0xf2,
    0xc1, 0xf2, 0xc2, 0xf2, 0xc1, 0xea, 0xc1, 0xf2, 0xc1, 0xf2, 0xc2, 0xf2,
    0xc2, 0xf2, 0xc1, 0xf2, 0xc2, 0xf2, 0xc2, 0xf2, 0xa1, 0xf2, 0xc1, 0xf2,
    0xc1, 0xf2, 0xc2, 0xf2, 0xc2, 0xf2, 0xc1, 0xf2, 0xc2, 0xf2, 0xc2, 0xf2,
    0xe1, 0xf2, 0xe1, 0xf2, 0xe2, 0xf2, 0x01, 0xf3, 0x22, 0xf3, 0x01, 0xf3,
    0xe1, 0xf2, 0xe1, 0xf2, 0xe1, 0xf2, 0xe1, 0xf2, 0xc1, 0xf2, 0xc1, 0xf2,
    0xe2, 0xfa, 0xe2, 0xf2, 0xe2, 0xfa, 0xe1, 0xf2, 0xe1, 0xf2, 0xe2, 0xf2,
    0xc2, 0xf2, 0xe1, 0xf2, 0xc2, 0xf2, 0xc1, 0xf2, 0xc2, 0xfa, 0xc2, 0xf2,
    0xc2, 0xf2, 0xc2, 0xf2, 0xc2, 0xf2, 0xc1, 0xf2, 0xc1, 0xfa, 0xc1, 0xf2,
    0xc1, 0xf2, 0xc1, 0xf2, 0xc2, 0xf2, 0xc1, 0xf2, 0xc1, 0xf2, 0xc1, 0xf2,
    0xc1, 0xf2, 0xc2, 0xf2, 0xc1, 0xf2, 0xc1, 0xf2, 0xc2, 0xf2, 0xc2, 0xf2,
    0xc1, 0xf2, 0xc2, 0xf2, 0xc1, 0xf2, 0xc1, 0xf2, 0xa2, 0xfa, 0xa2, 0xf2,
    0xa1, 0xfa, 0xa1, 0xf2, 0xa2, 0xf2, 0xa2, 0xfa, 0xa1, 0xfa, 0xc1, 0xf2,
    0xa2, 0xfa, 0xa1, 0xf2, 0xc2, 0xf2, 0xa2, 0xfa, 0xc1, 0xf2, 0xc2, 0xf2,
    0xc1, 0xf2, 0xc2, 0xf2, 0xa1, 0xfa, 0xa2, 0xf2, 0xc2, 0xfa, 0xa1, 0xf2,
    0xa2, 0xfa, 0xc1, 0xf2, 0xc1, 0xf2, 0xa1, 0xf2, 0xa1, 0xf2, 0xc1, 0xf2,
    0xa2, 0xf2, 0xa2, 0xf2, 0xc1, 0xf2, 0xa2, 0xf2, 0xa2, 0xf2, 0xc1, 0xf2,
    0xa1, 0xf2, 0xa1, 0xf2, 0xa1, 0xf2, 0xa1, 0xf2, 0xa1, 0xf2, 0xa2, 0xfa,
    0xa1, 0xf2, 0xc2, 0xf2, 0xa1, 0xfa, 0xc2, 0xf2, 0xc2, 0xf2, 0xc1, 0xf2,
    0xc1, 0xf2, 0xc1, 0xf2, 0xc2, 0xf2, 0xc1, 0xf2, 0xc1, 0xf2, 0xc2, 0xf2,
    0xc1, 0xf2, 0xc1, 0xf2, 0xc2, 0xf2, 0xc2, 0xf2, 0xc2, 0xf2, 0xc2, 0xf2,
    0xc1, 0xf2, 0xc1, 0xf2, 0xc1, 0xf2, 0xc2, 0xf2, 0xe1, 0xf2, 0xe1, 0xf2,
    0xe2, 0xf2, 0xe2, 0xfa, 0xe1, 0xfa, 0xe1, 0xfa, 0xe1, 0xfa, 0xc1, 0xfa,
    0xc2, 0xf2, 0x24, 0xeb, 0x44, 0xeb, 0x01, 0xf3, 0x03, 0xeb, 0x24, 0xeb,
    0xe1, 0xf2, 0xc2, 0xfa, 0x24, 0xeb, 0x03, 0xe3, 0xe1, 0xf2, 0xc2, 0xf2,
    0xc1, 0xf2, 0xc1, 0xf2, 0xe1, 0xf2, 0xc1, 0xf2, 0xc2, 0xf2, 0xe1, 0xf2,
    0xc1, 0xf2, 0xc2, 0xf2, 0xc2, 0xf2, 0xe2, 0xe2, 0xc2, 0xe2, 0xc1, 0xf2,
    0xc1, 0xea, 0xc1, 0xf2, 0xc1, 0xf2, 0xc1, 0xea, 0xc2, 0xf2, 0xc2, 0xf2,
    0xc2, 0xf2, 0xe1, 0xf2, 0xc2, 0xf2, 0xc1, 0xf2, 0xc1, 0xf2, 0xc1, 0xf2,
    0xc1, 0xf2, 0xc1, 0xf2, 0xe2, 0xf2, 0xc2, 0xf2, 0xc2, 0xf2, 0xc2, 0xf2,
    0xc1, 0xf2, 0xc1, 0xf2, 0xe1, 0xf2, 0xe1, 0xf2, 0xc2, 0xf2, 0xc1, 0xf2,
    0xc1, 0xf2, 0xc1, 0xf2, 0xc2, 0xf2, 0xc1, 0xf2, 0xc1, 0xf2, 0xc2, 0xf2,
    0xc2, 0xf2, 0xc1, 0xf2, 0xc2, 0xf2, 0xe2, 0xf2, 0xe1, 0xf2, 0xc2, 0xf2,
    0xc2, 0xf2, 0xe2, 0xfa, 0xe1, 0xf2, 0xe2, 0xf2, 0xe2, 0xf2, 0xc2, 0xf2,
    0xc2, 0xf2, 0xe2, 0xf2, 0xc2, 0xf2, 0xc2, 0xf2, 0xe1, 0xf2, 0xc2, 0xf2,
    0xc2, 0xf2, 0xc1, 0xf2, 0xe1, 0xf2, 0xe1, 0xf2, 0xe2, 0xf2, 0xe2, 0xf2,
    0xe1, 0xf2, 0xe2, 0xf2, 0xe1, 0xf2, 0xe1, 0xf2, 0xe1, 0xf2, 0xe1, 0xf2,
    0xc2, 0xf2, 0xc1, 0xf2, 0xe1, 0xf2, 0xe2, 0xf2, 0xc2, 0xf2, 0xc1, 0xf2,
    0xe1, 0xf2, 0xc1, 0xf2, 0xc1, 0xf2, 0xc2, 0xf2, 0xc1, 0xf2, 0xc1, 0xf2,
    0xc2, 0xf2, 0xa1, 0xf2, 0xa1, 0xf2, 0xc1, 0xf2, 0xc1, 0xf2, 0xc1, 0xfa,
    0xc2, 0xf2, 0xc1, 0xf2, 0xc1, 0xf2, 0xc1, 0xf2, 0xc2, 0xf2, 0xc1, 0xf2,
    0xc1, 0xf2, 0xc2, 0xf2, 0xc2, 0xf2, 0xc1, 0xf2, 0xc1, 0xf2, 0xc2, 0xf2,
    0xc1, 0xf2, 0xc2, 0xf2, 0xc1, 0xf2, 0xa1, 0xf2, 0xa1, 0xfa, 0xc2, 0xf2,
    0xa1, 0xfa, 0xc2, 0xfa, 0xa1, 0xf2, 0xc1, 0xf2, 0xa1, 0xf2, 0xa1, 0xf2,
    0xa2, 0xf2, 0xa1, 0xf2, 0xa1, 0xf2, 0xc2, 0xf2, 0xc2, 0xf2, 0xc1, 0xf2,
    0xc2, 0xf2, 0xa1, 0xf2, 0xc1, 0xf2, 0xa1, 0xf2, 0xc1, 0xf2, 0xc1, 0xf2,
    0xc1, 0xf2, 0xc1, 0xf2, 0xc1, 0xf2, 0xc1, 0xf2, 0xc1, 0xf2, 0xc1, 0xf2,
    0xc1, 0xf2, 0xc2, 0xf2, 0xc1, 0xf2, 0xc1, 0xf2, 0xc2, 0xf2, 0xc2, 0xf2,
    0xa1, 0xfa, 0xc2, 0xf2, 0xc1, 0xf2, 0xc2, 0xf2, 0xc1, 0xf2, 0xc1, 0xf2,
    0xc1, 0xf2, 0xc1, 0xf2, 0xa2, 0xf2, 0xa2, 0xf2, 0xc1, 0xf2, 0xc2, 0xf2,
    0xc2, 0xf2, 0xa1, 0xfa, 0xc2, 0xfa, 0xc2, 0xf2, 0xc1, 0xf2, 0xc2, 0xf2,
    0xc2, 0xf2, 0xc1, 0xf2, 0xc1, 0xf2, 0xc2, 0xf2, 0xc1, 0xf2, 0xc2, 0xf2,
    0xc2, 0xf2, 0xc2, 0xf2, 0xc2, 0xf2, 0xc2, 0xf2, 0xc1, 0xf2, 0xc1, 0xf2,
    0xc2, 0xf2, 0xc2, 0xf2, 0xa1, 0xf2, 0xa2, 0xf2, 0xc2, 0xf2, 0xc1, 0xf2,
    0xc1, 0xf2, 0xc2, 0xf2, 0xc2, 0xf2, 0xc1, 0xf2, 0xc2, 0xf2, 0xc2, 0xea,
    0xc1, 0xf2, 0xc2, 0xf2, 0xc1, 0xf2, 0xc1, 0xf2, 0xc2, 0xf2, 0xc2, 0xf2,
    0xc2, 0xf2, 0xc2, 0xf2, 0xc2, 0xf2, 0xc1, 0xf2, 0xe2, 0xf2, 0xe2, 0xf2,
    0xe1, 0xf2, 0xe1, 0xf2, 0xe2, 0xf2, 0x01, 0xf3, 0x01, 0xfb, 0x01, 0xfb,
    0x02, 0xf3, 0x01, 0xf3, 0xe1, 0xf2, 0xe1, 0xf2, 0xe1, 0xf2, 0xe2, 0xf2,
    0xe1, 0xfa, 0xe1, 0xf2, 0xe2, 0xf2, 0xc1, 0xf2, 0xe2, 0xfa, 0xe2, 0xf2,
    0xe1, 0xfa, 0xe2, 0xf2, 0xe1, 0xf2, 0xe2, 0xf2, 0xe1, 0xf2, 0xe1, 0xfa,
    0xe2, 0xf2, 0xc1, 0xf2, 0xe2, 0xfa, 0xe2, 0xf2, 0xe1, 0xf2, 0xc2, 0xf2,
    0xc1, 0xf2, 0xc2, 0xf2, 0xc1, 0xf2, 0xc1, 0xf2, 0xc1, 0xf2, 0xc2, 0xf2,
    0xc1, 0xf2, 0xc1, 0xf2, 0xc2, 0xf2, 0xe1, 0xfa, 0xc1, 0xf2, 0xc1, 0xf2,
    0xe1, 0xf2, 0xc2, 0xf2, 0xc1, 0xf2, 0xc2, 0xf2, 0xc2, 0xf2, 0xc1, 0xf2,
    0xc1, 0xf2, 0xc2, 0xfa, 0xc2, 0xf2, 0xa1, 0xfa, 0xc2, 0xf2, 0xc1, 0xfa,
    0xc2, 0xf2, 0xc2, 0xf2, 0xa1, 0xfa, 0xc1, 0xf2, 0xc1, 0xf2, 0xa1, 0xfa,
    0xa2, 0xf2, 0xc2, 0xf2, 0xc1, 0xf2, 0xc1, 0xf2, 0xa2, 0xf2, 0xc1, 0xfa,
    0xc2, 0xf2, 0xa2, 0xf2, 0xc1, 0xfa, 0xa1, 0xf2, 0xc1, 0xf2, 0xa1, 0xf2,
    0xc1, 0xfa, 0xc1, 0xf2, 0xc1, 0xf2, 0xc2, 0xfa, 0xc1, 0xf2, 0xc2, 0xf2,
    0xc1, 0xf2, 0xc1, 0xf2, 0xa1, 0xea, 0xa2, 0xf2, 0xc2, 0xf2, 0xa1, 0xf2,
    0xc1, 0xf2, 0xc2, 0xf2, 0xc2, 0xf2, 0xa1, 0xfa, 0xa1, 0xf2, 0xc2, 0xf2,
    0xc1, 0xf2, 0xc2, 0xf2, 0xc2, 0xf2, 0xc1, 0xf2, 0xc2, 0xf2, 0xa1, 0xf2,
    0xc1, 0xf2, 0xc1, 0xf2, 0xc2, 0xf2, 0xc1, 0xf2, 0xc2, 0xf2, 0xc1, 0xf2,
    0xc2, 0xf2, 0xc1, 0xf2, 0xa1, 0xf2, 0xc1, 0xf2, 0xc1, 0xf2, 0xc1, 0xf2,
    0xe1, 0xf2, 0xe1, 0xf2, 0xe2, 0xfa, 0xc1, 0xfa, 0xe1, 0xfa, 0xe2, 0xfa,
    0xe1, 0xf2, 0xe2, 0xea, 0xc2, 0xea, 0xd4, 0xed, 0xd8, 0xf6, 0x87, 0xeb,
    0xb8, 0xf6, 0x93, 0xe5, 0xa2, 0xea, 0xe1, 0xea, 0x34, 0xf6, 0x3a, 0xff,
    0xc3, 0xea, 0xc2, 0xfa, 0xe1, 0xfa, 0xe2, 0xf2, 0xc1, 0xf2, 0xc1, 0xf2,
    0x03, 0xfb, 0x8c, 0xe4, 0xa7, 0xe3, 0xe1, 0xf2, 0xe8, 0xe3, 0x19, 0xff,
    0x50, 0xed, 0xa2, 0xf2, 0xc1, 0xf2, 0xa1, 0xf2, 0xc1, 0xf2, 0xc1, 0xea,
    0xc1, 0xf2, 0xc1, 0xf2, 0xc2, 0xf2, 0xe2, 0xf2, 0xe1, 0xf2, 0xe1, 0xf2,
    0xc2, 0xf2, 0xc1, 0xf2, 0xc2, 0xf2, 0xc1, 0xf2, 0xc1, 0xf2, 0xe1, 0xf2,
    0xc2, 0xf2, 0xe1, 0xf2, 0xc1, 0xf2, 0xc1, 0xf2, 0xc1, 0xf2, 0xc1, 0xf2,
    0xe2, 0xf2, 0xc2, 0xf2, 0xc1, 0xf2, 0xc2, 0xf2, 0xc1, 0xf2, 0xe1, 0xf2,
    0xe1, 0xf2, 0xc2, 0xf2, 0xc2, 0xf2, 0xe1, 0xf2, 0xe2, 0xf2, 0xe1, 0xfa,
    0xc2, 0xf2, 0xc2, 0xf2, 0xe1, 0xfa, 0xe1, 0xf2, 0xe2, 0xfa, 0xe2, 0xfa,
    0xc1, 0xf2, 0xe1, 0xf2, 0xe2, 0xf2, 0xc1, 0xf2, 0xc1, 0xf2, 0xc2, 0xf2,
    0xe1, 0xf2, 0xe2, 0xf2, 0xc1, 0xf2, 0xe1, 0xf2, 0xe1, 0xf2, 0xe2, 0xf2,
    0xe2, 0xf2, 0xe1, 0xf2, 0xe2, 0xf2, 0xe1, 0xf2, 0xe2, 0xf2, 0xe2, 0xf2,
    0xc1, 0xf2, 0xe1, 0xf2, 0xe2, 0xf2, 0xc1, 0xf2, 0xe2, 0xf2, 0xe1, 0xf2,
    0xe1, 0xf2, 0xe2, 0xf2, 0xe1, 0xf2, 0xc2, 0xf2, 0xc1, 0xf2, 0xc1, 0xf2,
    0xc1, 0xf2, 0xc2, 0xf2, 0xc2, 0xf2, 0xc1, 0xf2, 0xc1, 0xf2, 0xc1, 0xf2,
    0xc1, 0xf2, 0xc1, 0xf2, 0xc2, 0xf2, 0xc1, 0xf2, 0xc1, 0xf2, 0xc1, 0xf2,
    0xc1, 0xf2, 0xc1, 0xf2, 0xc2, 0xf2, 0xc1, 0xf2, 0xc2, 0xf2, 0xc1, 0xf2,
    0xc2, 0xf2, 0xc1, 0xf2, 0xc2, 0xf2, 0xc2, 0xf2, 0xc1, 0xf2, 0xa2, 0xfa,
    0xc2, 0xf2, 0xa1, 0xf2, 0xc2, 0xf2, 0xc1, 0xf2, 0xc2, 0xf2, 0xc1, 0xf2,
    0xa1, 0xf2, 0xa2, 0xf2, 0xa1, 0xf2, 0xa2, 0xf2, 0xc1, 0xf2, 0xc2, 0xf2,
    0xc1, 0xf2, 0xc1, 0xf2, 0xc2, 0xf2, 0xc1, 0xf2, 0xc1, 0xea, 0xa1, 0xf2,
    0xc2, 0xf2, 0xc2, 0xf2, 0xc2, 0xf2, 0xc1, 0xf2, 0xc1, 0xf2, 0xc1, 0xea,
    0xc2, 0xf2, 0xc2, 0xf2, 0xc1, 0xf2, 0xc1, 0xf2, 0xc1, 0xf2, 0xc1, 0xf2,
    0xc2, 0xf2, 0xc1, 0xf2, 0xc2, 0xf2, 0xc1, 0xf2, 0xc2, 0xf2, 0xc2, 0xf2,
    0xc1, 0xf2, 0xc2, 0xf2, 0xc1, 0xf2, 0xc1, 0xf2, 0xa1, 0xf2, 0xa1, 0xfa,
    0xc2, 0xfa, 0xa1, 0xf2, 0xc2, 0xf2, 0xc1, 0xfa, 0xa2, 0xf2, 0xc1, 0xf2,
    0xc1, 0xf2, 0xc2, 0xf2, 0xc2, 0xf2, 0xc1, 0xf2, 0xc2, 0xf2, 0xc1, 0xf2,
    0xc1, 0xf2, 0xc1, 0xf2, 0xc1, 0xf2, 0xc1, 0xf2, 0xc1, 0xf2, 0xc2, 0xf2,
    0xc1, 0xf2, 0xa1, 0xf2, 0xc2, 0xf2, 0xc1, 0xf2, 0xa1, 0xf2, 0xa1, 0xf2,
    0xa1, 0xf2, 0xc1, 0xf2, 0xc1, 0xf2, 0xc2, 0xf2, 0xc2, 0xf2, 0xc1, 0xf2,
    0xc1, 0xf2, 0xc2, 0xf2, 0xc2, 0xea, 0xc1, 0xf2, 0xc1, 0xf2, 0xc1, 0xea,
    0xc1, 0xf2, 0xc1, 0xf2, 0xc1, 0xf2, 0xe2, 0xf2, 0xe2, 0xf2, 0xc1, 0xf2,
    0xe1, 0xf2, 0xe2, 0xf2, 0x01, 0xf3, 0xe1, 0xf2, 0x02, 0xf3, 0xe1, 0xf2,
    0x01, 0xfb, 0x01, 0xf3, 0x01, 0xf3, 0x21, 0xf3, 0xe1, 0xf2, 0xe1, 0xf2,
    0xe1, 0xf2, 0xe1, 0xf2, 0xe2, 0xfa, 0xe1, 0xf2, 0xe2, 0xf2, 0xe1, 0xf2,
    0xe2, 0xfa, 0xe2, 0xf2, 0xe2, 0xf2, 0xe1, 0xfa, 0xe2, 0xf2, 0xe1, 0xf2,
    0xe2, 0xf2, 0xe2, 0xfa, 0xe1, 0xf2, 0xe1, 0xf2, 0xe2, 0xf2, 0xe1, 0xfa,
    0xe2, 0xf2, 0xe1, 0xfa, 0xe1, 0xf2, 0xc2, 0xf2, 0xc1, 0xf2, 0xc1, 0xf2,
    0xe1, 0xf2, 0xc1, 0xf2, 0xe2, 0xf2, 0xe2, 0xf2, 0xe2, 0xf2, 0xe2, 0xf2,
    0xe1, 0xf2, 0xc2, 0xf2, 0xe1, 0xf2, 0xc1, 0xf2, 0xc1, 0xf2, 0xc2, 0xf2,
    0xc1, 0xf2, 0xc1, 0xf2, 0xc1, 0xf2, 0xc1, 0xf2, 0xc2, 0xfa, 0xc2, 0xf2,
    0xc2, 0xf2, 0xc1, 0xf2, 0xc1, 0xfa, 0xc1, 0xf2, 0xa2, 0xf2, 0xc1, 0xfa,
    0xc1, 0xf2, 0xa2, 0xf2, 0xa1, 0xfa, 0xc2, 0xf2, 0xc1, 0xf2, 0xc2, 0xf2,
    0xc2, 0xfa, 0xa1, 0xf2, 0xa1, 0xf2, 0xc1, 0xfa, 0xc1, 0xf2, 0xc1, 0xf2,
    0xc1, 0xfa, 0xc1, 0xfa, 0xc1, 0xf2, 0xc1, 0xf2, 0xc1, 0xfa, 0xc1, 0xf2,
    0xc1, 0xf2, 0xc1, 0xf2, 0xc1, 0xf2, 0xc1, 0xf2, 0xc1, 0xea, 0xc1, 0xf2,
    0xc1, 0xf2, 0xc1, 0xf2, 0xc2, 0xf2, 0xc1, 0xf2, 0xc2, 0xf2, 0xc1, 0xf2,
    0xc2, 0xf2, 0xc1, 0xf2, 0xc1, 0xf2, 0xc1, 0xf2, 0xc2, 0xf2, 0xc1, 0xf2,
    0xc1, 0xf2, 0xc1, 0xf2, 0xa1, 0xf2, 0xc1, 0xf2, 0xc2, 0xf2, 0xc2, 0xf2,
    0xc1, 0xf2, 0xc1, 0xf2, 0xc1, 0xf2, 0xc1, 0xf2, 0xc2, 0xf2, 0xc1, 0xf2,
    0xc1, 0xf2, 0xc2, 0xf2, 0xe2, 0xf2, 0xe1, 0xfa, 0xe2, 0xfa, 0xe1, 0xf2,
    0xc2, 0xf2, 0xe1, 0xf2, 0x23, 0xf3, 0xd8, 0xfe, 0x7b, 0xff, 0xdd, 0xff,
    0xdd, 0xff, 0x9b, 0xff, 0xdd, 0xf7, 0x9c, 0xf7, 0x5a, 0xff, 0x4b, 0xdc,
    0x3a, 0xff, 0x7c, 0xff, 0x4b, 0xdc, 0x4a, 0xe4, 0x4a, 0xe4, 0xc7, 0xe3,
    0xc2, 0xf2, 0xe2, 0xf2, 0x86, 0xe3, 0xbd, 0xff, 0xb7, 0xf6, 0x03, 0xf3,
    0x0a, 0xe4, 0x9e, 0xff, 0x92, 0xe5, 0xa1, 0xf2, 0xc1, 0xea, 0xc1, 0xea,
    0xc1, 0xea, 0xc1, 0xf2, 0xa1, 0xf2, 0xc1, 0xf2, 0xc1, 0xea, 0xc2, 0xf2,
    0xc1, 0xf2, 0xc2, 0xf2, 0xc1, 0xf2, 0xc1, 0xf2, 0xc2, 0xf2, 0xc1, 0xf2,
    0xe2, 0xf2, 0xc1, 0xf2, 0xc1, 0xf2, 0xc2, 0xf2, 0xc1, 0xf2, 0xc1, 0xf2,
    0xc2, 0xf2, 0xe1, 0xf2, 0xc1, 0xf2, 0xc1, 0xf2, 0xe1, 0xf2, 0xe2, 0xf2,
    0xc1, 0xf2, 0xe2, 0xf2, 0xe1, 0xf2, 0xc1, 0xf2, 0xc1, 0xf2, 0xe2, 0xf2,
    0xe1, 0xf2, 0xe1, 0xfa, 0xe2, 0xf2, 0xe2, 0xfa, 0xe1, 0xf2, 0xe2, 0xf2,
    0xe2, 0xf2, 0xe2, 0xf2, 0xe2, 0xf2, 0xe1, 0xf2, 0xe2, 0xf2, 0xe1, 0xf2,
    0xc1, 0xf2, 0xe2, 0xf2, 0xc1, 0xf2, 0xe2, 0xf2, 0xe2, 0xf2, 0xe1, 0xf2,
    0xe2, 0xf2, 0xc2, 0xf2, 0xe1, 0xf2, 0xe1, 0xf2, 0xe2, 0xf2, 0xc1, 0xf2,
    0xe2, 0xf2, 0xe2, 0xf2, 0xc1, 0xf2, 0xe2, 0xf2, 0xe1, 0xf2, 0xc1, 0xf2,
    0xe2, 0xf2, 0xe1, 0xf2, 0xe1, 0xf2, 0xe1, 0xf2, 0xc1, 0xf2, 0xe1, 0xf2,
    0xc2, 0xf2, 0xc1, 0xf2, 0xc1, 0xf2, 0xc1, 0xf2, 0xc1, 0xf2, 0xc1, 0xf2,
    0xc1, 0xf2, 0xc1, 0xf2, 0xc1, 0xf2, 0xc2, 0xf2, 0xc1, 0xf2, 0xc2, 0xf2,
    0xc1, 0xf2, 0xc2, 0xf2, 0xe2, 0xf2, 0xe1, 0xf2, 0xc2, 0xf2, 0xe1, 0xf2,
    0xe1, 0xf2, 0xe1, 0xf2, 0xc2, 0xf2, 0xc1, 0xf2, 0xc1, 0xf2, 0xc2, 0xf2,
    0xc1, 0xfa, 0xc1, 0xf2, 0xa1, 0xf2, 0xa1, 0xf2, 0xa2, 0xf2, 0xc1, 0xf2,
    0xc2, 0xf2, 0xc2, 0xf2, 0xa1, 0xf2, 0xa1, 0xf2, 0xc1, 0xf2, 0xa1, 0xf2,
    0xc2, 0xea, 0xc1, 0xf2, 0xe1, 0xf2, 0xc2, 0xf2, 0xc1, 0xf2, 0xc2, 0xf2,
    0xc1, 0xea, 0xa1, 0xf2, 0xc1, 0xf2, 0xc1, 0xf2, 0xc1, 0xf2, 0xc2, 0xf2,
    0xa1, 0xf2, 0xc1, 0xea, 0xa1, 0xf2, 0xc2, 0xf2, 0xc1, 0xea, 0xc1, 0xf2,
    0xc2, 0xea, 0xa1, 0xf2, 0xc2, 0xf2, 0xc1, 0xf2, 0xc1, 0xf2, 0xc1, 0xf2,
    0xc2, 0xf2, 0xc1, 0xf2, 0xc1, 0xf2, 0xc1, 0xf2, 0xc2, 0xf2, 0xc2, 0xf2,
    0xa1, 0xf2, 0xa1, 0xf2, 0xc2, 0xf2, 0xc1, 0xf2, 0xc1, 0xf2, 0xc1, 0xf2,
    0xa1, 0xf2, 0xc2, 0xf2, 0xc1, 0xf2, 0xc1, 0xf2, 0xc1, 0xf2, 0xc2, 0xf2,
    0xc2, 0xf2, 0xc1, 0xf2, 0xc1, 0xf2, 0xc2, 0xf2, 0xc2, 0xf2, 0xe1, 0xf2,
    0xc1, 0xf2, 0xc1, 0xf2, 0xc1, 0xf2, 0xc1, 0xf2, 0xc2, 0xf2, 0xc1, 0xf2,
    0xc1, 0xf2, 0xc2, 0xf2, 0xa1, 0xf2, 0xc1, 0xf2, 0xc1, 0xf2, 0xc2, 0xea,
    0xc2, 0xf2, 0xc2, 0xf2, 0xc1, 0xf2, 0xc1, 0xf2, 0xc2, 0xf2, 0xc1, 0xea,
    0xe2, 0xf2, 0xe1, 0xf2, 0xc2, 0xf2, 0xc2, 0xf2, 0xc1, 0xf2, 0xe1, 0xea,
    0xe2, 0xf2, 0xe1, 0xf2, 0xe2, 0xf2, 0xe1, 0xf2, 0x01, 0xf3, 0x02, 0xf3,
    0xe2, 0xf2, 0xe1, 0xf2, 0x01, 0xf3, 0x01, 0xf3, 0x21, 0xf3, 0x01, 0xf3,
    0x01, 0xf3, 0x01, 0xf3, 0xe1, 0xf2, 0xe1, 0xf2, 0xe2, 0xf2, 0xe1, 0xf2,
    0xe1, 0xf2, 0xe1, 0xf2, 0xe1, 0xf2, 0xe1, 0xfa, 0x02, 0xf3, 0xe2, 0xfa,
    0x02, 0xfb, 0x01, 0xf3, 0x02, 0xfb, 0xe2, 0xf2, 0xe2, 0xf2, 0xe2, 0xf2,
    0xe1, 0xf2, 0xc1, 0xf2, 0xe2, 0xf2, 0xe1, 0xf2, 0xe2, 0xfa, 0xe2, 0xf2,
    0xc1, 0xf2, 0xc2, 0xf2, 0xe2, 0xf2, 0xe1, 0xf2, 0xe2, 0xf2, 0xe1, 0xf2,
    0xe2, 0xf2, 0xe2, 0xfa, 0xc1, 0xf2, 0xe2, 0xf2, 0xe2, 0xf2, 0xe1, 0xf2,
    0xc1, 0xf2, 0xc1, 0xfa, 0xe2, 0xf2, 0xe2, 0xf2, 0xc1, 0xfa, 0xc1, 0xf2,
    0xc1, 0xf2, 0xc2, 0xf2, 0xc2, 0xf2, 0xc1, 0xf2, 0xc2, 0xf2, 0xc1, 0xf2,
    0xc1, 0xf2, 0xc2, 0xf2, 0xc2, 0xf2, 0xc1, 0xf2, 0xc1, 0xfa, 0xc2, 0xf2,
    0xc2, 0xf2, 0xc1, 0xf2, 0xc1, 0xf2, 0xc1, 0xfa, 0xc1, 0xf2, 0xa1, 0xf2,
    0xa1, 0xf2, 0xc1, 0xf2, 0xc1, 0xf2, 0xc1, 0xf2, 0xc1, 0xf2, 0xc1, 0xf2,
    0xc1, 0xf2, 0xc2, 0xf2, 0xc1, 0xf2, 0xc1, 0xf2, 0xc2, 0xf2, 0xc1, 0xf2,
    0xc1, 0xf2, 0xc1, 0xf2, 0xc1, 0xea, 0xc1, 0xf2, 0xc2, 0xf2, 0xc1, 0xf2,
    0xc1, 0xf2, 0xc2, 0xf2, 0xc2, 0xf2, 0xc2, 0xf2, 0xc1, 0xf2, 0xc1, 0xf2,
    0xc1, 0xf2, 0xc1, 0xf2, 0xc1, 0xf2, 0xc2, 0xf2, 0xc1, 0xea, 0xc1, 0xf2,
    0xc1, 0xf2, 0xc2, 0xf2, 0xc2, 0xf2, 0xc1, 0xf2, 0xc1, 0xf2, 0xc1, 0xf2,
    0xc1, 0xf2, 0xc1, 0xf2, 0xc2, 0xf2, 0xe2, 0xf2, 0xe1, 0xf2, 0xe1, 0xf2,
    0xe2, 0xfa, 0xe2, 0xf2, 0xe1, 0xf2, 0xe2, 0xf2, 0x03, 0xf3, 0x71, 0xe5,
    0x15, 0xe6, 0x5b, 0xf7, 0x5a, 0xf7, 0x73, 0xdd, 0x5a, 0xf7, 0x77, 0xee,
    0x52, 0xdd, 0x50, 0xdd, 0xde, 0xff, 0xde, 0xff, 0xde, 0xff, 0xdf, 0xff,
    0xde, 0xff, 0xb3, 0xf5, 0xc1, 0xea, 0xe2, 0xf2, 0x2f, 0xed, 0xdf, 0xff,
    0xb2, 0xed, 0x24, 0xeb, 0x2b, 0xdc, 0xbe, 0xff, 0xb3, 0xe5, 0xc3, 0xea,
    0xe3, 0xe2, 0xe3, 0xda, 0xe3, 0xe2, 0xe3, 0xe2, 0xc2, 0xf2, 0xc1, 0xf2,
    0xe1, 0xf2, 0xe2, 0xf2, 0xe2, 0xf2, 0xe1, 0xf2, 0xc1, 0xf2, 0xc2, 0xf2,
    0xe1, 0xf2, 0xe1, 0xf2, 0xc2, 0xf2, 0xe1, 0xf2, 0xe1, 0xf2, 0xe2, 0xf2,
    0xc1, 0xf2, 0xc2, 0xf2, 0xe1, 0xf2, 0xe2, 0xf2, 0xe2, 0xf2, 0xe1, 0xf2,
    0xe2, 0xf2, 0xe2, 0xf2, 0xe2, 0xf2, 0xe1, 0xf2, 0xe2, 0xf2, 0xe1, 0xf2,
    0xe1, 0xf2, 0xc2, 0xf2, 0xc1, 0xf2, 0xe2, 0xf2, 0xe2, 0xfa, 0xe1, 0xf2,
    0xe2, 0xf2, 0xe2, 0xf2, 0xe1, 0xf2, 0xe2, 0xf2, 0xe2, 0xf2, 0xe2, 0xf2,
    0xe2, 0xf2, 0xe2, 0xf2, 0xe1, 0xf2, 0xe2, 0xf2, 0xe1, 0xf2, 0xe1, 0xf2,
    0xe2, 0xf2, 0xe1, 0xf2, 0xe1, 0xf2, 0xe1, 0xf2, 0xe1, 0xf2, 0xe2, 0xf2,
    0xe1, 0xf2, 0xe1, 0xf2, 0xe1, 0xf2, 0xe1, 0xf2, 0xe2, 0xf2, 0xc1, 0xf2,
    0xc1, 0xf2, 0xe1, 0xea, 0xe1, 0xf2, 0xe1, 0xf2, 0xe1, 0xf2, 0xe1, 0xf2,
    0xe1, 0xf2, 0xe1, 0xf2, 0xc2, 0xf2, 0xe2, 0xf2, 0xc1, 0xf2, 0xc2, 0xf2,
    0xe1, 0xf2, 0xc2, 0xf2, 0xc2, 0xf2, 0xe1, 0xf2, 0xc2, 0xf2, 0xe2, 0xf2,
    0xe1, 0xf2, 0xe2, 0xf2, 0xc1, 0xf2, 0xc1, 0xf2, 0xe1, 0xf2, 0xc1, 0xf2,
    0xc1, 0xf2, 0xc2, 0xf2, 0xe1, 0xf2, 0xc1, 0xf2, 0xe2, 0xf2, 0xe1, 0xf2,
    0xc1, 0xf2, 0xc1, 0xf2, 0xc1, 0xf2, 0xc1, 0xf2, 0xc2, 0xf2, 0xc2, 0xfa,
    0xc1, 0xf2, 0xc1, 0xf2, 0xc1, 0xf2, 0xc2, 0xf2, 0xc2, 0xf2, 0xc2, 0xf2,
    0xc1, 0xf2, 0xc1, 0xf2, 0xc2, 0xf2, 0xc1, 0xf2, 0xe1, 0xf2, 0xe1, 0xf2,
    0xc2, 0xf2, 0xe1, 0xf2, 0xc1, 0xf2, 0xc1, 0xf2, 0xc1, 0xf2, 0xc1, 0xf2,
    0xc1, 0xf2, 0xc1, 0xf2, 0xc1, 0xf2, 0xc1, 0xf2, 0xc1, 0xf2, 0xc1, 0xf2,
    0xe2, 0xf2, 0xc1, 0xf2, 0xc1, 0xf2, 0xe2, 0xf2, 0xc1, 0xf2, 0xc1, 0xf2,
    0xe2, 0xf2, 0xe1, 0xf2, 0xe1, 0xf2, 0xe2, 0xf2, 0xe1, 0xf2, 0xe1, 0xf2,
    0xc2, 0xf2, 0xe1, 0xf2, 0xc2, 0xf2, 0xc2, 0xf2, 0xc1, 0xf2, 0xc2, 0xf2,
    0xc2, 0xf2, 0xc1, 0xf2, 0xc1, 0xf2, 0xc2, 0xf2, 0xc2, 0xf2, 0xc1, 0xf2,
    0xc2, 0xf2, 0xc1, 0xf2, 0xe1, 0xf2, 0xc1, 0xf2, 0xe2, 0xf2, 0xc1, 0xf2,
    0xe2, 0xf2, 0xc1, 0xf2, 0xc2, 0xf2, 0xc2, 0xf2, 0xc2, 0xf2, 0xc1, 0xf2,
    0xc2, 0xf2, 0xc1, 0xf2, 0xc1, 0xf2, 0xc2, 0xf2, 0xc2, 0xf2, 0xc2, 0xf2,
    0xc2, 0xf2, 0xc1, 0xf2, 0xe1, 0xf2, 0xe2, 0xf2, 0xe2, 0xf2, 0xe2, 0xf2,
    0xe2, 0xf2, 0xe1, 0xf2, 0xe2, 0xf2, 0xe1, 0xf2, 0xe2, 0xf2, 0xe1, 0xf2,
    0xe2, 0xf2, 0xe1, 0xf2, 0xe2, 0xf2, 0xe2, 0xf2, 0x01, 0xf3, 0x01, 0xf3,
    0xe2, 0xf2, 0x01, 0xf3, 0x01, 0xf3, 0x01, 0xf3, 0x01, 0xf3, 0x01, 0xfb,
    0x01, 0xf3, 0x01, 0xf3, 0x01, 0xf3, 0x01, 0xf3, 0x01, 0xf3, 0x01, 0xf3,
    0x01, 0xf3, 0x01, 0xf3, 0xe1, 0xf2, 0x02, 0xf3, 0x02, 0xf3, 0x01, 0xf3,
    0x02, 0xf3, 0x02, 0xf3, 0x01, 0xf3, 0x01, 0xf3, 0x02, 0xf3, 0x01, 0xfb,
    0xe1, 0xfa, 0x02, 0xf3, 0xe1, 0xf2, 0xe1, 0xf2, 0xc2, 0xfa, 0xe2, 0xf2,
    0xe1, 0xf2, 0xe1, 0xf2, 0xe2, 0xf2, 0xe1, 0xf2, 0xe1, 0xf2, 0xe2, 0xf2,
    0xe1, 0xf2, 0x01, 0xf3, 0x02, 0xf3, 0xe1, 0xf2, 0xe1, 0xf2, 0xe1, 0xf2,
    0xe2, 0xf2, 0xe2, 0xfa, 0xe1, 0xf2, 0xe1, 0xf2, 0xe1, 0xfa, 0xe2, 0xf2,
    0xe2, 0xf2, 0xe1, 0xf2, 0x02, 0xf3, 0xe2, 0xfa, 0xe1, 0xfa, 0xe2, 0xf2,
    0xe2, 0xfa, 0xe2, 0xf2, 0xe1, 0xf2, 0xc1, 0xfa, 0xe1, 0xf2, 0xe1, 0xf2,
    0xe1, 0xf2, 0xe1, 0xf2, 0xe2, 0xf2, 0xe1, 0xf2, 0xe1, 0xfa, 0xe1, 0xfa,
    0xe1, 0xfa, 0xc1, 0xf2, 0xe1, 0xf2, 0xe1, 0xf2, 0xe1, 0xf2, 0xe1, 0xf2,
    0xe1, 0xf2, 0xe1, 0xf2, 0xe1, 0xf2, 0xc1, 0xf2, 0xc1, 0xf2, 0xc2, 0xf2,
    0xe1, 0xf2, 0xc1, 0xf2, 0xc2, 0xf2, 0xc2, 0xea, 0xc1, 0xf2, 0xc1, 0xf2,
    0xe1, 0xf2, 0xc1, 0xf2, 0xe2, 0xf2, 0xe1, 0xf2, 0xe1, 0xf2, 0xe1, 0xf2,
    0xc1, 0xf2, 0xe1, 0xf2, 0xc2, 0xf2, 0xc1, 0xf2, 0xe2, 0xf2, 0xe1, 0xf2,
    0xc1, 0xf2, 0xe2, 0xf2, 0xe1, 0xf2, 0xe1, 0xf2, 0xc2, 0xf2, 0xc1, 0xf2,
    0xc1, 0xf2, 0xc1, 0xf2, 0xc2, 0xf2, 0xe1, 0xf2, 0xe1, 0xf2, 0xe1, 0xfa,
    0xe1, 0xf2, 0x02, 0xf3, 0x01, 0xfb, 0x01, 0xfb, 0x01, 0xfb, 0x02, 0xf3,
    0x01, 0xf3, 0x04, 0xeb, 0xb2, 0xed, 0x5b, 0xf7, 0x31, 0xdd, 0x0b, 0xd4,
    0x35, 0xe6, 0xd3, 0xdd, 0xeb, 0xcb, 0x19, 0xf7, 0xbd, 0xff, 0x11, 0xdd,
    0x30, 0xdd, 0x9d, 0xff, 0xb8, 0xee, 0x87, 0xe3, 0xc1, 0xea, 0xe2, 0xea,
    0xf9, 0xfe, 0xfe, 0xff, 0x5b, 0xff, 0x19, 0xff, 0x3a, 0xf7, 0xbe, 0xff,
    0x5c, 0xf7, 0x19, 0xff, 0x19, 0xff, 0x1a, 0xff, 0x19, 0xf7, 0x91, 0xf5,
    0xc2, 0xf2, 0xe2, 0xf2, 0xe1, 0xf2, 0xe1, 0xf2, 0xe2, 0xf2, 0xe1, 0xf2,
    0xe1, 0xf2, 0xe1, 0xf2, 0xe2, 0xf2, 0xe1, 0xf2, 0xe1, 0xf2, 0xc1, 0xf2,
    0xe1, 0xf2, 0xe1, 0xf2, 0xe1, 0xf2, 0xe1, 0xf2, 0xe2, 0xf2, 0xe1, 0xf2,
    0xe1, 0xf2, 0xe2, 0xf2, 0xe1, 0xf2, 0xe1, 0xf2, 0xe1, 0xf2, 0xe1, 0xf2,
    0xe2, 0xf2, 0xe1, 0xf2, 0xe2, 0xf2, 0xe2, 0xf2, 0xe1, 0xf2, 0xe1, 0xf2,
    0xe2, 0xf2, 0x02, 0xf3, 0x02, 0xf3, 0x02, 0xf3, 0x02, 0xfb, 0x01, 0xf3,
    0xe1, 0xf2, 0xe2, 0xf2, 0xe1, 0xf2, 0xe2, 0xf2, 0xe1, 0xf2, 0xe2, 0xf2,
    0xe2, 0xf2, 0xe1, 0xf2, 0x02, 0xf3, 0xe1, 0xf2, 0xe2, 0xf2, 0xe1, 0xf2,
    0xe1, 0xf2, 0xe1, 0xf2, 0xe1, 0xf2, 0xe2, 0xf2, 0xe1, 0xf2, 0xe2, 0xf2,
    0xe1, 0xf2, 0xe1, 0xea, 0xe2, 0xf2, 0xe1, 0xea, 0xe1, 0xf2, 0xe1, 0xf2,
    0xc1, 0xf2, 0xe1, 0xf2, 0xe1, 0xf2, 0xe1, 0xf2, 0xc1, 0xf2, 0xe1, 0xf2,
    0xe2, 0xf2, 0xe2, 0xf2, 0xe1, 0xf2, 0xc1, 0xf2, 0xe1, 0xf2, 0xe1, 0xf2,
    0xe2, 0xf2, 0xe1, 0xfa, 0xe2, 0xf2, 0xe1, 0xf2, 0xe2, 0xfa, 0xe1, 0xf2,
    0xc2, 0xf2, 0xc1, 0xfa, 0xe2, 0xf2, 0xe1, 0xf2, 0xc1, 0xf2, 0xc1, 0xf2,
    0xe2, 0xfa, 0xe1, 0xf2, 0xe1, 0xf2, 0xe1, 0xf2, 0xc2, 0xf2, 0xe1, 0xfa,
    0xe1, 0xf2, 0xe1, 0xf2, 0xe1, 0xf2, 0xc1, 0xf2, 0xe1, 0xf2, 0xe1, 0xf2,
    0xe2, 0xf2, 0xe2, 0xf2, 0xe1, 0xf2, 0xc1, 0xf2, 0xe1, 0xf2, 0xc1, 0xf2,
    0xc1, 0xf2, 0xe1, 0xf2, 0xe2, 0xf2, 0xe2, 0xf2, 0xe2, 0xf2, 0xe1, 0xea,
    0xe1, 0xf2, 0xe1, 0xf2, 0xe1, 0xea, 0xc1, 0xf2, 0xc1, 0xf2, 0xe2, 0xf2,
    0xe1, 0xf2, 0xe1, 0xf2, 0xe1, 0xf2, 0xe1, 0xf2, 0xe2, 0xf2, 0xe1, 0xf2,
    0xe1, 0xf2, 0xe1, 0xf2, 0xe2, 0xf2, 0xe1, 0xf2, 0xe2, 0xf2, 0xe2, 0xf2,
    0xe2, 0xf2, 0xe1, 0xf2, 0xe2, 0xf2, 0xe1, 0xf2, 0xe1, 0xf2, 0xe1, 0xf2,
    0xe1, 0xf2, 0xe1, 0xf2, 0xc1, 0xf2, 0xc1, 0xf2, 0xe1, 0xf2, 0xe1, 0xf2,
    0xe1, 0xf2, 0xe1, 0xf2, 0xe2, 0xf2, 0xe1, 0xf2, 0xe1, 0xf2, 0xe1, 0xf2,
    0xe2, 0xf2, 0xe1, 0xf2, 0xe2, 0xf2, 0xe2, 0xf2, 0xe1, 0xf2, 0xe1, 0xf2,
    0xc1, 0xf2, 0xc1, 0xf2, 0xc2, 0xf2, 0xc1, 0xf2, 0xc1, 0xf2, 0xe1, 0xf2,
    0xc1, 0xf2, 0xc1, 0xf2, 0xe1, 0xf2, 0xe1, 0xf2, 0xe2, 0xf2, 0xe2, 0xf2,
    0xe1, 0xea, 0xe1, 0xea, 0xe1, 0xf2, 0xe1, 0xf2, 0xe1, 0xf2, 0xe1, 0xf2,
    0xe2, 0xf2, 0xe1, 0xf2, 0xe1, 0xf2, 0x01, 0xf3, 0xe2, 0xf2, 0x01, 0xf3,
    0x02, 0xf3, 0x01, 0xf3, 0x02, 0xf3, 0x01, 0xf3, 0x01, 0xf3, 0x01, 0xf3,
    0x21, 0xf3, 0x21, 0xfb, 0x21, 0xfb, 0x21, 0xf3, 0x21, 0xf3, 0x01, 0xf3,
    0x01, 0xf3, 0x01, 0xf3, 0x01, 0xf3, 0x01, 0xf3, 0x01, 0xf3, 0x02, 0xfb,
    0x02, 0xf3, 0x02, 0xfb, 0x01, 0xf3, 0x02, 0xf3, 0x01, 0xf3, 0x01, 0xf3,
    0x02, 0xfb, 0xe2, 0xf2, 0x01, 0xf3, 0xe1, 0xf2, 0xe1, 0xf2, 0xe1, 0xfa,
    0xe2, 0xf2, 0xe2, 0xfa, 0x01, 0xfb, 0x01, 0xf3, 0x02, 0xf3, 0x02, 0xf3,
    0x01, 0xf3, 0xe2, 0xf2, 0x02, 0xf3, 0x01, 0xf3, 0x02, 0xfb, 0xe1, 0xf2,
    0xe1, 0xf2, 0xe1, 0xf2, 0xe2, 0xf2, 0xe1, 0xf2, 0xe2, 0xfa, 0xe1, 0xf2,
    0xe1, 0xf2, 0x01, 0xf3, 0xe2, 0xf2, 0x02, 0xfb, 0x02, 0xf3, 0xe1, 0xf2,
    0xe1, 0xf2, 0x01, 0xf3, 0xe2, 0xf2, 0x01, 0xf3, 0xe1, 0xf2, 0xe2, 0xf2,
    0xe1, 0xf2, 0xe1, 0xf2, 0xe2, 0xf2, 0x02, 0xfb, 0xe1, 0xfa, 0xe1, 0xf2,
    0xe2, 0xf2, 0xe2, 0xf2, 0x01, 0xf3, 0xe1, 0xf2, 0xc1, 0xf2, 0xe1, 0xf2,
    0xe1, 0xf2, 0xe1, 0xf2, 0xe1, 0xf2, 0xe1, 0xf2, 0xe1, 0xf2, 0xe1, 0xf2,
    0xc1, 0xf2, 0xc1, 0xf2, 0xc1, 0xf2, 0xc1, 0xf2, 0xc2, 0xf2, 0xc1, 0xf2,
    0xc2, 0xf2, 0xe1, 0xf2, 0xe1, 0xf2, 0xe1, 0xf2, 0xe2, 0xf2, 0xe2, 0xf2,
    0xe1, 0xf2, 0xe1, 0xfa, 0xe2, 0xf2, 0xe1, 0xf2, 0xe1, 0xf2, 0xc2, 0xf2,
    0xe1, 0xf2, 0xe1, 0xf2, 0xe1, 0xf2, 0xe2, 0xf2, 0xe1, 0xf2, 0xe1, 0xf2,
    0xe1, 0xf2, 0xe1, 0xf2, 0xe2, 0xf2, 0xe1, 0xf2, 0xe2, 0xf2, 0xe1, 0xf2,
    0xe2, 0xf2, 0xe1, 0xf2, 0xe2, 0xf2, 0x02, 0xf3, 0x02, 0xfb, 0x01, 0xfb,
    0x02, 0xf3, 0x01, 0xfb, 0x22, 0xfb, 0xe9, 0xeb, 0x9d, 0xff, 0xbc, 0xff,
    0x78, 0xff, 0x39, 0xff, 0x7c, 0xff, 0xde, 0xf7, 0x7c, 0xf7, 0x9c, 0xff,
    0xbd, 0xff, 0xae, 0xe4, 0x2b, 0xdc, 0xbd, 0xff, 0x0a, 0xcc, 0xc1, 0xea,
    0xc2, 0xf2, 0xa6, 0xeb, 0x9d, 0xf7, 0xdf, 0xff, 0xbe, 0xff, 0xde, 0xff,
    0xdf, 0xff, 0xde, 0xff, 0xbe, 0xff, 0xbe, 0xff, 0xbe, 0xff, 0xbe, 0xff,
    0xbe, 0xff, 0xf3, 0xfd, 0xe2, 0xf2, 0xe1, 0xf2, 0xe2, 0xf2, 0xe1, 0xf2,
    0xe2, 0xf2, 0xe1, 0xf2, 0xe1, 0xf2, 0xe1, 0xf2, 0xe2, 0xf2, 0xe2, 0xf2,
    0xe1, 0xf2, 0xe1, 0xf2, 0xe1, 0xf2, 0xc1, 0xf2, 0xe1, 0xf2, 0xe2, 0xf2,
    0xe2, 0xf2, 0xe1, 0xf2, 0xe1, 0xf2, 0xe2, 0xf2, 0xe2, 0xf2, 0x01, 0xf3,
    0xe1, 0xf2, 0xe2, 0xf2, 0xe1, 0xf2, 0xe1, 0xf2, 0xe2, 0xf2, 0xe1, 0xf2,
    0xe2, 0xf2, 0x01, 0xf3, 0xe1, 0xfa, 0x02, 0xf3, 0x02, 0xf3, 0x01, 0xf3,
    0xe2, 0xfa, 0xe2, 0xf2, 0xe2, 0xf2, 0x01, 0xf3, 0xe2, 0xf2, 0xe2, 0xf2,
    0xe1, 0xf2, 0xe1, 0xf2, 0xe1, 0xf2, 0xe1, 0xf2, 0xe1, 0xf2, 0x01, 0xf3,
    0xe2, 0xf2, 0xe1, 0xf2, 0xe1, 0xf2, 0xe1, 0xf2, 0xe2, 0xf2, 0xe1, 0xf2,
    0xe2, 0xf2, 0xe1, 0xf2, 0xe1, 0xf2, 0xe1, 0xf2, 0xe1, 0xf2, 0xe1, 0xea,
    0xe1, 0xf2, 0xe1, 0xf2, 0xe2, 0xf2, 0xc1, 0xea, 0xe1, 0xf2, 0xe1, 0xf2,
    0xc2, 0xf2, 0xc1, 0xf2, 0xe1, 0xf2, 0xe1, 0xf2, 0xc1, 0xf2, 0xc2, 0xf2,
    0xe1, 0xf2, 0xc1, 0xf2, 0xe1, 0xfa, 0xe2, 0xf2, 0xe1, 0xf2, 0xe2, 0xf2,
    0xe1, 0xf2, 0xc1, 0xf2, 0xe1, 0xf2, 0xc2, 0xf2, 0xe1, 0xf2, 0xe2, 0xf2,
    0xe1, 0xfa, 0xe1, 0xf2, 0xe2, 0xf2, 0xe1, 0xfa, 0xe1, 0xf2, 0xe1, 0xfa,
    0xe2, 0xf2, 0xe2, 0xf2, 0xe1, 0xf2, 0xe1, 0xf2, 0xe2, 0xf2, 0xc1, 0xfa,
    0xe1, 0xf2, 0xe1, 0xf2, 0xe1, 0xf2, 0xe2, 0xf2, 0xe2, 0xf2, 0xe2, 0xf2,
    0xe1, 0xf2, 0xe1, 0xf2, 0xe1, 0xf2, 0xe1, 0xf2, 0xe2, 0xf2, 0xe1, 0xf2,
    0xe1, 0xea, 0xe2, 0xf2, 0xe1, 0xf2, 0xe1, 0xf2, 0xe2, 0xf2, 0xe1, 0xf2,
    0xe1, 0xf2, 0xe1, 0xf2, 0xe1, 0xf2, 0xe1, 0xf2, 0xe1, 0xf2, 0x01, 0xf3,
    0x01, 0xf3, 0x01, 0xfb, 0xe1, 0xf2, 0xe1, 0xf2, 0xe2, 0xf2, 0xe1, 0xf2,
    0xe1, 0xf2, 0xe2, 0xf2, 0xe1, 0xf2, 0xe1, 0xf2, 0xe2, 0xf2, 0x02, 0xf3,
    0xe1, 0xf2, 0xe1, 0xf2, 0xe2, 0xf2, 0xe1, 0xf2, 0xe1, 0xf2, 0xe1, 0xf2,
    0xe1, 0xf2, 0xe1, 0xf2, 0xe1, 0xf2, 0xe1, 0xf2, 0xe1, 0xf2, 0xe1, 0xf2,
    0xe2, 0xf2, 0xe1, 0xf2, 0xe2, 0xf2, 0xe1, 0xf2, 0xe2, 0xf2, 0xe2, 0xfa,
    0xe2, 0xf2, 0xe1, 0xf2, 0xe1, 0xf2, 0xc2, 0xf2, 0xe1, 0xf2, 0xe1, 0xea,
    0xe1, 0xf2, 0xe1, 0xf2, 0xe1, 0xf2, 0xe1, 0xf2, 0xe1, 0xea, 0x01, 0xf3,
    0x02, 0xf3, 0xe2, 0xf2, 0x01, 0xf3, 0x01, 0xf3, 0xe1, 0xf2, 0xe1, 0xf2,
    0xe2, 0xf2, 0xe1, 0xf2, 0xe1, 0xf2, 0xe2, 0xf2, 0x02, 0xf3, 0x01, 0xf3,
    0x02, 0xf3, 0x01, 0xf3, 0x02, 0xf3, 0x01, 0xf3, 0x02, 0xf3, 0x01, 0xf3,
    0x01, 0xfb, 0x01, 0xf3, 0x21, 0xf3, 0x22, 0xf3, 0x21, 0xf3, 0x41, 0xf3,
    0x21, 0xf3, 0x21, 0xfb, 0x22, 0xfb, 0x21, 0xfb, 0x22, 0xfb, 0x02, 0xf3,
    0x01, 0xf3, 0x01, 0xf3, 0x02, 0xf3, 0x01, 0xf3, 0x01, 0xfb, 0x02, 0xf3,
    0x02, 0xf3, 0x01, 0xfb, 0x02, 0xf3, 0x02, 0xf3, 0xe1, 0xfa, 0x02, 0xf3,
    0x02, 0xfb, 0x01, 0xf3, 0xe1, 0xf2, 0xe2, 0xf2, 0x01, 0xf3, 0x01, 0xf3,
    0x02, 0xf3, 0x01, 0xf3, 0x01, 0xf3, 0x02, 0xf3, 0x01, 0xf3, 0x02, 0xf3,
    0x02, 0xf3, 0x02, 0xf3, 0x01, 0xf3, 0xe1, 0xf2, 0xe1, 0xf2, 0xe1, 0xf2,
    0xe1, 0xf2, 0x01, 0xf3, 0x01, 0xf3, 0x02, 0xf3, 0x01, 0xf3, 0x01, 0xfb,
    0x01, 0xf3, 0x01, 0xf3, 0x02, 0xf3, 0x01, 0xf3, 0x02, 0xf3, 0x02, 0xf3,
    0xe1, 0xf2, 0xe1, 0xf2, 0xe2, 0xf2, 0xe1, 0xf2, 0x02, 0xf3, 0x02, 0xfb,
    0xe1, 0xf2, 0x01, 0xf3, 0x02, 0xf3, 0xe1, 0xf2, 0xe2, 0xf2, 0xe1, 0xf2,
    0xe2, 0xfa, 0xe1, 0xf2, 0xe1, 0xf2, 0xe1, 0xf2, 0xe1, 0xf2, 0xe1, 0xf2,
    0xe1, 0xf2, 0xe1, 0xf2, 0xe1, 0xf2, 0xe1, 0xf2, 0xc2, 0xf2, 0xc1, 0xf2,
    0xc1, 0xf2, 0xe1, 0xea, 0xe1, 0xf2, 0xe1, 0xf2, 0xe2, 0xf2, 0xe1, 0xf2,
    0xe1, 0xf2, 0x02, 0xfb, 0xe2, 0xf2, 0xe1, 0xf2, 0xe1, 0xf2, 0xe1, 0xf2,
    0xe2, 0xf2, 0xe1, 0xf2, 0xe1, 0xf2, 0xe2, 0xf2, 0xe2, 0xf2, 0xe1, 0xf2,
    0xe1, 0xf2, 0x01, 0xf3, 0x02, 0xf3, 0x01, 0xf3, 0x01, 0xf3, 0x01, 0xf3,
    0xe1, 0xfa, 0xe1, 0xf2, 0xe1, 0xf2, 0xe2, 0xf2, 0x01, 0xfb, 0x02, 0xfb,
    0x01, 0xf3, 0x02, 0xfb, 0x02, 0xfb, 0x01, 0xf3, 0x64, 0xf3, 0x19, 0xff,
    0xfe, 0xff, 0x15, 0xe6, 0x30, 0xe5, 0x0e, 0xdd, 0xae, 0xd4, 0xbd, 0xff,
    0xd9, 0xee, 0x92, 0xed, 0xf9, 0xfe, 0x5b, 0xff, 0xd9, 0xee, 0x1a, 0xff,
    0x04, 0xe3, 0xc1, 0xea, 0xc2, 0xea, 0x51, 0xed, 0xde, 0xff, 0x36, 0xee,
    0x70, 0xed, 0x71, 0xed, 0xd3, 0xdd, 0xde, 0xff, 0xb9, 0xee, 0x50, 0xe5,
    0x30, 0xe5, 0x51, 0xe5, 0x91, 0xe5, 0x8b, 0xec, 0xc1, 0xf2, 0xe1, 0xf2,
    0xe2, 0xf2, 0xe2, 0xf2, 0xe2, 0xf2, 0xe1, 0xf2, 0xe2, 0xf2, 0xe1, 0xf2,
    0xe2, 0xf2, 0xe2, 0xf2, 0xe1, 0xf2, 0xe1, 0xf2, 0xe2, 0xf2, 0xe1, 0xf2,
    0xe1, 0xf2, 0xe1, 0xf2, 0xe2, 0xf2, 0xe2, 0xf2, 0xe1, 0xf2, 0xe1, 0xf2,
    0xe2, 0xf2, 0xe1, 0xf2, 0xe2, 0xf2, 0xe1, 0xf2, 0xe1, 0xf2, 0x02, 0xf3,
    0xe1, 0xf2, 0xe2, 0xf2, 0xe2, 0xf2, 0x01, 0xf3, 0xe2, 0xf2, 0x02, 0xf3,
    0x01, 0xf3, 0x01, 0xfb, 0x02, 0xf3, 0x02, 0xf3, 0x02, 0xf3, 0x01, 0xf3,
    0x02, 0xf3, 0x02, 0xf3, 0x02, 0xf3, 0x02, 0xf3, 0x01, 0xf3, 0x01, 0xf3,
    0x02, 0xf3, 0xe1, 0xf2, 0xe1, 0xf2, 0xe2, 0xf2, 0xe2, 0xf2, 0xe1, 0xf2,
    0xe1, 0xf2, 0xe2, 0xf2, 0x01, 0xf3, 0x02, 0xf3, 0xe1, 0xf2, 0x01, 0xf3,
    0xe2, 0xf2, 0xe1, 0xf2, 0xe1, 0xf2, 0xe1, 0xf2, 0xe1, 0xf2, 0xe2, 0xf2,
    0xe1, 0xf2, 0xe1, 0xf2, 0xe2, 0xf2, 0xe1, 0xf2, 0xe1, 0xf2, 0xe2, 0xf2,
    0xe2, 0xf2, 0xe1, 0xf2, 0xe1, 0xf2, 0xe1, 0xf2, 0xe1, 0xf2, 0xe2, 0xf2,
    0xe2, 0xf2, 0xe1, 0xf2, 0xe1, 0xf2, 0xe2, 0xf2, 0xe2, 0xf2, 0xe1, 0xf2,
    0xe1, 0xf2, 0xe2, 0xf2, 0xe1, 0xf2, 0xe1, 0xf2, 0xe1, 0xf2, 0xe1, 0xf2,
    0xe2, 0xfa, 0xe1, 0xf2, 0xe1, 0xfa, 0xe2, 0xfa, 0xe1, 0xf2, 0xe2, 0xf2,
    0xe2, 0xf2, 0xe1, 0xfa, 0xe2, 0xf2, 0xe2, 0xf2, 0xe1, 0xf2, 0xe1, 0xf2,
    0x01, 0xf3, 0xe1, 0xf2, 0xe1, 0xf2, 0xe2, 0xf2, 0xe2, 0xf2, 0xe1, 0xf2,
    0xe1, 0xf2, 0xe1, 0xf2, 0xe1, 0xf2, 0xe2, 0xf2, 0xe2, 0xf2, 0xe1, 0xf2,
    0xe1, 0xf2, 0xe1, 0xf2, 0xe2, 0xf2, 0xe1, 0xf2, 0xe1, 0xf2, 0xe1, 0xf2,
    0x01, 0xf3, 0xe2, 0xf2, 0x01, 0xfb, 0x02, 0xf3, 0x02, 0xfb, 0xe1, 0xf2,
    0x01, 0xf3, 0xe1, 0xf2, 0x02, 0xf3, 0x01, 0xf3, 0x01, 0xf3, 0x01, 0xf3,
    0xe1, 0xf2, 0x01, 0xf3, 0x02, 0xf3, 0x02, 0xf3, 0xe1, 0xf2, 0x02, 0xf3,
    0xe2, 0xf2, 0x02, 0xf3, 0xe1, 0xf2, 0xe2, 0xf2, 0x01, 0xf3, 0xe1, 0xf2,
    0x02, 0xf3, 0x01, 0xf3, 0xe1, 0xf2, 0x02, 0xf3, 0x01, 0xf3, 0x01, 0xf3,
    0xe1, 0xf2, 0xe1, 0xf2, 0xe2, 0xf2, 0xe2, 0xf2, 0xe2, 0xf2, 0xe1, 0xf2,
    0xe2, 0xf2, 0xe1, 0xf2, 0xe2, 0xf2, 0xe2, 0xf2, 0xe1, 0xf2, 0xe1, 0xf2,
    0x02, 0xf3, 0x01, 0xf3, 0x01, 0xf3, 0x01, 0xf3, 0xe1, 0xf2, 0xe1, 0xf2,
    0x02, 0xf3, 0x01, 0xf3, 0x01, 0xf3, 0xe1, 0xf2, 0x02, 0xf3, 0x01, 0xf3,
    0x01, 0xf3, 0x02, 0xf3, 0x01, 0xf3, 0x02, 0xf3, 0x01, 0xf3, 0x21, 0xf3,
    0x22, 0xf3, 0x22, 0xf3, 0x22, 0xf3, 0x22, 0xfb, 0x21, 0xfb, 0x21, 0xf3,
    0x41, 0xf3, 0x41, 0xf3, 0x21, 0xf3, 0x21, 0xf3, 0x21, 0xf3, 0x41, 0xfb,
    0x21, 0xfb, 0x22, 0xfb, 0x22, 0xfb, 0x22, 0xfb, 0x01, 0xf3, 0x22, 0xf3,
    0x01, 0xf3, 0x02, 0xfb, 0x02, 0xf3, 0x01, 0xf3, 0x02, 0xf3, 0x02, 0xf3,
    0x02, 0xf3, 0x01, 0xf3, 0x02, 0xfb, 0x02, 0xf3, 0x01, 0xf3, 0x01, 0xfb,
    0x02, 0xf3, 0x01, 0xf3, 0x01, 0xf3, 0x02, 0xf3, 0x02, 0xf3, 0x01, 0xf3,
    0x01, 0xf3, 0x21, 0xf3, 0x22, 0xf3, 0x01, 0xf3, 0x01, 0xf3, 0x01, 0xf3,
    0x02, 0xf3, 0x02, 0xfb, 0x21, 0xf3, 0x02, 0xf3, 0x02, 0xfb, 0x01, 0xf3,
    0x01, 0xf3, 0x01, 0xf3, 0x01, 0xf3, 0x02, 0xf3, 0x02, 0xf3, 0x02, 0xf3,
    0x01, 0xf3, 0x02, 0xf3, 0x02, 0xfb, 0x01, 0xf3, 0x01, 0xf3, 0x02, 0xf3,
    0x01, 0xf3, 0x01, 0xf3, 0x01, 0xf3, 0x01, 0xf3, 0x01, 0xfb, 0x01, 0xf3,
    0x01, 0xf3, 0x01, 0xf3, 0x01, 0xfb, 0x01, 0xf3, 0x01, 0xf3, 0x01, 0xf3,
    0x01, 0xfb, 0xe1, 0xf2, 0xe1, 0xf2, 0xe1, 0xf2, 0xe1, 0xf2, 0xe1, 0xf2,
    0xe1, 0xf2, 0xe1, 0xea, 0xe1, 0xf2, 0xe1, 0xea, 0xe2, 0xf2, 0xe1, 0xf2,
    0xe1, 0xf2, 0xe2, 0xf2, 0x01, 0xf3, 0x01, 0xf3, 0x02, 0xfb, 0x02, 0xf3,
    0xe2, 0xfa, 0x01, 0xf3, 0x02, 0xf3, 0x02, 0xf3, 0x01, 0xf3, 0x01, 0xf3,
    0x02, 0xf3, 0x02, 0xf3, 0x02, 0xf3, 0x02, 0xf3, 0x01, 0xf3, 0x01, 0xf3,
    0x02, 0xf3, 0x01, 0xf3, 0x01, 0xf3, 0x02, 0xf3, 0x01, 0xf3, 0x02, 0xf3,
    0x01, 0xfb, 0x01, 0xfb, 0x02, 0xf3, 0x21, 0xfb, 0x21, 0xfb, 0x01, 0xf3,
    0x64, 0xf3, 0xd9, 0xfe, 0xbd, 0xf7, 0x7b, 0xff, 0x39, 0xff, 0x5b, 0xf7,
    0x0b, 0xdc, 0x9c, 0xff, 0x76, 0xf6, 0xe4, 0xe2, 0x8d, 0xdc, 0xde, 0xff,
    0xde, 0xff, 0x31, 0xd5, 0xa2, 0xea, 0xa1, 0xea, 0xe2, 0xe2, 0x3a, 0xff,
    0xde, 0xff, 0x09, 0xdc, 0xe1, 0xe2, 0x02, 0xe3, 0xa7, 0xcb, 0xde, 0xff,
    0xb3, 0xe5, 0xc2, 0xe2, 0xc2, 0xda, 0xc2, 0xda, 0xc1, 0xe2, 0xe2, 0xea,
    0xc1, 0xea, 0x01, 0xf3, 0xe1, 0xf2, 0x02, 0xeb, 0x44, 0xe3, 0x22, 0xeb,
    0x01, 0xf3, 0x02, 0xf3, 0xe2, 0xf2, 0x01, 0xf3, 0x01, 0xf3, 0x02, 0xf3,
    0xe2, 0xf2, 0xe1, 0xf2, 0x02, 0xf3, 0x02, 0xf3, 0x01, 0xf3, 0x02, 0xf3,
    0xe1, 0xf2, 0x01, 0xf3, 0x01, 0xf3, 0xe2, 0xf2, 0x01, 0xf3, 0x02, 0xf3,
    0x02, 0xf3, 0x01, 0xf3, 0xe1, 0xf2, 0x01, 0xf3, 0x02, 0xf3, 0x01, 0xf3,
    0x01, 0xf3, 0x02, 0xf3, 0x01, 0xf3, 0x02, 0xf3, 0x01, 0xf3, 0x01, 0xf3,
    0x01, 0xfb, 0x01, 0xfb, 0x02, 0xf3, 0x01, 0xf3, 0x01, 0xf3, 0x02, 0xf3,
    0x02, 0xf3, 0x02, 0xf3, 0x02, 0xf3, 0x02, 0xf3, 0x01, 0xf3, 0x01, 0xf3,
    0x01, 0xf3, 0x02, 0xf3, 0xe1, 0xf2, 0x01, 0xf3, 0xe2, 0xf2, 0x01, 0xf3,
    0x02, 0xf3, 0x02, 0xeb, 0x01, 0xf3, 0x01, 0xeb, 0x01, 0xeb, 0x01, 0xf3,
    0xe1, 0xf2, 0xe1, 0xf2, 0xe1, 0xf2, 0xe1, 0xf2, 0xe1, 0xf2, 0xe1, 0xf2,
    0xe1, 0xf2, 0x01, 0xf3, 0x02, 0xf3, 0x01, 0xf3, 0x02, 0xf3, 0x02, 0xf3,
    0x01, 0xf3, 0x01, 0xf3, 0xe2, 0xfa, 0xe2, 0xf2, 0x01, 0xf3, 0x01, 0xf3,
    0xe1, 0xf2, 0xe1, 0xf2, 0xe1, 0xf2, 0xe1, 0xf2, 0xe1, 0xf2, 0x01, 0xf3,
    0x01, 0xf3, 0x02, 0xf3, 0x01, 0xfb, 0x01, 0xf3, 0x01, 0xf3, 0x01, 0xfb,
    0x02, 0xf3, 0x01, 0xf3, 0x01, 0xfb, 0x02, 0xf3, 0x02, 0xfb, 0x01, 0xfb,
    0x01, 0xf3, 0x02, 0xf3, 0x02, 0xf3, 0x02, 0xf3, 0xe1, 0xf2, 0xe1, 0xf2,
    0xe2, 0xf2, 0x01, 0xf3, 0xe2, 0xf2, 0x02, 0xf3, 0x01, 0xf3, 0xe1, 0xf2,
    0xe1, 0xf2, 0xe2, 0xf2, 0xe1, 0xf2, 0xe1, 0xf2, 0xe1, 0xf2, 0x01, 0xf3,
    0x02, 0xf3, 0x01, 0xf3, 0x01, 0xf3, 0x01, 0xf3, 0x01, 0xfb, 0x01, 0xf3,
    0x01, 0xf3, 0x01, 0xf3, 0x02, 0xf3, 0x01, 0xf3, 0x01, 0xf3, 0x02, 0xf3,
    0x02, 0xf3, 0x02, 0xf3, 0xe1, 0xf2, 0x02, 0xf3, 0x01, 0xf3, 0x01, 0xf3,
    0x01, 0xf3, 0x01, 0xf3, 0x01, 0xf3, 0x01, 0xf3, 0x01, 0xf3, 0x01, 0xf3,
    0x02, 0xf3, 0x02, 0xf3, 0xe1, 0xf2, 0x01, 0xf3, 0x01, 0xf3, 0x02, 0xf3,
    0x02, 0xf3, 0x02, 0xf3, 0x01, 0xf3, 0x02, 0xf3, 0x01, 0xf3, 0x02, 0xf3,
    0x01, 0xf3, 0x01, 0xf3, 0x02, 0xf3, 0x02, 0xf3, 0x01, 0xf3, 0x02, 0xf3,
    0x02, 0xf3, 0x02, 0xf3, 0x02, 0xf3, 0x01, 0xf3, 0x01, 0xf3, 0x01, 0xf3,
    0x01, 0xeb, 0x01, 0xf3, 0x01, 0xeb, 0xe1, 0xf2, 0x01, 0xf3, 0x01, 0xf3,
    0x02, 0xf3, 0x01, 0xf3, 0x01, 0xf3, 0x01, 0xf3, 0x02, 0xf3, 0x21, 0xf3,
    0x22, 0xf3, 0x21, 0xf3, 0x22, 0xf3, 0x21, 0xf3, 0x21, 0xf3, 0x22, 0xf3,
    0x21, 0xf3, 0x41, 0xf3, 0x22, 0xf3, 0x41, 0xfb, 0x21, 0xf3, 0x21, 0xf3,
    0x21, 0xf3, 0x21, 0xf3, 0x21, 0xf3, 0x22, 0xf3, 0x21, 0xfb, 0x22, 0xf3,
    0x22, 0xfb, 0x22, 0xf3, 0x22, 0xf3, 0x21, 0xfb, 0x02, 0xf3, 0x02, 0xfb,
    0x01, 0xf3, 0x01, 0xf3, 0x01, 0xf3, 0x01, 0xf3, 0x22, 0xfb, 0x02, 0xf3,
    0x22, 0xfb, 0x22, 0xfb, 0x02, 0xf3, 0x02, 0xfb, 0x01, 0xfb, 0x01, 0xf3,
    0x02, 0xfb, 0x02, 0xfb, 0x02, 0xf3, 0x01, 0xf3, 0x22, 0xfb, 0x01, 0xf3,
    0x02, 0xf3, 0x22, 0xf3, 0x01, 0xf3, 0x01, 0xf3, 0x22, 0xf3, 0x22, 0xfb,
    0x22, 0xf3, 0x01, 0xf3, 0x01, 0xf3, 0x02, 0xf3, 0x01, 0xf3, 0x01, 0xf3,
    0x02, 0xf3, 0x01, 0xfb, 0x02, 0xf3, 0x02, 0xf3, 0x02, 0xfb, 0x01, 0xf3,
    0x02, 0xfb, 0x02, 0xfb, 0x01, 0xf3, 0x01, 0xf3, 0x01, 0xf3, 0x02, 0xf3,
    0x02, 0xfb, 0x02, 0xf3, 0x02, 0xf3, 0x01, 0xfb, 0x21, 0xf3, 0x02, 0xf3,
    0x21, 0xf3, 0x21, 0xf3, 0x02, 0xfb, 0x01, 0xf3, 0x02, 0xf3, 0x01, 0xf3,
    0x02, 0xf3, 0xe1, 0xf2, 0xe1, 0xf2, 0xe1, 0xf2, 0xe1, 0xf2, 0xe1, 0xf2,
    0xe1, 0xf2, 0xe1, 0xf2, 0x02, 0xf3, 0xe1, 0xf2, 0x02, 0xf3, 0x01, 0xf3,
    0x01, 0xfb, 0x02, 0xfb, 0x02, 0xf3, 0x01, 0xfb, 0x01, 0xf3, 0x01, 0xf3,
    0x02, 0xf3, 0x01, 0xf3, 0x02, 0xf3, 0x01, 0xf3, 0x02, 0xf3, 0x02, 0xf3,
    0x01, 0xf3, 0x02, 0xf3, 0x02, 0xf3, 0x01, 0xf3, 0x01, 0xf3, 0x02, 0xf3,
    0x01, 0xf3, 0x02, 0xf3, 0x02, 0xf3, 0x01, 0xf3, 0x22, 0xfb, 0x21, 0xf3,
    0x21, 0xfb, 0x21, 0xf3, 0xe1, 0xf2, 0x45, 0xe3, 0x7d, 0xff, 0x8f, 0xd4,
    0x0b, 0xcc, 0x9d, 0xff, 0x6d, 0xdc, 0xdd, 0xff, 0x56, 0xf6, 0xc9, 0xd3,
    0x7a, 0xff, 0xdd, 0xf7, 0xbd, 0xf7, 0xbc, 0xff, 0x91, 0xe5, 0x24, 0xe3,
    0x03, 0xe3, 0x6c, 0xdc, 0xd6, 0xfe, 0x43, 0xdb, 0x22, 0xe3, 0x43, 0xeb,
    0xe8, 0xd3, 0xbd, 0xff, 0xd3, 0xed, 0x44, 0xeb, 0x44, 0xe3, 0x44, 0xe3,
    0x44, 0xe3, 0x23, 0xeb, 0x22, 0xeb, 0xe2, 0xf2, 0x02, 0xf3, 0xf2, 0xf5,
    0xbc, 0xff, 0xab, 0xe4, 0x02, 0xf3, 0x01, 0xf3, 0x01, 0xf3, 0x02, 0xf3,
    0x01, 0xf3, 0x02, 0xf3, 0x01, 0xf3, 0x01, 0xf3, 0x02, 0xf3, 0x01, 0xf3,
    0xe1, 0xf2, 0x01, 0xf3, 0x02, 0xf3, 0x02, 0xf3, 0x01, 0xf3, 0x01, 0xf3,
    0x02, 0xf3, 0x01, 0xf3, 0x02, 0xf3, 0x02, 0xf3, 0x01, 0xf3, 0x02, 0xf3,
    0x01, 0xf3, 0x02, 0xf3, 0x01, 0xf3, 0xe2, 0xf2, 0x02, 0xf3, 0x01, 0xf3,
    0x02, 0xfb, 0x02, 0xf3, 0x02, 0xf3, 0x02, 0xf3, 0x02, 0xf3, 0x01, 0xf3,
    0x02, 0xf3, 0x01, 0xf3, 0x01, 0xf3, 0x01, 0xf3, 0x01, 0xf3, 0x02, 0xf3,
    0x01, 0xf3, 0x01, 0xf3, 0x01, 0xf3, 0x02, 0xf3, 0xe1, 0xf2, 0x01, 0xf3,
    0xe2, 0xf2, 0x01, 0xf3, 0x01, 0xf3, 0x01, 0xf3, 0x01, 0xf3, 0x01, 0xf3,
    0xe1, 0xf2, 0x02, 0xf3, 0x01, 0xf3, 0xe1, 0xf2, 0x02, 0xeb, 0xe1, 0xf2,
    0xe1, 0xf2, 0x02, 0xeb, 0xe1, 0xea, 0x01, 0xeb, 0x01, 0xf3, 0x02, 0xf3,
    0x02, 0xf3, 0x02, 0xf3, 0x02, 0xf3, 0x02, 0xf3, 0x01, 0xf3, 0x02, 0xfb,
    0x02, 0xf3, 0x02, 0xf3, 0xe1, 0xf2, 0x02, 0xf3, 0x02, 0xfb, 0xe1, 0xf2,
    0xe1, 0xf2, 0x02, 0xf3, 0x01, 0xf3, 0xe1, 0xfa, 0x01, 0xf3, 0x02, 0xf3,
    0x02, 0xf3, 0x01, 0xf3, 0x22, 0xfb, 0x22, 0xf3, 0x21, 0xf3, 0x01, 0xf3,
    0xe1, 0xf2, 0xe2, 0xf2, 0x01, 0xfb, 0x01, 0xf3, 0x02, 0xf3, 0x02, 0xf3,
    0x01, 0xf3, 0xe1, 0xf2, 0x02, 0xf3, 0x01, 0xf3, 0x01, 0xf3, 0x02, 0xf3,
    0x02, 0xf3, 0x01, 0xf3, 0xe1, 0xf2, 0x02, 0xf3, 0x01, 0xf3, 0x01, 0xf3,
    0x01, 0xf3, 0xe1, 0xf2, 0x01, 0xf3, 0x02, 0xf3, 0x01, 0xf3, 0xe1, 0xf2,
    0xe2, 0xfa, 0x01, 0xf3, 0x01, 0xf3, 0x01, 0xf3, 0x02, 0xf3, 0x01, 0xf3,
    0x01, 0xf3, 0x01, 0xf3, 0x02, 0xf3, 0x02, 0xf3, 0x01, 0xf3, 0x02, 0xf3,
    0x22, 0xf3, 0x01, 0xf3, 0x01, 0xf3, 0x01, 0xf3, 0x02, 0xf3, 0x02, 0xf3,
    0x01, 0xf3, 0x01, 0xf3, 0x01, 0xf3, 0x02, 0xf3, 0x02, 0xf3, 0x01, 0xf3,
    0x01, 0xf3, 0x01, 0xf3, 0x01, 0xf3, 0x01, 0xf3, 0x02, 0xf3, 0x22, 0xf3,
    0x02, 0xf3, 0x02, 0xf3, 0x01, 0xf3, 0x02, 0xf3, 0x01, 0xf3, 0x01, 0xf3,
    0x01, 0xf3, 0x02, 0xf3, 0x01, 0xf3, 0x01, 0xf3, 0xe1, 0xf2, 0x02, 0xeb,
    0x02, 0xf3, 0x02, 0xf3, 0x01, 0xf3, 0x01, 0xf3, 0x01, 0xf3, 0x02, 0xf3,
    0x01, 0xf3, 0x01, 0xf3, 0x01, 0xf3, 0x02, 0xf3, 0x22, 0xf3, 0x22, 0xf3,
    0x22, 0xfb, 0x22, 0xf3, 0x22, 0xf3, 0x22, 0xf3, 0x22, 0xf3, 0x21, 0xf3,
    0x21, 0xf3, 0x22, 0xf3, 0x41, 0xf3, 0x22, 0xfb, 0x41, 0xf3, 0x41, 0xf3,
    0x21, 0xf3, 0x21, 0xf3, 0x41, 0xfb, 0x41, 0xf3, 0x22, 0xfb, 0x21, 0xfb,
    0x21, 0xf3, 0x21, 0xf3, 0x22, 0xf3, 0x22, 0xf3, 0x21, 0xf3, 0x02, 0xfb,
    0x21, 0xf3, 0x22, 0xf3, 0x02, 0xfb, 0x22, 0xfb, 0x01, 0xf3, 0x02, 0xf3,
    0x22, 0xf3, 0x21, 0xf3, 0x22, 0xfb, 0x21, 0xf3, 0x22, 0xf3, 0x22, 0xf3,
    0x21, 0xf3, 0x01, 0xf3, 0x22, 0xfb, 0x22, 0xf3, 0x22, 0xf3, 0x22, 0xf3,
    0x21, 0xfb, 0x21, 0xf3, 0x22, 0xf3, 0x22, 0xfb, 0x21, 0xf3, 0x21, 0xf3,
    0x02, 0xfb, 0x21, 0xf3, 0x01, 0xf3, 0x01, 0xf3, 0x01, 0xf3, 0x02, 0xf3,
    0x02, 0xfb, 0x02, 0xf3, 0x01, 0xf3, 0x01, 0xf3, 0x21, 0xf3, 0x22, 0xf3,
    0x22, 0xfb, 0x21, 0xf3, 0x01, 0xf3, 0x02, 0xf3, 0x01, 0xf3, 0x01, 0xfb,
    0x01, 0xf3, 0x01, 0xf3, 0x21, 0xfb, 0x21, 0xf3, 0x21, 0xf3, 0x21, 0xf3,
    0x01, 0xf3, 0x02, 0xfb, 0x21, 0xf3, 0x21, 0xf3, 0x21, 0xfb, 0x22, 0xf3,
    0x22, 0xf3, 0x01, 0xf3, 0x01, 0xf3, 0x02, 0xf3, 0x02, 0xf3, 0xe2, 0xf2,
    0x02, 0xf3, 0x01, 0xf3, 0x01, 0xf3, 0x01, 0xf3, 0x02, 0xf3, 0x01, 0xf3,
    0x01, 0xf3, 0x01, 0xf3, 0x01, 0xf3, 0x01, 0xf3, 0x02, 0xf3, 0x01, 0xf3,
    0x01, 0xf3, 0x01, 0xf3, 0x02, 0xf3, 0x02, 0xf3, 0x02, 0xf3, 0x21, 0xf3,
    0x01, 0xf3, 0x02, 0xf3, 0x22, 0xf3, 0x21, 0xf3, 0x22, 0xf3, 0x01, 0xf3,
    0x22, 0xf3, 0x22, 0xfb, 0x01, 0xf3, 0x22, 0xf3, 0x01, 0xf3, 0x22, 0xf3,
    0x22, 0xfb, 0x21, 0xf3, 0x21, 0xf3, 0x01, 0xfb, 0x01, 0xf3, 0x23, 0xf3,
    0x3b, 0xf7, 0x3a, 0xff, 0x7a, 0xff, 0xff, 0xff, 0x5b, 0xf7, 0xbd, 0xff,
    0x92, 0xdd, 0x7b, 0xff, 0x7c, 0xff, 0x30, 0xe5, 0x8c, 0xe4, 0x39, 0xff,
    0xbd, 0xff, 0x71, 0xed, 0xeb, 0xdb, 0x36, 0xf6, 0x36, 0xee, 0x56, 0xf6,
    0x96, 0xf6, 0xb7, 0xf6, 0xb8, 0xf6, 0xbf, 0xff, 0x7d, 0xff, 0x1a, 0xff,
    0x1a, 0xff, 0x19, 0xff, 0x19, 0xff, 0xf9, 0xf6, 0x0e, 0xf5, 0xe1, 0xf2,
    0xe2, 0xea, 0x9c, 0xff, 0xfe, 0xff, 0x95, 0xfe, 0x02, 0xf3, 0x02, 0xf3,
    0x01, 0xf3, 0x02, 0xf3, 0x02, 0xf3, 0x01, 0xf3, 0x02, 0xf3, 0xe1, 0xf2,
    0x01, 0xf3, 0x02, 0xf3, 0x02, 0xf3, 0x01, 0xf3, 0x01, 0xf3, 0x02, 0xf3,
    0x02, 0xf3, 0x01, 0xf3, 0x02, 0xf3, 0x01, 0xf3, 0x01, 0xf3, 0x01, 0xf3,
    0x01, 0xf3, 0x01, 0xf3, 0x02, 0xf3, 0x01, 0xf3, 0x02, 0xf3, 0x01, 0xf3,
    0x01, 0xf3, 0x01, 0xf3, 0x01, 0xf3, 0x02, 0xf3, 0x21, 0xf3, 0x02, 0xf3,
    0x02, 0xf3, 0x02, 0xf3, 0x02, 0xf3, 0x21, 0xf3, 0x02, 0xf3, 0x02, 0xf3,
    0x01, 0xf3, 0x01, 0xf3, 0x02, 0xf3, 0x01, 0xf3, 0x01, 0xf3, 0xe1, 0xf2,
    0xe1, 0xf2, 0x01, 0xf3, 0x02, 0xf3, 0x02, 0xf3, 0x01, 0xf3, 0x02, 0xf3,
    0x01, 0xf3, 0x01, 0xf3, 0x01, 0xf3, 0x01, 0xf3, 0x01, 0xf3, 0x01, 0xf3,
    0xe1, 0xea, 0x01, 0xeb, 0x01, 0xf3, 0xe2, 0xf2, 0x01, 0xeb, 0x01, 0xf3,
    0x01, 0xf3, 0x02, 0xf3, 0x21, 0xf3, 0x21, 0xf3, 0x02, 0xf3, 0x02, 0xf3,
    0x01, 0xf3, 0x01, 0xf3, 0x02, 0xf3, 0x01, 0xf3, 0x02, 0xf3, 0x02, 0xf3,
    0x01, 0xf3, 0x01, 0xfb, 0x02, 0xfb, 0x01, 0xf3, 0x01, 0xf3, 0x01, 0xfb,
    0x01, 0xfb, 0x01, 0xf3, 0x01, 0xfb, 0x22, 0xf3, 0x21, 0xfb, 0x22, 0xfb,
    0x01, 0xf3, 0x01, 0xf3, 0x01, 0xf3, 0x01, 0xf3, 0x01, 0xf3, 0x01, 0xfb,
    0x01, 0xf3, 0x02, 0xf3, 0x01, 0xf3, 0x01, 0xf3, 0x02, 0xf3, 0x01, 0xf3,
    0xe1, 0xf2, 0x02, 0xf3, 0x02, 0xf3, 0x01, 0xf3, 0x01, 0xf3, 0x01, 0xf3,
    0x01, 0xf3, 0x02, 0xf3, 0x01, 0xf3, 0x01, 0xf3, 0x01, 0xf3, 0x01, 0xf3,
    0x02, 0xf3, 0x01, 0xf3, 0x01, 0xf3, 0xe1, 0xf2, 0x01, 0xf3, 0x02, 0xf3,
    0x01, 0xf3, 0x02, 0xf3, 0x01, 0xf3, 0x01, 0xf3, 0x01, 0xf3, 0x01, 0xf3,
    0x01, 0xf3, 0x01, 0xf3, 0x22, 0xeb, 0x02, 0xf3, 0x01, 0xf3, 0x01, 0xeb,
    0x01, 0xf3, 0x02, 0xf3, 0x01, 0xeb, 0x01, 0xf3, 0x01, 0xf3, 0x01, 0xeb,
    0x02, 0xf3, 0x01, 0xf3, 0x01, 0xeb, 0x22, 0xf3, 0x22, 0xf3, 0x01, 0xf3,
    0x02, 0xf3, 0x01, 0xf3, 0x22, 0xf3, 0x01, 0xf3, 0x02, 0xf3, 0x02, 0xf3,
    0x02, 0xf3, 0x02, 0xf3, 0x02, 0xf3, 0x02, 0xf3, 0x01, 0xf3, 0xe1, 0xf2,
    0x01, 0xf3, 0xe1, 0xf2, 0x01, 0xf3, 0x01, 0xf3, 0xe1, 0xea, 0x01, 0xf3,
    0x02, 0xf3, 0x01, 0xf3, 0x01, 0xf3, 0x01, 0xf3, 0x01, 0xf3, 0x21, 0xf3,
    0x21, 0xf3, 0x21, 0xf3, 0x22, 0xf3, 0x21, 0xf3, 0x21, 0xf3, 0x21, 0xf3,
    0x22, 0xf3, 0x22, 0xf3, 0x21, 0xf3, 0x41, 0xfb, 0x41, 0xf3, 0x42, 0xfb,
    0x42, 0xf3, 0x41, 0xf3, 0x41, 0xf3, 0x21, 0xf3, 0x41, 0xf3, 0x22, 0xf3,
    0x42, 0xf3, 0x41, 0xf3, 0x21, 0xfb, 0x22, 0xfb, 0x21, 0xf3, 0x21, 0xf3,
    0x02, 0xfb, 0x02, 0xf3, 0x21, 0xf3, 0x02, 0xfb, 0x22, 0xf3, 0x21, 0xf3,
    0x22, 0xfb, 0x01, 0xfb, 0x22, 0xf3, 0x22, 0xf3, 0x42, 0xfb, 0x22, 0xf3,
    0x22, 0xf3, 0x22, 0xf3, 0x22, 0xf3, 0x22, 0xfb, 0x22, 0xf3, 0x22, 0xf3,
    0x21, 0xfb, 0x22, 0xf3, 0x22, 0xf3, 0x01, 0xf3, 0x22, 0xf3, 0x22, 0xf3,
    0x22, 0xf3, 0x22, 0xfb, 0x22, 0xfb, 0x22, 0xf3, 0x21, 0xf3, 0x01, 0xf3,
    0x01, 0xf3, 0x02, 0xf3, 0x02, 0xf3, 0x01, 0xf3, 0x02, 0xf3, 0x21, 0xfb,
    0x22, 0xf3, 0x22, 0xf3, 0x22, 0xfb, 0x01, 0xf3, 0x01, 0xf3, 0x01, 0xf3,
    0x21, 0xf3, 0x01, 0xf3, 0x01, 0xfb, 0x21, 0xf3, 0x21, 0xf3, 0x21, 0xfb,
    0x22, 0xf3, 0x21, 0xf3, 0x01, 0xfb, 0x21, 0xfb, 0x21, 0xf3, 0x21, 0xf3,
    0x01, 0xf3, 0x01, 0xf3, 0x02, 0xf3, 0x01, 0xf3, 0x02, 0xf3, 0x01, 0xf3,
    0x01, 0xf3, 0x02, 0xeb, 0x02, 0xf3, 0x01, 0xf3, 0x01, 0xf3, 0x01, 0xf3,
    0x01, 0xf3, 0x02, 0xf3, 0x01, 0xf3, 0x01, 0xf3, 0x21, 0xf3, 0x01, 0xf3,
    0x01, 0xf3, 0x02, 0xf3, 0x01, 0xfb, 0x01, 0xf3, 0x01, 0xf3, 0x02, 0xf3,
    0x22, 0xf3, 0x21, 0xf3, 0x22, 0xf3, 0x22, 0xf3, 0x21, 0xf3, 0x22, 0xf3,
    0x22, 0xfb, 0x01, 0xf3, 0x21, 0xf3, 0x01, 0xf3, 0x22, 0xf3, 0x22, 0xfb,
    0x21, 0xf3, 0x22, 0xf3, 0x01, 0xfb, 0x21, 0xfb, 0x21, 0xf3, 0x21, 0xf3,
    0x01, 0xf3, 0xe1, 0xea, 0x0a, 0xe4, 0x4b, 0xe4, 0x8c, 0xe4, 0xef, 0xdc,
    0x72, 0xdd, 0x5b, 0xf7, 0x97, 0xe6, 0x51, 0xdd, 0x4c, 0xd4, 0x05, 0xdb,
    0xc2, 0xda, 0xe8, 0xe3, 0xf3, 0xed, 0x87, 0xe3, 0xf0, 0xdc, 0xbf, 0xff,
    0xde, 0xff, 0xdf, 0xff, 0xdf, 0xff, 0xde, 0xff, 0xde, 0xff, 0xdf, 0xf7,
    0xdf, 0xff, 0xdf, 0xff, 0xdf, 0xff, 0xbf, 0xff, 0xbe, 0xff, 0xdf, 0xf7,
    0x91, 0xf5, 0xe1, 0xea, 0x02, 0xeb, 0x5a, 0xff, 0xfe, 0xff, 0x13, 0xfe,
    0x02, 0xf3, 0x02, 0xf3, 0x01, 0xf3, 0x02, 0xf3, 0x01, 0xf3, 0x01, 0xf3,
    0x01, 0xf3, 0x01, 0xf3, 0xe1, 0xf2, 0x01, 0xfb, 0x02, 0xf3, 0x02, 0xf3,
    0x02, 0xf3, 0x01, 0xf3, 0x02, 0xf3, 0x02, 0xf3, 0x01, 0xf3, 0x01, 0xf3,
    0x01, 0xf3, 0x02, 0xf3, 0x01, 0xf3, 0x01, 0xf3, 0x01, 0xf3, 0x01, 0xf3,
    0x02, 0xf3, 0x02, 0xfb, 0x01, 0xf3, 0x01, 0xf3, 0x01, 0xf3, 0x01, 0xfb,
    0x01, 0xf3, 0x21, 0xf3, 0x01, 0xfb, 0x02, 0xf3, 0x21, 0xf3, 0x21, 0xf3,
    0x02, 0xf3, 0x22, 0xf3, 0x21, 0xf3, 0x01, 0xf3, 0x01, 0xeb, 0x01, 0xf3,
    0x01, 0xf3, 0x01, 0xf3, 0x01, 0xf3, 0x01, 0xf3, 0x02, 0xfb, 0x21, 0xf3,
    0x21, 0xf3, 0x02, 0xf3, 0x01, 0xf3, 0x21, 0xf3, 0x01, 0xf3, 0x01, 0xf3,
    0x01, 0xf3, 0x02, 0xf3, 0x01, 0xf3, 0x01, 0xf3, 0x01, 0xeb, 0x01, 0xeb,
    0x01, 0xf3, 0x01, 0xf3, 0x01, 0xeb, 0x01, 0xf3, 0x22, 0xeb, 0x22, 0xf3,
    0x01, 0xf3, 0x02, 0xf3, 0x21, 0xf3, 0x21, 0xf3, 0x01, 0xf3, 0x01, 0xf3,
    0x01, 0xf3, 0x02, 0xf3, 0x01, 0xf3, 0x01, 0xf3, 0x02, 0xf3, 0x21, 0xfb,
    0x21, 0xf3, 0x22, 0xf3, 0x21, 0xf3, 0x21, 0xf3, 0x21, 0xfb, 0x21, 0xfb,
    0x21, 0xf3, 0x21, 0xfb, 0x02, 0xf3, 0x01, 0xf3, 0x01, 0xf3, 0x01, 0xf3,
    0x02, 0xf3, 0x02, 0xf3, 0x01, 0xf3, 0x01, 0xfb, 0x02, 0xf3, 0x01, 0xf3,
    0x01, 0xf3, 0xe2, 0xf2, 0x02, 0xf3, 0xe1, 0xf2, 0x01, 0xf3, 0x02, 0xf3,
    0x01, 0xf3, 0x01, 0xf3, 0x01, 0xeb, 0x01, 0xf3, 0x02, 0xf3, 0x02, 0xf3,
    0x01, 0xf3, 0x01, 0xf3, 0xe1, 0xf2, 0x02, 0xf3, 0x01, 0xf3, 0x01, 0xf3,
    0x01, 0xf3, 0x01, 0xf3, 0x01, 0xf3, 0x01, 0xf3, 0x02, 0xf3, 0x02, 0xf3,
    0x21, 0xf3, 0x02, 0xf3, 0x21, 0xf3, 0x01, 0xeb, 0x01, 0xf3, 0x02, 0xf3,
    0x22, 0xeb, 0x21, 0xeb, 0x21, 0xeb, 0x21, 0xeb, 0x21, 0xeb, 0x01, 0xf3,
    0x01, 0xf3, 0x21, 0xeb, 0x21, 0xeb, 0x01, 0xeb, 0x01, 0xf3, 0x01, 0xf3,
    0x01, 0xf3, 0x21, 0xf3, 0x22, 0xf3, 0x22, 0xf3, 0x21, 0xf3, 0x01, 0xf3,
    0x01, 0xf3, 0x01, 0xf3, 0x22, 0xf3, 0x01, 0xf3, 0x02, 0xf3, 0x01, 0xf3,
    0x02, 0xf3, 0x02, 0xf3, 0xe2, 0xf2, 0xe1, 0xf2, 0xe2, 0xf2, 0x01, 0xf3,
    0x01, 0xf3, 0x02, 0xf3, 0x01, 0xf3, 0x01, 0xf3, 0x21, 0xf3, 0x21, 0xf3,
    0x21, 0xf3, 0x21, 0xf3, 0x21, 0xf3, 0x21, 0xf3, 0x21, 0xf3, 0x22, 0xf3,
    0x21, 0xf3, 0x41, 0xf3, 0x21, 0xf3, 0x22, 0xf3, 0x42, 0xfb, 0x41, 0xf3,
    0x21, 0xf3, 0x41, 0xf3, 0x42, 0xf3, 0x41, 0xf3, 0x41, 0xf3, 0x21, 0xf3,
    0x21, 0xf3, 0x21, 0xf3, 0x41, 0xf3, 0x22, 0xf3, 0x22, 0xf3, 0x01, 0xfb,
    0x21, 0xf3, 0x22, 0xf3, 0x22, 0xfb, 0x21, 0xf3, 0x02, 0xfb, 0x01, 0xf3,
    0x02, 0xf3, 0x22, 0xfb, 0x22, 0xfb, 0x22, 0xf3, 0x22, 0xfb, 0x22, 0xfb,
    0x22, 0xf3, 0x21, 0xfb, 0x21, 0xfb, 0x22, 0xfb, 0x22, 0xfb, 0x22, 0xfb,
    0x22, 0xf3, 0x22, 0xfb, 0x22, 0xfb, 0x22, 0xf3, 0x21, 0xf3, 0x22, 0xf3,
    0x21, 0xf3, 0x22, 0xf3, 0x01, 0xf3, 0x22, 0xfb, 0x22, 0xf3, 0x22, 0xf3,
    0x21, 0xfb, 0x21, 0xf3, 0x01, 0xf3, 0x01, 0xf3, 0x22, 0xf3, 0x02, 0xf3,
    0x01, 0xf3, 0x22, 0xfb, 0x22, 0xf3, 0x22, 0xf3, 0x21, 0xf3, 0x22, 0xf3,
    0x02, 0xf3, 0x22, 0xf3, 0x22, 0xf3, 0x02, 0xf3, 0x22, 0xfb, 0x02, 0xf3,
    0x01, 0xf3, 0x02, 0xfb, 0x01, 0xfb, 0x01, 0xf3, 0x22, 0xfb, 0x22, 0xf3,
    0x21, 0xf3, 0x21, 0xf3, 0x21, 0xfb, 0x22, 0xf3, 0x21, 0xf3, 0x21, 0xf3,
    0x02, 0xf3, 0x02, 0xf3, 0x01, 0xf3, 0x02, 0xf3, 0x02, 0xf3, 0x01, 0xf3,
    0x01, 0xf3, 0x01, 0xf3, 0x01, 0xf3, 0x22, 0xf3, 0x01, 0xf3, 0x01, 0xfb,
    0x02, 0xfb, 0x01, 0xf3, 0x02, 0xfb, 0x01, 0xf3, 0x01, 0xf3, 0x02, 0xf3,
    0x02, 0xfb, 0x21, 0xfb, 0x21, 0xfb, 0x22, 0xf3, 0x22, 0xf3, 0x21, 0xf3,
    0x22, 0xf3, 0x22, 0xf3, 0x22, 0xfb, 0x22, 0xf3, 0x01, 0xf3, 0x01, 0xf3,
    0x01, 0xf3, 0x21, 0xf3, 0x22, 0xfb, 0x21, 0xf3, 0x21, 0xf3, 0x21, 0xfb,
    0x22, 0xfb, 0x01, 0xf3, 0x65, 0xeb, 0xb1, 0xf5, 0xf3, 0xf5, 0x14, 0xf6,
    0x14, 0xf6, 0xf2, 0xf5, 0xf3, 0xed, 0x7b, 0xff, 0xbe, 0xff, 0x98, 0xf6,
    0x72, 0xe5, 0x13, 0xf6, 0x13, 0xf6, 0xf3, 0xf5, 0xb2, 0xed, 0x6b, 0xe4,
    0x4a, 0xe4, 0x70, 0xe5, 0x2f, 0xe5, 0x2f, 0xe5, 0x50, 0xed, 0x71, 0xed,
    0x92, 0xed, 0xb2, 0xe5, 0xb2, 0xe5, 0x91, 0xed, 0x71, 0xe5, 0x70, 0xe5,
    0x91, 0xe5, 0xf2, 0xed, 0xab, 0xf4, 0x02, 0xf3, 0x22, 0xeb, 0x29, 0xe4,
    0x13, 0xfe, 0x84, 0xeb, 0x02, 0xf3, 0x01, 0xf3, 0x01, 0xf3, 0x01, 0xf3,
    0x01, 0xf3, 0x02, 0xfb, 0x01, 0xf3, 0x02, 0xf3, 0x02, 0xfb, 0x21, 0xf3,
    0x01, 0xf3, 0x01, 0xf3, 0x02, 0xf3, 0x02, 0xf3, 0x02, 0xf3, 0x01, 0xf3,
    0x01, 0xf3, 0x02, 0xf3, 0x01, 0xf3, 0x02, 0xf3, 0x22, 0xfb, 0x22, 0xf3,
    0x22, 0xf3, 0x21, 0xf3, 0x01, 0xf3, 0x02, 0xf3, 0x02, 0xf3, 0x01, 0xf3,
    0x02, 0xf3, 0x01, 0xf3, 0x02, 0xf3, 0x01, 0xf3, 0x02, 0xf3, 0x01, 0xfb,
    0x21, 0xf3, 0x21, 0xf3, 0x22, 0xf3, 0x01, 0xf3, 0x01, 0xf3, 0x22, 0xf3,
    0x02, 0xf3, 0x01, 0xf3, 0x02, 0xf3, 0x02, 0xf3, 0x22, 0xfb, 0x02, 0xf3,
    0x02, 0xf3, 0x22, 0xf3, 0x21, 0xf3, 0x21, 0xf3, 0x22, 0xf3, 0x22, 0xf3,
    0x01, 0xf3, 0x21, 0xf3, 0x01, 0xf3, 0x01, 0xf3, 0x02, 0xf3, 0x01, 0xf3,
    0xe1, 0xf2, 0x01, 0xf3, 0x01, 0xeb, 0x01, 0xf3, 0x02, 0xf3, 0x02, 0xf3,
    0x02, 0xf3, 0x22, 0xf3, 0x22, 0xf3, 0x22, 0xf3, 0x22, 0xf3, 0x22, 0xf3,
    0x01, 0xf3, 0x22, 0xf3, 0x02, 0xf3, 0x01, 0xf3, 0x02, 0xf3, 0x02, 0xf3,
    0x01, 0xf3, 0x21, 0xfb, 0x22, 0xf3, 0x22, 0xf3, 0x21, 0xfb, 0x21, 0xf3,
    0x21, 0xf3, 0x21, 0xfb, 0x21, 0xf3, 0x21, 0xf3, 0x02, 0xfb, 0x02, 0xf3,
    0x01, 0xf3, 0x01, 0xfb, 0xe1, 0xf2, 0x01, 0xf3, 0x02, 0xf3, 0x01, 0xfb,
    0x02, 0xf3, 0x01, 0xf3, 0x01, 0xfb, 0x01, 0xf3, 0x02, 0xf3, 0x01, 0xf3,
    0xe1, 0xf2, 0x02, 0xf3, 0x01, 0xf3, 0x01, 0xeb, 0x02, 0xf3, 0x01, 0xf3,
    0x22, 0xf3, 0x22, 0xf3, 0x02, 0xf3, 0x01, 0xf3, 0x02, 0xf3, 0x01, 0xfb,
    0x02, 0xf3, 0x01, 0xf3, 0x01, 0xfb, 0x22, 0xf3, 0x01, 0xf3, 0x01, 0xf3,
    0x01, 0xf3, 0x01, 0xf3, 0x01, 0xf3, 0x01, 0xf3, 0x22, 0xf3, 0x21, 0xf3,
    0x01, 0xf3, 0x21, 0xf3, 0x22, 0xf3, 0x02, 0xf3, 0x02, 0xf3, 0x21, 0xf3,
    0x02, 0xf3, 0x21, 0xf3, 0x22, 0xf3, 0x02, 0xf3, 0x21, 0xf3, 0x22, 0xf3,
    0x01, 0xf3, 0x01, 0xf3, 0x01, 0xf3, 0x22, 0xf3, 0x01, 0xf3, 0x01, 0xf3,
    0x22, 0xf3, 0x22, 0xf3, 0x22, 0xf3, 0x21, 0xf3, 0x02, 0xf3, 0x02, 0xf3,
    0x01, 0xf3, 0x01, 0xf3, 0x02, 0xf3, 0x01, 0xf3, 0x01, 0xf3, 0x02, 0xf3,
    0x01, 0xf3, 0x02, 0xf3, 0x01, 0xf3, 0x02, 0xf3, 0x01, 0xf3, 0x02, 0xf3,
    0x21, 0xf3, 0x21, 0xf3, 0x21, 0xf3, 0x22, 0xf3, 0x22, 0xf3, 0x41, 0xfb,
    0x42, 0xf3, 0x41, 0xfb, 0x22, 0xf3, 0x22, 0xf3, 0x41, 0xfb, 0x42, 0xfb,
    0x42, 0xfb, 0x42, 0xfb, 0x42, 0xfb, 0x41, 0xfb, 0x61, 0xf3, 0x61, 0xf3,
    0x41, 0xf3, 0x21, 0xf3, 0x21, 0xf3, 0x21, 0xf3, 0x41, 0xfb, 0x21, 0xfb,
    0x22, 0xf3, 0x21, 0xfb, 0x22, 0xfb, 0x22, 0xf3, 0x22, 0xfb, 0x22, 0xf3,
    0x22, 0xfb, 0x22, 0xfb, 0x21, 0xf3, 0x22, 0xf3, 0x22, 0xf3, 0x22, 0xf3,
    0x22, 0xfb, 0x21, 0xf3, 0x41, 0xfb, 0x22, 0xfb, 0x21, 0xf3, 0x21, 0xf3,
    0x21, 0xf3, 0x21, 0xf3, 0x21, 0xf3, 0x21, 0xf3, 0x22, 0xf3, 0x22, 0xf3,
    0x21, 0xf3, 0x21, 0xf3, 0x22, 0xf3, 0x22, 0xf3, 0x22, 0xfb, 0x21, 0xf3,
    0x21, 0xfb, 0x21, 0xfb, 0x02, 0xf3, 0x22, 0xf3, 0x01, 0xf3, 0x21, 0xf3,
    0x21, 0xf3, 0x21, 0xf3, 0x21, 0xf3, 0x22, 0xf3, 0x21, 0xf3, 0x21, 0xfb,
    0x01, 0xf3, 0x21, 0xf3, 0x21, 0xf3, 0x01, 0xf3, 0x22, 0xfb, 0x22, 0xf3,
    0x21, 0xf3, 0x21, 0xf3, 0x21, 0xf3, 0x02, 0xf3, 0x22, 0xfb, 0x01, 0xf3,
    0x22, 0xf3, 0x22, 0xfb, 0x02, 0xfb, 0x21, 0xf3, 0x21, 0xfb, 0x21, 0xf3,
    0x22, 0xf3, 0x21, 0xf3, 0x21, 0xf3, 0x21, 0xf3, 0x01, 0xf3, 0x02, 0xf3,
    0x21, 0xf3, 0x21, 0xf3, 0x22, 0xf3, 0x21, 0xf3, 0x21, 0xf3, 0x22, 0xf3,
    0x22, 0xfb, 0x21, 0xfb, 0x21, 0xf3, 0x22, 0xf3, 0x21, 0xfb, 0x21, 0xf3,
    0x21, 0xf3, 0x01, 0xf3, 0x21, 0xf3, 0x01, 0xfb, 0x21, 0xf3, 0x22, 0xfb,
    0x22, 0xf3, 0x22, 0xf3, 0x22, 0xfb, 0x42, 0xf3, 0x22, 0xf3, 0x22, 0xf3,
    0x22, 0xfb, 0x01, 0xf3, 0x02, 0xf3, 0x21, 0xf3, 0x21, 0xfb, 0x22, 0xf3,
    0x22, 0xf3, 0x21, 0xf3, 0x21, 0xfb, 0x01, 0xfb, 0xc8, 0xeb, 0x3b, 0xff,
    0x3b, 0xff, 0x1b, 0xf7, 0xfa, 0xf6, 0xf9, 0xee, 0xd9, 0xf6, 0xf9, 0xf6,
    0xfa, 0xf6, 0x3b, 0xf7, 0x3a, 0xf7, 0x3b, 0xf7, 0x3b, 0xf7, 0x3b, 0xf7,
    0x5b, 0xff, 0xb2, 0xed, 0xe2, 0xea, 0xe2, 0xea, 0x45, 0xe3, 0x45, 0xe3,
    0x25, 0xdb, 0x25, 0xdb, 0x25, 0xdb, 0x45, 0xdb, 0x45, 0xd3, 0x45, 0xdb,
    0x45, 0xdb, 0x65, 0xd3, 0x44, 0xdb, 0x22, 0xeb, 0x21, 0xf3, 0x02, 0xf3,
    0x01, 0xf3, 0x21, 0xf3, 0xe2, 0xf2, 0x01, 0xf3, 0x01, 0xf3, 0x01, 0xf3,
    0x02, 0xf3, 0x01, 0xf3, 0x02, 0xf3, 0x01, 0xf3, 0x22, 0xfb, 0x02, 0xf3,
    0x22, 0xf3, 0x22, 0xf3, 0x01, 0xf3, 0x21, 0xf3, 0x21, 0xf3, 0x22, 0xf3,
    0x22, 0xf3, 0x21, 0xf3, 0x22, 0xf3, 0x22, 0xf3, 0x21, 0xf3, 0x21, 0xf3,
    0x22, 0xfb, 0x22, 0xf3, 0x22, 0xfb, 0x22, 0xfb, 0x01, 0xf3, 0x01, 0xf3,
    0x02, 0xf3, 0x22, 0xf3, 0x01, 0xf3, 0x01, 0xf3, 0x02, 0xf3, 0x01, 0xf3,
    0x01, 0xf3, 0x02, 0xf3, 0x01, 0xf3, 0x22, 0xf3, 0x22, 0xf3, 0x22, 0xf3,
    0x21, 0xf3, 0x21, 0xf3, 0x22, 0xf3, 0x01, 0xf3, 0x01, 0xf3, 0x01, 0xf3,
    0x22, 0xf3, 0x22, 0xfb, 0x21, 0xf3, 0x21, 0xfb, 0x22, 0xfb, 0x21, 0xf3,
    0x22, 0xf3, 0x21, 0xf3, 0x22, 0xf3, 0x22, 0xf3, 0x21, 0xf3, 0x21, 0xf3,
    0x21, 0xf3, 0x02, 0xf3, 0x01, 0xf3, 0x02, 0xf3, 0x01, 0xf3, 0x01, 0xeb,
    0x02, 0xf3, 0x01, 0xf3, 0x21, 0xf3, 0x01, 0xf3, 0x22, 0xf3, 0x21, 0xf3,
    0x22, 0xf3, 0x22, 0xf3, 0x01, 0xf3, 0x22, 0xf3, 0x01, 0xf3, 0x01, 0xf3,
    0x21, 0xfb, 0x02, 0xf3, 0x22, 0xf3, 0x21, 0xf3, 0x21, 0xf3, 0x01, 0xf3,
    0x22, 0xfb, 0x21, 0xf3, 0x02, 0xf3, 0x22, 0xfb, 0x22, 0xfb, 0x21, 0xf3,
    0x01, 0xfb, 0x02, 0xfb, 0x02, 0xf3, 0x01, 0xf3, 0x01, 0xfb, 0x21, 0xfb,
    0x21, 0xf3, 0x22, 0xf3, 0x21, 0xfb, 0x22, 0xf3, 0x02, 0xf3, 0x01, 0xfb,
    0x01, 0xf3, 0x01, 0xf3, 0x01, 0xf3, 0x01, 0xf3, 0x01, 0xf3, 0x01, 0xf3,
    0x01, 0xf3, 0x22, 0xf3, 0x22, 0xf3, 0x21, 0xf3, 0x21, 0xf3, 0x21, 0xfb,
    0x01, 0xf3, 0x01, 0xf3, 0x21, 0xfb, 0x21, 0xf3, 0x01, 0xf3, 0x22, 0xf3,
    0x22, 0xf3, 0x02, 0xf3, 0x01, 0xf3, 0x22, 0xf3, 0x01, 0xf3, 0x01, 0xf3,
    0x21, 0xeb, 0x01, 0xf3, 0x22, 0xf3, 0x01, 0xf3, 0x01, 0xf3, 0x22, 0xf3,
    0x01, 0xf3, 0x21, 0xf3, 0x22, 0xf3, 0x02, 0xf3, 0x01, 0xf3, 0x02, 0xf3,
    0x02, 0xf3, 0x21, 0xf3, 0x01, 0xf3, 0x02, 0xeb, 0x01, 0xf3, 0x22, 0xf3,
    0x02, 0xf3, 0x01, 0xf3, 0x02, 0xf3, 0x02, 0xf3, 0x21, 0xf3, 0x02, 0xf3,
    0x22, 0xf3, 0x01, 0xf3, 0x02, 0xf3, 0x22, 0xf3, 0x02, 0xf3, 0x01, 0xf3,
    0x01, 0xf3, 0x01, 0xf3, 0x01, 0xf3, 0x22, 0xf3, 0x22, 0xf3, 0x21, 0xf3,
    0x22, 0xf3, 0x21, 0xf3, 0x01, 0xf3, 0x21, 0xf3, 0x22, 0xf3, 0x42, 0xfb,
    0x42, 0xf3, 0x41, 0xf3, 0x41, 0xf3, 0x41, 0xf3, 0x42, 0xfb, 0x41, 0xf3,
    0x41, 0xfb, 0x41, 0xf3, 0x41, 0xf3, 0x41, 0xf3, 0x42, 0xfb, 0x41, 0xf3,
    0x41, 0xf3, 0x41, 0xf3, 0x41, 0xf3, 0x21, 0xf3, 0x41, 0xf3, 0x41, 0xf3,
    0x22, 0xf3, 0x41, 0xfb, 0x22, 0xf3, 0x22, 0xfb, 0x21, 0xf3, 0x21, 0xfb,
    0x22, 0xf3, 0x21, 0xfb, 0x22, 0xf3, 0x22, 0xf3, 0x22, 0xfb, 0x21, 0xfb,
    0x22, 0xf3, 0x21, 0xf3, 0x22, 0xfb, 0x42, 0xf3, 0x42, 0xfb, 0x41, 0xfb,
    0x21, 0xf3, 0x22, 0xfb, 0x21, 0xf3, 0x21, 0xfb, 0x21, 0xfb, 0x21, 0xf3,
    0x21, 0xfb, 0x22, 0xfb, 0x21, 0xf3, 0x21, 0xf3, 0x22, 0xf3, 0x22, 0xf3,
    0x42, 0xfb, 0x22, 0xf3, 0x21, 0xfb, 0x21, 0xfb, 0x21, 0xf3, 0x21, 0xf3,
    0x22, 0xf3, 0x22, 0xf3, 0x22, 0xf3, 0x21, 0xf3, 0x21, 0xf3, 0x02, 0xf3,
    0x22, 0xfb, 0x22, 0xf3, 0x02, 0xf3, 0x21, 0xf3, 0x22, 0xf3, 0x22, 0xf3,
    0x21, 0xfb, 0x22, 0xf3, 0x21, 0xf3, 0x21, 0xf3, 0x22, 0xfb, 0x21, 0xfb,
    0x21, 0xf3, 0x01, 0xf3, 0x01, 0xf3, 0x21, 0xfb, 0x22, 0xfb, 0x22, 0xfb,
    0x21, 0xf3, 0x41, 0xfb, 0x42, 0xf3, 0x21, 0xf3, 0x21, 0xf3, 0x22, 0xf3,
    0x21, 0xf3, 0x21, 0xf3, 0x21, 0xf3, 0x21, 0xf3, 0x22, 0xf3, 0x22, 0xf3,
    0x41, 0xf3, 0x41, 0xf3, 0x22, 0xf3, 0x22, 0xfb, 0x21, 0xf3, 0x22, 0xfb,
    0x21, 0xfb, 0x21, 0xfb, 0x21, 0xfb, 0x21, 0xfb, 0x22, 0xf3, 0x21, 0xf3,
    0x22, 0xf3, 0x21, 0xf3, 0x21, 0xf3, 0x22, 0xf3, 0x21, 0xf3, 0x21, 0xf3,
    0x22, 0xf3, 0x21, 0xfb, 0x21, 0xf3, 0x02, 0xf3, 0x21, 0xf3, 0x22, 0xfb,
    0x01, 0xf3, 0x21, 0xfb, 0x22, 0xfb, 0x21, 0xf3, 0x21, 0xfb, 0x21, 0xf3,
    0x43, 0xf3, 0xe8, 0xf3, 0x09, 0xe4, 0x34, 0xf6, 0x35, 0xf6, 0x15, 0xf6,
    0x15, 0xee, 0x34, 0xee, 0x55, 0xee, 0x76, 0xf6, 0x76, 0xf6, 0x55, 0xee,
    0x55, 0xee, 0xb1, 0xed, 0x08, 0xec, 0xa5, 0xf3, 0x01, 0xf3, 0xe2, 0xea,
    0xf4, 0xed, 0x77, 0xee, 0x77, 0xee, 0x77, 0xee, 0x57, 0xee, 0x57, 0xf6,
    0x77, 0xf6, 0x77, 0xee, 0x77, 0xee, 0x77, 0xee, 0xf3, 0xf5, 0x02, 0xeb,
    0x01, 0xf3, 0x22, 0xf3, 0x22, 0xf3, 0x02, 0xf3, 0x01, 0xf3, 0x01, 0xf3,
    0x02, 0xf3, 0x01, 0xf3, 0x21, 0xf3, 0x02, 0xf3, 0x21, 0xf3, 0x21, 0xf3,
    0x22, 0xf3, 0x22, 0xf3, 0x21, 0xf3, 0x22, 0xf3, 0x01, 0xf3, 0x22, 0xf3,
    0x22, 0xf3, 0x22, 0xf3, 0x21, 0xfb, 0x21, 0xfb, 0x22, 0xf3, 0x22, 0xfb,
    0x21, 0xf3, 0x22, 0xf3, 0x21, 0xf3, 0x01, 0xf3, 0x22, 0xf3, 0x22, 0xfb,
    0x01, 0xf3, 0x01, 0xf3, 0x21, 0xfb, 0x22, 0xf3, 0x01, 0xf3, 0x01, 0xfb,
    0x01, 0xf3, 0x01, 0xf3, 0x01, 0xf3, 0x21, 0xf3, 0x02, 0xfb, 0x22, 0xf3,
    0x22, 0xf3, 0x22, 0xf3, 0x22, 0xf3, 0x21, 0xf3, 0x22, 0xf3, 0x21, 0xf3,
    0x21, 0xf3, 0x01, 0xf3, 0x21, 0xf3, 0x01, 0xf3, 0x01, 0xf3, 0x21, 0xf3,
    0x22, 0xf3, 0x21, 0xf3, 0x21, 0xf3, 0x21, 0xf3, 0x21, 0xf3, 0x22, 0xf3,
    0x22, 0xf3, 0x21, 0xf3, 0x21, 0xf3, 0x21, 0xf3, 0x21, 0xf3, 0x21, 0xf3,
    0x22, 0xf3, 0x21, 0xf3, 0x21, 0xf3, 0x01, 0xf3, 0x21, 0xf3, 0x21, 0xf3,
    0x22, 0xf3, 0x21, 0xf3, 0x21, 0xf3, 0x22, 0xf3, 0x22, 0xf3, 0x01, 0xf3,
    0x22, 0xf3, 0x21, 0xf3, 0x22, 0xf3, 0x22, 0xf3, 0x22, 0xfb, 0x21, 0xf3,
    0x22, 0xf3, 0x22, 0xf3, 0x21, 0xf3, 0x21, 0xfb, 0x22, 0xfb, 0x22, 0xfb,
    0x22, 0xf3, 0x22, 0xf3, 0x21, 0xfb, 0x21, 0xf3, 0x22, 0xf3, 0x02, 0xf3,
    0x21, 0xf3, 0x21, 0xfb, 0x21, 0xf3, 0x21, 0xf3, 0x21, 0xfb, 0x22, 0xf3,
    0x22, 0xf3, 0x01, 0xf3, 0x01, 0xf3, 0x02, 0xf3, 0x01, 0xf3, 0x01, 0xf3,
    0x02, 0xf3, 0x02, 0xf3, 0x01, 0xf3, 0x01, 0xf3, 0x22, 0xf3, 0x22, 0xfb,
    0x01, 0xf3, 0x21, 0xfb, 0x21, 0xf3, 0x21, 0xf3, 0x21, 0xfb, 0x21, 0xf3,
    0x21, 0xf3, 0x21, 0xfb, 0x22, 0xf3, 0x22, 0xf3, 0x21, 0xf3, 0x22, 0xf3,
    0x22, 0xf3, 0x01, 0xf3, 0x01, 0xeb, 0x01, 0xeb, 0x22, 0xf3, 0x01, 0xf3,
    0x21, 0xf3, 0x21, 0xf3, 0x21, 0xf3, 0x22, 0xf3, 0x22, 0xf3, 0x21, 0xf3,
    0x21, 0xf3, 0x21, 0xf3, 0x22, 0xf3, 0x22, 0xf3, 0x22, 0xf3, 0x21, 0xf3,
    0x22, 0xf3, 0x21, 0xf3, 0x21, 0xf3, 0x22, 0xf3, 0x22, 0xf3, 0x21, 0xf3,
    0x21, 0xf3, 0x22, 0xf3, 0x02, 0xf3, 0x21, 0xf3, 0x02, 0xf3, 0x02, 0xf3,
    0x01, 0xf3, 0x02, 0xf3, 0x01, 0xf3, 0x01, 0xf3, 0x02, 0xf3, 0x22, 0xf3,
    0x01, 0xf3, 0x22, 0xf3, 0x21, 0xf3, 0x21, 0xf3, 0x21, 0xf3, 0x21, 0xfb,
    0x41, 0xfb, 0x42, 0xfb, 0x41, 0xf3, 0x41, 0xf3, 0x42, 0xf3, 0x41, 0xf3,
    0x42, 0xfb, 0x42, 0xfb, 0x42, 0xfb, 0x42, 0xfb, 0x42, 0xf3, 0x42, 0xfb,
    0x41, 0xfb, 0x41, 0xf3, 0x62, 0xf3, 0x41, 0xf3, 0x41, 0xf3, 0x41, 0xfb,
    0x21, 0xf3, 0x41, 0xf3, 0x41, 0xf3, 0x41, 0xf3, 0x22, 0xfb, 0x21, 0xfb,
    0x21, 0xf3, 0x22, 0xf3, 0x21, 0xfb, 0x21, 0xf3, 0x21, 0xf3, 0x21, 0xf3,
    0x22, 0xfb, 0x21, 0xfb, 0x42, 0xf3, 0x41, 0xfb, 0x42, 0xfb, 0x42, 0xf3,
    0x41, 0xfb, 0x42, 0xf3, 0x21, 0xfb, 0x22, 0xfb, 0x22, 0xf3, 0x41, 0xfb,
    0x42, 0xf3, 0x21, 0xf3, 0x22, 0xfb, 0x42, 0xfb, 0x22, 0xf3, 0x21, 0xf3,
    0x41, 0xf3, 0x42, 0xf3, 0x21, 0xf3, 0x22, 0xfb, 0x21, 0xfb, 0x42, 0xf3,
    0x41, 0xfb, 0x21, 0xfb, 0x22, 0xf3, 0x22, 0xf3, 0x22, 0xf3, 0x21, 0xf3,
    0x22, 0xfb, 0x01, 0xfb, 0x22, 0xf3, 0x22, 0xf3, 0x01, 0xf3, 0x21, 0xf3,
    0x22, 0xf3, 0x22, 0xf3, 0x01, 0xfb, 0x22, 0xf3, 0x22, 0xfb, 0x22, 0xfb,
    0x01, 0xf3, 0x01, 0xf3, 0x22, 0xfb, 0x22, 0xf3, 0x01, 0xf3, 0x21, 0xf3,
    0x21, 0xf3, 0x22, 0xf3, 0x21, 0xfb, 0x41, 0xfb, 0x42, 0xfb, 0x42, 0xfb,
    0x21, 0xf3, 0x22, 0xf3, 0x01, 0xf3, 0x22, 0xf3, 0x22, 0xf3, 0x21, 0xf3,
    0x22, 0xf3, 0x41, 0xf3, 0x41, 0xf3, 0x41, 0xf3, 0x41, 0xf3, 0x21, 0xf3,
    0x22, 0xf3, 0x22, 0xfb, 0x22, 0xfb, 0x21, 0xf3, 0x22, 0xfb, 0x22, 0xfb,
    0x22, 0xfb, 0x01, 0xfb, 0x22, 0xf3, 0x21, 0xf3, 0x21, 0xf3, 0x22, 0xf3,
    0x21, 0xf3, 0x22, 0xf3, 0x22, 0xf3, 0x21, 0xfb, 0x21, 0xf3, 0x21, 0xf3,
    0x22, 0xf3, 0x22, 0xfb, 0x01, 0xf3, 0x22, 0xfb, 0x21, 0xf3, 0x21, 0xfb,
    0x22, 0xfb, 0x22, 0xf3, 0x21, 0xf3, 0x22, 0xf3, 0x24, 0xe3, 0x39, 0xff,
    0x5a, 0xff, 0x39, 0xff, 0x19, 0xff, 0x19, 0xff, 0x39, 0xff, 0x39, 0xff,
    0x39, 0xff, 0x39, 0xff, 0x19, 0xff, 0x33, 0xfe, 0x02, 0xf3, 0x01, 0xf3,
    0x01, 0xf3, 0x03, 0xeb, 0x1a, 0xff, 0xde, 0xff, 0xde, 0xff, 0xbf, 0xff,
    0xbf, 0xf7, 0xbe, 0xff, 0xdf, 0xff, 0xde, 0xff, 0xde, 0xff, 0xde, 0xff,
    0x3a, 0xff, 0x23, 0xeb, 0x02, 0xf3, 0x21, 0xf3, 0x21, 0xf3, 0x01, 0xf3,
    0x22, 0xf3, 0x01, 0xf3, 0x22, 0xf3, 0x22, 0xf3, 0x21, 0xf3, 0x22, 0xf3,
    0x01, 0xf3, 0x22, 0xf3, 0x22, 0xf3, 0x22, 0xfb, 0x21, 0xfb, 0x22, 0xf3,
    0x22, 0xf3, 0x21, 0xf3, 0x22, 0xf3, 0x22, 0xf3, 0x21, 0xf3, 0x22, 0xf3,
    0x21, 0xfb, 0x21, 0xfb, 0x22, 0xf3, 0x21, 0xf3, 0x21, 0xfb, 0x21, 0xf3,
    0x22, 0xf3, 0x21, 0xf3, 0x21, 0xf3, 0x22, 0xf3, 0x22, 0xf3, 0x22, 0xfb,
    0x22, 0xf3, 0x22, 0xf3, 0x22, 0xf3, 0x02, 0xf3, 0x21, 0xf3, 0x21, 0xf3,
    0x01, 0xf3, 0x22, 0xfb, 0x21, 0xf3, 0x22, 0xf3, 0x22, 0xf3, 0x21, 0xf3,
    0x22, 0xfb, 0x22, 0xf3, 0x21, 0xf3, 0x22, 0xfb, 0x01, 0xf3, 0x22, 0xf3,
    0x21, 0xf3, 0x21, 0xfb, 0x22, 0xf3, 0x22, 0xf3, 0x22, 0xf3, 0x22, 0xf3,
    0x21, 0xf3, 0x21, 0xf3, 0x22, 0xf3, 0x22, 0xf3, 0x22, 0xf3, 0x22, 0xf3,
    0x21, 0xf3, 0x22, 0xf3, 0x22, 0xf3, 0x22, 0xf3, 0x21, 0xf3, 0x22, 0xf3,
    0x21, 0xf3, 0x21, 0xf3, 0x22, 0xf3, 0x21, 0xf3, 0x21, 0xf3, 0x22, 0xf3,
    0x22, 0xf3, 0x21, 0xf3, 0x22, 0xf3, 0x01, 0xf3, 0x22, 0xf3, 0x22, 0xf3,
    0x21, 0xfb, 0x21, 0xf3, 0x22, 0xf3, 0x42, 0xf3, 0x21, 0xf3, 0x22, 0xf3,
    0x21, 0xfb, 0x21, 0xfb, 0x22, 0xfb, 0x21, 0xf3, 0x22, 0xfb, 0x01, 0xf3,
    0x02, 0xfb, 0x21, 0xfb, 0x21, 0xf3, 0x21, 0xf3, 0x01, 0xfb, 0x01, 0xf3,
    0x22, 0xfb, 0x21, 0xfb, 0x21, 0xfb, 0x02, 0xf3, 0x01, 0xfb, 0x01, 0xf3,
    0x01, 0xf3, 0x01, 0xf3, 0x22, 0xf3, 0x22, 0xf3, 0x01, 0xf3, 0x21, 0xf3,
    0x22, 0xfb, 0x21, 0xf3, 0x21, 0xf3, 0x22, 0xf3, 0x21, 0xfb, 0x21, 0xf3,
    0x22, 0xf3, 0x21, 0xfb, 0x22, 0xf3, 0x21, 0xfb, 0x01, 0xf3, 0x21, 0xf3,
    0x01, 0xf3, 0x01, 0xf3, 0x21, 0xf3, 0x22, 0xf3, 0x21, 0xf3, 0x21, 0xf3,
    0x21, 0xf3, 0x22, 0xf3, 0x21, 0xf3, 0x21, 0xf3, 0x22, 0xf3, 0x21, 0xf3,
    0x22, 0xf3, 0x22, 0xf3, 0x41, 0xf3, 0x42, 0xf3, 0x21, 0xf3, 0x22, 0xf3,
    0x22, 0xf3, 0x21, 0xf3, 0x42, 0xf3, 0x41, 0xf3, 0x22, 0xf3, 0x42, 0xf3,
    0x21, 0xf3, 0x22, 0xf3, 0x22, 0xf3, 0x21, 0xf3, 0x02, 0xeb, 0x21, 0xf3,
    0x02, 0xf3, 0x01, 0xf3, 0x01, 0xf3, 0x02, 0xf3, 0x01, 0xeb, 0x01, 0xf3,
    0x22, 0xf3, 0x22, 0xf3, 0x22, 0xf3, 0x21, 0xf3, 0x22, 0xf3, 0x22, 0xf3,
    0x21, 0xf3, 0x42, 0xf3, 0x42, 0xf3, 0x41, 0xf3, 0x41, 0xf3, 0x22, 0xfb,
    0x41, 0xf3, 0x21, 0xf3, 0x42, 0xfb, 0x41, 0xf3, 0x42, 0xf3, 0x42, 0xfb,
    0x41, 0xfb, 0x42, 0xf3, 0x41, 0xfb, 0x41, 0xfb, 0x62, 0xf3, 0x61, 0xf3,
    0x41, 0xf3, 0x41, 0xfb, 0x41, 0xfb, 0x41, 0xf3, 0x22, 0xf3, 0x41, 0xf3,
    0x21, 0xf3, 0x22, 0xfb, 0x22, 0xfb, 0x22, 0xf3, 0x22, 0xfb, 0x22, 0xfb,
    0x22, 0xfb, 0x21, 0xfb, 0x22, 0xfb, 0x22, 0xfb, 0x41, 0xf3, 0x41, 0xf3,
    0x41, 0xf3, 0x42, 0xfb, 0x21, 0xfb, 0x42, 0xf3, 0x41, 0xf3, 0x41, 0xf3,
    0x41, 0xf3, 0x42, 0xf3, 0x21, 0xfb, 0x41, 0xf3, 0x22, 0xf3, 0x41, 0xf3,
    0x41, 0xf3, 0x22, 0xfb, 0x41, 0xf3, 0x41, 0xfb, 0x41, 0xf3, 0x41, 0xf3,
    0x21, 0xfb, 0x41, 0xf3, 0x21, 0xfb, 0x42, 0xf3, 0x22, 0xf3, 0x41, 0xfb,
    0x21, 0xf3, 0x21, 0xf3, 0x22, 0xf3, 0x01, 0xf3, 0x01, 0xf3, 0x21, 0xf3,
    0x21, 0xf3, 0x21, 0xf3, 0x21, 0xf3, 0x01, 0xf3, 0x02, 0xfb, 0x21, 0xf3,
    0x21, 0xf3, 0x21, 0xf3, 0x22, 0xfb, 0x22, 0xf3, 0x01, 0xfb, 0x01, 0xfb,
    0x22, 0xf3, 0x21, 0xf3, 0x41, 0xfb, 0x22, 0xf3, 0x42, 0xf3, 0x21, 0xf3,
    0x42, 0xf3, 0x41, 0xfb, 0x21, 0xf3, 0x01, 0xfb, 0x01, 0xfb, 0x22, 0xf3,
    0x22, 0xf3, 0x21, 0xf3, 0x21, 0xf3, 0x41, 0xf3, 0x42, 0xfb, 0x42, 0xf3,
    0x41, 0xf3, 0x41, 0xfb, 0x22, 0xf3, 0x21, 0xf3, 0x22, 0xfb, 0x22, 0xfb,
    0x21, 0xf3, 0x21, 0xf3, 0x22, 0xf3, 0x21, 0xfb, 0x21, 0xfb, 0x41, 0xf3,
    0x42, 0xfb, 0x42, 0xfb, 0x21, 0xf3, 0x22, 0xf3, 0x22, 0xf3, 0x21, 0xf3,
    0x22, 0xf3, 0x01, 0xfb, 0x01, 0xfb, 0x21, 0xf3, 0x21, 0xf3, 0x41, 0xf3,
    0x22, 0xfb, 0x22, 0xf3, 0x41, 0xf3, 0x41, 0xf3, 0x21, 0xf3, 0x01, 0xf3,
    0x23, 0xdb, 0x0f, 0xe5, 0x30, 0xdd, 0x50, 0xdd, 0x2f, 0xd5, 0xef, 0xd4,
    0xef, 0xd4, 0x0f, 0xd5, 0xee, 0xd4, 0x2f, 0xd5, 0x0f, 0xd5, 0x8a, 0xdc,
    0x01, 0xeb, 0x01, 0xf3, 0x01, 0xf3, 0x23, 0xe3, 0x3a, 0xf7, 0xde, 0xff,
    0x14, 0xee, 0xf3, 0xf5, 0xf3, 0xf5, 0x13, 0xf6, 0x33, 0xfe, 0x14, 0xfe,
    0x55, 0xf6, 0xbe, 0xff, 0x3b, 0xff, 0x23, 0xf3, 0x22, 0xf3, 0x21, 0xf3,
    0x22, 0xf3, 0x63, 0xf3, 0xe7, 0xf3, 0x43, 0xf3, 0x22, 0xf3, 0x22, 0xf3,
    0x01, 0xf3, 0x22, 0xf3, 0x21, 0xf3, 0x21, 0xf3, 0x21, 0xf3, 0x22, 0xf3,
    0x21, 0xf3, 0x22, 0xf3, 0x21, 0xf3, 0x21, 0xf3, 0x21, 0xf3, 0x22, 0xf3,
    0x21, 0xf3, 0x21, 0xf3, 0x22, 0xf3, 0x21, 0xf3, 0x21, 0xf3, 0x22, 0xf3,
    0x21, 0xf3, 0x22, 0xfb, 0x21, 0xfb, 0x21, 0xf3, 0x02, 0xf3, 0x22, 0xfb,
    0x21, 0xf3, 0x01, 0xf3, 0x22, 0xf3, 0x22, 0xfb, 0x22, 0xfb, 0x21, 0xf3,
    0x01, 0xf3, 0x21, 0xf3, 0x01, 0xf3, 0x21, 0xf3, 0x22, 0xf3, 0x21, 0xf3,
    0x41, 0xfb, 0x21, 0xf3, 0x42, 0xf3, 0x21, 0xf3, 0x21, 0xf3, 0x22, 0xf3,
    0x21, 0xf3, 0x22, 0xf3, 0x21, 0xf3, 0x21, 0xf3, 0x22, 0xf3, 0x21, 0xf3,
    0x21, 0xf3, 0x22, 0xf3, 0x42, 0xf3, 0x21, 0xf3, 0x21, 0xf3, 0x21, 0xf3,
    0x21, 0xf3, 0x22, 0xf3, 0x21, 0xf3, 0x21, 0xf3, 0x22, 0xf3, 0x21, 0xf3,
    0x22, 0xf3, 0x21, 0xf3, 0x21, 0xf3, 0x22, 0xf3, 0x21, 0xf3, 0x21, 0xf3,
    0x21, 0xf3, 0x22, 0xf3, 0x22, 0xf3, 0x22, 0xf3, 0x21, 0xf3, 0x22, 0xf3,
    0x21, 0xf3, 0x21, 0xf3, 0x21, 0xf3, 0x41, 0xf3, 0x22, 0xf3, 0x41, 0xfb,
    0x21, 0xf3, 0x22, 0xf3, 0x22, 0xf3, 0x41, 0xf3, 0x21, 0xf3, 0x21, 0xf3,
    0x22, 0xfb, 0x01, 0xf3, 0x21, 0xf3, 0x21, 0xfb, 0x02, 0xf3, 0x02, 0xf3,
    0x22, 0xfb, 0x01, 0xf3, 0x22, 0xf3, 0x22, 0xfb, 0x21, 0xf3, 0x22, 0xfb,
    0x01, 0xf3, 0x01, 0xf3, 0x01, 0xfb, 0x21, 0xf3, 0x21, 0xf3, 0x21, 0xf3,
    0x21, 0xf3, 0x22, 0xf3, 0x21, 0xf3, 0x21, 0xf3, 0x22, 0xf3, 0x21, 0xf3,
    0x21, 0xf3, 0x21, 0xf3, 0x22, 0xf3, 0x21, 0xf3, 0x21, 0xf3, 0x22, 0xf3,
    0x21, 0xf3, 0x22, 0xf3, 0x02, 0xf3, 0x01, 0xf3, 0x22, 0xf3, 0x21, 0xf3,
    0x21, 0xf3, 0x21, 0xf3, 0x21, 0xf3, 0x21, 0xf3, 0x21, 0xf3, 0x22, 0xf3,
    0x21, 0xf3, 0x21, 0xf3, 0x21, 0xf3, 0x41, 0xf3, 0x42, 0xf3, 0x41, 0xf3,
    0x21, 0xf3, 0x22, 0xf3, 0x22, 0xf3, 0x41, 0xf3, 0x41, 0xf3, 0x41, 0xf3,
    0x41, 0xf3, 0x21, 0xf3, 0x21, 0xf3, 0x22, 0xf3, 0x02, 0xf3, 0x21, 0xf3,
    0x21, 0xf3, 0x22, 0xf3, 0x21, 0xf3, 0x21, 0xf3, 0x21, 0xeb, 0x21, 0xf3,
    0x02, 0xf3, 0x21, 0xf3, 0x21, 0xf3, 0x21, 0xf3, 0x21, 0xf3, 0x21, 0xf3,
    0x22, 0xf3, 0x41, 0xf3, 0x41, 0xf3, 0x41, 0xf3, 0x42, 0xfb, 0x41, 0xf3,
    0x21, 0xf3, 0x42, 0xf3, 0x41, 0xfb, 0x41, 0xf3, 0x42, 0xfb, 0x41, 0xf3,
    0x41, 0xfb, 0x41, 0xfb, 0x61, 0xf3, 0x61, 0xfb, 0x42, 0xfb, 0x41, 0xf3,
    0x41, 0xf3, 0x61, 0xf3, 0x41, 0xf3, 0x41, 0xf3, 0x41, 0xfb, 0x41, 0xfb,
    0x41, 0xfb, 0x41, 0xf3, 0x42, 0xf3, 0x21, 0xfb, 0x21, 0xfb, 0x21, 0xf3,
    0x21, 0xfb, 0x22, 0xfb, 0x41, 0xfb, 0x42, 0xfb, 0x21, 0xfb, 0x41, 0xfb,
    0x42, 0xfb, 0x42, 0xf3, 0x42, 0xfb, 0x42, 0xfb, 0x42, 0xf3, 0x41, 0xfb,
    0x41, 0xf3, 0x42, 0xf3, 0x41, 0xf3, 0x42, 0xf3, 0x21, 0xfb, 0x41, 0xfb,
    0x42, 0xf3, 0x41, 0xf3, 0x41, 0xf3, 0x22, 0xf3, 0x42, 0xfb, 0x42, 0xfb,
    0x42, 0xfb, 0x41, 0xf3, 0x41, 0xfb, 0x21, 0xfb, 0x42, 0xfb, 0x21, 0xfb,
    0x41, 0xf3, 0x42, 0xf3, 0x21, 0xf3, 0x21, 0xf3, 0x22, 0xfb, 0x21, 0xf3,
    0x21, 0xf3, 0x21, 0xf3, 0x21, 0xf3, 0x21, 0xf3, 0x22, 0xfb, 0x21, 0xf3,
    0x22, 0xfb, 0x21, 0xf3, 0x21, 0xf3, 0x41, 0xf3, 0x22, 0xfb, 0x22, 0xfb,
    0x21, 0xf3, 0x21, 0xfb, 0x21, 0xf3, 0x22, 0xf3, 0x21, 0xfb, 0x41, 0xf3,
    0x41, 0xf3, 0x41, 0xf3, 0x41, 0xf3, 0x42, 0xf3, 0x22, 0xfb, 0x22, 0xf3,
    0x21, 0xfb, 0x22, 0xfb, 0x21, 0xf3, 0x41, 0xf3, 0x42, 0xf3, 0x41, 0xf3,
    0x21, 0xf3, 0x42, 0xfb, 0x22, 0xf3, 0x22, 0xf3, 0x21, 0xf3, 0x21, 0xfb,
    0x21, 0xfb, 0x22, 0xfb, 0x21, 0xf3, 0x21, 0xfb, 0x21, 0xfb, 0x22, 0xf3,
    0x41, 0xf3, 0x41, 0xf3, 0x42, 0xf3, 0x41, 0xf3, 0x41, 0xf3, 0x41, 0xfb,
    0x22, 0xf3, 0x21, 0xf3, 0x21, 0xf3, 0x22, 0xf3, 0x22, 0xfb, 0x22, 0xfb,
    0x21, 0xf3, 0x21, 0xf3, 0x21, 0xfb, 0x21, 0xf3, 0x21, 0xf3, 0x21, 0xfb,
    0x21, 0xf3, 0x01, 0xf3, 0x44, 0xdb, 0x14, 0xe6, 0x14, 0xe6, 0x14, 0xe6,
    0xf4, 0xe5, 0xd4, 0xdd, 0xb3, 0xe5, 0xb3, 0xdd, 0x92, 0xdd, 0xb2, 0xdd,
    0x92, 0xd5, 0x0e, 0xd5, 0x01, 0xeb, 0xe1, 0xf2, 0x01, 0xf3, 0x23, 0xeb,
    0x3a, 0xf7, 0xdf, 0xff, 0x65, 0xdb, 0x01, 0xe3, 0x01, 0xeb, 0x22, 0xeb,
    0x22, 0xeb, 0x22, 0xe3, 0xc7, 0xe3, 0xbd, 0xff, 0x3a, 0xf7, 0x22, 0xeb,
    0x22, 0xf3, 0x21, 0xf3, 0x22, 0xf3, 0xb2, 0xf5, 0x39, 0xff, 0xed, 0xec,
    0x22, 0xf3, 0x21, 0xf3, 0x22, 0xf3, 0x22, 0xf3, 0x22, 0xf3, 0x21, 0xf3,
    0x21, 0xf3, 0x22, 0xf3, 0x22, 0xf3, 0x01, 0xf3, 0x22, 0xf3, 0x21, 0xf3,
    0x21, 0xf3, 0x22, 0xf3, 0x22, 0xf3, 0x21, 0xf3, 0x21, 0xf3, 0x22, 0xf3,
    0x22, 0xf3, 0x21, 0xf3, 0x21, 0xf3, 0x22, 0xf3, 0x21, 0xfb, 0x21, 0xf3,
    0x22, 0xfb, 0x22, 0xf3, 0x21, 0xf3, 0x21, 0xf3, 0x21, 0xf3, 0x22, 0xf3,
    0x22, 0xfb, 0x22, 0xf3, 0x01, 0xfb, 0x01, 0xf3, 0x22, 0xf3, 0x21, 0xf3,
    0x22, 0xf3, 0x42, 0xf3, 0x41, 0xf3, 0x41, 0xf3, 0x21, 0xf3, 0x21, 0xf3,
    0x21, 0xf3, 0x21, 0xf3, 0x22, 0xf3, 0x22, 0xf3, 0x21, 0xf3, 0x22, 0xf3,
    0x22, 0xf3, 0x21, 0xf3, 0x41, 0xf3, 0x21, 0xf3, 0x21, 0xf3, 0x22, 0xf3,
    0x21, 0xf3, 0x21, 0xf3, 0x22, 0xf3, 0x21, 0xf3, 0x21, 0xf3, 0x21, 0xf3,
    0x21, 0xf3, 0x42, 0xf3, 0x21, 0xf3, 0x22, 0xf3, 0x21, 0xf3, 0x21, 0xf3,
    0x22, 0xf3, 0x22, 0xf3, 0x21, 0xf3, 0x21, 0xf3, 0x22, 0xf3, 0x21, 0xf3,
    0x22, 0xf3, 0x22, 0xf3, 0x21, 0xf3, 0x22, 0xf3, 0x41, 0xf3, 0x41, 0xf3,
    0x42, 0xfb, 0x41, 0xf3, 0x21, 0xf3, 0x21, 0xf3, 0x41, 0xf3, 0x41, 0xf3,
    0x21, 0xfb, 0x22, 0xfb, 0x21, 0xf3, 0x21, 0xfb, 0x21, 0xf3, 0x21, 0xfb,
    0x22, 0xfb, 0x21, 0xfb, 0x22, 0xf3, 0x21, 0xfb, 0x22, 0xf3, 0x21, 0xfb,
    0x21, 0xfb, 0x22, 0xf3, 0x21, 0xfb, 0x01, 0xf3, 0x22, 0xf3, 0x21, 0xf3,
    0x21, 0xf3, 0x22, 0xf3, 0x21, 0xf3, 0x22, 0xf3, 0x21, 0xf3, 0x21, 0xf3,
    0x22, 0xf3, 0x21, 0xf3, 0x21, 0xf3, 0x22, 0xf3, 0x22, 0xf3, 0x21, 0xf3,
    0x42, 0xf3, 0x21, 0xf3, 0x22, 0xf3, 0x22, 0xf3, 0x21, 0xf3, 0x22, 0xf3,
    0x22, 0xf3, 0x22, 0xf3, 0x22, 0xf3, 0x22, 0xf3, 0x22, 0xf3, 0x21, 0xf3,
    0x22, 0xf3, 0x22, 0xf3, 0x21, 0xf3, 0x22, 0xf3, 0x21, 0xf3, 0x41, 0xf3,
    0x42, 0xf3, 0x41, 0xf3, 0x42, 0xf3, 0x42, 0xf3, 0x41, 0xf3, 0x41, 0xf3,
    0x42, 0xf3, 0x21, 0xf3, 0x41, 0xf3, 0x22, 0xf3, 0x21, 0xf3, 0x21, 0xf3,
    0x22, 0xf3, 0x21, 0xf3, 0x22, 0xf3, 0x21, 0xf3, 0x21, 0xf3, 0x21, 0xf3,
    0x02, 0xf3, 0x21, 0xf3, 0x21, 0xf3, 0x22, 0xf3, 0x22, 0xf3, 0x21, 0xf3,
    0x41, 0xf3, 0x21, 0xf3, 0x41, 0xfb, 0x41, 0xf3, 0x42, 0xfb, 0x22, 0xfb,
    0x41, 0xf3, 0x42, 0xfb, 0x42, 0xfb, 0x21, 0xf3, 0x41, 0xf3, 0x42, 0xf3,
    0x42, 0xfb, 0x41, 0xf3, 0x42, 0xfb, 0x62, 0xfb, 0x62, 0xfb, 0x61, 0xf3,
    0x41, 0xf3, 0x62, 0xfb, 0x62, 0xf3, 0x41, 0xf3, 0x41, 0xf3, 0x41, 0xf3,
    0x41, 0xf3, 0x41, 0xfb, 0x41, 0xf3, 0x42, 0xf3, 0x41, 0xfb, 0x42, 0xf3,
    0x41, 0xf3, 0x41, 0xf3, 0x42, 0xf3, 0x41, 0xf3, 0x41, 0xf3, 0x41, 0xf3,
    0x42, 0xf3, 0x41, 0xf3, 0x42, 0xfb, 0x42, 0xfb, 0x41, 0xf3, 0x42, 0xfb,
    0x42, 0xfb, 0x42, 0xf3, 0x41, 0xf3, 0x41, 0xf3, 0x42, 0xfb, 0x42, 0xfb,
    0x42, 0xf3, 0x42, 0xfb, 0x42, 0xfb, 0x41, 0xfb, 0x21, 0xf3, 0x21, 0xf3,
    0x42, 0xfb, 0x41, 0xf3, 0x42, 0xf3, 0x42, 0xf3, 0x42, 0xf3, 0x42, 0xf3,
    0x41, 0xf3, 0x41, 0xf3, 0x41, 0xf3, 0x42, 0xf3, 0x42, 0xfb, 0x41, 0xf3,
    0x22, 0xfb, 0x22, 0xf3, 0x21, 0xf3, 0x21, 0xf3, 0x22, 0xfb, 0x22, 0xfb,
    0x21, 0xf3, 0x22, 0xf3, 0x41, 0xf3, 0x21, 0xf3, 0x42, 0xf3, 0x21, 0xfb,
    0x21, 0xfb, 0x22, 0xf3, 0x42, 0xf3, 0x42, 0xf3, 0x41, 0xf3, 0x22, 0xfb,
    0x21, 0xfb, 0x41, 0xf3, 0x42, 0xfb, 0x42, 0xf3, 0x41, 0xf3, 0x41, 0xf3,
    0x42, 0xf3, 0x21, 0xf3, 0x21, 0xf3, 0x41, 0xf3, 0x42, 0xf3, 0x41, 0xf3,
    0x42, 0xfb, 0x41, 0xf3, 0x41, 0xf3, 0x42, 0xf3, 0x21, 0xf3, 0x21, 0xf3,
    0x42, 0xf3, 0x21, 0xf3, 0x41, 0xf3, 0x42, 0xf3, 0x41, 0xf3, 0x42, 0xf3,
    0x21, 0xf3, 0x42, 0xf3, 0x21, 0xf3, 0x22, 0xf3, 0x41, 0xf3, 0x41, 0xf3,
    0x42, 0xfb, 0x42, 0xf3, 0x21, 0xf3, 0x22, 0xfb, 0x01, 0xfb, 0x21, 0xf3,
    0x22, 0xf3, 0x21, 0xf3, 0x21, 0xf3, 0x42, 0xf3, 0x21, 0xfb, 0x21, 0xfb,
    0x21, 0xfb, 0x21, 0xf3, 0x21, 0xfb, 0x01, 0xf3, 0xe4, 0xe2, 0xf8, 0xf6,
    0xd8, 0xf6, 0xd7, 0xf6, 0xb7, 0xf6, 0xb6, 0xf6, 0xd7, 0xf6, 0xd7, 0xf6,
    0xd7, 0xf6, 0xf8, 0xf6, 0x18, 0xf7, 0x54, 0xfe, 0x22, 0xf3, 0x01, 0xf3,
    0x02, 0xf3, 0x23, 0xeb, 0x3a, 0xf7, 0xfe, 0xff, 0x66, 0xe3, 0x02, 0xf3,
    0x21, 0xeb, 0x21, 0xeb, 0x21, 0xeb, 0x21, 0xe3, 0xa7, 0xe3, 0x9c, 0xff,
    0x19, 0xff, 0x22, 0xeb, 0x02, 0xf3, 0x02, 0xf3, 0x22, 0xeb, 0x7b, 0xff,
    0xdc, 0xff, 0x94, 0xfe, 0x22, 0xf3, 0x22, 0xf3, 0x22, 0xf3, 0x22, 0xf3,
    0x22, 0xf3, 0x22, 0xf3, 0x22, 0xf3, 0x22, 0xf3, 0x21, 0xf3, 0x02, 0xf3,
    0x22, 0xf3, 0x21, 0xf3, 0x21, 0xf3, 0x21, 0xf3, 0x22, 0xf3, 0x21, 0xf3,
    0x22, 0xf3, 0x22, 0xf3, 0x21, 0xf3, 0x21, 0xf3, 0x42, 0xf3, 0x42, 0xf3,
    0x21, 0xf3, 0x21, 0xf3, 0x22, 0xf3, 0x21, 0xf3, 0x22, 0xf3, 0x22, 0xf3,
    0x21, 0xf3, 0x21, 0xf3, 0x22, 0xf3, 0x22, 0xf3, 0x21, 0xf3, 0x22, 0xf3,
    0x41, 0xf3, 0x41, 0xf3, 0x42, 0xf3, 0x41, 0xf3, 0x42, 0xfb, 0x42, 0xf3,
    0x42, 0xfb, 0x42, 0xf3, 0x22, 0xf3, 0x21, 0xf3, 0x42, 0xfb, 0x41, 0xf3,
    0x21, 0xf3, 0x22, 0xfb, 0x41, 0xf3, 0x41, 0xf3, 0x42, 0xf3, 0x21, 0xf3,
    0x22, 0xf3, 0x22, 0xf3, 0x21, 0xf3, 0x22, 0xf3, 0x42, 0xf3, 0x21, 0xf3,
    0x42, 0xf3, 0x42, 0xf3, 0x41, 0xf3, 0x41, 0xf3, 0x41, 0xf3, 0x42, 0xf3,
    0x41, 0xf3, 0x41, 0xf3, 0x42, 0xf3, 0x41, 0xf3, 0x42, 0xf3, 0x42, 0xf3,
    0x21, 0xf3, 0x21, 0xf3, 0x22, 0xf3, 0x21, 0xf3, 0x42, 0xfb, 0x41, 0xf3,
    0x42, 0xf3, 0x41, 0xfb, 0x42, 0xf3, 0x42, 0xfb, 0x42, 0xfb, 0x42, 0xfb,
    0x21, 0xf3, 0x42, 0xf3, 0x21, 0xf3, 0x21, 0xf3, 0x42, 0xf3, 0x42, 0xf3,
    0x21, 0xf3, 0x22, 0xf3, 0x42, 0xf3, 0x21, 0xf3, 0x21, 0xf3, 0x22, 0xf3,
    0x21, 0xf3, 0x21, 0xf3, 0x42, 0xf3, 0x21, 0xf3, 0x22, 0xf3, 0x22, 0xf3,
    0x22, 0xf3, 0x21, 0xf3, 0x21, 0xf3, 0x22, 0xf3, 0x42, 0xf3, 0x41, 0xfb,
    0x22, 0xf3, 0x22, 0xf3, 0x21, 0xf3, 0x41, 0xfb, 0x42, 0xf3, 0x41, 0xf3,
    0x21, 0xf3, 0x22, 0xf3, 0x41, 0xf3, 0x41, 0xf3, 0x21, 0xf3, 0x21, 0xf3,
    0x21, 0xf3, 0x41, 0xf3, 0x21, 0xf3, 0x21, 0xf3, 0x21, 0xf3, 0x21, 0xf3,
    0x21, 0xf3, 0x22, 0xf3, 0x21, 0xf3, 0x21, 0xf3, 0x22, 0xf3, 0x22, 0xf3,
    0x41, 0xf3, 0x42, 0xf3, 0x21, 0xf3, 0x41, 0xf3, 0x42, 0xf3, 0x42, 0xf3,
    0x41, 0xf3, 0x42, 0xf3, 0x42, 0xf3, 0x42, 0xf3, 0x41, 0xf3, 0x42, 0xf3,
    0x21, 0xf3, 0x41, 0xf3, 0x21, 0xf3, 0x22, 0xf3, 0x41, 0xf3, 0x22, 0xf3,
    0x21, 0xf3, 0x22, 0xf3, 0x22, 0xf3, 0x21, 0xf3, 0x41, 0xf3, 0x22, 0xf3,
    0x41, 0xf3, 0x42, 0xf3, 0x42, 0xf3, 0x41, 0xf3, 0x42, 0xf3, 0x41, 0xf3,
    0x42, 0xfb, 0x41, 0xfb, 0x41, 0xf3, 0x42, 0xf3, 0x42, 0xfb, 0x41, 0xf3,
    0x42, 0xf3, 0x42, 0xfb, 0x41, 0xfb, 0x41, 0xf3, 0x42, 0xf3, 0x42, 0xfb,
    0x42, 0xfb, 0x41, 0xf3, 0x61, 0xfb, 0x62, 0xf3, 0x61, 0xfb, 0x61, 0xf3,
    0x61, 0xf3, 0x41, 0xf3, 0x41, 0xf3, 0x42, 0xfb, 0x41, 0xf3, 0x41, 0xfb,
    0x41, 0xfb, 0x41, 0xf3, 0x42, 0xf3, 0x42, 0xfb, 0x42, 0xf3, 0x41, 0xfb,
    0x42, 0xfb, 0x42, 0xf3, 0x41, 0xfb, 0x42, 0xf3, 0x42, 0xf3, 0x41, 0xfb,
    0x41, 0xf3, 0x62, 0xfb, 0x41, 0xfb, 0x41, 0xf3, 0x42, 0xf3, 0x21, 0xf3,
    0x41, 0xf3, 0x41, 0xfb, 0x42, 0xfb, 0x41, 0xf3, 0x42, 0xfb, 0x42, 0xfb,
    0x42, 0xf3, 0x41, 0xf3, 0x42, 0xfb, 0x41, 0xfb, 0x41, 0xf3, 0x41, 0xf3,
    0x41, 0xf3, 0x41, 0xf3, 0x42, 0xf3, 0x41, 0xfb, 0x41, 0xf3, 0x41, 0xf3,
    0x41, 0xfb, 0x42, 0xf3, 0x22, 0xf3, 0x21, 0xf3, 0x41, 0xf3, 0x42, 0xf3,
    0x22, 0xfb, 0x21, 0xfb, 0x41, 0xf3, 0x21, 0xfb, 0x22, 0xf3, 0x41, 0xf3,
    0x41, 0xf3, 0x42, 0xfb, 0x41, 0xfb, 0x21, 0xf3, 0x41, 0xfb, 0x41, 0xf3,
    0x21, 0xf3, 0x22, 0xfb, 0x41, 0xf3, 0x42, 0xf3, 0x42, 0xfb, 0x21, 0xf3,
    0x41, 0xfb, 0x21, 0xf3, 0x41, 0xf3, 0x22, 0xf3, 0x21, 0xf3, 0x41, 0xf3,
    0x41, 0xf3, 0x42, 0xfb, 0x21, 0xf3, 0x42, 0xf3, 0x41, 0xfb, 0x22, 0xf3,
    0x22, 0xfb, 0x41, 0xf3, 0x41, 0xf3, 0x42, 0xf3, 0x41, 0xf3, 0x41, 0xf3,
    0x22, 0xf3, 0x21, 0xf3, 0x41, 0xf3, 0x41, 0xfb, 0x22, 0xf3, 0x22, 0xf3,
    0x21, 0xfb, 0x41, 0xf3, 0x22, 0xf3, 0x41, 0xf3, 0x22, 0xfb, 0x22, 0xf3,
    0x21, 0xf3, 0x21, 0xf3, 0x22, 0xf3, 0x21, 0xf3, 0x41, 0xf3, 0x42, 0xf3,
    0x22, 0xf3, 0x22, 0xfb, 0x21, 0xf3, 0x22, 0xf3, 0x01, 0xf3, 0x01, 0xf3,
    0x04, 0xdb, 0xde, 0xff, 0x9d, 0xf7, 0x97, 0xf6, 0x97, 0xf6, 0xb7, 0xf6,
    0xb7, 0xf6, 0xb7, 0xfe, 0xd8, 0xfe, 0xd7, 0xf6, 0x9c, 0xff, 0xf9, 0xf6,
    0x22, 0xeb, 0x01, 0xf3, 0x02, 0xf3, 0x24, 0xeb, 0x3a, 0xff, 0xde, 0xff,
    0xad, 0xdc, 0x6b, 0xe4, 0x4b, 0xec, 0x2a, 0xe4, 0x4b, 0xe4, 0x4b, 0xdc,
    0xae, 0xdc, 0xbd, 0xff, 0x19, 0xff, 0x23, 0xf3, 0x22, 0xf3, 0x01, 0xf3,
    0x22, 0xeb, 0x38, 0xff, 0xdc, 0xff, 0x90, 0xf5, 0x21, 0xf3, 0x21, 0xf3,
    0x22, 0xf3, 0x22, 0xf3, 0x21, 0xf3, 0x21, 0xf3, 0x42, 0xf3, 0x22, 0xf3,
    0x21, 0xf3, 0x22, 0xf3, 0x21, 0xf3, 0x21, 0xf3, 0x22, 0xf3, 0x22, 0xf3,
    0x21, 0xf3, 0x21, 0xf3, 0x22, 0xf3, 0x41, 0xf3, 0x21, 0xf3, 0x41, 0xf3,
    0x42, 0xfb, 0x41, 0xf3, 0x41, 0xf3, 0x41, 0xf3, 0x41, 0xf3, 0x22, 0xf3,
    0x21, 0xf3, 0x21, 0xf3, 0x22, 0xf3, 0x21, 0xf3, 0x21, 0xf3, 0x42, 0xf3,
    0x21, 0xf3, 0x22, 0xf3, 0x41, 0xf3, 0x41, 0xf3, 0x41, 0xf3, 0x41, 0xf3,
    0x42, 0xf3, 0x41, 0xf3, 0x41, 0xf3, 0x42, 0xfb, 0x41, 0xf3, 0x22, 0xf3,
    0x42, 0xf3, 0x41, 0xfb, 0x21, 0xf3, 0x41, 0xf3, 0x42, 0xf3, 0x21, 0xf3,
    0x22, 0xf3, 0x22, 0xf3, 0x41, 0xf3, 0x21, 0xf3, 0x21, 0xf3, 0x21, 0xf3,
    0x22, 0xf3, 0x41, 0xf3, 0x42, 0xf3, 0x41, 0xf3, 0x41, 0xf3, 0x41, 0xf3,
    0x41, 0xf3, 0x41, 0xf3, 0x42, 0xfb, 0x42, 0xf3, 0x41, 0xf3, 0x41, 0xf3,
    0x42, 0xfb, 0x22, 0xfb, 0x21, 0xf3, 0x41, 0xf3, 0x21, 0xf3, 0x22, 0xf3,
    0x41, 0xfb, 0x41, 0xf3, 0x22, 0xf3, 0x41, 0xf3, 0x41, 0xfb, 0x42, 0xf3,
    0x41, 0xfb, 0x41, 0xf3, 0x21, 0xf3, 0x42, 0xf3, 0x41, 0xf3, 0x21, 0xf3,
    0x41, 0xf3, 0x41, 0xf3, 0x22, 0xf3, 0x41, 0xf3, 0x41, 0xf3, 0x41, 0xf3,
    0x22, 0xf3, 0x42, 0xf3, 0x21, 0xf3, 0x22, 0xf3, 0x42, 0xf3, 0x41, 0xf3,
    0x21, 0xf3, 0x42, 0xf3, 0x42, 0xf3, 0x41, 0xf3, 0x41, 0xfb, 0x21, 0xf3,
    0x42, 0xf3, 0x41, 0xf3, 0x21, 0xf3, 0x42, 0xf3, 0x41, 0xfb, 0x41, 0xfb,
    0x21, 0xf3, 0x41, 0xfb, 0x22, 0xf3, 0x22, 0xf3, 0x21, 0xf3, 0x41, 0xf3,
    0x41, 0xf3, 0x42, 0xf3, 0x21, 0xf3, 0x41, 0xf3, 0x21, 0xf3, 0x42, 0xf3,
    0x21, 0xf3, 0x41, 0xf3, 0x22, 0xf3, 0x22, 0xf3, 0x21, 0xf3, 0x21, 0xf3,
    0x22, 0xf3, 0x41, 0xf3, 0x41, 0xf3, 0x42, 0xf3, 0x21, 0xf3, 0x41, 0xfb,
    0x42, 0xf3, 0x41, 0xfb, 0x41, 0xf3, 0x42, 0xf3, 0x41, 0xf3, 0x41, 0xf3,
    0x41, 0xf3, 0x42, 0xf3, 0x41, 0xf3, 0x41, 0xf3, 0x41, 0xf3, 0x21, 0xf3,
    0x41, 0xf3, 0x41, 0xf3, 0x21, 0xf3, 0x22, 0xf3, 0x22, 0xf3, 0x41, 0xf3,
    0x21, 0xf3, 0x41, 0xf3, 0x41, 0xf3, 0x41, 0xf3, 0x42, 0xfb, 0x42, 0xfb,
    0x21, 0xf3, 0x41, 0xf3, 0x42, 0xfb, 0x41, 0xf3, 0x42, 0xfb, 0x41, 0xfb,
    0x41, 0xf3, 0x42, 0xfb, 0x41, 0xfb, 0x41, 0xf3, 0x42, 0xfb, 0x42, 0xf3,
    0x41, 0xfb, 0x62, 0xfb, 0x62, 0xfb, 0x41, 0xf3, 0x61, 0xf3, 0x61, 0xfb,
    0x61, 0xf3, 0x61, 0xf3, 0x61, 0xf3, 0x61, 0xf3, 0x61, 0xfb, 0x41, 0xfb,
    0x41, 0xfb, 0x41, 0xf3, 0x42, 0xfb, 0x41, 0xfb, 0x41, 0xfb, 0x42, 0xfb,
    0x41, 0xf3, 0x42, 0xf3, 0x41, 0xf3, 0x42, 0xf3, 0x41, 0xfb, 0x41, 0xfb,
    0x42, 0xf3, 0x41, 0xf3, 0x42, 0xfb, 0x41, 0xf3, 0x42, 0xf3, 0x41, 0xfb,
    0x21, 0xf3, 0x42, 0xf3, 0x41, 0xf3, 0x42, 0xfb, 0x41, 0xfb, 0x42, 0xf3,
    0x41, 0xf3, 0x42, 0xfb, 0x41, 0xfb, 0x42, 0xf3, 0x42, 0xfb, 0x41, 0xf3,
    0x41, 0xf3, 0x42, 0xfb, 0x41, 0xf3, 0x21, 0xfb, 0x42, 0xf3, 0x42, 0xfb,
    0x42, 0xfb, 0x41, 0xf3, 0x41, 0xfb, 0x42, 0xfb, 0x41, 0xf3, 0x41, 0xfb,
    0x41, 0xf3, 0x41, 0xf3, 0x42, 0xfb, 0x21, 0xf3, 0x41, 0xf3, 0x42, 0xf3,
    0x41, 0xfb, 0x41, 0xf3, 0x42, 0xf3, 0x41, 0xf3, 0x42, 0xfb, 0x42, 0xf3,
    0x41, 0xfb, 0x42, 0xfb, 0x21, 0xf3, 0x41, 0xfb, 0x42, 0xf3, 0x41, 0xf3,
    0x41, 0xfb, 0x42, 0xfb, 0x42, 0xf3, 0x41, 0xf3, 0x42, 0xfb, 0x41, 0xf3,
    0x21, 0xf3, 0x42, 0xfb, 0x41, 0xf3, 0x41, 0xf3, 0x22, 0xf3, 0x41, 0xf3,
    0x41, 0xf3, 0x42, 0xfb, 0x22, 0xf3, 0x21, 0xf3, 0x22, 0xfb, 0x41, 0xfb,
    0x42, 0xf3, 0x21, 0xfb, 0x41, 0xfb, 0x42, 0xf3, 0x41, 0xf3, 0x41, 0xfb,
    0x22, 0xf3, 0x21, 0xf3, 0x21, 0xf3, 0x42, 0xfb, 0x41, 0xf3, 0x41, 0xf3,
    0x41, 0xf3, 0x41, 0xfb, 0x22, 0xf3, 0x41, 0xf3, 0x21, 0xf3, 0x21, 0xf3,
    0x21, 0xf3, 0x41, 0xf3, 0x21, 0xf3, 0x22, 0xf3, 0x21, 0xfb, 0x21, 0xfb,
    0x22, 0xf3, 0x01, 0xf3, 0x04, 0xdb, 0xde, 0xff, 0x1a, 0xf7, 0x30, 0xe5,
    0x2f, 0xed, 0x2f, 0xed, 0x2f, 0xe5, 0x50, 0xed, 0x50, 0xed, 0x50, 0xed,
    0x9c, 0xff, 0x19, 0xf7, 0x43, 0xeb, 0x01, 0xf3, 0x22, 0xf3, 0x44, 0xeb,
    0x1a, 0xf7, 0xbf, 0xff, 0xde, 0xff, 0xde, 0xff, 0xbe, 0xff, 0xde, 0xff,
    0xde, 0xff, 0xde, 0xff, 0xde, 0xff, 0xbe, 0xff, 0x19, 0xff, 0x02, 0xeb,
    0x22, 0xf3, 0x21, 0xf3, 0x21, 0xf3, 0x6a, 0xec, 0x4e, 0xed, 0xa5, 0xeb,
    0x22, 0xf3, 0x21, 0xf3, 0x21, 0xf3, 0x41, 0xf3, 0x22, 0xfb, 0x41, 0xf3,
    0x21, 0xf3, 0x21, 0xf3, 0x22, 0xf3, 0x21, 0xf3, 0x21, 0xf3, 0x21, 0xf3,
    0x22, 0xf3, 0x22, 0xf3, 0x41, 0xfb, 0x41, 0xf3, 0x42, 0xf3, 0x41, 0xfb,
    0x42, 0xf3, 0x41, 0xf3, 0x41, 0xfb, 0x42, 0xfb, 0x42, 0xfb, 0x41, 0xf3,
    0x22, 0xf3, 0x41, 0xf3, 0x21, 0xf3, 0x21, 0xf3, 0x41, 0xf3, 0x22, 0xf3,
    0x21, 0xf3, 0x22, 0xf3, 0x22, 0xf3, 0x42, 0xfb, 0x42, 0xfb, 0x41, 0xf3,
    0x22, 0xf3, 0x41, 0xf3, 0x42, 0xfb, 0x41, 0xf3, 0x41, 0xf3, 0x42, 0xf3,
    0x41, 0xf3, 0x41, 0xf3, 0x41, 0xf3, 0x42, 0xf3, 0x41, 0xf3, 0x42, 0xf3,
    0x41, 0xf3, 0x41, 0xf3, 0x41, 0xf3, 0x41, 0xfb, 0x41, 0xf3, 0x42, 0xf3,
    0x22, 0xf3, 0x21, 0xf3, 0x22, 0xf3, 0x21, 0xf3, 0x41, 0xfb, 0x42, 0xf3,
    0x21, 0xfb, 0x42, 0xfb, 0x42, 0xf3, 0x21, 0xfb, 0x42, 0xfb, 0x41, 0xf3,
    0x41, 0xfb, 0x42, 0xfb, 0x41, 0xf3, 0x41, 0xf3, 0x21, 0xf3, 0x21, 0xf3,
    0x22, 0xf3, 0x21, 0xf3, 0x41, 0xf3, 0x42, 0xf3, 0x41, 0xf3, 0x21, 0xf3,
    0x42, 0xfb, 0x41, 0xf3, 0x41, 0xf3, 0x42, 0xf3, 0x21, 0xf3, 0x41, 0xfb,
    0x41, 0xf3, 0x21, 0xf3, 0x42, 0xfb, 0x41, 0xf3, 0x41, 0xf3, 0x42, 0xfb,
    0x41, 0xf3, 0x41, 0xf3, 0x42, 0xfb, 0x41, 0xf3, 0x21, 0xf3, 0x21, 0xf3,
    0x41, 0xf3, 0x41, 0xfb, 0x41, 0xf3, 0x41, 0xf3, 0x41, 0xf3, 0x41, 0xf3,
    0x42, 0xf3, 0x41, 0xf3, 0x41, 0xfb, 0x42, 0xf3, 0x41, 0xf3, 0x41, 0xf3,
    0x42, 0xf3, 0x21, 0xf3, 0x42, 0xf3, 0x41, 0xf3, 0x21, 0xf3, 0x21, 0xf3,
    0x21, 0xfb, 0x21, 0xf3, 0x21, 0xf3, 0x42, 0xf3, 0x42, 0xf3, 0x21, 0xf3,
    0x41, 0xf3, 0x42, 0xf3, 0x42, 0xf3, 0x41, 0xf3, 0x41, 0xf3, 0x41, 0xf3,
    0x42, 0xf3, 0x41, 0xf3, 0x41, 0xf3, 0x42, 0xf3, 0x41, 0xfb, 0x41, 0xf3,
    0x42, 0xfb, 0x42, 0xfb, 0x42, 0xf3, 0x42, 0xfb, 0x42, 0xfb, 0x41, 0xf3,
    0x42, 0xfb, 0x42, 0xf3, 0x41, 0xf3, 0x21, 0xf3, 0x22, 0xf3, 0x21, 0xf3,
    0x42, 0xf3, 0x42, 0xf3, 0x21, 0xf3, 0x41, 0xf3, 0x41, 0xf3, 0x41, 0xf3,
    0x42, 0xf3, 0x21, 0xf3, 0x22, 0xf3, 0x42, 0xf3, 0x41, 0xf3, 0x42, 0xf3,
    0x41, 0xf3, 0x41, 0xfb, 0x42, 0xfb, 0x42, 0xfb, 0x41, 0xf3, 0x42, 0xf3,
    0x42, 0xfb, 0x41, 0xf3, 0x42, 0xf3, 0x42, 0xfb, 0x42, 0xfb, 0x41, 0xf3,
    0x42, 0xfb, 0x41, 0xfb, 0x41, 0xf3, 0x61, 0xfb, 0x62, 0xfb, 0x41, 0xfb,
    0x62, 0xf3, 0x61, 0xfb, 0x82, 0xf3, 0x61, 0xf3, 0x61, 0xf3, 0x61, 0xfb,
    0x61, 0xf3, 0x61, 0xf3, 0x62, 0xfb, 0x62, 0xfb, 0x41, 0xf3, 0x42, 0xfb,
    0x41, 0xfb, 0x41, 0xf3, 0x42, 0xfb, 0x62, 0xf3, 0x42, 0xfb, 0x41, 0xfb,
    0x42, 0xf3, 0x42, 0xfb, 0x41, 0xfb, 0x42, 0xf3, 0x41, 0xf3, 0x42, 0xf3,
    0x42, 0xfb, 0x42, 0xfb, 0x41, 0xf3, 0x41, 0xf3, 0x42, 0xf3, 0x42, 0xfb,
    0x42, 0xfb, 0x41, 0xf3, 0x42, 0xfb, 0x41, 0xf3, 0x41, 0xfb, 0x42, 0xf3,
    0x41, 0xfb, 0x42, 0xfb, 0x42, 0xf3, 0x42, 0xf3, 0x41, 0xfb, 0x41, 0xf3,
    0x21, 0xf3, 0x42, 0xfb, 0x42, 0xf3, 0x41, 0xf3, 0x42, 0xfb, 0x42, 0xf3,
    0x41, 0xfb, 0x42, 0xfb, 0x42, 0xf3, 0x41, 0xf3, 0x41, 0xf3, 0x21, 0xf3,
    0x42, 0xf3, 0x41, 0xf3, 0x41, 0xf3, 0x22, 0xf3, 0x41, 0xf3, 0x21, 0xf3,
    0x42, 0xfb, 0x42, 0xf3, 0x41, 0xf3, 0x42, 0xfb, 0x42, 0xf3, 0x41, 0xf3,
    0x41, 0xf3, 0x42, 0xfb, 0x41, 0xfb, 0x42, 0xf3, 0x42, 0xfb, 0x41, 0xfb,
    0x42, 0xfb, 0x42, 0xf3, 0x21, 0xf3, 0x42, 0xfb, 0x41, 0xf3, 0x41, 0xf3,
    0x42, 0xfb, 0x42, 0xfb, 0x41, 0xf3, 0x41, 0xf3, 0x21, 0xf3, 0x22, 0xf3,
    0x22, 0xf3, 0x41, 0xf3, 0x41, 0xf3, 0x42, 0xf3, 0x41, 0xf3, 0x42, 0xf3,
    0x42, 0xf3, 0x41, 0xf3, 0x22, 0xf3, 0x22, 0xf3, 0x41, 0xf3, 0x42, 0xfb,
    0x41, 0xf3, 0x41, 0xf3, 0x42, 0xf3, 0x41, 0xf3, 0x41, 0xf3, 0x42, 0xfb,
    0x21, 0xf3, 0x21, 0xf3, 0x22, 0xf3, 0x41, 0xfb, 0x21, 0xf3, 0x42, 0xf3,
    0x22, 0xfb, 0x21, 0xfb, 0x21, 0xf3, 0x01, 0xf3, 0x24, 0xdb, 0xde, 0xff,
    0xbe, 0xff, 0x9d, 0xff, 0x9d, 0xff, 0x7c, 0xff, 0x7c, 0xff, 0x7c, 0xff,
    0x9c, 0xff, 0x9c, 0xff, 0xde, 0xf7, 0x19, 0xff, 0x64, 0xf3, 0x22, 0xf3,
    0x21, 0xf3, 0x23, 0xeb, 0x1a, 0xf7, 0xbe, 0xff, 0xbd, 0xff, 0x9c, 0xff,
    0x9c, 0xff, 0xbc, 0xff, 0xdc, 0xff, 0xbc, 0xff, 0xbd, 0xff, 0xdd, 0xff,
    0x19, 0xff, 0x03, 0xf3, 0x21, 0xeb, 0x21, 0xf3, 0x21, 0xf3, 0x22, 0xf3,
    0x22, 0xf3, 0x21, 0xf3, 0x41, 0xf3, 0x42, 0xfb, 0x21, 0xf3, 0x41, 0xf3,
    0x42, 0xf3, 0x41, 0xf3, 0x41, 0xf3, 0x22, 0xf3, 0x21, 0xf3, 0x41, 0xfb,
    0x42, 0xf3, 0x41, 0xfb, 0x41, 0xf3, 0x21, 0xf3, 0x41, 0xf3, 0x42, 0xf3,
    0x41, 0xf3, 0x41, 0xfb, 0x42, 0xf3, 0x21, 0xf3, 0x41, 0xf3, 0x42, 0xf3,
    0x42, 0xfb, 0x41, 0xfb, 0x42, 0xfb, 0x21, 0xf3, 0x41, 0xf3, 0x42, 0xf3,
    0x22, 0xfb, 0x42, 0xf3, 0x21, 0xf3, 0x21, 0xf3, 0x41, 0xf3, 0x41, 0xf3,
    0x41, 0xf3, 0x42, 0xfb, 0x21, 0xfb, 0x41, 0xf3, 0x42, 0xfb, 0x42, 0xfb,
    0x42, 0xf3, 0x41, 0xf3, 0x41, 0xfb, 0x42, 0xf3, 0x42, 0xfb, 0x41, 0xf3,
    0x21, 0xf3, 0x42, 0xf3, 0x41, 0xf3, 0x42, 0xf3, 0x41, 0xf3, 0x42, 0xf3,
    0x41, 0xf3, 0x41, 0xf3, 0x41, 0xfb, 0x42, 0xf3, 0x21, 0xf3, 0x41, 0xf3,
    0x42, 0xf3, 0x21, 0xf3, 0x41, 0xf3, 0x42, 0xfb, 0x41, 0xf3, 0x41, 0xfb,
    0x41, 0xfb, 0x42, 0xf3, 0x42, 0xf3, 0x41, 0xfb, 0x42, 0xf3, 0x42, 0xf3,
    0x41, 0xf3, 0x41, 0xf3, 0x22, 0xf3, 0x21, 0xf3, 0x41, 0xf3, 0x41, 0xf3,
    0x42, 0xf3, 0x41, 0xf3, 0x42, 0xfb, 0x21, 0xf3, 0x42, 0xf3, 0x41, 0xf3,
    0x42, 0xfb, 0x42, 0xf3, 0x21, 0xf3, 0x21, 0xf3, 0x42, 0xfb, 0x42, 0xfb,
    0x42, 0xfb, 0x42, 0xfb, 0x21, 0xf3, 0x41, 0xf3, 0x42, 0xf3, 0x41, 0xf3,
    0x42, 0xfb, 0x22, 0xf3, 0x22, 0xf3, 0x41, 0xf3, 0x42, 0xfb, 0x41, 0xf3,
    0x42, 0xf3, 0x21, 0xf3, 0x42, 0xf3, 0x41, 0xf3, 0x21, 0xfb, 0x42, 0xf3,
    0x42, 0xfb, 0x41, 0xfb, 0x42, 0xfb, 0x42, 0xfb, 0x42, 0xfb, 0x21, 0xf3,
    0x21, 0xf3, 0x42, 0xf3, 0x22, 0xf3, 0x41, 0xf3, 0x41, 0xf3, 0x21, 0xf3,
    0x22, 0xf3, 0x22, 0xf3, 0x21, 0xf3, 0x41, 0xf3, 0x41, 0xfb, 0x42, 0xf3,
    0x41, 0xf3, 0x41, 0xfb, 0x42, 0xf3, 0x41, 0xf3, 0x42, 0xfb, 0x21, 0xf3,
    0x42, 0xf3, 0x41, 0xf3, 0x42, 0xfb, 0x42, 0xf3, 0x61, 0xf3, 0x61, 0xf3,
    0x41, 0xf3, 0x42, 0xf3, 0x41, 0xf3, 0x42, 0xfb, 0x41, 0xf3, 0x41, 0xf3,
    0x42, 0xf3, 0x41, 0xf3, 0x41, 0xf3, 0x42, 0xf3, 0x42, 0xf3, 0x42, 0xf3,
    0x41, 0xf3, 0x41, 0xf3, 0x42, 0xf3, 0x41, 0xf3, 0x41, 0xf3, 0x42, 0xf3,
    0x42, 0xfb, 0x41, 0xfb, 0x42, 0xf3, 0x41, 0xf3, 0x42, 0xfb, 0x41, 0xf3,
    0x41, 0xfb, 0x42, 0xfb, 0x41, 0xf3, 0x41, 0xf3, 0x41, 0xfb, 0x42, 0xf3,
    0x42, 0xfb, 0x61, 0xfb, 0x41, 0xf3, 0x42, 0xf3, 0x42, 0xf3, 0x41, 0xfb,
    0x41, 0xfb, 0x61, 0xfb, 0x61, 0xf3, 0x61, 0xf3, 0x81, 0xfb, 0x81, 0xf3,
    0x61, 0xf3, 0x61, 0xfb, 0x61, 0xf3, 0x61, 0xf3, 0x62, 0xfb, 0x61, 0xf3,
    0x41, 0xf3, 0x62, 0xf3, 0x61, 0xf3, 0x41, 0xf3, 0x62, 0xf3, 0x62, 0xfb,
    0x42, 0xfb, 0x41, 0xf3, 0x41, 0xf3, 0x42, 0xf3, 0x41, 0xfb, 0x42, 0xf3,
    0x41, 0xf3, 0x41, 0xf3, 0x42, 0xf3, 0x41, 0xfb, 0x41, 0xf3, 0x42, 0xf3,
    0x41, 0xfb, 0x42, 0xf3, 0x41, 0xfb, 0x42, 0xfb, 0x62, 0xfb, 0x41, 0xf3,
    0x42, 0xf3, 0x41, 0xfb, 0x41, 0xf3, 0x42, 0xfb, 0x41, 0xf3, 0x41, 0xf3,
    0x42, 0xf3, 0x42, 0xf3, 0x41, 0xfb, 0x41, 0xf3, 0x42, 0xfb, 0x41, 0xfb,
    0x42, 0xf3, 0x41, 0xf3, 0x42, 0xfb, 0x42, 0xf3, 0x41, 0xf3, 0x21, 0xf3,
    0x42, 0xf3, 0x21, 0xf3, 0x21, 0xf3, 0x21, 0xf3, 0x42, 0xfb, 0x42, 0xf3,
    0x41, 0xf3, 0x41, 0xfb, 0x42, 0xfb, 0x41, 0xf3, 0x41, 0xfb, 0x42, 0xfb,
    0x41, 0xf3, 0x21, 0xf3, 0x42, 0xf3, 0x42, 0xfb, 0x41, 0xf3, 0x41, 0xf3,
    0x42, 0xf3, 0x41, 0xfb, 0x41, 0xf3, 0x42, 0xfb, 0x42, 0xf3, 0x42, 0xfb,
    0x42, 0xfb, 0x42, 0xfb, 0x41, 0xfb, 0x42, 0xfb, 0x21, 0xf3, 0x41, 0xf3,
    0x22, 0xf3, 0x21, 0xf3, 0x22, 0xf3, 0x42, 0xf3, 0x41, 0xf3, 0x21, 0xfb,
    0x42, 0xf3, 0x21, 0xf3, 0x41, 0xfb, 0x41, 0xf3, 0x22, 0xf3, 0x41, 0xf3,
    0x41, 0xfb, 0x42, 0xf3, 0x21, 0xf3, 0x22, 0xfb, 0x42, 0xfb, 0x21, 0xf3,
    0x41, 0xf3, 0x42, 0xf3, 0x42, 0xfb, 0x21, 0xf3, 0x21, 0xf3, 0x42, 0xfb,
    0x41, 0xf3, 0x41, 0xf3, 0x42, 0xfb, 0x22, 0xf3, 0x01, 0xf3, 0x21, 0xf3,
    0x24, 0xdb, 0x7c, 0xff, 0xb7, 0xf6, 0x6b, 0xdc, 0x6b, 0xe4, 0x6a, 0xdc,
    0x4a, 0xdc, 0x4a, 0xdc, 0x4a, 0xdc, 0x4b, 0xdc, 0x39, 0xff, 0xb7, 0xfe,
    0x63, 0xf3, 0x22, 0xf3, 0x21, 0xf3, 0x23, 0xeb, 0xb7, 0xf6, 0x7a, 0xff,
    0x86, 0xcb, 0x23, 0xdb, 0x43, 0xdb, 0x43, 0xe3, 0x44, 0xe3, 0x64, 0xdb,
    0xc8, 0xdb, 0x19, 0xf7, 0x96, 0xf6, 0x22, 0xf3, 0x21, 0xf3, 0x22, 0xf3,
    0x22, 0xf3, 0x41, 0xf3, 0x41, 0xf3, 0x21, 0xf3, 0x41, 0xf3, 0x42, 0xf3,
    0x42, 0xfb, 0x41, 0xf3, 0x41, 0xf3, 0x42, 0xf3, 0x21, 0xf3, 0x22, 0xf3,
    0x21, 0xf3, 0x41, 0xf3, 0x42, 0xf3, 0x41, 0xf3, 0x42, 0xfb, 0x22, 0xf3,
    0x41, 0xf3, 0x42, 0xfb, 0x21, 0xf3, 0x41, 0xf3, 0x22, 0xf3, 0x21, 0xf3,
    0x41, 0xf3, 0x42, 0xf3, 0x41, 0xf3, 0x42, 0xfb, 0x41, 0xf3, 0x42, 0xf3,
    0x21, 0xf3, 0x41, 0xf3, 0x42, 0xfb, 0x22, 0xfb, 0x21, 0xf3, 0x21, 0xf3,
    0x42, 0xfb, 0x41, 0xf3, 0x21, 0xf3, 0x41, 0xfb, 0x22, 0xf3, 0x41, 0xf3,
    0x41, 0xf3, 0x42, 0xf3, 0x41, 0xfb, 0x41, 0xf3, 0x22, 0xf3, 0x41, 0xf3,
    0x42, 0xfb, 0x42, 0xf3, 0x21, 0xfb, 0x41, 0xf3, 0x22, 0xf3, 0x21, 0xf3,
    0x42, 0xfb, 0x21, 0xf3, 0x42, 0xf3, 0x41, 0xf3, 0x41, 0xf3, 0x41, 0xfb,
    0x42, 0xf3, 0x41, 0xf3, 0x41, 0xfb, 0x42, 0xf3, 0x41, 0xf3, 0x42, 0xf3,
    0x41, 0xf3, 0x42, 0xfb, 0x41, 0xfb, 0x41, 0xf3, 0x42, 0xfb, 0x41, 0xfb,
    0x41, 0xfb, 0x42, 0xf3, 0x41, 0xf3, 0x41, 0xf3, 0x22, 0xf3, 0x22, 0xf3,
    0x41, 0xfb, 0x41, 0xf3, 0x42, 0xf3, 0x41, 0xf3, 0x42, 0xfb, 0x41, 0xf3,
    0x41, 0xf3, 0x21, 0xfb, 0x41, 0xf3, 0x42, 0xf3, 0x21, 0xf3, 0x41, 0xf3,
    0x42, 0xfb, 0x41, 0xf3, 0x42, 0xf3, 0x41, 0xfb, 0x41, 0xf3, 0x22, 0xf3,
    0x41, 0xfb, 0x42, 0xfb, 0x41, 0xf3, 0x22, 0xf3, 0x42, 0xfb, 0x41, 0xf3,
    0x22, 0xf3, 0x41, 0xf3, 0x41, 0xf3, 0x42, 0xf3, 0x21, 0xf3, 0x42, 0xf3,
    0x41, 0xf3, 0x42, 0xfb, 0x41, 0xfb, 0x41, 0xf3, 0x41, 0xf3, 0x42, 0xfb,
    0x21, 0xf3, 0x21, 0xf3, 0x21, 0xf3, 0x22, 0xf3, 0x42, 0xf3, 0x41, 0xf3,
    0x22, 0xf3, 0x41, 0xfb, 0x41, 0xf3, 0x22, 0xf3, 0x41, 0xfb, 0x41, 0xf3,
    0x22, 0xf3, 0x41, 0xf3, 0x22, 0xfb, 0x41, 0xf3, 0x41, 0xf3, 0x42, 0xfb,
    0x41, 0xf3, 0x21, 0xf3, 0x41, 0xf3, 0x42, 0xf3, 0x41, 0xf3, 0x41, 0xf3,
    0x42, 0xfb, 0x61, 0xf3, 0x41, 0xfb, 0x42, 0xfb, 0x41, 0xf3, 0x42, 0xf3,
    0x42, 0xf3, 0x41, 0xf3, 0x41, 0xf3, 0x42, 0xf3, 0x41, 0xf3, 0x21, 0xf3,
    0x41, 0xf3, 0x41, 0xf3, 0x22, 0xf3, 0x21, 0xf3, 0x41, 0xf3, 0x42, 0xf3,
    0x41, 0xf3, 0x41, 0xf3, 0x42, 0xfb, 0x41, 0xfb, 0x42, 0xf3, 0x42, 0xfb,
    0x41, 0xf3, 0x42, 0xf3, 0x42, 0xfb, 0x41, 0xf3, 0x42, 0xfb, 0x42, 0xfb,
    0x41, 0xf3, 0x41, 0xf3, 0x41, 0xfb, 0x61, 0xf3, 0x41, 0xfb, 0x42, 0xfb,
    0x42, 0xf3, 0x61, 0xf3, 0x62, 0xf3, 0x61, 0xf3, 0x62, 0xfb, 0x81, 0xf3,
    0x81, 0xfb, 0x81, 0xf3, 0x81, 0xf3, 0x61, 0xf3, 0x62, 0xfb, 0x61, 0xf3,
    0x61, 0xf3, 0x61, 0xfb, 0x61, 0xfb, 0x61, 0xf3, 0x62, 0xfb, 0x61, 0xfb,
    0x62, 0xf3, 0x61, 0xf3, 0x41, 0xf3, 0x42, 0xf3, 0x42, 0xfb, 0x41, 0xf3,
    0x41, 0xfb, 0x42, 0xfb, 0x42, 0xf3, 0x41, 0xf3, 0x41, 0xf3, 0x41, 0xf3,
    0x42, 0xf3, 0x21, 0xf3, 0x41, 0xf3, 0x62, 0xf3, 0x62, 0xf3, 0x41, 0xfb,
    0x42, 0xf3, 0x42, 0xf3, 0x41, 0xf3, 0x42, 0xfb, 0x42, 0xf3, 0x41, 0xf3,
    0x41, 0xf3, 0x21, 0xfb, 0x22, 0xf3, 0x41, 0xf3, 0x42, 0xfb, 0x41, 0xf3,
    0x41, 0xfb, 0x42, 0xfb, 0x41, 0xf3, 0x41, 0xfb, 0x42, 0xf3, 0x41, 0xfb,
    0x41, 0xfb, 0x42, 0xfb, 0x42, 0xfb, 0x42, 0xfb, 0x42, 0xfb, 0x41, 0xf3,
    0x42, 0xfb, 0x41, 0xfb, 0x42, 0xfb, 0x42, 0xf3, 0x41, 0xfb, 0x42, 0xf3,
    0x42, 0xf3, 0x41, 0xf3, 0x42, 0xfb, 0x41, 0xf3, 0x21, 0xfb, 0x42, 0xfb,
    0x41, 0xf3, 0x42, 0xfb, 0x42, 0xfb, 0x41, 0xf3, 0x41, 0xf3, 0x41, 0xfb,
    0x41, 0xfb, 0x41, 0xf3, 0x42, 0xfb, 0x42, 0xf3, 0x41, 0xfb, 0x42, 0xf3,
    0x42, 0xfb, 0x42, 0xfb, 0x41, 0xf3, 0x41, 0xfb, 0x21, 0xf3, 0x22, 0xf3,
    0x22, 0xf3, 0x21, 0xfb, 0x41, 0xf3, 0x42, 0xf3, 0x21, 0xfb, 0x41, 0xf3,
    0x42, 0xfb, 0x41, 0xfb, 0x21, 0xf3, 0x21, 0xf3, 0x41, 0xf3, 0x41, 0xf3,
    0x41, 0xfb, 0x42, 0xfb, 0x21, 0xf3, 0x42, 0xf3, 0x42, 0xfb, 0x41, 0xf3,
    0x41, 0xf3, 0x42, 0xf3, 0x41, 0xf3, 0x41, 0xf3, 0x41, 0xf3, 0x21, 0xf3,
    0x21, 0xfb, 0x21, 0xfb, 0x42, 0xf3, 0x8a, 0xf4, 0x48, 0xf4, 0x22, 0xf3,
    0x22, 0xf3, 0x22, 0xf3, 0x22, 0xf3, 0x22, 0xf3, 0x01, 0xf3, 0x22, 0xeb,
    0x07, 0xf4, 0xe7, 0xeb, 0x42, 0xf3, 0x21, 0xfb, 0x21, 0xf3, 0x22, 0xf3,
    0x28, 0xf4, 0x69, 0xf4, 0x43, 0xeb, 0x01, 0xf3, 0x21, 0xf3, 0x21, 0xf3,
    0x21, 0xf3, 0x21, 0xf3, 0x42, 0xeb, 0xc6, 0xeb, 0xc5, 0xeb, 0x42, 0xf3,
    0x42, 0xf3, 0x41, 0xf3, 0x41, 0xf3, 0x41, 0xf3, 0x42, 0xf3, 0x41, 0xfb,
    0x42, 0xfb, 0x41, 0xf3, 0x42, 0xfb, 0x42, 0xfb, 0x41, 0xf3, 0x41, 0xfb,
    0x42, 0xfb, 0x41, 0xf3, 0x41, 0xfb, 0x42, 0xf3, 0x21, 0xf3, 0x21, 0xf3,
    0x22, 0xf3, 0x21, 0xf3, 0x22, 0xf3, 0x22, 0xf3, 0x21, 0xf3, 0x41, 0xfb,
    0x42, 0xf3, 0x21, 0xf3, 0x41, 0xfb, 0x41, 0xf3, 0x21, 0xf3, 0x42, 0xf3,
    0x42, 0xfb, 0x41, 0xfb, 0x41, 0xf3, 0x42, 0xf3, 0x41, 0xf3, 0x41, 0xf3,
    0x22, 0xf3, 0x21, 0xf3, 0x41, 0xf3, 0x42, 0xfb, 0x42, 0xfb, 0x42, 0xf3,
    0x41, 0xf3, 0x41, 0xf3, 0x42, 0xf3, 0x41, 0xf3, 0x41, 0xf3, 0x42, 0xf3,
    0x42, 0xf3, 0x41, 0xf3, 0x41, 0xf3, 0x41, 0xf3, 0x42, 0xf3, 0x41, 0xf3,
    0x41, 0xf3, 0x41, 0xf3, 0x41, 0xf3, 0x42, 0xf3, 0x21, 0xf3, 0x42, 0xf3,
    0x21, 0xf3, 0x42, 0xf3, 0x41, 0xf3, 0x42, 0xfb, 0x42, 0xf3, 0x41, 0xf3,
    0x42, 0xfb, 0x42, 0xfb, 0x42, 0xf3, 0x41, 0xfb, 0x42, 0xf3, 0x42, 0xfb,
    0x42, 0xfb, 0x41, 0xf3, 0x42, 0xf3, 0x42, 0xf3, 0x41, 0xf3, 0x41, 0xf3,
    0x22, 0xf3, 0x42, 0xf3, 0x41, 0xf3, 0x41, 0xf3, 0x41, 0xf3, 0x42, 0xf3,
    0x42, 0xf3, 0x42, 0xfb, 0x41, 0xf3, 0x22, 0xf3, 0x41, 0xf3, 0x41, 0xf3,
    0x42, 0xfb, 0x41, 0xf3, 0x42, 0xfb, 0x41, 0xf3, 0x41, 0xf3, 0x42, 0xfb,
    0x42, 0xfb, 0x41, 0xf3, 0x42, 0xfb, 0x42, 0xfb, 0x41, 0xfb, 0x41, 0xfb,
    0x42, 0xfb, 0x41, 0xf3, 0x41, 0xf3, 0x42, 0xf3, 0x42, 0xfb, 0x41, 0xfb,
    0x42, 0xfb, 0x41, 0xfb, 0x42, 0xf3, 0x41, 0xfb, 0x42, 0xf3, 0x42, 0xf3,
    0x41, 0xfb, 0x41, 0xf3, 0x41, 0xf3, 0x42, 0xf3, 0x41, 0xfb, 0x41, 0xf3,
    0x41, 0xfb, 0x41, 0xf3, 0x42, 0xf3, 0x41, 0xfb, 0x42, 0xfb, 0x41, 0xf3,
    0x41, 0xf3, 0x22, 0xf3, 0x21, 0xf3, 0x41, 0xf3, 0x42, 0xf3, 0x21, 0xf3,
    0x41, 0xf3, 0x22, 0xf3, 0x41, 0xf3, 0x42, 0xfb, 0x21, 0xfb, 0x41, 0xf3,
    0x41, 0xf3, 0x41, 0xf3, 0x42, 0xf3, 0x42, 0xfb, 0x42, 0xf3, 0x42, 0xfb,
    0x41, 0xfb, 0x41, 0xfb, 0x42, 0xf3, 0x41, 0xf3, 0x21, 0xf3, 0x42, 0xf3,
    0x41, 0xf3, 0x42, 0xf3, 0x42, 0xfb, 0x41, 0xfb, 0x42, 0xf3, 0x41, 0xf3,
    0x41, 0xf3, 0x22, 0xf3, 0x41, 0xf3, 0x42, 0xfb, 0x41, 0xf3, 0x41, 0xf3,
    0x42, 0xfb, 0x41, 0xfb, 0x41, 0xf3, 0x42, 0xfb, 0x41, 0xf3, 0x41, 0xf3,
    0x41, 0xf3, 0x42, 0xf3, 0x42, 0xfb, 0x42, 0xfb, 0x41, 0xf3, 0x42, 0xf3,
    0x61, 0xf3, 0x61, 0xfb, 0x41, 0xfb, 0x61, 0xf3, 0x61, 0xfb, 0x61, 0xfb,
    0x62, 0xf3, 0x82, 0xfb, 0x82, 0xf3, 0x81, 0xf3, 0x81, 0xf3, 0x82, 0xf3,
    0x81, 0xfb, 0x62, 0xfb, 0x61, 0xf3, 0x62, 0xf3, 0x82, 0xfb, 0x82, 0xfb,
    0x82, 0xfb, 0x61, 0xf3, 0x62, 0xf3, 0x61, 0xfb, 0x61, 0xf3, 0x42, 0xfb,
    0x42, 0xf3, 0x41, 0xf3, 0x61, 0xfb, 0x42, 0xfb, 0x42, 0xf3, 0x41, 0xfb,
    0x42, 0xfb, 0x42, 0xfb, 0x41, 0xf3, 0x41, 0xf3, 0x42, 0xfb, 0x42, 0xf3,
    0x41, 0xf3, 0x41, 0xfb, 0x61, 0xfb, 0x62, 0xf3, 0x62, 0xfb, 0x42, 0xfb,
    0x41, 0xfb, 0x41, 0xf3, 0x42, 0xf3, 0x42, 0xfb, 0x41, 0xfb, 0x41, 0xf3,
    0x42, 0xfb, 0x42, 0xf3, 0x41, 0xf3, 0x42, 0xf3, 0x42, 0xfb, 0x42, 0xfb,
    0x42, 0xfb, 0x41, 0xf3, 0x42, 0xfb, 0x42, 0xfb, 0x41, 0xf3, 0x41, 0xfb,
    0x42, 0xfb, 0x42, 0xf3, 0x41, 0xf3, 0x41, 0xfb, 0x42, 0xf3, 0x41, 0xf3,
    0x41, 0xfb, 0x42, 0xfb, 0x41, 0xf3, 0x41, 0xf3, 0x42, 0xfb, 0x42, 0xf3,
    0x41, 0xfb, 0x42, 0xf3, 0x41, 0xf3, 0x42, 0xfb, 0x42, 0xfb, 0x42, 0xfb,
    0x42, 0xf3, 0x42, 0xf3, 0x42, 0xfb, 0x41, 0xfb, 0x42, 0xf3, 0x41, 0xfb,
    0x42, 0xf3, 0x41, 0xf3, 0x41, 0xfb, 0x42, 0xf3, 0x41, 0xf3, 0x41, 0xf3,
    0x41, 0xfb, 0x42, 0xf3, 0x42, 0xf3, 0x41, 0xf3, 0x41, 0xf3, 0x42, 0xfb,
    0x42, 0xfb, 0x42, 0xf3, 0x42, 0xfb, 0x42, 0xf3, 0x41, 0xf3, 0x42, 0xf3,
    0x42, 0xf3, 0x42, 0xfb, 0x41, 0xf3, 0x41, 0xf3, 0x42, 0xfb, 0x41, 0xfb,
    0x41, 0xf3, 0x41, 0xf3, 0x42, 0xfb, 0x41, 0xf3, 0x22, 0xf3, 0x42, 0xfb,
    0x41, 0xf3, 0x21, 0xf3, 0x21, 0xf3, 0x21, 0xf3, 0x41, 0xf3, 0x41, 0xf3,
    0x21, 0xf3, 0x21, 0xf3, 0x41, 0xf3, 0x21, 0xfb, 0x21, 0xf3, 0x21, 0xf3,
    0x01, 0xf3, 0x21, 0xf3, 0x21, 0xf3, 0x42, 0xfb, 0x22, 0xfb, 0x21, 0xf3,
    0x21, 0xfb, 0x21, 0xf3, 0x22, 0xf3, 0x22, 0xf3, 0x21, 0xf3, 0x21, 0xfb,
    0x41, 0xf3, 0x41, 0xf3, 0x41, 0xf3, 0x21, 0xf3, 0x41, 0xfb, 0x41, 0xf3,
    0x42, 0xfb, 0x42, 0xfb, 0x42, 0xfb, 0x42, 0xfb, 0x41, 0xfb, 0x41, 0xfb,
    0x42, 0xf3, 0x41, 0xfb, 0x42, 0xf3, 0x41, 0xfb, 0x41, 0xf3, 0x42, 0xfb,
    0x42, 0xf3, 0x41, 0xf3, 0x41, 0xf3, 0x42, 0xf3, 0x41, 0xfb, 0x21, 0xf3,
    0x21, 0xf3, 0x21, 0xf3, 0x21, 0xf3, 0x21, 0xf3, 0x21, 0xf3, 0x21, 0xf3,
    0x21, 0xf3, 0x42, 0xf3, 0x41, 0xfb, 0x21, 0xf3, 0x42, 0xf3, 0x42, 0xfb,
    0x41, 0xfb, 0x41, 0xf3, 0x42, 0xfb, 0x42, 0xfb, 0x41, 0xfb, 0x42, 0xfb,
    0x42, 0xfb, 0x21, 0xf3, 0x21, 0xf3, 0x41, 0xf3, 0x22, 0xf3, 0x42, 0xfb,
    0x41, 0xfb, 0x42, 0xf3, 0x41, 0xf3, 0x41, 0xf3, 0x42, 0xf3, 0x41, 0xf3,
    0x42, 0xfb, 0x42, 0xf3, 0x41, 0xfb, 0x42, 0xf3, 0x21, 0xf3, 0x41, 0xf3,
    0x42, 0xf3, 0x41, 0xf3, 0x42, 0xf3, 0x42, 0xf3, 0x41, 0xf3, 0x41, 0xf3,
    0x42, 0xf3, 0x41, 0xfb, 0x41, 0xf3, 0x42, 0xf3, 0x41, 0xf3, 0x42, 0xfb,
    0x41, 0xf3, 0x41, 0xf3, 0x42, 0xfb, 0x41, 0xfb, 0x41, 0xf3, 0x42, 0xfb,
    0x42, 0xfb, 0x61, 0xf3, 0x42, 0xfb, 0x41, 0xf3, 0x41, 0xf3, 0x42, 0xfb,
    0x41, 0xf3, 0x41, 0xf3, 0x41, 0xfb, 0x41, 0xf3, 0x21, 0xf3, 0x42, 0xf3,
    0x21, 0xf3, 0x41, 0xfb, 0x41, 0xf3, 0x42, 0xf3, 0x41, 0xf3, 0x42, 0xf3,
    0x21, 0xfb, 0x41, 0xf3, 0x42, 0xfb, 0x42, 0xfb, 0x41, 0xf3, 0x42, 0xfb,
    0x42, 0xfb, 0x41, 0xfb, 0x41, 0xfb, 0x42, 0xf3, 0x42, 0xfb, 0x42, 0xfb,
    0x42, 0xf3, 0x42, 0xfb, 0x41, 0xf3, 0x42, 0xf3, 0x41, 0xf3, 0x42, 0xf3,
    0x41, 0xf3, 0x41, 0xf3, 0x41, 0xf3, 0x42, 0xfb, 0x41, 0xfb, 0x42, 0xf3,
    0x41, 0xfb, 0x42, 0xfb, 0x42, 0xf3, 0x41, 0xf3, 0x42, 0xf3, 0x41, 0xfb,
    0x42, 0xf3, 0x41, 0xf3, 0x42, 0xf3, 0x42, 0xf3, 0x41, 0xf3, 0x42, 0xfb,
    0x42, 0xfb, 0x41, 0xf3, 0x21, 0xf3, 0x42, 0xfb, 0x41, 0xf3, 0x21, 0xf3,
    0x21, 0xf3, 0x21, 0xf3, 0x22, 0xfb, 0x21, 0xf3, 0x21, 0xf3, 0x42, 0xf3,
    0x42, 0xf3, 0x41, 0xf3, 0x22, 0xf3, 0x41, 0xf3, 0x42, 0xfb, 0x61, 0xf3,
    0x42, 0xf3, 0x41, 0xf3, 0x42, 0xf3, 0x42, 0xfb, 0x41, 0xf3, 0x41, 0xf3,
    0x42, 0xfb, 0x42, 0xfb, 0x41, 0xfb, 0x42, 0xf3, 0x42, 0xfb, 0x41, 0xf3,
    0x42, 0xfb, 0x42, 0xf3, 0x42, 0xf3, 0x41, 0xfb, 0x42, 0xfb, 0x41, 0xf3,
    0x41, 0xf3, 0x42, 0xfb, 0x41, 0xf3, 0x42, 0xf3, 0x41, 0xfb, 0x42, 0xfb,
    0x42, 0xfb, 0x41, 0xfb, 0x42, 0xf3, 0x41, 0xf3, 0x41, 0xf3, 0x61, 0xfb,
    0x62, 0xfb, 0x62, 0xf3, 0x62, 0xf3, 0x61, 0xf3, 0x41, 0xf3, 0x62, 0xf3,
    0x62, 0xfb, 0x61, 0xf3, 0x81, 0xfb, 0x81, 0xfb, 0x81, 0xf3, 0x81, 0xf3,
    0x81, 0xf3, 0x81, 0xf3, 0x81, 0xfb, 0x81, 0xf3, 0x81, 0xf3, 0x81, 0xf3,
    0x82, 0xf3, 0x81, 0xfb, 0x81, 0xf3, 0x81, 0xf3, 0x62, 0xfb, 0x62, 0xf3,
    0x62, 0xfb, 0x61, 0xf3, 0x41, 0xf3, 0x61, 0xf3, 0x62, 0xf3, 0x61, 0xf3,
    0x42, 0xfb, 0x41, 0xfb, 0x41, 0xfb, 0x42, 0xf3, 0x42, 0xfb, 0x41, 0xf3,
    0x61, 0xf3, 0x62, 0xf3, 0x41, 0xfb, 0x42, 0xfb, 0x41, 0xfb, 0x41, 0xf3,
    0x61, 0xf3, 0x62, 0xfb, 0x42, 0xfb, 0x41, 0xf3, 0x42, 0xfb, 0x42, 0xfb,
    0x41, 0xf3, 0x42, 0xfb, 0x42, 0xfb, 0x41, 0xf3, 0x42, 0xfb, 0x41, 0xfb,
    0x42, 0xf3, 0x42, 0xfb, 0x41, 0xfb, 0x41, 0xf3, 0x42, 0xf3, 0x41, 0xfb,
    0x42, 0xf3, 0x41, 0xf3, 0x42, 0xfb, 0x42, 0xfb, 0x41, 0xf3, 0x42, 0xfb,
    0x41, 0xf3, 0x42, 0xfb, 0x42, 0xf3, 0x41, 0xfb, 0x21, 0xf3, 0x41, 0xf3,
    0x41, 0xf3, 0x21, 0xf3, 0x42, 0xfb, 0x41, 0xf3, 0x41, 0xf3, 0x41, 0xfb,
    0x41, 0xf3, 0x42, 0xfb, 0x41, 0xfb, 0x41, 0xf3, 0x42, 0xf3, 0x41, 0xfb,
    0x41, 0xf3, 0x42, 0xfb, 0x41, 0xfb, 0x42, 0xf3, 0x41, 0xfb, 0x42, 0xfb,
    0x41, 0xf3, 0x42, 0xf3, 0x41, 0xf3, 0x41, 0xf3, 0x42, 0xfb, 0x21, 0xfb,
    0x41, 0xf3, 0x42, 0xfb, 0x41, 0xf3, 0x41, 0xfb, 0x41, 0xf3, 0x42, 0xfb,
    0x41, 0xf3, 0x41, 0xf3, 0x41, 0xfb, 0x41, 0xfb, 0x41, 0xf3, 0x41, 0xf3,
    0x42, 0xfb, 0x41, 0xfb, 0x41, 0xfb, 0x41, 0xfb, 0x42, 0xfb, 0x42, 0xfb,
    0x41, 0xfb, 0x42, 0xfb, 0x41, 0xf3, 0x21, 0xf3, 0x41, 0xf3, 0x41, 0xfb,
    0x41, 0xf3, 0x41, 0xf3, 0x21, 0xfb, 0x41, 0xf3, 0x41, 0xf3, 0x41, 0xf3,
    0x41, 0xf3, 0x21, 0xf3, 0x41, 0xf3, 0x41, 0xf3, 0x41, 0xfb, 0x41, 0xfb,
    0x41, 0xfb, 0x41, 0xf3, 0x42, 0xfb, 0x41, 0xf3, 0x41, 0xf3, 0x41, 0xf3,
    0x41, 0xf3, 0x41, 0xfb, 0x42, 0xfb, 0x41, 0xfb, 0x41, 0xfb, 0x41, 0xf3,
    0x41, 0xfb, 0x41, 0xfb, 0x41, 0xf3, 0x41, 0xfb, 0x41, 0xf3, 0x42, 0xf3,
    0x41, 0xfb, 0x41, 0xf3, 0x42, 0xfb, 0x42, 0xf3, 0x41, 0xfb, 0x42, 0xf3,
    0x41, 0xfb, 0x41, 0xf3, 0x42, 0xfb, 0x42, 0xf3, 0x21, 0xf3, 0x42, 0xf3,
    0x42, 0xf3, 0x41, 0xfb, 0x42, 0xf3, 0x42, 0xfb, 0x41, 0xfb, 0x42, 0xf3,
    0x41, 0xf3, 0x42, 0xfb, 0x41, 0xf3, 0x42, 0xf3, 0x41, 0xf3, 0x21, 0xf3,
    0x42, 0xf3, 0x21, 0xf3, 0x41, 0xf3, 0x42, 0xfb, 0x42, 0xfb, 0x41, 0xf3,
    0x41, 0xfb, 0x42, 0xf3, 0x41, 0xfb, 0x41, 0xf3, 0x42, 0xf3, 0x41, 0xfb,
    0x41, 0xf3, 0x42, 0xfb, 0x41, 0xf3, 0x41, 0xfb, 0x42, 0xf3, 0x21, 0xfb,
    0x21, 0xf3, 0x41, 0xf3, 0x42, 0xfb, 0x41, 0xfb, 0x41, 0xfb, 0x42, 0xf3,
    0x41, 0xf3, 0x21, 0xf3, 0x21, 0xf3, 0x42, 0xf3, 0x41, 0xf3, 0x41, 0xf3,
    0x22, 0xf3, 0x41, 0xf3, 0x42, 0xf3, 0x42, 0xf3, 0x41, 0xf3, 0x42, 0xf3,
    0x42, 0xfb, 0x41, 0xfb, 0x41, 0xfb, 0x42, 0xf3, 0x41, 0xfb, 0x41, 0xf3,
    0x42, 0xf3, 0x41, 0xfb, 0x41, 0xf3, 0x41, 0xf3, 0x42, 0xfb, 0x42, 0xfb,
    0x41, 0xf3, 0x42, 0xfb, 0x42, 0xfb, 0x42, 0xf3, 0x21, 0xf3, 0x42, 0xfb,
    0x41, 0xf3, 0x42, 0xfb, 0x41, 0xf3, 0x41, 0xfb, 0x42, 0xfb, 0x41, 0xfb,
    0x42, 0xf3, 0x42, 0xfb, 0x41, 0xfb, 0x41, 0xf3, 0x42, 0xf3, 0x41, 0xfb,
    0x42, 0xfb, 0x42, 0xf3, 0x41, 0xfb, 0x42, 0xf3, 0x41, 0xfb, 0x41, 0xfb,
    0x41, 0xf3, 0x61, 0xf3, 0x41, 0xfb, 0x42, 0xfb, 0x41, 0xf3, 0x61, 0xfb,
    0x42, 0xfb, 0x41, 0xf3, 0x41, 0xf3, 0x41, 0xf3, 0x41, 0xf3, 0x42, 0xf3,
    0x41, 0xfb, 0x41, 0xf3, 0x42, 0xf3, 0x41, 0xfb, 0x42, 0xfb, 0x21, 0xf3,
    0x41, 0xfb, 0x41, 0xfb, 0x42, 0xfb, 0x41, 0xfb, 0x41, 0xf3, 0x41, 0xf3,
    0x41, 0xf3, 0x41, 0xf3, 0x42, 0xf3, 0x41, 0xf3, 0x41, 0xf3, 0x22, 0xfb,
    0x41, 0xf3, 0x21, 0xf3, 0x22, 0xf3, 0x21, 0xf3, 0x41, 0xfb, 0x42, 0xf3,
    0x41, 0xf3, 0x41, 0xfb, 0x41, 0xf3, 0x42, 0xf3, 0x41, 0xfb, 0x42, 0xf3,
    0x42, 0xfb, 0x41, 0xfb, 0x62, 0xfb, 0x42, 0xf3, 0x41, 0xfb, 0x42, 0xf3,
    0x42, 0xf3, 0x41, 0xfb, 0x42, 0xfb, 0x41, 0xf3, 0x41, 0xf3, 0x41, 0xfb,
    0x41, 0xf3, 0x42, 0xf3, 0x41, 0xfb, 0x41, 0xfb, 0x41, 0xf3, 0x42, 0xfb,
    0x42, 0xfb, 0x41, 0xf3, 0x42, 0xfb, 0x41, 0xfb, 0x41, 0xfb, 0x41, 0xf3,
    0x42, 0xfb, 0x41, 0xf3, 0x41, 0xf3, 0x42, 0xfb, 0x41, 0xfb, 0x41, 0xf3,
    0x61, 0xf3, 0x61, 0xf3, 0x61, 0xf3, 0x61, 0xf3, 0x81, 0xfb, 0x62, 0xfb,
    0x62, 0xf3, 0x61, 0xf3, 0x61, 0xf3, 0x61, 0xf3, 0x82, 0xfb, 0x81, 0xfb,
    0x81, 0xfb, 0x82, 0xf3, 0xa1, 0xf3, 0x81, 0xfb, 0x81, 0xfb, 0x82, 0xf3,
    0x81, 0xf3, 0x81, 0xf3, 0x81, 0xfb, 0x81, 0xf3, 0x81, 0xf3, 0x61, 0xf3,
    0x62, 0xfb, 0x62, 0xf3, 0x61, 0xf3, 0x61, 0xf3, 0x62, 0xfb, 0x61, 0xf3,
    0x61, 0xf3, 0x61, 0xf3, 0x62, 0xf3, 0x42, 0xfb, 0x41, 0xf3, 0x41, 0xf3,
    0x62, 0xfb, 0x61, 0xf3, 0x61, 0xf3, 0x61, 0xf3, 0x62, 0xf3, 0x62, 0xf3,
    0x41, 0xfb, 0x41, 0xfb, 0x41, 0xf3, 0x41, 0xf3, 0x42, 0xfb, 0x42, 0xfb,
    0x41, 0xf3, 0x41, 0xf3, 0x42, 0xf3, 0x41, 0xfb, 0x42, 0xfb, 0x41, 0xf3,
    0x41, 0xfb, 0x42, 0xfb, 0x41, 0xf3, 0x42, 0xfb, 0x62, 0xfb, 0x41, 0xf3,
    0x61, 0xfb, 0x61, 0xfb, 0x62, 0xfb, 0x41, 0xf3, 0x42, 0xfb, 0x41, 0xfb,
    0x41, 0xf3, 0x42, 0xfb, 0x41, 0xfb, 0x41, 0xf3, 0x42, 0xfb, 0x41, 0xf3,
    0x42, 0xf3, 0x22, 0xf3, 0x41, 0xf3, 0x41, 0xf3, 0x42, 0xf3, 0x41, 0xf3,
    0x42, 0xfb, 0x42, 0xf3, 0x41, 0xf3, 0x42, 0xfb, 0x41, 0xf3, 0x41, 0xfb,
    0x42, 0xfb, 0x41, 0xf3, 0x41, 0xf3, 0x41, 0xfb, 0x42, 0xf3, 0x42, 0xf3,
    0x41, 0xfb, 0x42, 0xfb, 0x42, 0xfb, 0x42, 0xfb, 0x21, 0xf3, 0x41, 0xf3,
    0x42, 0xf3, 0x41, 0xf3, 0x21, 0xf3, 0x42, 0xfb, 0x41, 0xf3, 0x41, 0xf3,
    0x41, 0xfb, 0x42, 0xf3, 0x42, 0xfb, 0x41, 0xfb, 0x41, 0xf3, 0x41, 0xf3,
    0x41, 0xfb, 0x41, 0xf3, 0x41, 0xf3, 0x42, 0xf3, 0x42, 0xf3, 0x41, 0xf3,
    0x42, 0xf3, 0x41, 0xf3, 0x41, 0xf3, 0x42, 0xfb, 0x42, 0xf3, 0x41, 0xf3,
    0x41, 0xfb, 0x42, 0xfb, 0x41, 0xf3, 0x41, 0xfb, 0x41, 0xf3, 0x41, 0xf3,
    0x41, 0xfb, 0x41, 0xfb, 0x41, 0xfb, 0x41, 0xf3, 0x41, 0xfb, 0x41, 0xfb,
    0x41, 0xf3, 0x41, 0xf3, 0x41, 0xf3, 0x41, 0xfb, 0x41, 0xfb, 0x41, 0xf3,
    0x41, 0xf3, 0x41, 0xfb, 0x41, 0xf3, 0x61, 0xf3, 0x42, 0xfb, 0x41, 0xfb,
    0x41, 0xf3, 0x42, 0xf3, 0x42, 0xfb, 0x41, 0xfb, 0x42, 0xf3, 0x62, 0xfb,
    0x41, 0xf3, 0x61, 0xf3, 0x42, 0xfb, 0x61, 0xf3, 0x42, 0xfb, 0x42, 0xf3,
    0x41, 0xf3, 0x42, 0xfb, 0x41, 0xfb, 0x42, 0xfb, 0x41, 0xf3, 0x41, 0xfb,
    0x41, 0xf3, 0x21, 0xf3, 0x41, 0xfb, 0x42, 0xf3, 0x41, 0xf3, 0x41, 0xf3,
    0x42, 0xf3, 0x41, 0xf3, 0x42, 0xfb, 0x21, 0xf3, 0x41, 0xf3, 0x42, 0xf3,
    0x42, 0xfb, 0x41, 0xf3, 0x42, 0xfb, 0x41, 0xf3, 0x42, 0xfb, 0x42, 0xf3,
    0x41, 0xfb, 0x61, 0xfb, 0x62, 0xfb, 0x42, 0xf3, 0x41, 0xf3, 0x41, 0xfb,
    0x42, 0xf3, 0x41, 0xf3, 0x21, 0xf3, 0x42, 0xf3, 0x42, 0xfb, 0x41, 0xfb,
    0x42, 0xfb, 0x42, 0xf3, 0x41, 0xf3, 0x42, 0xf3, 0x41, 0xfb, 0x42, 0xf3,
    0x42, 0xf3, 0x41, 0xfb, 0x42, 0xf3, 0x42, 0xfb, 0x41, 0xf3, 0x41, 0xf3,
    0x41, 0xf3, 0x42, 0xf3, 0x41, 0xf3, 0x41, 0xf3, 0x41, 0xf3, 0x42, 0xf3,
    0x41, 0xf3, 0x41, 0xf3, 0x41, 0xf3, 0x41, 0xf3, 0x42, 0xf3, 0x41, 0xf3,
    0x41, 0xf3, 0x42, 0xfb, 0x41, 0xfb, 0x41, 0xfb, 0x41, 0xf3, 0x42, 0xfb,
    0x41, 0xf3, 0x41, 0xf3, 0x42, 0xfb, 0x41, 0xf3, 0x41, 0xfb, 0x42, 0xfb,
    0x41, 0xf3, 0x42, 0xfb, 0x41, 0xf3, 0x21, 0xf3, 0x42, 0xf3, 0x42, 0xf3,
    0x41, 0xfb, 0x41, 0xf3, 0x41, 0xf3, 0x41, 0xf3, 0x42, 0xfb, 0x41, 0xfb,
    0x42, 0xfb, 0x41, 0xf3, 0x41, 0xf3, 0x41, 0xfb, 0x61, 0xf3, 0x42, 0xf3,
    0x61, 0xf3, 0x41, 0xfb, 0x42, 0xfb, 0x61, 0xf3, 0x41, 0xfb, 0x41, 0xf3,
    0x42, 0xfb, 0x61, 0xf3, 0x61, 0xf3, 0x61, 0xf3, 0x62, 0xf3, 0x61, 0xf3,
    0x41, 0xf3, 0x42, 0xf3, 0x42, 0xfb, 0x41, 0xf3, 0x42, 0xf3, 0x41, 0xfb,
    0x41, 0xf3, 0x41, 0xf3, 0x41, 0xfb, 0x41, 0xf3, 0x42, 0xfb, 0x41, 0xf3,
    0x61, 0xfb, 0x61, 0xf3, 0x41, 0xf3, 0x41, 0xfb, 0x42, 0xf3, 0x41, 0xf3,
    0x41, 0xf3, 0x42, 0xf3, 0x41, 0xf3, 0x21, 0xf3, 0x22, 0xf3, 0x21, 0xf3,
    0x41, 0xf3, 0x42, 0xf3, 0x42, 0xf3, 0x21, 0xfb, 0x41, 0xf3, 0x42, 0xf3,
    0x21, 0xf3, 0x41, 0xf3, 0x41, 0xfb, 0x41, 0xf3, 0x61, 0xf3, 0x41, 0xfb,
    0x41, 0xfb, 0x42, 0xfb, 0x41, 0xf3, 0x41, 0xfb, 0x42, 0xf3, 0x42, 0xf3,
    0x42, 0xf3, 0x41, 0xfb, 0x41, 0xf3, 0x41, 0xf3, 0x42, 0xf3, 0x41, 0xf3,
    0x41, 0xfb, 0x41, 0xf3, 0x42, 0xf3, 0x41, 0xfb, 0x42, 0xf3, 0x61, 0xfb,
    0x42, 0xfb, 0x41, 0xfb, 0x41, 0xf3, 0x41, 0xfb, 0x41, 0xf3, 0x41, 0xf3,
    0x41, 0xfb, 0x42, 0xf3, 0x62, 0xf3, 0x62, 0xfb, 0x61, 0xf3, 0x61, 0xf3,
    0x81, 0xf3, 0x82, 0xf3, 0x62, 0xfb, 0x81, 0xf3, 0x81, 0xfb, 0x81, 0xf3,
    0x82, 0xf3, 0x81, 0xfb, 0x81, 0xfb, 0x81, 0xf3, 0xa1, 0xfb, 0xa2, 0xf3,
    0xa1, 0xfb, 0x81, 0xfb, 0x81, 0xf3, 0x82, 0xfb, 0x82, 0xf3, 0x81, 0xf3,
    0x81, 0xf3, 0x61, 0xfb, 0x82, 0xfb, 0x81, 0xf3, 0x81, 0xf3, 0x61, 0xf3,
    0x61, 0xf3, 0x82, 0xfb, 0x61, 0xf3, 0x61, 0xf3, 0x62, 0xf3, 0x62, 0xf3,
    0x61, 0xf3, 0x61, 0xfb, 0x61, 0xf3, 0x62, 0xfb, 0x61, 0xf3, 0x61, 0xfb,
    0x62, 0xf3, 0x61, 0xf3, 0x61, 0xf3, 0x62, 0xf3, 0x62, 0xf3, 0x41, 0xf3,
    0x62, 0xfb, 0x41, 0xfb, 0x41, 0xfb, 0x42, 0xf3, 0x41, 0xfb, 0x41, 0xfb,
    0x42, 0xf3, 0x42, 0xfb, 0x41, 0xfb, 0x41, 0xf3, 0x41, 0xfb, 0x61, 0xf3,
    0x42, 0xfb, 0x42, 0xfb, 0x61, 0xf3, 0x62, 0xf3, 0x61, 0xfb, 0x62, 0xf3,
    0x42, 0xfb, 0x62, 0xfb, 0x42, 0xf3, 0x41, 0xfb, 0x41, 0xf3, 0x41, 0xf3,
    0x42, 0xfb, 0x41, 0xfb, 0x41, 0xf3, 0x42, 0xfb, 0x41, 0xfb, 0x42, 0xf3,
    0x42, 0xfb, 0x41, 0xfb, 0x41, 0xf3, 0x42, 0xf3, 0x42, 0xfb, 0x41, 0xf3,
    0x41, 0xf3, 0x42, 0xfb, 0x42, 0xfb, 0x41, 0xf3, 0x41, 0xfb, 0x41, 0xfb,
    0x42, 0xf3, 0x41, 0xf3, 0x41, 0xfb, 0x41, 0xf3, 0x42, 0xf3, 0x41, 0xf3,
    0x42, 0xfb, 0x42, 0xf3, 0x42, 0xf3, 0x41, 0xf3, 0x41, 0xf3, 0x61, 0xf3,
    0x41, 0xf3, 0x42, 0xf3, 0x41, 0xf3, 0x41, 0xf3, 0x42, 0xfb, 0x41, 0xf3,
    0x41, 0xf3, 0x41, 0xf3, 0x42, 0xf3, 0x41, 0xf3, 0x41, 0xf3, 0x41, 0xf3,
    0x61, 0xfb, 0x41, 0xf3, 0x42, 0xf3, 0x61, 0xf3, 0x41, 0xf3, 0x42, 0xf3,
    0x41, 0xf3, 0x41, 0xf3, 0x41, 0xf3, 0x41, 0xf3, 0x41, 0xf3, 0x41, 0xf3,
    0x41, 0xf3, 0x41, 0xf3, 0x41, 0xfb, 0x41, 0xf3, 0x41, 0xfb, 0x41, 0xfb,
    0x42, 0xfb, 0x41, 0xfb, 0x42, 0xf3, 0x41, 0xfb, 0x62, 0xfb, 0x41, 0xf3,
    0x42, 0xf3, 0x42, 0xf3, 0x41, 0xfb, 0x41, 0xf3, 0x62, 0xf3, 0x61, 0xf3,
    0x41, 0xf3, 0x61, 0xfb, 0x61, 0xf3, 0x61, 0xfb, 0x62, 0xf3, 0x41, 0xf3,
    0x62, 0xfb, 0x62, 0xfb, 0x61, 0xfb, 0x62, 0xf3, 0x62, 0xfb, 0x61, 0xf3,
    0x61, 0xfb, 0x61, 0xfb, 0x61, 0xf3, 0x62, 0xf3, 0x61, 0xf3, 0x42, 0xfb,
    0x42, 0xf3, 0x42, 0xf3, 0x41, 0xf3, 0x41, 0xf3, 0x22, 0xf3, 0x41, 0xf3,
    0x21, 0xf3, 0x41, 0xfb, 0x41, 0xf3, 0x22, 0xf3, 0x21, 0xf3, 0x41, 0xfb,
    0x42, 0xf3, 0x41, 0xf3, 0x41, 0xf3, 0x41, 0xf3, 0x41, 0xf3, 0x41, 0xf3,
    0x41, 0xfb, 0x42, 0xf3, 0x41, 0xf3, 0x61, 0xfb, 0x41, 0xf3, 0x41, 0xf3,
    0x42, 0xfb, 0x41, 0xf3, 0x41, 0xfb, 0x42, 0xfb, 0x41, 0xf3, 0x42, 0xfb,
    0x41, 0xf3, 0x41, 0xf3, 0x41, 0xfb, 0x41, 0xf3, 0x42, 0xfb, 0x42, 0xfb,
    0x41, 0xf3, 0x42, 0xfb, 0x42, 0xfb, 0x41, 0xf3, 0x42, 0xf3, 0x41, 0xf3,
    0x42, 0xf3, 0x41, 0xf3, 0x41, 0xf3, 0x42, 0xf3, 0x41, 0xf3, 0x41, 0xf3,
    0x42, 0xf3, 0x41, 0xf3, 0x41, 0xf3, 0x41, 0xf3, 0x42, 0xf3, 0x41, 0xf3,
    0x42, 0xf3, 0x41, 0xfb, 0x41, 0xf3, 0x42, 0xf3, 0x41, 0xfb, 0x41, 0xfb,
    0x42, 0xf3, 0x42, 0xfb, 0x41, 0xfb, 0x41, 0xf3, 0x42, 0xfb, 0x41, 0xf3,
    0x41, 0xf3, 0x42, 0xfb, 0x41, 0xf3, 0x42, 0xf3, 0x41, 0xf3, 0x41, 0xf3,
    0x41, 0xf3, 0x41, 0xfb, 0x41, 0xf3, 0x41, 0xf3, 0x41, 0xf3, 0x42, 0xf3,
    0x61, 0xf3, 0x41, 0xfb, 0x62, 0xf3, 0x61, 0xf3, 0x62, 0xf3, 0x62, 0xf3,
    0x42, 0xfb, 0x61, 0xf3, 0x61, 0xf3, 0x42, 0xfb, 0x61, 0xfb, 0x61, 0xfb,
    0x61, 0xf3, 0x62, 0xf3, 0x62, 0xfb, 0x62, 0xf3, 0x61, 0xfb, 0x61, 0xf3,
    0x62, 0xf3, 0x61, 0xf3, 0x61, 0xf3, 0x41, 0xf3, 0x42, 0xfb, 0x41, 0xf3,
    0x41, 0xf3, 0x41, 0xfb, 0x42, 0xfb, 0x42, 0xfb, 0x42, 0xf3, 0x61, 0xfb,
    0x42, 0xf3, 0x61, 0xf3, 0x42, 0xf3, 0x42, 0xf3, 0x61, 0xf3, 0x41, 0xf3,
    0x62, 0xf3, 0x61, 0xf3, 0x42, 0xf3, 0x41, 0xfb, 0x41, 0xf3, 0x41, 0xf3,
    0x21, 0xf3, 0x41, 0xf3, 0x42, 0xfb, 0x41, 0xf3, 0x21, 0xf3, 0x22, 0xf3,
    0x41, 0xf3, 0x41, 0xfb, 0x42, 0xf3, 0x41, 0xf3, 0x41, 0xfb, 0x62, 0xf3,
    0x61, 0xf3, 0x41, 0xf3, 0x62, 0xf3, 0x61, 0xf3, 0x41, 0xf3, 0x61, 0xf3,
    0x41, 0xfb, 0x41, 0xf3, 0x41, 0xf3, 0x41, 0xf3, 0x42, 0xfb, 0x41, 0xf3,
    0x41, 0xf3, 0x41, 0xf3, 0x41, 0xf3, 0x62, 0xf3, 0x61, 0xfb, 0x61, 0xf3,
    0x62, 0xf3, 0x61, 0xf3, 0x62, 0xf3, 0x62, 0xf3, 0x41, 0xfb, 0x42, 0xfb,
    0x42, 0xfb, 0x41, 0xf3, 0x62, 0xf3, 0x61, 0xf3, 0x61, 0xf3, 0x62, 0xf3,
    0x62, 0xfb, 0x81, 0xf3, 0x62, 0xf3, 0x81, 0xf3, 0x61, 0xfb, 0x62, 0xf3,
    0x81, 0xfb, 0x81, 0xfb, 0x82, 0xf3, 0x81, 0xfb, 0x81, 0xfb, 0x81, 0xf3,
    0xa1, 0xfb, 0xa1, 0xf3, 0x81, 0xf3, 0x81, 0xf3, 0x82, 0xf3, 0x81, 0xf3,
    0x82, 0xfb, 0x82, 0xfb, 0x81, 0xf3, 0x82, 0xf3, 0x81, 0xf3, 0x82, 0xfb,
    0x61, 0xf3, 0x81, 0xfb, 0x82, 0xf3, 0x61, 0xf3, 0x61, 0xf3, 0x61, 0xf3,
    0x62, 0xfb, 0x61, 0xfb, 0x62, 0xfb, 0x61, 0xf3, 0x62, 0xf3, 0x62, 0xf3,
    0x61, 0xfb, 0x62, 0xf3, 0x61, 0xfb, 0x61, 0xf3, 0x62, 0xf3, 0x61, 0xf3,
    0x62, 0xf3, 0x61, 0xf3, 0x61, 0xf3, 0x62, 0xfb, 0x61, 0xfb, 0x42, 0xfb,
    0x41, 0xfb, 0x41, 0xf3, 0x41, 0xfb, 0x62, 0xfb, 0x62, 0xfb, 0x62, 0xfb,
    0x41, 0xf3, 0x62, 0xfb, 0x41, 0xfb, 0x62, 0xfb, 0x62, 0xf3, 0x61, 0xf3,
    0x62, 0xf3, 0x61, 0xfb, 0x61, 0xf3, 0x61, 0xfb, 0x42, 0xfb, 0x41, 0xf3,
    0x41, 0xfb, 0x42, 0xfb, 0x41, 0xf3, 0x41, 0xf3, 0x41, 0xf3, 0x41, 0xf3,
    0x41, 0xf3, 0x21, 0xf3, 0x21, 0xf3, 0x42, 0xf3, 0x41, 0xfb, 0x41, 0xfb,
    0x41, 0xf3, 0x41, 0xfb, 0x41, 0xf3, 0x41, 0xf3, 0x41, 0xfb, 0x41, 0xf3,
    0x41, 0xf3, 0x42, 0xfb, 0x41, 0xfb, 0x41, 0xfb, 0x42, 0xfb, 0x41, 0xf3,
    0x42, 0xfb, 0x61, 0xf3, 0x61, 0xf3, 0x61, 0xf3, 0x42, 0xfb, 0x61, 0xfb,
    0x62, 0xf3, 0x61, 0xf3, 0x62, 0xf3, 0x61, 0xf3, 0x61, 0xf3, 0x62, 0xf3,
    0x41, 0xf3, 0x61, 0xfb, 0x62, 0xf3, 0x62, 0xf3, 0x61, 0xfb, 0x62, 0xf3,
    0x41, 0xf3, 0x41, 0xf3, 0x61, 0xf3, 0x61, 0xf3, 0x62, 0xfb, 0x61, 0xf3,
    0x41, 0xf3, 0x41, 0xfb, 0x41, 0xf3, 0x41, 0xf3, 0x41, 0xf3, 0x62, 0xf3,
    0x61, 0xf3, 0x41, 0xf3, 0x41, 0xfb, 0x41, 0xf3, 0x41, 0xf3, 0x42, 0xf3,
    0x62, 0xf3, 0x41, 0xfb, 0x41, 0xf3, 0x42, 0xfb, 0x61, 0xf3, 0x61, 0xf3,
    0x41, 0xfb, 0x61, 0xf3, 0x62, 0xf3, 0x62, 0xfb, 0x61, 0xf3, 0x61, 0xf3,
    0x62, 0xfb, 0x61, 0xf3, 0x62, 0xf3, 0x62, 0xfb, 0x61, 0xfb, 0x61, 0xf3,
    0x61, 0xfb, 0x62, 0xf3, 0x81, 0xf3, 0x81, 0xfb, 0x61, 0xf3, 0x61, 0xf3,
    0x61, 0xf3, 0x61, 0xf3, 0x62, 0xfb, 0x62, 0xf3, 0x62, 0xf3, 0x61, 0xf3,
    0x61, 0xfb, 0x61, 0xf3, 0x41, 0xf3, 0x41, 0xf3, 0x41, 0xf3, 0x42, 0xfb,
    0x42, 0xfb, 0x41, 0xf3, 0x41, 0xfb, 0x22, 0xfb, 0x41, 0xf3, 0x41, 0xf3,
    0x42, 0xf3, 0x41, 0xf3, 0x41, 0xfb, 0x41, 0xf3, 0x41, 0xf3, 0x62, 0xfb,
    0x62, 0xf3, 0x41, 0xf3, 0x42, 0xfb, 0x41, 0xfb, 0x41, 0xf3, 0x41, 0xf3,
    0x41, 0xf3, 0x41, 0xfb, 0x41, 0xfb, 0x42, 0xf3, 0x41, 0xf3, 0x41, 0xf3,
    0x42, 0xfb, 0x41, 0xfb, 0x41, 0xf3, 0x41, 0xf3, 0x42, 0xfb, 0x41, 0xfb,
    0x41, 0xf3, 0x41, 0xfb, 0x41, 0xf3, 0x41, 0xfb, 0x41, 0xfb, 0x42, 0xfb,
    0x41, 0xf3, 0x41, 0xf3, 0x41, 0xf3, 0x42, 0xf3, 0x61, 0xf3, 0x41, 0xf3,
    0x62, 0xf3, 0x62, 0xf3, 0x41, 0xf3, 0x41, 0xf3, 0x61, 0xf3, 0x41, 0xf3,
    0x41, 0xf3, 0x41, 0xf3, 0x41, 0xf3, 0x41, 0xf3, 0x62, 0xf3, 0x61, 0xfb,
    0x41, 0xf3, 0x42, 0xfb, 0x62, 0xfb, 0x41, 0xf3, 0x41, 0xfb, 0x41, 0xfb,
    0x62, 0xfb, 0x41, 0xfb, 0x42, 0xf3, 0x41, 0xf3, 0x41, 0xf3, 0x42, 0xfb,
    0x42, 0xfb, 0x42, 0xf3, 0x61, 0xf3, 0x62, 0xfb, 0x62, 0xfb, 0x62, 0xf3,
    0x61, 0xfb, 0x62, 0xfb, 0x62, 0xf3, 0x61, 0xfb, 0x61, 0xf3, 0x62, 0xf3,
    0x61, 0xf3, 0x61, 0xf3, 0x61, 0xfb, 0x61, 0xf3, 0x62, 0xf3, 0x61, 0xfb,
    0x61, 0xf3, 0x61, 0xfb, 0x61, 0xfb, 0x61, 0xf3, 0x61, 0xfb, 0x61, 0xf3,
    0x62, 0xf3, 0x81, 0xfb, 0x61, 0xf3, 0x62, 0xf3, 0x62, 0xfb, 0x61, 0xf3,
    0x61, 0xfb, 0x62, 0xf3, 0x41, 0xfb, 0x42, 0xfb, 0x41, 0xf3, 0x41, 0xfb,
    0x41, 0xfb, 0x42, 0xfb, 0x41, 0xfb, 0x61, 0xf3, 0x41, 0xf3, 0x62, 0xfb,
    0x61, 0xf3, 0x41, 0xf3, 0x62, 0xf3, 0x61, 0xf3, 0x41, 0xf3, 0x62, 0xf3,
    0x61, 0xf3, 0x61, 0xf3, 0x41, 0xf3, 0x21, 0xfb, 0x41, 0xf3, 0x41, 0xfb,
    0x41, 0xf3, 0x42, 0xf3, 0x41, 0xfb, 0x21, 0xf3, 0x42, 0xfb, 0x42, 0xfb,
    0x41, 0xf3, 0x62, 0xf3, 0x61, 0xf3, 0x62, 0xf3, 0x61, 0xf3, 0x62, 0xf3,
    0x62, 0xf3, 0x41, 0xfb, 0x42, 0xfb, 0x41, 0xfb, 0x61, 0xf3, 0x62, 0xf3,
    0x41, 0xf3, 0x41, 0xf3, 0x61, 0xf3, 0x62, 0xfb, 0x62, 0xf3, 0x41, 0xfb,
    0x61, 0xf3, 0x61, 0xfb, 0x61, 0xfb, 0x61, 0xf3, 0x61, 0xfb, 0x61, 0xfb,
    0x62, 0xfb, 0x62, 0xfb, 0x41, 0xf3, 0x41, 0xfb, 0x62, 0xf3, 0x61, 0xfb,
    0x61, 0xfb, 0x62, 0xf3, 0x82, 0xfb, 0x82, 0xfb, 0x82, 0xf3, 0x81, 0xfb,
    0x81, 0xf3, 0x82, 0xfb, 0x82, 0xfb, 0x61, 0xfb, 0x81, 0xf3, 0x82, 0xf3,
    0x81, 0xf3, 0x81, 0xf3, 0xa1, 0xfb, 0xa1, 0xf3, 0xa2, 0xfb, 0xa2, 0xfb,
    0xa1, 0xf3, 0xa1, 0xf3, 0x82, 0xfb, 0xa1, 0xf3, 0x81, 0xfb, 0x81, 0xf3,
    0x82, 0xf3, 0x82, 0xfb, 0x81, 0xfb, 0x82, 0xf3, 0x82, 0xfb, 0x82, 0xf3,
    0x82, 0xf3, 0x61, 0xf3, 0x61, 0xf3, 0x61, 0xf3, 0x62, 0xf3, 0x61, 0xf3,
    0x62, 0xf3, 0x61, 0xf3, 0x62, 0xf3, 0x61, 0xf3, 0x61, 0xf3, 0x61, 0xf3,
    0x61, 0xf3, 0x81, 0xf3, 0x62, 0xfb, 0x61, 0xf3, 0x61, 0xf3, 0x62, 0xf3,
    0x61, 0xf3, 0x61, 0xf3, 0x62, 0xfb, 0x62, 0xf3, 0x61, 0xf3, 0x61, 0xfb,
    0x62, 0xf3, 0x61, 0xf3, 0x61, 0xfb, 0x62, 0xfb, 0x61, 0xf3, 0x61, 0xfb,
    0x61, 0xf3, 0x62, 0xf3, 0x61, 0xfb, 0x61, 0xf3, 0x62, 0xfb, 0x62, 0xfb,
    0x61, 0xf3, 0x61, 0xf3, 0x62, 0xfb, 0x61, 0xf3, 0x61, 0xf3, 0x62, 0xfb,
    0x62, 0xfb, 0x61, 0xf3, 0x42, 0xf3, 0x42, 0xf3, 0x41, 0xf3, 0x41, 0xf3,
    0x42, 0xf3, 0x41, 0xf3, 0x62, 0xf3, 0x62, 0xfb, 0x61, 0xfb, 0x62, 0xf3,
    0x62, 0xf3, 0x61, 0xf3, 0x62, 0xfb, 0x61, 0xf3, 0x41, 0xf3, 0x62, 0xf3,
    0x61, 0xfb, 0x62, 0xf3, 0x42, 0xfb, 0x61, 0xf3, 0x62, 0xf3, 0x61, 0xfb,
    0x61, 0xf3, 0x61, 0xf3, 0x62, 0xfb, 0x61, 0xf3, 0x62, 0xfb, 0x61, 0xfb,
    0x61, 0xfb, 0x62, 0xf3, 0x61, 0xfb, 0x62, 0xf3, 0x62, 0xf3, 0x61, 0xf3,
    0x61, 0xfb, 0x62, 0xfb, 0x62, 0xf3, 0x61, 0xf3, 0x61, 0xf3, 0x62, 0xf3,
    0x61, 0xf3, 0x61, 0xf3, 0x41, 0xf3, 0x61, 0xfb, 0x61, 0xf3, 0x61, 0xf3,
    0x61, 0xf3, 0x61, 0xf3, 0x61, 0xfb, 0x61, 0xf3, 0x61, 0xf3, 0x61, 0xf3,
    0x61, 0xf3, 0x61, 0xf3, 0x61, 0xfb, 0x42, 0xf3, 0x61, 0xf3, 0x61, 0xfb,
    0x61, 0xf3, 0x81, 0xf3, 0x61, 0xf3, 0x61, 0xf3, 0x81, 0xf3, 0x62, 0xfb,
    0x82, 0xf3, 0x61, 0xf3, 0x62, 0xf3, 0x62, 0xf3, 0x61, 0xfb, 0x62, 0xf3,
    0x62, 0xf3, 0x81, 0xf3, 0x82, 0xfb, 0x61, 0xf3, 0x81, 0xf3, 0x81, 0xf3,
    0x82, 0xf3, 0x61, 0xf3, 0x61, 0xfb, 0x82, 0xfb, 0x62, 0xf3, 0x62, 0xfb,
    0x81, 0xfb, 0x62, 0xfb, 0x61, 0xf3, 0x62, 0xfb, 0x62, 0xf3, 0x62, 0xf3,
    0x41, 0xf3, 0x41, 0xf3, 0x41, 0xfb, 0x62, 0xf3, 0x61, 0xf3, 0x42, 0xf3,
    0x42, 0xf3, 0x42, 0xfb, 0x41, 0xf3, 0x42, 0xf3, 0x41, 0xf3, 0x41, 0xf3,
    0x42, 0xf3, 0x61, 0xf3, 0x61, 0xf3, 0x41, 0xf3, 0x41, 0xfb, 0x41, 0xf3,
    0x41, 0xfb, 0x62, 0xf3, 0x41, 0xf3, 0x62, 0xf3, 0x61, 0xf3, 0x61, 0xf3,
    0x61, 0xfb, 0x62, 0xf3, 0x42, 0xf3, 0x41, 0xf3, 0x41, 0xfb, 0x42, 0xfb,
    0x41, 0xfb, 0x41, 0xf3, 0x42, 0xf3, 0x41, 0xf3, 0x62, 0xf3, 0x41, 0xf3,
    0x62, 0xf3, 0x62, 0xf3, 0x41, 0xfb, 0x61, 0xf3, 0x61, 0xf3, 0x61, 0xf3,
    0x41, 0xf3, 0x61, 0xf3, 0x62, 0xf3, 0x62, 0xf3, 0x61, 0xf3, 0x61, 0xf3,
    0x62, 0xf3, 0x41, 0xf3, 0x41, 0xf3, 0x41, 0xf3, 0x61, 0xf3, 0x62, 0xf3,
    0x61, 0xf3, 0x41, 0xf3, 0x62, 0xf3, 0x61, 0xf3, 0x61, 0xf3, 0x61, 0xfb,
    0x62, 0xf3, 0x62, 0xf3, 0x61, 0xf3, 0x61, 0xf3, 0x42, 0xfb, 0x42, 0xfb,
    0x41, 0xf3, 0x41, 0xf3, 0x41, 0xf3, 0x61, 0xf3, 0x61, 0xf3, 0x61, 0xf3,
    0x61, 0xf3, 0x62, 0xf3, 0x62, 0xf3, 0x61, 0xf3, 0x62, 0xf3, 0x61, 0xfb,
    0x62, 0xfb, 0x62, 0xf3, 0x61, 0xfb, 0x61, 0xf3, 0x62, 0xf3, 0x61, 0xf3,
    0x62, 0xf3, 0x61, 0xf3, 0x61, 0xfb, 0x61, 0xf3, 0x81, 0xf3, 0x62, 0xf3,
    0x81, 0xf3, 0x81, 0xf3, 0x82, 0xf3, 0x82, 0xf3, 0x82, 0xfb, 0x81, 0xf3,
    0x61, 0xf3, 0x61, 0xf3, 0x62, 0xf3, 0x62, 0xf3, 0x61, 0xfb, 0x41, 0xf3,
    0x42, 0xf3, 0x41, 0xfb, 0x41, 0xf3, 0x42, 0xf3, 0x61, 0xf3, 0x61, 0xf3,
    0x61, 0xf3, 0x62, 0xf3, 0x61, 0xf3, 0x61, 0xf3, 0x62, 0xfb, 0x61, 0xfb,
    0x61, 0xf3, 0x62, 0xf3, 0x62, 0xf3, 0x61, 0xf3, 0x42, 0xf3, 0x41, 0xf3,
    0x41, 0xf3, 0x41, 0xf3, 0x41, 0xfb, 0x42, 0xf3, 0x41, 0xf3, 0x41, 0xf3,
    0x41, 0xf3, 0x41, 0xf3, 0x41, 0xf3, 0x61, 0xf3, 0x62, 0xfb, 0x61, 0xf3,
    0x61, 0xf3, 0x61, 0xfb, 0x61, 0xf3, 0x62, 0xf3, 0x41, 0xfb, 0x62, 0xf3,
    0x61, 0xf3, 0x61, 0xfb, 0x61, 0xf3, 0x61, 0xf3, 0x62, 0xf3, 0x61, 0xf3,
    0x61, 0xfb, 0x62, 0xf3, 0x61, 0xf3, 0x61, 0xf3, 0x62, 0xfb, 0x61, 0xf3,
    0x61, 0xfb, 0x61, 0xfb, 0x61, 0xf3, 0x62, 0xf3, 0x61, 0xfb, 0x61, 0xf3,
    0x62, 0xf3, 0x61, 0xfb, 0x61, 0xf3, 0x81, 0xf3, 0x82, 0xf3, 0x81, 0xf3,
    0x82, 0xf3, 0x82, 0xf3, 0x81, 0xf3, 0x81, 0xf3, 0x82, 0xf3, 0x81, 0xf3,
    0x81, 0xf3, 0xa1, 0xfb, 0x81, 0xf3, 0x81, 0xf3, 0xc1, 0xfb, 0xa1, 0xfb,
    0xc2, 0xfb, 0xc2, 0xf3, 0xa1, 0xf3, 0xa1, 0xfb, 0xa2, 0xfb, 0x81, 0xf3,
    0x81, 0xf3, 0x82, 0xfb, 0x81, 0xf3, 0x81, 0xf3, 0xa2, 0xf3, 0x81, 0xf3,
    0x81, 0xfb, 0x81, 0xfb, 0x81, 0xf3, 0x82, 0xf3, 0x81, 0xfb, 0x81, 0xf3,
    0x82, 0xf3, 0x82, 0xf3, 0x81, 0xf3, 0x81, 0xf3, 0x61, 0xf3, 0x82, 0xfb,
    0x82, 0xf3, 0x81, 0xf3, 0x82, 0xfb, 0x82, 0xf3, 0x81, 0xf3, 0x81, 0xfb,
    0x62, 0xf3, 0x61, 0xf3, 0x61, 0xf3, 0x61, 0xf3, 0x82, 0xf3, 0x61, 0xfb,
    0x81, 0xf3, 0x62, 0xfb, 0x61, 0xf3, 0x82, 0xf3, 0x62, 0xfb, 0x81, 0xfb,
    0x82, 0xf3, 0x61, 0xf3, 0x82, 0xf3, 0x82, 0xfb, 0x81, 0xfb, 0x82, 0xf3,
    0x62, 0xfb, 0x61, 0xf3, 0x61, 0xf3, 0x62, 0xf3, 0x61, 0xfb, 0x61, 0xf3,
    0x81, 0xf3, 0x62, 0xfb, 0x61, 0xfb, 0x61, 0xfb, 0x62, 0xf3, 0x61, 0xfb,
    0x61, 0xfb, 0x61, 0xf3, 0x62, 0xfb, 0x62, 0xf3, 0x61, 0xf3, 0x61, 0xf3,
    0x61, 0xfb, 0x62, 0xf3, 0x62, 0xfb, 0x61, 0xfb, 0x61, 0xf3, 0x62, 0xf3,
    0x61, 0xf3, 0x61, 0xf3, 0x61, 0xf3, 0x62, 0xf3, 0x61, 0xfb, 0x62, 0xfb,
    0x62, 0xfb, 0x62, 0xf3, 0x61, 0xf3, 0x82, 0xfb, 0x82, 0xfb, 0x61, 0xf3,
    0x61, 0xfb, 0x62, 0xf3, 0x61, 0xf3, 0x61, 0xfb, 0x81, 0xfb, 0x61, 0xf3,
    0x82, 0xf3, 0x81, 0xf3, 0x61, 0xf3, 0x61, 0xf3, 0x61, 0xfb, 0x61, 0xf3,
    0x61, 0xf3, 0x61, 0xf3, 0x61, 0xf3, 0x61, 0xfb, 0x62, 0xf3, 0x61, 0xf3,
    0x62, 0xf3, 0x61, 0xf3, 0x61, 0xf3, 0x81, 0xf3, 0x62, 0xf3, 0x82, 0xf3,
    0x81, 0xf3, 0x81, 0xf3, 0x81, 0xf3, 0x81, 0xfb, 0x82, 0xf3, 0x82, 0xf3,
    0x82, 0xf3, 0x81, 0xf3, 0x81, 0xf3, 0x81, 0xf3, 0x82, 0xfb, 0x81, 0xf3,
    0x82, 0xf3, 0x81, 0xf3, 0x82, 0xf3, 0x81, 0xf3, 0x81, 0xf3, 0x81, 0xf3,
    0x81, 0xf3, 0x81, 0xf3, 0x81, 0xf3, 0x82, 0xf3, 0x82, 0xfb, 0x81, 0xf3,
    0x82, 0xf3, 0x82, 0xfb, 0x82, 0xf3, 0x82, 0xfb, 0x82, 0xfb, 0x81, 0xf3,
    0x81, 0xf3, 0x81, 0xfb, 0x81, 0xf3, 0x81, 0xf3, 0x82, 0xfb, 0x82, 0xfb,
    0x81, 0xf3, 0x61, 0xf3, 0x61, 0xf3, 0x61, 0xf3, 0x62, 0xf3, 0x61, 0xf3,
    0x61, 0xf3, 0x61, 0xf3, 0x61, 0xf3, 0x61, 0xfb, 0x61, 0xf3, 0x42, 0xf3,
    0x41, 0xfb, 0x41, 0xf3, 0x41, 0xf3, 0x61, 0xf3, 0x41, 0xf3, 0x42, 0xf3,
    0x41, 0xf3, 0x61, 0xf3, 0x62, 0xf3, 0x61, 0xf3, 0x62, 0xfb, 0x62, 0xfb,
    0x62, 0xf3, 0x81, 0xfb, 0x61, 0xf3, 0x61, 0xfb, 0x62, 0xf3, 0x61, 0xf3,
    0x42, 0xfb, 0x41, 0xfb, 0x41, 0xf3, 0x62, 0xf3, 0x62, 0xfb, 0x61, 0xfb,
    0x61, 0xf3, 0x62, 0xfb, 0x61, 0xf3, 0x62, 0xf3, 0x62, 0xfb, 0x61, 0xf3,
    0x61, 0xf3, 0x62, 0xf3, 0x62, 0xf3, 0x61, 0xf3, 0x61, 0xf3, 0x61, 0xf3,
    0x61, 0xf3, 0x61, 0xf3, 0x62, 0xf3, 0x61, 0xf3, 0x61, 0xf3, 0x62, 0xf3,
    0x62, 0xf3, 0x61, 0xf3, 0x61, 0xf3, 0x62, 0xf3, 0x61, 0xf3, 0x61, 0xf3,
    0x61, 0xfb, 0x62, 0xfb, 0x62, 0xfb, 0x61, 0xf3, 0x61, 0xf3, 0x62, 0xf3,
    0x41, 0xf3, 0x41, 0xfb, 0x62, 0xf3, 0x61, 0xf3, 0x61, 0xfb, 0x62, 0xfb,
    0x61, 0xf3, 0x61, 0xf3, 0x81, 0xf3, 0x62, 0xf3, 0x61, 0xf3, 0x81, 0xf3,
    0x61, 0xf3, 0x61, 0xf3, 0x82, 0xf3, 0x81, 0xfb, 0x82, 0xf3, 0x82, 0xf3,
    0x82, 0xfb, 0x82, 0xfb, 0x81, 0xf3, 0x82, 0xfb, 0x81, 0xf3, 0x81, 0xf3,
    0x81, 0xf3, 0x82, 0xf3, 0x81, 0xf3, 0x81, 0xfb, 0x81, 0xfb, 0x82, 0xf3,
    0x82, 0xfb, 0x81, 0xf3, 0x81, 0xf3, 0x62, 0xf3, 0x61, 0xf3, 0x61, 0xf3,
    0x61, 0xfb, 0x61, 0xf3, 0x61, 0xf3, 0x62, 0xfb, 0x61, 0xf3, 0x61, 0xf3,
    0x62, 0xfb, 0x62, 0xf3, 0x61, 0xf3, 0x61, 0xf3, 0x61, 0xf3, 0x61, 0xf3,
    0x62, 0xf3, 0x81, 0xfb, 0x81, 0xf3, 0x62, 0xf3, 0x61, 0xfb, 0x61, 0xf3,
    0x42, 0xf3, 0x61, 0xfb, 0x61, 0xf3, 0x62, 0xf3, 0x61, 0xfb, 0x62, 0xf3,
    0x61, 0xf3, 0x61, 0xf3, 0x61, 0xf3, 0x61, 0xf3, 0x41, 0xf3, 0x62, 0xfb,
    0x62, 0xfb, 0x61, 0xf3, 0x61, 0xf3, 0x41, 0xfb, 0x61, 0xf3, 0x61, 0xf3,
    0x62, 0xf3, 0x61, 0xf3, 0x61, 0xf3, 0x61, 0xfb, 0x61, 0xf3, 0x61, 0xf3,
    0x82, 0xf3, 0x81, 0xf3, 0x81, 0xf3, 0x82, 0xf3, 0x82, 0xfb, 0x81, 0xf3,
    0x82, 0xf3, 0x82, 0xf3, 0x62, 0xfb, 0x81, 0xf3, 0x61, 0xf3, 0x82, 0xf3,
    0x61, 0xfb, 0x61, 0xf3, 0x81, 0xf3, 0x82, 0xf3, 0x81, 0xf3, 0x81, 0xf3,
    0x82, 0xfb, 0xa1, 0xf3, 0x81, 0xf3, 0x82, 0xfb, 0xa2, 0xf3, 0xa1, 0xf3,
    0xa2, 0xf3, 0xa2, 0xf3, 0xa2, 0xfb, 0xa1, 0xfb, 0xa1, 0xf3, 0x81, 0xf3,
    0xc1, 0xf3, 0xc1, 0xf3, 0xc2, 0xfb, 0xc2, 0xfb, 0xa1, 0xf3, 0xa1, 0xf3,
    0xa2, 0xfb, 0xa1, 0xfb, 0xa1, 0xf3, 0xa1, 0xfb, 0xa1, 0xf3, 0x81, 0xfb,
    0xa2, 0xfb, 0xa2, 0xf3, 0x81, 0xf3, 0x81, 0xf3, 0x82, 0xf3, 0x81, 0xf3,
    0x82, 0xfb, 0x81, 0xfb, 0x82, 0xf3, 0x81, 0xfb, 0x81, 0xfb, 0x82, 0xf3,
    0xa2, 0xfb, 0xa1, 0xfb, 0xa2, 0xf3, 0x82, 0xfb, 0x81, 0xf3, 0x81, 0xf3,
    0x82, 0xf3, 0x81, 0xf3, 0x81, 0xf3, 0x81, 0xf3, 0x61, 0xfb, 0x61, 0xf3,
    0x81, 0xf3, 0x61, 0xfb, 0x82, 0xfb, 0x81, 0xf3, 0x81, 0xfb, 0x81, 0xf3,
    0x81, 0xfb, 0x81, 0xf3, 0x82, 0xf3, 0x82, 0xfb, 0x82, 0xf3, 0x81, 0xf3,
    0x81, 0xf3, 0x82, 0xf3, 0x82, 0xf3, 0x81, 0xfb, 0x81, 0xf3, 0x82, 0xfb,
    0x82, 0xf3, 0x82, 0xf3, 0x81, 0xfb, 0x82, 0xfb, 0x82, 0xf3, 0x61, 0xf3,
    0x61, 0xfb, 0x61, 0xf3, 0x61, 0xf3, 0x61, 0xfb, 0x61, 0xf3, 0x62, 0xfb,
    0x61, 0xfb, 0x61, 0xf3, 0x61, 0xf3, 0x61, 0xf3, 0x61, 0xfb, 0x61, 0xf3,
    0x61, 0xf3, 0x61, 0xfb, 0x62, 0xfb, 0x82, 0xfb, 0x61, 0xf3, 0x81, 0xf3,
    0x81, 0xf3, 0x61, 0xf3, 0x82, 0xf3, 0x81, 0xf3, 0x82, 0xf3, 0x82, 0xfb,
    0x81, 0xf3, 0x82, 0xf3, 0x82, 0xf3, 0x82, 0xf3, 0x82, 0xf3, 0x82, 0xf3,
    0x81, 0xf3, 0x81, 0xf3, 0x82, 0xf3, 0x82, 0xf3, 0x81, 0xf3, 0x82, 0xf3,
    0x82, 0xfb, 0x82, 0xf3, 0x82, 0xf3, 0x81, 0xfb, 0x81, 0xf3, 0x82, 0xf3,
    0x61, 0xf3, 0x82, 0xf3, 0x81, 0xfb, 0x62, 0xf3, 0x81, 0xf3, 0x82, 0xf3,
    0x82, 0xf3, 0x81, 0xf3, 0x81, 0xf3, 0x81, 0xf3, 0x81, 0xfb, 0x81, 0xf3,
    0x82, 0xfb, 0x81, 0xf3, 0x81, 0xf3, 0x82, 0xfb, 0x81, 0xf3, 0x81, 0xf3,
    0x82, 0xf3, 0x81, 0xf3, 0x61, 0xfb, 0x61, 0xf3, 0x61, 0xf3, 0x82, 0xf3,
    0x82, 0xfb, 0x82, 0xf3, 0x82, 0xf3, 0x82, 0xfb, 0x81, 0xf3, 0x81, 0xf3,
    0x82, 0xf3, 0x81, 0xf3, 0x81, 0xf3, 0x81, 0xf3, 0x82, 0xf3, 0x81, 0xf3,
    0x81, 0xf3, 0x82, 0xf3, 0x82, 0xf3, 0x82, 0xf3, 0x81, 0xf3, 0x81, 0xf3,
    0x82, 0xf3, 0x82, 0xf3, 0x81, 0xfb, 0x61, 0xf3, 0x82, 0xf3, 0x82, 0xf3,
    0x62, 0xf3, 0x81, 0xf3, 0x61, 0xf3, 0x61, 0xfb, 0x62, 0xfb, 0x62, 0xf3,
    0x61, 0xf3, 0x61, 0xf3, 0x42, 0xfb, 0x42, 0xfb, 0x42, 0xf3, 0x61, 0xfb,
    0x62, 0xf3, 0x61, 0xf3, 0x62, 0xf3, 0x61, 0xf3, 0x61, 0xf3, 0x61, 0xf3,
    0x62, 0xfb, 0x62, 0xfb, 0x61, 0xf3, 0x61, 0xf3, 0x61, 0xfb, 0x61, 0xf3,
    0x62, 0xf3, 0x62, 0xfb, 0x41, 0xf3, 0x41, 0xfb, 0x42, 0xfb, 0x61, 0xf3,
    0x62, 0xfb, 0x62, 0xf3, 0x81, 0xfb, 0x62, 0xfb, 0x62, 0xfb, 0x61, 0xfb,
    0x62, 0xf3, 0x62, 0xfb, 0x61, 0xf3, 0x61, 0xf3, 0x61, 0xf3, 0x61, 0xf3,
    0x81, 0xfb, 0x81, 0xf3, 0x62, 0xf3, 0x81, 0xf3, 0x61, 0xf3, 0x61, 0xf3,
    0x61, 0xf3, 0x62, 0xf3, 0x61, 0xf3, 0x61, 0xf3, 0x62, 0xf3, 0x41, 0xfb,
    0x62, 0xfb, 0x61, 0xf3, 0x61, 0xfb, 0x61, 0xf3, 0x61, 0xfb, 0x61, 0xf3,
    0x62, 0xfb, 0x62, 0xf3, 0x61, 0xf3, 0x62, 0xfb, 0x62, 0xf3, 0x62, 0xf3,
    0x62, 0xfb, 0x62, 0xf3, 0x61, 0xf3, 0x82, 0xfb, 0x82, 0xfb, 0x81, 0xf3,
    0x81, 0xfb, 0x61, 0xfb, 0x82, 0xf3, 0x61, 0xf3, 0x82, 0xfb, 0x82, 0xf3,
    0x81, 0xf3, 0x81, 0xf3, 0x82, 0xfb, 0x61, 0xf3, 0x82, 0xf3, 0x82, 0xfb,
    0x81, 0xf3, 0x81, 0xf3, 0x81, 0xfb, 0x81, 0xf3, 0x61, 0xf3, 0x82, 0xfb,
    0x81, 0xf3, 0x81, 0xf3, 0x82, 0xf3, 0x81, 0xf3, 0x82, 0xfb, 0x82, 0xfb,
    0x81, 0xf3, 0x61, 0xf3, 0x62, 0xfb, 0x61, 0xf3, 0x62, 0xf3, 0x62, 0xfb,
    0x61, 0xf3, 0x61, 0xfb, 0x62, 0xfb, 0x61, 0xf3, 0x82, 0xf3, 0x81, 0xf3,
    0x61, 0xf3, 0x82, 0xfb, 0x82, 0xf3, 0x82, 0xf3, 0x81, 0xfb, 0x82, 0xf3,
    0x81, 0xf3, 0x61, 0xf3, 0x62, 0xf3, 0x61, 0xfb, 0x61, 0xf3, 0x62, 0xf3,
    0x62, 0xfb, 0x61, 0xf3, 0x82, 0xf3, 0x81, 0xf3, 0x61, 0xf3, 0x62, 0xfb,
    0x62, 0xfb, 0x61, 0xf3, 0x62, 0xf3, 0x81, 0xf3, 0x61, 0xfb, 0x62, 0xf3,
    0x61, 0xf3, 0x61, 0xf3, 0x62, 0xf3, 0x81, 0xf3, 0x61, 0xf3, 0x62, 0xf3,
    0x61, 0xfb, 0x61, 0xfb, 0x62, 0xf3, 0x81, 0xf3, 0xa1, 0xf3, 0xa2, 0xf3,
    0x81, 0xf3, 0xa2, 0xfb, 0x81, 0xf3, 0x81, 0xfb, 0x82, 0xfb, 0x82, 0xf3,
    0x81, 0xf3, 0x82, 0xfb, 0x82, 0xfb, 0x82, 0xf3, 0x82, 0xfb, 0x82, 0xfb,
    0x81, 0xf3, 0x81, 0xf3, 0x81, 0xf3, 0xa2, 0xf3, 0xa1, 0xf3, 0xa1, 0xf3,
    0xa2, 0xf3, 0xa2, 0xf3, 0xa1, 0xfb, 0xa2, 0xf3, 0x81, 0xf3, 0xa2, 0xfb,
    0xa2, 0xf3, 0x81, 0xf3, 0xc1, 0xfb, 0xc1, 0xf3, 0xa1, 0xf3, 0xa2, 0xf3,
    0xc1, 0xf3, 0xa1, 0xf3, 0xa2, 0xfb, 0xa1, 0xf3, 0xa2, 0xf3, 0xa2, 0xfb,
    0x81, 0xf3, 0xa1, 0xf3, 0xa1, 0xfb, 0xa2, 0xf3, 0xa2, 0xf3, 0x82, 0xf3,
    0x81, 0xf3, 0x81, 0xf3, 0x81, 0xf3, 0x82, 0xf3, 0x81, 0xf3, 0xa2, 0xf3,
    0xa2, 0xfb, 0xa2, 0xfb, 0xa2, 0xf3, 0xa1, 0xf3, 0x81, 0xf3, 0xa2, 0xf3,
    0xa1, 0xf3, 0xa2, 0xf3, 0x81, 0xfb, 0x82, 0xf3, 0x81, 0xf3, 0x82, 0xfb,
    0x81, 0xf3, 0x81, 0xf3, 0x81, 0xf3, 0x81, 0xf3, 0x82, 0xf3, 0x81, 0xf3,
    0x82, 0xf3, 0x82, 0xf3, 0x82, 0xf3, 0x81, 0xf3, 0x81, 0xfb, 0x82, 0xfb,
    0x81, 0xf3, 0x81, 0xf3, 0x82, 0xfb, 0x81, 0xf3, 0x81, 0xf3, 0x82, 0xf3,
    0x82, 0xf3, 0x81, 0xfb, 0x81, 0xf3, 0x81, 0xf3, 0x82, 0xfb, 0x81, 0xf3,
    0x82, 0xf3, 0x81, 0xf3, 0x82, 0xf3, 0x82, 0xf3, 0x82, 0xf3, 0x82, 0xfb,
    0x82, 0xf3, 0x81, 0xfb, 0x81, 0xfb, 0x61, 0xfb, 0x81, 0xfb, 0x81, 0xfb,
    0x81, 0xf3, 0x61, 0xf3, 0x82, 0xfb, 0x81, 0xf3, 0x82, 0xf3, 0x82, 0xf3,
    0x82, 0xf3, 0x81, 0xf3, 0x82, 0xf3, 0x82, 0xf3, 0x81, 0xf3, 0x81, 0xf3,
    0x81, 0xf3, 0x81, 0xf3, 0x81, 0xf3, 0x81, 0xf3, 0x81, 0xfb, 0xa1, 0xf3,
    0x81, 0xfb, 0x82, 0xf3, 0x81, 0xf3, 0xa1, 0xfb, 0x81, 0xf3, 0x81, 0xf3,
    0x81, 0xf3, 0x81, 0xf3, 0x82, 0xf3, 0x81, 0xf3, 0x81, 0xf3, 0x81, 0xfb,
    0x81, 0xf3, 0x81, 0xf3, 0x81, 0xf3, 0x81, 0xf3, 0x81, 0xf3, 0x81, 0xf3,
    0x81, 0xf3, 0x81, 0xf3, 0x81, 0xf3, 0x81, 0xf3, 0x81, 0xf3, 0x82, 0xf3,
    0x81, 0xf3, 0x81, 0xf3, 0x81, 0xf3, 0x81, 0xf3, 0x82, 0xfb, 0x81, 0xfb,
    0x82, 0xf3, 0x81, 0xf3, 0x81, 0xf3, 0x81, 0xf3, 0x81, 0xf3, 0x81, 0xf3,
    0x81, 0xf3, 0xa1, 0xf3, 0x81, 0xf3, 0x81, 0xf3, 0x81, 0xfb, 0x81, 0xf3,
    0xa2, 0xfb, 0xa2, 0xf3, 0x81, 0xf3, 0x81, 0xf3, 0xa2, 0xf3, 0x81, 0xf3,
    0x81, 0xfb, 0x82, 0xf3, 0x81, 0xf3, 0xa1, 0xf3, 0xa2, 0xfb, 0x82, 0xfb,
    0xa2, 0xfb, 0xa1, 0xfb, 0x81, 0xf3, 0x82, 0xfb, 0x81, 0xf3, 0x81, 0xf3,
    0x82, 0xf3, 0x81, 0xf3, 0x81, 0xf3, 0x82, 0xf3, 0x61, 0xf3, 0x62, 0xfb,
    0x61, 0xf3, 0x61, 0xf3, 0x62, 0xf3, 0x61, 0xfb, 0x61, 0xfb, 0x62, 0xf3,
    0x61, 0xf3, 0x61, 0xf3, 0x62, 0xfb, 0x61, 0xf3, 0x61, 0xf3, 0x62, 0xf3,
    0x61, 0xf3, 0x61, 0xf3, 0x81, 0xf3, 0x81, 0xf3, 0x81, 0xf3, 0x62, 0xf3,
    0x61, 0xfb, 0x61, 0xf3, 0x61, 0xf3, 0x61, 0xfb, 0x61, 0xf3, 0x61, 0xf3,
    0x61, 0xf3, 0x61, 0xfb, 0x81, 0xf3, 0x81, 0xf3, 0x82, 0xf3, 0x82, 0xf3,
    0x81, 0xf3, 0x81, 0xf3, 0x81, 0xfb, 0x62, 0xf3, 0x61, 0xf3, 0x82, 0xf3,
    0x82, 0xfb, 0x82, 0xf3, 0x81, 0xf3, 0x82, 0xfb, 0x82, 0xf3, 0x82, 0xfb,
    0x81, 0xf3, 0x61, 0xf3, 0x61, 0xf3, 0x62, 0xf3, 0x62, 0xf3, 0x61, 0xf3,
    0x61, 0xf3, 0x61, 0xf3, 0x61, 0xf3, 0x61, 0xfb, 0x62, 0xf3, 0x61, 0xf3,
    0x81, 0xf3, 0x82, 0xf3, 0x61, 0xfb, 0x81, 0xf3, 0x81, 0xf3, 0x81, 0xf3,
    0x81, 0xf3, 0x61, 0xf3, 0x61, 0xf3, 0x81, 0xf3, 0x81, 0xfb, 0x82, 0xfb,
    0x82, 0xf3, 0x81, 0xf3, 0x81, 0xf3, 0x81, 0xf3, 0x81, 0xf3, 0x81, 0xf3,
    0x81, 0xfb, 0x81, 0xf3, 0x81, 0xf3, 0x81, 0xf3, 0x82, 0xf3, 0x81, 0xf3,
    0x81, 0xfb, 0x82, 0xf3, 0x81, 0xfb, 0x82, 0xf3, 0x81, 0xf3, 0x81, 0xf3,
    0x81, 0xf3, 0x82, 0xfb, 0x81, 0xf3, 0x81, 0xf3, 0x82, 0xf3, 0x81, 0xf3,
    0x81, 0xf3, 0x81, 0xf3, 0x81, 0xf3, 0x81, 0xf3, 0x61, 0xf3, 0x61, 0xf3,
    0x61, 0xf3, 0x82, 0xf3, 0x81, 0xf3, 0x61, 0xf3, 0x61, 0xf3, 0x82, 0xf3,
    0x82, 0xfb, 0x82, 0xf3, 0x82, 0xfb, 0x81, 0xf3, 0x81, 0xf3, 0x81, 0xfb,
    0x82, 0xf3, 0x82, 0xfb, 0x82, 0xfb, 0x81, 0xf3, 0x61, 0xf3, 0x61, 0xf3,
    0x61, 0xf3, 0x61, 0xf3, 0x81, 0xf3, 0x81, 0xf3, 0x82, 0xf3, 0x82, 0xf3,
    0x82, 0xfb, 0x82, 0xf3, 0x81, 0xf3, 0x81, 0xf3, 0x81, 0xf3, 0x81, 0xf3,
    0x62, 0xf3, 0x82, 0xf3, 0x61, 0xf3, 0x81, 0xf3, 0x82, 0xf3, 0x82, 0xf3,
    0x81, 0xf3, 0x81, 0xf3, 0x81, 0xf3, 0x81, 0xf3, 0x81, 0xfb, 0x82, 0xf3,
    0xa2, 0xf3, 0xa1, 0xfb, 0xa2, 0xf3, 0xa1, 0xf3, 0xa2, 0xf3, 0xa1, 0xf3,
    0x81, 0xf3, 0xa1, 0xf3, 0xa1, 0xfb, 0x82, 0xfb, 0xa1, 0xf3, 0x81, 0xf3,
    0x81, 0xf3, 0x81, 0xfb, 0xa2, 0xf3, 0xa1, 0xf3, 0xa2, 0xf3, 0xa2, 0xf3,
    0xa1, 0xf3, 0x81, 0xf3, 0xa2, 0xf3, 0xa1, 0xf3, 0xa1, 0xfb, 0xa1, 0xf3,
    0xa1, 0xf3, 0xa2, 0xfb, 0xa1, 0xf3, 0xa1, 0xf3, 0xc1, 0xfb, 0xc1, 0xfb,
    0xa1, 0xf3, 0xc1, 0xf3, 0xa2, 0xf3, 0xa2, 0xfb, 0xa1, 0xfb, 0xa2, 0xf3,
    0xa2, 0xfb, 0xa1, 0xfb, 0xa1, 0xf3, 0xa2, 0xfb, 0xa1, 0xfb, 0xa1, 0xf3,
    0xa2, 0xf3, 0xa2, 0xfb, 0xa1, 0xfb, 0x81, 0xf3, 0x82, 0xf3, 0xa1, 0xf3,
    0xa1, 0xfb, 0xa2, 0xf3, 0xa2, 0xfb, 0xa1, 0xfb, 0xa2, 0xf3, 0xa2, 0xfb,
    0xa2, 0xfb, 0xa1, 0xf3, 0xa2, 0xf3, 0xa2, 0xfb, 0xa1, 0xf3, 0xa1, 0xf3,
    0x82, 0xfb, 0xa2, 0xfb, 0xa1, 0xf3, 0x82, 0xfb, 0xa2, 0xfb, 0xa1, 0xf3,
    0x82, 0xf3, 0xa2, 0xfb, 0xa1, 0xfb, 0xa2, 0xf3, 0xa2, 0xfb, 0xa1, 0xf3,
    0xa2, 0xf3, 0x82, 0xfb, 0x81, 0xf3, 0xa1, 0xf3, 0xa2, 0xfb, 0x82, 0xfb,
    0xa1, 0xfb, 0xa1, 0xf3, 0x82, 0xf3, 0x81, 0xfb, 0x81, 0xfb, 0x81, 0xf3,
    0xa2, 0xf3, 0x81, 0xfb, 0x81, 0xfb, 0x81, 0xfb, 0x82, 0xfb, 0x81, 0xf3,
    0x81, 0xf3, 0x82, 0xf3, 0x82, 0xfb, 0x81, 0xf3, 0x82, 0xfb, 0x82, 0xf3,
    0x82, 0xfb, 0x81, 0xfb, 0x82, 0xfb, 0x82, 0xf3, 0x81, 0xfb, 0x81, 0xf3,
    0x82, 0xf3, 0x81, 0xfb, 0x81, 0xf3, 0x81, 0xf3, 0x81, 0xf3, 0x81, 0xf3,
    0x81, 0xf3, 0xa2, 0xf3, 0xa2, 0xf3, 0xa2, 0xf3, 0xa1, 0xf3, 0xa2, 0xf3,
    0xa2, 0xf3, 0xa1, 0xf3, 0xa1, 0xfb, 0x82, 0xfb, 0xa2, 0xf3, 0xa2, 0xf3,
    0xa1, 0xf3, 0xa2, 0xf3, 0xa1, 0xf3, 0xa2, 0xfb, 0x81, 0xf3, 0x81, 0xf3,
    0x81, 0xf3, 0x81, 0xf3, 0x82, 0xf3, 0x82, 0xfb, 0x81, 0xf3, 0x81, 0xf3,
    0x81, 0xf3, 0x81, 0xfb, 0x82, 0xf3, 0x81, 0xfb, 0x81, 0xf3, 0x82, 0xf3,
    0x81, 0xfb, 0x81, 0xf3, 0x82, 0xf3, 0x82, 0xf3, 0x81, 0xf3, 0x82, 0xfb,
    0xa2, 0xf3, 0xa1, 0xf3, 0x81, 0xf3, 0x81, 0xfb, 0x82, 0xf3, 0x81, 0xf3,
    0x81, 0xf3, 0x81, 0xf3, 0x82, 0xf3, 0xa2, 0xf3, 0x81, 0xfb, 0x81, 0xf3,
    0xa1, 0xf3, 0x81, 0xf3, 0xa2, 0xfb, 0xa2, 0xf3, 0xa2, 0xf3, 0xa2, 0xfb,
    0xa2, 0xf3, 0xa1, 0xf3, 0x81, 0xf3, 0x82, 0xfb, 0xa1, 0xf3, 0x81, 0xf3,
    0x81, 0xfb, 0xa1, 0xf3, 0x82, 0xf3, 0xa2, 0xfb, 0xa1, 0xf3, 0x82, 0xfb,
    0xa2, 0xf3, 0xa1, 0xf3, 0x82, 0xfb, 0x81, 0xf3, 0x81, 0xf3, 0x82, 0xf3,
    0x81, 0xf3, 0x61, 0xf3, 0x62, 0xf3, 0x81, 0xf3, 0x61, 0xf3, 0x62, 0xf3,
    0x61, 0xfb, 0x61, 0xf3, 0x81, 0xf3, 0x81, 0xf3, 0x82, 0xfb, 0x61, 0xf3,
    0x82, 0xf3, 0x82, 0xf3, 0x61, 0xf3, 0x61, 0xf3, 0x82, 0xf3, 0xa2, 0xf3,
    0x82, 0xfb, 0x82, 0xf3, 0x81, 0xf3, 0x62, 0xf3, 0x81, 0xf3, 0x82, 0xfb,
    0x81, 0xf3, 0x81, 0xf3, 0x82, 0xfb, 0x81, 0xfb, 0x81, 0xf3, 0x81, 0xfb,
    0x82, 0xfb, 0x81, 0xfb, 0x81, 0xfb, 0x82, 0xf3, 0x81, 0xfb, 0x82, 0xf3,
    0x81, 0xf3, 0x81, 0xf3, 0x82, 0xfb, 0x81, 0xf3, 0x82, 0xf3, 0x81, 0xfb,
    0x81, 0xf3, 0x82, 0xf3, 0x81, 0xf3, 0x82, 0xf3, 0x81, 0xf3, 0x81, 0xf3,
    0x82, 0xf3, 0x81, 0xf3, 0x82, 0xf3, 0x81, 0xf3, 0x82, 0xf3, 0x81, 0xfb,
    0x61, 0xf3, 0x82, 0xf3, 0x82, 0xfb, 0x81, 0xf3, 0x81, 0xf3, 0x81, 0xf3,
    0x82, 0xf3, 0x81, 0xf3, 0x81, 0xfb, 0x81, 0xf3, 0x82, 0xf3, 0x81, 0xf3,
    0x82, 0xf3, 0x81, 0xf3, 0x81, 0xf3, 0x81, 0xf3, 0x81, 0xf3, 0x81, 0xf3,
    0x82, 0xfb, 0x81, 0xfb, 0xa2, 0xf3, 0xa2, 0xf3, 0x81, 0xf3, 0x82, 0xf3,
    0x81, 0xf3, 0x81, 0xf3, 0x81, 0xf3, 0x82, 0xf3, 0x81, 0xf3, 0x81, 0xf3,
    0x82, 0xfb, 0x81, 0xf3, 0x81, 0xf3, 0x82, 0xfb, 0x81, 0xf3, 0x81, 0xf3,
    0x82, 0xfb, 0x81, 0xfb, 0x81, 0xf3, 0x82, 0xfb, 0x82, 0xf3, 0x81, 0xf3,
    0x82, 0xfb, 0x81, 0xfb, 0x81, 0xf3, 0x82, 0xf3, 0x81, 0xfb, 0x82, 0xf3,
    0x81, 0xf3, 0x81, 0xf3, 0x82, 0xf3, 0x81, 0xfb, 0x82, 0xf3, 0x81, 0xf3,
    0x81, 0xf3, 0x81, 0xf3, 0x82, 0xf3, 0x81, 0xf3, 0x82, 0xf3, 0x82, 0xf3,
    0x81, 0xfb, 0x62, 0xf3, 0x82, 0xf3, 0x81, 0xfb, 0x81, 0xf3, 0x81, 0xfb,
    0x82, 0xf3, 0x81, 0xf3, 0x81, 0xf3, 0x81, 0xf3, 0x81, 0xf3, 0x81, 0xf3,
    0x81, 0xf3, 0x81, 0xf3, 0x81, 0xf3, 0x81, 0xf3, 0x82, 0xf3, 0x81, 0xf3,
    0x81, 0xf3, 0x82, 0xf3, 0x81, 0xfb, 0x81, 0xf3, 0x81, 0xf3, 0x81, 0xf3,
    0xa1, 0xfb, 0xa2, 0xf3, 0xa2, 0xfb, 0xa1, 0xfb, 0xa2, 0xf3, 0xa2, 0xfb,
    0xa2, 0xfb, 0xa2, 0xf3, 0xa1, 0xf3, 0x82, 0xf3, 0x82, 0xf3, 0xa1, 0xfb,
    0x81, 0xf3, 0xa2, 0xf3, 0xa1, 0xf3, 0x81, 0xf3, 0xa1, 0xf3, 0xa2, 0xfb,
    0xa1, 0xf3, 0xa2, 0xf3, 0xa2, 0xf3, 0xa1, 0xf3, 0xa1, 0xf3, 0xa1, 0xf3,
    0xa2, 0xfb, 0xa2, 0xfb, 0xc2, 0xf3, 0xc2, 0xfb, 0xc1, 0xfb, 0xa1, 0xf3,
    0xc1, 0xfb, 0xc1, 0xfb, 0xc1, 0xfb, 0xc2, 0xf3, 0xc1, 0xfb, 0xa2, 0xfb,
    0xa1, 0xf3, 0xa1, 0xf3, 0xa2, 0xfb, 0xa1, 0xf3, 0xa1, 0xf3, 0xa2, 0xfb,
    0xa2, 0xfb, 0xa1, 0xf3, 0xa2, 0xf3, 0xa2, 0xfb, 0xa1, 0xf3, 0xa1, 0xf3,
    0x82, 0xf3, 0x81, 0xf3, 0x81, 0xfb, 0xa2, 0xf3, 0xa1, 0xfb, 0xa1, 0xfb,
    0xa1, 0xf3, 0xa2, 0xfb, 0xa1, 0xf3, 0xa2, 0xfb, 0xa2, 0xfb, 0xa2, 0xf3,
    0xa1, 0xf3, 0xa2, 0xf3, 0x81, 0xf3, 0xa1, 0xf3, 0x81, 0xf3, 0xa2, 0xf3,
    0xa1, 0xfb, 0xa1, 0xf3, 0xa2, 0xfb, 0xa2, 0xfb, 0x81, 0xf3, 0x81, 0xf3,
    0xa1, 0xfb, 0x81, 0xf3, 0xa2, 0xf3, 0xa1, 0xf3, 0xa1, 0xf3, 0x82, 0xfb,
    0xa2, 0xf3, 0xa2, 0xf3, 0x81, 0xfb, 0xa1, 0xf3, 0xa1, 0xf3, 0xa1, 0xf3,
    0xa2, 0xfb, 0xa2, 0xf3, 0x81, 0xf3, 0xa1, 0xf3, 0xa2, 0xfb, 0xa1, 0xf3,
    0x81, 0xf3, 0x82, 0xf3, 0x81, 0xfb, 0xa1, 0xf3, 0xa1, 0xf3, 0x82, 0xf3,
    0x81, 0xf3, 0xa1, 0xfb, 0xa2, 0xf3, 0xa1, 0xfb, 0xa2, 0xfb, 0xa2, 0xf3,
    0xa1, 0xfb, 0x81, 0xfb, 0x82, 0xf3, 0x81, 0xf3, 0xa2, 0xf3, 0xa2, 0xf3,
    0x81, 0xf3, 0xa2, 0xf3, 0xa1, 0xf3, 0xa2, 0xfb, 0xa1, 0xf3, 0xa1, 0xf3,
    0xa2, 0xf3, 0xa1, 0xf3, 0xa2, 0xfb, 0xa1, 0xf3, 0x81, 0xf3, 0xa2, 0xf3,
    0x81, 0xfb, 0xa2, 0xf3, 0xa2, 0xf3, 0xa1, 0xf3, 0xa2, 0xf3, 0xa2, 0xf3,
    0x81, 0xf3, 0xa2, 0xfb, 0xa2, 0xf3, 0x81, 0xf3, 0x81, 0xf3, 0x81, 0xf3,
    0x81, 0xf3, 0x82, 0xf3, 0x81, 0xfb, 0xa1, 0xf3, 0xa2, 0xf3, 0xa1, 0xfb,
    0xa2, 0xf3, 0xa1, 0xf3, 0x81, 0xf3, 0xa1, 0xf3, 0xa1, 0xf3, 0xa2, 0xf3,
    0xa1, 0xf3, 0xa2, 0xfb, 0x81, 0xf3, 0xa1, 0xf3, 0xa2, 0xf3, 0x81, 0xfb,
    0x82, 0xf3, 0x81, 0xf3, 0x81, 0xfb, 0x81, 0xf3, 0x82, 0xfb, 0xa2, 0xf3,
    0x81, 0xf3, 0xa2, 0xf3, 0xa2, 0xfb, 0x82, 0xf3, 0x81, 0xf3, 0xa1, 0xf3,
    0xa2, 0xfb, 0xa1, 0xf3, 0xa2, 0xfb, 0xa2, 0xf3, 0xa1, 0xf3, 0xa2, 0xfb,
    0xa2, 0xf3, 0xa2, 0xf3, 0xa2, 0xf3, 0xa1, 0xf3, 0xa1, 0xf3, 0xa2, 0xf3,
    0xa1, 0xf3, 0x82, 0xf3, 0xa1, 0xf3, 0xa2, 0xf3, 0x82, 0xf3, 0xa2, 0xf3,
    0x81, 0xf3, 0xa1, 0xf3, 0x82, 0xf3, 0x81, 0xfb, 0x81, 0xf3, 0x82, 0xf3,
    0x81, 0xf3, 0x61, 0xf3, 0x82, 0xf3, 0x82, 0xf3, 0x81, 0xf3, 0x82, 0xf3,
    0x81, 0xf3, 0x61, 0xf3, 0x81, 0xf3, 0x81, 0xf3, 0x81, 0xf3, 0x82, 0xf3,
    0xa2, 0xf3, 0xa1, 0xfb, 0x81, 0xf3, 0x81, 0xf3, 0x82, 0xfb, 0x81, 0xfb,
    0x82, 0xf3, 0x82, 0xf3, 0x81, 0xfb, 0x82, 0xf3, 0x82, 0xf3, 0x82, 0xf3,
    0x82, 0xf3, 0x82, 0xfb, 0x81, 0xfb, 0xa2, 0xf3, 0x82, 0xf3, 0x81, 0xfb,
    0x82, 0xfb, 0xa1, 0xf3, 0xa2, 0xfb, 0x81, 0xfb, 0xa2, 0xf3, 0xa2, 0xf3,
    0xa1, 0xf3, 0xa1, 0xf3, 0x82, 0xfb, 0x81, 0xf3, 0x81, 0xf3, 0x81, 0xf3,
    0x81, 0xf3, 0x81, 0xf3, 0x82, 0xf3, 0x82, 0xf3, 0x82, 0xf3, 0x82, 0xfb,
    0xa2, 0xfb, 0x82, 0xf3, 0x81, 0xf3, 0x81, 0xf3, 0x81, 0xfb, 0x82, 0xf3,
    0x81, 0xf3, 0x82, 0xfb, 0x82, 0xf3, 0x81, 0xf3, 0x81, 0xfb, 0x82, 0xf3,
    0x81, 0xf3, 0x81, 0xf3, 0x81, 0xf3, 0x81, 0xf3, 0x82, 0xf3, 0x81, 0xfb,
    0x82, 0xf3, 0x81, 0xf3, 0xa2, 0xfb, 0x81, 0xf3, 0xa2, 0xf3, 0xa1, 0xfb,
    0x82, 0xfb, 0xa2, 0xfb, 0xa1, 0xfb, 0xa2, 0xf3, 0xa2, 0xf3, 0x81, 0xf3,
    0xa2, 0xf3, 0xa1, 0xf3, 0x82, 0xf3, 0x82, 0xfb, 0xa1, 0xf3, 0x82, 0xf3,
    0xa2, 0xf3, 0xa1, 0xf3, 0xa2, 0xfb, 0xa2, 0xf3, 0x81, 0xf3, 0xa2, 0xf3,
    0xa2, 0xfb, 0xa1, 0xf3, 0x82, 0xf3, 0x82, 0xfb, 0x81, 0xf3, 0x81, 0xf3,
    0x82, 0xf3, 0x81, 0xfb, 0x82, 0xf3, 0x81, 0xfb, 0x81, 0xf3, 0x81, 0xf3,
    0x81, 0xfb, 0x82, 0xf3, 0xa2, 0xf3, 0xa2, 0xf3, 0xa1, 0xf3, 0xa1, 0xf3,
    0x81, 0xf3, 0x81, 0xf3, 0x82, 0xfb, 0x82, 0xfb, 0x82, 0xfb, 0x81, 0xf3,
    0xa2, 0xf3, 0x82, 0xfb, 0xa1, 0xf3, 0xa2, 0xf3, 0xa2, 0xfb, 0xa2, 0xfb,
    0x81, 0xf3, 0x81, 0xf3, 0x82, 0xf3, 0x82, 0xf3, 0x61, 0xfb, 0x81, 0xf3,
    0x82, 0xf3, 0x81, 0xf3, 0xa1, 0xf3, 0x82, 0xf3, 0x81, 0xf3, 0x82, 0xf3,
    0xa2, 0xfb, 0xa2, 0xfb, 0x82, 0xf3, 0xa1, 0xf3, 0xa2, 0xfb, 0xa2, 0xf3,
    0xa1, 0xf3, 0xa2, 0xf3, 0xa1, 0xfb, 0xa2, 0xf3, 0xa1, 0xf3, 0xa2, 0xf3,
    0x82, 0xf3, 0x81, 0xf3, 0xa1, 0xf3, 0x82, 0xfb, 0xa2, 0xfb, 0xa1, 0xf3,
    0xa1, 0xf3, 0xa1, 0xf3, 0xa1, 0xf3, 0x82, 0xf3, 0xa1, 0xf3, 0xa1, 0xf3,
    0xa1, 0xf3, 0xa1, 0xf3, 0xa1, 0xf3, 0xa2, 0xfb, 0xc1, 0xfb, 0xc1, 0xf3,
    0xc2, 0xf3, 0xa1, 0xf3, 0xc1, 0xf3, 0xc1, 0xfb, 0xc2, 0xfb, 0xc2, 0xfb,
    0xc1, 0xf3, 0xc1, 0xf3, 0xc2, 0xf3, 0xc2, 0xfb, 0xc2, 0xfb, 0xa1, 0xf3,
    0xa2, 0xfb, 0xa1, 0xf3, 0xa2, 0xf3, 0xa1, 0xf3, 0xa1, 0xf3, 0xa2, 0xf3,
    0xa2, 0xf3, 0xa1, 0xf3, 0xa2, 0xf3, 0xa1, 0xf3, 0xa2, 0xfb, 0xa1, 0xf3,
    0xa1, 0xfb, 0xa1, 0xf3, 0xc2, 0xf3, 0xc1, 0xf3, 0xa1, 0xf3, 0xa2, 0xf3,
    0xa1, 0xf3, 0xa1, 0xfb, 0xa2, 0xf3, 0xa2, 0xfb, 0xa2, 0xfb, 0xa1, 0xf3,
    0xa1, 0xf3, 0xa2, 0xfb, 0xa1, 0xf3, 0xa1, 0xf3, 0xa1, 0xfb, 0xa1, 0xf3,
    0xa1, 0xf3, 0xa1, 0xf3, 0xa1, 0xf3, 0xa1, 0xf3, 0xa1, 0xf3, 0xa1, 0xf3,
    0xa1, 0xf3, 0x81, 0xfb, 0xa2, 0xfb, 0xa2, 0xf3, 0xa1, 0xfb, 0xa1, 0xfb,
    0xa1, 0xfb, 0xa1, 0xf3, 0xa1, 0xf3, 0xa1, 0xf3, 0xa1, 0xfb, 0xa1, 0xfb,
    0xa1, 0xf3, 0xa1, 0xf3, 0x81, 0xfb, 0xa2, 0xf3, 0xa2, 0xf3, 0xa2, 0xf3,
    0xa2, 0xfb, 0xa2, 0xfb, 0xa1, 0xfb, 0xa1, 0xfb, 0xa1, 0xf3, 0x81, 0xf3,
    0xa1, 0xf3, 0xa2, 0xfb, 0xa1, 0xfb, 0x81, 0xf3, 0xa2, 0xf3, 0xa2, 0xf3,
    0xa2, 0xfb, 0xa2, 0xfb, 0xa1, 0xf3, 0xa2, 0xfb, 0xa2, 0xf3, 0xa2, 0xfb,
    0x81, 0xf3, 0xa2, 0xf3, 0xa1, 0xf3, 0xa1, 0xf3, 0xa1, 0xfb, 0xa2, 0xfb,
    0xa1, 0xf3, 0xa1, 0xf3, 0xa1, 0xf3, 0xa1, 0xf3, 0xa2, 0xfb, 0xa1, 0xf3,
    0x81, 0xfb, 0xa2, 0xf3, 0xa1, 0xf3, 0xa2, 0xf3, 0xa2, 0xf3, 0xa1, 0xf3,
    0xa1, 0xf3, 0xa1, 0xf3, 0xa1, 0xf3, 0xa1, 0xf3, 0xa1, 0xf3, 0xa1, 0xf3,
    0xa2, 0xf3, 0x81, 0xf3, 0xa1, 0xf3, 0xa1, 0xf3, 0xa1, 0xf3, 0xa1, 0xf3,
    0xa1, 0xf3, 0xa1, 0xf3, 0xa1, 0xf3, 0xa1, 0xf3, 0xa1, 0xf3, 0xa1, 0xf3,
    0xa1, 0xf3, 0xa1, 0xf3, 0xa1, 0xf3, 0xa1, 0xf3, 0x81, 0xf3, 0xa1, 0xfb,
    0x81, 0xf3, 0xa2, 0xf3, 0xa1, 0xf3, 0xa1, 0xf3, 0xa2, 0xf3, 0xa1, 0xf3,
    0xa1, 0xf3, 0xa2, 0xf3, 0xa1, 0xf3, 0xa2, 0xf3, 0xa2, 0xfb, 0xa1, 0xf3,
    0xa2, 0xf3, 0xa2, 0xfb, 0xa1, 0xf3, 0xa2, 0xf3, 0xa2, 0xf3, 0xa2, 0xf3,
    0xa2, 0xf3, 0xa2, 0xf3, 0xa1, 0xf3, 0xa1, 0xf3, 0xa2, 0xfb, 0xa2, 0xf3,
    0xa2, 0xf3, 0xa1, 0xfb, 0xa1, 0xf3, 0xa1, 0xf3, 0xa1, 0xf3, 0x81, 0xf3,
    0x82, 0xfb, 0x81, 0xf3, 0x81, 0xf3, 0x82, 0xfb, 0x82, 0xf3, 0x81, 0xf3,
    0x81, 0xf3, 0x82, 0xf3, 0x82, 0xf3, 0x82, 0xf3, 0x81, 0xf3, 0x81, 0xf3,
    0x82, 0xf3, 0xa1, 0xf3, 0xa1, 0xf3, 0x82, 0xfb, 0xa1, 0xf3, 0xa1, 0xf3,
    0x81, 0xf3, 0xa1, 0xfb, 0x81, 0xf3, 0x81, 0xf3, 0x82, 0xf3, 0x81, 0xf3,
    0x81, 0xf3, 0xa1, 0xfb, 0xa1, 0xf3, 0x81, 0xf3, 0xa2, 0xf3, 0xa1, 0xf3,
    0xa1, 0xf3, 0xa1, 0xf3, 0x81, 0xf3, 0xa2, 0xf3, 0x81, 0xf3, 0xa1, 0xfb,
    0xa2, 0xfb, 0xa1, 0xf3, 0xa1, 0xf3, 0xa2, 0xf3, 0xa1, 0xf3, 0xa1, 0xf3,
    0x81, 0xf3, 0x81, 0xf3, 0x82, 0xf3, 0xa2, 0xf3, 0xa1, 0xf3, 0xa1, 0xf3,
    0xa2, 0xf3, 0xa1, 0xf3, 0xa1, 0xf3, 0xa2, 0xf3, 0xa1, 0xf3, 0xa1, 0xf3,
    0x82, 0xf3, 0x81, 0xfb, 0x82, 0xfb, 0xa1, 0xf3, 0xa2, 0xf3, 0x81, 0xf3,
    0x81, 0xf3, 0x82, 0xf3, 0xa2, 0xf3, 0xa1, 0xf3, 0xa2, 0xf3, 0xa2, 0xf3,
    0xa1, 0xf3, 0xa2, 0xfb, 0xa1, 0xfb, 0xa1, 0xf3, 0xa1, 0xf3, 0xa1, 0xf3,
    0x81, 0xf3, 0x81, 0xfb, 0xa1, 0xf3, 0xa1, 0xf3, 0xa1, 0xf3, 0xa2, 0xfb,
    0xa2, 0xf3, 0xa1, 0xf3, 0xa1, 0xf3, 0xa1, 0xf3, 0xa2, 0xf3, 0xa1, 0xfb,
    0xa2, 0xf3, 0xa2, 0xfb, 0xa2, 0xf3, 0xa1, 0xf3, 0xa1, 0xf3, 0xa2, 0xf3,
    0xa2, 0xf3, 0xa1, 0xf3, 0xa2, 0xfb, 0xa2, 0xfb, 0xa1, 0xf3, 0xa2, 0xfb,
    0x82, 0xf3, 0xa1, 0xfb, 0x81, 0xf3, 0x82, 0xf3, 0x81, 0xf3, 0x82, 0xf3,
    0x81, 0xf3, 0x81, 0xf3, 0x81, 0xfb, 0x81, 0xfb, 0xa2, 0xfb, 0xa2, 0xfb,
    0xa1, 0xf3, 0xa2, 0xf3, 0xa1, 0xfb, 0xa1, 0xf3, 0x81, 0xf3, 0xa1, 0xf3,
    0xa1, 0xf3, 0xa2, 0xf3, 0xa2, 0xf3, 0xa1, 0xf3, 0xa1, 0xf3, 0xa2, 0xf3,
    0xa1, 0xf3, 0xa2, 0xfb, 0xa2, 0xf3, 0x82, 0xf3, 0x81, 0xf3, 0x82, 0xfb,
    0x81, 0xf3, 0x82, 0xf3, 0x81, 0xf3, 0x81, 0xf3, 0xa2, 0xf3, 0x82, 0xf3,
    0xa1, 0xf3, 0xa1, 0xf3, 0xa2, 0xf3, 0xa1, 0xf3, 0xa1, 0xf3, 0xa1, 0xf3,
    0xa1, 0xf3, 0xa2, 0xfb, 0xa2, 0xf3, 0xa1, 0xf3, 0xa1, 0xf3, 0xa2, 0xf3,
    0xa1, 0xf3, 0xa1, 0xfb, 0xa2, 0xf3, 0xa2, 0xf3, 0xa1, 0xf3, 0xa1, 0xf3,
    0x81, 0xf3, 0xa1, 0xf3, 0xa2, 0xfb, 0xa1, 0xf3, 0xa1, 0xf3, 0xa1, 0xfb,
    0xa1, 0xf3, 0xa1, 0xf3, 0xa2, 0xf3, 0xa2, 0xf3, 0xa1, 0xf3, 0xa1, 0xf3,
    0xc2, 0xfb, 0xc2, 0xf3, 0xc2, 0xf3, 0xc1, 0xf3, 0xc1, 0xfb, 0xc1, 0xfb,
    0xc2, 0xf3, 0xc1, 0xfb, 0xe2, 0xfb, 0xc1, 0xf3, 0xc2, 0xfb, 0xc2, 0xfb,
    0xc1, 0xfb, 0xc2, 0xfb, 0xa2, 0xfb, 0xc2, 0xf3, 0xc1, 0xf3, 0xc2, 0xf3,
    0xc1, 0xfb, 0xa1, 0xfb, 0xa2, 0xf3, 0xa1, 0xf3, 0xa2, 0xf3, 0xa2, 0xf3,
    0xa1, 0xfb, 0xa1, 0xfb, 0xa2, 0xf3, 0xa2, 0xfb, 0xc2, 0xfb, 0xc1, 0xfb,
    0xa2, 0xfb, 0xa1, 0xf3, 0xa2, 0xf3, 0xa2, 0xfb, 0xa2, 0xfb, 0xa2, 0xf3,
    0xa1, 0xfb, 0xa2, 0xfb, 0xc2, 0xf3, 0xa1, 0xfb, 0xa2, 0xfb, 0xa2, 0xf3,
    0xa1, 0xfb, 0xa2, 0xfb, 0xa1, 0xfb, 0xa2, 0xf3, 0xa2, 0xf3, 0xa1, 0xfb,
    0xa2, 0xfb, 0xa2, 0xf3, 0xa1, 0xf3, 0xa1, 0xf3, 0xa1, 0xfb, 0xa2, 0xf3,
    0xa1, 0xf3, 0x82, 0xfb, 0xa2, 0xf3, 0x81, 0xfb, 0xa1, 0xf3, 0xa1, 0xf3,
    0x81, 0xfb, 0xa2, 0xfb, 0xa2, 0xf3, 0x81, 0xfb, 0xa1, 0xfb, 0xa1, 0xf3,
    0xa2, 0xfb, 0xa1, 0xf3, 0xa2, 0xf3, 0xa2, 0xf3, 0xa1, 0xfb, 0xa2, 0xf3,
    0xa1, 0xfb, 0xa1, 0xfb, 0x82, 0xf3, 0xa1, 0xf3, 0xa1, 0xfb, 0xa2, 0xfb,
    0xa2, 0xf3, 0xa1, 0xfb, 0xa1, 0xf3, 0xa2, 0xf3, 0xa2, 0xfb, 0xa2, 0xfb,
    0xa2, 0xf3, 0xa2, 0xfb, 0xa2, 0xf3, 0xa2, 0xfb, 0xa1, 0xfb, 0xa1, 0xf3,
    0xa2, 0xf3, 0xa1, 0xf3, 0xa1, 0xf3, 0xa1, 0xf3, 0xa2, 0xf3, 0xa2, 0xf3,
    0xa1, 0xfb, 0xa1, 0xf3, 0xa1, 0xfb, 0xa1, 0xf3, 0xa2, 0xf3, 0xa1, 0xfb,
    0xa2, 0xfb, 0xa1, 0xf3, 0xa1, 0xf3, 0xa2, 0xf3, 0xa1, 0xf3, 0xa1, 0xfb,
    0xa2, 0xf3, 0xa2, 0xf3, 0xa1, 0xf3, 0xa1, 0xf3, 0xa1, 0xf3, 0xa2, 0xf3,
    0xa2, 0xf3, 0xa1, 0xfb, 0xa2, 0xf3, 0x81, 0xf3, 0xa1, 0xf3, 0x81, 0xfb,
    0xa2, 0xfb, 0xa2, 0xfb, 0xa1, 0xfb, 0xa1, 0xf3, 0xa2, 0xfb, 0xa1, 0xfb,
    0x81, 0xf3, 0xa1, 0xf3, 0xa2, 0xf3, 0xa2, 0xf3, 0xa1, 0xf3, 0xa2, 0xfb,
    0x82, 0xf3, 0xa1, 0xf3, 0xa2, 0xf3, 0xa2, 0xf3, 0x81, 0xf3, 0xa2, 0xfb,
    0xa2, 0xf3, 0xa1, 0xf3, 0xa2, 0xfb, 0xa2, 0xf3, 0xa1, 0xf3, 0xa1, 0xfb,
    0xa2, 0xf3, 0xa2, 0xf3, 0xa1, 0xfb, 0xa2, 0xfb, 0xa2, 0xf3, 0xa2, 0xfb,
    0xa1, 0xfb, 0xa2, 0xf3, 0xa1, 0xfb, 0xa2, 0xf3, 0xa2, 0xf3, 0xa2, 0xfb,
    0xa2, 0xf3, 0xa2, 0xfb, 0xa2, 0xf3, 0x81, 0xf3, 0x82, 0xfb, 0xa2, 0xf3,
    0xa1, 0xf3, 0xa1, 0xf3, 0x82, 0xf3, 0xa1, 0xf3, 0x82, 0xf3, 0xa2, 0xf3,
    0xa1, 0xf3, 0x82, 0xf3, 0x82, 0xf3, 0x81, 0xf3, 0xa2, 0xf3, 0xa2, 0xf3,
    0xa2, 0xfb, 0xa2, 0xfb, 0xa2, 0xf3, 0x81, 0xf3, 0xa2, 0xfb, 0xa2, 0xf3,
    0xa1, 0xfb, 0x82, 0xf3, 0xa2, 0xfb, 0xa1, 0xfb, 0x81, 0xf3, 0xa2, 0xfb,
    0xa2, 0xfb, 0xa1, 0xfb, 0xa1, 0xfb, 0xa2, 0xfb, 0xa1, 0xf3, 0xa2, 0xfb,
    0xa2, 0xf3, 0x81, 0xf3, 0xa2, 0xfb, 0xa2, 0xf3, 0xa2, 0xfb, 0xa2, 0xf3,
    0xa1, 0xf3, 0xa2, 0xf3, 0xa2, 0xf3, 0xa2, 0xf3, 0xa1, 0xf3, 0xa2, 0xf3,
    0x81, 0xf3, 0xa1, 0xf3, 0xa2, 0xfb, 0x81, 0xf3, 0xa1, 0xf3, 0xa2, 0xf3,
    0x82, 0xfb, 0xa2, 0xf3, 0xa1, 0xf3, 0x82, 0xf3, 0xa1, 0xf3, 0xa2, 0xf3,
    0xa2, 0xf3, 0xa1, 0xf3, 0x81, 0xfb, 0x81, 0xf3, 0xa2, 0xf3, 0xa1, 0xfb,
    0xa2, 0xf3, 0xa2, 0xf3, 0xa1, 0xf3, 0xa2, 0xf3, 0xa1, 0xf3, 0xa1, 0xf3,
    0xa1, 0xf3, 0xa1, 0xf3, 0x81, 0xfb, 0x81, 0xf3, 0xa2, 0xf3, 0xa2, 0xf3,
    0xa1, 0xfb, 0xa1, 0xf3, 0xa1, 0xfb, 0xa2, 0xf3, 0xa1, 0xfb, 0xa1, 0xf3,
    0xa2, 0xf3, 0xa2, 0xfb, 0xa2, 0xfb, 0xa2, 0xfb, 0xa1, 0xf3, 0xc1, 0xfb,
    0xa2, 0xfb, 0xa2, 0xf3, 0xa2, 0xfb, 0xa1, 0xf3, 0xa2, 0xfb, 0xa2, 0xf3,
    0xa1, 0xf3, 0xa1, 0xf3, 0x82, 0xfb, 0xa2, 0xf3, 0xa1, 0xfb, 0x81, 0xf3,
    0x81, 0xf3, 0xa2, 0xfb, 0x82, 0xf3, 0x81, 0xf3, 0xa2, 0xf3, 0xa2, 0xf3,
    0xa2, 0xfb, 0xa2, 0xfb, 0xa2, 0xf3, 0x82, 0xf3, 0xa1, 0xf3, 0xa2, 0xf3,
    0xa2, 0xf3, 0x82, 0xf3, 0xa2, 0xfb, 0xa2, 0xfb, 0x81, 0xf3, 0xa2, 0xf3,
    0xa2, 0xf3, 0xa2, 0xf3, 0xa1, 0xf3, 0xa2, 0xf3, 0xa2, 0xf3, 0xa2, 0xf3,
    0x82, 0xf3, 0x81, 0xf3, 0x81, 0xfb, 0x82, 0xf3, 0x81, 0xf3, 0x81, 0xf3,
    0x82, 0xf3, 0xa1, 0xf3, 0xa1, 0xf3, 0xa2, 0xf3, 0xa1, 0xf3, 0xa1, 0xf3,
    0xa2, 0xfb, 0xa2, 0xfb, 0xa1, 0xf3, 0xa1, 0xfb, 0xa2, 0xf3, 0x81, 0xf3,
    0xa2, 0xf3, 0x82, 0xf3, 0xa1, 0xf3, 0xa1, 0xf3, 0xa2, 0xfb, 0xa1, 0xf3,
    0xa2, 0xf3, 0xa2, 0xf3, 0xa1, 0xf3, 0xa2, 0xfb, 0xa1, 0xf3, 0xa2, 0xfb,
    0xa1, 0xf3, 0xa2, 0xfb, 0xa2, 0xf3, 0xc2, 0xf3, 0xc2, 0xfb, 0xc1, 0xf3,
    0xc2, 0xf3, 0xa2, 0xfb, 0xa1, 0xf3, 0xc2, 0xfb, 0xc1, 0xfb, 0xc1, 0xf3,
    0xe1, 0xfb, 0xe1, 0xf3, 0xe1, 0xf3, 0xe2, 0xf3, 0xc1, 0xf3, 0xe2, 0xfb,
    0xc1, 0xfb, 0xc1, 0xfb, 0xc2, 0xf3, 0xc1, 0xfb, 0xc1, 0xfb, 0xc2, 0xfb,
    0xc1, 0xfb, 0xc2, 0xf3, 0xa2, 0xf3, 0xc1, 0xf3, 0xc2, 0xf3, 0xa1, 0xf3,
    0xa1, 0xf3, 0xa1, 0xf3, 0xa2, 0xf3, 0xa1, 0xfb, 0xa2, 0xf3, 0xc1, 0xf3,
    0xc1, 0xfb, 0xc1, 0xfb, 0xa1, 0xf3, 0xa2, 0xfb, 0xa2, 0xf3, 0xa1, 0xf3,
    0xa2, 0xfb, 0xa1, 0xf3, 0xc1, 0xf3, 0xc2, 0xf3, 0xc1, 0xf3, 0xa1, 0xf3,
    0xc2, 0xf3, 0xa1, 0xf3, 0xa2, 0xf3, 0xa2, 0xfb, 0xa1, 0xf3, 0xa1, 0xfb,
    0xa1, 0xf3, 0xa1, 0xf3, 0xa2, 0xfb, 0xc1, 0xfb, 0xc1, 0xfb, 0xa2, 0xf3,
    0xa1, 0xf3, 0xa1, 0xfb, 0xa1, 0xf3, 0xa1, 0xf3, 0xa2, 0xfb, 0xa1, 0xf3,
    0xa1, 0xfb, 0xa1, 0xfb, 0xa2, 0xf3, 0xa1, 0xfb, 0xa1, 0xfb, 0xa1, 0xf3,
    0xa1, 0xf3, 0xa2, 0xfb, 0xa1, 0xfb, 0xa1, 0xf3, 0xa1, 0xf3, 0xa1, 0xfb,
    0xa1, 0xf3, 0xa1, 0xf3, 0xa1, 0xfb, 0xa1, 0xf3, 0xa1, 0xf3, 0xa1, 0xfb,
    0xa1, 0xfb, 0x81, 0xf3, 0xa1, 0xf3, 0xa2, 0xfb, 0xa1, 0xfb, 0xa2, 0xf3,
    0xa2, 0xf3, 0xc2, 0xfb, 0xa2, 0xfb, 0xa1, 0xfb, 0xa2, 0xf3, 0xa1, 0xfb,
    0xa2, 0xfb, 0xa2, 0xf3, 0xa1, 0xf3, 0xa2, 0xf3, 0xa1, 0xf3, 0xa1, 0xf3,
    0xa2, 0xf3, 0xa2, 0xf3, 0xa1, 0xf3, 0xa2, 0xf3, 0xa2, 0xf3, 0xa1, 0xf3,
    0xa1, 0xf3, 0xa1, 0xf3, 0xa1, 0xfb, 0xa2, 0xfb, 0xa1, 0xf3, 0xa1, 0xf3,
    0xa2, 0xfb, 0xa2, 0xf3, 0xa1, 0xf3, 0xc2, 0xfb, 0xa1, 0xf3, 0xa1, 0xf3,
    0xa2, 0xf3, 0xa1, 0xf3, 0xa1, 0xfb, 0xa1, 0xf3, 0xa1, 0xf3, 0xa2, 0xf3,
    0xa1, 0xf3, 0xa1, 0xfb, 0xa1, 0xf3, 0xa2, 0xf3, 0xc1, 0xfb, 0xa1, 0xfb,
    0xa2, 0xf3, 0xa2, 0xf3, 0xa1, 0xf3, 0xa1, 0xf3, 0xa2, 0xf3, 0xa1, 0xf3,
    0xa1, 0xf3, 0xa1, 0xf3, 0xa2, 0xf3, 0x81, 0xf3, 0xa1, 0xf3, 0xa1, 0xf3,
    0xa2, 0xfb, 0xa1, 0xf3, 0xa2, 0xf3, 0xa1, 0xfb, 0xa1, 0xf3, 0x82, 0xf3,
    0xa1, 0xf3, 0xa1, 0xf3, 0xc1, 0xf3, 0xa1, 0xf3, 0xa1, 0xf3, 0xa1, 0xf3,
    0xa1, 0xf3, 0xa1, 0xf3, 0xa2, 0xf3, 0xa2, 0xf3, 0xa1, 0xfb, 0xa2, 0xf3,
    0xa2, 0xfb, 0xa1, 0xf3, 0xa2, 0xf3, 0xa2, 0xfb, 0xa1, 0xf3, 0xa2, 0xf3,
    0xa2, 0xfb, 0xa1, 0xf3, 0xa2, 0xfb, 0xa2, 0xf3, 0xa1, 0xf3, 0xa1, 0xf3,
    0xa1, 0xf3, 0xa1, 0xf3, 0xa2, 0xf3, 0xa1, 0xf3, 0xa1, 0xf3, 0xa2, 0xf3,
    0xa1, 0xf3, 0xa2, 0xfb, 0xa1, 0xfb, 0xa1, 0xf3, 0xa2, 0xf3, 0xa2, 0xfb,
    0xa2, 0xf3, 0x81, 0xfb, 0xa1, 0xf3, 0x81, 0xf3, 0xa2, 0xfb, 0xa1, 0xf3,
    0xa1, 0xfb, 0xa2, 0xf3, 0xa1, 0xfb, 0x81, 0xf3, 0x81, 0xf3, 0xa2, 0xf3,
    0xa1, 0xfb, 0xa1, 0xf3, 0xa2, 0xfb, 0xa2, 0xfb, 0xa1, 0xf3, 0xa1, 0xfb,
    0xa2, 0xf3, 0xc2, 0xf3, 0xa2, 0xfb, 0xa1, 0xf3, 0xa2, 0xf3, 0xa1, 0xf3,
    0xa1, 0xf3, 0xa2, 0xf3, 0x82, 0xf3, 0xa1, 0xf3, 0xa2, 0xf3, 0x82, 0xf3,
    0xa2, 0xfb, 0xa1, 0xfb, 0xa1, 0xf3, 0xa2, 0xf3, 0x81, 0xfb, 0xa2, 0xf3,
    0xa1, 0xf3, 0xa1, 0xf3, 0xa1, 0xf3, 0xa1, 0xf3, 0xa1, 0xf3, 0xa1, 0xf3,
    0xa2, 0xf3, 0xa1, 0xf3, 0xa1, 0xf3, 0x81, 0xf3, 0xa2, 0xf3, 0x81, 0xf3,
    0xa1, 0xfb, 0xa2, 0xfb, 0xa1, 0xf3, 0xa2, 0xf3, 0xa1, 0xf3, 0x81, 0xf3,
    0x81, 0xf3, 0xa2, 0xf3, 0xa2, 0xfb, 0xa1, 0xf3, 0xa1, 0xf3, 0xa2, 0xfb,
    0xa2, 0xf3, 0xa1, 0xfb, 0xa1, 0xfb, 0xa1, 0xf3, 0xa1, 0xf3, 0xa1, 0xf3,
    0xc2, 0xf3, 0xc2, 0xf3, 0xa1, 0xf3, 0xc1, 0xf3, 0xc1, 0xf3, 0xc2, 0xf3,
    0xc1, 0xf3, 0xa1, 0xf3, 0xa2, 0xfb, 0xa2, 0xf3, 0xa2, 0xfb, 0xa2, 0xf3,
    0xa2, 0xf3, 0xa1, 0xf3, 0xa2, 0xf3, 0xa1, 0xf3, 0xa1, 0xf3, 0xa1, 0xf3,
    0xa1, 0xfb, 0xa2, 0xf3, 0xa1, 0xf3, 0xa1, 0xfb, 0xa1, 0xfb, 0xa1, 0xf3,
    0xa1, 0xfb, 0xa2, 0xfb, 0xa1, 0xf3, 0xa1, 0xfb, 0xa2, 0xfb, 0xa2, 0xf3,
    0xa1, 0xfb, 0xa2, 0xfb, 0xa2, 0xfb, 0xc2, 0xf3, 0xa2, 0xfb, 0xa2, 0xfb,
    0xa1, 0xfb, 0xa1, 0xfb, 0xa2, 0xf3, 0xa1, 0xf3, 0x82, 0xfb, 0xa2, 0xf3,
    0xa1, 0xf3, 0xa1, 0xf3, 0xa2, 0xf3, 0xa1, 0xf3, 0xa2, 0xf3, 0xa2, 0xfb,
    0xa1, 0xf3, 0xa2, 0xf3, 0xc2, 0xf3, 0xc1, 0xf3, 0xa2, 0xfb, 0xa1, 0xf3,
    0xa2, 0xfb, 0xa2, 0xfb, 0xa1, 0xf3, 0xa2, 0xf3, 0x82, 0xf3, 0xa1, 0xf3,
    0x82, 0xf3, 0xa1, 0xf3, 0xa1, 0xf3, 0x81, 0xf3, 0xa2, 0xf3, 0xa1, 0xf3,
    0xa1, 0xf3, 0xa1, 0xf3, 0xa2, 0xf3, 0xc2, 0xf3, 0xc1, 0xf3, 0xc2, 0xf3,
    0xc1, 0xfb, 0xa1, 0xf3, 0xc2, 0xf3, 0xc1, 0xf3, 0xa1, 0xf3, 0xc1, 0xf3,
    0xc1, 0xf3, 0xc1, 0xf3, 0xe1, 0xf3, 0xe1, 0xf3, 0xc2, 0xfb, 0xc1, 0xf3,
    0xe2, 0xf3, 0xc1, 0xfb, 0xc2, 0xf3, 0xc1, 0xf3, 0xc1, 0xfb, 0xc1, 0xfb,
    0xc1, 0xfb, 0xc1, 0xf3, 0xc1, 0xfb, 0xc2, 0xf3, 0xa1, 0xf3, 0xc2, 0xfb,
    0xa2, 0xf3, 0xa1, 0xf3, 0xa2, 0xfb, 0xa1, 0xfb, 0xa1, 0xf3, 0xa2, 0xfb,
    0xa1, 0xf3, 0xa1, 0xfb, 0xc1, 0xfb, 0xc1, 0xf3, 0xa1, 0xf3, 0xa2, 0xfb,
    0xa1, 0xf3, 0xa2, 0xf3, 0xa2, 0xfb, 0xc1, 0xfb, 0xc2, 0xf3, 0xc2, 0xf3,
    0xa1, 0xfb, 0xc2, 0xf3, 0xc1, 0xf3, 0xa1, 0xfb, 0xc2, 0xf3, 0xa1, 0xf3,
    0xa1, 0xfb, 0xa1, 0xfb, 0xc1, 0xf3, 0xc1, 0xf3, 0xa1, 0xf3, 0xc1, 0xfb,
    0xa1, 0xfb, 0xa1, 0xf3, 0xa1, 0xf3, 0xa1, 0xfb, 0xc1, 0xf3, 0xc1, 0xf3,
    0xa2, 0xfb, 0xa1, 0xfb, 0xa1, 0xf3, 0xa1, 0xfb, 0xc1, 0xf3, 0xa1, 0xfb,
    0xa1, 0xfb, 0xa1, 0xf3, 0xa1, 0xfb, 0xa2, 0xf3, 0xa1, 0xf3, 0xa1, 0xfb,
    0xa2, 0xfb, 0xa1, 0xf3, 0xa1, 0xfb, 0xa1, 0xfb, 0xa1, 0xf3, 0xa1, 0xf3,
    0xa1, 0xfb, 0xa1, 0xf3, 0xa2, 0xfb, 0xa1, 0xf3, 0xa1, 0xf3, 0xa2, 0xfb,
    0xc1, 0xfb, 0xa2, 0xf3, 0xc2, 0xfb, 0xc2, 0xf3, 0xc2, 0xfb, 0xc2, 0xf3,
    0xc2, 0xfb, 0xc1, 0xf3, 0xc2, 0xfb, 0xa1, 0xfb, 0xa2, 0xfb, 0xa2, 0xfb,
    0xc1, 0xf3, 0xc1, 0xfb, 0xc2, 0xf3, 0xa1, 0xf3, 0xa1, 0xfb, 0xc2, 0xf3,
    0xa1, 0xf3, 0xa2, 0xf3, 0xa1, 0xf3, 0xa2, 0xf3, 0xa1, 0xf3, 0xa2, 0xf3,
    0xa1, 0xf3, 0xa1, 0xf3, 0xa2, 0xf3, 0xc1, 0xf3, 0xc1, 0xf3, 0xa2, 0xf3,
    0xc2, 0xfb, 0xa1, 0xf3, 0xc1, 0xf3, 0xc2, 0xf3, 0xa1, 0xf3, 0xa2, 0xf3,
    0xa1, 0xf3, 0xa1, 0xfb, 0xa1, 0xf3, 0xa1, 0xfb, 0xc1, 0xf3, 0xc1, 0xf3,
    0xa1, 0xfb, 0xc1, 0xf3, 0xa2, 0xfb, 0xa1, 0xf3, 0xa1, 0xf3, 0xa1, 0xf3,
    0xa1, 0xf3, 0xa1, 0xf3, 0xa2, 0xfb, 0x81, 0xf3, 0xa2, 0xf3, 0xa1, 0xf3,
    0x81, 0xf3, 0xa2, 0xfb, 0xa2, 0xfb, 0xa2, 0xf3, 0xa2, 0xf3, 0xa2, 0xf3,
    0xa1, 0xf3, 0xa2, 0xf3, 0xa2, 0xfb, 0xc1, 0xf3, 0xc1, 0xf3, 0xc1, 0xf3,
    0xc1, 0xf3, 0xc1, 0xf3, 0xc1, 0xf3, 0xa1, 0xfb, 0xa2, 0xf3, 0xa2, 0xfb,
    0xa1, 0xf3, 0xa2, 0xf3, 0xa1, 0xfb, 0xa2, 0xf3, 0xa1, 0xf3, 0xa2, 0xfb,
    0xa2, 0xf3, 0xa1, 0xfb, 0xa2, 0xf3, 0xa1, 0xf3, 0xa2, 0xfb, 0xa2, 0xf3,
    0xa2, 0xf3, 0xa2, 0xfb, 0xa2, 0xf3, 0x81, 0xf3, 0xa2, 0xf3, 0xa2, 0xf3,
    0x81, 0xf3, 0xa1, 0xf3, 0xa2, 0xf3, 0xa1, 0xfb, 0xa1, 0xf3, 0xa2, 0xfb,
    0xa1, 0xfb, 0xa2, 0xf3, 0xa1, 0xf3, 0xa1, 0xfb, 0xa1, 0xfb, 0xa1, 0xf3,
    0x81, 0xf3, 0xa2, 0xfb, 0xa2, 0xfb, 0xa1, 0xf3, 0xa2, 0xfb, 0xa2, 0xfb,
    0xa2, 0xf3, 0xa1, 0xf3, 0xa1, 0xf3, 0xa2, 0xfb, 0xa2, 0xf3, 0xa2, 0xfb,
    0xa1, 0xf3, 0xa1, 0xfb, 0xc1, 0xf3, 0xa1, 0xf3, 0xa2, 0xfb, 0xa1, 0xf3,
    0xa1, 0xf3, 0x82, 0xf3, 0xa1, 0xfb, 0xa2, 0xf3, 0xa1, 0xf3, 0xa2, 0xfb,
    0xa2, 0xfb, 0xa1, 0xf3, 0xa2, 0xf3, 0xa2, 0xf3, 0xa1, 0xf3, 0xa1, 0xf3,
    0x82, 0xf3, 0xa2, 0xf3, 0xa2, 0xf3, 0x81, 0xf3, 0xa1, 0xf3, 0xa1, 0xf3,
    0xa1, 0xf3, 0xa1, 0xf3, 0xa2, 0xf3, 0xa1, 0xf3, 0xa1, 0xf3, 0xa1, 0xf3,
    0xa1, 0xf3, 0xa1, 0xfb, 0xa2, 0xf3, 0xa1, 0xf3, 0x81, 0xf3, 0xa2, 0xf3,
    0xa1, 0xf3, 0xa1, 0xfb, 0xa1, 0xfb, 0xa2, 0xf3, 0xa1, 0xf3, 0xa1, 0xf3,
    0xa1, 0xf3, 0xa1, 0xf3, 0xa2, 0xfb, 0xa2, 0xf3, 0xc1, 0xfb, 0xa2, 0xf3,
    0xa1, 0xf3, 0xa2, 0xfb, 0xc1, 0xfb, 0xc2, 0xf3, 0xa1, 0xf3, 0xa2, 0xfb,
    0xc1, 0xf3, 0xa1, 0xf3, 0xc1, 0xf3, 0xc2, 0xfb, 0xa1, 0xf3, 0xa2, 0xf3,
    0xa1, 0xfb, 0xa1, 0xf3, 0xa2, 0xfb, 0xa2, 0xf3, 0xa1, 0xf3, 0xa1, 0xfb,
    0xa1, 0xf3, 0xa2, 0xf3, 0xa1, 0xfb, 0xc1, 0xfb, 0xc2, 0xf3, 0xc2, 0xfb,
    0xc1, 0xfb, 0xa1, 0xf3, 0xa2, 0xf3, 0xa1, 0xf3, 0xa1, 0xf3, 0xa1, 0xf3,
    0xa2, 0xf3, 0xa2, 0xfb, 0xa2, 0xf3, 0xa1, 0xf3, 0xa2, 0xfb, 0xc1, 0xf3,
    0xa2, 0xfb, 0xa2, 0xf3, 0xa2, 0xf3, 0xa2, 0xfb, 0xa2, 0xf3, 0xa2, 0xf3,
    0xa2, 0xfb, 0xa1, 0xf3, 0xa2, 0xfb, 0xa1, 0xfb, 0xa1, 0xf3, 0x81, 0xf3,
    0xa1, 0xf3, 0xa2, 0xfb, 0xa1, 0xf3, 0xa2, 0xf3, 0xc1, 0xf3, 0xa1, 0xf3,
    0xa2, 0xf3, 0xa1, 0xfb, 0xa2, 0xf3, 0xa2, 0xf3, 0xa1, 0xfb, 0xa2, 0xfb,
    0xa2, 0xfb, 0xa2, 0xf3, 0xa2, 0xfb, 0xa1, 0xfb, 0xa1, 0xf3, 0xa1, 0xf3,
    0xc1, 0xf3, 0xc2, 0xf3, 0xa1, 0xf3, 0xc1, 0xf3, 0xa2, 0xf3, 0xc1, 0xf3,
    0xc1, 0xf3, 0xc2, 0xf3, 0xc2, 0xfb, 0xc2, 0xf3, 0xa2, 0xfb, 0xc2, 0xfb,
    0xc2, 0xfb, 0xc1, 0xfb, 0xc1, 0xf3, 0xc1, 0xf3, 0xe1, 0xfb, 0xe1, 0xfb,
    0xe2, 0xfb, 0xe2, 0xfb, 0xe2, 0xfb, 0xe1, 0xfb, 0xe2, 0xfb, 0xc1, 0xfb,
    0xe2, 0xf3, 0xe2, 0xfb, 0xc2, 0xfb, 0xc2, 0xf3, 0xc2, 0xfb, 0xc1, 0xfb,
    0xc2, 0xfb, 0xc2, 0xf3, 0xa1, 0xf3, 0xc2, 0xfb, 0xa2, 0xf3, 0xa2, 0xfb,
    0xa1, 0xf3, 0xa2, 0xf3, 0xc1, 0xfb, 0xa1, 0xf3, 0xa2, 0xf3, 0xc1, 0xf3,
    0xc1, 0xfb, 0xa1, 0xf3, 0xa2, 0xfb, 0xc2, 0xf3, 0xc1, 0xf3, 0xa1, 0xf3,
    0xc2, 0xfb, 0xc2, 0xfb, 0xc2, 0xf3, 0xc2, 0xfb, 0xa1, 0xf3, 0xa2, 0xf3,
    0xc2, 0xfb, 0xc1, 0xf3, 0xc1, 0xf3, 0xa2, 0xf3, 0xc1, 0xf3, 0xc2, 0xfb,
    0xc1, 0xf3, 0xc1, 0xf3, 0xc2, 0xf3, 0xc1, 0xf3, 0xc1, 0xfb, 0xa2, 0xfb,
    0xc1, 0xfb, 0xc1, 0xf3, 0xa2, 0xfb, 0xc2, 0xf3, 0xc1, 0xf3, 0xa2, 0xfb,
    0xc1, 0xf3, 0xc1, 0xf3, 0xa2, 0xfb, 0xa1, 0xfb, 0xc2, 0xfb, 0xa2, 0xf3,
    0xa1, 0xf3, 0xa1, 0xf3, 0xa2, 0xfb, 0xc2, 0xf3, 0xc1, 0xfb, 0xa2, 0xfb,
    0xc1, 0xf3, 0xa2, 0xfb, 0xc1, 0xfb, 0xc1, 0xf3, 0xa2, 0xf3, 0xc2, 0xfb,
    0xa1, 0xfb, 0xc2, 0xf3, 0xc1, 0xf3, 0xa1, 0xfb, 0xa2, 0xfb, 0xc1, 0xf3,
    0xc1, 0xfb, 0xc2, 0xfb, 0xc2, 0xf3, 0xc2, 0xfb, 0xc1, 0xfb, 0xc2, 0xf3,
    0xc2, 0xfb, 0xc1, 0xfb, 0xc1, 0xf3, 0xc2, 0xfb, 0xc2, 0xfb, 0xc1, 0xf3,
    0xc2, 0xf3, 0xc1, 0xf3, 0xc1, 0xfb, 0xc1, 0xf3, 0xc2, 0xf3, 0xa2, 0xfb,
    0xc2, 0xf3, 0xa2, 0xfb, 0xa2, 0xf3, 0xa1, 0xf3, 0xc2, 0xfb, 0xc2, 0xf3,
    0xa1, 0xf3, 0xa2, 0xf3, 0xc2, 0xfb, 0xc2, 0xfb, 0xa1, 0xf3, 0xa2, 0xf3,
    0xa2, 0xfb, 0xa1, 0xf3, 0xa1, 0xfb, 0xa2, 0xfb, 0xa1, 0xf3, 0xc2, 0xfb,
    0xc2, 0xfb, 0xa1, 0xfb, 0xc1, 0xfb, 0xc2, 0xfb, 0xc1, 0xfb, 0xc1, 0xfb,
    0xa2, 0xfb, 0xa2, 0xf3, 0xa1, 0xfb, 0xa1, 0xfb, 0xc2, 0xf3, 0xa1, 0xf3,
    0xa1, 0xfb, 0xa2, 0xf3, 0xa1, 0xf3, 0xa2, 0xfb, 0xc1, 0xf3, 0xa1, 0xf3,
    0xa2, 0xfb, 0xa2, 0xf3, 0xa1, 0xf3, 0xa1, 0xf3, 0xa2, 0xf3, 0xc2, 0xfb,
    0xc1, 0xf3, 0xa2, 0xfb, 0xa2, 0xf3, 0xc1, 0xf3, 0xa2, 0xfb, 0xc2, 0xf3,
    0xc2, 0xf3, 0xa1, 0xf3, 0xa1, 0xfb, 0xa2, 0xf3, 0xa2, 0xfb, 0xa2, 0xfb,
    0xa2, 0xfb, 0xc2, 0xf3, 0xa1, 0xf3, 0xa1, 0xfb, 0xa2, 0xf3, 0xa1, 0xf3,
    0xa2, 0xfb, 0xa1, 0xf3, 0xa1, 0xfb, 0xa2, 0xfb, 0xa1, 0xf3, 0xa2, 0xf3,
    0xa1, 0xfb, 0xa2, 0xf3, 0xa2, 0xf3, 0xa2, 0xf3, 0xa1, 0xf3, 0xc2, 0xf3,
    0xc2, 0xfb, 0xc2, 0xfb, 0xc2, 0xfb, 0xc2, 0xfb, 0xa1, 0xf3, 0xa2, 0xf3,
    0xa2, 0xfb, 0xa1, 0xf3, 0xa1, 0xfb, 0xa1, 0xfb, 0xa2, 0xf3, 0xa1, 0xf3,
    0xa1, 0xfb, 0xa2, 0xfb, 0xc2, 0xfb, 0xc1, 0xfb, 0xa2, 0xfb, 0xc1, 0xf3,
    0xc2, 0xf3, 0xa2, 0xfb, 0xc1, 0xfb, 0xc2, 0xf3, 0xc2, 0xf3, 0xa1, 0xf3,
    0xa1, 0xf3, 0xa1, 0xf3, 0xa2, 0xf3, 0x81, 0xf3, 0xa1, 0xf3, 0xa1, 0xf3,
    0xa2, 0xf3, 0xa1, 0xf3, 0xa1, 0xfb, 0xa2, 0xf3, 0xa2, 0xfb, 0xa2, 0xfb,
    0xa1, 0xf3, 0xa1, 0xf3, 0xa2, 0xf3, 0xa1, 0xf3, 0xa1, 0xf3, 0xa2, 0xfb,
    0xa1, 0xf3, 0xa2, 0xf3, 0xa1, 0xfb, 0xa2, 0xf3, 0xa2, 0xf3, 0xa2, 0xf3,
    0xa1, 0xf3, 0xa2, 0xf3, 0xa1, 0xfb, 0xa1, 0xf3, 0xa2, 0xf3, 0xa1, 0xfb,
    0xa1, 0xf3, 0xa1, 0xfb, 0xa2, 0xf3, 0xa2, 0xf3, 0xa2, 0xfb, 0xc1, 0xfb,
    0xc2, 0xfb, 0xa2, 0xf3, 0xc2, 0xf3, 0xa1, 0xfb, 0xc2, 0xfb, 0xc1, 0xf3,
    0xc2, 0xfb, 0xc2, 0xf3, 0xa2, 0xfb, 0xa1, 0xfb, 0xc2, 0xf3, 0xc1, 0xf3,
    0xc2, 0xfb, 0xc2, 0xf3, 0xc1, 0xf3, 0xa2, 0xfb, 0xa2, 0xf3, 0xc1, 0xf3,
    0xa2, 0xfb, 0xa1, 0xf3, 0xa2, 0xf3, 0xa2, 0xfb, 0xa1, 0xf3, 0xa1, 0xf3,
    0xa2, 0xfb, 0xa2, 0xfb, 0xa2, 0xf3, 0xa2, 0xfb, 0xc2, 0xfb, 0xc2, 0xf3,
    0xc2, 0xfb, 0xc2, 0xfb, 0xc2, 0xfb, 0xc2, 0xfb, 0xa2, 0xf3, 0xa2, 0xfb,
    0xc2, 0xfb, 0xa2, 0xfb, 0xa1, 0xf3, 0xc1, 0xfb, 0xa2, 0xf3, 0xa2, 0xf3,
    0xa1, 0xf3, 0xa2, 0xf3, 0xa1, 0xf3, 0xa1, 0xf3, 0xc2, 0xfb, 0xa1, 0xfb,
    0xa1, 0xf3, 0xa2, 0xf3, 0xa1, 0xf3, 0xa2, 0xf3, 0xa1, 0xf3, 0xa2, 0xfb,
    0xa1, 0xf3, 0xa2, 0xfb, 0xa2, 0xf3, 0xc1, 0xf3, 0xa1, 0xf3, 0xc2, 0xfb,
    0xa1, 0xfb, 0xc2, 0xf3, 0xc1, 0xf3, 0xa2, 0xf3, 0xc2, 0xf3, 0xa1, 0xf3,
    0xa1, 0xf3, 0xa1, 0xf3, 0xa1, 0xf3, 0xa2, 0xf3, 0xa2, 0xf3, 0xa2, 0xf3,
    0xa1, 0xf3, 0xa2, 0xf3, 0xa1, 0xf3, 0xa2, 0xf3, 0xa1, 0xf3, 0xa2, 0xf3,
    0xc2, 0xfb, 0xc1, 0xf3, 0xc1, 0xf3, 0xc2, 0xfb, 0xc1, 0xf3, 0xc1, 0xf3,
    0xc1, 0xf3, 0xc2, 0xfb, 0xc1, 0xfb, 0xc2, 0xfb, 0xe1, 0xfb, 0xe1, 0xf3,
    0xe1, 0xf3, 0xe1, 0xf3, 0xe1, 0xf3, 0xe1, 0xf3, 0xe1, 0xf3, 0xe2, 0xf3,
    0xe1, 0xfb, 0xc1, 0xf3, 0xe2, 0xf3, 0xe2, 0xf3, 0xe2, 0xf3, 0xe2, 0xf3,
    0xe2, 0xf3, 0xe1, 0xf3, 0xe1, 0xf3, 0xc2, 0xf3, 0xc1, 0xf3, 0xa1, 0xf3,
    0xc1, 0xf3, 0xa2, 0xf3, 0xc2, 0xf3, 0xc1, 0xf3, 0xc1, 0xf3, 0xc1, 0xf3,
    0xc2, 0xf3, 0xc1, 0xfb, 0xc1, 0xf3, 0xa2, 0xf3, 0xc2, 0xf3, 0xc1, 0xf3,
    0xa1, 0xf3, 0xc2, 0xf3, 0xc1, 0xf3, 0xc1, 0xf3, 0xa2, 0xf3, 0xc2, 0xfb,
    0xa1, 0xf3, 0xa1, 0xf3, 0xc1, 0xf3, 0xc1, 0xf3, 0xc1, 0xf3, 0xc1, 0xf3,
    0xc2, 0xf3, 0xc2, 0xfb, 0xc1, 0xf3, 0xc2, 0xf3, 0xa1, 0xfb, 0xc1, 0xf3,
    0xa1, 0xfb, 0xc2, 0xf3, 0xc1, 0xf3, 0xc1, 0xf3, 0xa1, 0xfb, 0xc1, 0xf3,
    0xa1, 0xf3, 0xa1, 0xfb, 0xc2, 0xfb, 0xc1, 0xf3, 0xc1, 0xfb, 0xc1, 0xf3,
    0xc1, 0xf3, 0xc1, 0xfb, 0xc1, 0xfb, 0xa1, 0xf3, 0xc1, 0xfb, 0xc1, 0xf3,
    0xc1, 0xf3, 0xc1, 0xf3, 0xc2, 0xf3, 0xc1, 0xf3, 0xc2, 0xfb, 0xc1, 0xf3,
    0xc1, 0xfb, 0xc1, 0xfb, 0xc1, 0xfb, 0xc1, 0xf3, 0xc2, 0xf3, 0xc2, 0xfb,
    0xc1, 0xf3, 0xc1, 0xf3, 0xc1, 0xfb, 0xc2, 0xfb, 0xc1, 0xfb, 0xc1, 0xfb,
    0xc1, 0xfb, 0xc1, 0xf3, 0xe1, 0xf3, 0xc1, 0xf3, 0xc2, 0xf3, 0xc1, 0xf3,
    0xc1, 0xfb, 0xc1, 0xf3, 0xc1, 0xf3, 0xc1, 0xfb, 0xa2, 0xf3, 0xc1, 0xf3,
    0xc1, 0xfb, 0xa1, 0xf3, 0xc1, 0xf3, 0xc2, 0xf3, 0xa1, 0xf3, 0xa1, 0xf3,
    0xc2, 0xf3, 0xa1, 0xf3, 0xc1, 0xf3, 0xc1, 0xf3, 0xc1, 0xf3, 0xa2, 0xf3,
    0xc2, 0xf3, 0xc1, 0xfb, 0xc1, 0xf3, 0xc1, 0xf3, 0xc1, 0xf3, 0xc1, 0xfb,
    0xc2, 0xfb, 0xc1, 0xf3, 0xc1, 0xfb, 0xc1, 0xf3, 0xc1, 0xfb, 0xc1, 0xfb,
    0xc1, 0xf3, 0xa1, 0xf3, 0xc1, 0xf3, 0xc1, 0xf3, 0xa2, 0xfb, 0xc1, 0xfb,
    0xc1, 0xf3, 0xc1, 0xf3, 0xa2, 0xf3, 0xc2, 0xf3, 0xc1, 0xf3, 0xc2, 0xf3,
    0xc1, 0xf3, 0xc1, 0xf3, 0xc1, 0xf3, 0xc1, 0xfb, 0xc1, 0xf3, 0xc1, 0xf3,
    0xc2, 0xfb, 0xc2, 0xf3, 0xc1, 0xf3, 0xc1, 0xf3, 0xc1, 0xfb, 0xc1, 0xf3,
    0xc1, 0xf3, 0xc1, 0xf3, 0xc1, 0xf3, 0xa1, 0xf3, 0xc2, 0xf3, 0xc1, 0xf3,
    0xc1, 0xf3, 0xc2, 0xf3, 0xa2, 0xfb, 0xc1, 0xfb, 0xc1, 0xf3, 0xa1, 0xfb,
    0xc1, 0xf3, 0xc1, 0xf3, 0xa1, 0xf3, 0xa1, 0xf3, 0xa2, 0xf3, 0xa1, 0xf3,
    0xa1, 0xf3, 0xa1, 0xf3, 0xa1, 0xf3, 0xa1, 0xf3, 0xa2, 0xfb, 0xa1, 0xf3,
    0xa1, 0xf3, 0xc2, 0xf3, 0xc2, 0xf3, 0xc1, 0xf3, 0xc2, 0xf3, 0xc1, 0xf3,
    0xa1, 0xf3, 0xa1, 0xf3, 0xa2, 0xf3, 0xa1, 0xf3, 0xa2, 0xf3, 0xa2, 0xfb,
    0xa1, 0xf3, 0xc2, 0xf3, 0xc2, 0xf3, 0xc1, 0xf3, 0xc1, 0xf3, 0xc1, 0xfb,
    0xc1, 0xfb, 0xc1, 0xf3, 0xc1, 0xfb, 0xc1, 0xfb, 0xc1, 0xfb, 0xc2, 0xfb,
    0xc2, 0xfb, 0xc1, 0xf3, 0xa1, 0xfb, 0xa2, 0xf3, 0xa2, 0xf3, 0xa1, 0xf3,
    0xa1, 0xf3, 0xa1, 0xf3, 0xa1, 0xf3, 0xa1, 0xf3, 0xa1, 0xf3, 0xa2, 0xfb,
    0xa2, 0xfb, 0xc1, 0xf3, 0xa1, 0xf3, 0xa1, 0xf3, 0xa1, 0xf3, 0xa2, 0xf3,
    0x81, 0xf3, 0xa2, 0xf3, 0xa1, 0xf3, 0xa1, 0xf3, 0xa1, 0xf3, 0xa1, 0xf3,
    0xc1, 0xfb, 0xc1, 0xfb, 0xc2, 0xf3, 0xa2, 0xf3, 0xc2, 0xfb, 0xc1, 0xf3,
    0xa1, 0xf3, 0xa1, 0xf3, 0xa1, 0xfb, 0xa1, 0xf3, 0xa2, 0xfb, 0xc1, 0xf3,
    0xa1, 0xf3, 0xc2, 0xf3, 0xc2, 0xfb, 0xc2, 0xf3, 0xc1, 0xfb, 0xc2, 0xfb,
    0xc1, 0xf3, 0xc1, 0xf3, 0xc1, 0xf3, 0xc1, 0xf3, 0xc1, 0xf3, 0xc2, 0xfb,
    0xc2, 0xf3, 0xc1, 0xf3, 0xc1, 0xfb, 0xc1, 0xf3, 0xc2, 0xfb, 0xc2, 0xfb,
    0xc1, 0xf3, 0xc1, 0xf3, 0xc2, 0xf3, 0xc2, 0xf3, 0xc2, 0xf3, 0xc2, 0xf3,
    0xa1, 0xf3, 0xa1, 0xf3, 0xa1, 0xfb, 0xc2, 0xf3, 0xc1, 0xf3, 0xc2, 0xf3,
    0xc2, 0xfb, 0xc1, 0xf3, 0xc1, 0xf3, 0xc2, 0xfb, 0xc2, 0xf3, 0xc2, 0xfb,
    0xc1, 0xfb, 0xc2, 0xfb, 0xc2, 0xfb, 0xc1, 0xfb, 0xc2, 0xfb, 0xc2, 0xfb,
    0xc1, 0xf3, 0xc1, 0xf3, 0xc2, 0xf3, 0xc1, 0xf3, 0xc2, 0xf3, 0xc1, 0xf3,
    0xc1, 0xf3, 0xc1, 0xf3, 0xc1, 0xf3, 0xc1, 0xf3, 0xc1, 0xf3, 0xc1, 0xf3,
    0xa1, 0xf3, 0xc2, 0xf3, 0xc1, 0xf3, 0xa2, 0xf3, 0xc1, 0xf3, 0xc1, 0xf3,
    0xa2, 0xf3, 0xc1, 0xf3, 0xc1, 0xf3, 0xa1, 0xf3, 0xa1, 0xf3, 0xc2, 0xf3,
    0xc1, 0xf3, 0xa1, 0xf3, 0xa1, 0xf3, 0xc1, 0xf3, 0xc1, 0xf3, 0xc2, 0xf3,
    0xc2, 0xf3, 0xc1, 0xf3, 0xc2, 0xfb, 0xc2, 0xf3, 0xa1, 0xf3, 0xc1, 0xf3,
    0xc1, 0xf3, 0xc1, 0xf3, 0xc2, 0xf3, 0xc1, 0xf3, 0xc1, 0xfb, 0xc1, 0xf3,
    0xc1, 0xf3, 0xc1, 0xfb, 0xc1, 0xf3, 0xe1, 0xf3, 0xc1, 0xf3, 0xe1, 0xf3,
    0xe2, 0xf3, 0xe1, 0xf3, 0xe1, 0xf3, 0xe1, 0xfb, 0xe1, 0xfb, 0xc2, 0xf3,
    0xe1, 0xfb, 0xe2, 0xf3, 0xc2, 0xf3, 0xe1, 0xfb, 0xe1, 0xfb, 0xe2, 0xfb,
    0xe2, 0xf3, 0xe1, 0xfb, 0xe2, 0xfb, 0xe1, 0xf3, 0xc2, 0xfb, 0xc2, 0xfb,
    0xc1, 0xf3, 0xc2, 0xf3, 0xc2, 0xfb, 0xc1, 0xfb, 0xa1, 0xf3, 0xa2, 0xfb,
    0xc1, 0xfb, 0xc2, 0xf3, 0xc1, 0xf3, 0xc1, 0xf3, 0xc1, 0xfb, 0xa1, 0xf3,
    0xa2, 0xf3, 0xc1, 0xf3, 0xa2, 0xfb, 0xc2, 0xf3, 0xc2, 0xfb, 0xc1, 0xf3,
    0xc2, 0xf3, 0xc1, 0xfb, 0xc2, 0xf3, 0xc1, 0xf3, 0xc1, 0xfb, 0xc1, 0xf3,
    0xc2, 0xfb, 0xc1, 0xf3, 0xc1, 0xf3, 0xc1, 0xf3, 0xc1, 0xfb, 0xc1, 0xf3,
    0xc1, 0xf3, 0xc1, 0xfb, 0xc2, 0xf3, 0xc1, 0xf3, 0xc2, 0xf3, 0xc1, 0xfb,
    0xa1, 0xf3, 0xc1, 0xf3, 0xc1, 0xfb, 0xa1, 0xf3, 0xc2, 0xfb, 0xc1, 0xfb,
    0xc1, 0xfb, 0xc1, 0xfb, 0xc2, 0xf3, 0xc1, 0xf3, 0xa1, 0xfb, 0xc2, 0xfb,
    0xc1, 0xfb, 0xc1, 0xfb, 0xc1, 0xfb, 0xc2, 0xfb, 0xc1, 0xfb, 0xc1, 0xf3,
    0xc2, 0xfb, 0xc2, 0xfb, 0xc1, 0xf3, 0xa1, 0xfb, 0xc2, 0xfb, 0xc2, 0xfb,
    0xc1, 0xfb, 0xc2, 0xfb, 0xc2, 0xfb, 0xc2, 0xfb, 0xc1, 0xfb, 0xc2, 0xfb,
    0xc1, 0xf3, 0xc1, 0xfb, 0xc1, 0xfb, 0xc1, 0xfb, 0xe1, 0xf3, 0xc1, 0xf3,
    0xe2, 0xf3, 0xc1, 0xfb, 0xc1, 0xfb, 0xc2, 0xfb, 0xc1, 0xf3, 0xc1, 0xfb,
    0xc2, 0xf3, 0xc1, 0xfb, 0xc1, 0xfb, 0xc1, 0xf3, 0xc2, 0xfb, 0xc1, 0xf3,
    0xa2, 0xf3, 0xc2, 0xf3, 0xa1, 0xf3, 0xc1, 0xf3, 0xc2, 0xf3, 0xc1, 0xf3,
    0xc1, 0xf3, 0xc1, 0xf3, 0xc2, 0xfb, 0xc1, 0xf3, 0xc1, 0xfb, 0xc1, 0xf3,
    0xc1, 0xf3, 0xc2, 0xfb, 0xc2, 0xfb, 0xc2, 0xfb, 0xc1, 0xfb, 0xc1, 0xf3,
    0xc1, 0xfb, 0xc1, 0xfb, 0xc1, 0xf3, 0xc2, 0xfb, 0xc1, 0xfb, 0xc1, 0xf3,
    0xc1, 0xfb, 0xc2, 0xfb, 0xc1, 0xf3, 0xc1, 0xf3, 0xa2, 0xf3, 0xc1, 0xfb,
    0xc1, 0xf3, 0xc2, 0xf3, 0xc2, 0xfb, 0xc2, 0xf3, 0xc2, 0xf3, 0xc1, 0xfb,
    0xc2, 0xfb, 0xe2, 0xf3, 0xc1, 0xfb, 0xc1, 0xf3, 0xc2, 0xf3, 0xc1, 0xfb,
    0xc1, 0xf3, 0xc1, 0xfb, 0xc2, 0xf3, 0xc1, 0xf3, 0xc1, 0xf3, 0xc2, 0xf3,
    0xc2, 0xf3, 0xc1, 0xf3, 0xa1, 0xf3, 0xa2, 0xf3, 0xc2, 0xf3, 0xa1, 0xf3,
    0xa1, 0xfb, 0xa2, 0xf3, 0xc2, 0xfb, 0xc1, 0xf3, 0xa1, 0xf3, 0xa2, 0xf3,
    0xa2, 0xf3, 0xa1, 0xf3, 0xc1, 0xf3, 0xa1, 0xf3, 0xc2, 0xf3, 0xa2, 0xfb,
    0xa1, 0xf3, 0xc2, 0xf3, 0xc1, 0xfb, 0xc2, 0xf3, 0xc1, 0xfb, 0xc1, 0xf3,
    0xc2, 0xf3, 0xc2, 0xfb, 0xa2, 0xf3, 0xa1, 0xf3, 0xa1, 0xfb, 0xa1, 0xf3,
    0xa2, 0xf3, 0xc1, 0xf3, 0xa1, 0xf3, 0xa2, 0xf3, 0xc2, 0xfb, 0xc2, 0xf3,
    0xc1, 0xf3, 0xc1, 0xf3, 0xc2, 0xf3, 0xc1, 0xfb, 0xc2, 0xfb, 0xc1, 0xf3,
    0xc1, 0xfb, 0xc1, 0xfb, 0xc2, 0xfb, 0xc1, 0xfb, 0xc1, 0xf3, 0xc2, 0xfb,
    0xc1, 0xf3, 0xc1, 0xf3, 0xc2, 0xf3, 0xa1, 0xfb, 0xc2, 0xf3, 0xc1, 0xf3,
    0xc1, 0xf3, 0xc2, 0xf3, 0xa1, 0xf3, 0xc1, 0xf3, 0xc1, 0xf3, 0xa1, 0xf3,
    0xa2, 0xf3, 0xa2, 0xfb, 0xa1, 0xf3, 0x82, 0xf3, 0xa1, 0xf3, 0xa2, 0xf3,
    0xc2, 0xf3, 0xc2, 0xf3, 0xc1, 0xf3, 0xc1, 0xfb, 0xc2, 0xf3, 0xc1, 0xfb,
    0xc1, 0xfb, 0xc1, 0xf3, 0xa1, 0xf3, 0xc1, 0xf3, 0xa1, 0xf3, 0xc1, 0xfb,
    0xc1, 0xfb, 0xc1, 0xfb, 0xa2, 0xf3, 0xc1, 0xf3, 0xc1, 0xf3, 0xc1, 0xf3,
    0xc2, 0xfb, 0xc2, 0xfb, 0xc1, 0xfb, 0xc1, 0xfb, 0xc2, 0xfb, 0xc2, 0xfb,
    0xc1, 0xf3, 0xc1, 0xfb, 0xe2, 0xfb, 0xc1, 0xfb, 0xc1, 0xf3, 0xc1, 0xfb,
    0xc1, 0xf3, 0xc1, 0xf3, 0xc1, 0xfb, 0xc1, 0xfb, 0xc2, 0xfb, 0xc1, 0xfb,
    0xc1, 0xf3, 0xc1, 0xf3, 0xa1, 0xfb, 0xa1, 0xf3, 0xc2, 0xfb, 0xc2, 0xfb,
    0xc1, 0xf3, 0xc1, 0xf3, 0xc1, 0xfb, 0xc2, 0xfb, 0xc2, 0xfb, 0xc2, 0xfb,
    0xe2, 0xf3, 0xe2, 0xf3, 0xc2, 0xfb, 0xc1, 0xf3, 0xc2, 0xfb, 0xc2, 0xf3,
    0xc2, 0xfb, 0xc2, 0xfb, 0xc1, 0xf3, 0xc2, 0xfb, 0xc1, 0xf3, 0xc2, 0xfb,
    0xc2, 0xfb, 0xc1, 0xf3, 0xc2, 0xf3, 0xc1, 0xf3, 0xc1, 0xfb, 0xc2, 0xf3,
    0xc2, 0xfb, 0xc1, 0xf3, 0xc1, 0xf3, 0xa1, 0xfb, 0xc1, 0xfb, 0xc1, 0xfb,
    0xc1, 0xf3, 0xc1, 0xf3, 0xc2, 0xfb, 0xc1, 0xf3, 0xc1, 0xf3, 0xa1, 0xf3,
    0xa2, 0xfb, 0xc2, 0xf3, 0xc1, 0xf3, 0xc1, 0xf3, 0xc2, 0xf3, 0xc2, 0xf3,
    0xc2, 0xf3, 0xc1, 0xf3, 0xc2, 0xfb, 0xc1, 0xf3, 0xa1, 0xf3, 0xa2, 0xfb,
    0xc1, 0xf3, 0xc1, 0xf3, 0xc2, 0xfb, 0xc2, 0xf3, 0xc1, 0xf3, 0xc1, 0xf3,
    0xc1, 0xf3, 0xc1, 0xf3, 0xe2, 0xf3, 0xc2, 0xfb, 0xc1, 0xf3, 0xe1, 0xf3,
    0xe2, 0xfb, 0xe1, 0xfb, 0xe1, 0xf3, 0xe1, 0xfb, 0xe1, 0xfb, 0xe1, 0xf3,
    0xe1, 0xfb, 0xe2, 0xfb, 0xe1, 0xfb, 0xe1, 0xfb, 0xe2, 0xf3, 0xe2, 0xf3,
    0xc1, 0xfb, 0xe1, 0xf3, 0xe2, 0xfb, 0xc2, 0xfb, 0xe2, 0xf3, 0xe2, 0xfb,
    0xc1, 0xf3, 0xe1, 0xf3, 0xe2, 0xfb, 0xc1, 0xf3, 0xc2, 0xf3, 0xc1, 0xf3,
    0xc2, 0xf3, 0xc2, 0xfb, 0xc1, 0xf3, 0xc1, 0xf3, 0xc2, 0xfb, 0xc2, 0xf3,
    0xc1, 0xf3, 0xc1, 0xfb, 0xc1, 0xf3, 0xc2, 0xf3, 0xc1, 0xf3, 0xc1, 0xf3,
    0xa2, 0xf3, 0xc1, 0xf3, 0xc1, 0xf3, 0xc1, 0xf3, 0xc2, 0xf3, 0xc2, 0xf3,
    0xc1, 0xf3, 0xc1, 0xf3, 0xc1, 0xf3, 0xc1, 0xfb, 0xc2, 0xf3, 0xc1, 0xf3,
    0xc1, 0xf3, 0xc1, 0xfb, 0xc1, 0xf3, 0xc2, 0xf3, 0xc2, 0xfb, 0xc1, 0xf3,
    0xc1, 0xfb, 0xc2, 0xf3, 0xc1, 0xf3, 0xc1, 0xf3, 0xc1, 0xfb, 0xc1, 0xf3,
    0xc2, 0xfb, 0xc1, 0xf3, 0xa2, 0xf3, 0xc2, 0xfb, 0xc1, 0xf3, 0xc1, 0xfb,
    0xc1, 0xfb, 0xc1, 0xf3, 0xc1, 0xfb, 0xc1, 0xfb, 0xc2, 0xfb, 0xc1, 0xfb,
    0xc1, 0xfb, 0xc1, 0xfb, 0xc2, 0xfb, 0xc1, 0xfb, 0xc2, 0xfb, 0xc2, 0xf3,
    0xc1, 0xfb, 0xc1, 0xfb, 0xc1, 0xfb, 0xc1, 0xfb, 0xc1, 0xfb, 0xc1, 0xfb,
    0xc1, 0xfb, 0xc1, 0xf3, 0xc1, 0xf3, 0xc2, 0xfb, 0xc2, 0xf3, 0xc1, 0xf3,
    0xe1, 0xfb, 0xc1, 0xfb, 0xc1, 0xf3, 0xc1, 0xf3, 0xc1, 0xf3, 0xc2, 0xfb,
    0xc1, 0xf3, 0xc1, 0xf3, 0xc2, 0xfb, 0xc1, 0xf3, 0xc1, 0xf3, 0xc1, 0xf3,
    0xc2, 0xf3, 0xc1, 0xfb, 0xc1, 0xf3, 0xc2, 0xfb, 0xc1, 0xf3, 0xc1, 0xf3,
    0xc1, 0xf3, 0xc2, 0xf3, 0xc1, 0xf3, 0xc1, 0xf3, 0xc2, 0xfb, 0xe2, 0xf3,
    0xc2, 0xfb, 0xc2, 0xfb, 0xc2, 0xfb, 0xc1, 0xfb, 0xc1, 0xfb, 0xc1, 0xfb,
    0xc1, 0xf3, 0xc1, 0xfb, 0xc2, 0xfb, 0xc1, 0xfb, 0xc1, 0xfb, 0xc1, 0xfb,
    0xc2, 0xfb, 0xc1, 0xfb, 0xc1, 0xfb, 0xc1, 0xfb, 0xc1, 0xfb, 0xc1, 0xf3,
    0xc2, 0xf3, 0xc1, 0xf3, 0xc1, 0xfb, 0xc2, 0xf3, 0xc1, 0xf3, 0xc1, 0xfb,
    0xc2, 0xf3, 0xc1, 0xf3, 0xc2, 0xf3, 0xe2, 0xf3, 0xc2, 0xfb, 0xc2, 0xfb,
    0xc2, 0xfb, 0xc2, 0xfb, 0xc1, 0xfb, 0xc2, 0xfb, 0xc2, 0xfb, 0xc1, 0xfb,
    0xc2, 0xf3, 0xc2, 0xf3, 0xc1, 0xfb, 0xc2, 0xf3, 0xc2, 0xfb, 0xc2, 0xfb,
    0xa1, 0xf3, 0xc2, 0xf3, 0xc2, 0xf3, 0xc2, 0xfb, 0xc2, 0xf3, 0xc2, 0xf3,
    0xa2, 0xf3, 0xa1, 0xf3, 0xa1, 0xf3, 0xc2, 0xf3, 0xc2, 0xf3, 0xc1, 0xf3,
    0xc2, 0xfb, 0xc1, 0xf3, 0xa2, 0xf3, 0xc1, 0xf3, 0xc1, 0xf3, 0xc2, 0xf3,
    0xc2, 0xfb, 0xc2, 0xfb, 0xc1, 0xf3, 0xc2, 0xf3, 0xc2, 0xfb, 0xc1, 0xf3,
    0xa1, 0xf3, 0xa2, 0xf3, 0xc2, 0xfb, 0xc1, 0xf3, 0xa1, 0xf3, 0xa2, 0xfb,
    0xc1, 0xfb, 0xc2, 0xf3, 0xc2, 0xfb, 0xc2, 0xfb, 0xc2, 0xf3, 0xe1, 0xf3,
    0xc2, 0xfb, 0xc1, 0xf3, 0xc1, 0xfb, 0xc1, 0xf3, 0xc1, 0xf3, 0xc1, 0xf3,
    0xc1, 0xfb, 0xc1, 0xfb, 0xc1, 0xfb, 0xc2, 0xfb, 0xc1, 0xfb, 0xc1, 0xf3,
    0xa2, 0xf3, 0xc2, 0xfb, 0xc1, 0xf3, 0xc2, 0xf3, 0xc2, 0xf3, 0xc2, 0xf3,
    0xc1, 0xf3, 0xc2, 0xf3, 0xa2, 0xf3, 0xc1, 0xf3, 0xa1, 0xf3, 0xa1, 0xf3,
    0xa2, 0xf3, 0xa1, 0xf3, 0xc1, 0xf3, 0xc1, 0xf3, 0xc2, 0xf3, 0xc1, 0xf3,
    0xc1, 0xf3, 0xc1, 0xf3, 0xc1, 0xfb, 0xc1, 0xfb, 0xc1, 0xf3, 0xc2, 0xf3,
    0xc1, 0xfb, 0xc1, 0xfb, 0xc2, 0xfb, 0xc2, 0xfb, 0xc1, 0xf3, 0xc2, 0xfb,
    0xc2, 0xfb, 0xc1, 0xf3, 0xc1, 0xf3, 0xc2, 0xf3, 0xc1, 0xf3, 0xc1, 0xf3,
    0xc2, 0xfb, 0xc1, 0xf3, 0xc1, 0xfb, 0xc1, 0xf3, 0xc2, 0xfb, 0xc2, 0xf3,
    0xc2, 0xfb, 0xc1, 0xfb, 0xc1, 0xf3, 0xc1, 0xf3, 0xc2, 0xfb, 0xc2, 0xfb,
    0xc1, 0xf3, 0xc1, 0xf3, 0xc1, 0xf3, 0xc2, 0xfb, 0xa1, 0xfb, 0xc1, 0xf3,
    0xc1, 0xf3, 0xc1, 0xfb, 0xc1, 0xfb, 0xc1, 0xfb, 0xc1, 0xfb, 0xc2, 0xfb,
    0xe2, 0xfb, 0xc1, 0xfb, 0xe2, 0xfb, 0xe2, 0xfb, 0xc2, 0xf3, 0xc2, 0xfb,
    0xe2, 0xf3, 0xc1, 0xfb, 0xc1, 0xfb, 0xc2, 0xf3, 0xc2, 0xfb, 0xc2, 0xfb,
    0xe1, 0xf3, 0xe1, 0xfb, 0xc2, 0xfb, 0xc1, 0xf3, 0xc2, 0xf3, 0xc1, 0xfb,
    0xc1, 0xf3, 0xc2, 0xf3, 0xa2, 0xf3, 0xc1, 0xf3, 0xc1, 0xf3, 0xc2, 0xf3,
    0xc2, 0xf3, 0xc1, 0xf3, 0xa1, 0xfb, 0xc1, 0xf3, 0xc2, 0xfb, 0xc1, 0xfb,
    0xc2, 0xf3, 0xa1, 0xf3, 0xa2, 0xf3, 0xc1, 0xf3, 0xc1, 0xf3, 0xc1, 0xf3,
    0xc2, 0xfb, 0xc1, 0xfb, 0xa1, 0xf3, 0xc2, 0xf3, 0xc2, 0xf3, 0xc1, 0xf3,
    0xa1, 0xf3, 0xc2, 0xf3, 0xa1, 0xf3, 0xc1, 0xf3, 0xc1, 0xf3, 0xc1, 0xfb,
    0xc1, 0xf3, 0xc2, 0xf3, 0xc2, 0xfb, 0xc1, 0xf3, 0xe1, 0xfb, 0xe2, 0xf3,
    0xc2, 0xfb, 0xc1, 0xf3, 0xe2, 0xfb, 0xe1, 0xfb, 0xe1, 0xf3, 0xe1, 0xfb,
    0xe1, 0xfb, 0xe1, 0xf3, 0xe2, 0xf3, 0xe1, 0xfb, 0xe2, 0xf3, 0xe2, 0xfb,
    0xe1, 0xfb, 0xe2, 0xf3, 0xc2, 0xf3, 0xe1, 0xfb, 0xe1, 0xf3, 0xc2, 0xf3,
    0xe2, 0xfb, 0xe1, 0xf3, 0xc1, 0xf3, 0xc2, 0xf3, 0xe2, 0xfb, 0xc1, 0xf3,
    0xc2, 0xf3, 0xc2, 0xf3, 0xc1, 0xf3, 0xe1, 0xf3, 0xc2, 0xf3, 0xc2, 0xf3,
    0xc1, 0xfb, 0xc2, 0xf3, 0xc2, 0xf3, 0xc1, 0xfb, 0xc1, 0xf3, 0xc1, 0xf3,
    0xc2, 0xf3, 0xc1, 0xf3, 0xc2, 0xf3, 0xc1, 0xf3, 0xc1, 0xf3, 0xc2, 0xfb,
    0xc1, 0xf3, 0xc1, 0xf3, 0xc1, 0xf3, 0xc1, 0xf3, 0xc1, 0xf3, 0xc2, 0xf3,
    0xc1, 0xfb, 0xe1, 0xf3, 0xc1, 0xf3, 0xc1, 0xf3, 0xc1, 0xf3, 0xc1, 0xf3,
    0xe2, 0xf3, 0xc1, 0xf3, 0xc1, 0xfb, 0xc2, 0xf3, 0xc2, 0xf3, 0xc2, 0xfb,
    0xc2, 0xfb, 0xc2, 0xfb, 0xc2, 0xfb, 0xc2, 0xfb, 0xc1, 0xf3, 0xc1, 0xf3,
    0xc1, 0xfb, 0xc1, 0xfb, 0xc1, 0xf3, 0xc1, 0xf3, 0xc2, 0xf3, 0xc2, 0xfb,
    0xe2, 0xfb, 0xe1, 0xfb, 0xc1, 0xfb, 0xc1, 0xf3, 0xc2, 0xfb, 0xc1, 0xfb,
    0xc2, 0xfb, 0xe2, 0xfb, 0xc1, 0xf3, 0xc1, 0xfb, 0xc2, 0xf3, 0xc1, 0xf3,
    0xe1, 0xfb, 0xc1, 0xf3, 0xe1, 0xfb, 0xe1, 0xf3, 0xc1, 0xf3, 0xc1, 0xfb,
    0xc1, 0xfb, 0xe2, 0xf3, 0xe2, 0xfb, 0xe2, 0xf3, 0xe1, 0xf3, 0xc1, 0xf3,
    0xe1, 0xf3, 0xe1, 0xf3, 0xe1, 0xf3, 0xe1, 0xf3, 0xe2, 0xf3, 0xc1, 0xf3,
    0xc1, 0xf3, 0xc2, 0xf3, 0xc1, 0xf3, 0xc1, 0xf3, 0xc1, 0xf3, 0xc1, 0xf3,
    0xe1, 0xfb, 0xc1, 0xfb, 0xc1, 0xf3, 0xc1, 0xfb, 0xc2, 0xfb, 0xe2, 0xf3,
    0xe2, 0xfb, 0xe1, 0xf3, 0xe2, 0xf3, 0xc2, 0xfb, 0xc1, 0xfb, 0xc1, 0xfb,
    0xc1, 0xf3, 0xe1, 0xfb, 0xc2, 0xf3, 0xc1, 0xf3, 0xc1, 0xfb, 0xc2, 0xf3,
    0xc1, 0xfb, 0xc1, 0xf3, 0xc1, 0xfb, 0xe2, 0xfb, 0xe2, 0xfb, 0xe1, 0xf3,
    0xc1, 0xf3, 0xc1, 0xf3, 0xc2, 0xf3, 0xc1, 0xf3, 0xc2, 0xf3, 0xc1, 0xf3,
    0xc2, 0xfb, 0xe1, 0xfb, 0xe2, 0xf3, 0xe1, 0xf3, 0xe2, 0xfb, 0xe2, 0xfb,
    0xc1, 0xf3, 0xe1, 0xf3, 0xe2, 0xf3, 0xe1, 0xf3, 0xe2, 0xf3, 0xe2, 0xf3,
    0xe2, 0xf3, 0xc1, 0xf3, 0xc1, 0xf3, 0xc2, 0xfb, 0xc2, 0xf3, 0xa1, 0xf3,
    0xc2, 0xfb, 0xc1, 0xfb, 0xc1, 0xf3, 0xc2, 0xfb, 0xa1, 0xf3, 0xa1, 0xf3,
    0xc2, 0xfb, 0xc1, 0xfb, 0xc1, 0xf3, 0xc2, 0xfb, 0xc2, 0xfb, 0xc2, 0xfb,
    0xc1, 0xf3, 0xc1, 0xf3, 0xc1, 0xfb, 0xc1, 0xf3, 0xc1, 0xf3, 0xc1, 0xf3,
    0xc1, 0xf3, 0xc1, 0xf3, 0xc2, 0xf3, 0xe1, 0xf3, 0xe1, 0xf3, 0xc1, 0xfb,
    0xc2, 0xf3, 0xc2, 0xfb, 0xa1, 0xf3, 0xa1, 0xf3, 0xc2, 0xf3, 0xa2, 0xfb,
    0xc2, 0xf3, 0xc1, 0xf3, 0xc1, 0xfb, 0xc1, 0xf3, 0xe2, 0xf3, 0xe1, 0xf3,
    0xc1, 0xf3, 0xe1, 0xf3, 0xc1, 0xfb, 0xc1, 0xf3, 0xc1, 0xf3, 0xc1, 0xfb,
    0xe1, 0xf3, 0xc1, 0xf3, 0xc1, 0xfb, 0xc1, 0xf3, 0xc2, 0xf3, 0xc1, 0xfb,
    0xc2, 0xf3, 0xc2, 0xfb, 0xc1, 0xfb, 0xc1, 0xf3, 0xc1, 0xfb, 0xa1, 0xf3,
    0xc1, 0xfb, 0xc1, 0xf3, 0xc1, 0xf3, 0xc1, 0xfb, 0xc2, 0xf3, 0xc1, 0xf3,
    0xc2, 0xf3, 0xc2, 0xf3, 0xc1, 0xf3, 0xc2, 0xf3, 0xc1, 0xfb, 0xc1, 0xf3,
    0xc2, 0xf3, 0xe2, 0xf3, 0xc1, 0xf3, 0xc2, 0xf3, 0xc1, 0xf3, 0xc1, 0xf3,
    0xc1, 0xfb, 0xc1, 0xfb, 0xc1, 0xf3, 0xc1, 0xf3, 0xc2, 0xf3, 0xc1, 0xf3,
    0xe1, 0xfb, 0xe2, 0xf3, 0xe2, 0xf3, 0xe1, 0xfb, 0xe1, 0xf3, 0xe2, 0xfb,
    0xe2, 0xf3, 0xe1, 0xf3, 0xe1, 0xf3, 0xe1, 0xf3, 0xe2, 0xfb, 0xe1, 0xf3,
    0xe1, 0xf3, 0xe2, 0xf3, 0xc1, 0xfb, 0xc1, 0xfb, 0xc1, 0xfb, 0xc2, 0xfb,
    0xc2, 0xfb, 0xc1, 0xf3, 0xc1, 0xf3, 0xc1, 0xf3, 0xa2, 0xf3, 0xc1, 0xf3,
    0xc1, 0xf3, 0xc1, 0xf3, 0xc2, 0xf3, 0xc2, 0xfb, 0xc2, 0xfb, 0xc2, 0xfb,
    0xc1, 0xf3, 0xc1, 0xfb, 0xc2, 0xf3, 0xc2, 0xfb, 0xc2, 0xfb, 0xe2, 0xfb,
    0xc1, 0xfb, 0xc2, 0xfb, 0xc2, 0xf3, 0xc1, 0xfb, 0xc1, 0xfb, 0xc1, 0xfb,
    0xc2, 0xf3, 0xe2, 0xf3, 0xe2, 0xf3, 0xe1, 0xf3, 0xc1, 0xf3, 0xe2, 0xfb,
    0xe2, 0xfb, 0xc2, 0xf3, 0xc1, 0xfb, 0xc1, 0xfb, 0xc1, 0xf3, 0xc1, 0xfb,
    0xa1, 0xf3, 0xc1, 0xf3, 0xc1, 0xf3, 0xc2, 0xf3, 0xc1, 0xf3, 0xa1, 0xf3,
    0xc1, 0xf3, 0xc1, 0xfb, 0xc2, 0xf3, 0xa1, 0xf3, 0xc2, 0xf3, 0xc1, 0xfb,
    0xc1, 0xf3, 0xc2, 0xf3, 0xc1, 0xf3, 0xc1, 0xf3, 0xc2, 0xf3, 0xc2, 0xfb,
    0xc2, 0xf3, 0xc1, 0xfb, 0xc1, 0xf3, 0xc2, 0xf3, 0xc2, 0xf3, 0xc1, 0xf3,
    0xc1, 0xf3, 0xc1, 0xf3, 0xe2, 0xfb, 0xe2, 0xfb, 0xc1, 0xf3, 0xc1, 0xf3,
    0xe1, 0xf3, 0xe1, 0xfb, 0xc1, 0xf3, 0xe1, 0xfb, 0xc2, 0xfb, 0xe1, 0xfb,
    0xe1, 0xf3, 0xe1, 0xf3, 0x01, 0xfc, 0x01, 0xf4, 0xe1, 0xf3, 0x01, 0xfc,
    0xe2, 0xf3, 0xe2, 0xfb, 0xe1, 0xfb, 0xe1, 0xf3, 0xe2, 0xfb, 0xe2, 0xfb,
    0xe1, 0xf3, 0xe1, 0xf3, 0xe2, 0xfb, 0xe1, 0xfb, 0xc2, 0xf3, 0xe2, 0xfb,
    0xc1, 0xf3, 0xc1, 0xfb, 0xe2, 0xfb, 0xe2, 0xfb, 0xe2, 0xfb, 0xe1, 0xfb,
    0xe2, 0xfb, 0xe1, 0xf3, 0xe1, 0xf3, 0xe1, 0xfb, 0xe1, 0xf3, 0xc2, 0xfb,
    0xc2, 0xf3, 0xc1, 0xf3, 0xa1, 0xf3, 0xc1, 0xf3, 0xc1, 0xf3, 0xc2, 0xfb,
    0xc1, 0xf3, 0xc1, 0xf3, 0xc1, 0xf3, 0xc1, 0xf3, 0xc1, 0xf3, 0xc1, 0xfb,
    0xc1, 0xfb, 0xe1, 0xf3, 0xc1, 0xf3, 0xc1, 0xfb, 0xe2, 0xfb, 0xc1, 0xf3,
    0xc1, 0xf3, 0xe1, 0xf3, 0xe1, 0xfb, 0xc1, 0xf3, 0xe2, 0xf3, 0xc1, 0xfb,
    0xc1, 0xfb, 0xc2, 0xfb, 0xc2, 0xfb, 0xc1, 0xfb, 0xc1, 0xf3, 0xc1, 0xfb,
    0xe1, 0xf3, 0xc1, 0xf3, 0xc1, 0xfb, 0xc1, 0xf3, 0xe1, 0xfb, 0xe1, 0xfb,
    0xe1, 0xfb, 0xe1, 0xfb, 0xe2, 0xfb, 0xe2, 0xfb, 0xe2, 0xfb, 0xe2, 0xf3,
    0xe1, 0xfb, 0xe2, 0xf3, 0xe1, 0xfb, 0xc1, 0xfb, 0xc1, 0xfb, 0xc2, 0xfb,
    0xe2, 0xfb, 0xe2, 0xfb, 0xe1, 0xfb, 0xe2, 0xfb, 0xe2, 0xfb, 0xe1, 0xfb,
    0xe2, 0xf3, 0xe1, 0xfb, 0xe2, 0xfb, 0xe1, 0xfb, 0xe2, 0xfb, 0xe1, 0xfb,
    0xe2, 0xf3, 0xc2, 0xfb, 0xe2, 0xfb, 0xe1, 0xfb, 0xc1, 0xf3, 0xc1, 0xf3,
    0xe1, 0xfb, 0xc1, 0xf3, 0xc1, 0xf3, 0xc1, 0xfb, 0xc1, 0xf3, 0xc1, 0xf3,
    0xe1, 0xf3, 0xe2, 0xf3, 0xe2, 0xf3, 0xe2, 0xf3, 0xe1, 0xfb, 0xc1, 0xf3,
    0xe2, 0xf3, 0xe2, 0xfb, 0xe1, 0xfb, 0xe1, 0xf3, 0xc2, 0xfb, 0xe1, 0xfb,
    0xe2, 0xfb, 0xe1, 0xf3, 0xe2, 0xfb, 0xe2, 0xfb, 0xe1, 0xfb, 0xe1, 0xfb,
    0xe1, 0xfb, 0xe1, 0xfb, 0xe2, 0xf3, 0xe1, 0xfb, 0xe1, 0xfb, 0xe1, 0xfb,
    0xe2, 0xfb, 0xe1, 0xfb, 0xe1, 0xf3, 0xe2, 0xfb, 0xe1, 0xfb, 0xe1, 0xfb,
    0xc1, 0xf3, 0xe1, 0xfb, 0xe2, 0xfb, 0xe2, 0xf3, 0xc1, 0xfb, 0xc1, 0xf3,
    0xe1, 0xfb, 0xe1, 0xfb, 0xe2, 0xf3, 0xe2, 0xfb, 0xe2, 0xfb, 0xe2, 0xfb,
    0xe1, 0xfb, 0xe2, 0xfb, 0xe2, 0xfb, 0xc1, 0xfb, 0xc1, 0xf3, 0xc1, 0xf3,
    0xc2, 0xfb, 0xc2, 0xfb, 0xc2, 0xfb, 0xc2, 0xfb, 0xc1, 0xfb, 0xc2, 0xfb,
    0xc2, 0xf3, 0xc1, 0xf3, 0xc1, 0xfb, 0xc2, 0xfb, 0xc1, 0xf3, 0xc1, 0xf3,
    0xc2, 0xf3, 0xc1, 0xfb, 0xc2, 0xf3, 0xc1, 0xfb, 0xe1, 0xf3, 0xc1, 0xf3,
    0xc1, 0xf3, 0xc1, 0xf3, 0xe2, 0xfb, 0xc2, 0xfb, 0xe1, 0xf3, 0xc2, 0xfb,
    0xc2, 0xfb, 0xc2, 0xf3, 0xc1, 0xf3, 0xc1, 0xf3, 0xc1, 0xf3, 0xc1, 0xf3,
    0xc1, 0xf3, 0xc1, 0xf3, 0xc2, 0xfb, 0xc1, 0xf3, 0xc2, 0xfb, 0xe2, 0xfb,
    0xe2, 0xfb, 0xe2, 0xfb, 0xe2, 0xfb, 0xe2, 0xfb, 0xe1, 0xf3, 0xe1, 0xfb,
    0xe1, 0xfb, 0xe2, 0xfb, 0xe2, 0xfb, 0xc2, 0xf3, 0xc1, 0xfb, 0xe1, 0xf3,
    0xc1, 0xfb, 0xc1, 0xfb, 0xc1, 0xfb, 0xc1, 0xf3, 0xc1, 0xfb, 0xc1, 0xf3,
    0xc1, 0xf3, 0xc1, 0xfb, 0xc1, 0xf3, 0xc1, 0xf3, 0xc2, 0xfb, 0xc1, 0xf3,
    0xc1, 0xf3, 0xc1, 0xf3, 0xc1, 0xf3, 0xc1, 0xf3, 0xc1, 0xf3, 0xc2, 0xfb,
    0xe1, 0xfb, 0xc1, 0xf3, 0xe2, 0xfb, 0xe1, 0xfb, 0xc1, 0xfb, 0xc1, 0xfb,
    0xc1, 0xf3, 0xc1, 0xf3, 0xc1, 0xf3, 0xc1, 0xf3, 0xc2, 0xfb, 0xe1, 0xf3,
    0xe1, 0xf3, 0xc1, 0xf3, 0xe2, 0xfb, 0xe1, 0xf3, 0xc1, 0xf3, 0xc1, 0xfb,
    0xe1, 0xf3, 0xc1, 0xf3, 0xc1, 0xfb, 0xe1, 0xf3, 0xe2, 0xfb, 0xe1, 0xfb,
    0xe2, 0xfb, 0xe2, 0xfb, 0xe1, 0xf3, 0xc1, 0xf3, 0xe1, 0xf3, 0xc1, 0xf3,
    0xc1, 0xfb, 0xc1, 0xfb, 0xc1, 0xfb, 0xc1, 0xfb, 0xc1, 0xf3, 0xc1, 0xfb,
    0xc1, 0xf3, 0xc1, 0xf3, 0xc1, 0xf3, 0xa2, 0xf3, 0xc1, 0xfb, 0xc1, 0xfb,
    0xc1, 0xfb, 0xc1, 0xfb, 0xc1, 0xfb, 0xc1, 0xfb, 0xc1, 0xfb, 0xc1, 0xf3,
    0xc1, 0xf3, 0xe2, 0xfb, 0xc1, 0xf3, 0xc1, 0xfb, 0xe2, 0xf3, 0xc2, 0xf3,
    0xc2, 0xfb, 0xc2, 0xfb, 0xe2, 0xfb, 0xe2, 0xfb, 0xe2, 0xfb, 0xe1, 0xfb,
    0xe2, 0xf3, 0xc1, 0xfb, 0xc1, 0xf3, 0xc1, 0xf3, 0xe1, 0xfb, 0xc1, 0xfb,
    0xc1, 0xf3, 0xc1, 0xf3, 0xc2, 0xf3, 0xc1, 0xf3, 0xa1, 0xf3, 0xc1, 0xf3,
    0xc2, 0xfb, 0xc1, 0xf3, 0xc2, 0xf3, 0xc1, 0xf3, 0xc1, 0xf3, 0xc1, 0xf3,
    0xc1, 0xf3, 0xc2, 0xf3, 0xc1, 0xf3, 0xe1, 0xf3, 0xc2, 0xfb, 0xc1, 0xf3,
    0xc1, 0xf3, 0xc1, 0xf3, 0xe2, 0xfb, 0xc1, 0xf3, 0xc1, 0xf3, 0xc1, 0xf3,
    0xc1, 0xf3, 0xc2, 0xf3, 0xe2, 0xfb, 0xc2, 0xf3, 0xe1, 0xf3, 0xc1, 0xfb,
    0xe1, 0xf3, 0xc1, 0xf3, 0xe2, 0xfb, 0xe2, 0xfb, 0xe1, 0xf3, 0xe2, 0xf3,
    0xe2, 0xf3, 0xe1, 0xfb, 0xe1, 0xfb, 0xe1, 0xfb, 0x01, 0xf4, 0x01, 0xf4,
    0xe1, 0xfb, 0x02, 0xfc, 0xe2, 0xf3, 0xe1, 0xfb, 0xe2, 0xf3, 0xe1, 0xf3,
    0xe1, 0xfb, 0xc2, 0xf3, 0xe2, 0xf3, 0xe1, 0xf3, 0xe2, 0xf3, 0xe1, 0xf3,
    0xc2, 0xfb, 0xe2, 0xf3, 0xe1, 0xf3, 0xc1, 0xf3, 0xc2, 0xf3, 0xe2, 0xf3,
    0xe2, 0xf3, 0xc2, 0xfb, 0xe2, 0xf3, 0xe1, 0xfb, 0xe1, 0xfb, 0xe1, 0xf3,
    0xc1, 0xf3, 0xe2, 0xfb, 0xc2, 0xfb, 0xc1, 0xf3, 0xc1, 0xfb, 0xc2, 0xfb,
    0xc1, 0xf3, 0xc2, 0xfb, 0xc2, 0xf3, 0xc1, 0xf3, 0xc1, 0xf3, 0xc2, 0xf3,
    0xc1, 0xf3, 0xc1, 0xf3, 0xe2, 0xfb, 0xe2, 0xfb, 0xe1, 0xf3, 0xc1, 0xf3,
    0xc1, 0xf3, 0xc1, 0xf3, 0xc1, 0xf3, 0xc1, 0xf3, 0xc1, 0xf3, 0xc1, 0xf3,
    0xe2, 0xfb, 0xe1, 0xf3, 0xc1, 0xfb, 0xe2, 0xf3, 0xe2, 0xf3, 0xe1, 0xf3,
    0xe1, 0xf3, 0xe2, 0xfb, 0xc1, 0xf3, 0xe1, 0xf3, 0xe1, 0xfb, 0xc1, 0xf3,
    0xe2, 0xf3, 0xe1, 0xfb, 0xe1, 0xf3, 0xe1, 0xf3, 0x01, 0xf4, 0xe1, 0xfb,
    0xe2, 0xfb, 0xe1, 0xf3, 0xe2, 0xfb, 0xe2, 0xfb, 0xe1, 0xf3, 0xc2, 0xfb,
    0xc1, 0xfb, 0xc1, 0xf3, 0xe1, 0xfb, 0xe1, 0xfb, 0xe1, 0xfb, 0xe1, 0xf3,
    0xe1, 0xf3, 0xe2, 0xfb, 0xe1, 0xfb, 0xe2, 0xf3, 0xe1, 0xf3, 0xe2, 0xfb,
    0xe1, 0xfb, 0xc1, 0xfb, 0xe1, 0xf3, 0xe2, 0xfb, 0xe1, 0xfb, 0xe1, 0xf3,
    0xc2, 0xfb, 0xc1, 0xfb, 0xe1, 0xf3, 0xc1, 0xf3, 0xc1, 0xf3, 0xe2, 0xf3,
    0xe1, 0xfb, 0xc1, 0xf3, 0xc1, 0xf3, 0xe1, 0xf3, 0xe2, 0xf3, 0xe1, 0xf3,
    0xc1, 0xfb, 0xe1, 0xf3, 0xc2, 0xf3, 0xe2, 0xfb, 0xe1, 0xf3, 0xe2, 0xf3,
    0xe2, 0xfb, 0xe1, 0xfb, 0xe2, 0xfb, 0xe1, 0xf3, 0xe1, 0xf3, 0xe1, 0xfb,
    0xe1, 0xfb, 0xe2, 0xf3, 0xe1, 0xf3, 0xe1, 0xf3, 0xe1, 0xfb, 0xe2, 0xfb,
    0xe1, 0xf3, 0xe1, 0xf3, 0xe2, 0xfb, 0xe1, 0xf3, 0xc2, 0xfb, 0xc1, 0xfb,
    0xe1, 0xf3, 0xc2, 0xf3, 0xe1, 0xf3, 0xe2, 0xfb, 0xe1, 0xf3, 0xe2, 0xf3,
    0xe2, 0xfb, 0xc1, 0xf3, 0xe2, 0xf3, 0xe2, 0xf3, 0xe2, 0xfb, 0xe2, 0xf3,
    0xe1, 0xfb, 0xe2, 0xfb, 0xe2, 0xfb, 0xe1, 0xfb, 0xe1, 0xf3, 0xc2, 0xf3,
    0xc2, 0xf3, 0xc1, 0xf3, 0xc1, 0xf3, 0xe2, 0xf3, 0xe2, 0xfb, 0xe1, 0xf3,
    0xe2, 0xfb, 0xe2, 0xfb, 0xc1, 0xf3, 0xc2, 0xf3, 0xe2, 0xf3, 0xc2, 0xf3,
    0xc1, 0xf3, 0xe2, 0xf3, 0xe1, 0xfb, 0xe1, 0xf3, 0xc1, 0xf3, 0xc1, 0xf3,
    0xe2, 0xfb, 0xc2, 0xf3, 0xe1, 0xfb, 0xe1, 0xf3, 0xc2, 0xf3, 0xe1, 0xfb,
    0xc1, 0xf3, 0xc2, 0xf3, 0xe2, 0xfb, 0xc1, 0xf3, 0xc1, 0xf3, 0xc2, 0xf3,
    0xc2, 0xfb, 0xc1, 0xf3, 0xc1, 0xf3, 0xc1, 0xf3, 0xc1, 0xfb, 0xc1, 0xf3,
    0xe2, 0xf3, 0xe2, 0xfb, 0xe2, 0xf3, 0xe2, 0xf3, 0xe2, 0xfb, 0xe1, 0xf3,
    0xe2, 0xfb, 0xe2, 0xfb, 0xe1, 0xf3, 0xe1, 0xf3, 0xe1, 0xfb, 0xe1, 0xfb,
    0xe1, 0xf3, 0xe1, 0xf3, 0xe2, 0xfb, 0xc1, 0xf3, 0xe1, 0xf3, 0xc1, 0xf3,
    0xe2, 0xf3, 0xe1, 0xfb, 0xc1, 0xf3, 0xe1, 0xf3, 0xc1, 0xf3, 0xe2, 0xfb,
    0xe1, 0xfb, 0xc2, 0xf3, 0xc1, 0xf3, 0xc2, 0xf3, 0xc1, 0xf3, 0xc1, 0xf3,
    0xe2, 0xfb, 0xc1, 0xf3, 0xe1, 0xf3, 0xc1, 0xf3, 0xe2, 0xfb, 0xe2, 0xfb,
    0xe2, 0xf3, 0xe1, 0xf3, 0xc1, 0xfb, 0xe2, 0xfb, 0xc1, 0xf3, 0xc1, 0xf3,
    0xc1, 0xf3, 0xe2, 0xfb, 0xe1, 0xf3, 0xc1, 0xfb, 0xe2, 0xfb, 0xe2, 0xf3,
    0xc1, 0xfb, 0xc1, 0xf3, 0xe1, 0xf3, 0xc1, 0xfb, 0xc1, 0xf3, 0xe1, 0xf3,
    0xe2, 0xfb, 0xe1, 0xf3, 0xe1, 0xfb, 0xe2, 0xfb, 0xe2, 0xfb, 0xc1, 0xf3,
    0xe1, 0xfb, 0xe2, 0xf3, 0xc1, 0xf3, 0xe1, 0xf3, 0xc1, 0xf3, 0xc1, 0xf3,
    0xc1, 0xf3, 0xc1, 0xf3, 0xc2, 0xf3, 0xc1, 0xfb, 0xc1, 0xf3, 0xc2, 0xf3,
    0xc1, 0xf3, 0xc1, 0xf3, 0xe1, 0xf3, 0xe1, 0xf3, 0xe2, 0xf3, 0xe1, 0xf3,
    0xe1, 0xf3, 0xe1, 0xf3, 0xe2, 0xf3, 0xe2, 0xfb, 0xe2, 0xf3, 0xe2, 0xfb,
    0xe1, 0xf3, 0xe2, 0xf3, 0xe2, 0xf3, 0xe2, 0xfb, 0xe2, 0xfb, 0xe2, 0xf3,
    0xe1, 0xfb, 0xe1, 0xfb, 0xe2, 0xfb, 0xe2, 0xfb, 0xc1, 0xfb, 0xe2, 0xf3,
    0xc2, 0xfb, 0xe2, 0xfb, 0xc1, 0xf3, 0xc1, 0xf3, 0xc1, 0xf3, 0xc2, 0xf3,
    0xc1, 0xf3, 0xc1, 0xf3, 0xc1, 0xf3, 0xc1, 0xfb, 0xc1, 0xf3, 0xc1, 0xfb,
    0xc1, 0xf3, 0xc1, 0xf3, 0xc1, 0xfb, 0xc1, 0xf3, 0xe1, 0xf3, 0xe1, 0xf3,
    0xc2, 0xfb, 0xe2, 0xfb, 0xe1, 0xf3, 0xc2, 0xfb, 0xe1, 0xf3, 0xc2, 0xf3,
    0xc2, 0xf3, 0xc1, 0xf3, 0xc1, 0xf3, 0xc1, 0xf3, 0xe2, 0xf3, 0xc1, 0xfb,
    0xc2, 0xf3, 0xe1, 0xf3, 0xe1, 0xfb, 0xe1, 0xf3, 0xe2, 0xfb, 0xe1, 0xf3,
    0xe2, 0xfb, 0xe2, 0xfb, 0xe1, 0xfb, 0x01, 0xfc, 0x01, 0xf4, 0x01, 0xf4,
    0x01, 0xfc, 0x01, 0xf4, 0xe1, 0xfb, 0x01, 0xf4, 0x02, 0xfc, 0xe1, 0xfb,
    0xe2, 0xfb, 0xe2, 0xfb, 0xe1, 0xf3, 0xe1, 0xf3, 0xe2, 0xf3, 0xe1, 0xf3,
    0xe1, 0xf3, 0xe1, 0xf3, 0xe2, 0xfb, 0xe2, 0xfb, 0xc1, 0xf3, 0xe2, 0xfb,
    0xe1, 0xfb, 0xc1, 0xfb, 0xe1, 0xf3, 0xe2, 0xf3, 0xe2, 0xfb, 0xe2, 0xfb,
    0xe2, 0xfb, 0xe2, 0xf3, 0xe1, 0xfb, 0xe1, 0xf3, 0xe2, 0xfb, 0xe1, 0xf3,
    0xe2, 0xf3, 0xc2, 0xfb, 0xe2, 0xf3, 0xe1, 0xfb, 0xe2, 0xf3, 0xe1, 0xf3,
    0xc2, 0xf3, 0xc1, 0xf3, 0xc1, 0xf3, 0xe1, 0xf3, 0xe1, 0xfb, 0xe2, 0xf3,
    0xc1, 0xf3, 0xe1, 0xfb, 0xe2, 0xf3, 0xc1, 0xf3, 0xc1, 0xfb, 0xc1, 0xf3,
    0xc1, 0xf3, 0xc1, 0xfb, 0xe1, 0xf3, 0xc1, 0xf3, 0xe2, 0xf3, 0xe2, 0xfb,
    0xe2, 0xfb, 0xe2, 0xf3, 0xe1, 0xfb, 0xe2, 0xfb, 0xe1, 0xfb, 0xe1, 0xfb,
    0xe2, 0xf3, 0xe1, 0xfb, 0xe1, 0xfb, 0xe1, 0xfb, 0xe2, 0xfb, 0x02, 0xfc,
    0xe1, 0xfb, 0xe1, 0xf3, 0xe2, 0xfb, 0xe1, 0xfb, 0xe1, 0xf3, 0xe1, 0xf3,
    0xe2, 0xfb, 0xe2, 0xfb, 0xe2, 0xfb, 0xe1, 0xfb, 0xe2, 0xf3, 0xc1, 0xf3,
    0xe1, 0xfb, 0xe1, 0xfb, 0xe1, 0xf3, 0x01, 0xfc, 0x02, 0xfc, 0x01, 0xfc,
    0xe2, 0xf3, 0xe1, 0xf3, 0xe1, 0xfb, 0xe2, 0xfb, 0xe1, 0xf3, 0xe1, 0xfb,
    0xe1, 0xf3, 0xe1, 0xfb, 0xe1, 0xf3, 0xe1, 0xf3, 0xe2, 0xfb, 0xe1, 0xfb,
    0xe2, 0xfb, 0xe2, 0xf3, 0xe1, 0xfb, 0xe2, 0xf3, 0xe1, 0xf3, 0xe1, 0xf3,
    0xe2, 0xf3, 0xe2, 0xf3, 0xe1, 0xf3, 0xe1, 0xf3, 0xc1, 0xf3, 0xc1, 0xf3,
    0xe2, 0xfb, 0xe2, 0xfb, 0xe1, 0xf3, 0xe2, 0xfb, 0xe1, 0xfb, 0xe1, 0xfb,
    0xe2, 0xfb, 0xe1, 0xf3, 0xe2, 0xf3, 0xe1, 0xfb, 0xe1, 0xfb, 0xe1, 0xf3,
    0x02, 0xfc, 0xe1, 0xfb, 0xe1, 0xf3, 0xe1, 0xfb, 0xe2, 0xf3, 0xe2, 0xfb,
    0xe1, 0xfb, 0xe2, 0xf3, 0xe2, 0xf3, 0xe2, 0xfb, 0xc1, 0xfb, 0xe2, 0xf3,
    0xc1, 0xfb, 0xe1, 0xf3, 0xe2, 0xf3, 0xe1, 0xfb, 0xe1, 0xfb, 0xc2, 0xf3,
    0xc1, 0xfb, 0xe1, 0xf3, 0xe1, 0xf3, 0xe2, 0xfb, 0xe2, 0xfb, 0xe1, 0xfb,
    0xe1, 0xf3, 0xe1, 0xfb, 0xc2, 0xf3, 0xe2, 0xfb, 0xe1, 0xfb, 0xe1, 0xf3,
    0xe1, 0xf3, 0xe2, 0xfb, 0xe1, 0xf3, 0xe1, 0xf3, 0xe2, 0xfb, 0xe1, 0xf3,
    0xe1, 0xf3, 0xe1, 0xfb, 0xe2, 0xf3, 0xe2, 0xfb, 0xc1, 0xf3, 0xe1, 0xf3,
    0xe1, 0xfb, 0xe1, 0xf3, 0xe2, 0xfb, 0xe1, 0xfb, 0xe2, 0xfb, 0xe2, 0xfb,
    0xe1, 0xf3, 0xe1, 0xfb, 0xc2, 0xf3, 0xe1, 0xf3, 0xe1, 0xfb, 0xc1, 0xf3,
    0xc2, 0xfb, 0xe2, 0xfb, 0xe2, 0xf3, 0xc1, 0xfb, 0xe2, 0xfb, 0xe2, 0xfb,
    0xc1, 0xf3, 0xc1, 0xf3, 0xe2, 0xfb, 0xe1, 0xf3, 0xc1, 0xf3, 0xe1, 0xf3,
    0xe2, 0xfb, 0xe1, 0xfb, 0xe1, 0xf3, 0xe1, 0xfb, 0xe1, 0xfb, 0xe1, 0xfb,
    0xe2, 0xf3, 0xe1, 0xfb, 0xe2, 0xfb, 0xe1, 0xfb, 0xe2, 0xf3, 0xc1, 0xf3,
    0xe2, 0xfb, 0xe1, 0xfb, 0xe1, 0xf3, 0xe2, 0xfb, 0xe1, 0xfb, 0xe1, 0xf3,
    0xe2, 0xfb, 0xe1, 0xf3, 0xe1, 0xf3, 0xc1, 0xfb, 0xe2, 0xf3, 0xc1, 0xf3,
    0xe2, 0xf3, 0xe2, 0xfb, 0xe2, 0xfb, 0xe1, 0xf3, 0xc1, 0xf3, 0xe1, 0xfb,
    0xe2, 0xf3, 0xe1, 0xf3, 0xe2, 0xfb, 0xe2, 0xf3, 0xe1, 0xfb, 0xc1, 0xf3,
    0xe2, 0xf3, 0xc1, 0xf3, 0xe1, 0xfb, 0xc1, 0xf3, 0xc1, 0xf3, 0xe1, 0xf3,
    0xe2, 0xfb, 0xe2, 0xfb, 0xe1, 0xf3, 0xe1, 0xf3, 0xe2, 0xfb, 0xe2, 0xf3,
    0xc1, 0xf3, 0xe1, 0xfb, 0xe1, 0xf3, 0xe1, 0xf3, 0xe2, 0xfb, 0xe1, 0xfb,
    0xe2, 0xf3, 0xe1, 0xfb, 0xc1, 0xf3, 0xe1, 0xfb, 0xc2, 0xfb, 0xe1, 0xf3,
    0xe2, 0xf3, 0xe1, 0xfb, 0xc1, 0xf3, 0xc1, 0xf3, 0xc2, 0xf3, 0xc2, 0xf3,
    0xc1, 0xf3, 0xc1, 0xf3, 0xc1, 0xf3, 0xc1, 0xf3, 0xe2, 0xf3, 0xe1, 0xf3,
    0xc1, 0xf3, 0xc1, 0xf3, 0xe1, 0xfb, 0xc1, 0xf3, 0xc1, 0xfb, 0xe2, 0xf3,
    0xe2, 0xfb, 0xe1, 0xf3, 0xe2, 0xfb, 0xe1, 0xfb, 0xe1, 0xf3, 0xe1, 0xf3,
    0xe2, 0xfb, 0xe1, 0xf3, 0xe1, 0xfb, 0xe2, 0xfb, 0xe2, 0xfb, 0xe1, 0xfb,
    0xe2, 0xfb, 0xe2, 0xfb, 0xe2, 0xfb, 0xe1, 0xf3, 0xc1, 0xf3, 0xc1, 0xfb,
    0xc2, 0xf3, 0xc1, 0xf3, 0xc2, 0xf3, 0xc1, 0xf3, 0xc1, 0xf3, 0xc1, 0xf3,
    0xc1, 0xf3, 0xe1, 0xfb, 0xe1, 0xf3, 0xc1, 0xf3, 0xc1, 0xfb, 0xc1, 0xf3,
    0xe2, 0xfb, 0xc1, 0xf3, 0xe1, 0xf3, 0xe2, 0xfb, 0xe2, 0xf3, 0xe1, 0xf3,
    0xc1, 0xf3, 0xc1, 0xf3, 0xc2, 0xf3, 0xe1, 0xf3, 0xc1, 0xf3, 0xc1, 0xf3,
    0xe1, 0xf3, 0xe2, 0xf3, 0xe2, 0xfb, 0xe2, 0xf3, 0xe1, 0xf3, 0xe2, 0xfb,
    0xe1, 0xf3, 0xc1, 0xf3, 0xe2, 0xfb, 0xe1, 0xfb, 0xe2, 0xfb, 0x01, 0xfc,
    0x01, 0xf4, 0x01, 0xf4, 0xe1, 0xf3, 0x01, 0xf4, 0xe2, 0xfb, 0xe1, 0xf3,
    0x01, 0xf4, 0x01, 0xf4, 0x01, 0xf4, 0xe2, 0xfb, 0x01, 0xfc, 0x01, 0xf4,
    0xe2, 0xf3, 0xe2, 0xfb, 0x01, 0xfc, 0xe1, 0xfb, 0xe2, 0xf3, 0xe1, 0xfb,
    0xc1, 0xf3, 0xe1, 0xf3, 0xe2, 0xfb, 0xe1, 0xfb, 0xe2, 0xfb, 0xe1, 0xf3,
    0xe1, 0xf3, 0xe2, 0xfb, 0xe2, 0xfb, 0xe2, 0xfb, 0xe1, 0xf3, 0xe2, 0xf3,
    0xe1, 0xfb, 0xe1, 0xfb, 0xe1, 0xf3, 0xe2, 0xf3, 0xe1, 0xfb, 0xe1, 0xf3,
    0xe2, 0xfb, 0xe2, 0xf3, 0xc1, 0xf3, 0xc1, 0xf3, 0xe1, 0xf3, 0xc1, 0xf3,
    0xc1, 0xf3, 0xc1, 0xf3, 0xe1, 0xfb, 0xe1, 0xfb, 0xe1, 0xfb, 0xe1, 0xfb,
    0xe1, 0xf3, 0xe1, 0xfb, 0xe2, 0xfb, 0xe2, 0xf3, 0xc1, 0xf3, 0xc1, 0xfb,
    0xe2, 0xfb, 0xe1, 0xf3, 0xe1, 0xfb, 0xe1, 0xfb, 0xe2, 0xf3, 0xe1, 0xf3,
    0xe1, 0xfb, 0xe1, 0xf3, 0xe1, 0xf3, 0xe2, 0xfb, 0xe1, 0xfb, 0x01, 0xf4,
    0xe1, 0xfb, 0x01, 0xfc, 0x01, 0xfc, 0xe1, 0xf3, 0xe1, 0xfb, 0xe2, 0xfb,
    0xe1, 0xf3, 0xe1, 0xf3, 0xe1, 0xfb, 0xe1, 0xf3, 0xe1, 0xfb, 0xe1, 0xfb,
    0xe2, 0xfb, 0xe1, 0xfb, 0xe1, 0xfb, 0xe1, 0xfb, 0xe2, 0xfb, 0xe1, 0xfb,
    0x01, 0xfc, 0x01, 0xfc, 0xe1, 0xfb, 0xe1, 0xfb, 0xe1, 0xf3, 0xe2, 0xfb,
    0xe1, 0xfb, 0xe1, 0xf3, 0xe1, 0xfb, 0xe1, 0xfb, 0xe1, 0xf3, 0xe2, 0xf3,
    0xe2, 0xfb, 0xe1, 0xf3, 0xe2, 0xfb, 0xe1, 0xfb, 0xe2, 0xf3, 0xe2, 0xf3,
    0xe2, 0xf3, 0xe1, 0xfb, 0xe2, 0xf3, 0xe2, 0xf3, 0xe2, 0xfb, 0xe2, 0xf3,
    0xe1, 0xfb, 0xc1, 0xf3, 0xe1, 0xfb, 0xe1, 0xfb, 0xe1, 0xf3, 0xe2, 0xf3,
    0xe2, 0xf3, 0xe2, 0xf3, 0xe2, 0xfb, 0xe2, 0xf3, 0xe1, 0xfb, 0xe1, 0xfb,
    0x01, 0xfc, 0x02, 0xfc, 0xe1, 0xfb, 0x01, 0xfc, 0xe1, 0xf3, 0xe1, 0xfb,
    0xe2, 0xf3, 0xe2, 0xfb, 0xe1, 0xfb, 0xe1, 0xf3, 0xe2, 0xfb, 0xe1, 0xfb,
    0xe2, 0xf3, 0xe1, 0xfb, 0xe2, 0xfb, 0xe1, 0xf3, 0xe2, 0xf3, 0xe1, 0xf3,
    0xe1, 0xfb, 0xe2, 0xfb, 0xe2, 0xf3, 0xc1, 0xfb, 0xe2, 0xf3, 0xe1, 0xfb,
    0xc1, 0xf3, 0xe2, 0xf3, 0xe2, 0xfb, 0xe1, 0xfb, 0xc2, 0xf3, 0xe1, 0xf3,
    0xe1, 0xfb, 0xe2, 0xfb, 0xc2, 0xf3, 0xe1, 0xfb, 0xe2, 0xfb, 0xc2, 0xf3,
    0xe1, 0xfb, 0xe2, 0xfb, 0xc1, 0xf3, 0xc1, 0xfb, 0xe2, 0xfb, 0xe1, 0xf3,
    0xe1, 0xfb, 0xe2, 0xfb, 0xe2, 0xf3, 0xe1, 0xfb, 0xe1, 0xf3, 0xe1, 0xfb,
    0xe1, 0xf3, 0xe1, 0xfb, 0xe2, 0xf3, 0xe2, 0xfb, 0xc1, 0xf3, 0xc1, 0xf3,
    0xe1, 0xfb, 0xc2, 0xf3, 0xe1, 0xf3, 0xe1, 0xf3, 0xc1, 0xf3, 0xe1, 0xf3,
    0xe2, 0xfb, 0xe1, 0xf3, 0xe2, 0xfb, 0xe1, 0xfb, 0xe2, 0xf3, 0xc1, 0xfb,
    0xe1, 0xfb, 0xe2, 0xf3, 0xe2, 0xfb, 0xe1, 0xfb, 0xe1, 0xf3, 0xe1, 0xfb,
    0x01, 0xfc, 0x02, 0xf4, 0x01, 0xfc, 0xe2, 0xf3, 0xe1, 0xfb, 0xe1, 0xfb,
    0xe1, 0xfb, 0xe1, 0xfb, 0xe2, 0xf3, 0xe1, 0xfb, 0xe1, 0xf3, 0xe1, 0xf3,
    0xe2, 0xfb, 0xe2, 0xfb, 0xe2, 0xfb, 0xe1, 0xfb, 0xe1, 0xfb, 0xe2, 0xfb,
    0xe1, 0xfb, 0xc1, 0xf3, 0xe1, 0xfb, 0xe1, 0xf3, 0xe2, 0xfb, 0xe2, 0xfb,
    0xe2, 0xf3, 0xc1, 0xfb, 0xe1, 0xfb, 0xc2, 0xf3, 0xe1, 0xfb, 0xe2, 0xfb,
    0xc1, 0xf3, 0xc1, 0xf3, 0xe1, 0xf3, 0xe2, 0xfb, 0xc1, 0xf3, 0xe1, 0xfb,
    0xe2, 0xfb, 0xe1, 0xf3, 0xe1, 0xf3, 0xc2, 0xfb, 0xe2, 0xfb, 0xc1, 0xf3,
    0xc1, 0xfb, 0xe1, 0xf3, 0xc2, 0xfb, 0xe1, 0xfb, 0xe2, 0xfb, 0xe2, 0xf3,
    0xe2, 0xfb, 0xe1, 0xf3, 0xe2, 0xf3, 0xe2, 0xfb, 0xe1, 0xf3, 0xe1, 0xfb,
    0xe1, 0xfb, 0xe2, 0xfb, 0xc1, 0xf3, 0xe1, 0xfb, 0xc1, 0xf3, 0xc1, 0xf3,
    0xe1, 0xfb, 0xe1, 0xfb, 0xe1, 0xfb, 0xc1, 0xf3, 0xc1, 0xfb, 0xc1, 0xf3,
    0xe1, 0xfb, 0xe1, 0xfb, 0xe1, 0xf3, 0xc1, 0xfb, 0xe2, 0xf3, 0xc1, 0xf3,
    0xc1, 0xf3, 0xc1, 0xfb, 0xc1, 0xf3, 0xc1, 0xf3, 0xc1, 0xf3, 0xc1, 0xfb,
    0xc1, 0xf3, 0xc1, 0xf3, 0xe2, 0xfb, 0xe1, 0xf3, 0xe2, 0xf3, 0xe2, 0xf3,
    0xe1, 0xf3, 0xe2, 0xf3, 0xe1, 0xf3, 0xe1, 0xfb, 0xe2, 0xf3, 0xe2, 0xfb,
    0xe1, 0xf3, 0xc2, 0xfb, 0xe2, 0xfb, 0xc1, 0xf3, 0xc2, 0xf3, 0xe1, 0xfb,
    0xc1, 0xfb, 0xc2, 0xf3, 0xc1, 0xf3, 0xe1, 0xfb, 0xe2, 0xf3, 0xe2, 0xfb,
    0xc1, 0xf3, 0xc1, 0xf3, 0xe1, 0xfb, 0xc1, 0xf3, 0xe2, 0xfb, 0xe1, 0xf3,
    0xe1, 0xf3, 0xe2, 0xf3, 0xe2, 0xf3, 0xe1, 0xf3, 0xc1, 0xf3, 0xe1, 0xf3,
    0xe1, 0xf3, 0xe1, 0xf3, 0xe1, 0xf3, 0xe1, 0xf3, 0xe1, 0xf3, 0xe1, 0xf3,
    0xe2, 0xf3, 0xe2, 0xf3, 0xe1, 0xf3, 0xe2, 0xfb, 0xe1, 0xf3, 0xe1, 0xf3,
    0x02, 0xfc, 0x01, 0xfc, 0x01, 0xfc, 0x02, 0xfc, 0x01, 0xf4, 0x01, 0xf4,
    0x01, 0xfc, 0xe2, 0xfb, 0xe2, 0xf3, 0x01, 0xf4, 0x02, 0xf4, 0x01, 0xfc,
    0xe1, 0xf3, 0xe2, 0xf3, 0xe2, 0xf3, 0xe1, 0xf3, 0xe2, 0xf3, 0x01, 0xfc,
    0xe2, 0xfb, 0xe1, 0xf3, 0xe2, 0xfb, 0xe2, 0xfb, 0xe2, 0xfb, 0xe2, 0xfb,
    0xe2, 0xfb, 0xe1, 0xfb, 0xe1, 0xf3, 0x02, 0xfc, 0x02, 0xfc, 0xe1, 0xf3,
    0xe1, 0xfb, 0xe2, 0xfb, 0xc1, 0xf3, 0xe1, 0xfb, 0xe2, 0xfb, 0xc1, 0xf3,
    0xe2, 0xfb, 0xe1, 0xf3, 0xc1, 0xfb, 0xe2, 0xfb, 0xc2, 0xf3, 0xe1, 0xf3,
    0xe2, 0xf3, 0xe1, 0xfb, 0xc2, 0xf3, 0xe1, 0xfb, 0xc1, 0xf3, 0xe1, 0xf3,
    0xe1, 0xf3, 0xe2, 0xfb, 0xe2, 0xf3, 0xe1, 0xf3, 0xe1, 0xfb, 0xe1, 0xf3,
    0xe1, 0xfb, 0xe2, 0xfb, 0xe1, 0xf3, 0xe1, 0xf3, 0xc2, 0xf3, 0xe2, 0xfb,
    0xe1, 0xf3, 0xe1, 0xfb, 0xe1, 0xfb, 0xe1, 0xf3, 0xe1, 0xf3, 0xe1, 0xfb,
    0x01, 0xfc, 0xe1, 0xfb, 0x02, 0xfc, 0x02, 0xf4, 0x01, 0xfc, 0x01, 0xfc,
    0xe1, 0xf3, 0xe2, 0xfb, 0xe1, 0xfb, 0x01, 0xfc, 0xe1, 0xf3, 0xe1, 0xfb,
    0x01, 0xf4, 0xe1, 0xfb, 0xe1, 0xf3, 0xe1, 0xfb, 0x01, 0xfc, 0x01, 0xfc,
    0x02, 0xfc, 0xe1, 0xfb, 0x02, 0xfc, 0x01, 0xf4, 0xe1, 0xfb, 0xe1, 0xfb,
    0xe1, 0xf3, 0xe1, 0xf3, 0xe1, 0xfb, 0xe1, 0xfb, 0x01, 0xf4, 0xe1, 0xfb,
    0xe2, 0xfb, 0xe1, 0xfb, 0xe1, 0xf3, 0xc2, 0xf3, 0xe1, 0xf3, 0xe1, 0xf3,
    0xe1, 0xfb, 0xe2, 0xf3, 0xe1, 0xf3, 0xe1, 0xf3, 0x01, 0xf4, 0xe1, 0xf3,
    0xe1, 0xf3, 0xe2, 0xf3, 0xe1, 0xf3, 0xe1, 0xf3, 0xe2, 0xfb, 0xe2, 0xfb,
    0xe1, 0xfb, 0xe2, 0xfb, 0xe1, 0xf3, 0xe1, 0xfb, 0xc1, 0xf3, 0xe2, 0xf3,
    0xe1, 0xfb, 0xe1, 0xf3, 0xe1, 0xfb, 0x01, 0xf4, 0x01, 0xfc, 0x02, 0xf4,
    0x01, 0xfc, 0x02, 0xfc, 0xe2, 0xfb, 0xe1, 0xf3, 0xe2, 0xf3, 0xe1, 0xf3,
    0xc1, 0xf3, 0xc1, 0xf3, 0xe2, 0xf3, 0xe1, 0xf3, 0xe2, 0xfb, 0xe2, 0xf3,
    0xe1, 0xf3, 0xe2, 0xf3, 0xe2, 0xf3, 0xe1, 0xf3, 0xe2, 0xf3, 0xe2, 0xf3,
    0xe2, 0xfb, 0xe2, 0xfb, 0xe1, 0xf3, 0xe2, 0xf3, 0xe1, 0xfb, 0xc2, 0xf3,
    0xe2, 0xfb, 0xe1, 0xf3, 0xc1, 0xf3, 0xc2, 0xf3, 0xe1, 0xfb, 0xe1, 0xf3,
    0xe2, 0xfb, 0xc1, 0xf3, 0xe2, 0xfb, 0xe2, 0xfb, 0xe1, 0xfb, 0xe2, 0xf3,
    0xe2, 0xf3, 0xe1, 0xfb, 0xe2, 0xf3, 0xc2, 0xf3, 0xe2, 0xfb, 0xe1, 0xf3,
    0xe1, 0xfb, 0xe2, 0xf3, 0xe1, 0xfb, 0xe1, 0xfb, 0xe2, 0xf3, 0xe2, 0xfb,
    0xc1, 0xf3, 0xe1, 0xf3, 0xc2, 0xfb, 0xe2, 0xf3, 0xc1, 0xfb, 0xe1, 0xf3,
    0xe1, 0xf3, 0xe1, 0xf3, 0xe1, 0xf3, 0xe1, 0xfb, 0xe2, 0xf3, 0xe2, 0xf3,
    0xe1, 0xf3, 0xe2, 0xf3, 0xe2, 0xfb, 0xe2, 0xfb, 0xe2, 0xfb, 0x01, 0xf4,
    0x01, 0xfc, 0x01, 0xf4, 0x01, 0xfc, 0x01, 0xfc, 0xe1, 0xfb, 0x01, 0xfc,
    0x01, 0xf4, 0xe1, 0xfb, 0xe2, 0xfb, 0xe1, 0xf3, 0xe2, 0xfb, 0xe1, 0xfb,
    0xe1, 0xfb, 0xe1, 0xf3, 0xe1, 0xfb, 0xe2, 0xfb, 0xe1, 0xf3, 0xe1, 0xf3,
    0xe2, 0xfb, 0xe2, 0xf3, 0xe1, 0xfb, 0xe1, 0xfb, 0xe2, 0xf3, 0xe1, 0xf3,
    0xe1, 0xf3, 0xe2, 0xf3, 0xe2, 0xfb, 0xe1, 0xf3, 0xe1, 0xf3, 0xe1, 0xfb,
    0xc1, 0xf3, 0xc1, 0xf3, 0xe1, 0xf3, 0xe1, 0xf3, 0xc1, 0xf3, 0xe2, 0xf3,
    0xe2, 0xf3, 0xe2, 0xfb, 0xe2, 0xf3, 0xc1, 0xfb, 0xe2, 0xf3, 0xe1, 0xf3,
    0xe2, 0xfb, 0xe1, 0xf3, 0xe2, 0xfb, 0xe2, 0xf3, 0xe1, 0xf3, 0xe1, 0xfb,
    0xe1, 0xfb, 0xe1, 0xfb, 0xe2, 0xf3, 0xe1, 0xfb, 0xe1, 0xfb, 0xe2, 0xf3,
    0xe2, 0xfb, 0xe1, 0xf3, 0xe1, 0xfb, 0xe1, 0xf3, 0xe1, 0xf3, 0xc1, 0xfb,
    0xe2, 0xf3, 0xe1, 0xf3, 0xe1, 0xfb, 0xc1, 0xf3, 0xe2, 0xf3, 0xe2, 0xfb,
    0xe1, 0xf3, 0xc1, 0xf3, 0xe1, 0xfb, 0xe1, 0xf3, 0xe1, 0xfb, 0xe1, 0xf3,
    0xe2, 0xfb, 0xe1, 0xfb, 0xe1, 0xf3, 0xe1, 0xf3, 0xe1, 0xfb, 0xe2, 0xfb,
    0xe2, 0xfb, 0xc1, 0xfb, 0xe2, 0xf3, 0xc2, 0xfb, 0xe1, 0xfb, 0xe2, 0xf3,
    0xe2, 0xfb, 0xe1, 0xfb, 0xe2, 0xfb, 0xe2, 0xfb, 0xe2, 0xfb, 0xe1, 0xf3,
    0xe2, 0xfb, 0xe1, 0xf3, 0xe1, 0xf3, 0xe2, 0xf3, 0xe1, 0xf3, 0xc1, 0xfb,
    0xe2, 0xf3, 0xe1, 0xf3, 0xc1, 0xf3, 0xc1, 0xf3, 0xe1, 0xfb, 0xe2, 0xfb,
    0xc1, 0xf3, 0xe2, 0xfb, 0xe1, 0xf3, 0xe2, 0xf3, 0xc1, 0xf3, 0xe1, 0xfb,
    0xe2, 0xfb, 0xe2, 0xf3, 0xe1, 0xf3, 0xe2, 0xf3, 0xe1, 0xf3, 0xe2, 0xf3,
    0xc2, 0xf3, 0xc1, 0xf3, 0xe1, 0xf3, 0xe2, 0xf3, 0xe2, 0xf3, 0xe1, 0xf3,
    0x01, 0xf4, 0xe2, 0xf3, 0xe1, 0xf3, 0x01, 0xf4, 0xe2, 0xf3, 0xe2, 0xfb,
    0xe1, 0xf3, 0xe1, 0xfb, 0x01, 0xfc, 0x01, 0xfc, 0x22, 0xfc, 0x01, 0xfc,
    0x01, 0xf4, 0x01, 0xf4, 0x01, 0xf4, 0x01, 0xfc, 0x02, 0xfc, 0x02, 0xfc,
    0x01, 0xf4, 0x01, 0xfc, 0xe2, 0xfb, 0x02, 0xf4, 0x01, 0xfc, 0x01, 0xfc,
    0x02, 0xf4, 0x01, 0xfc, 0xe1, 0xfb, 0xe1, 0xf3, 0xe1, 0xfb, 0xe1, 0xf3,
    0xe2, 0xfb, 0xe1, 0xf3, 0xe1, 0xf3, 0xe2, 0xfb, 0xe1, 0xf3, 0x02, 0xfc,
    0x01, 0xfc, 0xe1, 0xfb, 0xe1, 0xf3, 0xe1, 0xf3, 0xe2, 0xf3, 0xe1, 0xfb,
    0xe1, 0xf3, 0xe2, 0xfb, 0xe1, 0xf3, 0xe1, 0xf3, 0xe2, 0xf3, 0xe1, 0xfb,
    0xe1, 0xfb, 0xe2, 0xf3, 0xe2, 0xf3, 0xe1, 0xfb, 0xe2, 0xfb, 0xe1, 0xf3,
    0xe1, 0xf3, 0xe2, 0xf3, 0xe1, 0xf3, 0xe1, 0xf3, 0xe1, 0xf3, 0xe1, 0xf3,
    0xe1, 0xf3, 0xe1, 0xf3, 0xe2, 0xfb, 0xe1, 0xf3, 0xe1, 0xfb, 0xe2, 0xfb,
    0xe1, 0xf3, 0xe1, 0xfb, 0xe1, 0xfb, 0xe1, 0xfb, 0xe1, 0xfb, 0xe1, 0xfb,
    0xe1, 0xfb, 0xe2, 0xf3, 0x02, 0xfc, 0x01, 0xfc, 0x01, 0xfc, 0x01, 0xfc,
    0xe1, 0xfb, 0x01, 0xfc, 0x01, 0xfc, 0x01, 0xfc, 0xe1, 0xf3, 0xe1, 0xfb,
    0x02, 0xfc, 0x01, 0xfc, 0x02, 0xf4, 0x02, 0xfc, 0x01, 0xfc, 0x01, 0xf4,
    0x02, 0xfc, 0x01, 0xfc, 0xe1, 0xfb, 0x01, 0xfc, 0x02, 0xf4, 0x01, 0xf4,
    0x01, 0xfc, 0x01, 0xf4, 0x01, 0xf4, 0x01, 0xfc, 0x02, 0xfc, 0x02, 0xf4,
    0xe1, 0xfb, 0xe1, 0xfb, 0x01, 0xf4, 0xe1, 0xfb, 0xe1, 0xfb, 0xe2, 0xfb,
    0xe1, 0xf3, 0xe1, 0xf3, 0xe2, 0xfb, 0xe1, 0xf3, 0xe1, 0xf3, 0x02, 0xf4,
    0xe2, 0xfb, 0xe1, 0xf3, 0x02, 0xf4, 0xe1, 0xfb, 0xe1, 0xf3, 0xe1, 0xf3,
    0xe2, 0xf3, 0xe2, 0xf3, 0x01, 0xf4, 0xe1, 0xfb, 0xe1, 0xfb, 0xe1, 0xf3,
    0xe1, 0xf3, 0xe1, 0xf3, 0xe1, 0xfb, 0x01, 0xf4, 0xe2, 0xfb, 0x01, 0xfc,
    0x02, 0xf4, 0x02, 0xfc, 0x01, 0xf4, 0x01, 0xfc, 0xe2, 0xfb, 0x01, 0xf4,
    0xe2, 0xf3, 0xe2, 0xf3, 0xe1, 0xf3, 0xe2, 0xf3, 0xe1, 0xf3, 0xe1, 0xf3,
    0xe2, 0xfb, 0xe2, 0xf3, 0x01, 0xfc, 0x02, 0xfc, 0xe2, 0xfb, 0xe1, 0xf3,
    0xe1, 0xf3, 0xe2, 0xf3, 0xe1, 0xfb, 0x01, 0xf4, 0xe1, 0xfb, 0xe1, 0xfb,
    0xe2, 0xf3, 0xe1, 0xfb, 0xe2, 0xfb, 0xe1, 0xfb, 0xe2, 0xf3, 0xe2, 0xfb,
    0xe1, 0xf3, 0xc2, 0xfb, 0xe1, 0xf3, 0xe1, 0xf3, 0xe2, 0xf3, 0xe1, 0xfb,
    0xe1, 0xfb, 0xe2, 0xf3, 0xc1, 0xfb, 0xe2, 0xfb, 0xe2, 0xfb, 0xe1, 0xf3,
    0xe1, 0xfb, 0xe2, 0xfb, 0xe2, 0xfb, 0xe2, 0xf3, 0xe2, 0xfb, 0xe1, 0xfb,
    0xe1, 0xf3, 0xe2, 0xfb, 0xe1, 0xfb, 0xe1, 0xfb, 0xc1, 0xf3, 0xe1, 0xf3,
    0xe2, 0xfb, 0xe1, 0xfb, 0xe2, 0xf3, 0xe2, 0xf3, 0xe2, 0xf3, 0xe1, 0xf3,
    0xe2, 0xf3, 0xe1, 0xf3, 0xe1, 0xf3, 0xe2, 0xf3, 0xe1, 0xf3, 0xe2, 0xfb,
    0x01, 0xfc, 0x01, 0xfc, 0x02, 0xf4, 0x01, 0xf4, 0x02, 0xfc, 0x02, 0xf4,
    0x01, 0xf4, 0x02, 0xfc, 0x01, 0xfc, 0xe1, 0xf3, 0xe1, 0xfb, 0x01, 0xf4,
    0xe2, 0xf3, 0xe1, 0xfb, 0xe1, 0xfb, 0xe1, 0xf3, 0xe1, 0xfb, 0x01, 0xfc,
    0x01, 0xf4, 0x01, 0xfc, 0x01, 0xfc, 0x02, 0xf4, 0xe2, 0xf3, 0x01, 0xfc,
    0xe2, 0xfb, 0xe1, 0xfb, 0xe1, 0xf3, 0xe1, 0xf3, 0xe1, 0xfb, 0xe2, 0xfb,
    0xe2, 0xf3, 0xe1, 0xfb, 0xe1, 0xf3, 0xe2, 0xf3, 0xe2, 0xf3, 0xe1, 0xf3,
    0xe1, 0xf3, 0xe1, 0xf3, 0xe1, 0xf3, 0xe2, 0xf3, 0xe1, 0xf3, 0xe1, 0xf3,
    0xe1, 0xfb, 0x02, 0xfc, 0xe1, 0xf3, 0xe1, 0xf3, 0xe2, 0xf3, 0xe1, 0xfb,
    0xe1, 0xf3, 0x02, 0xf4, 0x01, 0xf4, 0x01, 0xf4, 0x02, 0xfc, 0xe2, 0xf3,
    0xe1, 0xf3, 0xe1, 0xfb, 0x01, 0xfc, 0x01, 0xfc, 0x02, 0xfc, 0xe1, 0xfb,
    0x01, 0xfc, 0xe2, 0xfb, 0xe2, 0xfb, 0xe1, 0xf3, 0xe1, 0xf3, 0xe1, 0xf3,
    0xe2, 0xfb, 0xe1, 0xfb, 0xe1, 0xf3, 0xe2, 0xfb, 0xe1, 0xf3, 0xe1, 0xfb,
    0xe1, 0xfb, 0xe1, 0xf3, 0xe2, 0xfb, 0xe2, 0xfb, 0xe2, 0xfb, 0xe1, 0xf3,
    0xe2, 0xfb, 0xe1, 0xf3, 0xe2, 0xfb, 0xe1, 0xfb, 0xe2, 0xf3, 0xe1, 0xf3,
    0xe1, 0xfb, 0xe2, 0xfb, 0xe1, 0xfb, 0xe1, 0xfb, 0x01, 0xf4, 0x02, 0xf4,
    0x01, 0xfc, 0x02, 0xfc, 0xe1, 0xf3, 0xe2, 0xf3, 0xe1, 0xf3, 0xe1, 0xf3,
    0xe1, 0xf3, 0xe1, 0xfb, 0xe2, 0xfb, 0xe1, 0xf3, 0xc1, 0xf3, 0xe1, 0xfb,
    0xc1, 0xf3, 0xe1, 0xf3, 0xe1, 0xfb, 0xe2, 0xfb, 0xe2, 0xfb, 0xe1, 0xfb,
    0xc1, 0xf3, 0xc1, 0xf3, 0xe2, 0xfb, 0xe1, 0xf3, 0xe2, 0xf3, 0xe1, 0xf3,
    0xe1, 0xf3, 0xe1, 0xf3, 0xe2, 0xf3, 0xc1, 0xf3, 0xe1, 0xf3, 0xe1, 0xf3,
    0xe1, 0xf3, 0xe1, 0xf3, 0xe2, 0xf3, 0x02, 0xf4, 0x02, 0xf4, 0xe1, 0xf3,
    0xe2, 0xf3, 0xe1, 0xfb, 0xe1, 0xf3, 0x01, 0xf4, 0x01, 0xfc, 0x02, 0xfc,
    0x21, 0xf4, 0x21, 0xf4, 0x21, 0xf4, 0x01, 0xf4, 0x01, 0xf4, 0x01, 0xf4,
    0x02, 0xfc, 0x01, 0xfc, 0x01, 0xf4, 0x02, 0xf4, 0x01, 0xfc, 0x01, 0xf4,
    0xe1, 0xfb, 0x02, 0xfc, 0x02, 0xf4, 0x01, 0xfc, 0xe1, 0xf3, 0xe2, 0xfb,
    0xe1, 0xfb, 0xe1, 0xf3, 0xe1, 0xfb, 0xe1, 0xfb, 0x01, 0xfc, 0x01, 0xf4,
    0x01, 0xfc, 0xe1, 0xfb, 0x01, 0xfc, 0x01, 0xfc, 0xe1, 0xfb, 0xe1, 0xfb,
    0xe1, 0xfb, 0xe1, 0xf3, 0xe1, 0xfb, 0xe1, 0xfb, 0xe1, 0xfb, 0xe2, 0xf3,
    0xe2, 0xf3, 0xe1, 0xfb, 0xe2, 0xf3, 0xe1, 0xf3, 0xe1, 0xf3, 0xe2, 0xf3,
    0xe1, 0xfb, 0xe1, 0xf3, 0xe1, 0xf3, 0xe2, 0xfb, 0xe1, 0xf3, 0xe1, 0xf3,
    0xe1, 0xf3, 0xe1, 0xf3, 0xe1, 0xfb, 0xe1, 0xf3, 0x01, 0xf4, 0xe1, 0xfb,
    0xe1, 0xfb, 0x01, 0xf4, 0xe2, 0xfb, 0xe1, 0xf3, 0xe1, 0xf3, 0x01, 0xf4,
    0xe1, 0xf3, 0x01, 0xfc, 0xe1, 0xfb, 0x01, 0xfc, 0x02, 0xfc, 0x01, 0xfc,
    0x01, 0xfc, 0xe1, 0xfb, 0xe2, 0xf3, 0xe1, 0xfb, 0x02, 0xfc, 0x01, 0xf4,
    0xe1, 0xfb, 0x02, 0xfc, 0xe1, 0xfb, 0x01, 0xf4, 0x02, 0xfc, 0x21, 0xfc,
    0x01, 0xfc, 0x01, 0xfc, 0x02, 0xfc, 0x01, 0xfc, 0xe1, 0xf3, 0x02, 0xfc,
    0x01, 0xfc, 0x02, 0xf4, 0x01, 0xfc, 0x02, 0xfc, 0x02, 0xfc, 0x01, 0xfc,
    0x01, 0xf4, 0xe2, 0xfb, 0xe1, 0xfb, 0x01, 0xf4, 0x01, 0xf4, 0xe2, 0xfb,
    0xe1, 0xfb, 0xe1, 0xfb, 0x01, 0xf4, 0xe2, 0xf3, 0xe1, 0xf3, 0x01, 0xfc,
    0x02, 0xf4, 0x01, 0xf4, 0xe1, 0xfb, 0xe1, 0xf3, 0x02, 0xf4, 0x02, 0xf4,
    0xe2, 0xf3, 0xe1, 0xf3, 0xe1, 0xf3, 0xe1, 0xf3, 0x01, 0xf4, 0xe1, 0xfb,
    0x02, 0xf4, 0x02, 0xfc, 0x02, 0xfc, 0x01, 0xf4, 0xe1, 0xfb, 0x01, 0xf4,
    0x01, 0xfc, 0x02, 0xfc, 0x02, 0xfc, 0x02, 0xfc, 0xe1, 0xf3, 0x01, 0xf4,
    0x01, 0xfc, 0x01, 0xf4, 0x02, 0xf4, 0xe2, 0xfb, 0x02, 0xf4, 0x02, 0xfc,
    0x01, 0xf4, 0x01, 0xf4, 0x02, 0xfc, 0xe1, 0xfb, 0x02, 0xf4, 0x01, 0xf4,
    0xe2, 0xf3, 0xe1, 0xf3, 0xe1, 0xf3, 0x02, 0xfc, 0x02, 0xf4, 0xe1, 0xf3,
    0xe1, 0xfb, 0xe1, 0xfb, 0xe2, 0xf3, 0xe2, 0xfb, 0xe1, 0xf3, 0xc2, 0xf3,
    0xe1, 0xfb, 0xe1, 0xf3, 0xe2, 0xfb, 0xe2, 0xfb, 0xc1, 0xf3, 0xe2, 0xfb,
    0xe1, 0xfb, 0xe1, 0xf3, 0xe2, 0xf3, 0xe2, 0xfb, 0xe1, 0xf3, 0xe2, 0xfb,
    0xe2, 0xfb, 0xe1, 0xf3, 0xe1, 0xf3, 0xe2, 0xfb, 0xe1, 0xf3, 0xe1, 0xfb,
    0x02, 0xfc, 0xe2, 0xf3, 0xe1, 0xf3, 0xe2, 0xf3, 0xe2, 0xfb, 0xe2, 0xf3,
    0xe1, 0xf3, 0xc1, 0xf3, 0xe1, 0xfb, 0xe2, 0xf3, 0xe1, 0xf3, 0xe2, 0xf3,
    0xe1, 0xf3, 0xe2, 0xf3, 0xe2, 0xfb, 0x02, 0xf4, 0xe2, 0xf3, 0xe1, 0xfb,
    0x02, 0xf4, 0x02, 0xf4, 0x01, 0xfc, 0x01, 0xfc, 0x22, 0xfc, 0x01, 0xfc,
    0x01, 0xf4, 0x02, 0xf4, 0x01, 0xfc, 0x02, 0xf4, 0x01, 0xfc, 0xe1, 0xfb,
    0x01, 0xf4, 0x01, 0xfc, 0xe1, 0xfb, 0xe1, 0xf3, 0x01, 0xfc, 0xe1, 0xfb,
    0xe1, 0xf3, 0x01, 0xf4, 0x02, 0xfc, 0x01, 0xfc, 0x01, 0xfc, 0x01, 0xfc,
    0x02, 0xf4, 0x01, 0xfc, 0x01, 0xf4, 0x01, 0xf4, 0x02, 0xfc, 0x02, 0xf4,
    0x01, 0xfc, 0x01, 0xf4, 0xe1, 0xfb, 0x01, 0xf4, 0xe1, 0xf3, 0xe2, 0xf3,
    0xe2, 0xf3, 0xe2, 0xfb, 0xe2, 0xf3, 0xe1, 0xf3, 0xe2, 0xf3, 0xe1, 0xf3,
    0xe1, 0xf3, 0xe1, 0xf3, 0x01, 0xf4, 0xe1, 0xf3, 0x01, 0xf4, 0x01, 0xf4,
    0xe2, 0xf3, 0xe1, 0xfb, 0x02, 0xf4, 0x02, 0xfc, 0x02, 0xf4, 0xe1, 0xfb,
    0x01, 0xf4, 0x01, 0xf4, 0x01, 0xfc, 0xe1, 0xfb, 0xe1, 0xf3, 0x01, 0xf4,
    0x02, 0xfc, 0x02, 0xfc, 0x01, 0xf4, 0x01, 0xfc, 0xe1, 0xfb, 0xe1, 0xfb,
    0xe1, 0xfb, 0xe1, 0xf3, 0xc2, 0xfb, 0xe1, 0xf3, 0xe1, 0xfb, 0xe1, 0xfb,
    0xe1, 0xfb, 0x01, 0xf4, 0xe1, 0xfb, 0xe1, 0xfb, 0xe1, 0xf3, 0xe1, 0xfb,
    0xe1, 0xfb, 0xe1, 0xfb, 0xe1, 0xf3, 0xe2, 0xfb, 0xe2, 0xf3, 0xe2, 0xfb,
    0xe1, 0xf3, 0xe2, 0xf3, 0xe2, 0xfb, 0x01, 0xf4, 0x01, 0xf4, 0x02, 0xfc,
    0x02, 0xf4, 0x01, 0xfc, 0x01, 0xfc, 0x02, 0xf4, 0x01, 0xf4, 0xe2, 0xf3,
    0xe1, 0xf3, 0xe1, 0xf3, 0xe1, 0xfb, 0xe2, 0xf3, 0xe2, 0xf3, 0xe2, 0xf3,
    0xc1, 0xfb, 0xe1, 0xf3, 0xc2, 0xf3, 0xe1, 0xfb, 0xe1, 0xfb, 0xe1, 0xf3,
    0xe2, 0xf3, 0xe2, 0xfb, 0xe2, 0xf3, 0xe2, 0xf3, 0xe1, 0xfb, 0xe1, 0xf3,
    0xe2, 0xf3, 0xe2, 0xf3, 0xe1, 0xf3, 0xe1, 0xf3, 0xe2, 0xf3, 0xc1, 0xf3,
    0xe1, 0xf3, 0xe1, 0xf3, 0xe2, 0xf3, 0xe2, 0xf3, 0x01, 0xf4, 0xe1, 0xf3,
    0xe2, 0xf3, 0x01, 0xf4, 0x02, 0xf4, 0xe1, 0xfb, 0x01, 0xfc, 0x01, 0xf4,
    0x02, 0xf4, 0x22, 0xfc, 0x21, 0xf4, 0x21, 0xfc, 0x21, 0xf4, 0x01, 0xfc,
    0x02, 0xfc, 0x01, 0xf4, 0x22, 0xfc, 0x21, 0xfc, 0x01, 0xf4, 0x02, 0xfc,
    0x01, 0xf4, 0x01, 0xf4, 0xe2, 0xf3, 0x01, 0xfc, 0x01, 0xfc, 0x02, 0xf4,
    0x02, 0xfc, 0x02, 0xfc, 0xe1, 0xf3, 0xe2, 0xfb, 0x02, 0xfc, 0x02, 0xf4,
    0x02, 0xfc, 0x01, 0xfc, 0x01, 0xfc, 0x01, 0xfc, 0x02, 0xf4, 0x01, 0xf4,
    0x01, 0xfc, 0xe1, 0xfb, 0xe1, 0xfb, 0x01, 0xf4, 0xe1, 0xfb, 0xe1, 0xf3,
    0x01, 0xf4, 0xe1, 0xfb, 0xe2, 0xfb, 0xe2, 0xf3, 0xe1, 0xf3, 0xe2, 0xf3,
    0xe1, 0xf3, 0xe1, 0xf3, 0xe1, 0xfb, 0x01, 0xf4, 0x01, 0xf4, 0x01, 0xfc,
    0x02, 0xf4, 0x02, 0xfc, 0x02, 0xfc, 0x02, 0xfc, 0x02, 0xf4, 0x02, 0xfc,
    0x01, 0xf4, 0xe1, 0xfb, 0x01, 0xfc, 0x01, 0xf4, 0x02, 0xfc, 0x02, 0xf4,
    0x01, 0xfc, 0xe1, 0xfb, 0x02, 0xf4, 0x02, 0xf4, 0x01, 0xfc, 0x01, 0xfc,
    0x01, 0xfc, 0x01, 0xfc, 0x01, 0xfc, 0x02, 0xf4, 0x01, 0xfc, 0x01, 0xfc,
    0x01, 0xfc, 0x01, 0xfc, 0x01, 0xf4, 0x01, 0xf4, 0x01, 0xfc, 0x02, 0xfc,
    0x21, 0xfc, 0x21, 0xfc, 0x01, 0xfc, 0x01, 0xfc, 0x02, 0xfc, 0x01, 0xfc,
    0x01, 0xf4, 0x01, 0xfc, 0x01, 0xfc, 0x01, 0xf4, 0x22, 0xfc, 0x02, 0xfc,
    0x01, 0xf4, 0x01, 0xf4, 0x02, 0xfc, 0x02, 0xfc, 0x01, 0xf4, 0x01, 0xf4,
    0xe2, 0xfb, 0x01, 0xfc, 0x02, 0xf4, 0x01, 0xf4, 0x01, 0xf4, 0x01, 0xf4,
    0x01, 0xf4, 0x01, 0xfc, 0x01, 0xf4, 0x01, 0xfc, 0xe1, 0xfb, 0x02, 0xf4,
    0x01, 0xf4, 0x02, 0xfc, 0x01, 0xf4, 0xe1, 0xf3, 0xe1, 0xfb, 0xe1, 0xfb,
    0x01, 0xf4, 0x01, 0xf4, 0x01, 0xf4, 0x01, 0xf4, 0x01, 0xf4, 0x01, 0xf4,
    0xe2, 0xfb, 0x01, 0xf4, 0x01, 0xfc, 0x01, 0xfc, 0x01, 0xf4, 0x01, 0xf4,
    0x02, 0xfc, 0x01, 0xf4, 0x02, 0xf4, 0x01, 0xf4, 0x02, 0xfc, 0x01, 0xfc,
    0x02, 0xf4, 0x02, 0xfc, 0x01, 0xf4, 0x01, 0xf4, 0x02, 0xfc, 0x02, 0xf4,
    0x01, 0xfc, 0x01, 0xf4, 0x01, 0xf4, 0x02, 0xfc, 0xe2, 0xfb, 0x01, 0xf4,
    0xe1, 0xf3, 0xe2, 0xfb, 0x01, 0xf4, 0xe1, 0xfb, 0xe2, 0xfb, 0xe2, 0xf3,
    0xe1, 0xfb, 0xe2, 0xfb, 0xe2, 0xfb, 0xe1, 0xf3, 0xe2, 0xf3, 0xe1, 0xfb,
    0xe2, 0xf3, 0xe1, 0xf3, 0xe1, 0xfb, 0xe1, 0xfb, 0x01, 0xf4, 0xe1, 0xf3,
    0xe2, 0xf3, 0x01, 0xfc, 0xe2, 0xfb, 0xe1, 0xf3, 0xe1, 0xf3, 0xe1, 0xfb,
    0xe1, 0xfb, 0xe1, 0xf3, 0xe1, 0xf3, 0xe1, 0xfb, 0xe1, 0xfb, 0xe1, 0xf3,
    0xc2, 0xfb, 0xe1, 0xfb, 0xe1, 0xfb, 0xe2, 0xfb, 0xe2, 0xf3, 0xe1, 0xf3,
    0xe2, 0xf3, 0xe1, 0xf3, 0xe1, 0xf3, 0xe1, 0xf3, 0x01, 0xf4, 0x01, 0xf4,
    0x02, 0xf4, 0x01, 0xf4, 0x01, 0xfc, 0x02, 0xfc, 0x22, 0xf4, 0x21, 0xf4,
    0x02, 0xfc, 0x01, 0xfc, 0x01, 0xf4, 0x01, 0xfc, 0x22, 0xfc, 0x02, 0xfc,
    0x01, 0xfc, 0x01, 0xf4, 0x02, 0xfc, 0x01, 0xfc, 0xe1, 0xf3, 0xe1, 0xfb,
    0x01, 0xf4, 0xe2, 0xfb, 0x01, 0xfc, 0x01, 0xfc, 0x02, 0xfc, 0x02, 0xfc,
    0x01, 0xfc, 0x01, 0xf4, 0x02, 0xfc, 0x01, 0xfc, 0x01, 0xfc, 0x02, 0xf4,
    0x01, 0xf4, 0x01, 0xf4, 0x01, 0xfc, 0x02, 0xf4, 0x01, 0xf4, 0x02, 0xf4,
    0x01, 0xf4, 0x01, 0xf4, 0xe1, 0xf3, 0xe1, 0xf3, 0xe2, 0xf3, 0xe2, 0xf3,
    0xe1, 0xfb, 0xe1, 0xfb, 0xe2, 0xf3, 0xe1, 0xf3, 0x01, 0xf4, 0x01, 0xf4,
    0xe1, 0xfb, 0x02, 0xfc, 0x01, 0xf4, 0x01, 0xf4, 0x01, 0xfc, 0x02, 0xfc,
    0x01, 0xf4, 0x01, 0xf4, 0xe2, 0xfb, 0x02, 0xfc, 0x02, 0xfc, 0x02, 0xfc,
    0x02, 0xfc, 0x01, 0xfc, 0x01, 0xfc, 0x01, 0xfc, 0x01, 0xf4, 0x01, 0xf4,
    0xe1, 0xf3, 0xe1, 0xfb, 0x02, 0xf4, 0xe1, 0xfb, 0xe1, 0xf3, 0xe1, 0xf3,
    0xe1, 0xf3, 0xe1, 0xfb, 0x01, 0xf4, 0x01, 0xf4, 0xe1, 0xfb, 0xe1, 0xf3,
    0x01, 0xf4, 0xe1, 0xfb, 0xe1, 0xf3, 0x01, 0xf4, 0xe2, 0xfb, 0xe2, 0xfb,
    0xe1, 0xf3, 0xe2, 0xfb, 0xe1, 0xfb, 0xe1, 0xfb, 0x02, 0xfc, 0x01, 0xf4,
    0x22, 0xf4, 0x22, 0xfc, 0x02, 0xf4, 0x01, 0xf4, 0x01, 0xf4, 0x01, 0xf4,
    0x02, 0xfc, 0x01, 0xf4, 0xe1, 0xf3, 0xe2, 0xf3, 0xe2, 0xf3, 0xe1, 0xf3,
    0xe1, 0xf3, 0xe2, 0xf3, 0xe2, 0xfb, 0xe2, 0xfb, 0xe2, 0xf3, 0xe1, 0xf3,
    0x01, 0xfc, 0xe1, 0xf3, 0xe2, 0xf3, 0xe1, 0xf3, 0xe1, 0xfb, 0xe2, 0xf3,
    0xe1, 0xf3, 0xe2, 0xf3, 0xe1, 0xf3, 0xe2, 0xf3, 0xe1, 0xf3, 0xe1, 0xf3,
    0xc2, 0xf3, 0xc1, 0xf3, 0xe1, 0xf3, 0xe1, 0xf3, 0xe1, 0xf3, 0x02, 0xf4,
    0x01, 0xf4, 0xe1, 0xf3, 0x02, 0xf4, 0x01, 0xf4, 0x02, 0xf4, 0x01, 0xf4,
    0x01, 0xf4, 0x01, 0xf4, 0x01, 0xfc, 0x21, 0xfc, 0x22, 0xfc, 0x21, 0xfc,
    0x21, 0xf4, 0x21, 0xf4, 0x21, 0xfc, 0x21, 0xfc, 0x21, 0xf4, 0x22, 0xfc,
    0x02, 0xfc, 0x01, 0xf4, 0x01, 0xfc, 0x02, 0xfc, 0x02, 0xfc, 0x01, 0xfc,
    0xe1, 0xf3, 0x01, 0xfc, 0x02, 0xfc, 0x01, 0xfc, 0x02, 0xfc, 0x02, 0xfc,
    0x02, 0xfc, 0x02, 0xfc, 0x01, 0xf4, 0x02, 0xfc, 0x01, 0xfc, 0x01, 0xfc,
    0x02, 0xfc, 0x02, 0xfc, 0x01, 0xf4, 0x02, 0xfc, 0x01, 0xf4, 0x01, 0xf4,
    0xe2, 0xfb, 0xe1, 0xfb, 0x01, 0xfc, 0x02, 0xf4, 0x01, 0xfc, 0x01, 0xfc,
    0x02, 0xf4, 0x02, 0xf4, 0x01, 0xfc, 0x01, 0xfc, 0x02, 0xf4, 0x01, 0xf4,
    0x02, 0xfc, 0x02, 0xfc, 0xe1, 0xf3, 0x01, 0xf4, 0x02, 0xfc, 0xe1, 0xfb,
    0x01, 0xfc, 0x02, 0xf4, 0x02, 0xfc, 0x01, 0xfc, 0x02, 0xfc, 0x01, 0xfc,
    0x02, 0xfc, 0x02, 0xfc, 0x01, 0xf4, 0x01, 0xfc, 0x02, 0xfc, 0x01, 0xf4,
    0x02, 0xfc, 0x01, 0xfc, 0x01, 0xfc, 0x22, 0xfc, 0x01, 0xfc, 0x01, 0xfc,
    0x01, 0xfc, 0x01, 0xfc, 0x22, 0xfc, 0x22, 0xfc, 0x22, 0xfc, 0x01, 0xf4,
    0x02, 0xfc, 0x01, 0xf4, 0x01, 0xf4, 0x02, 0xf4, 0x02, 0xf4, 0x21, 0xf4,
    0x21, 0xfc, 0x02, 0xf4, 0x22, 0xf4, 0x21, 0xfc, 0x22, 0xfc, 0x22, 0xf4,
    0x21, 0xfc, 0x21, 0xfc, 0x02, 0xfc, 0x01, 0xf4, 0x02, 0xfc, 0x02, 0xf4,
    0x01, 0xf4, 0x01, 0xf4, 0x01, 0xfc, 0x01, 0xf4, 0x01, 0xf4, 0x01, 0xf4,
    0x02, 0xf4, 0x01, 0xf4, 0x02, 0xfc, 0x02, 0xf4, 0x01, 0xfc, 0x02, 0xf4,
    0x02, 0xfc, 0x01, 0xfc, 0x02, 0xf4, 0x01, 0xf4, 0x01, 0xfc, 0x02, 0xfc,
    0x02, 0xfc, 0x01, 0xfc, 0x02, 0xfc, 0x01, 0xf4, 0x02, 0xfc, 0x01, 0xf4,
    0x01, 0xf4, 0x01, 0xf4, 0x01, 0xf4, 0x01, 0xf4, 0x02, 0xf4, 0x01, 0xfc,
    0x01, 0xf4, 0x02, 0xf4, 0x01, 0xfc, 0x01, 0xf4, 0x01, 0xf4, 0x01, 0xf4,
    0x01, 0xfc, 0x01, 0xf4, 0x01, 0xf4, 0x01, 0xfc, 0x02, 0xf4, 0x01, 0xfc,
    0x01, 0xf4, 0x01, 0xf4, 0x02, 0xfc, 0x01, 0xf4, 0x01, 0xf4, 0x02, 0xfc,
    0x02, 0xfc, 0x01, 0xfc, 0x02, 0xfc, 0x02, 0xfc, 0x02, 0xf4, 0x01, 0xfc,
    0x02, 0xfc, 0x01, 0xf4, 0x02, 0xfc, 0x02, 0xfc, 0x01, 0xf4, 0x02, 0xf4,
    0xe2, 0xfb, 0xe1, 0xfb, 0xe1, 0xf3, 0x02, 0xf4, 0xe1, 0xfb, 0xe1, 0xf3,
    0xe1, 0xfb, 0xe2, 0xf3, 0xe1, 0xf3, 0x02, 0xfc, 0xe1, 0xfb, 0xe1, 0xf3,
    0xe2, 0xf3, 0xe2, 0xfb, 0xe1, 0xfb, 0xe1, 0xf3, 0x02, 0xfc, 0xe1, 0xfb,
    0xe1, 0xfb, 0xe2, 0xf3, 0xe1, 0xf3, 0xe1, 0xf3, 0xe1, 0xf3, 0xe1, 0xf3,
    0xe1, 0xfb, 0xe2, 0xf3, 0xe2, 0xf3, 0xe1, 0xf3, 0x02, 0xfc, 0x02, 0xf4,
    0x01, 0xf4, 0x01, 0xf4, 0x01, 0xf4, 0x01, 0xf4, 0x01, 0xfc, 0x22, 0xfc,
    0x22, 0xfc, 0x21, 0xf4, 0x22, 0xfc, 0x22, 0xfc, 0x22, 0xf4, 0x21, 0xf4,
    0x21, 0xfc, 0x01, 0xf4, 0x02, 0xf4, 0x01, 0xfc, 0x02, 0xfc, 0x02, 0xfc,
    0x02, 0xf4, 0xe1, 0xfb, 0x01, 0xfc, 0x02, 0xfc, 0x02, 0xfc, 0x01, 0xfc,
    0x01, 0xfc, 0x02, 0xf4, 0x01, 0xfc, 0x01, 0xf4, 0x02, 0xf4, 0x01, 0xfc,
    0x21, 0xf4, 0x02, 0xfc, 0x22, 0xfc, 0x21, 0xf4, 0x01, 0xf4, 0x02, 0xf4,
    0x01, 0xfc, 0x01, 0xf4, 0x02, 0xf4, 0xe1, 0xf3, 0x02, 0xf4, 0x02, 0xfc,
    0x01, 0xf4, 0x02, 0xf4, 0xe1, 0xf3, 0x01, 0xf4, 0x02, 0xfc, 0x02, 0xfc,
    0x01, 0xfc, 0x02, 0xf4, 0x01, 0xfc, 0xe2, 0xfb, 0x02, 0xfc, 0x01, 0xfc,
    0x02, 0xfc, 0x02, 0xfc, 0x01, 0xf4, 0x02, 0xf4, 0x02, 0xfc, 0x01, 0xf4,
    0x01, 0xf4, 0x02, 0xfc, 0x02, 0xfc, 0x02, 0xfc, 0x02, 0xfc, 0x01, 0xfc,
    0xe2, 0xfb, 0xe2, 0xf3, 0x01, 0xfc, 0x02, 0xf4, 0xe1, 0xf3, 0xe1, 0xfb,
    0x01, 0xfc, 0x01, 0xf4, 0xe2, 0xfb, 0x02, 0xfc, 0x02, 0xf4, 0x02, 0xfc,
    0x02, 0xf4, 0x02, 0xfc, 0x01, 0xfc, 0x02, 0xfc, 0x01, 0xfc, 0x01, 0xf4,
    0x01, 0xf4, 0x02, 0xf4, 0xe1, 0xfb, 0xe1, 0xfb, 0xe2, 0xf3, 0xe2, 0xf3,
    0x01, 0xfc, 0x02, 0xf4, 0x21, 0xfc, 0x21, 0xf4, 0x01, 0xfc, 0x02, 0xf4,
    0x01, 0xfc, 0x01, 0xf4, 0x02, 0xfc, 0x02, 0xfc, 0xe1, 0xfb, 0xe2, 0xf3,
    0xe2, 0xf3, 0xe1, 0xf3, 0xe1, 0xf3, 0xe1, 0xf3, 0xe1, 0xf3, 0xe1, 0xf3,
    0xe1, 0xf3, 0xe2, 0xfb, 0x02, 0xfc, 0x01, 0xf4, 0xe2, 0xf3, 0xe2, 0xfb,
    0xe1, 0xf3, 0xe2, 0xf3, 0xe2, 0xf3, 0xe1, 0xfb, 0x02, 0xf4, 0x01, 0xf4,
    0xe1, 0xf3, 0xe1, 0xf3, 0xe1, 0xf3, 0xe2, 0xf3, 0xe1, 0xf3, 0x01, 0xf4,
    0x01, 0xf4, 0x01, 0xf4, 0x01, 0xf4, 0x02, 0xf4, 0x02, 0xf4, 0x01, 0xf4,
    0x02, 0xf4, 0x22, 0xf4, 0x22, 0xf4, 0x01, 0xf4, 0x21, 0xfc, 0x21, 0xfc,
    0x22, 0xfc, 0x22, 0xfc, 0x21, 0xfc, 0x21, 0xf4, 0x42, 0xf4, 0x21, 0xfc,
    0x21, 0xfc, 0x21, 0xfc, 0x22, 0xfc, 0x01, 0xfc, 0x01, 0xf4, 0x02, 0xf4,
    0x01, 0xfc, 0x01, 0xfc, 0x01, 0xf4, 0x01, 0xfc, 0x02, 0xf4, 0x01, 0xf4,
    0x01, 0xfc, 0x01, 0xfc, 0x01, 0xfc, 0x22, 0xfc, 0x01, 0xfc, 0x02, 0xfc,
    0x01, 0xfc, 0x01, 0xfc, 0x22, 0xfc, 0x01, 0xfc, 0x01, 0xfc, 0x02, 0xfc,
    0xe1, 0xf3, 0xe1, 0xfb, 0xe1, 0xf3, 0x01, 0xf4, 0xe1, 0xfb, 0x02, 0xfc,
    0x01, 0xf4, 0x01, 0xfc, 0x02, 0xfc, 0x01, 0xf4, 0x01, 0xf4, 0x01, 0xf4,
    0x01, 0xf4, 0x01, 0xf4, 0x01, 0xf4, 0x01, 0xf4, 0xe1, 0xfb, 0x01, 0xf4,
    0x01, 0xf4, 0x01, 0xf4, 0x02, 0xfc, 0x01, 0xf4, 0x01, 0xf4, 0x01, 0xf4,
    0x02, 0xf4, 0x01, 0xf4, 0x02, 0xf4, 0x01, 0xf4, 0x21, 0xfc, 0x22, 0xf4,
    0x01, 0xfc, 0x22, 0xfc, 0x21, 0xf4, 0x21, 0xfc, 0x21, 0xfc, 0x22, 0xfc,
    0x22, 0xfc, 0x21, 0xfc, 0x21, 0xfc, 0x21, 0xf4, 0x21, 0xfc, 0x21, 0xfc,
    0x22, 0xf4, 0x02, 0xfc, 0x01, 0xfc, 0x01, 0xf4, 0x02, 0xfc, 0x21, 0xf4,
    0x22, 0xfc, 0x02, 0xfc, 0x21, 0xfc, 0x02, 0xfc, 0x22, 0xf4, 0x01, 0xfc,
    0x21, 0xfc, 0x22, 0xf4, 0x21, 0xfc, 0x21, 0xfc, 0x22, 0xfc, 0x01, 0xfc,
    0x21, 0xfc, 0x02, 0xfc, 0x01, 0xf4, 0x21, 0xf4, 0x01, 0xf4, 0x01, 0xf4,
    0x01, 0xf4, 0x01, 0xf4, 0x01, 0xf4, 0x01, 0xf4, 0x21, 0xfc, 0x22, 0xf4,
    0x01, 0xf4, 0x01, 0xf4, 0x01, 0xf4, 0x02, 0xfc, 0x01, 0xf4, 0x01, 0xf4,
    0x01, 0xf4, 0x01, 0xf4, 0x01, 0xf4, 0x01, 0xfc, 0x01, 0xf4, 0x01, 0xf4,
    0x01, 0xf4, 0x01, 0xf4, 0x02, 0xfc, 0x01, 0xf4, 0x22, 0xfc, 0x01, 0xfc,
    0x02, 0xf4, 0x21, 0xf4, 0x21, 0xfc, 0x22, 0xfc, 0x21, 0xf4, 0x22, 0xfc,
    0x22, 0xfc, 0x21, 0xf4, 0x21, 0xfc, 0x22, 0xfc, 0x21, 0xf4, 0x21, 0xf4,
    0x22, 0xfc, 0x01, 0xf4, 0x21, 0xf4, 0x22, 0xfc, 0x01, 0xf4, 0x01, 0xf4,
    0x02, 0xfc, 0x01, 0xfc, 0x01, 0xf4, 0x01, 0xf4, 0x02, 0xf4, 0x01, 0xf4,
    0x01, 0xfc, 0x01, 0xf4, 0x02, 0xf4, 0x01, 0xfc, 0x01, 0xf4, 0x02, 0xf4,
    0x01, 0xfc, 0x01, 0xf4, 0x02, 0xf4, 0xe1, 0xfb, 0xe1, 0xfb, 0x02, 0xfc,
    0x02, 0xf4, 0x01, 0xf4, 0x02, 0xfc, 0x01, 0xf4, 0x01, 0xf4, 0xe2, 0xf3,
    0xe1, 0xfb, 0xe1, 0xf3, 0xe1, 0xf3, 0x02, 0xfc, 0x01, 0xfc, 0x01, 0xf4,
    0x02, 0xfc, 0x01, 0xf4, 0x02, 0xf4, 0x02, 0xfc, 0x01, 0xfc, 0x02, 0xfc,
    0x01, 0xf4, 0xe1, 0xfb, 0xe1, 0xf3, 0xe2, 0xf3, 0xe1, 0xf3, 0x01, 0xf4,
    0x01, 0xfc, 0x02, 0xf4, 0x01, 0xf4, 0x01, 0xfc, 0x22, 0xf4, 0x22, 0xf4,
    0x21, 0xf4, 0x21, 0xf4, 0x21, 0xfc, 0x21, 0xfc, 0x21, 0xf4, 0x22, 0xf4,
    0x21, 0xfc, 0x21, 0xf4, 0x22, 0xfc, 0x21, 0xfc, 0x22, 0xf4, 0x02, 0xfc,
    0x01, 0xf4, 0x01, 0xf4, 0x01, 0xfc, 0x02, 0xfc, 0x01, 0xfc, 0x01, 0xfc,
    0x01, 0xf4, 0x01, 0xfc, 0x02, 0xfc, 0x02, 0xf4, 0x01, 0xfc, 0x01, 0xfc,
    0x01, 0xf4, 0x01, 0xf4, 0x02, 0xfc, 0x01, 0xf4, 0x22, 0xfc, 0x22, 0xfc,
    0x01, 0xf4, 0x21, 0xfc, 0x22, 0xfc, 0x01, 0xf4, 0x01, 0xf4, 0x01, 0xf4,
    0x02, 0xf4, 0x01, 0xfc, 0x01, 0xf4, 0x01, 0xfc, 0xe1, 0xf3, 0x01, 0xfc,
    0x01, 0xfc, 0x01, 0xf4, 0x02, 0xf4, 0x21, 0xf4, 0x02, 0xf4, 0x01, 0xfc,
    0x02, 0xfc, 0x21, 0xfc, 0x02, 0xf4, 0x01, 0xf4, 0x01, 0xf4, 0x01, 0xfc,
    0x02, 0xfc, 0x01, 0xfc, 0x01, 0xf4, 0x01, 0xf4, 0x02, 0xfc, 0x01, 0xf4,
    0x21, 0xf4, 0x01, 0xfc, 0x02, 0xfc, 0xe1, 0xf3, 0x01, 0xfc, 0x01, 0xf4,
    0x02, 0xfc, 0x01, 0xfc, 0x02, 0xfc, 0x01, 0xfc, 0x01, 0xfc, 0x01, 0xf4,
    0x01, 0xfc, 0x01, 0xf4, 0x21, 0xfc, 0x02, 0xfc, 0x02, 0xfc, 0x21, 0xf4,
    0x02, 0xf4, 0x02, 0xfc, 0x01, 0xf4, 0x01, 0xf4, 0x02, 0xfc, 0xe1, 0xfb,
    0x01, 0xf4, 0xe1, 0xf3, 0xe1, 0xfb, 0x02, 0xf4, 0x22, 0xfc, 0x21, 0xfc,
    0x22, 0xf4, 0x22, 0xfc, 0x21, 0xf4, 0x22, 0xf4, 0x01, 0xf4, 0x01, 0xf4,
    0x02, 0xfc, 0x01, 0xf4, 0x01, 0xf4, 0x02, 0xfc, 0xe2, 0xf3, 0xe1, 0xf3,
    0x02, 0xf4, 0x01, 0xf4, 0x01, 0xf4, 0x01, 0xf4, 0x01, 0xfc, 0x02, 0xf4,
    0x02, 0xfc, 0x01, 0xf4, 0x01, 0xf4, 0xe1, 0xf3, 0x01, 0xfc, 0x01, 0xf4,
    0x02, 0xf4, 0x01, 0xf4, 0x02, 0xf4, 0xe1, 0xf3, 0xe2, 0xf3, 0x02, 0xf4,
    0x01, 0xf4, 0x01, 0xf4, 0x01, 0xf4, 0x01, 0xf4, 0x01, 0xf4, 0x01, 0xf4,
    0x02, 0xf4, 0x01, 0xf4, 0x22, 0xf4, 0x22, 0xf4, 0x21, 0xf4, 0x01, 0xf4,
    0x21, 0xf4, 0x01, 0xfc, 0x21, 0xfc, 0x41, 0xf4, 0x41, 0xfc, 0x41, 0xfc,
    0x22, 0xf4, 0x22, 0xfc, 0x21, 0xfc, 0x22, 0xfc, 0x22, 0xf4, 0x21, 0xfc,
    0x02, 0xf4, 0x01, 0xf4, 0x01, 0xf4, 0x02, 0xf4, 0x01, 0xfc, 0x01, 0xfc,
    0x02, 0xf4, 0x01, 0xf4, 0x01, 0xfc, 0x01, 0xfc, 0x21, 0xf4, 0x22, 0xfc,
    0x02, 0xfc, 0x21, 0xfc, 0x21, 0xfc, 0x22, 0xfc, 0x21, 0xfc, 0x01, 0xfc,
    0x01, 0xf4, 0x02, 0xfc, 0xe2, 0xf3, 0x01, 0xfc, 0xe1, 0xf3, 0x01, 0xf4,
    0xe2, 0xfb, 0xe1, 0xf3, 0x01, 0xf4, 0x01, 0xf4, 0x01, 0xf4, 0x01, 0xf4,
    0x01, 0xfc, 0x02, 0xf4, 0x01, 0xfc, 0x01, 0xf4, 0x01, 0xfc, 0x02, 0xfc,
    0x01, 0xf4, 0x01, 0xf4, 0x01, 0xfc, 0x02, 0xf4, 0x01, 0xfc, 0x01, 0xfc,
    0x01, 0xf4, 0x01, 0xfc, 0x02, 0xf4, 0x21, 0xf4, 0x01, 0xfc, 0x01, 0xf4,
    0x22, 0xfc, 0x22, 0xf4, 0x01, 0xfc, 0x21, 0xfc, 0x22, 0xf4, 0x21, 0xf4,
    0x21, 0xf4, 0x21, 0xf4, 0x22, 0xf4, 0x21, 0xfc, 0x22, 0xf4, 0x21, 0xf4,
    0x22, 0xfc, 0x21, 0xfc, 0x21, 0xf4, 0x22, 0xfc, 0x01, 0xfc, 0x01, 0xf4,
    0x02, 0xfc, 0x21, 0xf4, 0x01, 0xf4, 0x01, 0xfc, 0x22, 0xf4, 0x21, 0xf4,
    0x21, 0xfc, 0x21, 0xf4, 0x21, 0xfc, 0x22, 0xf4, 0x21, 0xf4, 0x21, 0xfc,
    0x22, 0xfc, 0x21, 0xfc, 0x22, 0xf4, 0x01, 0xf4, 0x01, 0xfc, 0x22, 0xf4,
    0x01, 0xf4, 0x01, 0xf4, 0x01, 0xf4, 0x01, 0xf4, 0x01, 0xf4, 0x01, 0xf4,
    0x01, 0xf4, 0x01, 0xf4, 0x22, 0xf4, 0x21, 0xfc, 0x01, 0xf4, 0x01, 0xf4,
    0x01, 0xf4, 0x01, 0xf4, 0x02, 0xf4, 0x01, 0xfc, 0x01, 0xf4, 0x02, 0xf4,
    0x01, 0xf4, 0x01, 0xf4, 0x21, 0xfc, 0x21, 0xfc, 0x21, 0xf4, 0x02, 0xf4,
    0x22, 0xfc, 0x21, 0xfc, 0x01, 0xf4, 0x21, 0xf4, 0x22, 0xfc, 0x21, 0xfc,
    0x21, 0xf4, 0x21, 0xfc, 0x22, 0xf4, 0x01, 0xf4, 0x21, 0xfc, 0x22, 0xf4,
    0x22, 0xfc, 0x22, 0xfc, 0x21, 0xfc, 0x22, 0xf4, 0x01, 0xf4, 0x22, 0xfc,
    0x01, 0xf4, 0x01, 0xf4, 0x01, 0xf4, 0x01, 0xf4, 0x01, 0xf4, 0x01, 0xf4,
    0x01, 0xf4, 0x01, 0xf4, 0x01, 0xfc, 0x02, 0xfc, 0x02, 0xf4, 0x01, 0xfc,
    0x01, 0xf4, 0x01, 0xf4, 0x01, 0xfc, 0x01, 0xf4, 0x02, 0xf4, 0x01, 0xf4,
    0x02, 0xfc, 0x02, 0xfc, 0x01, 0xfc, 0x01, 0xf4, 0x01, 0xfc, 0x02, 0xfc,
    0x01, 0xf4, 0xe1, 0xf3, 0xe1, 0xf3, 0x01, 0xf4, 0xe1, 0xf3, 0x01, 0xf4,
    0x01, 0xf4, 0x01, 0xf4, 0x02, 0xfc, 0xe1, 0xfb, 0x01, 0xf4, 0x02, 0xf4,
    0x01, 0xfc, 0x01, 0xfc, 0x01, 0xfc, 0xe1, 0xf3, 0x02, 0xf4, 0x02, 0xf4,
    0x01, 0xf4, 0x01, 0xf4, 0x01, 0xfc, 0x01, 0xf4, 0x01, 0xf4, 0x01, 0xfc,
    0x22, 0xf4, 0x21, 0xf4, 0x22, 0xfc, 0x21, 0xf4, 0x42, 0xf4, 0x22, 0xfc,
    0x21, 0xf4, 0x22, 0xfc, 0x21, 0xfc, 0x21, 0xf4, 0x22, 0xfc, 0x21, 0xfc,
    0x21, 0xf4, 0x22, 0xfc, 0x01, 0xf4, 0x21, 0xf4, 0x22, 0xf4, 0x22, 0xf4,
    0x22, 0xf4, 0x01, 0xf4, 0x02, 0xf4, 0x01, 0xf4, 0x01, 0xf4, 0x01, 0xfc,
    0x02, 0xf4, 0x01, 0xf4, 0x02, 0xfc, 0x02, 0xfc, 0x01, 0xf4, 0x01, 0xfc,
    0x21, 0xfc, 0x22, 0xf4, 0x21, 0xfc, 0x21, 0xf4, 0x22, 0xfc, 0x01, 0xf4,
    0x21, 0xfc, 0x01, 0xf4, 0x01, 0xf4, 0x01, 0xf4, 0x01, 0xf4, 0x01, 0xf4,
    0x01, 0xf4, 0x01, 0xfc, 0x02, 0xfc, 0x21, 0xf4, 0x21, 0xf4, 0x21, 0xfc,
    0x22, 0xfc, 0x21, 0xfc, 0x21, 0xf4, 0x22, 0xf4, 0x01, 0xf4, 0x21, 0xfc,
    0x01, 0xf4, 0x01, 0xf4, 0x02, 0xf4, 0x01, 0xfc, 0x01, 0xfc, 0x01, 0xf4,
    0x21, 0xfc, 0x01, 0xf4, 0x21, 0xf4, 0x22, 0xfc, 0x02, 0xfc, 0x01, 0xfc,
    0x02, 0xfc, 0x01, 0xf4, 0x02, 0xfc, 0x01, 0xfc, 0x02, 0xf4, 0x01, 0xfc,
    0x01, 0xfc, 0x22, 0xf4, 0x21, 0xfc, 0x21, 0xfc, 0x01, 0xfc, 0x21, 0xfc,
    0x01, 0xf4, 0x02, 0xfc, 0x02, 0xfc, 0x01, 0xf4, 0x01, 0xf4, 0x02, 0xf4,
    0x02, 0xfc, 0x02, 0xfc, 0x01, 0xf4, 0x01, 0xfc, 0xe2, 0xf3, 0x01, 0xfc,
    0x21, 0xf4, 0x02, 0xf4, 0x21, 0xfc, 0x21, 0xfc, 0x22, 0xf4, 0x22, 0xf4,
    0x01, 0xf4, 0x01, 0xf4, 0x01, 0xf4, 0x01, 0xf4, 0x01, 0xf4, 0x01, 0xf4,
    0x02, 0xf4, 0xe1, 0xf3, 0x01, 0xf4, 0x01, 0xf4, 0x02, 0xfc, 0x01, 0xf4,
    0x01, 0xf4, 0x01, 0xfc, 0x02, 0xfc, 0x01, 0xf4, 0x01, 0xf4, 0x02, 0xfc,
    0x01, 0xfc, 0x02, 0xf4, 0x01, 0xf4, 0x01, 0xf4, 0x01, 0xfc, 0xe1, 0xf3,
    0xe1, 0xf3, 0x01, 0xf4, 0x01, 0xf4, 0x01, 0xf4, 0x01, 0xf4, 0x01, 0xf4,
    0x01, 0xec, 0x02, 0xf4, 0x01, 0xf4, 0x22, 0xf4, 0x21, 0xf4, 0x22, 0xf4,
    0x21, 0xf4, 0x21, 0xf4, 0x22, 0xf4, 0x21, 0xfc, 0x22, 0xf4, 0x41, 0xfc,
    0x41, 0xf4, 0x41, 0xfc, 0x42, 0xfc, 0x41, 0xf4, 0x42, 0xfc, 0x22, 0xfc,
    0x21, 0xf4, 0x22, 0xf4, 0x01, 0xfc, 0x01, 0xfc, 0x02, 0xfc, 0x02, 0xf4,
    0x01, 0xf4, 0x01, 0xfc, 0x02, 0xfc, 0x22, 0xfc, 0x21, 0xfc, 0x01, 0xfc,
    0x22, 0xfc, 0x21, 0xfc, 0x21, 0xfc, 0x21, 0xfc, 0x22, 0xfc, 0x21, 0xfc,
    0x22, 0xfc, 0x22, 0xfc, 0x02, 0xfc, 0x01, 0xf4, 0x02, 0xfc, 0x02, 0xfc,
    0x02, 0xfc, 0xe1, 0xf3, 0x02, 0xfc, 0x01, 0xfc, 0x01, 0xf4, 0x02, 0xfc,
    0x02, 0xfc, 0x21, 0xf4, 0x22, 0xf4, 0x22, 0xfc, 0x01, 0xf4, 0x01, 0xf4,
    0x22, 0xf4, 0x22, 0xfc, 0x01, 0xf4, 0x01, 0xfc, 0x02, 0xf4, 0x22, 0xf4,
    0x21, 0xf4, 0x22, 0xf4, 0x22, 0xfc, 0x21, 0xf4, 0x02, 0xfc, 0x22, 0xfc,
    0x21, 0xf4, 0x01, 0xf4, 0x22, 0xfc, 0x22, 0xf4, 0x21, 0xf4, 0x22, 0xfc,
    0x22, 0xfc, 0x21, 0xfc, 0x21, 0xfc, 0x21, 0xf4, 0x21, 0xfc, 0x22, 0xfc,
    0x21, 0xfc, 0x22, 0xfc, 0x21, 0xf4, 0x22, 0xfc, 0x22, 0xf4, 0x21, 0xf4,
    0x01, 0xfc, 0x22, 0xf4, 0x22, 0xfc, 0x21, 0xfc, 0x22, 0xf4, 0x21, 0xf4,
    0x21, 0xfc, 0x22, 0xf4, 0x21, 0xfc, 0x21, 0xfc, 0x22, 0xf4, 0x21, 0xfc,
    0x21, 0xfc, 0x42, 0xfc, 0x21, 0xf4, 0x21, 0xf4, 0x22, 0xfc, 0x21, 0xf4,
    0x01, 0xf4, 0x02, 0xf4, 0x01, 0xf4, 0x02, 0xf4, 0x01, 0xf4, 0x01, 0xf4,
    0x02, 0xf4, 0x01, 0xf4, 0x01, 0xf4, 0x01, 0xfc, 0x22, 0xfc, 0x22, 0xf4,
    0x01, 0xf4, 0x01, 0xf4, 0x02, 0xfc, 0x21, 0xf4, 0x01, 0xf4, 0x02, 0xfc,
    0x02, 0xfc, 0x01, 0xfc, 0x01, 0xf4, 0x02, 0xfc, 0x22, 0xfc, 0x21, 0xf4,
    0x01, 0xf4, 0x01, 0xfc, 0x21, 0xf4, 0x22, 0xfc, 0x22, 0xf4, 0x22, 0xf4,
    0x21, 0xfc, 0x21, 0xf4, 0x22, 0xf4, 0x22, 0xfc, 0x01, 0xf4, 0x21, 0xf4,
    0x21, 0xfc, 0x21, 0xfc, 0x21, 0xf4, 0x21, 0xf4, 0x22, 0xf4, 0x01, 0xfc,
    0x01, 0xf4, 0x01, 0xf4, 0x01, 0xf4, 0x22, 0xfc, 0x01, 0xf4, 0x01, 0xf4,
    0x02, 0xf4, 0x01, 0xfc, 0x01, 0xf4, 0x22, 0xfc, 0x01, 0xfc, 0x01, 0xf4,
    0x01, 0xfc, 0x02, 0xfc, 0x01, 0xf4, 0x01, 0xf4, 0x02, 0xfc, 0x01, 0xf4,
    0x01, 0xf4, 0x02, 0xfc, 0x01, 0xf4, 0x01, 0xf4, 0x01, 0xf4, 0x01, 0xf4,
    0x02, 0xfc, 0x01, 0xfc, 0x02, 0xfc, 0xe2, 0xfb, 0x01, 0xf4, 0x02, 0xfc,
    0xe1, 0xf3, 0x02, 0xfc, 0x01, 0xf4, 0x02, 0xfc, 0x02, 0xfc, 0x01, 0xf4,
    0x02, 0xfc, 0x01, 0xf4, 0x01, 0xf4, 0x02, 0xfc, 0x02, 0xfc, 0x02, 0xfc,
    0x02, 0xf4, 0xe1, 0xf3, 0x01, 0xf4, 0x02, 0xf4, 0x01, 0xf4, 0x01, 0xf4,
    0x22, 0xfc, 0x22, 0xf4, 0x22, 0xf4, 0x21, 0xf4, 0x22, 0xfc, 0x41, 0xfc,
    0x21, 0xf4, 0x22, 0xfc, 0x22, 0xf4, 0x21, 0xfc, 0x21, 0xf4, 0x22, 0xfc,
    0x21, 0xfc, 0x21, 0xf4, 0x21, 0xfc, 0x21, 0xfc, 0x22, 0xfc, 0x21, 0xfc,
    0x21, 0xfc, 0x22, 0xf4, 0x01, 0xf4, 0x01, 0xfc, 0x22, 0xf4, 0x22, 0xf4,
    0x01, 0xfc, 0x01, 0xf4, 0x01, 0xf4, 0x01, 0xf4, 0x01, 0xf4, 0x21, 0xfc,
    0x02, 0xf4, 0x01, 0xf4, 0x22, 0xfc, 0x21, 0xf4, 0x22, 0xf4, 0x22, 0xfc,
    0x21, 0xf4, 0x22, 0xf4, 0x02, 0xfc, 0x01, 0xf4, 0x01, 0xf4, 0x02, 0xfc,
    0x02, 0xf4, 0x01, 0xf4, 0x01, 0xf4, 0x02, 0xf4, 0x02, 0xfc, 0x22, 0xf4,
    0x21, 0xfc, 0x21, 0xfc, 0x22, 0xf4, 0x22, 0xf4, 0x21, 0xfc, 0x22, 0xf4,
    0x01, 0xf4, 0x01, 0xf4, 0x02, 0xf4, 0x01, 0xf4, 0x21, 0xf4, 0x02, 0xf4,
    0x01, 0xfc, 0x21, 0xfc, 0x02, 0xfc, 0x21, 0xfc, 0x21, 0xf4, 0x21, 0xfc,
    0x22, 0xfc, 0x21, 0xfc, 0x22, 0xf4, 0x22, 0xf4, 0x01, 0xf4, 0x01, 0xf4,
    0x01, 0xf4, 0x02, 0xf4, 0x01, 0xf4, 0x02, 0xfc, 0x21, 0xfc, 0x21, 0xfc,
    0x01, 0xfc, 0x21, 0xfc, 0x21, 0xfc, 0x21, 0xfc, 0x02, 0xf4, 0x21, 0xfc,
    0x01, 0xf4, 0x01, 0xf4, 0x02, 0xf4, 0x02, 0xfc, 0x02, 0xfc, 0x02, 0xf4,
    0x01, 0xfc, 0x01, 0xf4, 0x01, 0xf4, 0x02, 0xf4, 0x01, 0xf4, 0x21, 0xfc,
    0x21, 0xfc, 0x21, 0xfc, 0x02, 0xf4, 0x01, 0xf4, 0x01, 0xf4, 0x02, 0xf4,
    0x01, 0xfc, 0x01, 0xf4, 0x02, 0xf4, 0x01, 0xf4, 0x01, 0xf4, 0x02, 0xf4,
    0x01, 0xfc, 0x22, 0xfc, 0x01, 0xf4, 0x01, 0xf4, 0x01, 0xfc, 0x01, 0xf4,
    0x02, 0xf4, 0x02, 0xfc, 0x02, 0xf4, 0x01, 0xf4, 0x01, 0xf4, 0x01, 0xf4,
    0x01, 0xf4, 0x21, 0xfc, 0x01, 0xf4, 0x21, 0xf4, 0x01, 0xf4, 0x01, 0xf4,
    0x01, 0xf4, 0x01, 0xf4, 0x02, 0xf4, 0x01, 0xf4, 0x02, 0xf4, 0x22, 0xf4,
    0x22, 0xf4, 0x02, 0xf4, 0x22, 0xf4, 0x22, 0xfc, 0x22, 0xf4, 0x21, 0xf4,
    0x41, 0xfc, 0x42, 0xf4, 0x41, 0xfc, 0x41, 0xf4, 0x42, 0xfc, 0x41, 0xf4,
    0x21, 0xfc, 0x41, 0xfc, 0x21, 0xfc, 0x01, 0xf4, 0x01, 0xf4, 0x01, 0xfc,
    0x01, 0xf4, 0x21, 0xfc, 0x21, 0xfc, 0x21, 0xf4, 0x21, 0xfc, 0x22, 0xfc,
    0x21, 0xfc, 0x01, 0xfc, 0x22, 0xfc, 0x21, 0xfc, 0x21, 0xf4, 0x22, 0xf4,
    0x21, 0xfc, 0x21, 0xf4, 0x22, 0xfc, 0x02, 0xfc, 0x01, 0xfc, 0x01, 0xf4,
    0x01, 0xfc, 0x01, 0xf4, 0x01, 0xfc, 0x01, 0xf4, 0x01, 0xf4, 0x01, 0xf4,
    0x01, 0xfc, 0x21, 0xf4, 0x22, 0xf4, 0x21, 0xf4, 0x21, 0xfc, 0x01, 0xf4,
    0x22, 0xf4, 0x21, 0xfc, 0x01, 0xf4, 0x22, 0xf4, 0x21, 0xfc, 0x01, 0xf4,
    0x22, 0xfc, 0x21, 0xf4, 0x21, 0xfc, 0x21, 0xfc, 0x21, 0xf4, 0x21, 0xf4,
    0x22, 0xfc, 0x22, 0xf4, 0x22, 0xf4, 0x21, 0xfc, 0x21, 0xf4, 0x22, 0xfc,
    0x21, 0xf4, 0x22, 0xf4, 0x21, 0xfc, 0x21, 0xf4, 0x22, 0xfc, 0x42, 0xfc,
    0x21, 0xf4, 0x41, 0xfc, 0x21, 0xf4, 0x21, 0xfc, 0x41, 0xfc, 0x41, 0xf4,
    0x22, 0xfc, 0x22, 0xfc, 0x21, 0xf4, 0x21, 0xf4, 0x21, 0xf4, 0x22, 0xfc,
    0x21, 0xfc, 0x21, 0xfc, 0x42, 0xfc, 0x41, 0xfc, 0x22, 0xf4, 0x42, 0xfc,
    0x21, 0xfc, 0x21, 0xf4, 0x42, 0xfc, 0x42, 0xfc, 0x21, 0xf4, 0x21, 0xfc,
    0x22, 0xf4, 0x01, 0xf4, 0x01, 0xf4, 0x01, 0xfc, 0x01, 0xf4, 0x01, 0xf4,
    0x01, 0xf4, 0x01, 0xf4, 0x01, 0xf4, 0x01, 0xf4, 0x02, 0xf4, 0x01, 0xf4,
    0x21, 0xfc, 0x02, 0xf4, 0x01, 0xf4, 0x01, 0xfc, 0x21, 0xf4, 0x21, 0xf4,
    0x01, 0xf4, 0x01, 0xf4, 0x01, 0xf4, 0x01, 0xf4, 0x01, 0xf4, 0x21, 0xf4,
    0x21, 0xfc, 0x21, 0xf4, 0x01, 0xf4, 0x22, 0xfc, 0x01, 0xf4, 0x21, 0xfc,
    0x21, 0xfc, 0x21, 0xf4, 0x21, 0xf4, 0x21, 0xf4, 0x21, 0xfc, 0x22, 0xfc,
    0x01, 0xf4, 0x22, 0xf4, 0x22, 0xfc, 0x21, 0xf4, 0x21, 0xfc, 0x21, 0xf4,
    0x21, 0xf4, 0x22, 0xf4, 0x01, 0xf4, 0x22, 0xfc, 0x21, 0xf4, 0x22, 0xfc,
    0x22, 0xfc, 0x01, 0xf4, 0x01, 0xf4, 0x22, 0xf4, 0x01, 0xf4, 0x22, 0xf4,
    0x02, 0xf4, 0x21, 0xf4, 0x01, 0xfc, 0x02, 0xf4, 0x01, 0xf4, 0x21, 0xf4,
    0x22, 0xf4, 0x01, 0xf4, 0x01, 0xf4, 0x02, 0xf4, 0x02, 0xf4, 0x01, 0xfc,
    0x21, 0xfc, 0x01, 0xfc, 0x01, 0xf4, 0x01, 0xf4, 0x01, 0xf4, 0xe1, 0xf3,
    0xe1, 0xf3, 0xe1, 0xf3, 0xe2, 0xfb, 0x02, 0xfc, 0x01, 0xf4, 0x01, 0xfc,
    0x01, 0xf4, 0x01, 0xf4, 0x01, 0xf4, 0x01, 0xf4, 0x01, 0xf4, 0x02, 0xf4,
    0x01, 0xf4, 0x02, 0xfc, 0x01, 0xf4, 0x01, 0xf4, 0x01, 0xfc, 0x02, 0xf4,
    0x01, 0xf4, 0x01, 0xf4, 0x22, 0xfc, 0x21, 0xf4, 0x21, 0xf4, 0x21, 0xfc,
    0x22, 0xf4, 0x41, 0xf4, 0x41, 0xfc, 0x21, 0xf4, 0x21, 0xfc, 0x21, 0xf4,
    0x22, 0xf4, 0x41, 0xfc, 0x42, 0xf4, 0x22, 0xfc, 0x41, 0xf4, 0x22, 0xfc,
    0x21, 0xf4, 0x21, 0xfc, 0x22, 0xfc, 0x21, 0xfc, 0x22, 0xfc, 0x21, 0xfc,
    0x01, 0xf4, 0x22, 0xfc, 0x01, 0xfc, 0x01, 0xf4, 0x22, 0xf4, 0x01, 0xfc,
    0x01, 0xf4, 0x22, 0xf4, 0x01, 0xfc, 0x01, 0xfc, 0x22, 0xf4, 0x21, 0xf4,
    0x21, 0xfc, 0x21, 0xfc, 0x22, 0xfc, 0x21, 0xf4, 0x21, 0xf4, 0x01, 0xf4,
    0x01, 0xf4, 0x01, 0xfc, 0x01, 0xf4, 0x01, 0xf4, 0x01, 0xfc, 0x01, 0xf4,
    0x22, 0xf4, 0x21, 0xfc, 0x21, 0xfc, 0x22, 0xfc, 0x22, 0xf4, 0x01, 0xfc,
    0x22, 0xfc, 0x22, 0xf4, 0x21, 0xfc, 0x22, 0xf4, 0x21, 0xf4, 0x21, 0xfc,
    0x22, 0xfc, 0x01, 0xf4, 0x02, 0xf4, 0x21, 0xf4, 0x22, 0xfc, 0x21, 0xf4,
    0x21, 0xfc, 0x22, 0xfc, 0x22, 0xf4, 0x21, 0xfc, 0x21, 0xf4, 0x22, 0xfc,
    0x01, 0xfc, 0x01, 0xfc, 0x02, 0xfc, 0x01, 0xfc, 0x01, 0xf4, 0x21, 0xfc,
    0x22, 0xfc, 0x22, 0xf4, 0x22, 0xfc, 0x22, 0xfc, 0x21, 0xfc, 0x22, 0xfc,
    0x22, 0xfc, 0x21, 0xf4, 0x22, 0xfc, 0x21, 0xfc, 0x21, 0xf4, 0x01, 0xfc,
    0x01, 0xf4, 0x01, 0xf4, 0x02, 0xf4, 0x01, 0xf4, 0x02, 0xf4, 0x01, 0xf4,
    0x21, 0xf4, 0x22, 0xfc, 0x22, 0xfc, 0x41, 0xf4, 0x21, 0xf4, 0x02, 0xfc,
    0x21, 0xfc, 0x02, 0xf4, 0x01, 0xf4, 0x01, 0xf4, 0x01, 0xf4, 0x01, 0xfc,
    0x02, 0xf4, 0x22, 0xf4, 0x21, 0xfc, 0x22, 0xf4, 0x22, 0xfc, 0x01, 0xfc,
    0x22, 0xf4, 0x01, 0xf4, 0x21, 0xfc, 0x02, 0xf4, 0x01, 0xf4, 0x01, 0xfc,
    0x01, 0xf4, 0x22, 0xf4, 0x22, 0xf4, 0x22, 0xf4, 0x22, 0xfc, 0x22, 0xf4,
    0x02, 0xf4, 0x01, 0xf4, 0x21, 0xf4, 0x02, 0xf4, 0x01, 0xf4, 0x01, 0xf4,
    0x01, 0xf4, 0x22, 0xf4, 0x21, 0xf4, 0x21, 0xf4, 0x22, 0xf4, 0x21, 0xf4,
    0x21, 0xfc, 0x21, 0xfc, 0x41, 0xf4, 0x41, 0xf4, 0x41, 0xf4, 0x21, 0xfc,
    0x42, 0xfc, 0x42, 0xf4, 0x22, 0xfc, 0x42, 0xfc, 0x21, 0xf4, 0x21, 0xf4,
    0x02, 0xfc, 0x01, 0xf4, 0x01, 0xf4, 0x21, 0xfc, 0x21, 0xfc, 0x21, 0xf4,
    0x41, 0xf4, 0x21, 0xfc, 0x01, 0xfc, 0x21, 0xfc, 0x22, 0xfc, 0x21, 0xfc,
    0x22, 0xfc, 0x22, 0xfc, 0x21, 0xfc, 0x21, 0xfc, 0x22, 0xfc, 0x01, 0xf4,
    0x02, 0xfc, 0x02, 0xfc, 0x02, 0xf4, 0x01, 0xf4, 0x01, 0xfc, 0x02, 0xfc,
    0x22, 0xf4, 0x21, 0xf4, 0x01, 0xfc, 0x22, 0xfc, 0x21, 0xf4, 0x21, 0xf4,
    0x01, 0xfc, 0x01, 0xf4, 0x22, 0xf4, 0x01, 0xfc, 0x01, 0xf4, 0x22, 0xf4,
    0x01, 0xfc, 0x01, 0xf4, 0x22, 0xfc, 0x21, 0xf4, 0x21, 0xfc, 0x21, 0xf4,
    0x21, 0xfc, 0x21, 0xfc, 0x21, 0xfc, 0x21, 0xf4, 0x22, 0xf4, 0x22, 0xf4,
    0x21, 0xf4, 0x01, 0xfc, 0x22, 0xfc, 0x01, 0xf4, 0x22, 0xf4, 0x21, 0xfc,
    0x21, 0xfc, 0x22, 0xf4, 0x21, 0xfc, 0x22, 0xf4, 0x42, 0xfc, 0x21, 0xf4,
    0x22, 0xfc, 0x21, 0xf4, 0x21, 0xf4, 0x22, 0xf4, 0x22, 0xf4, 0x21, 0xf4,
    0x41, 0xfc, 0x22, 0xfc, 0x21, 0xf4, 0x22, 0xfc, 0x42, 0xf4, 0x41, 0xfc,
    0x41, 0xfc, 0x42, 0xfc, 0x21, 0xf4, 0x21, 0xfc, 0x22, 0xf4, 0x41, 0xfc,
    0x21, 0xfc, 0x21, 0xf4, 0x02, 0xf4, 0x01, 0xf4, 0x01, 0xf4, 0x22, 0xfc,
    0x01, 0xf4, 0x01, 0xf4, 0x01, 0xf4, 0x02, 0xf4, 0x01, 0xf4, 0x01, 0xf4,
    0x01, 0xf4, 0x01, 0xf4, 0x21, 0xfc, 0x22, 0xf4, 0x01, 0xf4, 0x01, 0xf4,
    0x22, 0xf4, 0x21, 0xf4, 0x02, 0xf4, 0x22, 0xfc, 0x01, 0xf4, 0x01, 0xf4,
    0x01, 0xfc, 0x21, 0xf4, 0x21, 0xfc, 0x21, 0xf4, 0x02, 0xf4, 0x21, 0xfc,
    0x01, 0xf4, 0x21, 0xf4, 0x21, 0xfc, 0x21, 0xf4, 0x21, 0xf4, 0x21, 0xf4,
    0x21, 0xfc, 0x21, 0xfc, 0x01, 0xf4, 0x01, 0xf4, 0x22, 0xfc, 0x21, 0xf4,
    0x21, 0xfc, 0x21, 0xf4, 0x22, 0xf4, 0x22, 0xfc, 0x01, 0xf4, 0x22, 0xfc,
    0x22, 0xfc, 0x21, 0xf4, 0x01, 0xf4, 0x01, 0xf4, 0x01, 0xfc, 0x01, 0xf4,
    0x01, 0xf4, 0x21, 0xfc, 0x02, 0xf4, 0x21, 0xf4, 0x01, 0xfc, 0x02, 0xfc,
    0x01, 0xf4, 0x21, 0xf4, 0x22, 0xfc, 0x01, 0xfc, 0x01, 0xf4, 0x01, 0xf4,
    0x01, 0xf4, 0x01, 0xf4, 0x22, 0xfc, 0x21, 0xfc, 0x01, 0xfc, 0x01, 0xf4,
    0x01, 0xf4, 0x01, 0xfc, 0x02, 0xf4, 0x01, 0xfc, 0xe1, 0xfb, 0x02, 0xfc,
    0x01, 0xf4, 0x01, 0xf4, 0x02, 0xf4, 0x01, 0xf4, 0x01, 0xfc, 0x01, 0xf4,
    0x01, 0xf4, 0x21, 0xfc, 0x02, 0xf4, 0x02, 0xfc, 0x02, 0xfc, 0x02, 0xf4,
    0x01, 0xf4, 0x21, 0xfc, 0x01, 0xf4, 0x01, 0xf4, 0x22, 0xfc, 0x22, 0xfc,
    0x22, 0xfc, 0x21, 0xf4, 0x42, 0xf4, 0x41, 0xfc, 0x22, 0xf4, 0x42, 0xfc,
    0x41, 0xfc, 0x22, 0xf4, 0x42, 0xfc, 0x41, 0xfc, 0x42, 0xf4, 0x41, 0xfc,
    0x42, 0xfc, 0x41, 0xf4, 0x21, 0xfc, 0x22, 0xf4, 0x22, 0xf4, 0x21, 0xf4,
    0x22, 0xfc, 0x22, 0xf4, 0x01, 0xf4, 0x01, 0xf4, 0x02, 0xfc, 0x01, 0xf4,
    0x01, 0xf4, 0x02, 0xfc, 0x01, 0xfc, 0x22, 0xf4, 0x21, 0xf4, 0x01, 0xf4,
    0x22, 0xfc, 0x22, 0xf4, 0x21, 0xf4, 0x21, 0xfc, 0x22, 0xf4, 0x01, 0xfc,
    0x21, 0xfc, 0x02, 0xf4, 0x01, 0xf4, 0x21, 0xf4, 0x02, 0xf4, 0x01, 0xfc,
    0x01, 0xf4, 0x02, 0xf4, 0x21, 0xfc, 0x21, 0xfc, 0x21, 0xf4, 0x22, 0xf4,
    0x21, 0xfc, 0x21, 0xf4, 0x22, 0xf4, 0x21, 0xf4, 0x22, 0xfc, 0x21, 0xf4,
    0x21, 0xf4, 0x22, 0xfc, 0x01, 0xf4, 0x21, 0xf4, 0x01, 0xfc, 0x02, 0xf4,
    0x21, 0xf4, 0x21, 0xfc, 0x22, 0xf4, 0x22, 0xfc, 0x21, 0xf4, 0x21, 0xfc,
    0x22, 0xfc, 0x01, 0xf4, 0x01, 0xf4, 0x01, 0xf4, 0x22, 0xfc, 0x02, 0xf4,
    0x21, 0xfc, 0x21, 0xf4, 0x21, 0xf4, 0x21, 0xf4, 0x41, 0xf4, 0x21, 0xf4,
    0x42, 0xf4, 0x41, 0xfc, 0x21, 0xfc, 0x22, 0xf4, 0x22, 0xfc, 0x22, 0xfc,
    0x21, 0xf4, 0x22, 0xfc, 0x21, 0xf4, 0x21, 0xf4, 0x22, 0xfc, 0x22, 0xfc,
    0x01, 0xf4, 0x01, 0xf4, 0x21, 0xfc, 0x22, 0xf4, 0x22, 0xfc, 0x21, 0xf4,
    0x21, 0xf4, 0x21, 0xfc, 0x22, 0xf4, 0x21, 0xfc, 0x01, 0xf4, 0x02, 0xf4,
    0x01, 0xf4, 0x01, 0xf4, 0x22, 0xf4, 0x21, 0xf4, 0x22, 0xfc, 0x22, 0xfc,
    0x22, 0xf4, 0x21, 0xfc, 0x22, 0xf4, 0x21, 0xfc, 0x22, 0xfc, 0x21, 0xf4,
    0x21, 0xf4, 0x22, 0xfc, 0x01, 0xf4, 0x22, 0xf4, 0x01, 0xf4, 0x21, 0xf4,
    0x21, 0xf4, 0x21, 0xf4, 0x22, 0xfc, 0x21, 0xf4, 0x02, 0xf4, 0x01, 0xf4,
    0x01, 0xf4, 0x02, 0xf4, 0x02, 0xf4, 0x21, 0xf4, 0x22, 0xf4, 0x22, 0xf4,
    0x21, 0xf4, 0x21, 0xfc, 0x22, 0xfc, 0x42, 0xf4, 0x41, 0xfc, 0x41, 0xf4,
    0x41, 0xf4, 0x41, 0xfc, 0x42, 0xf4, 0x21, 0xf4, 0x21, 0xfc, 0x42, 0xfc,
    0x21, 0xfc, 0x21, 0xf4, 0x02, 0xf4, 0x01, 0xf4, 0x22, 0xf4, 0x21, 0xf4,
    0x22, 0xfc, 0x22, 0xfc, 0x21, 0xf4, 0x21, 0xfc, 0x21, 0xfc, 0x21, 0xf4,
    0x22, 0xfc, 0x21, 0xfc, 0x21, 0xfc, 0x21, 0xfc, 0x22, 0xf4, 0x21, 0xfc,
    0x22, 0xfc, 0x01, 0xf4, 0x01, 0xf4, 0x02, 0xfc, 0x02, 0xfc, 0x21, 0xfc,
    0x22, 0xfc, 0x22, 0xfc, 0x01, 0xf4, 0x21, 0xf4, 0x21, 0xf4, 0x22, 0xfc,
    0x21, 0xfc, 0x21, 0xfc, 0x22, 0xf4, 0x21, 0xf4, 0x21, 0xfc, 0x22, 0xf4,
    0x01, 0xf4, 0x22, 0xfc, 0x21, 0xf4, 0x22, 0xfc, 0x21, 0xfc, 0x21, 0xf4,
    0x21, 0xf4, 0x21, 0xfc, 0x21, 0xf4, 0x22, 0xf4, 0x22, 0xfc, 0x41, 0xf4,
    0x22, 0xf4, 0x21, 0xfc, 0x41, 0xfc, 0x22, 0xf4, 0x21, 0xfc, 0x22, 0xfc,
    0x21, 0xf4, 0x21, 0xfc, 0x42, 0xfc, 0x41, 0xfc, 0x42, 0xfc, 0x41, 0xfc,
    0x21, 0xfc, 0x42, 0xfc, 0x22, 0xf4, 0x21, 0xf4, 0x22, 0xfc, 0x21, 0xf4,
    0x22, 0xf4, 0x22, 0xfc, 0x42, 0xfc, 0x41, 0xf4, 0x42, 0xf4, 0x21, 0xf4,
    0x41, 0xfc, 0x41, 0xf4, 0x42, 0xf4, 0x42, 0xfc, 0x21, 0xfc, 0x42, 0xfc,
    0x42, 0xfc, 0x21, 0xf4, 0x42, 0xfc, 0x21, 0xf4, 0x01, 0xf4, 0x21, 0xfc,
    0x22, 0xfc, 0x22, 0xf4, 0x01, 0xf4, 0x01, 0xf4, 0x02, 0xf4, 0x02, 0xf4,
    0x01, 0xf4, 0x21, 0xf4, 0x22, 0xfc, 0x22, 0xf4, 0x22, 0xf4, 0x21, 0xfc,
    0x21, 0xfc, 0x01, 0xf4, 0x22, 0xf4, 0x21, 0xf4, 0x01, 0xf4, 0x21, 0xf4,
    0x22, 0xfc, 0x01, 0xf4, 0x21, 0xf4, 0x21, 0xfc, 0x21, 0xf4, 0x21, 0xf4,
    0x22, 0xfc, 0x21, 0xf4, 0x22, 0xf4, 0x21, 0xf4, 0x22, 0xf4, 0x21, 0xfc,
    0x21, 0xfc, 0x22, 0xf4, 0x22, 0xf4, 0x21, 0xfc, 0x22, 0xfc, 0x22, 0xf4,
    0x21, 0xfc, 0x21, 0xf4, 0x42, 0xfc, 0x41, 0xfc, 0x21, 0xfc, 0x21, 0xf4,
    0x22, 0xfc, 0x21, 0xf4, 0x21, 0xfc, 0x21, 0xfc, 0x22, 0xf4, 0x22, 0xfc,
    0x21, 0xfc, 0x22, 0xf4, 0x22, 0xfc, 0x21, 0xfc, 0x22, 0xfc, 0x21, 0xf4,
    0x21, 0xf4, 0x01, 0xf4, 0x01, 0xf4, 0x01, 0xf4, 0x22, 0xf4, 0x21, 0xfc,
    0x01, 0xf4, 0x21, 0xfc, 0x01, 0xf4, 0x21, 0xf4, 0x21, 0xf4, 0x22, 0xfc,
    0x21, 0xfc, 0x01, 0xfc, 0x02, 0xf4, 0x01, 0xfc, 0x02, 0xfc, 0x02, 0xf4,
    0x01, 0xf4, 0x02, 0xfc, 0x01, 0xf4, 0x01, 0xf4, 0x22, 0xfc, 0x21, 0xf4,
    0x22, 0xf4, 0x22, 0xfc, 0x01, 0xf4, 0x01, 0xf4, 0x01, 0xfc, 0x01, 0xf4,
    0x01, 0xf4, 0x01, 0xf4, 0x22, 0xf4, 0x22, 0xfc, 0x21, 0xf4, 0x22, 0xfc,
    0x22, 0xfc, 0x21, 0xf4, 0x41, 0xfc, 0x42, 0xfc, 0x41, 0xfc, 0x41, 0xfc,
    0x42, 0xf4, 0x41, 0xf4, 0x41, 0xfc, 0x42, 0xfc, 0x62, 0xfc, 0x41, 0xfc,
    0x41, 0xfc, 0x42, 0xfc, 0x42, 0xfc, 0x41, 0xf4, 0x42, 0xfc, 0x21, 0xfc,
    0x22, 0xf4, 0x21, 0xfc, 0x21, 0xf4, 0x22, 0xf4, 0x22, 0xfc, 0x21, 0xfc,
    0x21, 0xf4, 0x22, 0xf4, 0x21, 0xfc, 0x21, 0xf4, 0x02, 0xf4, 0x21, 0xfc,
    0x21, 0xf4, 0x22, 0xf4, 0x21, 0xfc, 0x22, 0xfc, 0x21, 0xf4, 0x22, 0xf4,
    0x21, 0xf4, 0x21, 0xf4, 0x22, 0xfc, 0x02, 0xf4, 0x01, 0xf4, 0x01, 0xfc,
    0x22, 0xf4, 0x22, 0xf4, 0x22, 0xfc, 0x22, 0xf4, 0x21, 0xfc, 0x22, 0xfc,
    0x22, 0xf4, 0x21, 0xfc, 0x22, 0xfc, 0x22, 0xf4, 0x21, 0xf4, 0x21, 0xf4,
    0x21, 0xf4, 0x22, 0xf4, 0x21, 0xf4, 0x22, 0xf4, 0x22, 0xfc, 0x21, 0xfc,
    0x22, 0xfc, 0x22, 0xfc, 0x21, 0xfc, 0x21, 0xfc, 0x22, 0xf4, 0x21, 0xfc,
    0x21, 0xf4, 0x21, 0xf4, 0x22, 0xfc, 0x21, 0xf4, 0x22, 0xf4, 0x21, 0xf4,
    0x21, 0xf4, 0x22, 0xfc, 0x21, 0xfc, 0x22, 0xfc, 0x41, 0xfc, 0x41, 0xfc,
    0x22, 0xf4, 0x42, 0xfc, 0x41, 0xf4, 0x22, 0xfc, 0x21, 0xfc, 0x21, 0xf4,
    0x22, 0xf4, 0x21, 0xfc, 0x22, 0xf4, 0x22, 0xf4, 0x22, 0xfc, 0x21, 0xfc,
    0x22, 0xfc, 0x21, 0xf4, 0x22, 0xfc, 0x21, 0xfc, 0x22, 0xf4, 0x21, 0xf4,
    0x21, 0xf4, 0x21, 0xf4, 0x22, 0xf4, 0x21, 0xf4, 0x22, 0xf4, 0x22, 0xfc,
    0x21, 0xfc, 0x22, 0xfc, 0x21, 0xfc, 0x21, 0xf4, 0x22, 0xfc, 0x41, 0xf4,
    0x41, 0xf4, 0x21, 0xf4, 0x21, 0xfc, 0x22, 0xfc, 0x21, 0xfc, 0x42, 0xf4,
    0x22, 0xf4, 0x21, 0xfc, 0x22, 0xfc, 0x22, 0xf4, 0x21, 0xf4, 0x21, 0xfc,
    0x22, 0xf4, 0x21, 0xf4, 0x22, 0xf4, 0x21, 0xfc, 0x21, 0xf4, 0x22, 0xf4,
    0x22, 0xf4, 0x22, 0xf4, 0x22, 0xf4, 0x01, 0xf4, 0x02, 0xf4, 0x22, 0xf4,
    0x22, 0xf4, 0x22, 0xf4, 0x21, 0xf4, 0x22, 0xfc, 0x41, 0xf4, 0x41, 0xf4,
    0x42, 0xfc, 0x41, 0xfc, 0x41, 0xfc, 0x41, 0xf4, 0x42, 0xf4, 0x21, 0xf4,
    0x41, 0xfc, 0x42, 0xfc, 0x21, 0xf4, 0x42, 0xfc, 0x21, 0xf4, 0x01, 0xfc,
    0x02, 0xf4, 0x21, 0xf4, 0x21, 0xfc, 0x21, 0xfc, 0x22, 0xf4, 0x22, 0xfc,
    0x21, 0xf4, 0x22, 0xfc, 0x21, 0xfc, 0x21, 0xfc, 0x22, 0xfc, 0x22, 0xf4,
    0x22, 0xf4, 0x21, 0xf4, 0x21, 0xf4, 0x21, 0xf4, 0x01, 0xf4, 0x01, 0xfc,
    0x21, 0xfc, 0x02, 0xf4, 0x21, 0xf4, 0x21, 0xfc, 0x01, 0xf4, 0x02, 0xfc,
    0x22, 0xfc, 0x41, 0xf4, 0x21, 0xf4, 0x42, 0xfc, 0x21, 0xf4, 0x22, 0xf4,
    0x22, 0xf4, 0x21, 0xf4, 0x21, 0xf4, 0x21, 0xf4, 0x02, 0xf4, 0x21, 0xfc,
    0x41, 0xfc, 0x42, 0xf4, 0x42, 0xf4, 0x42, 0xfc, 0x41, 0xf4, 0x21, 0xf4,
    0x41, 0xfc, 0x41, 0xfc, 0x42, 0xf4, 0x42, 0xf4, 0x41, 0xf4, 0x41, 0xfc,
    0x41, 0xf4, 0x42, 0xf4, 0x21, 0xf4, 0x22, 0xf4, 0x21, 0xfc, 0x41, 0xfc,
    0x41, 0xf4, 0x41, 0xf4, 0x41, 0xf4, 0x41, 0xfc, 0x42, 0xf4, 0x41, 0xf4,
    0x41, 0xf4, 0x21, 0xfc, 0x21, 0xf4, 0x21, 0xfc, 0x41, 0xf4, 0x41, 0xf4,
    0x41, 0xf4, 0x41, 0xfc, 0x41, 0xf4, 0x41, 0xf4, 0x41, 0xf4, 0x42, 0xfc,
    0x41, 0xf4, 0x42, 0xfc, 0x41, 0xf4, 0x42, 0xf4, 0x42, 0xfc, 0x21, 0xfc,
    0x21, 0xf4, 0x21, 0xf4, 0x21, 0xf4, 0x21, 0xf4, 0x22, 0xf4, 0x22, 0xf4,
    0x01, 0xf4, 0x02, 0xf4, 0x21, 0xf4, 0x21, 0xf4, 0x21, 0xf4, 0x22, 0xf4,
    0x21, 0xfc, 0x21, 0xf4, 0x22, 0xfc, 0x21, 0xf4, 0x22, 0xfc, 0x21, 0xfc,
    0x21, 0xf4, 0x21, 0xf4, 0x21, 0xf4, 0x22, 0xf4, 0x22, 0xf4, 0x21, 0xf4,
    0x21, 0xf4, 0x21, 0xf4, 0x21, 0xf4, 0x22, 0xf4, 0x22, 0xfc, 0x21, 0xf4,
    0x21, 0xf4, 0x22, 0xf4, 0x21, 0xf4, 0x21, 0xfc, 0x41, 0xf4, 0x21, 0xf4,
    0x41, 0xf4, 0x41, 0xfc, 0x21, 0xf4, 0x42, 0xf4, 0x42, 0xf4, 0x42, 0xfc,
    0x41, 0xfc, 0x41, 0xf4, 0x42, 0xf4, 0x21, 0xfc, 0x42, 0xf4, 0x42, 0xf4,
    0x22, 0xfc, 0x21, 0xf4, 0x22, 0xf4, 0x21, 0xf4, 0x41, 0xf4, 0x22, 0xf4,
    0x21, 0xf4, 0x21, 0xfc, 0x21, 0xfc, 0x21, 0xf4, 0x21, 0xfc, 0x21, 0xf4,
    0x21, 0xf4, 0x02, 0xf4, 0x01, 0xf4, 0x01, 0xf4, 0x02, 0xfc, 0x21, 0xfc,
    0x21, 0xf4, 0x21, 0xfc, 0x21, 0xf4, 0x21, 0xf4, 0x22, 0xf4, 0x01, 0xfc,
    0x21, 0xf4, 0x21, 0xf4, 0x22, 0xf4, 0x21, 0xf4, 0x01, 0xf4, 0x22, 0xf4,
    0x22, 0xf4, 0x21, 0xf4, 0x21, 0xf4, 0x22, 0xf4, 0x02, 0xf4, 0x01, 0xf4,
    0x21, 0xf4, 0x21, 0xf4, 0x21, 0xf4, 0x21, 0xf4, 0x22, 0xf4, 0x22, 0xf4,
    0x21, 0xf4, 0x41, 0xf4, 0x21, 0xf4, 0x41, 0xf4, 0x41, 0xf4, 0x42, 0xf4,
    0x41, 0xfc, 0x41, 0xf4, 0x41, 0xf4, 0x41, 0xf4, 0x42, 0xfc, 0x41, 0xf4,
    0x61, 0xf4, 0x61, 0xfc, 0x62, 0xf4, 0x41, 0xfc, 0x41, 0xf4, 0x42, 0xfc,
    0x41, 0xf4, 0x42, 0xfc, 0x41, 0xfc, 0x22, 0xfc, 0x21, 0xf4, 0x21, 0xf4,
    0x41, 0xfc, 0x41, 0xf4, 0x42, 0xf4, 0x21, 0xfc, 0x21, 0xf4, 0x21, 0xf4,
    0x22, 0xf4, 0x21, 0xf4, 0x21, 0xf4, 0x21, 0xf4, 0x42, 0xfc, 0x21, 0xfc,
    0x21, 0xf4, 0x22, 0xfc, 0x21, 0xf4, 0x21, 0xf4, 0x21, 0xf4, 0x21, 0xf4,
    0x22, 0xfc, 0x22, 0xfc, 0x21, 0xf4, 0x21, 0xf4, 0x22, 0xf4, 0x21, 0xf4,
    0x22, 0xf4, 0x41, 0xfc, 0x42, 0xf4, 0x22, 0xf4, 0x21, 0xf4, 0x21, 0xf4,
    0x22, 0xf4, 0x21, 0xfc, 0x21, 0xf4, 0x21, 0xf4, 0x21, 0xfc, 0x21, 0xf4,
    0x21, 0xf4, 0x21, 0xf4, 0x41, 0xf4, 0x21, 0xf4, 0x42, 0xf4, 0x22, 0xf4,
    0x21, 0xf4, 0x21, 0xfc, 0x22, 0xfc, 0x42, 0xf4, 0x21, 0xfc, 0x21, 0xf4,
    0x22, 0xf4, 0x21, 0xfc, 0x21, 0xf4, 0x21, 0xf4, 0x21, 0xf4, 0x42, 0xf4,
    0x22, 0xfc, 0x21, 0xf4, 0x22, 0xf4, 0x21, 0xf4, 0x42, 0xf4, 0x42, 0xf4,
    0x42, 0xf4, 0x41, 0xf4, 0x41, 0xf4, 0x21, 0xf4, 0x21, 0xf4, 0x22, 0xf4,
    0x22, 0xf4, 0x22, 0xf4, 0x22, 0xf4, 0x42, 0xf4, 0x22, 0xf4, 0x21, 0xfc,
    0x42, 0xf4, 0x41, 0xfc, 0x42, 0xfc, 0x42, 0xfc, 0x21, 0xf4, 0x21, 0xfc,
    0x21, 0xfc, 0x21, 0xf4, 0x41, 0xf4, 0x22, 0xf4, 0x22, 0xf4, 0x21, 0xfc,
    0x41, 0xfc, 0x22, 0xfc, 0x42, 0xf4, 0x41, 0xf4, 0x41, 0xfc, 0x42, 0xf4,
    0x21, 0xfc, 0x21, 0xf4, 0x22, 0xf4, 0x41, 0xf4, 0x21, 0xfc, 0x22, 0xfc,
    0x22, 0xf4, 0x21, 0xfc, 0x21, 0xf4, 0x22, 0xf4, 0x21, 0xfc, 0x21, 0xf4,
    0x22, 0xfc, 0x41, 0xfc, 0x22, 0xfc, 0x41, 0xf4, 0x21, 0xf4, 0x22, 0xf4,
    0x21, 0xf4, 0x21, 0xf4, 0x21, 0xf4, 0x21, 0xf4, 0x21, 0xf4, 0x41, 0xf4,
    0x21, 0xf4, 0x41, 0xf4, 0x41, 0xf4, 0x42, 0xf4, 0x41, 0xf4, 0x41, 0xf4,
    0x41, 0xfc, 0x42, 0xf4, 0x42, 0xfc, 0x41, 0xf4, 0x42, 0xfc, 0x42, 0xfc,
    0x21, 0xf4, 0x21, 0xf4, 0x21, 0xfc, 0x21, 0xf4, 0x21, 0xfc, 0x41, 0xfc,
    0x21, 0xf4, 0x21, 0xfc, 0x21, 0xf4, 0x21, 0xf4, 0x22, 0xf4, 0x21, 0xf4,
    0x21, 0xf4, 0x21, 0xfc, 0x21, 0xfc, 0x21, 0xfc, 0x21, 0xfc, 0x22, 0xfc,
    0x22, 0xf4, 0x01, 0xf4, 0x22, 0xfc, 0x22, 0xf4, 0x21, 0xfc, 0x21, 0xf4,
    0x22, 0xfc, 0x22, 0xfc, 0x21, 0xf4, 0x21, 0xfc, 0x42, 0xf4, 0x21, 0xfc,
    0x41, 0xfc, 0x21, 0xfc, 0x42, 0xfc, 0x21, 0xfc, 0x42, 0xfc, 0x21, 0xf4,
    0x41, 0xfc, 0x42, 0xf4, 0x42, 0xf4, 0x41, 0xf4, 0x41, 0xfc, 0x41, 0xf4,
    0x41, 0xfc, 0x41, 0xf4, 0x22, 0xf4, 0x41, 0xfc, 0x41, 0xf4, 0x41, 0xf4,
    0x41, 0xfc, 0x41, 0xf4, 0x42, 0xf4, 0x42, 0xfc, 0x41, 0xf4, 0x41, 0xfc,
    0x41, 0xfc, 0x21, 0xf4, 0x42, 0xfc, 0x42, 0xfc, 0x42, 0xfc, 0x61, 0xf4,
    0x42, 0xf4, 0x41, 0xf4, 0x41, 0xfc, 0x42, 0xf4, 0x42, 0xf4, 0x41, 0xf4,
    0x41, 0xfc, 0x41, 0xf4, 0x41, 0xf4, 0x42, 0xfc, 0x41, 0xf4, 0x41, 0xf4,
    0x41, 0xfc, 0x41, 0xfc, 0x21, 0xfc, 0x41, 0xf4, 0x21, 0xfc, 0x21, 0xf4,
    0x21, 0xfc, 0x21, 0xf4, 0x21, 0xf4, 0x22, 0xf4, 0x22, 0xf4, 0x21, 0xf4,
    0x21, 0xf4, 0x01, 0xf4, 0x21, 0xf4, 0x02, 0xf4, 0x02, 0xf4, 0x21, 0xf4,
    0x21, 0xf4, 0x21, 0xf4, 0x21, 0xf4, 0x21, 0xf4, 0x21, 0xf4, 0x42, 0xfc,
    0x42, 0xfc, 0x42, 0xfc, 0x21, 0xf4, 0x41, 0xf4, 0x42, 0xfc, 0x41, 0xfc,
    0x21, 0xfc, 0x21, 0xfc, 0x42, 0xfc, 0x22, 0xfc, 0x21, 0xfc, 0x42, 0xfc,
    0x21, 0xfc, 0x21, 0xfc, 0x21, 0xfc, 0x42, 0xf4, 0x21, 0xfc, 0x41, 0xfc,
    0x42, 0xfc, 0x42, 0xfc, 0x42, 0xfc, 0x41, 0xfc, 0x42, 0xfc, 0x41, 0xf4,
    0x41, 0xf4, 0x41, 0xf4, 0x42, 0xfc, 0x42, 0xfc, 0x21, 0xf4, 0x42, 0xfc,
    0x41, 0xfc, 0x21, 0xf4, 0x21, 0xfc, 0x41, 0xf4, 0x41, 0xfc, 0x22, 0xfc,
    0x41, 0xfc, 0x42, 0xfc, 0x41, 0xf4, 0x22, 0xfc, 0x22, 0xfc, 0x22, 0xfc,
    0x21, 0xf4, 0x21, 0xf4, 0x21, 0xfc, 0x02, 0xfc, 0x21, 0xf4, 0x01, 0xf4,
    0x01, 0xf4, 0x21, 0xf4, 0x22, 0xfc, 0x21, 0xf4, 0x02, 0xfc, 0x02, 0xf4,
    0x21, 0xf4, 0x01, 0xf4, 0x01, 0xfc, 0x22, 0xf4, 0x01, 0xfc, 0x01, 0xfc,
    0x01, 0xf4, 0x21, 0xf4, 0x22, 0xf4, 0x01, 0xf4, 0x21, 0xfc, 0x22, 0xf4,
    0x22, 0xf4, 0x21, 0xf4, 0x01, 0xf4, 0x22, 0xf4, 0x22, 0xf4, 0x21, 0xfc,
    0x21, 0xf4, 0x22, 0xf4, 0x21, 0xf4, 0x41, 0xfc, 0x22, 0xfc, 0x21, 0xfc,
    0x42, 0xfc, 0x42, 0xfc, 0x41, 0xf4, 0x41, 0xf4, 0x41, 0xfc, 0x42, 0xfc,
    0x42, 0xf4, 0x41, 0xf4, 0x61, 0xfc, 0x42, 0xfc, 0x42, 0xf4, 0x41, 0xf4,
    0x41, 0xf4, 0x41, 0xfc, 0x22, 0xfc, 0x41, 0xf4, 0x41, 0xf4, 0x22, 0xfc,
    0x41, 0xf4, 0x22, 0xfc, 0x22, 0xfc, 0x21, 0xf4, 0x21, 0xfc, 0x22, 0xfc,
    0x21, 0xfc, 0x22, 0xf4, 0x21, 0xf4, 0x21, 0xfc, 0x22, 0xfc, 0x41, 0xfc,
    0x41, 0xfc, 0x41, 0xf4, 0x41, 0xfc, 0x21, 0xfc, 0x42, 0xfc, 0x42, 0xfc,
    0x21, 0xfc, 0x21, 0xf4, 0x22, 0xfc, 0x21, 0xfc, 0x21, 0xf4, 0x21, 0xf4,
    0x22, 0xf4, 0x21, 0xf4, 0x21, 0xfc, 0x41, 0xfc, 0x41, 0xf4, 0x42, 0xf4,
    0x41, 0xfc, 0x41, 0xf4, 0x22, 0xf4, 0x22, 0xfc, 0x41, 0xf4, 0x22, 0xf4,
    0x41, 0xfc, 0x41, 0xf4, 0x22, 0xfc, 0x41, 0xfc, 0x42, 0xfc, 0x42, 0xfc,
    0x41, 0xfc, 0x42, 0xfc, 0x41, 0xf4, 0x41, 0xfc, 0x22, 0xfc, 0x21, 0xfc,
    0x21, 0xf4, 0x41, 0xf4, 0x42, 0xf4, 0x21, 0xfc, 0x42, 0xfc, 0x21, 0xfc,
    0x41, 0xf4, 0x41, 0xfc, 0x42, 0xfc, 0x41, 0xfc, 0x41, 0xfc, 0x22, 0xf4,
    0x22, 0xf4, 0x41, 0xf4, 0x21, 0xf4, 0x22, 0xfc, 0x41, 0xfc, 0x41, 0xf4,
    0x41, 0xf4, 0x41, 0xfc, 0x41, 0xf4, 0x41, 0xf4, 0x42, 0xfc, 0x41, 0xf4,
    0x41, 0xf4, 0x42, 0xfc, 0x41, 0xfc, 0x41, 0xfc, 0x42, 0xfc, 0x42, 0xfc,
    0x21, 0xfc, 0x42, 0xf4, 0x42, 0xfc, 0x42, 0xfc, 0x22, 0xf4, 0x41, 0xfc,
    0x41, 0xf4, 0x22, 0xf4, 0x21, 0xf4, 0x22, 0xfc, 0x22, 0xf4, 0x42, 0xf4,
    0x42, 0xfc, 0x41, 0xfc, 0x42, 0xf4, 0x42, 0xf4, 0x41, 0xf4, 0x42, 0xfc,
    0x22, 0xfc, 0x41, 0xf4, 0x41, 0xfc, 0x41, 0xf4, 0x22, 0xfc, 0x22, 0xf4,
    0x21, 0xf4, 0x21, 0xf4, 0x42, 0xfc, 0x22, 0xfc, 0x21, 0xf4, 0x41, 0xfc,
    0x22, 0xf4, 0x41, 0xf4, 0x21, 0xf4, 0x22, 0xf4, 0x22, 0xf4, 0x22, 0xf4,
    0x42, 0xfc, 0x41, 0xfc, 0x41, 0xf4, 0x41, 0xfc, 0x42, 0xfc, 0x42, 0xf4,
    0x41, 0xf4, 0x41, 0xf4, 0x42, 0xf4, 0x41, 0xfc, 0x41, 0xf4, 0x42, 0xf4,
    0x41, 0xfc, 0x42, 0xfc, 0x21, 0xf4, 0x22, 0xf4, 0x22, 0xfc, 0x21, 0xf4,
    0x22, 0xfc, 0x22, 0xfc, 0x21, 0xf4, 0x21, 0xfc, 0x21, 0xfc, 0x21, 0xf4,
    0x22, 0xfc, 0x21, 0xfc, 0x21, 0xf4, 0x22, 0xf4, 0x02, 0xfc, 0x21, 0xf4,
    0x22, 0xf4, 0x21, 0xfc, 0x01, 0xf4, 0x01, 0xfc, 0x02, 0xfc, 0x21, 0xfc,
    0x22, 0xf4, 0x21, 0xfc, 0x21, 0xfc, 0x21, 0xf4, 0x21, 0xf4, 0x41, 0xfc,
    0x22, 0xf4, 0x41, 0xf4, 0x21, 0xf4, 0x42, 0xf4, 0x21, 0xfc, 0x41, 0xf4,
    0x22, 0xf4, 0x22, 0xf4, 0x41, 0xfc, 0x41, 0xf4, 0x42, 0xf4, 0x41, 0xfc,
    0x41, 0xf4, 0x41, 0xf4, 0x41, 0xfc, 0x42, 0xf4, 0x22, 0xf4, 0x41, 0xf4,
    0x41, 0xf4, 0x41, 0xf4, 0x42, 0xfc, 0x41, 0xf4, 0x41, 0xfc, 0x41, 0xf4,
    0x41, 0xf4, 0x41, 0xf4, 0x42, 0xfc, 0x41, 0xf4, 0x42, 0xfc, 0x42, 0xfc,
    0x41, 0xf4, 0x62, 0xf4, 0x41, 0xfc, 0x41, 0xf4, 0x41, 0xfc, 0x42, 0xf4,
    0x42, 0xf4, 0x42, 0xfc, 0x42, 0xf4, 0x62, 0xfc, 0x62, 0xf4, 0x42, 0xfc,
    0x42, 0xfc, 0x42, 0xf4, 0x41, 0xf4, 0x41, 0xf4, 0x42, 0xfc, 0x42, 0xf4,
    0x21, 0xfc, 0x42, 0xf4, 0x41, 0xf4, 0x21, 0xf4, 0x42, 0xf4, 0x21, 0xfc,
    0x21, 0xfc, 0x22, 0xfc, 0x21, 0xf4, 0x21, 0xf4, 0x01, 0xf4, 0x21, 0xf4,
    0x21, 0xf4, 0x21, 0xfc, 0x22, 0xfc, 0x22, 0xfc, 0x42, 0xfc, 0x21, 0xfc,
    0x41, 0xf4, 0x41, 0xf4, 0x41, 0xf4, 0x41, 0xf4, 0x41, 0xf4, 0x41, 0xfc,
    0x42, 0xf4, 0x21, 0xf4, 0x41, 0xf4, 0x41, 0xf4, 0x22, 0xfc, 0x41, 0xf4,
    0x41, 0xf4, 0x42, 0xf4, 0x42, 0xfc, 0x41, 0xf4, 0x42, 0xf4, 0x41, 0xf4,
    0x41, 0xf4, 0x41, 0xf4, 0x21, 0xf4, 0x41, 0xf4, 0x41, 0xf4, 0x42, 0xfc,
    0x41, 0xfc, 0x41, 0xf4, 0x41, 0xfc, 0x41, 0xf4, 0x41, 0xf4, 0x42, 0xfc,
    0x41, 0xf4, 0x42, 0xfc, 0x41, 0xfc, 0x21, 0xf4, 0x22, 0xf4, 0x41, 0xfc,
    0x22, 0xf4, 0x21, 0xf4, 0x42, 0xfc, 0x41, 0xf4, 0x41, 0xfc, 0x41, 0xf4,
    0x21, 0xf4, 0x42, 0xfc, 0x21, 0xf4, 0x21, 0xf4, 0x21, 0xfc, 0x22, 0xfc,
    0x21, 0xf4, 0x21, 0xf4, 0x21, 0xfc, 0x21, 0xf4, 0x21, 0xf4, 0x21, 0xf4,
    0x22, 0xfc, 0x21, 0xf4, 0x01, 0xf4, 0x22, 0xf4, 0x22, 0xf4, 0x21, 0xf4,
    0x01, 0xf4, 0x22, 0xf4, 0x22, 0xf4, 0x21, 0xf4, 0x22, 0xfc, 0x21, 0xf4,
    0x21, 0xf4, 0x21, 0xf4, 0x21, 0xfc, 0x22, 0xf4, 0x21, 0xf4, 0x21, 0xf4,
    0x22, 0xf4, 0x22, 0xf4, 0x21, 0xf4, 0x22, 0xf4, 0x41, 0xfc, 0x42, 0xfc,
    0x41, 0xf4, 0x41, 0xf4, 0x41, 0xfc, 0x41, 0xfc, 0x41, 0xf4, 0x42, 0xf4,
    0x41, 0xf4, 0x42, 0xfc, 0x42, 0xfc, 0x41, 0xf4, 0x62, 0xfc, 0x61, 0xfc,
    0x42, 0xf4, 0x41, 0xfc, 0x41, 0xf4, 0x41, 0xfc, 0x42, 0xf4, 0x41, 0xf4,
    0x21, 0xfc, 0x41, 0xf4, 0x42, 0xf4, 0x21, 0xf4, 0x21, 0xf4, 0x42, 0xfc,
    0x41, 0xf4, 0x21, 0xf4, 0x22, 0xfc, 0x41, 0xfc, 0x21, 0xf4, 0x42, 0xfc,
    0x41, 0xf4, 0x22, 0xf4, 0x41, 0xfc, 0x42, 0xfc, 0x41, 0xf4, 0x41, 0xfc,
    0x42, 0xf4, 0x42, 0xfc, 0x41, 0xf4, 0x21, 0xf4, 0x22, 0xfc, 0x22, 0xf4,
    0x21, 0xfc, 0x41, 0xfc, 0x22, 0xfc, 0x21, 0xfc, 0x42, 0xf4, 0x41, 0xf4,
    0x42, 0xfc, 0x41, 0xf4, 0x41, 0xfc, 0x42, 0xfc, 0x41, 0xf4, 0x41, 0xf4,
    0x42, 0xf4, 0x41, 0xf4, 0x41, 0xf4, 0x41, 0xf4, 0x42, 0xfc, 0x42, 0xfc,
    0x41, 0xf4, 0x21, 0xfc, 0x42, 0xfc, 0x41, 0xfc, 0x21, 0xf4, 0x42, 0xf4,
    0x21, 0xf4, 0x41, 0xfc, 0x42, 0xfc, 0x41, 0xf4, 0x41, 0xf4, 0x42, 0xf4,
    0x21, 0xfc, 0x42, 0xf4, 0x22, 0xfc, 0x41, 0xf4, 0x41, 0xf4, 0x42, 0xf4,
    0x42, 0xfc, 0x21, 0xf4, 0x41, 0xf4, 0x42, 0xfc, 0x41, 0xf4, 0x41, 0xf4,
    0x41, 0xfc, 0x42, 0xf4, 0x42, 0xfc, 0x41, 0xfc, 0x42, 0xf4, 0x41, 0xfc,
    0x42, 0xfc, 0x41, 0xf4, 0x41, 0xf4, 0x42, 0xf4, 0x41, 0xf4, 0x21, 0xf4,
    0x42, 0xf4, 0x41, 0xf4, 0x41, 0xfc, 0x41, 0xf4, 0x41, 0xf4, 0x42, 0xf4,
    0x42, 0xfc, 0x41, 0xf4, 0x21, 0xfc, 0x42, 0xf4, 0x41, 0xf4, 0x22, 0xf4,
    0x42, 0xf4, 0x42, 0xf4, 0x21, 0xfc, 0x22, 0xf4, 0x42, 0xf4, 0x42, 0xf4,
    0x21, 0xf4, 0x41, 0xf4, 0x22, 0xf4, 0x22, 0xf4, 0x41, 0xf4, 0x41, 0xfc,
    0x22, 0xfc, 0x42, 0xf4, 0x21, 0xf4, 0x21, 0xf4, 0x42, 0xf4, 0x22, 0xf4,
    0x42, 0xf4, 0x21, 0xf4, 0x22, 0xf4, 0x22, 0xf4, 0x21, 0xf4, 0x22, 0xf4,
    0x41, 0xf4, 0x21, 0xf4, 0x42, 0xf4, 0x42, 0xf4, 0x41, 0xf4, 0x42, 0xfc,
    0x41, 0xfc, 0x41, 0xf4, 0x41, 0xf4, 0x42, 0xf4, 0x41, 0xf4, 0x41, 0xf4,
    0x41, 0xfc, 0x42, 0xf4, 0x41, 0xf4, 0x41, 0xfc, 0x21, 0xf4, 0x22, 0xf4,
    0x22, 0xf4, 0x21, 0xf4, 0x21, 0xf4, 0x22, 0xfc, 0x21, 0xf4, 0x21, 0xfc,
    0x22, 0xfc, 0x22, 0xf4, 0x01, 0xf4, 0x22, 0xfc, 0x22, 0xfc, 0x02, 0xf4,
    0x21, 0xf4, 0x22, 0xfc, 0x22, 0xf4, 0x22, 0xf4, 0x21, 0xfc, 0x21, 0xf4,
    0x22, 0xfc, 0x21, 0xf4, 0x21, 0xf4, 0x21, 0xfc, 0x22, 0xfc, 0x41, 0xf4,
    0x21, 0xf4, 0x22, 0xfc, 0x42, 0xfc, 0x41, 0xfc, 0x22, 0xf4, 0x41, 0xfc,
    0x41, 0xf4, 0x22, 0xfc, 0x41, 0xf4, 0x41, 0xf4, 0x42, 0xf4, 0x41, 0xfc,
    0x41, 0xf4, 0x41, 0xfc, 0x42, 0xf4, 0x41, 0xf4, 0x42, 0xfc, 0x42, 0xf4,
    0x41, 0xf4, 0x41, 0xf4, 0x61, 0xf4, 0x62, 0xf4, 0x41, 0xf4, 0x41, 0xfc,
    0x41, 0xf4, 0x42, 0xfc, 0x41, 0xf4, 0x41, 0xf4, 0x41, 0xf4, 0x41, 0xf4,
    0x62, 0xfc, 0x41, 0xf4, 0x61, 0xf4, 0x42, 0xfc, 0x41, 0xfc, 0x41, 0xf4,
    0x41, 0xf4, 0x41, 0xfc, 0x41, 0xfc, 0x41, 0xf4, 0x61, 0xf4, 0x61, 0xf4,
    0x41, 0xf4, 0x61, 0xf4, 0x42, 0xfc, 0x42, 0xfc, 0x41, 0xf4, 0x41, 0xf4,
    0x42, 0xfc, 0x41, 0xf4, 0x41, 0xf4, 0x21, 0xfc, 0x42, 0xfc, 0x21, 0xf4,
    0x42, 0xf4, 0x41, 0xf4, 0x21, 0xfc, 0x21, 0xf4, 0x22, 0xf4, 0x22, 0xf4,
    0x01, 0xf4, 0x21, 0xf4, 0x21, 0xf4, 0x21, 0xf4, 0x22, 0xfc, 0x41, 0xf4,
    0x21, 0xf4, 0x22, 0xf4, 0x42, 0xf4, 0x41, 0xf4, 0x41, 0xf4, 0x41, 0xfc,
    0x42, 0xf4, 0x41, 0xfc, 0x41, 0xf4, 0x41, 0xf4, 0x21, 0xf4, 0x41, 0xf4,
    0x22, 0xfc, 0x21, 0xf4, 0x41, 0xfc, 0x42, 0xf4, 0x41, 0xf4, 0x42, 0xf4,
    0x42, 0xfc, 0x41, 0xf4, 0x41, 0xfc, 0x41, 0xf4, 0x41, 0xf4, 0x41, 0xfc,
    0x41, 0xf4, 0x42, 0xf4, 0x41, 0xf4, 0x42, 0xf4, 0x42, 0xfc, 0x41, 0xf4,
    0x41, 0xf4, 0x41, 0xf4, 0x42, 0xf4, 0x21, 0xf4, 0x22, 0xfc, 0x21, 0xf4,
    0x21, 0xf4, 0x42, 0xfc, 0x41, 0xfc, 0x21, 0xf4, 0x42, 0xfc, 0x42, 0xf4,
    0x21, 0xf4, 0x21, 0xfc, 0x42, 0xf4, 0x21, 0xf4, 0x21, 0xf4, 0x21, 0xf4,
    0x21, 0xf4, 0x21, 0xf4, 0x22, 0xf4, 0x22, 0xfc, 0x21, 0xf4, 0x21, 0xf4,
    0x21, 0xf4, 0x21, 0xf4, 0x21, 0xf4, 0x21, 0xf4, 0x21, 0xf4, 0x22, 0xf4,
    0x21, 0xf4, 0x21, 0xf4, 0x22, 0xf4, 0x21, 0xf4, 0x22, 0xf4, 0x21, 0xfc,
    0x21, 0xf4, 0x22, 0xf4, 0x21, 0xf4, 0x21, 0xfc, 0x21, 0xf4, 0x22, 0xf4,
    0x21, 0xf4, 0x22, 0xf4, 0x21, 0xf4, 0x21, 0xf4, 0x22, 0xf4, 0x21, 0xf4,
    0x41, 0xf4, 0x41, 0xf4, 0x42, 0xf4, 0x41, 0xf4, 0x41, 0xf4, 0x41, 0xfc,
    0x42, 0xf4, 0x41, 0xf4, 0x41, 0xfc, 0x41, 0xf4, 0x42, 0xf4, 0x41, 0xfc,
    0x41, 0xf4, 0x61, 0xf4, 0x42, 0xfc, 0x42, 0xfc, 0x41, 0xfc, 0x41, 0xf4,
    0x42, 0xf4, 0x41, 0xf4, 0x21, 0xfc, 0x42, 0xf4, 0x21, 0xf4, 0x21, 0xf4,
    0x21, 0xf4, 0x22, 0xf4, 0x41, 0xfc, 0x41, 0xf4, 0x22, 0xf4, 0x41, 0xfc,
    0x22, 0xfc, 0x41, 0xf4, 0x21, 0xfc, 0x22, 0xf4, 0x42, 0xfc, 0x41, 0xfc,
    0x42, 0xfc, 0x42, 0xfc, 0x41, 0xfc, 0x41, 0xfc, 0x42, 0xfc, 0x42, 0xfc,
    0x41, 0xf4, 0x42, 0xfc, 0x21, 0xf4, 0x41, 0xf4, 0x41, 0xfc, 0x21, 0xf4,
    0x41, 0xf4, 0x41, 0xf4, 0x41, 0xf4, 0x41, 0xf4, 0x42, 0xfc, 0x62, 0xfc,
    0x41, 0xfc, 0x42, 0xfc, 0x42, 0xfc, 0x41, 0xfc, 0x41, 0xf4, 0x41, 0xf4,
    0x41, 0xf4, 0x41, 0xfc, 0x41, 0xf4, 0x42, 0xf4, 0x42, 0xfc, 0x41, 0xf4,
    0x21, 0xfc, 0x22, 0xfc, 0x41, 0xf4, 0x42, 0xfc, 0x42, 0xfc, 0x41, 0xfc,
    0x41, 0xfc, 0x42, 0xf4, 0x21, 0xf4, 0x41, 0xfc, 0x22, 0xf4, 0x41, 0xf4,
    0x41, 0xf4, 0x41, 0xf4, 0x42, 0xfc, 0x41, 0xf4, 0x41, 0xfc, 0x41, 0xfc,
    0x42, 0xf4, 0x41, 0xf4, 0x41, 0xf4, 0x41, 0xf4, 0x42, 0xf4, 0x41, 0xf4,
    0x42, 0xf4, 0x41, 0xf4, 0x41, 0xfc, 0x41, 0xf4, 0x41, 0xf4, 0x42, 0xf4,
    0x42, 0xf4, 0x41, 0xfc, 0x41, 0xf4, 0x41, 0xf4, 0x41, 0xf4, 0x41, 0xf4,
    0x41, 0xfc, 0x42, 0xf4, 0x42, 0xf4, 0x42, 0xf4, 0x22, 0xf4, 0x22, 0xf4,
    0x41, 0xf4, 0x41, 0xfc, 0x42, 0xfc, 0x41, 0xf4, 0x42, 0xf4, 0x42, 0xfc,
    0x42, 0xf4, 0x41, 0xf4, 0x22, 0xf4, 0x21, 0xf4, 0x21, 0xf4, 0x22, 0xf4,
    0x21, 0xf4, 0x41, 0xfc, 0x42, 0xfc, 0x42, 0xf4, 0x21, 0xf4, 0x42, 0xf4,
    0x21, 0xf4, 0x42, 0xfc, 0x42, 0xf4, 0x41, 0xf4, 0x21, 0xf4, 0x22, 0xf4,
    0x22, 0xf4, 0x41, 0xf4, 0x21, 0xf4, 0x22, 0xf4, 0x21, 0xfc, 0x41, 0xf4,
    0x42, 0xf4, 0x42, 0xfc, 0x61, 0xf4, 0x62, 0xf4, 0x62, 0xfc, 0x61, 0xf4,
    0x61, 0xf4, 0x41, 0xf4, 0x41, 0xf4, 0x41, 0xfc, 0x42, 0xf4, 0x42, 0xf4,
    0x21, 0xfc, 0x21, 0xf4, 0x21, 0xf4, 0x21, 0xf4, 0x01, 0xfc, 0x22, 0xf4,
    0x21, 0xf4, 0x22, 0xf4, 0x01, 0xf4, 0x01, 0xf4, 0x01, 0xf4, 0x01, 0xf4,
    0x22, 0xfc, 0x21, 0xfc, 0x01, 0xf4, 0x21, 0xfc, 0x22, 0xfc, 0x22, 0xfc,
    0x21, 0xfc, 0x21, 0xf4, 0x21, 0xf4, 0x22, 0xfc, 0x02, 0xf4, 0x22, 0xf4,
    0x21, 0xfc, 0x22, 0xfc, 0x21, 0xfc, 0x42, 0xf4, 0x21, 0xfc, 0x21, 0xf4,
    0x42, 0xfc, 0x21, 0xfc, 0x21, 0xf4, 0x42, 0xfc, 0x21, 0xf4, 0x21, 0xf4,
    0x42, 0xfc, 0x42, 0xf4, 0x41, 0xf4, 0x41, 0xfc, 0x41, 0xf4, 0x42, 0xf4,
    0x41, 0xf4, 0x41, 0xf4, 0x41, 0xf4, 0x41, 0xf4, 0x42, 0xfc, 0x62, 0xfc,
    0x61, 0xf4, 0x41, 0xf4, 0x42, 0xf4, 0x41, 0xfc, 0x41, 0xf4, 0x41, 0xf4,
    0x41, 0xfc, 0x42, 0xf4, 0x42, 0xfc, 0x41, 0xfc, 0x42, 0xf4, 0x42, 0xfc,
    0x42, 0xfc, 0x41, 0xf4, 0x42, 0xfc, 0x41, 0xf4, 0x41, 0xfc, 0x41, 0xf4,
    0x62, 0xf4, 0x42, 0xfc, 0x41, 0xf4, 0x61, 0xf4, 0x42, 0xfc, 0x41, 0xf4,
    0x42, 0xfc, 0x42, 0xfc, 0x41, 0xfc, 0x41, 0xf4, 0x41, 0xf4, 0x41, 0xf4,
    0x41, 0xf4, 0x41, 0xf4, 0x41, 0xf4, 0x41, 0xf4, 0x22, 0xfc, 0x41, 0xfc,
    0x41, 0xfc, 0x22, 0xf4, 0x22, 0xf4, 0x21, 0xfc, 0x42, 0xfc, 0x21, 0xf4,
    0x21, 0xf4, 0x41, 0xfc, 0x41, 0xfc, 0x21, 0xf4, 0x22, 0xf4, 0x42, 0xfc,
    0x41, 0xfc, 0x41, 0xf4, 0x42, 0xf4, 0x41, 0xfc, 0x41, 0xfc, 0x42, 0xf4,
    0x41, 0xfc, 0x41, 0xf4, 0x42, 0xf4, 0x42, 0xfc, 0x21, 0xfc, 0x41, 0xf4,
    0x41, 0xf4, 0x41, 0xfc, 0x41, 0xf4, 0x41, 0xfc, 0x42, 0xf4, 0x41, 0xfc,
    0x41, 0xfc, 0x42, 0xf4, 0x41, 0xfc, 0x41, 0xfc, 0x42, 0xf4, 0x41, 0xfc,
    0x41, 0xf4, 0x42, 0xfc, 0x41, 0xfc, 0x41, 0xf4, 0x41, 0xfc, 0x21, 0xf4,
    0x42, 0xfc, 0x21, 0xf4, 0x21, 0xf4, 0x22, 0xf4, 0x42, 0xfc, 0x41, 0xfc,
    0x41, 0xf4, 0x42, 0xf4, 0x21, 0xf4, 0x42, 0xf4, 0x21, 0xfc, 0x21, 0xf4,
    0x22, 0xf4, 0x21, 0xf4, 0x42, 0xfc, 0x21, 0xfc, 0x41, 0xf4, 0x42, 0xfc,
    0x21, 0xf4, 0x21, 0xf4, 0x22, 0xf4, 0x21, 0xf4, 0x21, 0xfc, 0x22, 0xf4,
    0x21, 0xf4, 0x01, 0xfc, 0x22, 0xf4, 0x21, 0xf4, 0x21, 0xf4, 0x21, 0xf4,
    0x22, 0xfc, 0x22, 0xf4, 0x21, 0xf4, 0x21, 0xf4, 0x22, 0xf4, 0x21, 0xf4,
    0x21, 0xf4, 0x21, 0xfc, 0x22, 0xf4, 0x22, 0xf4, 0x21, 0xf4, 0x21, 0xf4,
    0x42, 0xfc, 0x42, 0xfc, 0x41, 0xf4, 0x41, 0xfc, 0x41, 0xfc, 0x42, 0xf4,
    0x41, 0xf4, 0x41, 0xf4, 0x41, 0xfc, 0x41, 0xf4, 0x42, 0xfc, 0x41, 0xfc,
    0x42, 0xf4, 0x42, 0xfc, 0x61, 0xfc, 0x62, 0xfc, 0x62, 0xf4, 0x42, 0xfc,
    0x41, 0xf4, 0x42, 0xfc, 0x41, 0xf4, 0x41, 0xfc, 0x41, 0xf4, 0x42, 0xf4,
    0x42, 0xfc, 0x42, 0xfc, 0x41, 0xf4, 0x21, 0xf4, 0x22, 0xfc, 0x41, 0xfc,
    0x21, 0xf4, 0x22, 0xf4, 0x41, 0xfc, 0x21, 0xf4, 0x42, 0xfc, 0x41, 0xfc,
    0x41, 0xfc, 0x41, 0xf4, 0x42, 0xfc, 0x42, 0xfc, 0x42, 0xfc, 0x41, 0xfc,
    0x42, 0xfc, 0x41, 0xf4, 0x41, 0xfc, 0x42, 0xfc, 0x42, 0xfc, 0x21, 0xf4,
    0x22, 0xf4, 0x42, 0xfc, 0x21, 0xf4, 0x21, 0xf4, 0x41, 0xfc, 0x41, 0xf4,
    0x42, 0xfc, 0x41, 0xf4, 0x41, 0xf4, 0x41, 0xf4, 0x41, 0xf4, 0x41, 0xfc,
    0x42, 0xf4, 0x41, 0xfc, 0x42, 0xfc, 0x42, 0xfc, 0x41, 0xfc, 0x42, 0xfc,
    0x21, 0xf4, 0x21, 0xf4, 0x42, 0xfc, 0x21, 0xf4, 0x42, 0xfc, 0x41, 0xf4,
    0x42, 0xf4, 0x42, 0xf4, 0x41, 0xf4, 0x41, 0xfc, 0x42, 0xfc, 0x41, 0xfc,
    0x42, 0xf4, 0x41, 0xfc, 0x42, 0xfc, 0x41, 0xf4, 0x41, 0xf4, 0x41, 0xf4,
    0x41, 0xf4, 0x41, 0xf4, 0x41, 0xfc, 0x42, 0xfc, 0x41, 0xf4, 0x41, 0xfc,
    0x41, 0xfc, 0x41, 0xf4, 0x41, 0xfc, 0x41, 0xf4, 0x62, 0xf4, 0x62, 0xfc,
    0x61, 0xf4, 0x41, 0xfc, 0x42, 0xfc, 0x42, 0xfc, 0x41, 0xf4, 0x42, 0xfc,
    0x41, 0xf4, 0x41, 0xfc, 0x42, 0xf4, 0x42, 0xfc, 0x41, 0xf4, 0x41, 0xf4,
    0x42, 0xf4, 0x21, 0xf4, 0x22, 0xfc, 0x41, 0xf4, 0x42, 0xf4, 0x42, 0xfc,
    0x42, 0xf4, 0x41, 0xf4, 0x42, 0xfc, 0x42, 0xfc, 0x42, 0xfc, 0x22, 0xf4,
    0x21, 0xf4, 0x22, 0xf4, 0x41, 0xf4, 0x21, 0xf4, 0x42, 0xf4, 0x41, 0xf4,
    0x42, 0xfc, 0x41, 0xf4, 0x22, 0xf4, 0x41, 0xfc, 0x21, 0xf4, 0x42, 0xf4,
    0x21, 0xf4, 0x21, 0xf4, 0x42, 0xfc, 0x42, 0xf4, 0x42, 0xf4, 0x21, 0xf4,
    0x42, 0xf4, 0x41, 0xf4, 0x41, 0xf4, 0x42, 0xfc, 0x41, 0xf4, 0x61, 0xf4,
    0x61, 0xfc, 0x61, 0xf4, 0x62, 0xfc, 0x62, 0xfc, 0x42, 0xf4, 0x41, 0xfc,
    0x42, 0xf4, 0x41, 0xf4, 0x21, 0xf4, 0x21, 0xf4, 0x01, 0xf4, 0x22, 0xf4,
    0x02, 0xfc, 0x01, 0xf4, 0x21, 0xf4, 0x22, 0xf4, 0x21, 0xf4, 0x21, 0xf4,
    0x21, 0xf4, 0x22, 0xf4, 0x21, 0xf4, 0x21, 0xf4, 0x22, 0xf4, 0x21, 0xf4,
    0x21, 0xfc, 0x21, 0xf4, 0x22, 0xf4, 0x21, 0xf4, 0x21, 0xf4, 0x21, 0xfc,
    0x21, 0xfc, 0x21, 0xfc, 0x21, 0xf4, 0x21, 0xfc, 0x21, 0xfc, 0x42, 0xf4,
    0x41, 0xf4, 0x21, 0xf4, 0x42, 0xf4, 0x21, 0xf4, 0x42, 0xf4, 0x41, 0xf4,
    0x41, 0xfc, 0x41, 0xf4, 0x41, 0xfc, 0x41, 0xf4, 0x41, 0xf4, 0x41, 0xf4,
    0x42, 0xf4, 0x42, 0xfc, 0x41, 0xf4, 0x41, 0xf4, 0x41, 0xf4, 0x41, 0xf4,
    0x62, 0xfc, 0x61, 0xf4, 0x61, 0xfc, 0x42, 0xf4, 0x41, 0xf4, 0x41, 0xf4,
    0x41, 0xfc, 0x42, 0xfc, 0x41, 0xf4, 0x41, 0xfc, 0x42, 0xf4, 0x61, 0xf4,
    0x61, 0xf4, 0x42, 0xfc, 0x41, 0xf4, 0x61, 0xf4, 0x61, 0xfc, 0x42, 0xf4,
    0x62, 0xf4, 0x62, 0xf4, 0x41, 0xfc, 0x62, 0xfc, 0x41, 0xf4, 0x62, 0xf4,
    0x61, 0xf4, 0x41, 0xf4, 0x61, 0xf4, 0x42, 0xfc, 0x42, 0xf4, 0x41, 0xf4,
    0x42, 0xfc, 0x41, 0xf4, 0x41, 0xf4, 0x21, 0xfc, 0x41, 0xfc, 0x42, 0xf4,
    0x42, 0xf4, 0x41, 0xf4, 0x41, 0xf4, 0x21, 0xf4, 0x21, 0xfc, 0x21, 0xf4,
    0x21, 0xf4, 0x42, 0xf4, 0x22, 0xf4, 0x42, 0xfc, 0x42, 0xf4, 0x41, 0xf4,
    0x41, 0xf4, 0x41, 0xfc, 0x41, 0xf4, 0x41, 0xf4, 0x41, 0xf4, 0x41, 0xf4,
    0x41, 0xf4, 0x42, 0xfc, 0x41, 0xf4, 0x41, 0xfc, 0x41, 0xf4, 0x41, 0xf4,
    0x41, 0xf4, 0x41, 0xf4, 0x41, 0xf4, 0x41, 0xf4, 0x41, 0xfc, 0x41, 0xf4,
    0x41, 0xf4, 0x41, 0xf4, 0x42, 0xf4, 0x41, 0xf4, 0x41, 0xf4, 0x41, 0xf4,
    0x42, 0xfc, 0x41, 0xfc, 0x41, 0xf4, 0x42, 0xf4, 0x42, 0xf4, 0x41, 0xfc,
    0x42, 0xf4, 0x41, 0xf4, 0x41, 0xf4, 0x41, 0xf4, 0x42, 0xf4, 0x41, 0xf4,
    0x41, 0xf4, 0x41, 0xf4, 0x41, 0xfc, 0x41, 0xfc, 0x41, 0xf4, 0x41, 0xf4,
    0x21, 0xf4, 0x21, 0xfc, 0x21, 0xf4, 0x41, 0xf4, 0x41, 0xf4, 0x22, 0xf4,
    0x21, 0xf4, 0x21, 0xf4, 0x21, 0xf4, 0x21, 0xf4, 0x22, 0xfc, 0x21, 0xfc,
    0x22, 0xf4, 0x21, 0xf4, 0x21, 0xf4, 0x21, 0xf4, 0x01, 0xf4, 0x21, 0xf4,
    0x22, 0xf4, 0x21, 0xfc, 0x21, 0xf4, 0x41, 0xfc, 0x21, 0xf4, 0x21, 0xf4,
    0x21, 0xf4, 0x22, 0xf4, 0x21, 0xf4, 0x21, 0xf4, 0x41, 0xfc, 0x42, 0xfc,
    0x41, 0xf4, 0x21, 0xf4, 0x42, 0xf4, 0x42, 0xfc, 0x41, 0xf4, 0x42, 0xf4,
    0x41, 0xf4, 0x41, 0xf4, 0x42, 0xf4, 0x41, 0xf4, 0x41, 0xf4, 0x42, 0xf4,
    0x61, 0xf4, 0x61, 0xf4, 0x61, 0xf4, 0x61, 0xf4, 0x62, 0xfc, 0x62, 0xfc,
    0x41, 0xf4, 0x61, 0xf4, 0x42, 0xf4, 0x41, 0xfc, 0x41, 0xf4, 0x41, 0xf4,
    0x41, 0xfc, 0x41, 0xf4, 0x41, 0xf4, 0x41, 0xfc, 0x42, 0xf4, 0x41, 0xf4,
    0x42, 0xfc, 0x41, 0xfc, 0x41, 0xf4, 0x21, 0xfc, 0x42, 0xf4, 0x41, 0xf4,
    0x41, 0xf4, 0x41, 0xf4, 0x41, 0xfc, 0x41, 0xfc, 0x41, 0xf4, 0x42, 0xfc,
    0x42, 0xfc, 0x42, 0xfc, 0x41, 0xf4, 0x41, 0xfc, 0x22, 0xf4, 0x41, 0xfc,
    0x41, 0xfc, 0x21, 0xf4, 0x41, 0xfc, 0x41, 0xf4, 0x41, 0xf4, 0x41, 0xfc,
    0x42, 0xf4, 0x42, 0xfc, 0x62, 0xf4, 0x61, 0xf4, 0x41, 0xf4, 0x41, 0xf4,
    0x41, 0xf4, 0x41, 0xf4, 0x41, 0xf4, 0x41, 0xf4, 0x42, 0xfc, 0x62, 0xf4,
    0x41, 0xf4, 0x42, 0xfc, 0x21, 0xf4, 0x41, 0xfc, 0x42, 0xf4, 0x41, 0xf4,
    0x41, 0xf4, 0x41, 0xf4, 0x41, 0xfc, 0x41, 0xfc, 0x42, 0xf4, 0x41, 0xf4,
    0x41, 0xf4, 0x42, 0xf4, 0x41, 0xf4, 0x41, 0xf4, 0x41, 0xfc, 0x41, 0xf4,
    0x41, 0xfc, 0x42, 0xf4, 0x42, 0xf4, 0x41, 0xf4, 0x42, 0xfc, 0x41, 0xfc,
    0x41, 0xf4, 0x41, 0xf4, 0x41, 0xfc, 0x42, 0xf4, 0x41, 0xf4, 0x41, 0xf4,
    0x62, 0xf4, 0x62, 0xfc, 0x61, 0xf4, 0x62, 0xf4, 0x61, 0xf4, 0x42, 0xfc,
    0x41, 0xf4, 0x41, 0xf4, 0x41, 0xfc, 0x41, 0xf4, 0x42, 0xf4, 0x41, 0xf4,
    0x41, 0xf4, 0x41, 0xfc, 0x61, 0xf4, 0x41, 0xf4, 0x41, 0xf4, 0x41, 0xf4,
    0x41, 0xf4, 0x41, 0xfc, 0x41, 0xf4, 0x41, 0xf4, 0x22, 0xf4, 0x42, 0xf4,
    0x42, 0xfc, 0x42, 0xf4, 0x21, 0xf4, 0x41, 0xf4, 0x42, 0xfc, 0x42, 0xf4,
    0x41, 0xf4, 0x41, 0xfc, 0x41, 0xf4, 0x41, 0xf4, 0x42, 0xfc, 0x41, 0xf4,
    0x21, 0xf4, 0x42, 0xf4, 0x42, 0xf4, 0x21, 0xf4, 0x42, 0xf4, 0x42, 0xf4,
    0x21, 0xf4, 0x21, 0xf4, 0x42, 0xf4, 0x41, 0xf4, 0x41, 0xf4, 0x41, 0xfc,
    0x42, 0xfc, 0x61, 0xf4, 0x61, 0xfc, 0x62, 0xf4, 0x41, 0xf4, 0x62, 0xfc,
    0x41, 0xf4, 0x41, 0xf4, 0x41, 0xf4, 0x22, 0xf4, 0x42, 0xfc, 0x21, 0xf4,
    0x22, 0xf4, 0x21, 0xf4, 0x21, 0xf4, 0x01, 0xf4, 0x02, 0xfc, 0x21, 0xf4,
    0x22, 0xf4, 0x21, 0xf4, 0x22, 0xf4, 0x22, 0xf4, 0x21, 0xf4, 0x22, 0xf4,
    0x22, 0xf4, 0x21, 0xf4, 0x41, 0xfc, 0x21, 0xfc, 0x42, 0xfc, 0x21, 0xf4,
    0x21, 0xf4, 0x21, 0xf4, 0x41, 0xfc, 0x41, 0xf4, 0x42, 0xfc, 0x42, 0xf4,
    0x21, 0xf4, 0x41, 0xfc, 0x21, 0xfc, 0x21, 0xf4, 0x41, 0xf4, 0x41, 0xf4,
    0x41, 0xf4, 0x42, 0xf4, 0x41, 0xf4, 0x41, 0xfc, 0x41, 0xf4, 0x41, 0xf4,
    0x41, 0xfc, 0x41, 0xf4, 0x42, 0xf4, 0x21, 0xf4, 0x41, 0xfc, 0x41, 0xf4,
    0x62, 0xf4, 0x62, 0xfc, 0x41, 0xf4, 0x42, 0xf4, 0x41, 0xf4, 0x62, 0xf4,
    0x41, 0xf4, 0x41, 0xf4, 0x42, 0xf4, 0x41, 0xf4, 0x41, 0xf4, 0x42, 0xfc,
    0x42, 0xfc, 0x41, 0xf4, 0x42, 0xfc, 0x41, 0xf4, 0x41, 0xf4, 0x41, 0xfc,
    0x61, 0xfc, 0x41, 0xf4, 0x41, 0xf4, 0x41, 0xf4, 0x42, 0xfc, 0x41, 0xf4,
    0x41, 0xf4, 0x42, 0xfc, 0x41, 0xfc, 0x41, 0xf4, 0x41, 0xf4, 0x41, 0xfc,
    0x62, 0xfc, 0x42, 0xfc, 0x41, 0xfc, 0x41, 0xf4, 0x42, 0xfc, 0x41, 0xf4,
    0x41, 0xf4, 0x42, 0xfc, 0x42, 0xf4, 0x41, 0xf4, 0x41, 0xf4, 0x41, 0xfc,
    0x21, 0xfc, 0x41, 0xf4, 0x41, 0xfc, 0x41, 0xf4, 0x41, 0xf4, 0x41, 0xf4,
    0x41, 0xf4, 0x42, 0xf4, 0x41, 0xf4, 0x41, 0xf4, 0x42, 0xfc, 0x41, 0xfc,
    0x42, 0xfc, 0x41, 0xf4, 0x41, 0xf4, 0x41, 0xfc, 0x41, 0xf4, 0x41, 0xf4,
    0x42, 0xfc, 0x42, 0xf4, 0x41, 0xfc, 0x41, 0xf4, 0x42, 0xf4, 0x41, 0xf4,
    0x41, 0xfc, 0x42, 0xf4, 0x41, 0xf4, 0x41, 0xf4, 0x41, 0xf4, 0x41, 0xf4,
    0x41, 0xfc, 0x41, 0xf4, 0x41, 0xf4, 0x41, 0xf4, 0x42, 0xf4, 0x41, 0xf4,
    0x41, 0xf4, 0x41, 0xfc, 0x42, 0xf4, 0x41, 0xfc, 0x41, 0xf4, 0x41, 0xfc,
    0x41, 0xfc, 0x41, 0xf4, 0x41, 0xf4, 0x41, 0xf4, 0x41, 0xf4, 0x41, 0xf4,
    0x41, 0xfc, 0x41, 0xf4, 0x21, 0xf4, 0x21, 0xf4, 0x41, 0xf4, 0x21, 0xfc,
    0x41, 0xf4, 0x41, 0xf4, 0x21, 0xf4, 0x22, 0xfc, 0x21, 0xfc, 0x21, 0xf4,
    0x22, 0xfc, 0x21, 0xf4, 0x41, 0xf4, 0x21, 0xfc, 0x21, 0xf4, 0x22, 0xf4,
    0x21, 0xf4, 0x21, 0xf4, 0x22, 0xf4, 0x41, 0xf4, 0x41, 0xf4, 0x21, 0xfc,
    0x21, 0xf4, 0x22, 0xfc, 0x41, 0xfc, 0x41, 0xf4, 0x42, 0xf4, 0x41, 0xf4,
    0x41, 0xf4, 0x41, 0xfc, 0x42, 0xf4, 0x41, 0xfc, 0x41, 0xf4, 0x41, 0xf4,
    0x41, 0xfc, 0x42, 0xf4, 0x41, 0xf4, 0x61, 0xf4, 0x41, 0xf4, 0x42, 0xf4,
    0x41, 0xf4, 0x41, 0xf4, 0x62, 0xf4, 0x42, 0xf4, 0x42, 0xf4, 0x61, 0xf4,
    0x61, 0xf4, 0x42, 0xf4, 0x41, 0xf4, 0x41, 0xf4, 0x41, 0xf4, 0x41, 0xf4,
    0x41, 0xf4, 0x42, 0xf4, 0x41, 0xfc, 0x41, 0xf4, 0x42, 0xfc, 0x41, 0xfc,
    0x41, 0xf4, 0x41, 0xf4, 0x42, 0xf4, 0x42, 0xfc, 0x41, 0xf4, 0x41, 0xf4,
    0x41, 0xfc, 0x41, 0xf4, 0x21, 0xf4, 0x41, 0xf4, 0x41, 0xfc, 0x41, 0xfc,
    0x42, 0xf4, 0x41, 0xfc, 0x41, 0xfc, 0x41, 0xf4, 0x42, 0xfc, 0x41, 0xfc,
    0x41, 0xf4, 0x41, 0xfc, 0x41, 0xfc, 0x41, 0xfc, 0x41, 0xf4, 0x42, 0xf4,
    0x42, 0xfc, 0x41, 0xfc, 0x61, 0xf4, 0x42, 0xfc, 0x41, 0xfc, 0x61, 0xf4,
    0x42, 0xfc, 0x41, 0xf4, 0x42, 0xf4, 0x41, 0xfc, 0x41, 0xf4, 0x41, 0xfc,
    0x62, 0xfc, 0x41, 0xf4, 0x42, 0xfc, 0x42, 0xf4, 0x41, 0xf4, 0x41, 0xfc,
    0x21, 0xf4, 0x41, 0xf4, 0x41, 0xf4, 0x41, 0xf4, 0x42, 0xfc, 0x41, 0xf4,
    0x42, 0xf4, 0x42, 0xfc, 0x41, 0xf4, 0x41, 0xf4, 0x41, 0xfc, 0x42, 0xf4,
    0x41, 0xf4, 0x41, 0xfc, 0x41, 0xf4, 0x42, 0xf4, 0x41, 0xf4, 0x61, 0xfc,
    0x42, 0xf4, 0x42, 0xf4, 0x41, 0xf4, 0x42, 0xf4, 0x42, 0xfc, 0x41, 0xf4,
    0x41, 0xf4, 0x62, 0xf4, 0x41, 0xfc, 0x41, 0xf4, 0x42, 0xf4, 0x41, 0xf4,
    0x61, 0xf4, 0x42, 0xfc, 0x41, 0xfc, 0x41, 0xf4, 0x42, 0xfc, 0x41, 0xf4,
    0x41, 0xfc, 0x42, 0xf4, 0x41, 0xf4, 0x42, 0xfc, 0x42, 0xfc, 0x41, 0xf4,
    0x41, 0xf4, 0x42, 0xf4, 0x41, 0xfc, 0x42, 0xf4, 0x41, 0xfc, 0x41, 0xfc,
    0x22, 0xf4, 0x42, 0xf4, 0x42, 0xf4, 0x42, 0xfc, 0x42, 0xfc, 0x41, 0xf4,
    0x41, 0xfc, 0x42, 0xfc, 0x41, 0xf4, 0x41, 0xfc, 0x41, 0xf4, 0x41, 0xf4,
    0x42, 0xfc, 0x42, 0xf4, 0x41, 0xfc, 0x42, 0xfc, 0x21, 0xf4, 0x21, 0xf4,
    0x41, 0xf4, 0x21, 0xf4, 0x21, 0xf4, 0x42, 0xf4, 0x41, 0xf4, 0x21, 0xf4,
    0x41, 0xf4, 0x62, 0xfc, 0x62, 0xf4, 0x62, 0xfc, 0x61, 0xfc, 0x61, 0xf4,
    0x62, 0xf4, 0x41, 0xfc, 0x41, 0xf4, 0x41, 0xf4, 0x42, 0xfc, 0x21, 0xf4,
    0x41, 0xfc, 0x42, 0xfc, 0x21, 0xf4, 0x21, 0xf4, 0x21, 0xf4, 0x21, 0xf4,
    0x21, 0xfc, 0x22, 0xf4, 0x21, 0xf4, 0x01, 0xf4, 0x01, 0xf4, 0x01, 0xf4,
    0x21, 0xf4, 0x21, 0xf4, 0x22, 0xfc, 0x21, 0xfc, 0x42, 0xf4, 0x41, 0xf4,
    0x21, 0xfc, 0x42, 0xfc, 0x21, 0xf4, 0x22, 0xf4, 0x22, 0xfc, 0x21, 0xf4,
    0x42, 0xfc, 0x42, 0xfc, 0x21, 0xf4, 0x41, 0xfc, 0x22, 0xfc, 0x41, 0xfc,
    0x41, 0xf4, 0x42, 0xfc, 0x41, 0xfc, 0x42, 0xf4, 0x41, 0xf4, 0x41, 0xfc,
    0x42, 0xf4, 0x41, 0xf4, 0x41, 0xf4, 0x42, 0xfc, 0x41, 0xf4, 0x41, 0xf4,
    0x41, 0xf4, 0x41, 0xfc, 0x42, 0xf4, 0x62, 0xfc, 0x41, 0xf4, 0x62, 0xfc,
    0x62, 0xfc, 0x41, 0xf4, 0x41, 0xfc, 0x41, 0xfc, 0x41, 0xf4, 0x41, 0xfc,
    0x42, 0xfc, 0x62, 0xf4, 0x41, 0xf4, 0x41, 0xfc, 0x42, 0xfc, 0x62, 0xfc,
    0x41, 0xf4, 0x42, 0xf4, 0x42, 0xfc, 0x42, 0xfc, 0x41, 0xfc, 0x41, 0xf4,
    0x41, 0xf4, 0x41, 0xf4, 0x41, 0xfc, 0x41, 0xf4, 0x42, 0xf4, 0x41, 0xfc,
    0x41, 0xf4, 0x42, 0xf4, 0x41, 0xfc, 0x42, 0xf4, 0x41, 0xf4, 0x41, 0xf4,
    0x41, 0xf4, 0x41, 0xfc, 0x42, 0xf4, 0x41, 0xfc, 0x41, 0xfc, 0x41, 0xf4,
    0x41, 0xf4, 0x41, 0xfc, 0x21, 0xf4, 0x21, 0xf4, 0x21, 0xfc, 0x21, 0xfc,
    0x21, 0xfc, 0x21, 0xfc, 0x21, 0xf4, 0x22, 0xfc, 0x21, 0xf4, 0x22, 0xf4,
    0x41, 0xf4, 0x41, 0xf4, 0x41, 0xf4, 0x42, 0xfc, 0x41, 0xf4, 0x41, 0xf4,
    0x42, 0xfc, 0x41, 0xf4, 0x41, 0xf4, 0x41, 0xfc, 0x41, 0xf4, 0x42, 0xfc,
    0x41, 0xfc, 0x41, 0xf4, 0x42, 0xf4, 0x41, 0xfc, 0x41, 0xfc, 0x42, 0xfc,
    0x41, 0xf4, 0x41, 0xf4, 0x42, 0xfc, 0x42, 0xf4, 0x41, 0xf4, 0x41, 0xfc,
    0x41, 0xf4, 0x41, 0xf4, 0x41, 0xf4, 0x41, 0xf4, 0x41, 0xf4, 0x41, 0xf4,
    0x41, 0xf4, 0x41, 0xf4, 0x42, 0xfc, 0x41, 0xf4, 0x41, 0xfc, 0x42, 0xfc,
    0x41, 0xf4, 0x21, 0xf4, 0x42, 0xfc, 0x41, 0xf4, 0x41, 0xf4, 0x41, 0xfc,
    0x41, 0xf4, 0x41, 0xf4, 0x41, 0xfc, 0x41, 0xf4, 0x42, 0xf4, 0x42, 0xf4,
    0x21, 0xf4, 0x42, 0xfc, 0x41, 0xf4, 0x21, 0xf4, 0x42, 0xfc, 0x42, 0xfc,
    0x22, 0xfc, 0x21, 0xfc, 0x41, 0xf4, 0x42, 0xfc, 0x21, 0xfc, 0x41, 0xf4,
    0x21, 0xf4, 0x21, 0xf4, 0x21, 0xf4, 0x41, 0xf4, 0x41, 0xfc, 0x42, 0xf4,
    0x41, 0xf4, 0x41, 0xf4, 0x41, 0xf4, 0x41, 0xf4, 0x41, 0xfc, 0x41, 0xf4,
    0x41, 0xfc, 0x41, 0xf4, 0x41, 0xfc, 0x41, 0xfc, 0x41, 0xf4, 0x41, 0xf4,
    0x62, 0xfc, 0x41, 0xf4, 0x41, 0xf4, 0x41, 0xfc, 0x41, 0xf4, 0x41, 0xf4,
    0x42, 0xfc, 0x61, 0xfc, 0x41, 0xf4, 0x61, 0xf4, 0x41, 0xf4, 0x41, 0xf4,
    0x41, 0xfc, 0x41, 0xf4, 0x41, 0xf4, 0x41, 0xfc, 0x42, 0xf4, 0x41, 0xf4,
    0x42, 0xfc, 0x42, 0xf4, 0x41, 0xfc, 0x42, 0xfc, 0x41, 0xf4, 0x42, 0xfc,
    0x42, 0xfc, 0x41, 0xf4, 0x41, 0xf4, 0x42, 0xfc, 0x21, 0xf4, 0x41, 0xf4,
    0x42, 0xfc, 0x41, 0xfc, 0x21, 0xf4, 0x41, 0xf4, 0x41, 0xfc, 0x42, 0xfc,
    0x42, 0xfc, 0x41, 0xfc, 0x41, 0xf4, 0x22, 0xf4, 0x42, 0xfc, 0x41, 0xf4,
    0x41, 0xf4, 0x42, 0xfc, 0x41, 0xf4, 0x61, 0xf4, 0x41, 0xfc, 0x42, 0xf4,
    0x41, 0xfc, 0x61, 0xfc, 0x42, 0xfc, 0x41, 0xf4, 0x41, 0xfc, 0x42, 0xfc,
    0x41, 0xf4, 0x41, 0xf4, 0x61, 0xfc, 0x41, 0xfc, 0x42, 0xf4, 0x41, 0xf4,
    0x41, 0xf4, 0x41, 0xf4, 0x41, 0xf4, 0x41, 0xfc, 0x41, 0xf4, 0x41, 0xf4,
    0x41, 0xfc, 0x41, 0xf4, 0x42, 0xf4, 0x41, 0xf4, 0x41, 0xf4, 0x41, 0xfc,
    0x41, 0xfc, 0x42, 0xf4, 0x42, 0xfc, 0x41, 0xf4, 0x41, 0xfc, 0x62, 0xfc,
    0x62, 0xf4, 0x61, 0xfc, 0x62, 0xfc, 0x62, 0xfc, 0x41, 0xfc, 0x42, 0xfc,
    0x62, 0xfc, 0x61, 0xfc, 0x62, 0xf4, 0x62, 0xfc, 0x61, 0xf4, 0x41, 0xfc,
    0x61, 0xfc, 0x61, 0xf4, 0x42, 0xfc, 0x42, 0xf4, 0x41, 0xf4, 0x42, 0xfc,
    0x42, 0xf4, 0x42, 0xfc, 0x41, 0xf4, 0x42, 0xfc, 0x41, 0xfc, 0x62, 0xf4,
    0x42, 0xfc, 0x61, 0xf4, 0x41, 0xf4, 0x41, 0xfc, 0x42, 0xf4, 0x42, 0xf4,
    0x41, 0xf4, 0x41, 0xfc, 0x41, 0xfc, 0x41, 0xf4, 0x41, 0xf4, 0x41, 0xfc,
    0x42, 0xf4, 0x41, 0xf4, 0x41, 0xf4, 0x41, 0xf4, 0x41, 0xf4, 0x42, 0xfc,
    0x41, 0xf4, 0x42, 0xf4, 0x41, 0xfc, 0x42, 0xf4, 0x41, 0xf4, 0x41, 0xf4,
    0x22, 0xf4, 0x41, 0xf4, 0x42, 0xf4, 0x21, 0xf4, 0x41, 0xf4, 0x42, 0xf4,
    0x42, 0xf4, 0x41, 0xf4, 0x41, 0xfc, 0x42, 0xf4, 0x41, 0xf4, 0x61, 0xf4,
    0x81, 0xfc, 0x61, 0xfc, 0x61, 0xf4, 0x42, 0xfc, 0x41, 0xf4, 0x41, 0xfc,
    0x41, 0xf4, 0x21, 0xf4, 0x21, 0xf4, 0x42, 0xf4, 0x21, 0xfc, 0x22, 0xfc,
    0x21, 0xf4, 0x21, 0xf4, 0x21, 0xf4, 0x21, 0xfc, 0x22, 0xf4, 0x22, 0xfc,
    0x21, 0xf4, 0x21, 0xf4, 0x21, 0xfc, 0x22, 0xf4, 0x21, 0xf4, 0x21, 0xfc,
    0x42, 0xfc, 0x21, 0xf4, 0x21, 0xf4, 0x42, 0xfc, 0x21, 0xfc, 0x21, 0xf4,
    0x42, 0xfc, 0x21, 0xf4, 0x41, 0xf4, 0x42, 0xf4, 0x41, 0xfc, 0x41, 0xf4,
    0x22, 0xf4, 0x42, 0xfc, 0x42, 0xf4, 0x41, 0xf4, 0x41, 0xfc, 0x41, 0xf4,
    0x41, 0xfc, 0x41, 0xf4, 0x42, 0xfc, 0x41, 0xf4, 0x41, 0xf4, 0x41, 0xfc,
    0x41, 0xf4, 0x41, 0xf4, 0x21, 0xf4, 0x42, 0xf4, 0x61, 0xfc, 0x41, 0xf4,
    0x62, 0xf4, 0x41, 0xf4, 0x62, 0xfc, 0x42, 0xf4, 0x41, 0xf4, 0x41, 0xfc,
    0x42, 0xf4, 0x41, 0xf4, 0x62, 0xfc, 0x61, 0xf4, 0x41, 0xf4, 0x41, 0xfc,
    0x62, 0xf4, 0x41, 0xfc, 0x41, 0xf4, 0x41, 0xf4, 0x41, 0xf4, 0x42, 0xfc,
    0x61, 0xf4, 0x41, 0xfc, 0x42, 0xf4, 0x41, 0xfc, 0x41, 0xf4, 0x41, 0xf4,
    0x42, 0xfc, 0x41, 0xf4, 0x41, 0xf4, 0x62, 0xfc, 0x42, 0xf4, 0x41, 0xfc,
    0x42, 0xfc, 0x41, 0xfc, 0x41, 0xf4, 0x41, 0xf4, 0x61, 0xfc, 0x61, 0xf4,
    0x42, 0xfc, 0x42, 0xfc, 0x42, 0xf4, 0x41, 0xf4, 0x41, 0xfc, 0x21, 0xf4,
    0x41, 0xf4, 0x41, 0xfc, 0x21, 0xf4, 0x41, 0xfc, 0x41, 0xf4, 0x41, 0xf4,
    0x22, 0xfc, 0x41, 0xf4, 0x41, 0xfc, 0x41, 0xf4, 0x41, 0xf4, 0x41, 0xfc,
    0x42, 0xf4, 0x41, 0xf4, 0x41, 0xfc, 0x42, 0xf4, 0x41, 0xf4, 0x41, 0xfc,
    0x41, 0xf4, 0x41, 0xf4, 0x41, 0xfc, 0x41, 0xf4, 0x41, 0xf4, 0x41, 0xf4,
    0x41, 0xfc, 0x42, 0xf4, 0x41, 0xf4, 0x41, 0xf4, 0x41, 0xfc, 0x41, 0xf4,
    0x41, 0xfc, 0x42, 0xf4, 0x41, 0xf4, 0x41, 0xf4, 0x41, 0xf4, 0x41, 0xf4,
    0x41, 0xfc, 0x21, 0xf4, 0x41, 0xf4, 0x21, 0xf4, 0x42, 0xf4, 0x41, 0xf4,
    0x41, 0xfc, 0x42, 0xfc, 0x41, 0xf4, 0x41, 0xf4, 0x41, 0xfc, 0x41, 0xf4,
    0x41, 0xf4, 0x41, 0xfc, 0x41, 0xf4, 0x21, 0xf4, 0x41, 0xf4, 0x41, 0xf4,
    0x41, 0xfc, 0x41, 0xf4, 0x21, 0xf4, 0x42, 0xfc, 0x41, 0xf4, 0x21, 0xf4,
    0x42, 0xfc, 0x42, 0xf4, 0x41, 0xf4, 0x21, 0xfc, 0x42, 0xf4, 0x41, 0xf4,
    0x21, 0xfc, 0x22, 0xf4, 0x21, 0xf4, 0x21, 0xfc, 0x41, 0xfc, 0x41, 0xf4,
    0x42, 0xf4, 0x41, 0xfc, 0x41, 0xf4, 0x41, 0xfc, 0x21, 0xf4, 0x41, 0xf4,
    0x41, 0xf4, 0x42, 0xfc, 0x41, 0xf4, 0x42, 0xf4, 0x41, 0xf4, 0x42, 0xf4,
    0x41, 0xfc, 0x41, 0xf4, 0x41, 0xf4, 0x61, 0xf4, 0x42, 0xf4, 0x42, 0xf4,
    0x61, 0xf4, 0x41, 0xf4, 0x62, 0xfc, 0x41, 0xf4, 0x41, 0xf4, 0x42, 0xf4,
    0x41, 0xf4, 0x41, 0xfc, 0x42, 0xf4, 0x41, 0xf4, 0x41, 0xfc, 0x41, 0xf4,
    0x41, 0xf4, 0x41, 0xfc, 0x42, 0xf4, 0x41, 0xf4, 0x62, 0xfc, 0x42, 0xfc,
    0x41, 0xf4, 0x41, 0xf4, 0x42, 0xfc, 0x42, 0xfc, 0x42, 0xf4, 0x41, 0xfc,
    0x41, 0xfc, 0x42, 0xf4, 0x41, 0xfc, 0x41, 0xfc, 0x21, 0xf4, 0x41, 0xf4,
    0x41, 0xfc, 0x21, 0xf4, 0x41, 0xf4, 0x41, 0xfc, 0x21, 0xfc, 0x41, 0xfc,
    0x41, 0xf4, 0x41, 0xf4, 0x41, 0xfc, 0x42, 0xf4, 0x41, 0xfc, 0x61, 0xfc,
    0x62, 0xfc, 0x61, 0xf4, 0x61, 0xfc, 0x62, 0xfc, 0x42, 0xf4, 0x41, 0xf4,
    0x41, 0xf4, 0x41, 0xf4, 0x42, 0xf4, 0x61, 0xfc, 0x62, 0xfc, 0x41, 0xf4,
    0x41, 0xfc, 0x41, 0xfc, 0x41, 0xfc, 0x42, 0xf4, 0x42, 0xfc, 0x41, 0xfc,
    0x21, 0xf4, 0x41, 0xf4, 0x41, 0xfc, 0x41, 0xf4, 0x42, 0xf4, 0x41, 0xfc,
    0x41, 0xf4, 0x42, 0xf4, 0x41, 0xf4, 0x41, 0xf4, 0x41, 0xf4, 0x42, 0xf4,
    0x41, 0xf4, 0x62, 0xf4, 0x41, 0xf4, 0x61, 0xfc, 0x61, 0xfc, 0x41, 0xf4,
    0x61, 0xfc, 0x61, 0xf4, 0x61, 0xfc, 0x61, 0xf4, 0x62, 0xfc, 0x61, 0xfc,
    0x61, 0xf4, 0x62, 0xf4, 0x62, 0xfc, 0x61, 0xfc, 0x61, 0xfc, 0x61, 0xf4,
    0x61, 0xfc, 0x41, 0xfc, 0x62, 0xf4, 0x41, 0xfc, 0x41, 0xf4, 0x62, 0xf4,
    0x41, 0xfc, 0x41, 0xf4, 0x42, 0xfc, 0x42, 0xfc, 0x41, 0xf4, 0x41, 0xfc,
    0x42, 0xf4, 0x41, 0xf4, 0x42, 0xfc, 0x41, 0xf4, 0x41, 0xf4, 0x42, 0xf4,
    0x41, 0xfc, 0x41, 0xfc, 0x42, 0xf4, 0x41, 0xfc, 0x41, 0xfc, 0x41, 0xf4,
    0x42, 0xfc, 0x42, 0xfc, 0x41, 0xf4, 0x42, 0xfc, 0x41, 0xf4, 0x41, 0xfc,
    0x41, 0xf4, 0x41, 0xfc, 0x42, 0xf4, 0x42, 0xf4, 0x41, 0xfc, 0x42, 0xf4,
    0x41, 0xf4, 0x41, 0xf4, 0x41, 0xf4, 0x41, 0xf4, 0x41, 0xfc, 0x42, 0xfc,
    0x41, 0xf4, 0x41, 0xf4, 0x81, 0xfc, 0x61, 0xfc, 0x62, 0xfc, 0x61, 0xf4,
    0x61, 0xf4, 0x41, 0xf4, 0x42, 0xfc, 0x41, 0xf4, 0x41, 0xf4, 0x41, 0xfc,
    0x22, 0xfc, 0x41, 0xf4, 0x42, 0xfc, 0x21, 0xfc, 0x21, 0xf4, 0x21, 0xf4,
    0x22, 0xfc, 0x22, 0xf4, 0x21, 0xf4, 0x22, 0xfc, 0x22, 0xfc, 0x22, 0xf4,
    0x41, 0xf4, 0x41, 0xfc, 0x42, 0xfc, 0x42, 0xf4, 0x42, 0xfc, 0x22, 0xf4,
    0x41, 0xf4, 0x41, 0xfc, 0x22, 0xfc, 0x41, 0xf4, 0x42, 0xfc, 0x41, 0xf4,
    0x41, 0xf4, 0x42, 0xfc, 0x41, 0xfc, 0x41, 0xf4, 0x41, 0xf4, 0x41, 0xfc,
    0x41, 0xf4, 0x42, 0xfc, 0x41, 0xf4, 0x61, 0xfc, 0x42, 0xfc, 0x62, 0xf4,
    0x41, 0xf4, 0x41, 0xfc, 0x41, 0xfc, 0x41, 0xf4, 0x42, 0xf4, 0x41, 0xf4,
    0x62, 0xfc, 0x42, 0xf4, 0x62, 0xf4, 0x61, 0xfc, 0x61, 0xf4, 0x61, 0xfc,
    0x62, 0xfc, 0x42, 0xf4, 0x41, 0xf4, 0x41, 0xf4, 0x42, 0xf4, 0x41, 0xf4,
    0x61, 0xfc, 0x61, 0xf4, 0x62, 0xfc, 0x42, 0xf4, 0x41, 0xf4, 0x41, 0xfc,
    0x41, 0xf4, 0x62, 0xf4, 0x61, 0xfc, 0x42, 0xf4, 0x42, 0xfc, 0x41, 0xf4,
    0x41, 0xf4, 0x41, 0xfc, 0x41, 0xf4, 0x41, 0xfc, 0x42, 0xf4, 0x61, 0xf4,
    0x61, 0xfc, 0x61, 0xf4, 0x62, 0xfc, 0x42, 0xfc, 0x41, 0xf4, 0x41, 0xfc,
    0x61, 0xfc, 0x62, 0xf4, 0x62, 0xfc, 0x61, 0xfc, 0x62, 0xfc, 0x41, 0xf4,
    0x42, 0xfc, 0x42, 0xf4, 0x41, 0xfc, 0x22, 0xf4, 0x42, 0xf4, 0x41, 0xf4,
    0x41, 0xf4, 0x21, 0xf4, 0x42, 0xf4, 0x41, 0xfc, 0x41, 0xf4, 0x42, 0xfc,
    0x41, 0xf4, 0x41, 0xfc, 0x41, 0xfc, 0x42, 0xf4, 0x41, 0xfc, 0x41, 0xfc,
    0x41, 0xf4, 0x61, 0xf4, 0x41, 0xfc, 0x41, 0xf4, 0x62, 0xfc, 0x42, 0xf4,
    0x42, 0xfc, 0x41, 0xf4, 0x42, 0xf4, 0x41, 0xf4, 0x41, 0xf4, 0x41, 0xfc,
    0x41, 0xf4, 0x42, 0xf4, 0x41, 0xf4, 0x42, 0xf4, 0x62, 0xf4, 0x61, 0xf4,
    0x42, 0xfc, 0x41, 0xfc, 0x42, 0xf4, 0x41, 0xfc, 0x41, 0xf4, 0x41, 0xf4,
    0x41, 0xfc, 0x42, 0xf4, 0x41, 0xf4, 0x41, 0xfc, 0x62, 0xf4, 0x42, 0xfc,
    0x41, 0xf4, 0x41, 0xf4, 0x41, 0xf4, 0x22, 0xf4, 0x42, 0xfc, 0x42, 0xfc,
    0x41, 0xfc, 0x41, 0xf4, 0x42, 0xfc, 0x42, 0xf4, 0x41, 0xfc, 0x41, 0xf4,
    0x42, 0xf4, 0x41, 0xf4, 0x41, 0xf4, 0x41, 0xf4, 0x41, 0xfc, 0x41, 0xf4,
    0x42, 0xfc, 0x41, 0xf4, 0x41, 0xfc, 0x41, 0xf4, 0x41, 0xf4, 0x42, 0xfc,
    0x41, 0xfc, 0x62, 0xf4, 0x41, 0xfc, 0x62, 0xfc, 0x41, 0xf4, 0x41, 0xfc,
    0x42, 0xfc, 0x41, 0xfc, 0x41, 0xfc, 0x42, 0xf4, 0x41, 0xfc, 0x41, 0xf4,
    0x41, 0xf4, 0x41, 0xf4, 0x42, 0xfc, 0x41, 0xf4, 0x61, 0xfc, 0x62, 0xf4,
    0x62, 0xf4, 0x61, 0xfc, 0x62, 0xfc, 0x61, 0xf4, 0x61, 0xf4, 0x61, 0xf4,
    0x41, 0xf4, 0x42, 0xf4, 0x41, 0xf4, 0x41, 0xf4, 0x41, 0xfc, 0x41, 0xf4,
    0x41, 0xfc, 0x41, 0xf4, 0x41, 0xf4, 0x61, 0xfc, 0x61, 0xfc, 0x61, 0xf4,
    0x62, 0xfc, 0x62, 0xfc, 0x61, 0xfc, 0x61, 0xfc, 0x61, 0xf4, 0x62, 0xf4,
    0x41, 0xfc, 0x41, 0xf4, 0x42, 0xf4, 0x41, 0xfc, 0x41, 0xfc, 0x41, 0xfc,
    0x42, 0xf4, 0x21, 0xfc, 0x41, 0xfc, 0x42, 0xf4, 0x41, 0xfc, 0x42, 0xfc,
    0x41, 0xfc, 0x41, 0xf4, 0x42, 0xfc, 0x42, 0xf4, 0x41, 0xfc, 0x42, 0xf4,
    0x62, 0xfc, 0x41, 0xfc, 0x62, 0xfc, 0x41, 0xfc, 0x61, 0xfc, 0x41, 0xfc,
    0x42, 0xf4, 0x41, 0xf4, 0x41, 0xfc, 0x42, 0xfc, 0x41, 0xfc, 0x62, 0xf4,
    0x61, 0xf4, 0x41, 0xf4, 0x42, 0xf4, 0x42, 0xf4, 0x61, 0xfc, 0x42, 0xfc,
    0x41, 0xf4, 0x42, 0xf4, 0x42, 0xf4, 0x41, 0xfc, 0x42, 0xf4, 0x41, 0xf4,
    0x41, 0xf4, 0x41, 0xf4, 0x41, 0xf4, 0x41, 0xf4, 0x42, 0xfc, 0x41, 0xfc,
    0x41, 0xf4, 0x41, 0xfc, 0x42, 0xfc, 0x41, 0xf4, 0x62, 0xfc, 0x61, 0xfc,
    0x62, 0xf4, 0x62, 0xfc, 0x62, 0xfc, 0x62, 0xfc, 0x61, 0xf4, 0x61, 0xfc,
    0x62, 0xfc, 0x62, 0xf4, 0x61, 0xfc, 0x61, 0xf4, 0x62, 0xfc, 0x61, 0xfc,
    0x62, 0xfc, 0x62, 0xf4, 0x61, 0xfc, 0x61, 0xf4, 0x41, 0xf4, 0x42, 0xfc,
    0x41, 0xf4, 0x62, 0xf4, 0x62, 0xfc, 0x41, 0xf4, 0x41, 0xf4, 0x62, 0xf4,
    0x41, 0xf4, 0x42, 0xf4, 0x41, 0xf4, 0x41, 0xfc, 0x42, 0xf4, 0x41, 0xf4,
    0x42, 0xf4, 0x62, 0xfc, 0x61, 0xfc, 0x61, 0xf4, 0x42, 0xf4, 0x62, 0xfc,
    0x42, 0xfc, 0x41, 0xf4, 0x41, 0xfc, 0x61, 0xf4, 0x41, 0xfc, 0x42, 0xfc,
    0x41, 0xf4, 0x41, 0xf4, 0x41, 0xfc, 0x41, 0xf4, 0x41, 0xfc, 0x41, 0xf4,
    0x41, 0xfc, 0x41, 0xfc, 0x42, 0xf4, 0x61, 0xfc, 0x61, 0xf4, 0x61, 0xf4,
    0x62, 0xf4, 0x62, 0xfc, 0x41, 0xf4, 0x62, 0xf4, 0x81, 0xc3, 0x81, 0xfc,
    0x82, 0xfc, 0x62, 0xfc, 0x62, 0xf4, 0x62, 0xfc, 0x61, 0xfc, 0x41, 0xf4,
    0x41, 0xfc, 0x41, 0xf4, 0x42, 0xf4, 0x41, 0xf4, 0x41, 0xf4, 0x41, 0xfc,
    0x41, 0xf4, 0x41, 0xf4, 0x41, 0xfc, 0x41, 0xf4, 0x41, 0xf4, 0x41, 0xfc,
    0x41, 0xf4, 0x41, 0xf4, 0x42, 0xfc, 0x41, 0xf4, 0x41, 0xf4, 0x41, 0xf4,
    0x41, 0xfc, 0x41, 0xf4, 0x41, 0xf4, 0x42, 0xf4, 0x42, 0xf4, 0x41, 0xf4,
    0x42, 0xfc, 0x61, 0xfc, 0x61, 0xf4, 0x62, 0xfc, 0x61, 0xfc, 0x62, 0xfc,
    0x62, 0xf4, 0x62, 0xfc, 0x62, 0xfc, 0x62, 0xf4, 0x62, 0xf4, 0x61, 0xfc,
    0x62, 0xfc, 0x61, 0xfc, 0x61, 0xf4, 0x62, 0xf4, 0x42, 0xfc, 0x41, 0xf4,
    0x41, 0xf4, 0x61, 0xf4, 0x62, 0xf4, 0x62, 0xf4, 0x62, 0xfc, 0x62, 0xf4,
    0x62, 0xfc, 0x61, 0xfc, 0x62, 0xfc, 0x62, 0xf4, 0x41, 0xf4, 0x61, 0xfc,
    0x42, 0xfc, 0x62, 0xf4, 0x41, 0xfc, 0x62, 0xfc, 0x61, 0xfc, 0x61, 0xf4,
    0x62, 0xfc, 0x62, 0xfc, 0x62, 0xf4, 0x62, 0xfc, 0x61, 0xfc, 0x62, 0xf4,
    0x62, 0xfc, 0x61, 0xf4, 0x42, 0xf4, 0x61, 0xf4, 0x41, 0xfc, 0x42, 0xf4,
    0x62, 0xfc, 0x61, 0xf4, 0x61, 0xfc, 0x61, 0xfc, 0x61, 0xfc, 0x61, 0xfc,
    0x62, 0xfc, 0x62, 0xfc, 0x61, 0xf4, 0x61, 0xfc, 0x62, 0xf4, 0x61, 0xfc,
    0x61, 0xfc, 0x61, 0xfc, 0x41, 0xf4, 0x41, 0xfc, 0x41, 0xfc, 0x42, 0xfc,
    0x41, 0xfc, 0x41, 0xf4, 0x42, 0xfc, 0x42, 0xfc, 0x41, 0xf4, 0x41, 0xf4,
    0x42, 0xf4, 0x62, 0xfc, 0x62, 0xfc, 0x61, 0xfc, 0x41, 0xfc, 0x61, 0xfc,
    0x61, 0xfc, 0x62, 0xfc, 0x62, 0xf4, 0x61, 0xfc, 0x61, 0xfc, 0x61, 0xf4,
    0x62, 0xfc, 0x62, 0xfc, 0x62, 0xfc, 0x61, 0xfc, 0x62, 0xfc, 0x62, 0xf4,
    0x61, 0xfc, 0x62, 0xfc, 0x42, 0xf4, 0x61, 0xfc, 0x62, 0xfc, 0x61, 0xfc,
    0x62, 0xfc, 0x62, 0xfc, 0x62, 0xfc, 0x61, 0xf4, 0x62, 0xfc, 0x62, 0xfc,
    0x42, 0xf4, 0x62, 0xf4, 0x62, 0xfc, 0x41, 0xfc, 0x61, 0xf4, 0x61, 0xfc,
    0x62, 0xfc, 0x61, 0xfc, 0x41, 0xfc, 0x41, 0xf4, 0x41, 0xfc, 0x41, 0xf4,
    0x41, 0xf4, 0x62, 0xf4, 0x42, 0xfc, 0x42, 0xfc, 0x42, 0xf4, 0x62, 0xfc,
    0x62, 0xfc, 0x62, 0xf4, 0x61, 0xfc, 0x61, 0xfc, 0x42, 0xfc, 0x42, 0xf4,
    0x42, 0xfc, 0x41, 0xf4, 0x61, 0xfc, 0x61, 0xfc, 0x62, 0xfc, 0x61, 0xfc,
    0x41, 0xf4, 0x41, 0xf4, 0x62, 0xfc, 0x61, 0xfc, 0x62, 0xf4, 0x62, 0xfc,
    0x62, 0xfc, 0x61, 0xfc, 0x62, 0xf4, 0x61, 0xfc, 0x62, 0xfc, 0x61, 0xfc,
    0x61, 0xf4, 0x62, 0xfc, 0x61, 0xfc, 0x61, 0xf4, 0x61, 0xf4, 0x62, 0xf4,
    0x61, 0xfc, 0x61, 0xf4, 0x62, 0xfc, 0x61, 0xf4, 0x62, 0xfc, 0x62, 0xf4,
    0x62, 0xf4, 0x62, 0xfc, 0x62, 0xfc, 0x61, 0xfc, 0x62, 0xf4, 0x41, 0xf4,
    0x41, 0xfc, 0x41, 0xfc, 0x61, 0xfc, 0x61, 0xfc, 0x61, 0xfc, 0x61, 0xf4,
    0x61, 0xfc, 0x61, 0xfc, 0x61, 0xfc, 0x61, 0xfc, 0x62, 0xfc, 0x62, 0xfc,
    0x61, 0xfc, 0x42, 0xfc, 0x41, 0xf4, 0x61, 0xfc, 0x62, 0xfc, 0x61, 0xf4,
    0x62, 0xf4, 0x42, 0xf4, 0x61, 0xfc, 0x41, 0xf4, 0x41, 0xfc, 0x62, 0xfc,
    0x42, 0xf4, 0x42, 0xf4, 0x62, 0xfc, 0x41, 0xf4, 0x41, 0xf4, 0x61, 0xfc,
    0x61, 0xfc, 0x62, 0xfc, 0x62, 0xfc, 0x61, 0xf4, 0x61, 0xfc, 0x62, 0xf4,
    0x61, 0xfc, 0x41, 0xf4, 0x61, 0xfc, 0x41, 0xf4, 0x62, 0xf4, 0x42, 0xfc,
    0x62, 0xfc, 0x62, 0xf4, 0x42, 0xfc, 0x61, 0xfc, 0x61, 0xfc, 0x62, 0xf4,
    0x62, 0xfc, 0x62, 0xfc, 0x61, 0xfc, 0x61, 0xf4, 0x62, 0xfc, 0x42, 0xf4,
    0x41, 0xf4, 0x42, 0xf4, 0x41, 0xf4, 0x41, 0xf4, 0x61, 0xf4, 0x41, 0xf4,
    0x62, 0xf4, 0x61, 0xf4, 0x62, 0xfc, 0x62, 0xf4, 0x61, 0xf4, 0x41, 0xf4,
    0x62, 0xfc, 0x61, 0xf4, 0x62, 0xfc, 0x61, 0xf4, 0x62, 0xfc, 0x62, 0xfc,
    0x82, 0xfc, 0x62, 0xfc, 0x82, 0xfc, 0x82, 0xfc, 0x61, 0xfc, 0x61, 0xfc,
    0x82, 0xf4, 0x82, 0xfc, 0x62, 0xfc, 0x61, 0xf4, 0x62, 0xf4, 0x61, 0xfc,
    0x62, 0xfc, 0x61, 0xf4, 0x61, 0xfc, 0x61, 0xf4, 0x61, 0xfc, 0x62, 0xfc,
    0x61, 0xfc, 0x61, 0xfc, 0x62, 0xf4, 0x41, 0xf4, 0x42, 0xfc, 0x42, 0xf4,
    0x61, 0xf4, 0x41, 0xfc, 0x42, 0xf4, 0x61, 0xfc, 0x61, 0xf4, 0x62, 0xfc,
    0x62, 0xfc, 0x62, 0xf4, 0x61, 0xfc, 0x62, 0xfc, 0x42, 0xf4, 0x62, 0xf4,
    0x62, 0xfc, 0x61, 0xfc, 0x41, 0xfc, 0x42, 0xf4, 0x41, 0xfc, 0x42, 0xfc,
    0x41, 0xf4, 0x41, 0xfc, 0x62, 0xfc, 0x41, 0xf4, 0x42, 0xfc, 0x61, 0xfc,
    0x61, 0xfc, 0x62, 0xf4, 0x61, 0xfc, 0x61, 0xfc, 0x62, 0xfc, 0x81, 0xc3
};
