// 4.26.0 0x039b5f20 D2 AY R0 FARGB8888 U565 N0 SExtFlashSection
// Generated by imageconverter. Please, do not edit!

#include <touchgfx/hal/Config.hpp>

LOCATION_PRAGMA("ExtFlashSection")
KEEP extern const unsigned char image_yinjiu[] LOCATION_ATTRIBUTE("ExtFlashSection") = { // 100x100 ARGB8888 pixels.
    0x00, 0x00, 0x00, 0x00, 0x00, 0x00, 0x00, 0x00, 0x00, 0x00, 0x00, 0x00,
    0x00, 0x00, 0x00, 0x00, 0x00, 0x00, 0x00, 0x00, 0x00, 0x00, 0x00, 0x00,
    0x00, 0x00, 0x00, 0x00, 0x00, 0x00, 0x00, 0x00, 0x00, 0x00, 0x00, 0x00,
    0x00, 0x00, 0x00, 0x00, 0x00, 0x00, 0x00, 0x00, 0x00, 0x00, 0x00, 0x00,
    0x00, 0x00, 0x00, 0x00, 0x00, 0x00, 0x00, 0x00, 0x00, 0x00, 0x00, 0x00,
    0x00, 0x00, 0x00, 0x00, 0x00, 0x00, 0x00, 0x00, 0x00, 0x00, 0x00, 0x00,
    0x00, 0x00, 0x00, 0x00, 0x00, 0x00, 0x00, 0x00, 0x00, 0x00, 0x00, 0x00,
    0x00, 0x00, 0x00, 0x00, 0x00, 0x00, 0x00, 0x00, 0x00, 0x00, 0x00, 0x00,
    0x00, 0x00, 0x00, 0x00, 0x00, 0x00, 0x00, 0x00, 0x00, 0x00, 0x00, 0x00,
    0x00, 0x00, 0x00, 0x00, 0x00, 0x00, 0x00, 0x00, 0x00, 0x00, 0x00, 0x00,
    0x00, 0x00, 0x00, 0x00, 0x00, 0x00, 0x00, 0x00, 0x00, 0x00, 0x00, 0x00,
    0x00, 0x00, 0x00, 0x00, 0x00, 0x00, 0x00, 0x00, 0x00, 0x00, 0x00, 0x00,
    0x00, 0x00, 0x00, 0x00, 0x00, 0x00, 0x00, 0x00, 0x00, 0x00, 0x00, 0x00,
    0x00, 0x00, 0x00, 0x00, 0x08, 0x08, 0xf8, 0x1c, 0x08, 0x0c, 0xf8, 0x49,
    0x08, 0x08, 0xf8, 0x71, 0x08, 0x08, 0xf8, 0x92, 0x08, 0x08, 0xf8, 0xb2,
    0x08, 0x08, 0xf8, 0xcb, 0x08, 0x08, 0xf8, 0xdf, 0x08, 0x08, 0xf8, 0xff,
    0x08, 0x08, 0xf8, 0xff, 0x08, 0x08, 0xf8, 0xff, 0x08, 0x08, 0xf8, 0xff,
    0x08, 0x08, 0xf8, 0xff, 0x08, 0x08, 0xf8, 0xff, 0x08, 0x08, 0xf8, 0xdf,
    0x08, 0x08, 0xf8, 0xcb, 0x08, 0x08, 0xf8, 0xb2, 0x08, 0x08, 0xf8, 0x92,
    0x08, 0x08, 0xf8, 0x71, 0x08, 0x0c, 0xf8, 0x49, 0x08, 0x08, 0xf8, 0x1c,
    0x00, 0x00, 0x00, 0x00, 0x00, 0x00, 0x00, 0x00, 0x00, 0x00, 0x00, 0x00,
    0x00, 0x00, 0x00, 0x00, 0x00, 0x00, 0x00, 0x00, 0x00, 0x00, 0x00, 0x00,
    0x00, 0x00, 0x00, 0x00, 0x00, 0x00, 0x00, 0x00, 0x00, 0x00, 0x00, 0x00,
    0x00, 0x00, 0x00, 0x00, 0x00, 0x00, 0x00, 0x00, 0x00, 0x00, 0x00, 0x00,
    0x00, 0x00, 0x00, 0x00, 0x00, 0x00, 0x00, 0x00, 0x00, 0x00, 0x00, 0x00,
    0x00, 0x00, 0x00, 0x00, 0x00, 0x00, 0x00, 0x00, 0x00, 0x00, 0x00, 0x00,
    0x00, 0x00, 0x00, 0x00, 0x00, 0x00, 0x00, 0x00, 0x00, 0x00, 0x00, 0x00,
    0x00, 0x00, 0x00, 0x00, 0x00, 0x00, 0x00, 0x00, 0x00, 0x00, 0x00, 0x00,
    0x00, 0x00, 0x00, 0x00, 0x00, 0x00, 0x00, 0x00, 0x00, 0x00, 0x00, 0x00,
    0x00, 0x00, 0x00, 0x00, 0x00, 0x00, 0x00, 0x00, 0x00, 0x00, 0x00, 0x00,
    0x00, 0x00, 0x00, 0x00, 0x00, 0x00, 0x00, 0x00, 0x00, 0x00, 0x00, 0x00,
    0x00, 0x00, 0x00, 0x00, 0x00, 0x00, 0x00, 0x00, 0x00, 0x00, 0x00, 0x00,
    0x00, 0x00, 0x00, 0x00, 0x00, 0x00, 0x00, 0x00, 0x00, 0x00, 0x00, 0x00,
    0x00, 0x00, 0x00, 0x00, 0x00, 0x00, 0x00, 0x00, 0x00, 0x00, 0x00, 0x00,
    0x00, 0x00, 0x00, 0x00, 0x00, 0x00, 0x00, 0x00, 0x00, 0x00, 0x00, 0x00,
    0x00, 0x00, 0x00, 0x00, 0x00, 0x00, 0x00, 0x00, 0x00, 0x00, 0x00, 0x00,
    0x00, 0x00, 0x00, 0x00, 0x00, 0x00, 0x00, 0x00, 0x00, 0x00, 0x00, 0x00,
    0x00, 0x00, 0x00, 0x00, 0x00, 0x00, 0x00, 0x00, 0x00, 0x00, 0x00, 0x00,
    0x00, 0x00, 0x00, 0x00, 0x00, 0x00, 0x00, 0x00, 0x00, 0x00, 0x00, 0x00,
    0x00, 0x00, 0x00, 0x00, 0x00, 0x00, 0x00, 0x00, 0x00, 0x00, 0x00, 0x00,
    0x00, 0x00, 0x00, 0x00, 0x00, 0x00, 0x00, 0x00, 0x00, 0x00, 0x00, 0x00,
    0x00, 0x00, 0x00, 0x00, 0x00, 0x00, 0x00, 0x00, 0x00, 0x00, 0x00, 0x00,
    0x00, 0x00, 0x00, 0x00, 0x00, 0x00, 0x00, 0x00, 0x00, 0x00, 0x00, 0x00,
    0x00, 0x00, 0x00, 0x00, 0x00, 0x00, 0x00, 0x00, 0x00, 0x00, 0x00, 0x00,
    0x00, 0x00, 0x00, 0x00, 0x00, 0x00, 0x00, 0x00, 0x00, 0x00, 0x00, 0x00,
    0x00, 0x00, 0x00, 0x00, 0x08, 0x04, 0xf8, 0x28, 0x10, 0x08, 0xf8, 0x6d,
    0x08, 0x08, 0xf8, 0xaa, 0x08, 0x08, 0xf8, 0xe3, 0x08, 0x08, 0xf8, 0xff,
    0x10, 0x08, 0xf8, 0xff, 0x08, 0x08, 0xf8, 0xff, 0x10, 0x08, 0xf8, 0xff,
    0x10, 0x08, 0xf8, 0xff, 0x08, 0x08, 0xf8, 0xff, 0x10, 0x08, 0xf8, 0xff,
    0x10, 0x08, 0xf8, 0xff, 0x08, 0x08, 0xf8, 0xff, 0x10, 0x08, 0xf8, 0xff,
    0x10, 0x08, 0xf8, 0xff, 0x08, 0x08, 0xf8, 0xff, 0x10, 0x08, 0xf8, 0xff,
    0x10, 0x08, 0xf8, 0xff, 0x08, 0x08, 0xf8, 0xff, 0x10, 0x08, 0xf8, 0xff,
    0x10, 0x08, 0xf8, 0xff, 0x08, 0x08, 0xf8, 0xff, 0x10, 0x08, 0xf8, 0xff,
    0x08, 0x08, 0xf8, 0xff, 0x08, 0x08, 0xf8, 0xe3, 0x08, 0x08, 0xf8, 0xaa,
    0x10, 0x08, 0xf8, 0x6d, 0x08, 0x04, 0xf8, 0x28, 0x00, 0x00, 0x00, 0x00,
    0x00, 0x00, 0x00, 0x00, 0x00, 0x00, 0x00, 0x00, 0x00, 0x00, 0x00, 0x00,
    0x00, 0x00, 0x00, 0x00, 0x00, 0x00, 0x00, 0x00, 0x00, 0x00, 0x00, 0x00,
    0x00, 0x00, 0x00, 0x00, 0x00, 0x00, 0x00, 0x00, 0x00, 0x00, 0x00, 0x00,
    0x00, 0x00, 0x00, 0x00, 0x00, 0x00, 0x00, 0x00, 0x00, 0x00, 0x00, 0x00,
    0x00, 0x00, 0x00, 0x00, 0x00, 0x00, 0x00, 0x00, 0x00, 0x00, 0x00, 0x00,
    0x00, 0x00, 0x00, 0x00, 0x00, 0x00, 0x00, 0x00, 0x00, 0x00, 0x00, 0x00,
    0x00, 0x00, 0x00, 0x00, 0x00, 0x00, 0x00, 0x00, 0x00, 0x00, 0x00, 0x00,
    0x00, 0x00, 0x00, 0x00, 0x00, 0x00, 0x00, 0x00, 0x00, 0x00, 0x00, 0x00,
    0x00, 0x00, 0x00, 0x00, 0x00, 0x00, 0x00, 0x00, 0x00, 0x00, 0x00, 0x00,
    0x00, 0x00, 0x00, 0x00, 0x00, 0x00, 0x00, 0x00, 0x00, 0x00, 0x00, 0x00,
    0x00, 0x00, 0x00, 0x00, 0x00, 0x00, 0x00, 0x00, 0x00, 0x00, 0x00, 0x00,
    0x00, 0x00, 0x00, 0x00, 0x00, 0x00, 0x00, 0x00, 0x00, 0x00, 0x00, 0x00,
    0x00, 0x00, 0x00, 0x00, 0x00, 0x00, 0x00, 0x00, 0x00, 0x00, 0x00, 0x00,
    0x00, 0x00, 0x00, 0x00, 0x00, 0x00, 0x00, 0x00, 0x00, 0x00, 0x00, 0x00,
    0x00, 0x00, 0x00, 0x00, 0x00, 0x00, 0x00, 0x00, 0x00, 0x00, 0x00, 0x00,
    0x00, 0x00, 0x00, 0x00, 0x00, 0x00, 0x00, 0x00, 0x00, 0x00, 0x00, 0x00,
    0x00, 0x00, 0x00, 0x00, 0x00, 0x00, 0x00, 0x00, 0x00, 0x00, 0x00, 0x00,
    0x00, 0x00, 0x00, 0x00, 0x00, 0x00, 0x00, 0x00, 0x00, 0x00, 0x00, 0x00,
    0x00, 0x00, 0x00, 0x00, 0x00, 0x00, 0x00, 0x00, 0x00, 0x00, 0x00, 0x00,
    0x00, 0x00, 0x00, 0x00, 0x00, 0x00, 0x00, 0x00, 0x00, 0x00, 0x00, 0x00,
    0x00, 0x00, 0x00, 0x00, 0x00, 0x00, 0x00, 0x00, 0x00, 0x00, 0x00, 0x00,
    0x00, 0x00, 0x00, 0x00, 0x00, 0x00, 0x00, 0x00, 0x00, 0x00, 0x00, 0x00,
    0x00, 0x00, 0x00, 0x00, 0x00, 0x00, 0x00, 0x00, 0x08, 0x08, 0xf8, 0x38,
    0x08, 0x08, 0xf8, 0x8a, 0x08, 0x0c, 0xf8, 0xd7, 0x08, 0x08, 0xf8, 0xff,
    0x08, 0x08, 0xf8, 0xff, 0x10, 0x08, 0xf8, 0xff, 0x08, 0x08, 0xf8, 0xff,
    0x10, 0x08, 0xf8, 0xff, 0x08, 0x08, 0xf8, 0xff, 0x08, 0x0c, 0xf8, 0xff,
    0x10, 0x08, 0xf8, 0xff, 0x08, 0x08, 0xf8, 0xff, 0x08, 0x0c, 0xf8, 0xff,
    0x10, 0x08, 0xf8, 0xff, 0x08, 0x0c, 0xf8, 0xff, 0x08, 0x08, 0xf8, 0xff,
    0x10, 0x0c, 0xf8, 0xff, 0x08, 0x08, 0xf8, 0xff, 0x08, 0x0c, 0xf8, 0xff,
    0x10, 0x08, 0xf8, 0xff, 0x08, 0x0c, 0xf8, 0xff, 0x08, 0x08, 0xf8, 0xff,
    0x10, 0x0c, 0xf8, 0xff, 0x08, 0x08, 0xf8, 0xff, 0x08, 0x08, 0xf8, 0xff,
    0x10, 0x0c, 0xf8, 0xff, 0x10, 0x08, 0xf8, 0xff, 0x08, 0x08, 0xf8, 0xff,
    0x10, 0x08, 0xf8, 0xff, 0x08, 0x08, 0xf8, 0xff, 0x08, 0x08, 0xf8, 0xff,
    0x08, 0x0c, 0xf8, 0xd7, 0x08, 0x08, 0xf8, 0x8a, 0x08, 0x08, 0xf8, 0x38,
    0x00, 0x00, 0x00, 0x00, 0x00, 0x00, 0x00, 0x00, 0x00, 0x00, 0x00, 0x00,
    0x00, 0x00, 0x00, 0x00, 0x00, 0x00, 0x00, 0x00, 0x00, 0x00, 0x00, 0x00,
    0x00, 0x00, 0x00, 0x00, 0x00, 0x00, 0x00, 0x00, 0x00, 0x00, 0x00, 0x00,
    0x00, 0x00, 0x00, 0x00, 0x00, 0x00, 0x00, 0x00, 0x00, 0x00, 0x00, 0x00,
    0x00, 0x00, 0x00, 0x00, 0x00, 0x00, 0x00, 0x00, 0x00, 0x00, 0x00, 0x00,
    0x00, 0x00, 0x00, 0x00, 0x00, 0x00, 0x00, 0x00, 0x00, 0x00, 0x00, 0x00,
    0x00, 0x00, 0x00, 0x00, 0x00, 0x00, 0x00, 0x00, 0x00, 0x00, 0x00, 0x00,
    0x00, 0x00, 0x00, 0x00, 0x00, 0x00, 0x00, 0x00, 0x00, 0x00, 0x00, 0x00,
    0x00, 0x00, 0x00, 0x00, 0x00, 0x00, 0x00, 0x00, 0x00, 0x00, 0x00, 0x00,
    0x00, 0x00, 0x00, 0x00, 0x00, 0x00, 0x00, 0x00, 0x00, 0x00, 0x00, 0x00,
    0x00, 0x00, 0x00, 0x00, 0x00, 0x00, 0x00, 0x00, 0x00, 0x00, 0x00, 0x00,
    0x00, 0x00, 0x00, 0x00, 0x00, 0x00, 0x00, 0x00, 0x00, 0x00, 0x00, 0x00,
    0x00, 0x00, 0x00, 0x00, 0x00, 0x00, 0x00, 0x00, 0x00, 0x00, 0x00, 0x00,
    0x00, 0x00, 0x00, 0x00, 0x00, 0x00, 0x00, 0x00, 0x00, 0x00, 0x00, 0x00,
    0x00, 0x00, 0x00, 0x00, 0x00, 0x00, 0x00, 0x00, 0x00, 0x00, 0x00, 0x00,
    0x00, 0x00, 0x00, 0x00, 0x00, 0x00, 0x00, 0x00, 0x00, 0x00, 0x00, 0x00,
    0x00, 0x00, 0x00, 0x00, 0x00, 0x00, 0x00, 0x00, 0x00, 0x00, 0x00, 0x00,
    0x00, 0x00, 0x00, 0x00, 0x00, 0x00, 0x00, 0x00, 0x00, 0x00, 0x00, 0x00,
    0x00, 0x00, 0x00, 0x00, 0x00, 0x00, 0x00, 0x00, 0x00, 0x00, 0x00, 0x00,
    0x00, 0x00, 0x00, 0x00, 0x00, 0x00, 0x00, 0x00, 0x00, 0x00, 0x00, 0x00,
    0x00, 0x00, 0x00, 0x00, 0x00, 0x00, 0x00, 0x00, 0x00, 0x00, 0x00, 0x00,
    0x10, 0x0c, 0xf8, 0x14, 0x08, 0x08, 0xf8, 0x75, 0x08, 0x08, 0xf8, 0xd7,
    0x10, 0x08, 0xf8, 0xff, 0x08, 0x08, 0xf8, 0xff, 0x10, 0x08, 0xf8, 0xff,
    0x10, 0x08, 0xf8, 0xff, 0x08, 0x0c, 0xf8, 0xff, 0x08, 0x08, 0xf8, 0xff,
    0x10, 0x0c, 0xf8, 0xff, 0x08, 0x08, 0xf8, 0xff, 0x08, 0x08, 0xf8, 0xff,
    0x10, 0x0c, 0xf8, 0xff, 0x08, 0x08, 0xf8, 0xff, 0x08, 0x08, 0xf8, 0xff,
    0x08, 0x08, 0xf8, 0xff, 0x10, 0x0c, 0xf8, 0xff, 0x08, 0x08, 0xf8, 0xff,
    0x08, 0x08, 0xf8, 0xff, 0x10, 0x08, 0xf8, 0xff, 0x08, 0x0c, 0xf8, 0xff,
    0x08, 0x08, 0xf8, 0xff, 0x10, 0x08, 0xf8, 0xff, 0x08, 0x08, 0xf8, 0xff,
    0x08, 0x08, 0xf8, 0xff, 0x08, 0x0c, 0xf8, 0xff, 0x08, 0x08, 0xf8, 0xff,
    0x08, 0x08, 0xf8, 0xff, 0x08, 0x0c, 0xf8, 0xff, 0x08, 0x08, 0xf8, 0xff,
    0x10, 0x08, 0xf8, 0xff, 0x08, 0x0c, 0xf8, 0xff, 0x10, 0x08, 0xf8, 0xff,
    0x10, 0x08, 0xf8, 0xff, 0x08, 0x08, 0xf8, 0xff, 0x10, 0x08, 0xf8, 0xff,
    0x08, 0x08, 0xf8, 0xff, 0x08, 0x08, 0xf8, 0xd7, 0x08, 0x08, 0xf8, 0x75,
    0x10, 0x0c, 0xf8, 0x14, 0x00, 0x00, 0x00, 0x00, 0x00, 0x00, 0x00, 0x00,
    0x00, 0x00, 0x00, 0x00, 0x00, 0x00, 0x00, 0x00, 0x00, 0x00, 0x00, 0x00,
    0x00, 0x00, 0x00, 0x00, 0x00, 0x00, 0x00, 0x00, 0x00, 0x00, 0x00, 0x00,
    0x00, 0x00, 0x00, 0x00, 0x00, 0x00, 0x00, 0x00, 0x00, 0x00, 0x00, 0x00,
    0x00, 0x00, 0x00, 0x00, 0x00, 0x00, 0x00, 0x00, 0x00, 0x00, 0x00, 0x00,
    0x00, 0x00, 0x00, 0x00, 0x00, 0x00, 0x00, 0x00, 0x00, 0x00, 0x00, 0x00,
    0x00, 0x00, 0x00, 0x00, 0x00, 0x00, 0x00, 0x00, 0x00, 0x00, 0x00, 0x00,
    0x00, 0x00, 0x00, 0x00, 0x00, 0x00, 0x00, 0x00, 0x00, 0x00, 0x00, 0x00,
    0x00, 0x00, 0x00, 0x00, 0x00, 0x00, 0x00, 0x00, 0x00, 0x00, 0x00, 0x00,
    0x00, 0x00, 0x00, 0x00, 0x00, 0x00, 0x00, 0x00, 0x00, 0x00, 0x00, 0x00,
    0x00, 0x00, 0x00, 0x00, 0x00, 0x00, 0x00, 0x00, 0x00, 0x00, 0x00, 0x00,
    0x00, 0x00, 0x00, 0x00, 0x00, 0x00, 0x00, 0x00, 0x00, 0x00, 0x00, 0x00,
    0x00, 0x00, 0x00, 0x00, 0x00, 0x00, 0x00, 0x00, 0x00, 0x00, 0x00, 0x00,
    0x00, 0x00, 0x00, 0x00, 0x00, 0x00, 0x00, 0x00, 0x00, 0x00, 0x00, 0x00,
    0x00, 0x00, 0x00, 0x00, 0x00, 0x00, 0x00, 0x00, 0x00, 0x00, 0x00, 0x00,
    0x00, 0x00, 0x00, 0x00, 0x00, 0x00, 0x00, 0x00, 0x00, 0x00, 0x00, 0x00,
    0x00, 0x00, 0x00, 0x00, 0x00, 0x00, 0x00, 0x00, 0x00, 0x00, 0x00, 0x00,
    0x00, 0x00, 0x00, 0x00, 0x00, 0x00, 0x00, 0x00, 0x00, 0x00, 0x00, 0x00,
    0x00, 0x00, 0x00, 0x00, 0x00, 0x00, 0x00, 0x00, 0x00, 0x00, 0x00, 0x00,
    0x00, 0x00, 0x00, 0x00, 0x00, 0x00, 0x00, 0x00, 0x08, 0x0c, 0xf8, 0x2c,
    0x08, 0x08, 0xf8, 0x96, 0x08, 0x08, 0xf8, 0xff, 0x08, 0x08, 0xf8, 0xff,
    0x10, 0x08, 0xf8, 0xff, 0x08, 0x08, 0xf8, 0xff, 0x08, 0x0c, 0xf8, 0xff,
    0x10, 0x08, 0xf8, 0xff, 0x08, 0x08, 0xf8, 0xff, 0x08, 0x08, 0xf8, 0xff,
    0x10, 0x08, 0xf8, 0xff, 0x08, 0x0c, 0xf8, 0xff, 0x08, 0x08, 0xf8, 0xff,
    0x10, 0x08, 0xf8, 0xff, 0x08, 0x08, 0xf8, 0xff, 0x10, 0x0c, 0xf8, 0xff,
    0x08, 0x08, 0xf8, 0xff, 0x10, 0x08, 0xf8, 0xff, 0x08, 0x08, 0xf8, 0xff,
    0x08, 0x08, 0xf8, 0xff, 0x10, 0x08, 0xf8, 0xff, 0x08, 0x08, 0xf8, 0xff,
    0x08, 0x08, 0xf8, 0xff, 0x10, 0x08, 0xf8, 0xff, 0x08, 0x0c, 0xf8, 0xff,
    0x10, 0x08, 0xf8, 0xff, 0x10, 0x08, 0xf8, 0xff, 0x08, 0x08, 0xf8, 0xff,
    0x10, 0x08, 0xf8, 0xff, 0x10, 0x08, 0xf8, 0xff, 0x08, 0x08, 0xf8, 0xff,
    0x08, 0x08, 0xf8, 0xff, 0x08, 0x0c, 0xf8, 0xff, 0x08, 0x08, 0xf8, 0xff,
    0x08, 0x08, 0xf8, 0xff, 0x10, 0x0c, 0xf8, 0xff, 0x08, 0x08, 0xf8, 0xff,
    0x10, 0x08, 0xf8, 0xff, 0x10, 0x0c, 0xf8, 0xff, 0x08, 0x08, 0xf8, 0xff,
    0x08, 0x08, 0xf8, 0xff, 0x10, 0x08, 0xf8, 0xff, 0x08, 0x08, 0xf8, 0x96,
    0x08, 0x0c, 0xf8, 0x2c, 0x00, 0x00, 0x00, 0x00, 0x00, 0x00, 0x00, 0x00,
    0x00, 0x00, 0x00, 0x00, 0x00, 0x00, 0x00, 0x00, 0x00, 0x00, 0x00, 0x00,
    0x00, 0x00, 0x00, 0x00, 0x00, 0x00, 0x00, 0x00, 0x00, 0x00, 0x00, 0x00,
    0x00, 0x00, 0x00, 0x00, 0x00, 0x00, 0x00, 0x00, 0x00, 0x00, 0x00, 0x00,
    0x00, 0x00, 0x00, 0x00, 0x00, 0x00, 0x00, 0x00, 0x00, 0x00, 0x00, 0x00,
    0x00, 0x00, 0x00, 0x00, 0x00, 0x00, 0x00, 0x00, 0x00, 0x00, 0x00, 0x00,
    0x00, 0x00, 0x00, 0x00, 0x00, 0x00, 0x00, 0x00, 0x00, 0x00, 0x00, 0x00,
    0x00, 0x00, 0x00, 0x00, 0x00, 0x00, 0x00, 0x00, 0x00, 0x00, 0x00, 0x00,
    0x00, 0x00, 0x00, 0x00, 0x00, 0x00, 0x00, 0x00, 0x00, 0x00, 0x00, 0x00,
    0x00, 0x00, 0x00, 0x00, 0x00, 0x00, 0x00, 0x00, 0x00, 0x00, 0x00, 0x00,
    0x00, 0x00, 0x00, 0x00, 0x00, 0x00, 0x00, 0x00, 0x00, 0x00, 0x00, 0x00,
    0x00, 0x00, 0x00, 0x00, 0x00, 0x00, 0x00, 0x00, 0x00, 0x00, 0x00, 0x00,
    0x00, 0x00, 0x00, 0x00, 0x00, 0x00, 0x00, 0x00, 0x00, 0x00, 0x00, 0x00,
    0x00, 0x00, 0x00, 0x00, 0x00, 0x00, 0x00, 0x00, 0x00, 0x00, 0x00, 0x00,
    0x00, 0x00, 0x00, 0x00, 0x00, 0x00, 0x00, 0x00, 0x00, 0x00, 0x00, 0x00,
    0x00, 0x00, 0x00, 0x00, 0x00, 0x00, 0x00, 0x00, 0x00, 0x00, 0x00, 0x00,
    0x00, 0x00, 0x00, 0x00, 0x00, 0x00, 0x00, 0x00, 0x00, 0x00, 0x00, 0x00,
    0x00, 0x00, 0x00, 0x00, 0x00, 0x00, 0x00, 0x00, 0x00, 0x00, 0x00, 0x00,
    0x00, 0x00, 0x00, 0x00, 0x08, 0x0c, 0xf8, 0x2c, 0x08, 0x08, 0xf8, 0xa2,
    0x10, 0x08, 0xf8, 0xff, 0x08, 0x08, 0xf8, 0xff, 0x10, 0x08, 0xf8, 0xff,
    0x08, 0x0c, 0xf8, 0xff, 0x08, 0x08, 0xf8, 0xff, 0x10, 0x08, 0xf8, 0xff,
    0x08, 0x08, 0xf8, 0xff, 0x08, 0x0c, 0xf8, 0xff, 0x10, 0x08, 0xf8, 0xff,
    0x08, 0x08, 0xf8, 0xff, 0x10, 0x08, 0xf8, 0xff, 0x08, 0x08, 0xf8, 0xff,
    0x10, 0x0c, 0xf8, 0xff, 0x08, 0x08, 0xf8, 0xff, 0x08, 0x08, 0xf8, 0xff,
    0x10, 0x08, 0xf8, 0xff, 0x08, 0x0c, 0xf8, 0xff, 0x08, 0x08, 0xf8, 0xff,
    0x10, 0x08, 0xf8, 0xff, 0x08, 0x0c, 0xf8, 0xff, 0x10, 0x0c, 0xf8, 0xff,
    0x08, 0x08, 0xf8, 0xff, 0x08, 0x08, 0xf8, 0xff, 0x10, 0x0c, 0xf8, 0xff,
    0x08, 0x08, 0xf8, 0xff, 0x08, 0x08, 0xf8, 0xff, 0x08, 0x0c, 0xf8, 0xff,
    0x10, 0x08, 0xf8, 0xff, 0x08, 0x0c, 0xf8, 0xff, 0x10, 0x08, 0xf8, 0xff,
    0x10, 0x08, 0xf8, 0xff, 0x10, 0x0c, 0xf8, 0xff, 0x08, 0x08, 0xf8, 0xff,
    0x10, 0x08, 0xf8, 0xff, 0x08, 0x08, 0xf8, 0xff, 0x08, 0x0c, 0xf8, 0xff,
    0x08, 0x08, 0xf8, 0xff, 0x08, 0x08, 0xf8, 0xff, 0x10, 0x0c, 0xf8, 0xff,
    0x08, 0x08, 0xf8, 0xff, 0x10, 0x08, 0xf8, 0xff, 0x08, 0x0c, 0xf8, 0xff,
    0x08, 0x08, 0xf8, 0xff, 0x10, 0x08, 0xf8, 0xff, 0x08, 0x08, 0xf8, 0xa2,
    0x08, 0x0c, 0xf8, 0x2c, 0x00, 0x00, 0x00, 0x00, 0x00, 0x00, 0x00, 0x00,
    0x00, 0x00, 0x00, 0x00, 0x00, 0x00, 0x00, 0x00, 0x00, 0x00, 0x00, 0x00,
    0x00, 0x00, 0x00, 0x00, 0x00, 0x00, 0x00, 0x00, 0x00, 0x00, 0x00, 0x00,
    0x00, 0x00, 0x00, 0x00, 0x00, 0x00, 0x00, 0x00, 0x00, 0x00, 0x00, 0x00,
    0x00, 0x00, 0x00, 0x00, 0x00, 0x00, 0x00, 0x00, 0x00, 0x00, 0x00, 0x00,
    0x00, 0x00, 0x00, 0x00, 0x00, 0x00, 0x00, 0x00, 0x00, 0x00, 0x00, 0x00,
    0x00, 0x00, 0x00, 0x00, 0x00, 0x00, 0x00, 0x00, 0x00, 0x00, 0x00, 0x00,
    0x00, 0x00, 0x00, 0x00, 0x00, 0x00, 0x00, 0x00, 0x00, 0x00, 0x00, 0x00,
    0x00, 0x00, 0x00, 0x00, 0x00, 0x00, 0x00, 0x00, 0x00, 0x00, 0x00, 0x00,
    0x00, 0x00, 0x00, 0x00, 0x00, 0x00, 0x00, 0x00, 0x00, 0x00, 0x00, 0x00,
    0x00, 0x00, 0x00, 0x00, 0x00, 0x00, 0x00, 0x00, 0x00, 0x00, 0x00, 0x00,
    0x00, 0x00, 0x00, 0x00, 0x00, 0x00, 0x00, 0x00, 0x00, 0x00, 0x00, 0x00,
    0x00, 0x00, 0x00, 0x00, 0x00, 0x00, 0x00, 0x00, 0x00, 0x00, 0x00, 0x00,
    0x00, 0x00, 0x00, 0x00, 0x00, 0x00, 0x00, 0x00, 0x00, 0x00, 0x00, 0x00,
    0x00, 0x00, 0x00, 0x00, 0x00, 0x00, 0x00, 0x00, 0x00, 0x00, 0x00, 0x00,
    0x00, 0x00, 0x00, 0x00, 0x00, 0x00, 0x00, 0x00, 0x00, 0x00, 0x00, 0x00,
    0x00, 0x00, 0x00, 0x00, 0x00, 0x00, 0x00, 0x00, 0x00, 0x00, 0x00, 0x00,
    0x08, 0x0c, 0xf8, 0x14, 0x08, 0x08, 0xf8, 0x92, 0x10, 0x08, 0xf8, 0xff,
    0x08, 0x08, 0xf8, 0xff, 0x08, 0x08, 0xf8, 0xff, 0x10, 0x08, 0xf8, 0xff,
    0x10, 0x08, 0xf8, 0xff, 0x08, 0x08, 0xf8, 0xff, 0x08, 0x0c, 0xf8, 0xff,
    0x10, 0x08, 0xf8, 0xff, 0x08, 0x08, 0xf8, 0xff, 0x08, 0x08, 0xf8, 0xff,
    0x10, 0x0c, 0xf8, 0xff, 0x08, 0x08, 0xf8, 0xff, 0x08, 0x08, 0xf8, 0xff,
    0x10, 0x08, 0xf8, 0xff, 0x08, 0x08, 0xf8, 0xff, 0x08, 0x0c, 0xf8, 0xff,
    0x10, 0x08, 0xf8, 0xff, 0x08, 0x08, 0xf8, 0xff, 0x08, 0x08, 0xf8, 0xff,
    0x10, 0x0c, 0xf8, 0xff, 0x08, 0x08, 0xf8, 0xff, 0x08, 0x08, 0xf8, 0xff,
    0x10, 0x08, 0xf8, 0xff, 0x08, 0x08, 0xf8, 0xff, 0x10, 0x0c, 0xf8, 0xff,
    0x08, 0x08, 0xf8, 0xff, 0x08, 0x08, 0xf8, 0xff, 0x10, 0x08, 0xf8, 0xff,
    0x08, 0x08, 0xf8, 0xff, 0x08, 0x0c, 0xf8, 0xff, 0x08, 0x08, 0xf8, 0xff,
    0x08, 0x08, 0xf8, 0xff, 0x08, 0x0c, 0xf8, 0xff, 0x08, 0x08, 0xf8, 0xff,
    0x10, 0x08, 0xf8, 0xff, 0x08, 0x08, 0xf8, 0xff, 0x10, 0x0c, 0xf8, 0xff,
    0x10, 0x08, 0xf8, 0xff, 0x08, 0x08, 0xf8, 0xff, 0x08, 0x08, 0xf8, 0xff,
    0x08, 0x08, 0xf8, 0xff, 0x10, 0x08, 0xf8, 0xff, 0x08, 0x08, 0xf8, 0xff,
    0x08, 0x08, 0xf8, 0xff, 0x10, 0x08, 0xf8, 0xff, 0x08, 0x08, 0xf8, 0xff,
    0x10, 0x08, 0xf8, 0xff, 0x08, 0x08, 0xf8, 0xff, 0x08, 0x08, 0xf8, 0x96,
    0x10, 0x0c, 0xf8, 0x14, 0x00, 0x00, 0x00, 0x00, 0x00, 0x00, 0x00, 0x00,
    0x00, 0x00, 0x00, 0x00, 0x00, 0x00, 0x00, 0x00, 0x00, 0x00, 0x00, 0x00,
    0x00, 0x00, 0x00, 0x00, 0x00, 0x00, 0x00, 0x00, 0x00, 0x00, 0x00, 0x00,
    0x00, 0x00, 0x00, 0x00, 0x00, 0x00, 0x00, 0x00, 0x00, 0x00, 0x00, 0x00,
    0x00, 0x00, 0x00, 0x00, 0x00, 0x00, 0x00, 0x00, 0x00, 0x00, 0x00, 0x00,
    0x00, 0x00, 0x00, 0x00, 0x00, 0x00, 0x00, 0x00, 0x00, 0x00, 0x00, 0x00,
    0x00, 0x00, 0x00, 0x00, 0x00, 0x00, 0x00, 0x00, 0x00, 0x00, 0x00, 0x00,
    0x00, 0x00, 0x00, 0x00, 0x00, 0x00, 0x00, 0x00, 0x00, 0x00, 0x00, 0x00,
    0x00, 0x00, 0x00, 0x00, 0x00, 0x00, 0x00, 0x00, 0x00, 0x00, 0x00, 0x00,
    0x00, 0x00, 0x00, 0x00, 0x00, 0x00, 0x00, 0x00, 0x00, 0x00, 0x00, 0x00,
    0x00, 0x00, 0x00, 0x00, 0x00, 0x00, 0x00, 0x00, 0x00, 0x00, 0x00, 0x00,
    0x00, 0x00, 0x00, 0x00, 0x00, 0x00, 0x00, 0x00, 0x00, 0x00, 0x00, 0x00,
    0x00, 0x00, 0x00, 0x00, 0x00, 0x00, 0x00, 0x00, 0x00, 0x00, 0x00, 0x00,
    0x00, 0x00, 0x00, 0x00, 0x00, 0x00, 0x00, 0x00, 0x00, 0x00, 0x00, 0x00,
    0x00, 0x00, 0x00, 0x00, 0x00, 0x00, 0x00, 0x00, 0x00, 0x00, 0x00, 0x00,
    0x00, 0x00, 0x00, 0x00, 0x00, 0x00, 0x00, 0x00, 0x00, 0x00, 0x00, 0x00,
    0x10, 0x08, 0xf8, 0x6d, 0x08, 0x08, 0xf8, 0xef, 0x08, 0x08, 0xf8, 0xff,
    0x10, 0x08, 0xf8, 0xff, 0x08, 0x08, 0xf8, 0xff, 0x08, 0x0c, 0xf8, 0xff,
    0x08, 0x08, 0xf8, 0xff, 0x08, 0x08, 0xf8, 0xff, 0x10, 0x08, 0xf8, 0xff,
    0x08, 0x08, 0xf8, 0xff, 0x10, 0x0c, 0xf8, 0xff, 0x08, 0x08, 0xf8, 0xff,
    0x10, 0x08, 0xf8, 0xff, 0x08, 0x08, 0xf8, 0xff, 0x08, 0x0c, 0xf8, 0xff,
    0x10, 0x0c, 0xf8, 0xff, 0x08, 0x08, 0xf8, 0xff, 0x08, 0x08, 0xf8, 0xff,
    0x10, 0x08, 0xf8, 0xff, 0x10, 0x0c, 0xf8, 0xff, 0x08, 0x08, 0xf8, 0xff,
    0x10, 0x08, 0xf8, 0xff, 0x08, 0x08, 0xf8, 0xff, 0x08, 0x08, 0xf8, 0xff,
    0x10, 0x08, 0xf8, 0xff, 0x08, 0x08, 0xf8, 0xff, 0x08, 0x0c, 0xf8, 0xff,
    0x10, 0x08, 0xf8, 0xff, 0x08, 0x08, 0xf8, 0xff, 0x10, 0x08, 0xf8, 0xff,
    0x08, 0x0c, 0xf8, 0xff, 0x10, 0x08, 0xf8, 0xff, 0x10, 0x08, 0xf8, 0xff,
    0x08, 0x08, 0xf8, 0xff, 0x10, 0x08, 0xf8, 0xff, 0x08, 0x08, 0xf8, 0xff,
    0x08, 0x08, 0xf8, 0xff, 0x10, 0x08, 0xf8, 0xff, 0x08, 0x0c, 0xf8, 0xff,
    0x08, 0x08, 0xf8, 0xff, 0x10, 0x08, 0xf8, 0xff, 0x08, 0x0c, 0xf8, 0xff,
    0x10, 0x08, 0xf8, 0xff, 0x08, 0x0c, 0xf8, 0xff, 0x08, 0x08, 0xf8, 0xff,
    0x10, 0x0c, 0xf8, 0xff, 0x08, 0x08, 0xf8, 0xff, 0x08, 0x0c, 0xf8, 0xff,
    0x10, 0x08, 0xf8, 0xff, 0x08, 0x08, 0xf8, 0xff, 0x10, 0x08, 0xf8, 0xff,
    0x08, 0x08, 0xf8, 0xff, 0x08, 0x08, 0xf8, 0xef, 0x10, 0x08, 0xf8, 0x6d,
    0x00, 0x00, 0x00, 0x00, 0x00, 0x00, 0x00, 0x00, 0x00, 0x00, 0x00, 0x00,
    0x00, 0x00, 0x00, 0x00, 0x00, 0x00, 0x00, 0x00, 0x00, 0x00, 0x00, 0x00,
    0x00, 0x00, 0x00, 0x00, 0x00, 0x00, 0x00, 0x00, 0x00, 0x00, 0x00, 0x00,
    0x00, 0x00, 0x00, 0x00, 0x00, 0x00, 0x00, 0x00, 0x00, 0x00, 0x00, 0x00,
    0x00, 0x00, 0x00, 0x00, 0x00, 0x00, 0x00, 0x00, 0x00, 0x00, 0x00, 0x00,
    0x00, 0x00, 0x00, 0x00, 0x00, 0x00, 0x00, 0x00, 0x00, 0x00, 0x00, 0x00,
    0x00, 0x00, 0x00, 0x00, 0x00, 0x00, 0x00, 0x00, 0x00, 0x00, 0x00, 0x00,
    0x00, 0x00, 0x00, 0x00, 0x00, 0x00, 0x00, 0x00, 0x00, 0x00, 0x00, 0x00,
    0x00, 0x00, 0x00, 0x00, 0x00, 0x00, 0x00, 0x00, 0x00, 0x00, 0x00, 0x00,
    0x00, 0x00, 0x00, 0x00, 0x00, 0x00, 0x00, 0x00, 0x00, 0x00, 0x00, 0x00,
    0x00, 0x00, 0x00, 0x00, 0x00, 0x00, 0x00, 0x00, 0x00, 0x00, 0x00, 0x00,
    0x00, 0x00, 0x00, 0x00, 0x00, 0x00, 0x00, 0x00, 0x00, 0x00, 0x00, 0x00,
    0x00, 0x00, 0x00, 0x00, 0x00, 0x00, 0x00, 0x00, 0x00, 0x00, 0x00, 0x00,
    0x00, 0x00, 0x00, 0x00, 0x00, 0x00, 0x00, 0x00, 0x00, 0x00, 0x00, 0x00,
    0x00, 0x00, 0x00, 0x00, 0x00, 0x00, 0x00, 0x00, 0x08, 0x04, 0xf8, 0x28,
    0x08, 0x08, 0xf8, 0xba, 0x08, 0x08, 0xf8, 0xff, 0x10, 0x08, 0xf8, 0xff,
    0x08, 0x08, 0xf8, 0xff, 0x10, 0x08, 0xf8, 0xff, 0x10, 0x0c, 0xf8, 0xff,
    0x08, 0x08, 0xf8, 0xff, 0x10, 0x08, 0xf8, 0xff, 0x08, 0x0c, 0xf8, 0xff,
    0x08, 0x08, 0xf8, 0xff, 0x10, 0x08, 0xf8, 0xff, 0x08, 0x0c, 0xf8, 0xff,
    0x08, 0x08, 0xf8, 0xff, 0x10, 0x08, 0xf8, 0xff, 0x08, 0x08, 0xf8, 0xff,
    0x08, 0x08, 0xf8, 0xff, 0x10, 0x08, 0xf8, 0xff, 0x08, 0x0c, 0xf8, 0xff,
    0x08, 0x08, 0xf8, 0xff, 0x10, 0x08, 0xf8, 0xff, 0x08, 0x08, 0xf8, 0xff,
    0x28, 0x28, 0xf8, 0xff, 0x48, 0x48, 0xf8, 0xff, 0x88, 0x84, 0xf8, 0xff,
    0x88, 0x84, 0xf8, 0xff, 0x88, 0x84, 0xf8, 0xff, 0xa0, 0xa4, 0xf8, 0xff,
    0xa0, 0xa4, 0xf8, 0xff, 0xa8, 0xa4, 0xf8, 0xff, 0xa0, 0xa4, 0xf8, 0xff,
    0xa0, 0xa4, 0xf8, 0xff, 0x88, 0x84, 0xf8, 0xff, 0x68, 0x68, 0xf8, 0xff,
    0x48, 0x48, 0xf8, 0xff, 0x28, 0x28, 0xf8, 0xff, 0x10, 0x08, 0xf8, 0xff,
    0x08, 0x0c, 0xf8, 0xff, 0x10, 0x08, 0xf8, 0xff, 0x08, 0x08, 0xf8, 0xff,
    0x08, 0x08, 0xf8, 0xff, 0x08, 0x08, 0xf8, 0xff, 0x08, 0x08, 0xf8, 0xff,
    0x10, 0x08, 0xf8, 0xff, 0x08, 0x0c, 0xf8, 0xff, 0x10, 0x08, 0xf8, 0xff,
    0x08, 0x08, 0xf8, 0xff, 0x10, 0x08, 0xf8, 0xff, 0x08, 0x0c, 0xf8, 0xff,
    0x08, 0x08, 0xf8, 0xff, 0x10, 0x08, 0xf8, 0xff, 0x08, 0x0c, 0xf8, 0xff,
    0x08, 0x0c, 0xf8, 0xff, 0x10, 0x08, 0xf8, 0xff, 0x08, 0x08, 0xf8, 0xff,
    0x08, 0x08, 0xf8, 0xff, 0x08, 0x08, 0xf8, 0xba, 0x10, 0x08, 0xf8, 0x28,
    0x00, 0x00, 0x00, 0x00, 0x00, 0x00, 0x00, 0x00, 0x00, 0x00, 0x00, 0x00,
    0x00, 0x00, 0x00, 0x00, 0x00, 0x00, 0x00, 0x00, 0x00, 0x00, 0x00, 0x00,
    0x00, 0x00, 0x00, 0x00, 0x00, 0x00, 0x00, 0x00, 0x00, 0x00, 0x00, 0x00,
    0x00, 0x00, 0x00, 0x00, 0x00, 0x00, 0x00, 0x00, 0x00, 0x00, 0x00, 0x00,
    0x00, 0x00, 0x00, 0x00, 0x00, 0x00, 0x00, 0x00, 0x00, 0x00, 0x00, 0x00,
    0x00, 0x00, 0x00, 0x00, 0x00, 0x00, 0x00, 0x00, 0x00, 0x00, 0x00, 0x00,
    0x00, 0x00, 0x00, 0x00, 0x00, 0x00, 0x00, 0x00, 0x00, 0x00, 0x00, 0x00,
    0x00, 0x00, 0x00, 0x00, 0x00, 0x00, 0x00, 0x00, 0x00, 0x00, 0x00, 0x00,
    0x00, 0x00, 0x00, 0x00, 0x00, 0x00, 0x00, 0x00, 0x00, 0x00, 0x00, 0x00,
    0x00, 0x00, 0x00, 0x00, 0x00, 0x00, 0x00, 0x00, 0x00, 0x00, 0x00, 0x00,
    0x00, 0x00, 0x00, 0x00, 0x00, 0x00, 0x00, 0x00, 0x00, 0x00, 0x00, 0x00,
    0x00, 0x00, 0x00, 0x00, 0x00, 0x00, 0x00, 0x00, 0x00, 0x00, 0x00, 0x00,
    0x00, 0x00, 0x00, 0x00, 0x00, 0x00, 0x00, 0x00, 0x00, 0x00, 0x00, 0x00,
    0x00, 0x00, 0x00, 0x00, 0x00, 0x00, 0x00, 0x00, 0x08, 0x08, 0xf8, 0x65,
    0x10, 0x08, 0xf8, 0xfb, 0x08, 0x08, 0xf8, 0xff, 0x08, 0x08, 0xf8, 0xff,
    0x10, 0x0c, 0xf8, 0xff, 0x08, 0x08, 0xf8, 0xff, 0x08, 0x08, 0xf8, 0xff,
    0x08, 0x08, 0xf8, 0xff, 0x10, 0x08, 0xf8, 0xff, 0x08, 0x08, 0xf8, 0xff,
    0x10, 0x0c, 0xf8, 0xff, 0x08, 0x08, 0xf8, 0xff, 0x08, 0x08, 0xf8, 0xff,
    0x10, 0x08, 0xf8, 0xff, 0x08, 0x0c, 0xf8, 0xff, 0x08, 0x08, 0xf8, 0xff,
    0x10, 0x0c, 0xf8, 0xff, 0x08, 0x08, 0xf8, 0xff, 0x28, 0x28, 0xf8, 0xff,
    0x48, 0x48, 0xf8, 0xff, 0x88, 0x84, 0xf8, 0xff, 0xc0, 0xc0, 0xf8, 0xff,
    0xf8, 0xfc, 0xf8, 0xff, 0xf8, 0xfc, 0xf8, 0xff, 0xf8, 0xfc, 0xf8, 0xff,
    0xf8, 0xfc, 0xf8, 0xff, 0xf8, 0xfc, 0xf8, 0xff, 0xf8, 0xfc, 0xf8, 0xff,
    0xf8, 0xfc, 0xf8, 0xff, 0xf8, 0xfc, 0xf8, 0xff, 0xf8, 0xfc, 0xf8, 0xff,
    0xf8, 0xfc, 0xf8, 0xff, 0xf8, 0xfc, 0xf8, 0xff, 0xf8, 0xfc, 0xf8, 0xff,
    0xf8, 0xfc, 0xf8, 0xff, 0xf8, 0xfc, 0xf8, 0xff, 0xf8, 0xfc, 0xf8, 0xff,
    0xe0, 0xe0, 0xf8, 0xff, 0xc0, 0xc0, 0xf8, 0xff, 0xa0, 0xa4, 0xf8, 0xff,
    0x48, 0x48, 0xf8, 0xff, 0x10, 0x08, 0xf8, 0xff, 0x10, 0x0c, 0xf8, 0xff,
    0x08, 0x08, 0xf8, 0xff, 0x08, 0x08, 0xf8, 0xff, 0x10, 0x08, 0xf8, 0xff,
    0x08, 0x08, 0xf8, 0xff, 0x08, 0x08, 0xf8, 0xff, 0x10, 0x08, 0xf8, 0xff,
    0x08, 0x08, 0xf8, 0xff, 0x10, 0x08, 0xf8, 0xff, 0x08, 0x08, 0xf8, 0xff,
    0x08, 0x08, 0xf8, 0xff, 0x10, 0x08, 0xf8, 0xff, 0x08, 0x08, 0xf8, 0xff,
    0x10, 0x0c, 0xf8, 0xff, 0x08, 0x08, 0xf8, 0xff, 0x08, 0x08, 0xf8, 0xff,
    0x08, 0x08, 0xf8, 0xfb, 0x08, 0x08, 0xf8, 0x69, 0x00, 0x00, 0x00, 0x00,
    0x00, 0x00, 0x00, 0x00, 0x00, 0x00, 0x00, 0x00, 0x00, 0x00, 0x00, 0x00,
    0x00, 0x00, 0x00, 0x00, 0x00, 0x00, 0x00, 0x00, 0x00, 0x00, 0x00, 0x00,
    0x00, 0x00, 0x00, 0x00, 0x00, 0x00, 0x00, 0x00, 0x00, 0x00, 0x00, 0x00,
    0x00, 0x00, 0x00, 0x00, 0x00, 0x00, 0x00, 0x00, 0x00, 0x00, 0x00, 0x00,
    0x00, 0x00, 0x00, 0x00, 0x00, 0x00, 0x00, 0x00, 0x00, 0x00, 0x00, 0x00,
    0x00, 0x00, 0x00, 0x00, 0x00, 0x00, 0x00, 0x00, 0x00, 0x00, 0x00, 0x00,
    0x00, 0x00, 0x00, 0x00, 0x00, 0x00, 0x00, 0x00, 0x00, 0x00, 0x00, 0x00,
    0x00, 0x00, 0x00, 0x00, 0x00, 0x00, 0x00, 0x00, 0x00, 0x00, 0x00, 0x00,
    0x00, 0x00, 0x00, 0x00, 0x00, 0x00, 0x00, 0x00, 0x00, 0x00, 0x00, 0x00,
    0x00, 0x00, 0x00, 0x00, 0x00, 0x00, 0x00, 0x00, 0x00, 0x00, 0x00, 0x00,
    0x00, 0x00, 0x00, 0x00, 0x00, 0x00, 0x00, 0x00, 0x00, 0x00, 0x00, 0x00,
    0x00, 0x00, 0x00, 0x00, 0x00, 0x00, 0x00, 0x00, 0x00, 0x00, 0x00, 0x00,
    0x00, 0x00, 0x00, 0x00, 0x00, 0x00, 0x00, 0x00, 0x08, 0x08, 0xf8, 0x9a,
    0x08, 0x08, 0xf8, 0xff, 0x10, 0x08, 0xf8, 0xff, 0x08, 0x0c, 0xf8, 0xff,
    0x10, 0x08, 0xf8, 0xff, 0x08, 0x08, 0xf8, 0xff, 0x08, 0x0c, 0xf8, 0xff,
    0x10, 0x08, 0xf8, 0xff, 0x08, 0x0c, 0xf8, 0xff, 0x08, 0x08, 0xf8, 0xff,
    0x10, 0x08, 0xf8, 0xff, 0x08, 0x08, 0xf8, 0xff, 0x10, 0x0c, 0xf8, 0xff,
    0x08, 0x08, 0xf8, 0xff, 0x10, 0x08, 0xf8, 0xff, 0x08, 0x08, 0xf8, 0xff,
    0x28, 0x28, 0xf8, 0xff, 0x88, 0x84, 0xf8, 0xff, 0xa8, 0xa4, 0xf8, 0xff,
    0xf8, 0xfc, 0xf8, 0xff, 0xf8, 0xfc, 0xf8, 0xff, 0xf8, 0xfc, 0xf8, 0xff,
    0xf8, 0xfc, 0xf8, 0xff, 0xf8, 0xfc, 0xf8, 0xff, 0xf8, 0xfc, 0xf8, 0xff,
    0xf8, 0xfc, 0xf8, 0xff, 0xf8, 0xfc, 0xf8, 0xff, 0xf8, 0xfc, 0xf8, 0xff,
    0xf8, 0xfc, 0xf8, 0xff, 0xf8, 0xfc, 0xf8, 0xff, 0xf8, 0xfc, 0xf8, 0xff,
    0xf8, 0xfc, 0xf8, 0xff, 0xf8, 0xfc, 0xf8, 0xff, 0xf8, 0xfc, 0xf8, 0xff,
    0xf8, 0xfc, 0xf8, 0xff, 0xf8, 0xfc, 0xf8, 0xff, 0xf8, 0xfc, 0xf8, 0xff,
    0xf8, 0xfc, 0xf8, 0xff, 0xf8, 0xfc, 0xf8, 0xff, 0xf8, 0xfc, 0xf8, 0xff,
    0xf8, 0xfc, 0xf8, 0xff, 0xf8, 0xfc, 0xf8, 0xff, 0xe0, 0xe0, 0xf8, 0xff,
    0xa0, 0xa4, 0xf8, 0xff, 0x68, 0x68, 0xf8, 0xff, 0x08, 0x08, 0xf8, 0xff,
    0x10, 0x08, 0xf8, 0xff, 0x08, 0x0c, 0xf8, 0xff, 0x08, 0x0c, 0xf8, 0xff,
    0x10, 0x08, 0xf8, 0xff, 0x08, 0x08, 0xf8, 0xff, 0x08, 0x0c, 0xf8, 0xff,
    0x10, 0x08, 0xf8, 0xff, 0x08, 0x08, 0xf8, 0xff, 0x08, 0x08, 0xf8, 0xff,
    0x10, 0x0c, 0xf8, 0xff, 0x08, 0x08, 0xf8, 0xff, 0x10, 0x08, 0xf8, 0xff,
    0x10, 0x08, 0xf8, 0xff, 0x08, 0x08, 0xf8, 0xff, 0x08, 0x08, 0xf8, 0xff,
    0x10, 0x08, 0xf8, 0x9a, 0x00, 0x00, 0x00, 0x00, 0x00, 0x00, 0x00, 0x00,
    0x00, 0x00, 0x00, 0x00, 0x00, 0x00, 0x00, 0x00, 0x00, 0x00, 0x00, 0x00,
    0x00, 0x00, 0x00, 0x00, 0x00, 0x00, 0x00, 0x00, 0x00, 0x00, 0x00, 0x00,
    0x00, 0x00, 0x00, 0x00, 0x00, 0x00, 0x00, 0x00, 0x00, 0x00, 0x00, 0x00,
    0x00, 0x00, 0x00, 0x00, 0x00, 0x00, 0x00, 0x00, 0x00, 0x00, 0x00, 0x00,
    0x00, 0x00, 0x00, 0x00, 0x00, 0x00, 0x00, 0x00, 0x00, 0x00, 0x00, 0x00,
    0x00, 0x00, 0x00, 0x00, 0x00, 0x00, 0x00, 0x00, 0x00, 0x00, 0x00, 0x00,
    0x00, 0x00, 0x00, 0x00, 0x00, 0x00, 0x00, 0x00, 0x00, 0x00, 0x00, 0x00,
    0x00, 0x00, 0x00, 0x00, 0x00, 0x00, 0x00, 0x00, 0x00, 0x00, 0x00, 0x00,
    0x00, 0x00, 0x00, 0x00, 0x00, 0x00, 0x00, 0x00, 0x00, 0x00, 0x00, 0x00,
    0x00, 0x00, 0x00, 0x00, 0x00, 0x00, 0x00, 0x00, 0x00, 0x00, 0x00, 0x00,
    0x00, 0x00, 0x00, 0x00, 0x00, 0x00, 0x00, 0x00, 0x00, 0x00, 0x00, 0x00,
    0x00, 0x00, 0x00, 0x00, 0x08, 0x08, 0xf8, 0x20, 0x08, 0x08, 0xf8, 0xc3,
    0x10, 0x08, 0xf8, 0xff, 0x08, 0x08, 0xf8, 0xff, 0x08, 0x0c, 0xf8, 0xff,
    0x10, 0x08, 0xf8, 0xff, 0x08, 0x08, 0xf8, 0xff, 0x08, 0x08, 0xf8, 0xff,
    0x10, 0x08, 0xf8, 0xff, 0x10, 0x08, 0xf8, 0xff, 0x08, 0x0c, 0xf8, 0xff,
    0x08, 0x08, 0xf8, 0xff, 0x10, 0x08, 0xf8, 0xff, 0x08, 0x0c, 0xf8, 0xff,
    0x08, 0x08, 0xf8, 0xff, 0x10, 0x08, 0xf8, 0xff, 0x28, 0x28, 0xf8, 0xff,
    0xa0, 0xa4, 0xf8, 0xff, 0xf8, 0xfc, 0xf8, 0xff, 0xf8, 0xfc, 0xf8, 0xff,
    0xf8, 0xfc, 0xf8, 0xff, 0xf8, 0xfc, 0xf8, 0xff, 0xf8, 0xfc, 0xf8, 0xff,
    0xf8, 0xfc, 0xf8, 0xff, 0xf8, 0xfc, 0xf8, 0xff, 0xf8, 0xfc, 0xf8, 0xff,
    0xf8, 0xfc, 0xf8, 0xff, 0xf8, 0xfc, 0xf8, 0xff, 0xf8, 0xfc, 0xf8, 0xff,
    0xf8, 0xfc, 0xf8, 0xff, 0xf8, 0xfc, 0xf8, 0xff, 0xf8, 0xfc, 0xf8, 0xff,
    0xf8, 0xfc, 0xf8, 0xff, 0xf8, 0xfc, 0xf8, 0xff, 0xf8, 0xfc, 0xf8, 0xff,
    0xf8, 0xfc, 0xf8, 0xff, 0xf8, 0xfc, 0xf8, 0xff, 0xf8, 0xfc, 0xf8, 0xff,
    0xf8, 0xfc, 0xf8, 0xff, 0xf8, 0xfc, 0xf8, 0xff, 0xf8, 0xfc, 0xf8, 0xff,
    0xf8, 0xfc, 0xf8, 0xff, 0xf8, 0xfc, 0xf8, 0xff, 0xf8, 0xfc, 0xf8, 0xff,
    0xf8, 0xfc, 0xf8, 0xff, 0xf8, 0xfc, 0xf8, 0xff, 0xf8, 0xfc, 0xf8, 0xff,
    0xe0, 0xe0, 0xf8, 0xff, 0xa0, 0xa4, 0xf8, 0xff, 0x48, 0x48, 0xf8, 0xff,
    0x10, 0x08, 0xf8, 0xff, 0x08, 0x08, 0xf8, 0xff, 0x08, 0x0c, 0xf8, 0xff,
    0x10, 0x08, 0xf8, 0xff, 0x08, 0x0c, 0xf8, 0xff, 0x10, 0x08, 0xf8, 0xff,
    0x08, 0x08, 0xf8, 0xff, 0x08, 0x0c, 0xf8, 0xff, 0x08, 0x08, 0xf8, 0xff,
    0x08, 0x08, 0xf8, 0xff, 0x10, 0x0c, 0xf8, 0xff, 0x08, 0x0c, 0xf8, 0xff,
    0x08, 0x08, 0xf8, 0xff, 0x10, 0x08, 0xf8, 0xff, 0x08, 0x08, 0xf8, 0xc3,
    0x08, 0x08, 0xf8, 0x20, 0x00, 0x00, 0x00, 0x00, 0x00, 0x00, 0x00, 0x00,
    0x00, 0x00, 0x00, 0x00, 0x00, 0x00, 0x00, 0x00, 0x00, 0x00, 0x00, 0x00,
    0x00, 0x00, 0x00, 0x00, 0x00, 0x00, 0x00, 0x00, 0x00, 0x00, 0x00, 0x00,
    0x00, 0x00, 0x00, 0x00, 0x00, 0x00, 0x00, 0x00, 0x00, 0x00, 0x00, 0x00,
    0x00, 0x00, 0x00, 0x00, 0x00, 0x00, 0x00, 0x00, 0x00, 0x00, 0x00, 0x00,
    0x00, 0x00, 0x00, 0x00, 0x00, 0x00, 0x00, 0x00, 0x00, 0x00, 0x00, 0x00,
    0x00, 0x00, 0x00, 0x00, 0x00, 0x00, 0x00, 0x00, 0x00, 0x00, 0x00, 0x00,
    0x00, 0x00, 0x00, 0x00, 0x00, 0x00, 0x00, 0x00, 0x00, 0x00, 0x00, 0x00,
    0x00, 0x00, 0x00, 0x00, 0x00, 0x00, 0x00, 0x00, 0x00, 0x00, 0x00, 0x00,
    0x00, 0x00, 0x00, 0x00, 0x00, 0x00, 0x00, 0x00, 0x00, 0x00, 0x00, 0x00,
    0x00, 0x00, 0x00, 0x00, 0x00, 0x00, 0x00, 0x00, 0x00, 0x00, 0x00, 0x00,
    0x00, 0x00, 0x00, 0x00, 0x08, 0x08, 0xf8, 0x38, 0x08, 0x08, 0xf8, 0xdf,
    0x10, 0x08, 0xf8, 0xff, 0x08, 0x08, 0xf8, 0xff, 0x10, 0x08, 0xf8, 0xff,
    0x08, 0x08, 0xf8, 0xff, 0x08, 0x08, 0xf8, 0xff, 0x10, 0x0c, 0xf8, 0xff,
    0x08, 0x08, 0xf8, 0xff, 0x08, 0x08, 0xf8, 0xff, 0x08, 0x08, 0xf8, 0xff,
    0x10, 0x08, 0xf8, 0xff, 0x08, 0x08, 0xf8, 0xff, 0x08, 0x08, 0xf8, 0xff,
    0x10, 0x08, 0xf8, 0xff, 0x48, 0x48, 0xf8, 0xff, 0xc0, 0xc0, 0xf8, 0xff,
    0xf8, 0xfc, 0xf8, 0xff, 0xf8, 0xfc, 0xf8, 0xff, 0xf8, 0xfc, 0xf8, 0xff,
    0xf8, 0xfc, 0xf8, 0xff, 0xf8, 0xfc, 0xf8, 0xff, 0xf8, 0xfc, 0xf8, 0xff,
    0xf8, 0xfc, 0xf8, 0xff, 0xf8, 0xfc, 0xf8, 0xff, 0xf8, 0xfc, 0xf8, 0xff,
    0xf8, 0xfc, 0xf8, 0xff, 0xf8, 0xfc, 0xf8, 0xff, 0xf8, 0xfc, 0xf8, 0xff,
    0xf8, 0xfc, 0xf8, 0xff, 0xf8, 0xfc, 0xf8, 0xff, 0xf8, 0xfc, 0xf8, 0xff,
    0xf8, 0xfc, 0xf8, 0xff, 0xf8, 0xfc, 0xf8, 0xff, 0xf8, 0xfc, 0xf8, 0xff,
    0xf8, 0xfc, 0xf8, 0xff, 0xf8, 0xfc, 0xf8, 0xff, 0xf8, 0xfc, 0xf8, 0xff,
    0xf8, 0xfc, 0xf8, 0xff, 0xf8, 0xfc, 0xf8, 0xff, 0xf8, 0xfc, 0xf8, 0xff,
    0xf8, 0xfc, 0xf8, 0xff, 0xf8, 0xfc, 0xf8, 0xff, 0xf8, 0xfc, 0xf8, 0xff,
    0xf8, 0xfc, 0xf8, 0xff, 0xf8, 0xfc, 0xf8, 0xff, 0xf8, 0xfc, 0xf8, 0xff,
    0xf8, 0xfc, 0xf8, 0xff, 0xf8, 0xfc, 0xf8, 0xff, 0xf8, 0xfc, 0xf8, 0xff,
    0xf8, 0xfc, 0xf8, 0xff, 0xe0, 0xe0, 0xf8, 0xff, 0x68, 0x68, 0xf8, 0xff,
    0x08, 0x08, 0xf8, 0xff, 0x10, 0x08, 0xf8, 0xff, 0x08, 0x08, 0xf8, 0xff,
    0x08, 0x0c, 0xf8, 0xff, 0x10, 0x08, 0xf8, 0xff, 0x10, 0x08, 0xf8, 0xff,
    0x08, 0x08, 0xf8, 0xff, 0x08, 0x08, 0xf8, 0xff, 0x10, 0x08, 0xf8, 0xff,
    0x08, 0x08, 0xf8, 0xff, 0x08, 0x08, 0xf8, 0xff, 0x10, 0x0c, 0xf8, 0xff,
    0x08, 0x08, 0xf8, 0xff, 0x08, 0x08, 0xf8, 0xdf, 0x08, 0x08, 0xf8, 0x38,
    0x00, 0x00, 0x00, 0x00, 0x00, 0x00, 0x00, 0x00, 0x00, 0x00, 0x00, 0x00,
    0x00, 0x00, 0x00, 0x00, 0x00, 0x00, 0x00, 0x00, 0x00, 0x00, 0x00, 0x00,
    0x00, 0x00, 0x00, 0x00, 0x00, 0x00, 0x00, 0x00, 0x00, 0x00, 0x00, 0x00,
    0x00, 0x00, 0x00, 0x00, 0x00, 0x00, 0x00, 0x00, 0x00, 0x00, 0x00, 0x00,
    0x00, 0x00, 0x00, 0x00, 0x00, 0x00, 0x00, 0x00, 0x00, 0x00, 0x00, 0x00,
    0x00, 0x00, 0x00, 0x00, 0x00, 0x00, 0x00, 0x00, 0x00, 0x00, 0x00, 0x00,
    0x00, 0x00, 0x00, 0x00, 0x00, 0x00, 0x00, 0x00, 0x00, 0x00, 0x00, 0x00,
    0x00, 0x00, 0x00, 0x00, 0x00, 0x00, 0x00, 0x00, 0x00, 0x00, 0x00, 0x00,
    0x00, 0x00, 0x00, 0x00, 0x00, 0x00, 0x00, 0x00, 0x00, 0x00, 0x00, 0x00,
    0x00, 0x00, 0x00, 0x00, 0x00, 0x00, 0x00, 0x00, 0x00, 0x00, 0x00, 0x00,
    0x00, 0x00, 0x00, 0x00, 0x08, 0x08, 0xf8, 0x45, 0x08, 0x08, 0xf8, 0xff,
    0x10, 0x08, 0xf8, 0xff, 0x08, 0x0c, 0xf8, 0xff, 0x08, 0x08, 0xf8, 0xff,
    0x10, 0x0c, 0xf8, 0xff, 0x08, 0x08, 0xf8, 0xff, 0x08, 0x08, 0xf8, 0xff,
    0x10, 0x0c, 0xf8, 0xff, 0x10, 0x08, 0xf8, 0xff, 0x08, 0x0c, 0xf8, 0xff,
    0x08, 0x0c, 0xf8, 0xff, 0x10, 0x08, 0xf8, 0xff, 0x08, 0x0c, 0xf8, 0xff,
    0x28, 0x28, 0xf8, 0xff, 0xc0, 0xc0, 0xf8, 0xff, 0xf8, 0xfc, 0xf8, 0xff,
    0xf8, 0xfc, 0xf8, 0xff, 0xf8, 0xfc, 0xf8, 0xff, 0xf8, 0xfc, 0xf8, 0xff,
    0xf8, 0xfc, 0xf8, 0xff, 0xf8, 0xfc, 0xf8, 0xff, 0xf8, 0xfc, 0xf8, 0xff,
    0xf8, 0xfc, 0xf8, 0xff, 0xf8, 0xfc, 0xf8, 0xff, 0xf8, 0xfc, 0xf8, 0xff,
    0xf8, 0xfc, 0xf8, 0xff, 0xf8, 0xfc, 0xf8, 0xff, 0xf8, 0xfc, 0xf8, 0xff,
    0xf8, 0xfc, 0xf8, 0xff, 0xf8, 0xfc, 0xf8, 0xff, 0xf8, 0xfc, 0xf8, 0xff,
    0xf8, 0xfc, 0xf8, 0xff, 0xf8, 0xfc, 0xf8, 0xff, 0xf8, 0xfc, 0xf8, 0xff,
    0xf8, 0xfc, 0xf8, 0xff, 0xf8, 0xfc, 0xf8, 0xff, 0xf8, 0xfc, 0xf8, 0xff,
    0xf8, 0xfc, 0xf8, 0xff, 0xf8, 0xfc, 0xf8, 0xff, 0xf8, 0xfc, 0xf8, 0xff,
    0xf8, 0xfc, 0xf8, 0xff, 0xf8, 0xfc, 0xf8, 0xff, 0xf8, 0xfc, 0xf8, 0xff,
    0xf8, 0xfc, 0xf8, 0xff, 0xf8, 0xfc, 0xf8, 0xff, 0xf8, 0xfc, 0xf8, 0xff,
    0xf8, 0xfc, 0xf8, 0xff, 0xf8, 0xfc, 0xf8, 0xff, 0xf8, 0xfc, 0xf8, 0xff,
    0xf8, 0xfc, 0xf8, 0xff, 0xf8, 0xfc, 0xf8, 0xff, 0xf8, 0xfc, 0xf8, 0xff,
    0xf8, 0xfc, 0xf8, 0xff, 0xe0, 0xe0, 0xf8, 0xff, 0x48, 0x48, 0xf8, 0xff,
    0x08, 0x08, 0xf8, 0xff, 0x08, 0x08, 0xf8, 0xff, 0x10, 0x08, 0xf8, 0xff,
    0x08, 0x0c, 0xf8, 0xff, 0x10, 0x08, 0xf8, 0xff, 0x08, 0x08, 0xf8, 0xff,
    0x10, 0x0c, 0xf8, 0xff, 0x08, 0x08, 0xf8, 0xff, 0x08, 0x08, 0xf8, 0xff,
    0x10, 0x08, 0xf8, 0xff, 0x08, 0x0c, 0xf8, 0xff, 0x08, 0x08, 0xf8, 0xff,
    0x10, 0x08, 0xf8, 0xff, 0x08, 0x08, 0xf8, 0x45, 0x00, 0x00, 0x00, 0x00,
    0x00, 0x00, 0x00, 0x00, 0x00, 0x00, 0x00, 0x00, 0x00, 0x00, 0x00, 0x00,
    0x00, 0x00, 0x00, 0x00, 0x00, 0x00, 0x00, 0x00, 0x00, 0x00, 0x00, 0x00,
    0x00, 0x00, 0x00, 0x00, 0x00, 0x00, 0x00, 0x00, 0x00, 0x00, 0x00, 0x00,
    0x00, 0x00, 0x00, 0x00, 0x00, 0x00, 0x00, 0x00, 0x00, 0x00, 0x00, 0x00,
    0x00, 0x00, 0x00, 0x00, 0x00, 0x00, 0x00, 0x00, 0x00, 0x00, 0x00, 0x00,
    0x00, 0x00, 0x00, 0x00, 0x00, 0x00, 0x00, 0x00, 0x00, 0x00, 0x00, 0x00,
    0x00, 0x00, 0x00, 0x00, 0x00, 0x00, 0x00, 0x00, 0x00, 0x00, 0x00, 0x00,
    0x00, 0x00, 0x00, 0x00, 0x00, 0x00, 0x00, 0x00, 0x00, 0x00, 0x00, 0x00,
    0x00, 0x00, 0x00, 0x00, 0x00, 0x00, 0x00, 0x00, 0x00, 0x00, 0x00, 0x00,
    0x00, 0x00, 0x00, 0x00, 0x08, 0x08, 0xf8, 0x49, 0x08, 0x08, 0xf8, 0xff,
    0x10, 0x08, 0xf8, 0xff, 0x08, 0x08, 0xf8, 0xff, 0x08, 0x08, 0xf8, 0xff,
    0x10, 0x08, 0xf8, 0xff, 0x08, 0x0c, 0xf8, 0xff, 0x10, 0x08, 0xf8, 0xff,
    0x08, 0x08, 0xf8, 0xff, 0x08, 0x08, 0xf8, 0xff, 0x10, 0x08, 0xf8, 0xff,
    0x08, 0x08, 0xf8, 0xff, 0x10, 0x08, 0xf8, 0xff, 0x28, 0x28, 0xf8, 0xff,
    0x88, 0x84, 0xf8, 0xff, 0xf8, 0xfc, 0xf8, 0xff, 0xf8, 0xfc, 0xf8, 0xff,
    0xf8, 0xfc, 0xf8, 0xff, 0xf8, 0xfc, 0xf8, 0xff, 0xf8, 0xfc, 0xf8, 0xff,
    0xf8, 0xfc, 0xf8, 0xff, 0xf8, 0xfc, 0xf8, 0xff, 0xf8, 0xfc, 0xf8, 0xff,
    0xf8, 0xfc, 0xf8, 0xff, 0xf8, 0xfc, 0xf8, 0xff, 0xf8, 0xfc, 0xf8, 0xff,
    0xf8, 0xfc, 0xf8, 0xff, 0xf8, 0xfc, 0xf8, 0xff, 0xf8, 0xfc, 0xf8, 0xff,
    0xf8, 0xfc, 0xf8, 0xff, 0xf8, 0xfc, 0xf8, 0xff, 0xf8, 0xfc, 0xf8, 0xff,
    0xf8, 0xfc, 0xf8, 0xff, 0xf8, 0xfc, 0xf8, 0xff, 0xf8, 0xfc, 0xf8, 0xff,
    0xf8, 0xfc, 0xf8, 0xff, 0xf8, 0xfc, 0xf8, 0xff, 0xf8, 0xfc, 0xf8, 0xff,
    0xf8, 0xfc, 0xf8, 0xff, 0xf8, 0xfc, 0xf8, 0xff, 0xf8, 0xfc, 0xf8, 0xff,
    0xf8, 0xfc, 0xf8, 0xff, 0xf8, 0xfc, 0xf8, 0xff, 0xf8, 0xfc, 0xf8, 0xff,
    0xf8, 0xfc, 0xf8, 0xff, 0xf8, 0xfc, 0xf8, 0xff, 0xf8, 0xfc, 0xf8, 0xff,
    0xf8, 0xfc, 0xf8, 0xff, 0xf8, 0xfc, 0xf8, 0xff, 0xf8, 0xfc, 0xf8, 0xff,
    0xf8, 0xfc, 0xf8, 0xff, 0xf8, 0xfc, 0xf8, 0xff, 0xf8, 0xfc, 0xf8, 0xff,
    0xf8, 0xfc, 0xf8, 0xff, 0xf8, 0xfc, 0xf8, 0xff, 0xf8, 0xfc, 0xf8, 0xff,
    0xf8, 0xfc, 0xf8, 0xff, 0xa8, 0xa4, 0xf8, 0xff, 0x28, 0x28, 0xf8, 0xff,
    0x08, 0x08, 0xf8, 0xff, 0x08, 0x08, 0xf8, 0xff, 0x08, 0x0c, 0xf8, 0xff,
    0x10, 0x08, 0xf8, 0xff, 0x08, 0x08, 0xf8, 0xff, 0x10, 0x0c, 0xf8, 0xff,
    0x08, 0x08, 0xf8, 0xff, 0x10, 0x08, 0xf8, 0xff, 0x08, 0x08, 0xf8, 0xff,
    0x10, 0x08, 0xf8, 0xff, 0x08, 0x08, 0xf8, 0xff, 0x08, 0x08, 0xf8, 0xff,
    0x08, 0x0c, 0xf8, 0x49, 0x00, 0x00, 0x00, 0x00, 0x00, 0x00, 0x00, 0x00,
    0x00, 0x00, 0x00, 0x00, 0x00, 0x00, 0x00, 0x00, 0x00, 0x00, 0x00, 0x00,
    0x00, 0x00, 0x00, 0x00, 0x00, 0x00, 0x00, 0x00, 0x00, 0x00, 0x00, 0x00,
    0x00, 0x00, 0x00, 0x00, 0x00, 0x00, 0x00, 0x00, 0x00, 0x00, 0x00, 0x00,
    0x00, 0x00, 0x00, 0x00, 0x00, 0x00, 0x00, 0x00, 0x00, 0x00, 0x00, 0x00,
    0x00, 0x00, 0x00, 0x00, 0x00, 0x00, 0x00, 0x00, 0x00, 0x00, 0x00, 0x00,
    0x00, 0x00, 0x00, 0x00, 0x00, 0x00, 0x00, 0x00, 0x00, 0x00, 0x00, 0x00,
    0x00, 0x00, 0x00, 0x00, 0x00, 0x00, 0x00, 0x00, 0x00, 0x00, 0x00, 0x00,
    0x00, 0x00, 0x00, 0x00, 0x00, 0x00, 0x00, 0x00, 0x00, 0x00, 0x00, 0x00,
    0x00, 0x00, 0x00, 0x00, 0x08, 0x08, 0xf8, 0x45, 0x10, 0x08, 0xf8, 0xff,
    0x08, 0x08, 0xf8, 0xff, 0x10, 0x0c, 0xf8, 0xff, 0x08, 0x08, 0xf8, 0xff,
    0x08, 0x08, 0xf8, 0xff, 0x10, 0x08, 0xf8, 0xff, 0x08, 0x08, 0xf8, 0xff,
    0x08, 0x0c, 0xf8, 0xff, 0x10, 0x08, 0xf8, 0xff, 0x08, 0x08, 0xf8, 0xff,
    0x08, 0x0c, 0xf8, 0xff, 0x08, 0x08, 0xf8, 0xff, 0x68, 0x68, 0xf8, 0xff,
    0xf8, 0xfc, 0xf8, 0xff, 0xf8, 0xfc, 0xf8, 0xff, 0xf8, 0xfc, 0xf8, 0xff,
    0xf8, 0xfc, 0xf8, 0xff, 0xf8, 0xfc, 0xf8, 0xff, 0xf8, 0xfc, 0xf8, 0xff,
    0xf8, 0xfc, 0xf8, 0xff, 0xf8, 0xfc, 0xf8, 0xff, 0xf8, 0xfc, 0xf8, 0xff,
    0xf8, 0xfc, 0xf8, 0xff, 0xf8, 0xfc, 0xf8, 0xff, 0xf8, 0xfc, 0xf8, 0xff,
    0xf8, 0xfc, 0xf8, 0xff, 0xf8, 0xfc, 0xf8, 0xff, 0xf8, 0xfc, 0xf8, 0xff,
    0xf8, 0xfc, 0xf8, 0xff, 0xf8, 0xfc, 0xf8, 0xff, 0xf8, 0xfc, 0xf8, 0xff,
    0xf8, 0xfc, 0xf8, 0xff, 0xf8, 0xfc, 0xf8, 0xff, 0xf8, 0xfc, 0xf8, 0xff,
    0xf8, 0xfc, 0xf8, 0xff, 0xf8, 0xfc, 0xf8, 0xff, 0xf8, 0xfc, 0xf8, 0xff,
    0xf8, 0xfc, 0xf8, 0xff, 0xf8, 0xfc, 0xf8, 0xff, 0xf8, 0xfc, 0xf8, 0xff,
    0xf8, 0xfc, 0xf8, 0xff, 0xf8, 0xfc, 0xf8, 0xff, 0xf8, 0xfc, 0xf8, 0xff,
    0xf8, 0xfc, 0xf8, 0xff, 0xf8, 0xfc, 0xf8, 0xff, 0xf8, 0xfc, 0xf8, 0xff,
    0xf8, 0xfc, 0xf8, 0xff, 0xf8, 0xfc, 0xf8, 0xff, 0xf8, 0xfc, 0xf8, 0xff,
    0xf8, 0xfc, 0xf8, 0xff, 0xf8, 0xfc, 0xf8, 0xff, 0xf8, 0xfc, 0xf8, 0xff,
    0xf8, 0xfc, 0xf8, 0xff, 0xf8, 0xfc, 0xf8, 0xff, 0xf8, 0xfc, 0xf8, 0xff,
    0xf8, 0xfc, 0xf8, 0xff, 0xf8, 0xfc, 0xf8, 0xff, 0xf8, 0xfc, 0xf8, 0xff,
    0xe0, 0xe0, 0xf8, 0xff, 0x88, 0x84, 0xf8, 0xff, 0x10, 0x08, 0xf8, 0xff,
    0x08, 0x08, 0xf8, 0xff, 0x08, 0x08, 0xf8, 0xff, 0x10, 0x08, 0xf8, 0xff,
    0x08, 0x08, 0xf8, 0xff, 0x08, 0x0c, 0xf8, 0xff, 0x08, 0x08, 0xf8, 0xff,
    0x10, 0x08, 0xf8, 0xff, 0x08, 0x0c, 0xf8, 0xff, 0x10, 0x08, 0xf8, 0xff,
    0x10, 0x08, 0xf8, 0xff, 0x08, 0x08, 0xf8, 0xff, 0x08, 0x08, 0xf8, 0x45,
    0x00, 0x00, 0x00, 0x00, 0x00, 0x00, 0x00, 0x00, 0x00, 0x00, 0x00, 0x00,
    0x00, 0x00, 0x00, 0x00, 0x00, 0x00, 0x00, 0x00, 0x00, 0x00, 0x00, 0x00,
    0x00, 0x00, 0x00, 0x00, 0x00, 0x00, 0x00, 0x00, 0x00, 0x00, 0x00, 0x00,
    0x00, 0x00, 0x00, 0x00, 0x00, 0x00, 0x00, 0x00, 0x00, 0x00, 0x00, 0x00,
    0x00, 0x00, 0x00, 0x00, 0x00, 0x00, 0x00, 0x00, 0x00, 0x00, 0x00, 0x00,
    0x00, 0x00, 0x00, 0x00, 0x00, 0x00, 0x00, 0x00, 0x00, 0x00, 0x00, 0x00,
    0x00, 0x00, 0x00, 0x00, 0x00, 0x00, 0x00, 0x00, 0x00, 0x00, 0x00, 0x00,
    0x00, 0x00, 0x00, 0x00, 0x00, 0x00, 0x00, 0x00, 0x00, 0x00, 0x00, 0x00,
    0x00, 0x00, 0x00, 0x00, 0x08, 0x08, 0xf8, 0x38, 0x08, 0x08, 0xf8, 0xff,
    0x08, 0x08, 0xf8, 0xff, 0x10, 0x08, 0xf8, 0xff, 0x08, 0x0c, 0xf8, 0xff,
    0x08, 0x08, 0xf8, 0xff, 0x10, 0x0c, 0xf8, 0xff, 0x08, 0x08, 0xf8, 0xff,
    0x08, 0x08, 0xf8, 0xff, 0x10, 0x08, 0xf8, 0xff, 0x08, 0x0c, 0xf8, 0xff,
    0x10, 0x08, 0xf8, 0xff, 0x08, 0x08, 0xf8, 0xff, 0xa8, 0xa4, 0xf8, 0xff,
    0xf8, 0xfc, 0xf8, 0xff, 0xf8, 0xfc, 0xf8, 0xff, 0xf8, 0xfc, 0xf8, 0xff,
    0xf8, 0xfc, 0xf8, 0xff, 0xf8, 0xfc, 0xf8, 0xff, 0xf8, 0xfc, 0xf8, 0xff,
    0xf8, 0xfc, 0xf8, 0xff, 0xf8, 0xfc, 0xf8, 0xff, 0xf8, 0xfc, 0xf8, 0xff,
    0xf8, 0xfc, 0xf8, 0xff, 0xf8, 0xfc, 0xf8, 0xff, 0xf8, 0xfc, 0xf8, 0xff,
    0xf8, 0xfc, 0xf8, 0xff, 0xf8, 0xfc, 0xf8, 0xff, 0xf8, 0xfc, 0xf8, 0xff,
    0xf8, 0xfc, 0xf8, 0xff, 0xf8, 0xfc, 0xf8, 0xff, 0xf8, 0xfc, 0xf8, 0xff,
    0xf8, 0xfc, 0xf8, 0xff, 0xf8, 0xfc, 0xf8, 0xff, 0xf8, 0xfc, 0xf8, 0xff,
    0xf8, 0xfc, 0xf8, 0xff, 0xf8, 0xfc, 0xf8, 0xff, 0xf8, 0xfc, 0xf8, 0xff,
    0xf8, 0xfc, 0xf8, 0xff, 0xf8, 0xfc, 0xf8, 0xff, 0xf8, 0xfc, 0xf8, 0xff,
    0xf8, 0xfc, 0xf8, 0xff, 0xf8, 0xfc, 0xf8, 0xff, 0xf8, 0xfc, 0xf8, 0xff,
    0xf8, 0xfc, 0xf8, 0xff, 0xf8, 0xfc, 0xf8, 0xff, 0xf8, 0xfc, 0xf8, 0xff,
    0xf8, 0xfc, 0xf8, 0xff, 0xf8, 0xfc, 0xf8, 0xff, 0xf8, 0xfc, 0xf8, 0xff,
    0xf8, 0xfc, 0xf8, 0xff, 0xf8, 0xfc, 0xf8, 0xff, 0xf8, 0xfc, 0xf8, 0xff,
    0xf8, 0xfc, 0xf8, 0xff, 0xf8, 0xfc, 0xf8, 0xff, 0xf8, 0xfc, 0xf8, 0xff,
    0xf8, 0xfc, 0xf8, 0xff, 0xf8, 0xfc, 0xf8, 0xff, 0xf8, 0xfc, 0xf8, 0xff,
    0xf8, 0xfc, 0xf8, 0xff, 0xf8, 0xfc, 0xf8, 0xff, 0xf8, 0xfc, 0xf8, 0xff,
    0x88, 0x84, 0xf8, 0xff, 0x08, 0x0c, 0xf8, 0xff, 0x08, 0x08, 0xf8, 0xff,
    0x10, 0x08, 0xf8, 0xff, 0x08, 0x0c, 0xf8, 0xff, 0x08, 0x08, 0xf8, 0xff,
    0x10, 0x08, 0xf8, 0xff, 0x08, 0x0c, 0xf8, 0xff, 0x08, 0x08, 0xf8, 0xff,
    0x08, 0x08, 0xf8, 0xff, 0x10, 0x0c, 0xf8, 0xff, 0x08, 0x08, 0xf8, 0xff,
    0x10, 0x08, 0xf8, 0xff, 0x08, 0x08, 0xf8, 0x38, 0x00, 0x00, 0x00, 0x00,
    0x00, 0x00, 0x00, 0x00, 0x00, 0x00, 0x00, 0x00, 0x00, 0x00, 0x00, 0x00,
    0x00, 0x00, 0x00, 0x00, 0x00, 0x00, 0x00, 0x00, 0x00, 0x00, 0x00, 0x00,
    0x00, 0x00, 0x00, 0x00, 0x00, 0x00, 0x00, 0x00, 0x00, 0x00, 0x00, 0x00,
    0x00, 0x00, 0x00, 0x00, 0x00, 0x00, 0x00, 0x00, 0x00, 0x00, 0x00, 0x00,
    0x00, 0x00, 0x00, 0x00, 0x00, 0x00, 0x00, 0x00, 0x00, 0x00, 0x00, 0x00,
    0x00, 0x00, 0x00, 0x00, 0x00, 0x00, 0x00, 0x00, 0x00, 0x00, 0x00, 0x00,
    0x00, 0x00, 0x00, 0x00, 0x00, 0x00, 0x00, 0x00, 0x00, 0x00, 0x00, 0x00,
    0x00, 0x00, 0x00, 0x00, 0x08, 0x08, 0xf8, 0x20, 0x08, 0x08, 0xf8, 0xdf,
    0x10, 0x08, 0xf8, 0xff, 0x08, 0x08, 0xf8, 0xff, 0x08, 0x08, 0xf8, 0xff,
    0x10, 0x08, 0xf8, 0xff, 0x08, 0x08, 0xf8, 0xff, 0x10, 0x08, 0xf8, 0xff,
    0x08, 0x0c, 0xf8, 0xff, 0x10, 0x08, 0xf8, 0xff, 0x08, 0x08, 0xf8, 0xff,
    0x08, 0x08, 0xf8, 0xff, 0x28, 0x28, 0xf8, 0xff, 0xe0, 0xe0, 0xf8, 0xff,
    0xf8, 0xfc, 0xf8, 0xff, 0xf8, 0xfc, 0xf8, 0xff, 0xf8, 0xfc, 0xf8, 0xff,
    0xf8, 0xfc, 0xf8, 0xff, 0xf8, 0xfc, 0xf8, 0xff, 0xf8, 0xfc, 0xf8, 0xff,
    0xf8, 0xfc, 0xf8, 0xff, 0xf8, 0xfc, 0xf8, 0xff, 0xf8, 0xfc, 0xf8, 0xff,
    0xf8, 0xfc, 0xf8, 0xff, 0xf8, 0xfc, 0xf8, 0xff, 0xf8, 0xfc, 0xf8, 0xff,
    0xf8, 0xfc, 0xf8, 0xff, 0xf8, 0xfc, 0xf8, 0xff, 0xf8, 0xfc, 0xf8, 0xff,
    0xf8, 0xfc, 0xf8, 0xff, 0xf8, 0xfc, 0xf8, 0xff, 0xf8, 0xfc, 0xf8, 0xff,
    0xf8, 0xfc, 0xf8, 0xff, 0xf8, 0xfc, 0xf8, 0xff, 0xf8, 0xfc, 0xf8, 0xff,
    0xf8, 0xfc, 0xf8, 0xff, 0xf8, 0xfc, 0xf8, 0xff, 0xf8, 0xfc, 0xf8, 0xff,
    0xf8, 0xfc, 0xf8, 0xff, 0xf8, 0xfc, 0xf8, 0xff, 0xf8, 0xfc, 0xf8, 0xff,
    0xf8, 0xfc, 0xf8, 0xff, 0xf8, 0xfc, 0xf8, 0xff, 0xf8, 0xfc, 0xf8, 0xff,
    0xf8, 0xfc, 0xf8, 0xff, 0xf8, 0xfc, 0xf8, 0xff, 0xf8, 0xfc, 0xf8, 0xff,
    0xf8, 0xfc, 0xf8, 0xff, 0xf8, 0xfc, 0xf8, 0xff, 0xf8, 0xfc, 0xf8, 0xff,
    0xf8, 0xfc, 0xf8, 0xff, 0xf8, 0xfc, 0xf8, 0xff, 0xf8, 0xfc, 0xf8, 0xff,
    0xf8, 0xfc, 0xf8, 0xff, 0xf8, 0xfc, 0xf8, 0xff, 0xf8, 0xfc, 0xf8, 0xff,
    0xf8, 0xfc, 0xf8, 0xff, 0xf8, 0xfc, 0xf8, 0xff, 0xf8, 0xfc, 0xf8, 0xff,
    0xf8, 0xfc, 0xf8, 0xff, 0xf8, 0xfc, 0xf8, 0xff, 0xf8, 0xfc, 0xf8, 0xff,
    0xf8, 0xfc, 0xf8, 0xff, 0xf8, 0xfc, 0xf8, 0xff, 0xe0, 0xe0, 0xf8, 0xff,
    0x28, 0x28, 0xf8, 0xff, 0x10, 0x08, 0xf8, 0xff, 0x08, 0x08, 0xf8, 0xff,
    0x10, 0x08, 0xf8, 0xff, 0x10, 0x08, 0xf8, 0xff, 0x08, 0x0c, 0xf8, 0xff,
    0x08, 0x08, 0xf8, 0xff, 0x10, 0x08, 0xf8, 0xff, 0x08, 0x08, 0xf8, 0xff,
    0x08, 0x08, 0xf8, 0xff, 0x10, 0x08, 0xf8, 0xff, 0x08, 0x08, 0xf8, 0xdf,
    0x08, 0x08, 0xf8, 0x20, 0x00, 0x00, 0x00, 0x00, 0x00, 0x00, 0x00, 0x00,
    0x00, 0x00, 0x00, 0x00, 0x00, 0x00, 0x00, 0x00, 0x00, 0x00, 0x00, 0x00,
    0x00, 0x00, 0x00, 0x00, 0x00, 0x00, 0x00, 0x00, 0x00, 0x00, 0x00, 0x00,
    0x00, 0x00, 0x00, 0x00, 0x00, 0x00, 0x00, 0x00, 0x00, 0x00, 0x00, 0x00,
    0x00, 0x00, 0x00, 0x00, 0x00, 0x00, 0x00, 0x00, 0x00, 0x00, 0x00, 0x00,
    0x00, 0x00, 0x00, 0x00, 0x00, 0x00, 0x00, 0x00, 0x00, 0x00, 0x00, 0x00,
    0x00, 0x00, 0x00, 0x00, 0x00, 0x00, 0x00, 0x00, 0x00, 0x00, 0x00, 0x00,
    0x00, 0x00, 0x00, 0x00, 0x00, 0x00, 0x00, 0x00, 0x08, 0x08, 0xf8, 0xc3,
    0x10, 0x08, 0xf8, 0xff, 0x08, 0x0c, 0xf8, 0xff, 0x10, 0x08, 0xf8, 0xff,
    0x08, 0x0c, 0xf8, 0xff, 0x08, 0x08, 0xf8, 0xff, 0x10, 0x08, 0xf8, 0xff,
    0x08, 0x08, 0xf8, 0xff, 0x08, 0x0c, 0xf8, 0xff, 0x10, 0x08, 0xf8, 0xff,
    0x08, 0x08, 0xf8, 0xff, 0x10, 0x0c, 0xf8, 0xff, 0xb8, 0xb8, 0xf8, 0xff,
    0xf8, 0xfc, 0xf8, 0xff, 0xf8, 0xfc, 0xf8, 0xff, 0xf8, 0xfc, 0xf8, 0xff,
    0xf8, 0xfc, 0xf8, 0xff, 0xf8, 0xfc, 0xf8, 0xff, 0xf8, 0xfc, 0xf8, 0xff,
    0xf8, 0xfc, 0xf8, 0xff, 0xf8, 0xfc, 0xf8, 0xff, 0xd8, 0xd4, 0xd8, 0xff,
    0xd8, 0xd4, 0xd0, 0xff, 0xd8, 0xd4, 0xd0, 0xff, 0xd0, 0xd4, 0xd8, 0xff,
    0xd8, 0xd4, 0xd0, 0xff, 0xf8, 0xfc, 0xf8, 0xff, 0xf8, 0xfc, 0xf8, 0xff,
    0xf8, 0xfc, 0xf8, 0xff, 0xf8, 0xfc, 0xf8, 0xff, 0xf8, 0xfc, 0xf8, 0xff,
    0xf8, 0xfc, 0xf8, 0xff, 0xf8, 0xfc, 0xf8, 0xff, 0xf8, 0xfc, 0xf8, 0xff,
    0xf8, 0xfc, 0xf8, 0xff, 0xf8, 0xfc, 0xf8, 0xff, 0xf8, 0xfc, 0xf8, 0xff,
    0xf8, 0xfc, 0xf8, 0xff, 0xf8, 0xfc, 0xf8, 0xff, 0xf8, 0xfc, 0xf8, 0xff,
    0xf8, 0xfc, 0xf8, 0xff, 0xf8, 0xfc, 0xf8, 0xff, 0xf8, 0xfc, 0xf8, 0xff,
    0xf8, 0xfc, 0xf8, 0xff, 0xf8, 0xfc, 0xf8, 0xff, 0xf8, 0xfc, 0xf8, 0xff,
    0xf8, 0xfc, 0xf8, 0xff, 0xf8, 0xfc, 0xf8, 0xff, 0xf8, 0xfc, 0xf8, 0xff,
    0xf8, 0xfc, 0xf8, 0xff, 0xf8, 0xfc, 0xf8, 0xff, 0xf8, 0xfc, 0xf8, 0xff,
    0xf8, 0xfc, 0xf8, 0xff, 0xf8, 0xfc, 0xf8, 0xff, 0xf8, 0xfc, 0xf8, 0xff,
    0xf8, 0xfc, 0xf8, 0xff, 0xf8, 0xfc, 0xf8, 0xff, 0xf8, 0xfc, 0xf8, 0xff,
    0xf8, 0xfc, 0xf8, 0xff, 0xf8, 0xfc, 0xf8, 0xff, 0xf8, 0xfc, 0xf8, 0xff,
    0xf8, 0xfc, 0xf8, 0xff, 0xf8, 0xfc, 0xf8, 0xff, 0xf8, 0xfc, 0xf8, 0xff,
    0xf8, 0xfc, 0xf8, 0xff, 0xe0, 0xe0, 0xf8, 0xff, 0x48, 0x48, 0xf8, 0xff,
    0x08, 0x0c, 0xf8, 0xff, 0x08, 0x08, 0xf8, 0xff, 0x08, 0x08, 0xf8, 0xff,
    0x10, 0x08, 0xf8, 0xff, 0x08, 0x08, 0xf8, 0xff, 0x10, 0x0c, 0xf8, 0xff,
    0x08, 0x08, 0xf8, 0xff, 0x08, 0x0c, 0xf8, 0xff, 0x10, 0x08, 0xf8, 0xff,
    0x08, 0x08, 0xf8, 0xff, 0x08, 0x08, 0xf8, 0xc3, 0x00, 0x00, 0x00, 0x00,
    0x00, 0x00, 0x00, 0x00, 0x00, 0x00, 0x00, 0x00, 0x00, 0x00, 0x00, 0x00,
    0x00, 0x00, 0x00, 0x00, 0x00, 0x00, 0x00, 0x00, 0x00, 0x00, 0x00, 0x00,
    0x00, 0x00, 0x00, 0x00, 0x00, 0x00, 0x00, 0x00, 0x00, 0x00, 0x00, 0x00,
    0x00, 0x00, 0x00, 0x00, 0x00, 0x00, 0x00, 0x00, 0x00, 0x00, 0x00, 0x00,
    0x00, 0x00, 0x00, 0x00, 0x00, 0x00, 0x00, 0x00, 0x00, 0x00, 0x00, 0x00,
    0x00, 0x00, 0x00, 0x00, 0x00, 0x00, 0x00, 0x00, 0x00, 0x00, 0x00, 0x00,
    0x00, 0x00, 0x00, 0x00, 0x00, 0x00, 0x00, 0x00, 0x08, 0x08, 0xf8, 0x9a,
    0x08, 0x08, 0xf8, 0xff, 0x10, 0x08, 0xf8, 0xff, 0x08, 0x08, 0xf8, 0xff,
    0x08, 0x08, 0xf8, 0xff, 0x10, 0x0c, 0xf8, 0xff, 0x08, 0x08, 0xf8, 0xff,
    0x08, 0x08, 0xf8, 0xff, 0x10, 0x0c, 0xf8, 0xff, 0x08, 0x08, 0xf8, 0xff,
    0x08, 0x08, 0xf8, 0xff, 0x10, 0x08, 0xf8, 0xff, 0x08, 0x08, 0xf8, 0xff,
    0x08, 0x08, 0xf8, 0xff, 0xb8, 0xb8, 0xf8, 0xff, 0xf8, 0xfc, 0xf8, 0xff,
    0xf8, 0xfc, 0xf8, 0xff, 0xf8, 0xfc, 0xf8, 0xff, 0xf8, 0xfc, 0xf8, 0xff,
    0xf8, 0xfc, 0xf8, 0xff, 0xf8, 0xfc, 0xf8, 0xff, 0xf8, 0xfc, 0xf8, 0xff,
    0x38, 0x38, 0x38, 0xff, 0x00, 0x00, 0x00, 0xff, 0x08, 0x08, 0x08, 0xff,
    0x00, 0x00, 0x00, 0xff, 0x10, 0x14, 0x10, 0xff, 0xd8, 0xd4, 0xd8, 0xff,
    0xf8, 0xfc, 0xf8, 0xff, 0xf8, 0xfc, 0xf8, 0xff, 0xf8, 0xfc, 0xf8, 0xff,
    0xf8, 0xfc, 0xf8, 0xff, 0xf8, 0xfc, 0xf8, 0xff, 0xf8, 0xfc, 0xf8, 0xff,
    0xf8, 0xfc, 0xf8, 0xff, 0xf8, 0xfc, 0xf8, 0xff, 0xf8, 0xfc, 0xf8, 0xff,
    0xf8, 0xfc, 0xf8, 0xff, 0xf8, 0xfc, 0xf8, 0xff, 0xf8, 0xfc, 0xf8, 0xff,
    0xf8, 0xfc, 0xf8, 0xff, 0xf8, 0xfc, 0xf8, 0xff, 0xf8, 0xfc, 0xf8, 0xff,
    0xf8, 0xfc, 0xf8, 0xff, 0xf8, 0xfc, 0xf8, 0xff, 0xf8, 0xfc, 0xf8, 0xff,
    0xf8, 0xfc, 0xf8, 0xff, 0xf8, 0xfc, 0xf8, 0xff, 0xf8, 0xfc, 0xf8, 0xff,
    0xf8, 0xfc, 0xf8, 0xff, 0xf8, 0xfc, 0xf8, 0xff, 0xf8, 0xfc, 0xf8, 0xff,
    0xf8, 0xfc, 0xf8, 0xff, 0xf8, 0xfc, 0xf8, 0xff, 0xf8, 0xfc, 0xf8, 0xff,
    0xf8, 0xfc, 0xf8, 0xff, 0xf8, 0xfc, 0xf8, 0xff, 0xf8, 0xfc, 0xf8, 0xff,
    0xf8, 0xfc, 0xf8, 0xff, 0xf8, 0xfc, 0xf8, 0xff, 0xf8, 0xfc, 0xf8, 0xff,
    0xf8, 0xfc, 0xf8, 0xff, 0xf8, 0xfc, 0xf8, 0xff, 0xf8, 0xfc, 0xf8, 0xff,
    0xf8, 0xfc, 0xf8, 0xff, 0xf8, 0xfc, 0xf8, 0xff, 0xf8, 0xfc, 0xf8, 0xff,
    0xe0, 0xe0, 0xf8, 0xff, 0x88, 0x84, 0xf8, 0xff, 0x08, 0x08, 0xf8, 0xff,
    0x10, 0x0c, 0xf8, 0xff, 0x08, 0x08, 0xf8, 0xff, 0x08, 0x08, 0xf8, 0xff,
    0x10, 0x08, 0xf8, 0xff, 0x08, 0x0c, 0xf8, 0xff, 0x08, 0x08, 0xf8, 0xff,
    0x10, 0x08, 0xf8, 0xff, 0x08, 0x0c, 0xf8, 0xff, 0x10, 0x08, 0xf8, 0xff,
    0x10, 0x08, 0xf8, 0x9a, 0x00, 0x00, 0x00, 0x00, 0x00, 0x00, 0x00, 0x00,
    0x00, 0x00, 0x00, 0x00, 0x00, 0x00, 0x00, 0x00, 0x00, 0x00, 0x00, 0x00,
    0x00, 0x00, 0x00, 0x00, 0x00, 0x00, 0x00, 0x00, 0x00, 0x00, 0x00, 0x00,
    0x00, 0x00, 0x00, 0x00, 0x00, 0x00, 0x00, 0x00, 0x00, 0x00, 0x00, 0x00,
    0x00, 0x00, 0x00, 0x00, 0x00, 0x00, 0x00, 0x00, 0x00, 0x00, 0x00, 0x00,
    0x00, 0x00, 0x00, 0x00, 0x00, 0x00, 0x00, 0x00, 0x00, 0x00, 0x00, 0x00,
    0x00, 0x00, 0x00, 0x00, 0x00, 0x00, 0x00, 0x00, 0x08, 0x08, 0xf8, 0x65,
    0x10, 0x08, 0xf8, 0xff, 0x08, 0x08, 0xf8, 0xff, 0x08, 0x0c, 0xf8, 0xff,
    0x10, 0x08, 0xf8, 0xff, 0x08, 0x08, 0xf8, 0xff, 0x10, 0x08, 0xf8, 0xff,
    0x08, 0x08, 0xf8, 0xff, 0x08, 0x0c, 0xf8, 0xff, 0x10, 0x08, 0xf8, 0xff,
    0x08, 0x08, 0xf8, 0xff, 0x08, 0x0c, 0xf8, 0xff, 0x10, 0x08, 0xf8, 0xff,
    0x08, 0x08, 0xf8, 0xff, 0x08, 0x08, 0xf8, 0xff, 0x10, 0x08, 0xf8, 0xff,
    0xb8, 0xb8, 0xf8, 0xff, 0xf8, 0xfc, 0xf8, 0xff, 0xf8, 0xfc, 0xf8, 0xff,
    0xf8, 0xfc, 0xf8, 0xff, 0xf8, 0xfc, 0xf8, 0xff, 0xf8, 0xfc, 0xf8, 0xff,
    0xf8, 0xfc, 0xf8, 0xff, 0xc0, 0xc0, 0xc0, 0xff, 0x00, 0x00, 0x00, 0xff,
    0x00, 0x00, 0x00, 0xff, 0x00, 0x00, 0x00, 0xff, 0x60, 0x60, 0x60, 0xff,
    0xf8, 0xfc, 0xf8, 0xff, 0xf8, 0xfc, 0xf8, 0xff, 0xf8, 0xfc, 0xf8, 0xff,
    0xf8, 0xfc, 0xf8, 0xff, 0xf8, 0xfc, 0xf8, 0xff, 0xf8, 0xfc, 0xf8, 0xff,
    0xf8, 0xfc, 0xf8, 0xff, 0xf8, 0xfc, 0xf8, 0xff, 0xf8, 0xfc, 0xf8, 0xff,
    0xf8, 0xfc, 0xf8, 0xff, 0xf8, 0xfc, 0xf8, 0xff, 0xf8, 0xfc, 0xf8, 0xff,
    0xf8, 0xfc, 0xf8, 0xff, 0xf8, 0xfc, 0xf8, 0xff, 0xf8, 0xfc, 0xf8, 0xff,
    0xf8, 0xfc, 0xf8, 0xff, 0xf8, 0xfc, 0xf8, 0xff, 0xf8, 0xfc, 0xf8, 0xff,
    0xf8, 0xfc, 0xf8, 0xff, 0xf8, 0xfc, 0xf8, 0xff, 0xf8, 0xfc, 0xf8, 0xff,
    0xf8, 0xfc, 0xf8, 0xff, 0xf8, 0xfc, 0xf8, 0xff, 0xf8, 0xfc, 0xf8, 0xff,
    0xf8, 0xfc, 0xf8, 0xff, 0xf8, 0xfc, 0xf8, 0xff, 0xf8, 0xfc, 0xf8, 0xff,
    0xf8, 0xfc, 0xf8, 0xff, 0xf8, 0xfc, 0xf8, 0xff, 0xf8, 0xfc, 0xf8, 0xff,
    0xf8, 0xfc, 0xf8, 0xff, 0xf8, 0xfc, 0xf8, 0xff, 0xf8, 0xfc, 0xf8, 0xff,
    0xf8, 0xfc, 0xf8, 0xff, 0xf8, 0xfc, 0xf8, 0xff, 0xf8, 0xfc, 0xf8, 0xff,
    0xf8, 0xfc, 0xf8, 0xff, 0xf8, 0xfc, 0xf8, 0xff, 0xf8, 0xfc, 0xf8, 0xff,
    0xf8, 0xfc, 0xf8, 0xff, 0xf8, 0xfc, 0xf8, 0xff, 0xe0, 0xe0, 0xf8, 0xff,
    0x88, 0x84, 0xf8, 0xff, 0x08, 0x08, 0xf8, 0xff, 0x08, 0x0c, 0xf8, 0xff,
    0x10, 0x08, 0xf8, 0xff, 0x08, 0x08, 0xf8, 0xff, 0x10, 0x08, 0xf8, 0xff,
    0x08, 0x08, 0xf8, 0xff, 0x08, 0x08, 0xf8, 0xff, 0x10, 0x0c, 0xf8, 0xff,
    0x08, 0x08, 0xf8, 0xff, 0x08, 0x08, 0xf8, 0xff, 0x08, 0x0c, 0xf8, 0x65,
    0x00, 0x00, 0x00, 0x00, 0x00, 0x00, 0x00, 0x00, 0x00, 0x00, 0x00, 0x00,
    0x00, 0x00, 0x00, 0x00, 0x00, 0x00, 0x00, 0x00, 0x00, 0x00, 0x00, 0x00,
    0x00, 0x00, 0x00, 0x00, 0x00, 0x00, 0x00, 0x00, 0x00, 0x00, 0x00, 0x00,
    0x00, 0x00, 0x00, 0x00, 0x00, 0x00, 0x00, 0x00, 0x00, 0x00, 0x00, 0x00,
    0x00, 0x00, 0x00, 0x00, 0x00, 0x00, 0x00, 0x00, 0x00, 0x00, 0x00, 0x00,
    0x00, 0x00, 0x00, 0x00, 0x00, 0x00, 0x00, 0x00, 0x08, 0x04, 0xf8, 0x28,
    0x08, 0x08, 0xf8, 0xfb, 0x10, 0x08, 0xf8, 0xff, 0x08, 0x0c, 0xf8, 0xff,
    0x08, 0x08, 0xf8, 0xff, 0x10, 0x08, 0xf8, 0xff, 0x08, 0x0c, 0xf8, 0xff,
    0x08, 0x08, 0xf8, 0xff, 0x10, 0x08, 0xf8, 0xff, 0x10, 0x08, 0xf8, 0xff,
    0x08, 0x08, 0xf8, 0xff, 0x10, 0x08, 0xf8, 0xff, 0x08, 0x0c, 0xf8, 0xff,
    0x08, 0x08, 0xf8, 0xff, 0x10, 0x08, 0xf8, 0xff, 0x08, 0x0c, 0xf8, 0xff,
    0x08, 0x08, 0xf8, 0xff, 0x08, 0x08, 0xf8, 0xff, 0xb8, 0xb8, 0xf8, 0xff,
    0xf8, 0xfc, 0xf8, 0xff, 0xf8, 0xfc, 0xf8, 0xff, 0xf8, 0xfc, 0xf8, 0xff,
    0xf8, 0xfc, 0xf8, 0xff, 0xf8, 0xfc, 0xf8, 0xff, 0xc0, 0xc0, 0xc0, 0xff,
    0x00, 0x00, 0x00, 0xff, 0x00, 0x00, 0x00, 0xff, 0x00, 0x00, 0x00, 0xff,
    0x60, 0x60, 0x60, 0xff, 0xf8, 0xfc, 0xf8, 0xff, 0xf8, 0xfc, 0xf8, 0xff,
    0xf8, 0xfc, 0xf8, 0xff, 0xf8, 0xfc, 0xf8, 0xff, 0xf8, 0xfc, 0xf8, 0xff,
    0xf8, 0xfc, 0xf8, 0xff, 0xf8, 0xfc, 0xf8, 0xff, 0xf8, 0xfc, 0xf8, 0xff,
    0xf8, 0xfc, 0xf8, 0xff, 0xf8, 0xfc, 0xf8, 0xff, 0xf8, 0xfc, 0xf8, 0xff,
    0xf8, 0xfc, 0xf8, 0xff, 0xf8, 0xfc, 0xf8, 0xff, 0xf8, 0xfc, 0xf8, 0xff,
    0xf8, 0xfc, 0xf8, 0xff, 0xf8, 0xfc, 0xf8, 0xff, 0xf8, 0xfc, 0xf8, 0xff,
    0xf8, 0xfc, 0xf8, 0xff, 0xf8, 0xfc, 0xf8, 0xff, 0xf8, 0xfc, 0xf8, 0xff,
    0xf8, 0xfc, 0xf8, 0xff, 0xf8, 0xfc, 0xf8, 0xff, 0xf8, 0xfc, 0xf8, 0xff,
    0xf8, 0xfc, 0xf8, 0xff, 0xf8, 0xfc, 0xf8, 0xff, 0xf8, 0xfc, 0xf8, 0xff,
    0xf8, 0xfc, 0xf8, 0xff, 0xf8, 0xfc, 0xf8, 0xff, 0xf8, 0xfc, 0xf8, 0xff,
    0xf8, 0xfc, 0xf8, 0xff, 0xf8, 0xfc, 0xf8, 0xff, 0xf8, 0xfc, 0xf8, 0xff,
    0xf8, 0xfc, 0xf8, 0xff, 0xf8, 0xfc, 0xf8, 0xff, 0xf8, 0xfc, 0xf8, 0xff,
    0xf8, 0xfc, 0xf8, 0xff, 0xf8, 0xfc, 0xf8, 0xff, 0xf8, 0xfc, 0xf8, 0xff,
    0xf8, 0xfc, 0xf8, 0xff, 0xf8, 0xfc, 0xf8, 0xff, 0xf8, 0xfc, 0xf8, 0xff,
    0xf8, 0xfc, 0xf8, 0xff, 0xe0, 0xe0, 0xf8, 0xff, 0x88, 0x84, 0xf8, 0xff,
    0x08, 0x08, 0xf8, 0xff, 0x08, 0x0c, 0xf8, 0xff, 0x10, 0x08, 0xf8, 0xff,
    0x08, 0x08, 0xf8, 0xff, 0x10, 0x0c, 0xf8, 0xff, 0x08, 0x08, 0xf8, 0xff,
    0x08, 0x08, 0xf8, 0xff, 0x10, 0x08, 0xf8, 0xff, 0x08, 0x08, 0xf8, 0xff,
    0x08, 0x08, 0xf8, 0xfb, 0x10, 0x08, 0xf8, 0x28, 0x00, 0x00, 0x00, 0x00,
    0x00, 0x00, 0x00, 0x00, 0x00, 0x00, 0x00, 0x00, 0x00, 0x00, 0x00, 0x00,
    0x00, 0x00, 0x00, 0x00, 0x00, 0x00, 0x00, 0x00, 0x00, 0x00, 0x00, 0x00,
    0x00, 0x00, 0x00, 0x00, 0x00, 0x00, 0x00, 0x00, 0x00, 0x00, 0x00, 0x00,
    0x00, 0x00, 0x00, 0x00, 0x00, 0x00, 0x00, 0x00, 0x00, 0x00, 0x00, 0x00,
    0x00, 0x00, 0x00, 0x00, 0x00, 0x00, 0x00, 0x00, 0x00, 0x00, 0x00, 0x00,
    0x08, 0x08, 0xf8, 0xba, 0x10, 0x08, 0xf8, 0xff, 0x08, 0x0c, 0xf8, 0xff,
    0x10, 0x08, 0xf8, 0xff, 0x08, 0x08, 0xf8, 0xff, 0x08, 0x08, 0xf8, 0xff,
    0x10, 0x0c, 0xf8, 0xff, 0x08, 0x08, 0xf8, 0xff, 0x08, 0x08, 0xf8, 0xff,
    0x08, 0x0c, 0xf8, 0xff, 0x08, 0x08, 0xf8, 0xff, 0x10, 0x08, 0xf8, 0xff,
    0x08, 0x08, 0xf8, 0xff, 0x10, 0x08, 0xf8, 0xff, 0x08, 0x0c, 0xf8, 0xff,
    0x10, 0x08, 0xf8, 0xff, 0x08, 0x08, 0xf8, 0xff, 0x08, 0x08, 0xf8, 0xff,
    0x10, 0x08, 0xf8, 0xff, 0xb8, 0xb8, 0xf8, 0xff, 0xf8, 0xfc, 0xf8, 0xff,
    0xf8, 0xfc, 0xf8, 0xff, 0xf8, 0xfc, 0xf8, 0xff, 0xf8, 0xfc, 0xf8, 0xff,
    0xa0, 0xa0, 0xa0, 0xff, 0x00, 0x00, 0x00, 0xff, 0x00, 0x00, 0x00, 0xff,
    0x00, 0x00, 0x00, 0xff, 0x40, 0x40, 0x40, 0xff, 0xf8, 0xfc, 0xf8, 0xff,
    0xf8, 0xfc, 0xf8, 0xff, 0xf8, 0xfc, 0xf8, 0xff, 0xf8, 0xfc, 0xf8, 0xff,
    0xf8, 0xfc, 0xf8, 0xff, 0xf8, 0xfc, 0xf8, 0xff, 0xf8, 0xfc, 0xf8, 0xff,
    0xf8, 0xfc, 0xf8, 0xff, 0xf8, 0xfc, 0xf8, 0xff, 0xf8, 0xfc, 0xf8, 0xff,
    0xf8, 0xfc, 0xf8, 0xff, 0xf8, 0xfc, 0xf8, 0xff, 0xf8, 0xfc, 0xf8, 0xff,
    0xf8, 0xfc, 0xf8, 0xff, 0xf8, 0xfc, 0xf8, 0xff, 0xf8, 0xfc, 0xf8, 0xff,
    0xf8, 0xfc, 0xf8, 0xff, 0xf8, 0xfc, 0xf8, 0xff, 0xf8, 0xfc, 0xf8, 0xff,
    0xf8, 0xfc, 0xf8, 0xff, 0xf8, 0xfc, 0xf8, 0xff, 0xf8, 0xfc, 0xf8, 0xff,
    0xf8, 0xfc, 0xf8, 0xff, 0xf8, 0xfc, 0xf8, 0xff, 0xf8, 0xfc, 0xf8, 0xff,
    0xf8, 0xfc, 0xf8, 0xff, 0xf8, 0xfc, 0xf8, 0xff, 0xf8, 0xfc, 0xf8, 0xff,
    0xf8, 0xfc, 0xf8, 0xff, 0xf8, 0xfc, 0xf8, 0xff, 0xf8, 0xfc, 0xf8, 0xff,
    0xf8, 0xfc, 0xf8, 0xff, 0xf8, 0xfc, 0xf8, 0xff, 0xf8, 0xfc, 0xf8, 0xff,
    0xf8, 0xfc, 0xf8, 0xff, 0xf8, 0xfc, 0xf8, 0xff, 0xf8, 0xfc, 0xf8, 0xff,
    0xf8, 0xfc, 0xf8, 0xff, 0xf8, 0xfc, 0xf8, 0xff, 0xf8, 0xfc, 0xf8, 0xff,
    0xf8, 0xfc, 0xf8, 0xff, 0xf8, 0xfc, 0xf8, 0xff, 0xf8, 0xfc, 0xf8, 0xff,
    0xe0, 0xe0, 0xf8, 0xff, 0x48, 0x48, 0xf8, 0xff, 0x10, 0x08, 0xf8, 0xff,
    0x08, 0x08, 0xf8, 0xff, 0x08, 0x0c, 0xf8, 0xff, 0x10, 0x08, 0xf8, 0xff,
    0x08, 0x08, 0xf8, 0xff, 0x08, 0x0c, 0xf8, 0xff, 0x10, 0x08, 0xf8, 0xff,
    0x08, 0x08, 0xf8, 0xff, 0x08, 0x08, 0xf8, 0xff, 0x10, 0x08, 0xf8, 0xba,
    0x00, 0x00, 0x00, 0x00, 0x00, 0x00, 0x00, 0x00, 0x00, 0x00, 0x00, 0x00,
    0x00, 0x00, 0x00, 0x00, 0x00, 0x00, 0x00, 0x00, 0x00, 0x00, 0x00, 0x00,
    0x00, 0x00, 0x00, 0x00, 0x00, 0x00, 0x00, 0x00, 0x00, 0x00, 0x00, 0x00,
    0x00, 0x00, 0x00, 0x00, 0x00, 0x00, 0x00, 0x00, 0x00, 0x00, 0x00, 0x00,
    0x00, 0x00, 0x00, 0x00, 0x00, 0x00, 0x00, 0x00, 0x00, 0x00, 0x00, 0x00,
    0x10, 0x08, 0xf8, 0x6d, 0x08, 0x08, 0xf8, 0xff, 0x08, 0x08, 0xf8, 0xff,
    0x10, 0x08, 0xf8, 0xff, 0x08, 0x08, 0xf8, 0xff, 0x10, 0x08, 0xf8, 0xff,
    0x08, 0x0c, 0xf8, 0xff, 0x10, 0x08, 0xf8, 0xff, 0x10, 0x08, 0xf8, 0xff,
    0x08, 0x0c, 0xf8, 0xff, 0x48, 0x48, 0xf8, 0xff, 0xb8, 0xb8, 0xf8, 0xff,
    0x08, 0x08, 0xf8, 0xff, 0x10, 0x08, 0xf8, 0xff, 0x08, 0x0c, 0xf8, 0xff,
    0x08, 0x08, 0xf8, 0xff, 0x10, 0x08, 0xf8, 0xff, 0x10, 0x08, 0xf8, 0xff,
    0x08, 0x08, 0xf8, 0xff, 0x08, 0x08, 0xf8, 0xff, 0x08, 0x08, 0xf8, 0xff,
    0xb8, 0xb8, 0xf8, 0xff, 0xf8, 0xfc, 0xf8, 0xff, 0xf8, 0xfc, 0xf8, 0xff,
    0xf8, 0xfc, 0xf8, 0xff, 0xa0, 0xa0, 0xa0, 0xff, 0x00, 0x00, 0x00, 0xff,
    0x00, 0x00, 0x00, 0xff, 0x00, 0x00, 0x00, 0xff, 0x40, 0x40, 0x40, 0xff,
    0xf8, 0xfc, 0xf8, 0xff, 0xf8, 0xfc, 0xf8, 0xff, 0xf8, 0xfc, 0xf8, 0xff,
    0xf8, 0xfc, 0xf8, 0xff, 0xf8, 0xfc, 0xf8, 0xff, 0xf8, 0xfc, 0xf8, 0xff,
    0xf8, 0xfc, 0xf8, 0xff, 0xf8, 0xfc, 0xf8, 0xff, 0xf8, 0xfc, 0xf8, 0xff,
    0xf8, 0xfc, 0xf8, 0xff, 0xf8, 0xfc, 0xf8, 0xff, 0xf8, 0xfc, 0xf8, 0xff,
    0xf8, 0xfc, 0xf8, 0xff, 0xf8, 0xfc, 0xf8, 0xff, 0xf8, 0xfc, 0xf8, 0xff,
    0xf8, 0xfc, 0xf8, 0xff, 0xf8, 0xfc, 0xf8, 0xff, 0xf8, 0xfc, 0xf8, 0xff,
    0xf8, 0xfc, 0xf8, 0xff, 0xf8, 0xfc, 0xf8, 0xff, 0xf8, 0xfc, 0xf8, 0xff,
    0xf8, 0xfc, 0xf8, 0xff, 0xf8, 0xfc, 0xf8, 0xff, 0xf8, 0xfc, 0xf8, 0xff,
    0xf8, 0xfc, 0xf8, 0xff, 0xf8, 0xfc, 0xf8, 0xff, 0xf8, 0xfc, 0xf8, 0xff,
    0xf8, 0xfc, 0xf8, 0xff, 0xf8, 0xfc, 0xf8, 0xff, 0xf8, 0xfc, 0xf8, 0xff,
    0xf8, 0xfc, 0xf8, 0xff, 0xf8, 0xfc, 0xf8, 0xff, 0xf8, 0xfc, 0xf8, 0xff,
    0xf8, 0xfc, 0xf8, 0xff, 0xf8, 0xfc, 0xf8, 0xff, 0xf8, 0xfc, 0xf8, 0xff,
    0xf8, 0xfc, 0xf8, 0xff, 0xf8, 0xfc, 0xf8, 0xff, 0xf8, 0xfc, 0xf8, 0xff,
    0xf8, 0xfc, 0xf8, 0xff, 0xf8, 0xfc, 0xf8, 0xff, 0xf8, 0xfc, 0xf8, 0xff,
    0xf8, 0xfc, 0xf8, 0xff, 0xf8, 0xfc, 0xf8, 0xff, 0xe0, 0xe0, 0xf8, 0xff,
    0x48, 0x48, 0xf8, 0xff, 0x08, 0x08, 0xf8, 0xff, 0x08, 0x08, 0xf8, 0xff,
    0x10, 0x08, 0xf8, 0xff, 0x08, 0x08, 0xf8, 0xff, 0x10, 0x0c, 0xf8, 0xff,
    0x08, 0x08, 0xf8, 0xff, 0x10, 0x08, 0xf8, 0xff, 0x08, 0x0c, 0xf8, 0xff,
    0x08, 0x08, 0xf8, 0xff, 0x10, 0x08, 0xf8, 0x6d, 0x00, 0x00, 0x00, 0x00,
    0x00, 0x00, 0x00, 0x00, 0x00, 0x00, 0x00, 0x00, 0x00, 0x00, 0x00, 0x00,
    0x00, 0x00, 0x00, 0x00, 0x00, 0x00, 0x00, 0x00, 0x00, 0x00, 0x00, 0x00,
    0x00, 0x00, 0x00, 0x00, 0x00, 0x00, 0x00, 0x00, 0x00, 0x00, 0x00, 0x00,
    0x00, 0x00, 0x00, 0x00, 0x00, 0x00, 0x00, 0x00, 0x00, 0x00, 0x00, 0x00,
    0x08, 0x0c, 0xf8, 0x14, 0x08, 0x08, 0xf8, 0xef, 0x10, 0x08, 0xf8, 0xff,
    0x08, 0x0c, 0xf8, 0xff, 0x08, 0x08, 0xf8, 0xff, 0x10, 0x08, 0xf8, 0xff,
    0x08, 0x0c, 0xf8, 0xff, 0x08, 0x08, 0xf8, 0xff, 0x08, 0x08, 0xf8, 0xff,
    0x08, 0x08, 0xf8, 0xff, 0x10, 0x08, 0xf8, 0xff, 0xc0, 0xc0, 0xf8, 0xff,
    0xf8, 0xfc, 0xf8, 0xff, 0xb8, 0xb8, 0xf8, 0xff, 0x08, 0x08, 0xf8, 0xff,
    0x08, 0x08, 0xf8, 0xff, 0x08, 0x08, 0xf8, 0xff, 0x08, 0x0c, 0xf8, 0xff,
    0x10, 0x08, 0xf8, 0xff, 0x08, 0x0c, 0xf8, 0xff, 0x08, 0x08, 0xf8, 0xff,
    0x10, 0x08, 0xf8, 0xff, 0x08, 0x08, 0xf8, 0xff, 0xb8, 0xb8, 0xf8, 0xff,
    0xf8, 0xfc, 0xf8, 0xff, 0xf8, 0xfc, 0xf8, 0xff, 0x80, 0x80, 0x80, 0xff,
    0x00, 0x00, 0x00, 0xff, 0x00, 0x00, 0x00, 0xff, 0x00, 0x00, 0x00, 0xff,
    0x20, 0x20, 0x20, 0xff, 0xf8, 0xfc, 0xf8, 0xff, 0xf8, 0xfc, 0xf8, 0xff,
    0xf8, 0xfc, 0xf8, 0xff, 0xf8, 0xfc, 0xf8, 0xff, 0xf8, 0xfc, 0xf8, 0xff,
    0xf8, 0xfc, 0xf8, 0xff, 0xf8, 0xfc, 0xf8, 0xff, 0xf8, 0xfc, 0xf8, 0xff,
    0xf8, 0xfc, 0xf8, 0xff, 0xf8, 0xfc, 0xf8, 0xff, 0xf8, 0xfc, 0xf8, 0xff,
    0xf8, 0xfc, 0xf8, 0xff, 0xf8, 0xfc, 0xf8, 0xff, 0xf8, 0xfc, 0xf8, 0xff,
    0xf8, 0xfc, 0xf8, 0xff, 0xf8, 0xfc, 0xf8, 0xff, 0xf8, 0xfc, 0xf8, 0xff,
    0xf8, 0xfc, 0xf8, 0xff, 0xf8, 0xfc, 0xf8, 0xff, 0xf8, 0xfc, 0xf8, 0xff,
    0xf8, 0xfc, 0xf8, 0xff, 0xf8, 0xfc, 0xf8, 0xff, 0xf8, 0xfc, 0xf8, 0xff,
    0xf8, 0xfc, 0xf8, 0xff, 0xf8, 0xfc, 0xf8, 0xff, 0xf8, 0xfc, 0xf8, 0xff,
    0xf8, 0xfc, 0xf8, 0xff, 0xf8, 0xfc, 0xf8, 0xff, 0xf8, 0xfc, 0xf8, 0xff,
    0xf8, 0xfc, 0xf8, 0xff, 0xf8, 0xfc, 0xf8, 0xff, 0xf8, 0xfc, 0xf8, 0xff,
    0xf8, 0xfc, 0xf8, 0xff, 0xf8, 0xfc, 0xf8, 0xff, 0xf8, 0xfc, 0xf8, 0xff,
    0xf8, 0xfc, 0xf8, 0xff, 0xf8, 0xfc, 0xf8, 0xff, 0xf8, 0xfc, 0xf8, 0xff,
    0xf8, 0xfc, 0xf8, 0xff, 0xf8, 0xfc, 0xf8, 0xff, 0xf8, 0xfc, 0xf8, 0xff,
    0xf8, 0xfc, 0xf8, 0xff, 0xf8, 0xfc, 0xf8, 0xff, 0xf8, 0xfc, 0xf8, 0xff,
    0xf8, 0xfc, 0xf8, 0xff, 0xe0, 0xe0, 0xf8, 0xff, 0x10, 0x08, 0xf8, 0xff,
    0x08, 0x0c, 0xf8, 0xff, 0x08, 0x08, 0xf8, 0xff, 0x10, 0x08, 0xf8, 0xff,
    0x08, 0x08, 0xf8, 0xff, 0x08, 0x08, 0xf8, 0xff, 0x10, 0x0c, 0xf8, 0xff,
    0x08, 0x08, 0xf8, 0xff, 0x08, 0x08, 0xf8, 0xff, 0x08, 0x08, 0xf8, 0xef,
    0x10, 0x0c, 0xf8, 0x14, 0x00, 0x00, 0x00, 0x00, 0x00, 0x00, 0x00, 0x00,
    0x00, 0x00, 0x00, 0x00, 0x00, 0x00, 0x00, 0x00, 0x00, 0x00, 0x00, 0x00,
    0x00, 0x00, 0x00, 0x00, 0x00, 0x00, 0x00, 0x00, 0x00, 0x00, 0x00, 0x00,
    0x00, 0x00, 0x00, 0x00, 0x00, 0x00, 0x00, 0x00, 0x00, 0x00, 0x00, 0x00,
    0x00, 0x00, 0x00, 0x00, 0x08, 0x08, 0xf8, 0x92, 0x10, 0x08, 0xf8, 0xff,
    0x08, 0x08, 0xf8, 0xff, 0x08, 0x0c, 0xf8, 0xff, 0x10, 0x08, 0xf8, 0xff,
    0x08, 0x08, 0xf8, 0xff, 0x08, 0x0c, 0xf8, 0xff, 0x10, 0x08, 0xf8, 0xff,
    0x08, 0x08, 0xf8, 0xff, 0x08, 0x0c, 0xf8, 0xff, 0xc0, 0xc0, 0xf8, 0xff,
    0xf8, 0xfc, 0xf8, 0xff, 0xf8, 0xfc, 0xf8, 0xff, 0xf8, 0xfc, 0xf8, 0xff,
    0xb8, 0xb8, 0xf8, 0xff, 0x10, 0x08, 0xf8, 0xff, 0x08, 0x08, 0xf8, 0xff,
    0x08, 0x08, 0xf8, 0xff, 0x10, 0x08, 0xf8, 0xff, 0x08, 0x08, 0xf8, 0xff,
    0x10, 0x0c, 0xf8, 0xff, 0x08, 0x08, 0xf8, 0xff, 0x08, 0x08, 0xf8, 0xff,
    0x08, 0x08, 0xf8, 0xff, 0xb8, 0xb4, 0xf8, 0xff, 0xf8, 0xfc, 0xf8, 0xff,
    0x40, 0x40, 0x40, 0xff, 0x00, 0x00, 0x00, 0xff, 0x00, 0x00, 0x00, 0xff,
    0x00, 0x00, 0x00, 0xff, 0x00, 0x00, 0x00, 0xff, 0xe0, 0xe0, 0xe0, 0xff,
    0xf8, 0xfc, 0xf8, 0xff, 0xf8, 0xfc, 0xf8, 0xff, 0xf8, 0xfc, 0xf8, 0xff,
    0xf8, 0xfc, 0xf8, 0xff, 0xf8, 0xfc, 0xf8, 0xff, 0xf8, 0xfc, 0xf8, 0xff,
    0xf8, 0xfc, 0xf8, 0xff, 0xf8, 0xfc, 0xf8, 0xff, 0xf8, 0xfc, 0xf8, 0xff,
    0xf8, 0xfc, 0xf8, 0xff, 0xf8, 0xfc, 0xf8, 0xff, 0xf8, 0xfc, 0xf8, 0xff,
    0xf8, 0xfc, 0xf8, 0xff, 0xf8, 0xfc, 0xf8, 0xff, 0xf8, 0xfc, 0xf8, 0xff,
    0xf8, 0xfc, 0xf8, 0xff, 0xf8, 0xfc, 0xf8, 0xff, 0xf8, 0xfc, 0xf8, 0xff,
    0xf8, 0xfc, 0xf8, 0xff, 0xf8, 0xfc, 0xf8, 0xff, 0xf8, 0xfc, 0xf8, 0xff,
    0xf8, 0xfc, 0xf8, 0xff, 0xf8, 0xfc, 0xf8, 0xff, 0xf8, 0xfc, 0xf8, 0xff,
    0xf8, 0xfc, 0xf8, 0xff, 0xf8, 0xfc, 0xf8, 0xff, 0xf8, 0xfc, 0xf8, 0xff,
    0xf8, 0xfc, 0xf8, 0xff, 0xf8, 0xfc, 0xf8, 0xff, 0xf8, 0xfc, 0xf8, 0xff,
    0xf8, 0xfc, 0xf8, 0xff, 0xf8, 0xfc, 0xf8, 0xff, 0xf8, 0xfc, 0xf8, 0xff,
    0xf8, 0xfc, 0xf8, 0xff, 0xf8, 0xfc, 0xf8, 0xff, 0xf8, 0xfc, 0xf8, 0xff,
    0xf8, 0xfc, 0xf8, 0xff, 0xf8, 0xfc, 0xf8, 0xff, 0xf8, 0xfc, 0xf8, 0xff,
    0xf8, 0xfc, 0xf8, 0xff, 0xf8, 0xfc, 0xf8, 0xff, 0xf8, 0xfc, 0xf8, 0xff,
    0xf8, 0xfc, 0xf8, 0xff, 0xf8, 0xfc, 0xf8, 0xff, 0xf8, 0xfc, 0xf8, 0xff,
    0xa0, 0xa4, 0xf8, 0xff, 0x10, 0x08, 0xf8, 0xff, 0x08, 0x08, 0xf8, 0xff,
    0x08, 0x0c, 0xf8, 0xff, 0x10, 0x08, 0xf8, 0xff, 0x08, 0x08, 0xf8, 0xff,
    0x08, 0x08, 0xf8, 0xff, 0x10, 0x08, 0xf8, 0xff, 0x08, 0x08, 0xf8, 0xff,
    0x08, 0x08, 0xf8, 0xff, 0x08, 0x08, 0xf8, 0x96, 0x00, 0x00, 0x00, 0x00,
    0x00, 0x00, 0x00, 0x00, 0x00, 0x00, 0x00, 0x00, 0x00, 0x00, 0x00, 0x00,
    0x00, 0x00, 0x00, 0x00, 0x00, 0x00, 0x00, 0x00, 0x00, 0x00, 0x00, 0x00,
    0x00, 0x00, 0x00, 0x00, 0x00, 0x00, 0x00, 0x00, 0x00, 0x00, 0x00, 0x00,
    0x00, 0x00, 0x00, 0x00, 0x08, 0x0c, 0xf8, 0x2c, 0x10, 0x08, 0xf8, 0xff,
    0x08, 0x08, 0xf8, 0xff, 0x08, 0x08, 0xf8, 0xff, 0x10, 0x08, 0xf8, 0xff,
    0x08, 0x08, 0xf8, 0xff, 0x08, 0x08, 0xf8, 0xff, 0x10, 0x08, 0xf8, 0xff,
    0x10, 0x08, 0xf8, 0xff, 0x10, 0x08, 0xf8, 0xff, 0x48, 0x48, 0xf8, 0xff,
    0xf8, 0xfc, 0xf8, 0xff, 0xf8, 0xfc, 0xf8, 0xff, 0xf8, 0xfc, 0xf8, 0xff,
    0xf8, 0xfc, 0xf8, 0xff, 0xf8, 0xfc, 0xf8, 0xff, 0xb8, 0xb8, 0xf8, 0xff,
    0x10, 0x08, 0xf8, 0xff, 0x08, 0x08, 0xf8, 0xff, 0x08, 0x0c, 0xf8, 0xff,
    0x10, 0x08, 0xf8, 0xff, 0x08, 0x08, 0xf8, 0xff, 0x08, 0x08, 0xf8, 0xff,
    0x10, 0x08, 0xf8, 0xff, 0x08, 0x08, 0xf8, 0xff, 0x08, 0x08, 0xf8, 0xff,
    0xb8, 0xb8, 0xf8, 0xff, 0x00, 0x00, 0x00, 0xff, 0x00, 0x00, 0x00, 0xff,
    0x00, 0x00, 0x00, 0xff, 0x00, 0x00, 0x00, 0xff, 0x00, 0x00, 0x00, 0xff,
    0xe0, 0xe0, 0xe0, 0xff, 0xf8, 0xfc, 0xf8, 0xff, 0xf8, 0xfc, 0xf8, 0xff,
    0xf8, 0xfc, 0xf8, 0xff, 0xf8, 0xfc, 0xf8, 0xff, 0xf8, 0xfc, 0xf8, 0xff,
    0xf8, 0xfc, 0xf8, 0xff, 0xf8, 0xfc, 0xf8, 0xff, 0xf8, 0xfc, 0xf8, 0xff,
    0xf8, 0xfc, 0xf8, 0xff, 0xf8, 0xfc, 0xf8, 0xff, 0xf8, 0xfc, 0xf8, 0xff,
    0xf8, 0xfc, 0xf8, 0xff, 0xf8, 0xfc, 0xf8, 0xff, 0xf8, 0xfc, 0xf8, 0xff,
    0xf8, 0xfc, 0xf8, 0xff, 0xf8, 0xfc, 0xf8, 0xff, 0xf8, 0xfc, 0xf8, 0xff,
    0xf8, 0xfc, 0xf8, 0xff, 0xf8, 0xfc, 0xf8, 0xff, 0xf8, 0xfc, 0xf8, 0xff,
    0xf8, 0xfc, 0xf8, 0xff, 0xf8, 0xfc, 0xf8, 0xff, 0xe0, 0xe0, 0xe0, 0xff,
    0xe0, 0xe0, 0xe0, 0xff, 0xe0, 0xe0, 0xe0, 0xff, 0xe0, 0xe0, 0xe0, 0xff,
    0xf8, 0xfc, 0xf8, 0xff, 0xf8, 0xfc, 0xf8, 0xff, 0xf8, 0xfc, 0xf8, 0xff,
    0xf8, 0xfc, 0xf8, 0xff, 0xf8, 0xfc, 0xf8, 0xff, 0xf8, 0xfc, 0xf8, 0xff,
    0xf8, 0xfc, 0xf8, 0xff, 0xf8, 0xfc, 0xf8, 0xff, 0xf8, 0xfc, 0xf8, 0xff,
    0xf8, 0xfc, 0xf8, 0xff, 0xf8, 0xfc, 0xf8, 0xff, 0xf8, 0xfc, 0xf8, 0xff,
    0xf8, 0xfc, 0xf8, 0xff, 0xf8, 0xfc, 0xf8, 0xff, 0xf8, 0xfc, 0xf8, 0xff,
    0xf8, 0xfc, 0xf8, 0xff, 0xf8, 0xfc, 0xf8, 0xff, 0xf8, 0xfc, 0xf8, 0xff,
    0xf8, 0xfc, 0xf8, 0xff, 0xf8, 0xfc, 0xf8, 0xff, 0x68, 0x68, 0xf8, 0xff,
    0x08, 0x08, 0xf8, 0xff, 0x10, 0x08, 0xf8, 0xff, 0x08, 0x0c, 0xf8, 0xff,
    0x10, 0x08, 0xf8, 0xff, 0x08, 0x0c, 0xf8, 0xff, 0x10, 0x08, 0xf8, 0xff,
    0x10, 0x0c, 0xf8, 0xff, 0x08, 0x08, 0xf8, 0xff, 0x08, 0x08, 0xf8, 0xff,
    0x10, 0x0c, 0xf8, 0x2c, 0x00, 0x00, 0x00, 0x00, 0x00, 0x00, 0x00, 0x00,
    0x00, 0x00, 0x00, 0x00, 0x00, 0x00, 0x00, 0x00, 0x00, 0x00, 0x00, 0x00,
    0x00, 0x00, 0x00, 0x00, 0x00, 0x00, 0x00, 0x00, 0x00, 0x00, 0x00, 0x00,
    0x00, 0x00, 0x00, 0x00, 0x00, 0x00, 0x00, 0x00, 0x08, 0x08, 0xf8, 0xa2,
    0x08, 0x08, 0xf8, 0xff, 0x10, 0x0c, 0xf8, 0xff, 0x08, 0x08, 0xf8, 0xff,
    0x10, 0x0c, 0xf8, 0xff, 0x08, 0x0c, 0xf8, 0xff, 0x08, 0x08, 0xf8, 0xff,
    0x10, 0x08, 0xf8, 0xff, 0x08, 0x0c, 0xf8, 0xff, 0x08, 0x08, 0xf8, 0xff,
    0xf8, 0xfc, 0xf8, 0xff, 0xf8, 0xfc, 0xf8, 0xff, 0xf8, 0xfc, 0xf8, 0xff,
    0xf8, 0xfc, 0xf8, 0xff, 0xf8, 0xfc, 0xf8, 0xff, 0xf8, 0xfc, 0xf8, 0xff,
    0xf8, 0xfc, 0xf8, 0xff, 0xb8, 0xb8, 0xf8, 0xff, 0x08, 0x08, 0xf8, 0xff,
    0x08, 0x08, 0xf8, 0xff, 0x10, 0x0c, 0xf8, 0xff, 0x08, 0x08, 0xf8, 0xff,
    0x10, 0x08, 0xf8, 0xff, 0x10, 0x0c, 0xf8, 0xff, 0x08, 0x08, 0xf8, 0xff,
    0x08, 0x08, 0xf8, 0xff, 0x08, 0x08, 0xf8, 0xff, 0x00, 0x04, 0x48, 0xff,
    0x00, 0x00, 0x00, 0xff, 0x00, 0x00, 0x00, 0xff, 0x00, 0x00, 0x00, 0xff,
    0x00, 0x00, 0x00, 0xff, 0xa0, 0xa0, 0xa0, 0xff, 0xf8, 0xfc, 0xf8, 0xff,
    0xf8, 0xfc, 0xf8, 0xff, 0xf8, 0xfc, 0xf8, 0xff, 0xf8, 0xfc, 0xf8, 0xff,
    0xf8, 0xfc, 0xf8, 0xff, 0xf8, 0xfc, 0xf8, 0xff, 0xf8, 0xfc, 0xf8, 0xff,
    0xf8, 0xfc, 0xf8, 0xff, 0xf8, 0xfc, 0xf8, 0xff, 0xf8, 0xfc, 0xf8, 0xff,
    0xf8, 0xfc, 0xf8, 0xff, 0xf8, 0xfc, 0xf8, 0xff, 0xf8, 0xfc, 0xf8, 0xff,
    0xf8, 0xfc, 0xf8, 0xff, 0xf8, 0xfc, 0xf8, 0xff, 0xf8, 0xfc, 0xf8, 0xff,
    0xa0, 0xa0, 0xa0, 0xff, 0x60, 0x60, 0x60, 0xff, 0x20, 0x20, 0x20, 0xff,
    0x20, 0x20, 0x20, 0xff, 0x00, 0x00, 0x00, 0xff, 0x00, 0x00, 0x00, 0xff,
    0x00, 0x00, 0x00, 0xff, 0x00, 0x00, 0x00, 0xff, 0x00, 0x00, 0x00, 0xff,
    0x00, 0x00, 0x00, 0xff, 0x00, 0x00, 0x00, 0xff, 0x00, 0x00, 0x00, 0xff,
    0x20, 0x20, 0x20, 0xff, 0x40, 0x40, 0x40, 0xff, 0x80, 0x80, 0x80, 0xff,
    0xc0, 0xc0, 0xc0, 0xff, 0xe0, 0xe0, 0xe0, 0xff, 0xf8, 0xfc, 0xf8, 0xff,
    0xf8, 0xfc, 0xf8, 0xff, 0xf8, 0xfc, 0xf8, 0xff, 0xf8, 0xfc, 0xf8, 0xff,
    0xf8, 0xfc, 0xf8, 0xff, 0xf8, 0xfc, 0xf8, 0xff, 0xf8, 0xfc, 0xf8, 0xff,
    0xf8, 0xfc, 0xf8, 0xff, 0xf8, 0xfc, 0xf8, 0xff, 0xf8, 0xfc, 0xf8, 0xff,
    0xf8, 0xfc, 0xf8, 0xff, 0xf8, 0xfc, 0xf8, 0xff, 0xf8, 0xfc, 0xf8, 0xff,
    0xe0, 0xe0, 0xf8, 0xff, 0x28, 0x28, 0xf8, 0xff, 0x08, 0x08, 0xf8, 0xff,
    0x10, 0x08, 0xf8, 0xff, 0x08, 0x08, 0xf8, 0xff, 0x08, 0x08, 0xf8, 0xff,
    0x08, 0x0c, 0xf8, 0xff, 0x10, 0x08, 0xf8, 0xff, 0x08, 0x08, 0xf8, 0xff,
    0x10, 0x0c, 0xf8, 0xff, 0x08, 0x08, 0xf8, 0xa2, 0x00, 0x00, 0x00, 0x00,
    0x00, 0x00, 0x00, 0x00, 0x00, 0x00, 0x00, 0x00, 0x00, 0x00, 0x00, 0x00,
    0x00, 0x00, 0x00, 0x00, 0x00, 0x00, 0x00, 0x00, 0x00, 0x00, 0x00, 0x00,
    0x00, 0x00, 0x00, 0x00, 0x00, 0x00, 0x00, 0x00, 0x08, 0x0c, 0xf8, 0x2c,
    0x10, 0x08, 0xf8, 0xff, 0x08, 0x08, 0xf8, 0xff, 0x08, 0x08, 0xf8, 0xff,
    0x10, 0x08, 0xf8, 0xff, 0x08, 0x08, 0xf8, 0xff, 0x10, 0x08, 0xf8, 0xff,
    0x08, 0x08, 0xf8, 0xff, 0x08, 0x0c, 0xf8, 0xff, 0x08, 0x08, 0xf8, 0xff,
    0xc0, 0xc0, 0xf8, 0xff, 0xf8, 0xfc, 0xf8, 0xff, 0xf8, 0xfc, 0xf8, 0xff,
    0xf8, 0xfc, 0xf8, 0xff, 0xf8, 0xfc, 0xf8, 0xff, 0xf8, 0xfc, 0xf8, 0xff,
    0xf8, 0xfc, 0xf8, 0xff, 0xf8, 0xfc, 0xf8, 0xff, 0xf8, 0xfc, 0xf8, 0xff,
    0xb8, 0xb8, 0xf8, 0xff, 0x08, 0x08, 0xf8, 0xff, 0x08, 0x08, 0xf8, 0xff,
    0x10, 0x08, 0xf8, 0xff, 0x08, 0x0c, 0xf8, 0xff, 0x08, 0x08, 0xf8, 0xff,
    0x10, 0x0c, 0xf8, 0xff, 0x10, 0x08, 0xf8, 0xff, 0x08, 0x08, 0xf8, 0xff,
    0x10, 0x08, 0xf8, 0xff, 0x00, 0x04, 0x48, 0xff, 0x00, 0x00, 0x00, 0xff,
    0x00, 0x00, 0x00, 0xff, 0x00, 0x00, 0x00, 0xff, 0x40, 0x40, 0x40, 0xff,
    0xf8, 0xfc, 0xf8, 0xff, 0xf8, 0xfc, 0xf8, 0xff, 0xf8, 0xfc, 0xf8, 0xff,
    0xf8, 0xfc, 0xf8, 0xff, 0xf8, 0xfc, 0xf8, 0xff, 0xf8, 0xfc, 0xf8, 0xff,
    0xf8, 0xfc, 0xf8, 0xff, 0xf8, 0xfc, 0xf8, 0xff, 0xf8, 0xfc, 0xf8, 0xff,
    0xf8, 0xfc, 0xf8, 0xff, 0xf8, 0xfc, 0xf8, 0xff, 0xf8, 0xfc, 0xf8, 0xff,
    0xf8, 0xfc, 0xf8, 0xff, 0xa0, 0xa0, 0xa0, 0xff, 0x20, 0x20, 0x20, 0xff,
    0x00, 0x00, 0x00, 0xff, 0x00, 0x00, 0x00, 0xff, 0x00, 0x00, 0x00, 0xff,
    0x40, 0x40, 0x40, 0xff, 0x60, 0x60, 0x60, 0xff, 0x80, 0x80, 0x80, 0xff,
    0xa0, 0xa0, 0xa0, 0xff, 0xa0, 0xa0, 0xa0, 0xff, 0xa0, 0xa0, 0xa0, 0xff,
    0xa0, 0xa0, 0xa0, 0xff, 0xa0, 0xa0, 0xa0, 0xff, 0x80, 0x80, 0x80, 0xff,
    0x80, 0x80, 0x80, 0xff, 0x40, 0x40, 0x40, 0xff, 0x20, 0x20, 0x20, 0xff,
    0x20, 0x20, 0x20, 0xff, 0x00, 0x00, 0x00, 0xff, 0x00, 0x00, 0x00, 0xff,
    0x40, 0x40, 0x40, 0xff, 0xc0, 0xc0, 0xc0, 0xff, 0xf8, 0xfc, 0xf8, 0xff,
    0xf8, 0xfc, 0xf8, 0xff, 0xf8, 0xfc, 0xf8, 0xff, 0xf8, 0xfc, 0xf8, 0xff,
    0xf8, 0xfc, 0xf8, 0xff, 0xf8, 0xfc, 0xf8, 0xff, 0xf8, 0xfc, 0xf8, 0xff,
    0xf8, 0xfc, 0xf8, 0xff, 0xf8, 0xfc, 0xf8, 0xff, 0xf8, 0xfc, 0xf8, 0xff,
    0xf8, 0xfc, 0xf8, 0xff, 0xf8, 0xfc, 0xf8, 0xff, 0xa8, 0xa4, 0xf8, 0xff,
    0x08, 0x08, 0xf8, 0xff, 0x08, 0x08, 0xf8, 0xff, 0x10, 0x0c, 0xf8, 0xff,
    0x08, 0x08, 0xf8, 0xff, 0x08, 0x08, 0xf8, 0xff, 0x08, 0x08, 0xf8, 0xff,
    0x10, 0x08, 0xf8, 0xff, 0x08, 0x08, 0xf8, 0xff, 0x08, 0x08, 0xf8, 0xff,
    0x08, 0x0c, 0xf8, 0x2c, 0x00, 0x00, 0x00, 0x00, 0x00, 0x00, 0x00, 0x00,
    0x00, 0x00, 0x00, 0x00, 0x00, 0x00, 0x00, 0x00, 0x00, 0x00, 0x00, 0x00,
    0x00, 0x00, 0x00, 0x00, 0x00, 0x00, 0x00, 0x00, 0x00, 0x00, 0x00, 0x00,
    0x10, 0x08, 0xf8, 0x9a, 0x08, 0x08, 0xf8, 0xff, 0x10, 0x08, 0xf8, 0xff,
    0x08, 0x0c, 0xf8, 0xff, 0x08, 0x08, 0xf8, 0xff, 0x10, 0x08, 0xf8, 0xff,
    0x08, 0x08, 0xf8, 0xff, 0x10, 0x0c, 0xf8, 0xff, 0x10, 0x08, 0xf8, 0xff,
    0x48, 0x48, 0xf8, 0xff, 0xf8, 0xfc, 0xf8, 0xff, 0xf8, 0xfc, 0xf8, 0xff,
    0xf8, 0xfc, 0xf8, 0xff, 0xf8, 0xfc, 0xf8, 0xff, 0xf8, 0xfc, 0xf8, 0xff,
    0xf8, 0xfc, 0xf8, 0xff, 0xf8, 0xfc, 0xf8, 0xff, 0xf8, 0xfc, 0xf8, 0xff,
    0xf8, 0xfc, 0xf8, 0xff, 0xf8, 0xfc, 0xf8, 0xff, 0xb8, 0xb8, 0xf8, 0xff,
    0x08, 0x08, 0xf8, 0xff, 0x08, 0x08, 0xf8, 0xff, 0x08, 0x08, 0xf8, 0xff,
    0x08, 0x08, 0xf8, 0xff, 0x10, 0x08, 0xf8, 0xff, 0x08, 0x0c, 0xf8, 0xff,
    0x08, 0x08, 0xf8, 0xff, 0x10, 0x08, 0xf8, 0xff, 0x08, 0x08, 0xf8, 0xff,
    0x00, 0x04, 0x50, 0xff, 0x00, 0x00, 0x00, 0xff, 0x00, 0x00, 0x00, 0xff,
    0x00, 0x00, 0x00, 0xff, 0xe0, 0xe0, 0xe0, 0xff, 0xf8, 0xfc, 0xf8, 0xff,
    0xf8, 0xfc, 0xf8, 0xff, 0xf8, 0xfc, 0xf8, 0xff, 0xf8, 0xfc, 0xf8, 0xff,
    0xf8, 0xfc, 0xf8, 0xff, 0xf8, 0xfc, 0xf8, 0xff, 0xf8, 0xfc, 0xf8, 0xff,
    0xf8, 0xfc, 0xf8, 0xff, 0xf8, 0xfc, 0xf8, 0xff, 0xf8, 0xfc, 0xf8, 0xff,
    0xc0, 0xc0, 0xc0, 0xff, 0x40, 0x40, 0x40, 0xff, 0x00, 0x00, 0x00, 0xff,
    0x00, 0x00, 0x00, 0xff, 0x60, 0x60, 0x60, 0xff, 0xc0, 0xc0, 0xc0, 0xff,
    0xf8, 0xfc, 0xf8, 0xff, 0xf8, 0xfc, 0xf8, 0xff, 0xf8, 0xfc, 0xf8, 0xff,
    0xf8, 0xfc, 0xf8, 0xff, 0xf8, 0xfc, 0xf8, 0xff, 0xf8, 0xfc, 0xf8, 0xff,
    0xf8, 0xfc, 0xf8, 0xff, 0xf8, 0xfc, 0xf8, 0xff, 0xf8, 0xfc, 0xf8, 0xff,
    0xf8, 0xfc, 0xf8, 0xff, 0xf8, 0xfc, 0xf8, 0xff, 0xf8, 0xfc, 0xf8, 0xff,
    0xf8, 0xfc, 0xf8, 0xff, 0xf8, 0xfc, 0xf8, 0xff, 0xc0, 0xc0, 0xc0, 0xff,
    0x60, 0x60, 0x60, 0xff, 0x20, 0x20, 0x20, 0xff, 0x00, 0x00, 0x00, 0xff,
    0x40, 0x40, 0x40, 0xff, 0xe0, 0xe0, 0xe0, 0xff, 0xf8, 0xfc, 0xf8, 0xff,
    0xf8, 0xfc, 0xf8, 0xff, 0xf8, 0xfc, 0xf8, 0xff, 0xf8, 0xfc, 0xf8, 0xff,
    0xf8, 0xfc, 0xf8, 0xff, 0xf8, 0xfc, 0xf8, 0xff, 0xf8, 0xfc, 0xf8, 0xff,
    0xf8, 0xfc, 0xf8, 0xff, 0xf8, 0xfc, 0xf8, 0xff, 0xf8, 0xfc, 0xf8, 0xff,
    0xf8, 0xfc, 0xf8, 0xff, 0x48, 0x48, 0xf8, 0xff, 0x08, 0x08, 0xf8, 0xff,
    0x10, 0x08, 0xf8, 0xff, 0x10, 0x0c, 0xf8, 0xff, 0x08, 0x08, 0xf8, 0xff,
    0x10, 0x08, 0xf8, 0xff, 0x08, 0x0c, 0xf8, 0xff, 0x08, 0x08, 0xf8, 0xff,
    0x10, 0x08, 0xf8, 0xff, 0x10, 0x08, 0xf8, 0x9a, 0x00, 0x00, 0x00, 0x00,
    0x00, 0x00, 0x00, 0x00, 0x00, 0x00, 0x00, 0x00, 0x00, 0x00, 0x00, 0x00,
    0x00, 0x00, 0x00, 0x00, 0x00, 0x00, 0x00, 0x00, 0x00, 0x00, 0x00, 0x00,
    0x10, 0x0c, 0xf8, 0x14, 0x08, 0x08, 0xf8, 0xff, 0x08, 0x08, 0xf8, 0xff,
    0x10, 0x08, 0xf8, 0xff, 0x08, 0x0c, 0xf8, 0xff, 0x08, 0x08, 0xf8, 0xff,
    0x10, 0x08, 0xf8, 0xff, 0x08, 0x0c, 0xf8, 0xff, 0x08, 0x08, 0xf8, 0xff,
    0x08, 0x08, 0xf8, 0xff, 0xc0, 0xc0, 0xf8, 0xff, 0xf8, 0xfc, 0xf8, 0xff,
    0xf8, 0xfc, 0xf8, 0xff, 0xf8, 0xfc, 0xf8, 0xff, 0xf8, 0xfc, 0xf8, 0xff,
    0xf8, 0xfc, 0xf8, 0xff, 0xf8, 0xfc, 0xf8, 0xff, 0xf8, 0xfc, 0xf8, 0xff,
    0xf8, 0xfc, 0xf8, 0xff, 0xf8, 0xfc, 0xf8, 0xff, 0xf8, 0xfc, 0xf8, 0xff,
    0xf8, 0xfc, 0xf8, 0xff, 0xb8, 0xb8, 0xf8, 0xff, 0x10, 0x08, 0xf8, 0xff,
    0x10, 0x08, 0xf8, 0xff, 0x08, 0x0c, 0xf8, 0xff, 0x08, 0x08, 0xf8, 0xff,
    0x08, 0x08, 0xf8, 0xff, 0x10, 0x0c, 0xf8, 0xff, 0x08, 0x08, 0xf8, 0xff,
    0x08, 0x08, 0xf8, 0xff, 0x10, 0x08, 0xf8, 0xff, 0x00, 0x04, 0x48, 0xff,
    0x00, 0x00, 0x00, 0xff, 0x00, 0x00, 0x00, 0xff, 0x80, 0x80, 0x80, 0xff,
    0xf8, 0xfc, 0xf8, 0xff, 0xf8, 0xfc, 0xf8, 0xff, 0xf8, 0xfc, 0xf8, 0xff,
    0xf8, 0xfc, 0xf8, 0xff, 0xf8, 0xfc, 0xf8, 0xff, 0xf8, 0xfc, 0xf8, 0xff,
    0xf8, 0xfc, 0xf8, 0xff, 0xf8, 0xfc, 0xf8, 0xff, 0xf8, 0xfc, 0xf8, 0xff,
    0xe0, 0xe0, 0xe0, 0xff, 0x00, 0x00, 0x00, 0xff, 0x00, 0x00, 0x00, 0xff,
    0x80, 0x80, 0x80, 0xff, 0xf8, 0xfc, 0xf8, 0xff, 0xf8, 0xfc, 0xf8, 0xff,
    0xf8, 0xfc, 0xf8, 0xff, 0xf8, 0xfc, 0xf8, 0xff, 0xf8, 0xfc, 0xf8, 0xff,
    0xf8, 0xfc, 0xf8, 0xff, 0xf8, 0xfc, 0xf8, 0xff, 0xf8, 0xfc, 0xf8, 0xff,
    0xf8, 0xfc, 0xf8, 0xff, 0xf8, 0xfc, 0xf8, 0xff, 0xf8, 0xfc, 0xf8, 0xff,
    0xf8, 0xfc, 0xf8, 0xff, 0xf8, 0xfc, 0xf8, 0xff, 0xf8, 0xfc, 0xf8, 0xff,
    0xf8, 0xfc, 0xf8, 0xff, 0xf8, 0xfc, 0xf8, 0xff, 0xf8, 0xfc, 0xf8, 0xff,
    0xf8, 0xfc, 0xf8, 0xff, 0xf8, 0xfc, 0xf8, 0xff, 0xf8, 0xfc, 0xf8, 0xff,
    0x80, 0x80, 0x80, 0xff, 0x20, 0x20, 0x20, 0xff, 0x20, 0x20, 0x20, 0xff,
    0xe0, 0xe0, 0xe0, 0xff, 0xf8, 0xfc, 0xf8, 0xff, 0xf8, 0xfc, 0xf8, 0xff,
    0xf8, 0xfc, 0xf8, 0xff, 0xf8, 0xfc, 0xf8, 0xff, 0xf8, 0xfc, 0xf8, 0xff,
    0xf8, 0xfc, 0xf8, 0xff, 0xf8, 0xfc, 0xf8, 0xff, 0xf8, 0xfc, 0xf8, 0xff,
    0xf8, 0xfc, 0xf8, 0xff, 0xf8, 0xfc, 0xf8, 0xff, 0xe0, 0xe0, 0xf8, 0xff,
    0x08, 0x08, 0xf8, 0xff, 0x08, 0x08, 0xf8, 0xff, 0x10, 0x08, 0xf8, 0xff,
    0x08, 0x08, 0xf8, 0xff, 0x08, 0x0c, 0xf8, 0xff, 0x10, 0x08, 0xf8, 0xff,
    0x08, 0x08, 0xf8, 0xff, 0x08, 0x0c, 0xf8, 0xff, 0x10, 0x08, 0xf8, 0xff,
    0x10, 0x0c, 0xf8, 0x14, 0x00, 0x00, 0x00, 0x00, 0x00, 0x00, 0x00, 0x00,
    0x00, 0x00, 0x00, 0x00, 0x00, 0x00, 0x00, 0x00, 0x00, 0x00, 0x00, 0x00,
    0x00, 0x00, 0x00, 0x00, 0x08, 0x08, 0xf8, 0x75, 0x08, 0x08, 0xf8, 0xff,
    0x10, 0x0c, 0xf8, 0xff, 0x08, 0x08, 0xf8, 0xff, 0x08, 0x08, 0xf8, 0xff,
    0x10, 0x08, 0xf8, 0xff, 0x08, 0x0c, 0xf8, 0xff, 0x08, 0x08, 0xf8, 0xff,
    0x10, 0x08, 0xf8, 0xff, 0x68, 0x68, 0xf8, 0xff, 0xf8, 0xfc, 0xf8, 0xff,
    0xf8, 0xfc, 0xf8, 0xff, 0xf8, 0xfc, 0xf8, 0xff, 0xf8, 0xfc, 0xf8, 0xff,
    0xf8, 0xfc, 0xf8, 0xff, 0xf8, 0xfc, 0xf8, 0xff, 0xf8, 0xfc, 0xf8, 0xff,
    0xf8, 0xfc, 0xf8, 0xff, 0xf8, 0xfc, 0xf8, 0xff, 0xf8, 0xfc, 0xf8, 0xff,
    0xf8, 0xfc, 0xf8, 0xff, 0xf8, 0xfc, 0xf8, 0xff, 0xf8, 0xfc, 0xf8, 0xff,
    0xb8, 0xb8, 0xf8, 0xff, 0x08, 0x08, 0xf8, 0xff, 0x10, 0x08, 0xf8, 0xff,
    0x08, 0x08, 0xf8, 0xff, 0x10, 0x08, 0xf8, 0xff, 0x08, 0x08, 0xf8, 0xff,
    0x08, 0x0c, 0xf8, 0xff, 0x10, 0x08, 0xf8, 0xff, 0x08, 0x08, 0xf8, 0xff,
    0x08, 0x08, 0xf8, 0xff, 0x08, 0x04, 0x48, 0xff, 0x00, 0x00, 0x00, 0xff,
    0x00, 0x00, 0x00, 0xff, 0x80, 0x80, 0x80, 0xff, 0xf8, 0xfc, 0xf8, 0xff,
    0xf8, 0xfc, 0xf8, 0xff, 0xf8, 0xfc, 0xf8, 0xff, 0xf8, 0xfc, 0xf8, 0xff,
    0xf8, 0xfc, 0xf8, 0xff, 0xf8, 0xfc, 0xf8, 0xff, 0xf8, 0xfc, 0xf8, 0xff,
    0xf8, 0xfc, 0xf8, 0xff, 0x80, 0x80, 0x80, 0xff, 0x00, 0x00, 0x00, 0xff,
    0x80, 0x80, 0x80, 0xff, 0xf8, 0xfc, 0xf8, 0xff, 0xf8, 0xfc, 0xf8, 0xff,
    0xf8, 0xfc, 0xf8, 0xff, 0xf8, 0xfc, 0xf8, 0xff, 0xf8, 0xfc, 0xf8, 0xff,
    0xf8, 0xfc, 0xf8, 0xff, 0xf8, 0xfc, 0xf8, 0xff, 0xf8, 0xfc, 0xf8, 0xff,
    0xf8, 0xfc, 0xf8, 0xff, 0xf8, 0xfc, 0xf8, 0xff, 0xf8, 0xfc, 0xf8, 0xff,
    0xf8, 0xfc, 0xf8, 0xff, 0xf8, 0xfc, 0xf8, 0xff, 0xf8, 0xfc, 0xf8, 0xff,
    0xf8, 0xfc, 0xf8, 0xff, 0xf8, 0xfc, 0xf8, 0xff, 0xf8, 0xfc, 0xf8, 0xff,
    0xf8, 0xfc, 0xf8, 0xff, 0xf8, 0xfc, 0xf8, 0xff, 0xf8, 0xfc, 0xf8, 0xff,
    0xf8, 0xfc, 0xf8, 0xff, 0xf8, 0xfc, 0xf8, 0xff, 0x80, 0x80, 0x80, 0xff,
    0x00, 0x00, 0x00, 0xff, 0x60, 0x60, 0x60, 0xff, 0xf8, 0xfc, 0xf8, 0xff,
    0xf8, 0xfc, 0xf8, 0xff, 0xf8, 0xfc, 0xf8, 0xff, 0xf8, 0xfc, 0xf8, 0xff,
    0xf8, 0xfc, 0xf8, 0xff, 0xf8, 0xfc, 0xf8, 0xff, 0xf8, 0xfc, 0xf8, 0xff,
    0xf8, 0xfc, 0xf8, 0xff, 0xf8, 0xfc, 0xf8, 0xff, 0xf8, 0xfc, 0xf8, 0xff,
    0xf8, 0xfc, 0xf8, 0xff, 0x48, 0x48, 0xf8, 0xff, 0x08, 0x08, 0xf8, 0xff,
    0x10, 0x08, 0xf8, 0xff, 0x08, 0x0c, 0xf8, 0xff, 0x08, 0x08, 0xf8, 0xff,
    0x10, 0x08, 0xf8, 0xff, 0x08, 0x08, 0xf8, 0xff, 0x08, 0x0c, 0xf8, 0xff,
    0x08, 0x08, 0xf8, 0xff, 0x08, 0x08, 0xf8, 0x75, 0x00, 0x00, 0x00, 0x00,
    0x00, 0x00, 0x00, 0x00, 0x00, 0x00, 0x00, 0x00, 0x00, 0x00, 0x00, 0x00,
    0x00, 0x00, 0x00, 0x00, 0x00, 0x00, 0x00, 0x00, 0x08, 0x08, 0xf8, 0xd7,
    0x10, 0x08, 0xf8, 0xff, 0x08, 0x08, 0xf8, 0xff, 0x08, 0x0c, 0xf8, 0xff,
    0x10, 0x08, 0xf8, 0xff, 0x10, 0x08, 0xf8, 0xff, 0x08, 0x08, 0xf8, 0xff,
    0x08, 0x08, 0xf8, 0xff, 0x10, 0x08, 0xf8, 0xff, 0xc0, 0xc0, 0xf8, 0xff,
    0xf8, 0xfc, 0xf8, 0xff, 0xf8, 0xfc, 0xf8, 0xff, 0xf8, 0xfc, 0xf8, 0xff,
    0xf8, 0xfc, 0xf8, 0xff, 0xf8, 0xfc, 0xf8, 0xff, 0xf8, 0xfc, 0xf8, 0xff,
    0xf8, 0xfc, 0xf8, 0xff, 0xf8, 0xfc, 0xf8, 0xff, 0xf8, 0xfc, 0xf8, 0xff,
    0xf8, 0xfc, 0xf8, 0xff, 0xf8, 0xfc, 0xf8, 0xff, 0xf8, 0xfc, 0xf8, 0xff,
    0xf8, 0xfc, 0xf8, 0xff, 0xf8, 0xfc, 0xf8, 0xff, 0xb8, 0xb8, 0xf8, 0xff,
    0x08, 0x08, 0xf8, 0xff, 0x10, 0x0c, 0xf8, 0xff, 0x08, 0x08, 0xf8, 0xff,
    0x08, 0x08, 0xf8, 0xff, 0x10, 0x08, 0xf8, 0xff, 0x10, 0x0c, 0xf8, 0xff,
    0x08, 0x08, 0xf8, 0xff, 0x08, 0x08, 0xf8, 0xff, 0x08, 0x08, 0xf8, 0xff,
    0x00, 0x04, 0x50, 0xff, 0x00, 0x00, 0x00, 0xff, 0x00, 0x00, 0x00, 0xff,
    0x40, 0x40, 0x40, 0xff, 0x80, 0x80, 0x80, 0xff, 0xe0, 0xe0, 0xe0, 0xff,
    0xf8, 0xfc, 0xf8, 0xff, 0xf8, 0xfc, 0xf8, 0xff, 0xf8, 0xfc, 0xf8, 0xff,
    0xf8, 0xfc, 0xf8, 0xff, 0xf8, 0xfc, 0xf8, 0xff, 0x60, 0x60, 0x60, 0xff,
    0x00, 0x00, 0x00, 0xff, 0xe0, 0xe0, 0xe0, 0xff, 0xf8, 0xfc, 0xf8, 0xff,
    0xf8, 0xfc, 0xf8, 0xff, 0xf8, 0xfc, 0xf8, 0xff, 0xf8, 0xfc, 0xf8, 0xff,
    0xf8, 0xfc, 0xf8, 0xff, 0xf8, 0xfc, 0xf8, 0xff, 0xf8, 0xfc, 0xf8, 0xff,
    0xf8, 0xfc, 0xf8, 0xff, 0xf8, 0xfc, 0xf8, 0xff, 0xf8, 0xfc, 0xf8, 0xff,
    0xf8, 0xfc, 0xf8, 0xff, 0xf8, 0xfc, 0xf8, 0xff, 0xf8, 0xfc, 0xf8, 0xff,
    0xf8, 0xfc, 0xf8, 0xff, 0xf8, 0xfc, 0xf8, 0xff, 0xf8, 0xfc, 0xf8, 0xff,
    0xf8, 0xfc, 0xf8, 0xff, 0xf8, 0xfc, 0xf8, 0xff, 0xf8, 0xfc, 0xf8, 0xff,
    0xf8, 0xfc, 0xf8, 0xff, 0xf8, 0xfc, 0xf8, 0xff, 0xf8, 0xfc, 0xf8, 0xff,
    0xf8, 0xfc, 0xf8, 0xff, 0x00, 0x00, 0x00, 0xff, 0x60, 0x60, 0x60, 0xff,
    0xf8, 0xfc, 0xf8, 0xff, 0xf8, 0xfc, 0xf8, 0xff, 0xf8, 0xfc, 0xf8, 0xff,
    0xf8, 0xfc, 0xf8, 0xff, 0xf8, 0xfc, 0xf8, 0xff, 0xf8, 0xfc, 0xf8, 0xff,
    0xf8, 0xfc, 0xf8, 0xff, 0xf8, 0xfc, 0xf8, 0xff, 0xf8, 0xfc, 0xf8, 0xff,
    0xf8, 0xfc, 0xf8, 0xff, 0xf8, 0xfc, 0xf8, 0xff, 0xc0, 0xc0, 0xf8, 0xff,
    0x10, 0x0c, 0xf8, 0xff, 0x08, 0x08, 0xf8, 0xff, 0x10, 0x08, 0xf8, 0xff,
    0x08, 0x08, 0xf8, 0xff, 0x10, 0x08, 0xf8, 0xff, 0x10, 0x0c, 0xf8, 0xff,
    0x08, 0x08, 0xf8, 0xff, 0x10, 0x08, 0xf8, 0xff, 0x08, 0x08, 0xf8, 0xd7,
    0x00, 0x00, 0x00, 0x00, 0x00, 0x00, 0x00, 0x00, 0x00, 0x00, 0x00, 0x00,
    0x00, 0x00, 0x00, 0x00, 0x00, 0x00, 0x00, 0x00, 0x08, 0x08, 0xf8, 0x38,
    0x08, 0x08, 0xf8, 0xff, 0x10, 0x08, 0xf8, 0xff, 0x08, 0x08, 0xf8, 0xff,
    0x08, 0x08, 0xf8, 0xff, 0x10, 0x0c, 0xf8, 0xff, 0x08, 0x08, 0xf8, 0xff,
    0x08, 0x08, 0xf8, 0xff, 0x10, 0x0c, 0xf8, 0xff, 0x48, 0x48, 0xf8, 0xff,
    0xf8, 0xfc, 0xf8, 0xff, 0xf8, 0xfc, 0xf8, 0xff, 0xf8, 0xfc, 0xf8, 0xff,
    0xf8, 0xfc, 0xf8, 0xff, 0xf8, 0xfc, 0xf8, 0xff, 0xf8, 0xfc, 0xf8, 0xff,
    0xf8, 0xfc, 0xf8, 0xff, 0xf8, 0xfc, 0xf8, 0xff, 0xf8, 0xfc, 0xf8, 0xff,
    0xf8, 0xfc, 0xf8, 0xff, 0xf8, 0xfc, 0xf8, 0xff, 0xf8, 0xfc, 0xf8, 0xff,
    0xf8, 0xfc, 0xf8, 0xff, 0xf8, 0xfc, 0xf8, 0xff, 0xf8, 0xfc, 0xf8, 0xff,
    0x20, 0x20, 0x20, 0xff, 0x00, 0x04, 0x48, 0xff, 0x08, 0x08, 0xf8, 0xff,
    0x10, 0x08, 0xf8, 0xff, 0x08, 0x08, 0xf8, 0xff, 0x08, 0x08, 0xf8, 0xff,
    0x10, 0x08, 0xf8, 0xff, 0x08, 0x0c, 0xf8, 0xff, 0x10, 0x08, 0xf8, 0xff,
    0x10, 0x08, 0xf8, 0xff, 0x08, 0x08, 0xf8, 0xff, 0x00, 0x04, 0x48, 0xff,
    0x00, 0x00, 0x00, 0xff, 0x00, 0x00, 0x00, 0xff, 0x00, 0x00, 0x00, 0xff,
    0x40, 0x40, 0x40, 0xff, 0xf8, 0xfc, 0xf8, 0xff, 0xf8, 0xfc, 0xf8, 0xff,
    0xf8, 0xfc, 0xf8, 0xff, 0xf8, 0xfc, 0xf8, 0xff, 0xf8, 0xfc, 0xf8, 0xff,
    0x60, 0x60, 0x60, 0xff, 0x00, 0x00, 0x00, 0xff, 0x80, 0x80, 0x80, 0xff,
    0xf8, 0xfc, 0xf8, 0xff, 0xf8, 0xfc, 0xf8, 0xff, 0xf8, 0xfc, 0xf8, 0xff,
    0xf8, 0xfc, 0xf8, 0xff, 0xf8, 0xfc, 0xf8, 0xff, 0xf8, 0xfc, 0xf8, 0xff,
    0xf8, 0xfc, 0xf8, 0xff, 0xf8, 0xfc, 0xf8, 0xff, 0xf8, 0xfc, 0xf8, 0xff,
    0xf8, 0xfc, 0xf8, 0xff, 0xf8, 0xfc, 0xf8, 0xff, 0xf8, 0xfc, 0xf8, 0xff,
    0xf8, 0xfc, 0xf8, 0xff, 0xf8, 0xfc, 0xf8, 0xff, 0xf8, 0xfc, 0xf8, 0xff,
    0xf8, 0xfc, 0xf8, 0xff, 0xf8, 0xfc, 0xf8, 0xff, 0xf8, 0xfc, 0xf8, 0xff,
    0xf8, 0xfc, 0xf8, 0xff, 0xf8, 0xfc, 0xf8, 0xff, 0xf8, 0xfc, 0xf8, 0xff,
    0xf8, 0xfc, 0xf8, 0xff, 0x80, 0x80, 0x80, 0xff, 0x00, 0x00, 0x00, 0xff,
    0x60, 0x60, 0x60, 0xff, 0xf8, 0xfc, 0xf8, 0xff, 0xf8, 0xfc, 0xf8, 0xff,
    0xf8, 0xfc, 0xf8, 0xff, 0xf8, 0xfc, 0xf8, 0xff, 0xf8, 0xfc, 0xf8, 0xff,
    0xf8, 0xfc, 0xf8, 0xff, 0xf8, 0xfc, 0xf8, 0xff, 0xf8, 0xfc, 0xf8, 0xff,
    0xf8, 0xfc, 0xf8, 0xff, 0xf8, 0xfc, 0xf8, 0xff, 0xf8, 0xfc, 0xf8, 0xff,
    0xf8, 0xfc, 0xf8, 0xff, 0x48, 0x48, 0xf8, 0xff, 0x08, 0x08, 0xf8, 0xff,
    0x08, 0x08, 0xf8, 0xff, 0x10, 0x0c, 0xf8, 0xff, 0x08, 0x08, 0xf8, 0xff,
    0x08, 0x08, 0xf8, 0xff, 0x10, 0x08, 0xf8, 0xff, 0x08, 0x0c, 0xf8, 0xff,
    0x08, 0x08, 0xf8, 0xff, 0x08, 0x08, 0xf8, 0x38, 0x00, 0x00, 0x00, 0x00,
    0x00, 0x00, 0x00, 0x00, 0x00, 0x00, 0x00, 0x00, 0x00, 0x00, 0x00, 0x00,
    0x08, 0x08, 0xf8, 0x8a, 0x10, 0x0c, 0xf8, 0xff, 0x08, 0x0c, 0xf8, 0xff,
    0x08, 0x08, 0xf8, 0xff, 0x10, 0x08, 0xf8, 0xff, 0x08, 0x08, 0xf8, 0xff,
    0x08, 0x0c, 0xf8, 0xff, 0x10, 0x08, 0xf8, 0xff, 0x08, 0x08, 0xf8, 0xff,
    0xa0, 0xa4, 0xf8, 0xff, 0xf8, 0xfc, 0xf8, 0xff, 0xf8, 0xfc, 0xf8, 0xff,
    0xf8, 0xfc, 0xf8, 0xff, 0xf8, 0xfc, 0xf8, 0xff, 0xf8, 0xfc, 0xf8, 0xff,
    0xf8, 0xfc, 0xf8, 0xff, 0xf8, 0xfc, 0xf8, 0xff, 0xf8, 0xfc, 0xf8, 0xff,
    0xf8, 0xfc, 0xf8, 0xff, 0xf8, 0xfc, 0xf8, 0xff, 0xf8, 0xfc, 0xf8, 0xff,
    0xf8, 0xfc, 0xf8, 0xff, 0xf8, 0xfc, 0xf8, 0xff, 0xf8, 0xfc, 0xf8, 0xff,
    0xf8, 0xfc, 0xf8, 0xff, 0x00, 0x00, 0x00, 0xff, 0x00, 0x00, 0x00, 0xff,
    0x00, 0x04, 0x50, 0xff, 0x10, 0x08, 0xf8, 0xff, 0x08, 0x0c, 0xf8, 0xff,
    0x08, 0x08, 0xf8, 0xff, 0x08, 0x08, 0xf8, 0xff, 0x10, 0x08, 0xf8, 0xff,
    0x08, 0x08, 0xf8, 0xff, 0x08, 0x08, 0xf8, 0xff, 0x10, 0x08, 0xf8, 0xff,
    0x08, 0x08, 0xf8, 0xff, 0x00, 0x04, 0x48, 0xff, 0x00, 0x00, 0x00, 0xff,
    0x00, 0x00, 0x00, 0xff, 0x20, 0x20, 0x20, 0xff, 0xf8, 0xfc, 0xf8, 0xff,
    0xf8, 0xfc, 0xf8, 0xff, 0xf8, 0xfc, 0xf8, 0xff, 0xf8, 0xfc, 0xf8, 0xff,
    0xf8, 0xfc, 0xf8, 0xff, 0x60, 0x60, 0x60, 0xff, 0x00, 0x00, 0x00, 0xff,
    0x00, 0x00, 0x00, 0xff, 0x80, 0x80, 0x80, 0xff, 0xe0, 0xe0, 0xe0, 0xff,
    0xf8, 0xfc, 0xf8, 0xff, 0xf8, 0xfc, 0xf8, 0xff, 0xf8, 0xfc, 0xf8, 0xff,
    0xf8, 0xfc, 0xf8, 0xff, 0xf8, 0xfc, 0xf8, 0xff, 0xf8, 0xfc, 0xf8, 0xff,
    0xf8, 0xfc, 0xf8, 0xff, 0xf8, 0xfc, 0xf8, 0xff, 0xf8, 0xfc, 0xf8, 0xff,
    0xf8, 0xfc, 0xf8, 0xff, 0xf8, 0xfc, 0xf8, 0xff, 0xf8, 0xfc, 0xf8, 0xff,
    0xf8, 0xfc, 0xf8, 0xff, 0xf8, 0xfc, 0xf8, 0xff, 0xf8, 0xfc, 0xf8, 0xff,
    0xf8, 0xfc, 0xf8, 0xff, 0xf8, 0xfc, 0xf8, 0xff, 0xf8, 0xfc, 0xf8, 0xff,
    0xf8, 0xfc, 0xf8, 0xff, 0x80, 0x80, 0x80, 0xff, 0x00, 0x00, 0x00, 0xff,
    0x00, 0x00, 0x00, 0xff, 0x60, 0x60, 0x60, 0xff, 0xf8, 0xfc, 0xf8, 0xff,
    0xf8, 0xfc, 0xf8, 0xff, 0xf8, 0xfc, 0xf8, 0xff, 0xf8, 0xfc, 0xf8, 0xff,
    0xf8, 0xfc, 0xf8, 0xff, 0xf8, 0xfc, 0xf8, 0xff, 0xf8, 0xfc, 0xf8, 0xff,
    0xf8, 0xfc, 0xf8, 0xff, 0xf8, 0xfc, 0xf8, 0xff, 0xf8, 0xfc, 0xf8, 0xff,
    0xf8, 0xfc, 0xf8, 0xff, 0xf8, 0xfc, 0xf8, 0xff, 0xc0, 0xc0, 0xf8, 0xff,
    0x10, 0x08, 0xf8, 0xff, 0x08, 0x0c, 0xf8, 0xff, 0x08, 0x08, 0xf8, 0xff,
    0x08, 0x08, 0xf8, 0xff, 0x08, 0x08, 0xf8, 0xff, 0x10, 0x0c, 0xf8, 0xff,
    0x08, 0x08, 0xf8, 0xff, 0x10, 0x08, 0xf8, 0xff, 0x08, 0x0c, 0xf8, 0x8a,
    0x00, 0x00, 0x00, 0x00, 0x00, 0x00, 0x00, 0x00, 0x00, 0x00, 0x00, 0x00,
    0x00, 0x00, 0x00, 0x00, 0x08, 0x0c, 0xf8, 0xd7, 0x10, 0x08, 0xf8, 0xff,
    0x08, 0x08, 0xf8, 0xff, 0x08, 0x08, 0xf8, 0xff, 0x10, 0x0c, 0xf8, 0xff,
    0x08, 0x08, 0xf8, 0xff, 0x08, 0x08, 0xf8, 0xff, 0x10, 0x08, 0xf8, 0xff,
    0x08, 0x08, 0xf8, 0xff, 0xf8, 0xfc, 0xf8, 0xff, 0xf8, 0xfc, 0xf8, 0xff,
    0xf8, 0xfc, 0xf8, 0xff, 0xf8, 0xfc, 0xf8, 0xff, 0xf8, 0xfc, 0xf8, 0xff,
    0xf8, 0xfc, 0xf8, 0xff, 0xf8, 0xfc, 0xf8, 0xff, 0xf8, 0xfc, 0xf8, 0xff,
    0xf8, 0xfc, 0xf8, 0xff, 0xf8, 0xfc, 0xf8, 0xff, 0xf8, 0xfc, 0xf8, 0xff,
    0xf8, 0xfc, 0xf8, 0xff, 0xf8, 0xfc, 0xf8, 0xff, 0xf8, 0xfc, 0xf8, 0xff,
    0xf8, 0xfc, 0xf8, 0xff, 0xf8, 0xfc, 0xf8, 0xff, 0x00, 0x00, 0x00, 0xff,
    0x00, 0x00, 0x00, 0xff, 0x00, 0x00, 0x00, 0xff, 0x08, 0x04, 0x48, 0xff,
    0x08, 0x08, 0xf8, 0xff, 0x10, 0x0c, 0xf8, 0xff, 0x08, 0x08, 0xf8, 0xff,
    0x08, 0x0c, 0xf8, 0xff, 0x10, 0x08, 0xf8, 0xff, 0x08, 0x0c, 0xf8, 0xff,
    0x10, 0x08, 0xf8, 0xff, 0x10, 0x08, 0xf8, 0xff, 0x08, 0x08, 0xf8, 0xff,
    0x00, 0x04, 0x50, 0xff, 0x00, 0x00, 0x00, 0xff, 0x20, 0x20, 0x20, 0xff,
    0xf8, 0xfc, 0xf8, 0xff, 0xf8, 0xfc, 0xf8, 0xff, 0xf8, 0xfc, 0xf8, 0xff,
    0xf8, 0xfc, 0xf8, 0xff, 0xf8, 0xfc, 0xf8, 0xff, 0x60, 0x60, 0x60, 0xff,
    0x00, 0x00, 0x00, 0xff, 0x00, 0x00, 0x00, 0xff, 0x00, 0x00, 0x00, 0xff,
    0x00, 0x00, 0x00, 0xff, 0x80, 0x80, 0x80, 0xff, 0xc0, 0xc0, 0xc0, 0xff,
    0xe0, 0xe0, 0xe0, 0xff, 0xf8, 0xfc, 0xf8, 0xff, 0xf8, 0xfc, 0xf8, 0xff,
    0xf8, 0xfc, 0xf8, 0xff, 0xf8, 0xfc, 0xf8, 0xff, 0xf8, 0xfc, 0xf8, 0xff,
    0xf8, 0xfc, 0xf8, 0xff, 0xf8, 0xfc, 0xf8, 0xff, 0xf8, 0xfc, 0xf8, 0xff,
    0xf8, 0xfc, 0xf8, 0xff, 0xf8, 0xfc, 0xf8, 0xff, 0xf8, 0xfc, 0xf8, 0xff,
    0xf8, 0xfc, 0xf8, 0xff, 0xf8, 0xfc, 0xf8, 0xff, 0xa0, 0xa0, 0xa0, 0xff,
    0x60, 0x60, 0x60, 0xff, 0x20, 0x20, 0x20, 0xff, 0x00, 0x00, 0x00, 0xff,
    0x00, 0x00, 0x00, 0xff, 0x00, 0x00, 0x00, 0xff, 0x80, 0x80, 0x80, 0xff,
    0xf8, 0xfc, 0xf8, 0xff, 0xf8, 0xfc, 0xf8, 0xff, 0xf8, 0xfc, 0xf8, 0xff,
    0xf8, 0xfc, 0xf8, 0xff, 0xf8, 0xfc, 0xf8, 0xff, 0xf8, 0xfc, 0xf8, 0xff,
    0xf8, 0xfc, 0xf8, 0xff, 0xf8, 0xfc, 0xf8, 0xff, 0xf8, 0xfc, 0xf8, 0xff,
    0xf8, 0xfc, 0xf8, 0xff, 0xf8, 0xfc, 0xf8, 0xff, 0xf8, 0xfc, 0xf8, 0xff,
    0xe0, 0xe0, 0xf8, 0xff, 0x10, 0x08, 0xf8, 0xff, 0x08, 0x08, 0xf8, 0xff,
    0x10, 0x0c, 0xf8, 0xff, 0x10, 0x08, 0xf8, 0xff, 0x08, 0x08, 0xf8, 0xff,
    0x08, 0x08, 0xf8, 0xff, 0x10, 0x08, 0xf8, 0xff, 0x08, 0x08, 0xf8, 0xff,
    0x10, 0x0c, 0xf8, 0xd7, 0x00, 0x00, 0x00, 0x00, 0x00, 0x00, 0x00, 0x00,
    0x00, 0x00, 0x00, 0x00, 0x10, 0x04, 0xf8, 0x28, 0x08, 0x08, 0xf8, 0xff,
    0x08, 0x08, 0xf8, 0xff, 0x10, 0x08, 0xf8, 0xff, 0x08, 0x08, 0xf8, 0xff,
    0x10, 0x08, 0xf8, 0xff, 0x08, 0x0c, 0xf8, 0xff, 0x10, 0x08, 0xf8, 0xff,
    0x08, 0x08, 0xf8, 0xff, 0x68, 0x68, 0xf8, 0xff, 0xf8, 0xfc, 0xf8, 0xff,
    0xf8, 0xfc, 0xf8, 0xff, 0xf8, 0xfc, 0xf8, 0xff, 0xf8, 0xfc, 0xf8, 0xff,
    0xf8, 0xfc, 0xf8, 0xff, 0xf8, 0xfc, 0xf8, 0xff, 0xf8, 0xfc, 0xf8, 0xff,
    0xf8, 0xfc, 0xf8, 0xff, 0xf8, 0xfc, 0xf8, 0xff, 0xf8, 0xfc, 0xf8, 0xff,
    0xf8, 0xfc, 0xf8, 0xff, 0xf8, 0xfc, 0xf8, 0xff, 0xf8, 0xfc, 0xf8, 0xff,
    0xf8, 0xfc, 0xf8, 0xff, 0xf8, 0xfc, 0xf8, 0xff, 0xf8, 0xfc, 0xf8, 0xff,
    0x00, 0x00, 0x00, 0xff, 0x00, 0x00, 0x00, 0xff, 0x00, 0x00, 0x00, 0xff,
    0x00, 0x00, 0x00, 0xff, 0x00, 0x04, 0x50, 0xff, 0x10, 0x08, 0xf8, 0xff,
    0x08, 0x08, 0xf8, 0xff, 0x08, 0x08, 0xf8, 0xff, 0x10, 0x0c, 0xf8, 0xff,
    0x08, 0x08, 0xf8, 0xff, 0x08, 0x08, 0xf8, 0xff, 0x10, 0x08, 0xf8, 0xff,
    0x08, 0x08, 0xf8, 0xff, 0x10, 0x08, 0xf8, 0xff, 0x00, 0x04, 0x48, 0xff,
    0x20, 0x20, 0x20, 0xff, 0xf8, 0xfc, 0xf8, 0xff, 0xf8, 0xfc, 0xf8, 0xff,
    0xf8, 0xfc, 0xf8, 0xff, 0xf8, 0xfc, 0xf8, 0xff, 0xf8, 0xfc, 0xf8, 0xff,
    0x60, 0x60, 0x60, 0xff, 0x00, 0x00, 0x00, 0xff, 0x00, 0x00, 0x00, 0xff,
    0x00, 0x00, 0x00, 0xff, 0x00, 0x00, 0x00, 0xff, 0x00, 0x00, 0x00, 0xff,
    0x00, 0x00, 0x00, 0xff, 0x00, 0x00, 0x00, 0xff, 0x40, 0x40, 0x40, 0xff,
    0x60, 0x60, 0x60, 0xff, 0x80, 0x80, 0x80, 0xff, 0x80, 0x80, 0x80, 0xff,
    0xa0, 0xa0, 0xa0, 0xff, 0xa0, 0xa0, 0xa0, 0xff, 0xa0, 0xa0, 0xa0, 0xff,
    0xa0, 0x9c, 0xa0, 0xff, 0xa0, 0xa0, 0xa0, 0xff, 0x80, 0x80, 0x80, 0xff,
    0x60, 0x60, 0x60, 0xff, 0x20, 0x20, 0x20, 0xff, 0x00, 0x00, 0x00, 0xff,
    0x00, 0x00, 0x00, 0xff, 0x00, 0x00, 0x00, 0xff, 0x00, 0x00, 0x00, 0xff,
    0x00, 0x00, 0x00, 0xff, 0x00, 0x00, 0x00, 0xff, 0x00, 0x00, 0x00, 0xff,
    0x80, 0x80, 0x80, 0xff, 0xf8, 0xfc, 0xf8, 0xff, 0xf8, 0xfc, 0xf8, 0xff,
    0xf8, 0xfc, 0xf8, 0xff, 0xf8, 0xfc, 0xf8, 0xff, 0xf8, 0xfc, 0xf8, 0xff,
    0xf8, 0xfc, 0xf8, 0xff, 0xf8, 0xfc, 0xf8, 0xff, 0xf8, 0xfc, 0xf8, 0xff,
    0xf8, 0xfc, 0xf8, 0xff, 0xf8, 0xfc, 0xf8, 0xff, 0xf8, 0xfc, 0xf8, 0xff,
    0xf8, 0xfc, 0xf8, 0xff, 0xf8, 0xfc, 0xf8, 0xff, 0x48, 0x48, 0xf8, 0xff,
    0x08, 0x08, 0xf8, 0xff, 0x08, 0x08, 0xf8, 0xff, 0x10, 0x0c, 0xf8, 0xff,
    0x08, 0x08, 0xf8, 0xff, 0x08, 0x0c, 0xf8, 0xff, 0x10, 0x08, 0xf8, 0xff,
    0x08, 0x08, 0xf8, 0xff, 0x08, 0x08, 0xf8, 0xff, 0x10, 0x08, 0xf8, 0x28,
    0x00, 0x00, 0x00, 0x00, 0x00, 0x00, 0x00, 0x00, 0x08, 0x08, 0xf8, 0x6d,
    0x08, 0x08, 0xf8, 0xff, 0x10, 0x0c, 0xf8, 0xff, 0x08, 0x08, 0xf8, 0xff,
    0x08, 0x08, 0xf8, 0xff, 0x10, 0x0c, 0xf8, 0xff, 0x08, 0x08, 0xf8, 0xff,
    0x08, 0x08, 0xf8, 0xff, 0x10, 0x0c, 0xf8, 0xff, 0xc0, 0xc0, 0xf8, 0xff,
    0xf8, 0xfc, 0xf8, 0xff, 0xf8, 0xfc, 0xf8, 0xff, 0xf8, 0xfc, 0xf8, 0xff,
    0xf8, 0xfc, 0xf8, 0xff, 0xf8, 0xfc, 0xf8, 0xff, 0xf8, 0xfc, 0xf8, 0xff,
    0xf8, 0xfc, 0xf8, 0xff, 0xf8, 0xfc, 0xf8, 0xff, 0xf8, 0xfc, 0xf8, 0xff,
    0xf8, 0xfc, 0xf8, 0xff, 0xf8, 0xfc, 0xf8, 0xff, 0xf8, 0xfc, 0xf8, 0xff,
    0xf8, 0xfc, 0xf8, 0xff, 0xf8, 0xfc, 0xf8, 0xff, 0xf8, 0xfc, 0xf8, 0xff,
    0xf8, 0xfc, 0xf8, 0xff, 0x00, 0x00, 0x00, 0xff, 0x00, 0x00, 0x00, 0xff,
    0x00, 0x00, 0x00, 0xff, 0x00, 0x00, 0x00, 0xff, 0x00, 0x00, 0x00, 0xff,
    0x00, 0x04, 0x48, 0xff, 0x10, 0x08, 0xf8, 0xff, 0x08, 0x08, 0xf8, 0xff,
    0x08, 0x08, 0xf8, 0xff, 0x10, 0x08, 0xf8, 0xff, 0x08, 0x0c, 0xf8, 0xff,
    0x08, 0x0c, 0xf8, 0xff, 0x10, 0x08, 0xf8, 0xff, 0x08, 0x08, 0xf8, 0xff,
    0x10, 0x08, 0xf8, 0xff, 0x18, 0x18, 0x60, 0xff, 0xf8, 0xfc, 0xf8, 0xff,
    0xf8, 0xfc, 0xf8, 0xff, 0xf8, 0xfc, 0xf8, 0xff, 0xf8, 0xfc, 0xf8, 0xff,
    0xf8, 0xfc, 0xf8, 0xff, 0x60, 0x60, 0x60, 0xff, 0x00, 0x00, 0x00, 0xff,
    0x00, 0x00, 0x00, 0xff, 0x00, 0x00, 0x00, 0xff, 0x00, 0x00, 0x00, 0xff,
    0x00, 0x00, 0x00, 0xff, 0x00, 0x00, 0x00, 0xff, 0x00, 0x00, 0x00, 0xff,
    0x00, 0x00, 0x00, 0xff, 0x00, 0x00, 0x00, 0xff, 0x00, 0x00, 0x00, 0xff,
    0x00, 0x00, 0x00, 0xff, 0x00, 0x00, 0x00, 0xff, 0x00, 0x00, 0x00, 0xff,
    0x00, 0x00, 0x00, 0xff, 0x00, 0x00, 0x00, 0xff, 0x00, 0x00, 0x00, 0xff,
    0x00, 0x00, 0x00, 0xff, 0x00, 0x00, 0x00, 0xff, 0x00, 0x00, 0x00, 0xff,
    0x00, 0x00, 0x00, 0xff, 0x00, 0x00, 0x00, 0xff, 0x00, 0x00, 0x00, 0xff,
    0x00, 0x00, 0x00, 0xff, 0x00, 0x00, 0x00, 0xff, 0x00, 0x00, 0x00, 0xff,
    0x00, 0x00, 0x00, 0xff, 0x80, 0x80, 0x80, 0xff, 0xf8, 0xfc, 0xf8, 0xff,
    0xf8, 0xfc, 0xf8, 0xff, 0xf8, 0xfc, 0xf8, 0xff, 0xf8, 0xfc, 0xf8, 0xff,
    0xf8, 0xfc, 0xf8, 0xff, 0xf8, 0xfc, 0xf8, 0xff, 0xf8, 0xfc, 0xf8, 0xff,
    0xf8, 0xfc, 0xf8, 0xff, 0xf8, 0xfc, 0xf8, 0xff, 0xf8, 0xfc, 0xf8, 0xff,
    0xf8, 0xfc, 0xf8, 0xff, 0xf8, 0xfc, 0xf8, 0xff, 0xf8, 0xfc, 0xf8, 0xff,
    0xc0, 0xc0, 0xf8, 0xff, 0x10, 0x08, 0xf8, 0xff, 0x08, 0x08, 0xf8, 0xff,
    0x08, 0x08, 0xf8, 0xff, 0x10, 0x08, 0xf8, 0xff, 0x08, 0x0c, 0xf8, 0xff,
    0x08, 0x08, 0xf8, 0xff, 0x10, 0x08, 0xf8, 0xff, 0x08, 0x08, 0xf8, 0xff,
    0x08, 0x08, 0xf8, 0x6d, 0x00, 0x00, 0x00, 0x00, 0x00, 0x00, 0x00, 0x00,
    0x08, 0x08, 0xf8, 0xaa, 0x10, 0x08, 0xf8, 0xff, 0x08, 0x0c, 0xf8, 0xff,
    0x08, 0x08, 0xf8, 0xff, 0x10, 0x08, 0xf8, 0xff, 0x08, 0x08, 0xf8, 0xff,
    0x08, 0x08, 0xf8, 0xff, 0x10, 0x08, 0xf8, 0xff, 0x08, 0x08, 0xf8, 0xff,
    0xf8, 0xfc, 0xf8, 0xff, 0xf8, 0xfc, 0xf8, 0xff, 0xf8, 0xfc, 0xf8, 0xff,
    0xf8, 0xfc, 0xf8, 0xff, 0xf8, 0xfc, 0xf8, 0xff, 0xf8, 0xfc, 0xf8, 0xff,
    0xf8, 0xfc, 0xf8, 0xff, 0xf8, 0xfc, 0xf8, 0xff, 0xf8, 0xfc, 0xf8, 0xff,
    0xf8, 0xfc, 0xf8, 0xff, 0xf8, 0xfc, 0xf8, 0xff, 0xf8, 0xfc, 0xf8, 0xff,
    0xf8, 0xfc, 0xf8, 0xff, 0xf8, 0xfc, 0xf8, 0xff, 0xf8, 0xfc, 0xf8, 0xff,
    0xf8, 0xfc, 0xf8, 0xff, 0xf8, 0xfc, 0xf8, 0xff, 0x00, 0x00, 0x00, 0xff,
    0x00, 0x00, 0x00, 0xff, 0x00, 0x00, 0x00, 0xff, 0x00, 0x00, 0x00, 0xff,
    0x00, 0x00, 0x00, 0xff, 0x00, 0x00, 0x00, 0xff, 0x08, 0x04, 0x50, 0xff,
    0x08, 0x08, 0xf8, 0xff, 0x08, 0x08, 0xf8, 0xff, 0x10, 0x08, 0xf8, 0xff,
    0x08, 0x08, 0xf8, 0xff, 0x08, 0x08, 0xf8, 0xff, 0x08, 0x0c, 0xf8, 0xff,
    0x08, 0x08, 0xf8, 0xff, 0x08, 0x08, 0xf8, 0xff, 0x10, 0x08, 0xf8, 0xff,
    0xb8, 0xb8, 0xf8, 0xff, 0xf8, 0xfc, 0xf8, 0xff, 0xf8, 0xfc, 0xf8, 0xff,
    0xf8, 0xfc, 0xf8, 0xff, 0xf8, 0xfc, 0xf8, 0xff, 0x80, 0x80, 0x80, 0xff,
    0x00, 0x00, 0x00, 0xff, 0x00, 0x00, 0x00, 0xff, 0x00, 0x00, 0x00, 0xff,
    0x00, 0x00, 0x00, 0xff, 0x00, 0x00, 0x00, 0xff, 0x00, 0x00, 0x00, 0xff,
    0x00, 0x00, 0x00, 0xff, 0x00, 0x00, 0x00, 0xff, 0x00, 0x00, 0x00, 0xff,
    0x00, 0x00, 0x00, 0xff, 0x00, 0x00, 0x00, 0xff, 0x00, 0x00, 0x00, 0xff,
    0x00, 0x00, 0x00, 0xff, 0x00, 0x00, 0x00, 0xff, 0x00, 0x00, 0x00, 0xff,
    0x00, 0x00, 0x00, 0xff, 0x00, 0x00, 0x00, 0xff, 0x00, 0x00, 0x00, 0xff,
    0x00, 0x00, 0x00, 0xff, 0x00, 0x00, 0x00, 0xff, 0x00, 0x00, 0x00, 0xff,
    0x00, 0x00, 0x00, 0xff, 0x00, 0x00, 0x00, 0xff, 0x00, 0x00, 0x00, 0xff,
    0x00, 0x00, 0x00, 0xff, 0x00, 0x00, 0x00, 0xff, 0xc0, 0xc0, 0xc0, 0xff,
    0xf8, 0xfc, 0xf8, 0xff, 0xf8, 0xfc, 0xf8, 0xff, 0xf8, 0xfc, 0xf8, 0xff,
    0xf8, 0xfc, 0xf8, 0xff, 0xf8, 0xfc, 0xf8, 0xff, 0xf8, 0xfc, 0xf8, 0xff,
    0xf8, 0xfc, 0xf8, 0xff, 0xf8, 0xfc, 0xf8, 0xff, 0xf8, 0xfc, 0xf8, 0xff,
    0xf8, 0xfc, 0xf8, 0xff, 0xf8, 0xfc, 0xf8, 0xff, 0xf8, 0xfc, 0xf8, 0xff,
    0xf8, 0xfc, 0xf8, 0xff, 0xe0, 0xe0, 0xf8, 0xff, 0x10, 0x0c, 0xf8, 0xff,
    0x08, 0x08, 0xf8, 0xff, 0x08, 0x08, 0xf8, 0xff, 0x10, 0x08, 0xf8, 0xff,
    0x08, 0x08, 0xf8, 0xff, 0x08, 0x0c, 0xf8, 0xff, 0x10, 0x08, 0xf8, 0xff,
    0x08, 0x08, 0xf8, 0xff, 0x08, 0x08, 0xf8, 0xaa, 0x00, 0x00, 0x00, 0x00,
    0x00, 0x00, 0x00, 0x00, 0x08, 0x08, 0xf8, 0xe3, 0x10, 0x08, 0xf8, 0xff,
    0x08, 0x08, 0xf8, 0xff, 0x10, 0x0c, 0xf8, 0xff, 0x10, 0x08, 0xf8, 0xff,
    0x08, 0x08, 0xf8, 0xff, 0x08, 0x0c, 0xf8, 0xff, 0x10, 0x08, 0xf8, 0xff,
    0x68, 0x68, 0xf8, 0xff, 0xf8, 0xfc, 0xf8, 0xff, 0xf8, 0xfc, 0xf8, 0xff,
    0xf8, 0xfc, 0xf8, 0xff, 0xf8, 0xfc, 0xf8, 0xff, 0xf8, 0xfc, 0xf8, 0xff,
    0xf8, 0xfc, 0xf8, 0xff, 0xf8, 0xfc, 0xf8, 0xff, 0xf8, 0xfc, 0xf8, 0xff,
    0xf8, 0xfc, 0xf8, 0xff, 0xf8, 0xfc, 0xf8, 0xff, 0xf8, 0xfc, 0xf8, 0xff,
    0xf8, 0xfc, 0xf8, 0xff, 0xf8, 0xfc, 0xf8, 0xff, 0xf8, 0xfc, 0xf8, 0xff,
    0xf8, 0xfc, 0xf8, 0xff, 0xf8, 0xfc, 0xf8, 0xff, 0xf8, 0xfc, 0xf8, 0xff,
    0x00, 0x00, 0x00, 0xff, 0x00, 0x00, 0x00, 0xff, 0x00, 0x00, 0x00, 0xff,
    0x00, 0x00, 0x00, 0xff, 0x00, 0x00, 0x00, 0xff, 0x00, 0x00, 0x00, 0xff,
    0x00, 0x00, 0x00, 0xff, 0x00, 0x04, 0x48, 0xff, 0x10, 0x0c, 0xf8, 0xff,
    0x08, 0x08, 0xf8, 0xff, 0x10, 0x08, 0xf8, 0xff, 0x10, 0x08, 0xf8, 0xff,
    0x08, 0x08, 0xf8, 0xff, 0x10, 0x0c, 0xf8, 0xff, 0x08, 0x08, 0xf8, 0xff,
    0x08, 0x08, 0xf8, 0xff, 0x08, 0x08, 0xf8, 0xff, 0xb8, 0xb8, 0xf8, 0xff,
    0xf8, 0xfc, 0xf8, 0xff, 0xf8, 0xfc, 0xf8, 0xff, 0xf8, 0xfc, 0xf8, 0xff,
    0xa0, 0xa0, 0xa0, 0xff, 0x00, 0x00, 0x00, 0xff, 0x00, 0x00, 0x00, 0xff,
    0x00, 0x00, 0x00, 0xff, 0x00, 0x00, 0x00, 0xff, 0x00, 0x00, 0x00, 0xff,
    0x00, 0x00, 0x00, 0xff, 0x00, 0x00, 0x00, 0xff, 0x00, 0x00, 0x00, 0xff,
    0x00, 0x00, 0x00, 0xff, 0x00, 0x00, 0x00, 0xff, 0x00, 0x00, 0x00, 0xff,
    0x00, 0x00, 0x00, 0xff, 0x00, 0x00, 0x00, 0xff, 0x00, 0x00, 0x00, 0xff,
    0x00, 0x00, 0x00, 0xff, 0x00, 0x00, 0x00, 0xff, 0x00, 0x00, 0x00, 0xff,
    0x00, 0x00, 0x00, 0xff, 0x00, 0x00, 0x00, 0xff, 0x00, 0x00, 0x00, 0xff,
    0x00, 0x00, 0x00, 0xff, 0x00, 0x00, 0x00, 0xff, 0x00, 0x00, 0x00, 0xff,
    0x00, 0x00, 0x00, 0xff, 0x00, 0x00, 0x00, 0xff, 0x00, 0x00, 0x00, 0xff,
    0xc0, 0xc0, 0xc0, 0xff, 0xf8, 0xfc, 0xf8, 0xff, 0xf8, 0xfc, 0xf8, 0xff,
    0xf8, 0xfc, 0xf8, 0xff, 0xf8, 0xfc, 0xf8, 0xff, 0xf8, 0xfc, 0xf8, 0xff,
    0xf8, 0xfc, 0xf8, 0xff, 0xf8, 0xfc, 0xf8, 0xff, 0xf8, 0xfc, 0xf8, 0xff,
    0xf8, 0xfc, 0xf8, 0xff, 0xf8, 0xfc, 0xf8, 0xff, 0xf8, 0xfc, 0xf8, 0xff,
    0xf8, 0xfc, 0xf8, 0xff, 0xf8, 0xfc, 0xf8, 0xff, 0xf8, 0xfc, 0xf8, 0xff,
    0x48, 0x48, 0xf8, 0xff, 0x08, 0x0c, 0xf8, 0xff, 0x10, 0x08, 0xf8, 0xff,
    0x08, 0x0c, 0xf8, 0xff, 0x10, 0x08, 0xf8, 0xff, 0x08, 0x08, 0xf8, 0xff,
    0x10, 0x0c, 0xf8, 0xff, 0x10, 0x08, 0xf8, 0xff, 0x08, 0x0c, 0xf8, 0xe3,
    0x00, 0x00, 0x00, 0x00, 0x08, 0x08, 0xf8, 0x1c, 0x08, 0x08, 0xf8, 0xff,
    0x08, 0x08, 0xf8, 0xff, 0x10, 0x08, 0xf8, 0xff, 0x08, 0x08, 0xf8, 0xff,
    0x08, 0x0c, 0xf8, 0xff, 0x10, 0x08, 0xf8, 0xff, 0x08, 0x08, 0xf8, 0xff,
    0x08, 0x0c, 0xf8, 0xff, 0xa8, 0xa4, 0xf8, 0xff, 0xf8, 0xfc, 0xf8, 0xff,
    0xf8, 0xfc, 0xf8, 0xff, 0xf8, 0xfc, 0xf8, 0xff, 0xf8, 0xfc, 0xf8, 0xff,
    0xf8, 0xfc, 0xf8, 0xff, 0xf8, 0xfc, 0xf8, 0xff, 0xf8, 0xfc, 0xf8, 0xff,
    0xf8, 0xfc, 0xf8, 0xff, 0xf8, 0xfc, 0xf8, 0xff, 0xf8, 0xfc, 0xf8, 0xff,
    0xf8, 0xfc, 0xf8, 0xff, 0xf8, 0xfc, 0xf8, 0xff, 0xf8, 0xfc, 0xf8, 0xff,
    0xf8, 0xfc, 0xf8, 0xff, 0xf8, 0xfc, 0xf8, 0xff, 0xf8, 0xfc, 0xf8, 0xff,
    0xf8, 0xfc, 0xf8, 0xff, 0x00, 0x00, 0x00, 0xff, 0x00, 0x00, 0x00, 0xff,
    0x00, 0x00, 0x00, 0xff, 0x00, 0x00, 0x00, 0xff, 0x00, 0x00, 0x00, 0xff,
    0x00, 0x00, 0x00, 0xff, 0x00, 0x00, 0x00, 0xff, 0x00, 0x00, 0x00, 0xff,
    0x00, 0x04, 0x50, 0xff, 0x08, 0x08, 0xf8, 0xff, 0x08, 0x0c, 0xf8, 0xff,
    0x10, 0x08, 0xf8, 0xff, 0x08, 0x08, 0xf8, 0xff, 0x10, 0x08, 0xf8, 0xff,
    0x10, 0x0c, 0xf8, 0xff, 0x08, 0x08, 0xf8, 0xff, 0x08, 0x08, 0xf8, 0xff,
    0x08, 0x08, 0xf8, 0xff, 0xb8, 0xb8, 0xf8, 0xff, 0xf8, 0xfc, 0xf8, 0xff,
    0xf8, 0xfc, 0xf8, 0xff, 0xc0, 0xc0, 0xc0, 0xff, 0x00, 0x00, 0x00, 0xff,
    0x00, 0x00, 0x00, 0xff, 0x00, 0x00, 0x00, 0xff, 0x00, 0x00, 0x00, 0xff,
    0x00, 0x00, 0x00, 0xff, 0x00, 0x00, 0x00, 0xff, 0x00, 0x00, 0x00, 0xff,
    0x00, 0x00, 0x00, 0xff, 0x00, 0x00, 0x00, 0xff, 0x00, 0x00, 0x00, 0xff,
    0x00, 0x00, 0x00, 0xff, 0x00, 0x00, 0x00, 0xff, 0x00, 0x00, 0x00, 0xff,
    0x00, 0x00, 0x00, 0xff, 0x00, 0x00, 0x00, 0xff, 0x00, 0x00, 0x00, 0xff,
    0x00, 0x00, 0x00, 0xff, 0x00, 0x00, 0x00, 0xff, 0x00, 0x00, 0x00, 0xff,
    0x00, 0x00, 0x00, 0xff, 0x00, 0x00, 0x00, 0xff, 0x00, 0x00, 0x00, 0xff,
    0x00, 0x00, 0x00, 0xff, 0x00, 0x00, 0x00, 0xff, 0x00, 0x00, 0x00, 0xff,
    0x00, 0x00, 0x00, 0xff, 0xf8, 0xfc, 0xf8, 0xff, 0xf8, 0xfc, 0xf8, 0xff,
    0xf8, 0xfc, 0xf8, 0xff, 0xf8, 0xfc, 0xf8, 0xff, 0xf8, 0xfc, 0xf8, 0xff,
    0xf8, 0xfc, 0xf8, 0xff, 0xf8, 0xfc, 0xf8, 0xff, 0xf8, 0xfc, 0xf8, 0xff,
    0xf8, 0xfc, 0xf8, 0xff, 0xf8, 0xfc, 0xf8, 0xff, 0xf8, 0xfc, 0xf8, 0xff,
    0xf8, 0xfc, 0xf8, 0xff, 0xf8, 0xfc, 0xf8, 0xff, 0xf8, 0xfc, 0xf8, 0xff,
    0xf8, 0xfc, 0xf8, 0xff, 0x88, 0x84, 0xf8, 0xff, 0x08, 0x08, 0xf8, 0xff,
    0x08, 0x08, 0xf8, 0xff, 0x10, 0x08, 0xf8, 0xff, 0x08, 0x08, 0xf8, 0xff,
    0x08, 0x08, 0xf8, 0xff, 0x08, 0x08, 0xf8, 0xff, 0x10, 0x08, 0xf8, 0xff,
    0x08, 0x08, 0xf8, 0xff, 0x08, 0x08, 0xf8, 0x1c, 0x08, 0x0c, 0xf8, 0x49,
    0x10, 0x08, 0xf8, 0xff, 0x08, 0x0c, 0xf8, 0xff, 0x08, 0x08, 0xf8, 0xff,
    0x08, 0x08, 0xf8, 0xff, 0x08, 0x08, 0xf8, 0xff, 0x10, 0x08, 0xf8, 0xff,
    0x08, 0x08, 0xf8, 0xff, 0x08, 0x08, 0xf8, 0xff, 0xc0, 0xc0, 0xf8, 0xff,
    0xf8, 0xfc, 0xf8, 0xff, 0xf8, 0xfc, 0xf8, 0xff, 0xf8, 0xfc, 0xf8, 0xff,
    0xf8, 0xfc, 0xf8, 0xff, 0xf8, 0xfc, 0xf8, 0xff, 0xf8, 0xfc, 0xf8, 0xff,
    0xf8, 0xfc, 0xf8, 0xff, 0xf8, 0xfc, 0xf8, 0xff, 0xf8, 0xfc, 0xf8, 0xff,
    0xf8, 0xfc, 0xf8, 0xff, 0xf8, 0xfc, 0xf8, 0xff, 0xf8, 0xfc, 0xf8, 0xff,
    0xf8, 0xfc, 0xf8, 0xff, 0xf8, 0xfc, 0xf8, 0xff, 0xf8, 0xfc, 0xf8, 0xff,
    0xf8, 0xfc, 0xf8, 0xff, 0xf8, 0xfc, 0xf8, 0xff, 0x00, 0x00, 0x00, 0xff,
    0x00, 0x00, 0x00, 0xff, 0x00, 0x00, 0x00, 0xff, 0x00, 0x00, 0x00, 0xff,
    0x00, 0x00, 0x00, 0xff, 0x00, 0x00, 0x00, 0xff, 0x00, 0x00, 0x00, 0xff,
    0x00, 0x00, 0x00, 0xff, 0x00, 0x00, 0x00, 0xff, 0x08, 0x04, 0x48, 0xff,
    0x08, 0x08, 0xf8, 0xff, 0x08, 0x0c, 0xf8, 0xff, 0x08, 0x08, 0xf8, 0xff,
    0x08, 0x08, 0xf8, 0xff, 0x10, 0x08, 0xf8, 0xff, 0x08, 0x0c, 0xf8, 0xff,
    0x10, 0x08, 0xf8, 0xff, 0x08, 0x08, 0xf8, 0xff, 0x08, 0x08, 0xf8, 0xff,
    0xb8, 0xb4, 0xf8, 0xff, 0xf8, 0xfc, 0xf8, 0xff, 0xc0, 0xc0, 0xc0, 0xff,
    0x00, 0x00, 0x00, 0xff, 0x00, 0x00, 0x00, 0xff, 0x00, 0x00, 0x00, 0xff,
    0x00, 0x00, 0x00, 0xff, 0x00, 0x00, 0x00, 0xff, 0x00, 0x00, 0x00, 0xff,
    0x00, 0x00, 0x00, 0xff, 0x00, 0x00, 0x00, 0xff, 0x00, 0x00, 0x00, 0xff,
    0x00, 0x00, 0x00, 0xff, 0x00, 0x00, 0x00, 0xff, 0x00, 0x00, 0x00, 0xff,
    0x00, 0x00, 0x00, 0xff, 0x00, 0x00, 0x00, 0xff, 0x00, 0x00, 0x00, 0xff,
    0x00, 0x00, 0x00, 0xff, 0x00, 0x00, 0x00, 0xff, 0x00, 0x00, 0x00, 0xff,
    0x00, 0x00, 0x00, 0xff, 0x00, 0x00, 0x00, 0xff, 0x00, 0x00, 0x00, 0xff,
    0x00, 0x00, 0x00, 0xff, 0x00, 0x00, 0x00, 0xff, 0x00, 0x00, 0x00, 0xff,
    0x00, 0x00, 0x00, 0xff, 0x20, 0x20, 0x20, 0xff, 0xf8, 0xfc, 0xf8, 0xff,
    0xf8, 0xfc, 0xf8, 0xff, 0xf8, 0xfc, 0xf8, 0xff, 0xf8, 0xfc, 0xf8, 0xff,
    0xf8, 0xfc, 0xf8, 0xff, 0xf8, 0xfc, 0xf8, 0xff, 0xf8, 0xfc, 0xf8, 0xff,
    0xf8, 0xfc, 0xf8, 0xff, 0xf8, 0xfc, 0xf8, 0xff, 0xf8, 0xfc, 0xf8, 0xff,
    0xf8, 0xfc, 0xf8, 0xff, 0xf8, 0xfc, 0xf8, 0xff, 0xf8, 0xfc, 0xf8, 0xff,
    0xf8, 0xfc, 0xf8, 0xff, 0xf8, 0xfc, 0xf8, 0xff, 0xc0, 0xc0, 0xf8, 0xff,
    0x10, 0x08, 0xf8, 0xff, 0x08, 0x0c, 0xf8, 0xff, 0x08, 0x08, 0xf8, 0xff,
    0x10, 0x0c, 0xf8, 0xff, 0x08, 0x08, 0xf8, 0xff, 0x08, 0x08, 0xf8, 0xff,
    0x10, 0x0c, 0xf8, 0xff, 0x08, 0x08, 0xf8, 0xff, 0x08, 0x0c, 0xf8, 0x49,
    0x08, 0x08, 0xf8, 0x71, 0x10, 0x08, 0xf8, 0xff, 0x10, 0x0c, 0xf8, 0xff,
    0x08, 0x08, 0xf8, 0xff, 0x10, 0x0c, 0xf8, 0xff, 0x10, 0x08, 0xf8, 0xff,
    0x08, 0x0c, 0xf8, 0xff, 0x10, 0x08, 0xf8, 0xff, 0x08, 0x08, 0xf8, 0xff,
    0xf8, 0xfc, 0xf8, 0xff, 0xf8, 0xfc, 0xf8, 0xff, 0xf8, 0xfc, 0xf8, 0xff,
    0xf8, 0xfc, 0xf8, 0xff, 0xf8, 0xfc, 0xf8, 0xff, 0xf8, 0xfc, 0xf8, 0xff,
    0xf8, 0xfc, 0xf8, 0xff, 0xf8, 0xfc, 0xf8, 0xff, 0xf8, 0xfc, 0xf8, 0xff,
    0xf8, 0xfc, 0xf8, 0xff, 0xf8, 0xfc, 0xf8, 0xff, 0xf8, 0xfc, 0xf8, 0xff,
    0xf8, 0xfc, 0xf8, 0xff, 0xf8, 0xfc, 0xf8, 0xff, 0xf8, 0xfc, 0xf8, 0xff,
    0xf8, 0xfc, 0xf8, 0xff, 0xf8, 0xfc, 0xf8, 0xff, 0xf8, 0xfc, 0xf8, 0xff,
    0x00, 0x00, 0x00, 0xff, 0x00, 0x00, 0x00, 0xff, 0x00, 0x00, 0x00, 0xff,
    0x00, 0x00, 0x00, 0xff, 0x00, 0x00, 0x00, 0xff, 0x00, 0x00, 0x00, 0xff,
    0x00, 0x00, 0x00, 0xff, 0x00, 0x00, 0x00, 0xff, 0x00, 0x00, 0x00, 0xff,
    0x00, 0x00, 0x00, 0xff, 0x08, 0x04, 0x50, 0xff, 0x08, 0x08, 0xf8, 0xff,
    0x10, 0x08, 0xf8, 0xff, 0x08, 0x0c, 0xf8, 0xff, 0x08, 0x08, 0xf8, 0xff,
    0x10, 0x08, 0xf8, 0xff, 0x08, 0x08, 0xf8, 0xff, 0x10, 0x08, 0xf8, 0xff,
    0x08, 0x08, 0xf8, 0xff, 0x08, 0x08, 0xf8, 0xff, 0xb8, 0xb8, 0xf8, 0xff,
    0xf8, 0xfc, 0xf8, 0xff, 0x00, 0x00, 0x00, 0xff, 0x00, 0x00, 0x00, 0xff,
    0x00, 0x00, 0x00, 0xff, 0x00, 0x00, 0x00, 0xff, 0x00, 0x00, 0x00, 0xff,
    0x00, 0x00, 0x00, 0xff, 0x00, 0x00, 0x00, 0xff, 0x00, 0x00, 0x00, 0xff,
    0x00, 0x00, 0x00, 0xff, 0x00, 0x00, 0x00, 0xff, 0x00, 0x00, 0x00, 0xff,
    0x00, 0x00, 0x00, 0xff, 0x00, 0x00, 0x00, 0xff, 0x00, 0x00, 0x00, 0xff,
    0x00, 0x00, 0x00, 0xff, 0x00, 0x00, 0x00, 0xff, 0x00, 0x00, 0x00, 0xff,
    0x00, 0x00, 0x00, 0xff, 0x00, 0x00, 0x00, 0xff, 0x00, 0x00, 0x00, 0xff,
    0x00, 0x00, 0x00, 0xff, 0x00, 0x00, 0x00, 0xff, 0x00, 0x00, 0x00, 0xff,
    0x00, 0x00, 0x00, 0xff, 0x00, 0x00, 0x00, 0xff, 0x20, 0x20, 0x20, 0xff,
    0xf8, 0xfc, 0xf8, 0xff, 0xf8, 0xfc, 0xf8, 0xff, 0xf8, 0xfc, 0xf8, 0xff,
    0xf8, 0xfc, 0xf8, 0xff, 0xf8, 0xfc, 0xf8, 0xff, 0xf8, 0xfc, 0xf8, 0xff,
    0xf8, 0xfc, 0xf8, 0xff, 0xf8, 0xfc, 0xf8, 0xff, 0xf8, 0xfc, 0xf8, 0xff,
    0xf8, 0xfc, 0xf8, 0xff, 0xf8, 0xfc, 0xf8, 0xff, 0xf8, 0xfc, 0xf8, 0xff,
    0xf8, 0xfc, 0xf8, 0xff, 0xf8, 0xfc, 0xf8, 0xff, 0xf8, 0xfc, 0xf8, 0xff,
    0xe0, 0xe0, 0xf8, 0xff, 0x08, 0x08, 0xf8, 0xff, 0x10, 0x08, 0xf8, 0xff,
    0x08, 0x08, 0xf8, 0xff, 0x10, 0x0c, 0xf8, 0xff, 0x10, 0x08, 0xf8, 0xff,
    0x08, 0x08, 0xf8, 0xff, 0x08, 0x0c, 0xf8, 0xff, 0x10, 0x08, 0xf8, 0xff,
    0x08, 0x08, 0xf8, 0x71, 0x08, 0x08, 0xf8, 0x92, 0x08, 0x08, 0xf8, 0xff,
    0x08, 0x08, 0xf8, 0xff, 0x10, 0x08, 0xf8, 0xff, 0x08, 0x08, 0xf8, 0xff,
    0x08, 0x0c, 0xf8, 0xff, 0x08, 0x08, 0xf8, 0xff, 0x10, 0x08, 0xf8, 0xff,
    0x10, 0x0c, 0xf8, 0xff, 0xf8, 0xfc, 0xf8, 0xff, 0xf8, 0xfc, 0xf8, 0xff,
    0xf8, 0xfc, 0xf8, 0xff, 0xf8, 0xfc, 0xf8, 0xff, 0xf8, 0xfc, 0xf8, 0xff,
    0xf8, 0xfc, 0xf8, 0xff, 0xf8, 0xfc, 0xf8, 0xff, 0xf8, 0xfc, 0xf8, 0xff,
    0xf8, 0xfc, 0xf8, 0xff, 0xf8, 0xfc, 0xf8, 0xff, 0xf8, 0xfc, 0xf8, 0xff,
    0xf8, 0xfc, 0xf8, 0xff, 0xf8, 0xfc, 0xf8, 0xff, 0xf8, 0xfc, 0xf8, 0xff,
    0xf8, 0xfc, 0xf8, 0xff, 0xf8, 0xfc, 0xf8, 0xff, 0xf8, 0xfc, 0xf8, 0xff,
    0xf8, 0xfc, 0xf8, 0xff, 0x00, 0x00, 0x00, 0xff, 0x00, 0x00, 0x00, 0xff,
    0x00, 0x00, 0x00, 0xff, 0x00, 0x00, 0x00, 0xff, 0x00, 0x00, 0x00, 0xff,
    0x00, 0x00, 0x00, 0xff, 0x00, 0x00, 0x00, 0xff, 0x00, 0x00, 0x00, 0xff,
    0x00, 0x00, 0x00, 0xff, 0x00, 0x00, 0x00, 0xff, 0x00, 0x00, 0x00, 0xff,
    0x08, 0x04, 0x48, 0xff, 0x08, 0x08, 0xf8, 0xff, 0x08, 0x08, 0xf8, 0xff,
    0x10, 0x0c, 0xf8, 0xff, 0x08, 0x08, 0xf8, 0xff, 0x08, 0x0c, 0xf8, 0xff,
    0x10, 0x0c, 0xf8, 0xff, 0x08, 0x08, 0xf8, 0xff, 0x08, 0x08, 0xf8, 0xff,
    0x10, 0x08, 0xf8, 0xff, 0xb8, 0xb8, 0xf8, 0xff, 0x20, 0x20, 0x20, 0xff,
    0x00, 0x00, 0x00, 0xff, 0x00, 0x00, 0x00, 0xff, 0x00, 0x00, 0x00, 0xff,
    0x00, 0x00, 0x00, 0xff, 0x00, 0x00, 0x00, 0xff, 0x00, 0x00, 0x00, 0xff,
    0x00, 0x00, 0x00, 0xff, 0x00, 0x00, 0x00, 0xff, 0x00, 0x00, 0x00, 0xff,
    0x00, 0x00, 0x00, 0xff, 0x00, 0x00, 0x00, 0xff, 0x00, 0x00, 0x00, 0xff,
    0x00, 0x00, 0x00, 0xff, 0x00, 0x00, 0x00, 0xff, 0x00, 0x00, 0x00, 0xff,
    0x00, 0x00, 0x00, 0xff, 0x00, 0x00, 0x00, 0xff, 0x00, 0x00, 0x00, 0xff,
    0x00, 0x00, 0x00, 0xff, 0x00, 0x00, 0x00, 0xff, 0x00, 0x00, 0x00, 0xff,
    0x00, 0x00, 0x00, 0xff, 0x00, 0x00, 0x00, 0xff, 0x00, 0x00, 0x00, 0xff,
    0x80, 0x80, 0x80, 0xff, 0xf8, 0xfc, 0xf8, 0xff, 0xf8, 0xfc, 0xf8, 0xff,
    0xf8, 0xfc, 0xf8, 0xff, 0xf8, 0xfc, 0xf8, 0xff, 0xf8, 0xfc, 0xf8, 0xff,
    0xf8, 0xfc, 0xf8, 0xff, 0xf8, 0xfc, 0xf8, 0xff, 0xf8, 0xfc, 0xf8, 0xff,
    0xf8, 0xfc, 0xf8, 0xff, 0xf8, 0xfc, 0xf8, 0xff, 0xf8, 0xfc, 0xf8, 0xff,
    0xf8, 0xfc, 0xf8, 0xff, 0xf8, 0xfc, 0xf8, 0xff, 0xf8, 0xfc, 0xf8, 0xff,
    0xf8, 0xfc, 0xf8, 0xff, 0xf8, 0xfc, 0xf8, 0xff, 0x28, 0x28, 0xf8, 0xff,
    0x08, 0x08, 0xf8, 0xff, 0x10, 0x08, 0xf8, 0xff, 0x08, 0x08, 0xf8, 0xff,
    0x08, 0x08, 0xf8, 0xff, 0x10, 0x08, 0xf8, 0xff, 0x08, 0x08, 0xf8, 0xff,
    0x08, 0x08, 0xf8, 0xff, 0x08, 0x08, 0xf8, 0x92, 0x08, 0x08, 0xf8, 0xb2,
    0x08, 0x08, 0xf8, 0xff, 0x10, 0x0c, 0xf8, 0xff, 0x08, 0x08, 0xf8, 0xff,
    0x08, 0x08, 0xf8, 0xff, 0x10, 0x08, 0xf8, 0xff, 0x08, 0x08, 0xf8, 0xff,
    0x08, 0x08, 0xf8, 0xff, 0x68, 0x68, 0xf8, 0xff, 0xf8, 0xfc, 0xf8, 0xff,
    0xf8, 0xfc, 0xf8, 0xff, 0xf8, 0xfc, 0xf8, 0xff, 0xf8, 0xfc, 0xf8, 0xff,
    0xf8, 0xfc, 0xf8, 0xff, 0xf8, 0xfc, 0xf8, 0xff, 0xf8, 0xfc, 0xf8, 0xff,
    0xf8, 0xfc, 0xf8, 0xff, 0xf8, 0xfc, 0xf8, 0xff, 0xf8, 0xfc, 0xf8, 0xff,
    0xf8, 0xfc, 0xf8, 0xff, 0xf8, 0xfc, 0xf8, 0xff, 0xf8, 0xfc, 0xf8, 0xff,
    0xf8, 0xfc, 0xf8, 0xff, 0xf8, 0xfc, 0xf8, 0xff, 0xf8, 0xfc, 0xf8, 0xff,
    0xf8, 0xfc, 0xf8, 0xff, 0xf8, 0xfc, 0xf8, 0xff, 0x00, 0x00, 0x00, 0xff,
    0x00, 0x00, 0x00, 0xff, 0x00, 0x00, 0x00, 0xff, 0x00, 0x00, 0x00, 0xff,
    0x00, 0x00, 0x00, 0xff, 0x00, 0x00, 0x00, 0xff, 0x00, 0x00, 0x00, 0xff,
    0x00, 0x00, 0x00, 0xff, 0x00, 0x00, 0x00, 0xff, 0x00, 0x00, 0x00, 0xff,
    0x00, 0x00, 0x00, 0xff, 0x00, 0x00, 0x00, 0xff, 0x00, 0x04, 0x50, 0xff,
    0x10, 0x08, 0xf8, 0xff, 0x08, 0x08, 0xf8, 0xff, 0x08, 0x08, 0xf8, 0xff,
    0x10, 0x08, 0xf8, 0xff, 0x08, 0x08, 0xf8, 0xff, 0x10, 0x0c, 0xf8, 0xff,
    0x08, 0x08, 0xf8, 0xff, 0x08, 0x08, 0xf8, 0xff, 0x08, 0x08, 0xf8, 0xff,
    0x30, 0x30, 0x78, 0xff, 0x00, 0x00, 0x00, 0xff, 0x00, 0x00, 0x00, 0xff,
    0x00, 0x00, 0x00, 0xff, 0x00, 0x00, 0x00, 0xff, 0x00, 0x00, 0x00, 0xff,
    0x00, 0x00, 0x00, 0xff, 0x00, 0x00, 0x00, 0xff, 0x00, 0x00, 0x00, 0xff,
    0x00, 0x00, 0x00, 0xff, 0x00, 0x00, 0x00, 0xff, 0x00, 0x00, 0x00, 0xff,
    0x00, 0x00, 0x00, 0xff, 0x00, 0x00, 0x00, 0xff, 0x00, 0x00, 0x00, 0xff,
    0x00, 0x00, 0x00, 0xff, 0x00, 0x00, 0x00, 0xff, 0x00, 0x00, 0x00, 0xff,
    0x00, 0x00, 0x00, 0xff, 0x00, 0x00, 0x00, 0xff, 0x00, 0x00, 0x00, 0xff,
    0x00, 0x00, 0x00, 0xff, 0x00, 0x00, 0x00, 0xff, 0x00, 0x00, 0x00, 0xff,
    0x00, 0x00, 0x00, 0xff, 0x80, 0x80, 0x80, 0xff, 0xf8, 0xfc, 0xf8, 0xff,
    0xf8, 0xfc, 0xf8, 0xff, 0xf8, 0xfc, 0xf8, 0xff, 0xf8, 0xfc, 0xf8, 0xff,
    0xf8, 0xfc, 0xf8, 0xff, 0xf8, 0xfc, 0xf8, 0xff, 0xf8, 0xfc, 0xf8, 0xff,
    0xf8, 0xfc, 0xf8, 0xff, 0xf8, 0xfc, 0xf8, 0xff, 0xf8, 0xfc, 0xf8, 0xff,
    0xf8, 0xfc, 0xf8, 0xff, 0xf8, 0xfc, 0xf8, 0xff, 0xf8, 0xfc, 0xf8, 0xff,
    0xf8, 0xfc, 0xf8, 0xff, 0xf8, 0xfc, 0xf8, 0xff, 0xf8, 0xfc, 0xf8, 0xff,
    0x48, 0x48, 0xf8, 0xff, 0x08, 0x0c, 0xf8, 0xff, 0x10, 0x08, 0xf8, 0xff,
    0x08, 0x0c, 0xf8, 0xff, 0x08, 0x08, 0xf8, 0xff, 0x10, 0x0c, 0xf8, 0xff,
    0x10, 0x08, 0xf8, 0xff, 0x08, 0x08, 0xf8, 0xff, 0x10, 0x0c, 0xf8, 0xb2,
    0x08, 0x08, 0xf8, 0xcb, 0x10, 0x08, 0xf8, 0xff, 0x10, 0x08, 0xf8, 0xff,
    0x08, 0x0c, 0xf8, 0xff, 0x08, 0x08, 0xf8, 0xff, 0x10, 0x08, 0xf8, 0xff,
    0x08, 0x0c, 0xf8, 0xff, 0x08, 0x08, 0xf8, 0xff, 0x68, 0x68, 0xf8, 0xff,
    0xf8, 0xfc, 0xf8, 0xff, 0xf8, 0xfc, 0xf8, 0xff, 0xf8, 0xfc, 0xf8, 0xff,
    0xf8, 0xfc, 0xf8, 0xff, 0xf8, 0xfc, 0xf8, 0xff, 0xf8, 0xfc, 0xf8, 0xff,
    0xf8, 0xfc, 0xf8, 0xff, 0xf8, 0xfc, 0xf8, 0xff, 0xf8, 0xfc, 0xf8, 0xff,
    0xf8, 0xfc, 0xf8, 0xff, 0xf8, 0xfc, 0xf8, 0xff, 0xf8, 0xfc, 0xf8, 0xff,
    0xf8, 0xfc, 0xf8, 0xff, 0xf8, 0xfc, 0xf8, 0xff, 0xf8, 0xfc, 0xf8, 0xff,
    0xf8, 0xfc, 0xf8, 0xff, 0xf8, 0xfc, 0xf8, 0xff, 0xf8, 0xfc, 0xf8, 0xff,
    0x00, 0x00, 0x00, 0xff, 0x00, 0x00, 0x00, 0xff, 0x00, 0x00, 0x00, 0xff,
    0x00, 0x00, 0x00, 0xff, 0x00, 0x00, 0x00, 0xff, 0x00, 0x00, 0x00, 0xff,
    0x00, 0x00, 0x00, 0xff, 0x00, 0x00, 0x00, 0xff, 0x00, 0x00, 0x00, 0xff,
    0x00, 0x00, 0x00, 0xff, 0x00, 0x00, 0x00, 0xff, 0x00, 0x00, 0x00, 0xff,
    0x00, 0x00, 0x00, 0xff, 0x00, 0x04, 0x48, 0xff, 0x10, 0x08, 0xf8, 0xff,
    0x08, 0x08, 0xf8, 0xff, 0x08, 0x08, 0xf8, 0xff, 0x10, 0x08, 0xf8, 0xff,
    0x08, 0x08, 0xf8, 0xff, 0x10, 0x08, 0xf8, 0xff, 0x08, 0x08, 0xf8, 0xff,
    0x08, 0x08, 0xf8, 0xff, 0x08, 0x08, 0xf8, 0xff, 0x00, 0x04, 0x48, 0xff,
    0x00, 0x00, 0x00, 0xff, 0x00, 0x00, 0x00, 0xff, 0x00, 0x00, 0x00, 0xff,
    0x00, 0x00, 0x00, 0xff, 0x00, 0x00, 0x00, 0xff, 0x00, 0x00, 0x00, 0xff,
    0x00, 0x00, 0x00, 0xff, 0x00, 0x00, 0x00, 0xff, 0x00, 0x00, 0x00, 0xff,
    0x00, 0x00, 0x00, 0xff, 0x00, 0x00, 0x00, 0xff, 0x00, 0x00, 0x00, 0xff,
    0x00, 0x00, 0x00, 0xff, 0x00, 0x00, 0x00, 0xff, 0x00, 0x00, 0x00, 0xff,
    0x00, 0x00, 0x00, 0xff, 0x00, 0x00, 0x00, 0xff, 0x00, 0x00, 0x00, 0xff,
    0x00, 0x00, 0x00, 0xff, 0x00, 0x00, 0x00, 0xff, 0x00, 0x00, 0x00, 0xff,
    0x00, 0x00, 0x00, 0xff, 0x00, 0x00, 0x00, 0xff, 0xe0, 0xe0, 0xe0, 0xff,
    0xf8, 0xfc, 0xf8, 0xff, 0xf8, 0xfc, 0xf8, 0xff, 0xf8, 0xfc, 0xf8, 0xff,
    0xf8, 0xfc, 0xf8, 0xff, 0xf8, 0xfc, 0xf8, 0xff, 0xf8, 0xfc, 0xf8, 0xff,
    0xf8, 0xfc, 0xf8, 0xff, 0xf8, 0xfc, 0xf8, 0xff, 0xf8, 0xfc, 0xf8, 0xff,
    0xf8, 0xfc, 0xf8, 0xff, 0xf8, 0xfc, 0xf8, 0xff, 0xf8, 0xfc, 0xf8, 0xff,
    0xf8, 0xfc, 0xf8, 0xff, 0xf8, 0xfc, 0xf8, 0xff, 0xf8, 0xfc, 0xf8, 0xff,
    0xf8, 0xfc, 0xf8, 0xff, 0x68, 0x68, 0xf8, 0xff, 0x10, 0x08, 0xf8, 0xff,
    0x08, 0x08, 0xf8, 0xff, 0x08, 0x08, 0xf8, 0xff, 0x08, 0x0c, 0xf8, 0xff,
    0x08, 0x08, 0xf8, 0xff, 0x08, 0x08, 0xf8, 0xff, 0x10, 0x08, 0xf8, 0xff,
    0x08, 0x08, 0xf8, 0xcb, 0x08, 0x08, 0xf8, 0xdf, 0x08, 0x08, 0xf8, 0xff,
    0x08, 0x08, 0xf8, 0xff, 0x10, 0x08, 0xf8, 0xff, 0x08, 0x0c, 0xf8, 0xff,
    0x10, 0x08, 0xf8, 0xff, 0x08, 0x08, 0xf8, 0xff, 0x10, 0x08, 0xf8, 0xff,
    0x88, 0x84, 0xf8, 0xff, 0xf8, 0xfc, 0xf8, 0xff, 0xf8, 0xfc, 0xf8, 0xff,
    0xf8, 0xfc, 0xf8, 0xff, 0xf8, 0xfc, 0xf8, 0xff, 0xf8, 0xfc, 0xf8, 0xff,
    0xf8, 0xfc, 0xf8, 0xff, 0xf8, 0xfc, 0xf8, 0xff, 0xf8, 0xfc, 0xf8, 0xff,
    0xf8, 0xfc, 0xf8, 0xff, 0xf8, 0xfc, 0xf8, 0xff, 0xf8, 0xfc, 0xf8, 0xff,
    0xf8, 0xfc, 0xf8, 0xff, 0xf8, 0xfc, 0xf8, 0xff, 0xf8, 0xfc, 0xf8, 0xff,
    0xf8, 0xfc, 0xf8, 0xff, 0xf8, 0xfc, 0xf8, 0xff, 0xf8, 0xfc, 0xf8, 0xff,
    0xf8, 0xfc, 0xf8, 0xff, 0x00, 0x00, 0x00, 0xff, 0x00, 0x00, 0x00, 0xff,
    0x00, 0x00, 0x00, 0xff, 0x00, 0x00, 0x00, 0xff, 0x00, 0x00, 0x00, 0xff,
    0x00, 0x00, 0x00, 0xff, 0x00, 0x00, 0x00, 0xff, 0x00, 0x00, 0x00, 0xff,
    0x00, 0x00, 0x00, 0xff, 0x00, 0x00, 0x00, 0xff, 0x00, 0x00, 0x00, 0xff,
    0x00, 0x00, 0x00, 0xff, 0x00, 0x00, 0x00, 0xff, 0x00, 0x00, 0x00, 0xff,
    0x08, 0x04, 0x50, 0xff, 0x08, 0x0c, 0xf8, 0xff, 0x08, 0x08, 0xf8, 0xff,
    0x10, 0x0c, 0xf8, 0xff, 0x08, 0x08, 0xf8, 0xff, 0x08, 0x0c, 0xf8, 0xff,
    0x10, 0x08, 0xf8, 0xff, 0x10, 0x08, 0xf8, 0xff, 0x08, 0x08, 0xf8, 0xff,
    0x10, 0x08, 0xf8, 0xff, 0x00, 0x04, 0x48, 0xff, 0x00, 0x00, 0x00, 0xff,
    0x00, 0x00, 0x00, 0xff, 0x00, 0x00, 0x00, 0xff, 0x00, 0x00, 0x00, 0xff,
    0x00, 0x00, 0x00, 0xff, 0x00, 0x00, 0x00, 0xff, 0x00, 0x00, 0x00, 0xff,
    0x00, 0x00, 0x00, 0xff, 0x00, 0x00, 0x00, 0xff, 0x00, 0x00, 0x00, 0xff,
    0x00, 0x00, 0x00, 0xff, 0x00, 0x00, 0x00, 0xff, 0x00, 0x00, 0x00, 0xff,
    0x00, 0x00, 0x00, 0xff, 0x00, 0x00, 0x00, 0xff, 0x00, 0x00, 0x00, 0xff,
    0x00, 0x00, 0x00, 0xff, 0x00, 0x00, 0x00, 0xff, 0x00, 0x00, 0x00, 0xff,
    0x00, 0x00, 0x00, 0xff, 0x00, 0x00, 0x00, 0xff, 0x20, 0x20, 0x20, 0xff,
    0xf8, 0xfc, 0xf8, 0xff, 0xf8, 0xfc, 0xf8, 0xff, 0xf8, 0xfc, 0xf8, 0xff,
    0xf8, 0xfc, 0xf8, 0xff, 0xf8, 0xfc, 0xf8, 0xff, 0xf8, 0xfc, 0xf8, 0xff,
    0xf8, 0xfc, 0xf8, 0xff, 0xf8, 0xfc, 0xf8, 0xff, 0xf8, 0xfc, 0xf8, 0xff,
    0xf8, 0xfc, 0xf8, 0xff, 0xf8, 0xfc, 0xf8, 0xff, 0xf8, 0xfc, 0xf8, 0xff,
    0xf8, 0xfc, 0xf8, 0xff, 0xf8, 0xfc, 0xf8, 0xff, 0xf8, 0xfc, 0xf8, 0xff,
    0xf8, 0xfc, 0xf8, 0xff, 0xf8, 0xfc, 0xf8, 0xff, 0x88, 0x84, 0xf8, 0xff,
    0x08, 0x08, 0xf8, 0xff, 0x08, 0x08, 0xf8, 0xff, 0x10, 0x08, 0xf8, 0xff,
    0x10, 0x08, 0xf8, 0xff, 0x08, 0x08, 0xf8, 0xff, 0x08, 0x0c, 0xf8, 0xff,
    0x10, 0x08, 0xf8, 0xff, 0x08, 0x08, 0xf8, 0xdf, 0x08, 0x08, 0xf8, 0xff,
    0x10, 0x0c, 0xf8, 0xff, 0x08, 0x08, 0xf8, 0xff, 0x08, 0x08, 0xf8, 0xff,
    0x10, 0x08, 0xf8, 0xff, 0x08, 0x0c, 0xf8, 0xff, 0x08, 0x08, 0xf8, 0xff,
    0x08, 0x08, 0xf8, 0xff, 0xa0, 0xa4, 0xf8, 0xff, 0xf8, 0xfc, 0xf8, 0xff,
    0xf8, 0xfc, 0xf8, 0xff, 0xf8, 0xfc, 0xf8, 0xff, 0xf8, 0xfc, 0xf8, 0xff,
    0xf8, 0xfc, 0xf8, 0xff, 0xf8, 0xfc, 0xf8, 0xff, 0xf8, 0xfc, 0xf8, 0xff,
    0xf8, 0xfc, 0xf8, 0xff, 0xf8, 0xfc, 0xf8, 0xff, 0xf8, 0xfc, 0xf8, 0xff,
    0xf8, 0xfc, 0xf8, 0xff, 0xf8, 0xfc, 0xf8, 0xff, 0xf8, 0xfc, 0xf8, 0xff,
    0xf8, 0xfc, 0xf8, 0xff, 0xf8, 0xfc, 0xf8, 0xff, 0xf8, 0xfc, 0xf8, 0xff,
    0xf8, 0xfc, 0xf8, 0xff, 0xf8, 0xfc, 0xf8, 0xff, 0x00, 0x00, 0x00, 0xff,
    0x00, 0x00, 0x00, 0xff, 0x00, 0x00, 0x00, 0xff, 0x00, 0x00, 0x00, 0xff,
    0x00, 0x00, 0x00, 0xff, 0x00, 0x00, 0x00, 0xff, 0x00, 0x00, 0x00, 0xff,
    0x00, 0x00, 0x00, 0xff, 0x00, 0x00, 0x00, 0xff, 0x00, 0x00, 0x00, 0xff,
    0x00, 0x00, 0x00, 0xff, 0x00, 0x00, 0x00, 0xff, 0x00, 0x00, 0x00, 0xff,
    0x00, 0x00, 0x00, 0xff, 0x00, 0x00, 0x00, 0xff, 0x18, 0x18, 0x60, 0xff,
    0x10, 0x08, 0xf8, 0xff, 0x08, 0x08, 0xf8, 0xff, 0x08, 0x0c, 0xf8, 0xff,
    0x10, 0x08, 0xf8, 0xff, 0x08, 0x0c, 0xf8, 0xff, 0x08, 0x08, 0xf8, 0xff,
    0x10, 0x08, 0xf8, 0xff, 0x08, 0x08, 0xf8, 0xff, 0x08, 0x08, 0xf8, 0xff,
    0x08, 0x04, 0x50, 0xff, 0x00, 0x00, 0x00, 0xff, 0x00, 0x00, 0x00, 0xff,
    0x00, 0x00, 0x00, 0xff, 0x00, 0x00, 0x00, 0xff, 0x00, 0x00, 0x00, 0xff,
    0x00, 0x00, 0x00, 0xff, 0x00, 0x00, 0x00, 0xff, 0x00, 0x00, 0x00, 0xff,
    0x00, 0x00, 0x00, 0xff, 0x00, 0x00, 0x00, 0xff, 0x00, 0x00, 0x00, 0xff,
    0x00, 0x00, 0x00, 0xff, 0x00, 0x00, 0x00, 0xff, 0x00, 0x00, 0x00, 0xff,
    0x00, 0x00, 0x00, 0xff, 0x00, 0x00, 0x00, 0xff, 0x00, 0x00, 0x00, 0xff,
    0x00, 0x00, 0x00, 0xff, 0x00, 0x00, 0x00, 0xff, 0x00, 0x00, 0x00, 0xff,
    0x80, 0x80, 0x80, 0xff, 0xf8, 0xfc, 0xf8, 0xff, 0xf8, 0xfc, 0xf8, 0xff,
    0xf8, 0xfc, 0xf8, 0xff, 0xf8, 0xfc, 0xf8, 0xff, 0xf8, 0xfc, 0xf8, 0xff,
    0xf8, 0xfc, 0xf8, 0xff, 0xf8, 0xfc, 0xf8, 0xff, 0xf8, 0xfc, 0xf8, 0xff,
    0xf8, 0xfc, 0xf8, 0xff, 0xf8, 0xfc, 0xf8, 0xff, 0xf8, 0xfc, 0xf8, 0xff,
    0xf8, 0xfc, 0xf8, 0xff, 0xf8, 0xfc, 0xf8, 0xff, 0xf8, 0xfc, 0xf8, 0xff,
    0xf8, 0xfc, 0xf8, 0xff, 0xf8, 0xfc, 0xf8, 0xff, 0xf8, 0xfc, 0xf8, 0xff,
    0x88, 0x84, 0xf8, 0xff, 0x08, 0x08, 0xf8, 0xff, 0x08, 0x0c, 0xf8, 0xff,
    0x10, 0x08, 0xf8, 0xff, 0x10, 0x08, 0xf8, 0xff, 0x08, 0x0c, 0xf8, 0xff,
    0x10, 0x08, 0xf8, 0xff, 0x08, 0x08, 0xf8, 0xff, 0x08, 0x08, 0xf8, 0xff,
    0x08, 0x08, 0xf8, 0xff, 0x10, 0x08, 0xf8, 0xff, 0x10, 0x0c, 0xf8, 0xff,
    0x08, 0x08, 0xf8, 0xff, 0x08, 0x08, 0xf8, 0xff, 0x10, 0x08, 0xf8, 0xff,
    0x10, 0x08, 0xf8, 0xff, 0x08, 0x08, 0xf8, 0xff, 0xa0, 0xa4, 0xf8, 0xff,
    0xf8, 0xfc, 0xf8, 0xff, 0xf8, 0xfc, 0xf8, 0xff, 0xf8, 0xfc, 0xf8, 0xff,
    0xf8, 0xfc, 0xf8, 0xff, 0xf8, 0xfc, 0xf8, 0xff, 0xf8, 0xfc, 0xf8, 0xff,
    0xf8, 0xfc, 0xf8, 0xff, 0xf8, 0xfc, 0xf8, 0xff, 0xf8, 0xfc, 0xf8, 0xff,
    0xf8, 0xfc, 0xf8, 0xff, 0xf8, 0xfc, 0xf8, 0xff, 0xf8, 0xfc, 0xf8, 0xff,
    0xf8, 0xfc, 0xf8, 0xff, 0xf8, 0xfc, 0xf8, 0xff, 0xf8, 0xfc, 0xf8, 0xff,
    0xf8, 0xfc, 0xf8, 0xff, 0xf8, 0xfc, 0xf8, 0xff, 0xf8, 0xfc, 0xf8, 0xff,
    0x00, 0x00, 0x00, 0xff, 0x00, 0x00, 0x00, 0xff, 0x00, 0x00, 0x00, 0xff,
    0x00, 0x00, 0x00, 0xff, 0x00, 0x00, 0x00, 0xff, 0x00, 0x00, 0x00, 0xff,
    0x00, 0x00, 0x00, 0xff, 0x00, 0x00, 0x00, 0xff, 0x00, 0x00, 0x00, 0xff,
    0x00, 0x00, 0x00, 0xff, 0x00, 0x00, 0x00, 0xff, 0x00, 0x00, 0x00, 0xff,
    0x00, 0x00, 0x00, 0xff, 0x00, 0x00, 0x00, 0xff, 0x00, 0x00, 0x00, 0xff,
    0x20, 0x20, 0x20, 0xff, 0xb8, 0xb8, 0xf8, 0xff, 0x08, 0x08, 0xf8, 0xff,
    0x10, 0x08, 0xf8, 0xff, 0x08, 0x08, 0xf8, 0xff, 0x08, 0x08, 0xf8, 0xff,
    0x10, 0x0c, 0xf8, 0xff, 0x08, 0x0c, 0xf8, 0xff, 0x08, 0x08, 0xf8, 0xff,
    0x10, 0x08, 0xf8, 0xff, 0x08, 0x08, 0xf8, 0xff, 0x00, 0x04, 0x48, 0xff,
    0x00, 0x00, 0x00, 0xff, 0x00, 0x00, 0x00, 0xff, 0x00, 0x00, 0x00, 0xff,
    0x00, 0x00, 0x00, 0xff, 0x00, 0x00, 0x00, 0xff, 0x00, 0x00, 0x00, 0xff,
    0x00, 0x00, 0x00, 0xff, 0x00, 0x00, 0x00, 0xff, 0x00, 0x00, 0x00, 0xff,
    0x00, 0x00, 0x00, 0xff, 0x00, 0x00, 0x00, 0xff, 0x00, 0x00, 0x00, 0xff,
    0x00, 0x00, 0x00, 0xff, 0x00, 0x00, 0x00, 0xff, 0x00, 0x00, 0x00, 0xff,
    0x00, 0x00, 0x00, 0xff, 0x00, 0x00, 0x00, 0xff, 0x00, 0x00, 0x00, 0xff,
    0x00, 0x00, 0x00, 0xff, 0xc0, 0xc0, 0xc0, 0xff, 0xf8, 0xfc, 0xf8, 0xff,
    0xf8, 0xfc, 0xf8, 0xff, 0xf8, 0xfc, 0xf8, 0xff, 0xf8, 0xfc, 0xf8, 0xff,
    0xf8, 0xfc, 0xf8, 0xff, 0xf8, 0xfc, 0xf8, 0xff, 0xf8, 0xfc, 0xf8, 0xff,
    0xf8, 0xfc, 0xf8, 0xff, 0xf8, 0xfc, 0xf8, 0xff, 0xf8, 0xfc, 0xf8, 0xff,
    0xf8, 0xfc, 0xf8, 0xff, 0xf8, 0xfc, 0xf8, 0xff, 0xf8, 0xfc, 0xf8, 0xff,
    0xf8, 0xfc, 0xf8, 0xff, 0xf8, 0xfc, 0xf8, 0xff, 0xf8, 0xfc, 0xf8, 0xff,
    0xf8, 0xfc, 0xf8, 0xff, 0xa0, 0xa4, 0xf8, 0xff, 0x10, 0x08, 0xf8, 0xff,
    0x08, 0x08, 0xf8, 0xff, 0x08, 0x0c, 0xf8, 0xff, 0x08, 0x08, 0xf8, 0xff,
    0x08, 0x08, 0xf8, 0xff, 0x10, 0x08, 0xf8, 0xff, 0x08, 0x0c, 0xf8, 0xff,
    0x08, 0x08, 0xf8, 0xff, 0x08, 0x08, 0xf8, 0xff, 0x08, 0x08, 0xf8, 0xff,
    0x08, 0x08, 0xf8, 0xff, 0x10, 0x0c, 0xf8, 0xff, 0x08, 0x08, 0xf8, 0xff,
    0x08, 0x08, 0xf8, 0xff, 0x10, 0x0c, 0xf8, 0xff, 0x10, 0x08, 0xf8, 0xff,
    0xa0, 0xa4, 0xf8, 0xff, 0xf8, 0xfc, 0xf8, 0xff, 0xf8, 0xfc, 0xf8, 0xff,
    0xf8, 0xfc, 0xf8, 0xff, 0xf8, 0xfc, 0xf8, 0xff, 0xf8, 0xfc, 0xf8, 0xff,
    0xf8, 0xfc, 0xf8, 0xff, 0xf8, 0xfc, 0xf8, 0xff, 0xf8, 0xfc, 0xf8, 0xff,
    0xf8, 0xfc, 0xf8, 0xff, 0xf8, 0xfc, 0xf8, 0xff, 0xf8, 0xfc, 0xf8, 0xff,
    0xf8, 0xfc, 0xf8, 0xff, 0xf8, 0xfc, 0xf8, 0xff, 0xf8, 0xfc, 0xf8, 0xff,
    0xf8, 0xfc, 0xf8, 0xff, 0xf8, 0xfc, 0xf8, 0xff, 0xf8, 0xfc, 0xf8, 0xff,
    0xf8, 0xfc, 0xf8, 0xff, 0x00, 0x00, 0x00, 0xff, 0x00, 0x00, 0x00, 0xff,
    0x00, 0x00, 0x00, 0xff, 0x00, 0x00, 0x00, 0xff, 0x00, 0x00, 0x00, 0xff,
    0x00, 0x00, 0x00, 0xff, 0x00, 0x00, 0x00, 0xff, 0x00, 0x00, 0x00, 0xff,
    0x00, 0x00, 0x00, 0xff, 0x00, 0x00, 0x00, 0xff, 0x00, 0x00, 0x00, 0xff,
    0x00, 0x00, 0x00, 0xff, 0x00, 0x00, 0x00, 0xff, 0x00, 0x00, 0x00, 0xff,
    0x00, 0x00, 0x00, 0xff, 0x20, 0x20, 0x20, 0xff, 0xf8, 0xfc, 0xf8, 0xff,
    0xb8, 0xb8, 0xf8, 0xff, 0x08, 0x08, 0xf8, 0xff, 0x08, 0x08, 0xf8, 0xff,
    0x10, 0x08, 0xf8, 0xff, 0x08, 0x08, 0xf8, 0xff, 0x08, 0x08, 0xf8, 0xff,
    0x10, 0x08, 0xf8, 0xff, 0x08, 0x0c, 0xf8, 0xff, 0x08, 0x08, 0xf8, 0xff,
    0x10, 0x08, 0xf8, 0xff, 0x00, 0x04, 0x48, 0xff, 0x00, 0x00, 0x00, 0xff,
    0x00, 0x00, 0x00, 0xff, 0x00, 0x00, 0x00, 0xff, 0x00, 0x00, 0x00, 0xff,
    0x00, 0x00, 0x00, 0xff, 0x00, 0x00, 0x00, 0xff, 0x00, 0x00, 0x00, 0xff,
    0x00, 0x00, 0x00, 0xff, 0x00, 0x00, 0x00, 0xff, 0x00, 0x00, 0x00, 0xff,
    0x00, 0x00, 0x00, 0xff, 0x00, 0x00, 0x00, 0xff, 0x00, 0x00, 0x00, 0xff,
    0x00, 0x00, 0x00, 0xff, 0x00, 0x00, 0x00, 0xff, 0x00, 0x00, 0x00, 0xff,
    0x00, 0x00, 0x00, 0xff, 0x20, 0x20, 0x20, 0xff, 0xf8, 0xfc, 0xf8, 0xff,
    0xf8, 0xfc, 0xf8, 0xff, 0xf8, 0xfc, 0xf8, 0xff, 0xf8, 0xfc, 0xf8, 0xff,
    0xf8, 0xfc, 0xf8, 0xff, 0xf8, 0xfc, 0xf8, 0xff, 0xf8, 0xfc, 0xf8, 0xff,
    0xf8, 0xfc, 0xf8, 0xff, 0xf8, 0xfc, 0xf8, 0xff, 0xf8, 0xfc, 0xf8, 0xff,
    0xf8, 0xfc, 0xf8, 0xff, 0xf8, 0xfc, 0xf8, 0xff, 0xf8, 0xfc, 0xf8, 0xff,
    0xf8, 0xfc, 0xf8, 0xff, 0xf8, 0xfc, 0xf8, 0xff, 0xf8, 0xfc, 0xf8, 0xff,
    0xf8, 0xfc, 0xf8, 0xff, 0xf8, 0xfc, 0xf8, 0xff, 0xa0, 0xa4, 0xf8, 0xff,
    0x10, 0x08, 0xf8, 0xff, 0x08, 0x08, 0xf8, 0xff, 0x10, 0x08, 0xf8, 0xff,
    0x08, 0x08, 0xf8, 0xff, 0x08, 0x08, 0xf8, 0xff, 0x10, 0x0c, 0xf8, 0xff,
    0x08, 0x08, 0xf8, 0xff, 0x10, 0x08, 0xf8, 0xff, 0x08, 0x08, 0xf8, 0xff,
    0x10, 0x08, 0xf8, 0xff, 0x08, 0x08, 0xf8, 0xff, 0x08, 0x0c, 0xf8, 0xff,
    0x10, 0x08, 0xf8, 0xff, 0x08, 0x08, 0xf8, 0xff, 0x08, 0x08, 0xf8, 0xff,
    0x08, 0x08, 0xf8, 0xff, 0xa8, 0xa4, 0xf8, 0xff, 0xf8, 0xfc, 0xf8, 0xff,
    0xf8, 0xfc, 0xf8, 0xff, 0xf8, 0xfc, 0xf8, 0xff, 0xf8, 0xfc, 0xf8, 0xff,
    0xf8, 0xfc, 0xf8, 0xff, 0xf8, 0xfc, 0xf8, 0xff, 0xf8, 0xfc, 0xf8, 0xff,
    0xf8, 0xfc, 0xf8, 0xff, 0xf8, 0xfc, 0xf8, 0xff, 0xf8, 0xfc, 0xf8, 0xff,
    0xf8, 0xfc, 0xf8, 0xff, 0xf8, 0xfc, 0xf8, 0xff, 0xf8, 0xfc, 0xf8, 0xff,
    0xf8, 0xfc, 0xf8, 0xff, 0xf8, 0xfc, 0xf8, 0xff, 0xf8, 0xfc, 0xf8, 0xff,
    0xf8, 0xfc, 0xf8, 0xff, 0xf8, 0xfc, 0xf8, 0xff, 0x00, 0x00, 0x00, 0xff,
    0x00, 0x00, 0x00, 0xff, 0x00, 0x00, 0x00, 0xff, 0x00, 0x00, 0x00, 0xff,
    0x00, 0x00, 0x00, 0xff, 0x00, 0x00, 0x00, 0xff, 0x00, 0x00, 0x00, 0xff,
    0x00, 0x00, 0x00, 0xff, 0x00, 0x00, 0x00, 0xff, 0x00, 0x00, 0x00, 0xff,
    0x00, 0x00, 0x00, 0xff, 0x00, 0x00, 0x00, 0xff, 0x00, 0x00, 0x00, 0xff,
    0x00, 0x00, 0x00, 0xff, 0x00, 0x00, 0x00, 0xff, 0x20, 0x20, 0x20, 0xff,
    0xf8, 0xfc, 0xf8, 0xff, 0xf8, 0xfc, 0xf8, 0xff, 0xb8, 0xb8, 0xf8, 0xff,
    0x08, 0x08, 0xf8, 0xff, 0x10, 0x08, 0xf8, 0xff, 0x08, 0x0c, 0xf8, 0xff,
    0x10, 0x08, 0xf8, 0xff, 0x10, 0x08, 0xf8, 0xff, 0x08, 0x08, 0xf8, 0xff,
    0x08, 0x08, 0xf8, 0xff, 0x10, 0x08, 0xf8, 0xff, 0x08, 0x08, 0xf8, 0xff,
    0x00, 0x04, 0x50, 0xff, 0x00, 0x00, 0x00, 0xff, 0x00, 0x00, 0x00, 0xff,
    0x00, 0x00, 0x00, 0xff, 0x00, 0x00, 0x00, 0xff, 0x00, 0x00, 0x00, 0xff,
    0x00, 0x00, 0x00, 0xff, 0x00, 0x00, 0x00, 0xff, 0x00, 0x00, 0x00, 0xff,
    0x00, 0x00, 0x00, 0xff, 0x00, 0x00, 0x00, 0xff, 0x00, 0x00, 0x00, 0xff,
    0x00, 0x00, 0x00, 0xff, 0x00, 0x00, 0x00, 0xff, 0x00, 0x00, 0x00, 0xff,
    0x00, 0x00, 0x00, 0xff, 0x00, 0x00, 0x00, 0xff, 0x80, 0x80, 0x80, 0xff,
    0xf8, 0xfc, 0xf8, 0xff, 0xf8, 0xfc, 0xf8, 0xff, 0xf8, 0xfc, 0xf8, 0xff,
    0xf8, 0xfc, 0xf8, 0xff, 0xf8, 0xfc, 0xf8, 0xff, 0xf8, 0xfc, 0xf8, 0xff,
    0xf8, 0xfc, 0xf8, 0xff, 0xf8, 0xfc, 0xf8, 0xff, 0xf8, 0xfc, 0xf8, 0xff,
    0xf8, 0xfc, 0xf8, 0xff, 0xf8, 0xfc, 0xf8, 0xff, 0xf8, 0xfc, 0xf8, 0xff,
    0xf8, 0xfc, 0xf8, 0xff, 0xf8, 0xfc, 0xf8, 0xff, 0xf8, 0xfc, 0xf8, 0xff,
    0xf8, 0xfc, 0xf8, 0xff, 0xf8, 0xfc, 0xf8, 0xff, 0xf8, 0xfc, 0xf8, 0xff,
    0xa0, 0xa0, 0xf8, 0xff, 0x08, 0x08, 0xf8, 0xff, 0x10, 0x0c, 0xf8, 0xff,
    0x08, 0x08, 0xf8, 0xff, 0x10, 0x08, 0xf8, 0xff, 0x08, 0x0c, 0xf8, 0xff,
    0x08, 0x08, 0xf8, 0xff, 0x10, 0x08, 0xf8, 0xff, 0x08, 0x08, 0xf8, 0xff,
    0x08, 0x08, 0xf8, 0xff, 0x10, 0x08, 0xf8, 0xff, 0x08, 0x0c, 0xf8, 0xff,
    0x08, 0x08, 0xf8, 0xff, 0x10, 0x08, 0xf8, 0xff, 0x08, 0x0c, 0xf8, 0xff,
    0x08, 0x08, 0xf8, 0xff, 0x10, 0x08, 0xf8, 0xff, 0xa0, 0xa4, 0xf8, 0xff,
    0xf8, 0xfc, 0xf8, 0xff, 0xf8, 0xfc, 0xf8, 0xff, 0xf8, 0xfc, 0xf8, 0xff,
    0xf8, 0xfc, 0xf8, 0xff, 0xf8, 0xfc, 0xf8, 0xff, 0xf8, 0xfc, 0xf8, 0xff,
    0xf8, 0xfc, 0xf8, 0xff, 0xf8, 0xfc, 0xf8, 0xff, 0xf8, 0xfc, 0xf8, 0xff,
    0xf8, 0xfc, 0xf8, 0xff, 0xf8, 0xfc, 0xf8, 0xff, 0xf8, 0xfc, 0xf8, 0xff,
    0xf8, 0xfc, 0xf8, 0xff, 0xf8, 0xfc, 0xf8, 0xff, 0xf8, 0xfc, 0xf8, 0xff,
    0xf8, 0xfc, 0xf8, 0xff, 0xf8, 0xfc, 0xf8, 0xff, 0xf8, 0xfc, 0xf8, 0xff,
    0x00, 0x00, 0x00, 0xff, 0x00, 0x00, 0x00, 0xff, 0x00, 0x00, 0x00, 0xff,
    0x00, 0x00, 0x00, 0xff, 0x00, 0x00, 0x00, 0xff, 0x00, 0x00, 0x00, 0xff,
    0x00, 0x00, 0x00, 0xff, 0x00, 0x00, 0x00, 0xff, 0x00, 0x00, 0x00, 0xff,
    0x00, 0x00, 0x00, 0xff, 0x00, 0x00, 0x00, 0xff, 0x00, 0x00, 0x00, 0xff,
    0x00, 0x00, 0x00, 0xff, 0x00, 0x00, 0x00, 0xff, 0x00, 0x00, 0x00, 0xff,
    0x20, 0x20, 0x20, 0xff, 0xf8, 0xfc, 0xf8, 0xff, 0xf8, 0xfc, 0xf8, 0xff,
    0xf8, 0xfc, 0xf8, 0xff, 0xb8, 0xb8, 0xf8, 0xff, 0x08, 0x08, 0xf8, 0xff,
    0x08, 0x08, 0xf8, 0xff, 0x08, 0x0c, 0xf8, 0xff, 0x10, 0x08, 0xf8, 0xff,
    0x08, 0x08, 0xf8, 0xff, 0x08, 0x0c, 0xf8, 0xff, 0x10, 0x08, 0xf8, 0xff,
    0x08, 0x08, 0xf8, 0xff, 0x10, 0x08, 0xf8, 0xff, 0x00, 0x04, 0x48, 0xff,
    0x00, 0x00, 0x00, 0xff, 0x00, 0x00, 0x00, 0xff, 0x00, 0x00, 0x00, 0xff,
    0x00, 0x00, 0x00, 0xff, 0x00, 0x00, 0x00, 0xff, 0x00, 0x00, 0x00, 0xff,
    0x00, 0x00, 0x00, 0xff, 0x00, 0x00, 0x00, 0xff, 0x00, 0x00, 0x00, 0xff,
    0x00, 0x00, 0x00, 0xff, 0x00, 0x00, 0x00, 0xff, 0x00, 0x00, 0x00, 0xff,
    0x00, 0x00, 0x00, 0xff, 0x00, 0x00, 0x00, 0xff, 0x20, 0x20, 0x20, 0xff,
    0xf8, 0xfc, 0xf8, 0xff, 0xf8, 0xfc, 0xf8, 0xff, 0xf8, 0xfc, 0xf8, 0xff,
    0xf8, 0xfc, 0xf8, 0xff, 0xf8, 0xfc, 0xf8, 0xff, 0xf8, 0xfc, 0xf8, 0xff,
    0xf8, 0xfc, 0xf8, 0xff, 0xf8, 0xfc, 0xf8, 0xff, 0xf8, 0xfc, 0xf8, 0xff,
    0xf8, 0xfc, 0xf8, 0xff, 0xf8, 0xfc, 0xf8, 0xff, 0xf8, 0xfc, 0xf8, 0xff,
    0xf8, 0xfc, 0xf8, 0xff, 0xf8, 0xfc, 0xf8, 0xff, 0xf8, 0xfc, 0xf8, 0xff,
    0xf8, 0xfc, 0xf8, 0xff, 0xf8, 0xfc, 0xf8, 0xff, 0xf8, 0xfc, 0xf8, 0xff,
    0xf8, 0xfc, 0xf8, 0xff, 0xa8, 0xa4, 0xf8, 0xff, 0x08, 0x08, 0xf8, 0xff,
    0x08, 0x08, 0xf8, 0xff, 0x10, 0x0c, 0xf8, 0xff, 0x08, 0x08, 0xf8, 0xff,
    0x10, 0x08, 0xf8, 0xff, 0x08, 0x08, 0xf8, 0xff, 0x08, 0x08, 0xf8, 0xff,
    0x08, 0x0c, 0xf8, 0xff, 0x08, 0x08, 0xf8, 0xff, 0x10, 0x08, 0xf8, 0xff,
    0x08, 0x08, 0xf8, 0xff, 0x10, 0x08, 0xf8, 0xff, 0x08, 0x08, 0xf8, 0xff,
    0x10, 0x0c, 0xf8, 0xff, 0x08, 0x08, 0xf8, 0xff, 0x08, 0x08, 0xf8, 0xff,
    0x88, 0x84, 0xf8, 0xff, 0xf8, 0xfc, 0xf8, 0xff, 0xf8, 0xfc, 0xf8, 0xff,
    0xf8, 0xfc, 0xf8, 0xff, 0xf8, 0xfc, 0xf8, 0xff, 0xf8, 0xfc, 0xf8, 0xff,
    0xf8, 0xfc, 0xf8, 0xff, 0xf8, 0xfc, 0xf8, 0xff, 0xf8, 0xfc, 0xf8, 0xff,
    0xf8, 0xfc, 0xf8, 0xff, 0xf8, 0xfc, 0xf8, 0xff, 0xf8, 0xfc, 0xf8, 0xff,
    0xf8, 0xfc, 0xf8, 0xff, 0xf8, 0xfc, 0xf8, 0xff, 0xf8, 0xfc, 0xf8, 0xff,
    0xf8, 0xfc, 0xf8, 0xff, 0xf8, 0xfc, 0xf8, 0xff, 0xf8, 0xfc, 0xf8, 0xff,
    0xf8, 0xfc, 0xf8, 0xff, 0x00, 0x00, 0x00, 0xff, 0x00, 0x00, 0x00, 0xff,
    0x00, 0x00, 0x00, 0xff, 0x00, 0x00, 0x00, 0xff, 0x00, 0x00, 0x00, 0xff,
    0x00, 0x00, 0x00, 0xff, 0x00, 0x00, 0x00, 0xff, 0x00, 0x00, 0x00, 0xff,
    0x00, 0x00, 0x00, 0xff, 0x00, 0x00, 0x00, 0xff, 0x00, 0x00, 0x00, 0xff,
    0x00, 0x00, 0x00, 0xff, 0x00, 0x00, 0x00, 0xff, 0x00, 0x00, 0x00, 0xff,
    0x00, 0x00, 0x00, 0xff, 0x20, 0x20, 0x20, 0xff, 0xf8, 0xfc, 0xf8, 0xff,
    0xf8, 0xfc, 0xf8, 0xff, 0xf8, 0xfc, 0xf8, 0xff, 0xf8, 0xfc, 0xf8, 0xff,
    0xb8, 0xb8, 0xf8, 0xff, 0x08, 0x08, 0xf8, 0xff, 0x08, 0x08, 0xf8, 0xff,
    0x10, 0x08, 0xf8, 0xff, 0x08, 0x0c, 0xf8, 0xff, 0x10, 0x08, 0xf8, 0xff,
    0x08, 0x08, 0xf8, 0xff, 0x08, 0x08, 0xf8, 0xff, 0x10, 0x08, 0xf8, 0xff,
    0x08, 0x08, 0xf8, 0xff, 0x00, 0x04, 0x48, 0xff, 0x00, 0x00, 0x00, 0xff,
    0x00, 0x00, 0x00, 0xff, 0x00, 0x00, 0x00, 0xff, 0x00, 0x00, 0x00, 0xff,
    0x00, 0x00, 0x00, 0xff, 0x00, 0x00, 0x00, 0xff, 0x00, 0x00, 0x00, 0xff,
    0x00, 0x00, 0x00, 0xff, 0x00, 0x00, 0x00, 0xff, 0x00, 0x00, 0x00, 0xff,
    0x00, 0x00, 0x00, 0xff, 0x00, 0x00, 0x00, 0xff, 0x00, 0x00, 0x00, 0xff,
    0xa0, 0xa0, 0xa0, 0xff, 0xf8, 0xfc, 0xf8, 0xff, 0xf8, 0xfc, 0xf8, 0xff,
    0xf8, 0xfc, 0xf8, 0xff, 0xf8, 0xfc, 0xf8, 0xff, 0xf8, 0xfc, 0xf8, 0xff,
    0xf8, 0xfc, 0xf8, 0xff, 0xf8, 0xfc, 0xf8, 0xff, 0xf8, 0xfc, 0xf8, 0xff,
    0xf8, 0xfc, 0xf8, 0xff, 0xf8, 0xfc, 0xf8, 0xff, 0xf8, 0xfc, 0xf8, 0xff,
    0xf8, 0xfc, 0xf8, 0xff, 0xf8, 0xfc, 0xf8, 0xff, 0xf8, 0xfc, 0xf8, 0xff,
    0xf8, 0xfc, 0xf8, 0xff, 0xf8, 0xfc, 0xf8, 0xff, 0xf8, 0xfc, 0xf8, 0xff,
    0xf8, 0xfc, 0xf8, 0xff, 0xf8, 0xfc, 0xf8, 0xff, 0xa8, 0xa4, 0xf8, 0xff,
    0x08, 0x08, 0xf8, 0xff, 0x08, 0x08, 0xf8, 0xff, 0x10, 0x08, 0xf8, 0xff,
    0x08, 0x08, 0xf8, 0xff, 0x08, 0x0c, 0xf8, 0xff, 0x10, 0x08, 0xf8, 0xff,
    0x10, 0x08, 0xf8, 0xff, 0x08, 0x08, 0xf8, 0xff, 0x08, 0x08, 0xf8, 0xdf,
    0x08, 0x0c, 0xf8, 0xff, 0x10, 0x08, 0xf8, 0xff, 0x08, 0x08, 0xf8, 0xff,
    0x08, 0x0c, 0xf8, 0xff, 0x10, 0x08, 0xf8, 0xff, 0x08, 0x08, 0xf8, 0xff,
    0x08, 0x08, 0xf8, 0xff, 0x88, 0x84, 0xf8, 0xff, 0xf8, 0xfc, 0xf8, 0xff,
    0xf8, 0xfc, 0xf8, 0xff, 0xf8, 0xfc, 0xf8, 0xff, 0xf8, 0xfc, 0xf8, 0xff,
    0xf8, 0xfc, 0xf8, 0xff, 0xf8, 0xfc, 0xf8, 0xff, 0xf8, 0xfc, 0xf8, 0xff,
    0xf8, 0xfc, 0xf8, 0xff, 0xf8, 0xfc, 0xf8, 0xff, 0xf8, 0xfc, 0xf8, 0xff,
    0xf8, 0xfc, 0xf8, 0xff, 0xf8, 0xfc, 0xf8, 0xff, 0xf8, 0xfc, 0xf8, 0xff,
    0xf8, 0xfc, 0xf8, 0xff, 0xf8, 0xfc, 0xf8, 0xff, 0xf8, 0xfc, 0xf8, 0xff,
    0xf8, 0xfc, 0xf8, 0xff, 0xf8, 0xfc, 0xf8, 0xff, 0x00, 0x00, 0x00, 0xff,
    0x00, 0x00, 0x00, 0xff, 0x00, 0x00, 0x00, 0xff, 0x00, 0x00, 0x00, 0xff,
    0x00, 0x00, 0x00, 0xff, 0x00, 0x00, 0x00, 0xff, 0x00, 0x00, 0x00, 0xff,
    0x00, 0x00, 0x00, 0xff, 0x00, 0x00, 0x00, 0xff, 0x00, 0x00, 0x00, 0xff,
    0x00, 0x00, 0x00, 0xff, 0x00, 0x00, 0x00, 0xff, 0x00, 0x00, 0x00, 0xff,
    0x00, 0x00, 0x00, 0xff, 0x00, 0x00, 0x00, 0xff, 0x20, 0x20, 0x20, 0xff,
    0xf8, 0xfc, 0xf8, 0xff, 0xf8, 0xfc, 0xf8, 0xff, 0xf8, 0xfc, 0xf8, 0xff,
    0xf8, 0xfc, 0xf8, 0xff, 0xf8, 0xfc, 0xf8, 0xff, 0xb8, 0xb8, 0xf8, 0xff,
    0x10, 0x08, 0xf8, 0xff, 0x08, 0x08, 0xf8, 0xff, 0x08, 0x08, 0xf8, 0xff,
    0x10, 0x0c, 0xf8, 0xff, 0x08, 0x08, 0xf8, 0xff, 0x08, 0x0c, 0xf8, 0xff,
    0x10, 0x08, 0xf8, 0xff, 0x10, 0x08, 0xf8, 0xff, 0x08, 0x08, 0xf8, 0xff,
    0x08, 0x04, 0x50, 0xff, 0x00, 0x00, 0x00, 0xff, 0x00, 0x00, 0x00, 0xff,
    0x00, 0x00, 0x00, 0xff, 0x00, 0x00, 0x00, 0xff, 0x00, 0x00, 0x00, 0xff,
    0x00, 0x00, 0x00, 0xff, 0x00, 0x00, 0x00, 0xff, 0x00, 0x00, 0x00, 0xff,
    0x00, 0x00, 0x00, 0xff, 0x00, 0x00, 0x00, 0xff, 0x00, 0x00, 0x00, 0xff,
    0x40, 0x40, 0x40, 0xff, 0xf8, 0xfc, 0xf8, 0xff, 0xf8, 0xfc, 0xf8, 0xff,
    0xf8, 0xfc, 0xf8, 0xff, 0xf8, 0xfc, 0xf8, 0xff, 0xf8, 0xfc, 0xf8, 0xff,
    0xf8, 0xfc, 0xf8, 0xff, 0xf8, 0xfc, 0xf8, 0xff, 0xf8, 0xfc, 0xf8, 0xff,
    0xf8, 0xfc, 0xf8, 0xff, 0xf8, 0xfc, 0xf8, 0xff, 0xf8, 0xfc, 0xf8, 0xff,
    0xf8, 0xfc, 0xf8, 0xff, 0xf8, 0xfc, 0xf8, 0xff, 0xf8, 0xfc, 0xf8, 0xff,
    0xf8, 0xfc, 0xf8, 0xff, 0xf8, 0xfc, 0xf8, 0xff, 0xf8, 0xfc, 0xf8, 0xff,
    0xf8, 0xfc, 0xf8, 0xff, 0xf8, 0xfc, 0xf8, 0xff, 0xf8, 0xfc, 0xf8, 0xff,
    0x88, 0x84, 0xf8, 0xff, 0x08, 0x08, 0xf8, 0xff, 0x08, 0x08, 0xf8, 0xff,
    0x10, 0x08, 0xf8, 0xff, 0x08, 0x0c, 0xf8, 0xff, 0x08, 0x08, 0xf8, 0xff,
    0x10, 0x08, 0xf8, 0xff, 0x08, 0x0c, 0xf8, 0xff, 0x08, 0x08, 0xf8, 0xdf,
    0x08, 0x08, 0xf8, 0xcb, 0x10, 0x08, 0xf8, 0xff, 0x08, 0x0c, 0xf8, 0xff,
    0x08, 0x08, 0xf8, 0xff, 0x10, 0x08, 0xf8, 0xff, 0x08, 0x08, 0xf8, 0xff,
    0x10, 0x08, 0xf8, 0xff, 0x10, 0x0c, 0xf8, 0xff, 0x68, 0x68, 0xf8, 0xff,
    0xf8, 0xfc, 0xf8, 0xff, 0xf8, 0xfc, 0xf8, 0xff, 0xf8, 0xfc, 0xf8, 0xff,
    0xf8, 0xfc, 0xf8, 0xff, 0xf8, 0xfc, 0xf8, 0xff, 0xf8, 0xfc, 0xf8, 0xff,
    0xf8, 0xfc, 0xf8, 0xff, 0xf8, 0xfc, 0xf8, 0xff, 0xf8, 0xfc, 0xf8, 0xff,
    0xf8, 0xfc, 0xf8, 0xff, 0xf8, 0xfc, 0xf8, 0xff, 0xf8, 0xfc, 0xf8, 0xff,
    0xf8, 0xfc, 0xf8, 0xff, 0xf8, 0xfc, 0xf8, 0xff, 0xf8, 0xfc, 0xf8, 0xff,
    0xf8, 0xfc, 0xf8, 0xff, 0xf8, 0xfc, 0xf8, 0xff, 0xf8, 0xfc, 0xf8, 0xff,
    0x00, 0x00, 0x00, 0xff, 0x00, 0x00, 0x00, 0xff, 0x00, 0x00, 0x00, 0xff,
    0x00, 0x00, 0x00, 0xff, 0x00, 0x00, 0x00, 0xff, 0x00, 0x00, 0x00, 0xff,
    0x00, 0x00, 0x00, 0xff, 0x00, 0x00, 0x00, 0xff, 0x00, 0x00, 0x00, 0xff,
    0x00, 0x00, 0x00, 0xff, 0x00, 0x00, 0x00, 0xff, 0x00, 0x00, 0x00, 0xff,
    0x00, 0x00, 0x00, 0xff, 0x00, 0x00, 0x00, 0xff, 0x00, 0x00, 0x00, 0xff,
    0x20, 0x20, 0x20, 0xff, 0xf8, 0xfc, 0xf8, 0xff, 0xf8, 0xfc, 0xf8, 0xff,
    0xf8, 0xfc, 0xf8, 0xff, 0xf8, 0xfc, 0xf8, 0xff, 0xf8, 0xfc, 0xf8, 0xff,
    0xf8, 0xfc, 0xf8, 0xff, 0xb8, 0xb8, 0xf8, 0xff, 0x08, 0x08, 0xf8, 0xff,
    0x08, 0x08, 0xf8, 0xff, 0x10, 0x08, 0xf8, 0xff, 0x08, 0x08, 0xf8, 0xff,
    0x08, 0x0c, 0xf8, 0xff, 0x10, 0x08, 0xf8, 0xff, 0x08, 0x08, 0xf8, 0xff,
    0x08, 0x08, 0xf8, 0xff, 0x08, 0x08, 0xf8, 0xff, 0x00, 0x04, 0x48, 0xff,
    0x00, 0x00, 0x00, 0xff, 0x00, 0x00, 0x00, 0xff, 0x00, 0x00, 0x00, 0xff,
    0x00, 0x00, 0x00, 0xff, 0x00, 0x00, 0x00, 0xff, 0x00, 0x00, 0x00, 0xff,
    0x00, 0x00, 0x00, 0xff, 0x00, 0x00, 0x00, 0xff, 0x00, 0x00, 0x00, 0xff,
    0x20, 0x20, 0x20, 0xff, 0xf8, 0xfc, 0xf8, 0xff, 0xf8, 0xfc, 0xf8, 0xff,
    0xf8, 0xfc, 0xf8, 0xff, 0xf8, 0xfc, 0xf8, 0xff, 0xf8, 0xfc, 0xf8, 0xff,
    0xf8, 0xfc, 0xf8, 0xff, 0xf8, 0xfc, 0xf8, 0xff, 0xf8, 0xfc, 0xf8, 0xff,
    0xf8, 0xfc, 0xf8, 0xff, 0xf8, 0xfc, 0xf8, 0xff, 0xf8, 0xfc, 0xf8, 0xff,
    0xf8, 0xfc, 0xf8, 0xff, 0xf8, 0xfc, 0xf8, 0xff, 0xf8, 0xfc, 0xf8, 0xff,
    0xf8, 0xfc, 0xf8, 0xff, 0xf8, 0xfc, 0xf8, 0xff, 0xf8, 0xfc, 0xf8, 0xff,
    0xf8, 0xfc, 0xf8, 0xff, 0xf8, 0xfc, 0xf8, 0xff, 0xf8, 0xfc, 0xf8, 0xff,
    0xf8, 0xfc, 0xf8, 0xff, 0x68, 0x68, 0xf8, 0xff, 0x08, 0x08, 0xf8, 0xff,
    0x10, 0x08, 0xf8, 0xff, 0x08, 0x0c, 0xf8, 0xff, 0x08, 0x08, 0xf8, 0xff,
    0x10, 0x08, 0xf8, 0xff, 0x08, 0x08, 0xf8, 0xff, 0x08, 0x08, 0xf8, 0xff,
    0x10, 0x08, 0xf8, 0xcb, 0x08, 0x08, 0xf8, 0xb2, 0x10, 0x08, 0xf8, 0xff,
    0x08, 0x08, 0xf8, 0xff, 0x08, 0x08, 0xf8, 0xff, 0x10, 0x0c, 0xf8, 0xff,
    0x08, 0x08, 0xf8, 0xff, 0x08, 0x08, 0xf8, 0xff, 0x08, 0x08, 0xf8, 0xff,
    0x48, 0x48, 0xf8, 0xff, 0xf8, 0xfc, 0xf8, 0xff, 0xf8, 0xfc, 0xf8, 0xff,
    0xf8, 0xfc, 0xf8, 0xff, 0xf8, 0xfc, 0xf8, 0xff, 0xf8, 0xfc, 0xf8, 0xff,
    0xf8, 0xfc, 0xf8, 0xff, 0xf8, 0xfc, 0xf8, 0xff, 0xf8, 0xfc, 0xf8, 0xff,
    0xf8, 0xfc, 0xf8, 0xff, 0xf8, 0xfc, 0xf8, 0xff, 0xf8, 0xfc, 0xf8, 0xff,
    0xf8, 0xfc, 0xf8, 0xff, 0xf8, 0xfc, 0xf8, 0xff, 0xf8, 0xfc, 0xf8, 0xff,
    0xf8, 0xfc, 0xf8, 0xff, 0xf8, 0xfc, 0xf8, 0xff, 0xf8, 0xfc, 0xf8, 0xff,
    0xf8, 0xfc, 0xf8, 0xff, 0x00, 0x00, 0x00, 0xff, 0x00, 0x00, 0x00, 0xff,
    0x00, 0x00, 0x00, 0xff, 0x00, 0x00, 0x00, 0xff, 0x00, 0x00, 0x00, 0xff,
    0x00, 0x00, 0x00, 0xff, 0x00, 0x00, 0x00, 0xff, 0x00, 0x00, 0x00, 0xff,
    0x00, 0x00, 0x00, 0xff, 0x00, 0x00, 0x00, 0xff, 0x00, 0x00, 0x00, 0xff,
    0x00, 0x00, 0x00, 0xff, 0x00, 0x00, 0x00, 0xff, 0x00, 0x00, 0x00, 0xff,
    0x00, 0x00, 0x00, 0xff, 0x20, 0x20, 0x20, 0xff, 0xf8, 0xfc, 0xf8, 0xff,
    0xf8, 0xfc, 0xf8, 0xff, 0xf8, 0xfc, 0xf8, 0xff, 0xf8, 0xfc, 0xf8, 0xff,
    0xf8, 0xfc, 0xf8, 0xff, 0xf8, 0xfc, 0xf8, 0xff, 0xf8, 0xfc, 0xf8, 0xff,
    0xb8, 0xb8, 0xf8, 0xff, 0x08, 0x08, 0xf8, 0xff, 0x10, 0x08, 0xf8, 0xff,
    0x08, 0x08, 0xf8, 0xff, 0x08, 0x08, 0xf8, 0xff, 0x10, 0x0c, 0xf8, 0xff,
    0x08, 0x08, 0xf8, 0xff, 0x08, 0x08, 0xf8, 0xff, 0x10, 0x08, 0xf8, 0xff,
    0x08, 0x08, 0xf8, 0xff, 0x00, 0x04, 0x48, 0xff, 0x00, 0x00, 0x00, 0xff,
    0x00, 0x00, 0x00, 0xff, 0x00, 0x00, 0x00, 0xff, 0x00, 0x00, 0x00, 0xff,
    0x00, 0x00, 0x00, 0xff, 0x00, 0x00, 0x00, 0xff, 0x00, 0x00, 0x00, 0xff,
    0x20, 0x20, 0x20, 0xff, 0xf8, 0xfc, 0xf8, 0xff, 0xf8, 0xfc, 0xf8, 0xff,
    0xf8, 0xfc, 0xf8, 0xff, 0xf8, 0xfc, 0xf8, 0xff, 0xf8, 0xfc, 0xf8, 0xff,
    0xf8, 0xfc, 0xf8, 0xff, 0xf8, 0xfc, 0xf8, 0xff, 0xf8, 0xfc, 0xf8, 0xff,
    0xf8, 0xfc, 0xf8, 0xff, 0xf8, 0xfc, 0xf8, 0xff, 0xf8, 0xfc, 0xf8, 0xff,
    0xf8, 0xfc, 0xf8, 0xff, 0xf8, 0xfc, 0xf8, 0xff, 0xf8, 0xfc, 0xf8, 0xff,
    0xf8, 0xfc, 0xf8, 0xff, 0xf8, 0xfc, 0xf8, 0xff, 0xf8, 0xfc, 0xf8, 0xff,
    0xf8, 0xfc, 0xf8, 0xff, 0xf8, 0xfc, 0xf8, 0xff, 0xf8, 0xfc, 0xf8, 0xff,
    0xf8, 0xfc, 0xf8, 0xff, 0xf8, 0xfc, 0xf8, 0xff, 0x48, 0x48, 0xf8, 0xff,
    0x08, 0x08, 0xf8, 0xff, 0x10, 0x08, 0xf8, 0xff, 0x08, 0x08, 0xf8, 0xff,
    0x10, 0x08, 0xf8, 0xff, 0x08, 0x0c, 0xf8, 0xff, 0x08, 0x08, 0xf8, 0xff,
    0x10, 0x08, 0xf8, 0xff, 0x08, 0x08, 0xf8, 0xb2, 0x08, 0x08, 0xf8, 0x92,
    0x08, 0x08, 0xf8, 0xff, 0x10, 0x08, 0xf8, 0xff, 0x08, 0x0c, 0xf8, 0xff,
    0x08, 0x08, 0xf8, 0xff, 0x10, 0x08, 0xf8, 0xff, 0x08, 0x0c, 0xf8, 0xff,
    0x08, 0x08, 0xf8, 0xff, 0x28, 0x28, 0xf8, 0xff, 0xf8, 0xfc, 0xf8, 0xff,
    0xf8, 0xfc, 0xf8, 0xff, 0xf8, 0xfc, 0xf8, 0xff, 0xf8, 0xfc, 0xf8, 0xff,
    0xf8, 0xfc, 0xf8, 0xff, 0xf8, 0xfc, 0xf8, 0xff, 0xf8, 0xfc, 0xf8, 0xff,
    0xf8, 0xfc, 0xf8, 0xff, 0xf8, 0xfc, 0xf8, 0xff, 0xf8, 0xfc, 0xf8, 0xff,
    0xf8, 0xfc, 0xf8, 0xff, 0xf8, 0xfc, 0xf8, 0xff, 0xf8, 0xfc, 0xf8, 0xff,
    0xf8, 0xfc, 0xf8, 0xff, 0xf8, 0xfc, 0xf8, 0xff, 0xf8, 0xfc, 0xf8, 0xff,
    0xf8, 0xfc, 0xf8, 0xff, 0xf8, 0xfc, 0xf8, 0xff, 0x00, 0x00, 0x00, 0xff,
    0x00, 0x00, 0x00, 0xff, 0x00, 0x00, 0x00, 0xff, 0x00, 0x00, 0x00, 0xff,
    0x00, 0x00, 0x00, 0xff, 0x00, 0x00, 0x00, 0xff, 0x00, 0x00, 0x00, 0xff,
    0x00, 0x00, 0x00, 0xff, 0x00, 0x00, 0x00, 0xff, 0x00, 0x00, 0x00, 0xff,
    0x00, 0x00, 0x00, 0xff, 0x00, 0x00, 0x00, 0xff, 0x00, 0x00, 0x00, 0xff,
    0x00, 0x00, 0x00, 0xff, 0x00, 0x00, 0x00, 0xff, 0x20, 0x20, 0x20, 0xff,
    0xf8, 0xfc, 0xf8, 0xff, 0xf8, 0xfc, 0xf8, 0xff, 0xf8, 0xfc, 0xf8, 0xff,
    0xf8, 0xfc, 0xf8, 0xff, 0xf8, 0xfc, 0xf8, 0xff, 0xf8, 0xfc, 0xf8, 0xff,
    0xf8, 0xfc, 0xf8, 0xff, 0xf8, 0xfc, 0xf8, 0xff, 0xb8, 0xb8, 0xf8, 0xff,
    0x08, 0x08, 0xf8, 0xff, 0x10, 0x0c, 0xf8, 0xff, 0x08, 0x08, 0xf8, 0xff,
    0x08, 0x08, 0xf8, 0xff, 0x10, 0x0c, 0xf8, 0xff, 0x10, 0x08, 0xf8, 0xff,
    0x08, 0x08, 0xf8, 0xff, 0x10, 0x08, 0xf8, 0xff, 0x10, 0x08, 0xf8, 0xff,
    0x00, 0x04, 0x50, 0xff, 0x00, 0x00, 0x00, 0xff, 0x00, 0x00, 0x00, 0xff,
    0x00, 0x00, 0x00, 0xff, 0x00, 0x00, 0x00, 0xff, 0x00, 0x00, 0x00, 0xff,
    0x60, 0x60, 0x60, 0xff, 0xf8, 0xfc, 0xf8, 0xff, 0xf8, 0xfc, 0xf8, 0xff,
    0xf8, 0xfc, 0xf8, 0xff, 0xf8, 0xfc, 0xf8, 0xff, 0xf8, 0xfc, 0xf8, 0xff,
    0xf8, 0xfc, 0xf8, 0xff, 0xf8, 0xfc, 0xf8, 0xff, 0xf8, 0xfc, 0xf8, 0xff,
    0xf8, 0xfc, 0xf8, 0xff, 0xf8, 0xfc, 0xf8, 0xff, 0xf8, 0xfc, 0xf8, 0xff,
    0xf8, 0xfc, 0xf8, 0xff, 0xf8, 0xfc, 0xf8, 0xff, 0xf8, 0xfc, 0xf8, 0xff,
    0xf8, 0xfc, 0xf8, 0xff, 0xf8, 0xfc, 0xf8, 0xff, 0xf8, 0xfc, 0xf8, 0xff,
    0xf8, 0xfc, 0xf8, 0xff, 0xf8, 0xfc, 0xf8, 0xff, 0xf8, 0xfc, 0xf8, 0xff,
    0xf8, 0xfc, 0xf8, 0xff, 0xf8, 0xfc, 0xf8, 0xff, 0xf8, 0xfc, 0xf8, 0xff,
    0x28, 0x28, 0xf8, 0xff, 0x08, 0x08, 0xf8, 0xff, 0x08, 0x08, 0xf8, 0xff,
    0x10, 0x0c, 0xf8, 0xff, 0x08, 0x08, 0xf8, 0xff, 0x08, 0x08, 0xf8, 0xff,
    0x10, 0x0c, 0xf8, 0xff, 0x08, 0x08, 0xf8, 0xff, 0x08, 0x08, 0xf8, 0x96,
    0x08, 0x08, 0xf8, 0x71, 0x10, 0x08, 0xf8, 0xff, 0x08, 0x0c, 0xf8, 0xff,
    0x10, 0x08, 0xf8, 0xff, 0x08, 0x08, 0xf8, 0xff, 0x10, 0x08, 0xf8, 0xff,
    0x10, 0x08, 0xf8, 0xff, 0x08, 0x08, 0xf8, 0xff, 0x10, 0x08, 0xf8, 0xff,
    0xf8, 0xfc, 0xf8, 0xff, 0xf8, 0xfc, 0xf8, 0xff, 0xf8, 0xfc, 0xf8, 0xff,
    0xf8, 0xfc, 0xf8, 0xff, 0xf8, 0xfc, 0xf8, 0xff, 0xf8, 0xfc, 0xf8, 0xff,
    0xf8, 0xfc, 0xf8, 0xff, 0xf8, 0xfc, 0xf8, 0xff, 0xf8, 0xfc, 0xf8, 0xff,
    0xf8, 0xfc, 0xf8, 0xff, 0xf8, 0xfc, 0xf8, 0xff, 0xf8, 0xfc, 0xf8, 0xff,
    0xf8, 0xfc, 0xf8, 0xff, 0xf8, 0xfc, 0xf8, 0xff, 0xf8, 0xfc, 0xf8, 0xff,
    0xf8, 0xfc, 0xf8, 0xff, 0xf8, 0xfc, 0xf8, 0xff, 0xf8, 0xfc, 0xf8, 0xff,
    0x00, 0x00, 0x00, 0xff, 0x00, 0x00, 0x00, 0xff, 0x00, 0x00, 0x00, 0xff,
    0x00, 0x00, 0x00, 0xff, 0x00, 0x00, 0x00, 0xff, 0x00, 0x00, 0x00, 0xff,
    0x00, 0x00, 0x00, 0xff, 0x00, 0x00, 0x00, 0xff, 0x00, 0x00, 0x00, 0xff,
    0x00, 0x00, 0x00, 0xff, 0x00, 0x00, 0x00, 0xff, 0x00, 0x00, 0x00, 0xff,
    0x00, 0x00, 0x00, 0xff, 0x00, 0x00, 0x00, 0xff, 0x00, 0x00, 0x00, 0xff,
    0x20, 0x20, 0x20, 0xff, 0xf8, 0xfc, 0xf8, 0xff, 0xf8, 0xfc, 0xf8, 0xff,
    0xf8, 0xfc, 0xf8, 0xff, 0xf8, 0xfc, 0xf8, 0xff, 0xf8, 0xfc, 0xf8, 0xff,
    0xf8, 0xfc, 0xf8, 0xff, 0xf8, 0xfc, 0xf8, 0xff, 0xf8, 0xfc, 0xf8, 0xff,
    0xf8, 0xfc, 0xf8, 0xff, 0xb8, 0xb8, 0xf8, 0xff, 0x08, 0x08, 0xf8, 0xff,
    0x10, 0x08, 0xf8, 0xff, 0x08, 0x08, 0xf8, 0xff, 0x08, 0x08, 0xf8, 0xff,
    0x08, 0x0c, 0xf8, 0xff, 0x08, 0x08, 0xf8, 0xff, 0x10, 0x08, 0xf8, 0xff,
    0x08, 0x08, 0xf8, 0xff, 0x08, 0x08, 0xf8, 0xff, 0x08, 0x04, 0x48, 0xff,
    0x00, 0x00, 0x00, 0xff, 0x00, 0x00, 0x00, 0xff, 0x60, 0x60, 0x60, 0xff,
    0xc0, 0xc0, 0xc0, 0xff, 0xf8, 0xfc, 0xf8, 0xff, 0xf8, 0xfc, 0xf8, 0xff,
    0xf8, 0xfc, 0xf8, 0xff, 0xf8, 0xfc, 0xf8, 0xff, 0xf8, 0xfc, 0xf8, 0xff,
    0xf8, 0xfc, 0xf8, 0xff, 0xf8, 0xfc, 0xf8, 0xff, 0xf8, 0xfc, 0xf8, 0xff,
    0xf8, 0xfc, 0xf8, 0xff, 0xf8, 0xfc, 0xf8, 0xff, 0xf8, 0xfc, 0xf8, 0xff,
    0xf8, 0xfc, 0xf8, 0xff, 0xf8, 0xfc, 0xf8, 0xff, 0xf8, 0xfc, 0xf8, 0xff,
    0xf8, 0xfc, 0xf8, 0xff, 0xf8, 0xfc, 0xf8, 0xff, 0xf8, 0xfc, 0xf8, 0xff,
    0xf8, 0xfc, 0xf8, 0xff, 0xf8, 0xfc, 0xf8, 0xff, 0xf8, 0xfc, 0xf8, 0xff,
    0xf8, 0xfc, 0xf8, 0xff, 0xf8, 0xfc, 0xf8, 0xff, 0xf8, 0xfc, 0xf8, 0xff,
    0xf8, 0xfc, 0xf8, 0xff, 0x10, 0x08, 0xf8, 0xff, 0x08, 0x08, 0xf8, 0xff,
    0x10, 0x0c, 0xf8, 0xff, 0x08, 0x08, 0xf8, 0xff, 0x08, 0x08, 0xf8, 0xff,
    0x10, 0x08, 0xf8, 0xff, 0x10, 0x0c, 0xf8, 0xff, 0x08, 0x08, 0xf8, 0xff,
    0x08, 0x08, 0xf8, 0x71, 0x08, 0x0c, 0xf8, 0x49, 0x08, 0x08, 0xf8, 0xff,
    0x10, 0x08, 0xf8, 0xff, 0x08, 0x08, 0xf8, 0xff, 0x08, 0x0c, 0xf8, 0xff,
    0x08, 0x08, 0xf8, 0xff, 0x08, 0x08, 0xf8, 0xff, 0x10, 0x0c, 0xf8, 0xff,
    0x08, 0x08, 0xf8, 0xff, 0xc0, 0xc0, 0xf8, 0xff, 0xf8, 0xfc, 0xf8, 0xff,
    0xf8, 0xfc, 0xf8, 0xff, 0xf8, 0xfc, 0xf8, 0xff, 0xf8, 0xfc, 0xf8, 0xff,
    0xf8, 0xfc, 0xf8, 0xff, 0xf8, 0xfc, 0xf8, 0xff, 0xf8, 0xfc, 0xf8, 0xff,
    0xf8, 0xfc, 0xf8, 0xff, 0xf8, 0xfc, 0xf8, 0xff, 0xf8, 0xfc, 0xf8, 0xff,
    0xf8, 0xfc, 0xf8, 0xff, 0xf8, 0xfc, 0xf8, 0xff, 0xf8, 0xfc, 0xf8, 0xff,
    0xf8, 0xfc, 0xf8, 0xff, 0xf8, 0xfc, 0xf8, 0xff, 0xf8, 0xfc, 0xf8, 0xff,
    0xf8, 0xfc, 0xf8, 0xff, 0x00, 0x00, 0x00, 0xff, 0x00, 0x00, 0x00, 0xff,
    0x00, 0x00, 0x00, 0xff, 0x00, 0x00, 0x00, 0xff, 0x00, 0x00, 0x00, 0xff,
    0x00, 0x00, 0x00, 0xff, 0x00, 0x00, 0x00, 0xff, 0x00, 0x00, 0x00, 0xff,
    0x00, 0x00, 0x00, 0xff, 0x00, 0x00, 0x00, 0xff, 0x00, 0x00, 0x00, 0xff,
    0x00, 0x00, 0x00, 0xff, 0x00, 0x00, 0x00, 0xff, 0x00, 0x00, 0x00, 0xff,
    0x00, 0x00, 0x00, 0xff, 0x20, 0x20, 0x20, 0xff, 0xf8, 0xfc, 0xf8, 0xff,
    0xf8, 0xfc, 0xf8, 0xff, 0xf8, 0xfc, 0xf8, 0xff, 0xf8, 0xfc, 0xf8, 0xff,
    0xf8, 0xfc, 0xf8, 0xff, 0xf8, 0xfc, 0xf8, 0xff, 0xf8, 0xfc, 0xf8, 0xff,
    0xf8, 0xfc, 0xf8, 0xff, 0xf8, 0xfc, 0xf8, 0xff, 0xf8, 0xfc, 0xf8, 0xff,
    0xb8, 0xb8, 0xf8, 0xff, 0x08, 0x08, 0xf8, 0xff, 0x10, 0x08, 0xf8, 0xff,
    0x08, 0x08, 0xf8, 0xff, 0x10, 0x0c, 0xf8, 0xff, 0x08, 0x08, 0xf8, 0xff,
    0x08, 0x0c, 0xf8, 0xff, 0x08, 0x08, 0xf8, 0xff, 0x10, 0x08, 0xf8, 0xff,
    0x08, 0x08, 0xf8, 0xff, 0xa0, 0xa0, 0xe8, 0xff, 0xf8, 0xfc, 0xf8, 0xff,
    0xf8, 0xfc, 0xf8, 0xff, 0xf8, 0xfc, 0xf8, 0xff, 0xf8, 0xfc, 0xf8, 0xff,
    0xf8, 0xfc, 0xf8, 0xff, 0xf8, 0xfc, 0xf8, 0xff, 0xf8, 0xfc, 0xf8, 0xff,
    0xf8, 0xfc, 0xf8, 0xff, 0xf8, 0xfc, 0xf8, 0xff, 0xf8, 0xfc, 0xf8, 0xff,
    0xf8, 0xfc, 0xf8, 0xff, 0xf8, 0xfc, 0xf8, 0xff, 0xf8, 0xfc, 0xf8, 0xff,
    0xf8, 0xfc, 0xf8, 0xff, 0xf8, 0xfc, 0xf8, 0xff, 0xf8, 0xfc, 0xf8, 0xff,
    0xf8, 0xfc, 0xf8, 0xff, 0xf8, 0xfc, 0xf8, 0xff, 0xf8, 0xfc, 0xf8, 0xff,
    0xf8, 0xfc, 0xf8, 0xff, 0xf8, 0xfc, 0xf8, 0xff, 0xf8, 0xfc, 0xf8, 0xff,
    0xf8, 0xfc, 0xf8, 0xff, 0xf8, 0xfc, 0xf8, 0xff, 0xf8, 0xfc, 0xf8, 0xff,
    0xf8, 0xfc, 0xf8, 0xff, 0xa0, 0xa4, 0xf8, 0xff, 0x08, 0x08, 0xf8, 0xff,
    0x10, 0x08, 0xf8, 0xff, 0x08, 0x08, 0xf8, 0xff, 0x10, 0x08, 0xf8, 0xff,
    0x08, 0x08, 0xf8, 0xff, 0x08, 0x0c, 0xf8, 0xff, 0x08, 0x08, 0xf8, 0xff,
    0x10, 0x08, 0xf8, 0xff, 0x08, 0x0c, 0xf8, 0x49, 0x08, 0x08, 0xf8, 0x1c,
    0x08, 0x08, 0xf8, 0xff, 0x10, 0x08, 0xf8, 0xff, 0x08, 0x0c, 0xf8, 0xff,
    0x10, 0x08, 0xf8, 0xff, 0x08, 0x08, 0xf8, 0xff, 0x08, 0x0c, 0xf8, 0xff,
    0x10, 0x08, 0xf8, 0xff, 0x08, 0x08, 0xf8, 0xff, 0x88, 0x84, 0xf8, 0xff,
    0xf8, 0xfc, 0xf8, 0xff, 0xf8, 0xfc, 0xf8, 0xff, 0xf8, 0xfc, 0xf8, 0xff,
    0xf8, 0xfc, 0xf8, 0xff, 0xf8, 0xfc, 0xf8, 0xff, 0xf8, 0xfc, 0xf8, 0xff,
    0xf8, 0xfc, 0xf8, 0xff, 0xf8, 0xfc, 0xf8, 0xff, 0xf8, 0xfc, 0xf8, 0xff,
    0xf8, 0xfc, 0xf8, 0xff, 0xf8, 0xfc, 0xf8, 0xff, 0xf8, 0xfc, 0xf8, 0xff,
    0xf8, 0xfc, 0xf8, 0xff, 0xf8, 0xfc, 0xf8, 0xff, 0xf8, 0xfc, 0xf8, 0xff,
    0xf8, 0xfc, 0xf8, 0xff, 0xf8, 0xfc, 0xf8, 0xff, 0x00, 0x00, 0x00, 0xff,
    0x00, 0x00, 0x00, 0xff, 0x00, 0x00, 0x00, 0xff, 0x00, 0x00, 0x00, 0xff,
    0x00, 0x00, 0x00, 0xff, 0x00, 0x00, 0x00, 0xff, 0x00, 0x00, 0x00, 0xff,
    0x00, 0x00, 0x00, 0xff, 0x00, 0x00, 0x00, 0xff, 0x00, 0x00, 0x00, 0xff,
    0x00, 0x00, 0x00, 0xff, 0x00, 0x00, 0x00, 0xff, 0x00, 0x00, 0x00, 0xff,
    0x00, 0x00, 0x00, 0xff, 0x00, 0x00, 0x00, 0xff, 0x20, 0x20, 0x20, 0xff,
    0xf8, 0xfc, 0xf8, 0xff, 0xf8, 0xfc, 0xf8, 0xff, 0xf8, 0xfc, 0xf8, 0xff,
    0xf8, 0xfc, 0xf8, 0xff, 0xf8, 0xfc, 0xf8, 0xff, 0xf8, 0xfc, 0xf8, 0xff,
    0xf8, 0xfc, 0xf8, 0xff, 0xf8, 0xfc, 0xf8, 0xff, 0xf8, 0xfc, 0xf8, 0xff,
    0xf8, 0xfc, 0xf8, 0xff, 0xf8, 0xfc, 0xf8, 0xff, 0xb8, 0xb8, 0xf8, 0xff,
    0x08, 0x08, 0xf8, 0xff, 0x10, 0x08, 0xf8, 0xff, 0x08, 0x08, 0xf8, 0xff,
    0x10, 0x08, 0xf8, 0xff, 0x08, 0x08, 0xf8, 0xff, 0x10, 0x0c, 0xf8, 0xff,
    0x08, 0x08, 0xf8, 0xff, 0x08, 0x08, 0xf8, 0xff, 0x08, 0x08, 0xf8, 0xff,
    0xb8, 0xb8, 0xf8, 0xff, 0xf8, 0xfc, 0xf8, 0xff, 0xf8, 0xfc, 0xf8, 0xff,
    0xf8, 0xfc, 0xf8, 0xff, 0xf8, 0xfc, 0xf8, 0xff, 0xf8, 0xfc, 0xf8, 0xff,
    0xf8, 0xfc, 0xf8, 0xff, 0xf8, 0xfc, 0xf8, 0xff, 0xf8, 0xfc, 0xf8, 0xff,
    0xf8, 0xfc, 0xf8, 0xff, 0xf8, 0xfc, 0xf8, 0xff, 0xf8, 0xfc, 0xf8, 0xff,
    0xf8, 0xfc, 0xf8, 0xff, 0xf8, 0xfc, 0xf8, 0xff, 0xf8, 0xfc, 0xf8, 0xff,
    0xf8, 0xfc, 0xf8, 0xff, 0xf8, 0xfc, 0xf8, 0xff, 0xf8, 0xfc, 0xf8, 0xff,
    0xf8, 0xfc, 0xf8, 0xff, 0xf8, 0xfc, 0xf8, 0xff, 0xf8, 0xfc, 0xf8, 0xff,
    0xf8, 0xfc, 0xf8, 0xff, 0xf8, 0xfc, 0xf8, 0xff, 0xf8, 0xfc, 0xf8, 0xff,
    0xf8, 0xfc, 0xf8, 0xff, 0xf8, 0xfc, 0xf8, 0xff, 0xa0, 0xa0, 0xf8, 0xff,
    0x10, 0x08, 0xf8, 0xff, 0x08, 0x0c, 0xf8, 0xff, 0x08, 0x08, 0xf8, 0xff,
    0x10, 0x08, 0xf8, 0xff, 0x10, 0x0c, 0xf8, 0xff, 0x08, 0x08, 0xf8, 0xff,
    0x08, 0x08, 0xf8, 0xff, 0x10, 0x08, 0xf8, 0xff, 0x08, 0x08, 0xf8, 0x1c,
    0x00, 0x00, 0x00, 0x00, 0x10, 0x08, 0xf8, 0xe3, 0x08, 0x0c, 0xf8, 0xff,
    0x08, 0x08, 0xf8, 0xff, 0x10, 0x08, 0xf8, 0xff, 0x10, 0x08, 0xf8, 0xff,
    0x08, 0x08, 0xf8, 0xff, 0x08, 0x08, 0xf8, 0xff, 0x10, 0x0c, 0xf8, 0xff,
    0x48, 0x48, 0xf8, 0xff, 0xf8, 0xfc, 0xf8, 0xff, 0xf8, 0xfc, 0xf8, 0xff,
    0xf8, 0xfc, 0xf8, 0xff, 0xf8, 0xfc, 0xf8, 0xff, 0xf8, 0xfc, 0xf8, 0xff,
    0xf8, 0xfc, 0xf8, 0xff, 0xf8, 0xfc, 0xf8, 0xff, 0xf8, 0xfc, 0xf8, 0xff,
    0xf8, 0xfc, 0xf8, 0xff, 0xf8, 0xfc, 0xf8, 0xff, 0xf8, 0xfc, 0xf8, 0xff,
    0xf8, 0xfc, 0xf8, 0xff, 0xf8, 0xfc, 0xf8, 0xff, 0xf8, 0xfc, 0xf8, 0xff,
    0xf8, 0xfc, 0xf8, 0xff, 0xf8, 0xfc, 0xf8, 0xff, 0xf8, 0xfc, 0xf8, 0xff,
    0x00, 0x00, 0x00, 0xff, 0x00, 0x00, 0x00, 0xff, 0x00, 0x00, 0x00, 0xff,
    0x00, 0x00, 0x00, 0xff, 0x00, 0x00, 0x00, 0xff, 0x00, 0x00, 0x00, 0xff,
    0x00, 0x00, 0x00, 0xff, 0x00, 0x00, 0x00, 0xff, 0x00, 0x00, 0x00, 0xff,
    0x00, 0x00, 0x00, 0xff, 0x00, 0x00, 0x00, 0xff, 0x00, 0x00, 0x00, 0xff,
    0x00, 0x00, 0x00, 0xff, 0x00, 0x00, 0x00, 0xff, 0x00, 0x00, 0x00, 0xff,
    0x20, 0x20, 0x20, 0xff, 0xf8, 0xfc, 0xf8, 0xff, 0xf8, 0xfc, 0xf8, 0xff,
    0xf8, 0xfc, 0xf8, 0xff, 0xf8, 0xfc, 0xf8, 0xff, 0xf8, 0xfc, 0xf8, 0xff,
    0xf8, 0xfc, 0xf8, 0xff, 0xf8, 0xfc, 0xf8, 0xff, 0xf8, 0xfc, 0xf8, 0xff,
    0xf8, 0xfc, 0xf8, 0xff, 0xf8, 0xfc, 0xf8, 0xff, 0xf8, 0xfc, 0xf8, 0xff,
    0xf8, 0xfc, 0xf8, 0xff, 0xb8, 0xb8, 0xf8, 0xff, 0x08, 0x08, 0xf8, 0xff,
    0x08, 0x0c, 0xf8, 0xff, 0x10, 0x08, 0xf8, 0xff, 0x08, 0x08, 0xf8, 0xff,
    0x08, 0x08, 0xf8, 0xff, 0x10, 0x0c, 0xf8, 0xff, 0x10, 0x08, 0xf8, 0xff,
    0x08, 0x08, 0xf8, 0xff, 0x08, 0x08, 0xf8, 0xff, 0xb8, 0xb4, 0xf8, 0xff,
    0xf8, 0xfc, 0xf8, 0xff, 0xf8, 0xfc, 0xf8, 0xff, 0xf8, 0xfc, 0xf8, 0xff,
    0xf8, 0xfc, 0xf8, 0xff, 0xf8, 0xfc, 0xf8, 0xff, 0xf8, 0xfc, 0xf8, 0xff,
    0xf8, 0xfc, 0xf8, 0xff, 0xf8, 0xfc, 0xf8, 0xff, 0xf8, 0xfc, 0xf8, 0xff,
    0xf8, 0xfc, 0xf8, 0xff, 0xf8, 0xfc, 0xf8, 0xff, 0xf8, 0xfc, 0xf8, 0xff,
    0xf8, 0xfc, 0xf8, 0xff, 0xf8, 0xfc, 0xf8, 0xff, 0xf8, 0xfc, 0xf8, 0xff,
    0xf8, 0xfc, 0xf8, 0xff, 0xf8, 0xfc, 0xf8, 0xff, 0xf8, 0xfc, 0xf8, 0xff,
    0xf8, 0xfc, 0xf8, 0xff, 0xf8, 0xfc, 0xf8, 0xff, 0xf8, 0xfc, 0xf8, 0xff,
    0xf8, 0xfc, 0xf8, 0xff, 0xf8, 0xfc, 0xf8, 0xff, 0xf8, 0xfc, 0xf8, 0xff,
    0x68, 0x68, 0xf8, 0xff, 0x10, 0x08, 0xf8, 0xff, 0x08, 0x08, 0xf8, 0xff,
    0x08, 0x0c, 0xf8, 0xff, 0x08, 0x08, 0xf8, 0xff, 0x10, 0x08, 0xf8, 0xff,
    0x08, 0x08, 0xf8, 0xff, 0x08, 0x0c, 0xf8, 0xff, 0x10, 0x08, 0xf8, 0xe3,
    0x00, 0x00, 0x00, 0x00, 0x00, 0x00, 0x00, 0x00, 0x08, 0x08, 0xf8, 0xaa,
    0x08, 0x08, 0xf8, 0xff, 0x08, 0x08, 0xf8, 0xff, 0x08, 0x0c, 0xf8, 0xff,
    0x10, 0x08, 0xf8, 0xff, 0x08, 0x08, 0xf8, 0xff, 0x08, 0x0c, 0xf8, 0xff,
    0x08, 0x08, 0xf8, 0xff, 0x28, 0x28, 0xf8, 0xff, 0xf8, 0xfc, 0xf8, 0xff,
    0xf8, 0xfc, 0xf8, 0xff, 0xf8, 0xfc, 0xf8, 0xff, 0xf8, 0xfc, 0xf8, 0xff,
    0xf8, 0xfc, 0xf8, 0xff, 0xf8, 0xfc, 0xf8, 0xff, 0xf8, 0xfc, 0xf8, 0xff,
    0xf8, 0xfc, 0xf8, 0xff, 0xf8, 0xfc, 0xf8, 0xff, 0xf8, 0xfc, 0xf8, 0xff,
    0xf8, 0xfc, 0xf8, 0xff, 0xf8, 0xfc, 0xf8, 0xff, 0xf8, 0xfc, 0xf8, 0xff,
    0xf8, 0xfc, 0xf8, 0xff, 0xf8, 0xfc, 0xf8, 0xff, 0xf8, 0xfc, 0xf8, 0xff,
    0xf8, 0xfc, 0xf8, 0xff, 0x00, 0x00, 0x00, 0xff, 0x00, 0x00, 0x00, 0xff,
    0x00, 0x00, 0x00, 0xff, 0x00, 0x00, 0x00, 0xff, 0x00, 0x00, 0x00, 0xff,
    0x00, 0x00, 0x00, 0xff, 0x00, 0x00, 0x00, 0xff, 0x00, 0x00, 0x00, 0xff,
    0x00, 0x00, 0x00, 0xff, 0x00, 0x00, 0x00, 0xff, 0x00, 0x00, 0x00, 0xff,
    0x00, 0x00, 0x00, 0xff, 0x00, 0x00, 0x00, 0xff, 0x00, 0x00, 0x00, 0xff,
    0x00, 0x00, 0x00, 0xff, 0x20, 0x20, 0x20, 0xff, 0xf8, 0xfc, 0xf8, 0xff,
    0xf8, 0xfc, 0xf8, 0xff, 0xf8, 0xfc, 0xf8, 0xff, 0xf8, 0xfc, 0xf8, 0xff,
    0xf8, 0xfc, 0xf8, 0xff, 0xf8, 0xfc, 0xf8, 0xff, 0xf8, 0xfc, 0xf8, 0xff,
    0xf8, 0xfc, 0xf8, 0xff, 0xf8, 0xfc, 0xf8, 0xff, 0xf8, 0xfc, 0xf8, 0xff,
    0xf8, 0xfc, 0xf8, 0xff, 0xf8, 0xfc, 0xf8, 0xff, 0xf8, 0xfc, 0xf8, 0xff,
    0xb8, 0xb8, 0xf8, 0xff, 0x08, 0x08, 0xf8, 0xff, 0x08, 0x08, 0xf8, 0xff,
    0x10, 0x0c, 0xf8, 0xff, 0x08, 0x08, 0xf8, 0xff, 0x08, 0x08, 0xf8, 0xff,
    0x10, 0x0c, 0xf8, 0xff, 0x08, 0x08, 0xf8, 0xff, 0x08, 0x08, 0xf8, 0xff,
    0x10, 0x08, 0xf8, 0xff, 0xb8, 0xb8, 0xf8, 0xff, 0xf8, 0xfc, 0xf8, 0xff,
    0xf8, 0xfc, 0xf8, 0xff, 0xf8, 0xfc, 0xf8, 0xff, 0xf8, 0xfc, 0xf8, 0xff,
    0xf8, 0xfc, 0xf8, 0xff, 0xf8, 0xfc, 0xf8, 0xff, 0xf8, 0xfc, 0xf8, 0xff,
    0xf8, 0xfc, 0xf8, 0xff, 0xf8, 0xfc, 0xf8, 0xff, 0xf8, 0xfc, 0xf8, 0xff,
    0xf8, 0xfc, 0xf8, 0xff, 0xf8, 0xfc, 0xf8, 0xff, 0xf8, 0xfc, 0xf8, 0xff,
    0xf8, 0xfc, 0xf8, 0xff, 0xf8, 0xfc, 0xf8, 0xff, 0xf8, 0xfc, 0xf8, 0xff,
    0xf8, 0xfc, 0xf8, 0xff, 0xf8, 0xfc, 0xf8, 0xff, 0xf8, 0xfc, 0xf8, 0xff,
    0xf8, 0xfc, 0xf8, 0xff, 0xf8, 0xfc, 0xf8, 0xff, 0xf8, 0xfc, 0xf8, 0xff,
    0xf8, 0xfc, 0xf8, 0xff, 0x28, 0x28, 0xf8, 0xff, 0x08, 0x08, 0xf8, 0xff,
    0x10, 0x08, 0xf8, 0xff, 0x08, 0x08, 0xf8, 0xff, 0x08, 0x08, 0xf8, 0xff,
    0x10, 0x08, 0xf8, 0xff, 0x08, 0x0c, 0xf8, 0xff, 0x08, 0x08, 0xf8, 0xff,
    0x08, 0x08, 0xf8, 0xaa, 0x00, 0x00, 0x00, 0x00, 0x00, 0x00, 0x00, 0x00,
    0x10, 0x08, 0xf8, 0x6d, 0x10, 0x08, 0xf8, 0xff, 0x08, 0x0c, 0xf8, 0xff,
    0x08, 0x08, 0xf8, 0xff, 0x10, 0x08, 0xf8, 0xff, 0x08, 0x0c, 0xf8, 0xff,
    0x10, 0x08, 0xf8, 0xff, 0x10, 0x08, 0xf8, 0xff, 0x08, 0x08, 0xf8, 0xff,
    0xc0, 0xc0, 0xf8, 0xff, 0xf8, 0xfc, 0xf8, 0xff, 0xf8, 0xfc, 0xf8, 0xff,
    0xf8, 0xfc, 0xf8, 0xff, 0xf8, 0xfc, 0xf8, 0xff, 0xf8, 0xfc, 0xf8, 0xff,
    0xf8, 0xfc, 0xf8, 0xff, 0xf8, 0xfc, 0xf8, 0xff, 0xf8, 0xfc, 0xf8, 0xff,
    0xf8, 0xfc, 0xf8, 0xff, 0xf8, 0xfc, 0xf8, 0xff, 0xf8, 0xfc, 0xf8, 0xff,
    0xf8, 0xfc, 0xf8, 0xff, 0xf8, 0xfc, 0xf8, 0xff, 0xf8, 0xfc, 0xf8, 0xff,
    0xf8, 0xfc, 0xf8, 0xff, 0xf8, 0xfc, 0xf8, 0xff, 0x00, 0x00, 0x00, 0xff,
    0x00, 0x00, 0x00, 0xff, 0x00, 0x00, 0x00, 0xff, 0x00, 0x00, 0x00, 0xff,
    0x00, 0x00, 0x00, 0xff, 0x00, 0x00, 0x00, 0xff, 0x00, 0x00, 0x00, 0xff,
    0x00, 0x00, 0x00, 0xff, 0x00, 0x00, 0x00, 0xff, 0x00, 0x00, 0x00, 0xff,
    0x00, 0x00, 0x00, 0xff, 0x00, 0x00, 0x00, 0xff, 0x00, 0x00, 0x00, 0xff,
    0x00, 0x00, 0x00, 0xff, 0x00, 0x00, 0x00, 0xff, 0x20, 0x20, 0x20, 0xff,
    0xf8, 0xfc, 0xf8, 0xff, 0xf8, 0xfc, 0xf8, 0xff, 0xf8, 0xfc, 0xf8, 0xff,
    0xf8, 0xfc, 0xf8, 0xff, 0xf8, 0xfc, 0xf8, 0xff, 0xf8, 0xfc, 0xf8, 0xff,
    0xf8, 0xfc, 0xf8, 0xff, 0xf8, 0xfc, 0xf8, 0xff, 0xf8, 0xfc, 0xf8, 0xff,
    0xf8, 0xfc, 0xf8, 0xff, 0xf8, 0xfc, 0xf8, 0xff, 0xf8, 0xfc, 0xf8, 0xff,
    0xf8, 0xfc, 0xf8, 0xff, 0xf8, 0xfc, 0xf8, 0xff, 0xb8, 0xb8, 0xf8, 0xff,
    0x08, 0x08, 0xf8, 0xff, 0x10, 0x08, 0xf8, 0xff, 0x08, 0x08, 0xf8, 0xff,
    0x08, 0x08, 0xf8, 0xff, 0x10, 0x08, 0xf8, 0xff, 0x08, 0x0c, 0xf8, 0xff,
    0x08, 0x08, 0xf8, 0xff, 0x08, 0x08, 0xf8, 0xff, 0x08, 0x08, 0xf8, 0xff,
    0xb8, 0xb4, 0xf8, 0xff, 0xf8, 0xfc, 0xf8, 0xff, 0xf8, 0xfc, 0xf8, 0xff,
    0xf8, 0xfc, 0xf8, 0xff, 0xf8, 0xfc, 0xf8, 0xff, 0xf8, 0xfc, 0xf8, 0xff,
    0xf8, 0xfc, 0xf8, 0xff, 0xf8, 0xfc, 0xf8, 0xff, 0xf8, 0xfc, 0xf8, 0xff,
    0xf8, 0xfc, 0xf8, 0xff, 0xf8, 0xfc, 0xf8, 0xff, 0xf8, 0xfc, 0xf8, 0xff,
    0xf8, 0xfc, 0xf8, 0xff, 0xf8, 0xfc, 0xf8, 0xff, 0xf8, 0xfc, 0xf8, 0xff,
    0xf8, 0xfc, 0xf8, 0xff, 0xf8, 0xfc, 0xf8, 0xff, 0xf8, 0xfc, 0xf8, 0xff,
    0xf8, 0xfc, 0xf8, 0xff, 0xf8, 0xfc, 0xf8, 0xff, 0xf8, 0xfc, 0xf8, 0xff,
    0xf8, 0xfc, 0xf8, 0xff, 0xa0, 0xa0, 0xf8, 0xff, 0x10, 0x08, 0xf8, 0xff,
    0x08, 0x08, 0xf8, 0xff, 0x10, 0x0c, 0xf8, 0xff, 0x08, 0x08, 0xf8, 0xff,
    0x10, 0x08, 0xf8, 0xff, 0x08, 0x0c, 0xf8, 0xff, 0x10, 0x08, 0xf8, 0xff,
    0x10, 0x08, 0xf8, 0xff, 0x10, 0x08, 0xf8, 0x6d, 0x00, 0x00, 0x00, 0x00,
    0x00, 0x00, 0x00, 0x00, 0x08, 0x08, 0xf8, 0x28, 0x10, 0x08, 0xf8, 0xff,
    0x08, 0x08, 0xf8, 0xff, 0x10, 0x08, 0xf8, 0xff, 0x08, 0x08, 0xf8, 0xff,
    0x08, 0x08, 0xf8, 0xff, 0x10, 0x08, 0xf8, 0xff, 0x08, 0x08, 0xf8, 0xff,
    0x10, 0x0c, 0xf8, 0xff, 0x48, 0x48, 0xf8, 0xff, 0xf8, 0xfc, 0xf8, 0xff,
    0xf8, 0xfc, 0xf8, 0xff, 0xf8, 0xfc, 0xf8, 0xff, 0xf8, 0xfc, 0xf8, 0xff,
    0xf8, 0xfc, 0xf8, 0xff, 0xf8, 0xfc, 0xf8, 0xff, 0xf8, 0xfc, 0xf8, 0xff,
    0xf8, 0xfc, 0xf8, 0xff, 0xf8, 0xfc, 0xf8, 0xff, 0xf8, 0xfc, 0xf8, 0xff,
    0xf8, 0xfc, 0xf8, 0xff, 0xf8, 0xfc, 0xf8, 0xff, 0xf8, 0xfc, 0xf8, 0xff,
    0xf8, 0xfc, 0xf8, 0xff, 0xf8, 0xfc, 0xf8, 0xff, 0xf8, 0xfc, 0xf8, 0xff,
    0x00, 0x00, 0x00, 0xff, 0x00, 0x00, 0x00, 0xff, 0x00, 0x00, 0x00, 0xff,
    0x00, 0x00, 0x00, 0xff, 0x00, 0x00, 0x00, 0xff, 0x00, 0x00, 0x00, 0xff,
    0x00, 0x00, 0x00, 0xff, 0x00, 0x00, 0x00, 0xff, 0x00, 0x00, 0x00, 0xff,
    0x00, 0x00, 0x00, 0xff, 0x00, 0x00, 0x00, 0xff, 0x00, 0x00, 0x00, 0xff,
    0x00, 0x00, 0x00, 0xff, 0x00, 0x00, 0x00, 0xff, 0x00, 0x00, 0x00, 0xff,
    0x20, 0x20, 0x20, 0xff, 0xf8, 0xfc, 0xf8, 0xff, 0xf8, 0xfc, 0xf8, 0xff,
    0xf8, 0xfc, 0xf8, 0xff, 0xf8, 0xfc, 0xf8, 0xff, 0xf8, 0xfc, 0xf8, 0xff,
    0xf8, 0xfc, 0xf8, 0xff, 0xf8, 0xfc, 0xf8, 0xff, 0xf8, 0xfc, 0xf8, 0xff,
    0xf8, 0xfc, 0xf8, 0xff, 0xf8, 0xfc, 0xf8, 0xff, 0xf8, 0xfc, 0xf8, 0xff,
    0xf8, 0xfc, 0xf8, 0xff, 0xf8, 0xfc, 0xf8, 0xff, 0xf8, 0xfc, 0xf8, 0xff,
    0xf8, 0xfc, 0xf8, 0xff, 0xb8, 0xb8, 0xf8, 0xff, 0x08, 0x08, 0xf8, 0xff,
    0x10, 0x08, 0xf8, 0xff, 0x08, 0x0c, 0xf8, 0xff, 0x10, 0x08, 0xf8, 0xff,
    0x10, 0x08, 0xf8, 0xff, 0x08, 0x08, 0xf8, 0xff, 0x10, 0x0c, 0xf8, 0xff,
    0x08, 0x08, 0xf8, 0xff, 0x08, 0x08, 0xf8, 0xff, 0xb8, 0xb8, 0xf8, 0xff,
    0xf8, 0xfc, 0xf8, 0xff, 0xf8, 0xfc, 0xf8, 0xff, 0xf8, 0xfc, 0xf8, 0xff,
    0xf8, 0xfc, 0xf8, 0xff, 0xf8, 0xfc, 0xf8, 0xff, 0xf8, 0xfc, 0xf8, 0xff,
    0xf8, 0xfc, 0xf8, 0xff, 0xf8, 0xfc, 0xf8, 0xff, 0xf8, 0xfc, 0xf8, 0xff,
    0xf8, 0xfc, 0xf8, 0xff, 0xf8, 0xfc, 0xf8, 0xff, 0xf8, 0xfc, 0xf8, 0xff,
    0xf8, 0xfc, 0xf8, 0xff, 0xf8, 0xfc, 0xf8, 0xff, 0xf8, 0xfc, 0xf8, 0xff,
    0xf8, 0xfc, 0xf8, 0xff, 0xf8, 0xfc, 0xf8, 0xff, 0xf8, 0xfc, 0xf8, 0xff,
    0xf8, 0xfc, 0xf8, 0xff, 0xf8, 0xfc, 0xf8, 0xff, 0x68, 0x68, 0xf8, 0xff,
    0x08, 0x08, 0xf8, 0xff, 0x08, 0x08, 0xf8, 0xff, 0x08, 0x0c, 0xf8, 0xff,
    0x10, 0x08, 0xf8, 0xff, 0x08, 0x08, 0xf8, 0xff, 0x08, 0x0c, 0xf8, 0xff,
    0x08, 0x08, 0xf8, 0xff, 0x08, 0x08, 0xf8, 0xff, 0x10, 0x08, 0xf8, 0x28,
    0x00, 0x00, 0x00, 0x00, 0x00, 0x00, 0x00, 0x00, 0x00, 0x00, 0x00, 0x00,
    0x08, 0x0c, 0xf8, 0xd7, 0x08, 0x08, 0xf8, 0xff, 0x10, 0x0c, 0xf8, 0xff,
    0x08, 0x08, 0xf8, 0xff, 0x08, 0x08, 0xf8, 0xff, 0x08, 0x0c, 0xf8, 0xff,
    0x08, 0x08, 0xf8, 0xff, 0x08, 0x08, 0xf8, 0xff, 0x28, 0x28, 0xf8, 0xff,
    0xf8, 0xfc, 0xf8, 0xff, 0xf8, 0xfc, 0xf8, 0xff, 0xf8, 0xfc, 0xf8, 0xff,
    0xf8, 0xfc, 0xf8, 0xff, 0xf8, 0xfc, 0xf8, 0xff, 0xf8, 0xfc, 0xf8, 0xff,
    0xf8, 0xfc, 0xf8, 0xff, 0xf8, 0xfc, 0xf8, 0xff, 0xf8, 0xfc, 0xf8, 0xff,
    0xf8, 0xfc, 0xf8, 0xff, 0xf8, 0xfc, 0xf8, 0xff, 0xf8, 0xfc, 0xf8, 0xff,
    0xf8, 0xfc, 0xf8, 0xff, 0xf8, 0xfc, 0xf8, 0xff, 0xf8, 0xfc, 0xf8, 0xff,
    0xf8, 0xfc, 0xf8, 0xff, 0x00, 0x00, 0x00, 0xff, 0x00, 0x00, 0x00, 0xff,
    0x00, 0x00, 0x00, 0xff, 0x00, 0x00, 0x00, 0xff, 0x00, 0x00, 0x00, 0xff,
    0x00, 0x00, 0x00, 0xff, 0x00, 0x00, 0x00, 0xff, 0x00, 0x00, 0x00, 0xff,
    0x00, 0x00, 0x00, 0xff, 0x00, 0x00, 0x00, 0xff, 0x00, 0x00, 0x00, 0xff,
    0x00, 0x00, 0x00, 0xff, 0x00, 0x00, 0x00, 0xff, 0x00, 0x00, 0x00, 0xff,
    0x00, 0x00, 0x00, 0xff, 0x20, 0x20, 0x20, 0xff, 0xf8, 0xfc, 0xf8, 0xff,
    0xf8, 0xfc, 0xf8, 0xff, 0xf8, 0xfc, 0xf8, 0xff, 0xf8, 0xfc, 0xf8, 0xff,
    0xf8, 0xfc, 0xf8, 0xff, 0xf8, 0xfc, 0xf8, 0xff, 0xf8, 0xfc, 0xf8, 0xff,
    0xf8, 0xfc, 0xf8, 0xff, 0xf8, 0xfc, 0xf8, 0xff, 0xf8, 0xfc, 0xf8, 0xff,
    0xf8, 0xfc, 0xf8, 0xff, 0xf8, 0xfc, 0xf8, 0xff, 0xf8, 0xfc, 0xf8, 0xff,
    0xf8, 0xfc, 0xf8, 0xff, 0xf8, 0xfc, 0xf8, 0xff, 0xf8, 0xfc, 0xf8, 0xff,
    0xa0, 0xa0, 0xe8, 0xff, 0x08, 0x08, 0xf8, 0xff, 0x08, 0x08, 0xf8, 0xff,
    0x08, 0x0c, 0xf8, 0xff, 0x08, 0x08, 0xf8, 0xff, 0x10, 0x08, 0xf8, 0xff,
    0x08, 0x08, 0xf8, 0xff, 0x10, 0x0c, 0xf8, 0xff, 0x08, 0x08, 0xf8, 0xff,
    0x08, 0x08, 0xf8, 0xff, 0xb8, 0xb4, 0xf8, 0xff, 0xf8, 0xfc, 0xf8, 0xff,
    0xf8, 0xfc, 0xf8, 0xff, 0xf8, 0xfc, 0xf8, 0xff, 0xf8, 0xfc, 0xf8, 0xff,
    0xf8, 0xfc, 0xf8, 0xff, 0xf8, 0xfc, 0xf8, 0xff, 0xf8, 0xfc, 0xf8, 0xff,
    0xf8, 0xfc, 0xf8, 0xff, 0xf8, 0xfc, 0xf8, 0xff, 0xf8, 0xfc, 0xf8, 0xff,
    0xf8, 0xfc, 0xf8, 0xff, 0xf8, 0xfc, 0xf8, 0xff, 0xf8, 0xfc, 0xf8, 0xff,
    0xf8, 0xfc, 0xf8, 0xff, 0xf8, 0xfc, 0xf8, 0xff, 0xf8, 0xfc, 0xf8, 0xff,
    0xf8, 0xfc, 0xf8, 0xff, 0xf8, 0xfc, 0xf8, 0xff, 0xf8, 0xfc, 0xf8, 0xff,
    0x08, 0x08, 0xf8, 0xff, 0x10, 0x08, 0xf8, 0xff, 0x10, 0x08, 0xf8, 0xff,
    0x08, 0x08, 0xf8, 0xff, 0x08, 0x08, 0xf8, 0xff, 0x10, 0x08, 0xf8, 0xff,
    0x08, 0x08, 0xf8, 0xff, 0x08, 0x08, 0xf8, 0xff, 0x08, 0x0c, 0xf8, 0xd7,
    0x00, 0x00, 0x00, 0x00, 0x00, 0x00, 0x00, 0x00, 0x00, 0x00, 0x00, 0x00,
    0x00, 0x00, 0x00, 0x00, 0x08, 0x08, 0xf8, 0x8a, 0x10, 0x08, 0xf8, 0xff,
    0x08, 0x08, 0xf8, 0xff, 0x10, 0x0c, 0xf8, 0xff, 0x10, 0x08, 0xf8, 0xff,
    0x08, 0x08, 0xf8, 0xff, 0x10, 0x08, 0xf8, 0xff, 0x10, 0x08, 0xf8, 0xff,
    0x08, 0x08, 0xf8, 0xff, 0xc0, 0xc0, 0xf8, 0xff, 0xf8, 0xfc, 0xf8, 0xff,
    0xf8, 0xfc, 0xf8, 0xff, 0xf8, 0xfc, 0xf8, 0xff, 0xf8, 0xfc, 0xf8, 0xff,
    0xf8, 0xfc, 0xf8, 0xff, 0xf8, 0xfc, 0xf8, 0xff, 0xf8, 0xfc, 0xf8, 0xff,
    0xf8, 0xfc, 0xf8, 0xff, 0xf8, 0xfc, 0xf8, 0xff, 0xf8, 0xfc, 0xf8, 0xff,
    0xf8, 0xfc, 0xf8, 0xff, 0xf8, 0xfc, 0xf8, 0xff, 0xf8, 0xfc, 0xf8, 0xff,
    0xf8, 0xfc, 0xf8, 0xff, 0xf8, 0xfc, 0xf8, 0xff, 0x00, 0x00, 0x00, 0xff,
    0x00, 0x00, 0x00, 0xff, 0x00, 0x00, 0x00, 0xff, 0x00, 0x00, 0x00, 0xff,
    0x00, 0x00, 0x00, 0xff, 0x00, 0x00, 0x00, 0xff, 0x00, 0x00, 0x00, 0xff,
    0x00, 0x00, 0x00, 0xff, 0x00, 0x00, 0x00, 0xff, 0x00, 0x00, 0x00, 0xff,
    0x00, 0x00, 0x00, 0xff, 0x00, 0x00, 0x00, 0xff, 0x00, 0x00, 0x00, 0xff,
    0x00, 0x00, 0x00, 0xff, 0x00, 0x00, 0x00, 0xff, 0x20, 0x20, 0x20, 0xff,
    0xf8, 0xfc, 0xf8, 0xff, 0xf8, 0xfc, 0xf8, 0xff, 0xf8, 0xfc, 0xf8, 0xff,
    0xf8, 0xfc, 0xf8, 0xff, 0xf8, 0xfc, 0xf8, 0xff, 0xf8, 0xfc, 0xf8, 0xff,
    0xf8, 0xfc, 0xf8, 0xff, 0xf8, 0xfc, 0xf8, 0xff, 0xf8, 0xfc, 0xf8, 0xff,
    0xf8, 0xfc, 0xf8, 0xff, 0xf8, 0xfc, 0xf8, 0xff, 0xf8, 0xfc, 0xf8, 0xff,
    0xf8, 0xfc, 0xf8, 0xff, 0xf8, 0xfc, 0xf8, 0xff, 0xf8, 0xfc, 0xf8, 0xff,
    0xf8, 0xfc, 0xf8, 0xff, 0xe0, 0xe0, 0xe0, 0xff, 0x08, 0x04, 0x50, 0xff,
    0x08, 0x08, 0xf8, 0xff, 0x10, 0x08, 0xf8, 0xff, 0x08, 0x0c, 0xf8, 0xff,
    0x08, 0x08, 0xf8, 0xff, 0x10, 0x08, 0xf8, 0xff, 0x08, 0x08, 0xf8, 0xff,
    0x08, 0x08, 0xf8, 0xff, 0x10, 0x08, 0xf8, 0xff, 0x08, 0x08, 0xf8, 0xff,
    0xb8, 0xb8, 0xf8, 0xff, 0xf8, 0xfc, 0xf8, 0xff, 0xf8, 0xfc, 0xf8, 0xff,
    0xf8, 0xfc, 0xf8, 0xff, 0xf8, 0xfc, 0xf8, 0xff, 0xf8, 0xfc, 0xf8, 0xff,
    0xf8, 0xfc, 0xf8, 0xff, 0xf8, 0xfc, 0xf8, 0xff, 0xf8, 0xfc, 0xf8, 0xff,
    0xf8, 0xfc, 0xf8, 0xff, 0xf8, 0xfc, 0xf8, 0xff, 0xf8, 0xfc, 0xf8, 0xff,
    0xf8, 0xfc, 0xf8, 0xff, 0xf8, 0xfc, 0xf8, 0xff, 0xf8, 0xfc, 0xf8, 0xff,
    0xf8, 0xfc, 0xf8, 0xff, 0xf8, 0xfc, 0xf8, 0xff, 0xf8, 0xfc, 0xf8, 0xff,
    0xa0, 0xa0, 0xf8, 0xff, 0x08, 0x08, 0xf8, 0xff, 0x10, 0x0c, 0xf8, 0xff,
    0x08, 0x08, 0xf8, 0xff, 0x08, 0x0c, 0xf8, 0xff, 0x10, 0x08, 0xf8, 0xff,
    0x10, 0x0c, 0xf8, 0xff, 0x08, 0x08, 0xf8, 0xff, 0x10, 0x08, 0xf8, 0xff,
    0x10, 0x08, 0xf8, 0x8a, 0x00, 0x00, 0x00, 0x00, 0x00, 0x00, 0x00, 0x00,
    0x00, 0x00, 0x00, 0x00, 0x00, 0x00, 0x00, 0x00, 0x08, 0x08, 0xf8, 0x38,
    0x08, 0x08, 0xf8, 0xff, 0x08, 0x08, 0xf8, 0xff, 0x08, 0x08, 0xf8, 0xff,
    0x10, 0x0c, 0xf8, 0xff, 0x08, 0x08, 0xf8, 0xff, 0x08, 0x0c, 0xf8, 0xff,
    0x10, 0x08, 0xf8, 0xff, 0x10, 0x0c, 0xf8, 0xff, 0x28, 0x28, 0xf8, 0xff,
    0xf8, 0xfc, 0xf8, 0xff, 0xf8, 0xfc, 0xf8, 0xff, 0xf8, 0xfc, 0xf8, 0xff,
    0xf8, 0xfc, 0xf8, 0xff, 0xf8, 0xfc, 0xf8, 0xff, 0xf8, 0xfc, 0xf8, 0xff,
    0xf8, 0xfc, 0xf8, 0xff, 0xf8, 0xfc, 0xf8, 0xff, 0xf8, 0xfc, 0xf8, 0xff,
    0xf8, 0xfc, 0xf8, 0xff, 0xf8, 0xfc, 0xf8, 0xff, 0xf8, 0xfc, 0xf8, 0xff,
    0xf8, 0xfc, 0xf8, 0xff, 0xf8, 0xfc, 0xf8, 0xff, 0xf8, 0xfc, 0xf8, 0xff,
    0x00, 0x00, 0x00, 0xff, 0x00, 0x00, 0x00, 0xff, 0x00, 0x00, 0x00, 0xff,
    0x00, 0x00, 0x00, 0xff, 0x00, 0x00, 0x00, 0xff, 0x00, 0x00, 0x00, 0xff,
    0x00, 0x00, 0x00, 0xff, 0x00, 0x00, 0x00, 0xff, 0x00, 0x00, 0x00, 0xff,
    0x00, 0x00, 0x00, 0xff, 0x00, 0x00, 0x00, 0xff, 0x00, 0x00, 0x00, 0xff,
    0x00, 0x00, 0x00, 0xff, 0x00, 0x00, 0x00, 0xff, 0x00, 0x00, 0x00, 0xff,
    0x20, 0x20, 0x20, 0xff, 0xf8, 0xfc, 0xf8, 0xff, 0xf8, 0xfc, 0xf8, 0xff,
    0xf8, 0xfc, 0xf8, 0xff, 0xf8, 0xfc, 0xf8, 0xff, 0xf8, 0xfc, 0xf8, 0xff,
    0xf8, 0xfc, 0xf8, 0xff, 0xf8, 0xfc, 0xf8, 0xff, 0xf8, 0xfc, 0xf8, 0xff,
    0xf8, 0xfc, 0xf8, 0xff, 0xf8, 0xfc, 0xf8, 0xff, 0xf8, 0xfc, 0xf8, 0xff,
    0xf8, 0xfc, 0xf8, 0xff, 0xf8, 0xfc, 0xf8, 0xff, 0xf8, 0xfc, 0xf8, 0xff,
    0xf8, 0xfc, 0xf8, 0xff, 0xf8, 0xfc, 0xf8, 0xff, 0xe0, 0xe0, 0xe0, 0xff,
    0x00, 0x00, 0x00, 0xff, 0x00, 0x04, 0x48, 0xff, 0x10, 0x08, 0xf8, 0xff,
    0x08, 0x08, 0xf8, 0xff, 0x08, 0x0c, 0xf8, 0xff, 0x10, 0x08, 0xf8, 0xff,
    0x08, 0x08, 0xf8, 0xff, 0x08, 0x0c, 0xf8, 0xff, 0x10, 0x08, 0xf8, 0xff,
    0x08, 0x08, 0xf8, 0xff, 0x08, 0x08, 0xf8, 0xff, 0xb8, 0xb8, 0xf8, 0xff,
    0xf8, 0xfc, 0xf8, 0xff, 0xf8, 0xfc, 0xf8, 0xff, 0xf8, 0xfc, 0xf8, 0xff,
    0xf8, 0xfc, 0xf8, 0xff, 0xf8, 0xfc, 0xf8, 0xff, 0xf8, 0xfc, 0xf8, 0xff,
    0xf8, 0xfc, 0xf8, 0xff, 0xf8, 0xfc, 0xf8, 0xff, 0xf8, 0xfc, 0xf8, 0xff,
    0xf8, 0xfc, 0xf8, 0xff, 0xf8, 0xfc, 0xf8, 0xff, 0xf8, 0xfc, 0xf8, 0xff,
    0xf8, 0xfc, 0xf8, 0xff, 0xf8, 0xfc, 0xf8, 0xff, 0xf8, 0xfc, 0xf8, 0xff,
    0xf8, 0xfc, 0xf8, 0xff, 0x48, 0x48, 0xf8, 0xff, 0x10, 0x08, 0xf8, 0xff,
    0x08, 0x08, 0xf8, 0xff, 0x08, 0x08, 0xf8, 0xff, 0x10, 0x08, 0xf8, 0xff,
    0x08, 0x0c, 0xf8, 0xff, 0x08, 0x08, 0xf8, 0xff, 0x08, 0x08, 0xf8, 0xff,
    0x10, 0x0c, 0xf8, 0xff, 0x08, 0x08, 0xf8, 0x38, 0x00, 0x00, 0x00, 0x00,
    0x00, 0x00, 0x00, 0x00, 0x00, 0x00, 0x00, 0x00, 0x00, 0x00, 0x00, 0x00,
    0x00, 0x00, 0x00, 0x00, 0x10, 0x0c, 0xf8, 0xd7, 0x08, 0x08, 0xf8, 0xff,
    0x08, 0x08, 0xf8, 0xff, 0x10, 0x08, 0xf8, 0xff, 0x08, 0x08, 0xf8, 0xff,
    0x08, 0x08, 0xf8, 0xff, 0x08, 0x08, 0xf8, 0xff, 0x08, 0x08, 0xf8, 0xff,
    0x10, 0x08, 0xf8, 0xff, 0xc0, 0xc0, 0xf8, 0xff, 0xf8, 0xfc, 0xf8, 0xff,
    0xf8, 0xfc, 0xf8, 0xff, 0xf8, 0xfc, 0xf8, 0xff, 0xf8, 0xfc, 0xf8, 0xff,
    0xf8, 0xfc, 0xf8, 0xff, 0xf8, 0xfc, 0xf8, 0xff, 0xf8, 0xfc, 0xf8, 0xff,
    0xf8, 0xfc, 0xf8, 0xff, 0xf8, 0xfc, 0xf8, 0xff, 0xf8, 0xfc, 0xf8, 0xff,
    0xf8, 0xfc, 0xf8, 0xff, 0xf8, 0xfc, 0xf8, 0xff, 0xf8, 0xfc, 0xf8, 0xff,
    0xf8, 0xfc, 0xf8, 0xff, 0x00, 0x00, 0x00, 0xff, 0x00, 0x00, 0x00, 0xff,
    0x00, 0x00, 0x00, 0xff, 0x00, 0x00, 0x00, 0xff, 0x00, 0x00, 0x00, 0xff,
    0x00, 0x00, 0x00, 0xff, 0x00, 0x00, 0x00, 0xff, 0x00, 0x00, 0x00, 0xff,
    0x00, 0x00, 0x00, 0xff, 0x00, 0x00, 0x00, 0xff, 0x00, 0x00, 0x00, 0xff,
    0x00, 0x00, 0x00, 0xff, 0x00, 0x00, 0x00, 0xff, 0x00, 0x00, 0x00, 0xff,
    0x00, 0x00, 0x00, 0xff, 0x20, 0x20, 0x20, 0xff, 0xf8, 0xfc, 0xf8, 0xff,
    0xf8, 0xfc, 0xf8, 0xff, 0xf8, 0xfc, 0xf8, 0xff, 0xf8, 0xfc, 0xf8, 0xff,
    0xf8, 0xfc, 0xf8, 0xff, 0xf8, 0xfc, 0xf8, 0xff, 0xf8, 0xfc, 0xf8, 0xff,
    0xf8, 0xfc, 0xf8, 0xff, 0xf8, 0xfc, 0xf8, 0xff, 0xf8, 0xfc, 0xf8, 0xff,
    0xf8, 0xfc, 0xf8, 0xff, 0xf8, 0xfc, 0xf8, 0xff, 0xf8, 0xfc, 0xf8, 0xff,
    0xf8, 0xfc, 0xf8, 0xff, 0xf8, 0xfc, 0xf8, 0xff, 0xf8, 0xfc, 0xf8, 0xff,
    0xe0, 0xe0, 0xe0, 0xff, 0x00, 0x00, 0x00, 0xff, 0x00, 0x00, 0x00, 0xff,
    0x60, 0x5c, 0xa8, 0xff, 0x08, 0x08, 0xf8, 0xff, 0x10, 0x08, 0xf8, 0xff,
    0x08, 0x08, 0xf8, 0xff, 0x08, 0x0c, 0xf8, 0xff, 0x10, 0x08, 0xf8, 0xff,
    0x08, 0x08, 0xf8, 0xff, 0x08, 0x0c, 0xf8, 0xff, 0x08, 0x08, 0xf8, 0xff,
    0x08, 0x08, 0xf8, 0xff, 0xb8, 0xb4, 0xf8, 0xff, 0xf8, 0xfc, 0xf8, 0xff,
    0xf8, 0xfc, 0xf8, 0xff, 0xf8, 0xfc, 0xf8, 0xff, 0xf8, 0xfc, 0xf8, 0xff,
    0xf8, 0xfc, 0xf8, 0xff, 0xf8, 0xfc, 0xf8, 0xff, 0xf8, 0xfc, 0xf8, 0xff,
    0xf8, 0xfc, 0xf8, 0xff, 0xf8, 0xfc, 0xf8, 0xff, 0xf8, 0xfc, 0xf8, 0xff,
    0xf8, 0xfc, 0xf8, 0xff, 0xf8, 0xfc, 0xf8, 0xff, 0xf8, 0xfc, 0xf8, 0xff,
    0xf8, 0xfc, 0xf8, 0xff, 0xc0, 0xc0, 0xf8, 0xff, 0x10, 0x08, 0xf8, 0xff,
    0x08, 0x08, 0xf8, 0xff, 0x08, 0x0c, 0xf8, 0xff, 0x10, 0x08, 0xf8, 0xff,
    0x08, 0x08, 0xf8, 0xff, 0x08, 0x08, 0xf8, 0xff, 0x10, 0x08, 0xf8, 0xff,
    0x08, 0x08, 0xf8, 0xff, 0x08, 0x0c, 0xf8, 0xd7, 0x00, 0x00, 0x00, 0x00,
    0x00, 0x00, 0x00, 0x00, 0x00, 0x00, 0x00, 0x00, 0x00, 0x00, 0x00, 0x00,
    0x00, 0x00, 0x00, 0x00, 0x00, 0x00, 0x00, 0x00, 0x10, 0x08, 0xf8, 0x75,
    0x08, 0x08, 0xf8, 0xff, 0x10, 0x0c, 0xf8, 0xff, 0x08, 0x08, 0xf8, 0xff,
    0x10, 0x08, 0xf8, 0xff, 0x10, 0x0c, 0xf8, 0xff, 0x08, 0x08, 0xf8, 0xff,
    0x08, 0x08, 0xf8, 0xff, 0x10, 0x0c, 0xf8, 0xff, 0x48, 0x48, 0xf8, 0xff,
    0xf8, 0xfc, 0xf8, 0xff, 0xf8, 0xfc, 0xf8, 0xff, 0xf8, 0xfc, 0xf8, 0xff,
    0xf8, 0xfc, 0xf8, 0xff, 0xf8, 0xfc, 0xf8, 0xff, 0xf8, 0xfc, 0xf8, 0xff,
    0xf8, 0xfc, 0xf8, 0xff, 0xf8, 0xfc, 0xf8, 0xff, 0xf8, 0xfc, 0xf8, 0xff,
    0xf8, 0xfc, 0xf8, 0xff, 0xf8, 0xfc, 0xf8, 0xff, 0xf8, 0xfc, 0xf8, 0xff,
    0xf8, 0xfc, 0xf8, 0xff, 0xf8, 0xfc, 0xf8, 0xff, 0x00, 0x00, 0x00, 0xff,
    0x00, 0x00, 0x00, 0xff, 0x00, 0x00, 0x00, 0xff, 0x00, 0x00, 0x00, 0xff,
    0x00, 0x00, 0x00, 0xff, 0x00, 0x00, 0x00, 0xff, 0x00, 0x00, 0x00, 0xff,
    0x00, 0x00, 0x00, 0xff, 0x00, 0x00, 0x00, 0xff, 0x00, 0x00, 0x00, 0xff,
    0x00, 0x00, 0x00, 0xff, 0x00, 0x00, 0x00, 0xff, 0x00, 0x00, 0x00, 0xff,
    0x00, 0x00, 0x00, 0xff, 0x00, 0x00, 0x00, 0xff, 0x20, 0x20, 0x20, 0xff,
    0xf8, 0xfc, 0xf8, 0xff, 0xf8, 0xfc, 0xf8, 0xff, 0xf8, 0xfc, 0xf8, 0xff,
    0xf8, 0xfc, 0xf8, 0xff, 0xf8, 0xfc, 0xf8, 0xff, 0xf8, 0xfc, 0xf8, 0xff,
    0xf8, 0xfc, 0xf8, 0xff, 0xf8, 0xfc, 0xf8, 0xff, 0xf8, 0xfc, 0xf8, 0xff,
    0xf8, 0xfc, 0xf8, 0xff, 0xf8, 0xfc, 0xf8, 0xff, 0xf8, 0xfc, 0xf8, 0xff,
    0xf8, 0xfc, 0xf8, 0xff, 0xf8, 0xfc, 0xf8, 0xff, 0xf8, 0xfc, 0xf8, 0xff,
    0xf8, 0xfc, 0xf8, 0xff, 0xe0, 0xe0, 0xe0, 0xff, 0x00, 0x00, 0x00, 0xff,
    0x00, 0x00, 0x00, 0xff, 0x80, 0x80, 0x80, 0xff, 0xb8, 0xb8, 0xf8, 0xff,
    0x08, 0x08, 0xf8, 0xff, 0x10, 0x08, 0xf8, 0xff, 0x08, 0x08, 0xf8, 0xff,
    0x10, 0x08, 0xf8, 0xff, 0x10, 0x08, 0xf8, 0xff, 0x08, 0x08, 0xf8, 0xff,
    0x10, 0x08, 0xf8, 0xff, 0x08, 0x08, 0xf8, 0xff, 0x08, 0x08, 0xf8, 0xff,
    0xb8, 0xb8, 0xf8, 0xff, 0xf8, 0xfc, 0xf8, 0xff, 0xf8, 0xfc, 0xf8, 0xff,
    0xf8, 0xfc, 0xf8, 0xff, 0xf8, 0xfc, 0xf8, 0xff, 0xf8, 0xfc, 0xf8, 0xff,
    0xf8, 0xfc, 0xf8, 0xff, 0xf8, 0xfc, 0xf8, 0xff, 0xf8, 0xfc, 0xf8, 0xff,
    0xf8, 0xfc, 0xf8, 0xff, 0xf8, 0xfc, 0xf8, 0xff, 0xf8, 0xfc, 0xf8, 0xff,
    0xf8, 0xfc, 0xf8, 0xff, 0xf8, 0xfc, 0xf8, 0xff, 0x48, 0x48, 0xf8, 0xff,
    0x08, 0x08, 0xf8, 0xff, 0x08, 0x08, 0xf8, 0xff, 0x10, 0x0c, 0xf8, 0xff,
    0x08, 0x08, 0xf8, 0xff, 0x08, 0x08, 0xf8, 0xff, 0x10, 0x0c, 0xf8, 0xff,
    0x10, 0x08, 0xf8, 0xff, 0x08, 0x08, 0xf8, 0xff, 0x08, 0x08, 0xf8, 0x75,
    0x00, 0x00, 0x00, 0x00, 0x00, 0x00, 0x00, 0x00, 0x00, 0x00, 0x00, 0x00,
    0x00, 0x00, 0x00, 0x00, 0x00, 0x00, 0x00, 0x00, 0x00, 0x00, 0x00, 0x00,
    0x10, 0x0c, 0xf8, 0x14, 0x08, 0x08, 0xf8, 0xff, 0x08, 0x0c, 0xf8, 0xff,
    0x08, 0x08, 0xf8, 0xff, 0x08, 0x08, 0xf8, 0xff, 0x10, 0x0c, 0xf8, 0xff,
    0x08, 0x08, 0xf8, 0xff, 0x08, 0x08, 0xf8, 0xff, 0x10, 0x08, 0xf8, 0xff,
    0x08, 0x08, 0xf8, 0xff, 0xc0, 0xc0, 0xf8, 0xff, 0xf8, 0xfc, 0xf8, 0xff,
    0xf8, 0xfc, 0xf8, 0xff, 0xf8, 0xfc, 0xf8, 0xff, 0xf8, 0xfc, 0xf8, 0xff,
    0xf8, 0xfc, 0xf8, 0xff, 0xf8, 0xfc, 0xf8, 0xff, 0xf8, 0xfc, 0xf8, 0xff,
    0xf8, 0xfc, 0xf8, 0xff, 0xf8, 0xfc, 0xf8, 0xff, 0xf8, 0xfc, 0xf8, 0xff,
    0xf8, 0xfc, 0xf8, 0xff, 0xf8, 0xfc, 0xf8, 0xff, 0xf8, 0xfc, 0xf8, 0xff,
    0x00, 0x00, 0x00, 0xff, 0x00, 0x00, 0x00, 0xff, 0x00, 0x00, 0x00, 0xff,
    0x00, 0x00, 0x00, 0xff, 0x00, 0x00, 0x00, 0xff, 0x00, 0x00, 0x00, 0xff,
    0x00, 0x00, 0x00, 0xff, 0x00, 0x00, 0x00, 0xff, 0x00, 0x00, 0x00, 0xff,
    0x00, 0x00, 0x00, 0xff, 0x00, 0x00, 0x00, 0xff, 0x00, 0x00, 0x00, 0xff,
    0x00, 0x00, 0x00, 0xff, 0x00, 0x00, 0x00, 0xff, 0x00, 0x00, 0x00, 0xff,
    0x20, 0x20, 0x20, 0xff, 0xf8, 0xfc, 0xf8, 0xff, 0xf8, 0xfc, 0xf8, 0xff,
    0xf8, 0xfc, 0xf8, 0xff, 0xf8, 0xfc, 0xf8, 0xff, 0xf8, 0xfc, 0xf8, 0xff,
    0xf8, 0xfc, 0xf8, 0xff, 0xf8, 0xfc, 0xf8, 0xff, 0xf8, 0xfc, 0xf8, 0xff,
    0xf8, 0xfc, 0xf8, 0xff, 0xf8, 0xfc, 0xf8, 0xff, 0xf8, 0xfc, 0xf8, 0xff,
    0xf8, 0xfc, 0xf8, 0xff, 0xf8, 0xfc, 0xf8, 0xff, 0xf8, 0xfc, 0xf8, 0xff,
    0xf8, 0xfc, 0xf8, 0xff, 0xf8, 0xfc, 0xf8, 0xff, 0xe0, 0xe0, 0xe0, 0xff,
    0x00, 0x00, 0x00, 0xff, 0x00, 0x00, 0x00, 0xff, 0x80, 0x80, 0x80, 0xff,
    0xf8, 0xfc, 0xf8, 0xff, 0xb8, 0xb8, 0xf8, 0xff, 0x08, 0x08, 0xf8, 0xff,
    0x08, 0x0c, 0xf8, 0xff, 0x08, 0x0c, 0xf8, 0xff, 0x08, 0x08, 0xf8, 0xff,
    0x10, 0x08, 0xf8, 0xff, 0x10, 0x0c, 0xf8, 0xff, 0x08, 0x08, 0xf8, 0xff,
    0x08, 0x08, 0xf8, 0xff, 0x10, 0x08, 0xf8, 0xff, 0xb8, 0xb4, 0xf8, 0xff,
    0xf8, 0xfc, 0xf8, 0xff, 0xf8, 0xfc, 0xf8, 0xff, 0xf8, 0xfc, 0xf8, 0xff,
    0xf8, 0xfc, 0xf8, 0xff, 0xf8, 0xfc, 0xf8, 0xff, 0xf8, 0xfc, 0xf8, 0xff,
    0xf8, 0xfc, 0xf8, 0xff, 0xf8, 0xfc, 0xf8, 0xff, 0xf8, 0xfc, 0xf8, 0xff,
    0xf8, 0xfc, 0xf8, 0xff, 0xf8, 0xfc, 0xf8, 0xff, 0xc0, 0xc0, 0xf8, 0xff,
    0x10, 0x08, 0xf8, 0xff, 0x08, 0x08, 0xf8, 0xff, 0x10, 0x08, 0xf8, 0xff,
    0x08, 0x08, 0xf8, 0xff, 0x10, 0x08, 0xf8, 0xff, 0x08, 0x0c, 0xf8, 0xff,
    0x08, 0x08, 0xf8, 0xff, 0x08, 0x08, 0xf8, 0xff, 0x10, 0x0c, 0xf8, 0xff,
    0x10, 0x0c, 0xf8, 0x14, 0x00, 0x00, 0x00, 0x00, 0x00, 0x00, 0x00, 0x00,
    0x00, 0x00, 0x00, 0x00, 0x00, 0x00, 0x00, 0x00, 0x00, 0x00, 0x00, 0x00,
    0x00, 0x00, 0x00, 0x00, 0x00, 0x00, 0x00, 0x00, 0x10, 0x08, 0xf8, 0x96,
    0x08, 0x08, 0xf8, 0xff, 0x10, 0x08, 0xf8, 0xff, 0x08, 0x08, 0xf8, 0xff,
    0x08, 0x08, 0xf8, 0xff, 0x10, 0x0c, 0xf8, 0xff, 0x08, 0x08, 0xf8, 0xff,
    0x08, 0x08, 0xf8, 0xff, 0x10, 0x0c, 0xf8, 0xff, 0x28, 0x28, 0xf8, 0xff,
    0xf8, 0xfc, 0xf8, 0xff, 0xf8, 0xfc, 0xf8, 0xff, 0xf8, 0xfc, 0xf8, 0xff,
    0xf8, 0xfc, 0xf8, 0xff, 0xf8, 0xfc, 0xf8, 0xff, 0xf8, 0xfc, 0xf8, 0xff,
    0xf8, 0xfc, 0xf8, 0xff, 0xf8, 0xfc, 0xf8, 0xff, 0xf8, 0xfc, 0xf8, 0xff,
    0xf8, 0xfc, 0xf8, 0xff, 0xf8, 0xfc, 0xf8, 0xff, 0xf8, 0xfc, 0xf8, 0xff,
    0xf8, 0xfc, 0xf8, 0xff, 0x00, 0x00, 0x00, 0xff, 0x00, 0x00, 0x00, 0xff,
    0x00, 0x00, 0x00, 0xff, 0x00, 0x00, 0x00, 0xff, 0x00, 0x00, 0x00, 0xff,
    0x00, 0x00, 0x00, 0xff, 0x00, 0x00, 0x00, 0xff, 0x00, 0x00, 0x00, 0xff,
    0x00, 0x00, 0x00, 0xff, 0x00, 0x00, 0x00, 0xff, 0x00, 0x00, 0x00, 0xff,
    0x00, 0x00, 0x00, 0xff, 0x00, 0x00, 0x00, 0xff, 0x00, 0x00, 0x00, 0xff,
    0x00, 0x00, 0x00, 0xff, 0x20, 0x20, 0x20, 0xff, 0xf8, 0xfc, 0xf8, 0xff,
    0xf8, 0xfc, 0xf8, 0xff, 0xf8, 0xfc, 0xf8, 0xff, 0xf8, 0xfc, 0xf8, 0xff,
    0xf8, 0xfc, 0xf8, 0xff, 0xf8, 0xfc, 0xf8, 0xff, 0xf8, 0xfc, 0xf8, 0xff,
    0xf8, 0xfc, 0xf8, 0xff, 0xf8, 0xfc, 0xf8, 0xff, 0xf8, 0xfc, 0xf8, 0xff,
    0xf8, 0xfc, 0xf8, 0xff, 0xf8, 0xfc, 0xf8, 0xff, 0xf8, 0xfc, 0xf8, 0xff,
    0xf8, 0xfc, 0xf8, 0xff, 0xf8, 0xfc, 0xf8, 0xff, 0xf8, 0xfc, 0xf8, 0xff,
    0xe0, 0xe0, 0xe0, 0xff, 0x00, 0x00, 0x00, 0xff, 0x00, 0x00, 0x00, 0xff,
    0x80, 0x80, 0x80, 0xff, 0xf8, 0xfc, 0xf8, 0xff, 0xf8, 0xfc, 0xf8, 0xff,
    0xb8, 0xb8, 0xf8, 0xff, 0x10, 0x08, 0xf8, 0xff, 0x08, 0x08, 0xf8, 0xff,
    0x08, 0x08, 0xf8, 0xff, 0x08, 0x0c, 0xf8, 0xff, 0x08, 0x08, 0xf8, 0xff,
    0x10, 0x08, 0xf8, 0xff, 0x08, 0x0c, 0xf8, 0xff, 0x08, 0x08, 0xf8, 0xff,
    0x08, 0x08, 0xf8, 0xff, 0xb8, 0xb8, 0xf8, 0xff, 0xf8, 0xfc, 0xf8, 0xff,
    0xf8, 0xfc, 0xf8, 0xff, 0xf8, 0xfc, 0xf8, 0xff, 0xf8, 0xfc, 0xf8, 0xff,
    0xf8, 0xfc, 0xf8, 0xff, 0xf8, 0xfc, 0xf8, 0xff, 0xf8, 0xfc, 0xf8, 0xff,
    0xf8, 0xfc, 0xf8, 0xff, 0xf8, 0xfc, 0xf8, 0xff, 0xf8, 0xfc, 0xf8, 0xff,
    0x48, 0x48, 0xf8, 0xff, 0x08, 0x08, 0xf8, 0xff, 0x10, 0x0c, 0xf8, 0xff,
    0x08, 0x08, 0xf8, 0xff, 0x08, 0x08, 0xf8, 0xff, 0x10, 0x0c, 0xf8, 0xff,
    0x10, 0x08, 0xf8, 0xff, 0x08, 0x08, 0xf8, 0xff, 0x08, 0x08, 0xf8, 0xff,
    0x10, 0x08, 0xf8, 0x96, 0x00, 0x00, 0x00, 0x00, 0x00, 0x00, 0x00, 0x00,
    0x00, 0x00, 0x00, 0x00, 0x00, 0x00, 0x00, 0x00, 0x00, 0x00, 0x00, 0x00,
    0x00, 0x00, 0x00, 0x00, 0x00, 0x00, 0x00, 0x00, 0x00, 0x00, 0x00, 0x00,
    0x08, 0x0c, 0xf8, 0x2c, 0x10, 0x08, 0xf8, 0xff, 0x08, 0x0c, 0xf8, 0xff,
    0x10, 0x08, 0xf8, 0xff, 0x08, 0x08, 0xf8, 0xff, 0x10, 0x0c, 0xf8, 0xff,
    0x08, 0x08, 0xf8, 0xff, 0x08, 0x08, 0xf8, 0xff, 0x10, 0x0c, 0xf8, 0xff,
    0x08, 0x08, 0xf8, 0xff, 0xa8, 0xa4, 0xf8, 0xff, 0xf8, 0xfc, 0xf8, 0xff,
    0xf8, 0xfc, 0xf8, 0xff, 0xf8, 0xfc, 0xf8, 0xff, 0xf8, 0xfc, 0xf8, 0xff,
    0xf8, 0xfc, 0xf8, 0xff, 0xf8, 0xfc, 0xf8, 0xff, 0xf8, 0xfc, 0xf8, 0xff,
    0xf8, 0xfc, 0xf8, 0xff, 0xf8, 0xfc, 0xf8, 0xff, 0xf8, 0xfc, 0xf8, 0xff,
    0xf8, 0xfc, 0xf8, 0xff, 0xf8, 0xfc, 0xf8, 0xff, 0x00, 0x00, 0x00, 0xff,
    0x00, 0x00, 0x00, 0xff, 0x00, 0x00, 0x00, 0xff, 0x00, 0x00, 0x00, 0xff,
    0x00, 0x00, 0x00, 0xff, 0x00, 0x00, 0x00, 0xff, 0x00, 0x00, 0x00, 0xff,
    0x00, 0x00, 0x00, 0xff, 0x00, 0x00, 0x00, 0xff, 0x00, 0x00, 0x00, 0xff,
    0x00, 0x00, 0x00, 0xff, 0x00, 0x00, 0x00, 0xff, 0x00, 0x00, 0x00, 0xff,
    0x00, 0x00, 0x00, 0xff, 0x00, 0x00, 0x00, 0xff, 0x20, 0x20, 0x20, 0xff,
    0xf8, 0xfc, 0xf8, 0xff, 0xf8, 0xfc, 0xf8, 0xff, 0xf8, 0xfc, 0xf8, 0xff,
    0xf8, 0xfc, 0xf8, 0xff, 0xf8, 0xfc, 0xf8, 0xff, 0xf8, 0xfc, 0xf8, 0xff,
    0xf8, 0xfc, 0xf8, 0xff, 0xf8, 0xfc, 0xf8, 0xff, 0xf8, 0xfc, 0xf8, 0xff,
    0xf8, 0xfc, 0xf8, 0xff, 0xf8, 0xfc, 0xf8, 0xff, 0xf8, 0xfc, 0xf8, 0xff,
    0xf8, 0xfc, 0xf8, 0xff, 0xf8, 0xfc, 0xf8, 0xff, 0xf8, 0xfc, 0xf8, 0xff,
    0xf8, 0xfc, 0xf8, 0xff, 0xe0, 0xe0, 0xe0, 0xff, 0x00, 0x00, 0x00, 0xff,
    0x00, 0x00, 0x00, 0xff, 0x80, 0x80, 0x80, 0xff, 0xf8, 0xfc, 0xf8, 0xff,
    0xf8, 0xfc, 0xf8, 0xff, 0xf8, 0xfc, 0xf8, 0xff, 0xb8, 0xb8, 0xf8, 0xff,
    0x10, 0x08, 0xf8, 0xff, 0x08, 0x08, 0xf8, 0xff, 0x10, 0x08, 0xf8, 0xff,
    0x08, 0x08, 0xf8, 0xff, 0x08, 0x08, 0xf8, 0xff, 0x10, 0x0c, 0xf8, 0xff,
    0x08, 0x08, 0xf8, 0xff, 0x08, 0x08, 0xf8, 0xff, 0x08, 0x08, 0xf8, 0xff,
    0xb8, 0xb8, 0xf8, 0xff, 0xf8, 0xfc, 0xf8, 0xff, 0xf8, 0xfc, 0xf8, 0xff,
    0xf8, 0xfc, 0xf8, 0xff, 0xf8, 0xfc, 0xf8, 0xff, 0xf8, 0xfc, 0xf8, 0xff,
    0xf8, 0xfc, 0xf8, 0xff, 0xf8, 0xfc, 0xf8, 0xff, 0xf8, 0xfc, 0xf8, 0xff,
    0xa0, 0xa0, 0xf8, 0xff, 0x08, 0x08, 0xf8, 0xff, 0x10, 0x08, 0xf8, 0xff,
    0x08, 0x08, 0xf8, 0xff, 0x08, 0x0c, 0xf8, 0xff, 0x08, 0x08, 0xf8, 0xff,
    0x08, 0x08, 0xf8, 0xff, 0x10, 0x08, 0xf8, 0xff, 0x08, 0x0c, 0xf8, 0xff,
    0x08, 0x08, 0xf8, 0xff, 0x08, 0x0c, 0xf8, 0x2c, 0x00, 0x00, 0x00, 0x00,
    0x00, 0x00, 0x00, 0x00, 0x00, 0x00, 0x00, 0x00, 0x00, 0x00, 0x00, 0x00,
    0x00, 0x00, 0x00, 0x00, 0x00, 0x00, 0x00, 0x00, 0x00, 0x00, 0x00, 0x00,
    0x00, 0x00, 0x00, 0x00, 0x00, 0x00, 0x00, 0x00, 0x08, 0x08, 0xf8, 0xa2,
    0x08, 0x08, 0xf8, 0xff, 0x08, 0x0c, 0xf8, 0xff, 0x10, 0x08, 0xf8, 0xff,
    0x08, 0x08, 0xf8, 0xff, 0x10, 0x08, 0xf8, 0xff, 0x08, 0x08, 0xf8, 0xff,
    0x08, 0x08, 0xf8, 0xff, 0x10, 0x08, 0xf8, 0xff, 0x28, 0x28, 0xf8, 0xff,
    0xf8, 0xfc, 0xf8, 0xff, 0xf8, 0xfc, 0xf8, 0xff, 0xf8, 0xfc, 0xf8, 0xff,
    0xf8, 0xfc, 0xf8, 0xff, 0xf8, 0xfc, 0xf8, 0xff, 0xf8, 0xfc, 0xf8, 0xff,
    0xf8, 0xfc, 0xf8, 0xff, 0xf8, 0xfc, 0xf8, 0xff, 0xf8, 0xfc, 0xf8, 0xff,
    0xf8, 0xfc, 0xf8, 0xff, 0xf8, 0xfc, 0xf8, 0xff, 0xf8, 0xfc, 0xf8, 0xff,
    0x00, 0x00, 0x00, 0xff, 0x00, 0x00, 0x00, 0xff, 0x00, 0x00, 0x00, 0xff,
    0x00, 0x00, 0x00, 0xff, 0x00, 0x00, 0x00, 0xff, 0x00, 0x00, 0x00, 0xff,
    0x00, 0x00, 0x00, 0xff, 0x00, 0x00, 0x00, 0xff, 0x00, 0x00, 0x00, 0xff,
    0x00, 0x00, 0x00, 0xff, 0x00, 0x00, 0x00, 0xff, 0x00, 0x00, 0x00, 0xff,
    0x00, 0x00, 0x00, 0xff, 0x00, 0x00, 0x00, 0xff, 0x00, 0x00, 0x00, 0xff,
    0x20, 0x20, 0x20, 0xff, 0xf8, 0xfc, 0xf8, 0xff, 0xf8, 0xfc, 0xf8, 0xff,
    0xf8, 0xfc, 0xf8, 0xff, 0xf8, 0xfc, 0xf8, 0xff, 0xf8, 0xfc, 0xf8, 0xff,
    0xf8, 0xfc, 0xf8, 0xff, 0xf8, 0xfc, 0xf8, 0xff, 0xf8, 0xfc, 0xf8, 0xff,
    0xf8, 0xfc, 0xf8, 0xff, 0xf8, 0xfc, 0xf8, 0xff, 0xf8, 0xfc, 0xf8, 0xff,
    0xf8, 0xfc, 0xf8, 0xff, 0xf8, 0xfc, 0xf8, 0xff, 0xf8, 0xfc, 0xf8, 0xff,
    0xf8, 0xfc, 0xf8, 0xff, 0xf8, 0xfc, 0xf8, 0xff, 0xe0, 0xe0, 0xe0, 0xff,
    0x00, 0x00, 0x00, 0xff, 0x00, 0x00, 0x00, 0xff, 0x80, 0x80, 0x80, 0xff,
    0xf8, 0xfc, 0xf8, 0xff, 0xf8, 0xfc, 0xf8, 0xff, 0xf8, 0xfc, 0xf8, 0xff,
    0xf8, 0xfc, 0xf8, 0xff, 0xb8, 0xb8, 0xf8, 0xff, 0x08, 0x08, 0xf8, 0xff,
    0x10, 0x0c, 0xf8, 0xff, 0x08, 0x08, 0xf8, 0xff, 0x10, 0x08, 0xf8, 0xff,
    0x10, 0x08, 0xf8, 0xff, 0x08, 0x08, 0xf8, 0xff, 0x10, 0x08, 0xf8, 0xff,
    0x08, 0x08, 0xf8, 0xff, 0x08, 0x08, 0xf8, 0xff, 0xb8, 0xb4, 0xf8, 0xff,
    0xf8, 0xfc, 0xf8, 0xff, 0xf8, 0xfc, 0xf8, 0xff, 0xf8, 0xfc, 0xf8, 0xff,
    0xf8, 0xfc, 0xf8, 0xff, 0xf8, 0xfc, 0xf8, 0xff, 0xf8, 0xfc, 0xf8, 0xff,
    0xf8, 0xfc, 0xf8, 0xff, 0x28, 0x28, 0xf8, 0xff, 0x10, 0x08, 0xf8, 0xff,
    0x08, 0x08, 0xf8, 0xff, 0x10, 0x08, 0xf8, 0xff, 0x10, 0x08, 0xf8, 0xff,
    0x08, 0x0c, 0xf8, 0xff, 0x08, 0x08, 0xf8, 0xff, 0x10, 0x08, 0xf8, 0xff,
    0x08, 0x08, 0xf8, 0xff, 0x10, 0x0c, 0xf8, 0xa2, 0x00, 0x00, 0x00, 0x00,
    0x00, 0x00, 0x00, 0x00, 0x00, 0x00, 0x00, 0x00, 0x00, 0x00, 0x00, 0x00,
    0x00, 0x00, 0x00, 0x00, 0x00, 0x00, 0x00, 0x00, 0x00, 0x00, 0x00, 0x00,
    0x00, 0x00, 0x00, 0x00, 0x00, 0x00, 0x00, 0x00, 0x00, 0x00, 0x00, 0x00,
    0x08, 0x0c, 0xf8, 0x2c, 0x10, 0x08, 0xf8, 0xff, 0x08, 0x08, 0xf8, 0xff,
    0x08, 0x08, 0xf8, 0xff, 0x10, 0x0c, 0xf8, 0xff, 0x08, 0x08, 0xf8, 0xff,
    0x10, 0x08, 0xf8, 0xff, 0x08, 0x0c, 0xf8, 0xff, 0x08, 0x08, 0xf8, 0xff,
    0x08, 0x08, 0xf8, 0xff, 0x68, 0x68, 0xf8, 0xff, 0xf8, 0xfc, 0xf8, 0xff,
    0xf8, 0xfc, 0xf8, 0xff, 0xf8, 0xfc, 0xf8, 0xff, 0xf8, 0xfc, 0xf8, 0xff,
    0xf8, 0xfc, 0xf8, 0xff, 0xf8, 0xfc, 0xf8, 0xff, 0xf8, 0xfc, 0xf8, 0xff,
    0xf8, 0xfc, 0xf8, 0xff, 0xf8, 0xfc, 0xf8, 0xff, 0xf8, 0xfc, 0xf8, 0xff,
    0xf8, 0xfc, 0xf8, 0xff, 0x00, 0x00, 0x00, 0xff, 0x00, 0x00, 0x00, 0xff,
    0x00, 0x00, 0x00, 0xff, 0x00, 0x00, 0x00, 0xff, 0x00, 0x00, 0x00, 0xff,
    0x00, 0x00, 0x00, 0xff, 0x00, 0x00, 0x00, 0xff, 0x00, 0x00, 0x00, 0xff,
    0x00, 0x00, 0x00, 0xff, 0x00, 0x00, 0x00, 0xff, 0x00, 0x00, 0x00, 0xff,
    0x00, 0x00, 0x00, 0xff, 0x00, 0x00, 0x00, 0xff, 0x00, 0x00, 0x00, 0xff,
    0x00, 0x00, 0x00, 0xff, 0x20, 0x20, 0x20, 0xff, 0xf8, 0xfc, 0xf8, 0xff,
    0xf8, 0xfc, 0xf8, 0xff, 0xf8, 0xfc, 0xf8, 0xff, 0xf8, 0xfc, 0xf8, 0xff,
    0xf8, 0xfc, 0xf8, 0xff, 0xf8, 0xfc, 0xf8, 0xff, 0xf8, 0xfc, 0xf8, 0xff,
    0xf8, 0xfc, 0xf8, 0xff, 0xf8, 0xfc, 0xf8, 0xff, 0xf8, 0xfc, 0xf8, 0xff,
    0xf8, 0xfc, 0xf8, 0xff, 0xf8, 0xfc, 0xf8, 0xff, 0xf8, 0xfc, 0xf8, 0xff,
    0xf8, 0xfc, 0xf8, 0xff, 0xf8, 0xfc, 0xf8, 0xff, 0xf8, 0xfc, 0xf8, 0xff,
    0xe0, 0xe0, 0xe0, 0xff, 0x00, 0x00, 0x00, 0xff, 0x00, 0x00, 0x00, 0xff,
    0x80, 0x80, 0x80, 0xff, 0xf8, 0xfc, 0xf8, 0xff, 0xf8, 0xfc, 0xf8, 0xff,
    0xf8, 0xfc, 0xf8, 0xff, 0xf8, 0xfc, 0xf8, 0xff, 0xf8, 0xfc, 0xf8, 0xff,
    0xb8, 0xb8, 0xf8, 0xff, 0x08, 0x08, 0xf8, 0xff, 0x08, 0x0c, 0xf8, 0xff,
    0x08, 0x08, 0xf8, 0xff, 0x08, 0x0c, 0xf8, 0xff, 0x10, 0x08, 0xf8, 0xff,
    0x08, 0x0c, 0xf8, 0xff, 0x10, 0x08, 0xf8, 0xff, 0x08, 0x08, 0xf8, 0xff,
    0x08, 0x08, 0xf8, 0xff, 0xb8, 0xb8, 0xf8, 0xff, 0xf8, 0xfc, 0xf8, 0xff,
    0xf8, 0xfc, 0xf8, 0xff, 0xf8, 0xfc, 0xf8, 0xff, 0xf8, 0xfc, 0xf8, 0xff,
    0xf8, 0xfc, 0xf8, 0xff, 0x48, 0x48, 0xf8, 0xff, 0x08, 0x08, 0xf8, 0xff,
    0x08, 0x08, 0xf8, 0xff, 0x08, 0x0c, 0xf8, 0xff, 0x08, 0x08, 0xf8, 0xff,
    0x10, 0x08, 0xf8, 0xff, 0x08, 0x08, 0xf8, 0xff, 0x10, 0x0c, 0xf8, 0xff,
    0x08, 0x08, 0xf8, 0xff, 0x08, 0x08, 0xf8, 0xff, 0x10, 0x0c, 0xf8, 0x30,
    0x00, 0x00, 0x00, 0x00, 0x00, 0x00, 0x00, 0x00, 0x00, 0x00, 0x00, 0x00,
    0x00, 0x00, 0x00, 0x00, 0x00, 0x00, 0x00, 0x00, 0x00, 0x00, 0x00, 0x00,
    0x00, 0x00, 0x00, 0x00, 0x00, 0x00, 0x00, 0x00, 0x00, 0x00, 0x00, 0x00,
    0x00, 0x00, 0x00, 0x00, 0x00, 0x00, 0x00, 0x00, 0x08, 0x08, 0xf8, 0x96,
    0x10, 0x08, 0xf8, 0xff, 0x08, 0x0c, 0xf8, 0xff, 0x08, 0x08, 0xf8, 0xff,
    0x10, 0x08, 0xf8, 0xff, 0x08, 0x0c, 0xf8, 0xff, 0x10, 0x08, 0xf8, 0xff,
    0x08, 0x08, 0xf8, 0xff, 0x10, 0x08, 0xf8, 0xff, 0x08, 0x08, 0xf8, 0xff,
    0xa0, 0xa4, 0xf8, 0xff, 0xf8, 0xfc, 0xf8, 0xff, 0xf8, 0xfc, 0xf8, 0xff,
    0xf8, 0xfc, 0xf8, 0xff, 0xf8, 0xfc, 0xf8, 0xff, 0xf8, 0xfc, 0xf8, 0xff,
    0xf8, 0xfc, 0xf8, 0xff, 0xf8, 0xfc, 0xf8, 0xff, 0xf8, 0xfc, 0xf8, 0xff,
    0xf8, 0xfc, 0xf8, 0xff, 0xf8, 0xfc, 0xf8, 0xff, 0x00, 0x00, 0x00, 0xff,
    0x00, 0x00, 0x00, 0xff, 0x00, 0x00, 0x00, 0xff, 0x00, 0x00, 0x00, 0xff,
    0x00, 0x00, 0x00, 0xff, 0x00, 0x00, 0x00, 0xff, 0x00, 0x00, 0x00, 0xff,
    0x00, 0x00, 0x00, 0xff, 0x00, 0x00, 0x00, 0xff, 0x00, 0x00, 0x00, 0xff,
    0x00, 0x00, 0x00, 0xff, 0x00, 0x00, 0x00, 0xff, 0x00, 0x00, 0x00, 0xff,
    0x00, 0x00, 0x00, 0xff, 0x00, 0x00, 0x00, 0xff, 0x20, 0x20, 0x20, 0xff,
    0xf8, 0xfc, 0xf8, 0xff, 0xf8, 0xfc, 0xf8, 0xff, 0xf8, 0xfc, 0xf8, 0xff,
    0xf8, 0xfc, 0xf8, 0xff, 0xf8, 0xfc, 0xf8, 0xff, 0xf8, 0xfc, 0xf8, 0xff,
    0xf8, 0xfc, 0xf8, 0xff, 0xf8, 0xfc, 0xf8, 0xff, 0xf8, 0xfc, 0xf8, 0xff,
    0xf8, 0xfc, 0xf8, 0xff, 0xf8, 0xfc, 0xf8, 0xff, 0xf8, 0xfc, 0xf8, 0xff,
    0xf8, 0xfc, 0xf8, 0xff, 0xf8, 0xfc, 0xf8, 0xff, 0xf8, 0xfc, 0xf8, 0xff,
    0xf8, 0xfc, 0xf8, 0xff, 0xe0, 0xdc, 0xe0, 0xff, 0x00, 0x00, 0x00, 0xff,
    0x00, 0x00, 0x00, 0xff, 0x80, 0x80, 0x80, 0xff, 0xf8, 0xfc, 0xf8, 0xff,
    0xf8, 0xfc, 0xf8, 0xff, 0xf8, 0xfc, 0xf8, 0xff, 0xf8, 0xfc, 0xf8, 0xff,
    0xf8, 0xfc, 0xf8, 0xff, 0xf8, 0xfc, 0xf8, 0xff, 0xb8, 0xb8, 0xf8, 0xff,
    0x10, 0x08, 0xf8, 0xff, 0x08, 0x08, 0xf8, 0xff, 0x08, 0x08, 0xf8, 0xff,
    0x08, 0x0c, 0xf8, 0xff, 0x10, 0x08, 0xf8, 0xff, 0x08, 0x08, 0xf8, 0xff,
    0x10, 0x0c, 0xf8, 0xff, 0x08, 0x08, 0xf8, 0xff, 0x08, 0x08, 0xf8, 0xff,
    0xb8, 0xb4, 0xf8, 0xff, 0xf8, 0xfc, 0xf8, 0xff, 0xf8, 0xfc, 0xf8, 0xff,
    0xf8, 0xfc, 0xf8, 0xff, 0xc0, 0xc0, 0xf8, 0xff, 0x10, 0x08, 0xf8, 0xff,
    0x08, 0x08, 0xf8, 0xff, 0x10, 0x08, 0xf8, 0xff, 0x10, 0x0c, 0xf8, 0xff,
    0x08, 0x08, 0xf8, 0xff, 0x08, 0x08, 0xf8, 0xff, 0x10, 0x0c, 0xf8, 0xff,
    0x08, 0x08, 0xf8, 0xff, 0x08, 0x08, 0xf8, 0xff, 0x08, 0x08, 0xf8, 0x92,
    0x00, 0x00, 0x00, 0x00, 0x00, 0x00, 0x00, 0x00, 0x00, 0x00, 0x00, 0x00,
    0x00, 0x00, 0x00, 0x00, 0x00, 0x00, 0x00, 0x00, 0x00, 0x00, 0x00, 0x00,
    0x00, 0x00, 0x00, 0x00, 0x00, 0x00, 0x00, 0x00, 0x00, 0x00, 0x00, 0x00,
    0x00, 0x00, 0x00, 0x00, 0x00, 0x00, 0x00, 0x00, 0x00, 0x00, 0x00, 0x00,
    0x10, 0x0c, 0xf8, 0x14, 0x08, 0x08, 0xf8, 0xef, 0x10, 0x08, 0xf8, 0xff,
    0x08, 0x08, 0xf8, 0xff, 0x08, 0x08, 0xf8, 0xff, 0x08, 0x08, 0xf8, 0xff,
    0x10, 0x08, 0xf8, 0xff, 0x08, 0x0c, 0xf8, 0xff, 0x10, 0x08, 0xf8, 0xff,
    0x10, 0x08, 0xf8, 0xff, 0x28, 0x28, 0xf8, 0xff, 0xe0, 0xe0, 0xf8, 0xff,
    0xf8, 0xfc, 0xf8, 0xff, 0xf8, 0xfc, 0xf8, 0xff, 0xf8, 0xfc, 0xf8, 0xff,
    0xf8, 0xfc, 0xf8, 0xff, 0xf8, 0xfc, 0xf8, 0xff, 0xf8, 0xfc, 0xf8, 0xff,
    0xf8, 0xfc, 0xf8, 0xff, 0xf8, 0xfc, 0xf8, 0xff, 0xf8, 0xfc, 0xf8, 0xff,
    0x00, 0x00, 0x00, 0xff, 0x00, 0x00, 0x00, 0xff, 0x00, 0x00, 0x00, 0xff,
    0x00, 0x00, 0x00, 0xff, 0x00, 0x00, 0x00, 0xff, 0x00, 0x00, 0x00, 0xff,
    0x00, 0x00, 0x00, 0xff, 0x00, 0x00, 0x00, 0xff, 0x00, 0x00, 0x00, 0xff,
    0x00, 0x00, 0x00, 0xff, 0x00, 0x00, 0x00, 0xff, 0x00, 0x00, 0x00, 0xff,
    0x00, 0x00, 0x00, 0xff, 0x00, 0x00, 0x00, 0xff, 0x00, 0x00, 0x00, 0xff,
    0x20, 0x20, 0x20, 0xff, 0xf8, 0xfc, 0xf8, 0xff, 0xf8, 0xfc, 0xf8, 0xff,
    0xf8, 0xfc, 0xf8, 0xff, 0xf8, 0xfc, 0xf8, 0xff, 0xf8, 0xfc, 0xf8, 0xff,
    0xf8, 0xfc, 0xf8, 0xff, 0xf8, 0xfc, 0xf8, 0xff, 0xf8, 0xfc, 0xf8, 0xff,
    0xf8, 0xfc, 0xf8, 0xff, 0xf8, 0xfc, 0xf8, 0xff, 0xf8, 0xfc, 0xf8, 0xff,
    0xf8, 0xfc, 0xf8, 0xff, 0xf8, 0xfc, 0xf8, 0xff, 0xf8, 0xfc, 0xf8, 0xff,
    0xf8, 0xfc, 0xf8, 0xff, 0xf8, 0xfc, 0xf8, 0xff, 0xe0, 0xe0, 0xe0, 0xff,
    0x00, 0x00, 0x00, 0xff, 0x00, 0x00, 0x00, 0xff, 0x80, 0x80, 0x80, 0xff,
    0xf8, 0xfc, 0xf8, 0xff, 0xf8, 0xfc, 0xf8, 0xff, 0xf8, 0xfc, 0xf8, 0xff,
    0xf8, 0xfc, 0xf8, 0xff, 0xf8, 0xfc, 0xf8, 0xff, 0xf8, 0xfc, 0xf8, 0xff,
    0xf8, 0xfc, 0xf8, 0xff, 0xb8, 0xb8, 0xf8, 0xff, 0x10, 0x08, 0xf8, 0xff,
    0x08, 0x08, 0xf8, 0xff, 0x10, 0x08, 0xf8, 0xff, 0x08, 0x08, 0xf8, 0xff,
    0x08, 0x08, 0xf8, 0xff, 0x10, 0x08, 0xf8, 0xff, 0x08, 0x0c, 0xf8, 0xff,
    0x08, 0x08, 0xf8, 0xff, 0x10, 0x08, 0xf8, 0xff, 0xb8, 0xb8, 0xf8, 0xff,
    0xf8, 0xfc, 0xf8, 0xff, 0xe0, 0xe0, 0xf8, 0xff, 0x08, 0x08, 0xf8, 0xff,
    0x08, 0x08, 0xf8, 0xff, 0x10, 0x08, 0xf8, 0xff, 0x08, 0x0c, 0xf8, 0xff,
    0x08, 0x08, 0xf8, 0xff, 0x10, 0x08, 0xf8, 0xff, 0x08, 0x08, 0xf8, 0xff,
    0x08, 0x08, 0xf8, 0xff, 0x10, 0x08, 0xf8, 0xff, 0x10, 0x08, 0xf8, 0xef,
    0x10, 0x0c, 0xf8, 0x14, 0x00, 0x00, 0x00, 0x00, 0x00, 0x00, 0x00, 0x00,
    0x00, 0x00, 0x00, 0x00, 0x00, 0x00, 0x00, 0x00, 0x00, 0x00, 0x00, 0x00,
    0x00, 0x00, 0x00, 0x00, 0x00, 0x00, 0x00, 0x00, 0x00, 0x00, 0x00, 0x00,
    0x00, 0x00, 0x00, 0x00, 0x00, 0x00, 0x00, 0x00, 0x00, 0x00, 0x00, 0x00,
    0x00, 0x00, 0x00, 0x00, 0x00, 0x00, 0x00, 0x00, 0x10, 0x08, 0xf8, 0x6d,
    0x08, 0x0c, 0xf8, 0xff, 0x10, 0x08, 0xf8, 0xff, 0x08, 0x0c, 0xf8, 0xff,
    0x10, 0x08, 0xf8, 0xff, 0x08, 0x08, 0xf8, 0xff, 0x08, 0x0c, 0xf8, 0xff,
    0x08, 0x08, 0xf8, 0xff, 0x08, 0x08, 0xf8, 0xff, 0x10, 0x08, 0xf8, 0xff,
    0x28, 0x28, 0xf8, 0xff, 0xf8, 0xfc, 0xf8, 0xff, 0xf8, 0xfc, 0xf8, 0xff,
    0xf8, 0xfc, 0xf8, 0xff, 0xf8, 0xfc, 0xf8, 0xff, 0xf8, 0xfc, 0xf8, 0xff,
    0xf8, 0xfc, 0xf8, 0xff, 0xf8, 0xfc, 0xf8, 0xff, 0xf8, 0xfc, 0xf8, 0xff,
    0xf8, 0xfc, 0xf8, 0xff, 0x00, 0x00, 0x00, 0xff, 0x00, 0x00, 0x00, 0xff,
    0x00, 0x00, 0x00, 0xff, 0x00, 0x00, 0x00, 0xff, 0x00, 0x00, 0x00, 0xff,
    0x00, 0x00, 0x00, 0xff, 0x00, 0x00, 0x00, 0xff, 0x00, 0x00, 0x00, 0xff,
    0x00, 0x00, 0x00, 0xff, 0x00, 0x00, 0x00, 0xff, 0x00, 0x00, 0x00, 0xff,
    0x00, 0x00, 0x00, 0xff, 0x00, 0x00, 0x00, 0xff, 0x00, 0x00, 0x00, 0xff,
    0x00, 0x00, 0x00, 0xff, 0x20, 0x20, 0x20, 0xff, 0xf8, 0xfc, 0xf8, 0xff,
    0xf8, 0xfc, 0xf8, 0xff, 0xf8, 0xfc, 0xf8, 0xff, 0xf8, 0xfc, 0xf8, 0xff,
    0xf8, 0xfc, 0xf8, 0xff, 0xf8, 0xfc, 0xf8, 0xff, 0xf8, 0xfc, 0xf8, 0xff,
    0xf8, 0xfc, 0xf8, 0xff, 0xf8, 0xfc, 0xf8, 0xff, 0xf8, 0xfc, 0xf8, 0xff,
    0xf8, 0xfc, 0xf8, 0xff, 0xf8, 0xfc, 0xf8, 0xff, 0xf8, 0xfc, 0xf8, 0xff,
    0xf8, 0xfc, 0xf8, 0xff, 0xf8, 0xfc, 0xf8, 0xff, 0xf8, 0xfc, 0xf8, 0xff,
    0xe0, 0xe0, 0xe0, 0xff, 0x00, 0x00, 0x00, 0xff, 0x00, 0x00, 0x00, 0xff,
    0x80, 0x80, 0x80, 0xff, 0xf8, 0xfc, 0xf8, 0xff, 0xf8, 0xfc, 0xf8, 0xff,
    0xf8, 0xfc, 0xf8, 0xff, 0xf8, 0xfc, 0xf8, 0xff, 0xf8, 0xfc, 0xf8, 0xff,
    0xf8, 0xfc, 0xf8, 0xff, 0xf8, 0xfc, 0xf8, 0xff, 0xf8, 0xfc, 0xf8, 0xff,
    0xb8, 0xb8, 0xf8, 0xff, 0x08, 0x08, 0xf8, 0xff, 0x10, 0x0c, 0xf8, 0xff,
    0x08, 0x08, 0xf8, 0xff, 0x08, 0x08, 0xf8, 0xff, 0x10, 0x08, 0xf8, 0xff,
    0x08, 0x08, 0xf8, 0xff, 0x08, 0x08, 0xf8, 0xff, 0x08, 0x08, 0xf8, 0xff,
    0x08, 0x08, 0xf8, 0xff, 0xb8, 0xb8, 0xf8, 0xff, 0x48, 0x48, 0xf8, 0xff,
    0x08, 0x08, 0xf8, 0xff, 0x10, 0x08, 0xf8, 0xff, 0x08, 0x0c, 0xf8, 0xff,
    0x08, 0x08, 0xf8, 0xff, 0x08, 0x08, 0xf8, 0xff, 0x10, 0x0c, 0xf8, 0xff,
    0x08, 0x08, 0xf8, 0xff, 0x08, 0x0c, 0xf8, 0xff, 0x08, 0x08, 0xf8, 0xff,
    0x10, 0x0c, 0xf8, 0x6d, 0x00, 0x00, 0x00, 0x00, 0x00, 0x00, 0x00, 0x00,
    0x00, 0x00, 0x00, 0x00, 0x00, 0x00, 0x00, 0x00, 0x00, 0x00, 0x00, 0x00,
    0x00, 0x00, 0x00, 0x00, 0x00, 0x00, 0x00, 0x00, 0x00, 0x00, 0x00, 0x00,
    0x00, 0x00, 0x00, 0x00, 0x00, 0x00, 0x00, 0x00, 0x00, 0x00, 0x00, 0x00,
    0x00, 0x00, 0x00, 0x00, 0x00, 0x00, 0x00, 0x00, 0x00, 0x00, 0x00, 0x00,
    0x00, 0x00, 0x00, 0x00, 0x08, 0x08, 0xf8, 0xba, 0x08, 0x08, 0xf8, 0xff,
    0x10, 0x08, 0xf8, 0xff, 0x08, 0x0c, 0xf8, 0xff, 0x08, 0x08, 0xf8, 0xff,
    0x10, 0x08, 0xf8, 0xff, 0x08, 0x08, 0xf8, 0xff, 0x08, 0x0c, 0xf8, 0xff,
    0x10, 0x08, 0xf8, 0xff, 0x08, 0x08, 0xf8, 0xff, 0x28, 0x28, 0xf8, 0xff,
    0xf8, 0xfc, 0xf8, 0xff, 0xf8, 0xfc, 0xf8, 0xff, 0xf8, 0xfc, 0xf8, 0xff,
    0xf8, 0xfc, 0xf8, 0xff, 0xf8, 0xfc, 0xf8, 0xff, 0xf8, 0xfc, 0xf8, 0xff,
    0xf8, 0xfc, 0xf8, 0xff, 0xf8, 0xfc, 0xf8, 0xff, 0x00, 0x00, 0x00, 0xff,
    0x00, 0x00, 0x00, 0xff, 0x00, 0x00, 0x00, 0xff, 0x00, 0x00, 0x00, 0xff,
    0x00, 0x00, 0x00, 0xff, 0x00, 0x00, 0x00, 0xff, 0x00, 0x00, 0x00, 0xff,
    0x00, 0x00, 0x00, 0xff, 0x00, 0x00, 0x00, 0xff, 0x00, 0x00, 0x00, 0xff,
    0x00, 0x00, 0x00, 0xff, 0x00, 0x00, 0x00, 0xff, 0x00, 0x00, 0x00, 0xff,
    0x00, 0x00, 0x00, 0xff, 0x00, 0x00, 0x00, 0xff, 0x20, 0x20, 0x20, 0xff,
    0xf8, 0xfc, 0xf8, 0xff, 0xf8, 0xfc, 0xf8, 0xff, 0xf8, 0xfc, 0xf8, 0xff,
    0xf8, 0xfc, 0xf8, 0xff, 0xf8, 0xfc, 0xf8, 0xff, 0xf8, 0xfc, 0xf8, 0xff,
    0xf8, 0xfc, 0xf8, 0xff, 0xf8, 0xfc, 0xf8, 0xff, 0xf8, 0xfc, 0xf8, 0xff,
    0xf8, 0xfc, 0xf8, 0xff, 0xf8, 0xfc, 0xf8, 0xff, 0xf8, 0xfc, 0xf8, 0xff,
    0xf8, 0xfc, 0xf8, 0xff, 0xf8, 0xfc, 0xf8, 0xff, 0xf8, 0xfc, 0xf8, 0xff,
    0xf8, 0xfc, 0xf8, 0xff, 0xe0, 0xe0, 0xe0, 0xff, 0x00, 0x00, 0x00, 0xff,
    0x00, 0x00, 0x00, 0xff, 0x60, 0x60, 0x60, 0xff, 0xf8, 0xfc, 0xf8, 0xff,
    0xf8, 0xfc, 0xf8, 0xff, 0xf8, 0xfc, 0xf8, 0xff, 0xf8, 0xfc, 0xf8, 0xff,
    0xf8, 0xfc, 0xf8, 0xff, 0xf8, 0xfc, 0xf8, 0xff, 0xf8, 0xfc, 0xf8, 0xff,
    0xf8, 0xfc, 0xf8, 0xff, 0xf8, 0xfc, 0xf8, 0xff, 0xb8, 0xb8, 0xf8, 0xff,
    0x08, 0x08, 0xf8, 0xff, 0x10, 0x0c, 0xf8, 0xff, 0x08, 0x08, 0xf8, 0xff,
    0x08, 0x0c, 0xf8, 0xff, 0x10, 0x08, 0xf8, 0xff, 0x10, 0x0c, 0xf8, 0xff,
    0x08, 0x08, 0xf8, 0xff, 0x08, 0x08, 0xf8, 0xff, 0x10, 0x08, 0xf8, 0xff,
    0x08, 0x08, 0xf8, 0xff, 0x08, 0x08, 0xf8, 0xff, 0x10, 0x08, 0xf8, 0xff,
    0x08, 0x08, 0xf8, 0xff, 0x10, 0x08, 0xf8, 0xff, 0x10, 0x08, 0xf8, 0xff,
    0x08, 0x08, 0xf8, 0xff, 0x10, 0x0c, 0xf8, 0xff, 0x08, 0x08, 0xf8, 0xff,
    0x08, 0x08, 0xf8, 0xba, 0x00, 0x00, 0x00, 0x00, 0x00, 0x00, 0x00, 0x00,
    0x00, 0x00, 0x00, 0x00, 0x00, 0x00, 0x00, 0x00, 0x00, 0x00, 0x00, 0x00,
    0x00, 0x00, 0x00, 0x00, 0x00, 0x00, 0x00, 0x00, 0x00, 0x00, 0x00, 0x00,
    0x00, 0x00, 0x00, 0x00, 0x00, 0x00, 0x00, 0x00, 0x00, 0x00, 0x00, 0x00,
    0x00, 0x00, 0x00, 0x00, 0x00, 0x00, 0x00, 0x00, 0x00, 0x00, 0x00, 0x00,
    0x00, 0x00, 0x00, 0x00, 0x00, 0x00, 0x00, 0x00, 0x10, 0x08, 0xf8, 0x28,
    0x08, 0x08, 0xf8, 0xfb, 0x08, 0x08, 0xf8, 0xff, 0x10, 0x08, 0xf8, 0xff,
    0x08, 0x08, 0xf8, 0xff, 0x10, 0x08, 0xf8, 0xff, 0x10, 0x0c, 0xf8, 0xff,
    0x08, 0x08, 0xf8, 0xff, 0x08, 0x08, 0xf8, 0xff, 0x10, 0x08, 0xf8, 0xff,
    0x10, 0x08, 0xf8, 0xff, 0x68, 0x68, 0xf8, 0xff, 0xf8, 0xfc, 0xf8, 0xff,
    0xf8, 0xfc, 0xf8, 0xff, 0xf8, 0xfc, 0xf8, 0xff, 0xf8, 0xfc, 0xf8, 0xff,
    0xf8, 0xfc, 0xf8, 0xff, 0xf8, 0xfc, 0xf8, 0xff, 0xf8, 0xfc, 0xf8, 0xff,
    0x00, 0x00, 0x00, 0xff, 0x00, 0x00, 0x00, 0xff, 0x00, 0x00, 0x00, 0xff,
    0x00, 0x00, 0x00, 0xff, 0x00, 0x00, 0x00, 0xff, 0x00, 0x00, 0x00, 0xff,
    0x00, 0x00, 0x00, 0xff, 0x00, 0x00, 0x00, 0xff, 0x00, 0x00, 0x00, 0xff,
    0x00, 0x00, 0x00, 0xff, 0x00, 0x00, 0x00, 0xff, 0x00, 0x00, 0x00, 0xff,
    0x00, 0x00, 0x00, 0xff, 0x00, 0x00, 0x00, 0xff, 0x00, 0x00, 0x00, 0xff,
    0x20, 0x20, 0x20, 0xff, 0xf8, 0xfc, 0xf8, 0xff, 0xf8, 0xfc, 0xf8, 0xff,
    0xf8, 0xfc, 0xf8, 0xff, 0xf8, 0xfc, 0xf8, 0xff, 0xf8, 0xfc, 0xf8, 0xff,
    0xf8, 0xfc, 0xf8, 0xff, 0xf8, 0xfc, 0xf8, 0xff, 0xf8, 0xfc, 0xf8, 0xff,
    0xf8, 0xfc, 0xf8, 0xff, 0xf8, 0xfc, 0xf8, 0xff, 0xf8, 0xfc, 0xf8, 0xff,
    0xf8, 0xfc, 0xf8, 0xff, 0xf8, 0xfc, 0xf8, 0xff, 0xf8, 0xfc, 0xf8, 0xff,
    0xf8, 0xfc, 0xf8, 0xff, 0xf8, 0xfc, 0xf8, 0xff, 0x80, 0x80, 0x80, 0xff,
    0x00, 0x00, 0x00, 0xff, 0x00, 0x00, 0x00, 0xff, 0x20, 0x20, 0x20, 0xff,
    0xe0, 0xe0, 0xe0, 0xff, 0xf8, 0xfc, 0xf8, 0xff, 0xf8, 0xfc, 0xf8, 0xff,
    0xf8, 0xfc, 0xf8, 0xff, 0xf8, 0xfc, 0xf8, 0xff, 0xf8, 0xfc, 0xf8, 0xff,
    0xf8, 0xfc, 0xf8, 0xff, 0xf8, 0xfc, 0xf8, 0xff, 0xf8, 0xfc, 0xf8, 0xff,
    0xf8, 0xfc, 0xf8, 0xff, 0xb8, 0xb8, 0xf8, 0xff, 0x08, 0x08, 0xf8, 0xff,
    0x10, 0x08, 0xf8, 0xff, 0x08, 0x08, 0xf8, 0xff, 0x08, 0x0c, 0xf8, 0xff,
    0x10, 0x08, 0xf8, 0xff, 0x08, 0x08, 0xf8, 0xff, 0x10, 0x08, 0xf8, 0xff,
    0x08, 0x08, 0xf8, 0xff, 0x08, 0x0c, 0xf8, 0xff, 0x10, 0x08, 0xf8, 0xff,
    0x08, 0x08, 0xf8, 0xff, 0x08, 0x0c, 0xf8, 0xff, 0x08, 0x08, 0xf8, 0xff,
    0x08, 0x08, 0xf8, 0xff, 0x08, 0x08, 0xf8, 0xff, 0x10, 0x08, 0xf8, 0xff,
    0x10, 0x08, 0xf8, 0xfb, 0x10, 0x08, 0xf8, 0x28, 0x00, 0x00, 0x00, 0x00,
    0x00, 0x00, 0x00, 0x00, 0x00, 0x00, 0x00, 0x00, 0x00, 0x00, 0x00, 0x00,
    0x00, 0x00, 0x00, 0x00, 0x00, 0x00, 0x00, 0x00, 0x00, 0x00, 0x00, 0x00,
    0x00, 0x00, 0x00, 0x00, 0x00, 0x00, 0x00, 0x00, 0x00, 0x00, 0x00, 0x00,
    0x00, 0x00, 0x00, 0x00, 0x00, 0x00, 0x00, 0x00, 0x00, 0x00, 0x00, 0x00,
    0x00, 0x00, 0x00, 0x00, 0x00, 0x00, 0x00, 0x00, 0x00, 0x00, 0x00, 0x00,
    0x00, 0x00, 0x00, 0x00, 0x08, 0x0c, 0xf8, 0x69, 0x10, 0x08, 0xf8, 0xff,
    0x08, 0x0c, 0xf8, 0xff, 0x08, 0x08, 0xf8, 0xff, 0x08, 0x08, 0xf8, 0xff,
    0x10, 0x08, 0xf8, 0xff, 0x08, 0x08, 0xf8, 0xff, 0x08, 0x0c, 0xf8, 0xff,
    0x10, 0x08, 0xf8, 0xff, 0x08, 0x08, 0xf8, 0xff, 0x08, 0x08, 0xf8, 0xff,
    0x88, 0x84, 0xf8, 0xff, 0xf8, 0xfc, 0xf8, 0xff, 0xf8, 0xfc, 0xf8, 0xff,
    0xf8, 0xfc, 0xf8, 0xff, 0xf8, 0xfc, 0xf8, 0xff, 0xf8, 0xfc, 0xf8, 0xff,
    0xf8, 0xfc, 0xf8, 0xff, 0x00, 0x00, 0x00, 0xff, 0x00, 0x00, 0x00, 0xff,
    0x00, 0x00, 0x00, 0xff, 0x00, 0x00, 0x00, 0xff, 0x00, 0x00, 0x00, 0xff,
    0x00, 0x00, 0x00, 0xff, 0x00, 0x00, 0x00, 0xff, 0x00, 0x00, 0x00, 0xff,
    0x00, 0x00, 0x00, 0xff, 0x00, 0x00, 0x00, 0xff, 0x00, 0x00, 0x00, 0xff,
    0x00, 0x00, 0x00, 0xff, 0x00, 0x00, 0x00, 0xff, 0x00, 0x00, 0x00, 0xff,
    0x00, 0x00, 0x00, 0xff, 0x20, 0x20, 0x20, 0xff, 0xf8, 0xfc, 0xf8, 0xff,
    0xf8, 0xfc, 0xf8, 0xff, 0xf8, 0xfc, 0xf8, 0xff, 0xf8, 0xfc, 0xf8, 0xff,
    0xf8, 0xfc, 0xf8, 0xff, 0xf8, 0xfc, 0xf8, 0xff, 0xf8, 0xfc, 0xf8, 0xff,
    0xf8, 0xfc, 0xf8, 0xff, 0xe0, 0xe0, 0xe0, 0xff, 0xe0, 0xe0, 0xe0, 0xff,
    0xe0, 0xe0, 0xe0, 0xff, 0xe0, 0xe0, 0xe0, 0xff, 0xe0, 0xe0, 0xe0, 0xff,
    0xe0, 0xe0, 0xe0, 0xff, 0xe0, 0xe0, 0xe0, 0xff, 0xa0, 0xa0, 0xa0, 0xff,
    0x00, 0x00, 0x00, 0xff, 0x00, 0x00, 0x00, 0xff, 0x00, 0x00, 0x00, 0xff,
    0x00, 0x00, 0x00, 0xff, 0x40, 0x40, 0x40, 0xff, 0xa0, 0xa0, 0xa0, 0xff,
    0xa0, 0xa0, 0xa0, 0xff, 0xa0, 0xa0, 0xa0, 0xff, 0xa0, 0xa0, 0xa0, 0xff,
    0xa0, 0xa0, 0xa0, 0xff, 0xa0, 0xa0, 0xa0, 0xff, 0xa0, 0xa0, 0xa0, 0xff,
    0xa0, 0xa0, 0xa0, 0xff, 0xa0, 0xa0, 0xa0, 0xff, 0xc0, 0xc0, 0xc0, 0xff,
    0xb8, 0xb8, 0xf8, 0xff, 0x08, 0x08, 0xf8, 0xff, 0x10, 0x08, 0xf8, 0xff,
    0x08, 0x08, 0xf8, 0xff, 0x08, 0x08, 0xf8, 0xff, 0x10, 0x0c, 0xf8, 0xff,
    0x08, 0x08, 0xf8, 0xff, 0x08, 0x08, 0xf8, 0xff, 0x10, 0x0c, 0xf8, 0xff,
    0x08, 0x08, 0xf8, 0xff, 0x10, 0x08, 0xf8, 0xff, 0x10, 0x0c, 0xf8, 0xff,
    0x08, 0x08, 0xf8, 0xff, 0x10, 0x0c, 0xf8, 0xff, 0x08, 0x0c, 0xf8, 0xff,
    0x08, 0x08, 0xf8, 0xff, 0x08, 0x0c, 0xf8, 0x69, 0x00, 0x00, 0x00, 0x00,
    0x00, 0x00, 0x00, 0x00, 0x00, 0x00, 0x00, 0x00, 0x00, 0x00, 0x00, 0x00,
    0x00, 0x00, 0x00, 0x00, 0x00, 0x00, 0x00, 0x00, 0x00, 0x00, 0x00, 0x00,
    0x00, 0x00, 0x00, 0x00, 0x00, 0x00, 0x00, 0x00, 0x00, 0x00, 0x00, 0x00,
    0x00, 0x00, 0x00, 0x00, 0x00, 0x00, 0x00, 0x00, 0x00, 0x00, 0x00, 0x00,
    0x00, 0x00, 0x00, 0x00, 0x00, 0x00, 0x00, 0x00, 0x00, 0x00, 0x00, 0x00,
    0x00, 0x00, 0x00, 0x00, 0x00, 0x00, 0x00, 0x00, 0x00, 0x00, 0x00, 0x00,
    0x10, 0x08, 0xf8, 0x9a, 0x08, 0x08, 0xf8, 0xff, 0x08, 0x0c, 0xf8, 0xff,
    0x10, 0x08, 0xf8, 0xff, 0x08, 0x08, 0xf8, 0xff, 0x08, 0x0c, 0xf8, 0xff,
    0x10, 0x08, 0xf8, 0xff, 0x08, 0x0c, 0xf8, 0xff, 0x08, 0x08, 0xf8, 0xff,
    0x08, 0x08, 0xf8, 0xff, 0x10, 0x08, 0xf8, 0xff, 0x68, 0x68, 0xf8, 0xff,
    0xf8, 0xfc, 0xf8, 0xff, 0xf8, 0xfc, 0xf8, 0xff, 0xf8, 0xfc, 0xf8, 0xff,
    0xf8, 0xfc, 0xf8, 0xff, 0xf8, 0xfc, 0xf8, 0xff, 0x20, 0x20, 0x20, 0xff,
    0x00, 0x00, 0x00, 0xff, 0x00, 0x00, 0x00, 0xff, 0x00, 0x00, 0x00, 0xff,
    0x00, 0x00, 0x00, 0xff, 0x00, 0x00, 0x00, 0xff, 0x00, 0x00, 0x00, 0xff,
    0x00, 0x00, 0x00, 0xff, 0x00, 0x00, 0x00, 0xff, 0x00, 0x00, 0x00, 0xff,
    0x00, 0x00, 0x00, 0xff, 0x00, 0x00, 0x00, 0xff, 0x00, 0x00, 0x00, 0xff,
    0x00, 0x00, 0x00, 0xff, 0x00, 0x00, 0x00, 0xff, 0x20, 0x20, 0x20, 0xff,
    0xf8, 0xfc, 0xf8, 0xff, 0xf8, 0xfc, 0xf8, 0xff, 0xf8, 0xfc, 0xf8, 0xff,
    0xf8, 0xfc, 0xf8, 0xff, 0xf8, 0xfc, 0xf8, 0xff, 0xf8, 0xfc, 0xf8, 0xff,
    0xc0, 0xc0, 0xc0, 0xff, 0x40, 0x40, 0x40, 0xff, 0x00, 0x00, 0x00, 0xff,
    0x00, 0x00, 0x00, 0xff, 0x00, 0x00, 0x00, 0xff, 0x00, 0x00, 0x00, 0xff,
    0x00, 0x00, 0x00, 0xff, 0x00, 0x00, 0x00, 0xff, 0x00, 0x00, 0x00, 0xff,
    0x00, 0x00, 0x00, 0xff, 0x00, 0x00, 0x00, 0xff, 0x00, 0x00, 0x00, 0xff,
    0x00, 0x00, 0x00, 0xff, 0x00, 0x00, 0x00, 0xff, 0x00, 0x00, 0x00, 0xff,
    0x00, 0x00, 0x00, 0xff, 0x00, 0x00, 0x00, 0xff, 0x00, 0x00, 0x00, 0xff,
    0x00, 0x00, 0x00, 0xff, 0x00, 0x00, 0x00, 0xff, 0x00, 0x00, 0x00, 0xff,
    0x00, 0x00, 0x00, 0xff, 0x00, 0x00, 0x00, 0xff, 0x00, 0x00, 0x00, 0xff,
    0x00, 0x00, 0x00, 0xff, 0x80, 0x80, 0x80, 0xff, 0xa0, 0xa0, 0xe8, 0xff,
    0x08, 0x08, 0xf8, 0xff, 0x10, 0x08, 0xf8, 0xff, 0x08, 0x0c, 0xf8, 0xff,
    0x08, 0x08, 0xf8, 0xff, 0x10, 0x08, 0xf8, 0xff, 0x08, 0x08, 0xf8, 0xff,
    0x08, 0x08, 0xf8, 0xff, 0x08, 0x08, 0xf8, 0xff, 0x08, 0x08, 0xf8, 0xff,
    0x10, 0x08, 0xf8, 0xff, 0x08, 0x08, 0xf8, 0xff, 0x10, 0x08, 0xf8, 0xff,
    0x08, 0x08, 0xf8, 0xff, 0x10, 0x08, 0xf8, 0x9a, 0x00, 0x00, 0x00, 0x00,
    0x00, 0x00, 0x00, 0x00, 0x00, 0x00, 0x00, 0x00, 0x00, 0x00, 0x00, 0x00,
    0x00, 0x00, 0x00, 0x00, 0x00, 0x00, 0x00, 0x00, 0x00, 0x00, 0x00, 0x00,
    0x00, 0x00, 0x00, 0x00, 0x00, 0x00, 0x00, 0x00, 0x00, 0x00, 0x00, 0x00,
    0x00, 0x00, 0x00, 0x00, 0x00, 0x00, 0x00, 0x00, 0x00, 0x00, 0x00, 0x00,
    0x00, 0x00, 0x00, 0x00, 0x00, 0x00, 0x00, 0x00, 0x00, 0x00, 0x00, 0x00,
    0x00, 0x00, 0x00, 0x00, 0x00, 0x00, 0x00, 0x00, 0x00, 0x00, 0x00, 0x00,
    0x00, 0x00, 0x00, 0x00, 0x00, 0x00, 0x00, 0x00, 0x08, 0x08, 0xf8, 0xc3,
    0x10, 0x08, 0xf8, 0xff, 0x10, 0x0c, 0xf8, 0xff, 0x08, 0x08, 0xf8, 0xff,
    0x08, 0x08, 0xf8, 0xff, 0x10, 0x08, 0xf8, 0xff, 0x08, 0x08, 0xf8, 0xff,
    0x10, 0x0c, 0xf8, 0xff, 0x08, 0x08, 0xf8, 0xff, 0x08, 0x08, 0xf8, 0xff,
    0x08, 0x08, 0xf8, 0xff, 0x28, 0x28, 0xf8, 0xff, 0xf8, 0xfc, 0xf8, 0xff,
    0xf8, 0xfc, 0xf8, 0xff, 0xf8, 0xfc, 0xf8, 0xff, 0xf8, 0xfc, 0xf8, 0xff,
    0x80, 0x80, 0x80, 0xff, 0x00, 0x00, 0x00, 0xff, 0x00, 0x00, 0x00, 0xff,
    0x00, 0x00, 0x00, 0xff, 0x00, 0x00, 0x00, 0xff, 0x00, 0x00, 0x00, 0xff,
    0x00, 0x00, 0x00, 0xff, 0x00, 0x00, 0x00, 0xff, 0x00, 0x00, 0x00, 0xff,
    0x00, 0x00, 0x00, 0xff, 0x00, 0x00, 0x00, 0xff, 0x00, 0x00, 0x00, 0xff,
    0x00, 0x00, 0x00, 0xff, 0x00, 0x00, 0x00, 0xff, 0x00, 0x00, 0x00, 0xff,
    0xc0, 0xc0, 0xc0, 0xff, 0xf8, 0xfc, 0xf8, 0xff, 0xf8, 0xfc, 0xf8, 0xff,
    0xf8, 0xfc, 0xf8, 0xff, 0xf8, 0xfc, 0xf8, 0xff, 0xf8, 0xfc, 0xf8, 0xff,
    0xa0, 0xa0, 0xa0, 0xff, 0x60, 0x60, 0x60, 0xff, 0x60, 0x60, 0x60, 0xff,
    0x60, 0x60, 0x60, 0xff, 0x60, 0x60, 0x60, 0xff, 0x60, 0x60, 0x60, 0xff,
    0x60, 0x60, 0x60, 0xff, 0x60, 0x60, 0x60, 0xff, 0x60, 0x60, 0x60, 0xff,
    0x60, 0x60, 0x60, 0xff, 0x60, 0x60, 0x60, 0xff, 0x60, 0x60, 0x60, 0xff,
    0x60, 0x60, 0x60, 0xff, 0x60, 0x60, 0x60, 0xff, 0x60, 0x60, 0x60, 0xff,
    0x60, 0x60, 0x60, 0xff, 0x60, 0x60, 0x60, 0xff, 0x60, 0x60, 0x60, 0xff,
    0x60, 0x60, 0x60, 0xff, 0x60, 0x60, 0x60, 0xff, 0x60, 0x60, 0x60, 0xff,
    0x60, 0x60, 0x60, 0xff, 0x60, 0x60, 0x60, 0xff, 0x60, 0x60, 0x60, 0xff,
    0x60, 0x60, 0x60, 0xff, 0x60, 0x60, 0x60, 0xff, 0x60, 0x60, 0x60, 0xff,
    0xa0, 0xa0, 0xa0, 0xff, 0xb8, 0xb8, 0xf8, 0xff, 0x08, 0x08, 0xf8, 0xff,
    0x10, 0x08, 0xf8, 0xff, 0x08, 0x0c, 0xf8, 0xff, 0x10, 0x08, 0xf8, 0xff,
    0x10, 0x0c, 0xf8, 0xff, 0x08, 0x08, 0xf8, 0xff, 0x10, 0x0c, 0xf8, 0xff,
    0x08, 0x0c, 0xf8, 0xff, 0x08, 0x08, 0xf8, 0xff, 0x08, 0x08, 0xf8, 0xff,
    0x08, 0x08, 0xf8, 0xff, 0x10, 0x08, 0xf8, 0xc3, 0x00, 0x00, 0x00, 0x00,
    0x00, 0x00, 0x00, 0x00, 0x00, 0x00, 0x00, 0x00, 0x00, 0x00, 0x00, 0x00,
    0x00, 0x00, 0x00, 0x00, 0x00, 0x00, 0x00, 0x00, 0x00, 0x00, 0x00, 0x00,
    0x00, 0x00, 0x00, 0x00, 0x00, 0x00, 0x00, 0x00, 0x00, 0x00, 0x00, 0x00,
    0x00, 0x00, 0x00, 0x00, 0x00, 0x00, 0x00, 0x00, 0x00, 0x00, 0x00, 0x00,
    0x00, 0x00, 0x00, 0x00, 0x00, 0x00, 0x00, 0x00, 0x00, 0x00, 0x00, 0x00,
    0x00, 0x00, 0x00, 0x00, 0x00, 0x00, 0x00, 0x00, 0x00, 0x00, 0x00, 0x00,
    0x00, 0x00, 0x00, 0x00, 0x00, 0x00, 0x00, 0x00, 0x00, 0x00, 0x00, 0x00,
    0x08, 0x08, 0xf8, 0x20, 0x08, 0x08, 0xf8, 0xdf, 0x08, 0x08, 0xf8, 0xff,
    0x10, 0x08, 0xf8, 0xff, 0x08, 0x0c, 0xf8, 0xff, 0x08, 0x08, 0xf8, 0xff,
    0x10, 0x08, 0xf8, 0xff, 0x08, 0x08, 0xf8, 0xff, 0x10, 0x0c, 0xf8, 0xff,
    0x08, 0x08, 0xf8, 0xff, 0x10, 0x08, 0xf8, 0xff, 0x08, 0x08, 0xf8, 0xff,
    0x28, 0x28, 0xf8, 0xff, 0xe0, 0xe0, 0xf8, 0xff, 0xf8, 0xfc, 0xf8, 0xff,
    0xf8, 0xfc, 0xf8, 0xff, 0xf8, 0xfc, 0xf8, 0xff, 0xa0, 0xa0, 0xa0, 0xff,
    0x20, 0x20, 0x20, 0xff, 0x00, 0x00, 0x00, 0xff, 0x00, 0x00, 0x00, 0xff,
    0x00, 0x00, 0x00, 0xff, 0x00, 0x00, 0x00, 0xff, 0x00, 0x00, 0x00, 0xff,
    0x00, 0x00, 0x00, 0xff, 0x00, 0x00, 0x00, 0xff, 0x00, 0x00, 0x00, 0xff,
    0x00, 0x00, 0x00, 0xff, 0x00, 0x00, 0x00, 0xff, 0x60, 0x60, 0x60, 0xff,
    0xe0, 0xe0, 0xe0, 0xff, 0xf8, 0xfc, 0xf8, 0xff, 0xf8, 0xfc, 0xf8, 0xff,
    0xf8, 0xfc, 0xf8, 0xff, 0xf8, 0xfc, 0xf8, 0xff, 0xf8, 0xfc, 0xf8, 0xff,
    0xf8, 0xfc, 0xf8, 0xff, 0xf8, 0xfc, 0xf8, 0xff, 0xf8, 0xfc, 0xf8, 0xff,
    0xf8, 0xfc, 0xf8, 0xff, 0xf8, 0xfc, 0xf8, 0xff, 0xf8, 0xfc, 0xf8, 0xff,
    0xf8, 0xfc, 0xf8, 0xff, 0xf8, 0xfc, 0xf8, 0xff, 0xf8, 0xfc, 0xf8, 0xff,
    0xf8, 0xfc, 0xf8, 0xff, 0xf8, 0xfc, 0xf8, 0xff, 0xf8, 0xfc, 0xf8, 0xff,
    0xf8, 0xfc, 0xf8, 0xff, 0xf8, 0xfc, 0xf8, 0xff, 0xf8, 0xfc, 0xf8, 0xff,
    0xf8, 0xfc, 0xf8, 0xff, 0xf8, 0xfc, 0xf8, 0xff, 0xf8, 0xfc, 0xf8, 0xff,
    0xf8, 0xfc, 0xf8, 0xff, 0xf8, 0xfc, 0xf8, 0xff, 0xf8, 0xfc, 0xf8, 0xff,
    0xf8, 0xfc, 0xf8, 0xff, 0xf8, 0xfc, 0xf8, 0xff, 0xf8, 0xfc, 0xf8, 0xff,
    0xf8, 0xfc, 0xf8, 0xff, 0xf8, 0xfc, 0xf8, 0xff, 0xf8, 0xfc, 0xf8, 0xff,
    0xf8, 0xfc, 0xf8, 0xff, 0xe0, 0xe0, 0xf8, 0xff, 0x48, 0x48, 0xf8, 0xff,
    0x08, 0x08, 0xf8, 0xff, 0x08, 0x08, 0xf8, 0xff, 0x08, 0x08, 0xf8, 0xff,
    0x08, 0x08, 0xf8, 0xff, 0x08, 0x08, 0xf8, 0xff, 0x10, 0x08, 0xf8, 0xff,
    0x08, 0x08, 0xf8, 0xff, 0x10, 0x08, 0xf8, 0xff, 0x10, 0x0c, 0xf8, 0xff,
    0x08, 0x08, 0xf8, 0xff, 0x08, 0x0c, 0xf8, 0xdf, 0x08, 0x08, 0xf8, 0x20,
    0x00, 0x00, 0x00, 0x00, 0x00, 0x00, 0x00, 0x00, 0x00, 0x00, 0x00, 0x00,
    0x00, 0x00, 0x00, 0x00, 0x00, 0x00, 0x00, 0x00, 0x00, 0x00, 0x00, 0x00,
    0x00, 0x00, 0x00, 0x00, 0x00, 0x00, 0x00, 0x00, 0x00, 0x00, 0x00, 0x00,
    0x00, 0x00, 0x00, 0x00, 0x00, 0x00, 0x00, 0x00, 0x00, 0x00, 0x00, 0x00,
    0x00, 0x00, 0x00, 0x00, 0x00, 0x00, 0x00, 0x00, 0x00, 0x00, 0x00, 0x00,
    0x00, 0x00, 0x00, 0x00, 0x00, 0x00, 0x00, 0x00, 0x00, 0x00, 0x00, 0x00,
    0x00, 0x00, 0x00, 0x00, 0x00, 0x00, 0x00, 0x00, 0x00, 0x00, 0x00, 0x00,
    0x00, 0x00, 0x00, 0x00, 0x00, 0x00, 0x00, 0x00, 0x08, 0x08, 0xf8, 0x38,
    0x08, 0x08, 0xf8, 0xff, 0x10, 0x0c, 0xf8, 0xff, 0x08, 0x08, 0xf8, 0xff,
    0x08, 0x08, 0xf8, 0xff, 0x10, 0x0c, 0xf8, 0xff, 0x08, 0x08, 0xf8, 0xff,
    0x08, 0x08, 0xf8, 0xff, 0x10, 0x0c, 0xf8, 0xff, 0x10, 0x08, 0xf8, 0xff,
    0x08, 0x08, 0xf8, 0xff, 0x10, 0x0c, 0xf8, 0xff, 0x28, 0x28, 0xf8, 0xff,
    0x88, 0x84, 0xf8, 0xff, 0xf8, 0xfc, 0xf8, 0xff, 0xf8, 0xfc, 0xf8, 0xff,
    0xf8, 0xfc, 0xf8, 0xff, 0xf8, 0xfc, 0xf8, 0xff, 0xc0, 0xc0, 0xc0, 0xff,
    0x80, 0x80, 0x80, 0xff, 0x80, 0x80, 0x80, 0xff, 0x60, 0x60, 0x60, 0xff,
    0x60, 0x60, 0x60, 0xff, 0x60, 0x60, 0x60, 0xff, 0x80, 0x80, 0x80, 0xff,
    0xa0, 0xa0, 0xa0, 0xff, 0xa0, 0xa0, 0xa0, 0xff, 0xf8, 0xfc, 0xf8, 0xff,
    0xf8, 0xfc, 0xf8, 0xff, 0xf8, 0xfc, 0xf8, 0xff, 0xf8, 0xfc, 0xf8, 0xff,
    0xf8, 0xfc, 0xf8, 0xff, 0xf8, 0xfc, 0xf8, 0xff, 0xf8, 0xfc, 0xf8, 0xff,
    0xf8, 0xfc, 0xf8, 0xff, 0xf8, 0xfc, 0xf8, 0xff, 0xf8, 0xfc, 0xf8, 0xff,
    0xf8, 0xfc, 0xf8, 0xff, 0xf8, 0xfc, 0xf8, 0xff, 0xf8, 0xfc, 0xf8, 0xff,
    0xf8, 0xfc, 0xf8, 0xff, 0xf8, 0xfc, 0xf8, 0xff, 0xf8, 0xfc, 0xf8, 0xff,
    0xf8, 0xfc, 0xf8, 0xff, 0xf8, 0xfc, 0xf8, 0xff, 0xf8, 0xfc, 0xf8, 0xff,
    0xf8, 0xfc, 0xf8, 0xff, 0xf8, 0xfc, 0xf8, 0xff, 0xf8, 0xfc, 0xf8, 0xff,
    0xf8, 0xfc, 0xf8, 0xff, 0xf8, 0xfc, 0xf8, 0xff, 0xf8, 0xfc, 0xf8, 0xff,
    0xf8, 0xfc, 0xf8, 0xff, 0xf8, 0xfc, 0xf8, 0xff, 0xf8, 0xfc, 0xf8, 0xff,
    0xf8, 0xfc, 0xf8, 0xff, 0xf8, 0xfc, 0xf8, 0xff, 0xf8, 0xfc, 0xf8, 0xff,
    0xf8, 0xfc, 0xf8, 0xff, 0xf8, 0xfc, 0xf8, 0xff, 0xf8, 0xfc, 0xf8, 0xff,
    0xf8, 0xfc, 0xf8, 0xff, 0xa0, 0xa0, 0xf8, 0xff, 0x08, 0x08, 0xf8, 0xff,
    0x10, 0x08, 0xf8, 0xff, 0x10, 0x08, 0xf8, 0xff, 0x08, 0x0c, 0xf8, 0xff,
    0x10, 0x08, 0xf8, 0xff, 0x08, 0x08, 0xf8, 0xff, 0x08, 0x0c, 0xf8, 0xff,
    0x10, 0x08, 0xf8, 0xff, 0x08, 0x08, 0xf8, 0xff, 0x08, 0x08, 0xf8, 0xff,
    0x10, 0x08, 0xf8, 0xff, 0x08, 0x08, 0xf8, 0xff, 0x08, 0x08, 0xf8, 0x38,
    0x00, 0x00, 0x00, 0x00, 0x00, 0x00, 0x00, 0x00, 0x00, 0x00, 0x00, 0x00,
    0x00, 0x00, 0x00, 0x00, 0x00, 0x00, 0x00, 0x00, 0x00, 0x00, 0x00, 0x00,
    0x00, 0x00, 0x00, 0x00, 0x00, 0x00, 0x00, 0x00, 0x00, 0x00, 0x00, 0x00,
    0x00, 0x00, 0x00, 0x00, 0x00, 0x00, 0x00, 0x00, 0x00, 0x00, 0x00, 0x00,
    0x00, 0x00, 0x00, 0x00, 0x00, 0x00, 0x00, 0x00, 0x00, 0x00, 0x00, 0x00,
    0x00, 0x00, 0x00, 0x00, 0x00, 0x00, 0x00, 0x00, 0x00, 0x00, 0x00, 0x00,
    0x00, 0x00, 0x00, 0x00, 0x00, 0x00, 0x00, 0x00, 0x00, 0x00, 0x00, 0x00,
    0x00, 0x00, 0x00, 0x00, 0x00, 0x00, 0x00, 0x00, 0x00, 0x00, 0x00, 0x00,
    0x00, 0x00, 0x00, 0x00, 0x10, 0x08, 0xf8, 0x45, 0x08, 0x08, 0xf8, 0xff,
    0x10, 0x08, 0xf8, 0xff, 0x08, 0x08, 0xf8, 0xff, 0x08, 0x08, 0xf8, 0xff,
    0x10, 0x08, 0xf8, 0xff, 0x08, 0x08, 0xf8, 0xff, 0x08, 0x0c, 0xf8, 0xff,
    0x08, 0x08, 0xf8, 0xff, 0x10, 0x08, 0xf8, 0xff, 0x08, 0x08, 0xf8, 0xff,
    0x08, 0x08, 0xf8, 0xff, 0x10, 0x08, 0xf8, 0xff, 0x88, 0x84, 0xf8, 0xff,
    0xf8, 0xfc, 0xf8, 0xff, 0xf8, 0xfc, 0xf8, 0xff, 0xf8, 0xfc, 0xf8, 0xff,
    0xf8, 0xfc, 0xf8, 0xff, 0xf8, 0xfc, 0xf8, 0xff, 0xf8, 0xfc, 0xf8, 0xff,
    0xf8, 0xfc, 0xf8, 0xff, 0xf8, 0xfc, 0xf8, 0xff, 0xf8, 0xfc, 0xf8, 0xff,
    0xf8, 0xfc, 0xf8, 0xff, 0xf8, 0xfc, 0xf8, 0xff, 0xf8, 0xfc, 0xf8, 0xff,
    0xf8, 0xfc, 0xf8, 0xff, 0xf8, 0xfc, 0xf8, 0xff, 0xf8, 0xfc, 0xf8, 0xff,
    0xf8, 0xfc, 0xf8, 0xff, 0xf8, 0xfc, 0xf8, 0xff, 0xf8, 0xfc, 0xf8, 0xff,
    0xf8, 0xfc, 0xf8, 0xff, 0xf8, 0xfc, 0xf8, 0xff, 0xf8, 0xfc, 0xf8, 0xff,
    0xf8, 0xfc, 0xf8, 0xff, 0xf8, 0xfc, 0xf8, 0xff, 0xf8, 0xfc, 0xf8, 0xff,
    0xf8, 0xfc, 0xf8, 0xff, 0xf8, 0xfc, 0xf8, 0xff, 0xf8, 0xfc, 0xf8, 0xff,
    0xf8, 0xfc, 0xf8, 0xff, 0xf8, 0xfc, 0xf8, 0xff, 0xf8, 0xfc, 0xf8, 0xff,
    0xf8, 0xfc, 0xf8, 0xff, 0xf8, 0xfc, 0xf8, 0xff, 0xf8, 0xfc, 0xf8, 0xff,
    0xf8, 0xfc, 0xf8, 0xff, 0xf8, 0xfc, 0xf8, 0xff, 0xf8, 0xfc, 0xf8, 0xff,
    0xf8, 0xfc, 0xf8, 0xff, 0xf8, 0xfc, 0xf8, 0xff, 0xf8, 0xfc, 0xf8, 0xff,
    0xf8, 0xfc, 0xf8, 0xff, 0xf8, 0xfc, 0xf8, 0xff, 0xf8, 0xfc, 0xf8, 0xff,
    0xf8, 0xfc, 0xf8, 0xff, 0xf8, 0xfc, 0xf8, 0xff, 0xf8, 0xfc, 0xf8, 0xff,
    0xf8, 0xfc, 0xf8, 0xff, 0x68, 0x64, 0xf8, 0xff, 0x08, 0x08, 0xf8, 0xff,
    0x08, 0x08, 0xf8, 0xff, 0x08, 0x08, 0xf8, 0xff, 0x08, 0x0c, 0xf8, 0xff,
    0x10, 0x08, 0xf8, 0xff, 0x10, 0x08, 0xf8, 0xff, 0x08, 0x0c, 0xf8, 0xff,
    0x10, 0x08, 0xf8, 0xff, 0x08, 0x0c, 0xf8, 0xff, 0x08, 0x08, 0xf8, 0xff,
    0x08, 0x0c, 0xf8, 0xff, 0x10, 0x08, 0xf8, 0xff, 0x08, 0x08, 0xf8, 0x45,
    0x00, 0x00, 0x00, 0x00, 0x00, 0x00, 0x00, 0x00, 0x00, 0x00, 0x00, 0x00,
    0x00, 0x00, 0x00, 0x00, 0x00, 0x00, 0x00, 0x00, 0x00, 0x00, 0x00, 0x00,
    0x00, 0x00, 0x00, 0x00, 0x00, 0x00, 0x00, 0x00, 0x00, 0x00, 0x00, 0x00,
    0x00, 0x00, 0x00, 0x00, 0x00, 0x00, 0x00, 0x00, 0x00, 0x00, 0x00, 0x00,
    0x00, 0x00, 0x00, 0x00, 0x00, 0x00, 0x00, 0x00, 0x00, 0x00, 0x00, 0x00,
    0x00, 0x00, 0x00, 0x00, 0x00, 0x00, 0x00, 0x00, 0x00, 0x00, 0x00, 0x00,
    0x00, 0x00, 0x00, 0x00, 0x00, 0x00, 0x00, 0x00, 0x00, 0x00, 0x00, 0x00,
    0x00, 0x00, 0x00, 0x00, 0x00, 0x00, 0x00, 0x00, 0x00, 0x00, 0x00, 0x00,
    0x00, 0x00, 0x00, 0x00, 0x00, 0x00, 0x00, 0x00, 0x00, 0x00, 0x00, 0x00,
    0x08, 0x0c, 0xf8, 0x49, 0x08, 0x08, 0xf8, 0xff, 0x10, 0x0c, 0xf8, 0xff,
    0x08, 0x08, 0xf8, 0xff, 0x10, 0x08, 0xf8, 0xff, 0x08, 0x0c, 0xf8, 0xff,
    0x08, 0x08, 0xf8, 0xff, 0x10, 0x08, 0xf8, 0xff, 0x08, 0x0c, 0xf8, 0xff,
    0x08, 0x08, 0xf8, 0xff, 0x10, 0x08, 0xf8, 0xff, 0x08, 0x08, 0xf8, 0xff,
    0x08, 0x08, 0xf8, 0xff, 0x28, 0x28, 0xf8, 0xff, 0x88, 0x84, 0xf8, 0xff,
    0xf8, 0xfc, 0xf8, 0xff, 0xf8, 0xfc, 0xf8, 0xff, 0xf8, 0xfc, 0xf8, 0xff,
    0xf8, 0xfc, 0xf8, 0xff, 0xf8, 0xfc, 0xf8, 0xff, 0xf8, 0xfc, 0xf8, 0xff,
    0xf8, 0xfc, 0xf8, 0xff, 0xf8, 0xfc, 0xf8, 0xff, 0xf8, 0xfc, 0xf8, 0xff,
    0xf8, 0xfc, 0xf8, 0xff, 0xf8, 0xfc, 0xf8, 0xff, 0xf8, 0xfc, 0xf8, 0xff,
    0xf8, 0xfc, 0xf8, 0xff, 0xf8, 0xfc, 0xf8, 0xff, 0xf8, 0xfc, 0xf8, 0xff,
    0xf8, 0xfc, 0xf8, 0xff, 0xf8, 0xfc, 0xf8, 0xff, 0xf8, 0xfc, 0xf8, 0xff,
    0xf8, 0xfc, 0xf8, 0xff, 0xf8, 0xfc, 0xf8, 0xff, 0xf8, 0xfc, 0xf8, 0xff,
    0xf8, 0xfc, 0xf8, 0xff, 0xf8, 0xfc, 0xf8, 0xff, 0xf8, 0xfc, 0xf8, 0xff,
    0xf8, 0xfc, 0xf8, 0xff, 0xf8, 0xfc, 0xf8, 0xff, 0xf8, 0xfc, 0xf8, 0xff,
    0xf8, 0xfc, 0xf8, 0xff, 0xf8, 0xfc, 0xf8, 0xff, 0xf8, 0xfc, 0xf8, 0xff,
    0xf8, 0xfc, 0xf8, 0xff, 0xf8, 0xfc, 0xf8, 0xff, 0xf8, 0xfc, 0xf8, 0xff,
    0xf8, 0xfc, 0xf8, 0xff, 0xf8, 0xfc, 0xf8, 0xff, 0xf8, 0xfc, 0xf8, 0xff,
    0xf8, 0xfc, 0xf8, 0xff, 0xf8, 0xfc, 0xf8, 0xff, 0xf8, 0xfc, 0xf8, 0xff,
    0xf8, 0xfc, 0xf8, 0xff, 0xf8, 0xfc, 0xf8, 0xff, 0xf8, 0xfc, 0xf8, 0xff,
    0xa0, 0xa0, 0xf8, 0xff, 0x08, 0x08, 0xf8, 0xff, 0x08, 0x08, 0xf8, 0xff,
    0x10, 0x0c, 0xf8, 0xff, 0x10, 0x08, 0xf8, 0xff, 0x08, 0x08, 0xf8, 0xff,
    0x08, 0x0c, 0xf8, 0xff, 0x08, 0x08, 0xf8, 0xff, 0x08, 0x08, 0xf8, 0xff,
    0x10, 0x08, 0xf8, 0xff, 0x08, 0x08, 0xf8, 0xff, 0x10, 0x08, 0xf8, 0xff,
    0x08, 0x08, 0xf8, 0xff, 0x10, 0x08, 0xf8, 0xff, 0x08, 0x0c, 0xf8, 0x49,
    0x00, 0x00, 0x00, 0x00, 0x00, 0x00, 0x00, 0x00, 0x00, 0x00, 0x00, 0x00,
    0x00, 0x00, 0x00, 0x00, 0x00, 0x00, 0x00, 0x00, 0x00, 0x00, 0x00, 0x00,
    0x00, 0x00, 0x00, 0x00, 0x00, 0x00, 0x00, 0x00, 0x00, 0x00, 0x00, 0x00,
    0x00, 0x00, 0x00, 0x00, 0x00, 0x00, 0x00, 0x00, 0x00, 0x00, 0x00, 0x00,
    0x00, 0x00, 0x00, 0x00, 0x00, 0x00, 0x00, 0x00, 0x00, 0x00, 0x00, 0x00,
    0x00, 0x00, 0x00, 0x00, 0x00, 0x00, 0x00, 0x00, 0x00, 0x00, 0x00, 0x00,
    0x00, 0x00, 0x00, 0x00, 0x00, 0x00, 0x00, 0x00, 0x00, 0x00, 0x00, 0x00,
    0x00, 0x00, 0x00, 0x00, 0x00, 0x00, 0x00, 0x00, 0x00, 0x00, 0x00, 0x00,
    0x00, 0x00, 0x00, 0x00, 0x00, 0x00, 0x00, 0x00, 0x00, 0x00, 0x00, 0x00,
    0x00, 0x00, 0x00, 0x00, 0x00, 0x00, 0x00, 0x00, 0x08, 0x08, 0xf8, 0x45,
    0x10, 0x08, 0xf8, 0xff, 0x08, 0x08, 0xf8, 0xff, 0x08, 0x0c, 0xf8, 0xff,
    0x10, 0x08, 0xf8, 0xff, 0x10, 0x08, 0xf8, 0xff, 0x08, 0x08, 0xf8, 0xff,
    0x08, 0x08, 0xf8, 0xff, 0x10, 0x0c, 0xf8, 0xff, 0x08, 0x0c, 0xf8, 0xff,
    0x08, 0x08, 0xf8, 0xff, 0x08, 0x08, 0xf8, 0xff, 0x10, 0x0c, 0xf8, 0xff,
    0x08, 0x08, 0xf8, 0xff, 0x28, 0x28, 0xf8, 0xff, 0xc0, 0xc0, 0xf8, 0xff,
    0xf8, 0xfc, 0xf8, 0xff, 0xf8, 0xfc, 0xf8, 0xff, 0xf8, 0xfc, 0xf8, 0xff,
    0xf8, 0xfc, 0xf8, 0xff, 0xf8, 0xfc, 0xf8, 0xff, 0xf8, 0xfc, 0xf8, 0xff,
    0xf8, 0xfc, 0xf8, 0xff, 0xf8, 0xfc, 0xf8, 0xff, 0xf8, 0xfc, 0xf8, 0xff,
    0xf8, 0xfc, 0xf8, 0xff, 0xf8, 0xfc, 0xf8, 0xff, 0xf8, 0xfc, 0xf8, 0xff,
    0xf8, 0xfc, 0xf8, 0xff, 0xf8, 0xfc, 0xf8, 0xff, 0xf8, 0xfc, 0xf8, 0xff,
    0xf8, 0xfc, 0xf8, 0xff, 0xf8, 0xfc, 0xf8, 0xff, 0xf8, 0xfc, 0xf8, 0xff,
    0xf8, 0xfc, 0xf8, 0xff, 0xf8, 0xfc, 0xf8, 0xff, 0xf8, 0xfc, 0xf8, 0xff,
    0xf8, 0xfc, 0xf8, 0xff, 0xf8, 0xfc, 0xf8, 0xff, 0xf8, 0xfc, 0xf8, 0xff,
    0xf8, 0xfc, 0xf8, 0xff, 0xf8, 0xfc, 0xf8, 0xff, 0xf8, 0xfc, 0xf8, 0xff,
    0xf8, 0xfc, 0xf8, 0xff, 0xf8, 0xfc, 0xf8, 0xff, 0xf8, 0xfc, 0xf8, 0xff,
    0xf8, 0xfc, 0xf8, 0xff, 0xf8, 0xfc, 0xf8, 0xff, 0xf8, 0xfc, 0xf8, 0xff,
    0xf8, 0xfc, 0xf8, 0xff, 0xf8, 0xfc, 0xf8, 0xff, 0xf8, 0xfc, 0xf8, 0xff,
    0xf8, 0xfc, 0xf8, 0xff, 0xf8, 0xfc, 0xf8, 0xff, 0xe0, 0xe0, 0xf8, 0xff,
    0x48, 0x48, 0xf8, 0xff, 0x08, 0x08, 0xf8, 0xff, 0x08, 0x08, 0xf8, 0xff,
    0x10, 0x08, 0xf8, 0xff, 0x08, 0x08, 0xf8, 0xff, 0x08, 0x0c, 0xf8, 0xff,
    0x10, 0x08, 0xf8, 0xff, 0x10, 0x08, 0xf8, 0xff, 0x08, 0x08, 0xf8, 0xff,
    0x08, 0x0c, 0xf8, 0xff, 0x08, 0x08, 0xf8, 0xff, 0x10, 0x08, 0xf8, 0xff,
    0x08, 0x0c, 0xf8, 0xff, 0x08, 0x08, 0xf8, 0xff, 0x10, 0x08, 0xf8, 0x45,
    0x00, 0x00, 0x00, 0x00, 0x00, 0x00, 0x00, 0x00, 0x00, 0x00, 0x00, 0x00,
    0x00, 0x00, 0x00, 0x00, 0x00, 0x00, 0x00, 0x00, 0x00, 0x00, 0x00, 0x00,
    0x00, 0x00, 0x00, 0x00, 0x00, 0x00, 0x00, 0x00, 0x00, 0x00, 0x00, 0x00,
    0x00, 0x00, 0x00, 0x00, 0x00, 0x00, 0x00, 0x00, 0x00, 0x00, 0x00, 0x00,
    0x00, 0x00, 0x00, 0x00, 0x00, 0x00, 0x00, 0x00, 0x00, 0x00, 0x00, 0x00,
    0x00, 0x00, 0x00, 0x00, 0x00, 0x00, 0x00, 0x00, 0x00, 0x00, 0x00, 0x00,
    0x00, 0x00, 0x00, 0x00, 0x00, 0x00, 0x00, 0x00, 0x00, 0x00, 0x00, 0x00,
    0x00, 0x00, 0x00, 0x00, 0x00, 0x00, 0x00, 0x00, 0x00, 0x00, 0x00, 0x00,
    0x00, 0x00, 0x00, 0x00, 0x00, 0x00, 0x00, 0x00, 0x00, 0x00, 0x00, 0x00,
    0x00, 0x00, 0x00, 0x00, 0x00, 0x00, 0x00, 0x00, 0x00, 0x00, 0x00, 0x00,
    0x00, 0x00, 0x00, 0x00, 0x08, 0x08, 0xf8, 0x38, 0x10, 0x08, 0xf8, 0xdf,
    0x08, 0x08, 0xf8, 0xff, 0x08, 0x08, 0xf8, 0xff, 0x10, 0x0c, 0xf8, 0xff,
    0x08, 0x08, 0xf8, 0xff, 0x08, 0x08, 0xf8, 0xff, 0x10, 0x08, 0xf8, 0xff,
    0x08, 0x08, 0xf8, 0xff, 0x10, 0x08, 0xf8, 0xff, 0x10, 0x0c, 0xf8, 0xff,
    0x08, 0x08, 0xf8, 0xff, 0x08, 0x08, 0xf8, 0xff, 0x10, 0x08, 0xf8, 0xff,
    0x08, 0x08, 0xf8, 0xff, 0x68, 0x68, 0xf8, 0xff, 0xc0, 0xc0, 0xf8, 0xff,
    0xf8, 0xfc, 0xf8, 0xff, 0xf8, 0xfc, 0xf8, 0xff, 0xf8, 0xfc, 0xf8, 0xff,
    0xf8, 0xfc, 0xf8, 0xff, 0xf8, 0xfc, 0xf8, 0xff, 0xf8, 0xfc, 0xf8, 0xff,
    0xf8, 0xfc, 0xf8, 0xff, 0xf8, 0xfc, 0xf8, 0xff, 0xf8, 0xfc, 0xf8, 0xff,
    0xf8, 0xfc, 0xf8, 0xff, 0xf8, 0xfc, 0xf8, 0xff, 0xf8, 0xfc, 0xf8, 0xff,
    0xf8, 0xfc, 0xf8, 0xff, 0xf8, 0xfc, 0xf8, 0xff, 0xf8, 0xfc, 0xf8, 0xff,
    0xf8, 0xfc, 0xf8, 0xff, 0xf8, 0xfc, 0xf8, 0xff, 0xf8, 0xfc, 0xf8, 0xff,
    0xf8, 0xfc, 0xf8, 0xff, 0xf8, 0xfc, 0xf8, 0xff, 0xf8, 0xfc, 0xf8, 0xff,
    0xf8, 0xfc, 0xf8, 0xff, 0xf8, 0xfc, 0xf8, 0xff, 0xf8, 0xfc, 0xf8, 0xff,
    0xf8, 0xfc, 0xf8, 0xff, 0xf8, 0xfc, 0xf8, 0xff, 0xf8, 0xfc, 0xf8, 0xff,
    0xf8, 0xfc, 0xf8, 0xff, 0xf8, 0xfc, 0xf8, 0xff, 0xf8, 0xfc, 0xf8, 0xff,
    0xf8, 0xfc, 0xf8, 0xff, 0xf8, 0xfc, 0xf8, 0xff, 0xf8, 0xfc, 0xf8, 0xff,
    0xf8, 0xfc, 0xf8, 0xff, 0xe0, 0xe0, 0xf8, 0xff, 0x68, 0x64, 0xf8, 0xff,
    0x08, 0x08, 0xf8, 0xff, 0x08, 0x08, 0xf8, 0xff, 0x10, 0x08, 0xf8, 0xff,
    0x08, 0x08, 0xf8, 0xff, 0x10, 0x08, 0xf8, 0xff, 0x08, 0x08, 0xf8, 0xff,
    0x08, 0x08, 0xf8, 0xff, 0x10, 0x0c, 0xf8, 0xff, 0x08, 0x08, 0xf8, 0xff,
    0x10, 0x08, 0xf8, 0xff, 0x10, 0x08, 0xf8, 0xff, 0x08, 0x0c, 0xf8, 0xff,
    0x08, 0x08, 0xf8, 0xff, 0x10, 0x08, 0xf8, 0xdf, 0x08, 0x08, 0xf8, 0x38,
    0x00, 0x00, 0x00, 0x00, 0x00, 0x00, 0x00, 0x00, 0x00, 0x00, 0x00, 0x00,
    0x00, 0x00, 0x00, 0x00, 0x00, 0x00, 0x00, 0x00, 0x00, 0x00, 0x00, 0x00,
    0x00, 0x00, 0x00, 0x00, 0x00, 0x00, 0x00, 0x00, 0x00, 0x00, 0x00, 0x00,
    0x00, 0x00, 0x00, 0x00, 0x00, 0x00, 0x00, 0x00, 0x00, 0x00, 0x00, 0x00,
    0x00, 0x00, 0x00, 0x00, 0x00, 0x00, 0x00, 0x00, 0x00, 0x00, 0x00, 0x00,
    0x00, 0x00, 0x00, 0x00, 0x00, 0x00, 0x00, 0x00, 0x00, 0x00, 0x00, 0x00,
    0x00, 0x00, 0x00, 0x00, 0x00, 0x00, 0x00, 0x00, 0x00, 0x00, 0x00, 0x00,
    0x00, 0x00, 0x00, 0x00, 0x00, 0x00, 0x00, 0x00, 0x00, 0x00, 0x00, 0x00,
    0x00, 0x00, 0x00, 0x00, 0x00, 0x00, 0x00, 0x00, 0x00, 0x00, 0x00, 0x00,
    0x00, 0x00, 0x00, 0x00, 0x00, 0x00, 0x00, 0x00, 0x00, 0x00, 0x00, 0x00,
    0x00, 0x00, 0x00, 0x00, 0x00, 0x00, 0x00, 0x00, 0x00, 0x00, 0x00, 0x00,
    0x08, 0x08, 0xf8, 0x20, 0x08, 0x0c, 0xf8, 0xc3, 0x08, 0x08, 0xf8, 0xff,
    0x10, 0x08, 0xf8, 0xff, 0x08, 0x0c, 0xf8, 0xff, 0x08, 0x08, 0xf8, 0xff,
    0x10, 0x08, 0xf8, 0xff, 0x08, 0x08, 0xf8, 0xff, 0x08, 0x08, 0xf8, 0xff,
    0x10, 0x08, 0xf8, 0xff, 0x08, 0x08, 0xf8, 0xff, 0x08, 0x0c, 0xf8, 0xff,
    0x10, 0x08, 0xf8, 0xff, 0x10, 0x08, 0xf8, 0xff, 0x08, 0x08, 0xf8, 0xff,
    0x10, 0x08, 0xf8, 0xff, 0x28, 0x28, 0xf8, 0xff, 0xa0, 0xa4, 0xf8, 0xff,
    0xf8, 0xfc, 0xf8, 0xff, 0xf8, 0xfc, 0xf8, 0xff, 0xf8, 0xfc, 0xf8, 0xff,
    0xf8, 0xfc, 0xf8, 0xff, 0xf8, 0xfc, 0xf8, 0xff, 0xf8, 0xfc, 0xf8, 0xff,
    0xf8, 0xfc, 0xf8, 0xff, 0xf8, 0xfc, 0xf8, 0xff, 0xf8, 0xfc, 0xf8, 0xff,
    0xf8, 0xfc, 0xf8, 0xff, 0xf8, 0xfc, 0xf8, 0xff, 0xf8, 0xfc, 0xf8, 0xff,
    0xf8, 0xfc, 0xf8, 0xff, 0xf8, 0xfc, 0xf8, 0xff, 0xf8, 0xfc, 0xf8, 0xff,
    0xf8, 0xfc, 0xf8, 0xff, 0xf8, 0xfc, 0xf8, 0xff, 0xf8, 0xfc, 0xf8, 0xff,
    0xf8, 0xfc, 0xf8, 0xff, 0xf8, 0xfc, 0xf8, 0xff, 0xf8, 0xfc, 0xf8, 0xff,
    0xf8, 0xfc, 0xf8, 0xff, 0xf8, 0xfc, 0xf8, 0xff, 0xf8, 0xfc, 0xf8, 0xff,
    0xf8, 0xfc, 0xf8, 0xff, 0xf8, 0xfc, 0xf8, 0xff, 0xf8, 0xfc, 0xf8, 0xff,
    0xf8, 0xfc, 0xf8, 0xff, 0xf8, 0xfc, 0xf8, 0xff, 0xf8, 0xfc, 0xf8, 0xff,
    0xa0, 0xa0, 0xf8, 0xff, 0x28, 0x28, 0xf8, 0xff, 0x08, 0x08, 0xf8, 0xff,
    0x08, 0x08, 0xf8, 0xff, 0x08, 0x08, 0xf8, 0xff, 0x10, 0x08, 0xf8, 0xff,
    0x08, 0x08, 0xf8, 0xff, 0x08, 0x0c, 0xf8, 0xff, 0x10, 0x0c, 0xf8, 0xff,
    0x08, 0x08, 0xf8, 0xff, 0x08, 0x08, 0xf8, 0xff, 0x08, 0x08, 0xf8, 0xff,
    0x08, 0x0c, 0xf8, 0xff, 0x08, 0x08, 0xf8, 0xff, 0x10, 0x08, 0xf8, 0xff,
    0x08, 0x08, 0xf8, 0xff, 0x08, 0x0c, 0xf8, 0xc3, 0x08, 0x08, 0xf8, 0x20,
    0x00, 0x00, 0x00, 0x00, 0x00, 0x00, 0x00, 0x00, 0x00, 0x00, 0x00, 0x00,
    0x00, 0x00, 0x00, 0x00, 0x00, 0x00, 0x00, 0x00, 0x00, 0x00, 0x00, 0x00,
    0x00, 0x00, 0x00, 0x00, 0x00, 0x00, 0x00, 0x00, 0x00, 0x00, 0x00, 0x00,
    0x00, 0x00, 0x00, 0x00, 0x00, 0x00, 0x00, 0x00, 0x00, 0x00, 0x00, 0x00,
    0x00, 0x00, 0x00, 0x00, 0x00, 0x00, 0x00, 0x00, 0x00, 0x00, 0x00, 0x00,
    0x00, 0x00, 0x00, 0x00, 0x00, 0x00, 0x00, 0x00, 0x00, 0x00, 0x00, 0x00,
    0x00, 0x00, 0x00, 0x00, 0x00, 0x00, 0x00, 0x00, 0x00, 0x00, 0x00, 0x00,
    0x00, 0x00, 0x00, 0x00, 0x00, 0x00, 0x00, 0x00, 0x00, 0x00, 0x00, 0x00,
    0x00, 0x00, 0x00, 0x00, 0x00, 0x00, 0x00, 0x00, 0x00, 0x00, 0x00, 0x00,
    0x00, 0x00, 0x00, 0x00, 0x00, 0x00, 0x00, 0x00, 0x00, 0x00, 0x00, 0x00,
    0x00, 0x00, 0x00, 0x00, 0x00, 0x00, 0x00, 0x00, 0x00, 0x00, 0x00, 0x00,
    0x00, 0x00, 0x00, 0x00, 0x00, 0x00, 0x00, 0x00, 0x00, 0x00, 0x00, 0x00,
    0x10, 0x08, 0xf8, 0x9a, 0x08, 0x08, 0xf8, 0xff, 0x10, 0x08, 0xf8, 0xff,
    0x08, 0x0c, 0xf8, 0xff, 0x08, 0x08, 0xf8, 0xff, 0x10, 0x0c, 0xf8, 0xff,
    0x08, 0x0c, 0xf8, 0xff, 0x08, 0x08, 0xf8, 0xff, 0x10, 0x08, 0xf8, 0xff,
    0x08, 0x08, 0xf8, 0xff, 0x08, 0x0c, 0xf8, 0xff, 0x08, 0x08, 0xf8, 0xff,
    0x08, 0x08, 0xf8, 0xff, 0x10, 0x0c, 0xf8, 0xff, 0x08, 0x08, 0xf8, 0xff,
    0x10, 0x08, 0xf8, 0xff, 0x28, 0x28, 0xf8, 0xff, 0x68, 0x68, 0xf8, 0xff,
    0xa0, 0xa0, 0xf8, 0xff, 0xf8, 0xfc, 0xf8, 0xff, 0xf8, 0xfc, 0xf8, 0xff,
    0xf8, 0xfc, 0xf8, 0xff, 0xf8, 0xfc, 0xf8, 0xff, 0xf8, 0xfc, 0xf8, 0xff,
    0xf8, 0xfc, 0xf8, 0xff, 0xf8, 0xfc, 0xf8, 0xff, 0xf8, 0xfc, 0xf8, 0xff,
    0xf8, 0xfc, 0xf8, 0xff, 0xf8, 0xfc, 0xf8, 0xff, 0xf8, 0xfc, 0xf8, 0xff,
    0xf8, 0xfc, 0xf8, 0xff, 0xf8, 0xfc, 0xf8, 0xff, 0xf8, 0xfc, 0xf8, 0xff,
    0xf8, 0xfc, 0xf8, 0xff, 0xf8, 0xfc, 0xf8, 0xff, 0xf8, 0xfc, 0xf8, 0xff,
    0xf8, 0xfc, 0xf8, 0xff, 0xf8, 0xfc, 0xf8, 0xff, 0xf8, 0xfc, 0xf8, 0xff,
    0xf8, 0xfc, 0xf8, 0xff, 0xf8, 0xfc, 0xf8, 0xff, 0xf8, 0xfc, 0xf8, 0xff,
    0xf8, 0xfc, 0xf8, 0xff, 0xe0, 0xe0, 0xf8, 0xff, 0x88, 0x84, 0xf8, 0xff,
    0x08, 0x08, 0xf8, 0xff, 0x08, 0x08, 0xf8, 0xff, 0x08, 0x08, 0xf8, 0xff,
    0x10, 0x08, 0xf8, 0xff, 0x08, 0x08, 0xf8, 0xff, 0x10, 0x08, 0xf8, 0xff,
    0x08, 0x0c, 0xf8, 0xff, 0x08, 0x08, 0xf8, 0xff, 0x10, 0x08, 0xf8, 0xff,
    0x08, 0x08, 0xf8, 0xff, 0x10, 0x0c, 0xf8, 0xff, 0x10, 0x08, 0xf8, 0xff,
    0x08, 0x08, 0xf8, 0xff, 0x10, 0x08, 0xf8, 0xff, 0x08, 0x0c, 0xf8, 0xff,
    0x08, 0x08, 0xf8, 0xff, 0x10, 0x08, 0xf8, 0x9a, 0x00, 0x00, 0x00, 0x00,
    0x00, 0x00, 0x00, 0x00, 0x00, 0x00, 0x00, 0x00, 0x00, 0x00, 0x00, 0x00,
    0x00, 0x00, 0x00, 0x00, 0x00, 0x00, 0x00, 0x00, 0x00, 0x00, 0x00, 0x00,
    0x00, 0x00, 0x00, 0x00, 0x00, 0x00, 0x00, 0x00, 0x00, 0x00, 0x00, 0x00,
    0x00, 0x00, 0x00, 0x00, 0x00, 0x00, 0x00, 0x00, 0x00, 0x00, 0x00, 0x00,
    0x00, 0x00, 0x00, 0x00, 0x00, 0x00, 0x00, 0x00, 0x00, 0x00, 0x00, 0x00,
    0x00, 0x00, 0x00, 0x00, 0x00, 0x00, 0x00, 0x00, 0x00, 0x00, 0x00, 0x00,
    0x00, 0x00, 0x00, 0x00, 0x00, 0x00, 0x00, 0x00, 0x00, 0x00, 0x00, 0x00,
    0x00, 0x00, 0x00, 0x00, 0x00, 0x00, 0x00, 0x00, 0x00, 0x00, 0x00, 0x00,
    0x00, 0x00, 0x00, 0x00, 0x00, 0x00, 0x00, 0x00, 0x00, 0x00, 0x00, 0x00,
    0x00, 0x00, 0x00, 0x00, 0x00, 0x00, 0x00, 0x00, 0x00, 0x00, 0x00, 0x00,
    0x00, 0x00, 0x00, 0x00, 0x00, 0x00, 0x00, 0x00, 0x00, 0x00, 0x00, 0x00,
    0x00, 0x00, 0x00, 0x00, 0x00, 0x00, 0x00, 0x00, 0x00, 0x00, 0x00, 0x00,
    0x00, 0x00, 0x00, 0x00, 0x00, 0x00, 0x00, 0x00, 0x08, 0x0c, 0xf8, 0x65,
    0x10, 0x08, 0xf8, 0xfb, 0x08, 0x08, 0xf8, 0xff, 0x08, 0x08, 0xf8, 0xff,
    0x10, 0x08, 0xf8, 0xff, 0x08, 0x08, 0xf8, 0xff, 0x08, 0x0c, 0xf8, 0xff,
    0x10, 0x08, 0xf8, 0xff, 0x08, 0x08, 0xf8, 0xff, 0x10, 0x08, 0xf8, 0xff,
    0x08, 0x0c, 0xf8, 0xff, 0x08, 0x08, 0xf8, 0xff, 0x10, 0x08, 0xf8, 0xff,
    0x08, 0x08, 0xf8, 0xff, 0x08, 0x08, 0xf8, 0xff, 0x10, 0x08, 0xf8, 0xff,
    0x08, 0x08, 0xf8, 0xff, 0x10, 0x08, 0xf8, 0xff, 0x28, 0x28, 0xf8, 0xff,
    0x48, 0x48, 0xf8, 0xff, 0x88, 0x84, 0xf8, 0xff, 0xc0, 0xc0, 0xf8, 0xff,
    0xf8, 0xfc, 0xf8, 0xff, 0xf8, 0xfc, 0xf8, 0xff, 0xf8, 0xfc, 0xf8, 0xff,
    0xf8, 0xfc, 0xf8, 0xff, 0xf8, 0xfc, 0xf8, 0xff, 0xf8, 0xfc, 0xf8, 0xff,
    0xf8, 0xfc, 0xf8, 0xff, 0xf8, 0xfc, 0xf8, 0xff, 0xf8, 0xfc, 0xf8, 0xff,
    0xf8, 0xfc, 0xf8, 0xff, 0xf8, 0xfc, 0xf8, 0xff, 0xf8, 0xfc, 0xf8, 0xff,
    0xf8, 0xfc, 0xf8, 0xff, 0xf8, 0xfc, 0xf8, 0xff, 0xf8, 0xfc, 0xf8, 0xff,
    0xf8, 0xfc, 0xf8, 0xff, 0xe0, 0xe0, 0xf8, 0xff, 0x88, 0x84, 0xf8, 0xff,
    0x48, 0x44, 0xf8, 0xff, 0x08, 0x08, 0xf8, 0xff, 0x08, 0x08, 0xf8, 0xff,
    0x08, 0x08, 0xf8, 0xff, 0x08, 0x08, 0xf8, 0xff, 0x10, 0x08, 0xf8, 0xff,
    0x10, 0x08, 0xf8, 0xff, 0x08, 0x0c, 0xf8, 0xff, 0x08, 0x08, 0xf8, 0xff,
    0x10, 0x08, 0xf8, 0xff, 0x08, 0x08, 0xf8, 0xff, 0x08, 0x0c, 0xf8, 0xff,
    0x10, 0x08, 0xf8, 0xff, 0x08, 0x08, 0xf8, 0xff, 0x08, 0x08, 0xf8, 0xff,
    0x10, 0x0c, 0xf8, 0xff, 0x08, 0x08, 0xf8, 0xff, 0x10, 0x08, 0xf8, 0xff,
    0x08, 0x08, 0xf8, 0xfb, 0x08, 0x0c, 0xf8, 0x65, 0x00, 0x00, 0x00, 0x00,
    0x00, 0x00, 0x00, 0x00, 0x00, 0x00, 0x00, 0x00, 0x00, 0x00, 0x00, 0x00,
    0x00, 0x00, 0x00, 0x00, 0x00, 0x00, 0x00, 0x00, 0x00, 0x00, 0x00, 0x00,
    0x00, 0x00, 0x00, 0x00, 0x00, 0x00, 0x00, 0x00, 0x00, 0x00, 0x00, 0x00,
    0x00, 0x00, 0x00, 0x00, 0x00, 0x00, 0x00, 0x00, 0x00, 0x00, 0x00, 0x00,
    0x00, 0x00, 0x00, 0x00, 0x00, 0x00, 0x00, 0x00, 0x00, 0x00, 0x00, 0x00,
    0x00, 0x00, 0x00, 0x00, 0x00, 0x00, 0x00, 0x00, 0x00, 0x00, 0x00, 0x00,
    0x00, 0x00, 0x00, 0x00, 0x00, 0x00, 0x00, 0x00, 0x00, 0x00, 0x00, 0x00,
    0x00, 0x00, 0x00, 0x00, 0x00, 0x00, 0x00, 0x00, 0x00, 0x00, 0x00, 0x00,
    0x00, 0x00, 0x00, 0x00, 0x00, 0x00, 0x00, 0x00, 0x00, 0x00, 0x00, 0x00,
    0x00, 0x00, 0x00, 0x00, 0x00, 0x00, 0x00, 0x00, 0x00, 0x00, 0x00, 0x00,
    0x00, 0x00, 0x00, 0x00, 0x00, 0x00, 0x00, 0x00, 0x00, 0x00, 0x00, 0x00,
    0x00, 0x00, 0x00, 0x00, 0x00, 0x00, 0x00, 0x00, 0x00, 0x00, 0x00, 0x00,
    0x00, 0x00, 0x00, 0x00, 0x00, 0x00, 0x00, 0x00, 0x00, 0x00, 0x00, 0x00,
    0x00, 0x00, 0x00, 0x00, 0x10, 0x08, 0xf8, 0x2c, 0x08, 0x08, 0xf8, 0xba,
    0x10, 0x08, 0xf8, 0xff, 0x08, 0x08, 0xf8, 0xff, 0x10, 0x08, 0xf8, 0xff,
    0x08, 0x08, 0xf8, 0xff, 0x08, 0x0c, 0xf8, 0xff, 0x10, 0x08, 0xf8, 0xff,
    0x08, 0x08, 0xf8, 0xff, 0x10, 0x08, 0xf8, 0xff, 0x08, 0x0c, 0xf8, 0xff,
    0x08, 0x08, 0xf8, 0xff, 0x10, 0x08, 0xf8, 0xff, 0x08, 0x0c, 0xf8, 0xff,
    0x08, 0x08, 0xf8, 0xff, 0x10, 0x08, 0xf8, 0xff, 0x08, 0x08, 0xf8, 0xff,
    0x08, 0x08, 0xf8, 0xff, 0x10, 0x08, 0xf8, 0xff, 0x08, 0x08, 0xf8, 0xff,
    0x08, 0x08, 0xf8, 0xff, 0x10, 0x08, 0xf8, 0xff, 0x28, 0x28, 0xf8, 0xff,
    0x48, 0x48, 0xf8, 0xff, 0x68, 0x64, 0xf8, 0xff, 0x88, 0x84, 0xf8, 0xff,
    0xa0, 0xa4, 0xf8, 0xff, 0xa0, 0xa0, 0xf8, 0xff, 0xa0, 0xa0, 0xf8, 0xff,
    0xa8, 0xa4, 0xf8, 0xff, 0xa0, 0xa0, 0xf8, 0xff, 0x88, 0x84, 0xf8, 0xff,
    0x88, 0x84, 0xf8, 0xff, 0x88, 0x84, 0xf8, 0xff, 0x48, 0x48, 0xf8, 0xff,
    0x08, 0x08, 0xf8, 0xff, 0x08, 0x08, 0xf8, 0xff, 0x08, 0x08, 0xf8, 0xff,
    0x08, 0x08, 0xf8, 0xff, 0x08, 0x08, 0xf8, 0xff, 0x08, 0x08, 0xf8, 0xff,
    0x10, 0x08, 0xf8, 0xff, 0x08, 0x08, 0xf8, 0xff, 0x08, 0x08, 0xf8, 0xff,
    0x10, 0x08, 0xf8, 0xff, 0x08, 0x0c, 0xf8, 0xff, 0x08, 0x08, 0xf8, 0xff,
    0x10, 0x08, 0xf8, 0xff, 0x08, 0x0c, 0xf8, 0xff, 0x10, 0x08, 0xf8, 0xff,
    0x08, 0x08, 0xf8, 0xff, 0x08, 0x08, 0xf8, 0xff, 0x10, 0x08, 0xf8, 0xff,
    0x08, 0x08, 0xf8, 0xff, 0x08, 0x08, 0xf8, 0xff, 0x08, 0x0c, 0xf8, 0xff,
    0x10, 0x08, 0xf8, 0xba, 0x10, 0x08, 0xf8, 0x28, 0x00, 0x00, 0x00, 0x00,
    0x00, 0x00, 0x00, 0x00, 0x00, 0x00, 0x00, 0x00, 0x00, 0x00, 0x00, 0x00,
    0x00, 0x00, 0x00, 0x00, 0x00, 0x00, 0x00, 0x00, 0x00, 0x00, 0x00, 0x00,
    0x00, 0x00, 0x00, 0x00, 0x00, 0x00, 0x00, 0x00, 0x00, 0x00, 0x00, 0x00,
    0x00, 0x00, 0x00, 0x00, 0x00, 0x00, 0x00, 0x00, 0x00, 0x00, 0x00, 0x00,
    0x00, 0x00, 0x00, 0x00, 0x00, 0x00, 0x00, 0x00, 0x00, 0x00, 0x00, 0x00,
    0x00, 0x00, 0x00, 0x00, 0x00, 0x00, 0x00, 0x00, 0x00, 0x00, 0x00, 0x00,
    0x00, 0x00, 0x00, 0x00, 0x00, 0x00, 0x00, 0x00, 0x00, 0x00, 0x00, 0x00,
    0x00, 0x00, 0x00, 0x00, 0x00, 0x00, 0x00, 0x00, 0x00, 0x00, 0x00, 0x00,
    0x00, 0x00, 0x00, 0x00, 0x00, 0x00, 0x00, 0x00, 0x00, 0x00, 0x00, 0x00,
    0x00, 0x00, 0x00, 0x00, 0x00, 0x00, 0x00, 0x00, 0x00, 0x00, 0x00, 0x00,
    0x00, 0x00, 0x00, 0x00, 0x00, 0x00, 0x00, 0x00, 0x00, 0x00, 0x00, 0x00,
    0x00, 0x00, 0x00, 0x00, 0x00, 0x00, 0x00, 0x00, 0x00, 0x00, 0x00, 0x00,
    0x00, 0x00, 0x00, 0x00, 0x00, 0x00, 0x00, 0x00, 0x00, 0x00, 0x00, 0x00,
    0x00, 0x00, 0x00, 0x00, 0x00, 0x00, 0x00, 0x00, 0x00, 0x00, 0x00, 0x00,
    0x00, 0x00, 0x00, 0x00, 0x10, 0x0c, 0xf8, 0x6d, 0x08, 0x08, 0xf8, 0xef,
    0x08, 0x08, 0xf8, 0xff, 0x10, 0x08, 0xf8, 0xff, 0x08, 0x08, 0xf8, 0xff,
    0x08, 0x0c, 0xf8, 0xff, 0x10, 0x08, 0xf8, 0xff, 0x08, 0x08, 0xf8, 0xff,
    0x10, 0x08, 0xf8, 0xff, 0x08, 0x08, 0xf8, 0xff, 0x10, 0x0c, 0xf8, 0xff,
    0x08, 0x08, 0xf8, 0xff, 0x08, 0x08, 0xf8, 0xff, 0x10, 0x0c, 0xf8, 0xff,
    0x08, 0x0c, 0xf8, 0xff, 0x08, 0x08, 0xf8, 0xff, 0x10, 0x08, 0xf8, 0xff,
    0x08, 0x0c, 0xf8, 0xff, 0x08, 0x08, 0xf8, 0xff, 0x10, 0x08, 0xf8, 0xff,
    0x08, 0x08, 0xf8, 0xff, 0x08, 0x08, 0xf8, 0xff, 0x08, 0x08, 0xf8, 0xff,
    0x10, 0x08, 0xf8, 0xff, 0x08, 0x08, 0xf8, 0xff, 0x08, 0x08, 0xf8, 0xff,
    0x10, 0x08, 0xf8, 0xff, 0x08, 0x08, 0xf8, 0xff, 0x08, 0x08, 0xf8, 0xff,
    0x08, 0x08, 0xf8, 0xff, 0x08, 0x08, 0xf8, 0xff, 0x08, 0x08, 0xf8, 0xff,
    0x08, 0x08, 0xf8, 0xff, 0x08, 0x08, 0xf8, 0xff, 0x10, 0x08, 0xf8, 0xff,
    0x08, 0x08, 0xf8, 0xff, 0x10, 0x08, 0xf8, 0xff, 0x08, 0x0c, 0xf8, 0xff,
    0x10, 0x08, 0xf8, 0xff, 0x08, 0x08, 0xf8, 0xff, 0x10, 0x0c, 0xf8, 0xff,
    0x08, 0x08, 0xf8, 0xff, 0x08, 0x08, 0xf8, 0xff, 0x10, 0x08, 0xf8, 0xff,
    0x08, 0x08, 0xf8, 0xff, 0x08, 0x08, 0xf8, 0xff, 0x10, 0x08, 0xf8, 0xff,
    0x08, 0x0c, 0xf8, 0xff, 0x10, 0x08, 0xf8, 0xff, 0x08, 0x08, 0xf8, 0xff,
    0x08, 0x0c, 0xf8, 0xff, 0x10, 0x08, 0xf8, 0xff, 0x08, 0x08, 0xf8, 0xef,
    0x10, 0x08, 0xf8, 0x6d, 0x00, 0x00, 0x00, 0x00, 0x00, 0x00, 0x00, 0x00,
    0x00, 0x00, 0x00, 0x00, 0x00, 0x00, 0x00, 0x00, 0x00, 0x00, 0x00, 0x00,
    0x00, 0x00, 0x00, 0x00, 0x00, 0x00, 0x00, 0x00, 0x00, 0x00, 0x00, 0x00,
    0x00, 0x00, 0x00, 0x00, 0x00, 0x00, 0x00, 0x00, 0x00, 0x00, 0x00, 0x00,
    0x00, 0x00, 0x00, 0x00, 0x00, 0x00, 0x00, 0x00, 0x00, 0x00, 0x00, 0x00,
    0x00, 0x00, 0x00, 0x00, 0x00, 0x00, 0x00, 0x00, 0x00, 0x00, 0x00, 0x00,
    0x00, 0x00, 0x00, 0x00, 0x00, 0x00, 0x00, 0x00, 0x00, 0x00, 0x00, 0x00,
    0x00, 0x00, 0x00, 0x00, 0x00, 0x00, 0x00, 0x00, 0x00, 0x00, 0x00, 0x00,
    0x00, 0x00, 0x00, 0x00, 0x00, 0x00, 0x00, 0x00, 0x00, 0x00, 0x00, 0x00,
    0x00, 0x00, 0x00, 0x00, 0x00, 0x00, 0x00, 0x00, 0x00, 0x00, 0x00, 0x00,
    0x00, 0x00, 0x00, 0x00, 0x00, 0x00, 0x00, 0x00, 0x00, 0x00, 0x00, 0x00,
    0x00, 0x00, 0x00, 0x00, 0x00, 0x00, 0x00, 0x00, 0x00, 0x00, 0x00, 0x00,
    0x00, 0x00, 0x00, 0x00, 0x00, 0x00, 0x00, 0x00, 0x00, 0x00, 0x00, 0x00,
    0x00, 0x00, 0x00, 0x00, 0x00, 0x00, 0x00, 0x00, 0x00, 0x00, 0x00, 0x00,
    0x00, 0x00, 0x00, 0x00, 0x00, 0x00, 0x00, 0x00, 0x00, 0x00, 0x00, 0x00,
    0x00, 0x00, 0x00, 0x00, 0x00, 0x00, 0x00, 0x00, 0x00, 0x00, 0x00, 0x00,
    0x10, 0x0c, 0xf8, 0x14, 0x08, 0x0c, 0xf8, 0x96, 0x08, 0x08, 0xf8, 0xff,
    0x10, 0x08, 0xf8, 0xff, 0x08, 0x08, 0xf8, 0xff, 0x08, 0x0c, 0xf8, 0xff,
    0x10, 0x08, 0xf8, 0xff, 0x08, 0x08, 0xf8, 0xff, 0x08, 0x0c, 0xf8, 0xff,
    0x10, 0x08, 0xf8, 0xff, 0x08, 0x08, 0xf8, 0xff, 0x10, 0x08, 0xf8, 0xff,
    0x08, 0x08, 0xf8, 0xff, 0x10, 0x08, 0xf8, 0xff, 0x08, 0x08, 0xf8, 0xff,
    0x10, 0x0c, 0xf8, 0xff, 0x08, 0x08, 0xf8, 0xff, 0x08, 0x08, 0xf8, 0xff,
    0x10, 0x0c, 0xf8, 0xff, 0x08, 0x08, 0xf8, 0xff, 0x08, 0x08, 0xf8, 0xff,
    0x10, 0x0c, 0xf8, 0xff, 0x08, 0x08, 0xf8, 0xff, 0x10, 0x08, 0xf8, 0xff,
    0x10, 0x0c, 0xf8, 0xff, 0x08, 0x08, 0xf8, 0xff, 0x08, 0x08, 0xf8, 0xff,
    0x10, 0x0c, 0xf8, 0xff, 0x08, 0x08, 0xf8, 0xff, 0x08, 0x08, 0xf8, 0xff,
    0x10, 0x08, 0xf8, 0xff, 0x08, 0x08, 0xf8, 0xff, 0x10, 0x08, 0xf8, 0xff,
    0x08, 0x0c, 0xf8, 0xff, 0x10, 0x08, 0xf8, 0xff, 0x08, 0x08, 0xf8, 0xff,
    0x10, 0x08, 0xf8, 0xff, 0x08, 0x0c, 0xf8, 0xff, 0x08, 0x08, 0xf8, 0xff,
    0x10, 0x08, 0xf8, 0xff, 0x08, 0x0c, 0xf8, 0xff, 0x08, 0x08, 0xf8, 0xff,
    0x10, 0x0c, 0xf8, 0xff, 0x08, 0x08, 0xf8, 0xff, 0x08, 0x08, 0xf8, 0xff,
    0x10, 0x08, 0xf8, 0xff, 0x08, 0x08, 0xf8, 0xff, 0x08, 0x0c, 0xf8, 0xff,
    0x10, 0x08, 0xf8, 0xff, 0x08, 0x08, 0xf8, 0xff, 0x08, 0x0c, 0xf8, 0x92,
    0x10, 0x0c, 0xf8, 0x14, 0x00, 0x00, 0x00, 0x00, 0x00, 0x00, 0x00, 0x00,
    0x00, 0x00, 0x00, 0x00, 0x00, 0x00, 0x00, 0x00, 0x00, 0x00, 0x00, 0x00,
    0x00, 0x00, 0x00, 0x00, 0x00, 0x00, 0x00, 0x00, 0x00, 0x00, 0x00, 0x00,
    0x00, 0x00, 0x00, 0x00, 0x00, 0x00, 0x00, 0x00, 0x00, 0x00, 0x00, 0x00,
    0x00, 0x00, 0x00, 0x00, 0x00, 0x00, 0x00, 0x00, 0x00, 0x00, 0x00, 0x00,
    0x00, 0x00, 0x00, 0x00, 0x00, 0x00, 0x00, 0x00, 0x00, 0x00, 0x00, 0x00,
    0x00, 0x00, 0x00, 0x00, 0x00, 0x00, 0x00, 0x00, 0x00, 0x00, 0x00, 0x00,
    0x00, 0x00, 0x00, 0x00, 0x00, 0x00, 0x00, 0x00, 0x00, 0x00, 0x00, 0x00,
    0x00, 0x00, 0x00, 0x00, 0x00, 0x00, 0x00, 0x00, 0x00, 0x00, 0x00, 0x00,
    0x00, 0x00, 0x00, 0x00, 0x00, 0x00, 0x00, 0x00, 0x00, 0x00, 0x00, 0x00,
    0x00, 0x00, 0x00, 0x00, 0x00, 0x00, 0x00, 0x00, 0x00, 0x00, 0x00, 0x00,
    0x00, 0x00, 0x00, 0x00, 0x00, 0x00, 0x00, 0x00, 0x00, 0x00, 0x00, 0x00,
    0x00, 0x00, 0x00, 0x00, 0x00, 0x00, 0x00, 0x00, 0x00, 0x00, 0x00, 0x00,
    0x00, 0x00, 0x00, 0x00, 0x00, 0x00, 0x00, 0x00, 0x00, 0x00, 0x00, 0x00,
    0x00, 0x00, 0x00, 0x00, 0x00, 0x00, 0x00, 0x00, 0x00, 0x00, 0x00, 0x00,
    0x00, 0x00, 0x00, 0x00, 0x00, 0x00, 0x00, 0x00, 0x00, 0x00, 0x00, 0x00,
    0x00, 0x00, 0x00, 0x00, 0x00, 0x00, 0x00, 0x00, 0x00, 0x00, 0x00, 0x00,
    0x08, 0x0c, 0xf8, 0x2c, 0x10, 0x08, 0xf8, 0xa2, 0x08, 0x08, 0xf8, 0xff,
    0x08, 0x08, 0xf8, 0xff, 0x10, 0x0c, 0xf8, 0xff, 0x08, 0x08, 0xf8, 0xff,
    0x08, 0x08, 0xf8, 0xff, 0x10, 0x08, 0xf8, 0xff, 0x08, 0x0c, 0xf8, 0xff,
    0x08, 0x08, 0xf8, 0xff, 0x10, 0x08, 0xf8, 0xff, 0x08, 0x08, 0xf8, 0xff,
    0x08, 0x08, 0xf8, 0xff, 0x10, 0x08, 0xf8, 0xff, 0x08, 0x08, 0xf8, 0xff,
    0x10, 0x08, 0xf8, 0xff, 0x08, 0x0c, 0xf8, 0xff, 0x10, 0x08, 0xf8, 0xff,
    0x10, 0x08, 0xf8, 0xff, 0x08, 0x0c, 0xf8, 0xff, 0x08, 0x08, 0xf8, 0xff,
    0x08, 0x08, 0xf8, 0xff, 0x10, 0x0c, 0xf8, 0xff, 0x08, 0x08, 0xf8, 0xff,
    0x10, 0x08, 0xf8, 0xff, 0x10, 0x0c, 0xf8, 0xff, 0x08, 0x08, 0xf8, 0xff,
    0x10, 0x08, 0xf8, 0xff, 0x08, 0x0c, 0xf8, 0xff, 0x10, 0x08, 0xf8, 0xff,
    0x08, 0x08, 0xf8, 0xff, 0x08, 0x08, 0xf8, 0xff, 0x08, 0x0c, 0xf8, 0xff,
    0x08, 0x08, 0xf8, 0xff, 0x10, 0x08, 0xf8, 0xff, 0x08, 0x08, 0xf8, 0xff,
    0x08, 0x08, 0xf8, 0xff, 0x10, 0x08, 0xf8, 0xff, 0x08, 0x08, 0xf8, 0xff,
    0x10, 0x0c, 0xf8, 0xff, 0x08, 0x08, 0xf8, 0xff, 0x10, 0x0c, 0xf8, 0xff,
    0x08, 0x08, 0xf8, 0xff, 0x08, 0x0c, 0xf8, 0xff, 0x10, 0x08, 0xf8, 0xff,
    0x08, 0x08, 0xf8, 0xff, 0x10, 0x08, 0xf8, 0xa2, 0x08, 0x0c, 0xf8, 0x30,
    0x00, 0x00, 0x00, 0x00, 0x00, 0x00, 0x00, 0x00, 0x00, 0x00, 0x00, 0x00,
    0x00, 0x00, 0x00, 0x00, 0x00, 0x00, 0x00, 0x00, 0x00, 0x00, 0x00, 0x00,
    0x00, 0x00, 0x00, 0x00, 0x00, 0x00, 0x00, 0x00, 0x00, 0x00, 0x00, 0x00,
    0x00, 0x00, 0x00, 0x00, 0x00, 0x00, 0x00, 0x00, 0x00, 0x00, 0x00, 0x00,
    0x00, 0x00, 0x00, 0x00, 0x00, 0x00, 0x00, 0x00, 0x00, 0x00, 0x00, 0x00,
    0x00, 0x00, 0x00, 0x00, 0x00, 0x00, 0x00, 0x00, 0x00, 0x00, 0x00, 0x00,
    0x00, 0x00, 0x00, 0x00, 0x00, 0x00, 0x00, 0x00, 0x00, 0x00, 0x00, 0x00,
    0x00, 0x00, 0x00, 0x00, 0x00, 0x00, 0x00, 0x00, 0x00, 0x00, 0x00, 0x00,
    0x00, 0x00, 0x00, 0x00, 0x00, 0x00, 0x00, 0x00, 0x00, 0x00, 0x00, 0x00,
    0x00, 0x00, 0x00, 0x00, 0x00, 0x00, 0x00, 0x00, 0x00, 0x00, 0x00, 0x00,
    0x00, 0x00, 0x00, 0x00, 0x00, 0x00, 0x00, 0x00, 0x00, 0x00, 0x00, 0x00,
    0x00, 0x00, 0x00, 0x00, 0x00, 0x00, 0x00, 0x00, 0x00, 0x00, 0x00, 0x00,
    0x00, 0x00, 0x00, 0x00, 0x00, 0x00, 0x00, 0x00, 0x00, 0x00, 0x00, 0x00,
    0x00, 0x00, 0x00, 0x00, 0x00, 0x00, 0x00, 0x00, 0x00, 0x00, 0x00, 0x00,
    0x00, 0x00, 0x00, 0x00, 0x00, 0x00, 0x00, 0x00, 0x00, 0x00, 0x00, 0x00,
    0x00, 0x00, 0x00, 0x00, 0x00, 0x00, 0x00, 0x00, 0x00, 0x00, 0x00, 0x00,
    0x00, 0x00, 0x00, 0x00, 0x00, 0x00, 0x00, 0x00, 0x00, 0x00, 0x00, 0x00,
    0x00, 0x00, 0x00, 0x00, 0x00, 0x00, 0x00, 0x00, 0x00, 0x00, 0x00, 0x00,
    0x10, 0x0c, 0xf8, 0x2c, 0x10, 0x08, 0xf8, 0x9a, 0x08, 0x08, 0xf8, 0xff,
    0x08, 0x08, 0xf8, 0xff, 0x10, 0x08, 0xf8, 0xff, 0x08, 0x0c, 0xf8, 0xff,
    0x08, 0x08, 0xf8, 0xff, 0x10, 0x08, 0xf8, 0xff, 0x08, 0x0c, 0xf8, 0xff,
    0x08, 0x0c, 0xf8, 0xff, 0x10, 0x08, 0xf8, 0xff, 0x08, 0x0c, 0xf8, 0xff,
    0x08, 0x08, 0xf8, 0xff, 0x08, 0x08, 0xf8, 0xff, 0x08, 0x08, 0xf8, 0xff,
    0x08, 0x08, 0xf8, 0xff, 0x10, 0x08, 0xf8, 0xff, 0x08, 0x08, 0xf8, 0xff,
    0x08, 0x08, 0xf8, 0xff, 0x10, 0x08, 0xf8, 0xff, 0x08, 0x08, 0xf8, 0xff,
    0x08, 0x08, 0xf8, 0xff, 0x08, 0x08, 0xf8, 0xff, 0x08, 0x08, 0xf8, 0xff,
    0x10, 0x08, 0xf8, 0xff, 0x08, 0x0c, 0xf8, 0xff, 0x08, 0x08, 0xf8, 0xff,
    0x10, 0x08, 0xf8, 0xff, 0x08, 0x0c, 0xf8, 0xff, 0x10, 0x08, 0xf8, 0xff,
    0x10, 0x08, 0xf8, 0xff, 0x08, 0x0c, 0xf8, 0xff, 0x08, 0x08, 0xf8, 0xff,
    0x10, 0x08, 0xf8, 0xff, 0x08, 0x0c, 0xf8, 0xff, 0x08, 0x08, 0xf8, 0xff,
    0x10, 0x08, 0xf8, 0xff, 0x08, 0x08, 0xf8, 0xff, 0x08, 0x08, 0xf8, 0xff,
    0x10, 0x08, 0xf8, 0xff, 0x08, 0x08, 0xf8, 0xff, 0x08, 0x08, 0xf8, 0xff,
    0x10, 0x08, 0xf8, 0x96, 0x08, 0x0c, 0xf8, 0x2c, 0x00, 0x00, 0x00, 0x00,
    0x00, 0x00, 0x00, 0x00, 0x00, 0x00, 0x00, 0x00, 0x00, 0x00, 0x00, 0x00,
    0x00, 0x00, 0x00, 0x00, 0x00, 0x00, 0x00, 0x00, 0x00, 0x00, 0x00, 0x00,
    0x00, 0x00, 0x00, 0x00, 0x00, 0x00, 0x00, 0x00, 0x00, 0x00, 0x00, 0x00,
    0x00, 0x00, 0x00, 0x00, 0x00, 0x00, 0x00, 0x00, 0x00, 0x00, 0x00, 0x00,
    0x00, 0x00, 0x00, 0x00, 0x00, 0x00, 0x00, 0x00, 0x00, 0x00, 0x00, 0x00,
    0x00, 0x00, 0x00, 0x00, 0x00, 0x00, 0x00, 0x00, 0x00, 0x00, 0x00, 0x00,
    0x00, 0x00, 0x00, 0x00, 0x00, 0x00, 0x00, 0x00, 0x00, 0x00, 0x00, 0x00,
    0x00, 0x00, 0x00, 0x00, 0x00, 0x00, 0x00, 0x00, 0x00, 0x00, 0x00, 0x00,
    0x00, 0x00, 0x00, 0x00, 0x00, 0x00, 0x00, 0x00, 0x00, 0x00, 0x00, 0x00,
    0x00, 0x00, 0x00, 0x00, 0x00, 0x00, 0x00, 0x00, 0x00, 0x00, 0x00, 0x00,
    0x00, 0x00, 0x00, 0x00, 0x00, 0x00, 0x00, 0x00, 0x00, 0x00, 0x00, 0x00,
    0x00, 0x00, 0x00, 0x00, 0x00, 0x00, 0x00, 0x00, 0x00, 0x00, 0x00, 0x00,
    0x00, 0x00, 0x00, 0x00, 0x00, 0x00, 0x00, 0x00, 0x00, 0x00, 0x00, 0x00,
    0x00, 0x00, 0x00, 0x00, 0x00, 0x00, 0x00, 0x00, 0x00, 0x00, 0x00, 0x00,
    0x00, 0x00, 0x00, 0x00, 0x00, 0x00, 0x00, 0x00, 0x00, 0x00, 0x00, 0x00,
    0x00, 0x00, 0x00, 0x00, 0x00, 0x00, 0x00, 0x00, 0x00, 0x00, 0x00, 0x00,
    0x00, 0x00, 0x00, 0x00, 0x00, 0x00, 0x00, 0x00, 0x00, 0x00, 0x00, 0x00,
    0x00, 0x00, 0x00, 0x00, 0x00, 0x00, 0x00, 0x00, 0x00, 0x00, 0x00, 0x00,
    0x00, 0x00, 0x00, 0x00, 0x00, 0x00, 0x00, 0x00, 0x00, 0x00, 0x00, 0x00,
    0x10, 0x0c, 0xf8, 0x14, 0x08, 0x0c, 0xf8, 0x75, 0x10, 0x08, 0xf8, 0xd7,
    0x08, 0x08, 0xf8, 0xff, 0x08, 0x08, 0xf8, 0xff, 0x10, 0x08, 0xf8, 0xff,
    0x08, 0x08, 0xf8, 0xff, 0x08, 0x08, 0xf8, 0xff, 0x10, 0x08, 0xf8, 0xff,
    0x08, 0x0c, 0xf8, 0xff, 0x10, 0x08, 0xf8, 0xff, 0x10, 0x08, 0xf8, 0xff,
    0x08, 0x0c, 0xf8, 0xff, 0x08, 0x0c, 0xf8, 0xff, 0x10, 0x08, 0xf8, 0xff,
    0x08, 0x0c, 0xf8, 0xff, 0x10, 0x08, 0xf8, 0xff, 0x08, 0x0c, 0xf8, 0xff,
    0x08, 0x08, 0xf8, 0xff, 0x10, 0x0c, 0xf8, 0xff, 0x08, 0x08, 0xf8, 0xff,
    0x08, 0x08, 0xf8, 0xff, 0x10, 0x0c, 0xf8, 0xff, 0x08, 0x08, 0xf8, 0xff,
    0x08, 0x08, 0xf8, 0xff, 0x10, 0x08, 0xf8, 0xff, 0x08, 0x0c, 0xf8, 0xff,
    0x08, 0x08, 0xf8, 0xff, 0x10, 0x08, 0xf8, 0xff, 0x08, 0x08, 0xf8, 0xff,
    0x08, 0x08, 0xf8, 0xff, 0x10, 0x0c, 0xf8, 0xff, 0x08, 0x08, 0xf8, 0xff,
    0x08, 0x08, 0xf8, 0xff, 0x10, 0x0c, 0xf8, 0xff, 0x08, 0x08, 0xf8, 0xff,
    0x08, 0x08, 0xf8, 0xff, 0x10, 0x0c, 0xf8, 0xd7, 0x08, 0x08, 0xf8, 0x75,
    0x10, 0x0c, 0xf8, 0x14, 0x00, 0x00, 0x00, 0x00, 0x00, 0x00, 0x00, 0x00,
    0x00, 0x00, 0x00, 0x00, 0x00, 0x00, 0x00, 0x00, 0x00, 0x00, 0x00, 0x00,
    0x00, 0x00, 0x00, 0x00, 0x00, 0x00, 0x00, 0x00, 0x00, 0x00, 0x00, 0x00,
    0x00, 0x00, 0x00, 0x00, 0x00, 0x00, 0x00, 0x00, 0x00, 0x00, 0x00, 0x00,
    0x00, 0x00, 0x00, 0x00, 0x00, 0x00, 0x00, 0x00, 0x00, 0x00, 0x00, 0x00,
    0x00, 0x00, 0x00, 0x00, 0x00, 0x00, 0x00, 0x00, 0x00, 0x00, 0x00, 0x00,
    0x00, 0x00, 0x00, 0x00, 0x00, 0x00, 0x00, 0x00, 0x00, 0x00, 0x00, 0x00,
    0x00, 0x00, 0x00, 0x00, 0x00, 0x00, 0x00, 0x00, 0x00, 0x00, 0x00, 0x00,
    0x00, 0x00, 0x00, 0x00, 0x00, 0x00, 0x00, 0x00, 0x00, 0x00, 0x00, 0x00,
    0x00, 0x00, 0x00, 0x00, 0x00, 0x00, 0x00, 0x00, 0x00, 0x00, 0x00, 0x00,
    0x00, 0x00, 0x00, 0x00, 0x00, 0x00, 0x00, 0x00, 0x00, 0x00, 0x00, 0x00,
    0x00, 0x00, 0x00, 0x00, 0x00, 0x00, 0x00, 0x00, 0x00, 0x00, 0x00, 0x00,
    0x00, 0x00, 0x00, 0x00, 0x00, 0x00, 0x00, 0x00, 0x00, 0x00, 0x00, 0x00,
    0x00, 0x00, 0x00, 0x00, 0x00, 0x00, 0x00, 0x00, 0x00, 0x00, 0x00, 0x00,
    0x00, 0x00, 0x00, 0x00, 0x00, 0x00, 0x00, 0x00, 0x00, 0x00, 0x00, 0x00,
    0x00, 0x00, 0x00, 0x00, 0x00, 0x00, 0x00, 0x00, 0x00, 0x00, 0x00, 0x00,
    0x00, 0x00, 0x00, 0x00, 0x00, 0x00, 0x00, 0x00, 0x00, 0x00, 0x00, 0x00,
    0x00, 0x00, 0x00, 0x00, 0x00, 0x00, 0x00, 0x00, 0x00, 0x00, 0x00, 0x00,
    0x00, 0x00, 0x00, 0x00, 0x00, 0x00, 0x00, 0x00, 0x00, 0x00, 0x00, 0x00,
    0x00, 0x00, 0x00, 0x00, 0x00, 0x00, 0x00, 0x00, 0x00, 0x00, 0x00, 0x00,
    0x00, 0x00, 0x00, 0x00, 0x00, 0x00, 0x00, 0x00, 0x00, 0x00, 0x00, 0x00,
    0x00, 0x00, 0x00, 0x00, 0x08, 0x08, 0xf8, 0x38, 0x10, 0x0c, 0xf8, 0x8a,
    0x08, 0x0c, 0xf8, 0xd7, 0x10, 0x08, 0xf8, 0xff, 0x08, 0x08, 0xf8, 0xff,
    0x08, 0x08, 0xf8, 0xff, 0x10, 0x08, 0xf8, 0xff, 0x08, 0x08, 0xf8, 0xff,
    0x10, 0x08, 0xf8, 0xff, 0x08, 0x08, 0xf8, 0xff, 0x10, 0x08, 0xf8, 0xff,
    0x08, 0x08, 0xf8, 0xff, 0x08, 0x08, 0xf8, 0xff, 0x10, 0x0c, 0xf8, 0xff,
    0x08, 0x08, 0xf8, 0xff, 0x10, 0x08, 0xf8, 0xff, 0x10, 0x0c, 0xf8, 0xff,
    0x08, 0x08, 0xf8, 0xff, 0x10, 0x08, 0xf8, 0xff, 0x08, 0x08, 0xf8, 0xff,
    0x08, 0x08, 0xf8, 0xff, 0x10, 0x08, 0xf8, 0xff, 0x08, 0x0c, 0xf8, 0xff,
    0x08, 0x08, 0xf8, 0xff, 0x08, 0x08, 0xf8, 0xff, 0x10, 0x08, 0xf8, 0xff,
    0x08, 0x0c, 0xf8, 0xff, 0x10, 0x08, 0xf8, 0xff, 0x08, 0x08, 0xf8, 0xff,
    0x10, 0x08, 0xf8, 0xff, 0x08, 0x0c, 0xf8, 0xff, 0x10, 0x0c, 0xf8, 0xd7,
    0x08, 0x08, 0xf8, 0x8a, 0x08, 0x08, 0xf8, 0x38, 0x00, 0x00, 0x00, 0x00,
    0x00, 0x00, 0x00, 0x00, 0x00, 0x00, 0x00, 0x00, 0x00, 0x00, 0x00, 0x00,
    0x00, 0x00, 0x00, 0x00, 0x00, 0x00, 0x00, 0x00, 0x00, 0x00, 0x00, 0x00,
    0x00, 0x00, 0x00, 0x00, 0x00, 0x00, 0x00, 0x00, 0x00, 0x00, 0x00, 0x00,
    0x00, 0x00, 0x00, 0x00, 0x00, 0x00, 0x00, 0x00, 0x00, 0x00, 0x00, 0x00,
    0x00, 0x00, 0x00, 0x00, 0x00, 0x00, 0x00, 0x00, 0x00, 0x00, 0x00, 0x00,
    0x00, 0x00, 0x00, 0x00, 0x00, 0x00, 0x00, 0x00, 0x00, 0x00, 0x00, 0x00,
    0x00, 0x00, 0x00, 0x00, 0x00, 0x00, 0x00, 0x00, 0x00, 0x00, 0x00, 0x00,
    0x00, 0x00, 0x00, 0x00, 0x00, 0x00, 0x00, 0x00, 0x00, 0x00, 0x00, 0x00,
    0x00, 0x00, 0x00, 0x00, 0x00, 0x00, 0x00, 0x00, 0x00, 0x00, 0x00, 0x00,
    0x00, 0x00, 0x00, 0x00, 0x00, 0x00, 0x00, 0x00, 0x00, 0x00, 0x00, 0x00,
    0x00, 0x00, 0x00, 0x00, 0x00, 0x00, 0x00, 0x00, 0x00, 0x00, 0x00, 0x00,
    0x00, 0x00, 0x00, 0x00, 0x00, 0x00, 0x00, 0x00, 0x00, 0x00, 0x00, 0x00,
    0x00, 0x00, 0x00, 0x00, 0x00, 0x00, 0x00, 0x00, 0x00, 0x00, 0x00, 0x00,
    0x00, 0x00, 0x00, 0x00, 0x00, 0x00, 0x00, 0x00, 0x00, 0x00, 0x00, 0x00,
    0x00, 0x00, 0x00, 0x00, 0x00, 0x00, 0x00, 0x00, 0x00, 0x00, 0x00, 0x00,
    0x00, 0x00, 0x00, 0x00, 0x00, 0x00, 0x00, 0x00, 0x00, 0x00, 0x00, 0x00,
    0x00, 0x00, 0x00, 0x00, 0x00, 0x00, 0x00, 0x00, 0x00, 0x00, 0x00, 0x00,
    0x00, 0x00, 0x00, 0x00, 0x00, 0x00, 0x00, 0x00, 0x00, 0x00, 0x00, 0x00,
    0x00, 0x00, 0x00, 0x00, 0x00, 0x00, 0x00, 0x00, 0x00, 0x00, 0x00, 0x00,
    0x00, 0x00, 0x00, 0x00, 0x00, 0x00, 0x00, 0x00, 0x00, 0x00, 0x00, 0x00,
    0x00, 0x00, 0x00, 0x00, 0x00, 0x00, 0x00, 0x00, 0x00, 0x00, 0x00, 0x00,
    0x00, 0x00, 0x00, 0x00, 0x00, 0x00, 0x00, 0x00, 0x00, 0x00, 0x00, 0x00,
    0x00, 0x00, 0x00, 0x00, 0x00, 0x00, 0x00, 0x00, 0x10, 0x08, 0xf8, 0x28,
    0x10, 0x08, 0xf8, 0x6d, 0x08, 0x0c, 0xf8, 0xaa, 0x08, 0x08, 0xf8, 0xe3,
    0x08, 0x0c, 0xf8, 0xff, 0x08, 0x08, 0xf8, 0xff, 0x10, 0x08, 0xf8, 0xff,
    0x08, 0x0c, 0xf8, 0xff, 0x08, 0x08, 0xf8, 0xff, 0x10, 0x08, 0xf8, 0xff,
    0x08, 0x08, 0xf8, 0xff, 0x08, 0x08, 0xf8, 0xff, 0x08, 0x08, 0xf8, 0xff,
    0x08, 0x08, 0xf8, 0xff, 0x08, 0x0c, 0xf8, 0xff, 0x10, 0x08, 0xf8, 0xff,
    0x08, 0x0c, 0xf8, 0xff, 0x08, 0x08, 0xf8, 0xff, 0x10, 0x08, 0xf8, 0xff,
    0x10, 0x08, 0xf8, 0xff, 0x08, 0x08, 0xf8, 0xff, 0x10, 0x08, 0xf8, 0xff,
    0x08, 0x0c, 0xf8, 0xff, 0x08, 0x08, 0xf8, 0xff, 0x08, 0x08, 0xf8, 0xe3,
    0x10, 0x08, 0xf8, 0xaa, 0x10, 0x08, 0xf8, 0x6d, 0x08, 0x08, 0xf8, 0x28,
    0x00, 0x00, 0x00, 0x00, 0x00, 0x00, 0x00, 0x00, 0x00, 0x00, 0x00, 0x00,
    0x00, 0x00, 0x00, 0x00, 0x00, 0x00, 0x00, 0x00, 0x00, 0x00, 0x00, 0x00,
    0x00, 0x00, 0x00, 0x00, 0x00, 0x00, 0x00, 0x00, 0x00, 0x00, 0x00, 0x00,
    0x00, 0x00, 0x00, 0x00, 0x00, 0x00, 0x00, 0x00, 0x00, 0x00, 0x00, 0x00,
    0x00, 0x00, 0x00, 0x00, 0x00, 0x00, 0x00, 0x00, 0x00, 0x00, 0x00, 0x00,
    0x00, 0x00, 0x00, 0x00, 0x00, 0x00, 0x00, 0x00, 0x00, 0x00, 0x00, 0x00,
    0x00, 0x00, 0x00, 0x00, 0x00, 0x00, 0x00, 0x00, 0x00, 0x00, 0x00, 0x00,
    0x00, 0x00, 0x00, 0x00, 0x00, 0x00, 0x00, 0x00, 0x00, 0x00, 0x00, 0x00,
    0x00, 0x00, 0x00, 0x00, 0x00, 0x00, 0x00, 0x00, 0x00, 0x00, 0x00, 0x00,
    0x00, 0x00, 0x00, 0x00, 0x00, 0x00, 0x00, 0x00, 0x00, 0x00, 0x00, 0x00,
    0x00, 0x00, 0x00, 0x00, 0x00, 0x00, 0x00, 0x00, 0x00, 0x00, 0x00, 0x00,
    0x00, 0x00, 0x00, 0x00, 0x00, 0x00, 0x00, 0x00, 0x00, 0x00, 0x00, 0x00,
    0x00, 0x00, 0x00, 0x00, 0x00, 0x00, 0x00, 0x00, 0x00, 0x00, 0x00, 0x00,
    0x00, 0x00, 0x00, 0x00, 0x00, 0x00, 0x00, 0x00, 0x00, 0x00, 0x00, 0x00,
    0x00, 0x00, 0x00, 0x00, 0x00, 0x00, 0x00, 0x00, 0x00, 0x00, 0x00, 0x00,
    0x00, 0x00, 0x00, 0x00, 0x00, 0x00, 0x00, 0x00, 0x00, 0x00, 0x00, 0x00,
    0x00, 0x00, 0x00, 0x00, 0x00, 0x00, 0x00, 0x00, 0x00, 0x00, 0x00, 0x00,
    0x00, 0x00, 0x00, 0x00, 0x00, 0x00, 0x00, 0x00, 0x00, 0x00, 0x00, 0x00,
    0x00, 0x00, 0x00, 0x00, 0x00, 0x00, 0x00, 0x00, 0x00, 0x00, 0x00, 0x00,
    0x00, 0x00, 0x00, 0x00, 0x00, 0x00, 0x00, 0x00, 0x00, 0x00, 0x00, 0x00,
    0x00, 0x00, 0x00, 0x00, 0x00, 0x00, 0x00, 0x00, 0x00, 0x00, 0x00, 0x00,
    0x00, 0x00, 0x00, 0x00, 0x00, 0x00, 0x00, 0x00, 0x00, 0x00, 0x00, 0x00,
    0x00, 0x00, 0x00, 0x00, 0x00, 0x00, 0x00, 0x00, 0x00, 0x00, 0x00, 0x00,
    0x00, 0x00, 0x00, 0x00, 0x00, 0x00, 0x00, 0x00, 0x00, 0x00, 0x00, 0x00,
    0x00, 0x00, 0x00, 0x00, 0x00, 0x00, 0x00, 0x00, 0x00, 0x00, 0x00, 0x00,
    0x00, 0x00, 0x00, 0x00, 0x08, 0x08, 0xf8, 0x1c, 0x10, 0x0c, 0xf8, 0x49,
    0x08, 0x0c, 0xf8, 0x71, 0x08, 0x08, 0xf8, 0x92, 0x10, 0x08, 0xf8, 0xb2,
    0x08, 0x0c, 0xf8, 0xcb, 0x10, 0x08, 0xf8, 0xdf, 0x08, 0x08, 0xf8, 0xff,
    0x10, 0x0c, 0xf8, 0xff, 0x08, 0x08, 0xf8, 0xff, 0x10, 0x08, 0xf8, 0xff,
    0x08, 0x08, 0xf8, 0xff, 0x10, 0x08, 0xf8, 0xff, 0x08, 0x0c, 0xf8, 0xdf,
    0x08, 0x08, 0xf8, 0xcb, 0x08, 0x0c, 0xf8, 0xb2, 0x08, 0x08, 0xf8, 0x96,
    0x10, 0x08, 0xf8, 0x71, 0x08, 0x0c, 0xf8, 0x49, 0x08, 0x08, 0xf8, 0x1c,
    0x00, 0x00, 0x00, 0x00, 0x00, 0x00, 0x00, 0x00, 0x00, 0x00, 0x00, 0x00,
    0x00, 0x00, 0x00, 0x00, 0x00, 0x00, 0x00, 0x00, 0x00, 0x00, 0x00, 0x00,
    0x00, 0x00, 0x00, 0x00, 0x00, 0x00, 0x00, 0x00, 0x00, 0x00, 0x00, 0x00,
    0x00, 0x00, 0x00, 0x00, 0x00, 0x00, 0x00, 0x00, 0x00, 0x00, 0x00, 0x00,
    0x00, 0x00, 0x00, 0x00, 0x00, 0x00, 0x00, 0x00, 0x00, 0x00, 0x00, 0x00,
    0x00, 0x00, 0x00, 0x00, 0x00, 0x00, 0x00, 0x00, 0x00, 0x00, 0x00, 0x00,
    0x00, 0x00, 0x00, 0x00, 0x00, 0x00, 0x00, 0x00, 0x00, 0x00, 0x00, 0x00,
    0x00, 0x00, 0x00, 0x00, 0x00, 0x00, 0x00, 0x00, 0x00, 0x00, 0x00, 0x00,
    0x00, 0x00, 0x00, 0x00, 0x00, 0x00, 0x00, 0x00, 0x00, 0x00, 0x00, 0x00,
    0x00, 0x00, 0x00, 0x00, 0x00, 0x00, 0x00, 0x00, 0x00, 0x00, 0x00, 0x00,
    0x00, 0x00, 0x00, 0x00, 0x00, 0x00, 0x00, 0x00, 0x00, 0x00, 0x00, 0x00,
    0x00, 0x00, 0x00, 0x00, 0x00, 0x00, 0x00, 0x00, 0x00, 0x00, 0x00, 0x00,
    0x00, 0x00, 0x00, 0x00, 0x00, 0x00, 0x00, 0x00, 0x00, 0x00, 0x00, 0x00,
    0x00, 0x00, 0x00, 0x00
};
