// 4.26.0 0x8db3fff1 D2 AY R0 FARGB8888 U565 N0 SExtFlashSection
// Generated by imageconverter. Please, do not edit!

#include <touchgfx/hal/Config.hpp>

LOCATION_PRAGMA("ExtFlashSection")
KEEP extern const unsigned char image_smoke_alarm[] LOCATION_ATTRIBUTE("ExtFlashSection") = { // 100x100 ARGB8888 pixels.
    0x00, 0x00, 0x00, 0x00, 0x00, 0x00, 0x00, 0x00, 0x00, 0x00, 0x00, 0x00,
    0x00, 0x00, 0x00, 0x00, 0x00, 0x00, 0x00, 0x00, 0x00, 0x00, 0x00, 0x00,
    0x00, 0x00, 0x00, 0x00, 0x00, 0x00, 0x00, 0x00, 0x00, 0x00, 0x00, 0x00,
    0x00, 0x00, 0x00, 0x00, 0x00, 0x00, 0x00, 0x00, 0x00, 0x00, 0x00, 0x00,
    0x00, 0x00, 0x00, 0x00, 0x00, 0x00, 0x00, 0x00, 0x00, 0x00, 0x00, 0x00,
    0x00, 0x00, 0x00, 0x00, 0x00, 0x00, 0x00, 0x00, 0x00, 0x00, 0x00, 0x00,
    0x00, 0x00, 0x00, 0x00, 0x00, 0x00, 0x00, 0x00, 0x00, 0x00, 0x00, 0x00,
    0x00, 0x00, 0x00, 0x00, 0x00, 0x00, 0x00, 0x00, 0x00, 0x00, 0x00, 0x00,
    0x00, 0x00, 0x00, 0x00, 0x00, 0x00, 0x00, 0x00, 0x00, 0x00, 0x00, 0x00,
    0x00, 0x00, 0x00, 0x00, 0x00, 0x00, 0x00, 0x00, 0x00, 0x00, 0x00, 0x00,
    0x00, 0x00, 0x00, 0x00, 0x00, 0x00, 0x00, 0x00, 0x00, 0x00, 0x00, 0x00,
    0x00, 0x00, 0x00, 0x00, 0x00, 0x00, 0x00, 0x00, 0x00, 0x00, 0x00, 0x00,
    0x00, 0x00, 0x00, 0x00, 0x00, 0x00, 0x00, 0x00, 0x00, 0x00, 0x00, 0x00,
    0x00, 0x00, 0x00, 0x00, 0x00, 0x00, 0x00, 0x00, 0x00, 0x00, 0x00, 0x00,
    0x00, 0x00, 0x00, 0x00, 0x00, 0x00, 0x00, 0x00, 0x00, 0x00, 0x00, 0x00,
    0x00, 0x00, 0x00, 0x00, 0x00, 0x00, 0x00, 0x00, 0x00, 0x00, 0x00, 0x00,
    0x00, 0x00, 0x00, 0x00, 0x00, 0x00, 0x00, 0x00, 0x00, 0x00, 0x00, 0x00,
    0x00, 0x00, 0x00, 0x00, 0x00, 0x00, 0x00, 0x00, 0x00, 0x00, 0x00, 0x00,
    0x00, 0x00, 0x00, 0x00, 0x00, 0x00, 0x00, 0x00, 0x00, 0x00, 0x00, 0x00,
    0x00, 0x00, 0x00, 0x00, 0x00, 0x00, 0x00, 0x00, 0x00, 0x00, 0x00, 0x00,
    0x00, 0x00, 0x00, 0x00, 0x00, 0x00, 0x00, 0x00, 0x00, 0x00, 0x00, 0x00,
    0x00, 0x00, 0x00, 0x00, 0x00, 0x00, 0x00, 0x00, 0x00, 0x00, 0x00, 0x00,
    0x00, 0x00, 0x00, 0x00, 0x00, 0x00, 0x00, 0x00, 0x00, 0x00, 0x00, 0x00,
    0x00, 0x00, 0x00, 0x00, 0x00, 0x00, 0x00, 0x00, 0x00, 0x00, 0x00, 0x00,
    0x00, 0x00, 0x00, 0x00, 0x00, 0x00, 0x00, 0x00, 0x00, 0x00, 0x00, 0x00,
    0x00, 0x00, 0x00, 0x00, 0x00, 0x00, 0x00, 0x00, 0x00, 0x00, 0x00, 0x00,
    0x00, 0x00, 0x00, 0x00, 0x00, 0x00, 0x00, 0x00, 0x00, 0x00, 0x00, 0x00,
    0x00, 0x00, 0x00, 0x00, 0x00, 0x00, 0x00, 0x00, 0x00, 0x00, 0x00, 0x00,
    0x00, 0x00, 0x00, 0x00, 0x00, 0x00, 0x00, 0x00, 0x00, 0x00, 0x00, 0x00,
    0x00, 0x00, 0x00, 0x00, 0x00, 0x00, 0x00, 0x00, 0x00, 0x00, 0x00, 0x00,
    0x00, 0x00, 0x00, 0x00, 0x00, 0x00, 0x00, 0x00, 0x00, 0x00, 0x00, 0x00,
    0x00, 0x00, 0x00, 0x00, 0x00, 0x00, 0x00, 0x00, 0x00, 0x00, 0x00, 0x00,
    0x00, 0x00, 0x00, 0x00, 0x00, 0x00, 0x00, 0x00, 0x00, 0x00, 0x00, 0x00,
    0x00, 0x00, 0x00, 0x00, 0x00, 0x00, 0x00, 0x00, 0x00, 0x00, 0x00, 0x00,
    0x00, 0x00, 0x00, 0x00, 0x00, 0x00, 0x00, 0x00, 0x00, 0x00, 0x00, 0x00,
    0x00, 0x00, 0x00, 0x00, 0x00, 0x00, 0x00, 0x00, 0x00, 0x00, 0x00, 0x00,
    0x00, 0x00, 0x00, 0x00, 0x00, 0x00, 0x00, 0x00, 0x00, 0x00, 0x00, 0x00,
    0x00, 0x00, 0x00, 0x00, 0x00, 0x00, 0x00, 0x00, 0x00, 0x00, 0x00, 0x00,
    0x00, 0x00, 0x00, 0x00, 0x00, 0x00, 0x00, 0x00, 0x00, 0x00, 0x00, 0x00,
    0x00, 0x00, 0x00, 0x00, 0x00, 0x00, 0x00, 0x00, 0x00, 0x00, 0x00, 0x00,
    0x00, 0x00, 0x00, 0x00, 0x00, 0x00, 0x00, 0x00, 0x00, 0x00, 0x00, 0x00,
    0x00, 0x00, 0x00, 0x00, 0x00, 0x00, 0x00, 0x00, 0x00, 0x00, 0x00, 0x00,
    0x00, 0x00, 0x00, 0x00, 0x00, 0x00, 0x00, 0x00, 0x00, 0x00, 0x00, 0x00,
    0x00, 0x00, 0x00, 0x00, 0x00, 0x00, 0x00, 0x00, 0x00, 0x00, 0x00, 0x00,
    0x00, 0x00, 0x00, 0x00, 0x00, 0x00, 0x00, 0x00, 0x00, 0x00, 0x00, 0x00,
    0x00, 0x00, 0x00, 0x00, 0x00, 0x00, 0x00, 0x00, 0x00, 0x00, 0x00, 0x00,
    0x00, 0x00, 0x00, 0x00, 0x00, 0x00, 0x00, 0x00, 0x00, 0x00, 0x00, 0x00,
    0x00, 0x00, 0x00, 0x00, 0x00, 0x00, 0x00, 0x00, 0x00, 0x00, 0x00, 0x00,
    0x00, 0x00, 0x00, 0x00, 0x00, 0x00, 0x00, 0x00, 0x00, 0x00, 0x00, 0x00,
    0x00, 0x00, 0x00, 0x00, 0x00, 0x00, 0x00, 0x00, 0x00, 0x00, 0x00, 0x00,
    0x00, 0x00, 0x00, 0x00, 0x00, 0x00, 0x00, 0x00, 0x00, 0x00, 0x00, 0x00,
    0x00, 0x00, 0x00, 0x00, 0x00, 0x00, 0x00, 0x00, 0x00, 0x00, 0x00, 0x00,
    0x00, 0x00, 0x00, 0x00, 0x00, 0x00, 0x00, 0x00, 0x00, 0x00, 0x00, 0x00,
    0x00, 0x00, 0x00, 0x00, 0x00, 0x00, 0x00, 0x00, 0x00, 0x00, 0x00, 0x00,
    0x00, 0x00, 0x00, 0x00, 0x00, 0x00, 0x00, 0x00, 0x00, 0x00, 0x00, 0x00,
    0x00, 0x00, 0x00, 0x00, 0x00, 0x00, 0x00, 0x00, 0x00, 0x00, 0x00, 0x00,
    0x00, 0x00, 0x00, 0x00, 0x00, 0x00, 0x00, 0x00, 0x00, 0x00, 0x00, 0x00,
    0x00, 0x00, 0x00, 0x00, 0x00, 0x00, 0x00, 0x00, 0x00, 0x00, 0x00, 0x00,
    0x00, 0x00, 0x00, 0x00, 0x00, 0x00, 0x00, 0x00, 0x00, 0x00, 0x00, 0x00,
    0x00, 0x00, 0x00, 0x00, 0x00, 0x00, 0x00, 0x00, 0x00, 0x00, 0x00, 0x00,
    0x00, 0x00, 0x00, 0x00, 0x00, 0x00, 0x00, 0x00, 0x00, 0x00, 0x00, 0x00,
    0x00, 0x00, 0x00, 0x00, 0x00, 0x00, 0x00, 0x00, 0x00, 0x00, 0x00, 0x00,
    0x00, 0x00, 0x00, 0x00, 0x00, 0x00, 0x00, 0x00, 0x00, 0x00, 0x00, 0x00,
    0x00, 0x00, 0x00, 0x00, 0x00, 0x00, 0x00, 0x00, 0x00, 0x00, 0x00, 0x00,
    0x00, 0x00, 0x00, 0x00, 0x00, 0x00, 0x00, 0x00, 0x00, 0x00, 0x00, 0x00,
    0x00, 0x00, 0x00, 0x00, 0x00, 0x00, 0x00, 0x00, 0x00, 0x00, 0x00, 0x00,
    0x00, 0x00, 0x00, 0x00, 0x00, 0x00, 0x00, 0x00, 0x00, 0x00, 0x00, 0x00,
    0x00, 0x00, 0x00, 0x00, 0x00, 0x00, 0x00, 0x00, 0x00, 0x00, 0x00, 0x00,
    0x00, 0x00, 0x00, 0x00, 0x00, 0x00, 0x00, 0x00, 0x00, 0x00, 0x00, 0x00,
    0x00, 0x00, 0x00, 0x00, 0x00, 0x00, 0x00, 0x00, 0x00, 0x00, 0x00, 0x00,
    0x00, 0x00, 0x00, 0x00, 0x00, 0x00, 0x00, 0x00, 0x00, 0x00, 0x00, 0x00,
    0x00, 0x00, 0x00, 0x00, 0x00, 0x00, 0x00, 0x00, 0x00, 0x00, 0x00, 0x00,
    0x00, 0x00, 0x00, 0x00, 0x00, 0x00, 0x00, 0x00, 0x00, 0x00, 0x00, 0x00,
    0x00, 0x00, 0x00, 0x00, 0x00, 0x00, 0x00, 0x00, 0x00, 0x00, 0x00, 0x00,
    0x00, 0x00, 0x00, 0x00, 0x00, 0x00, 0x00, 0x00, 0x00, 0x00, 0x00, 0x00,
    0x00, 0x00, 0x00, 0x00, 0x00, 0x00, 0x00, 0x00, 0x00, 0x00, 0x00, 0x00,
    0x00, 0x00, 0x00, 0x00, 0x00, 0x00, 0x00, 0x00, 0x00, 0x00, 0x00, 0x00,
    0x00, 0x00, 0x00, 0x00, 0x00, 0x00, 0x00, 0x00, 0x00, 0x00, 0x00, 0x00,
    0x00, 0x00, 0x00, 0x00, 0x00, 0x00, 0x00, 0x00, 0x00, 0x00, 0x00, 0x00,
    0x00, 0x00, 0x00, 0x00, 0x00, 0x00, 0x00, 0x00, 0x00, 0x00, 0x00, 0x00,
    0x00, 0x00, 0x00, 0x00, 0x00, 0x00, 0x00, 0x00, 0x00, 0x00, 0x00, 0x00,
    0x00, 0x00, 0x00, 0x00, 0x00, 0x00, 0x00, 0x00, 0x00, 0x00, 0x00, 0x00,
    0x00, 0x00, 0x00, 0x00, 0x00, 0x00, 0x00, 0x00, 0x00, 0x00, 0x00, 0x00,
    0x00, 0x00, 0x00, 0x00, 0x00, 0x00, 0x00, 0x00, 0x00, 0x00, 0x00, 0x00,
    0x00, 0x00, 0x00, 0x00, 0x00, 0x00, 0x00, 0x00, 0x00, 0x00, 0x00, 0x00,
    0x00, 0x00, 0x00, 0x00, 0x00, 0x00, 0x00, 0x00, 0x00, 0x00, 0x00, 0x00,
    0x00, 0x00, 0x00, 0x00, 0x00, 0x00, 0x00, 0x00, 0x00, 0x00, 0x00, 0x00,
    0x00, 0x00, 0x00, 0x00, 0x00, 0x00, 0x00, 0x00, 0x00, 0x00, 0x00, 0x00,
    0x00, 0x00, 0x00, 0x00, 0x00, 0x00, 0x00, 0x00, 0x00, 0x00, 0x00, 0x00,
    0x00, 0x00, 0x00, 0x00, 0x00, 0x00, 0x00, 0x00, 0x00, 0x00, 0x00, 0x00,
    0x00, 0x00, 0x00, 0x00, 0x00, 0x00, 0x00, 0x00, 0x00, 0x00, 0x00, 0x00,
    0x00, 0x00, 0x00, 0x00, 0x00, 0x00, 0x00, 0x00, 0x00, 0x00, 0x00, 0x00,
    0x00, 0x00, 0x00, 0x00, 0x00, 0x00, 0x00, 0x00, 0x00, 0x00, 0x00, 0x00,
    0x00, 0x00, 0x00, 0x00, 0x00, 0x00, 0x00, 0x00, 0x00, 0x00, 0x00, 0x00,
    0x00, 0x00, 0x00, 0x00, 0x00, 0x00, 0x00, 0x00, 0x00, 0x00, 0x00, 0x00,
    0x00, 0x00, 0x00, 0x00, 0x00, 0x00, 0x00, 0x00, 0x00, 0x00, 0x00, 0x00,
    0x00, 0x00, 0x00, 0x00, 0x00, 0x00, 0x00, 0x00, 0x00, 0x00, 0x00, 0x00,
    0x00, 0x00, 0x00, 0x00, 0x00, 0x00, 0x00, 0x00, 0x00, 0x00, 0x00, 0x00,
    0x00, 0x00, 0x00, 0x00, 0x00, 0x00, 0x00, 0x00, 0x00, 0x00, 0x00, 0x00,
    0x00, 0x00, 0x00, 0x00, 0x00, 0x00, 0x00, 0x00, 0x00, 0x00, 0x00, 0x00,
    0x00, 0x00, 0x00, 0x00, 0x00, 0x00, 0x00, 0x00, 0x00, 0x00, 0x00, 0x00,
    0x00, 0x00, 0x00, 0x00, 0x00, 0x00, 0x00, 0x00, 0x00, 0x00, 0x00, 0x00,
    0x00, 0x00, 0x00, 0x00, 0x00, 0x00, 0x00, 0x00, 0x00, 0x00, 0x00, 0x00,
    0x00, 0x00, 0x00, 0x00, 0x00, 0x00, 0x00, 0x00, 0x00, 0x00, 0x00, 0x00,
    0x00, 0x00, 0x00, 0x00, 0x00, 0x00, 0x00, 0x00, 0x00, 0x00, 0x00, 0x00,
    0x00, 0x00, 0x00, 0x00, 0x00, 0x00, 0x00, 0x00, 0x00, 0x00, 0x00, 0x00,
    0x00, 0x00, 0x00, 0x00, 0x00, 0x00, 0x00, 0x00, 0x00, 0x00, 0x00, 0x00,
    0x00, 0x00, 0x00, 0x00, 0x00, 0x00, 0x00, 0x00, 0x00, 0x00, 0x00, 0x00,
    0x00, 0x00, 0x00, 0x00, 0x00, 0x00, 0x00, 0x00, 0x00, 0x00, 0x00, 0x00,
    0x00, 0x00, 0x00, 0x00, 0x00, 0x00, 0x00, 0x00, 0x00, 0x00, 0x00, 0x00,
    0x00, 0x00, 0x00, 0x00, 0x00, 0x00, 0x00, 0x00, 0x00, 0x00, 0x00, 0x00,
    0x00, 0x00, 0x00, 0x00, 0x00, 0x00, 0x00, 0x00, 0x00, 0x00, 0x00, 0x00,
    0x00, 0x00, 0x00, 0x00, 0x00, 0x00, 0x00, 0x00, 0x00, 0x00, 0x00, 0x00,
    0x00, 0x00, 0x00, 0x00, 0x00, 0x00, 0x00, 0x00, 0x00, 0x00, 0x00, 0x00,
    0x00, 0x00, 0x00, 0x00, 0x00, 0x00, 0x00, 0x00, 0x00, 0x00, 0x00, 0x00,
    0x00, 0x00, 0x00, 0x00, 0x00, 0x00, 0x00, 0x00, 0x00, 0x00, 0x00, 0x00,
    0x00, 0x00, 0x00, 0x00, 0x00, 0x00, 0x00, 0x00, 0x00, 0x00, 0x00, 0x00,
    0x00, 0x00, 0x00, 0x00, 0x00, 0x00, 0x00, 0x00, 0x00, 0x00, 0x00, 0x00,
    0x00, 0x00, 0x00, 0x00, 0x00, 0x00, 0x00, 0x00, 0x00, 0x00, 0x00, 0x00,
    0x00, 0x00, 0x00, 0x00, 0x00, 0x00, 0x00, 0x00, 0x00, 0x00, 0x00, 0x00,
    0x00, 0x00, 0x00, 0x00, 0x00, 0x00, 0x00, 0x00, 0x00, 0x00, 0x00, 0x00,
    0x00, 0x00, 0x00, 0x00, 0x00, 0x00, 0x00, 0x00, 0x00, 0x00, 0x00, 0x00,
    0x00, 0x00, 0x00, 0x00, 0x00, 0x00, 0x00, 0x00, 0x00, 0x00, 0x00, 0x00,
    0x00, 0x00, 0x00, 0x00, 0x00, 0x00, 0x00, 0x00, 0x00, 0x00, 0x00, 0x00,
    0x00, 0x00, 0x00, 0x00, 0x00, 0x00, 0x00, 0x00, 0x00, 0x00, 0x00, 0x00,
    0x00, 0x00, 0x00, 0x00, 0x00, 0x00, 0x00, 0x00, 0x00, 0x00, 0x00, 0x00,
    0x00, 0x00, 0x00, 0x00, 0x00, 0x00, 0x00, 0x00, 0x00, 0x00, 0x00, 0x00,
    0x00, 0x00, 0x00, 0x00, 0x00, 0x00, 0x00, 0x00, 0x00, 0x00, 0x00, 0x00,
    0x00, 0x00, 0x00, 0x00, 0x00, 0x00, 0x00, 0x00, 0x00, 0x00, 0x00, 0x00,
    0x00, 0x00, 0x00, 0x00, 0x00, 0x00, 0x00, 0x00, 0x00, 0x00, 0x00, 0x00,
    0x00, 0x00, 0x00, 0x00, 0x00, 0x00, 0x00, 0x00, 0x00, 0x00, 0x00, 0x00,
    0x00, 0x00, 0x00, 0x00, 0x00, 0x00, 0x00, 0x00, 0x00, 0x00, 0x00, 0x00,
    0x00, 0x00, 0x00, 0x00, 0x00, 0x00, 0x00, 0x00, 0x00, 0x00, 0x00, 0x00,
    0x00, 0x00, 0x00, 0x00, 0x00, 0x00, 0x00, 0x00, 0x00, 0x00, 0x00, 0x00,
    0x00, 0x00, 0x00, 0x00, 0x00, 0x00, 0x00, 0x00, 0x00, 0x00, 0x00, 0x00,
    0x50, 0x50, 0x50, 0x41, 0x50, 0x50, 0x50, 0xbe, 0x50, 0x50, 0x50, 0xdf,
    0x50, 0x50, 0x50, 0xdf, 0x50, 0x50, 0x50, 0xdf, 0x50, 0x50, 0x50, 0xdf,
    0x50, 0x50, 0x50, 0xdf, 0x50, 0x50, 0x50, 0xdf, 0x50, 0x50, 0x50, 0xdf,
    0x50, 0x50, 0x50, 0xdf, 0x50, 0x50, 0x50, 0xdf, 0x50, 0x50, 0x50, 0xdf,
    0x50, 0x50, 0x50, 0xdf, 0x50, 0x50, 0x50, 0xdf, 0x50, 0x50, 0x50, 0xdf,
    0x50, 0x50, 0x50, 0xdf, 0x50, 0x50, 0x50, 0xdf, 0x50, 0x50, 0x50, 0xdf,
    0x50, 0x50, 0x50, 0xdf, 0x50, 0x50, 0x50, 0xdf, 0x50, 0x50, 0x50, 0xdf,
    0x50, 0x50, 0x50, 0xdf, 0x50, 0x50, 0x50, 0xdf, 0x50, 0x50, 0x50, 0xdf,
    0x50, 0x50, 0x50, 0xdf, 0x50, 0x50, 0x50, 0xdf, 0x50, 0x50, 0x50, 0xdf,
    0x50, 0x50, 0x50, 0xdf, 0x50, 0x50, 0x50, 0xdf, 0x50, 0x50, 0x50, 0xdf,
    0x50, 0x50, 0x50, 0xdf, 0x50, 0x50, 0x50, 0xdf, 0x50, 0x50, 0x50, 0xdf,
    0x50, 0x50, 0x50, 0xdf, 0x50, 0x50, 0x50, 0xdf, 0x50, 0x50, 0x50, 0xdf,
    0x50, 0x50, 0x50, 0xdf, 0x50, 0x50, 0x50, 0xdf, 0x50, 0x50, 0x50, 0xdf,
    0x50, 0x50, 0x50, 0xdf, 0x50, 0x50, 0x50, 0xdf, 0x50, 0x50, 0x50, 0xdf,
    0x50, 0x50, 0x50, 0xdf, 0x50, 0x50, 0x50, 0xdf, 0x50, 0x50, 0x50, 0xdf,
    0x50, 0x50, 0x50, 0xdf, 0x50, 0x50, 0x50, 0xdf, 0x50, 0x50, 0x50, 0xdf,
    0x50, 0x50, 0x50, 0xdf, 0x50, 0x50, 0x50, 0xdf, 0x50, 0x50, 0x50, 0xdf,
    0x50, 0x50, 0x50, 0xdf, 0x50, 0x50, 0x50, 0xdf, 0x50, 0x50, 0x50, 0xdf,
    0x50, 0x50, 0x50, 0xdf, 0x50, 0x50, 0x50, 0xdf, 0x50, 0x50, 0x50, 0xdf,
    0x50, 0x50, 0x50, 0xdf, 0x50, 0x50, 0x50, 0xdf, 0x50, 0x50, 0x50, 0xdf,
    0x50, 0x50, 0x50, 0xdf, 0x50, 0x50, 0x50, 0xdf, 0x50, 0x50, 0x50, 0xdf,
    0x50, 0x50, 0x50, 0xdf, 0x50, 0x50, 0x50, 0xdf, 0x50, 0x50, 0x50, 0xdf,
    0x50, 0x50, 0x50, 0xdf, 0x50, 0x50, 0x50, 0xdf, 0x50, 0x50, 0x50, 0xdf,
    0x50, 0x50, 0x50, 0xdf, 0x50, 0x50, 0x50, 0xdf, 0x50, 0x50, 0x50, 0xdf,
    0x50, 0x50, 0x50, 0xdf, 0x50, 0x50, 0x50, 0xdf, 0x50, 0x50, 0x50, 0xdf,
    0x50, 0x50, 0x50, 0xdf, 0x50, 0x50, 0x50, 0xdf, 0x50, 0x50, 0x50, 0xdf,
    0x50, 0x50, 0x50, 0xdf, 0x50, 0x50, 0x50, 0xdf, 0x50, 0x50, 0x50, 0xdf,
    0x50, 0x50, 0x50, 0xdf, 0x50, 0x50, 0x50, 0xdf, 0x50, 0x50, 0x50, 0xdf,
    0x50, 0x50, 0x50, 0xdf, 0x50, 0x50, 0x50, 0xdf, 0x50, 0x50, 0x50, 0xdf,
    0x50, 0x50, 0x50, 0xdf, 0x50, 0x50, 0x50, 0xdf, 0x50, 0x50, 0x50, 0x7d,
    0x00, 0x00, 0x00, 0x00, 0x00, 0x00, 0x00, 0x00, 0x00, 0x00, 0x00, 0x00,
    0x00, 0x00, 0x00, 0x00, 0x00, 0x00, 0x00, 0x00, 0x00, 0x00, 0x00, 0x00,
    0x00, 0x00, 0x00, 0x00, 0x00, 0x00, 0x00, 0x00, 0x00, 0x00, 0x00, 0x00,
    0x50, 0x50, 0x50, 0x41, 0x50, 0x50, 0x50, 0xff, 0x50, 0x50, 0x50, 0xff,
    0x50, 0x50, 0x50, 0xff, 0x50, 0x50, 0x50, 0xff, 0x50, 0x50, 0x50, 0xff,
    0x50, 0x50, 0x50, 0xff, 0x50, 0x50, 0x50, 0xff, 0x50, 0x50, 0x50, 0xff,
    0x50, 0x50, 0x50, 0xff, 0x50, 0x50, 0x50, 0xff, 0x50, 0x50, 0x50, 0xff,
    0x50, 0x50, 0x50, 0xff, 0x50, 0x50, 0x50, 0xff, 0x50, 0x50, 0x50, 0xff,
    0x50, 0x50, 0x50, 0xff, 0x50, 0x50, 0x50, 0xff, 0x50, 0x50, 0x50, 0xff,
    0x50, 0x50, 0x50, 0xff, 0x50, 0x50, 0x50, 0xff, 0x50, 0x50, 0x50, 0xff,
    0x50, 0x50, 0x50, 0xff, 0x50, 0x50, 0x50, 0xff, 0x50, 0x50, 0x50, 0xff,
    0x50, 0x50, 0x50, 0xff, 0x50, 0x50, 0x50, 0xff, 0x50, 0x50, 0x50, 0xff,
    0x50, 0x50, 0x50, 0xff, 0x50, 0x50, 0x50, 0xff, 0x50, 0x50, 0x50, 0xff,
    0x50, 0x50, 0x50, 0xff, 0x50, 0x50, 0x50, 0xff, 0x50, 0x50, 0x50, 0xff,
    0x50, 0x50, 0x50, 0xff, 0x50, 0x50, 0x50, 0xff, 0x50, 0x50, 0x50, 0xff,
    0x50, 0x50, 0x50, 0xff, 0x50, 0x50, 0x50, 0xff, 0x50, 0x50, 0x50, 0xff,
    0x50, 0x50, 0x50, 0xff, 0x50, 0x50, 0x50, 0xff, 0x50, 0x50, 0x50, 0xff,
    0x50, 0x50, 0x50, 0xff, 0x50, 0x50, 0x50, 0xff, 0x50, 0x50, 0x50, 0xff,
    0x50, 0x50, 0x50, 0xff, 0x50, 0x50, 0x50, 0xff, 0x50, 0x50, 0x50, 0xff,
    0x50, 0x50, 0x50, 0xff, 0x50, 0x50, 0x50, 0xff, 0x50, 0x50, 0x50, 0xff,
    0x50, 0x50, 0x50, 0xff, 0x50, 0x50, 0x50, 0xff, 0x50, 0x50, 0x50, 0xff,
    0x50, 0x50, 0x50, 0xff, 0x50, 0x50, 0x50, 0xff, 0x50, 0x50, 0x50, 0xff,
    0x50, 0x50, 0x50, 0xff, 0x50, 0x50, 0x50, 0xff, 0x50, 0x50, 0x50, 0xff,
    0x50, 0x50, 0x50, 0xff, 0x50, 0x50, 0x50, 0xff, 0x50, 0x50, 0x50, 0xff,
    0x50, 0x50, 0x50, 0xff, 0x50, 0x50, 0x50, 0xff, 0x50, 0x50, 0x50, 0xff,
    0x50, 0x50, 0x50, 0xff, 0x50, 0x50, 0x50, 0xff, 0x50, 0x50, 0x50, 0xff,
    0x50, 0x50, 0x50, 0xff, 0x50, 0x50, 0x50, 0xff, 0x50, 0x50, 0x50, 0xff,
    0x50, 0x50, 0x50, 0xff, 0x50, 0x50, 0x50, 0xff, 0x50, 0x50, 0x50, 0xff,
    0x50, 0x50, 0x50, 0xff, 0x50, 0x50, 0x50, 0xff, 0x50, 0x50, 0x50, 0xff,
    0x50, 0x50, 0x50, 0xff, 0x50, 0x50, 0x50, 0xff, 0x50, 0x50, 0x50, 0xff,
    0x50, 0x50, 0x50, 0xff, 0x50, 0x50, 0x50, 0xff, 0x50, 0x50, 0x50, 0xff,
    0x50, 0x50, 0x50, 0xff, 0x50, 0x50, 0x50, 0xff, 0x50, 0x50, 0x50, 0xff,
    0x50, 0x50, 0x50, 0xff, 0x50, 0x50, 0x50, 0xff, 0x50, 0x50, 0x50, 0xff,
    0x50, 0x50, 0x50, 0xdf, 0x50, 0x50, 0x50, 0x41, 0x00, 0x00, 0x00, 0x00,
    0x00, 0x00, 0x00, 0x00, 0x00, 0x00, 0x00, 0x00, 0x00, 0x00, 0x00, 0x00,
    0x00, 0x00, 0x00, 0x00, 0x00, 0x00, 0x00, 0x00, 0x00, 0x00, 0x00, 0x00,
    0x00, 0x00, 0x00, 0x00, 0x50, 0x50, 0x50, 0x9e, 0x50, 0x50, 0x50, 0xff,
    0x50, 0x50, 0x50, 0xff, 0x50, 0x54, 0x50, 0xff, 0x50, 0x50, 0x50, 0xff,
    0x50, 0x54, 0x50, 0xff, 0x50, 0x50, 0x50, 0xff, 0x50, 0x54, 0x50, 0xff,
    0x50, 0x50, 0x50, 0xff, 0x50, 0x54, 0x50, 0xff, 0x50, 0x50, 0x50, 0xff,
    0x50, 0x54, 0x50, 0xff, 0x50, 0x50, 0x50, 0xff, 0x50, 0x54, 0x50, 0xff,
    0x50, 0x50, 0x50, 0xff, 0x50, 0x54, 0x50, 0xff, 0x50, 0x50, 0x50, 0xff,
    0x50, 0x54, 0x50, 0xff, 0x50, 0x50, 0x50, 0xff, 0x50, 0x54, 0x50, 0xff,
    0x50, 0x50, 0x50, 0xff, 0x50, 0x54, 0x50, 0xff, 0x50, 0x50, 0x50, 0xff,
    0x50, 0x54, 0x50, 0xff, 0x50, 0x50, 0x50, 0xff, 0x50, 0x54, 0x50, 0xff,
    0x50, 0x50, 0x50, 0xff, 0x50, 0x54, 0x50, 0xff, 0x50, 0x50, 0x50, 0xff,
    0x50, 0x54, 0x50, 0xff, 0x50, 0x50, 0x50, 0xff, 0x50, 0x54, 0x50, 0xff,
    0x50, 0x50, 0x50, 0xff, 0x50, 0x54, 0x50, 0xff, 0x50, 0x50, 0x50, 0xff,
    0x50, 0x54, 0x50, 0xff, 0x50, 0x50, 0x50, 0xff, 0x50, 0x54, 0x50, 0xff,
    0x50, 0x50, 0x50, 0xff, 0x50, 0x54, 0x50, 0xff, 0x50, 0x50, 0x50, 0xff,
    0x50, 0x54, 0x50, 0xff, 0x50, 0x50, 0x50, 0xff, 0x50, 0x54, 0x50, 0xff,
    0x50, 0x50, 0x50, 0xff, 0x50, 0x54, 0x50, 0xff, 0x50, 0x50, 0x50, 0xff,
    0x50, 0x54, 0x50, 0xff, 0x50, 0x50, 0x50, 0xff, 0x50, 0x54, 0x50, 0xff,
    0x50, 0x50, 0x50, 0xff, 0x50, 0x54, 0x50, 0xff, 0x50, 0x50, 0x50, 0xff,
    0x50, 0x54, 0x50, 0xff, 0x50, 0x50, 0x50, 0xff, 0x50, 0x54, 0x50, 0xff,
    0x50, 0x50, 0x50, 0xff, 0x50, 0x54, 0x50, 0xff, 0x50, 0x50, 0x50, 0xff,
    0x50, 0x54, 0x50, 0xff, 0x50, 0x50, 0x50, 0xff, 0x50, 0x54, 0x50, 0xff,
    0x50, 0x50, 0x50, 0xff, 0x50, 0x54, 0x50, 0xff, 0x50, 0x50, 0x50, 0xff,
    0x50, 0x54, 0x50, 0xff, 0x50, 0x50, 0x50, 0xff, 0x50, 0x54, 0x50, 0xff,
    0x50, 0x50, 0x50, 0xff, 0x50, 0x54, 0x50, 0xff, 0x50, 0x50, 0x50, 0xff,
    0x50, 0x54, 0x50, 0xff, 0x50, 0x50, 0x50, 0xff, 0x50, 0x54, 0x50, 0xff,
    0x50, 0x50, 0x50, 0xff, 0x50, 0x54, 0x50, 0xff, 0x50, 0x50, 0x50, 0xff,
    0x50, 0x54, 0x50, 0xff, 0x50, 0x50, 0x50, 0xff, 0x50, 0x54, 0x50, 0xff,
    0x50, 0x50, 0x50, 0xff, 0x50, 0x54, 0x50, 0xff, 0x50, 0x50, 0x50, 0xff,
    0x50, 0x54, 0x50, 0xff, 0x50, 0x50, 0x50, 0xff, 0x50, 0x54, 0x50, 0xff,
    0x50, 0x50, 0x50, 0xff, 0x50, 0x54, 0x50, 0xff, 0x50, 0x50, 0x50, 0xff,
    0x50, 0x50, 0x50, 0xff, 0x50, 0x50, 0x50, 0xff, 0x50, 0x50, 0x50, 0xbe,
    0x00, 0x00, 0x00, 0x00, 0x00, 0x00, 0x00, 0x00, 0x00, 0x00, 0x00, 0x00,
    0x00, 0x00, 0x00, 0x00, 0x00, 0x00, 0x00, 0x00, 0x00, 0x00, 0x00, 0x00,
    0x00, 0x00, 0x00, 0x00, 0x00, 0x00, 0x00, 0x00, 0x50, 0x50, 0x50, 0xdf,
    0x50, 0x50, 0x50, 0xff, 0x50, 0x50, 0x50, 0xff, 0x50, 0x50, 0x50, 0xff,
    0x50, 0x50, 0x50, 0xff, 0x50, 0x50, 0x50, 0xff, 0x50, 0x54, 0x50, 0xff,
    0x50, 0x50, 0x50, 0xff, 0x50, 0x50, 0x50, 0xff, 0x50, 0x50, 0x50, 0xff,
    0x50, 0x54, 0x50, 0xff, 0x50, 0x50, 0x50, 0xff, 0x50, 0x50, 0x50, 0xff,
    0x50, 0x50, 0x50, 0xff, 0x50, 0x54, 0x50, 0xff, 0x50, 0x50, 0x50, 0xff,
    0x50, 0x50, 0x50, 0xff, 0x50, 0x50, 0x50, 0xff, 0x50, 0x54, 0x50, 0xff,
    0x50, 0x50, 0x50, 0xff, 0x50, 0x50, 0x50, 0xff, 0x50, 0x50, 0x50, 0xff,
    0x50, 0x54, 0x50, 0xff, 0x50, 0x50, 0x50, 0xff, 0x50, 0x50, 0x50, 0xff,
    0x50, 0x50, 0x50, 0xff, 0x50, 0x54, 0x50, 0xff, 0x50, 0x50, 0x50, 0xff,
    0x50, 0x50, 0x50, 0xff, 0x50, 0x50, 0x50, 0xff, 0x50, 0x54, 0x50, 0xff,
    0x50, 0x50, 0x50, 0xff, 0x50, 0x50, 0x50, 0xff, 0x50, 0x50, 0x50, 0xff,
    0x50, 0x54, 0x50, 0xff, 0x50, 0x50, 0x50, 0xff, 0x50, 0x50, 0x50, 0xff,
    0x50, 0x50, 0x50, 0xff, 0x50, 0x54, 0x50, 0xff, 0x50, 0x50, 0x50, 0xff,
    0x50, 0x50, 0x50, 0xff, 0x50, 0x50, 0x50, 0xff, 0x50, 0x54, 0x50, 0xff,
    0x50, 0x50, 0x50, 0xff, 0x50, 0x50, 0x50, 0xff, 0x50, 0x50, 0x50, 0xff,
    0x50, 0x54, 0x50, 0xff, 0x50, 0x50, 0x50, 0xff, 0x50, 0x50, 0x50, 0xff,
    0x50, 0x50, 0x50, 0xff, 0x50, 0x54, 0x50, 0xff, 0x50, 0x50, 0x50, 0xff,
    0x50, 0x50, 0x50, 0xff, 0x50, 0x50, 0x50, 0xff, 0x50, 0x54, 0x50, 0xff,
    0x50, 0x50, 0x50, 0xff, 0x50, 0x50, 0x50, 0xff, 0x50, 0x50, 0x50, 0xff,
    0x50, 0x54, 0x50, 0xff, 0x50, 0x50, 0x50, 0xff, 0x50, 0x50, 0x50, 0xff,
    0x50, 0x50, 0x50, 0xff, 0x50, 0x54, 0x50, 0xff, 0x50, 0x50, 0x50, 0xff,
    0x50, 0x50, 0x50, 0xff, 0x50, 0x50, 0x50, 0xff, 0x50, 0x54, 0x50, 0xff,
    0x50, 0x50, 0x50, 0xff, 0x50, 0x50, 0x50, 0xff, 0x50, 0x50, 0x50, 0xff,
    0x50, 0x54, 0x50, 0xff, 0x50, 0x50, 0x50, 0xff, 0x50, 0x50, 0x50, 0xff,
    0x50, 0x50, 0x50, 0xff, 0x50, 0x54, 0x50, 0xff, 0x50, 0x50, 0x50, 0xff,
    0x50, 0x50, 0x50, 0xff, 0x50, 0x50, 0x50, 0xff, 0x50, 0x54, 0x50, 0xff,
    0x50, 0x50, 0x50, 0xff, 0x50, 0x50, 0x50, 0xff, 0x50, 0x50, 0x50, 0xff,
    0x50, 0x54, 0x50, 0xff, 0x50, 0x50, 0x50, 0xff, 0x50, 0x50, 0x50, 0xff,
    0x50, 0x50, 0x50, 0xff, 0x50, 0x54, 0x50, 0xff, 0x50, 0x50, 0x50, 0xff,
    0x50, 0x50, 0x50, 0xff, 0x50, 0x54, 0x50, 0xff, 0x50, 0x54, 0x50, 0xff,
    0x50, 0x50, 0x50, 0xdf, 0x00, 0x00, 0x00, 0x00, 0x00, 0x00, 0x00, 0x00,
    0x00, 0x00, 0x00, 0x00, 0x00, 0x00, 0x00, 0x00, 0x00, 0x00, 0x00, 0x00,
    0x00, 0x00, 0x00, 0x00, 0x00, 0x00, 0x00, 0x00, 0x00, 0x00, 0x00, 0x00,
    0x50, 0x50, 0x50, 0xdf, 0x50, 0x50, 0x50, 0xff, 0x50, 0x54, 0x50, 0xff,
    0x50, 0x50, 0x50, 0xff, 0x50, 0x50, 0x50, 0xff, 0x58, 0x50, 0x58, 0xff,
    0x50, 0x50, 0x50, 0xff, 0x50, 0x50, 0x50, 0xff, 0x58, 0x50, 0x58, 0xff,
    0x50, 0x50, 0x50, 0xff, 0x50, 0x50, 0x50, 0xff, 0x58, 0x50, 0x58, 0xff,
    0x50, 0x50, 0x50, 0xff, 0x50, 0x50, 0x50, 0xff, 0x58, 0x50, 0x58, 0xff,
    0x50, 0x50, 0x50, 0xff, 0x50, 0x50, 0x50, 0xff, 0x58, 0x50, 0x58, 0xff,
    0x50, 0x50, 0x50, 0xff, 0x50, 0x50, 0x50, 0xff, 0x58, 0x50, 0x58, 0xff,
    0x50, 0x50, 0x50, 0xff, 0x50, 0x50, 0x50, 0xff, 0x58, 0x50, 0x58, 0xff,
    0x50, 0x50, 0x50, 0xff, 0x50, 0x50, 0x50, 0xff, 0x58, 0x50, 0x58, 0xff,
    0x50, 0x50, 0x50, 0xff, 0x50, 0x50, 0x50, 0xff, 0x58, 0x50, 0x58, 0xff,
    0x50, 0x50, 0x50, 0xff, 0x50, 0x50, 0x50, 0xff, 0x58, 0x50, 0x58, 0xff,
    0x50, 0x50, 0x50, 0xff, 0x50, 0x50, 0x50, 0xff, 0x58, 0x50, 0x58, 0xff,
    0x50, 0x50, 0x50, 0xff, 0x50, 0x50, 0x50, 0xff, 0x58, 0x50, 0x58, 0xff,
    0x50, 0x50, 0x50, 0xff, 0x50, 0x50, 0x50, 0xff, 0x58, 0x50, 0x58, 0xff,
    0x50, 0x50, 0x50, 0xff, 0x50, 0x50, 0x50, 0xff, 0x58, 0x50, 0x58, 0xff,
    0x50, 0x50, 0x50, 0xff, 0x50, 0x50, 0x50, 0xff, 0x58, 0x50, 0x58, 0xff,
    0x50, 0x50, 0x50, 0xff, 0x50, 0x50, 0x50, 0xff, 0x58, 0x50, 0x58, 0xff,
    0x50, 0x50, 0x50, 0xff, 0x50, 0x50, 0x50, 0xff, 0x58, 0x50, 0x58, 0xff,
    0x50, 0x50, 0x50, 0xff, 0x50, 0x50, 0x50, 0xff, 0x58, 0x50, 0x58, 0xff,
    0x50, 0x50, 0x50, 0xff, 0x50, 0x50, 0x50, 0xff, 0x58, 0x50, 0x58, 0xff,
    0x50, 0x50, 0x50, 0xff, 0x50, 0x50, 0x50, 0xff, 0x58, 0x50, 0x58, 0xff,
    0x50, 0x50, 0x50, 0xff, 0x50, 0x50, 0x50, 0xff, 0x58, 0x50, 0x58, 0xff,
    0x50, 0x50, 0x50, 0xff, 0x50, 0x50, 0x50, 0xff, 0x58, 0x50, 0x58, 0xff,
    0x50, 0x50, 0x50, 0xff, 0x50, 0x50, 0x50, 0xff, 0x58, 0x50, 0x58, 0xff,
    0x50, 0x50, 0x50, 0xff, 0x50, 0x50, 0x50, 0xff, 0x58, 0x50, 0x58, 0xff,
    0x50, 0x50, 0x50, 0xff, 0x50, 0x50, 0x50, 0xff, 0x58, 0x50, 0x58, 0xff,
    0x50, 0x50, 0x50, 0xff, 0x50, 0x50, 0x50, 0xff, 0x58, 0x50, 0x58, 0xff,
    0x50, 0x50, 0x50, 0xff, 0x50, 0x50, 0x50, 0xff, 0x58, 0x50, 0x58, 0xff,
    0x50, 0x50, 0x50, 0xff, 0x50, 0x50, 0x50, 0xff, 0x58, 0x50, 0x58, 0xff,
    0x50, 0x50, 0x50, 0xff, 0x50, 0x50, 0x50, 0xff, 0x58, 0x50, 0x58, 0xff,
    0x50, 0x50, 0x50, 0xff, 0x50, 0x50, 0x50, 0xdf, 0x00, 0x00, 0x00, 0x00,
    0x00, 0x00, 0x00, 0x00, 0x00, 0x00, 0x00, 0x00, 0x00, 0x00, 0x00, 0x00,
    0x00, 0x00, 0x00, 0x00, 0x00, 0x00, 0x00, 0x00, 0x00, 0x00, 0x00, 0x00,
    0x00, 0x00, 0x00, 0x00, 0x50, 0x50, 0x50, 0xdf, 0x50, 0x50, 0x50, 0xff,
    0x50, 0x54, 0x50, 0xff, 0x50, 0x50, 0x50, 0xff, 0x50, 0x54, 0x50, 0xff,
    0x50, 0x54, 0x50, 0xff, 0x50, 0x50, 0x50, 0xff, 0x50, 0x54, 0x50, 0xff,
    0x50, 0x50, 0x50, 0xff, 0x50, 0x54, 0x50, 0xff, 0x50, 0x50, 0x50, 0xff,
    0x50, 0x54, 0x50, 0xff, 0x50, 0x54, 0x50, 0xff, 0x50, 0x50, 0x50, 0xff,
    0x50, 0x50, 0x50, 0xff, 0x50, 0x54, 0x50, 0xff, 0x50, 0x54, 0x50, 0xff,
    0x50, 0x50, 0x50, 0xff, 0x50, 0x50, 0x50, 0xff, 0x50, 0x54, 0x50, 0xff,
    0x50, 0x54, 0x50, 0xff, 0x50, 0x50, 0x50, 0xff, 0x50, 0x50, 0x50, 0xff,
    0x50, 0x54, 0x50, 0xff, 0x50, 0x54, 0x50, 0xff, 0x50, 0x50, 0x50, 0xff,
    0x50, 0x50, 0x50, 0xff, 0x50, 0x54, 0x50, 0xff, 0x50, 0x54, 0x50, 0xff,
    0x50, 0x50, 0x50, 0xff, 0x50, 0x50, 0x50, 0xff, 0x50, 0x54, 0x50, 0xff,
    0x50, 0x54, 0x50, 0xff, 0x50, 0x50, 0x50, 0xff, 0x50, 0x50, 0x50, 0xff,
    0x50, 0x54, 0x50, 0xff, 0x50, 0x54, 0x50, 0xff, 0x50, 0x50, 0x50, 0xff,
    0x50, 0x50, 0x50, 0xff, 0x50, 0x54, 0x50, 0xff, 0x50, 0x54, 0x50, 0xff,
    0x50, 0x50, 0x50, 0xff, 0x50, 0x50, 0x50, 0xff, 0x50, 0x54, 0x50, 0xff,
    0x50, 0x54, 0x50, 0xff, 0x50, 0x50, 0x50, 0xff, 0x50, 0x50, 0x50, 0xff,
    0x50, 0x54, 0x50, 0xff, 0x50, 0x54, 0x50, 0xff, 0x50, 0x50, 0x50, 0xff,
    0x50, 0x50, 0x50, 0xff, 0x50, 0x54, 0x50, 0xff, 0x50, 0x54, 0x50, 0xff,
    0x50, 0x50, 0x50, 0xff, 0x50, 0x50, 0x50, 0xff, 0x50, 0x54, 0x50, 0xff,
    0x50, 0x54, 0x50, 0xff, 0x50, 0x50, 0x50, 0xff, 0x50, 0x50, 0x50, 0xff,
    0x50, 0x54, 0x50, 0xff, 0x50, 0x54, 0x50, 0xff, 0x50, 0x50, 0x50, 0xff,
    0x50, 0x50, 0x50, 0xff, 0x50, 0x54, 0x50, 0xff, 0x50, 0x54, 0x50, 0xff,
    0x50, 0x50, 0x50, 0xff, 0x50, 0x50, 0x50, 0xff, 0x50, 0x54, 0x50, 0xff,
    0x50, 0x54, 0x50, 0xff, 0x50, 0x50, 0x50, 0xff, 0x50, 0x50, 0x50, 0xff,
    0x50, 0x54, 0x50, 0xff, 0x50, 0x54, 0x50, 0xff, 0x50, 0x50, 0x50, 0xff,
    0x50, 0x50, 0x50, 0xff, 0x50, 0x54, 0x50, 0xff, 0x50, 0x54, 0x50, 0xff,
    0x50, 0x50, 0x50, 0xff, 0x50, 0x50, 0x50, 0xff, 0x50, 0x54, 0x50, 0xff,
    0x50, 0x54, 0x50, 0xff, 0x50, 0x50, 0x50, 0xff, 0x50, 0x50, 0x50, 0xff,
    0x50, 0x54, 0x50, 0xff, 0x50, 0x54, 0x50, 0xff, 0x50, 0x50, 0x50, 0xff,
    0x50, 0x50, 0x50, 0xff, 0x50, 0x54, 0x50, 0xff, 0x50, 0x50, 0x50, 0xff,
    0x50, 0x50, 0x50, 0xff, 0x50, 0x54, 0x50, 0xff, 0x50, 0x50, 0x50, 0xdf,
    0x00, 0x00, 0x00, 0x00, 0x00, 0x00, 0x00, 0x00, 0x00, 0x00, 0x00, 0x00,
    0x00, 0x00, 0x00, 0x00, 0x00, 0x00, 0x00, 0x00, 0x00, 0x00, 0x00, 0x00,
    0x00, 0x00, 0x00, 0x00, 0x00, 0x00, 0x00, 0x00, 0x50, 0x50, 0x50, 0xdf,
    0x50, 0x50, 0x50, 0xff, 0x50, 0x50, 0x50, 0xff, 0x58, 0x50, 0x58, 0xff,
    0x50, 0x50, 0x50, 0xff, 0x50, 0x50, 0x50, 0xff, 0x50, 0x50, 0x50, 0xff,
    0x50, 0x50, 0x50, 0xff, 0x50, 0x50, 0x50, 0xff, 0x50, 0x50, 0x50, 0xff,
    0x50, 0x50, 0x50, 0xff, 0x50, 0x50, 0x50, 0xff, 0x50, 0x50, 0x50, 0xff,
    0x50, 0x50, 0x50, 0xff, 0x50, 0x50, 0x50, 0xff, 0x50, 0x50, 0x50, 0xff,
    0x50, 0x50, 0x50, 0xff, 0x50, 0x54, 0x50, 0xff, 0x50, 0x50, 0x50, 0xff,
    0x50, 0x50, 0x50, 0xff, 0x50, 0x50, 0x50, 0xff, 0x50, 0x50, 0x50, 0xff,
    0x50, 0x50, 0x50, 0xff, 0x50, 0x50, 0x50, 0xff, 0x50, 0x50, 0x50, 0xff,
    0x50, 0x54, 0x50, 0xff, 0x50, 0x50, 0x50, 0xff, 0x50, 0x50, 0x50, 0xff,
    0x50, 0x50, 0x50, 0xff, 0x50, 0x50, 0x50, 0xff, 0x50, 0x50, 0x50, 0xff,
    0x50, 0x50, 0x50, 0xff, 0x50, 0x50, 0x50, 0xff, 0x50, 0x54, 0x50, 0xff,
    0x50, 0x50, 0x50, 0xff, 0x50, 0x50, 0x50, 0xff, 0x50, 0x50, 0x50, 0xff,
    0x50, 0x50, 0x50, 0xff, 0x50, 0x50, 0x50, 0xff, 0x50, 0x50, 0x50, 0xff,
    0x50, 0x50, 0x50, 0xff, 0x50, 0x54, 0x50, 0xff, 0x50, 0x50, 0x50, 0xff,
    0x50, 0x50, 0x50, 0xff, 0x50, 0x50, 0x50, 0xff, 0x50, 0x50, 0x50, 0xff,
    0x50, 0x50, 0x50, 0xff, 0x50, 0x50, 0x50, 0xff, 0x50, 0x50, 0x50, 0xff,
    0x50, 0x54, 0x50, 0xff, 0x50, 0x50, 0x50, 0xff, 0x50, 0x50, 0x50, 0xff,
    0x50, 0x50, 0x50, 0xff, 0x50, 0x50, 0x50, 0xff, 0x50, 0x50, 0x50, 0xff,
    0x50, 0x50, 0x50, 0xff, 0x50, 0x50, 0x50, 0xff, 0x50, 0x54, 0x50, 0xff,
    0x50, 0x50, 0x50, 0xff, 0x50, 0x50, 0x50, 0xff, 0x50, 0x50, 0x50, 0xff,
    0x50, 0x50, 0x50, 0xff, 0x50, 0x50, 0x50, 0xff, 0x50, 0x50, 0x50, 0xff,
    0x50, 0x50, 0x50, 0xff, 0x50, 0x54, 0x50, 0xff, 0x50, 0x50, 0x50, 0xff,
    0x50, 0x50, 0x50, 0xff, 0x50, 0x50, 0x50, 0xff, 0x50, 0x50, 0x50, 0xff,
    0x50, 0x50, 0x50, 0xff, 0x50, 0x50, 0x50, 0xff, 0x50, 0x50, 0x50, 0xff,
    0x50, 0x54, 0x50, 0xff, 0x50, 0x50, 0x50, 0xff, 0x50, 0x50, 0x50, 0xff,
    0x50, 0x50, 0x50, 0xff, 0x50, 0x50, 0x50, 0xff, 0x50, 0x50, 0x50, 0xff,
    0x50, 0x50, 0x50, 0xff, 0x50, 0x50, 0x50, 0xff, 0x50, 0x54, 0x50, 0xff,
    0x50, 0x50, 0x50, 0xff, 0x50, 0x50, 0x50, 0xff, 0x50, 0x50, 0x50, 0xff,
    0x50, 0x50, 0x50, 0xff, 0x50, 0x54, 0x50, 0xff, 0x50, 0x50, 0x50, 0xff,
    0x50, 0x50, 0x50, 0xff, 0x50, 0x54, 0x50, 0xff, 0x50, 0x50, 0x50, 0xff,
    0x50, 0x50, 0x50, 0xdf, 0x00, 0x00, 0x00, 0x00, 0x00, 0x00, 0x00, 0x00,
    0x00, 0x00, 0x00, 0x00, 0x00, 0x00, 0x00, 0x00, 0x00, 0x00, 0x00, 0x00,
    0x00, 0x00, 0x00, 0x00, 0x00, 0x00, 0x00, 0x00, 0x00, 0x00, 0x00, 0x00,
    0x50, 0x50, 0x50, 0xdf, 0x50, 0x54, 0x50, 0xff, 0x50, 0x50, 0x50, 0xff,
    0x50, 0x50, 0x50, 0xff, 0x50, 0x50, 0x50, 0xff, 0x50, 0x54, 0x50, 0xff,
    0x58, 0x50, 0x58, 0xff, 0x50, 0x50, 0x50, 0xff, 0x50, 0x54, 0x50, 0xff,
    0x58, 0x50, 0x58, 0xff, 0x50, 0x50, 0x50, 0xff, 0x50, 0x54, 0x50, 0xff,
    0x58, 0x50, 0x58, 0xff, 0x50, 0x54, 0x50, 0xff, 0x50, 0x50, 0x50, 0xff,
    0x58, 0x50, 0x58, 0xff, 0x50, 0x50, 0x50, 0xff, 0x50, 0x50, 0x50, 0xff,
    0x58, 0x50, 0x58, 0xff, 0x50, 0x50, 0x50, 0xff, 0x50, 0x54, 0x50, 0xff,
    0x58, 0x50, 0x58, 0xff, 0x50, 0x54, 0x50, 0xff, 0x50, 0x50, 0x50, 0xff,
    0x58, 0x50, 0x58, 0xff, 0x50, 0x50, 0x50, 0xff, 0x50, 0x50, 0x50, 0xff,
    0x58, 0x50, 0x58, 0xff, 0x50, 0x54, 0x50, 0xff, 0x50, 0x50, 0x50, 0xff,
    0x58, 0x54, 0x58, 0xff, 0x50, 0x50, 0x50, 0xff, 0x50, 0x50, 0x50, 0xff,
    0x58, 0x50, 0x58, 0xff, 0x50, 0x50, 0x50, 0xff, 0x50, 0x50, 0x50, 0xff,
    0x58, 0x54, 0x58, 0xff, 0x50, 0x50, 0x50, 0xff, 0x50, 0x54, 0x50, 0xff,
    0x58, 0x50, 0x58, 0xff, 0x50, 0x50, 0x50, 0xff, 0x50, 0x50, 0x50, 0xff,
    0x58, 0x50, 0x58, 0xff, 0x50, 0x50, 0x50, 0xff, 0x50, 0x54, 0x50, 0xff,
    0x58, 0x50, 0x58, 0xff, 0x50, 0x54, 0x50, 0xff, 0x50, 0x50, 0x50, 0xff,
    0x58, 0x50, 0x58, 0xff, 0x50, 0x50, 0x50, 0xff, 0x50, 0x50, 0x50, 0xff,
    0x58, 0x50, 0x58, 0xff, 0x50, 0x54, 0x50, 0xff, 0x50, 0x50, 0x50, 0xff,
    0x58, 0x54, 0x58, 0xff, 0x50, 0x50, 0x50, 0xff, 0x50, 0x50, 0x50, 0xff,
    0x58, 0x50, 0x58, 0xff, 0x50, 0x50, 0x50, 0xff, 0x50, 0x50, 0x50, 0xff,
    0x58, 0x54, 0x58, 0xff, 0x50, 0x50, 0x50, 0xff, 0x50, 0x54, 0x50, 0xff,
    0x58, 0x50, 0x58, 0xff, 0x50, 0x50, 0x50, 0xff, 0x50, 0x50, 0x50, 0xff,
    0x58, 0x50, 0x58, 0xff, 0x50, 0x50, 0x50, 0xff, 0x50, 0x54, 0x50, 0xff,
    0x58, 0x50, 0x58, 0xff, 0x50, 0x54, 0x50, 0xff, 0x50, 0x50, 0x50, 0xff,
    0x58, 0x50, 0x58, 0xff, 0x50, 0x50, 0x50, 0xff, 0x50, 0x50, 0x50, 0xff,
    0x58, 0x50, 0x58, 0xff, 0x50, 0x54, 0x50, 0xff, 0x50, 0x50, 0x50, 0xff,
    0x58, 0x54, 0x58, 0xff, 0x50, 0x50, 0x50, 0xff, 0x50, 0x50, 0x50, 0xff,
    0x58, 0x50, 0x58, 0xff, 0x50, 0x50, 0x50, 0xff, 0x50, 0x50, 0x50, 0xff,
    0x58, 0x50, 0x58, 0xff, 0x50, 0x54, 0x50, 0xff, 0x50, 0x50, 0x50, 0xff,
    0x58, 0x50, 0x58, 0xff, 0x50, 0x50, 0x50, 0xff, 0x50, 0x50, 0x50, 0xff,
    0x58, 0x50, 0x58, 0xff, 0x50, 0x54, 0x50, 0xdf, 0x00, 0x00, 0x00, 0x00,
    0x00, 0x00, 0x00, 0x00, 0x00, 0x00, 0x00, 0x00, 0x00, 0x00, 0x00, 0x00,
    0x00, 0x00, 0x00, 0x00, 0x00, 0x00, 0x00, 0x00, 0x00, 0x00, 0x00, 0x00,
    0x00, 0x00, 0x00, 0x00, 0x50, 0x50, 0x50, 0xdf, 0x50, 0x50, 0x50, 0xff,
    0x50, 0x54, 0x50, 0xff, 0x50, 0x50, 0x50, 0xff, 0x50, 0x54, 0x50, 0xff,
    0x50, 0x50, 0x50, 0xff, 0x50, 0x50, 0x50, 0xff, 0x50, 0x54, 0x50, 0xff,
    0x50, 0x50, 0x50, 0xff, 0x50, 0x50, 0x50, 0xff, 0x50, 0x54, 0x50, 0xff,
    0x50, 0x50, 0x50, 0xff, 0x50, 0x50, 0x50, 0xff, 0x50, 0x50, 0x50, 0xff,
    0x50, 0x54, 0x50, 0xff, 0x50, 0x54, 0x50, 0xff, 0x50, 0x50, 0x50, 0xff,
    0x50, 0x50, 0x50, 0xff, 0x50, 0x54, 0x50, 0xff, 0x50, 0x50, 0x50, 0xff,
    0x50, 0x50, 0x50, 0xff, 0x50, 0x54, 0x50, 0xff, 0x50, 0x50, 0x50, 0xff,
    0x50, 0x50, 0x50, 0xff, 0x50, 0x54, 0x50, 0xff, 0x50, 0x50, 0x50, 0xff,
    0x50, 0x50, 0x50, 0xff, 0x50, 0x54, 0x50, 0xff, 0x50, 0x50, 0x50, 0xff,
    0x50, 0x50, 0x50, 0xff, 0x50, 0x54, 0x50, 0xff, 0x50, 0x50, 0x50, 0xff,
    0x50, 0x50, 0x50, 0xff, 0x50, 0x54, 0x50, 0xff, 0x50, 0x50, 0x50, 0xff,
    0x50, 0x50, 0x50, 0xff, 0x50, 0x54, 0x50, 0xff, 0x50, 0x50, 0x50, 0xff,
    0x50, 0x50, 0x50, 0xff, 0x50, 0x54, 0x50, 0xff, 0x50, 0x50, 0x50, 0xff,
    0x50, 0x50, 0x50, 0xff, 0x50, 0x54, 0x50, 0xff, 0x50, 0x50, 0x50, 0xff,
    0x50, 0x50, 0x50, 0xff, 0x50, 0x54, 0x50, 0xff, 0x50, 0x50, 0x50, 0xff,
    0x50, 0x50, 0x50, 0xff, 0x50, 0x54, 0x50, 0xff, 0x50, 0x50, 0x50, 0xff,
    0x50, 0x50, 0x50, 0xff, 0x50, 0x54, 0x50, 0xff, 0x50, 0x50, 0x50, 0xff,
    0x50, 0x50, 0x50, 0xff, 0x50, 0x54, 0x50, 0xff, 0x50, 0x50, 0x50, 0xff,
    0x50, 0x50, 0x50, 0xff, 0x50, 0x54, 0x50, 0xff, 0x50, 0x50, 0x50, 0xff,
    0x50, 0x50, 0x50, 0xff, 0x50, 0x54, 0x50, 0xff, 0x50, 0x50, 0x50, 0xff,
    0x50, 0x50, 0x50, 0xff, 0x50, 0x54, 0x50, 0xff, 0x50, 0x50, 0x50, 0xff,
    0x50, 0x50, 0x50, 0xff, 0x50, 0x54, 0x50, 0xff, 0x50, 0x50, 0x50, 0xff,
    0x50, 0x50, 0x50, 0xff, 0x50, 0x54, 0x50, 0xff, 0x50, 0x50, 0x50, 0xff,
    0x50, 0x50, 0x50, 0xff, 0x50, 0x54, 0x50, 0xff, 0x50, 0x50, 0x50, 0xff,
    0x50, 0x50, 0x50, 0xff, 0x50, 0x54, 0x50, 0xff, 0x50, 0x50, 0x50, 0xff,
    0x50, 0x50, 0x50, 0xff, 0x50, 0x54, 0x50, 0xff, 0x50, 0x50, 0x50, 0xff,
    0x50, 0x50, 0x50, 0xff, 0x50, 0x54, 0x50, 0xff, 0x50, 0x54, 0x50, 0xff,
    0x50, 0x50, 0x50, 0xff, 0x50, 0x50, 0x50, 0xff, 0x50, 0x54, 0x50, 0xff,
    0x50, 0x50, 0x50, 0xff, 0x50, 0x50, 0x50, 0xff, 0x50, 0x54, 0x50, 0xff,
    0x50, 0x50, 0x50, 0xff, 0x50, 0x50, 0x50, 0xff, 0x50, 0x50, 0x50, 0xdf,
    0x00, 0x00, 0x00, 0x00, 0x00, 0x00, 0x00, 0x00, 0x00, 0x00, 0x00, 0x00,
    0x00, 0x00, 0x00, 0x00, 0x00, 0x00, 0x00, 0x00, 0x00, 0x00, 0x00, 0x00,
    0x00, 0x00, 0x00, 0x00, 0x00, 0x00, 0x00, 0x00, 0x50, 0x50, 0x50, 0xdf,
    0x50, 0x50, 0x50, 0xff, 0x58, 0x50, 0x58, 0xff, 0x50, 0x50, 0x50, 0xff,
    0x50, 0x50, 0x50, 0xff, 0x58, 0x50, 0x58, 0xff, 0x50, 0x50, 0x50, 0xff,
    0x50, 0x50, 0x50, 0xff, 0x50, 0x50, 0x50, 0xff, 0x50, 0x50, 0x50, 0xff,
    0x58, 0x50, 0x58, 0xff, 0x50, 0x50, 0x50, 0xff, 0x50, 0x50, 0x50, 0xff,
    0x50, 0x50, 0x50, 0xff, 0x58, 0x50, 0x58, 0xff, 0x50, 0x50, 0x50, 0xff,
    0x50, 0x50, 0x50, 0xff, 0x50, 0x54, 0x50, 0xff, 0x50, 0x50, 0x50, 0xff,
    0x58, 0x50, 0x58, 0xff, 0x50, 0x50, 0x50, 0xff, 0x50, 0x50, 0x50, 0xff,
    0x50, 0x50, 0x50, 0xff, 0x58, 0x50, 0x58, 0xff, 0x50, 0x54, 0x50, 0xff,
    0x50, 0x50, 0x50, 0xff, 0x50, 0x50, 0x50, 0xff, 0x50, 0x54, 0x50, 0xff,
    0x58, 0x50, 0x58, 0xff, 0x50, 0x50, 0x50, 0xff, 0x50, 0x50, 0x50, 0xff,
    0x50, 0x50, 0x50, 0xff, 0x58, 0x54, 0x58, 0xff, 0x50, 0x50, 0x50, 0xff,
    0x50, 0x50, 0x50, 0xff, 0x50, 0x50, 0x50, 0xff, 0x50, 0x50, 0x50, 0xff,
    0x58, 0x50, 0x58, 0xff, 0x50, 0x50, 0x50, 0xff, 0x50, 0x50, 0x50, 0xff,
    0x50, 0x54, 0x50, 0xff, 0x58, 0x50, 0x58, 0xff, 0x50, 0x50, 0x50, 0xff,
    0x50, 0x50, 0x50, 0xff, 0x50, 0x50, 0x50, 0xff, 0x50, 0x50, 0x50, 0xff,
    0x58, 0x50, 0x58, 0xff, 0x50, 0x50, 0x50, 0xff, 0x50, 0x54, 0x50, 0xff,
    0x50, 0x50, 0x50, 0xff, 0x58, 0x50, 0x58, 0xff, 0x50, 0x54, 0x50, 0xff,
    0x50, 0x50, 0x50, 0xff, 0x50, 0x50, 0x50, 0xff, 0x50, 0x50, 0x50, 0xff,
    0x58, 0x50, 0x58, 0xff, 0x50, 0x54, 0x50, 0xff, 0x50, 0x50, 0x50, 0xff,
    0x50, 0x50, 0x50, 0xff, 0x58, 0x50, 0x58, 0xff, 0x50, 0x50, 0x50, 0xff,
    0x50, 0x50, 0x50, 0xff, 0x50, 0x50, 0x50, 0xff, 0x50, 0x50, 0x50, 0xff,
    0x58, 0x54, 0x58, 0xff, 0x50, 0x50, 0x50, 0xff, 0x50, 0x50, 0x50, 0xff,
    0x50, 0x50, 0x50, 0xff, 0x58, 0x50, 0x58, 0xff, 0x50, 0x50, 0x50, 0xff,
    0x50, 0x50, 0x50, 0xff, 0x50, 0x50, 0x50, 0xff, 0x50, 0x54, 0x50, 0xff,
    0x58, 0x50, 0x58, 0xff, 0x50, 0x50, 0x50, 0xff, 0x50, 0x54, 0x50, 0xff,
    0x50, 0x50, 0x50, 0xff, 0x58, 0x50, 0x58, 0xff, 0x50, 0x50, 0x50, 0xff,
    0x50, 0x50, 0x50, 0xff, 0x50, 0x50, 0x50, 0xff, 0x50, 0x50, 0x50, 0xff,
    0x58, 0x50, 0x58, 0xff, 0x50, 0x50, 0x50, 0xff, 0x50, 0x50, 0x50, 0xff,
    0x50, 0x50, 0x50, 0xff, 0x58, 0x50, 0x58, 0xff, 0x50, 0x54, 0x50, 0xff,
    0x50, 0x50, 0x50, 0xff, 0x50, 0x50, 0x50, 0xff, 0x50, 0x54, 0x50, 0xff,
    0x50, 0x50, 0x50, 0xdf, 0x00, 0x00, 0x00, 0x00, 0x00, 0x00, 0x00, 0x00,
    0x00, 0x00, 0x00, 0x00, 0x00, 0x00, 0x00, 0x00, 0x00, 0x00, 0x00, 0x00,
    0x00, 0x00, 0x00, 0x00, 0x00, 0x00, 0x00, 0x00, 0x00, 0x00, 0x00, 0x00,
    0x50, 0x50, 0x50, 0xdf, 0x50, 0x54, 0x50, 0xff, 0x50, 0x50, 0x50, 0xff,
    0x50, 0x54, 0x50, 0xff, 0x50, 0x50, 0x50, 0xff, 0x50, 0x54, 0x50, 0xff,
    0x50, 0x50, 0x50, 0xff, 0x50, 0x54, 0x50, 0xff, 0x58, 0x50, 0x58, 0xff,
    0x50, 0x54, 0x50, 0xff, 0x50, 0x50, 0x50, 0xff, 0x50, 0x54, 0x50, 0xff,
    0x50, 0x54, 0x50, 0xff, 0x50, 0x50, 0x50, 0xff, 0x50, 0x50, 0x50, 0xff,
    0x50, 0x50, 0x50, 0xff, 0x58, 0x54, 0x58, 0xff, 0x50, 0x50, 0x50, 0xff,
    0x50, 0x50, 0x50, 0xff, 0x50, 0x54, 0x50, 0xff, 0x50, 0x50, 0x50, 0xff,
    0x50, 0x50, 0x50, 0xff, 0x50, 0x54, 0x50, 0xff, 0x50, 0x50, 0x50, 0xff,
    0x50, 0x50, 0x50, 0xff, 0x58, 0x50, 0x58, 0xff, 0x50, 0x50, 0x50, 0xff,
    0x50, 0x50, 0x50, 0xff, 0x50, 0x50, 0x50, 0xff, 0x50, 0x54, 0x50, 0xff,
    0x50, 0x50, 0x50, 0xff, 0x50, 0x50, 0x50, 0xff, 0x50, 0x50, 0x50, 0xff,
    0x50, 0x54, 0x50, 0xff, 0x58, 0x50, 0x58, 0xff, 0x50, 0x54, 0x50, 0xff,
    0x50, 0x50, 0x50, 0xff, 0x50, 0x54, 0x50, 0xff, 0x50, 0x50, 0x50, 0xff,
    0x50, 0x50, 0x50, 0xff, 0x50, 0x50, 0x50, 0xff, 0x50, 0x54, 0x50, 0xff,
    0x50, 0x50, 0x50, 0xff, 0x58, 0x54, 0x58, 0xff, 0x50, 0x50, 0x50, 0xff,
    0x50, 0x54, 0x50, 0xff, 0x50, 0x50, 0x50, 0xff, 0x50, 0x50, 0x50, 0xff,
    0x50, 0x50, 0x50, 0xff, 0x50, 0x50, 0x50, 0xff, 0x50, 0x50, 0x50, 0xff,
    0x50, 0x50, 0x50, 0xff, 0x58, 0x50, 0x58, 0xff, 0x50, 0x54, 0x50, 0xff,
    0x50, 0x50, 0x50, 0xff, 0x50, 0x50, 0x50, 0xff, 0x50, 0x50, 0x50, 0xff,
    0x50, 0x54, 0x50, 0xff, 0x50, 0x50, 0x50, 0xff, 0x50, 0x54, 0x50, 0xff,
    0x50, 0x50, 0x50, 0xff, 0x58, 0x54, 0x58, 0xff, 0x50, 0x50, 0x50, 0xff,
    0x50, 0x50, 0x50, 0xff, 0x50, 0x50, 0x50, 0xff, 0x50, 0x54, 0x50, 0xff,
    0x50, 0x50, 0x50, 0xff, 0x50, 0x54, 0x50, 0xff, 0x50, 0x50, 0x50, 0xff,
    0x50, 0x54, 0x50, 0xff, 0x58, 0x50, 0x58, 0xff, 0x50, 0x50, 0x50, 0xff,
    0x50, 0x50, 0x50, 0xff, 0x50, 0x50, 0x50, 0xff, 0x50, 0x50, 0x50, 0xff,
    0x50, 0x50, 0x50, 0xff, 0x50, 0x50, 0x50, 0xff, 0x50, 0x54, 0x50, 0xff,
    0x50, 0x50, 0x50, 0xff, 0x58, 0x54, 0x58, 0xff, 0x50, 0x50, 0x50, 0xff,
    0x50, 0x50, 0x50, 0xff, 0x50, 0x54, 0x50, 0xff, 0x50, 0x50, 0x50, 0xff,
    0x50, 0x54, 0x50, 0xff, 0x50, 0x50, 0x50, 0xff, 0x50, 0x50, 0x50, 0xff,
    0x50, 0x50, 0x50, 0xff, 0x50, 0x50, 0x50, 0xff, 0x58, 0x50, 0x58, 0xff,
    0x50, 0x54, 0x50, 0xff, 0x50, 0x50, 0x50, 0xdf, 0x00, 0x00, 0x00, 0x00,
    0x00, 0x00, 0x00, 0x00, 0x00, 0x00, 0x00, 0x00, 0x00, 0x00, 0x00, 0x00,
    0x00, 0x00, 0x00, 0x00, 0x00, 0x00, 0x00, 0x00, 0x00, 0x00, 0x00, 0x00,
    0x00, 0x00, 0x00, 0x00, 0x50, 0x50, 0x50, 0xdf, 0x50, 0x50, 0x50, 0xff,
    0x50, 0x54, 0x50, 0xff, 0x50, 0x50, 0x50, 0xff, 0x50, 0x50, 0x50, 0xff,
    0x50, 0x50, 0x50, 0xff, 0x50, 0x54, 0x50, 0xff, 0x50, 0x50, 0x50, 0xff,
    0x50, 0x50, 0x50, 0xff, 0x50, 0x50, 0x50, 0xff, 0x50, 0x50, 0x50, 0xff,
    0x50, 0x50, 0x50, 0xff, 0x58, 0x50, 0x58, 0xff, 0x50, 0x54, 0x50, 0xff,
    0x50, 0x50, 0x50, 0xff, 0x50, 0x50, 0x50, 0xff, 0x50, 0x54, 0x50, 0xff,
    0x50, 0x50, 0x50, 0xff, 0x50, 0x50, 0x50, 0xff, 0x50, 0x54, 0x50, 0xff,
    0x58, 0x50, 0x58, 0xff, 0x50, 0x50, 0x50, 0xff, 0x50, 0x54, 0x50, 0xff,
    0x50, 0x50, 0x50, 0xff, 0x50, 0x50, 0x50, 0xff, 0x50, 0x54, 0x50, 0xff,
    0x50, 0x50, 0x50, 0xff, 0x50, 0x50, 0x50, 0xff, 0x50, 0x54, 0x50, 0xff,
    0x58, 0x50, 0x58, 0xff, 0x50, 0x50, 0x50, 0xff, 0x50, 0x50, 0x50, 0xff,
    0x50, 0x54, 0x50, 0xff, 0x50, 0x50, 0x50, 0xff, 0x50, 0x50, 0x50, 0xff,
    0x50, 0x50, 0x50, 0xff, 0x50, 0x50, 0x50, 0xff, 0x50, 0x54, 0x50, 0xff,
    0x58, 0x50, 0x58, 0xff, 0x50, 0x50, 0x50, 0xff, 0x50, 0x50, 0x50, 0xff,
    0x50, 0x50, 0x50, 0xff, 0x50, 0x50, 0x50, 0xff, 0x50, 0x50, 0x50, 0xff,
    0x50, 0x54, 0x50, 0xff, 0x50, 0x50, 0x50, 0xff, 0x50, 0x50, 0x50, 0xff,
    0x58, 0x54, 0x58, 0xff, 0x50, 0x50, 0x50, 0xff, 0x50, 0x54, 0x50, 0xff,
    0x50, 0x50, 0x50, 0xff, 0x50, 0x50, 0x50, 0xff, 0x50, 0x54, 0x50, 0xff,
    0x50, 0x50, 0x50, 0xff, 0x50, 0x50, 0x50, 0xff, 0x50, 0x50, 0x50, 0xff,
    0x58, 0x54, 0x58, 0xff, 0x50, 0x50, 0x50, 0xff, 0x50, 0x50, 0x50, 0xff,
    0x50, 0x50, 0x50, 0xff, 0x50, 0x50, 0x50, 0xff, 0x50, 0x54, 0x50, 0xff,
    0x50, 0x50, 0x50, 0xff, 0x50, 0x50, 0x50, 0xff, 0x50, 0x50, 0x50, 0xff,
    0x58, 0x50, 0x58, 0xff, 0x50, 0x50, 0x50, 0xff, 0x50, 0x50, 0x50, 0xff,
    0x50, 0x54, 0x50, 0xff, 0x50, 0x50, 0x50, 0xff, 0x50, 0x50, 0x50, 0xff,
    0x50, 0x54, 0x50, 0xff, 0x50, 0x50, 0x50, 0xff, 0x50, 0x54, 0x50, 0xff,
    0x58, 0x50, 0x58, 0xff, 0x50, 0x50, 0x50, 0xff, 0x50, 0x54, 0x50, 0xff,
    0x50, 0x50, 0x50, 0xff, 0x50, 0x50, 0x50, 0xff, 0x50, 0x50, 0x50, 0xff,
    0x50, 0x54, 0x50, 0xff, 0x50, 0x50, 0x50, 0xff, 0x50, 0x50, 0x50, 0xff,
    0x58, 0x54, 0x58, 0xff, 0x50, 0x50, 0x50, 0xff, 0x50, 0x50, 0x50, 0xff,
    0x50, 0x54, 0x50, 0xff, 0x50, 0x50, 0x50, 0xff, 0x50, 0x50, 0x50, 0xff,
    0x50, 0x54, 0x50, 0xff, 0x50, 0x50, 0x50, 0xff, 0x50, 0x50, 0x50, 0xdf,
    0x00, 0x00, 0x00, 0x00, 0x00, 0x00, 0x00, 0x00, 0x00, 0x00, 0x00, 0x00,
    0x00, 0x00, 0x00, 0x00, 0x00, 0x00, 0x00, 0x00, 0x00, 0x00, 0x00, 0x00,
    0x00, 0x00, 0x00, 0x00, 0x00, 0x00, 0x00, 0x00, 0x50, 0x50, 0x50, 0xdf,
    0x50, 0x50, 0x50, 0xff, 0x58, 0x50, 0x58, 0xff, 0x50, 0x50, 0x50, 0xff,
    0x50, 0x50, 0x50, 0xff, 0x58, 0x50, 0x58, 0xff, 0x50, 0x50, 0x50, 0xff,
    0x50, 0x50, 0x50, 0xff, 0x50, 0x54, 0x50, 0xff, 0x50, 0x50, 0x50, 0xff,
    0x50, 0x50, 0x50, 0xff, 0x50, 0x50, 0x50, 0xff, 0x50, 0x50, 0x50, 0xff,
    0x50, 0x50, 0x50, 0xff, 0x50, 0x54, 0x50, 0xff, 0x50, 0x50, 0x50, 0xff,
    0x50, 0x50, 0x50, 0xff, 0x50, 0x50, 0x50, 0xff, 0x50, 0x50, 0x50, 0xff,
    0x50, 0x50, 0x50, 0xff, 0x50, 0x50, 0x50, 0xff, 0x50, 0x50, 0x50, 0xff,
    0x50, 0x50, 0x50, 0xff, 0x58, 0x50, 0x58, 0xff, 0x50, 0x54, 0x50, 0xff,
    0x50, 0x50, 0x50, 0xff, 0x50, 0x50, 0x50, 0xff, 0x50, 0x54, 0x50, 0xff,
    0x50, 0x50, 0x50, 0xff, 0x50, 0x50, 0x50, 0xff, 0x50, 0x50, 0x50, 0xff,
    0x50, 0x54, 0x50, 0xff, 0x58, 0x50, 0x58, 0xff, 0x50, 0x50, 0x50, 0xff,
    0x50, 0x50, 0x50, 0xff, 0x50, 0x50, 0x50, 0xff, 0x50, 0x50, 0x50, 0xff,
    0x50, 0x50, 0x50, 0xff, 0x50, 0x54, 0x50, 0xff, 0x50, 0x50, 0x50, 0xff,
    0x50, 0x54, 0x50, 0xff, 0x58, 0x50, 0x58, 0xff, 0x50, 0x50, 0x50, 0xff,
    0x50, 0x50, 0x50, 0xff, 0x50, 0x50, 0x50, 0xff, 0x50, 0x50, 0x50, 0xff,
    0x50, 0x50, 0x50, 0xff, 0x50, 0x50, 0x50, 0xff, 0x50, 0x54, 0x50, 0xff,
    0x50, 0x50, 0x50, 0xff, 0x58, 0x50, 0x58, 0xff, 0x50, 0x54, 0x50, 0xff,
    0x50, 0x50, 0x50, 0xff, 0x50, 0x50, 0x50, 0xff, 0x50, 0x50, 0x50, 0xff,
    0x50, 0x54, 0x50, 0xff, 0x50, 0x50, 0x50, 0xff, 0x50, 0x50, 0x50, 0xff,
    0x50, 0x50, 0x50, 0xff, 0x58, 0x50, 0x58, 0xff, 0x50, 0x50, 0x50, 0xff,
    0x50, 0x50, 0x50, 0xff, 0x50, 0x54, 0x50, 0xff, 0x50, 0x50, 0x50, 0xff,
    0x50, 0x54, 0x50, 0xff, 0x50, 0x50, 0x50, 0xff, 0x50, 0x50, 0x50, 0xff,
    0x50, 0x50, 0x50, 0xff, 0x58, 0x50, 0x58, 0xff, 0x50, 0x50, 0x50, 0xff,
    0x50, 0x50, 0x50, 0xff, 0x50, 0x50, 0x50, 0xff, 0x50, 0x54, 0x50, 0xff,
    0x50, 0x50, 0x50, 0xff, 0x50, 0x50, 0x50, 0xff, 0x50, 0x54, 0x50, 0xff,
    0x50, 0x50, 0x50, 0xff, 0x58, 0x50, 0x58, 0xff, 0x50, 0x50, 0x50, 0xff,
    0x50, 0x50, 0x50, 0xff, 0x50, 0x50, 0x50, 0xff, 0x50, 0x50, 0x50, 0xff,
    0x50, 0x50, 0x50, 0xff, 0x50, 0x50, 0x50, 0xff, 0x50, 0x50, 0x50, 0xff,
    0x58, 0x50, 0x58, 0xff, 0x50, 0x54, 0x50, 0xff, 0x50, 0x50, 0x50, 0xff,
    0x58, 0x50, 0x58, 0xff, 0x50, 0x54, 0x50, 0xff, 0x50, 0x50, 0x50, 0xff,
    0x58, 0x50, 0x58, 0xdf, 0x00, 0x00, 0x00, 0x00, 0x00, 0x00, 0x00, 0x00,
    0x00, 0x00, 0x00, 0x00, 0x00, 0x00, 0x00, 0x00, 0x00, 0x00, 0x00, 0x00,
    0x00, 0x00, 0x00, 0x00, 0x00, 0x00, 0x00, 0x00, 0x00, 0x00, 0x00, 0x00,
    0x50, 0x50, 0x50, 0xdf, 0x50, 0x54, 0x50, 0xff, 0x50, 0x50, 0x50, 0xff,
    0x50, 0x54, 0x50, 0xff, 0x50, 0x50, 0x50, 0xff, 0x50, 0x54, 0x50, 0xff,
    0x50, 0x50, 0x50, 0xff, 0x58, 0x50, 0x58, 0xff, 0x50, 0x54, 0x50, 0xff,
    0x50, 0x50, 0x50, 0xff, 0x58, 0x54, 0x58, 0xff, 0x50, 0x54, 0x50, 0xff,
    0x50, 0x50, 0x50, 0xff, 0x50, 0x50, 0x50, 0xff, 0x58, 0x50, 0x58, 0xff,
    0x50, 0x50, 0x50, 0xff, 0x50, 0x54, 0x50, 0xff, 0x58, 0x50, 0x58, 0xff,
    0x50, 0x50, 0x50, 0xff, 0x50, 0x54, 0x50, 0xff, 0x50, 0x50, 0x50, 0xff,
    0x50, 0x54, 0x50, 0xff, 0x50, 0x50, 0x50, 0xff, 0x50, 0x50, 0x50, 0xff,
    0x50, 0x50, 0x50, 0xff, 0x50, 0x50, 0x50, 0xff, 0x58, 0x50, 0x58, 0xff,
    0x50, 0x50, 0x50, 0xff, 0x50, 0x50, 0x50, 0xff, 0x50, 0x54, 0x50, 0xff,
    0x50, 0x50, 0x50, 0xff, 0x50, 0x50, 0x50, 0xff, 0x50, 0x50, 0x50, 0xff,
    0x50, 0x54, 0x50, 0xff, 0x50, 0x54, 0x50, 0xff, 0x58, 0x50, 0x58, 0xff,
    0x50, 0x54, 0x50, 0xff, 0x50, 0x50, 0x50, 0xff, 0x50, 0x50, 0x50, 0xff,
    0x50, 0x50, 0x50, 0xff, 0x50, 0x54, 0x50, 0xff, 0x50, 0x50, 0x50, 0xff,
    0x50, 0x54, 0x50, 0xff, 0x50, 0x54, 0x50, 0xff, 0x58, 0x50, 0x58, 0xff,
    0x50, 0x54, 0x50, 0xff, 0x50, 0x50, 0x50, 0xff, 0x50, 0x50, 0x50, 0xff,
    0x50, 0x50, 0x50, 0xff, 0x50, 0x50, 0x50, 0xff, 0x50, 0x50, 0x50, 0xff,
    0x50, 0x50, 0x50, 0xff, 0x50, 0x50, 0x50, 0xff, 0x58, 0x54, 0x58, 0xff,
    0x50, 0x50, 0x50, 0xff, 0x50, 0x50, 0x50, 0xff, 0x50, 0x50, 0x50, 0xff,
    0x50, 0x54, 0x50, 0xff, 0x50, 0x54, 0x50, 0xff, 0x50, 0x50, 0x50, 0xff,
    0x50, 0x54, 0x50, 0xff, 0x50, 0x50, 0x50, 0xff, 0x58, 0x50, 0x58, 0xff,
    0x50, 0x50, 0x50, 0xff, 0x50, 0x54, 0x50, 0xff, 0x50, 0x50, 0x50, 0xff,
    0x50, 0x54, 0x50, 0xff, 0x50, 0x54, 0x50, 0xff, 0x50, 0x50, 0x50, 0xff,
    0x50, 0x54, 0x50, 0xff, 0x50, 0x50, 0x50, 0xff, 0x58, 0x50, 0x58, 0xff,
    0x50, 0x50, 0x50, 0xff, 0x50, 0x50, 0x50, 0xff, 0x50, 0x50, 0x50, 0xff,
    0x50, 0x50, 0x50, 0xff, 0x50, 0x50, 0x50, 0xff, 0x50, 0x54, 0x50, 0xff,
    0x50, 0x54, 0x50, 0xff, 0x50, 0x50, 0x50, 0xff, 0x58, 0x54, 0x58, 0xff,
    0x50, 0x50, 0x50, 0xff, 0x50, 0x54, 0x50, 0xff, 0x50, 0x50, 0x50, 0xff,
    0x50, 0x50, 0x50, 0xff, 0x50, 0x54, 0x50, 0xff, 0x50, 0x50, 0x50, 0xff,
    0x50, 0x50, 0x50, 0xff, 0x50, 0x50, 0x50, 0xff, 0x50, 0x50, 0x50, 0xff,
    0x50, 0x50, 0x50, 0xff, 0x50, 0x54, 0x50, 0xdf, 0x00, 0x00, 0x00, 0x00,
    0x00, 0x00, 0x00, 0x00, 0x00, 0x00, 0x00, 0x00, 0x00, 0x00, 0x00, 0x00,
    0x00, 0x00, 0x00, 0x00, 0x00, 0x00, 0x00, 0x00, 0x00, 0x00, 0x00, 0x00,
    0x00, 0x00, 0x00, 0x00, 0x50, 0x50, 0x50, 0xdf, 0x50, 0x50, 0x50, 0xff,
    0x50, 0x50, 0x50, 0xff, 0x50, 0x50, 0x50, 0xff, 0x50, 0x54, 0x50, 0xff,
    0x50, 0x50, 0x50, 0xff, 0x50, 0x50, 0x50, 0xff, 0x50, 0x50, 0x50, 0xff,
    0x50, 0x50, 0x50, 0xff, 0x50, 0x50, 0x50, 0xff, 0x50, 0x50, 0x50, 0xff,
    0x50, 0x50, 0x50, 0xff, 0x50, 0x54, 0x50, 0xff, 0x50, 0x50, 0x50, 0xff,
    0x50, 0x50, 0x50, 0xff, 0x50, 0x54, 0x50, 0xff, 0x50, 0x50, 0x50, 0xff,
    0x50, 0x50, 0x50, 0xff, 0x50, 0x54, 0x50, 0xff, 0x58, 0x50, 0x58, 0xff,
    0x50, 0x50, 0x50, 0xff, 0x50, 0x54, 0x50, 0xff, 0x58, 0x50, 0x58, 0xff,
    0x50, 0x50, 0x50, 0xff, 0x50, 0x54, 0x50, 0xff, 0x50, 0x54, 0x50, 0xff,
    0x50, 0x50, 0x50, 0xff, 0x50, 0x50, 0x50, 0xff, 0x58, 0x54, 0x58, 0xff,
    0x50, 0x50, 0x50, 0xff, 0x50, 0x50, 0x50, 0xff, 0x58, 0x50, 0x58, 0xff,
    0x50, 0x50, 0x50, 0xff, 0x50, 0x50, 0x50, 0xff, 0x50, 0x50, 0x50, 0xff,
    0x50, 0x50, 0x50, 0xff, 0x50, 0x50, 0x50, 0xff, 0x58, 0x54, 0x58, 0xff,
    0x50, 0x50, 0x50, 0xff, 0x50, 0x50, 0x50, 0xff, 0x58, 0x50, 0x58, 0xff,
    0x50, 0x50, 0x50, 0xff, 0x50, 0x50, 0x50, 0xff, 0x50, 0x50, 0x50, 0xff,
    0x50, 0x50, 0x50, 0xff, 0x50, 0x50, 0x50, 0xff, 0x58, 0x54, 0x58, 0xff,
    0x50, 0x50, 0x50, 0xff, 0x50, 0x54, 0x50, 0xff, 0x58, 0x50, 0x58, 0xff,
    0x50, 0x54, 0x50, 0xff, 0x50, 0x50, 0x50, 0xff, 0x50, 0x50, 0x50, 0xff,
    0x50, 0x54, 0x50, 0xff, 0x50, 0x50, 0x50, 0xff, 0x58, 0x50, 0x58, 0xff,
    0x50, 0x50, 0x50, 0xff, 0x50, 0x50, 0x50, 0xff, 0x58, 0x50, 0x58, 0xff,
    0x50, 0x50, 0x50, 0xff, 0x50, 0x50, 0x50, 0xff, 0x50, 0x54, 0x50, 0xff,
    0x50, 0x50, 0x50, 0xff, 0x50, 0x50, 0x50, 0xff, 0x58, 0x50, 0x58, 0xff,
    0x50, 0x50, 0x50, 0xff, 0x50, 0x50, 0x50, 0xff, 0x58, 0x50, 0x58, 0xff,
    0x50, 0x50, 0x50, 0xff, 0x50, 0x50, 0x50, 0xff, 0x50, 0x54, 0x50, 0xff,
    0x50, 0x50, 0x50, 0xff, 0x50, 0x54, 0x50, 0xff, 0x58, 0x50, 0x58, 0xff,
    0x50, 0x54, 0x50, 0xff, 0x50, 0x50, 0x50, 0xff, 0x58, 0x50, 0x58, 0xff,
    0x50, 0x50, 0x50, 0xff, 0x50, 0x50, 0x50, 0xff, 0x50, 0x50, 0x50, 0xff,
    0x50, 0x50, 0x50, 0xff, 0x50, 0x54, 0x50, 0xff, 0x58, 0x50, 0x58, 0xff,
    0x50, 0x50, 0x50, 0xff, 0x50, 0x54, 0x50, 0xff, 0x50, 0x50, 0x50, 0xff,
    0x50, 0x50, 0x50, 0xff, 0x50, 0x54, 0x50, 0xff, 0x50, 0x50, 0x50, 0xff,
    0x50, 0x50, 0x50, 0xff, 0x50, 0x54, 0x50, 0xff, 0x50, 0x50, 0x50, 0xdf,
    0x00, 0x00, 0x00, 0x00, 0x00, 0x00, 0x00, 0x00, 0x00, 0x00, 0x00, 0x00,
    0x00, 0x00, 0x00, 0x00, 0x00, 0x00, 0x00, 0x00, 0x00, 0x00, 0x00, 0x00,
    0x00, 0x00, 0x00, 0x00, 0x00, 0x00, 0x00, 0x00, 0x50, 0x50, 0x50, 0xbe,
    0x50, 0x54, 0x50, 0xff, 0x58, 0x50, 0x58, 0xff, 0x50, 0x50, 0x50, 0xff,
    0x50, 0x50, 0x50, 0xff, 0x58, 0x50, 0x58, 0xff, 0x50, 0x54, 0x50, 0xff,
    0x50, 0x50, 0x50, 0xff, 0x50, 0x50, 0x50, 0xff, 0x50, 0x54, 0x50, 0xff,
    0x50, 0x50, 0x50, 0xff, 0x58, 0x50, 0x58, 0xff, 0x50, 0x50, 0x50, 0xff,
    0x50, 0x54, 0x50, 0xff, 0x50, 0x50, 0x50, 0xff, 0x50, 0x50, 0x50, 0xff,
    0x58, 0x50, 0x58, 0xff, 0x50, 0x50, 0x50, 0xff, 0x50, 0x50, 0x50, 0xff,
    0x50, 0x50, 0x50, 0xff, 0x50, 0x50, 0x50, 0xff, 0x50, 0x50, 0x50, 0xff,
    0x50, 0x50, 0x50, 0xff, 0x50, 0x50, 0x50, 0xff, 0x50, 0x50, 0x50, 0xff,
    0x50, 0x50, 0x50, 0xff, 0x50, 0x54, 0x50, 0xff, 0x50, 0x50, 0x50, 0xff,
    0x50, 0x50, 0x50, 0xff, 0x50, 0x50, 0x50, 0xff, 0x50, 0x54, 0x50, 0xff,
    0x50, 0x54, 0x50, 0xff, 0x50, 0x50, 0x50, 0xff, 0x50, 0x50, 0x50, 0xff,
    0x50, 0x54, 0x50, 0xff, 0x50, 0x50, 0x50, 0xff, 0x50, 0x50, 0x50, 0xff,
    0x50, 0x50, 0x50, 0xff, 0x50, 0x54, 0x50, 0xff, 0x50, 0x50, 0x50, 0xff,
    0x50, 0x50, 0x50, 0xff, 0x50, 0x54, 0x50, 0xff, 0x50, 0x50, 0x50, 0xff,
    0x50, 0x50, 0x50, 0xff, 0x50, 0x50, 0x50, 0xff, 0x50, 0x50, 0x50, 0xff,
    0x50, 0x50, 0x50, 0xff, 0x50, 0x50, 0x50, 0xff, 0x50, 0x50, 0x50, 0xff,
    0x50, 0x54, 0x50, 0xff, 0x50, 0x50, 0x50, 0xff, 0x50, 0x50, 0x50, 0xff,
    0x50, 0x50, 0x50, 0xff, 0x50, 0x50, 0x50, 0xff, 0x50, 0x54, 0x50, 0xff,
    0x50, 0x50, 0x50, 0xff, 0x50, 0x54, 0x50, 0xff, 0x50, 0x50, 0x50, 0xff,
    0x50, 0x50, 0x50, 0xff, 0x50, 0x50, 0x50, 0xff, 0x50, 0x50, 0x50, 0xff,
    0x50, 0x50, 0x50, 0xff, 0x50, 0x54, 0x50, 0xff, 0x50, 0x50, 0x50, 0xff,
    0x50, 0x50, 0x50, 0xff, 0x50, 0x54, 0x50, 0xff, 0x50, 0x50, 0x50, 0xff,
    0x50, 0x50, 0x50, 0xff, 0x50, 0x50, 0x50, 0xff, 0x50, 0x50, 0x50, 0xff,
    0x50, 0x50, 0x50, 0xff, 0x50, 0x50, 0x50, 0xff, 0x50, 0x50, 0x50, 0xff,
    0x50, 0x54, 0x50, 0xff, 0x50, 0x50, 0x50, 0xff, 0x50, 0x50, 0x50, 0xff,
    0x50, 0x54, 0x50, 0xff, 0x50, 0x50, 0x50, 0xff, 0x50, 0x50, 0x50, 0xff,
    0x50, 0x50, 0x50, 0xff, 0x50, 0x50, 0x50, 0xff, 0x50, 0x50, 0x50, 0xff,
    0x50, 0x50, 0x50, 0xff, 0x50, 0x50, 0x50, 0xff, 0x50, 0x50, 0x50, 0xff,
    0x58, 0x50, 0x58, 0xff, 0x50, 0x50, 0x50, 0xff, 0x50, 0x54, 0x50, 0xff,
    0x58, 0x50, 0x58, 0xff, 0x50, 0x50, 0x50, 0xff, 0x50, 0x50, 0x50, 0xff,
    0x50, 0x50, 0x50, 0x9e, 0x00, 0x00, 0x00, 0x00, 0x00, 0x00, 0x00, 0x00,
    0x00, 0x00, 0x00, 0x00, 0x00, 0x00, 0x00, 0x00, 0x00, 0x00, 0x00, 0x00,
    0x00, 0x00, 0x00, 0x00, 0x00, 0x00, 0x00, 0x00, 0x00, 0x00, 0x00, 0x00,
    0x50, 0x50, 0x50, 0x61, 0x50, 0x50, 0x50, 0xff, 0x50, 0x54, 0x50, 0xff,
    0x50, 0x50, 0x50, 0xff, 0x50, 0x50, 0x50, 0xff, 0x50, 0x54, 0x50, 0xff,
    0x50, 0x50, 0x50, 0xff, 0x50, 0x50, 0x50, 0xff, 0x58, 0x54, 0x58, 0xff,
    0x50, 0x50, 0x50, 0xff, 0x50, 0x50, 0x50, 0xff, 0x50, 0x50, 0x50, 0xff,
    0x50, 0x50, 0x50, 0xff, 0x50, 0x50, 0x50, 0xff, 0x58, 0x54, 0x58, 0xff,
    0x50, 0x50, 0x50, 0xff, 0x50, 0x50, 0x50, 0xff, 0x50, 0x54, 0x50, 0xff,
    0x50, 0x50, 0x50, 0xff, 0x50, 0x54, 0x50, 0xff, 0x50, 0x50, 0x50, 0xff,
    0x50, 0x54, 0x50, 0xff, 0x50, 0x54, 0x50, 0xff, 0x50, 0x50, 0x50, 0xff,
    0x58, 0x50, 0x58, 0xff, 0x50, 0x50, 0x50, 0xff, 0x50, 0x50, 0x50, 0xff,
    0x58, 0x54, 0x58, 0xff, 0x50, 0x50, 0x50, 0xff, 0x50, 0x50, 0x50, 0xff,
    0x50, 0x50, 0x50, 0xff, 0x50, 0x50, 0x50, 0xff, 0x50, 0x50, 0x50, 0xff,
    0x58, 0x54, 0x58, 0xff, 0x50, 0x50, 0x50, 0xff, 0x50, 0x50, 0x50, 0xff,
    0x58, 0x50, 0x58, 0xff, 0x50, 0x50, 0x50, 0xff, 0x50, 0x50, 0x50, 0xff,
    0x50, 0x54, 0x50, 0xff, 0x50, 0x50, 0x50, 0xff, 0x50, 0x50, 0x50, 0xff,
    0x58, 0x54, 0x58, 0xff, 0x50, 0x50, 0x50, 0xff, 0x50, 0x54, 0x50, 0xff,
    0x58, 0x54, 0x58, 0xff, 0x50, 0x50, 0x50, 0xff, 0x50, 0x50, 0x50, 0xff,
    0x50, 0x50, 0x50, 0xff, 0x50, 0x50, 0x50, 0xff, 0x50, 0x50, 0x50, 0xff,
    0x58, 0x54, 0x58, 0xff, 0x50, 0x50, 0x50, 0xff, 0x50, 0x50, 0x50, 0xff,
    0x58, 0x50, 0x58, 0xff, 0x50, 0x50, 0x50, 0xff, 0x50, 0x50, 0x50, 0xff,
    0x50, 0x54, 0x50, 0xff, 0x50, 0x54, 0x50, 0xff, 0x50, 0x50, 0x50, 0xff,
    0x58, 0x50, 0x58, 0xff, 0x50, 0x54, 0x50, 0xff, 0x50, 0x50, 0x50, 0xff,
    0x58, 0x50, 0x58, 0xff, 0x50, 0x50, 0x50, 0xff, 0x50, 0x54, 0x50, 0xff,
    0x50, 0x50, 0x50, 0xff, 0x50, 0x54, 0x50, 0xff, 0x50, 0x54, 0x50, 0xff,
    0x58, 0x50, 0x58, 0xff, 0x50, 0x50, 0x50, 0xff, 0x50, 0x54, 0x50, 0xff,
    0x58, 0x50, 0x58, 0xff, 0x50, 0x50, 0x50, 0xff, 0x50, 0x50, 0x50, 0xff,
    0x50, 0x50, 0x50, 0xff, 0x50, 0x54, 0x50, 0xff, 0x50, 0x50, 0x50, 0xff,
    0x58, 0x54, 0x58, 0xff, 0x50, 0x54, 0x50, 0xff, 0x50, 0x50, 0x50, 0xff,
    0x58, 0x50, 0x58, 0xff, 0x50, 0x54, 0x50, 0xff, 0x50, 0x50, 0x50, 0xff,
    0x50, 0x54, 0x50, 0xff, 0x50, 0x50, 0x50, 0xff, 0x50, 0x50, 0x50, 0xff,
    0x50, 0x50, 0x50, 0xff, 0x50, 0x54, 0x50, 0xff, 0x50, 0x50, 0x50, 0xff,
    0x50, 0x50, 0x50, 0xff, 0x50, 0x50, 0x50, 0x61, 0x00, 0x00, 0x00, 0x00,
    0x00, 0x00, 0x00, 0x00, 0x00, 0x00, 0x00, 0x00, 0x00, 0x00, 0x00, 0x00,
    0x00, 0x00, 0x00, 0x00, 0x00, 0x00, 0x00, 0x00, 0x00, 0x00, 0x00, 0x00,
    0x00, 0x00, 0x00, 0x00, 0x50, 0x50, 0x50, 0x20, 0x50, 0x50, 0x50, 0x7d,
    0x50, 0x50, 0x50, 0xff, 0x50, 0x50, 0x50, 0xff, 0x50, 0x54, 0x50, 0xff,
    0x50, 0x50, 0x50, 0xff, 0x50, 0x50, 0x50, 0xff, 0x50, 0x50, 0x50, 0xff,
    0x50, 0x50, 0x50, 0xff, 0x50, 0x50, 0x50, 0xff, 0x50, 0x54, 0x50, 0xff,
    0x50, 0x54, 0x50, 0xff, 0x50, 0x50, 0x50, 0xff, 0x50, 0x50, 0x50, 0xff,
    0x50, 0x50, 0x50, 0xff, 0x50, 0x54, 0x50, 0xff, 0x50, 0x50, 0x50, 0xff,
    0x50, 0x50, 0x50, 0xff, 0x50, 0x54, 0x50, 0xff, 0x58, 0x50, 0x58, 0xff,
    0x50, 0x50, 0x50, 0xff, 0x50, 0x50, 0x50, 0xff, 0x58, 0x50, 0x58, 0xff,
    0x50, 0x54, 0x50, 0xff, 0x50, 0x50, 0x50, 0xff, 0x50, 0x50, 0x50, 0xff,
    0x50, 0x54, 0x50, 0xff, 0x50, 0x50, 0x50, 0xff, 0x50, 0x50, 0x50, 0xff,
    0x50, 0x54, 0x50, 0xff, 0x58, 0x50, 0x58, 0xff, 0x50, 0x50, 0x50, 0xff,
    0x50, 0x50, 0x50, 0xff, 0x50, 0x50, 0x50, 0xff, 0x50, 0x54, 0x50, 0xff,
    0x50, 0x50, 0x50, 0xff, 0x50, 0x54, 0x50, 0xff, 0x50, 0x50, 0x50, 0xff,
    0x50, 0x50, 0x50, 0xff, 0x58, 0x50, 0x58, 0xff, 0x50, 0x50, 0x50, 0xff,
    0x50, 0x50, 0x50, 0xff, 0x50, 0x50, 0x50, 0xff, 0x50, 0x50, 0x50, 0xff,
    0x50, 0x50, 0x50, 0xff, 0x50, 0x50, 0x50, 0xff, 0x50, 0x54, 0x50, 0xff,
    0x50, 0x50, 0x50, 0xff, 0x58, 0x54, 0x58, 0xff, 0x50, 0x50, 0x50, 0xff,
    0x50, 0x50, 0x50, 0xff, 0x50, 0x54, 0x50, 0xff, 0x50, 0x50, 0x50, 0xff,
    0x50, 0x50, 0x50, 0xff, 0x50, 0x54, 0x50, 0xff, 0x50, 0x50, 0x50, 0xff,
    0x50, 0x50, 0x50, 0xff, 0x58, 0x50, 0x58, 0xff, 0x50, 0x50, 0x50, 0xff,
    0x50, 0x50, 0x50, 0xff, 0x50, 0x54, 0x50, 0xff, 0x50, 0x50, 0x50, 0xff,
    0x50, 0x50, 0x50, 0xff, 0x50, 0x50, 0x50, 0xff, 0x50, 0x54, 0x50, 0xff,
    0x50, 0x50, 0x50, 0xff, 0x58, 0x50, 0x58, 0xff, 0x50, 0x50, 0x50, 0xff,
    0x50, 0x50, 0x50, 0xff, 0x50, 0x50, 0x50, 0xff, 0x50, 0x54, 0x50, 0xff,
    0x50, 0x50, 0x50, 0xff, 0x50, 0x50, 0x50, 0xff, 0x50, 0x50, 0x50, 0xff,
    0x50, 0x54, 0x50, 0xff, 0x58, 0x50, 0x58, 0xff, 0x50, 0x50, 0x50, 0xff,
    0x50, 0x50, 0x50, 0xff, 0x50, 0x50, 0x50, 0xff, 0x50, 0x50, 0x50, 0xff,
    0x50, 0x50, 0x50, 0xff, 0x50, 0x54, 0x50, 0xff, 0x50, 0x50, 0x50, 0xff,
    0x50, 0x50, 0x50, 0xff, 0x50, 0x50, 0x50, 0xff, 0x50, 0x54, 0x50, 0xff,
    0x50, 0x50, 0x50, 0xff, 0x58, 0x50, 0x58, 0xff, 0x50, 0x50, 0x50, 0xff,
    0x50, 0x54, 0x50, 0xff, 0x58, 0x50, 0x58, 0xdf, 0x00, 0x00, 0x00, 0x00,
    0x00, 0x00, 0x00, 0x00, 0x00, 0x00, 0x00, 0x00, 0x00, 0x00, 0x00, 0x00,
    0x00, 0x00, 0x00, 0x00, 0x00, 0x00, 0x00, 0x00, 0x00, 0x00, 0x00, 0x00,
    0x00, 0x00, 0x00, 0x00, 0x00, 0x00, 0x00, 0x00, 0x00, 0x00, 0x00, 0x00,
    0x00, 0x00, 0x00, 0x00, 0x50, 0x50, 0x50, 0x61, 0x50, 0x50, 0x50, 0x7d,
    0x50, 0x50, 0x50, 0x7d, 0x50, 0x50, 0x50, 0x82, 0x50, 0x50, 0x50, 0x7d,
    0x50, 0x50, 0x50, 0x7d, 0x50, 0x50, 0x50, 0x82, 0x50, 0x50, 0x50, 0x7d,
    0x50, 0x50, 0x50, 0x7d, 0x50, 0x50, 0x50, 0x7d, 0x50, 0x50, 0x50, 0x82,
    0x50, 0x50, 0x50, 0xbe, 0x50, 0x50, 0x50, 0xff, 0x50, 0x50, 0x50, 0xff,
    0x58, 0x50, 0x58, 0xff, 0x50, 0x50, 0x50, 0xff, 0x50, 0x50, 0x50, 0xff,
    0x50, 0x50, 0x50, 0xff, 0x50, 0x50, 0x50, 0xff, 0x50, 0x50, 0x50, 0xff,
    0x50, 0x50, 0x50, 0xff, 0x50, 0x50, 0x50, 0xff, 0x50, 0x54, 0x50, 0xff,
    0x50, 0x50, 0x50, 0xff, 0x50, 0x50, 0x50, 0xff, 0x50, 0x50, 0x50, 0xff,
    0x50, 0x50, 0x50, 0xff, 0x50, 0x54, 0x50, 0xff, 0x50, 0x50, 0x50, 0xff,
    0x50, 0x54, 0x50, 0xff, 0x50, 0x50, 0x50, 0xff, 0x50, 0x50, 0x50, 0xff,
    0x50, 0x50, 0x50, 0xff, 0x50, 0x50, 0x50, 0xff, 0x50, 0x54, 0x50, 0xff,
    0x50, 0x50, 0x50, 0xff, 0x50, 0x50, 0x50, 0xff, 0x50, 0x54, 0x50, 0xff,
    0x50, 0x50, 0x50, 0xff, 0x50, 0x54, 0x50, 0xff, 0x50, 0x50, 0x50, 0xff,
    0x50, 0x50, 0x50, 0xff, 0x50, 0x50, 0x50, 0xff, 0x50, 0x50, 0x50, 0xff,
    0x50, 0x50, 0x50, 0xff, 0x50, 0x50, 0x50, 0xff, 0x50, 0x54, 0x50, 0xff,
    0x50, 0x50, 0x50, 0xff, 0x50, 0x50, 0x50, 0xff, 0x50, 0x50, 0x50, 0xff,
    0x50, 0x50, 0x50, 0xff, 0x50, 0x54, 0x50, 0xff, 0x50, 0x50, 0x50, 0xff,
    0x50, 0x50, 0x50, 0xff, 0x50, 0x54, 0x50, 0xff, 0x50, 0x50, 0x50, 0xff,
    0x50, 0x50, 0x50, 0xff, 0x50, 0x50, 0x50, 0xff, 0x50, 0x50, 0x50, 0xff,
    0x50, 0x50, 0x50, 0xff, 0x50, 0x54, 0x50, 0xff, 0x50, 0x50, 0x50, 0xff,
    0x50, 0x50, 0x50, 0xff, 0x50, 0x50, 0x50, 0xff, 0x50, 0x50, 0x50, 0xff,
    0x50, 0x50, 0x50, 0xff, 0x50, 0x50, 0x50, 0xff, 0x50, 0x54, 0x50, 0xff,
    0x50, 0x50, 0x50, 0xff, 0x50, 0x50, 0x50, 0xff, 0x50, 0x50, 0x50, 0xff,
    0x50, 0x54, 0x50, 0xff, 0x50, 0x50, 0x50, 0xff, 0x50, 0x50, 0x50, 0xff,
    0x50, 0x50, 0x50, 0xff, 0x50, 0x54, 0x50, 0xff, 0x50, 0x50, 0x50, 0xff,
    0x50, 0x50, 0x50, 0x9e, 0x50, 0x50, 0x50, 0x7d, 0x50, 0x50, 0x50, 0x7d,
    0x50, 0x50, 0x50, 0x82, 0x50, 0x50, 0x50, 0x7d, 0x50, 0x50, 0x50, 0x7d,
    0x50, 0x50, 0x50, 0x82, 0x50, 0x50, 0x50, 0x7d, 0x50, 0x50, 0x50, 0x7d,
    0x50, 0x50, 0x50, 0x82, 0x50, 0x50, 0x50, 0x7d, 0x00, 0x00, 0x00, 0x00,
    0x00, 0x00, 0x00, 0x00, 0x00, 0x00, 0x00, 0x00, 0x00, 0x00, 0x00, 0x00,
    0x00, 0x00, 0x00, 0x00, 0x00, 0x00, 0x00, 0x00, 0x00, 0x00, 0x00, 0x00,
    0x00, 0x00, 0x00, 0x00, 0x00, 0x00, 0x00, 0x00, 0x00, 0x00, 0x00, 0x00,
    0x00, 0x00, 0x00, 0x00, 0x00, 0x00, 0x00, 0x00, 0x00, 0x00, 0x00, 0x00,
    0x00, 0x00, 0x00, 0x00, 0x00, 0x00, 0x00, 0x00, 0x00, 0x00, 0x00, 0x00,
    0x00, 0x00, 0x00, 0x00, 0x00, 0x00, 0x00, 0x00, 0x00, 0x00, 0x00, 0x00,
    0x00, 0x00, 0x00, 0x00, 0x00, 0x00, 0x00, 0x00, 0x00, 0x00, 0x00, 0x00,
    0x00, 0x00, 0x00, 0x00, 0x50, 0x50, 0x50, 0x41, 0x58, 0x54, 0x58, 0xff,
    0x50, 0x50, 0x50, 0xff, 0x50, 0x54, 0x50, 0xff, 0x50, 0x50, 0x50, 0xff,
    0x50, 0x50, 0x50, 0xff, 0x50, 0x54, 0x50, 0xff, 0x50, 0x54, 0x50, 0xff,
    0x50, 0x50, 0x50, 0xff, 0x50, 0x50, 0x50, 0xff, 0x50, 0x54, 0x50, 0xff,
    0x58, 0x50, 0x58, 0xff, 0x50, 0x50, 0x50, 0xff, 0x50, 0x54, 0x50, 0xff,
    0x58, 0x50, 0x58, 0xdf, 0x50, 0x50, 0x50, 0xdf, 0x50, 0x50, 0x50, 0xff,
    0x50, 0x50, 0x50, 0xff, 0x50, 0x50, 0x50, 0xff, 0x58, 0x54, 0x58, 0xff,
    0x50, 0x50, 0x50, 0xff, 0x50, 0x50, 0x50, 0xff, 0x58, 0x50, 0x58, 0xff,
    0x50, 0x50, 0x50, 0xff, 0x50, 0x54, 0x50, 0xff, 0x58, 0x50, 0x58, 0xff,
    0x50, 0x50, 0x50, 0xff, 0x50, 0x54, 0x50, 0xff, 0x58, 0x50, 0x58, 0xff,
    0x50, 0x50, 0x50, 0xff, 0x50, 0x54, 0x50, 0xff, 0x58, 0x54, 0x58, 0xff,
    0x50, 0x50, 0x50, 0xff, 0x50, 0x50, 0x50, 0xff, 0x58, 0x50, 0x58, 0xff,
    0x50, 0x50, 0x50, 0xff, 0x50, 0x54, 0x50, 0xff, 0x58, 0x50, 0x58, 0xff,
    0x50, 0x50, 0x50, 0xff, 0x50, 0x54, 0x50, 0xff, 0x58, 0x50, 0x58, 0xff,
    0x50, 0x50, 0x50, 0xff, 0x50, 0x50, 0x50, 0xff, 0x58, 0x54, 0x58, 0xff,
    0x50, 0x50, 0x50, 0xff, 0x50, 0x54, 0x50, 0xff, 0x58, 0x54, 0x58, 0xff,
    0x50, 0x50, 0x50, 0xff, 0x50, 0x50, 0x50, 0xff, 0x58, 0x50, 0x58, 0xff,
    0x50, 0x54, 0x50, 0xdf, 0x50, 0x50, 0x50, 0xbe, 0x58, 0x50, 0x58, 0xff,
    0x50, 0x54, 0x50, 0xff, 0x50, 0x50, 0x50, 0xff, 0x58, 0x50, 0x58, 0xff,
    0x50, 0x54, 0x50, 0xff, 0x50, 0x50, 0x50, 0xff, 0x58, 0x50, 0x58, 0xff,
    0x50, 0x54, 0x50, 0xff, 0x50, 0x50, 0x50, 0xff, 0x58, 0x50, 0x58, 0xff,
    0x50, 0x50, 0x50, 0xff, 0x50, 0x54, 0x50, 0xff, 0x58, 0x50, 0x58, 0xff,
    0x50, 0x50, 0x50, 0xff, 0x50, 0x50, 0x50, 0x20, 0x00, 0x00, 0x00, 0x00,
    0x00, 0x00, 0x00, 0x00, 0x00, 0x00, 0x00, 0x00, 0x00, 0x00, 0x00, 0x00,
    0x00, 0x00, 0x00, 0x00, 0x00, 0x00, 0x00, 0x00, 0x00, 0x00, 0x00, 0x00,
    0x00, 0x00, 0x00, 0x00, 0x00, 0x00, 0x00, 0x00, 0x00, 0x00, 0x00, 0x00,
    0x00, 0x00, 0x00, 0x00, 0x00, 0x00, 0x00, 0x00, 0x00, 0x00, 0x00, 0x00,
    0x00, 0x00, 0x00, 0x00, 0x00, 0x00, 0x00, 0x00, 0x00, 0x00, 0x00, 0x00,
    0x00, 0x00, 0x00, 0x00, 0x00, 0x00, 0x00, 0x00, 0x00, 0x00, 0x00, 0x00,
    0x00, 0x00, 0x00, 0x00, 0x00, 0x00, 0x00, 0x00, 0x00, 0x00, 0x00, 0x00,
    0x00, 0x00, 0x00, 0x00, 0x00, 0x00, 0x00, 0x00, 0x00, 0x00, 0x00, 0x00,
    0x00, 0x00, 0x00, 0x00, 0x00, 0x00, 0x00, 0x00, 0x00, 0x00, 0x00, 0x00,
    0x00, 0x00, 0x00, 0x00, 0x00, 0x00, 0x00, 0x00, 0x00, 0x00, 0x00, 0x00,
    0x00, 0x00, 0x00, 0x00, 0x00, 0x00, 0x00, 0x00, 0x50, 0x50, 0x50, 0x20,
    0x50, 0x50, 0x50, 0xff, 0x50, 0x50, 0x50, 0xff, 0x50, 0x54, 0x50, 0xff,
    0x50, 0x50, 0x50, 0xff, 0x50, 0x50, 0x50, 0xff, 0x58, 0x50, 0x58, 0xff,
    0x50, 0x50, 0x50, 0xff, 0x50, 0x54, 0x50, 0xff, 0x58, 0x50, 0x58, 0xff,
    0x50, 0x50, 0x50, 0xff, 0x50, 0x50, 0x50, 0xff, 0x50, 0x50, 0x50, 0xff,
    0x50, 0x50, 0x50, 0x9e, 0x00, 0x00, 0x00, 0x00, 0x00, 0x00, 0x00, 0x00,
    0x50, 0x50, 0x50, 0x41, 0x50, 0x50, 0x50, 0xff, 0x50, 0x50, 0x50, 0xff,
    0x50, 0x54, 0x50, 0xff, 0x50, 0x50, 0x50, 0xff, 0x50, 0x54, 0x50, 0xff,
    0x50, 0x50, 0x50, 0xff, 0x50, 0x50, 0x50, 0xff, 0x50, 0x50, 0x50, 0xff,
    0x50, 0x50, 0x50, 0xff, 0x50, 0x50, 0x50, 0xff, 0x50, 0x50, 0x50, 0xff,
    0x50, 0x50, 0x50, 0xff, 0x50, 0x50, 0x50, 0xff, 0x50, 0x50, 0x50, 0xff,
    0x50, 0x50, 0x50, 0xdf, 0x50, 0x50, 0x50, 0x7d, 0x50, 0x50, 0x50, 0x20,
    0x50, 0x54, 0x50, 0xbe, 0x50, 0x50, 0x50, 0xff, 0x50, 0x50, 0x50, 0xff,
    0x50, 0x50, 0x50, 0xff, 0x50, 0x54, 0x50, 0xff, 0x50, 0x50, 0x50, 0xff,
    0x50, 0x50, 0x50, 0xff, 0x50, 0x50, 0x50, 0xff, 0x50, 0x54, 0x50, 0xff,
    0x50, 0x50, 0x50, 0xff, 0x50, 0x50, 0x50, 0xff, 0x50, 0x50, 0x50, 0xff,
    0x50, 0x50, 0x50, 0xff, 0x50, 0x50, 0x50, 0xff, 0x50, 0x54, 0x50, 0xff,
    0x50, 0x50, 0x50, 0x41, 0x00, 0x00, 0x00, 0x00, 0x00, 0x00, 0x00, 0x00,
    0x50, 0x50, 0x50, 0x61, 0x50, 0x54, 0x50, 0xff, 0x50, 0x50, 0x50, 0xff,
    0x50, 0x50, 0x50, 0xff, 0x50, 0x50, 0x50, 0xff, 0x50, 0x50, 0x50, 0xff,
    0x50, 0x50, 0x50, 0xff, 0x50, 0x50, 0x50, 0xff, 0x50, 0x50, 0x50, 0xff,
    0x50, 0x54, 0x50, 0xff, 0x50, 0x50, 0x50, 0xff, 0x50, 0x50, 0x50, 0xff,
    0x50, 0x50, 0x50, 0xff, 0x50, 0x50, 0x50, 0xbe, 0x00, 0x00, 0x00, 0x00,
    0x00, 0x00, 0x00, 0x00, 0x00, 0x00, 0x00, 0x00, 0x00, 0x00, 0x00, 0x00,
    0x00, 0x00, 0x00, 0x00, 0x00, 0x00, 0x00, 0x00, 0x00, 0x00, 0x00, 0x00,
    0x00, 0x00, 0x00, 0x00, 0x00, 0x00, 0x00, 0x00, 0x00, 0x00, 0x00, 0x00,
    0x00, 0x00, 0x00, 0x00, 0x00, 0x00, 0x00, 0x00, 0x00, 0x00, 0x00, 0x00,
    0x00, 0x00, 0x00, 0x00, 0x00, 0x00, 0x00, 0x00, 0x00, 0x00, 0x00, 0x00,
    0x00, 0x00, 0x00, 0x00, 0x00, 0x00, 0x00, 0x00, 0x00, 0x00, 0x00, 0x00,
    0x00, 0x00, 0x00, 0x00, 0x00, 0x00, 0x00, 0x00, 0x00, 0x00, 0x00, 0x00,
    0x00, 0x00, 0x00, 0x00, 0x00, 0x00, 0x00, 0x00, 0x00, 0x00, 0x00, 0x00,
    0x00, 0x00, 0x00, 0x00, 0x00, 0x00, 0x00, 0x00, 0x00, 0x00, 0x00, 0x00,
    0x00, 0x00, 0x00, 0x00, 0x00, 0x00, 0x00, 0x00, 0x00, 0x00, 0x00, 0x00,
    0x00, 0x00, 0x00, 0x00, 0x00, 0x00, 0x00, 0x00, 0x00, 0x00, 0x00, 0x00,
    0x00, 0x00, 0x00, 0x00, 0x50, 0x50, 0x50, 0xbe, 0x50, 0x50, 0x50, 0xff,
    0x50, 0x50, 0x50, 0xff, 0x50, 0x54, 0x50, 0xff, 0x50, 0x50, 0x50, 0xff,
    0x50, 0x50, 0x50, 0xff, 0x50, 0x50, 0x50, 0xff, 0x50, 0x50, 0x50, 0xff,
    0x50, 0x54, 0x50, 0xff, 0x50, 0x50, 0x50, 0xff, 0x50, 0x50, 0x50, 0xff,
    0x50, 0x54, 0x50, 0xff, 0x00, 0x00, 0x00, 0x00, 0x00, 0x00, 0x00, 0x00,
    0x00, 0x00, 0x00, 0x00, 0x00, 0x00, 0x00, 0x00, 0x50, 0x50, 0x50, 0x9e,
    0x58, 0x54, 0x58, 0xff, 0x50, 0x50, 0x50, 0xff, 0x50, 0x50, 0x50, 0xff,
    0x50, 0x50, 0x50, 0xff, 0x50, 0x54, 0x50, 0xff, 0x50, 0x50, 0x50, 0xff,
    0x50, 0x54, 0x50, 0xff, 0x50, 0x50, 0x50, 0xff, 0x50, 0x54, 0x50, 0xff,
    0x50, 0x50, 0x50, 0xff, 0x50, 0x54, 0x50, 0xff, 0x50, 0x50, 0x50, 0xff,
    0x50, 0x50, 0x50, 0xff, 0x50, 0x50, 0x50, 0x41, 0x00, 0x00, 0x00, 0x00,
    0x00, 0x00, 0x00, 0x00, 0x00, 0x00, 0x00, 0x00, 0x50, 0x50, 0x50, 0xff,
    0x50, 0x50, 0x50, 0xff, 0x50, 0x54, 0x50, 0xff, 0x50, 0x50, 0x50, 0xff,
    0x50, 0x50, 0x50, 0xff, 0x50, 0x50, 0x50, 0xff, 0x50, 0x54, 0x50, 0xff,
    0x50, 0x50, 0x50, 0xff, 0x50, 0x50, 0x50, 0xff, 0x50, 0x50, 0x50, 0xff,
    0x50, 0x50, 0x50, 0xff, 0x50, 0x50, 0x50, 0xff, 0x50, 0x50, 0x50, 0xff,
    0x50, 0x50, 0x50, 0x9e, 0x00, 0x00, 0x00, 0x00, 0x00, 0x00, 0x00, 0x00,
    0x00, 0x00, 0x00, 0x00, 0x00, 0x00, 0x00, 0x00, 0x50, 0x50, 0x50, 0xbe,
    0x50, 0x50, 0x50, 0xff, 0x50, 0x54, 0x50, 0xff, 0x50, 0x50, 0x50, 0xff,
    0x50, 0x54, 0x50, 0xff, 0x50, 0x50, 0x50, 0xff, 0x50, 0x50, 0x50, 0xff,
    0x50, 0x54, 0x50, 0xff, 0x50, 0x50, 0x50, 0xff, 0x50, 0x50, 0x50, 0xff,
    0x50, 0x54, 0x50, 0xff, 0x50, 0x50, 0x50, 0xff, 0x50, 0x50, 0x50, 0x9e,
    0x00, 0x00, 0x00, 0x00, 0x00, 0x00, 0x00, 0x00, 0x00, 0x00, 0x00, 0x00,
    0x00, 0x00, 0x00, 0x00, 0x00, 0x00, 0x00, 0x00, 0x00, 0x00, 0x00, 0x00,
    0x00, 0x00, 0x00, 0x00, 0x00, 0x00, 0x00, 0x00, 0x00, 0x00, 0x00, 0x00,
    0x00, 0x00, 0x00, 0x00, 0x00, 0x00, 0x00, 0x00, 0x00, 0x00, 0x00, 0x00,
    0x00, 0x00, 0x00, 0x00, 0x00, 0x00, 0x00, 0x00, 0x00, 0x00, 0x00, 0x00,
    0x00, 0x00, 0x00, 0x00, 0x00, 0x00, 0x00, 0x00, 0x00, 0x00, 0x00, 0x00,
    0x00, 0x00, 0x00, 0x00, 0x00, 0x00, 0x00, 0x00, 0x00, 0x00, 0x00, 0x00,
    0x00, 0x00, 0x00, 0x00, 0x00, 0x00, 0x00, 0x00, 0x00, 0x00, 0x00, 0x00,
    0x00, 0x00, 0x00, 0x00, 0x00, 0x00, 0x00, 0x00, 0x00, 0x00, 0x00, 0x00,
    0x00, 0x00, 0x00, 0x00, 0x00, 0x00, 0x00, 0x00, 0x00, 0x00, 0x00, 0x00,
    0x00, 0x00, 0x00, 0x00, 0x00, 0x00, 0x00, 0x00, 0x00, 0x00, 0x00, 0x00,
    0x00, 0x00, 0x00, 0x00, 0x00, 0x00, 0x00, 0x00, 0x50, 0x50, 0x50, 0x7d,
    0x58, 0x54, 0x58, 0xff, 0x50, 0x50, 0x50, 0xff, 0x50, 0x50, 0x50, 0xff,
    0x58, 0x54, 0x58, 0xff, 0x50, 0x50, 0x50, 0xff, 0x50, 0x50, 0x50, 0xff,
    0x50, 0x54, 0x50, 0xff, 0x50, 0x50, 0x50, 0xff, 0x50, 0x50, 0x50, 0xff,
    0x50, 0x50, 0x50, 0xff, 0x50, 0x50, 0x50, 0x9e, 0x00, 0x00, 0x00, 0x00,
    0x00, 0x00, 0x00, 0x00, 0x00, 0x00, 0x00, 0x00, 0x00, 0x00, 0x00, 0x00,
    0x50, 0x50, 0x50, 0x41, 0x50, 0x50, 0x50, 0xff, 0x50, 0x50, 0x50, 0xff,
    0x50, 0x50, 0x50, 0xff, 0x58, 0x50, 0x58, 0xff, 0x50, 0x50, 0x50, 0xff,
    0x50, 0x50, 0x50, 0xff, 0x58, 0x50, 0x58, 0xff, 0x50, 0x54, 0x50, 0xff,
    0x50, 0x50, 0x50, 0xff, 0x58, 0x50, 0x58, 0xff, 0x50, 0x50, 0x50, 0xff,
    0x50, 0x54, 0x50, 0xff, 0x50, 0x50, 0x50, 0x9e, 0x00, 0x00, 0x00, 0x00,
    0x00, 0x00, 0x00, 0x00, 0x00, 0x00, 0x00, 0x00, 0x00, 0x00, 0x00, 0x00,
    0x50, 0x50, 0x50, 0xbe, 0x58, 0x54, 0x58, 0xff, 0x50, 0x50, 0x50, 0xff,
    0x50, 0x50, 0x50, 0xff, 0x58, 0x50, 0x58, 0xff, 0x50, 0x54, 0x50, 0xff,
    0x50, 0x50, 0x50, 0xff, 0x58, 0x50, 0x58, 0xff, 0x50, 0x50, 0x50, 0xff,
    0x50, 0x54, 0x50, 0xff, 0x58, 0x54, 0x58, 0xff, 0x50, 0x50, 0x50, 0xff,
    0x50, 0x50, 0x50, 0xff, 0x50, 0x50, 0x50, 0x61, 0x00, 0x00, 0x00, 0x00,
    0x00, 0x00, 0x00, 0x00, 0x00, 0x00, 0x00, 0x00, 0x00, 0x00, 0x00, 0x00,
    0x50, 0x50, 0x50, 0x9e, 0x50, 0x50, 0x50, 0xff, 0x58, 0x50, 0x58, 0xff,
    0x50, 0x54, 0x50, 0xff, 0x50, 0x50, 0x50, 0xff, 0x58, 0x50, 0x58, 0xff,
    0x50, 0x54, 0x50, 0xff, 0x50, 0x50, 0x50, 0xff, 0x58, 0x50, 0x58, 0xff,
    0x50, 0x50, 0x50, 0xff, 0x50, 0x54, 0x50, 0xff, 0x58, 0x50, 0x58, 0xff,
    0x50, 0x50, 0x50, 0x61, 0x00, 0x00, 0x00, 0x00, 0x00, 0x00, 0x00, 0x00,
    0x00, 0x00, 0x00, 0x00, 0x00, 0x00, 0x00, 0x00, 0x00, 0x00, 0x00, 0x00,
    0x00, 0x00, 0x00, 0x00, 0x00, 0x00, 0x00, 0x00, 0x00, 0x00, 0x00, 0x00,
    0x00, 0x00, 0x00, 0x00, 0x00, 0x00, 0x00, 0x00, 0x00, 0x00, 0x00, 0x00,
    0x00, 0x00, 0x00, 0x00, 0x00, 0x00, 0x00, 0x00, 0x00, 0x00, 0x00, 0x00,
    0x00, 0x00, 0x00, 0x00, 0x00, 0x00, 0x00, 0x00, 0x00, 0x00, 0x00, 0x00,
    0x00, 0x00, 0x00, 0x00, 0x00, 0x00, 0x00, 0x00, 0x00, 0x00, 0x00, 0x00,
    0x00, 0x00, 0x00, 0x00, 0x00, 0x00, 0x00, 0x00, 0x00, 0x00, 0x00, 0x00,
    0x00, 0x00, 0x00, 0x00, 0x00, 0x00, 0x00, 0x00, 0x00, 0x00, 0x00, 0x00,
    0x00, 0x00, 0x00, 0x00, 0x00, 0x00, 0x00, 0x00, 0x00, 0x00, 0x00, 0x00,
    0x00, 0x00, 0x00, 0x00, 0x00, 0x00, 0x00, 0x00, 0x00, 0x00, 0x00, 0x00,
    0x00, 0x00, 0x00, 0x00, 0x00, 0x00, 0x00, 0x00, 0x00, 0x00, 0x00, 0x00,
    0x50, 0x50, 0x50, 0x41, 0x50, 0x50, 0x50, 0xff, 0x50, 0x50, 0x50, 0xff,
    0x50, 0x50, 0x50, 0xff, 0x50, 0x50, 0x50, 0xff, 0x50, 0x54, 0x50, 0xff,
    0x50, 0x50, 0x50, 0xff, 0x58, 0x50, 0x58, 0xff, 0x50, 0x50, 0x50, 0xff,
    0x50, 0x54, 0x50, 0xff, 0x58, 0x50, 0x58, 0xff, 0x50, 0x50, 0x50, 0xbe,
    0x00, 0x00, 0x00, 0x00, 0x00, 0x00, 0x00, 0x00, 0x00, 0x00, 0x00, 0x00,
    0x00, 0x00, 0x00, 0x00, 0x50, 0x50, 0x50, 0x20, 0x50, 0x50, 0x50, 0xff,
    0x50, 0x54, 0x50, 0xff, 0x50, 0x50, 0x50, 0xff, 0x50, 0x54, 0x50, 0xff,
    0x50, 0x50, 0x50, 0xff, 0x50, 0x50, 0x50, 0xff, 0x50, 0x50, 0x50, 0xff,
    0x50, 0x50, 0x50, 0xff, 0x50, 0x50, 0x50, 0xff, 0x50, 0x50, 0x50, 0xff,
    0x50, 0x50, 0x50, 0xff, 0x58, 0x50, 0x58, 0xff, 0x50, 0x50, 0x50, 0x7d,
    0x00, 0x00, 0x00, 0x00, 0x00, 0x00, 0x00, 0x00, 0x00, 0x00, 0x00, 0x00,
    0x00, 0x00, 0x00, 0x00, 0x50, 0x50, 0x50, 0x82, 0x50, 0x50, 0x50, 0xff,
    0x50, 0x50, 0x50, 0xff, 0x50, 0x50, 0x50, 0xff, 0x50, 0x54, 0x50, 0xff,
    0x50, 0x50, 0x50, 0xff, 0x50, 0x50, 0x50, 0xff, 0x50, 0x50, 0x50, 0xff,
    0x50, 0x50, 0x50, 0xff, 0x50, 0x50, 0x50, 0xff, 0x50, 0x50, 0x50, 0xff,
    0x50, 0x54, 0x50, 0xff, 0x50, 0x50, 0x50, 0xff, 0x50, 0x50, 0x50, 0x20,
    0x00, 0x00, 0x00, 0x00, 0x00, 0x00, 0x00, 0x00, 0x00, 0x00, 0x00, 0x00,
    0x00, 0x00, 0x00, 0x00, 0x50, 0x50, 0x50, 0x9e, 0x50, 0x50, 0x50, 0xff,
    0x50, 0x50, 0x50, 0xff, 0x50, 0x50, 0x50, 0xff, 0x50, 0x50, 0x50, 0xff,
    0x50, 0x50, 0x50, 0xff, 0x50, 0x50, 0x50, 0xff, 0x50, 0x50, 0x50, 0xff,
    0x50, 0x50, 0x50, 0xff, 0x50, 0x54, 0x50, 0xff, 0x50, 0x50, 0x50, 0xff,
    0x50, 0x50, 0x50, 0xff, 0x00, 0x00, 0x00, 0x00, 0x00, 0x00, 0x00, 0x00,
    0x00, 0x00, 0x00, 0x00, 0x00, 0x00, 0x00, 0x00, 0x00, 0x00, 0x00, 0x00,
    0x00, 0x00, 0x00, 0x00, 0x00, 0x00, 0x00, 0x00, 0x00, 0x00, 0x00, 0x00,
    0x00, 0x00, 0x00, 0x00, 0x00, 0x00, 0x00, 0x00, 0x00, 0x00, 0x00, 0x00,
    0x00, 0x00, 0x00, 0x00, 0x00, 0x00, 0x00, 0x00, 0x00, 0x00, 0x00, 0x00,
    0x00, 0x00, 0x00, 0x00, 0x00, 0x00, 0x00, 0x00, 0x00, 0x00, 0x00, 0x00,
    0x00, 0x00, 0x00, 0x00, 0x00, 0x00, 0x00, 0x00, 0x00, 0x00, 0x00, 0x00,
    0x00, 0x00, 0x00, 0x00, 0x00, 0x00, 0x00, 0x00, 0x00, 0x00, 0x00, 0x00,
    0x00, 0x00, 0x00, 0x00, 0x00, 0x00, 0x00, 0x00, 0x00, 0x00, 0x00, 0x00,
    0x00, 0x00, 0x00, 0x00, 0x00, 0x00, 0x00, 0x00, 0x00, 0x00, 0x00, 0x00,
    0x00, 0x00, 0x00, 0x00, 0x00, 0x00, 0x00, 0x00, 0x00, 0x00, 0x00, 0x00,
    0x00, 0x00, 0x00, 0x00, 0x00, 0x00, 0x00, 0x00, 0x00, 0x00, 0x00, 0x00,
    0x00, 0x00, 0x00, 0x00, 0x50, 0x50, 0x50, 0x20, 0x50, 0x50, 0x50, 0xff,
    0x50, 0x54, 0x50, 0xff, 0x50, 0x50, 0x50, 0xff, 0x50, 0x50, 0x50, 0xff,
    0x50, 0x50, 0x50, 0xff, 0x50, 0x54, 0x50, 0xff, 0x50, 0x50, 0x50, 0xff,
    0x50, 0x50, 0x50, 0xff, 0x50, 0x54, 0x50, 0xff, 0x50, 0x50, 0x50, 0xff,
    0x50, 0x50, 0x50, 0xdf, 0x00, 0x00, 0x00, 0x00, 0x00, 0x00, 0x00, 0x00,
    0x00, 0x00, 0x00, 0x00, 0x00, 0x00, 0x00, 0x00, 0x00, 0x00, 0x00, 0x00,
    0x50, 0x50, 0x50, 0xdf, 0x58, 0x50, 0x58, 0xff, 0x50, 0x54, 0x50, 0xff,
    0x50, 0x50, 0x50, 0xff, 0x50, 0x54, 0x50, 0xff, 0x58, 0x50, 0x58, 0xff,
    0x50, 0x54, 0x50, 0xff, 0x50, 0x50, 0x50, 0xff, 0x50, 0x54, 0x50, 0xff,
    0x50, 0x54, 0x50, 0xff, 0x50, 0x50, 0x50, 0xff, 0x50, 0x50, 0x50, 0xff,
    0x50, 0x50, 0x50, 0x82, 0x00, 0x00, 0x00, 0x00, 0x00, 0x00, 0x00, 0x00,
    0x00, 0x00, 0x00, 0x00, 0x00, 0x00, 0x00, 0x00, 0x50, 0x50, 0x50, 0x7d,
    0x50, 0x54, 0x50, 0xff, 0x50, 0x50, 0x50, 0xff, 0x50, 0x50, 0x50, 0xff,
    0x50, 0x50, 0x50, 0xff, 0x58, 0x50, 0x58, 0xff, 0x50, 0x54, 0x50, 0xff,
    0x50, 0x54, 0x50, 0xff, 0x50, 0x50, 0x50, 0xff, 0x50, 0x50, 0x50, 0xff,
    0x50, 0x50, 0x50, 0xff, 0x58, 0x50, 0x58, 0xff, 0x50, 0x54, 0x50, 0xff,
    0x00, 0x00, 0x00, 0x00, 0x00, 0x00, 0x00, 0x00, 0x00, 0x00, 0x00, 0x00,
    0x00, 0x00, 0x00, 0x00, 0x00, 0x00, 0x00, 0x00, 0x50, 0x50, 0x50, 0xdf,
    0x50, 0x54, 0x50, 0xff, 0x50, 0x50, 0x50, 0xff, 0x50, 0x54, 0x50, 0xff,
    0x58, 0x50, 0x58, 0xff, 0x50, 0x54, 0x50, 0xff, 0x50, 0x50, 0x50, 0xff,
    0x50, 0x50, 0x50, 0xff, 0x50, 0x54, 0x50, 0xff, 0x50, 0x50, 0x50, 0xff,
    0x50, 0x50, 0x50, 0xff, 0x50, 0x50, 0x50, 0x9e, 0x00, 0x00, 0x00, 0x00,
    0x00, 0x00, 0x00, 0x00, 0x00, 0x00, 0x00, 0x00, 0x00, 0x00, 0x00, 0x00,
    0x00, 0x00, 0x00, 0x00, 0x00, 0x00, 0x00, 0x00, 0x00, 0x00, 0x00, 0x00,
    0x00, 0x00, 0x00, 0x00, 0x00, 0x00, 0x00, 0x00, 0x00, 0x00, 0x00, 0x00,
    0x00, 0x00, 0x00, 0x00, 0x00, 0x00, 0x00, 0x00, 0x00, 0x00, 0x00, 0x00,
    0x00, 0x00, 0x00, 0x00, 0x00, 0x00, 0x00, 0x00, 0x00, 0x00, 0x00, 0x00,
    0x00, 0x00, 0x00, 0x00, 0x00, 0x00, 0x00, 0x00, 0x00, 0x00, 0x00, 0x00,
    0x00, 0x00, 0x00, 0x00, 0x00, 0x00, 0x00, 0x00, 0x00, 0x00, 0x00, 0x00,
    0x00, 0x00, 0x00, 0x00, 0x00, 0x00, 0x00, 0x00, 0x00, 0x00, 0x00, 0x00,
    0x00, 0x00, 0x00, 0x00, 0x00, 0x00, 0x00, 0x00, 0x00, 0x00, 0x00, 0x00,
    0x00, 0x00, 0x00, 0x00, 0x00, 0x00, 0x00, 0x00, 0x00, 0x00, 0x00, 0x00,
    0x00, 0x00, 0x00, 0x00, 0x00, 0x00, 0x00, 0x00, 0x00, 0x00, 0x00, 0x00,
    0x00, 0x00, 0x00, 0x00, 0x00, 0x00, 0x00, 0x00, 0x00, 0x00, 0x00, 0x00,
    0x50, 0x50, 0x50, 0xbe, 0x58, 0x54, 0x58, 0xff, 0x50, 0x50, 0x50, 0xff,
    0x50, 0x50, 0x50, 0xff, 0x58, 0x50, 0x58, 0xff, 0x50, 0x50, 0x50, 0xff,
    0x50, 0x50, 0x50, 0xff, 0x50, 0x50, 0x50, 0xff, 0x50, 0x50, 0x50, 0xff,
    0x50, 0x54, 0x50, 0xff, 0x50, 0x50, 0x50, 0xff, 0x50, 0x50, 0x50, 0x41,
    0x00, 0x00, 0x00, 0x00, 0x00, 0x00, 0x00, 0x00, 0x00, 0x00, 0x00, 0x00,
    0x00, 0x00, 0x00, 0x00, 0x50, 0x54, 0x50, 0xbe, 0x50, 0x50, 0x50, 0xff,
    0x50, 0x50, 0x50, 0xff, 0x50, 0x50, 0x50, 0xff, 0x50, 0x50, 0x50, 0xff,
    0x50, 0x50, 0x50, 0xff, 0x50, 0x50, 0x50, 0xff, 0x50, 0x50, 0x50, 0xff,
    0x58, 0x50, 0x58, 0xff, 0x50, 0x50, 0x50, 0xff, 0x50, 0x54, 0x50, 0xff,
    0x50, 0x50, 0x50, 0xff, 0x50, 0x50, 0x50, 0x7d, 0x00, 0x00, 0x00, 0x00,
    0x00, 0x00, 0x00, 0x00, 0x00, 0x00, 0x00, 0x00, 0x00, 0x00, 0x00, 0x00,
    0x50, 0x50, 0x50, 0x7d, 0x50, 0x50, 0x50, 0xff, 0x58, 0x54, 0x58, 0xff,
    0x50, 0x50, 0x50, 0xff, 0x50, 0x50, 0x50, 0xff, 0x50, 0x50, 0x50, 0xff,
    0x50, 0x50, 0x50, 0xff, 0x50, 0x50, 0x50, 0xff, 0x58, 0x54, 0x58, 0xff,
    0x50, 0x50, 0x50, 0xff, 0x50, 0x50, 0x50, 0xff, 0x50, 0x54, 0x50, 0xff,
    0x50, 0x50, 0x50, 0xbe, 0x00, 0x00, 0x00, 0x00, 0x00, 0x00, 0x00, 0x00,
    0x00, 0x00, 0x00, 0x00, 0x00, 0x00, 0x00, 0x00, 0x00, 0x00, 0x00, 0x00,
    0x50, 0x50, 0x50, 0xff, 0x58, 0x50, 0x58, 0xff, 0x50, 0x54, 0x50, 0xff,
    0x50, 0x50, 0x50, 0xff, 0x50, 0x50, 0x50, 0xff, 0x50, 0x50, 0x50, 0xff,
    0x50, 0x54, 0x50, 0xff, 0x58, 0x50, 0x58, 0xff, 0x50, 0x50, 0x50, 0xff,
    0x50, 0x50, 0x50, 0xff, 0x58, 0x54, 0x58, 0xff, 0x50, 0x50, 0x50, 0x9e,
    0x00, 0x00, 0x00, 0x00, 0x00, 0x00, 0x00, 0x00, 0x00, 0x00, 0x00, 0x00,
    0x00, 0x00, 0x00, 0x00, 0x00, 0x00, 0x00, 0x00, 0x00, 0x00, 0x00, 0x00,
    0x00, 0x00, 0x00, 0x00, 0x00, 0x00, 0x00, 0x00, 0x00, 0x00, 0x00, 0x00,
    0x00, 0x00, 0x00, 0x00, 0x00, 0x00, 0x00, 0x00, 0x00, 0x00, 0x00, 0x00,
    0x00, 0x00, 0x00, 0x00, 0x00, 0x00, 0x00, 0x00, 0x00, 0x00, 0x00, 0x00,
    0x00, 0x00, 0x00, 0x00, 0x00, 0x00, 0x00, 0x00, 0x00, 0x00, 0x00, 0x00,
    0x00, 0x00, 0x00, 0x00, 0x00, 0x00, 0x00, 0x00, 0x00, 0x00, 0x00, 0x00,
    0x00, 0x00, 0x00, 0x00, 0x00, 0x00, 0x00, 0x00, 0x00, 0x00, 0x00, 0x00,
    0x00, 0x00, 0x00, 0x00, 0x00, 0x00, 0x00, 0x00, 0x00, 0x00, 0x00, 0x00,
    0x00, 0x00, 0x00, 0x00, 0x00, 0x00, 0x00, 0x00, 0x00, 0x00, 0x00, 0x00,
    0x00, 0x00, 0x00, 0x00, 0x00, 0x00, 0x00, 0x00, 0x00, 0x00, 0x00, 0x00,
    0x00, 0x00, 0x00, 0x00, 0x00, 0x00, 0x00, 0x00, 0x00, 0x00, 0x00, 0x00,
    0x00, 0x00, 0x00, 0x00, 0x50, 0x50, 0x50, 0x82, 0x50, 0x50, 0x50, 0xff,
    0x50, 0x54, 0x50, 0xff, 0x50, 0x50, 0x50, 0xff, 0x50, 0x54, 0x50, 0xff,
    0x50, 0x50, 0x50, 0xff, 0x58, 0x54, 0x58, 0xff, 0x50, 0x50, 0x50, 0xff,
    0x50, 0x50, 0x50, 0xff, 0x58, 0x50, 0x58, 0xff, 0x50, 0x54, 0x50, 0xff,
    0x50, 0x50, 0x50, 0x41, 0x00, 0x00, 0x00, 0x00, 0x00, 0x00, 0x00, 0x00,
    0x00, 0x00, 0x00, 0x00, 0x00, 0x00, 0x00, 0x00, 0x50, 0x50, 0x50, 0x7d,
    0x50, 0x50, 0x50, 0xff, 0x50, 0x50, 0x50, 0xff, 0x58, 0x54, 0x58, 0xff,
    0x50, 0x50, 0x50, 0xff, 0x50, 0x50, 0x50, 0xff, 0x50, 0x54, 0x50, 0xff,
    0x50, 0x50, 0x50, 0xff, 0x50, 0x50, 0x50, 0xff, 0x50, 0x50, 0x50, 0xff,
    0x50, 0x50, 0x50, 0xff, 0x58, 0x54, 0x58, 0xff, 0x50, 0x50, 0x50, 0x7d,
    0x00, 0x00, 0x00, 0x00, 0x00, 0x00, 0x00, 0x00, 0x00, 0x00, 0x00, 0x00,
    0x00, 0x00, 0x00, 0x00, 0x50, 0x50, 0x50, 0x82, 0x50, 0x50, 0x50, 0xff,
    0x50, 0x50, 0x50, 0xff, 0x50, 0x54, 0x50, 0xff, 0x50, 0x54, 0x50, 0xff,
    0x50, 0x50, 0x50, 0xff, 0x50, 0x50, 0x50, 0xff, 0x50, 0x50, 0x50, 0xff,
    0x50, 0x50, 0x50, 0xff, 0x50, 0x54, 0x50, 0xff, 0x50, 0x50, 0x50, 0xff,
    0x50, 0x50, 0x50, 0xff, 0x50, 0x50, 0x50, 0x9e, 0x00, 0x00, 0x00, 0x00,
    0x00, 0x00, 0x00, 0x00, 0x00, 0x00, 0x00, 0x00, 0x00, 0x00, 0x00, 0x00,
    0x50, 0x50, 0x50, 0x61, 0x50, 0x50, 0x50, 0xff, 0x50, 0x50, 0x50, 0xff,
    0x50, 0x50, 0x50, 0xff, 0x50, 0x50, 0x50, 0xff, 0x50, 0x50, 0x50, 0xff,
    0x50, 0x50, 0x50, 0xff, 0x50, 0x50, 0x50, 0xff, 0x50, 0x54, 0x50, 0xff,
    0x50, 0x50, 0x50, 0xff, 0x50, 0x50, 0x50, 0xff, 0x50, 0x50, 0x50, 0xff,
    0x50, 0x50, 0x50, 0x41, 0x00, 0x00, 0x00, 0x00, 0x00, 0x00, 0x00, 0x00,
    0x00, 0x00, 0x00, 0x00, 0x00, 0x00, 0x00, 0x00, 0x00, 0x00, 0x00, 0x00,
    0x00, 0x00, 0x00, 0x00, 0x00, 0x00, 0x00, 0x00, 0x00, 0x00, 0x00, 0x00,
    0x00, 0x00, 0x00, 0x00, 0x00, 0x00, 0x00, 0x00, 0x00, 0x00, 0x00, 0x00,
    0x00, 0x00, 0x00, 0x00, 0x00, 0x00, 0x00, 0x00, 0x00, 0x00, 0x00, 0x00,
    0x00, 0x00, 0x00, 0x00, 0x00, 0x00, 0x00, 0x00, 0x00, 0x00, 0x00, 0x00,
    0x00, 0x00, 0x00, 0x00, 0x00, 0x00, 0x00, 0x00, 0x00, 0x00, 0x00, 0x00,
    0x00, 0x00, 0x00, 0x00, 0x00, 0x00, 0x00, 0x00, 0x00, 0x00, 0x00, 0x00,
    0x00, 0x00, 0x00, 0x00, 0x00, 0x00, 0x00, 0x00, 0x00, 0x00, 0x00, 0x00,
    0x00, 0x00, 0x00, 0x00, 0x00, 0x00, 0x00, 0x00, 0x00, 0x00, 0x00, 0x00,
    0x00, 0x00, 0x00, 0x00, 0x00, 0x00, 0x00, 0x00, 0x00, 0x00, 0x00, 0x00,
    0x00, 0x00, 0x00, 0x00, 0x00, 0x00, 0x00, 0x00, 0x00, 0x00, 0x00, 0x00,
    0x00, 0x00, 0x00, 0x00, 0x00, 0x00, 0x00, 0x00, 0x50, 0x50, 0x50, 0x41,
    0x50, 0x50, 0x50, 0xff, 0x50, 0x50, 0x50, 0xff, 0x50, 0x50, 0x50, 0xff,
    0x50, 0x50, 0x50, 0xff, 0x50, 0x54, 0x50, 0xff, 0x50, 0x50, 0x50, 0xff,
    0x50, 0x50, 0x50, 0xff, 0x50, 0x54, 0x50, 0xff, 0x50, 0x50, 0x50, 0xff,
    0x50, 0x50, 0x50, 0xff, 0x50, 0x50, 0x50, 0x7d, 0x00, 0x00, 0x00, 0x00,
    0x00, 0x00, 0x00, 0x00, 0x00, 0x00, 0x00, 0x00, 0x00, 0x00, 0x00, 0x00,
    0x50, 0x50, 0x50, 0x41, 0x50, 0x50, 0x50, 0xff, 0x50, 0x50, 0x50, 0xff,
    0x50, 0x54, 0x50, 0xff, 0x50, 0x50, 0x50, 0xff, 0x50, 0x50, 0x50, 0xff,
    0x58, 0x54, 0x58, 0xff, 0x50, 0x50, 0x50, 0xff, 0x50, 0x54, 0x50, 0xff,
    0x50, 0x50, 0x50, 0xff, 0x50, 0x50, 0x50, 0xff, 0x50, 0x50, 0x50, 0xff,
    0x50, 0x50, 0x50, 0x82, 0x00, 0x00, 0x00, 0x00, 0x00, 0x00, 0x00, 0x00,
    0x00, 0x00, 0x00, 0x00, 0x00, 0x00, 0x00, 0x00, 0x50, 0x50, 0x50, 0x7d,
    0x50, 0x50, 0x50, 0xff, 0x50, 0x50, 0x50, 0xff, 0x50, 0x50, 0x50, 0xff,
    0x58, 0x50, 0x58, 0xff, 0x50, 0x54, 0x50, 0xff, 0x50, 0x50, 0x50, 0xff,
    0x58, 0x50, 0x58, 0xff, 0x50, 0x54, 0x50, 0xff, 0x50, 0x50, 0x50, 0xff,
    0x58, 0x50, 0x58, 0xff, 0x50, 0x50, 0x50, 0xff, 0x50, 0x50, 0x50, 0x61,
    0x00, 0x00, 0x00, 0x00, 0x00, 0x00, 0x00, 0x00, 0x00, 0x00, 0x00, 0x00,
    0x00, 0x00, 0x00, 0x00, 0x50, 0x50, 0x50, 0x61, 0x50, 0x54, 0x50, 0xff,
    0x50, 0x50, 0x50, 0xff, 0x50, 0x54, 0x50, 0xff, 0x58, 0x50, 0x58, 0xff,
    0x50, 0x54, 0x50, 0xff, 0x50, 0x50, 0x50, 0xff, 0x58, 0x50, 0x58, 0xff,
    0x50, 0x50, 0x50, 0xff, 0x50, 0x54, 0x50, 0xff, 0x50, 0x50, 0x50, 0xff,
    0x50, 0x50, 0x50, 0xff, 0x00, 0x00, 0x00, 0x00, 0x00, 0x00, 0x00, 0x00,
    0x00, 0x00, 0x00, 0x00, 0x00, 0x00, 0x00, 0x00, 0x00, 0x00, 0x00, 0x00,
    0x00, 0x00, 0x00, 0x00, 0x00, 0x00, 0x00, 0x00, 0x00, 0x00, 0x00, 0x00,
    0x00, 0x00, 0x00, 0x00, 0x00, 0x00, 0x00, 0x00, 0x00, 0x00, 0x00, 0x00,
    0x00, 0x00, 0x00, 0x00, 0x00, 0x00, 0x00, 0x00, 0x00, 0x00, 0x00, 0x00,
    0x00, 0x00, 0x00, 0x00, 0x00, 0x00, 0x00, 0x00, 0x00, 0x00, 0x00, 0x00,
    0x00, 0x00, 0x00, 0x00, 0x00, 0x00, 0x00, 0x00, 0x00, 0x00, 0x00, 0x00,
    0x00, 0x00, 0x00, 0x00, 0x00, 0x00, 0x00, 0x00, 0x00, 0x00, 0x00, 0x00,
    0x00, 0x00, 0x00, 0x00, 0x00, 0x00, 0x00, 0x00, 0x00, 0x00, 0x00, 0x00,
    0x00, 0x00, 0x00, 0x00, 0x00, 0x00, 0x00, 0x00, 0x00, 0x00, 0x00, 0x00,
    0x00, 0x00, 0x00, 0x00, 0x00, 0x00, 0x00, 0x00, 0x00, 0x00, 0x00, 0x00,
    0x00, 0x00, 0x00, 0x00, 0x00, 0x00, 0x00, 0x00, 0x00, 0x00, 0x00, 0x00,
    0x00, 0x00, 0x00, 0x00, 0x00, 0x00, 0x00, 0x00, 0x00, 0x00, 0x00, 0x00,
    0x50, 0x50, 0x50, 0x20, 0x58, 0x54, 0x58, 0xff, 0x50, 0x50, 0x50, 0xff,
    0x50, 0x50, 0x50, 0xff, 0x58, 0x50, 0x58, 0xff, 0x50, 0x50, 0x50, 0xff,
    0x50, 0x50, 0x50, 0xff, 0x50, 0x50, 0x50, 0xff, 0x50, 0x54, 0x50, 0xff,
    0x50, 0x50, 0x50, 0xff, 0x50, 0x50, 0x50, 0xff, 0x50, 0x50, 0x50, 0xbe,
    0x00, 0x00, 0x00, 0x00, 0x00, 0x00, 0x00, 0x00, 0x00, 0x00, 0x00, 0x00,
    0x00, 0x00, 0x00, 0x00, 0x50, 0x50, 0x50, 0x20, 0x50, 0x54, 0x50, 0xff,
    0x50, 0x50, 0x50, 0xff, 0x50, 0x50, 0x50, 0xff, 0x50, 0x50, 0x50, 0xff,
    0x50, 0x50, 0x50, 0xff, 0x50, 0x50, 0x50, 0xff, 0x50, 0x50, 0x50, 0xff,
    0x50, 0x50, 0x50, 0xff, 0x58, 0x54, 0x58, 0xff, 0x50, 0x50, 0x50, 0xff,
    0x50, 0x50, 0x50, 0xff, 0x50, 0x50, 0x50, 0x7d, 0x00, 0x00, 0x00, 0x00,
    0x00, 0x00, 0x00, 0x00, 0x00, 0x00, 0x00, 0x00, 0x00, 0x00, 0x00, 0x00,
    0x50, 0x50, 0x50, 0x7d, 0x50, 0x54, 0x50, 0xff, 0x50, 0x50, 0x50, 0xff,
    0x50, 0x50, 0x50, 0xff, 0x50, 0x50, 0x50, 0xff, 0x50, 0x50, 0x50, 0xff,
    0x50, 0x54, 0x50, 0xff, 0x50, 0x50, 0x50, 0xff, 0x50, 0x50, 0x50, 0xff,
    0x50, 0x50, 0x50, 0xff, 0x50, 0x54, 0x50, 0xff, 0x50, 0x50, 0x50, 0xff,
    0x50, 0x50, 0x50, 0x61, 0x00, 0x00, 0x00, 0x00, 0x00, 0x00, 0x00, 0x00,
    0x00, 0x00, 0x00, 0x00, 0x00, 0x00, 0x00, 0x00, 0x50, 0x50, 0x50, 0x9e,
    0x58, 0x50, 0x58, 0xff, 0x50, 0x50, 0x50, 0xff, 0x50, 0x50, 0x50, 0xff,
    0x50, 0x54, 0x50, 0xff, 0x50, 0x50, 0x50, 0xff, 0x50, 0x50, 0x50, 0xff,
    0x50, 0x54, 0x50, 0xff, 0x50, 0x50, 0x50, 0xff, 0x50, 0x50, 0x50, 0xff,
    0x58, 0x54, 0x58, 0xff, 0x50, 0x50, 0x50, 0x9e, 0x00, 0x00, 0x00, 0x00,
    0x00, 0x00, 0x00, 0x00, 0x00, 0x00, 0x00, 0x00, 0x00, 0x00, 0x00, 0x00,
    0x00, 0x00, 0x00, 0x00, 0x00, 0x00, 0x00, 0x00, 0x00, 0x00, 0x00, 0x00,
    0x00, 0x00, 0x00, 0x00, 0x00, 0x00, 0x00, 0x00, 0x00, 0x00, 0x00, 0x00,
    0x00, 0x00, 0x00, 0x00, 0x00, 0x00, 0x00, 0x00, 0x00, 0x00, 0x00, 0x00,
    0x00, 0x00, 0x00, 0x00, 0x00, 0x00, 0x00, 0x00, 0x00, 0x00, 0x00, 0x00,
    0x00, 0x00, 0x00, 0x00, 0x00, 0x00, 0x00, 0x00, 0x00, 0x00, 0x00, 0x00,
    0x00, 0x00, 0x00, 0x00, 0x00, 0x00, 0x00, 0x00, 0x00, 0x00, 0x00, 0x00,
    0x00, 0x00, 0x00, 0x00, 0x00, 0x00, 0x00, 0x00, 0x00, 0x00, 0x00, 0x00,
    0x00, 0x00, 0x00, 0x00, 0x00, 0x00, 0x00, 0x00, 0x00, 0x00, 0x00, 0x00,
    0x00, 0x00, 0x00, 0x00, 0x00, 0x00, 0x00, 0x00, 0x00, 0x00, 0x00, 0x00,
    0x00, 0x00, 0x00, 0x00, 0x00, 0x00, 0x00, 0x00, 0x00, 0x00, 0x00, 0x00,
    0x00, 0x00, 0x00, 0x00, 0x00, 0x00, 0x00, 0x00, 0x00, 0x00, 0x00, 0x00,
    0x00, 0x00, 0x00, 0x00, 0x00, 0x00, 0x00, 0x00, 0x50, 0x50, 0x50, 0xbe,
    0x50, 0x54, 0x50, 0xff, 0x50, 0x50, 0x50, 0xff, 0x50, 0x54, 0x50, 0xff,
    0x50, 0x50, 0x50, 0xff, 0x50, 0x50, 0x50, 0xff, 0x58, 0x54, 0x58, 0xff,
    0x50, 0x50, 0x50, 0xff, 0x50, 0x50, 0x50, 0xff, 0x58, 0x54, 0x58, 0xff,
    0x50, 0x50, 0x50, 0xdf, 0x00, 0x00, 0x00, 0x00, 0x00, 0x00, 0x00, 0x00,
    0x00, 0x00, 0x00, 0x00, 0x00, 0x00, 0x00, 0x00, 0x00, 0x00, 0x00, 0x00,
    0x58, 0x50, 0x58, 0xdf, 0x50, 0x50, 0x50, 0xff, 0x50, 0x54, 0x50, 0xff,
    0x58, 0x50, 0x58, 0xff, 0x50, 0x54, 0x50, 0xff, 0x50, 0x50, 0x50, 0xff,
    0x50, 0x50, 0x50, 0xff, 0x50, 0x50, 0x50, 0xff, 0x50, 0x54, 0x50, 0xff,
    0x50, 0x50, 0x50, 0xff, 0x50, 0x50, 0x50, 0xff, 0x50, 0x50, 0x50, 0x7d,
    0x00, 0x00, 0x00, 0x00, 0x00, 0x00, 0x00, 0x00, 0x00, 0x00, 0x00, 0x00,
    0x00, 0x00, 0x00, 0x00, 0x50, 0x50, 0x50, 0x82, 0x58, 0x50, 0x58, 0xff,
    0x50, 0x54, 0x50, 0xff, 0x50, 0x50, 0x50, 0xff, 0x50, 0x50, 0x50, 0xff,
    0x50, 0x54, 0x50, 0xff, 0x50, 0x50, 0x50, 0xff, 0x50, 0x50, 0x50, 0xff,
    0x50, 0x50, 0x50, 0xff, 0x50, 0x54, 0x50, 0xff, 0x50, 0x50, 0x50, 0xff,
    0x50, 0x50, 0x50, 0xff, 0x50, 0x50, 0x50, 0x20, 0x00, 0x00, 0x00, 0x00,
    0x00, 0x00, 0x00, 0x00, 0x00, 0x00, 0x00, 0x00, 0x00, 0x00, 0x00, 0x00,
    0x50, 0x50, 0x50, 0xbe, 0x50, 0x50, 0x50, 0xff, 0x50, 0x54, 0x50, 0xff,
    0x50, 0x50, 0x50, 0xff, 0x50, 0x50, 0x50, 0xff, 0x50, 0x50, 0x50, 0xff,
    0x50, 0x50, 0x50, 0xff, 0x50, 0x54, 0x50, 0xff, 0x50, 0x50, 0x50, 0xff,
    0x50, 0x50, 0x50, 0xff, 0x50, 0x50, 0x50, 0xff, 0x50, 0x50, 0x50, 0x61,
    0x00, 0x00, 0x00, 0x00, 0x00, 0x00, 0x00, 0x00, 0x00, 0x00, 0x00, 0x00,
    0x00, 0x00, 0x00, 0x00, 0x00, 0x00, 0x00, 0x00, 0x00, 0x00, 0x00, 0x00,
    0x00, 0x00, 0x00, 0x00, 0x00, 0x00, 0x00, 0x00, 0x00, 0x00, 0x00, 0x00,
    0x00, 0x00, 0x00, 0x00, 0x00, 0x00, 0x00, 0x00, 0x00, 0x00, 0x00, 0x00,
    0x00, 0x00, 0x00, 0x00, 0x00, 0x00, 0x00, 0x00, 0x00, 0x00, 0x00, 0x00,
    0x00, 0x00, 0x00, 0x00, 0x00, 0x00, 0x00, 0x00, 0x00, 0x00, 0x00, 0x00,
    0x00, 0x00, 0x00, 0x00, 0x00, 0x00, 0x00, 0x00, 0x00, 0x00, 0x00, 0x00,
    0x00, 0x00, 0x00, 0x00, 0x00, 0x00, 0x00, 0x00, 0x00, 0x00, 0x00, 0x00,
    0x00, 0x00, 0x00, 0x00, 0x00, 0x00, 0x00, 0x00, 0x00, 0x00, 0x00, 0x00,
    0x00, 0x00, 0x00, 0x00, 0x00, 0x00, 0x00, 0x00, 0x00, 0x00, 0x00, 0x00,
    0x00, 0x00, 0x00, 0x00, 0x00, 0x00, 0x00, 0x00, 0x00, 0x00, 0x00, 0x00,
    0x00, 0x00, 0x00, 0x00, 0x00, 0x00, 0x00, 0x00, 0x00, 0x00, 0x00, 0x00,
    0x00, 0x00, 0x00, 0x00, 0x00, 0x00, 0x00, 0x00, 0x00, 0x00, 0x00, 0x00,
    0x50, 0x50, 0x50, 0x7d, 0x50, 0x50, 0x50, 0xff, 0x50, 0x50, 0x50, 0xff,
    0x50, 0x50, 0x50, 0xff, 0x50, 0x54, 0x50, 0xff, 0x50, 0x50, 0x50, 0xff,
    0x50, 0x50, 0x50, 0xff, 0x50, 0x50, 0x50, 0xff, 0x50, 0x50, 0x50, 0xff,
    0x50, 0x50, 0x50, 0xff, 0x50, 0x54, 0x50, 0xff, 0x50, 0x50, 0x50, 0x41,
    0x00, 0x00, 0x00, 0x00, 0x00, 0x00, 0x00, 0x00, 0x00, 0x00, 0x00, 0x00,
    0x00, 0x00, 0x00, 0x00, 0x50, 0x50, 0x50, 0xbe, 0x50, 0x50, 0x50, 0xff,
    0x50, 0x50, 0x50, 0xff, 0x50, 0x54, 0x50, 0xff, 0x50, 0x50, 0x50, 0xff,
    0x50, 0x50, 0x50, 0xff, 0x58, 0x54, 0x58, 0xff, 0x50, 0x50, 0x50, 0xff,
    0x50, 0x50, 0x50, 0xff, 0x50, 0x54, 0x50, 0xff, 0x50, 0x50, 0x50, 0xff,
    0x50, 0x50, 0x50, 0x82, 0x00, 0x00, 0x00, 0x00, 0x00, 0x00, 0x00, 0x00,
    0x00, 0x00, 0x00, 0x00, 0x00, 0x00, 0x00, 0x00, 0x50, 0x50, 0x50, 0x7d,
    0x50, 0x50, 0x50, 0xff, 0x50, 0x50, 0x50, 0xff, 0x58, 0x54, 0x58, 0xff,
    0x50, 0x50, 0x50, 0xff, 0x50, 0x50, 0x50, 0xff, 0x58, 0x50, 0x58, 0xff,
    0x50, 0x50, 0x50, 0xff, 0x50, 0x54, 0x50, 0xff, 0x58, 0x50, 0x58, 0xff,
    0x50, 0x50, 0x50, 0xff, 0x50, 0x54, 0x50, 0xff, 0x00, 0x00, 0x00, 0x00,
    0x00, 0x00, 0x00, 0x00, 0x00, 0x00, 0x00, 0x00, 0x00, 0x00, 0x00, 0x00,
    0x00, 0x00, 0x00, 0x00, 0x50, 0x50, 0x50, 0xdf, 0x50, 0x54, 0x50, 0xff,
    0x50, 0x50, 0x50, 0xff, 0x58, 0x50, 0x58, 0xff, 0x50, 0x50, 0x50, 0xff,
    0x50, 0x54, 0x50, 0xff, 0x58, 0x50, 0x58, 0xff, 0x50, 0x50, 0x50, 0xff,
    0x50, 0x50, 0x50, 0xff, 0x58, 0x50, 0x58, 0xff, 0x50, 0x54, 0x50, 0xff,
    0x50, 0x50, 0x50, 0x20, 0x00, 0x00, 0x00, 0x00, 0x00, 0x00, 0x00, 0x00,
    0x00, 0x00, 0x00, 0x00, 0x00, 0x00, 0x00, 0x00, 0x00, 0x00, 0x00, 0x00,
    0x00, 0x00, 0x00, 0x00, 0x00, 0x00, 0x00, 0x00, 0x00, 0x00, 0x00, 0x00,
    0x00, 0x00, 0x00, 0x00, 0x00, 0x00, 0x00, 0x00, 0x00, 0x00, 0x00, 0x00,
    0x00, 0x00, 0x00, 0x00, 0x00, 0x00, 0x00, 0x00, 0x00, 0x00, 0x00, 0x00,
    0x00, 0x00, 0x00, 0x00, 0x00, 0x00, 0x00, 0x00, 0x00, 0x00, 0x00, 0x00,
    0x00, 0x00, 0x00, 0x00, 0x00, 0x00, 0x00, 0x00, 0x00, 0x00, 0x00, 0x00,
    0x00, 0x00, 0x00, 0x00, 0x00, 0x00, 0x00, 0x00, 0x00, 0x00, 0x00, 0x00,
    0x00, 0x00, 0x00, 0x00, 0x00, 0x00, 0x00, 0x00, 0x00, 0x00, 0x00, 0x00,
    0x00, 0x00, 0x00, 0x00, 0x00, 0x00, 0x00, 0x00, 0x00, 0x00, 0x00, 0x00,
    0x00, 0x00, 0x00, 0x00, 0x00, 0x00, 0x00, 0x00, 0x00, 0x00, 0x00, 0x00,
    0x00, 0x00, 0x00, 0x00, 0x00, 0x00, 0x00, 0x00, 0x00, 0x00, 0x00, 0x00,
    0x00, 0x00, 0x00, 0x00, 0x00, 0x00, 0x00, 0x00, 0x00, 0x00, 0x00, 0x00,
    0x00, 0x00, 0x00, 0x00, 0x50, 0x50, 0x50, 0x20, 0x50, 0x50, 0x50, 0xff,
    0x58, 0x50, 0x58, 0xff, 0x50, 0x50, 0x50, 0xff, 0x50, 0x50, 0x50, 0xff,
    0x58, 0x54, 0x58, 0xff, 0x50, 0x50, 0x50, 0xff, 0x50, 0x50, 0x50, 0xff,
    0x50, 0x54, 0x50, 0xff, 0x50, 0x50, 0x50, 0xff, 0x50, 0x50, 0x50, 0xff,
    0x50, 0x50, 0x50, 0x41, 0x00, 0x00, 0x00, 0x00, 0x00, 0x00, 0x00, 0x00,
    0x00, 0x00, 0x00, 0x00, 0x00, 0x00, 0x00, 0x00, 0x50, 0x50, 0x50, 0x7d,
    0x50, 0x54, 0x50, 0xff, 0x50, 0x50, 0x50, 0xff, 0x50, 0x50, 0x50, 0xff,
    0x50, 0x50, 0x50, 0xff, 0x50, 0x50, 0x50, 0xff, 0x50, 0x54, 0x50, 0xff,
    0x50, 0x50, 0x50, 0xff, 0x50, 0x50, 0x50, 0xff, 0x58, 0x50, 0x58, 0xff,
    0x50, 0x54, 0x50, 0xff, 0x50, 0x50, 0x50, 0x7d, 0x00, 0x00, 0x00, 0x00,
    0x00, 0x00, 0x00, 0x00, 0x00, 0x00, 0x00, 0x00, 0x00, 0x00, 0x00, 0x00,
    0x50, 0x50, 0x50, 0x82, 0x50, 0x50, 0x50, 0xff, 0x50, 0x50, 0x50, 0xff,
    0x50, 0x50, 0x50, 0xff, 0x50, 0x54, 0x50, 0xff, 0x50, 0x50, 0x50, 0xff,
    0x50, 0x50, 0x50, 0xff, 0x50, 0x54, 0x50, 0xff, 0x50, 0x50, 0x50, 0xff,
    0x50, 0x50, 0x50, 0xff, 0x50, 0x50, 0x50, 0xff, 0x50, 0x50, 0x50, 0x9e,
    0x00, 0x00, 0x00, 0x00, 0x00, 0x00, 0x00, 0x00, 0x00, 0x00, 0x00, 0x00,
    0x00, 0x00, 0x00, 0x00, 0x00, 0x00, 0x00, 0x00, 0x58, 0x50, 0x58, 0xff,
    0x50, 0x50, 0x50, 0xff, 0x50, 0x50, 0x50, 0xff, 0x50, 0x54, 0x50, 0xff,
    0x50, 0x50, 0x50, 0xff, 0x50, 0x50, 0x50, 0xff, 0x50, 0x54, 0x50, 0xff,
    0x50, 0x50, 0x50, 0xff, 0x50, 0x50, 0x50, 0xff, 0x50, 0x54, 0x50, 0xff,
    0x50, 0x50, 0x50, 0xff, 0x00, 0x00, 0x00, 0x00, 0x00, 0x00, 0x00, 0x00,
    0x00, 0x00, 0x00, 0x00, 0x00, 0x00, 0x00, 0x00, 0x00, 0x00, 0x00, 0x00,
    0x00, 0x00, 0x00, 0x00, 0x00, 0x00, 0x00, 0x00, 0x00, 0x00, 0x00, 0x00,
    0x00, 0x00, 0x00, 0x00, 0x00, 0x00, 0x00, 0x00, 0x00, 0x00, 0x00, 0x00,
    0x00, 0x00, 0x00, 0x00, 0x00, 0x00, 0x00, 0x00, 0x00, 0x00, 0x00, 0x00,
    0x00, 0x00, 0x00, 0x00, 0x00, 0x00, 0x00, 0x00, 0x00, 0x00, 0x00, 0x00,
    0x00, 0x00, 0x00, 0x00, 0x00, 0x00, 0x00, 0x00, 0x00, 0x00, 0x00, 0x00,
    0x00, 0x00, 0x00, 0x00, 0x00, 0x00, 0x00, 0x00, 0x00, 0x00, 0x00, 0x00,
    0x00, 0x00, 0x00, 0x00, 0x00, 0x00, 0x00, 0x00, 0x00, 0x00, 0x00, 0x00,
    0x00, 0x00, 0x00, 0x00, 0x00, 0x00, 0x00, 0x00, 0x00, 0x00, 0x00, 0x00,
    0x00, 0x00, 0x00, 0x00, 0x00, 0x00, 0x00, 0x00, 0x00, 0x00, 0x00, 0x00,
    0x00, 0x00, 0x00, 0x00, 0x00, 0x00, 0x00, 0x00, 0x00, 0x00, 0x00, 0x00,
    0x00, 0x00, 0x00, 0x00, 0x00, 0x00, 0x00, 0x00, 0x00, 0x00, 0x00, 0x00,
    0x00, 0x00, 0x00, 0x00, 0x00, 0x00, 0x00, 0x00, 0x00, 0x00, 0x00, 0x00,
    0x50, 0x54, 0x50, 0xff, 0x50, 0x54, 0x50, 0xff, 0x50, 0x50, 0x50, 0xff,
    0x50, 0x50, 0x50, 0xff, 0x50, 0x50, 0x50, 0xff, 0x50, 0x54, 0x50, 0xff,
    0x50, 0x50, 0x50, 0xff, 0x58, 0x50, 0x58, 0xff, 0x50, 0x50, 0x50, 0xff,
    0x50, 0x50, 0x50, 0xff, 0x50, 0x50, 0x50, 0x7d, 0x00, 0x00, 0x00, 0x00,
    0x00, 0x00, 0x00, 0x00, 0x00, 0x00, 0x00, 0x00, 0x00, 0x00, 0x00, 0x00,
    0x50, 0x50, 0x50, 0x41, 0x58, 0x50, 0x58, 0xff, 0x50, 0x50, 0x50, 0xff,
    0x50, 0x54, 0x50, 0xff, 0x58, 0x50, 0x58, 0xff, 0x50, 0x50, 0x50, 0xff,
    0x50, 0x50, 0x50, 0xff, 0x50, 0x50, 0x50, 0xff, 0x50, 0x50, 0x50, 0xff,
    0x50, 0x50, 0x50, 0xff, 0x50, 0x50, 0x50, 0xff, 0x50, 0x50, 0x50, 0x7d,
    0x00, 0x00, 0x00, 0x00, 0x00, 0x00, 0x00, 0x00, 0x00, 0x00, 0x00, 0x00,
    0x00, 0x00, 0x00, 0x00, 0x50, 0x50, 0x50, 0x7d, 0x50, 0x54, 0x50, 0xff,
    0x50, 0x50, 0x50, 0xff, 0x50, 0x50, 0x50, 0xff, 0x50, 0x50, 0x50, 0xff,
    0x50, 0x54, 0x50, 0xff, 0x50, 0x50, 0x50, 0xff, 0x58, 0x50, 0x58, 0xff,
    0x50, 0x50, 0x50, 0xff, 0x50, 0x54, 0x50, 0xff, 0x50, 0x50, 0x50, 0xff,
    0x50, 0x50, 0x50, 0x9e, 0x00, 0x00, 0x00, 0x00, 0x00, 0x00, 0x00, 0x00,
    0x00, 0x00, 0x00, 0x00, 0x00, 0x00, 0x00, 0x00, 0x50, 0x50, 0x50, 0x61,
    0x50, 0x54, 0x50, 0xff, 0x50, 0x50, 0x50, 0xff, 0x50, 0x50, 0x50, 0xff,
    0x50, 0x54, 0x50, 0xff, 0x50, 0x50, 0x50, 0xff, 0x50, 0x50, 0x50, 0xff,
    0x50, 0x50, 0x50, 0xff, 0x50, 0x50, 0x50, 0xff, 0x50, 0x54, 0x50, 0xff,
    0x50, 0x50, 0x50, 0xff, 0x50, 0x50, 0x50, 0x9e, 0x00, 0x00, 0x00, 0x00,
    0x00, 0x00, 0x00, 0x00, 0x00, 0x00, 0x00, 0x00, 0x00, 0x00, 0x00, 0x00,
    0x00, 0x00, 0x00, 0x00, 0x00, 0x00, 0x00, 0x00, 0x00, 0x00, 0x00, 0x00,
    0x00, 0x00, 0x00, 0x00, 0x00, 0x00, 0x00, 0x00, 0x00, 0x00, 0x00, 0x00,
    0x00, 0x00, 0x00, 0x00, 0x00, 0x00, 0x00, 0x00, 0x00, 0x00, 0x00, 0x00,
    0x00, 0x00, 0x00, 0x00, 0x00, 0x00, 0x00, 0x00, 0x00, 0x00, 0x00, 0x00,
    0x00, 0x00, 0x00, 0x00, 0x00, 0x00, 0x00, 0x00, 0x00, 0x00, 0x00, 0x00,
    0x00, 0x00, 0x00, 0x00, 0x00, 0x00, 0x00, 0x00, 0x00, 0x00, 0x00, 0x00,
    0x00, 0x00, 0x00, 0x00, 0x00, 0x00, 0x00, 0x00, 0x00, 0x00, 0x00, 0x00,
    0x00, 0x00, 0x00, 0x00, 0x00, 0x00, 0x00, 0x00, 0x00, 0x00, 0x00, 0x00,
    0x00, 0x00, 0x00, 0x00, 0x00, 0x00, 0x00, 0x00, 0x00, 0x00, 0x00, 0x00,
    0x00, 0x00, 0x00, 0x00, 0x00, 0x00, 0x00, 0x00, 0x00, 0x00, 0x00, 0x00,
    0x00, 0x00, 0x00, 0x00, 0x00, 0x00, 0x00, 0x00, 0x00, 0x00, 0x00, 0x00,
    0x00, 0x00, 0x00, 0x00, 0x00, 0x00, 0x00, 0x00, 0x00, 0x00, 0x00, 0x00,
    0x00, 0x00, 0x00, 0x00, 0x50, 0x50, 0x50, 0xbe, 0x50, 0x50, 0x50, 0xff,
    0x50, 0x50, 0x50, 0xff, 0x50, 0x54, 0x50, 0xff, 0x50, 0x50, 0x50, 0xff,
    0x50, 0x50, 0x50, 0xff, 0x50, 0x54, 0x50, 0xff, 0x50, 0x50, 0x50, 0xff,
    0x50, 0x54, 0x50, 0xff, 0x58, 0x50, 0x58, 0xff, 0x50, 0x50, 0x50, 0xbe,
    0x00, 0x00, 0x00, 0x00, 0x00, 0x00, 0x00, 0x00, 0x00, 0x00, 0x00, 0x00,
    0x00, 0x00, 0x00, 0x00, 0x50, 0x50, 0x50, 0x20, 0x50, 0x50, 0x50, 0xff,
    0x50, 0x50, 0x50, 0xff, 0x50, 0x54, 0x50, 0xff, 0x50, 0x50, 0x50, 0xff,
    0x50, 0x50, 0x50, 0xff, 0x58, 0x54, 0x58, 0xff, 0x50, 0x54, 0x50, 0xff,
    0x50, 0x50, 0x50, 0xff, 0x50, 0x54, 0x50, 0xff, 0x50, 0x50, 0x50, 0xff,
    0x50, 0x50, 0x50, 0x82, 0x00, 0x00, 0x00, 0x00, 0x00, 0x00, 0x00, 0x00,
    0x00, 0x00, 0x00, 0x00, 0x00, 0x00, 0x00, 0x00, 0x50, 0x50, 0x50, 0x7d,
    0x50, 0x50, 0x50, 0xff, 0x58, 0x54, 0x58, 0xff, 0x50, 0x50, 0x50, 0xff,
    0x50, 0x50, 0x50, 0xff, 0x58, 0x50, 0x58, 0xff, 0x50, 0x54, 0x50, 0xff,
    0x50, 0x50, 0x50, 0xff, 0x50, 0x50, 0x50, 0xff, 0x50, 0x50, 0x50, 0xff,
    0x58, 0x54, 0x58, 0xff, 0x50, 0x50, 0x50, 0x61, 0x00, 0x00, 0x00, 0x00,
    0x00, 0x00, 0x00, 0x00, 0x00, 0x00, 0x00, 0x00, 0x00, 0x00, 0x00, 0x00,
    0x50, 0x50, 0x50, 0x61, 0x50, 0x50, 0x50, 0xff, 0x50, 0x50, 0x50, 0xff,
    0x58, 0x50, 0x58, 0xff, 0x50, 0x50, 0x50, 0xff, 0x50, 0x50, 0x50, 0xff,
    0x58, 0x54, 0x58, 0xff, 0x50, 0x50, 0x50, 0xff, 0x50, 0x50, 0x50, 0xff,
    0x58, 0x50, 0x58, 0xff, 0x50, 0x50, 0x50, 0xff, 0x50, 0x50, 0x50, 0x61,
    0x00, 0x00, 0x00, 0x00, 0x00, 0x00, 0x00, 0x00, 0x00, 0x00, 0x00, 0x00,
    0x00, 0x00, 0x00, 0x00, 0x00, 0x00, 0x00, 0x00, 0x00, 0x00, 0x00, 0x00,
    0x00, 0x00, 0x00, 0x00, 0x00, 0x00, 0x00, 0x00, 0x00, 0x00, 0x00, 0x00,
    0x00, 0x00, 0x00, 0x00, 0x00, 0x00, 0x00, 0x00, 0x00, 0x00, 0x00, 0x00,
    0x00, 0x00, 0x00, 0x00, 0x00, 0x00, 0x00, 0x00, 0x00, 0x00, 0x00, 0x00,
    0x00, 0x00, 0x00, 0x00, 0x00, 0x00, 0x00, 0x00, 0x00, 0x00, 0x00, 0x00,
    0x00, 0x00, 0x00, 0x00, 0x00, 0x00, 0x00, 0x00, 0x00, 0x00, 0x00, 0x00,
    0x00, 0x00, 0x00, 0x00, 0x00, 0x00, 0x00, 0x00, 0x00, 0x00, 0x00, 0x00,
    0x00, 0x00, 0x00, 0x00, 0x00, 0x00, 0x00, 0x00, 0x00, 0x00, 0x00, 0x00,
    0x00, 0x00, 0x00, 0x00, 0x00, 0x00, 0x00, 0x00, 0x00, 0x00, 0x00, 0x00,
    0x00, 0x00, 0x00, 0x00, 0x00, 0x00, 0x00, 0x00, 0x00, 0x00, 0x00, 0x00,
    0x00, 0x00, 0x00, 0x00, 0x00, 0x00, 0x00, 0x00, 0x00, 0x00, 0x00, 0x00,
    0x00, 0x00, 0x00, 0x00, 0x00, 0x00, 0x00, 0x00, 0x00, 0x00, 0x00, 0x00,
    0x00, 0x00, 0x00, 0x00, 0x00, 0x00, 0x00, 0x00, 0x50, 0x50, 0x50, 0x61,
    0x58, 0x50, 0x58, 0xff, 0x50, 0x50, 0x50, 0xff, 0x50, 0x50, 0x50, 0xff,
    0x58, 0x50, 0x58, 0xff, 0x50, 0x50, 0x50, 0xff, 0x50, 0x50, 0x50, 0xff,
    0x50, 0x50, 0x50, 0xff, 0x50, 0x50, 0x50, 0xff, 0x50, 0x54, 0x50, 0xff,
    0x50, 0x50, 0x50, 0xdf, 0x00, 0x00, 0x00, 0x00, 0x00, 0x00, 0x00, 0x00,
    0x00, 0x00, 0x00, 0x00, 0x00, 0x00, 0x00, 0x00, 0x00, 0x00, 0x00, 0x00,
    0x50, 0x54, 0x50, 0xdf, 0x50, 0x50, 0x50, 0xff, 0x50, 0x50, 0x50, 0xff,
    0x50, 0x50, 0x50, 0xff, 0x50, 0x50, 0x50, 0xff, 0x50, 0x50, 0x50, 0xff,
    0x50, 0x50, 0x50, 0xff, 0x50, 0x50, 0x50, 0xff, 0x58, 0x50, 0x58, 0xff,
    0x50, 0x54, 0x50, 0xff, 0x50, 0x50, 0x50, 0x7d, 0x00, 0x00, 0x00, 0x00,
    0x00, 0x00, 0x00, 0x00, 0x00, 0x00, 0x00, 0x00, 0x00, 0x00, 0x00, 0x00,
    0x50, 0x50, 0x50, 0x82, 0x50, 0x50, 0x50, 0xff, 0x50, 0x50, 0x50, 0xff,
    0x50, 0x54, 0x50, 0xff, 0x50, 0x50, 0x50, 0xff, 0x50, 0x50, 0x50, 0xff,
    0x50, 0x50, 0x50, 0xff, 0x50, 0x54, 0x50, 0xff, 0x50, 0x50, 0x50, 0xff,
    0x50, 0x50, 0x50, 0xff, 0x50, 0x50, 0x50, 0xff, 0x50, 0x50, 0x50, 0x41,
    0x00, 0x00, 0x00, 0x00, 0x00, 0x00, 0x00, 0x00, 0x00, 0x00, 0x00, 0x00,
    0x00, 0x00, 0x00, 0x00, 0x50, 0x50, 0x50, 0x9e, 0x50, 0x50, 0x50, 0xff,
    0x50, 0x54, 0x50, 0xff, 0x50, 0x54, 0x50, 0xff, 0x50, 0x50, 0x50, 0xff,
    0x50, 0x50, 0x50, 0xff, 0x50, 0x54, 0x50, 0xff, 0x50, 0x50, 0x50, 0xff,
    0x50, 0x50, 0x50, 0xff, 0x50, 0x54, 0x50, 0xff, 0x50, 0x50, 0x50, 0xff,
    0x50, 0x50, 0x50, 0x20, 0x00, 0x00, 0x00, 0x00, 0x00, 0x00, 0x00, 0x00,
    0x00, 0x00, 0x00, 0x00, 0x00, 0x00, 0x00, 0x00, 0x00, 0x00, 0x00, 0x00,
    0x00, 0x00, 0x00, 0x00, 0x00, 0x00, 0x00, 0x00, 0x00, 0x00, 0x00, 0x00,
    0x00, 0x00, 0x00, 0x00, 0x00, 0x00, 0x00, 0x00, 0x00, 0x00, 0x00, 0x00,
    0x00, 0x00, 0x00, 0x00, 0x00, 0x00, 0x00, 0x00, 0x00, 0x00, 0x00, 0x00,
    0x00, 0x00, 0x00, 0x00, 0x00, 0x00, 0x00, 0x00, 0x00, 0x00, 0x00, 0x00,
    0x00, 0x00, 0x00, 0x00, 0x00, 0x00, 0x00, 0x00, 0x00, 0x00, 0x00, 0x00,
    0x00, 0x00, 0x00, 0x00, 0x00, 0x00, 0x00, 0x00, 0x00, 0x00, 0x00, 0x00,
    0x00, 0x00, 0x00, 0x00, 0x00, 0x00, 0x00, 0x00, 0x00, 0x00, 0x00, 0x00,
    0x00, 0x00, 0x00, 0x00, 0x00, 0x00, 0x00, 0x00, 0x00, 0x00, 0x00, 0x00,
    0x00, 0x00, 0x00, 0x00, 0x00, 0x00, 0x00, 0x00, 0x00, 0x00, 0x00, 0x00,
    0x00, 0x00, 0x00, 0x00, 0x00, 0x00, 0x00, 0x00, 0x00, 0x00, 0x00, 0x00,
    0x00, 0x00, 0x00, 0x00, 0x00, 0x00, 0x00, 0x00, 0x00, 0x00, 0x00, 0x00,
    0x00, 0x00, 0x00, 0x00, 0x00, 0x00, 0x00, 0x00, 0x00, 0x00, 0x00, 0x00,
    0x50, 0x50, 0x50, 0x20, 0x50, 0x54, 0x50, 0xff, 0x50, 0x50, 0x50, 0xff,
    0x50, 0x54, 0x50, 0xff, 0x50, 0x50, 0x50, 0xff, 0x50, 0x54, 0x50, 0xff,
    0x58, 0x50, 0x58, 0xff, 0x50, 0x50, 0x50, 0xff, 0x50, 0x50, 0x50, 0xff,
    0x50, 0x54, 0x50, 0xff, 0x50, 0x50, 0x50, 0xff, 0x50, 0x50, 0x50, 0x41,
    0x00, 0x00, 0x00, 0x00, 0x00, 0x00, 0x00, 0x00, 0x00, 0x00, 0x00, 0x00,
    0x00, 0x00, 0x00, 0x00, 0x50, 0x50, 0x50, 0xbe, 0x58, 0x50, 0x58, 0xff,
    0x50, 0x54, 0x50, 0xff, 0x50, 0x50, 0x50, 0xff, 0x50, 0x54, 0x50, 0xff,
    0x50, 0x50, 0x50, 0xff, 0x50, 0x50, 0x50, 0xff, 0x50, 0x54, 0x50, 0xff,
    0x50, 0x50, 0x50, 0xff, 0x50, 0x50, 0x50, 0xff, 0x50, 0x50, 0x50, 0x7d,
    0x00, 0x00, 0x00, 0x00, 0x00, 0x00, 0x00, 0x00, 0x00, 0x00, 0x00, 0x00,
    0x00, 0x00, 0x00, 0x00, 0x50, 0x50, 0x50, 0x7d, 0x50, 0x50, 0x50, 0xff,
    0x50, 0x50, 0x50, 0xff, 0x50, 0x54, 0x50, 0xff, 0x50, 0x50, 0x50, 0xff,
    0x50, 0x50, 0x50, 0xff, 0x50, 0x50, 0x50, 0xff, 0x58, 0x50, 0x58, 0xff,
    0x50, 0x54, 0x50, 0xff, 0x50, 0x50, 0x50, 0xff, 0x50, 0x50, 0x50, 0xff,
    0x50, 0x50, 0x50, 0x20, 0x00, 0x00, 0x00, 0x00, 0x00, 0x00, 0x00, 0x00,
    0x00, 0x00, 0x00, 0x00, 0x00, 0x00, 0x00, 0x00, 0x50, 0x50, 0x50, 0xdf,
    0x50, 0x50, 0x50, 0xff, 0x50, 0x50, 0x50, 0xff, 0x50, 0x50, 0x50, 0xff,
    0x50, 0x50, 0x50, 0xff, 0x50, 0x50, 0x50, 0xff, 0x50, 0x50, 0x50, 0xff,
    0x58, 0x50, 0x58, 0xff, 0x50, 0x54, 0x50, 0xff, 0x50, 0x50, 0x50, 0xff,
    0x50, 0x50, 0x50, 0xff, 0x00, 0x00, 0x00, 0x00, 0x00, 0x00, 0x00, 0x00,
    0x00, 0x00, 0x00, 0x00, 0x00, 0x00, 0x00, 0x00, 0x00, 0x00, 0x00, 0x00,
    0x00, 0x00, 0x00, 0x00, 0x00, 0x00, 0x00, 0x00, 0x00, 0x00, 0x00, 0x00,
    0x00, 0x00, 0x00, 0x00, 0x00, 0x00, 0x00, 0x00, 0x00, 0x00, 0x00, 0x00,
    0x00, 0x00, 0x00, 0x00, 0x00, 0x00, 0x00, 0x00, 0x00, 0x00, 0x00, 0x00,
    0x00, 0x00, 0x00, 0x00, 0x00, 0x00, 0x00, 0x00, 0x00, 0x00, 0x00, 0x00,
    0x00, 0x00, 0x00, 0x00, 0x00, 0x00, 0x00, 0x00, 0x00, 0x00, 0x00, 0x00,
    0x00, 0x00, 0x00, 0x00, 0x00, 0x00, 0x00, 0x00, 0x00, 0x00, 0x00, 0x00,
    0x00, 0x00, 0x00, 0x00, 0x00, 0x00, 0x00, 0x00, 0x00, 0x00, 0x00, 0x00,
    0x00, 0x00, 0x00, 0x00, 0x00, 0x00, 0x00, 0x00, 0x00, 0x00, 0x00, 0x00,
    0x00, 0x00, 0x00, 0x00, 0x00, 0x00, 0x00, 0x00, 0x00, 0x00, 0x00, 0x00,
    0x00, 0x00, 0x00, 0x00, 0x00, 0x00, 0x00, 0x00, 0x00, 0x00, 0x00, 0x00,
    0x00, 0x00, 0x00, 0x00, 0x00, 0x00, 0x00, 0x00, 0x00, 0x00, 0x00, 0x00,
    0x00, 0x00, 0x00, 0x00, 0x00, 0x00, 0x00, 0x00, 0x00, 0x00, 0x00, 0x00,
    0x00, 0x00, 0x00, 0x00, 0x00, 0x00, 0x00, 0x00, 0x50, 0x50, 0x50, 0xdf,
    0x50, 0x50, 0x50, 0xff, 0x50, 0x50, 0x50, 0xff, 0x50, 0x54, 0x50, 0xff,
    0x50, 0x50, 0x50, 0xff, 0x50, 0x50, 0x50, 0xff, 0x50, 0x54, 0x50, 0xff,
    0x50, 0x50, 0x50, 0xff, 0x58, 0x50, 0x58, 0xff, 0x50, 0x50, 0x50, 0xff,
    0x50, 0x50, 0x50, 0x41, 0x00, 0x00, 0x00, 0x00, 0x00, 0x00, 0x00, 0x00,
    0x00, 0x00, 0x00, 0x00, 0x00, 0x00, 0x00, 0x00, 0x50, 0x50, 0x50, 0x82,
    0x50, 0x50, 0x50, 0xff, 0x50, 0x50, 0x50, 0xff, 0x50, 0x54, 0x50, 0xff,
    0x58, 0x50, 0x58, 0xff, 0x50, 0x50, 0x50, 0xff, 0x50, 0x54, 0x50, 0xff,
    0x58, 0x50, 0x58, 0xff, 0x50, 0x50, 0x50, 0xff, 0x50, 0x50, 0x50, 0xff,
    0x50, 0x50, 0x50, 0x82, 0x00, 0x00, 0x00, 0x00, 0x00, 0x00, 0x00, 0x00,
    0x00, 0x00, 0x00, 0x00, 0x00, 0x00, 0x00, 0x00, 0x50, 0x50, 0x50, 0x9e,
    0x58, 0x54, 0x58, 0xff, 0x50, 0x50, 0x50, 0xff, 0x50, 0x50, 0x50, 0xff,
    0x58, 0x54, 0x58, 0xff, 0x50, 0x50, 0x50, 0xff, 0x50, 0x50, 0x50, 0xff,
    0x50, 0x54, 0x50, 0xff, 0x50, 0x50, 0x50, 0xff, 0x50, 0x50, 0x50, 0xff,
    0x58, 0x54, 0x58, 0xff, 0x00, 0x00, 0x00, 0x00, 0x00, 0x00, 0x00, 0x00,
    0x00, 0x00, 0x00, 0x00, 0x00, 0x00, 0x00, 0x00, 0x00, 0x00, 0x00, 0x00,
    0x58, 0x54, 0x58, 0xff, 0x50, 0x50, 0x50, 0xff, 0x50, 0x50, 0x50, 0xff,
    0x58, 0x54, 0x58, 0xff, 0x50, 0x50, 0x50, 0xff, 0x50, 0x54, 0x50, 0xff,
    0x50, 0x50, 0x50, 0xff, 0x50, 0x50, 0x50, 0xff, 0x50, 0x50, 0x50, 0xff,
    0x50, 0x50, 0x50, 0xff, 0x50, 0x50, 0x50, 0x9e, 0x00, 0x00, 0x00, 0x00,
    0x00, 0x00, 0x00, 0x00, 0x00, 0x00, 0x00, 0x00, 0x00, 0x00, 0x00, 0x00,
    0x00, 0x00, 0x00, 0x00, 0x00, 0x00, 0x00, 0x00, 0x00, 0x00, 0x00, 0x00,
    0x00, 0x00, 0x00, 0x00, 0x00, 0x00, 0x00, 0x00, 0x00, 0x00, 0x00, 0x00,
    0x00, 0x00, 0x00, 0x00, 0x00, 0x00, 0x00, 0x00, 0x00, 0x00, 0x00, 0x00,
    0x00, 0x00, 0x00, 0x00, 0x00, 0x00, 0x00, 0x00, 0x00, 0x00, 0x00, 0x00,
    0x00, 0x00, 0x00, 0x00, 0x00, 0x00, 0x00, 0x00, 0x00, 0x00, 0x00, 0x00,
    0x00, 0x00, 0x00, 0x00, 0x00, 0x00, 0x00, 0x00, 0x00, 0x00, 0x00, 0x00,
    0x00, 0x00, 0x00, 0x00, 0x00, 0x00, 0x00, 0x00, 0x00, 0x00, 0x00, 0x00,
    0x00, 0x00, 0x00, 0x00, 0x00, 0x00, 0x00, 0x00, 0x00, 0x00, 0x00, 0x00,
    0x00, 0x00, 0x00, 0x00, 0x00, 0x00, 0x00, 0x00, 0x00, 0x00, 0x00, 0x00,
    0x00, 0x00, 0x00, 0x00, 0x00, 0x00, 0x00, 0x00, 0x00, 0x00, 0x00, 0x00,
    0x00, 0x00, 0x00, 0x00, 0x00, 0x00, 0x00, 0x00, 0x00, 0x00, 0x00, 0x00,
    0x00, 0x00, 0x00, 0x00, 0x00, 0x00, 0x00, 0x00, 0x00, 0x00, 0x00, 0x00,
    0x00, 0x00, 0x00, 0x00, 0x00, 0x00, 0x00, 0x00, 0x00, 0x00, 0x00, 0x00,
    0x50, 0x50, 0x50, 0xbe, 0x58, 0x50, 0x58, 0xff, 0x50, 0x50, 0x50, 0xff,
    0x50, 0x50, 0x50, 0xff, 0x58, 0x50, 0x58, 0xff, 0x50, 0x50, 0x50, 0xff,
    0x50, 0x54, 0x50, 0xff, 0x50, 0x50, 0x50, 0xff, 0x50, 0x50, 0x50, 0xff,
    0x50, 0x54, 0x50, 0xff, 0x50, 0x50, 0x50, 0x9e, 0x00, 0x00, 0x00, 0x00,
    0x00, 0x00, 0x00, 0x00, 0x00, 0x00, 0x00, 0x00, 0x00, 0x00, 0x00, 0x00,
    0x50, 0x50, 0x50, 0x9e, 0x50, 0x50, 0x50, 0xff, 0x50, 0x50, 0x50, 0xff,
    0x50, 0x50, 0x50, 0xff, 0x50, 0x50, 0x50, 0xff, 0x50, 0x50, 0x50, 0xff,
    0x50, 0x50, 0x50, 0xff, 0x50, 0x50, 0x50, 0xff, 0x50, 0x54, 0x50, 0xff,
    0x50, 0x50, 0x50, 0xff, 0x58, 0x50, 0x58, 0xbe, 0x00, 0x00, 0x00, 0x00,
    0x00, 0x00, 0x00, 0x00, 0x00, 0x00, 0x00, 0x00, 0x00, 0x00, 0x00, 0x00,
    0x50, 0x50, 0x50, 0xdf, 0x50, 0x50, 0x50, 0xff, 0x50, 0x50, 0x50, 0xff,
    0x50, 0x50, 0x50, 0xff, 0x50, 0x50, 0x50, 0xff, 0x50, 0x54, 0x50, 0xff,
    0x50, 0x50, 0x50, 0xff, 0x50, 0x50, 0x50, 0xff, 0x50, 0x50, 0x50, 0xff,
    0x50, 0x50, 0x50, 0xff, 0x50, 0x50, 0x50, 0xff, 0x50, 0x50, 0x50, 0x41,
    0x00, 0x00, 0x00, 0x00, 0x00, 0x00, 0x00, 0x00, 0x00, 0x00, 0x00, 0x00,
    0x50, 0x50, 0x50, 0x41, 0x50, 0x50, 0x50, 0xff, 0x50, 0x50, 0x50, 0xff,
    0x50, 0x54, 0x50, 0xff, 0x50, 0x50, 0x50, 0xff, 0x50, 0x50, 0x50, 0xff,
    0x58, 0x50, 0x58, 0xff, 0x50, 0x54, 0x50, 0xff, 0x50, 0x50, 0x50, 0xff,
    0x50, 0x54, 0x50, 0xff, 0x58, 0x50, 0x58, 0xff, 0x50, 0x50, 0x50, 0x61,
    0x00, 0x00, 0x00, 0x00, 0x00, 0x00, 0x00, 0x00, 0x00, 0x00, 0x00, 0x00,
    0x00, 0x00, 0x00, 0x00, 0x00, 0x00, 0x00, 0x00, 0x00, 0x00, 0x00, 0x00,
    0x00, 0x00, 0x00, 0x00, 0x00, 0x00, 0x00, 0x00, 0x00, 0x00, 0x00, 0x00,
    0x00, 0x00, 0x00, 0x00, 0x00, 0x00, 0x00, 0x00, 0x00, 0x00, 0x00, 0x00,
    0x00, 0x00, 0x00, 0x00, 0x00, 0x00, 0x00, 0x00, 0x00, 0x00, 0x00, 0x00,
    0x00, 0x00, 0x00, 0x00, 0x00, 0x00, 0x00, 0x00, 0x00, 0x00, 0x00, 0x00,
    0x00, 0x00, 0x00, 0x00, 0x00, 0x00, 0x00, 0x00, 0x00, 0x00, 0x00, 0x00,
    0x00, 0x00, 0x00, 0x00, 0x00, 0x00, 0x00, 0x00, 0x00, 0x00, 0x00, 0x00,
    0x00, 0x00, 0x00, 0x00, 0x00, 0x00, 0x00, 0x00, 0x00, 0x00, 0x00, 0x00,
    0x00, 0x00, 0x00, 0x00, 0x00, 0x00, 0x00, 0x00, 0x00, 0x00, 0x00, 0x00,
    0x00, 0x00, 0x00, 0x00, 0x00, 0x00, 0x00, 0x00, 0x00, 0x00, 0x00, 0x00,
    0x00, 0x00, 0x00, 0x00, 0x00, 0x00, 0x00, 0x00, 0x00, 0x00, 0x00, 0x00,
    0x00, 0x00, 0x00, 0x00, 0x00, 0x00, 0x00, 0x00, 0x00, 0x00, 0x00, 0x00,
    0x00, 0x00, 0x00, 0x00, 0x00, 0x00, 0x00, 0x00, 0x00, 0x00, 0x00, 0x00,
    0x00, 0x00, 0x00, 0x00, 0x50, 0x50, 0x50, 0x61, 0x50, 0x54, 0x50, 0xff,
    0x50, 0x50, 0x50, 0xff, 0x50, 0x54, 0x50, 0xff, 0x50, 0x50, 0x50, 0xff,
    0x50, 0x50, 0x50, 0xff, 0x50, 0x50, 0x50, 0xff, 0x50, 0x50, 0x50, 0xff,
    0x50, 0x54, 0x50, 0xff, 0x50, 0x50, 0x50, 0xff, 0x58, 0x50, 0x58, 0xff,
    0x50, 0x50, 0x50, 0x41, 0x00, 0x00, 0x00, 0x00, 0x00, 0x00, 0x00, 0x00,
    0x50, 0x50, 0x50, 0x20, 0x50, 0x54, 0x50, 0xff, 0x50, 0x50, 0x50, 0xff,
    0x58, 0x54, 0x58, 0xff, 0x50, 0x50, 0x50, 0xff, 0x50, 0x54, 0x50, 0xff,
    0x50, 0x50, 0x50, 0xff, 0x50, 0x50, 0x50, 0xff, 0x50, 0x54, 0x50, 0xff,
    0x50, 0x50, 0x50, 0xff, 0x50, 0x50, 0x50, 0xff, 0x50, 0x54, 0x50, 0xff,
    0x50, 0x50, 0x50, 0x7d, 0x00, 0x00, 0x00, 0x00, 0x00, 0x00, 0x00, 0x00,
    0x50, 0x50, 0x50, 0x9e, 0x50, 0x54, 0x50, 0xff, 0x50, 0x50, 0x50, 0xff,
    0x50, 0x54, 0x50, 0xff, 0x50, 0x50, 0x50, 0xff, 0x50, 0x50, 0x50, 0xff,
    0x50, 0x50, 0x50, 0xff, 0x58, 0x54, 0x58, 0xff, 0x50, 0x50, 0x50, 0xff,
    0x50, 0x50, 0x50, 0xff, 0x50, 0x54, 0x50, 0xff, 0x50, 0x50, 0x50, 0xff,
    0x50, 0x50, 0x50, 0x9e, 0x00, 0x00, 0x00, 0x00, 0x00, 0x00, 0x00, 0x00,
    0x00, 0x00, 0x00, 0x00, 0x50, 0x50, 0x50, 0xbe, 0x50, 0x50, 0x50, 0xff,
    0x50, 0x54, 0x50, 0xff, 0x50, 0x50, 0x50, 0xff, 0x50, 0x50, 0x50, 0xff,
    0x50, 0x50, 0x50, 0xff, 0x50, 0x50, 0x50, 0xff, 0x50, 0x50, 0x50, 0xff,
    0x50, 0x50, 0x50, 0xff, 0x50, 0x54, 0x50, 0xff, 0x50, 0x50, 0x50, 0xff,
    0x50, 0x50, 0x50, 0x20, 0x00, 0x00, 0x00, 0x00, 0x00, 0x00, 0x00, 0x00,
    0x00, 0x00, 0x00, 0x00, 0x00, 0x00, 0x00, 0x00, 0x00, 0x00, 0x00, 0x00,
    0x00, 0x00, 0x00, 0x00, 0x00, 0x00, 0x00, 0x00, 0x00, 0x00, 0x00, 0x00,
    0x00, 0x00, 0x00, 0x00, 0x00, 0x00, 0x00, 0x00, 0x00, 0x00, 0x00, 0x00,
    0x00, 0x00, 0x00, 0x00, 0x00, 0x00, 0x00, 0x00, 0x00, 0x00, 0x00, 0x00,
    0x00, 0x00, 0x00, 0x00, 0x00, 0x00, 0x00, 0x00, 0x00, 0x00, 0x00, 0x00,
    0x00, 0x00, 0x00, 0x00, 0x00, 0x00, 0x00, 0x00, 0x00, 0x00, 0x00, 0x00,
    0x00, 0x00, 0x00, 0x00, 0x00, 0x00, 0x00, 0x00, 0x00, 0x00, 0x00, 0x00,
    0x00, 0x00, 0x00, 0x00, 0x00, 0x00, 0x00, 0x00, 0x00, 0x00, 0x00, 0x00,
    0x00, 0x00, 0x00, 0x00, 0x00, 0x00, 0x00, 0x00, 0x00, 0x00, 0x00, 0x00,
    0x00, 0x00, 0x00, 0x00, 0x00, 0x00, 0x00, 0x00, 0x00, 0x00, 0x00, 0x00,
    0x00, 0x00, 0x00, 0x00, 0x00, 0x00, 0x00, 0x00, 0x00, 0x00, 0x00, 0x00,
    0x00, 0x00, 0x00, 0x00, 0x00, 0x00, 0x00, 0x00, 0x00, 0x00, 0x00, 0x00,
    0x00, 0x00, 0x00, 0x00, 0x00, 0x00, 0x00, 0x00, 0x00, 0x00, 0x00, 0x00,
    0x00, 0x00, 0x00, 0x00, 0x00, 0x00, 0x00, 0x00, 0x50, 0x50, 0x50, 0x20,
    0x50, 0x50, 0x50, 0xff, 0x50, 0x50, 0x50, 0xff, 0x50, 0x54, 0x50, 0xff,
    0x50, 0x50, 0x50, 0xff, 0x50, 0x50, 0x50, 0xff, 0x58, 0x54, 0x58, 0xff,
    0x50, 0x50, 0x50, 0xff, 0x50, 0x50, 0x50, 0xff, 0x50, 0x50, 0x50, 0xff,
    0x50, 0x50, 0x50, 0xff, 0x50, 0x54, 0x50, 0xdf, 0x50, 0x50, 0x50, 0xdf,
    0x50, 0x50, 0x50, 0xbe, 0x50, 0x50, 0x50, 0xff, 0x50, 0x50, 0x50, 0xff,
    0x50, 0x54, 0x50, 0xff, 0x50, 0x50, 0x50, 0xff, 0x50, 0x50, 0x50, 0xff,
    0x58, 0x50, 0x58, 0xff, 0x50, 0x54, 0x50, 0xff, 0x50, 0x50, 0x50, 0xff,
    0x58, 0x50, 0x58, 0xff, 0x50, 0x50, 0x50, 0xff, 0x50, 0x50, 0x50, 0xff,
    0x50, 0x54, 0x50, 0xff, 0x50, 0x50, 0x50, 0xff, 0x50, 0x50, 0x50, 0xdf,
    0x50, 0x50, 0x50, 0xdf, 0x50, 0x50, 0x50, 0xff, 0x58, 0x50, 0x58, 0xff,
    0x50, 0x50, 0x50, 0xff, 0x50, 0x54, 0x50, 0xff, 0x58, 0x50, 0x58, 0xff,
    0x50, 0x50, 0x50, 0xff, 0x50, 0x50, 0x50, 0xff, 0x50, 0x50, 0x50, 0xff,
    0x50, 0x54, 0x50, 0xff, 0x58, 0x50, 0x58, 0xff, 0x50, 0x50, 0x50, 0xff,
    0x50, 0x54, 0x50, 0xff, 0x50, 0x50, 0x50, 0xff, 0x50, 0x50, 0x50, 0xdf,
    0x50, 0x50, 0x50, 0xbe, 0x50, 0x54, 0x50, 0xff, 0x50, 0x50, 0x50, 0xff,
    0x58, 0x50, 0x58, 0xff, 0x50, 0x50, 0x50, 0xff, 0x50, 0x50, 0x50, 0xff,
    0x58, 0x54, 0x58, 0xff, 0x50, 0x54, 0x50, 0xff, 0x50, 0x50, 0x50, 0xff,
    0x50, 0x50, 0x50, 0xff, 0x58, 0x50, 0x58, 0xff, 0x50, 0x50, 0x50, 0xff,
    0x50, 0x50, 0x50, 0xff, 0x00, 0x00, 0x00, 0x00, 0x00, 0x00, 0x00, 0x00,
    0x00, 0x00, 0x00, 0x00, 0x00, 0x00, 0x00, 0x00, 0x00, 0x00, 0x00, 0x00,
    0x00, 0x00, 0x00, 0x00, 0x00, 0x00, 0x00, 0x00, 0x00, 0x00, 0x00, 0x00,
    0x00, 0x00, 0x00, 0x00, 0x00, 0x00, 0x00, 0x00, 0x00, 0x00, 0x00, 0x00,
    0x00, 0x00, 0x00, 0x00, 0x00, 0x00, 0x00, 0x00, 0x00, 0x00, 0x00, 0x00,
    0x00, 0x00, 0x00, 0x00, 0x00, 0x00, 0x00, 0x00, 0x00, 0x00, 0x00, 0x00,
    0x00, 0x00, 0x00, 0x00, 0x00, 0x00, 0x00, 0x00, 0x00, 0x00, 0x00, 0x00,
    0x00, 0x00, 0x00, 0x00, 0x00, 0x00, 0x00, 0x00, 0x00, 0x00, 0x00, 0x00,
    0x00, 0x00, 0x00, 0x00, 0x00, 0x00, 0x00, 0x00, 0x00, 0x00, 0x00, 0x00,
    0x00, 0x00, 0x00, 0x00, 0x00, 0x00, 0x00, 0x00, 0x00, 0x00, 0x00, 0x00,
    0x00, 0x00, 0x00, 0x00, 0x00, 0x00, 0x00, 0x00, 0x00, 0x00, 0x00, 0x00,
    0x00, 0x00, 0x00, 0x00, 0x00, 0x00, 0x00, 0x00, 0x00, 0x00, 0x00, 0x00,
    0x00, 0x00, 0x00, 0x00, 0x00, 0x00, 0x00, 0x00, 0x00, 0x00, 0x00, 0x00,
    0x00, 0x00, 0x00, 0x00, 0x00, 0x00, 0x00, 0x00, 0x00, 0x00, 0x00, 0x00,
    0x00, 0x00, 0x00, 0x00, 0x00, 0x00, 0x00, 0x00, 0x00, 0x00, 0x00, 0x00,
    0x00, 0x00, 0x00, 0x00, 0x50, 0x50, 0x50, 0xff, 0x58, 0x50, 0x58, 0xff,
    0x50, 0x50, 0x50, 0xff, 0x50, 0x50, 0x50, 0xff, 0x50, 0x54, 0x50, 0xff,
    0x50, 0x50, 0x50, 0xff, 0x50, 0x50, 0x50, 0xff, 0x50, 0x54, 0x50, 0xff,
    0x58, 0x50, 0x58, 0xff, 0x50, 0x50, 0x50, 0xff, 0x50, 0x54, 0x50, 0xff,
    0x50, 0x50, 0x50, 0xff, 0x58, 0x50, 0x58, 0xff, 0x50, 0x54, 0x50, 0xff,
    0x50, 0x50, 0x50, 0xff, 0x58, 0x50, 0x58, 0xff, 0x50, 0x50, 0x50, 0xff,
    0x50, 0x50, 0x50, 0xff, 0x50, 0x50, 0x50, 0xff, 0x50, 0x50, 0x50, 0xff,
    0x50, 0x54, 0x50, 0xff, 0x50, 0x50, 0x50, 0xff, 0x50, 0x50, 0x50, 0xff,
    0x50, 0x54, 0x50, 0xff, 0x58, 0x50, 0x58, 0xff, 0x50, 0x50, 0x50, 0xff,
    0x50, 0x54, 0x50, 0xff, 0x50, 0x50, 0x50, 0xff, 0x50, 0x54, 0x50, 0xff,
    0x50, 0x50, 0x50, 0xff, 0x50, 0x50, 0x50, 0xff, 0x50, 0x50, 0x50, 0xff,
    0x50, 0x54, 0x50, 0xff, 0x50, 0x50, 0x50, 0xff, 0x50, 0x50, 0x50, 0xff,
    0x50, 0x54, 0x50, 0xff, 0x50, 0x50, 0x50, 0xff, 0x50, 0x50, 0x50, 0xff,
    0x50, 0x50, 0x50, 0xff, 0x50, 0x50, 0x50, 0xff, 0x58, 0x54, 0x58, 0xff,
    0x50, 0x50, 0x50, 0xff, 0x50, 0x50, 0x50, 0xff, 0x50, 0x50, 0x50, 0xff,
    0x50, 0x54, 0x50, 0xff, 0x50, 0x50, 0x50, 0xff, 0x50, 0x50, 0x50, 0xff,
    0x50, 0x50, 0x50, 0xff, 0x50, 0x50, 0x50, 0xff, 0x50, 0x50, 0x50, 0xff,
    0x50, 0x54, 0x50, 0xff, 0x50, 0x50, 0x50, 0xff, 0x50, 0x54, 0x50, 0xff,
    0x50, 0x50, 0x50, 0xff, 0x50, 0x50, 0x50, 0x9e, 0x00, 0x00, 0x00, 0x00,
    0x00, 0x00, 0x00, 0x00, 0x00, 0x00, 0x00, 0x00, 0x00, 0x00, 0x00, 0x00,
    0x00, 0x00, 0x00, 0x00, 0x00, 0x00, 0x00, 0x00, 0x00, 0x00, 0x00, 0x00,
    0x00, 0x00, 0x00, 0x00, 0x00, 0x00, 0x00, 0x00, 0x00, 0x00, 0x00, 0x00,
    0x00, 0x00, 0x00, 0x00, 0x00, 0x00, 0x00, 0x00, 0x00, 0x00, 0x00, 0x00,
    0x00, 0x00, 0x00, 0x00, 0x00, 0x00, 0x00, 0x00, 0x00, 0x00, 0x00, 0x00,
    0x00, 0x00, 0x00, 0x00, 0x00, 0x00, 0x00, 0x00, 0x00, 0x00, 0x00, 0x00,
    0x00, 0x00, 0x00, 0x00, 0x00, 0x00, 0x00, 0x00, 0x00, 0x00, 0x00, 0x00,
    0x00, 0x00, 0x00, 0x00, 0x00, 0x00, 0x00, 0x00, 0x00, 0x00, 0x00, 0x00,
    0x00, 0x00, 0x00, 0x00, 0x00, 0x00, 0x00, 0x00, 0x00, 0x00, 0x00, 0x00,
    0x00, 0x00, 0x00, 0x00, 0x00, 0x00, 0x00, 0x00, 0x00, 0x00, 0x00, 0x00,
    0x00, 0x00, 0x00, 0x00, 0x00, 0x00, 0x00, 0x00, 0x00, 0x00, 0x00, 0x00,
    0x00, 0x00, 0x00, 0x00, 0x00, 0x00, 0x00, 0x00, 0x00, 0x00, 0x00, 0x00,
    0x00, 0x00, 0x00, 0x00, 0x00, 0x00, 0x00, 0x00, 0x00, 0x00, 0x00, 0x00,
    0x00, 0x00, 0x00, 0x00, 0x00, 0x00, 0x00, 0x00, 0x00, 0x00, 0x00, 0x00,
    0x00, 0x00, 0x00, 0x00, 0x00, 0x00, 0x00, 0x00, 0x50, 0x50, 0x50, 0x9e,
    0x50, 0x54, 0x50, 0xff, 0x50, 0x50, 0x50, 0xff, 0x50, 0x50, 0x50, 0xff,
    0x58, 0x50, 0x58, 0xff, 0x50, 0x50, 0x50, 0xff, 0x50, 0x50, 0x50, 0xff,
    0x50, 0x54, 0x50, 0xff, 0x50, 0x50, 0x50, 0xff, 0x50, 0x50, 0x50, 0xff,
    0x50, 0x50, 0x50, 0xff, 0x50, 0x50, 0x50, 0xff, 0x50, 0x54, 0x50, 0xff,
    0x50, 0x50, 0x50, 0xff, 0x50, 0x50, 0x50, 0xff, 0x50, 0x50, 0x50, 0xff,
    0x50, 0x54, 0x50, 0xff, 0x50, 0x54, 0x50, 0xff, 0x50, 0x50, 0x50, 0xff,
    0x50, 0x50, 0x50, 0xff, 0x50, 0x50, 0x50, 0xff, 0x50, 0x54, 0x50, 0xff,
    0x50, 0x50, 0x50, 0xff, 0x50, 0x50, 0x50, 0xff, 0x50, 0x50, 0x50, 0xff,
    0x50, 0x50, 0x50, 0xff, 0x50, 0x50, 0x50, 0xff, 0x58, 0x54, 0x58, 0xff,
    0x50, 0x50, 0x50, 0xff, 0x50, 0x50, 0x50, 0xff, 0x50, 0x54, 0x50, 0xff,
    0x50, 0x50, 0x50, 0xff, 0x50, 0x50, 0x50, 0xff, 0x58, 0x54, 0x58, 0xff,
    0x50, 0x50, 0x50, 0xff, 0x50, 0x50, 0x50, 0xff, 0x50, 0x50, 0x50, 0xff,
    0x50, 0x54, 0x50, 0xff, 0x50, 0x50, 0x50, 0xff, 0x50, 0x50, 0x50, 0xff,
    0x50, 0x50, 0x50, 0xff, 0x50, 0x54, 0x50, 0xff, 0x58, 0x50, 0x58, 0xff,
    0x50, 0x50, 0x50, 0xff, 0x50, 0x50, 0x50, 0xff, 0x50, 0x54, 0x50, 0xff,
    0x50, 0x54, 0x50, 0xff, 0x50, 0x50, 0x50, 0xff, 0x50, 0x50, 0x50, 0xff,
    0x58, 0x50, 0x58, 0xff, 0x50, 0x50, 0x50, 0xff, 0x50, 0x54, 0x50, 0xff,
    0x50, 0x50, 0x50, 0xff, 0x50, 0x50, 0x50, 0xff, 0x50, 0x50, 0x50, 0x41,
    0x00, 0x00, 0x00, 0x00, 0x00, 0x00, 0x00, 0x00, 0x00, 0x00, 0x00, 0x00,
    0x00, 0x00, 0x00, 0x00, 0x00, 0x00, 0x00, 0x00, 0x00, 0x00, 0x00, 0x00,
    0x00, 0x00, 0x00, 0x00, 0x00, 0x00, 0x00, 0x00, 0x00, 0x00, 0x00, 0x00,
    0x00, 0x00, 0x00, 0x00, 0x00, 0x00, 0x00, 0x00, 0x00, 0x00, 0x00, 0x00,
    0x00, 0x00, 0x00, 0x00, 0x00, 0x00, 0x00, 0x00, 0x00, 0x00, 0x00, 0x00,
    0x00, 0x00, 0x00, 0x00, 0x00, 0x00, 0x00, 0x00, 0x00, 0x00, 0x00, 0x00,
    0x00, 0x00, 0x00, 0x00, 0x00, 0x00, 0x00, 0x00, 0x00, 0x00, 0x00, 0x00,
    0x00, 0x00, 0x00, 0x00, 0x00, 0x00, 0x00, 0x00, 0x00, 0x00, 0x00, 0x00,
    0x00, 0x00, 0x00, 0x00, 0x00, 0x00, 0x00, 0x00, 0x00, 0x00, 0x00, 0x00,
    0x00, 0x00, 0x00, 0x00, 0x00, 0x00, 0x00, 0x00, 0x00, 0x00, 0x00, 0x00,
    0x00, 0x00, 0x00, 0x00, 0x00, 0x00, 0x00, 0x00, 0x00, 0x00, 0x00, 0x00,
    0x00, 0x00, 0x00, 0x00, 0x00, 0x00, 0x00, 0x00, 0x00, 0x00, 0x00, 0x00,
    0x00, 0x00, 0x00, 0x00, 0x00, 0x00, 0x00, 0x00, 0x00, 0x00, 0x00, 0x00,
    0x00, 0x00, 0x00, 0x00, 0x00, 0x00, 0x00, 0x00, 0x00, 0x00, 0x00, 0x00,
    0x00, 0x00, 0x00, 0x00, 0x00, 0x00, 0x00, 0x00, 0x00, 0x00, 0x00, 0x00,
    0x50, 0x50, 0x50, 0x20, 0x50, 0x50, 0x50, 0x82, 0x50, 0x50, 0x50, 0x9e,
    0x50, 0x50, 0x50, 0x9e, 0x50, 0x50, 0x50, 0x9e, 0x50, 0x50, 0x50, 0x9e,
    0x50, 0x50, 0x50, 0x9e, 0x50, 0x50, 0x50, 0x9e, 0x50, 0x50, 0x50, 0x9e,
    0x50, 0x50, 0x50, 0x9e, 0x50, 0x50, 0x50, 0x9e, 0x50, 0x50, 0x50, 0x9e,
    0x50, 0x50, 0x50, 0x9e, 0x50, 0x50, 0x50, 0x9e, 0x50, 0x50, 0x50, 0x9e,
    0x50, 0x50, 0x50, 0x9e, 0x50, 0x50, 0x50, 0x9e, 0x50, 0x50, 0x50, 0x9e,
    0x50, 0x50, 0x50, 0x9e, 0x50, 0x50, 0x50, 0x9e, 0x50, 0x50, 0x50, 0x9e,
    0x50, 0x50, 0x50, 0x9e, 0x50, 0x50, 0x50, 0x9e, 0x50, 0x50, 0x50, 0x9e,
    0x50, 0x50, 0x50, 0x9e, 0x50, 0x50, 0x50, 0x9e, 0x50, 0x50, 0x50, 0x9e,
    0x50, 0x50, 0x50, 0x9e, 0x50, 0x50, 0x50, 0x9e, 0x50, 0x50, 0x50, 0x9e,
    0x50, 0x50, 0x50, 0x9e, 0x50, 0x50, 0x50, 0x9e, 0x50, 0x50, 0x50, 0x9e,
    0x50, 0x50, 0x50, 0x9e, 0x50, 0x50, 0x50, 0x9e, 0x50, 0x50, 0x50, 0x9e,
    0x50, 0x50, 0x50, 0x9e, 0x50, 0x50, 0x50, 0x9e, 0x50, 0x50, 0x50, 0x9e,
    0x50, 0x50, 0x50, 0x9e, 0x50, 0x50, 0x50, 0x9e, 0x50, 0x50, 0x50, 0x9e,
    0x50, 0x50, 0x50, 0x9e, 0x50, 0x50, 0x50, 0x9e, 0x50, 0x50, 0x50, 0x9e,
    0x50, 0x50, 0x50, 0x9e, 0x50, 0x50, 0x50, 0x9e, 0x50, 0x50, 0x50, 0x9e,
    0x50, 0x50, 0x50, 0x9e, 0x50, 0x50, 0x50, 0x9e, 0x50, 0x50, 0x50, 0x9e,
    0x50, 0x50, 0x50, 0x9e, 0x50, 0x50, 0x50, 0x7d, 0x50, 0x50, 0x50, 0x20,
    0x00, 0x00, 0x00, 0x00, 0x00, 0x00, 0x00, 0x00, 0x00, 0x00, 0x00, 0x00,
    0x00, 0x00, 0x00, 0x00, 0x00, 0x00, 0x00, 0x00, 0x00, 0x00, 0x00, 0x00,
    0x00, 0x00, 0x00, 0x00, 0x00, 0x00, 0x00, 0x00, 0x00, 0x00, 0x00, 0x00,
    0x00, 0x00, 0x00, 0x00, 0x00, 0x00, 0x00, 0x00, 0x00, 0x00, 0x00, 0x00,
    0x00, 0x00, 0x00, 0x00, 0x00, 0x00, 0x00, 0x00, 0x00, 0x00, 0x00, 0x00,
    0x00, 0x00, 0x00, 0x00, 0x00, 0x00, 0x00, 0x00, 0x00, 0x00, 0x00, 0x00,
    0x00, 0x00, 0x00, 0x00, 0x00, 0x00, 0x00, 0x00, 0x00, 0x00, 0x00, 0x00,
    0x00, 0x00, 0x00, 0x00, 0x00, 0x00, 0x00, 0x00, 0x00, 0x00, 0x00, 0x00,
    0x00, 0x00, 0x00, 0x00, 0x00, 0x00, 0x00, 0x00, 0x00, 0x00, 0x00, 0x00,
    0x00, 0x00, 0x00, 0x00, 0x00, 0x00, 0x00, 0x00, 0x00, 0x00, 0x00, 0x00,
    0x00, 0x00, 0x00, 0x00, 0x00, 0x00, 0x00, 0x00, 0x00, 0x00, 0x00, 0x00,
    0x00, 0x00, 0x00, 0x00, 0x00, 0x00, 0x00, 0x00, 0x00, 0x00, 0x00, 0x00,
    0x00, 0x00, 0x00, 0x00, 0x00, 0x00, 0x00, 0x00, 0x00, 0x00, 0x00, 0x00,
    0x00, 0x00, 0x00, 0x00, 0x00, 0x00, 0x00, 0x00, 0x00, 0x00, 0x00, 0x00,
    0x00, 0x00, 0x00, 0x00, 0x00, 0x00, 0x00, 0x00, 0x00, 0x00, 0x00, 0x00,
    0x00, 0x00, 0x00, 0x00, 0x00, 0x00, 0x00, 0x00, 0x00, 0x00, 0x00, 0x00,
    0x00, 0x00, 0x00, 0x00, 0x00, 0x00, 0x00, 0x00, 0x00, 0x00, 0x00, 0x00,
    0x00, 0x00, 0x00, 0x00, 0x00, 0x00, 0x00, 0x00, 0x00, 0x00, 0x00, 0x00,
    0x00, 0x00, 0x00, 0x00, 0x00, 0x00, 0x00, 0x00, 0x00, 0x00, 0x00, 0x00,
    0x00, 0x00, 0x00, 0x00, 0x00, 0x00, 0x00, 0x00, 0x00, 0x00, 0x00, 0x00,
    0x00, 0x00, 0x00, 0x00, 0x00, 0x00, 0x00, 0x00, 0x00, 0x00, 0x00, 0x00,
    0x00, 0x00, 0x00, 0x00, 0x00, 0x00, 0x00, 0x00, 0x00, 0x00, 0x00, 0x00,
    0x00, 0x00, 0x00, 0x00, 0x00, 0x00, 0x00, 0x00, 0x00, 0x00, 0x00, 0x00,
    0x00, 0x00, 0x00, 0x00, 0x00, 0x00, 0x00, 0x00, 0x00, 0x00, 0x00, 0x00,
    0x00, 0x00, 0x00, 0x00, 0x00, 0x00, 0x00, 0x00, 0x00, 0x00, 0x00, 0x00,
    0x00, 0x00, 0x00, 0x00, 0x00, 0x00, 0x00, 0x00, 0x00, 0x00, 0x00, 0x00,
    0x00, 0x00, 0x00, 0x00, 0x00, 0x00, 0x00, 0x00, 0x00, 0x00, 0x00, 0x00,
    0x00, 0x00, 0x00, 0x00, 0x00, 0x00, 0x00, 0x00, 0x00, 0x00, 0x00, 0x00,
    0x00, 0x00, 0x00, 0x00, 0x00, 0x00, 0x00, 0x00, 0x00, 0x00, 0x00, 0x00,
    0x00, 0x00, 0x00, 0x00, 0x00, 0x00, 0x00, 0x00, 0x00, 0x00, 0x00, 0x00,
    0x00, 0x00, 0x00, 0x00, 0x00, 0x00, 0x00, 0x00, 0x00, 0x00, 0x00, 0x00,
    0x00, 0x00, 0x00, 0x00, 0x00, 0x00, 0x00, 0x00, 0x00, 0x00, 0x00, 0x00,
    0x00, 0x00, 0x00, 0x00, 0x00, 0x00, 0x00, 0x00, 0x00, 0x00, 0x00, 0x00,
    0x00, 0x00, 0x00, 0x00, 0x00, 0x00, 0x00, 0x00, 0x00, 0x00, 0x00, 0x00,
    0x00, 0x00, 0x00, 0x00, 0x00, 0x00, 0x00, 0x00, 0x00, 0x00, 0x00, 0x00,
    0x00, 0x00, 0x00, 0x00, 0x00, 0x00, 0x00, 0x00, 0x00, 0x00, 0x00, 0x00,
    0x00, 0x00, 0x00, 0x00, 0x00, 0x00, 0x00, 0x00, 0x00, 0x00, 0x00, 0x00,
    0x00, 0x00, 0x00, 0x00, 0x00, 0x00, 0x00, 0x00, 0x00, 0x00, 0x00, 0x00,
    0x00, 0x00, 0x00, 0x00, 0x00, 0x00, 0x00, 0x00, 0x00, 0x00, 0x00, 0x00,
    0x00, 0x00, 0x00, 0x00, 0x00, 0x00, 0x00, 0x00, 0x00, 0x00, 0x00, 0x00,
    0x00, 0x00, 0x00, 0x00, 0x00, 0x00, 0x00, 0x00, 0x00, 0x00, 0x00, 0x00,
    0x00, 0x00, 0x00, 0x00, 0x00, 0x00, 0x00, 0x00, 0x00, 0x00, 0x00, 0x00,
    0x00, 0x00, 0x00, 0x00, 0x00, 0x00, 0x00, 0x00, 0x00, 0x00, 0x00, 0x00,
    0x00, 0x00, 0x00, 0x00, 0x00, 0x00, 0x00, 0x00, 0x00, 0x00, 0x00, 0x00,
    0x00, 0x00, 0x00, 0x00, 0x00, 0x00, 0x00, 0x00, 0x00, 0x00, 0x00, 0x00,
    0x00, 0x00, 0x00, 0x00, 0x00, 0x00, 0x00, 0x00, 0x00, 0x00, 0x00, 0x00,
    0x00, 0x00, 0x00, 0x00, 0x00, 0x00, 0x00, 0x00, 0x00, 0x00, 0x00, 0x00,
    0x00, 0x00, 0x00, 0x00, 0x00, 0x00, 0x00, 0x00, 0x00, 0x00, 0x00, 0x00,
    0x00, 0x00, 0x00, 0x00, 0x00, 0x00, 0x00, 0x00, 0x00, 0x00, 0x00, 0x00,
    0x00, 0x00, 0x00, 0x00, 0x00, 0x00, 0x00, 0x00, 0x00, 0x00, 0x00, 0x00,
    0x00, 0x00, 0x00, 0x00, 0x00, 0x00, 0x00, 0x00, 0x00, 0x00, 0x00, 0x00,
    0x00, 0x00, 0x00, 0x00, 0x00, 0x00, 0x00, 0x00, 0x00, 0x00, 0x00, 0x00,
    0x00, 0x00, 0x00, 0x00, 0x00, 0x00, 0x00, 0x00, 0x00, 0x00, 0x00, 0x00,
    0x00, 0x00, 0x00, 0x00, 0x00, 0x00, 0x00, 0x00, 0x00, 0x00, 0x00, 0x00,
    0x00, 0x00, 0x00, 0x00, 0x00, 0x00, 0x00, 0x00, 0x00, 0x00, 0x00, 0x00,
    0x00, 0x00, 0x00, 0x00, 0x00, 0x00, 0x00, 0x00, 0x00, 0x00, 0x00, 0x00,
    0x00, 0x00, 0x00, 0x00, 0x00, 0x00, 0x00, 0x00, 0x00, 0x00, 0x00, 0x00,
    0x00, 0x00, 0x00, 0x00, 0x00, 0x00, 0x00, 0x00, 0x00, 0x00, 0x00, 0x00,
    0x00, 0x00, 0x00, 0x00, 0x00, 0x00, 0x00, 0x00, 0x00, 0x00, 0x00, 0x00,
    0x00, 0x00, 0x00, 0x00, 0x00, 0x00, 0x00, 0x00, 0x00, 0x00, 0x00, 0x00,
    0x00, 0x00, 0x00, 0x00, 0x00, 0x00, 0x00, 0x00, 0x00, 0x00, 0x00, 0x00,
    0x00, 0x00, 0x00, 0x00, 0x00, 0x00, 0x00, 0x00, 0x00, 0x00, 0x00, 0x00,
    0x00, 0x00, 0x00, 0x00, 0x00, 0x00, 0x00, 0x00, 0x00, 0x00, 0x00, 0x00,
    0x00, 0x00, 0x00, 0x00, 0x00, 0x00, 0x00, 0x00, 0x00, 0x00, 0x00, 0x00,
    0x00, 0x00, 0x00, 0x00, 0x00, 0x00, 0x00, 0x00, 0x00, 0x00, 0x00, 0x00,
    0x00, 0x00, 0x00, 0x00, 0x00, 0x00, 0x00, 0x00, 0x00, 0x00, 0x00, 0x00,
    0x00, 0x00, 0x00, 0x00, 0x00, 0x00, 0x00, 0x00, 0x00, 0x00, 0x00, 0x00,
    0x00, 0x00, 0x00, 0x00, 0x00, 0x00, 0x00, 0x00, 0x00, 0x00, 0x00, 0x00,
    0x00, 0x00, 0x00, 0x00, 0x00, 0x00, 0x00, 0x00, 0x00, 0x00, 0x00, 0x00,
    0x00, 0x00, 0x00, 0x00, 0x00, 0x00, 0x00, 0x00, 0x00, 0x00, 0x00, 0x00,
    0x00, 0x00, 0x00, 0x00, 0x00, 0x00, 0x00, 0x00, 0x00, 0x00, 0x00, 0x00,
    0x00, 0x00, 0x00, 0x00, 0x00, 0x00, 0x00, 0x00, 0x00, 0x00, 0x00, 0x00,
    0x00, 0x00, 0x00, 0x00, 0x00, 0x00, 0x00, 0x00, 0x00, 0x00, 0x00, 0x00,
    0x00, 0x00, 0x00, 0x00, 0x00, 0x00, 0x00, 0x00, 0x00, 0x00, 0x00, 0x00,
    0x00, 0x00, 0x00, 0x00, 0x00, 0x00, 0x00, 0x00, 0x00, 0x00, 0x00, 0x00,
    0x00, 0x00, 0x00, 0x00, 0x00, 0x00, 0x00, 0x00, 0x00, 0x00, 0x00, 0x00,
    0x00, 0x00, 0x00, 0x00, 0x00, 0x00, 0x00, 0x00, 0x00, 0x00, 0x00, 0x00,
    0x00, 0x00, 0x00, 0x00, 0x00, 0x00, 0x00, 0x00, 0x00, 0x00, 0x00, 0x00,
    0x00, 0x00, 0x00, 0x00, 0x00, 0x00, 0x00, 0x00, 0x00, 0x00, 0x00, 0x00,
    0x00, 0x00, 0x00, 0x00, 0x00, 0x00, 0x00, 0x00, 0x00, 0x00, 0x00, 0x00,
    0x00, 0x00, 0x00, 0x00, 0x00, 0x00, 0x00, 0x00, 0x00, 0x00, 0x00, 0x00,
    0x00, 0x00, 0x00, 0x00, 0x00, 0x00, 0x00, 0x00, 0x00, 0x00, 0x00, 0x00,
    0x00, 0x00, 0x00, 0x00, 0x00, 0x00, 0x00, 0x00, 0x00, 0x00, 0x00, 0x00,
    0x00, 0x00, 0x00, 0x00, 0x00, 0x00, 0x00, 0x00, 0x00, 0x00, 0x00, 0x00,
    0x00, 0x00, 0x00, 0x00, 0x00, 0x00, 0x00, 0x00, 0x00, 0x00, 0x00, 0x00,
    0x00, 0x00, 0x00, 0x00, 0x00, 0x00, 0x00, 0x00, 0x00, 0x00, 0x00, 0x00,
    0x00, 0x00, 0x00, 0x00, 0x00, 0x00, 0x00, 0x00, 0x00, 0x00, 0x00, 0x00,
    0x00, 0x00, 0x00, 0x00, 0x00, 0x00, 0x00, 0x00, 0x00, 0x00, 0x00, 0x00,
    0x00, 0x00, 0x00, 0x00, 0x00, 0x00, 0x00, 0x00, 0x00, 0x00, 0x00, 0x00,
    0x00, 0x00, 0x00, 0x00, 0x00, 0x00, 0x00, 0x00, 0x00, 0x00, 0x00, 0x00,
    0x00, 0x00, 0x00, 0x00, 0x00, 0x00, 0x00, 0x00, 0x00, 0x00, 0x00, 0x00,
    0x00, 0x00, 0x00, 0x00, 0x00, 0x00, 0x00, 0x00, 0x00, 0x00, 0x00, 0x00,
    0x00, 0x00, 0x00, 0x00, 0x00, 0x00, 0x00, 0x00, 0x00, 0x00, 0x00, 0x00,
    0x00, 0x00, 0x00, 0x00, 0x00, 0x00, 0x00, 0x00, 0x00, 0x00, 0x00, 0x00,
    0x00, 0x00, 0x00, 0x00, 0x00, 0x00, 0x00, 0x00, 0x00, 0x00, 0x00, 0x00,
    0x00, 0x00, 0x00, 0x00, 0x00, 0x00, 0x00, 0x00, 0x00, 0x00, 0x00, 0x00,
    0x00, 0x00, 0x00, 0x00, 0x00, 0x00, 0x00, 0x00, 0x00, 0x00, 0x00, 0x00,
    0x00, 0x00, 0x00, 0x00, 0x00, 0x00, 0x00, 0x00, 0x00, 0x00, 0x00, 0x00,
    0x00, 0x00, 0x00, 0x00, 0x00, 0x00, 0x00, 0x00, 0x00, 0x00, 0x00, 0x00,
    0x00, 0x00, 0x00, 0x00, 0x00, 0x00, 0x00, 0x00, 0x00, 0x00, 0x00, 0x00,
    0x00, 0x00, 0x00, 0x00, 0x00, 0x00, 0x00, 0x00, 0x00, 0x00, 0x00, 0x00,
    0x00, 0x00, 0x00, 0x00, 0x00, 0x00, 0x00, 0x00, 0x00, 0x00, 0x00, 0x00,
    0x00, 0x00, 0x00, 0x00, 0x00, 0x00, 0x00, 0x00, 0x00, 0x00, 0x00, 0x00,
    0x00, 0x00, 0x00, 0x00, 0x00, 0x00, 0x00, 0x00, 0x00, 0x00, 0x00, 0x00,
    0x00, 0x00, 0x00, 0x00, 0x00, 0x00, 0x00, 0x00, 0x00, 0x00, 0x00, 0x00,
    0x00, 0x00, 0x00, 0x00, 0x00, 0x00, 0x00, 0x00, 0x00, 0x00, 0x00, 0x00,
    0x00, 0x00, 0x00, 0x00, 0x00, 0x00, 0x00, 0x00, 0x00, 0x00, 0x00, 0x00,
    0x00, 0x00, 0x00, 0x00, 0x00, 0x00, 0x00, 0x00, 0x00, 0x00, 0x00, 0x00,
    0x00, 0x00, 0x00, 0x00, 0x00, 0x00, 0x00, 0x00, 0x00, 0x00, 0x00, 0x00,
    0x00, 0x00, 0x00, 0x00, 0x00, 0x00, 0x00, 0x00, 0x00, 0x00, 0x00, 0x00,
    0x00, 0x00, 0x00, 0x00, 0x00, 0x00, 0x00, 0x00, 0x00, 0x00, 0x00, 0x00,
    0x00, 0x00, 0x00, 0x00, 0x00, 0x00, 0x00, 0x00, 0x00, 0x00, 0x00, 0x00,
    0x00, 0x00, 0x00, 0x00, 0x00, 0x00, 0x00, 0x00, 0x00, 0x00, 0x00, 0x00,
    0x00, 0x00, 0x00, 0x00, 0x00, 0x00, 0x00, 0x00, 0x00, 0x00, 0x00, 0x00,
    0x00, 0x00, 0x00, 0x00, 0x00, 0x00, 0x00, 0x00, 0x00, 0x00, 0x00, 0x00,
    0x00, 0x00, 0x00, 0x00, 0x00, 0x00, 0x00, 0x00, 0x00, 0x00, 0x00, 0x00,
    0x00, 0x00, 0x00, 0x00, 0x00, 0x00, 0x00, 0x00, 0x00, 0x00, 0x00, 0x00,
    0x00, 0x00, 0x00, 0x00, 0x00, 0x00, 0x00, 0x00, 0x00, 0x00, 0x00, 0x00,
    0x00, 0x00, 0x00, 0x00, 0x00, 0x00, 0x00, 0x00, 0x00, 0x00, 0x00, 0x00,
    0x00, 0x00, 0x00, 0x00, 0x00, 0x00, 0x00, 0x00, 0x00, 0x00, 0x00, 0x00,
    0x00, 0x00, 0x00, 0x00, 0x00, 0x00, 0x00, 0x00, 0x00, 0x00, 0x00, 0x00,
    0x00, 0x00, 0x00, 0x00, 0x00, 0x00, 0x00, 0x00, 0x00, 0x00, 0x00, 0x00,
    0x00, 0x00, 0x00, 0x00, 0x00, 0x00, 0x00, 0x00, 0x00, 0x00, 0x00, 0x00,
    0x00, 0x00, 0x00, 0x00, 0x00, 0x00, 0x00, 0x00, 0x00, 0x00, 0x00, 0x00,
    0x00, 0x00, 0x00, 0x00, 0x00, 0x00, 0x00, 0x00, 0x00, 0x00, 0x00, 0x00,
    0x00, 0x00, 0x00, 0x00, 0x00, 0x00, 0x00, 0x00, 0x00, 0x00, 0x00, 0x00,
    0x00, 0x00, 0x00, 0x00, 0x00, 0x00, 0x00, 0x00, 0x00, 0x00, 0x00, 0x00,
    0x00, 0x00, 0x00, 0x00, 0x00, 0x00, 0x00, 0x00, 0x00, 0x00, 0x00, 0x00,
    0x00, 0x00, 0x00, 0x00, 0x00, 0x00, 0x00, 0x00, 0x00, 0x00, 0x00, 0x00,
    0x00, 0x00, 0x00, 0x00, 0x00, 0x00, 0x00, 0x00, 0x00, 0x00, 0x00, 0x00,
    0x00, 0x00, 0x00, 0x00, 0x00, 0x00, 0x00, 0x00, 0x00, 0x00, 0x00, 0x00,
    0x00, 0x00, 0x00, 0x00, 0x00, 0x00, 0x00, 0x00, 0x00, 0x00, 0x00, 0x00,
    0x00, 0x00, 0x00, 0x00, 0x00, 0x00, 0x00, 0x00, 0x00, 0x00, 0x00, 0x00,
    0x00, 0x00, 0x00, 0x00, 0x00, 0x00, 0x00, 0x00, 0x00, 0x00, 0x00, 0x00,
    0x00, 0x00, 0x00, 0x00, 0x00, 0x00, 0x00, 0x00, 0x00, 0x00, 0x00, 0x00,
    0x00, 0x00, 0x00, 0x00, 0x00, 0x00, 0x00, 0x00, 0x00, 0x00, 0x00, 0x00,
    0x00, 0x00, 0x00, 0x00, 0x00, 0x00, 0x00, 0x00, 0x00, 0x00, 0x00, 0x00,
    0x00, 0x00, 0x00, 0x00, 0x00, 0x00, 0x00, 0x00, 0x00, 0x00, 0x00, 0x00,
    0x00, 0x00, 0x00, 0x00, 0x00, 0x00, 0x00, 0x00, 0x00, 0x00, 0x00, 0x00,
    0x00, 0x00, 0x00, 0x00, 0x00, 0x00, 0x00, 0x00, 0x00, 0x00, 0x00, 0x00,
    0x00, 0x00, 0x00, 0x00, 0x00, 0x00, 0x00, 0x00, 0x00, 0x00, 0x00, 0x00,
    0x00, 0x00, 0x00, 0x00, 0x00, 0x00, 0x00, 0x00, 0x00, 0x00, 0x00, 0x00,
    0x00, 0x00, 0x00, 0x00, 0x00, 0x00, 0x00, 0x00, 0x00, 0x00, 0x00, 0x00,
    0x00, 0x00, 0x00, 0x00, 0x00, 0x00, 0x00, 0x00, 0x00, 0x00, 0x00, 0x00,
    0x00, 0x00, 0x00, 0x00, 0x00, 0x00, 0x00, 0x00, 0x00, 0x00, 0x00, 0x00,
    0x00, 0x00, 0x00, 0x00, 0x00, 0x00, 0x00, 0x00, 0x00, 0x00, 0x00, 0x00,
    0x00, 0x00, 0x00, 0x00, 0x00, 0x00, 0x00, 0x00, 0x00, 0x00, 0x00, 0x00,
    0x00, 0x00, 0x00, 0x00, 0x00, 0x00, 0x00, 0x00, 0x00, 0x00, 0x00, 0x00,
    0x00, 0x00, 0x00, 0x00, 0x00, 0x00, 0x00, 0x00, 0x00, 0x00, 0x00, 0x00,
    0x00, 0x00, 0x00, 0x00, 0x00, 0x00, 0x00, 0x00, 0x00, 0x00, 0x00, 0x00,
    0x00, 0x00, 0x00, 0x00, 0x00, 0x00, 0x00, 0x00, 0x00, 0x00, 0x00, 0x00,
    0x00, 0x00, 0x00, 0x00, 0x00, 0x00, 0x00, 0x00, 0x00, 0x00, 0x00, 0x00,
    0x00, 0x00, 0x00, 0x00, 0x00, 0x00, 0x00, 0x00, 0x00, 0x00, 0x00, 0x00,
    0x00, 0x00, 0x00, 0x00, 0x00, 0x00, 0x00, 0x00, 0x00, 0x00, 0x00, 0x00,
    0x00, 0x00, 0x00, 0x00, 0x00, 0x00, 0x00, 0x00, 0x00, 0x00, 0x00, 0x00,
    0x00, 0x00, 0x00, 0x00, 0x00, 0x00, 0x00, 0x00, 0x00, 0x00, 0x00, 0x00,
    0x00, 0x00, 0x00, 0x00, 0x00, 0x00, 0x00, 0x00, 0x00, 0x00, 0x00, 0x00,
    0x00, 0x00, 0x00, 0x00, 0x00, 0x00, 0x00, 0x00, 0x00, 0x00, 0x00, 0x00,
    0x00, 0x00, 0x00, 0x00, 0x00, 0x00, 0x00, 0x00, 0x00, 0x00, 0x00, 0x00,
    0x00, 0x00, 0x00, 0x00, 0x00, 0x00, 0x00, 0x00, 0x00, 0x00, 0x00, 0x00,
    0x00, 0x00, 0x00, 0x00, 0x00, 0x00, 0x00, 0x00, 0x00, 0x00, 0x00, 0x00,
    0x00, 0x00, 0x00, 0x00, 0x00, 0x00, 0x00, 0x00, 0x00, 0x00, 0x00, 0x00,
    0x00, 0x00, 0x00, 0x00, 0x00, 0x00, 0x00, 0x00, 0x00, 0x00, 0x00, 0x00,
    0x00, 0x00, 0x00, 0x00, 0x00, 0x00, 0x00, 0x00, 0x00, 0x00, 0x00, 0x00,
    0x00, 0x00, 0x00, 0x00, 0x00, 0x00, 0x00, 0x00, 0x00, 0x00, 0x00, 0x00,
    0x00, 0x00, 0x00, 0x00, 0x00, 0x00, 0x00, 0x00, 0x00, 0x00, 0x00, 0x00,
    0x00, 0x00, 0x00, 0x00, 0x00, 0x00, 0x00, 0x00, 0x00, 0x00, 0x00, 0x00,
    0x00, 0x00, 0x00, 0x00, 0x00, 0x00, 0x00, 0x00, 0x00, 0x00, 0x00, 0x00,
    0x00, 0x00, 0x00, 0x00, 0x00, 0x00, 0x00, 0x00, 0x00, 0x00, 0x00, 0x00,
    0x00, 0x00, 0x00, 0x00, 0x00, 0x00, 0x00, 0x00, 0x00, 0x00, 0x00, 0x00,
    0x00, 0x00, 0x00, 0x00, 0x00, 0x00, 0x00, 0x00, 0x00, 0x00, 0x00, 0x00,
    0x00, 0x00, 0x00, 0x00, 0x00, 0x00, 0x00, 0x00, 0x00, 0x00, 0x00, 0x00,
    0x00, 0x00, 0x00, 0x00, 0x00, 0x00, 0x00, 0x00, 0x00, 0x00, 0x00, 0x00,
    0x00, 0x00, 0x00, 0x00, 0x00, 0x00, 0x00, 0x00, 0x00, 0x00, 0x00, 0x00,
    0x00, 0x00, 0x00, 0x00, 0x00, 0x00, 0x00, 0x00, 0x00, 0x00, 0x00, 0x00,
    0x00, 0x00, 0x00, 0x00, 0x00, 0x00, 0x00, 0x00, 0x00, 0x00, 0x00, 0x00,
    0x00, 0x00, 0x00, 0x00, 0x00, 0x00, 0x00, 0x00, 0x00, 0x00, 0x00, 0x00,
    0x00, 0x00, 0x00, 0x00, 0x00, 0x00, 0x00, 0x00, 0x00, 0x00, 0x00, 0x00,
    0x00, 0x00, 0x00, 0x00, 0x00, 0x00, 0x00, 0x00, 0x00, 0x00, 0x00, 0x00,
    0x00, 0x00, 0x00, 0x00, 0x00, 0x00, 0x00, 0x00, 0x00, 0x00, 0x00, 0x00,
    0x00, 0x00, 0x00, 0x00, 0x00, 0x00, 0x00, 0x00, 0x00, 0x00, 0x00, 0x00,
    0x00, 0x00, 0x00, 0x00, 0x00, 0x00, 0x00, 0x00, 0x00, 0x00, 0x00, 0x00,
    0x00, 0x00, 0x00, 0x00, 0x00, 0x00, 0x00, 0x00, 0x00, 0x00, 0x00, 0x00,
    0x00, 0x00, 0x00, 0x00, 0x00, 0x00, 0x00, 0x00, 0x00, 0x00, 0x00, 0x00,
    0x00, 0x00, 0x00, 0x00, 0x00, 0x00, 0x00, 0x00, 0x00, 0x00, 0x00, 0x00,
    0x00, 0x00, 0x00, 0x00, 0x00, 0x00, 0x00, 0x00, 0x00, 0x00, 0x00, 0x00,
    0x00, 0x00, 0x00, 0x00, 0x00, 0x00, 0x00, 0x00, 0x00, 0x00, 0x00, 0x00,
    0x00, 0x00, 0x00, 0x00, 0x00, 0x00, 0x00, 0x00, 0x00, 0x00, 0x00, 0x00,
    0x00, 0x00, 0x00, 0x00, 0x00, 0x00, 0x00, 0x00, 0x00, 0x00, 0x00, 0x00,
    0x00, 0x00, 0x00, 0x00, 0x00, 0x00, 0x00, 0x00, 0x00, 0x00, 0x00, 0x00,
    0x00, 0x00, 0x00, 0x00, 0x00, 0x00, 0x00, 0x00, 0x00, 0x00, 0x00, 0x00,
    0x00, 0x00, 0x00, 0x00, 0x00, 0x00, 0x00, 0x00, 0x00, 0x00, 0x00, 0x00,
    0x00, 0x00, 0x00, 0x00, 0x00, 0x00, 0x00, 0x00, 0x00, 0x00, 0x00, 0x00,
    0x00, 0x00, 0x00, 0x00, 0x00, 0x00, 0x00, 0x00, 0x00, 0x00, 0x00, 0x00,
    0x00, 0x00, 0x00, 0x00, 0x00, 0x00, 0x00, 0x00, 0x00, 0x00, 0x00, 0x00,
    0x00, 0x00, 0x00, 0x00, 0x00, 0x00, 0x00, 0x00, 0x00, 0x00, 0x00, 0x00,
    0x00, 0x00, 0x00, 0x00, 0x00, 0x00, 0x00, 0x00, 0x00, 0x00, 0x00, 0x00,
    0x00, 0x00, 0x00, 0x00, 0x00, 0x00, 0x00, 0x00, 0x00, 0x00, 0x00, 0x00,
    0x00, 0x00, 0x00, 0x00, 0x00, 0x00, 0x00, 0x00, 0x00, 0x00, 0x00, 0x00,
    0x00, 0x00, 0x00, 0x00, 0x00, 0x00, 0x00, 0x00, 0x00, 0x00, 0x00, 0x00,
    0x00, 0x00, 0x00, 0x00, 0x00, 0x00, 0x00, 0x00, 0x00, 0x00, 0x00, 0x00,
    0x00, 0x00, 0x00, 0x00, 0x00, 0x00, 0x00, 0x00, 0x00, 0x00, 0x00, 0x00,
    0x00, 0x00, 0x00, 0x00, 0x00, 0x00, 0x00, 0x00, 0x00, 0x00, 0x00, 0x00,
    0x00, 0x00, 0x00, 0x00, 0x00, 0x00, 0x00, 0x00, 0x00, 0x00, 0x00, 0x00,
    0x00, 0x00, 0x00, 0x00, 0x00, 0x00, 0x00, 0x00, 0x00, 0x00, 0x00, 0x00,
    0x00, 0x00, 0x00, 0x00, 0x00, 0x00, 0x00, 0x00, 0x00, 0x00, 0x00, 0x00,
    0x00, 0x00, 0x00, 0x00, 0x00, 0x00, 0x00, 0x00, 0x00, 0x00, 0x00, 0x00,
    0x00, 0x00, 0x00, 0x00, 0x00, 0x00, 0x00, 0x00, 0x00, 0x00, 0x00, 0x00,
    0x00, 0x00, 0x00, 0x00, 0x00, 0x00, 0x00, 0x00, 0x00, 0x00, 0x00, 0x00,
    0x00, 0x00, 0x00, 0x00, 0x00, 0x00, 0x00, 0x00, 0x00, 0x00, 0x00, 0x00,
    0x00, 0x00, 0x00, 0x00, 0x00, 0x00, 0x00, 0x00, 0x00, 0x00, 0x00, 0x00,
    0x00, 0x00, 0x00, 0x00, 0x00, 0x00, 0x00, 0x00, 0x00, 0x00, 0x00, 0x00,
    0x00, 0x00, 0x00, 0x00, 0x00, 0x00, 0x00, 0x00, 0x00, 0x00, 0x00, 0x00,
    0x00, 0x00, 0x00, 0x00, 0x00, 0x00, 0x00, 0x00, 0x00, 0x00, 0x00, 0x00,
    0x00, 0x00, 0x00, 0x00, 0x00, 0x00, 0x00, 0x00, 0x00, 0x00, 0x00, 0x00,
    0x00, 0x00, 0x00, 0x00, 0x00, 0x00, 0x00, 0x00, 0x00, 0x00, 0x00, 0x00,
    0x00, 0x00, 0x00, 0x00, 0x00, 0x00, 0x00, 0x00, 0x00, 0x00, 0x00, 0x00,
    0x00, 0x00, 0x00, 0x00, 0x00, 0x00, 0x00, 0x00, 0x00, 0x00, 0x00, 0x00,
    0x00, 0x00, 0x00, 0x00, 0x00, 0x00, 0x00, 0x00, 0x00, 0x00, 0x00, 0x00,
    0x00, 0x00, 0x00, 0x00, 0x00, 0x00, 0x00, 0x00, 0x00, 0x00, 0x00, 0x00,
    0x00, 0x00, 0x00, 0x00, 0x00, 0x00, 0x00, 0x00, 0x00, 0x00, 0x00, 0x00,
    0x00, 0x00, 0x00, 0x00, 0x00, 0x00, 0x00, 0x00, 0x00, 0x00, 0x00, 0x00,
    0x00, 0x00, 0x00, 0x00, 0x00, 0x00, 0x00, 0x00, 0x00, 0x00, 0x00, 0x00,
    0x00, 0x00, 0x00, 0x00, 0x00, 0x00, 0x00, 0x00, 0x00, 0x00, 0x00, 0x00,
    0x00, 0x00, 0x00, 0x00, 0x00, 0x00, 0x00, 0x00, 0x00, 0x00, 0x00, 0x00,
    0x00, 0x00, 0x00, 0x00, 0x00, 0x00, 0x00, 0x00, 0x00, 0x00, 0x00, 0x00,
    0x00, 0x00, 0x00, 0x00, 0x00, 0x00, 0x00, 0x00, 0x00, 0x00, 0x00, 0x00,
    0x00, 0x00, 0x00, 0x00, 0x00, 0x00, 0x00, 0x00, 0x00, 0x00, 0x00, 0x00,
    0x00, 0x00, 0x00, 0x00, 0x00, 0x00, 0x00, 0x00, 0x00, 0x00, 0x00, 0x00,
    0x00, 0x00, 0x00, 0x00, 0x00, 0x00, 0x00, 0x00, 0x00, 0x00, 0x00, 0x00,
    0x00, 0x00, 0x00, 0x00, 0x00, 0x00, 0x00, 0x00, 0x00, 0x00, 0x00, 0x00,
    0x00, 0x00, 0x00, 0x00, 0x00, 0x00, 0x00, 0x00, 0x00, 0x00, 0x00, 0x00,
    0x00, 0x00, 0x00, 0x00, 0x00, 0x00, 0x00, 0x00, 0x00, 0x00, 0x00, 0x00,
    0x00, 0x00, 0x00, 0x00, 0x00, 0x00, 0x00, 0x00, 0x00, 0x00, 0x00, 0x00,
    0x00, 0x00, 0x00, 0x00, 0x00, 0x00, 0x00, 0x00, 0x00, 0x00, 0x00, 0x00,
    0x00, 0x00, 0x00, 0x00, 0x00, 0x00, 0x00, 0x00, 0x00, 0x00, 0x00, 0x00,
    0x00, 0x00, 0x00, 0x00, 0x00, 0x00, 0x00, 0x00, 0x00, 0x00, 0x00, 0x00,
    0x00, 0x00, 0x00, 0x00, 0x00, 0x00, 0x00, 0x00, 0x00, 0x00, 0x00, 0x00,
    0x00, 0x00, 0x00, 0x00, 0x00, 0x00, 0x00, 0x00, 0x00, 0x00, 0x00, 0x00,
    0x00, 0x00, 0x00, 0x00, 0x00, 0x00, 0x00, 0x00, 0x00, 0x00, 0x00, 0x00,
    0x00, 0x00, 0x00, 0x00, 0x00, 0x00, 0x00, 0x00, 0x00, 0x00, 0x00, 0x00,
    0x00, 0x00, 0x00, 0x00, 0x00, 0x00, 0x00, 0x00, 0x00, 0x00, 0x00, 0x00,
    0x00, 0x00, 0x00, 0x00, 0x00, 0x00, 0x00, 0x00, 0x00, 0x00, 0x00, 0x00,
    0x00, 0x00, 0x00, 0x00, 0x00, 0x00, 0x00, 0x00, 0x00, 0x00, 0x00, 0x00,
    0x00, 0x00, 0x00, 0x00, 0x00, 0x00, 0x00, 0x00, 0x00, 0x00, 0x00, 0x00,
    0x00, 0x00, 0x00, 0x00, 0x00, 0x00, 0x00, 0x00, 0x00, 0x00, 0x00, 0x00,
    0x00, 0x00, 0x00, 0x00, 0x00, 0x00, 0x00, 0x00, 0x00, 0x00, 0x00, 0x00,
    0x00, 0x00, 0x00, 0x00, 0x00, 0x00, 0x00, 0x00, 0x00, 0x00, 0x00, 0x00,
    0x00, 0x00, 0x00, 0x00, 0x00, 0x00, 0x00, 0x00, 0x00, 0x00, 0x00, 0x00,
    0x00, 0x00, 0x00, 0x00, 0x00, 0x00, 0x00, 0x00, 0x00, 0x00, 0x00, 0x00,
    0x00, 0x00, 0x00, 0x00, 0x00, 0x00, 0x00, 0x00, 0x00, 0x00, 0x00, 0x00,
    0x00, 0x00, 0x00, 0x00, 0x00, 0x00, 0x00, 0x00, 0x00, 0x00, 0x00, 0x00,
    0x00, 0x00, 0x00, 0x00, 0x00, 0x00, 0x00, 0x00, 0x00, 0x00, 0x00, 0x00,
    0x00, 0x00, 0x00, 0x00, 0x00, 0x00, 0x00, 0x00, 0x00, 0x00, 0x00, 0x00,
    0x00, 0x00, 0x00, 0x00, 0x00, 0x00, 0x00, 0x00, 0x00, 0x00, 0x00, 0x00,
    0x00, 0x00, 0x00, 0x00, 0x00, 0x00, 0x00, 0x00, 0x00, 0x00, 0x00, 0x00,
    0x00, 0x00, 0x00, 0x00, 0x00, 0x00, 0x00, 0x00, 0x00, 0x00, 0x00, 0x00,
    0x00, 0x00, 0x00, 0x00, 0x00, 0x00, 0x00, 0x00, 0x00, 0x00, 0x00, 0x00,
    0x00, 0x00, 0x00, 0x00, 0x00, 0x00, 0x00, 0x00, 0x00, 0x00, 0x00, 0x00,
    0x00, 0x00, 0x00, 0x00, 0x00, 0x00, 0x00, 0x00, 0x00, 0x00, 0x00, 0x00,
    0x00, 0x00, 0x00, 0x00, 0x00, 0x00, 0x00, 0x00, 0x00, 0x00, 0x00, 0x00,
    0x00, 0x00, 0x00, 0x00, 0x00, 0x00, 0x00, 0x00, 0x00, 0x00, 0x00, 0x00,
    0x00, 0x00, 0x00, 0x00, 0x00, 0x00, 0x00, 0x00, 0x00, 0x00, 0x00, 0x00,
    0x00, 0x00, 0x00, 0x00, 0x00, 0x00, 0x00, 0x00, 0x00, 0x00, 0x00, 0x00,
    0x00, 0x00, 0x00, 0x00, 0x00, 0x00, 0x00, 0x00, 0x00, 0x00, 0x00, 0x00,
    0x00, 0x00, 0x00, 0x00, 0x00, 0x00, 0x00, 0x00, 0x00, 0x00, 0x00, 0x00,
    0x00, 0x00, 0x00, 0x00, 0x00, 0x00, 0x00, 0x00, 0x00, 0x00, 0x00, 0x00,
    0x00, 0x00, 0x00, 0x00, 0x00, 0x00, 0x00, 0x00, 0x00, 0x00, 0x00, 0x00,
    0x00, 0x00, 0x00, 0x00, 0x00, 0x00, 0x00, 0x00, 0x00, 0x00, 0x00, 0x00,
    0x00, 0x00, 0x00, 0x00, 0x00, 0x00, 0x00, 0x00, 0x00, 0x00, 0x00, 0x00,
    0x00, 0x00, 0x00, 0x00, 0x00, 0x00, 0x00, 0x00, 0x00, 0x00, 0x00, 0x00,
    0x00, 0x00, 0x00, 0x00, 0x00, 0x00, 0x00, 0x00, 0x00, 0x00, 0x00, 0x00,
    0x00, 0x00, 0x00, 0x00, 0x00, 0x00, 0x00, 0x00, 0x00, 0x00, 0x00, 0x00,
    0x00, 0x00, 0x00, 0x00, 0x00, 0x00, 0x00, 0x00, 0x00, 0x00, 0x00, 0x00,
    0x00, 0x00, 0x00, 0x00, 0x00, 0x00, 0x00, 0x00, 0x00, 0x00, 0x00, 0x00,
    0x00, 0x00, 0x00, 0x00, 0x00, 0x00, 0x00, 0x00, 0x00, 0x00, 0x00, 0x00,
    0x00, 0x00, 0x00, 0x00, 0x00, 0x00, 0x00, 0x00, 0x00, 0x00, 0x00, 0x00,
    0x00, 0x00, 0x00, 0x00, 0x00, 0x00, 0x00, 0x00, 0x00, 0x00, 0x00, 0x00,
    0x00, 0x00, 0x00, 0x00, 0x00, 0x00, 0x00, 0x00, 0x00, 0x00, 0x00, 0x00,
    0x00, 0x00, 0x00, 0x00, 0x00, 0x00, 0x00, 0x00, 0x00, 0x00, 0x00, 0x00,
    0x00, 0x00, 0x00, 0x00, 0x00, 0x00, 0x00, 0x00, 0x00, 0x00, 0x00, 0x00,
    0x00, 0x00, 0x00, 0x00, 0x00, 0x00, 0x00, 0x00, 0x00, 0x00, 0x00, 0x00,
    0x00, 0x00, 0x00, 0x00, 0x00, 0x00, 0x00, 0x00, 0x00, 0x00, 0x00, 0x00,
    0x00, 0x00, 0x00, 0x00, 0x00, 0x00, 0x00, 0x00, 0x00, 0x00, 0x00, 0x00,
    0x00, 0x00, 0x00, 0x00, 0x00, 0x00, 0x00, 0x00, 0x00, 0x00, 0x00, 0x00,
    0x00, 0x00, 0x00, 0x00, 0x00, 0x00, 0x00, 0x00, 0x00, 0x00, 0x00, 0x00,
    0x00, 0x00, 0x00, 0x00, 0x00, 0x00, 0x00, 0x00, 0x00, 0x00, 0x00, 0x00,
    0x00, 0x00, 0x00, 0x00, 0x00, 0x00, 0x00, 0x00, 0x00, 0x00, 0x00, 0x00,
    0x00, 0x00, 0x00, 0x00, 0x00, 0x00, 0x00, 0x00, 0x00, 0x00, 0x00, 0x00,
    0x00, 0x00, 0x00, 0x00, 0x00, 0x00, 0x00, 0x00, 0x00, 0x00, 0x00, 0x00,
    0x00, 0x00, 0x00, 0x00, 0x00, 0x00, 0x00, 0x00, 0x00, 0x00, 0x00, 0x00,
    0x00, 0x00, 0x00, 0x00, 0x00, 0x00, 0x00, 0x00, 0x00, 0x00, 0x00, 0x00,
    0x00, 0x00, 0x00, 0x00, 0x00, 0x00, 0x00, 0x00, 0x00, 0x00, 0x00, 0x00,
    0x00, 0x00, 0x00, 0x00, 0x00, 0x00, 0x00, 0x00, 0x00, 0x00, 0x00, 0x00,
    0x00, 0x00, 0x00, 0x00, 0x00, 0x00, 0x00, 0x00, 0x00, 0x00, 0x00, 0x00,
    0x00, 0x00, 0x00, 0x00, 0x00, 0x00, 0x00, 0x00, 0x00, 0x00, 0x00, 0x00,
    0x00, 0x00, 0x00, 0x00, 0x00, 0x00, 0x00, 0x00, 0x00, 0x00, 0x00, 0x00,
    0x00, 0x00, 0x00, 0x00, 0x00, 0x00, 0x00, 0x00, 0x00, 0x00, 0x00, 0x00,
    0x00, 0x00, 0x00, 0x00, 0x00, 0x00, 0x00, 0x00, 0x00, 0x00, 0x00, 0x00,
    0x00, 0x00, 0x00, 0x00, 0x00, 0x00, 0x00, 0x00, 0x00, 0x00, 0x00, 0x00,
    0x00, 0x00, 0x00, 0x00, 0x00, 0x00, 0x00, 0x00, 0x00, 0x00, 0x00, 0x00,
    0x00, 0x00, 0x00, 0x00, 0x00, 0x00, 0x00, 0x00, 0x00, 0x00, 0x00, 0x00,
    0x00, 0x00, 0x00, 0x00, 0x00, 0x00, 0x00, 0x00, 0x00, 0x00, 0x00, 0x00,
    0x00, 0x00, 0x00, 0x00, 0x00, 0x00, 0x00, 0x00, 0x00, 0x00, 0x00, 0x00,
    0x00, 0x00, 0x00, 0x00, 0x00, 0x00, 0x00, 0x00, 0x00, 0x00, 0x00, 0x00,
    0x00, 0x00, 0x00, 0x00, 0x00, 0x00, 0x00, 0x00, 0x00, 0x00, 0x00, 0x00,
    0x00, 0x00, 0x00, 0x00, 0x00, 0x00, 0x00, 0x00, 0x00, 0x00, 0x00, 0x00,
    0x00, 0x00, 0x00, 0x00, 0x00, 0x00, 0x00, 0x00, 0x00, 0x00, 0x00, 0x00,
    0x00, 0x00, 0x00, 0x00, 0x00, 0x00, 0x00, 0x00, 0x00, 0x00, 0x00, 0x00,
    0x00, 0x00, 0x00, 0x00, 0x00, 0x00, 0x00, 0x00, 0x00, 0x00, 0x00, 0x00,
    0x00, 0x00, 0x00, 0x00, 0x00, 0x00, 0x00, 0x00, 0x00, 0x00, 0x00, 0x00,
    0x00, 0x00, 0x00, 0x00, 0x00, 0x00, 0x00, 0x00, 0x00, 0x00, 0x00, 0x00,
    0x00, 0x00, 0x00, 0x00, 0x00, 0x00, 0x00, 0x00, 0x00, 0x00, 0x00, 0x00,
    0x00, 0x00, 0x00, 0x00, 0x00, 0x00, 0x00, 0x00, 0x00, 0x00, 0x00, 0x00,
    0x00, 0x00, 0x00, 0x00, 0x00, 0x00, 0x00, 0x00, 0x00, 0x00, 0x00, 0x00,
    0x00, 0x00, 0x00, 0x00, 0x00, 0x00, 0x00, 0x00, 0x00, 0x00, 0x00, 0x00,
    0x00, 0x00, 0x00, 0x00, 0x00, 0x00, 0x00, 0x00, 0x00, 0x00, 0x00, 0x00,
    0x00, 0x00, 0x00, 0x00, 0x00, 0x00, 0x00, 0x00, 0x00, 0x00, 0x00, 0x00,
    0x00, 0x00, 0x00, 0x00, 0x00, 0x00, 0x00, 0x00, 0x00, 0x00, 0x00, 0x00,
    0x00, 0x00, 0x00, 0x00, 0x00, 0x00, 0x00, 0x00, 0x00, 0x00, 0x00, 0x00,
    0x00, 0x00, 0x00, 0x00, 0x00, 0x00, 0x00, 0x00, 0x00, 0x00, 0x00, 0x00,
    0x00, 0x00, 0x00, 0x00, 0x00, 0x00, 0x00, 0x00, 0x00, 0x00, 0x00, 0x00,
    0x00, 0x00, 0x00, 0x00, 0x00, 0x00, 0x00, 0x00, 0x00, 0x00, 0x00, 0x00,
    0x00, 0x00, 0x00, 0x00, 0x00, 0x00, 0x00, 0x00, 0x00, 0x00, 0x00, 0x00,
    0x00, 0x00, 0x00, 0x00, 0x00, 0x00, 0x00, 0x00, 0x00, 0x00, 0x00, 0x00,
    0x00, 0x00, 0x00, 0x00, 0x00, 0x00, 0x00, 0x00, 0x00, 0x00, 0x00, 0x00,
    0x00, 0x00, 0x00, 0x00, 0x00, 0x00, 0x00, 0x00, 0x00, 0x00, 0x00, 0x00,
    0x00, 0x00, 0x00, 0x00, 0x00, 0x00, 0x00, 0x00, 0x00, 0x00, 0x00, 0x00,
    0x00, 0x00, 0x00, 0x00, 0x00, 0x00, 0x00, 0x00, 0x00, 0x00, 0x00, 0x00,
    0x00, 0x00, 0x00, 0x00, 0x00, 0x00, 0x00, 0x00, 0x00, 0x00, 0x00, 0x00,
    0x00, 0x00, 0x00, 0x00, 0x00, 0x00, 0x00, 0x00, 0x00, 0x00, 0x00, 0x00,
    0x00, 0x00, 0x00, 0x00, 0x00, 0x00, 0x00, 0x00, 0x00, 0x00, 0x00, 0x00,
    0x00, 0x00, 0x00, 0x00, 0x00, 0x00, 0x00, 0x00, 0x00, 0x00, 0x00, 0x00,
    0x00, 0x00, 0x00, 0x00, 0x00, 0x00, 0x00, 0x00, 0x00, 0x00, 0x00, 0x00,
    0x00, 0x00, 0x00, 0x00, 0x00, 0x00, 0x00, 0x00, 0x00, 0x00, 0x00, 0x00,
    0x00, 0x00, 0x00, 0x00, 0x00, 0x00, 0x00, 0x00, 0x00, 0x00, 0x00, 0x00,
    0x00, 0x00, 0x00, 0x00, 0x00, 0x00, 0x00, 0x00, 0x00, 0x00, 0x00, 0x00,
    0x00, 0x00, 0x00, 0x00, 0x00, 0x00, 0x00, 0x00, 0x00, 0x00, 0x00, 0x00,
    0x00, 0x00, 0x00, 0x00, 0x00, 0x00, 0x00, 0x00, 0x00, 0x00, 0x00, 0x00,
    0x00, 0x00, 0x00, 0x00, 0x00, 0x00, 0x00, 0x00, 0x00, 0x00, 0x00, 0x00,
    0x00, 0x00, 0x00, 0x00, 0x00, 0x00, 0x00, 0x00, 0x00, 0x00, 0x00, 0x00,
    0x00, 0x00, 0x00, 0x00, 0x00, 0x00, 0x00, 0x00, 0x00, 0x00, 0x00, 0x00,
    0x00, 0x00, 0x00, 0x00, 0x00, 0x00, 0x00, 0x00, 0x00, 0x00, 0x00, 0x00,
    0x00, 0x00, 0x00, 0x00, 0x00, 0x00, 0x00, 0x00, 0x00, 0x00, 0x00, 0x00,
    0x00, 0x00, 0x00, 0x00, 0x00, 0x00, 0x00, 0x00, 0x00, 0x00, 0x00, 0x00,
    0x00, 0x00, 0x00, 0x00, 0x00, 0x00, 0x00, 0x00, 0x00, 0x00, 0x00, 0x00,
    0x00, 0x00, 0x00, 0x00, 0x00, 0x00, 0x00, 0x00, 0x00, 0x00, 0x00, 0x00,
    0x00, 0x00, 0x00, 0x00, 0x00, 0x00, 0x00, 0x00, 0x00, 0x00, 0x00, 0x00,
    0x00, 0x00, 0x00, 0x00, 0x00, 0x00, 0x00, 0x00, 0x00, 0x00, 0x00, 0x00,
    0x00, 0x00, 0x00, 0x00, 0x00, 0x00, 0x00, 0x00, 0x00, 0x00, 0x00, 0x00,
    0x00, 0x00, 0x00, 0x00, 0x00, 0x00, 0x00, 0x00, 0x00, 0x00, 0x00, 0x00,
    0x00, 0x00, 0x00, 0x00, 0x00, 0x00, 0x00, 0x00, 0x00, 0x00, 0x00, 0x00,
    0x00, 0x00, 0x00, 0x00, 0x00, 0x00, 0x00, 0x00, 0x00, 0x00, 0x00, 0x00,
    0x00, 0x00, 0x00, 0x00, 0x00, 0x00, 0x00, 0x00, 0x00, 0x00, 0x00, 0x00,
    0x00, 0x00, 0x00, 0x00, 0x00, 0x00, 0x00, 0x00, 0x00, 0x00, 0x00, 0x00,
    0x00, 0x00, 0x00, 0x00, 0x00, 0x00, 0x00, 0x00, 0x00, 0x00, 0x00, 0x00,
    0x00, 0x00, 0x00, 0x00, 0x00, 0x00, 0x00, 0x00, 0x00, 0x00, 0x00, 0x00,
    0x00, 0x00, 0x00, 0x00, 0x00, 0x00, 0x00, 0x00, 0x00, 0x00, 0x00, 0x00,
    0x00, 0x00, 0x00, 0x00, 0x00, 0x00, 0x00, 0x00, 0x00, 0x00, 0x00, 0x00,
    0x00, 0x00, 0x00, 0x00, 0x00, 0x00, 0x00, 0x00, 0x00, 0x00, 0x00, 0x00,
    0x00, 0x00, 0x00, 0x00, 0x00, 0x00, 0x00, 0x00, 0x00, 0x00, 0x00, 0x00,
    0x00, 0x00, 0x00, 0x00, 0x00, 0x00, 0x00, 0x00, 0x00, 0x00, 0x00, 0x00,
    0x00, 0x00, 0x00, 0x00, 0x00, 0x00, 0x00, 0x00, 0x00, 0x00, 0x00, 0x00,
    0x00, 0x00, 0x00, 0x00, 0x00, 0x00, 0x00, 0x00, 0x00, 0x00, 0x00, 0x00,
    0x00, 0x00, 0x00, 0x00, 0x00, 0x00, 0x00, 0x00, 0x00, 0x00, 0x00, 0x00,
    0x00, 0x00, 0x00, 0x00, 0x00, 0x00, 0x00, 0x00, 0x00, 0x00, 0x00, 0x00,
    0x00, 0x00, 0x00, 0x00, 0x00, 0x00, 0x00, 0x00, 0x00, 0x00, 0x00, 0x00,
    0x00, 0x00, 0x00, 0x00, 0x00, 0x00, 0x00, 0x00, 0x00, 0x00, 0x00, 0x00,
    0x00, 0x00, 0x00, 0x00, 0x00, 0x00, 0x00, 0x00, 0x00, 0x00, 0x00, 0x00,
    0x00, 0x00, 0x00, 0x00, 0x00, 0x00, 0x00, 0x00, 0x00, 0x00, 0x00, 0x00,
    0x00, 0x00, 0x00, 0x00, 0x00, 0x00, 0x00, 0x00, 0x00, 0x00, 0x00, 0x00,
    0x00, 0x00, 0x00, 0x00, 0x00, 0x00, 0x00, 0x00, 0x00, 0x00, 0x00, 0x00,
    0x00, 0x00, 0x00, 0x00, 0x00, 0x00, 0x00, 0x00, 0x00, 0x00, 0x00, 0x00,
    0x00, 0x00, 0x00, 0x00, 0x00, 0x00, 0x00, 0x00, 0x00, 0x00, 0x00, 0x00,
    0x00, 0x00, 0x00, 0x00, 0x00, 0x00, 0x00, 0x00, 0x00, 0x00, 0x00, 0x00,
    0x00, 0x00, 0x00, 0x00, 0x00, 0x00, 0x00, 0x00, 0x00, 0x00, 0x00, 0x00,
    0x00, 0x00, 0x00, 0x00, 0x00, 0x00, 0x00, 0x00, 0x00, 0x00, 0x00, 0x00,
    0x00, 0x00, 0x00, 0x00, 0x00, 0x00, 0x00, 0x00, 0x00, 0x00, 0x00, 0x00,
    0x00, 0x00, 0x00, 0x00, 0x00, 0x00, 0x00, 0x00, 0x00, 0x00, 0x00, 0x00,
    0x00, 0x00, 0x00, 0x00, 0x00, 0x00, 0x00, 0x00, 0x00, 0x00, 0x00, 0x00,
    0x00, 0x00, 0x00, 0x00, 0x00, 0x00, 0x00, 0x00, 0x00, 0x00, 0x00, 0x00,
    0x00, 0x00, 0x00, 0x00, 0x00, 0x00, 0x00, 0x00, 0x00, 0x00, 0x00, 0x00,
    0x00, 0x00, 0x00, 0x00, 0x00, 0x00, 0x00, 0x00, 0x00, 0x00, 0x00, 0x00,
    0x00, 0x00, 0x00, 0x00, 0x00, 0x00, 0x00, 0x00, 0x00, 0x00, 0x00, 0x00,
    0x00, 0x00, 0x00, 0x00, 0x00, 0x00, 0x00, 0x00, 0x00, 0x00, 0x00, 0x00,
    0x00, 0x00, 0x00, 0x00, 0x00, 0x00, 0x00, 0x00, 0x00, 0x00, 0x00, 0x00,
    0x00, 0x00, 0x00, 0x00, 0x00, 0x00, 0x00, 0x00, 0x00, 0x00, 0x00, 0x00,
    0x00, 0x00, 0x00, 0x00, 0x00, 0x00, 0x00, 0x00, 0x00, 0x00, 0x00, 0x00,
    0x00, 0x00, 0x00, 0x00, 0x00, 0x00, 0x00, 0x00, 0x00, 0x00, 0x00, 0x00,
    0x00, 0x00, 0x00, 0x00, 0x00, 0x00, 0x00, 0x00, 0x00, 0x00, 0x00, 0x00,
    0x00, 0x00, 0x00, 0x00, 0x00, 0x00, 0x00, 0x00, 0x00, 0x00, 0x00, 0x00,
    0x00, 0x00, 0x00, 0x00, 0x00, 0x00, 0x00, 0x00, 0x00, 0x00, 0x00, 0x00,
    0x00, 0x00, 0x00, 0x00, 0x00, 0x00, 0x00, 0x00, 0x00, 0x00, 0x00, 0x00,
    0x00, 0x00, 0x00, 0x00, 0x00, 0x00, 0x00, 0x00, 0x00, 0x00, 0x00, 0x00,
    0x00, 0x00, 0x00, 0x00, 0x00, 0x00, 0x00, 0x00, 0x00, 0x00, 0x00, 0x00,
    0x00, 0x00, 0x00, 0x00, 0x00, 0x00, 0x00, 0x00, 0x00, 0x00, 0x00, 0x00,
    0x00, 0x00, 0x00, 0x00, 0x00, 0x00, 0x00, 0x00, 0x00, 0x00, 0x00, 0x00,
    0x00, 0x00, 0x00, 0x00, 0x00, 0x00, 0x00, 0x00, 0x00, 0x00, 0x00, 0x00,
    0x00, 0x00, 0x00, 0x00, 0x00, 0x00, 0x00, 0x00, 0x00, 0x00, 0x00, 0x00,
    0x00, 0x00, 0x00, 0x00, 0x00, 0x00, 0x00, 0x00, 0x00, 0x00, 0x00, 0x00,
    0x00, 0x00, 0x00, 0x00, 0x00, 0x00, 0x00, 0x00, 0x00, 0x00, 0x00, 0x00,
    0x00, 0x00, 0x00, 0x00, 0x00, 0x00, 0x00, 0x00, 0x00, 0x00, 0x00, 0x00,
    0x00, 0x00, 0x00, 0x00, 0x00, 0x00, 0x00, 0x00, 0x00, 0x00, 0x00, 0x00,
    0x00, 0x00, 0x00, 0x00, 0x00, 0x00, 0x00, 0x00, 0x00, 0x00, 0x00, 0x00,
    0x00, 0x00, 0x00, 0x00, 0x00, 0x00, 0x00, 0x00, 0x00, 0x00, 0x00, 0x00,
    0x00, 0x00, 0x00, 0x00, 0x00, 0x00, 0x00, 0x00, 0x00, 0x00, 0x00, 0x00,
    0x00, 0x00, 0x00, 0x00, 0x00, 0x00, 0x00, 0x00, 0x00, 0x00, 0x00, 0x00,
    0x00, 0x00, 0x00, 0x00, 0x00, 0x00, 0x00, 0x00, 0x00, 0x00, 0x00, 0x00,
    0x00, 0x00, 0x00, 0x00, 0x00, 0x00, 0x00, 0x00, 0x00, 0x00, 0x00, 0x00,
    0x00, 0x00, 0x00, 0x00, 0x00, 0x00, 0x00, 0x00, 0x00, 0x00, 0x00, 0x00,
    0x00, 0x00, 0x00, 0x00, 0x00, 0x00, 0x00, 0x00, 0x00, 0x00, 0x00, 0x00,
    0x00, 0x00, 0x00, 0x00, 0x00, 0x00, 0x00, 0x00, 0x00, 0x00, 0x00, 0x00,
    0x00, 0x00, 0x00, 0x00, 0x00, 0x00, 0x00, 0x00, 0x00, 0x00, 0x00, 0x00,
    0x00, 0x00, 0x00, 0x00, 0x00, 0x00, 0x00, 0x00, 0x00, 0x00, 0x00, 0x00,
    0x00, 0x00, 0x00, 0x00, 0x00, 0x00, 0x00, 0x00, 0x00, 0x00, 0x00, 0x00,
    0x00, 0x00, 0x00, 0x00, 0x00, 0x00, 0x00, 0x00, 0x00, 0x00, 0x00, 0x00,
    0x00, 0x00, 0x00, 0x00, 0x00, 0x00, 0x00, 0x00, 0x00, 0x00, 0x00, 0x00,
    0x00, 0x00, 0x00, 0x00, 0x00, 0x00, 0x00, 0x00, 0x00, 0x00, 0x00, 0x00,
    0x00, 0x00, 0x00, 0x00, 0x00, 0x00, 0x00, 0x00, 0x00, 0x00, 0x00, 0x00,
    0x00, 0x00, 0x00, 0x00, 0x00, 0x00, 0x00, 0x00, 0x00, 0x00, 0x00, 0x00,
    0x00, 0x00, 0x00, 0x00, 0x00, 0x00, 0x00, 0x00, 0x00, 0x00, 0x00, 0x00,
    0x00, 0x00, 0x00, 0x00, 0x00, 0x00, 0x00, 0x00, 0x00, 0x00, 0x00, 0x00,
    0x00, 0x00, 0x00, 0x00, 0x00, 0x00, 0x00, 0x00, 0x00, 0x00, 0x00, 0x00,
    0x00, 0x00, 0x00, 0x00, 0x00, 0x00, 0x00, 0x00, 0x00, 0x00, 0x00, 0x00,
    0x00, 0x00, 0x00, 0x00, 0x00, 0x00, 0x00, 0x00, 0x00, 0x00, 0x00, 0x00,
    0x00, 0x00, 0x00, 0x00, 0x00, 0x00, 0x00, 0x00, 0x00, 0x00, 0x00, 0x00,
    0x00, 0x00, 0x00, 0x00, 0x00, 0x00, 0x00, 0x00, 0x00, 0x00, 0x00, 0x00,
    0x00, 0x00, 0x00, 0x00, 0x00, 0x00, 0x00, 0x00, 0x00, 0x00, 0x00, 0x00,
    0x00, 0x00, 0x00, 0x00, 0x00, 0x00, 0x00, 0x00, 0x00, 0x00, 0x00, 0x00,
    0x00, 0x00, 0x00, 0x00, 0x00, 0x00, 0x00, 0x00, 0x00, 0x00, 0x00, 0x00,
    0x00, 0x00, 0x00, 0x00, 0x00, 0x00, 0x00, 0x00, 0x00, 0x00, 0x00, 0x00,
    0x00, 0x00, 0x00, 0x00, 0x00, 0x00, 0x00, 0x00, 0x00, 0x00, 0x00, 0x00,
    0x00, 0x00, 0x00, 0x00, 0x00, 0x00, 0x00, 0x00, 0x00, 0x00, 0x00, 0x00,
    0x00, 0x00, 0x00, 0x00, 0x00, 0x00, 0x00, 0x00, 0x00, 0x00, 0x00, 0x00,
    0x00, 0x00, 0x00, 0x00, 0x00, 0x00, 0x00, 0x00, 0x00, 0x00, 0x00, 0x00,
    0x00, 0x00, 0x00, 0x00, 0x00, 0x00, 0x00, 0x00, 0x00, 0x00, 0x00, 0x00,
    0x00, 0x00, 0x00, 0x00, 0x00, 0x00, 0x00, 0x00, 0x00, 0x00, 0x00, 0x00,
    0x00, 0x00, 0x00, 0x00, 0x00, 0x00, 0x00, 0x00, 0x00, 0x00, 0x00, 0x00,
    0x00, 0x00, 0x00, 0x00, 0x00, 0x00, 0x00, 0x00, 0x00, 0x00, 0x00, 0x00,
    0x00, 0x00, 0x00, 0x00, 0x00, 0x00, 0x00, 0x00, 0x00, 0x00, 0x00, 0x00,
    0x00, 0x00, 0x00, 0x00, 0x00, 0x00, 0x00, 0x00, 0x00, 0x00, 0x00, 0x00,
    0x00, 0x00, 0x00, 0x00, 0x00, 0x00, 0x00, 0x00, 0x00, 0x00, 0x00, 0x00,
    0x00, 0x00, 0x00, 0x00, 0x00, 0x00, 0x00, 0x00, 0x00, 0x00, 0x00, 0x00,
    0x00, 0x00, 0x00, 0x00, 0x00, 0x00, 0x00, 0x00, 0x00, 0x00, 0x00, 0x00,
    0x00, 0x00, 0x00, 0x00, 0x00, 0x00, 0x00, 0x00, 0x00, 0x00, 0x00, 0x00,
    0x00, 0x00, 0x00, 0x00, 0x00, 0x00, 0x00, 0x00, 0x00, 0x00, 0x00, 0x00,
    0x00, 0x00, 0x00, 0x00, 0x00, 0x00, 0x00, 0x00, 0x00, 0x00, 0x00, 0x00,
    0x00, 0x00, 0x00, 0x00, 0x00, 0x00, 0x00, 0x00, 0x00, 0x00, 0x00, 0x00,
    0x00, 0x00, 0x00, 0x00, 0x00, 0x00, 0x00, 0x00, 0x00, 0x00, 0x00, 0x00,
    0x00, 0x00, 0x00, 0x00, 0x00, 0x00, 0x00, 0x00, 0x00, 0x00, 0x00, 0x00,
    0x00, 0x00, 0x00, 0x00, 0x00, 0x00, 0x00, 0x00, 0x00, 0x00, 0x00, 0x00,
    0x00, 0x00, 0x00, 0x00, 0x50, 0x50, 0x50, 0x82, 0x50, 0x50, 0x50, 0xdf,
    0x50, 0x50, 0x50, 0x82, 0x00, 0x00, 0x00, 0x00, 0x00, 0x00, 0x00, 0x00,
    0x00, 0x00, 0x00, 0x00, 0x00, 0x00, 0x00, 0x00, 0x00, 0x00, 0x00, 0x00,
    0x00, 0x00, 0x00, 0x00, 0x00, 0x00, 0x00, 0x00, 0x00, 0x00, 0x00, 0x00,
    0x00, 0x00, 0x00, 0x00, 0x00, 0x00, 0x00, 0x00, 0x00, 0x00, 0x00, 0x00,
    0x00, 0x00, 0x00, 0x00, 0x00, 0x00, 0x00, 0x00, 0x00, 0x00, 0x00, 0x00,
    0x50, 0x50, 0x50, 0x9e, 0x50, 0x50, 0x50, 0xc3, 0x50, 0x50, 0x50, 0x82,
    0x00, 0x00, 0x00, 0x00, 0x00, 0x00, 0x00, 0x00, 0x00, 0x00, 0x00, 0x00,
    0x00, 0x00, 0x00, 0x00, 0x00, 0x00, 0x00, 0x00, 0x00, 0x00, 0x00, 0x00,
    0x00, 0x00, 0x00, 0x00, 0x00, 0x00, 0x00, 0x00, 0x00, 0x00, 0x00, 0x00,
    0x00, 0x00, 0x00, 0x00, 0x00, 0x00, 0x00, 0x00, 0x00, 0x00, 0x00, 0x00,
    0x00, 0x00, 0x00, 0x00, 0x00, 0x00, 0x00, 0x00, 0x50, 0x50, 0x50, 0x41,
    0x50, 0x50, 0x50, 0x61, 0x50, 0x50, 0x50, 0x20, 0x00, 0x00, 0x00, 0x00,
    0x00, 0x00, 0x00, 0x00, 0x00, 0x00, 0x00, 0x00, 0x00, 0x00, 0x00, 0x00,
    0x00, 0x00, 0x00, 0x00, 0x00, 0x00, 0x00, 0x00, 0x00, 0x00, 0x00, 0x00,
    0x00, 0x00, 0x00, 0x00, 0x00, 0x00, 0x00, 0x00, 0x00, 0x00, 0x00, 0x00,
    0x00, 0x00, 0x00, 0x00, 0x00, 0x00, 0x00, 0x00, 0x00, 0x00, 0x00, 0x00,
    0x00, 0x00, 0x00, 0x00, 0x00, 0x00, 0x00, 0x00, 0x00, 0x00, 0x00, 0x00,
    0x00, 0x00, 0x00, 0x00, 0x00, 0x00, 0x00, 0x00, 0x00, 0x00, 0x00, 0x00,
    0x00, 0x00, 0x00, 0x00, 0x00, 0x00, 0x00, 0x00, 0x00, 0x00, 0x00, 0x00,
    0x00, 0x00, 0x00, 0x00, 0x00, 0x00, 0x00, 0x00, 0x00, 0x00, 0x00, 0x00,
    0x00, 0x00, 0x00, 0x00, 0x00, 0x00, 0x00, 0x00, 0x00, 0x00, 0x00, 0x00,
    0x00, 0x00, 0x00, 0x00, 0x00, 0x00, 0x00, 0x00, 0x00, 0x00, 0x00, 0x00,
    0x00, 0x00, 0x00, 0x00, 0x00, 0x00, 0x00, 0x00, 0x00, 0x00, 0x00, 0x00,
    0x00, 0x00, 0x00, 0x00, 0x00, 0x00, 0x00, 0x00, 0x00, 0x00, 0x00, 0x00,
    0x00, 0x00, 0x00, 0x00, 0x00, 0x00, 0x00, 0x00, 0x00, 0x00, 0x00, 0x00,
    0x00, 0x00, 0x00, 0x00, 0x00, 0x00, 0x00, 0x00, 0x00, 0x00, 0x00, 0x00,
    0x00, 0x00, 0x00, 0x00, 0x00, 0x00, 0x00, 0x00, 0x00, 0x00, 0x00, 0x00,
    0x00, 0x00, 0x00, 0x00, 0x00, 0x00, 0x00, 0x00, 0x00, 0x00, 0x00, 0x00,
    0x00, 0x00, 0x00, 0x00, 0x00, 0x00, 0x00, 0x00, 0x00, 0x00, 0x00, 0x00,
    0x00, 0x00, 0x00, 0x00, 0x00, 0x00, 0x00, 0x00, 0x00, 0x00, 0x00, 0x00,
    0x00, 0x00, 0x00, 0x00, 0x00, 0x00, 0x00, 0x00, 0x00, 0x00, 0x00, 0x00,
    0x00, 0x00, 0x00, 0x00, 0x00, 0x00, 0x00, 0x00, 0x00, 0x00, 0x00, 0x00,
    0x00, 0x00, 0x00, 0x00, 0x00, 0x00, 0x00, 0x00, 0x50, 0x54, 0x50, 0xff,
    0x50, 0x50, 0x50, 0xff, 0x50, 0x50, 0x50, 0xff, 0x50, 0x50, 0x50, 0x7d,
    0x00, 0x00, 0x00, 0x00, 0x00, 0x00, 0x00, 0x00, 0x00, 0x00, 0x00, 0x00,
    0x00, 0x00, 0x00, 0x00, 0x00, 0x00, 0x00, 0x00, 0x00, 0x00, 0x00, 0x00,
    0x00, 0x00, 0x00, 0x00, 0x00, 0x00, 0x00, 0x00, 0x00, 0x00, 0x00, 0x00,
    0x00, 0x00, 0x00, 0x00, 0x00, 0x00, 0x00, 0x00, 0x00, 0x00, 0x00, 0x00,
    0x50, 0x50, 0x50, 0x82, 0x58, 0x50, 0x58, 0xff, 0x50, 0x54, 0x50, 0xff,
    0x50, 0x50, 0x50, 0xff, 0x50, 0x50, 0x50, 0x7d, 0x00, 0x00, 0x00, 0x00,
    0x00, 0x00, 0x00, 0x00, 0x00, 0x00, 0x00, 0x00, 0x00, 0x00, 0x00, 0x00,
    0x00, 0x00, 0x00, 0x00, 0x00, 0x00, 0x00, 0x00, 0x00, 0x00, 0x00, 0x00,
    0x00, 0x00, 0x00, 0x00, 0x00, 0x00, 0x00, 0x00, 0x00, 0x00, 0x00, 0x00,
    0x00, 0x00, 0x00, 0x00, 0x00, 0x00, 0x00, 0x00, 0x50, 0x50, 0x50, 0x41,
    0x50, 0x50, 0x50, 0xff, 0x50, 0x50, 0x50, 0xff, 0x58, 0x50, 0x58, 0xdf,
    0x50, 0x50, 0x50, 0x82, 0x00, 0x00, 0x00, 0x00, 0x00, 0x00, 0x00, 0x00,
    0x00, 0x00, 0x00, 0x00, 0x00, 0x00, 0x00, 0x00, 0x00, 0x00, 0x00, 0x00,
    0x00, 0x00, 0x00, 0x00, 0x00, 0x00, 0x00, 0x00, 0x00, 0x00, 0x00, 0x00,
    0x00, 0x00, 0x00, 0x00, 0x00, 0x00, 0x00, 0x00, 0x00, 0x00, 0x00, 0x00,
    0x00, 0x00, 0x00, 0x00, 0x00, 0x00, 0x00, 0x00, 0x00, 0x00, 0x00, 0x00,
    0x00, 0x00, 0x00, 0x00, 0x00, 0x00, 0x00, 0x00, 0x00, 0x00, 0x00, 0x00,
    0x00, 0x00, 0x00, 0x00, 0x00, 0x00, 0x00, 0x00, 0x00, 0x00, 0x00, 0x00,
    0x00, 0x00, 0x00, 0x00, 0x00, 0x00, 0x00, 0x00, 0x00, 0x00, 0x00, 0x00,
    0x00, 0x00, 0x00, 0x00, 0x00, 0x00, 0x00, 0x00, 0x00, 0x00, 0x00, 0x00,
    0x00, 0x00, 0x00, 0x00, 0x00, 0x00, 0x00, 0x00, 0x00, 0x00, 0x00, 0x00,
    0x00, 0x00, 0x00, 0x00, 0x00, 0x00, 0x00, 0x00, 0x00, 0x00, 0x00, 0x00,
    0x00, 0x00, 0x00, 0x00, 0x00, 0x00, 0x00, 0x00, 0x00, 0x00, 0x00, 0x00,
    0x00, 0x00, 0x00, 0x00, 0x00, 0x00, 0x00, 0x00, 0x00, 0x00, 0x00, 0x00,
    0x00, 0x00, 0x00, 0x00, 0x00, 0x00, 0x00, 0x00, 0x00, 0x00, 0x00, 0x00,
    0x00, 0x00, 0x00, 0x00, 0x00, 0x00, 0x00, 0x00, 0x00, 0x00, 0x00, 0x00,
    0x00, 0x00, 0x00, 0x00, 0x00, 0x00, 0x00, 0x00, 0x00, 0x00, 0x00, 0x00,
    0x00, 0x00, 0x00, 0x00, 0x00, 0x00, 0x00, 0x00, 0x00, 0x00, 0x00, 0x00,
    0x00, 0x00, 0x00, 0x00, 0x00, 0x00, 0x00, 0x00, 0x00, 0x00, 0x00, 0x00,
    0x00, 0x00, 0x00, 0x00, 0x00, 0x00, 0x00, 0x00, 0x00, 0x00, 0x00, 0x00,
    0x00, 0x00, 0x00, 0x00, 0x00, 0x00, 0x00, 0x00, 0x00, 0x00, 0x00, 0x00,
    0x00, 0x00, 0x00, 0x00, 0x00, 0x00, 0x00, 0x00, 0x50, 0x50, 0x50, 0x41,
    0x50, 0x50, 0x50, 0xff, 0x58, 0x54, 0x58, 0xff, 0x50, 0x50, 0x50, 0xff,
    0x50, 0x50, 0x50, 0xff, 0x50, 0x50, 0x50, 0x82, 0x00, 0x00, 0x00, 0x00,
    0x00, 0x00, 0x00, 0x00, 0x00, 0x00, 0x00, 0x00, 0x00, 0x00, 0x00, 0x00,
    0x00, 0x00, 0x00, 0x00, 0x00, 0x00, 0x00, 0x00, 0x00, 0x00, 0x00, 0x00,
    0x00, 0x00, 0x00, 0x00, 0x00, 0x00, 0x00, 0x00, 0x00, 0x00, 0x00, 0x00,
    0x00, 0x00, 0x00, 0x00, 0x50, 0x50, 0x50, 0x82, 0x50, 0x50, 0x50, 0xff,
    0x50, 0x50, 0x50, 0xff, 0x50, 0x50, 0x50, 0xff, 0x58, 0x50, 0x58, 0xff,
    0x50, 0x50, 0x50, 0x82, 0x00, 0x00, 0x00, 0x00, 0x00, 0x00, 0x00, 0x00,
    0x00, 0x00, 0x00, 0x00, 0x00, 0x00, 0x00, 0x00, 0x00, 0x00, 0x00, 0x00,
    0x00, 0x00, 0x00, 0x00, 0x00, 0x00, 0x00, 0x00, 0x00, 0x00, 0x00, 0x00,
    0x00, 0x00, 0x00, 0x00, 0x00, 0x00, 0x00, 0x00, 0x00, 0x00, 0x00, 0x00,
    0x50, 0x50, 0x50, 0x61, 0x50, 0x54, 0x50, 0xff, 0x50, 0x50, 0x50, 0xff,
    0x50, 0x54, 0x50, 0xff, 0x50, 0x50, 0x50, 0xdf, 0x50, 0x50, 0x50, 0x61,
    0x00, 0x00, 0x00, 0x00, 0x00, 0x00, 0x00, 0x00, 0x00, 0x00, 0x00, 0x00,
    0x00, 0x00, 0x00, 0x00, 0x00, 0x00, 0x00, 0x00, 0x00, 0x00, 0x00, 0x00,
    0x00, 0x00, 0x00, 0x00, 0x00, 0x00, 0x00, 0x00, 0x00, 0x00, 0x00, 0x00,
    0x00, 0x00, 0x00, 0x00, 0x00, 0x00, 0x00, 0x00, 0x00, 0x00, 0x00, 0x00,
    0x00, 0x00, 0x00, 0x00, 0x00, 0x00, 0x00, 0x00, 0x00, 0x00, 0x00, 0x00,
    0x00, 0x00, 0x00, 0x00, 0x00, 0x00, 0x00, 0x00, 0x00, 0x00, 0x00, 0x00,
    0x00, 0x00, 0x00, 0x00, 0x00, 0x00, 0x00, 0x00, 0x00, 0x00, 0x00, 0x00,
    0x00, 0x00, 0x00, 0x00, 0x00, 0x00, 0x00, 0x00, 0x00, 0x00, 0x00, 0x00,
    0x00, 0x00, 0x00, 0x00, 0x00, 0x00, 0x00, 0x00, 0x00, 0x00, 0x00, 0x00,
    0x00, 0x00, 0x00, 0x00, 0x00, 0x00, 0x00, 0x00, 0x00, 0x00, 0x00, 0x00,
    0x00, 0x00, 0x00, 0x00, 0x00, 0x00, 0x00, 0x00, 0x00, 0x00, 0x00, 0x00,
    0x00, 0x00, 0x00, 0x00, 0x00, 0x00, 0x00, 0x00, 0x00, 0x00, 0x00, 0x00,
    0x00, 0x00, 0x00, 0x00, 0x00, 0x00, 0x00, 0x00, 0x00, 0x00, 0x00, 0x00,
    0x00, 0x00, 0x00, 0x00, 0x00, 0x00, 0x00, 0x00, 0x00, 0x00, 0x00, 0x00,
    0x00, 0x00, 0x00, 0x00, 0x00, 0x00, 0x00, 0x00, 0x00, 0x00, 0x00, 0x00,
    0x00, 0x00, 0x00, 0x00, 0x00, 0x00, 0x00, 0x00, 0x00, 0x00, 0x00, 0x00,
    0x00, 0x00, 0x00, 0x00, 0x00, 0x00, 0x00, 0x00, 0x00, 0x00, 0x00, 0x00,
    0x00, 0x00, 0x00, 0x00, 0x00, 0x00, 0x00, 0x00, 0x00, 0x00, 0x00, 0x00,
    0x00, 0x00, 0x00, 0x00, 0x00, 0x00, 0x00, 0x00, 0x00, 0x00, 0x00, 0x00,
    0x00, 0x00, 0x00, 0x00, 0x00, 0x00, 0x00, 0x00, 0x00, 0x00, 0x00, 0x00,
    0x50, 0x50, 0x50, 0x20, 0x50, 0x50, 0x50, 0xdf, 0x50, 0x50, 0x50, 0xff,
    0x50, 0x54, 0x50, 0xff, 0x50, 0x50, 0x50, 0xff, 0x58, 0x54, 0x58, 0xdf,
    0x50, 0x50, 0x50, 0x41, 0x00, 0x00, 0x00, 0x00, 0x00, 0x00, 0x00, 0x00,
    0x00, 0x00, 0x00, 0x00, 0x00, 0x00, 0x00, 0x00, 0x00, 0x00, 0x00, 0x00,
    0x00, 0x00, 0x00, 0x00, 0x00, 0x00, 0x00, 0x00, 0x00, 0x00, 0x00, 0x00,
    0x00, 0x00, 0x00, 0x00, 0x00, 0x00, 0x00, 0x00, 0x50, 0x50, 0x50, 0x41,
    0x50, 0x54, 0x50, 0xff, 0x50, 0x50, 0x50, 0xff, 0x50, 0x54, 0x50, 0xff,
    0x50, 0x50, 0x50, 0xff, 0x50, 0x50, 0x50, 0xdf, 0x50, 0x50, 0x50, 0x41,
    0x00, 0x00, 0x00, 0x00, 0x00, 0x00, 0x00, 0x00, 0x00, 0x00, 0x00, 0x00,
    0x00, 0x00, 0x00, 0x00, 0x00, 0x00, 0x00, 0x00, 0x00, 0x00, 0x00, 0x00,
    0x00, 0x00, 0x00, 0x00, 0x00, 0x00, 0x00, 0x00, 0x00, 0x00, 0x00, 0x00,
    0x00, 0x00, 0x00, 0x00, 0x50, 0x50, 0x50, 0x61, 0x58, 0x50, 0x58, 0xff,
    0x50, 0x50, 0x50, 0xff, 0x50, 0x50, 0x50, 0xff, 0x50, 0x54, 0x50, 0xff,
    0x50, 0x50, 0x50, 0xdf, 0x50, 0x50, 0x50, 0x20, 0x00, 0x00, 0x00, 0x00,
    0x00, 0x00, 0x00, 0x00, 0x00, 0x00, 0x00, 0x00, 0x00, 0x00, 0x00, 0x00,
    0x00, 0x00, 0x00, 0x00, 0x00, 0x00, 0x00, 0x00, 0x00, 0x00, 0x00, 0x00,
    0x00, 0x00, 0x00, 0x00, 0x00, 0x00, 0x00, 0x00, 0x00, 0x00, 0x00, 0x00,
    0x00, 0x00, 0x00, 0x00, 0x00, 0x00, 0x00, 0x00, 0x00, 0x00, 0x00, 0x00,
    0x00, 0x00, 0x00, 0x00, 0x00, 0x00, 0x00, 0x00, 0x00, 0x00, 0x00, 0x00,
    0x00, 0x00, 0x00, 0x00, 0x00, 0x00, 0x00, 0x00, 0x00, 0x00, 0x00, 0x00,
    0x00, 0x00, 0x00, 0x00, 0x00, 0x00, 0x00, 0x00, 0x00, 0x00, 0x00, 0x00,
    0x00, 0x00, 0x00, 0x00, 0x00, 0x00, 0x00, 0x00, 0x00, 0x00, 0x00, 0x00,
    0x00, 0x00, 0x00, 0x00, 0x00, 0x00, 0x00, 0x00, 0x00, 0x00, 0x00, 0x00,
    0x00, 0x00, 0x00, 0x00, 0x00, 0x00, 0x00, 0x00, 0x00, 0x00, 0x00, 0x00,
    0x00, 0x00, 0x00, 0x00, 0x00, 0x00, 0x00, 0x00, 0x00, 0x00, 0x00, 0x00,
    0x00, 0x00, 0x00, 0x00, 0x00, 0x00, 0x00, 0x00, 0x00, 0x00, 0x00, 0x00,
    0x00, 0x00, 0x00, 0x00, 0x00, 0x00, 0x00, 0x00, 0x00, 0x00, 0x00, 0x00,
    0x00, 0x00, 0x00, 0x00, 0x00, 0x00, 0x00, 0x00, 0x00, 0x00, 0x00, 0x00,
    0x00, 0x00, 0x00, 0x00, 0x00, 0x00, 0x00, 0x00, 0x00, 0x00, 0x00, 0x00,
    0x00, 0x00, 0x00, 0x00, 0x00, 0x00, 0x00, 0x00, 0x00, 0x00, 0x00, 0x00,
    0x00, 0x00, 0x00, 0x00, 0x00, 0x00, 0x00, 0x00, 0x00, 0x00, 0x00, 0x00,
    0x00, 0x00, 0x00, 0x00, 0x00, 0x00, 0x00, 0x00, 0x00, 0x00, 0x00, 0x00,
    0x00, 0x00, 0x00, 0x00, 0x00, 0x00, 0x00, 0x00, 0x00, 0x00, 0x00, 0x00,
    0x00, 0x00, 0x00, 0x00, 0x00, 0x00, 0x00, 0x00, 0x50, 0x50, 0x50, 0x61,
    0x50, 0x50, 0x50, 0xff, 0x50, 0x50, 0x50, 0xff, 0x50, 0x50, 0x50, 0xff,
    0x50, 0x50, 0x50, 0xff, 0x50, 0x50, 0x50, 0xbe, 0x00, 0x00, 0x00, 0x00,
    0x00, 0x00, 0x00, 0x00, 0x00, 0x00, 0x00, 0x00, 0x00, 0x00, 0x00, 0x00,
    0x00, 0x00, 0x00, 0x00, 0x00, 0x00, 0x00, 0x00, 0x00, 0x00, 0x00, 0x00,
    0x00, 0x00, 0x00, 0x00, 0x00, 0x00, 0x00, 0x00, 0x00, 0x00, 0x00, 0x00,
    0x00, 0x00, 0x00, 0x00, 0x50, 0x50, 0x50, 0x7d, 0x50, 0x50, 0x50, 0xff,
    0x50, 0x50, 0x50, 0xff, 0x50, 0x54, 0x50, 0xff, 0x50, 0x50, 0x50, 0xff,
    0x50, 0x50, 0x50, 0xdf, 0x00, 0x00, 0x00, 0x00, 0x00, 0x00, 0x00, 0x00,
    0x00, 0x00, 0x00, 0x00, 0x00, 0x00, 0x00, 0x00, 0x00, 0x00, 0x00, 0x00,
    0x00, 0x00, 0x00, 0x00, 0x00, 0x00, 0x00, 0x00, 0x00, 0x00, 0x00, 0x00,
    0x00, 0x00, 0x00, 0x00, 0x00, 0x00, 0x00, 0x00, 0x50, 0x50, 0x50, 0x20,
    0x50, 0x50, 0x50, 0xbe, 0x50, 0x50, 0x50, 0xff, 0x50, 0x50, 0x50, 0xff,
    0x58, 0x50, 0x58, 0xff, 0x50, 0x50, 0x50, 0xff, 0x50, 0x50, 0x50, 0xbe,
    0x00, 0x00, 0x00, 0x00, 0x00, 0x00, 0x00, 0x00, 0x00, 0x00, 0x00, 0x00,
    0x00, 0x00, 0x00, 0x00, 0x00, 0x00, 0x00, 0x00, 0x00, 0x00, 0x00, 0x00,
    0x00, 0x00, 0x00, 0x00, 0x00, 0x00, 0x00, 0x00, 0x00, 0x00, 0x00, 0x00,
    0x00, 0x00, 0x00, 0x00, 0x00, 0x00, 0x00, 0x00, 0x00, 0x00, 0x00, 0x00,
    0x00, 0x00, 0x00, 0x00, 0x00, 0x00, 0x00, 0x00, 0x00, 0x00, 0x00, 0x00,
    0x00, 0x00, 0x00, 0x00, 0x00, 0x00, 0x00, 0x00, 0x00, 0x00, 0x00, 0x00,
    0x00, 0x00, 0x00, 0x00, 0x00, 0x00, 0x00, 0x00, 0x00, 0x00, 0x00, 0x00,
    0x00, 0x00, 0x00, 0x00, 0x00, 0x00, 0x00, 0x00, 0x00, 0x00, 0x00, 0x00,
    0x00, 0x00, 0x00, 0x00, 0x00, 0x00, 0x00, 0x00, 0x00, 0x00, 0x00, 0x00,
    0x00, 0x00, 0x00, 0x00, 0x00, 0x00, 0x00, 0x00, 0x00, 0x00, 0x00, 0x00,
    0x00, 0x00, 0x00, 0x00, 0x00, 0x00, 0x00, 0x00, 0x00, 0x00, 0x00, 0x00,
    0x00, 0x00, 0x00, 0x00, 0x00, 0x00, 0x00, 0x00, 0x00, 0x00, 0x00, 0x00,
    0x00, 0x00, 0x00, 0x00, 0x00, 0x00, 0x00, 0x00, 0x00, 0x00, 0x00, 0x00,
    0x00, 0x00, 0x00, 0x00, 0x00, 0x00, 0x00, 0x00, 0x00, 0x00, 0x00, 0x00,
    0x00, 0x00, 0x00, 0x00, 0x00, 0x00, 0x00, 0x00, 0x00, 0x00, 0x00, 0x00,
    0x00, 0x00, 0x00, 0x00, 0x00, 0x00, 0x00, 0x00, 0x00, 0x00, 0x00, 0x00,
    0x00, 0x00, 0x00, 0x00, 0x00, 0x00, 0x00, 0x00, 0x00, 0x00, 0x00, 0x00,
    0x00, 0x00, 0x00, 0x00, 0x00, 0x00, 0x00, 0x00, 0x00, 0x00, 0x00, 0x00,
    0x00, 0x00, 0x00, 0x00, 0x00, 0x00, 0x00, 0x00, 0x00, 0x00, 0x00, 0x00,
    0x00, 0x00, 0x00, 0x00, 0x00, 0x00, 0x00, 0x00, 0x00, 0x00, 0x00, 0x00,
    0x00, 0x00, 0x00, 0x00, 0x50, 0x50, 0x50, 0x9e, 0x58, 0x54, 0x58, 0xff,
    0x50, 0x50, 0x50, 0xff, 0x50, 0x50, 0x50, 0xff, 0x50, 0x54, 0x50, 0xff,
    0x50, 0x50, 0x50, 0x41, 0x00, 0x00, 0x00, 0x00, 0x00, 0x00, 0x00, 0x00,
    0x00, 0x00, 0x00, 0x00, 0x00, 0x00, 0x00, 0x00, 0x00, 0x00, 0x00, 0x00,
    0x00, 0x00, 0x00, 0x00, 0x00, 0x00, 0x00, 0x00, 0x00, 0x00, 0x00, 0x00,
    0x00, 0x00, 0x00, 0x00, 0x00, 0x00, 0x00, 0x00, 0x50, 0x50, 0x50, 0x20,
    0x58, 0x50, 0x58, 0xbe, 0x50, 0x50, 0x50, 0xff, 0x50, 0x54, 0x50, 0xff,
    0x58, 0x50, 0x58, 0xff, 0x50, 0x50, 0x50, 0xff, 0x50, 0x50, 0x50, 0x41,
    0x00, 0x00, 0x00, 0x00, 0x00, 0x00, 0x00, 0x00, 0x00, 0x00, 0x00, 0x00,
    0x00, 0x00, 0x00, 0x00, 0x00, 0x00, 0x00, 0x00, 0x00, 0x00, 0x00, 0x00,
    0x00, 0x00, 0x00, 0x00, 0x00, 0x00, 0x00, 0x00, 0x00, 0x00, 0x00, 0x00,
    0x00, 0x00, 0x00, 0x00, 0x50, 0x50, 0x50, 0x20, 0x50, 0x54, 0x50, 0xff,
    0x50, 0x54, 0x50, 0xff, 0x50, 0x50, 0x50, 0xff, 0x50, 0x54, 0x50, 0xff,
    0x50, 0x50, 0x50, 0xff, 0x50, 0x50, 0x50, 0x41, 0x00, 0x00, 0x00, 0x00,
    0x00, 0x00, 0x00, 0x00, 0x00, 0x00, 0x00, 0x00, 0x00, 0x00, 0x00, 0x00,
    0x00, 0x00, 0x00, 0x00, 0x00, 0x00, 0x00, 0x00, 0x00, 0x00, 0x00, 0x00,
    0x00, 0x00, 0x00, 0x00, 0x00, 0x00, 0x00, 0x00, 0x00, 0x00, 0x00, 0x00,
    0x00, 0x00, 0x00, 0x00, 0x00, 0x00, 0x00, 0x00, 0x00, 0x00, 0x00, 0x00,
    0x00, 0x00, 0x00, 0x00, 0x00, 0x00, 0x00, 0x00, 0x00, 0x00, 0x00, 0x00,
    0x00, 0x00, 0x00, 0x00, 0x00, 0x00, 0x00, 0x00, 0x00, 0x00, 0x00, 0x00,
    0x00, 0x00, 0x00, 0x00, 0x00, 0x00, 0x00, 0x00, 0x00, 0x00, 0x00, 0x00,
    0x00, 0x00, 0x00, 0x00, 0x00, 0x00, 0x00, 0x00, 0x00, 0x00, 0x00, 0x00,
    0x00, 0x00, 0x00, 0x00, 0x00, 0x00, 0x00, 0x00, 0x00, 0x00, 0x00, 0x00,
    0x00, 0x00, 0x00, 0x00, 0x00, 0x00, 0x00, 0x00, 0x00, 0x00, 0x00, 0x00,
    0x00, 0x00, 0x00, 0x00, 0x00, 0x00, 0x00, 0x00, 0x00, 0x00, 0x00, 0x00,
    0x00, 0x00, 0x00, 0x00, 0x00, 0x00, 0x00, 0x00, 0x00, 0x00, 0x00, 0x00,
    0x00, 0x00, 0x00, 0x00, 0x00, 0x00, 0x00, 0x00, 0x00, 0x00, 0x00, 0x00,
    0x00, 0x00, 0x00, 0x00, 0x00, 0x00, 0x00, 0x00, 0x00, 0x00, 0x00, 0x00,
    0x00, 0x00, 0x00, 0x00, 0x00, 0x00, 0x00, 0x00, 0x00, 0x00, 0x00, 0x00,
    0x00, 0x00, 0x00, 0x00, 0x00, 0x00, 0x00, 0x00, 0x00, 0x00, 0x00, 0x00,
    0x00, 0x00, 0x00, 0x00, 0x00, 0x00, 0x00, 0x00, 0x00, 0x00, 0x00, 0x00,
    0x00, 0x00, 0x00, 0x00, 0x00, 0x00, 0x00, 0x00, 0x00, 0x00, 0x00, 0x00,
    0x00, 0x00, 0x00, 0x00, 0x00, 0x00, 0x00, 0x00, 0x00, 0x00, 0x00, 0x00,
    0x00, 0x00, 0x00, 0x00, 0x00, 0x00, 0x00, 0x00, 0x50, 0x50, 0x50, 0x20,
    0x50, 0x50, 0x50, 0xdf, 0x50, 0x50, 0x50, 0xff, 0x50, 0x54, 0x50, 0xff,
    0x50, 0x50, 0x50, 0xff, 0x50, 0x50, 0x50, 0x9e, 0x00, 0x00, 0x00, 0x00,
    0x00, 0x00, 0x00, 0x00, 0x00, 0x00, 0x00, 0x00, 0x00, 0x00, 0x00, 0x00,
    0x00, 0x00, 0x00, 0x00, 0x00, 0x00, 0x00, 0x00, 0x00, 0x00, 0x00, 0x00,
    0x00, 0x00, 0x00, 0x00, 0x00, 0x00, 0x00, 0x00, 0x00, 0x00, 0x00, 0x00,
    0x00, 0x00, 0x00, 0x00, 0x50, 0x50, 0x50, 0x20, 0x50, 0x50, 0x50, 0xff,
    0x50, 0x50, 0x50, 0xff, 0x50, 0x54, 0x50, 0xff, 0x50, 0x50, 0x50, 0xff,
    0x50, 0x54, 0x50, 0xbe, 0x00, 0x00, 0x00, 0x00, 0x00, 0x00, 0x00, 0x00,
    0x00, 0x00, 0x00, 0x00, 0x00, 0x00, 0x00, 0x00, 0x00, 0x00, 0x00, 0x00,
    0x00, 0x00, 0x00, 0x00, 0x00, 0x00, 0x00, 0x00, 0x00, 0x00, 0x00, 0x00,
    0x00, 0x00, 0x00, 0x00, 0x00, 0x00, 0x00, 0x00, 0x00, 0x00, 0x00, 0x00,
    0x50, 0x50, 0x50, 0x61, 0x50, 0x50, 0x50, 0xff, 0x50, 0x50, 0x50, 0xff,
    0x50, 0x50, 0x50, 0xff, 0x58, 0x54, 0x58, 0xff, 0x50, 0x50, 0x50, 0xbe,
    0x00, 0x00, 0x00, 0x00, 0x00, 0x00, 0x00, 0x00, 0x00, 0x00, 0x00, 0x00,
    0x00, 0x00, 0x00, 0x00, 0x00, 0x00, 0x00, 0x00, 0x00, 0x00, 0x00, 0x00,
    0x00, 0x00, 0x00, 0x00, 0x00, 0x00, 0x00, 0x00, 0x00, 0x00, 0x00, 0x00,
    0x00, 0x00, 0x00, 0x00, 0x00, 0x00, 0x00, 0x00, 0x00, 0x00, 0x00, 0x00,
    0x00, 0x00, 0x00, 0x00, 0x00, 0x00, 0x00, 0x00, 0x00, 0x00, 0x00, 0x00,
    0x00, 0x00, 0x00, 0x00, 0x00, 0x00, 0x00, 0x00, 0x00, 0x00, 0x00, 0x00,
    0x00, 0x00, 0x00, 0x00, 0x00, 0x00, 0x00, 0x00, 0x00, 0x00, 0x00, 0x00,
    0x00, 0x00, 0x00, 0x00, 0x00, 0x00, 0x00, 0x00, 0x00, 0x00, 0x00, 0x00,
    0x00, 0x00, 0x00, 0x00, 0x00, 0x00, 0x00, 0x00, 0x00, 0x00, 0x00, 0x00,
    0x00, 0x00, 0x00, 0x00, 0x00, 0x00, 0x00, 0x00, 0x00, 0x00, 0x00, 0x00,
    0x00, 0x00, 0x00, 0x00, 0x00, 0x00, 0x00, 0x00, 0x00, 0x00, 0x00, 0x00,
    0x00, 0x00, 0x00, 0x00, 0x00, 0x00, 0x00, 0x00, 0x00, 0x00, 0x00, 0x00,
    0x00, 0x00, 0x00, 0x00, 0x00, 0x00, 0x00, 0x00, 0x00, 0x00, 0x00, 0x00,
    0x00, 0x00, 0x00, 0x00, 0x00, 0x00, 0x00, 0x00, 0x00, 0x00, 0x00, 0x00,
    0x00, 0x00, 0x00, 0x00, 0x00, 0x00, 0x00, 0x00, 0x00, 0x00, 0x00, 0x00,
    0x00, 0x00, 0x00, 0x00, 0x00, 0x00, 0x00, 0x00, 0x00, 0x00, 0x00, 0x00,
    0x00, 0x00, 0x00, 0x00, 0x00, 0x00, 0x00, 0x00, 0x00, 0x00, 0x00, 0x00,
    0x00, 0x00, 0x00, 0x00, 0x00, 0x00, 0x00, 0x00, 0x00, 0x00, 0x00, 0x00,
    0x00, 0x00, 0x00, 0x00, 0x00, 0x00, 0x00, 0x00, 0x00, 0x00, 0x00, 0x00,
    0x00, 0x00, 0x00, 0x00, 0x00, 0x00, 0x00, 0x00, 0x00, 0x00, 0x00, 0x00,
    0x00, 0x00, 0x00, 0x00, 0x50, 0x50, 0x50, 0x61, 0x50, 0x50, 0x50, 0xff,
    0x50, 0x50, 0x50, 0xff, 0x58, 0x50, 0x58, 0xff, 0x50, 0x50, 0x50, 0xdf,
    0x00, 0x00, 0x00, 0x00, 0x00, 0x00, 0x00, 0x00, 0x00, 0x00, 0x00, 0x00,
    0x00, 0x00, 0x00, 0x00, 0x00, 0x00, 0x00, 0x00, 0x00, 0x00, 0x00, 0x00,
    0x00, 0x00, 0x00, 0x00, 0x00, 0x00, 0x00, 0x00, 0x00, 0x00, 0x00, 0x00,
    0x00, 0x00, 0x00, 0x00, 0x00, 0x00, 0x00, 0x00, 0x00, 0x00, 0x00, 0x00,
    0x50, 0x50, 0x50, 0x82, 0x50, 0x50, 0x50, 0xff, 0x50, 0x50, 0x50, 0xff,
    0x50, 0x50, 0x50, 0xff, 0x58, 0x50, 0x58, 0xdf, 0x00, 0x00, 0x00, 0x00,
    0x00, 0x00, 0x00, 0x00, 0x00, 0x00, 0x00, 0x00, 0x00, 0x00, 0x00, 0x00,
    0x00, 0x00, 0x00, 0x00, 0x00, 0x00, 0x00, 0x00, 0x00, 0x00, 0x00, 0x00,
    0x00, 0x00, 0x00, 0x00, 0x00, 0x00, 0x00, 0x00, 0x00, 0x00, 0x00, 0x00,
    0x00, 0x00, 0x00, 0x00, 0x00, 0x00, 0x00, 0x00, 0x50, 0x50, 0x50, 0xbe,
    0x50, 0x50, 0x50, 0xff, 0x50, 0x50, 0x50, 0xff, 0x50, 0x50, 0x50, 0xff,
    0x50, 0x54, 0x50, 0xdf, 0x00, 0x00, 0x00, 0x00, 0x00, 0x00, 0x00, 0x00,
    0x00, 0x00, 0x00, 0x00, 0x00, 0x00, 0x00, 0x00, 0x00, 0x00, 0x00, 0x00,
    0x00, 0x00, 0x00, 0x00, 0x00, 0x00, 0x00, 0x00, 0x00, 0x00, 0x00, 0x00,
    0x00, 0x00, 0x00, 0x00, 0x00, 0x00, 0x00, 0x00, 0x00, 0x00, 0x00, 0x00,
    0x00, 0x00, 0x00, 0x00, 0x00, 0x00, 0x00, 0x00, 0x00, 0x00, 0x00, 0x00,
    0x00, 0x00, 0x00, 0x00, 0x00, 0x00, 0x00, 0x00, 0x00, 0x00, 0x00, 0x00,
    0x00, 0x00, 0x00, 0x00, 0x00, 0x00, 0x00, 0x00, 0x00, 0x00, 0x00, 0x00,
    0x00, 0x00, 0x00, 0x00, 0x00, 0x00, 0x00, 0x00, 0x00, 0x00, 0x00, 0x00,
    0x00, 0x00, 0x00, 0x00, 0x00, 0x00, 0x00, 0x00, 0x00, 0x00, 0x00, 0x00,
    0x00, 0x00, 0x00, 0x00, 0x00, 0x00, 0x00, 0x00, 0x00, 0x00, 0x00, 0x00,
    0x00, 0x00, 0x00, 0x00, 0x00, 0x00, 0x00, 0x00, 0x00, 0x00, 0x00, 0x00,
    0x00, 0x00, 0x00, 0x00, 0x00, 0x00, 0x00, 0x00, 0x00, 0x00, 0x00, 0x00,
    0x00, 0x00, 0x00, 0x00, 0x00, 0x00, 0x00, 0x00, 0x00, 0x00, 0x00, 0x00,
    0x00, 0x00, 0x00, 0x00, 0x00, 0x00, 0x00, 0x00, 0x00, 0x00, 0x00, 0x00,
    0x00, 0x00, 0x00, 0x00, 0x00, 0x00, 0x00, 0x00, 0x00, 0x00, 0x00, 0x00,
    0x00, 0x00, 0x00, 0x00, 0x00, 0x00, 0x00, 0x00, 0x00, 0x00, 0x00, 0x00,
    0x00, 0x00, 0x00, 0x00, 0x00, 0x00, 0x00, 0x00, 0x00, 0x00, 0x00, 0x00,
    0x00, 0x00, 0x00, 0x00, 0x00, 0x00, 0x00, 0x00, 0x00, 0x00, 0x00, 0x00,
    0x00, 0x00, 0x00, 0x00, 0x00, 0x00, 0x00, 0x00, 0x00, 0x00, 0x00, 0x00,
    0x00, 0x00, 0x00, 0x00, 0x00, 0x00, 0x00, 0x00, 0x00, 0x00, 0x00, 0x00,
    0x00, 0x00, 0x00, 0x00, 0x00, 0x00, 0x00, 0x00, 0x50, 0x50, 0x50, 0x20,
    0x50, 0x54, 0x50, 0xff, 0x50, 0x50, 0x50, 0xff, 0x50, 0x50, 0x50, 0xff,
    0x50, 0x54, 0x50, 0xff, 0x50, 0x50, 0x50, 0x41, 0x00, 0x00, 0x00, 0x00,
    0x00, 0x00, 0x00, 0x00, 0x00, 0x00, 0x00, 0x00, 0x00, 0x00, 0x00, 0x00,
    0x00, 0x00, 0x00, 0x00, 0x00, 0x00, 0x00, 0x00, 0x00, 0x00, 0x00, 0x00,
    0x00, 0x00, 0x00, 0x00, 0x00, 0x00, 0x00, 0x00, 0x00, 0x00, 0x00, 0x00,
    0x00, 0x00, 0x00, 0x00, 0x50, 0x50, 0x50, 0x20, 0x50, 0x54, 0x50, 0xff,
    0x50, 0x50, 0x50, 0xff, 0x50, 0x50, 0x50, 0xff, 0x50, 0x54, 0x50, 0xff,
    0x50, 0x50, 0x50, 0x41, 0x00, 0x00, 0x00, 0x00, 0x00, 0x00, 0x00, 0x00,
    0x00, 0x00, 0x00, 0x00, 0x00, 0x00, 0x00, 0x00, 0x00, 0x00, 0x00, 0x00,
    0x00, 0x00, 0x00, 0x00, 0x00, 0x00, 0x00, 0x00, 0x00, 0x00, 0x00, 0x00,
    0x00, 0x00, 0x00, 0x00, 0x00, 0x00, 0x00, 0x00, 0x00, 0x00, 0x00, 0x00,
    0x50, 0x50, 0x50, 0x61, 0x58, 0x54, 0x58, 0xff, 0x50, 0x50, 0x50, 0xff,
    0x50, 0x50, 0x50, 0xff, 0x50, 0x50, 0x50, 0xff, 0x50, 0x50, 0x50, 0x41,
    0x00, 0x00, 0x00, 0x00, 0x00, 0x00, 0x00, 0x00, 0x00, 0x00, 0x00, 0x00,
    0x00, 0x00, 0x00, 0x00, 0x00, 0x00, 0x00, 0x00, 0x00, 0x00, 0x00, 0x00,
    0x00, 0x00, 0x00, 0x00, 0x00, 0x00, 0x00, 0x00, 0x00, 0x00, 0x00, 0x00,
    0x00, 0x00, 0x00, 0x00, 0x00, 0x00, 0x00, 0x00, 0x00, 0x00, 0x00, 0x00,
    0x00, 0x00, 0x00, 0x00, 0x00, 0x00, 0x00, 0x00, 0x00, 0x00, 0x00, 0x00,
    0x00, 0x00, 0x00, 0x00, 0x00, 0x00, 0x00, 0x00, 0x00, 0x00, 0x00, 0x00,
    0x00, 0x00, 0x00, 0x00, 0x00, 0x00, 0x00, 0x00, 0x00, 0x00, 0x00, 0x00,
    0x00, 0x00, 0x00, 0x00, 0x00, 0x00, 0x00, 0x00, 0x00, 0x00, 0x00, 0x00,
    0x00, 0x00, 0x00, 0x00, 0x00, 0x00, 0x00, 0x00, 0x00, 0x00, 0x00, 0x00,
    0x00, 0x00, 0x00, 0x00, 0x00, 0x00, 0x00, 0x00, 0x00, 0x00, 0x00, 0x00,
    0x00, 0x00, 0x00, 0x00, 0x00, 0x00, 0x00, 0x00, 0x00, 0x00, 0x00, 0x00,
    0x00, 0x00, 0x00, 0x00, 0x00, 0x00, 0x00, 0x00, 0x00, 0x00, 0x00, 0x00,
    0x00, 0x00, 0x00, 0x00, 0x00, 0x00, 0x00, 0x00, 0x00, 0x00, 0x00, 0x00,
    0x00, 0x00, 0x00, 0x00, 0x00, 0x00, 0x00, 0x00, 0x00, 0x00, 0x00, 0x00,
    0x00, 0x00, 0x00, 0x00, 0x00, 0x00, 0x00, 0x00, 0x00, 0x00, 0x00, 0x00,
    0x00, 0x00, 0x00, 0x00, 0x00, 0x00, 0x00, 0x00, 0x00, 0x00, 0x00, 0x00,
    0x00, 0x00, 0x00, 0x00, 0x00, 0x00, 0x00, 0x00, 0x00, 0x00, 0x00, 0x00,
    0x00, 0x00, 0x00, 0x00, 0x00, 0x00, 0x00, 0x00, 0x00, 0x00, 0x00, 0x00,
    0x00, 0x00, 0x00, 0x00, 0x00, 0x00, 0x00, 0x00, 0x00, 0x00, 0x00, 0x00,
    0x00, 0x00, 0x00, 0x00, 0x00, 0x00, 0x00, 0x00, 0x00, 0x00, 0x00, 0x00,
    0x00, 0x00, 0x00, 0x00, 0x50, 0x50, 0x50, 0xdf, 0x50, 0x50, 0x50, 0xff,
    0x50, 0x54, 0x50, 0xff, 0x50, 0x50, 0x50, 0xff, 0x50, 0x50, 0x50, 0x61,
    0x00, 0x00, 0x00, 0x00, 0x00, 0x00, 0x00, 0x00, 0x00, 0x00, 0x00, 0x00,
    0x00, 0x00, 0x00, 0x00, 0x00, 0x00, 0x00, 0x00, 0x00, 0x00, 0x00, 0x00,
    0x00, 0x00, 0x00, 0x00, 0x00, 0x00, 0x00, 0x00, 0x00, 0x00, 0x00, 0x00,
    0x00, 0x00, 0x00, 0x00, 0x00, 0x00, 0x00, 0x00, 0x00, 0x00, 0x00, 0x00,
    0x58, 0x50, 0x58, 0xbe, 0x50, 0x54, 0x50, 0xff, 0x50, 0x50, 0x50, 0xff,
    0x50, 0x50, 0x50, 0xff, 0x50, 0x50, 0x50, 0x61, 0x00, 0x00, 0x00, 0x00,
    0x00, 0x00, 0x00, 0x00, 0x00, 0x00, 0x00, 0x00, 0x00, 0x00, 0x00, 0x00,
    0x00, 0x00, 0x00, 0x00, 0x00, 0x00, 0x00, 0x00, 0x00, 0x00, 0x00, 0x00,
    0x00, 0x00, 0x00, 0x00, 0x00, 0x00, 0x00, 0x00, 0x00, 0x00, 0x00, 0x00,
    0x00, 0x00, 0x00, 0x00, 0x50, 0x50, 0x50, 0x20, 0x50, 0x50, 0x50, 0xff,
    0x50, 0x54, 0x50, 0xff, 0x50, 0x50, 0x50, 0xff, 0x58, 0x50, 0x58, 0xff,
    0x50, 0x50, 0x50, 0x82, 0x00, 0x00, 0x00, 0x00, 0x00, 0x00, 0x00, 0x00,
    0x00, 0x00, 0x00, 0x00, 0x00, 0x00, 0x00, 0x00, 0x00, 0x00, 0x00, 0x00,
    0x00, 0x00, 0x00, 0x00, 0x00, 0x00, 0x00, 0x00, 0x00, 0x00, 0x00, 0x00,
    0x00, 0x00, 0x00, 0x00, 0x00, 0x00, 0x00, 0x00, 0x00, 0x00, 0x00, 0x00,
    0x00, 0x00, 0x00, 0x00, 0x00, 0x00, 0x00, 0x00, 0x00, 0x00, 0x00, 0x00,
    0x00, 0x00, 0x00, 0x00, 0x00, 0x00, 0x00, 0x00, 0x00, 0x00, 0x00, 0x00,
    0x00, 0x00, 0x00, 0x00, 0x00, 0x00, 0x00, 0x00, 0x00, 0x00, 0x00, 0x00,
    0x00, 0x00, 0x00, 0x00, 0x00, 0x00, 0x00, 0x00, 0x00, 0x00, 0x00, 0x00,
    0x00, 0x00, 0x00, 0x00, 0x00, 0x00, 0x00, 0x00, 0x00, 0x00, 0x00, 0x00,
    0x00, 0x00, 0x00, 0x00, 0x00, 0x00, 0x00, 0x00, 0x00, 0x00, 0x00, 0x00,
    0x00, 0x00, 0x00, 0x00, 0x00, 0x00, 0x00, 0x00, 0x00, 0x00, 0x00, 0x00,
    0x00, 0x00, 0x00, 0x00, 0x00, 0x00, 0x00, 0x00, 0x00, 0x00, 0x00, 0x00,
    0x00, 0x00, 0x00, 0x00, 0x00, 0x00, 0x00, 0x00, 0x00, 0x00, 0x00, 0x00,
    0x00, 0x00, 0x00, 0x00, 0x00, 0x00, 0x00, 0x00, 0x00, 0x00, 0x00, 0x00,
    0x00, 0x00, 0x00, 0x00, 0x00, 0x00, 0x00, 0x00, 0x00, 0x00, 0x00, 0x00,
    0x00, 0x00, 0x00, 0x00, 0x00, 0x00, 0x00, 0x00, 0x00, 0x00, 0x00, 0x00,
    0x00, 0x00, 0x00, 0x00, 0x00, 0x00, 0x00, 0x00, 0x00, 0x00, 0x00, 0x00,
    0x00, 0x00, 0x00, 0x00, 0x00, 0x00, 0x00, 0x00, 0x00, 0x00, 0x00, 0x00,
    0x00, 0x00, 0x00, 0x00, 0x00, 0x00, 0x00, 0x00, 0x00, 0x00, 0x00, 0x00,
    0x00, 0x00, 0x00, 0x00, 0x00, 0x00, 0x00, 0x00, 0x00, 0x00, 0x00, 0x00,
    0x00, 0x00, 0x00, 0x00, 0x00, 0x00, 0x00, 0x00, 0x58, 0x50, 0x58, 0xff,
    0x50, 0x50, 0x50, 0xff, 0x50, 0x50, 0x50, 0xff, 0x58, 0x50, 0x58, 0xff,
    0x50, 0x50, 0x50, 0x41, 0x00, 0x00, 0x00, 0x00, 0x00, 0x00, 0x00, 0x00,
    0x00, 0x00, 0x00, 0x00, 0x00, 0x00, 0x00, 0x00, 0x00, 0x00, 0x00, 0x00,
    0x00, 0x00, 0x00, 0x00, 0x00, 0x00, 0x00, 0x00, 0x00, 0x00, 0x00, 0x00,
    0x00, 0x00, 0x00, 0x00, 0x00, 0x00, 0x00, 0x00, 0x00, 0x00, 0x00, 0x00,
    0x00, 0x00, 0x00, 0x00, 0x50, 0x50, 0x50, 0xdf, 0x50, 0x50, 0x50, 0xff,
    0x50, 0x50, 0x50, 0xff, 0x58, 0x50, 0x58, 0xff, 0x50, 0x50, 0x50, 0x61,
    0x00, 0x00, 0x00, 0x00, 0x00, 0x00, 0x00, 0x00, 0x00, 0x00, 0x00, 0x00,
    0x00, 0x00, 0x00, 0x00, 0x00, 0x00, 0x00, 0x00, 0x00, 0x00, 0x00, 0x00,
    0x00, 0x00, 0x00, 0x00, 0x00, 0x00, 0x00, 0x00, 0x00, 0x00, 0x00, 0x00,
    0x00, 0x00, 0x00, 0x00, 0x00, 0x00, 0x00, 0x00, 0x50, 0x50, 0x50, 0x61,
    0x50, 0x50, 0x50, 0xff, 0x50, 0x50, 0x50, 0xff, 0x50, 0x54, 0x50, 0xff,
    0x50, 0x50, 0x50, 0xff, 0x50, 0x50, 0x50, 0x7d, 0x00, 0x00, 0x00, 0x00,
    0x00, 0x00, 0x00, 0x00, 0x00, 0x00, 0x00, 0x00, 0x00, 0x00, 0x00, 0x00,
    0x00, 0x00, 0x00, 0x00, 0x00, 0x00, 0x00, 0x00, 0x00, 0x00, 0x00, 0x00,
    0x00, 0x00, 0x00, 0x00, 0x00, 0x00, 0x00, 0x00, 0x00, 0x00, 0x00, 0x00,
    0x00, 0x00, 0x00, 0x00, 0x00, 0x00, 0x00, 0x00, 0x00, 0x00, 0x00, 0x00,
    0x00, 0x00, 0x00, 0x00, 0x00, 0x00, 0x00, 0x00, 0x00, 0x00, 0x00, 0x00,
    0x00, 0x00, 0x00, 0x00, 0x00, 0x00, 0x00, 0x00, 0x00, 0x00, 0x00, 0x00,
    0x00, 0x00, 0x00, 0x00, 0x00, 0x00, 0x00, 0x00, 0x00, 0x00, 0x00, 0x00,
    0x00, 0x00, 0x00, 0x00, 0x00, 0x00, 0x00, 0x00, 0x00, 0x00, 0x00, 0x00,
    0x00, 0x00, 0x00, 0x00, 0x00, 0x00, 0x00, 0x00, 0x00, 0x00, 0x00, 0x00,
    0x00, 0x00, 0x00, 0x00, 0x00, 0x00, 0x00, 0x00, 0x00, 0x00, 0x00, 0x00,
    0x00, 0x00, 0x00, 0x00, 0x00, 0x00, 0x00, 0x00, 0x00, 0x00, 0x00, 0x00,
    0x00, 0x00, 0x00, 0x00, 0x00, 0x00, 0x00, 0x00, 0x00, 0x00, 0x00, 0x00,
    0x00, 0x00, 0x00, 0x00, 0x00, 0x00, 0x00, 0x00, 0x00, 0x00, 0x00, 0x00,
    0x00, 0x00, 0x00, 0x00, 0x00, 0x00, 0x00, 0x00, 0x00, 0x00, 0x00, 0x00,
    0x00, 0x00, 0x00, 0x00, 0x00, 0x00, 0x00, 0x00, 0x00, 0x00, 0x00, 0x00,
    0x00, 0x00, 0x00, 0x00, 0x00, 0x00, 0x00, 0x00, 0x00, 0x00, 0x00, 0x00,
    0x00, 0x00, 0x00, 0x00, 0x00, 0x00, 0x00, 0x00, 0x00, 0x00, 0x00, 0x00,
    0x00, 0x00, 0x00, 0x00, 0x00, 0x00, 0x00, 0x00, 0x00, 0x00, 0x00, 0x00,
    0x00, 0x00, 0x00, 0x00, 0x00, 0x00, 0x00, 0x00, 0x00, 0x00, 0x00, 0x00,
    0x00, 0x00, 0x00, 0x00, 0x00, 0x00, 0x00, 0x00, 0x50, 0x50, 0x50, 0x41,
    0x50, 0x54, 0x50, 0xff, 0x50, 0x50, 0x50, 0xff, 0x50, 0x50, 0x50, 0xff,
    0x50, 0x54, 0x50, 0xff, 0x50, 0x50, 0x50, 0x41, 0x00, 0x00, 0x00, 0x00,
    0x00, 0x00, 0x00, 0x00, 0x00, 0x00, 0x00, 0x00, 0x00, 0x00, 0x00, 0x00,
    0x00, 0x00, 0x00, 0x00, 0x00, 0x00, 0x00, 0x00, 0x00, 0x00, 0x00, 0x00,
    0x00, 0x00, 0x00, 0x00, 0x00, 0x00, 0x00, 0x00, 0x00, 0x00, 0x00, 0x00,
    0x00, 0x00, 0x00, 0x00, 0x00, 0x00, 0x00, 0x00, 0x50, 0x54, 0x50, 0xdf,
    0x50, 0x50, 0x50, 0xff, 0x50, 0x54, 0x50, 0xff, 0x50, 0x50, 0x50, 0xff,
    0x50, 0x50, 0x50, 0x61, 0x00, 0x00, 0x00, 0x00, 0x00, 0x00, 0x00, 0x00,
    0x00, 0x00, 0x00, 0x00, 0x00, 0x00, 0x00, 0x00, 0x00, 0x00, 0x00, 0x00,
    0x00, 0x00, 0x00, 0x00, 0x00, 0x00, 0x00, 0x00, 0x00, 0x00, 0x00, 0x00,
    0x00, 0x00, 0x00, 0x00, 0x00, 0x00, 0x00, 0x00, 0x00, 0x00, 0x00, 0x00,
    0x50, 0x50, 0x50, 0x61, 0x50, 0x50, 0x50, 0xff, 0x58, 0x50, 0x58, 0xff,
    0x50, 0x50, 0x50, 0xff, 0x50, 0x54, 0x50, 0xff, 0x50, 0x50, 0x50, 0x7d,
    0x00, 0x00, 0x00, 0x00, 0x00, 0x00, 0x00, 0x00, 0x00, 0x00, 0x00, 0x00,
    0x00, 0x00, 0x00, 0x00, 0x00, 0x00, 0x00, 0x00, 0x00, 0x00, 0x00, 0x00,
    0x00, 0x00, 0x00, 0x00, 0x00, 0x00, 0x00, 0x00, 0x00, 0x00, 0x00, 0x00,
    0x00, 0x00, 0x00, 0x00, 0x00, 0x00, 0x00, 0x00, 0x00, 0x00, 0x00, 0x00,
    0x00, 0x00, 0x00, 0x00, 0x00, 0x00, 0x00, 0x00, 0x00, 0x00, 0x00, 0x00,
    0x00, 0x00, 0x00, 0x00, 0x00, 0x00, 0x00, 0x00, 0x00, 0x00, 0x00, 0x00,
    0x00, 0x00, 0x00, 0x00, 0x00, 0x00, 0x00, 0x00, 0x00, 0x00, 0x00, 0x00,
    0x00, 0x00, 0x00, 0x00, 0x00, 0x00, 0x00, 0x00, 0x00, 0x00, 0x00, 0x00,
    0x00, 0x00, 0x00, 0x00, 0x00, 0x00, 0x00, 0x00, 0x00, 0x00, 0x00, 0x00,
    0x00, 0x00, 0x00, 0x00, 0x00, 0x00, 0x00, 0x00, 0x00, 0x00, 0x00, 0x00,
    0x00, 0x00, 0x00, 0x00, 0x00, 0x00, 0x00, 0x00, 0x00, 0x00, 0x00, 0x00,
    0x00, 0x00, 0x00, 0x00, 0x00, 0x00, 0x00, 0x00, 0x00, 0x00, 0x00, 0x00,
    0x00, 0x00, 0x00, 0x00, 0x00, 0x00, 0x00, 0x00, 0x00, 0x00, 0x00, 0x00,
    0x00, 0x00, 0x00, 0x00, 0x00, 0x00, 0x00, 0x00, 0x00, 0x00, 0x00, 0x00,
    0x00, 0x00, 0x00, 0x00, 0x00, 0x00, 0x00, 0x00, 0x00, 0x00, 0x00, 0x00,
    0x00, 0x00, 0x00, 0x00, 0x00, 0x00, 0x00, 0x00, 0x00, 0x00, 0x00, 0x00,
    0x00, 0x00, 0x00, 0x00, 0x00, 0x00, 0x00, 0x00, 0x00, 0x00, 0x00, 0x00,
    0x00, 0x00, 0x00, 0x00, 0x00, 0x00, 0x00, 0x00, 0x00, 0x00, 0x00, 0x00,
    0x00, 0x00, 0x00, 0x00, 0x00, 0x00, 0x00, 0x00, 0x00, 0x00, 0x00, 0x00,
    0x00, 0x00, 0x00, 0x00, 0x00, 0x00, 0x00, 0x00, 0x00, 0x00, 0x00, 0x00,
    0x50, 0x50, 0x50, 0x61, 0x50, 0x50, 0x50, 0xff, 0x50, 0x54, 0x50, 0xff,
    0x50, 0x50, 0x50, 0xff, 0x50, 0x50, 0x50, 0xff, 0x50, 0x50, 0x50, 0x20,
    0x00, 0x00, 0x00, 0x00, 0x00, 0x00, 0x00, 0x00, 0x00, 0x00, 0x00, 0x00,
    0x00, 0x00, 0x00, 0x00, 0x00, 0x00, 0x00, 0x00, 0x00, 0x00, 0x00, 0x00,
    0x00, 0x00, 0x00, 0x00, 0x00, 0x00, 0x00, 0x00, 0x00, 0x00, 0x00, 0x00,
    0x00, 0x00, 0x00, 0x00, 0x00, 0x00, 0x00, 0x00, 0x00, 0x00, 0x00, 0x00,
    0x50, 0x50, 0x50, 0xff, 0x50, 0x50, 0x50, 0xff, 0x50, 0x50, 0x50, 0xff,
    0x50, 0x54, 0x50, 0xff, 0x50, 0x50, 0x50, 0x61, 0x00, 0x00, 0x00, 0x00,
    0x00, 0x00, 0x00, 0x00, 0x00, 0x00, 0x00, 0x00, 0x00, 0x00, 0x00, 0x00,
    0x00, 0x00, 0x00, 0x00, 0x00, 0x00, 0x00, 0x00, 0x00, 0x00, 0x00, 0x00,
    0x00, 0x00, 0x00, 0x00, 0x00, 0x00, 0x00, 0x00, 0x00, 0x00, 0x00, 0x00,
    0x00, 0x00, 0x00, 0x00, 0x50, 0x50, 0x50, 0x9e, 0x50, 0x54, 0x50, 0xff,
    0x50, 0x50, 0x50, 0xff, 0x50, 0x50, 0x50, 0xff, 0x50, 0x50, 0x50, 0xff,
    0x50, 0x50, 0x50, 0x61, 0x00, 0x00, 0x00, 0x00, 0x00, 0x00, 0x00, 0x00,
    0x00, 0x00, 0x00, 0x00, 0x00, 0x00, 0x00, 0x00, 0x00, 0x00, 0x00, 0x00,
    0x00, 0x00, 0x00, 0x00, 0x00, 0x00, 0x00, 0x00, 0x00, 0x00, 0x00, 0x00,
    0x00, 0x00, 0x00, 0x00, 0x00, 0x00, 0x00, 0x00, 0x00, 0x00, 0x00, 0x00,
    0x00, 0x00, 0x00, 0x00, 0x00, 0x00, 0x00, 0x00, 0x00, 0x00, 0x00, 0x00,
    0x00, 0x00, 0x00, 0x00, 0x00, 0x00, 0x00, 0x00, 0x00, 0x00, 0x00, 0x00,
    0x00, 0x00, 0x00, 0x00, 0x00, 0x00, 0x00, 0x00, 0x00, 0x00, 0x00, 0x00,
    0x00, 0x00, 0x00, 0x00, 0x00, 0x00, 0x00, 0x00, 0x00, 0x00, 0x00, 0x00,
    0x00, 0x00, 0x00, 0x00, 0x00, 0x00, 0x00, 0x00, 0x00, 0x00, 0x00, 0x00,
    0x00, 0x00, 0x00, 0x00, 0x00, 0x00, 0x00, 0x00, 0x00, 0x00, 0x00, 0x00,
    0x00, 0x00, 0x00, 0x00, 0x00, 0x00, 0x00, 0x00, 0x00, 0x00, 0x00, 0x00,
    0x00, 0x00, 0x00, 0x00, 0x00, 0x00, 0x00, 0x00, 0x00, 0x00, 0x00, 0x00,
    0x00, 0x00, 0x00, 0x00, 0x00, 0x00, 0x00, 0x00, 0x00, 0x00, 0x00, 0x00,
    0x00, 0x00, 0x00, 0x00, 0x00, 0x00, 0x00, 0x00, 0x00, 0x00, 0x00, 0x00,
    0x00, 0x00, 0x00, 0x00, 0x00, 0x00, 0x00, 0x00, 0x00, 0x00, 0x00, 0x00,
    0x00, 0x00, 0x00, 0x00, 0x00, 0x00, 0x00, 0x00, 0x00, 0x00, 0x00, 0x00,
    0x00, 0x00, 0x00, 0x00, 0x00, 0x00, 0x00, 0x00, 0x00, 0x00, 0x00, 0x00,
    0x00, 0x00, 0x00, 0x00, 0x00, 0x00, 0x00, 0x00, 0x00, 0x00, 0x00, 0x00,
    0x00, 0x00, 0x00, 0x00, 0x00, 0x00, 0x00, 0x00, 0x00, 0x00, 0x00, 0x00,
    0x00, 0x00, 0x00, 0x00, 0x00, 0x00, 0x00, 0x00, 0x00, 0x00, 0x00, 0x00,
    0x00, 0x00, 0x00, 0x00, 0x50, 0x50, 0x50, 0x7d, 0x50, 0x50, 0x50, 0xff,
    0x58, 0x50, 0x58, 0xff, 0x50, 0x50, 0x50, 0xff, 0x50, 0x50, 0x50, 0xff,
    0x00, 0x00, 0x00, 0x00, 0x00, 0x00, 0x00, 0x00, 0x00, 0x00, 0x00, 0x00,
    0x00, 0x00, 0x00, 0x00, 0x00, 0x00, 0x00, 0x00, 0x00, 0x00, 0x00, 0x00,
    0x00, 0x00, 0x00, 0x00, 0x00, 0x00, 0x00, 0x00, 0x00, 0x00, 0x00, 0x00,
    0x00, 0x00, 0x00, 0x00, 0x00, 0x00, 0x00, 0x00, 0x00, 0x00, 0x00, 0x00,
    0x50, 0x50, 0x50, 0x61, 0x50, 0x50, 0x50, 0xff, 0x58, 0x50, 0x58, 0xff,
    0x50, 0x50, 0x50, 0xff, 0x50, 0x50, 0x50, 0xff, 0x00, 0x00, 0x00, 0x00,
    0x00, 0x00, 0x00, 0x00, 0x00, 0x00, 0x00, 0x00, 0x00, 0x00, 0x00, 0x00,
    0x00, 0x00, 0x00, 0x00, 0x00, 0x00, 0x00, 0x00, 0x00, 0x00, 0x00, 0x00,
    0x00, 0x00, 0x00, 0x00, 0x00, 0x00, 0x00, 0x00, 0x00, 0x00, 0x00, 0x00,
    0x00, 0x00, 0x00, 0x00, 0x00, 0x00, 0x00, 0x00, 0x50, 0x50, 0x50, 0xdf,
    0x50, 0x50, 0x50, 0xff, 0x50, 0x54, 0x50, 0xff, 0x50, 0x50, 0x50, 0xff,
    0x50, 0x50, 0x50, 0xff, 0x50, 0x50, 0x50, 0x20, 0x00, 0x00, 0x00, 0x00,
    0x00, 0x00, 0x00, 0x00, 0x00, 0x00, 0x00, 0x00, 0x00, 0x00, 0x00, 0x00,
    0x00, 0x00, 0x00, 0x00, 0x00, 0x00, 0x00, 0x00, 0x00, 0x00, 0x00, 0x00,
    0x00, 0x00, 0x00, 0x00, 0x00, 0x00, 0x00, 0x00, 0x00, 0x00, 0x00, 0x00,
    0x00, 0x00, 0x00, 0x00, 0x00, 0x00, 0x00, 0x00, 0x00, 0x00, 0x00, 0x00,
    0x00, 0x00, 0x00, 0x00, 0x00, 0x00, 0x00, 0x00, 0x00, 0x00, 0x00, 0x00,
    0x00, 0x00, 0x00, 0x00, 0x00, 0x00, 0x00, 0x00, 0x00, 0x00, 0x00, 0x00,
    0x00, 0x00, 0x00, 0x00, 0x00, 0x00, 0x00, 0x00, 0x00, 0x00, 0x00, 0x00,
    0x00, 0x00, 0x00, 0x00, 0x00, 0x00, 0x00, 0x00, 0x00, 0x00, 0x00, 0x00,
    0x00, 0x00, 0x00, 0x00, 0x00, 0x00, 0x00, 0x00, 0x00, 0x00, 0x00, 0x00,
    0x00, 0x00, 0x00, 0x00, 0x00, 0x00, 0x00, 0x00, 0x00, 0x00, 0x00, 0x00,
    0x00, 0x00, 0x00, 0x00, 0x00, 0x00, 0x00, 0x00, 0x00, 0x00, 0x00, 0x00,
    0x00, 0x00, 0x00, 0x00, 0x00, 0x00, 0x00, 0x00, 0x00, 0x00, 0x00, 0x00,
    0x00, 0x00, 0x00, 0x00, 0x00, 0x00, 0x00, 0x00, 0x00, 0x00, 0x00, 0x00,
    0x00, 0x00, 0x00, 0x00, 0x00, 0x00, 0x00, 0x00, 0x00, 0x00, 0x00, 0x00,
    0x00, 0x00, 0x00, 0x00, 0x00, 0x00, 0x00, 0x00, 0x00, 0x00, 0x00, 0x00,
    0x00, 0x00, 0x00, 0x00, 0x00, 0x00, 0x00, 0x00, 0x00, 0x00, 0x00, 0x00,
    0x00, 0x00, 0x00, 0x00, 0x00, 0x00, 0x00, 0x00, 0x00, 0x00, 0x00, 0x00,
    0x00, 0x00, 0x00, 0x00, 0x00, 0x00, 0x00, 0x00, 0x00, 0x00, 0x00, 0x00,
    0x00, 0x00, 0x00, 0x00, 0x00, 0x00, 0x00, 0x00, 0x00, 0x00, 0x00, 0x00,
    0x00, 0x00, 0x00, 0x00, 0x00, 0x00, 0x00, 0x00, 0x50, 0x50, 0x50, 0xff,
    0x50, 0x54, 0x50, 0xff, 0x50, 0x50, 0x50, 0xff, 0x50, 0x54, 0x50, 0xff,
    0x50, 0x50, 0x50, 0x9e, 0x00, 0x00, 0x00, 0x00, 0x00, 0x00, 0x00, 0x00,
    0x00, 0x00, 0x00, 0x00, 0x00, 0x00, 0x00, 0x00, 0x00, 0x00, 0x00, 0x00,
    0x00, 0x00, 0x00, 0x00, 0x00, 0x00, 0x00, 0x00, 0x00, 0x00, 0x00, 0x00,
    0x00, 0x00, 0x00, 0x00, 0x00, 0x00, 0x00, 0x00, 0x00, 0x00, 0x00, 0x00,
    0x00, 0x00, 0x00, 0x00, 0x50, 0x50, 0x50, 0x9e, 0x50, 0x54, 0x50, 0xff,
    0x50, 0x54, 0x50, 0xff, 0x50, 0x50, 0x50, 0xff, 0x50, 0x50, 0x50, 0xbe,
    0x00, 0x00, 0x00, 0x00, 0x00, 0x00, 0x00, 0x00, 0x00, 0x00, 0x00, 0x00,
    0x00, 0x00, 0x00, 0x00, 0x00, 0x00, 0x00, 0x00, 0x00, 0x00, 0x00, 0x00,
    0x00, 0x00, 0x00, 0x00, 0x00, 0x00, 0x00, 0x00, 0x00, 0x00, 0x00, 0x00,
    0x00, 0x00, 0x00, 0x00, 0x00, 0x00, 0x00, 0x00, 0x50, 0x50, 0x50, 0x20,
    0x50, 0x50, 0x50, 0xff, 0x58, 0x50, 0x58, 0xff, 0x50, 0x50, 0x50, 0xff,
    0x50, 0x54, 0x50, 0xff, 0x58, 0x50, 0x58, 0xff, 0x00, 0x00, 0x00, 0x00,
    0x00, 0x00, 0x00, 0x00, 0x00, 0x00, 0x00, 0x00, 0x00, 0x00, 0x00, 0x00,
    0x00, 0x00, 0x00, 0x00, 0x00, 0x00, 0x00, 0x00, 0x00, 0x00, 0x00, 0x00,
    0x00, 0x00, 0x00, 0x00, 0x00, 0x00, 0x00, 0x00, 0x00, 0x00, 0x00, 0x00,
    0x00, 0x00, 0x00, 0x00, 0x00, 0x00, 0x00, 0x00, 0x00, 0x00, 0x00, 0x00,
    0x00, 0x00, 0x00, 0x00, 0x00, 0x00, 0x00, 0x00, 0x00, 0x00, 0x00, 0x00,
    0x00, 0x00, 0x00, 0x00, 0x00, 0x00, 0x00, 0x00, 0x00, 0x00, 0x00, 0x00,
    0x00, 0x00, 0x00, 0x00, 0x00, 0x00, 0x00, 0x00, 0x00, 0x00, 0x00, 0x00,
    0x00, 0x00, 0x00, 0x00, 0x00, 0x00, 0x00, 0x00, 0x00, 0x00, 0x00, 0x00,
    0x00, 0x00, 0x00, 0x00, 0x00, 0x00, 0x00, 0x00, 0x00, 0x00, 0x00, 0x00,
    0x00, 0x00, 0x00, 0x00, 0x00, 0x00, 0x00, 0x00, 0x00, 0x00, 0x00, 0x00,
    0x00, 0x00, 0x00, 0x00, 0x00, 0x00, 0x00, 0x00, 0x00, 0x00, 0x00, 0x00,
    0x00, 0x00, 0x00, 0x00, 0x00, 0x00, 0x00, 0x00, 0x00, 0x00, 0x00, 0x00,
    0x00, 0x00, 0x00, 0x00, 0x00, 0x00, 0x00, 0x00, 0x00, 0x00, 0x00, 0x00,
    0x00, 0x00, 0x00, 0x00, 0x00, 0x00, 0x00, 0x00, 0x00, 0x00, 0x00, 0x00,
    0x00, 0x00, 0x00, 0x00, 0x00, 0x00, 0x00, 0x00, 0x00, 0x00, 0x00, 0x00,
    0x00, 0x00, 0x00, 0x00, 0x00, 0x00, 0x00, 0x00, 0x00, 0x00, 0x00, 0x00,
    0x00, 0x00, 0x00, 0x00, 0x00, 0x00, 0x00, 0x00, 0x00, 0x00, 0x00, 0x00,
    0x00, 0x00, 0x00, 0x00, 0x00, 0x00, 0x00, 0x00, 0x00, 0x00, 0x00, 0x00,
    0x00, 0x00, 0x00, 0x00, 0x00, 0x00, 0x00, 0x00, 0x00, 0x00, 0x00, 0x00,
    0x00, 0x00, 0x00, 0x00, 0x00, 0x00, 0x00, 0x00, 0x50, 0x50, 0x50, 0x9e,
    0x50, 0x50, 0x50, 0xff, 0x50, 0x50, 0x50, 0xff, 0x50, 0x50, 0x50, 0xff,
    0x50, 0x50, 0x50, 0xff, 0x50, 0x50, 0x50, 0x61, 0x00, 0x00, 0x00, 0x00,
    0x00, 0x00, 0x00, 0x00, 0x00, 0x00, 0x00, 0x00, 0x00, 0x00, 0x00, 0x00,
    0x00, 0x00, 0x00, 0x00, 0x00, 0x00, 0x00, 0x00, 0x00, 0x00, 0x00, 0x00,
    0x00, 0x00, 0x00, 0x00, 0x00, 0x00, 0x00, 0x00, 0x00, 0x00, 0x00, 0x00,
    0x00, 0x00, 0x00, 0x00, 0x00, 0x00, 0x00, 0x00, 0x50, 0x50, 0x50, 0xff,
    0x50, 0x50, 0x50, 0xff, 0x50, 0x50, 0x50, 0xff, 0x58, 0x54, 0x58, 0xff,
    0x50, 0x50, 0x50, 0x9e, 0x00, 0x00, 0x00, 0x00, 0x00, 0x00, 0x00, 0x00,
    0x00, 0x00, 0x00, 0x00, 0x00, 0x00, 0x00, 0x00, 0x00, 0x00, 0x00, 0x00,
    0x00, 0x00, 0x00, 0x00, 0x00, 0x00, 0x00, 0x00, 0x00, 0x00, 0x00, 0x00,
    0x00, 0x00, 0x00, 0x00, 0x00, 0x00, 0x00, 0x00, 0x00, 0x00, 0x00, 0x00,
    0x50, 0x54, 0x50, 0xbe, 0x50, 0x50, 0x50, 0xff, 0x50, 0x50, 0x50, 0xff,
    0x50, 0x54, 0x50, 0xff, 0x50, 0x50, 0x50, 0xff, 0x50, 0x50, 0x50, 0x9e,
    0x00, 0x00, 0x00, 0x00, 0x00, 0x00, 0x00, 0x00, 0x00, 0x00, 0x00, 0x00,
    0x00, 0x00, 0x00, 0x00, 0x00, 0x00, 0x00, 0x00, 0x00, 0x00, 0x00, 0x00,
    0x00, 0x00, 0x00, 0x00, 0x00, 0x00, 0x00, 0x00, 0x00, 0x00, 0x00, 0x00,
    0x00, 0x00, 0x00, 0x00, 0x00, 0x00, 0x00, 0x00, 0x00, 0x00, 0x00, 0x00,
    0x00, 0x00, 0x00, 0x00, 0x00, 0x00, 0x00, 0x00, 0x00, 0x00, 0x00, 0x00,
    0x00, 0x00, 0x00, 0x00, 0x00, 0x00, 0x00, 0x00, 0x00, 0x00, 0x00, 0x00,
    0x00, 0x00, 0x00, 0x00, 0x00, 0x00, 0x00, 0x00, 0x00, 0x00, 0x00, 0x00,
    0x00, 0x00, 0x00, 0x00, 0x00, 0x00, 0x00, 0x00, 0x00, 0x00, 0x00, 0x00,
    0x00, 0x00, 0x00, 0x00, 0x00, 0x00, 0x00, 0x00, 0x00, 0x00, 0x00, 0x00,
    0x00, 0x00, 0x00, 0x00, 0x00, 0x00, 0x00, 0x00, 0x00, 0x00, 0x00, 0x00,
    0x00, 0x00, 0x00, 0x00, 0x00, 0x00, 0x00, 0x00, 0x00, 0x00, 0x00, 0x00,
    0x00, 0x00, 0x00, 0x00, 0x00, 0x00, 0x00, 0x00, 0x00, 0x00, 0x00, 0x00,
    0x00, 0x00, 0x00, 0x00, 0x00, 0x00, 0x00, 0x00, 0x00, 0x00, 0x00, 0x00,
    0x00, 0x00, 0x00, 0x00, 0x00, 0x00, 0x00, 0x00, 0x00, 0x00, 0x00, 0x00,
    0x00, 0x00, 0x00, 0x00, 0x00, 0x00, 0x00, 0x00, 0x00, 0x00, 0x00, 0x00,
    0x00, 0x00, 0x00, 0x00, 0x00, 0x00, 0x00, 0x00, 0x00, 0x00, 0x00, 0x00,
    0x00, 0x00, 0x00, 0x00, 0x00, 0x00, 0x00, 0x00, 0x00, 0x00, 0x00, 0x00,
    0x00, 0x00, 0x00, 0x00, 0x00, 0x00, 0x00, 0x00, 0x00, 0x00, 0x00, 0x00,
    0x00, 0x00, 0x00, 0x00, 0x00, 0x00, 0x00, 0x00, 0x00, 0x00, 0x00, 0x00,
    0x00, 0x00, 0x00, 0x00, 0x00, 0x00, 0x00, 0x00, 0x50, 0x50, 0x50, 0x41,
    0x50, 0x50, 0x50, 0xff, 0x50, 0x54, 0x50, 0xff, 0x58, 0x50, 0x58, 0xff,
    0x50, 0x50, 0x50, 0xff, 0x50, 0x54, 0x50, 0xff, 0x00, 0x00, 0x00, 0x00,
    0x00, 0x00, 0x00, 0x00, 0x00, 0x00, 0x00, 0x00, 0x00, 0x00, 0x00, 0x00,
    0x00, 0x00, 0x00, 0x00, 0x00, 0x00, 0x00, 0x00, 0x00, 0x00, 0x00, 0x00,
    0x00, 0x00, 0x00, 0x00, 0x00, 0x00, 0x00, 0x00, 0x00, 0x00, 0x00, 0x00,
    0x00, 0x00, 0x00, 0x00, 0x00, 0x00, 0x00, 0x00, 0x50, 0x50, 0x50, 0xbe,
    0x58, 0x50, 0x58, 0xff, 0x50, 0x50, 0x50, 0xff, 0x50, 0x50, 0x50, 0xff,
    0x50, 0x50, 0x50, 0xff, 0x50, 0x50, 0x50, 0x20, 0x00, 0x00, 0x00, 0x00,
    0x00, 0x00, 0x00, 0x00, 0x00, 0x00, 0x00, 0x00, 0x00, 0x00, 0x00, 0x00,
    0x00, 0x00, 0x00, 0x00, 0x00, 0x00, 0x00, 0x00, 0x00, 0x00, 0x00, 0x00,
    0x00, 0x00, 0x00, 0x00, 0x00, 0x00, 0x00, 0x00, 0x00, 0x00, 0x00, 0x00,
    0x50, 0x50, 0x50, 0x61, 0x50, 0x50, 0x50, 0xff, 0x50, 0x50, 0x50, 0xff,
    0x50, 0x54, 0x50, 0xff, 0x50, 0x50, 0x50, 0xff, 0x50, 0x50, 0x50, 0xff,
    0x50, 0x50, 0x50, 0x61, 0x00, 0x00, 0x00, 0x00, 0x00, 0x00, 0x00, 0x00,
    0x00, 0x00, 0x00, 0x00, 0x00, 0x00, 0x00, 0x00, 0x00, 0x00, 0x00, 0x00,
    0x00, 0x00, 0x00, 0x00, 0x00, 0x00, 0x00, 0x00, 0x00, 0x00, 0x00, 0x00,
    0x00, 0x00, 0x00, 0x00, 0x00, 0x00, 0x00, 0x00, 0x00, 0x00, 0x00, 0x00,
    0x00, 0x00, 0x00, 0x00, 0x00, 0x00, 0x00, 0x00, 0x00, 0x00, 0x00, 0x00,
    0x00, 0x00, 0x00, 0x00, 0x00, 0x00, 0x00, 0x00, 0x00, 0x00, 0x00, 0x00,
    0x00, 0x00, 0x00, 0x00, 0x00, 0x00, 0x00, 0x00, 0x00, 0x00, 0x00, 0x00,
    0x00, 0x00, 0x00, 0x00, 0x00, 0x00, 0x00, 0x00, 0x00, 0x00, 0x00, 0x00,
    0x00, 0x00, 0x00, 0x00, 0x00, 0x00, 0x00, 0x00, 0x00, 0x00, 0x00, 0x00,
    0x00, 0x00, 0x00, 0x00, 0x00, 0x00, 0x00, 0x00, 0x00, 0x00, 0x00, 0x00,
    0x00, 0x00, 0x00, 0x00, 0x00, 0x00, 0x00, 0x00, 0x00, 0x00, 0x00, 0x00,
    0x00, 0x00, 0x00, 0x00, 0x00, 0x00, 0x00, 0x00, 0x00, 0x00, 0x00, 0x00,
    0x00, 0x00, 0x00, 0x00, 0x00, 0x00, 0x00, 0x00, 0x00, 0x00, 0x00, 0x00,
    0x00, 0x00, 0x00, 0x00, 0x00, 0x00, 0x00, 0x00, 0x00, 0x00, 0x00, 0x00,
    0x00, 0x00, 0x00, 0x00, 0x00, 0x00, 0x00, 0x00, 0x00, 0x00, 0x00, 0x00,
    0x00, 0x00, 0x00, 0x00, 0x00, 0x00, 0x00, 0x00, 0x00, 0x00, 0x00, 0x00,
    0x00, 0x00, 0x00, 0x00, 0x00, 0x00, 0x00, 0x00, 0x00, 0x00, 0x00, 0x00,
    0x00, 0x00, 0x00, 0x00, 0x00, 0x00, 0x00, 0x00, 0x00, 0x00, 0x00, 0x00,
    0x00, 0x00, 0x00, 0x00, 0x00, 0x00, 0x00, 0x00, 0x00, 0x00, 0x00, 0x00,
    0x00, 0x00, 0x00, 0x00, 0x00, 0x00, 0x00, 0x00, 0x00, 0x00, 0x00, 0x00,
    0x50, 0x50, 0x50, 0xbe, 0x50, 0x50, 0x50, 0xff, 0x50, 0x54, 0x50, 0xff,
    0x50, 0x50, 0x50, 0xff, 0x50, 0x50, 0x50, 0xff, 0x50, 0x50, 0x50, 0x7d,
    0x00, 0x00, 0x00, 0x00, 0x00, 0x00, 0x00, 0x00, 0x00, 0x00, 0x00, 0x00,
    0x00, 0x00, 0x00, 0x00, 0x00, 0x00, 0x00, 0x00, 0x00, 0x00, 0x00, 0x00,
    0x00, 0x00, 0x00, 0x00, 0x00, 0x00, 0x00, 0x00, 0x00, 0x00, 0x00, 0x00,
    0x00, 0x00, 0x00, 0x00, 0x00, 0x00, 0x00, 0x00, 0x50, 0x50, 0x50, 0xbe,
    0x50, 0x54, 0x50, 0xff, 0x50, 0x54, 0x50, 0xff, 0x50, 0x50, 0x50, 0xff,
    0x50, 0x54, 0x50, 0xff, 0x50, 0x50, 0x50, 0x9e, 0x00, 0x00, 0x00, 0x00,
    0x00, 0x00, 0x00, 0x00, 0x00, 0x00, 0x00, 0x00, 0x00, 0x00, 0x00, 0x00,
    0x00, 0x00, 0x00, 0x00, 0x00, 0x00, 0x00, 0x00, 0x00, 0x00, 0x00, 0x00,
    0x00, 0x00, 0x00, 0x00, 0x00, 0x00, 0x00, 0x00, 0x00, 0x00, 0x00, 0x00,
    0x50, 0x50, 0x50, 0x20, 0x50, 0x50, 0x50, 0xff, 0x58, 0x50, 0x58, 0xff,
    0x50, 0x50, 0x50, 0xff, 0x50, 0x50, 0x50, 0xff, 0x58, 0x50, 0x58, 0xff,
    0x50, 0x50, 0x50, 0xdf, 0x00, 0x00, 0x00, 0x00, 0x00, 0x00, 0x00, 0x00,
    0x00, 0x00, 0x00, 0x00, 0x00, 0x00, 0x00, 0x00, 0x00, 0x00, 0x00, 0x00,
    0x00, 0x00, 0x00, 0x00, 0x00, 0x00, 0x00, 0x00, 0x00, 0x00, 0x00, 0x00,
    0x00, 0x00, 0x00, 0x00, 0x00, 0x00, 0x00, 0x00, 0x00, 0x00, 0x00, 0x00,
    0x00, 0x00, 0x00, 0x00, 0x00, 0x00, 0x00, 0x00, 0x00, 0x00, 0x00, 0x00,
    0x00, 0x00, 0x00, 0x00, 0x00, 0x00, 0x00, 0x00, 0x00, 0x00, 0x00, 0x00,
    0x00, 0x00, 0x00, 0x00, 0x00, 0x00, 0x00, 0x00, 0x00, 0x00, 0x00, 0x00,
    0x00, 0x00, 0x00, 0x00, 0x00, 0x00, 0x00, 0x00, 0x00, 0x00, 0x00, 0x00,
    0x00, 0x00, 0x00, 0x00, 0x00, 0x00, 0x00, 0x00, 0x00, 0x00, 0x00, 0x00,
    0x00, 0x00, 0x00, 0x00, 0x00, 0x00, 0x00, 0x00, 0x00, 0x00, 0x00, 0x00,
    0x00, 0x00, 0x00, 0x00, 0x00, 0x00, 0x00, 0x00, 0x00, 0x00, 0x00, 0x00,
    0x00, 0x00, 0x00, 0x00, 0x00, 0x00, 0x00, 0x00, 0x00, 0x00, 0x00, 0x00,
    0x00, 0x00, 0x00, 0x00, 0x00, 0x00, 0x00, 0x00, 0x00, 0x00, 0x00, 0x00,
    0x00, 0x00, 0x00, 0x00, 0x00, 0x00, 0x00, 0x00, 0x00, 0x00, 0x00, 0x00,
    0x00, 0x00, 0x00, 0x00, 0x00, 0x00, 0x00, 0x00, 0x00, 0x00, 0x00, 0x00,
    0x00, 0x00, 0x00, 0x00, 0x00, 0x00, 0x00, 0x00, 0x00, 0x00, 0x00, 0x00,
    0x00, 0x00, 0x00, 0x00, 0x00, 0x00, 0x00, 0x00, 0x00, 0x00, 0x00, 0x00,
    0x00, 0x00, 0x00, 0x00, 0x00, 0x00, 0x00, 0x00, 0x00, 0x00, 0x00, 0x00,
    0x00, 0x00, 0x00, 0x00, 0x00, 0x00, 0x00, 0x00, 0x00, 0x00, 0x00, 0x00,
    0x00, 0x00, 0x00, 0x00, 0x00, 0x00, 0x00, 0x00, 0x00, 0x00, 0x00, 0x00,
    0x50, 0x50, 0x50, 0x7d, 0x50, 0x50, 0x50, 0xff, 0x58, 0x50, 0x58, 0xff,
    0x50, 0x50, 0x50, 0xff, 0x50, 0x54, 0x50, 0xff, 0x50, 0x50, 0x50, 0xdf,
    0x00, 0x00, 0x00, 0x00, 0x00, 0x00, 0x00, 0x00, 0x00, 0x00, 0x00, 0x00,
    0x00, 0x00, 0x00, 0x00, 0x00, 0x00, 0x00, 0x00, 0x00, 0x00, 0x00, 0x00,
    0x00, 0x00, 0x00, 0x00, 0x00, 0x00, 0x00, 0x00, 0x00, 0x00, 0x00, 0x00,
    0x00, 0x00, 0x00, 0x00, 0x00, 0x00, 0x00, 0x00, 0x50, 0x50, 0x50, 0x82,
    0x50, 0x50, 0x50, 0xff, 0x50, 0x50, 0x50, 0xff, 0x50, 0x50, 0x50, 0xff,
    0x50, 0x50, 0x50, 0xff, 0x50, 0x50, 0x50, 0xff, 0x50, 0x50, 0x50, 0x20,
    0x00, 0x00, 0x00, 0x00, 0x00, 0x00, 0x00, 0x00, 0x00, 0x00, 0x00, 0x00,
    0x00, 0x00, 0x00, 0x00, 0x00, 0x00, 0x00, 0x00, 0x00, 0x00, 0x00, 0x00,
    0x00, 0x00, 0x00, 0x00, 0x00, 0x00, 0x00, 0x00, 0x00, 0x00, 0x00, 0x00,
    0x00, 0x00, 0x00, 0x00, 0x50, 0x50, 0x50, 0xbe, 0x50, 0x54, 0x50, 0xff,
    0x50, 0x54, 0x50, 0xff, 0x50, 0x50, 0x50, 0xff, 0x50, 0x50, 0x50, 0xff,
    0x50, 0x54, 0x50, 0xff, 0x50, 0x50, 0x50, 0x61, 0x00, 0x00, 0x00, 0x00,
    0x00, 0x00, 0x00, 0x00, 0x00, 0x00, 0x00, 0x00, 0x00, 0x00, 0x00, 0x00,
    0x00, 0x00, 0x00, 0x00, 0x00, 0x00, 0x00, 0x00, 0x00, 0x00, 0x00, 0x00,
    0x00, 0x00, 0x00, 0x00, 0x00, 0x00, 0x00, 0x00, 0x00, 0x00, 0x00, 0x00,
    0x00, 0x00, 0x00, 0x00, 0x00, 0x00, 0x00, 0x00, 0x00, 0x00, 0x00, 0x00,
    0x00, 0x00, 0x00, 0x00, 0x00, 0x00, 0x00, 0x00, 0x00, 0x00, 0x00, 0x00,
    0x00, 0x00, 0x00, 0x00, 0x00, 0x00, 0x00, 0x00, 0x00, 0x00, 0x00, 0x00,
    0x00, 0x00, 0x00, 0x00, 0x00, 0x00, 0x00, 0x00, 0x00, 0x00, 0x00, 0x00,
    0x00, 0x00, 0x00, 0x00, 0x00, 0x00, 0x00, 0x00, 0x00, 0x00, 0x00, 0x00,
    0x00, 0x00, 0x00, 0x00, 0x00, 0x00, 0x00, 0x00, 0x00, 0x00, 0x00, 0x00,
    0x00, 0x00, 0x00, 0x00, 0x00, 0x00, 0x00, 0x00, 0x00, 0x00, 0x00, 0x00,
    0x00, 0x00, 0x00, 0x00, 0x00, 0x00, 0x00, 0x00, 0x00, 0x00, 0x00, 0x00,
    0x00, 0x00, 0x00, 0x00, 0x00, 0x00, 0x00, 0x00, 0x00, 0x00, 0x00, 0x00,
    0x00, 0x00, 0x00, 0x00, 0x00, 0x00, 0x00, 0x00, 0x00, 0x00, 0x00, 0x00,
    0x00, 0x00, 0x00, 0x00, 0x00, 0x00, 0x00, 0x00, 0x00, 0x00, 0x00, 0x00,
    0x00, 0x00, 0x00, 0x00, 0x00, 0x00, 0x00, 0x00, 0x00, 0x00, 0x00, 0x00,
    0x00, 0x00, 0x00, 0x00, 0x00, 0x00, 0x00, 0x00, 0x00, 0x00, 0x00, 0x00,
    0x00, 0x00, 0x00, 0x00, 0x00, 0x00, 0x00, 0x00, 0x00, 0x00, 0x00, 0x00,
    0x00, 0x00, 0x00, 0x00, 0x00, 0x00, 0x00, 0x00, 0x00, 0x00, 0x00, 0x00,
    0x00, 0x00, 0x00, 0x00, 0x00, 0x00, 0x00, 0x00, 0x00, 0x00, 0x00, 0x00,
    0x50, 0x50, 0x50, 0x41, 0x50, 0x50, 0x50, 0xff, 0x50, 0x54, 0x50, 0xff,
    0x50, 0x50, 0x50, 0xff, 0x50, 0x50, 0x50, 0xff, 0x50, 0x50, 0x50, 0xff,
    0x50, 0x50, 0x50, 0x41, 0x00, 0x00, 0x00, 0x00, 0x00, 0x00, 0x00, 0x00,
    0x00, 0x00, 0x00, 0x00, 0x00, 0x00, 0x00, 0x00, 0x00, 0x00, 0x00, 0x00,
    0x00, 0x00, 0x00, 0x00, 0x00, 0x00, 0x00, 0x00, 0x00, 0x00, 0x00, 0x00,
    0x00, 0x00, 0x00, 0x00, 0x00, 0x00, 0x00, 0x00, 0x50, 0x50, 0x50, 0x41,
    0x50, 0x50, 0x50, 0xff, 0x58, 0x54, 0x58, 0xff, 0x50, 0x50, 0x50, 0xff,
    0x50, 0x50, 0x50, 0xff, 0x58, 0x54, 0x58, 0xff, 0x50, 0x50, 0x50, 0x41,
    0x00, 0x00, 0x00, 0x00, 0x00, 0x00, 0x00, 0x00, 0x00, 0x00, 0x00, 0x00,
    0x00, 0x00, 0x00, 0x00, 0x00, 0x00, 0x00, 0x00, 0x00, 0x00, 0x00, 0x00,
    0x00, 0x00, 0x00, 0x00, 0x00, 0x00, 0x00, 0x00, 0x00, 0x00, 0x00, 0x00,
    0x00, 0x00, 0x00, 0x00, 0x50, 0x50, 0x50, 0x82, 0x50, 0x50, 0x50, 0xff,
    0x50, 0x50, 0x50, 0xff, 0x50, 0x50, 0x50, 0xff, 0x58, 0x50, 0x58, 0xff,
    0x50, 0x54, 0x50, 0xff, 0x50, 0x50, 0x50, 0xbe, 0x00, 0x00, 0x00, 0x00,
    0x00, 0x00, 0x00, 0x00, 0x00, 0x00, 0x00, 0x00, 0x00, 0x00, 0x00, 0x00,
    0x00, 0x00, 0x00, 0x00, 0x00, 0x00, 0x00, 0x00, 0x00, 0x00, 0x00, 0x00,
    0x00, 0x00, 0x00, 0x00, 0x00, 0x00, 0x00, 0x00, 0x00, 0x00, 0x00, 0x00,
    0x00, 0x00, 0x00, 0x00, 0x00, 0x00, 0x00, 0x00, 0x00, 0x00, 0x00, 0x00,
    0x00, 0x00, 0x00, 0x00, 0x00, 0x00, 0x00, 0x00, 0x00, 0x00, 0x00, 0x00,
    0x00, 0x00, 0x00, 0x00, 0x00, 0x00, 0x00, 0x00, 0x00, 0x00, 0x00, 0x00,
    0x00, 0x00, 0x00, 0x00, 0x00, 0x00, 0x00, 0x00, 0x00, 0x00, 0x00, 0x00,
    0x00, 0x00, 0x00, 0x00, 0x00, 0x00, 0x00, 0x00, 0x00, 0x00, 0x00, 0x00,
    0x00, 0x00, 0x00, 0x00, 0x00, 0x00, 0x00, 0x00, 0x00, 0x00, 0x00, 0x00,
    0x00, 0x00, 0x00, 0x00, 0x00, 0x00, 0x00, 0x00, 0x00, 0x00, 0x00, 0x00,
    0x00, 0x00, 0x00, 0x00, 0x00, 0x00, 0x00, 0x00, 0x00, 0x00, 0x00, 0x00,
    0x00, 0x00, 0x00, 0x00, 0x00, 0x00, 0x00, 0x00, 0x00, 0x00, 0x00, 0x00,
    0x00, 0x00, 0x00, 0x00, 0x00, 0x00, 0x00, 0x00, 0x00, 0x00, 0x00, 0x00,
    0x00, 0x00, 0x00, 0x00, 0x00, 0x00, 0x00, 0x00, 0x00, 0x00, 0x00, 0x00,
    0x00, 0x00, 0x00, 0x00, 0x00, 0x00, 0x00, 0x00, 0x00, 0x00, 0x00, 0x00,
    0x00, 0x00, 0x00, 0x00, 0x00, 0x00, 0x00, 0x00, 0x00, 0x00, 0x00, 0x00,
    0x00, 0x00, 0x00, 0x00, 0x00, 0x00, 0x00, 0x00, 0x00, 0x00, 0x00, 0x00,
    0x00, 0x00, 0x00, 0x00, 0x00, 0x00, 0x00, 0x00, 0x00, 0x00, 0x00, 0x00,
    0x00, 0x00, 0x00, 0x00, 0x00, 0x00, 0x00, 0x00, 0x00, 0x00, 0x00, 0x00,
    0x00, 0x00, 0x00, 0x00, 0x50, 0x50, 0x50, 0xbe, 0x50, 0x50, 0x50, 0xff,
    0x50, 0x54, 0x50, 0xff, 0x50, 0x50, 0x50, 0xff, 0x50, 0x50, 0x50, 0xff,
    0x50, 0x50, 0x50, 0x61, 0x00, 0x00, 0x00, 0x00, 0x00, 0x00, 0x00, 0x00,
    0x00, 0x00, 0x00, 0x00, 0x00, 0x00, 0x00, 0x00, 0x00, 0x00, 0x00, 0x00,
    0x00, 0x00, 0x00, 0x00, 0x00, 0x00, 0x00, 0x00, 0x00, 0x00, 0x00, 0x00,
    0x00, 0x00, 0x00, 0x00, 0x00, 0x00, 0x00, 0x00, 0x00, 0x00, 0x00, 0x00,
    0x50, 0x50, 0x50, 0x9e, 0x50, 0x50, 0x50, 0xff, 0x50, 0x50, 0x50, 0xff,
    0x50, 0x54, 0x50, 0xff, 0x50, 0x50, 0x50, 0xff, 0x50, 0x50, 0x50, 0x82,
    0x00, 0x00, 0x00, 0x00, 0x00, 0x00, 0x00, 0x00, 0x00, 0x00, 0x00, 0x00,
    0x00, 0x00, 0x00, 0x00, 0x00, 0x00, 0x00, 0x00, 0x00, 0x00, 0x00, 0x00,
    0x00, 0x00, 0x00, 0x00, 0x00, 0x00, 0x00, 0x00, 0x00, 0x00, 0x00, 0x00,
    0x00, 0x00, 0x00, 0x00, 0x00, 0x00, 0x00, 0x00, 0x50, 0x50, 0x50, 0xff,
    0x58, 0x54, 0x58, 0xff, 0x50, 0x50, 0x50, 0xff, 0x50, 0x50, 0x50, 0xff,
    0x50, 0x50, 0x50, 0xff, 0x50, 0x50, 0x50, 0xdf, 0x00, 0x00, 0x00, 0x00,
    0x00, 0x00, 0x00, 0x00, 0x00, 0x00, 0x00, 0x00, 0x00, 0x00, 0x00, 0x00,
    0x00, 0x00, 0x00, 0x00, 0x00, 0x00, 0x00, 0x00, 0x00, 0x00, 0x00, 0x00,
    0x00, 0x00, 0x00, 0x00, 0x00, 0x00, 0x00, 0x00, 0x00, 0x00, 0x00, 0x00,
    0x00, 0x00, 0x00, 0x00, 0x00, 0x00, 0x00, 0x00, 0x00, 0x00, 0x00, 0x00,
    0x00, 0x00, 0x00, 0x00, 0x00, 0x00, 0x00, 0x00, 0x00, 0x00, 0x00, 0x00,
    0x00, 0x00, 0x00, 0x00, 0x00, 0x00, 0x00, 0x00, 0x00, 0x00, 0x00, 0x00,
    0x00, 0x00, 0x00, 0x00, 0x00, 0x00, 0x00, 0x00, 0x00, 0x00, 0x00, 0x00,
    0x00, 0x00, 0x00, 0x00, 0x00, 0x00, 0x00, 0x00, 0x00, 0x00, 0x00, 0x00,
    0x00, 0x00, 0x00, 0x00, 0x00, 0x00, 0x00, 0x00, 0x00, 0x00, 0x00, 0x00,
    0x00, 0x00, 0x00, 0x00, 0x00, 0x00, 0x00, 0x00, 0x00, 0x00, 0x00, 0x00,
    0x00, 0x00, 0x00, 0x00, 0x00, 0x00, 0x00, 0x00, 0x00, 0x00, 0x00, 0x00,
    0x00, 0x00, 0x00, 0x00, 0x00, 0x00, 0x00, 0x00, 0x00, 0x00, 0x00, 0x00,
    0x00, 0x00, 0x00, 0x00, 0x00, 0x00, 0x00, 0x00, 0x00, 0x00, 0x00, 0x00,
    0x00, 0x00, 0x00, 0x00, 0x00, 0x00, 0x00, 0x00, 0x00, 0x00, 0x00, 0x00,
    0x00, 0x00, 0x00, 0x00, 0x00, 0x00, 0x00, 0x00, 0x00, 0x00, 0x00, 0x00,
    0x00, 0x00, 0x00, 0x00, 0x00, 0x00, 0x00, 0x00, 0x00, 0x00, 0x00, 0x00,
    0x00, 0x00, 0x00, 0x00, 0x00, 0x00, 0x00, 0x00, 0x00, 0x00, 0x00, 0x00,
    0x00, 0x00, 0x00, 0x00, 0x00, 0x00, 0x00, 0x00, 0x00, 0x00, 0x00, 0x00,
    0x00, 0x00, 0x00, 0x00, 0x00, 0x00, 0x00, 0x00, 0x00, 0x00, 0x00, 0x00,
    0x00, 0x00, 0x00, 0x00, 0x50, 0x50, 0x50, 0x41, 0x50, 0x50, 0x50, 0xff,
    0x50, 0x50, 0x50, 0xff, 0x58, 0x50, 0x58, 0xff, 0x50, 0x54, 0x50, 0xff,
    0x50, 0x50, 0x50, 0xbe, 0x00, 0x00, 0x00, 0x00, 0x00, 0x00, 0x00, 0x00,
    0x00, 0x00, 0x00, 0x00, 0x00, 0x00, 0x00, 0x00, 0x00, 0x00, 0x00, 0x00,
    0x00, 0x00, 0x00, 0x00, 0x00, 0x00, 0x00, 0x00, 0x00, 0x00, 0x00, 0x00,
    0x00, 0x00, 0x00, 0x00, 0x00, 0x00, 0x00, 0x00, 0x00, 0x00, 0x00, 0x00,
    0x00, 0x00, 0x00, 0x00, 0x50, 0x54, 0x50, 0xff, 0x50, 0x50, 0x50, 0xff,
    0x50, 0x50, 0x50, 0xff, 0x50, 0x50, 0x50, 0xff, 0x50, 0x50, 0x50, 0xdf,
    0x00, 0x00, 0x00, 0x00, 0x00, 0x00, 0x00, 0x00, 0x00, 0x00, 0x00, 0x00,
    0x00, 0x00, 0x00, 0x00, 0x00, 0x00, 0x00, 0x00, 0x00, 0x00, 0x00, 0x00,
    0x00, 0x00, 0x00, 0x00, 0x00, 0x00, 0x00, 0x00, 0x00, 0x00, 0x00, 0x00,
    0x00, 0x00, 0x00, 0x00, 0x00, 0x00, 0x00, 0x00, 0x50, 0x50, 0x50, 0x61,
    0x50, 0x50, 0x50, 0xff, 0x50, 0x50, 0x50, 0xff, 0x50, 0x54, 0x50, 0xff,
    0x50, 0x50, 0x50, 0xff, 0x50, 0x54, 0x50, 0xff, 0x50, 0x50, 0x50, 0x41,
    0x00, 0x00, 0x00, 0x00, 0x00, 0x00, 0x00, 0x00, 0x00, 0x00, 0x00, 0x00,
    0x00, 0x00, 0x00, 0x00, 0x00, 0x00, 0x00, 0x00, 0x00, 0x00, 0x00, 0x00,
    0x00, 0x00, 0x00, 0x00, 0x00, 0x00, 0x00, 0x00, 0x00, 0x00, 0x00, 0x00,
    0x00, 0x00, 0x00, 0x00, 0x00, 0x00, 0x00, 0x00, 0x00, 0x00, 0x00, 0x00,
    0x00, 0x00, 0x00, 0x00, 0x00, 0x00, 0x00, 0x00, 0x00, 0x00, 0x00, 0x00,
    0x00, 0x00, 0x00, 0x00, 0x00, 0x00, 0x00, 0x00, 0x00, 0x00, 0x00, 0x00,
    0x00, 0x00, 0x00, 0x00, 0x00, 0x00, 0x00, 0x00, 0x00, 0x00, 0x00, 0x00,
    0x00, 0x00, 0x00, 0x00, 0x00, 0x00, 0x00, 0x00, 0x00, 0x00, 0x00, 0x00,
    0x00, 0x00, 0x00, 0x00, 0x00, 0x00, 0x00, 0x00, 0x00, 0x00, 0x00, 0x00,
    0x00, 0x00, 0x00, 0x00, 0x00, 0x00, 0x00, 0x00, 0x00, 0x00, 0x00, 0x00,
    0x00, 0x00, 0x00, 0x00, 0x00, 0x00, 0x00, 0x00, 0x00, 0x00, 0x00, 0x00,
    0x00, 0x00, 0x00, 0x00, 0x00, 0x00, 0x00, 0x00, 0x00, 0x00, 0x00, 0x00,
    0x00, 0x00, 0x00, 0x00, 0x00, 0x00, 0x00, 0x00, 0x00, 0x00, 0x00, 0x00,
    0x00, 0x00, 0x00, 0x00, 0x00, 0x00, 0x00, 0x00, 0x00, 0x00, 0x00, 0x00,
    0x00, 0x00, 0x00, 0x00, 0x00, 0x00, 0x00, 0x00, 0x00, 0x00, 0x00, 0x00,
    0x00, 0x00, 0x00, 0x00, 0x00, 0x00, 0x00, 0x00, 0x00, 0x00, 0x00, 0x00,
    0x00, 0x00, 0x00, 0x00, 0x00, 0x00, 0x00, 0x00, 0x00, 0x00, 0x00, 0x00,
    0x00, 0x00, 0x00, 0x00, 0x00, 0x00, 0x00, 0x00, 0x00, 0x00, 0x00, 0x00,
    0x00, 0x00, 0x00, 0x00, 0x00, 0x00, 0x00, 0x00, 0x00, 0x00, 0x00, 0x00,
    0x00, 0x00, 0x00, 0x00, 0x00, 0x00, 0x00, 0x00, 0x50, 0x50, 0x50, 0x61,
    0x50, 0x54, 0x50, 0xff, 0x50, 0x50, 0x50, 0xff, 0x50, 0x50, 0x50, 0xff,
    0x50, 0x50, 0x50, 0xff, 0x50, 0x50, 0x50, 0x41, 0x00, 0x00, 0x00, 0x00,
    0x00, 0x00, 0x00, 0x00, 0x00, 0x00, 0x00, 0x00, 0x00, 0x00, 0x00, 0x00,
    0x00, 0x00, 0x00, 0x00, 0x00, 0x00, 0x00, 0x00, 0x00, 0x00, 0x00, 0x00,
    0x00, 0x00, 0x00, 0x00, 0x00, 0x00, 0x00, 0x00, 0x00, 0x00, 0x00, 0x00,
    0x00, 0x00, 0x00, 0x00, 0x50, 0x50, 0x50, 0x61, 0x58, 0x50, 0x58, 0xff,
    0x50, 0x50, 0x50, 0xff, 0x50, 0x54, 0x50, 0xff, 0x58, 0x50, 0x58, 0xff,
    0x50, 0x50, 0x50, 0x41, 0x00, 0x00, 0x00, 0x00, 0x00, 0x00, 0x00, 0x00,
    0x00, 0x00, 0x00, 0x00, 0x00, 0x00, 0x00, 0x00, 0x00, 0x00, 0x00, 0x00,
    0x00, 0x00, 0x00, 0x00, 0x00, 0x00, 0x00, 0x00, 0x00, 0x00, 0x00, 0x00,
    0x00, 0x00, 0x00, 0x00, 0x00, 0x00, 0x00, 0x00, 0x00, 0x00, 0x00, 0x00,
    0x50, 0x50, 0x50, 0x9e, 0x50, 0x50, 0x50, 0xff, 0x50, 0x50, 0x50, 0xff,
    0x50, 0x50, 0x50, 0xff, 0x58, 0x50, 0x58, 0xff, 0x50, 0x50, 0x50, 0x9e,
    0x00, 0x00, 0x00, 0x00, 0x00, 0x00, 0x00, 0x00, 0x00, 0x00, 0x00, 0x00,
    0x00, 0x00, 0x00, 0x00, 0x00, 0x00, 0x00, 0x00, 0x00, 0x00, 0x00, 0x00,
    0x00, 0x00, 0x00, 0x00, 0x00, 0x00, 0x00, 0x00, 0x00, 0x00, 0x00, 0x00,
    0x00, 0x00, 0x00, 0x00, 0x00, 0x00, 0x00, 0x00, 0x00, 0x00, 0x00, 0x00,
    0x00, 0x00, 0x00, 0x00, 0x00, 0x00, 0x00, 0x00, 0x00, 0x00, 0x00, 0x00,
    0x00, 0x00, 0x00, 0x00, 0x00, 0x00, 0x00, 0x00, 0x00, 0x00, 0x00, 0x00,
    0x00, 0x00, 0x00, 0x00, 0x00, 0x00, 0x00, 0x00, 0x00, 0x00, 0x00, 0x00,
    0x00, 0x00, 0x00, 0x00, 0x00, 0x00, 0x00, 0x00, 0x00, 0x00, 0x00, 0x00,
    0x00, 0x00, 0x00, 0x00, 0x00, 0x00, 0x00, 0x00, 0x00, 0x00, 0x00, 0x00,
    0x00, 0x00, 0x00, 0x00, 0x00, 0x00, 0x00, 0x00, 0x00, 0x00, 0x00, 0x00,
    0x00, 0x00, 0x00, 0x00, 0x00, 0x00, 0x00, 0x00, 0x00, 0x00, 0x00, 0x00,
    0x00, 0x00, 0x00, 0x00, 0x00, 0x00, 0x00, 0x00, 0x00, 0x00, 0x00, 0x00,
    0x00, 0x00, 0x00, 0x00, 0x00, 0x00, 0x00, 0x00, 0x00, 0x00, 0x00, 0x00,
    0x00, 0x00, 0x00, 0x00, 0x00, 0x00, 0x00, 0x00, 0x00, 0x00, 0x00, 0x00,
    0x00, 0x00, 0x00, 0x00, 0x00, 0x00, 0x00, 0x00, 0x00, 0x00, 0x00, 0x00,
    0x00, 0x00, 0x00, 0x00, 0x00, 0x00, 0x00, 0x00, 0x00, 0x00, 0x00, 0x00,
    0x00, 0x00, 0x00, 0x00, 0x00, 0x00, 0x00, 0x00, 0x00, 0x00, 0x00, 0x00,
    0x00, 0x00, 0x00, 0x00, 0x00, 0x00, 0x00, 0x00, 0x00, 0x00, 0x00, 0x00,
    0x00, 0x00, 0x00, 0x00, 0x00, 0x00, 0x00, 0x00, 0x00, 0x00, 0x00, 0x00,
    0x00, 0x00, 0x00, 0x00, 0x00, 0x00, 0x00, 0x00, 0x00, 0x00, 0x00, 0x00,
    0x50, 0x50, 0x50, 0xbe, 0x50, 0x50, 0x50, 0xff, 0x50, 0x54, 0x50, 0xff,
    0x50, 0x50, 0x50, 0xff, 0x50, 0x50, 0x50, 0x9e, 0x00, 0x00, 0x00, 0x00,
    0x00, 0x00, 0x00, 0x00, 0x00, 0x00, 0x00, 0x00, 0x00, 0x00, 0x00, 0x00,
    0x00, 0x00, 0x00, 0x00, 0x00, 0x00, 0x00, 0x00, 0x00, 0x00, 0x00, 0x00,
    0x00, 0x00, 0x00, 0x00, 0x00, 0x00, 0x00, 0x00, 0x00, 0x00, 0x00, 0x00,
    0x00, 0x00, 0x00, 0x00, 0x00, 0x00, 0x00, 0x00, 0x50, 0x50, 0x50, 0x9e,
    0x50, 0x50, 0x50, 0xff, 0x50, 0x50, 0x50, 0xff, 0x50, 0x54, 0x50, 0xff,
    0x50, 0x50, 0x50, 0x9e, 0x00, 0x00, 0x00, 0x00, 0x00, 0x00, 0x00, 0x00,
    0x00, 0x00, 0x00, 0x00, 0x00, 0x00, 0x00, 0x00, 0x00, 0x00, 0x00, 0x00,
    0x00, 0x00, 0x00, 0x00, 0x00, 0x00, 0x00, 0x00, 0x00, 0x00, 0x00, 0x00,
    0x00, 0x00, 0x00, 0x00, 0x00, 0x00, 0x00, 0x00, 0x00, 0x00, 0x00, 0x00,
    0x00, 0x00, 0x00, 0x00, 0x50, 0x54, 0x50, 0xff, 0x58, 0x50, 0x58, 0xff,
    0x50, 0x54, 0x50, 0xff, 0x50, 0x50, 0x50, 0xff, 0x50, 0x50, 0x50, 0xff,
    0x00, 0x00, 0x00, 0x00, 0x00, 0x00, 0x00, 0x00, 0x00, 0x00, 0x00, 0x00,
    0x00, 0x00, 0x00, 0x00, 0x00, 0x00, 0x00, 0x00, 0x00, 0x00, 0x00, 0x00,
    0x00, 0x00, 0x00, 0x00, 0x00, 0x00, 0x00, 0x00, 0x00, 0x00, 0x00, 0x00,
    0x00, 0x00, 0x00, 0x00, 0x00, 0x00, 0x00, 0x00, 0x00, 0x00, 0x00, 0x00,
    0x00, 0x00, 0x00, 0x00, 0x00, 0x00, 0x00, 0x00, 0x00, 0x00, 0x00, 0x00,
    0x00, 0x00, 0x00, 0x00, 0x00, 0x00, 0x00, 0x00, 0x00, 0x00, 0x00, 0x00,
    0x00, 0x00, 0x00, 0x00, 0x00, 0x00, 0x00, 0x00, 0x00, 0x00, 0x00, 0x00,
    0x00, 0x00, 0x00, 0x00, 0x00, 0x00, 0x00, 0x00, 0x00, 0x00, 0x00, 0x00,
    0x00, 0x00, 0x00, 0x00, 0x00, 0x00, 0x00, 0x00, 0x00, 0x00, 0x00, 0x00,
    0x00, 0x00, 0x00, 0x00, 0x00, 0x00, 0x00, 0x00, 0x00, 0x00, 0x00, 0x00,
    0x00, 0x00, 0x00, 0x00, 0x00, 0x00, 0x00, 0x00, 0x00, 0x00, 0x00, 0x00,
    0x00, 0x00, 0x00, 0x00, 0x00, 0x00, 0x00, 0x00, 0x00, 0x00, 0x00, 0x00,
    0x00, 0x00, 0x00, 0x00, 0x00, 0x00, 0x00, 0x00, 0x00, 0x00, 0x00, 0x00,
    0x00, 0x00, 0x00, 0x00, 0x00, 0x00, 0x00, 0x00, 0x00, 0x00, 0x00, 0x00,
    0x00, 0x00, 0x00, 0x00, 0x00, 0x00, 0x00, 0x00, 0x00, 0x00, 0x00, 0x00,
    0x00, 0x00, 0x00, 0x00, 0x00, 0x00, 0x00, 0x00, 0x00, 0x00, 0x00, 0x00,
    0x00, 0x00, 0x00, 0x00, 0x00, 0x00, 0x00, 0x00, 0x00, 0x00, 0x00, 0x00,
    0x00, 0x00, 0x00, 0x00, 0x00, 0x00, 0x00, 0x00, 0x00, 0x00, 0x00, 0x00,
    0x00, 0x00, 0x00, 0x00, 0x00, 0x00, 0x00, 0x00, 0x00, 0x00, 0x00, 0x00,
    0x00, 0x00, 0x00, 0x00, 0x00, 0x00, 0x00, 0x00, 0x00, 0x00, 0x00, 0x00,
    0x00, 0x00, 0x00, 0x00, 0x50, 0x50, 0x50, 0xdf, 0x58, 0x50, 0x58, 0xff,
    0x50, 0x50, 0x50, 0xff, 0x50, 0x54, 0x50, 0xff, 0x50, 0x50, 0x50, 0x61,
    0x00, 0x00, 0x00, 0x00, 0x00, 0x00, 0x00, 0x00, 0x00, 0x00, 0x00, 0x00,
    0x00, 0x00, 0x00, 0x00, 0x00, 0x00, 0x00, 0x00, 0x00, 0x00, 0x00, 0x00,
    0x00, 0x00, 0x00, 0x00, 0x00, 0x00, 0x00, 0x00, 0x00, 0x00, 0x00, 0x00,
    0x00, 0x00, 0x00, 0x00, 0x00, 0x00, 0x00, 0x00, 0x00, 0x00, 0x00, 0x00,
    0x50, 0x50, 0x50, 0xdf, 0x50, 0x54, 0x50, 0xff, 0x50, 0x50, 0x50, 0xff,
    0x50, 0x50, 0x50, 0xff, 0x50, 0x50, 0x50, 0x7d, 0x00, 0x00, 0x00, 0x00,
    0x00, 0x00, 0x00, 0x00, 0x00, 0x00, 0x00, 0x00, 0x00, 0x00, 0x00, 0x00,
    0x00, 0x00, 0x00, 0x00, 0x00, 0x00, 0x00, 0x00, 0x00, 0x00, 0x00, 0x00,
    0x00, 0x00, 0x00, 0x00, 0x00, 0x00, 0x00, 0x00, 0x00, 0x00, 0x00, 0x00,
    0x00, 0x00, 0x00, 0x00, 0x50, 0x50, 0x50, 0x20, 0x50, 0x50, 0x50, 0xff,
    0x50, 0x50, 0x50, 0xff, 0x50, 0x54, 0x50, 0xff, 0x50, 0x50, 0x50, 0xff,
    0x50, 0x50, 0x50, 0x9e, 0x00, 0x00, 0x00, 0x00, 0x00, 0x00, 0x00, 0x00,
    0x00, 0x00, 0x00, 0x00, 0x00, 0x00, 0x00, 0x00, 0x00, 0x00, 0x00, 0x00,
    0x00, 0x00, 0x00, 0x00, 0x00, 0x00, 0x00, 0x00, 0x00, 0x00, 0x00, 0x00,
    0x00, 0x00, 0x00, 0x00, 0x00, 0x00, 0x00, 0x00, 0x00, 0x00, 0x00, 0x00,
    0x00, 0x00, 0x00, 0x00, 0x00, 0x00, 0x00, 0x00, 0x00, 0x00, 0x00, 0x00,
    0x00, 0x00, 0x00, 0x00, 0x00, 0x00, 0x00, 0x00, 0x00, 0x00, 0x00, 0x00,
    0x00, 0x00, 0x00, 0x00, 0x00, 0x00, 0x00, 0x00, 0x00, 0x00, 0x00, 0x00,
    0x00, 0x00, 0x00, 0x00, 0x00, 0x00, 0x00, 0x00, 0x00, 0x00, 0x00, 0x00,
    0x00, 0x00, 0x00, 0x00, 0x00, 0x00, 0x00, 0x00, 0x00, 0x00, 0x00, 0x00,
    0x00, 0x00, 0x00, 0x00, 0x00, 0x00, 0x00, 0x00, 0x00, 0x00, 0x00, 0x00,
    0x00, 0x00, 0x00, 0x00, 0x00, 0x00, 0x00, 0x00, 0x00, 0x00, 0x00, 0x00,
    0x00, 0x00, 0x00, 0x00, 0x00, 0x00, 0x00, 0x00, 0x00, 0x00, 0x00, 0x00,
    0x00, 0x00, 0x00, 0x00, 0x00, 0x00, 0x00, 0x00, 0x00, 0x00, 0x00, 0x00,
    0x00, 0x00, 0x00, 0x00, 0x00, 0x00, 0x00, 0x00, 0x00, 0x00, 0x00, 0x00,
    0x00, 0x00, 0x00, 0x00, 0x00, 0x00, 0x00, 0x00, 0x00, 0x00, 0x00, 0x00,
    0x00, 0x00, 0x00, 0x00, 0x00, 0x00, 0x00, 0x00, 0x00, 0x00, 0x00, 0x00,
    0x00, 0x00, 0x00, 0x00, 0x00, 0x00, 0x00, 0x00, 0x00, 0x00, 0x00, 0x00,
    0x00, 0x00, 0x00, 0x00, 0x00, 0x00, 0x00, 0x00, 0x00, 0x00, 0x00, 0x00,
    0x00, 0x00, 0x00, 0x00, 0x00, 0x00, 0x00, 0x00, 0x00, 0x00, 0x00, 0x00,
    0x00, 0x00, 0x00, 0x00, 0x00, 0x00, 0x00, 0x00, 0x00, 0x00, 0x00, 0x00,
    0x00, 0x00, 0x00, 0x00, 0x00, 0x00, 0x00, 0x00, 0x50, 0x50, 0x50, 0xff,
    0x50, 0x54, 0x50, 0xff, 0x50, 0x50, 0x50, 0xff, 0x58, 0x50, 0x58, 0xff,
    0x50, 0x50, 0x50, 0x20, 0x00, 0x00, 0x00, 0x00, 0x00, 0x00, 0x00, 0x00,
    0x00, 0x00, 0x00, 0x00, 0x00, 0x00, 0x00, 0x00, 0x00, 0x00, 0x00, 0x00,
    0x00, 0x00, 0x00, 0x00, 0x00, 0x00, 0x00, 0x00, 0x00, 0x00, 0x00, 0x00,
    0x00, 0x00, 0x00, 0x00, 0x00, 0x00, 0x00, 0x00, 0x00, 0x00, 0x00, 0x00,
    0x00, 0x00, 0x00, 0x00, 0x50, 0x50, 0x50, 0xdf, 0x58, 0x50, 0x58, 0xff,
    0x50, 0x50, 0x50, 0xff, 0x50, 0x50, 0x50, 0xff, 0x50, 0x50, 0x50, 0x61,
    0x00, 0x00, 0x00, 0x00, 0x00, 0x00, 0x00, 0x00, 0x00, 0x00, 0x00, 0x00,
    0x00, 0x00, 0x00, 0x00, 0x00, 0x00, 0x00, 0x00, 0x00, 0x00, 0x00, 0x00,
    0x00, 0x00, 0x00, 0x00, 0x00, 0x00, 0x00, 0x00, 0x00, 0x00, 0x00, 0x00,
    0x00, 0x00, 0x00, 0x00, 0x00, 0x00, 0x00, 0x00, 0x50, 0x50, 0x50, 0x41,
    0x50, 0x50, 0x50, 0xff, 0x50, 0x50, 0x50, 0xff, 0x50, 0x50, 0x50, 0xff,
    0x50, 0x54, 0x50, 0xff, 0x50, 0x50, 0x50, 0x82, 0x00, 0x00, 0x00, 0x00,
    0x00, 0x00, 0x00, 0x00, 0x00, 0x00, 0x00, 0x00, 0x00, 0x00, 0x00, 0x00,
    0x00, 0x00, 0x00, 0x00, 0x00, 0x00, 0x00, 0x00, 0x00, 0x00, 0x00, 0x00,
    0x00, 0x00, 0x00, 0x00, 0x00, 0x00, 0x00, 0x00, 0x00, 0x00, 0x00, 0x00,
    0x00, 0x00, 0x00, 0x00, 0x00, 0x00, 0x00, 0x00, 0x00, 0x00, 0x00, 0x00,
    0x00, 0x00, 0x00, 0x00, 0x00, 0x00, 0x00, 0x00, 0x00, 0x00, 0x00, 0x00,
    0x00, 0x00, 0x00, 0x00, 0x00, 0x00, 0x00, 0x00, 0x00, 0x00, 0x00, 0x00,
    0x00, 0x00, 0x00, 0x00, 0x00, 0x00, 0x00, 0x00, 0x00, 0x00, 0x00, 0x00,
    0x00, 0x00, 0x00, 0x00, 0x00, 0x00, 0x00, 0x00, 0x00, 0x00, 0x00, 0x00,
    0x00, 0x00, 0x00, 0x00, 0x00, 0x00, 0x00, 0x00, 0x00, 0x00, 0x00, 0x00,
    0x00, 0x00, 0x00, 0x00, 0x00, 0x00, 0x00, 0x00, 0x00, 0x00, 0x00, 0x00,
    0x00, 0x00, 0x00, 0x00, 0x00, 0x00, 0x00, 0x00, 0x00, 0x00, 0x00, 0x00,
    0x00, 0x00, 0x00, 0x00, 0x00, 0x00, 0x00, 0x00, 0x00, 0x00, 0x00, 0x00,
    0x00, 0x00, 0x00, 0x00, 0x00, 0x00, 0x00, 0x00, 0x00, 0x00, 0x00, 0x00,
    0x00, 0x00, 0x00, 0x00, 0x00, 0x00, 0x00, 0x00, 0x00, 0x00, 0x00, 0x00,
    0x00, 0x00, 0x00, 0x00, 0x00, 0x00, 0x00, 0x00, 0x00, 0x00, 0x00, 0x00,
    0x00, 0x00, 0x00, 0x00, 0x00, 0x00, 0x00, 0x00, 0x00, 0x00, 0x00, 0x00,
    0x00, 0x00, 0x00, 0x00, 0x00, 0x00, 0x00, 0x00, 0x00, 0x00, 0x00, 0x00,
    0x00, 0x00, 0x00, 0x00, 0x00, 0x00, 0x00, 0x00, 0x00, 0x00, 0x00, 0x00,
    0x00, 0x00, 0x00, 0x00, 0x00, 0x00, 0x00, 0x00, 0x00, 0x00, 0x00, 0x00,
    0x00, 0x00, 0x00, 0x00, 0x00, 0x00, 0x00, 0x00, 0x00, 0x00, 0x00, 0x00,
    0x50, 0x50, 0x50, 0xff, 0x50, 0x50, 0x50, 0xff, 0x50, 0x50, 0x50, 0xff,
    0x50, 0x50, 0x50, 0xff, 0x50, 0x50, 0x50, 0x41, 0x00, 0x00, 0x00, 0x00,
    0x00, 0x00, 0x00, 0x00, 0x00, 0x00, 0x00, 0x00, 0x00, 0x00, 0x00, 0x00,
    0x00, 0x00, 0x00, 0x00, 0x00, 0x00, 0x00, 0x00, 0x00, 0x00, 0x00, 0x00,
    0x00, 0x00, 0x00, 0x00, 0x00, 0x00, 0x00, 0x00, 0x00, 0x00, 0x00, 0x00,
    0x00, 0x00, 0x00, 0x00, 0x00, 0x00, 0x00, 0x00, 0x50, 0x54, 0x50, 0xff,
    0x50, 0x50, 0x50, 0xff, 0x50, 0x54, 0x50, 0xff, 0x50, 0x50, 0x50, 0xff,
    0x50, 0x50, 0x50, 0x41, 0x00, 0x00, 0x00, 0x00, 0x00, 0x00, 0x00, 0x00,
    0x00, 0x00, 0x00, 0x00, 0x00, 0x00, 0x00, 0x00, 0x00, 0x00, 0x00, 0x00,
    0x00, 0x00, 0x00, 0x00, 0x00, 0x00, 0x00, 0x00, 0x00, 0x00, 0x00, 0x00,
    0x00, 0x00, 0x00, 0x00, 0x00, 0x00, 0x00, 0x00, 0x00, 0x00, 0x00, 0x00,
    0x50, 0x50, 0x50, 0x41, 0x50, 0x54, 0x50, 0xff, 0x58, 0x50, 0x58, 0xff,
    0x50, 0x50, 0x50, 0xff, 0x50, 0x50, 0x50, 0xff, 0x50, 0x50, 0x50, 0x61,
    0x00, 0x00, 0x00, 0x00, 0x00, 0x00, 0x00, 0x00, 0x00, 0x00, 0x00, 0x00,
    0x00, 0x00, 0x00, 0x00, 0x00, 0x00, 0x00, 0x00, 0x00, 0x00, 0x00, 0x00,
    0x00, 0x00, 0x00, 0x00, 0x00, 0x00, 0x00, 0x00, 0x00, 0x00, 0x00, 0x00,
    0x00, 0x00, 0x00, 0x00, 0x00, 0x00, 0x00, 0x00, 0x00, 0x00, 0x00, 0x00,
    0x00, 0x00, 0x00, 0x00, 0x00, 0x00, 0x00, 0x00, 0x00, 0x00, 0x00, 0x00,
    0x00, 0x00, 0x00, 0x00, 0x00, 0x00, 0x00, 0x00, 0x00, 0x00, 0x00, 0x00,
    0x00, 0x00, 0x00, 0x00, 0x00, 0x00, 0x00, 0x00, 0x00, 0x00, 0x00, 0x00,
    0x00, 0x00, 0x00, 0x00, 0x00, 0x00, 0x00, 0x00, 0x00, 0x00, 0x00, 0x00,
    0x00, 0x00, 0x00, 0x00, 0x00, 0x00, 0x00, 0x00, 0x00, 0x00, 0x00, 0x00,
    0x00, 0x00, 0x00, 0x00, 0x00, 0x00, 0x00, 0x00, 0x00, 0x00, 0x00, 0x00,
    0x00, 0x00, 0x00, 0x00, 0x00, 0x00, 0x00, 0x00, 0x00, 0x00, 0x00, 0x00,
    0x00, 0x00, 0x00, 0x00, 0x00, 0x00, 0x00, 0x00, 0x00, 0x00, 0x00, 0x00,
    0x00, 0x00, 0x00, 0x00, 0x00, 0x00, 0x00, 0x00, 0x00, 0x00, 0x00, 0x00,
    0x00, 0x00, 0x00, 0x00, 0x00, 0x00, 0x00, 0x00, 0x00, 0x00, 0x00, 0x00,
    0x00, 0x00, 0x00, 0x00, 0x00, 0x00, 0x00, 0x00, 0x00, 0x00, 0x00, 0x00,
    0x00, 0x00, 0x00, 0x00, 0x00, 0x00, 0x00, 0x00, 0x00, 0x00, 0x00, 0x00,
    0x00, 0x00, 0x00, 0x00, 0x00, 0x00, 0x00, 0x00, 0x00, 0x00, 0x00, 0x00,
    0x00, 0x00, 0x00, 0x00, 0x00, 0x00, 0x00, 0x00, 0x00, 0x00, 0x00, 0x00,
    0x00, 0x00, 0x00, 0x00, 0x00, 0x00, 0x00, 0x00, 0x00, 0x00, 0x00, 0x00,
    0x00, 0x00, 0x00, 0x00, 0x00, 0x00, 0x00, 0x00, 0x00, 0x00, 0x00, 0x00,
    0x00, 0x00, 0x00, 0x00, 0x50, 0x50, 0x50, 0xff, 0x50, 0x54, 0x50, 0xff,
    0x50, 0x50, 0x50, 0xff, 0x50, 0x54, 0x50, 0xff, 0x50, 0x50, 0x50, 0x7d,
    0x00, 0x00, 0x00, 0x00, 0x00, 0x00, 0x00, 0x00, 0x00, 0x00, 0x00, 0x00,
    0x00, 0x00, 0x00, 0x00, 0x00, 0x00, 0x00, 0x00, 0x00, 0x00, 0x00, 0x00,
    0x00, 0x00, 0x00, 0x00, 0x00, 0x00, 0x00, 0x00, 0x00, 0x00, 0x00, 0x00,
    0x00, 0x00, 0x00, 0x00, 0x00, 0x00, 0x00, 0x00, 0x00, 0x00, 0x00, 0x00,
    0x50, 0x50, 0x50, 0xdf, 0x50, 0x50, 0x50, 0xff, 0x50, 0x50, 0x50, 0xff,
    0x58, 0x54, 0x58, 0xff, 0x50, 0x50, 0x50, 0x7d, 0x00, 0x00, 0x00, 0x00,
    0x00, 0x00, 0x00, 0x00, 0x00, 0x00, 0x00, 0x00, 0x00, 0x00, 0x00, 0x00,
    0x00, 0x00, 0x00, 0x00, 0x00, 0x00, 0x00, 0x00, 0x00, 0x00, 0x00, 0x00,
    0x00, 0x00, 0x00, 0x00, 0x00, 0x00, 0x00, 0x00, 0x00, 0x00, 0x00, 0x00,
    0x00, 0x00, 0x00, 0x00, 0x50, 0x50, 0x50, 0x41, 0x50, 0x50, 0x50, 0xff,
    0x50, 0x50, 0x50, 0xff, 0x50, 0x54, 0x50, 0xff, 0x50, 0x50, 0x50, 0xff,
    0x50, 0x50, 0x50, 0x61, 0x00, 0x00, 0x00, 0x00, 0x00, 0x00, 0x00, 0x00,
    0x00, 0x00, 0x00, 0x00, 0x00, 0x00, 0x00, 0x00, 0x00, 0x00, 0x00, 0x00,
    0x00, 0x00, 0x00, 0x00, 0x00, 0x00, 0x00, 0x00, 0x00, 0x00, 0x00, 0x00,
    0x00, 0x00, 0x00, 0x00, 0x00, 0x00, 0x00, 0x00, 0x00, 0x00, 0x00, 0x00,
    0x00, 0x00, 0x00, 0x00, 0x00, 0x00, 0x00, 0x00, 0x00, 0x00, 0x00, 0x00,
    0x00, 0x00, 0x00, 0x00, 0x00, 0x00, 0x00, 0x00, 0x00, 0x00, 0x00, 0x00,
    0x00, 0x00, 0x00, 0x00, 0x00, 0x00, 0x00, 0x00, 0x00, 0x00, 0x00, 0x00,
    0x00, 0x00, 0x00, 0x00, 0x00, 0x00, 0x00, 0x00, 0x00, 0x00, 0x00, 0x00,
    0x00, 0x00, 0x00, 0x00, 0x00, 0x00, 0x00, 0x00, 0x00, 0x00, 0x00, 0x00,
    0x00, 0x00, 0x00, 0x00, 0x00, 0x00, 0x00, 0x00, 0x00, 0x00, 0x00, 0x00,
    0x00, 0x00, 0x00, 0x00, 0x00, 0x00, 0x00, 0x00, 0x00, 0x00, 0x00, 0x00,
    0x00, 0x00, 0x00, 0x00, 0x00, 0x00, 0x00, 0x00, 0x00, 0x00, 0x00, 0x00,
    0x00, 0x00, 0x00, 0x00, 0x00, 0x00, 0x00, 0x00, 0x00, 0x00, 0x00, 0x00,
    0x00, 0x00, 0x00, 0x00, 0x00, 0x00, 0x00, 0x00, 0x00, 0x00, 0x00, 0x00,
    0x00, 0x00, 0x00, 0x00, 0x00, 0x00, 0x00, 0x00, 0x00, 0x00, 0x00, 0x00,
    0x00, 0x00, 0x00, 0x00, 0x00, 0x00, 0x00, 0x00, 0x00, 0x00, 0x00, 0x00,
    0x00, 0x00, 0x00, 0x00, 0x00, 0x00, 0x00, 0x00, 0x00, 0x00, 0x00, 0x00,
    0x00, 0x00, 0x00, 0x00, 0x00, 0x00, 0x00, 0x00, 0x00, 0x00, 0x00, 0x00,
    0x00, 0x00, 0x00, 0x00, 0x00, 0x00, 0x00, 0x00, 0x00, 0x00, 0x00, 0x00,
    0x00, 0x00, 0x00, 0x00, 0x00, 0x00, 0x00, 0x00, 0x00, 0x00, 0x00, 0x00,
    0x00, 0x00, 0x00, 0x00, 0x00, 0x00, 0x00, 0x00, 0x50, 0x50, 0x50, 0xdf,
    0x58, 0x50, 0x58, 0xff, 0x50, 0x54, 0x50, 0xff, 0x50, 0x50, 0x50, 0xff,
    0x50, 0x50, 0x50, 0xbe, 0x00, 0x00, 0x00, 0x00, 0x00, 0x00, 0x00, 0x00,
    0x00, 0x00, 0x00, 0x00, 0x00, 0x00, 0x00, 0x00, 0x00, 0x00, 0x00, 0x00,
    0x00, 0x00, 0x00, 0x00, 0x00, 0x00, 0x00, 0x00, 0x00, 0x00, 0x00, 0x00,
    0x00, 0x00, 0x00, 0x00, 0x00, 0x00, 0x00, 0x00, 0x00, 0x00, 0x00, 0x00,
    0x00, 0x00, 0x00, 0x00, 0x58, 0x50, 0x58, 0xbe, 0x50, 0x50, 0x50, 0xff,
    0x50, 0x50, 0x50, 0xff, 0x50, 0x50, 0x50, 0xff, 0x50, 0x50, 0x50, 0xbe,
    0x00, 0x00, 0x00, 0x00, 0x00, 0x00, 0x00, 0x00, 0x00, 0x00, 0x00, 0x00,
    0x00, 0x00, 0x00, 0x00, 0x00, 0x00, 0x00, 0x00, 0x00, 0x00, 0x00, 0x00,
    0x00, 0x00, 0x00, 0x00, 0x00, 0x00, 0x00, 0x00, 0x00, 0x00, 0x00, 0x00,
    0x00, 0x00, 0x00, 0x00, 0x00, 0x00, 0x00, 0x00, 0x50, 0x50, 0x50, 0x20,
    0x50, 0x50, 0x50, 0xff, 0x50, 0x50, 0x50, 0xff, 0x58, 0x54, 0x58, 0xff,
    0x50, 0x50, 0x50, 0xff, 0x50, 0x50, 0x50, 0x7d, 0x00, 0x00, 0x00, 0x00,
    0x00, 0x00, 0x00, 0x00, 0x00, 0x00, 0x00, 0x00, 0x00, 0x00, 0x00, 0x00,
    0x00, 0x00, 0x00, 0x00, 0x00, 0x00, 0x00, 0x00, 0x00, 0x00, 0x00, 0x00,
    0x00, 0x00, 0x00, 0x00, 0x00, 0x00, 0x00, 0x00, 0x00, 0x00, 0x00, 0x00,
    0x00, 0x00, 0x00, 0x00, 0x00, 0x00, 0x00, 0x00, 0x00, 0x00, 0x00, 0x00,
    0x00, 0x00, 0x00, 0x00, 0x00, 0x00, 0x00, 0x00, 0x00, 0x00, 0x00, 0x00,
    0x00, 0x00, 0x00, 0x00, 0x00, 0x00, 0x00, 0x00, 0x00, 0x00, 0x00, 0x00,
    0x00, 0x00, 0x00, 0x00, 0x00, 0x00, 0x00, 0x00, 0x00, 0x00, 0x00, 0x00,
    0x00, 0x00, 0x00, 0x00, 0x00, 0x00, 0x00, 0x00, 0x00, 0x00, 0x00, 0x00,
    0x00, 0x00, 0x00, 0x00, 0x00, 0x00, 0x00, 0x00, 0x00, 0x00, 0x00, 0x00,
    0x00, 0x00, 0x00, 0x00, 0x00, 0x00, 0x00, 0x00, 0x00, 0x00, 0x00, 0x00,
    0x00, 0x00, 0x00, 0x00, 0x00, 0x00, 0x00, 0x00, 0x00, 0x00, 0x00, 0x00,
    0x00, 0x00, 0x00, 0x00, 0x00, 0x00, 0x00, 0x00, 0x00, 0x00, 0x00, 0x00,
    0x00, 0x00, 0x00, 0x00, 0x00, 0x00, 0x00, 0x00, 0x00, 0x00, 0x00, 0x00,
    0x00, 0x00, 0x00, 0x00, 0x00, 0x00, 0x00, 0x00, 0x00, 0x00, 0x00, 0x00,
    0x00, 0x00, 0x00, 0x00, 0x00, 0x00, 0x00, 0x00, 0x00, 0x00, 0x00, 0x00,
    0x00, 0x00, 0x00, 0x00, 0x00, 0x00, 0x00, 0x00, 0x00, 0x00, 0x00, 0x00,
    0x00, 0x00, 0x00, 0x00, 0x00, 0x00, 0x00, 0x00, 0x00, 0x00, 0x00, 0x00,
    0x00, 0x00, 0x00, 0x00, 0x00, 0x00, 0x00, 0x00, 0x00, 0x00, 0x00, 0x00,
    0x00, 0x00, 0x00, 0x00, 0x00, 0x00, 0x00, 0x00, 0x00, 0x00, 0x00, 0x00,
    0x00, 0x00, 0x00, 0x00, 0x00, 0x00, 0x00, 0x00, 0x00, 0x00, 0x00, 0x00,
    0x50, 0x50, 0x50, 0xbe, 0x50, 0x50, 0x50, 0xff, 0x50, 0x50, 0x50, 0xff,
    0x50, 0x50, 0x50, 0xff, 0x58, 0x50, 0x58, 0xff, 0x50, 0x50, 0x50, 0x41,
    0x00, 0x00, 0x00, 0x00, 0x00, 0x00, 0x00, 0x00, 0x00, 0x00, 0x00, 0x00,
    0x00, 0x00, 0x00, 0x00, 0x00, 0x00, 0x00, 0x00, 0x00, 0x00, 0x00, 0x00,
    0x00, 0x00, 0x00, 0x00, 0x00, 0x00, 0x00, 0x00, 0x00, 0x00, 0x00, 0x00,
    0x00, 0x00, 0x00, 0x00, 0x00, 0x00, 0x00, 0x00, 0x50, 0x54, 0x50, 0xbe,
    0x50, 0x54, 0x50, 0xff, 0x50, 0x50, 0x50, 0xff, 0x50, 0x50, 0x50, 0xff,
    0x50, 0x54, 0x50, 0xdf, 0x50, 0x50, 0x50, 0x20, 0x00, 0x00, 0x00, 0x00,
    0x00, 0x00, 0x00, 0x00, 0x00, 0x00, 0x00, 0x00, 0x00, 0x00, 0x00, 0x00,
    0x00, 0x00, 0x00, 0x00, 0x00, 0x00, 0x00, 0x00, 0x00, 0x00, 0x00, 0x00,
    0x00, 0x00, 0x00, 0x00, 0x00, 0x00, 0x00, 0x00, 0x00, 0x00, 0x00, 0x00,
    0x50, 0x50, 0x50, 0x20, 0x50, 0x50, 0x50, 0xff, 0x50, 0x50, 0x50, 0xff,
    0x50, 0x50, 0x50, 0xff, 0x50, 0x50, 0x50, 0xff, 0x50, 0x50, 0x50, 0xdf,
    0x00, 0x00, 0x00, 0x00, 0x00, 0x00, 0x00, 0x00, 0x00, 0x00, 0x00, 0x00,
    0x00, 0x00, 0x00, 0x00, 0x00, 0x00, 0x00, 0x00, 0x00, 0x00, 0x00, 0x00,
    0x00, 0x00, 0x00, 0x00, 0x00, 0x00, 0x00, 0x00, 0x00, 0x00, 0x00, 0x00,
    0x00, 0x00, 0x00, 0x00, 0x00, 0x00, 0x00, 0x00, 0x00, 0x00, 0x00, 0x00,
    0x00, 0x00, 0x00, 0x00, 0x00, 0x00, 0x00, 0x00, 0x00, 0x00, 0x00, 0x00,
    0x00, 0x00, 0x00, 0x00, 0x00, 0x00, 0x00, 0x00, 0x00, 0x00, 0x00, 0x00,
    0x00, 0x00, 0x00, 0x00, 0x00, 0x00, 0x00, 0x00, 0x00, 0x00, 0x00, 0x00,
    0x00, 0x00, 0x00, 0x00, 0x00, 0x00, 0x00, 0x00, 0x00, 0x00, 0x00, 0x00,
    0x00, 0x00, 0x00, 0x00, 0x00, 0x00, 0x00, 0x00, 0x00, 0x00, 0x00, 0x00,
    0x00, 0x00, 0x00, 0x00, 0x00, 0x00, 0x00, 0x00, 0x00, 0x00, 0x00, 0x00,
    0x00, 0x00, 0x00, 0x00, 0x00, 0x00, 0x00, 0x00, 0x00, 0x00, 0x00, 0x00,
    0x00, 0x00, 0x00, 0x00, 0x00, 0x00, 0x00, 0x00, 0x00, 0x00, 0x00, 0x00,
    0x00, 0x00, 0x00, 0x00, 0x00, 0x00, 0x00, 0x00, 0x00, 0x00, 0x00, 0x00,
    0x00, 0x00, 0x00, 0x00, 0x00, 0x00, 0x00, 0x00, 0x00, 0x00, 0x00, 0x00,
    0x00, 0x00, 0x00, 0x00, 0x00, 0x00, 0x00, 0x00, 0x00, 0x00, 0x00, 0x00,
    0x00, 0x00, 0x00, 0x00, 0x00, 0x00, 0x00, 0x00, 0x00, 0x00, 0x00, 0x00,
    0x00, 0x00, 0x00, 0x00, 0x00, 0x00, 0x00, 0x00, 0x00, 0x00, 0x00, 0x00,
    0x00, 0x00, 0x00, 0x00, 0x00, 0x00, 0x00, 0x00, 0x00, 0x00, 0x00, 0x00,
    0x00, 0x00, 0x00, 0x00, 0x00, 0x00, 0x00, 0x00, 0x00, 0x00, 0x00, 0x00,
    0x00, 0x00, 0x00, 0x00, 0x00, 0x00, 0x00, 0x00, 0x00, 0x00, 0x00, 0x00,
    0x00, 0x00, 0x00, 0x00, 0x50, 0x50, 0x50, 0x7d, 0x50, 0x54, 0x50, 0xff,
    0x50, 0x50, 0x50, 0xff, 0x50, 0x54, 0x50, 0xff, 0x50, 0x50, 0x50, 0xff,
    0x50, 0x54, 0x50, 0xbe, 0x00, 0x00, 0x00, 0x00, 0x00, 0x00, 0x00, 0x00,
    0x00, 0x00, 0x00, 0x00, 0x00, 0x00, 0x00, 0x00, 0x00, 0x00, 0x00, 0x00,
    0x00, 0x00, 0x00, 0x00, 0x00, 0x00, 0x00, 0x00, 0x00, 0x00, 0x00, 0x00,
    0x00, 0x00, 0x00, 0x00, 0x00, 0x00, 0x00, 0x00, 0x00, 0x00, 0x00, 0x00,
    0x50, 0x50, 0x50, 0x61, 0x50, 0x50, 0x50, 0xff, 0x50, 0x50, 0x50, 0xff,
    0x58, 0x54, 0x58, 0xff, 0x50, 0x50, 0x50, 0xff, 0x50, 0x50, 0x50, 0xbe,
    0x00, 0x00, 0x00, 0x00, 0x00, 0x00, 0x00, 0x00, 0x00, 0x00, 0x00, 0x00,
    0x00, 0x00, 0x00, 0x00, 0x00, 0x00, 0x00, 0x00, 0x00, 0x00, 0x00, 0x00,
    0x00, 0x00, 0x00, 0x00, 0x00, 0x00, 0x00, 0x00, 0x00, 0x00, 0x00, 0x00,
    0x00, 0x00, 0x00, 0x00, 0x00, 0x00, 0x00, 0x00, 0x50, 0x54, 0x50, 0xbe,
    0x50, 0x50, 0x50, 0xff, 0x50, 0x54, 0x50, 0xff, 0x50, 0x50, 0x50, 0xff,
    0x58, 0x54, 0x58, 0xff, 0x50, 0x50, 0x50, 0x7d, 0x00, 0x00, 0x00, 0x00,
    0x00, 0x00, 0x00, 0x00, 0x00, 0x00, 0x00, 0x00, 0x00, 0x00, 0x00, 0x00,
    0x00, 0x00, 0x00, 0x00, 0x00, 0x00, 0x00, 0x00, 0x00, 0x00, 0x00, 0x00,
    0x00, 0x00, 0x00, 0x00, 0x00, 0x00, 0x00, 0x00, 0x00, 0x00, 0x00, 0x00,
    0x00, 0x00, 0x00, 0x00, 0x00, 0x00, 0x00, 0x00, 0x00, 0x00, 0x00, 0x00,
    0x00, 0x00, 0x00, 0x00, 0x00, 0x00, 0x00, 0x00, 0x00, 0x00, 0x00, 0x00,
    0x00, 0x00, 0x00, 0x00, 0x00, 0x00, 0x00, 0x00, 0x00, 0x00, 0x00, 0x00,
    0x00, 0x00, 0x00, 0x00, 0x00, 0x00, 0x00, 0x00, 0x00, 0x00, 0x00, 0x00,
    0x00, 0x00, 0x00, 0x00, 0x00, 0x00, 0x00, 0x00, 0x00, 0x00, 0x00, 0x00,
    0x00, 0x00, 0x00, 0x00, 0x00, 0x00, 0x00, 0x00, 0x00, 0x00, 0x00, 0x00,
    0x00, 0x00, 0x00, 0x00, 0x00, 0x00, 0x00, 0x00, 0x00, 0x00, 0x00, 0x00,
    0x00, 0x00, 0x00, 0x00, 0x00, 0x00, 0x00, 0x00, 0x00, 0x00, 0x00, 0x00,
    0x00, 0x00, 0x00, 0x00, 0x00, 0x00, 0x00, 0x00, 0x00, 0x00, 0x00, 0x00,
    0x00, 0x00, 0x00, 0x00, 0x00, 0x00, 0x00, 0x00, 0x00, 0x00, 0x00, 0x00,
    0x00, 0x00, 0x00, 0x00, 0x00, 0x00, 0x00, 0x00, 0x00, 0x00, 0x00, 0x00,
    0x00, 0x00, 0x00, 0x00, 0x00, 0x00, 0x00, 0x00, 0x00, 0x00, 0x00, 0x00,
    0x00, 0x00, 0x00, 0x00, 0x00, 0x00, 0x00, 0x00, 0x00, 0x00, 0x00, 0x00,
    0x00, 0x00, 0x00, 0x00, 0x00, 0x00, 0x00, 0x00, 0x00, 0x00, 0x00, 0x00,
    0x00, 0x00, 0x00, 0x00, 0x00, 0x00, 0x00, 0x00, 0x00, 0x00, 0x00, 0x00,
    0x00, 0x00, 0x00, 0x00, 0x00, 0x00, 0x00, 0x00, 0x00, 0x00, 0x00, 0x00,
    0x00, 0x00, 0x00, 0x00, 0x00, 0x00, 0x00, 0x00, 0x50, 0x50, 0x50, 0x20,
    0x50, 0x50, 0x50, 0xff, 0x50, 0x50, 0x50, 0xff, 0x58, 0x50, 0x58, 0xff,
    0x50, 0x50, 0x50, 0xff, 0x50, 0x50, 0x50, 0xff, 0x50, 0x50, 0x50, 0x41,
    0x00, 0x00, 0x00, 0x00, 0x00, 0x00, 0x00, 0x00, 0x00, 0x00, 0x00, 0x00,
    0x00, 0x00, 0x00, 0x00, 0x00, 0x00, 0x00, 0x00, 0x00, 0x00, 0x00, 0x00,
    0x00, 0x00, 0x00, 0x00, 0x00, 0x00, 0x00, 0x00, 0x00, 0x00, 0x00, 0x00,
    0x00, 0x00, 0x00, 0x00, 0x50, 0x50, 0x50, 0x20, 0x50, 0x50, 0x50, 0xff,
    0x50, 0x50, 0x50, 0xff, 0x50, 0x50, 0x50, 0xff, 0x50, 0x50, 0x50, 0xff,
    0x50, 0x50, 0x50, 0xff, 0x50, 0x50, 0x50, 0x41, 0x00, 0x00, 0x00, 0x00,
    0x00, 0x00, 0x00, 0x00, 0x00, 0x00, 0x00, 0x00, 0x00, 0x00, 0x00, 0x00,
    0x00, 0x00, 0x00, 0x00, 0x00, 0x00, 0x00, 0x00, 0x00, 0x00, 0x00, 0x00,
    0x00, 0x00, 0x00, 0x00, 0x00, 0x00, 0x00, 0x00, 0x00, 0x00, 0x00, 0x00,
    0x50, 0x50, 0x50, 0x61, 0x58, 0x50, 0x58, 0xff, 0x50, 0x50, 0x50, 0xff,
    0x50, 0x50, 0x50, 0xff, 0x50, 0x50, 0x50, 0xff, 0x50, 0x50, 0x50, 0xdf,
    0x00, 0x00, 0x00, 0x00, 0x00, 0x00, 0x00, 0x00, 0x00, 0x00, 0x00, 0x00,
    0x00, 0x00, 0x00, 0x00, 0x00, 0x00, 0x00, 0x00, 0x00, 0x00, 0x00, 0x00,
    0x00, 0x00, 0x00, 0x00, 0x00, 0x00, 0x00, 0x00, 0x00, 0x00, 0x00, 0x00,
    0x00, 0x00, 0x00, 0x00, 0x00, 0x00, 0x00, 0x00, 0x00, 0x00, 0x00, 0x00,
    0x00, 0x00, 0x00, 0x00, 0x00, 0x00, 0x00, 0x00, 0x00, 0x00, 0x00, 0x00,
    0x00, 0x00, 0x00, 0x00, 0x00, 0x00, 0x00, 0x00, 0x00, 0x00, 0x00, 0x00,
    0x00, 0x00, 0x00, 0x00, 0x00, 0x00, 0x00, 0x00, 0x00, 0x00, 0x00, 0x00,
    0x00, 0x00, 0x00, 0x00, 0x00, 0x00, 0x00, 0x00, 0x00, 0x00, 0x00, 0x00,
    0x00, 0x00, 0x00, 0x00, 0x00, 0x00, 0x00, 0x00, 0x00, 0x00, 0x00, 0x00,
    0x00, 0x00, 0x00, 0x00, 0x00, 0x00, 0x00, 0x00, 0x00, 0x00, 0x00, 0x00,
    0x00, 0x00, 0x00, 0x00, 0x00, 0x00, 0x00, 0x00, 0x00, 0x00, 0x00, 0x00,
    0x00, 0x00, 0x00, 0x00, 0x00, 0x00, 0x00, 0x00, 0x00, 0x00, 0x00, 0x00,
    0x00, 0x00, 0x00, 0x00, 0x00, 0x00, 0x00, 0x00, 0x00, 0x00, 0x00, 0x00,
    0x00, 0x00, 0x00, 0x00, 0x00, 0x00, 0x00, 0x00, 0x00, 0x00, 0x00, 0x00,
    0x00, 0x00, 0x00, 0x00, 0x00, 0x00, 0x00, 0x00, 0x00, 0x00, 0x00, 0x00,
    0x00, 0x00, 0x00, 0x00, 0x00, 0x00, 0x00, 0x00, 0x00, 0x00, 0x00, 0x00,
    0x00, 0x00, 0x00, 0x00, 0x00, 0x00, 0x00, 0x00, 0x00, 0x00, 0x00, 0x00,
    0x00, 0x00, 0x00, 0x00, 0x00, 0x00, 0x00, 0x00, 0x00, 0x00, 0x00, 0x00,
    0x00, 0x00, 0x00, 0x00, 0x00, 0x00, 0x00, 0x00, 0x00, 0x00, 0x00, 0x00,
    0x00, 0x00, 0x00, 0x00, 0x00, 0x00, 0x00, 0x00, 0x00, 0x00, 0x00, 0x00,
    0x00, 0x00, 0x00, 0x00, 0x50, 0x50, 0x50, 0xbe, 0x50, 0x54, 0x50, 0xff,
    0x50, 0x50, 0x50, 0xff, 0x50, 0x50, 0x50, 0xff, 0x50, 0x54, 0x50, 0xff,
    0x50, 0x50, 0x50, 0x9e, 0x00, 0x00, 0x00, 0x00, 0x00, 0x00, 0x00, 0x00,
    0x00, 0x00, 0x00, 0x00, 0x00, 0x00, 0x00, 0x00, 0x00, 0x00, 0x00, 0x00,
    0x00, 0x00, 0x00, 0x00, 0x00, 0x00, 0x00, 0x00, 0x00, 0x00, 0x00, 0x00,
    0x00, 0x00, 0x00, 0x00, 0x00, 0x00, 0x00, 0x00, 0x00, 0x00, 0x00, 0x00,
    0x50, 0x50, 0x50, 0x9e, 0x50, 0x54, 0x50, 0xff, 0x50, 0x50, 0x50, 0xff,
    0x50, 0x54, 0x50, 0xff, 0x58, 0x50, 0x58, 0xff, 0x50, 0x50, 0x50, 0x82,
    0x00, 0x00, 0x00, 0x00, 0x00, 0x00, 0x00, 0x00, 0x00, 0x00, 0x00, 0x00,
    0x00, 0x00, 0x00, 0x00, 0x00, 0x00, 0x00, 0x00, 0x00, 0x00, 0x00, 0x00,
    0x00, 0x00, 0x00, 0x00, 0x00, 0x00, 0x00, 0x00, 0x00, 0x00, 0x00, 0x00,
    0x00, 0x00, 0x00, 0x00, 0x50, 0x50, 0x50, 0x20, 0x50, 0x50, 0x50, 0xdf,
    0x50, 0x54, 0x50, 0xff, 0x50, 0x50, 0x50, 0xff, 0x50, 0x50, 0x50, 0xff,
    0x50, 0x54, 0x50, 0xff, 0x50, 0x50, 0x50, 0x61, 0x00, 0x00, 0x00, 0x00,
    0x00, 0x00, 0x00, 0x00, 0x00, 0x00, 0x00, 0x00, 0x00, 0x00, 0x00, 0x00,
    0x00, 0x00, 0x00, 0x00, 0x00, 0x00, 0x00, 0x00, 0x00, 0x00, 0x00, 0x00,
    0x00, 0x00, 0x00, 0x00, 0x00, 0x00, 0x00, 0x00, 0x00, 0x00, 0x00, 0x00,
    0x00, 0x00, 0x00, 0x00, 0x00, 0x00, 0x00, 0x00, 0x00, 0x00, 0x00, 0x00,
    0x00, 0x00, 0x00, 0x00, 0x00, 0x00, 0x00, 0x00, 0x00, 0x00, 0x00, 0x00,
    0x00, 0x00, 0x00, 0x00, 0x00, 0x00, 0x00, 0x00, 0x00, 0x00, 0x00, 0x00,
    0x00, 0x00, 0x00, 0x00, 0x00, 0x00, 0x00, 0x00, 0x00, 0x00, 0x00, 0x00,
    0x00, 0x00, 0x00, 0x00, 0x00, 0x00, 0x00, 0x00, 0x00, 0x00, 0x00, 0x00,
    0x00, 0x00, 0x00, 0x00, 0x00, 0x00, 0x00, 0x00, 0x00, 0x00, 0x00, 0x00,
    0x00, 0x00, 0x00, 0x00, 0x00, 0x00, 0x00, 0x00, 0x00, 0x00, 0x00, 0x00,
    0x00, 0x00, 0x00, 0x00, 0x00, 0x00, 0x00, 0x00, 0x00, 0x00, 0x00, 0x00,
    0x00, 0x00, 0x00, 0x00, 0x00, 0x00, 0x00, 0x00, 0x00, 0x00, 0x00, 0x00,
    0x00, 0x00, 0x00, 0x00, 0x00, 0x00, 0x00, 0x00, 0x00, 0x00, 0x00, 0x00,
    0x00, 0x00, 0x00, 0x00, 0x00, 0x00, 0x00, 0x00, 0x00, 0x00, 0x00, 0x00,
    0x00, 0x00, 0x00, 0x00, 0x00, 0x00, 0x00, 0x00, 0x00, 0x00, 0x00, 0x00,
    0x00, 0x00, 0x00, 0x00, 0x00, 0x00, 0x00, 0x00, 0x00, 0x00, 0x00, 0x00,
    0x00, 0x00, 0x00, 0x00, 0x00, 0x00, 0x00, 0x00, 0x00, 0x00, 0x00, 0x00,
    0x00, 0x00, 0x00, 0x00, 0x00, 0x00, 0x00, 0x00, 0x00, 0x00, 0x00, 0x00,
    0x00, 0x00, 0x00, 0x00, 0x00, 0x00, 0x00, 0x00, 0x00, 0x00, 0x00, 0x00,
    0x00, 0x00, 0x00, 0x00, 0x00, 0x00, 0x00, 0x00, 0x50, 0x50, 0x50, 0x20,
    0x50, 0x50, 0x50, 0xff, 0x50, 0x54, 0x50, 0xff, 0x50, 0x50, 0x50, 0xff,
    0x58, 0x50, 0x58, 0xff, 0x50, 0x50, 0x50, 0x9e, 0x00, 0x00, 0x00, 0x00,
    0x00, 0x00, 0x00, 0x00, 0x00, 0x00, 0x00, 0x00, 0x00, 0x00, 0x00, 0x00,
    0x00, 0x00, 0x00, 0x00, 0x00, 0x00, 0x00, 0x00, 0x00, 0x00, 0x00, 0x00,
    0x00, 0x00, 0x00, 0x00, 0x00, 0x00, 0x00, 0x00, 0x00, 0x00, 0x00, 0x00,
    0x00, 0x00, 0x00, 0x00, 0x50, 0x50, 0x50, 0x20, 0x58, 0x50, 0x58, 0xff,
    0x50, 0x50, 0x50, 0xff, 0x50, 0x50, 0x50, 0xff, 0x50, 0x54, 0x50, 0xff,
    0x50, 0x50, 0x50, 0x9e, 0x00, 0x00, 0x00, 0x00, 0x00, 0x00, 0x00, 0x00,
    0x00, 0x00, 0x00, 0x00, 0x00, 0x00, 0x00, 0x00, 0x00, 0x00, 0x00, 0x00,
    0x00, 0x00, 0x00, 0x00, 0x00, 0x00, 0x00, 0x00, 0x00, 0x00, 0x00, 0x00,
    0x00, 0x00, 0x00, 0x00, 0x00, 0x00, 0x00, 0x00, 0x00, 0x00, 0x00, 0x00,
    0x50, 0x50, 0x50, 0x61, 0x50, 0x50, 0x50, 0xff, 0x58, 0x54, 0x58, 0xff,
    0x50, 0x50, 0x50, 0xff, 0x50, 0x50, 0x50, 0xff, 0x50, 0x50, 0x50, 0x61,
    0x00, 0x00, 0x00, 0x00, 0x00, 0x00, 0x00, 0x00, 0x00, 0x00, 0x00, 0x00,
    0x00, 0x00, 0x00, 0x00, 0x00, 0x00, 0x00, 0x00, 0x00, 0x00, 0x00, 0x00,
    0x00, 0x00, 0x00, 0x00, 0x00, 0x00, 0x00, 0x00, 0x00, 0x00, 0x00, 0x00,
    0x00, 0x00, 0x00, 0x00, 0x00, 0x00, 0x00, 0x00, 0x00, 0x00, 0x00, 0x00,
    0x00, 0x00, 0x00, 0x00, 0x00, 0x00, 0x00, 0x00, 0x00, 0x00, 0x00, 0x00,
    0x00, 0x00, 0x00, 0x00, 0x00, 0x00, 0x00, 0x00, 0x00, 0x00, 0x00, 0x00,
    0x00, 0x00, 0x00, 0x00, 0x00, 0x00, 0x00, 0x00, 0x00, 0x00, 0x00, 0x00,
    0x00, 0x00, 0x00, 0x00, 0x00, 0x00, 0x00, 0x00, 0x00, 0x00, 0x00, 0x00,
    0x00, 0x00, 0x00, 0x00, 0x00, 0x00, 0x00, 0x00, 0x00, 0x00, 0x00, 0x00,
    0x00, 0x00, 0x00, 0x00, 0x00, 0x00, 0x00, 0x00, 0x00, 0x00, 0x00, 0x00,
    0x00, 0x00, 0x00, 0x00, 0x00, 0x00, 0x00, 0x00, 0x00, 0x00, 0x00, 0x00,
    0x00, 0x00, 0x00, 0x00, 0x00, 0x00, 0x00, 0x00, 0x00, 0x00, 0x00, 0x00,
    0x00, 0x00, 0x00, 0x00, 0x00, 0x00, 0x00, 0x00, 0x00, 0x00, 0x00, 0x00,
    0x00, 0x00, 0x00, 0x00, 0x00, 0x00, 0x00, 0x00, 0x00, 0x00, 0x00, 0x00,
    0x00, 0x00, 0x00, 0x00, 0x00, 0x00, 0x00, 0x00, 0x00, 0x00, 0x00, 0x00,
    0x00, 0x00, 0x00, 0x00, 0x00, 0x00, 0x00, 0x00, 0x00, 0x00, 0x00, 0x00,
    0x00, 0x00, 0x00, 0x00, 0x00, 0x00, 0x00, 0x00, 0x00, 0x00, 0x00, 0x00,
    0x00, 0x00, 0x00, 0x00, 0x00, 0x00, 0x00, 0x00, 0x00, 0x00, 0x00, 0x00,
    0x00, 0x00, 0x00, 0x00, 0x00, 0x00, 0x00, 0x00, 0x00, 0x00, 0x00, 0x00,
    0x00, 0x00, 0x00, 0x00, 0x00, 0x00, 0x00, 0x00, 0x00, 0x00, 0x00, 0x00,
    0x00, 0x00, 0x00, 0x00, 0x50, 0x50, 0x50, 0x82, 0x50, 0x50, 0x50, 0xff,
    0x50, 0x50, 0x50, 0xff, 0x50, 0x50, 0x50, 0xff, 0x50, 0x50, 0x50, 0x61,
    0x00, 0x00, 0x00, 0x00, 0x00, 0x00, 0x00, 0x00, 0x00, 0x00, 0x00, 0x00,
    0x00, 0x00, 0x00, 0x00, 0x00, 0x00, 0x00, 0x00, 0x00, 0x00, 0x00, 0x00,
    0x00, 0x00, 0x00, 0x00, 0x00, 0x00, 0x00, 0x00, 0x00, 0x00, 0x00, 0x00,
    0x00, 0x00, 0x00, 0x00, 0x00, 0x00, 0x00, 0x00, 0x00, 0x00, 0x00, 0x00,
    0x50, 0x50, 0x50, 0x61, 0x50, 0x50, 0x50, 0xff, 0x50, 0x50, 0x50, 0xff,
    0x50, 0x50, 0x50, 0xff, 0x50, 0x50, 0x50, 0x20, 0x00, 0x00, 0x00, 0x00,
    0x00, 0x00, 0x00, 0x00, 0x00, 0x00, 0x00, 0x00, 0x00, 0x00, 0x00, 0x00,
    0x00, 0x00, 0x00, 0x00, 0x00, 0x00, 0x00, 0x00, 0x00, 0x00, 0x00, 0x00,
    0x00, 0x00, 0x00, 0x00, 0x00, 0x00, 0x00, 0x00, 0x00, 0x00, 0x00, 0x00,
    0x00, 0x00, 0x00, 0x00, 0x50, 0x50, 0x50, 0x20, 0x50, 0x50, 0x50, 0xbe,
    0x50, 0x50, 0x50, 0xff, 0x50, 0x50, 0x50, 0xff, 0x50, 0x50, 0x50, 0xff,
    0x50, 0x50, 0x50, 0x20, 0x00, 0x00, 0x00, 0x00, 0x00, 0x00, 0x00, 0x00,
    0x00, 0x00, 0x00, 0x00, 0x00, 0x00, 0x00, 0x00, 0x00, 0x00, 0x00, 0x00,
    0x00, 0x00, 0x00, 0x00, 0x00, 0x00, 0x00, 0x00, 0x00, 0x00, 0x00, 0x00,
    0x00, 0x00, 0x00, 0x00, 0x00, 0x00, 0x00, 0x00, 0x00, 0x00, 0x00, 0x00,
    0x00, 0x00, 0x00, 0x00, 0x00, 0x00, 0x00, 0x00, 0x00, 0x00, 0x00, 0x00,
    0x00, 0x00, 0x00, 0x00, 0x00, 0x00, 0x00, 0x00, 0x00, 0x00, 0x00, 0x00,
    0x00, 0x00, 0x00, 0x00, 0x00, 0x00, 0x00, 0x00, 0x00, 0x00, 0x00, 0x00,
    0x00, 0x00, 0x00, 0x00, 0x00, 0x00, 0x00, 0x00, 0x00, 0x00, 0x00, 0x00,
    0x00, 0x00, 0x00, 0x00, 0x00, 0x00, 0x00, 0x00, 0x00, 0x00, 0x00, 0x00,
    0x00, 0x00, 0x00, 0x00, 0x00, 0x00, 0x00, 0x00, 0x00, 0x00, 0x00, 0x00,
    0x00, 0x00, 0x00, 0x00, 0x00, 0x00, 0x00, 0x00, 0x00, 0x00, 0x00, 0x00,
    0x00, 0x00, 0x00, 0x00, 0x00, 0x00, 0x00, 0x00, 0x00, 0x00, 0x00, 0x00,
    0x00, 0x00, 0x00, 0x00, 0x00, 0x00, 0x00, 0x00, 0x00, 0x00, 0x00, 0x00,
    0x00, 0x00, 0x00, 0x00, 0x00, 0x00, 0x00, 0x00, 0x00, 0x00, 0x00, 0x00,
    0x00, 0x00, 0x00, 0x00, 0x00, 0x00, 0x00, 0x00, 0x00, 0x00, 0x00, 0x00,
    0x00, 0x00, 0x00, 0x00, 0x00, 0x00, 0x00, 0x00, 0x00, 0x00, 0x00, 0x00,
    0x00, 0x00, 0x00, 0x00, 0x00, 0x00, 0x00, 0x00, 0x00, 0x00, 0x00, 0x00,
    0x00, 0x00, 0x00, 0x00, 0x00, 0x00, 0x00, 0x00, 0x00, 0x00, 0x00, 0x00,
    0x00, 0x00, 0x00, 0x00, 0x00, 0x00, 0x00, 0x00, 0x00, 0x00, 0x00, 0x00,
    0x00, 0x00, 0x00, 0x00, 0x00, 0x00, 0x00, 0x00, 0x00, 0x00, 0x00, 0x00,
    0x00, 0x00, 0x00, 0x00, 0x00, 0x00, 0x00, 0x00, 0x00, 0x00, 0x00, 0x00,
    0x50, 0x50, 0x50, 0x7d, 0x50, 0x54, 0x50, 0xbe, 0x50, 0x50, 0x50, 0x82,
    0x00, 0x00, 0x00, 0x00, 0x00, 0x00, 0x00, 0x00, 0x00, 0x00, 0x00, 0x00,
    0x00, 0x00, 0x00, 0x00, 0x00, 0x00, 0x00, 0x00, 0x00, 0x00, 0x00, 0x00,
    0x00, 0x00, 0x00, 0x00, 0x00, 0x00, 0x00, 0x00, 0x00, 0x00, 0x00, 0x00,
    0x00, 0x00, 0x00, 0x00, 0x00, 0x00, 0x00, 0x00, 0x00, 0x00, 0x00, 0x00,
    0x00, 0x00, 0x00, 0x00, 0x00, 0x00, 0x00, 0x00, 0x50, 0x50, 0x50, 0x7d,
    0x50, 0x54, 0x50, 0xbe, 0x50, 0x50, 0x50, 0x41, 0x00, 0x00, 0x00, 0x00,
    0x00, 0x00, 0x00, 0x00, 0x00, 0x00, 0x00, 0x00, 0x00, 0x00, 0x00, 0x00,
    0x00, 0x00, 0x00, 0x00, 0x00, 0x00, 0x00, 0x00, 0x00, 0x00, 0x00, 0x00,
    0x00, 0x00, 0x00, 0x00, 0x00, 0x00, 0x00, 0x00, 0x00, 0x00, 0x00, 0x00,
    0x00, 0x00, 0x00, 0x00, 0x00, 0x00, 0x00, 0x00, 0x00, 0x00, 0x00, 0x00,
    0x50, 0x50, 0x50, 0x20, 0x50, 0x50, 0x50, 0x9e, 0x50, 0x54, 0x50, 0xbe,
    0x50, 0x50, 0x50, 0x61, 0x00, 0x00, 0x00, 0x00, 0x00, 0x00, 0x00, 0x00,
    0x00, 0x00, 0x00, 0x00, 0x00, 0x00, 0x00, 0x00, 0x00, 0x00, 0x00, 0x00,
    0x00, 0x00, 0x00, 0x00, 0x00, 0x00, 0x00, 0x00, 0x00, 0x00, 0x00, 0x00,
    0x00, 0x00, 0x00, 0x00, 0x00, 0x00, 0x00, 0x00, 0x00, 0x00, 0x00, 0x00,
    0x00, 0x00, 0x00, 0x00, 0x00, 0x00, 0x00, 0x00, 0x00, 0x00, 0x00, 0x00,
    0x00, 0x00, 0x00, 0x00, 0x00, 0x00, 0x00, 0x00, 0x00, 0x00, 0x00, 0x00,
    0x00, 0x00, 0x00, 0x00, 0x00, 0x00, 0x00, 0x00, 0x00, 0x00, 0x00, 0x00,
    0x00, 0x00, 0x00, 0x00, 0x00, 0x00, 0x00, 0x00, 0x00, 0x00, 0x00, 0x00,
    0x00, 0x00, 0x00, 0x00, 0x00, 0x00, 0x00, 0x00, 0x00, 0x00, 0x00, 0x00,
    0x00, 0x00, 0x00, 0x00, 0x00, 0x00, 0x00, 0x00, 0x00, 0x00, 0x00, 0x00,
    0x00, 0x00, 0x00, 0x00, 0x00, 0x00, 0x00, 0x00, 0x00, 0x00, 0x00, 0x00,
    0x00, 0x00, 0x00, 0x00, 0x00, 0x00, 0x00, 0x00, 0x00, 0x00, 0x00, 0x00,
    0x00, 0x00, 0x00, 0x00, 0x00, 0x00, 0x00, 0x00, 0x00, 0x00, 0x00, 0x00,
    0x00, 0x00, 0x00, 0x00, 0x00, 0x00, 0x00, 0x00, 0x00, 0x00, 0x00, 0x00,
    0x00, 0x00, 0x00, 0x00, 0x00, 0x00, 0x00, 0x00, 0x00, 0x00, 0x00, 0x00,
    0x00, 0x00, 0x00, 0x00, 0x00, 0x00, 0x00, 0x00, 0x00, 0x00, 0x00, 0x00,
    0x00, 0x00, 0x00, 0x00, 0x00, 0x00, 0x00, 0x00, 0x00, 0x00, 0x00, 0x00,
    0x00, 0x00, 0x00, 0x00, 0x00, 0x00, 0x00, 0x00, 0x00, 0x00, 0x00, 0x00,
    0x00, 0x00, 0x00, 0x00, 0x00, 0x00, 0x00, 0x00, 0x00, 0x00, 0x00, 0x00,
    0x00, 0x00, 0x00, 0x00, 0x00, 0x00, 0x00, 0x00, 0x00, 0x00, 0x00, 0x00,
    0x00, 0x00, 0x00, 0x00, 0x00, 0x00, 0x00, 0x00, 0x00, 0x00, 0x00, 0x00,
    0x00, 0x00, 0x00, 0x00, 0x00, 0x00, 0x00, 0x00, 0x00, 0x00, 0x00, 0x00,
    0x00, 0x00, 0x00, 0x00, 0x00, 0x00, 0x00, 0x00, 0x00, 0x00, 0x00, 0x00,
    0x00, 0x00, 0x00, 0x00, 0x00, 0x00, 0x00, 0x00, 0x00, 0x00, 0x00, 0x00,
    0x00, 0x00, 0x00, 0x00, 0x00, 0x00, 0x00, 0x00, 0x00, 0x00, 0x00, 0x00,
    0x00, 0x00, 0x00, 0x00, 0x00, 0x00, 0x00, 0x00, 0x00, 0x00, 0x00, 0x00,
    0x00, 0x00, 0x00, 0x00, 0x00, 0x00, 0x00, 0x00, 0x00, 0x00, 0x00, 0x00,
    0x00, 0x00, 0x00, 0x00, 0x00, 0x00, 0x00, 0x00, 0x00, 0x00, 0x00, 0x00,
    0x00, 0x00, 0x00, 0x00, 0x00, 0x00, 0x00, 0x00, 0x00, 0x00, 0x00, 0x00,
    0x00, 0x00, 0x00, 0x00, 0x00, 0x00, 0x00, 0x00, 0x00, 0x00, 0x00, 0x00,
    0x00, 0x00, 0x00, 0x00, 0x00, 0x00, 0x00, 0x00, 0x00, 0x00, 0x00, 0x00,
    0x00, 0x00, 0x00, 0x00, 0x00, 0x00, 0x00, 0x00, 0x00, 0x00, 0x00, 0x00,
    0x00, 0x00, 0x00, 0x00, 0x00, 0x00, 0x00, 0x00, 0x00, 0x00, 0x00, 0x00,
    0x00, 0x00, 0x00, 0x00, 0x00, 0x00, 0x00, 0x00, 0x00, 0x00, 0x00, 0x00,
    0x00, 0x00, 0x00, 0x00, 0x00, 0x00, 0x00, 0x00, 0x00, 0x00, 0x00, 0x00,
    0x00, 0x00, 0x00, 0x00, 0x00, 0x00, 0x00, 0x00, 0x00, 0x00, 0x00, 0x00,
    0x00, 0x00, 0x00, 0x00, 0x00, 0x00, 0x00, 0x00, 0x00, 0x00, 0x00, 0x00,
    0x00, 0x00, 0x00, 0x00, 0x00, 0x00, 0x00, 0x00, 0x00, 0x00, 0x00, 0x00,
    0x00, 0x00, 0x00, 0x00, 0x00, 0x00, 0x00, 0x00, 0x00, 0x00, 0x00, 0x00,
    0x00, 0x00, 0x00, 0x00, 0x00, 0x00, 0x00, 0x00, 0x00, 0x00, 0x00, 0x00,
    0x00, 0x00, 0x00, 0x00, 0x00, 0x00, 0x00, 0x00, 0x00, 0x00, 0x00, 0x00,
    0x00, 0x00, 0x00, 0x00, 0x00, 0x00, 0x00, 0x00, 0x00, 0x00, 0x00, 0x00,
    0x00, 0x00, 0x00, 0x00, 0x00, 0x00, 0x00, 0x00, 0x00, 0x00, 0x00, 0x00,
    0x00, 0x00, 0x00, 0x00, 0x00, 0x00, 0x00, 0x00, 0x00, 0x00, 0x00, 0x00,
    0x00, 0x00, 0x00, 0x00, 0x00, 0x00, 0x00, 0x00, 0x00, 0x00, 0x00, 0x00,
    0x00, 0x00, 0x00, 0x00, 0x00, 0x00, 0x00, 0x00, 0x00, 0x00, 0x00, 0x00,
    0x00, 0x00, 0x00, 0x00, 0x00, 0x00, 0x00, 0x00, 0x00, 0x00, 0x00, 0x00,
    0x00, 0x00, 0x00, 0x00, 0x00, 0x00, 0x00, 0x00, 0x00, 0x00, 0x00, 0x00,
    0x00, 0x00, 0x00, 0x00, 0x00, 0x00, 0x00, 0x00, 0x00, 0x00, 0x00, 0x00,
    0x00, 0x00, 0x00, 0x00, 0x00, 0x00, 0x00, 0x00, 0x00, 0x00, 0x00, 0x00,
    0x00, 0x00, 0x00, 0x00, 0x00, 0x00, 0x00, 0x00, 0x00, 0x00, 0x00, 0x00,
    0x00, 0x00, 0x00, 0x00, 0x00, 0x00, 0x00, 0x00, 0x00, 0x00, 0x00, 0x00,
    0x00, 0x00, 0x00, 0x00, 0x00, 0x00, 0x00, 0x00, 0x00, 0x00, 0x00, 0x00,
    0x00, 0x00, 0x00, 0x00, 0x00, 0x00, 0x00, 0x00, 0x00, 0x00, 0x00, 0x00,
    0x00, 0x00, 0x00, 0x00, 0x00, 0x00, 0x00, 0x00, 0x00, 0x00, 0x00, 0x00,
    0x00, 0x00, 0x00, 0x00, 0x00, 0x00, 0x00, 0x00, 0x00, 0x00, 0x00, 0x00,
    0x00, 0x00, 0x00, 0x00, 0x00, 0x00, 0x00, 0x00, 0x00, 0x00, 0x00, 0x00,
    0x00, 0x00, 0x00, 0x00, 0x00, 0x00, 0x00, 0x00, 0x00, 0x00, 0x00, 0x00,
    0x00, 0x00, 0x00, 0x00, 0x00, 0x00, 0x00, 0x00, 0x00, 0x00, 0x00, 0x00,
    0x00, 0x00, 0x00, 0x00, 0x00, 0x00, 0x00, 0x00, 0x00, 0x00, 0x00, 0x00,
    0x00, 0x00, 0x00, 0x00, 0x00, 0x00, 0x00, 0x00, 0x00, 0x00, 0x00, 0x00,
    0x00, 0x00, 0x00, 0x00, 0x00, 0x00, 0x00, 0x00, 0x00, 0x00, 0x00, 0x00,
    0x00, 0x00, 0x00, 0x00, 0x00, 0x00, 0x00, 0x00, 0x00, 0x00, 0x00, 0x00,
    0x00, 0x00, 0x00, 0x00, 0x00, 0x00, 0x00, 0x00, 0x00, 0x00, 0x00, 0x00,
    0x00, 0x00, 0x00, 0x00, 0x00, 0x00, 0x00, 0x00, 0x00, 0x00, 0x00, 0x00,
    0x00, 0x00, 0x00, 0x00, 0x00, 0x00, 0x00, 0x00, 0x00, 0x00, 0x00, 0x00,
    0x00, 0x00, 0x00, 0x00, 0x00, 0x00, 0x00, 0x00, 0x00, 0x00, 0x00, 0x00,
    0x00, 0x00, 0x00, 0x00, 0x00, 0x00, 0x00, 0x00, 0x00, 0x00, 0x00, 0x00,
    0x00, 0x00, 0x00, 0x00, 0x00, 0x00, 0x00, 0x00, 0x00, 0x00, 0x00, 0x00,
    0x00, 0x00, 0x00, 0x00, 0x00, 0x00, 0x00, 0x00, 0x00, 0x00, 0x00, 0x00,
    0x00, 0x00, 0x00, 0x00, 0x00, 0x00, 0x00, 0x00, 0x00, 0x00, 0x00, 0x00,
    0x00, 0x00, 0x00, 0x00, 0x00, 0x00, 0x00, 0x00, 0x00, 0x00, 0x00, 0x00,
    0x00, 0x00, 0x00, 0x00, 0x00, 0x00, 0x00, 0x00, 0x00, 0x00, 0x00, 0x00,
    0x00, 0x00, 0x00, 0x00, 0x00, 0x00, 0x00, 0x00, 0x00, 0x00, 0x00, 0x00,
    0x00, 0x00, 0x00, 0x00, 0x00, 0x00, 0x00, 0x00, 0x00, 0x00, 0x00, 0x00,
    0x00, 0x00, 0x00, 0x00, 0x00, 0x00, 0x00, 0x00, 0x00, 0x00, 0x00, 0x00,
    0x00, 0x00, 0x00, 0x00, 0x00, 0x00, 0x00, 0x00, 0x00, 0x00, 0x00, 0x00,
    0x00, 0x00, 0x00, 0x00, 0x00, 0x00, 0x00, 0x00, 0x00, 0x00, 0x00, 0x00,
    0x00, 0x00, 0x00, 0x00, 0x00, 0x00, 0x00, 0x00, 0x00, 0x00, 0x00, 0x00,
    0x00, 0x00, 0x00, 0x00, 0x00, 0x00, 0x00, 0x00, 0x00, 0x00, 0x00, 0x00,
    0x00, 0x00, 0x00, 0x00, 0x00, 0x00, 0x00, 0x00, 0x00, 0x00, 0x00, 0x00,
    0x00, 0x00, 0x00, 0x00, 0x00, 0x00, 0x00, 0x00, 0x00, 0x00, 0x00, 0x00,
    0x00, 0x00, 0x00, 0x00, 0x00, 0x00, 0x00, 0x00, 0x00, 0x00, 0x00, 0x00,
    0x00, 0x00, 0x00, 0x00, 0x00, 0x00, 0x00, 0x00, 0x00, 0x00, 0x00, 0x00,
    0x00, 0x00, 0x00, 0x00, 0x00, 0x00, 0x00, 0x00, 0x00, 0x00, 0x00, 0x00,
    0x00, 0x00, 0x00, 0x00, 0x00, 0x00, 0x00, 0x00, 0x00, 0x00, 0x00, 0x00,
    0x00, 0x00, 0x00, 0x00, 0x00, 0x00, 0x00, 0x00, 0x00, 0x00, 0x00, 0x00,
    0x00, 0x00, 0x00, 0x00, 0x00, 0x00, 0x00, 0x00, 0x00, 0x00, 0x00, 0x00,
    0x00, 0x00, 0x00, 0x00, 0x00, 0x00, 0x00, 0x00, 0x00, 0x00, 0x00, 0x00,
    0x00, 0x00, 0x00, 0x00, 0x00, 0x00, 0x00, 0x00, 0x00, 0x00, 0x00, 0x00,
    0x00, 0x00, 0x00, 0x00, 0x00, 0x00, 0x00, 0x00, 0x00, 0x00, 0x00, 0x00,
    0x00, 0x00, 0x00, 0x00, 0x00, 0x00, 0x00, 0x00, 0x00, 0x00, 0x00, 0x00,
    0x00, 0x00, 0x00, 0x00, 0x00, 0x00, 0x00, 0x00, 0x00, 0x00, 0x00, 0x00,
    0x00, 0x00, 0x00, 0x00, 0x00, 0x00, 0x00, 0x00, 0x00, 0x00, 0x00, 0x00,
    0x00, 0x00, 0x00, 0x00, 0x00, 0x00, 0x00, 0x00, 0x00, 0x00, 0x00, 0x00,
    0x00, 0x00, 0x00, 0x00, 0x00, 0x00, 0x00, 0x00, 0x00, 0x00, 0x00, 0x00,
    0x00, 0x00, 0x00, 0x00, 0x00, 0x00, 0x00, 0x00, 0x00, 0x00, 0x00, 0x00,
    0x00, 0x00, 0x00, 0x00, 0x00, 0x00, 0x00, 0x00, 0x00, 0x00, 0x00, 0x00,
    0x00, 0x00, 0x00, 0x00, 0x00, 0x00, 0x00, 0x00, 0x00, 0x00, 0x00, 0x00,
    0x00, 0x00, 0x00, 0x00, 0x00, 0x00, 0x00, 0x00, 0x00, 0x00, 0x00, 0x00,
    0x00, 0x00, 0x00, 0x00, 0x00, 0x00, 0x00, 0x00, 0x00, 0x00, 0x00, 0x00,
    0x00, 0x00, 0x00, 0x00, 0x00, 0x00, 0x00, 0x00, 0x00, 0x00, 0x00, 0x00,
    0x00, 0x00, 0x00, 0x00, 0x00, 0x00, 0x00, 0x00, 0x00, 0x00, 0x00, 0x00,
    0x00, 0x00, 0x00, 0x00, 0x00, 0x00, 0x00, 0x00, 0x00, 0x00, 0x00, 0x00,
    0x00, 0x00, 0x00, 0x00, 0x00, 0x00, 0x00, 0x00, 0x00, 0x00, 0x00, 0x00,
    0x00, 0x00, 0x00, 0x00, 0x00, 0x00, 0x00, 0x00, 0x00, 0x00, 0x00, 0x00,
    0x00, 0x00, 0x00, 0x00, 0x00, 0x00, 0x00, 0x00, 0x00, 0x00, 0x00, 0x00,
    0x00, 0x00, 0x00, 0x00, 0x00, 0x00, 0x00, 0x00, 0x00, 0x00, 0x00, 0x00,
    0x00, 0x00, 0x00, 0x00, 0x00, 0x00, 0x00, 0x00, 0x00, 0x00, 0x00, 0x00,
    0x00, 0x00, 0x00, 0x00, 0x00, 0x00, 0x00, 0x00, 0x00, 0x00, 0x00, 0x00,
    0x00, 0x00, 0x00, 0x00, 0x00, 0x00, 0x00, 0x00, 0x00, 0x00, 0x00, 0x00,
    0x00, 0x00, 0x00, 0x00, 0x00, 0x00, 0x00, 0x00, 0x00, 0x00, 0x00, 0x00,
    0x00, 0x00, 0x00, 0x00, 0x00, 0x00, 0x00, 0x00, 0x00, 0x00, 0x00, 0x00,
    0x00, 0x00, 0x00, 0x00, 0x00, 0x00, 0x00, 0x00, 0x00, 0x00, 0x00, 0x00,
    0x00, 0x00, 0x00, 0x00, 0x00, 0x00, 0x00, 0x00, 0x00, 0x00, 0x00, 0x00,
    0x00, 0x00, 0x00, 0x00, 0x00, 0x00, 0x00, 0x00, 0x00, 0x00, 0x00, 0x00,
    0x00, 0x00, 0x00, 0x00, 0x00, 0x00, 0x00, 0x00, 0x00, 0x00, 0x00, 0x00,
    0x00, 0x00, 0x00, 0x00, 0x00, 0x00, 0x00, 0x00, 0x00, 0x00, 0x00, 0x00,
    0x00, 0x00, 0x00, 0x00, 0x00, 0x00, 0x00, 0x00, 0x00, 0x00, 0x00, 0x00,
    0x00, 0x00, 0x00, 0x00, 0x00, 0x00, 0x00, 0x00, 0x00, 0x00, 0x00, 0x00,
    0x00, 0x00, 0x00, 0x00, 0x00, 0x00, 0x00, 0x00, 0x00, 0x00, 0x00, 0x00,
    0x00, 0x00, 0x00, 0x00, 0x00, 0x00, 0x00, 0x00, 0x00, 0x00, 0x00, 0x00,
    0x00, 0x00, 0x00, 0x00, 0x00, 0x00, 0x00, 0x00, 0x00, 0x00, 0x00, 0x00,
    0x00, 0x00, 0x00, 0x00, 0x00, 0x00, 0x00, 0x00, 0x00, 0x00, 0x00, 0x00,
    0x00, 0x00, 0x00, 0x00, 0x00, 0x00, 0x00, 0x00, 0x00, 0x00, 0x00, 0x00,
    0x00, 0x00, 0x00, 0x00, 0x00, 0x00, 0x00, 0x00, 0x00, 0x00, 0x00, 0x00,
    0x00, 0x00, 0x00, 0x00, 0x00, 0x00, 0x00, 0x00, 0x00, 0x00, 0x00, 0x00,
    0x00, 0x00, 0x00, 0x00, 0x00, 0x00, 0x00, 0x00, 0x00, 0x00, 0x00, 0x00,
    0x00, 0x00, 0x00, 0x00, 0x00, 0x00, 0x00, 0x00, 0x00, 0x00, 0x00, 0x00,
    0x00, 0x00, 0x00, 0x00, 0x00, 0x00, 0x00, 0x00, 0x00, 0x00, 0x00, 0x00,
    0x00, 0x00, 0x00, 0x00, 0x00, 0x00, 0x00, 0x00, 0x00, 0x00, 0x00, 0x00,
    0x00, 0x00, 0x00, 0x00, 0x00, 0x00, 0x00, 0x00, 0x00, 0x00, 0x00, 0x00,
    0x00, 0x00, 0x00, 0x00, 0x00, 0x00, 0x00, 0x00, 0x00, 0x00, 0x00, 0x00,
    0x00, 0x00, 0x00, 0x00, 0x00, 0x00, 0x00, 0x00, 0x00, 0x00, 0x00, 0x00,
    0x00, 0x00, 0x00, 0x00, 0x00, 0x00, 0x00, 0x00, 0x00, 0x00, 0x00, 0x00,
    0x00, 0x00, 0x00, 0x00, 0x00, 0x00, 0x00, 0x00, 0x00, 0x00, 0x00, 0x00,
    0x00, 0x00, 0x00, 0x00, 0x00, 0x00, 0x00, 0x00, 0x00, 0x00, 0x00, 0x00,
    0x00, 0x00, 0x00, 0x00, 0x00, 0x00, 0x00, 0x00, 0x00, 0x00, 0x00, 0x00,
    0x00, 0x00, 0x00, 0x00, 0x00, 0x00, 0x00, 0x00, 0x00, 0x00, 0x00, 0x00,
    0x00, 0x00, 0x00, 0x00, 0x00, 0x00, 0x00, 0x00, 0x00, 0x00, 0x00, 0x00,
    0x00, 0x00, 0x00, 0x00, 0x00, 0x00, 0x00, 0x00, 0x00, 0x00, 0x00, 0x00,
    0x00, 0x00, 0x00, 0x00, 0x00, 0x00, 0x00, 0x00, 0x00, 0x00, 0x00, 0x00,
    0x00, 0x00, 0x00, 0x00, 0x00, 0x00, 0x00, 0x00, 0x00, 0x00, 0x00, 0x00,
    0x00, 0x00, 0x00, 0x00, 0x00, 0x00, 0x00, 0x00, 0x00, 0x00, 0x00, 0x00,
    0x00, 0x00, 0x00, 0x00
};
