// 4.26.0 0x6929a78b D2 R0 FRGB565 U565 N0 SExtFlashSection
// Generated by imageconverter. Please, do not edit!

#include <touchgfx/hal/Config.hpp>

LOCATION_PRAGMA("ExtFlashSection")
KEEP extern const unsigned char image_yanwu2[] LOCATION_ATTRIBUTE("ExtFlashSection") = { // 320x240 RGB565 pixels.
    0x21, 0x08, 0x62, 0x08, 0x21, 0x08, 0x41, 0x08, 0x61, 0x08, 0x61, 0x08,
    0x61, 0x08, 0x61, 0x08, 0x61, 0x10, 0x61, 0x08, 0x61, 0x08, 0x41, 0x08,
    0x61, 0x08, 0x61, 0x10, 0x61, 0x08, 0x61, 0x08, 0x61, 0x08, 0x61, 0x08,
    0x61, 0x08, 0x61, 0x08, 0x61, 0x08, 0x61, 0x08, 0x61, 0x08, 0x61, 0x08,
    0x61, 0x08, 0x61, 0x08, 0x61, 0x10, 0x61, 0x08, 0x61, 0x08, 0x61, 0x10,
    0x61, 0x10, 0x61, 0x08, 0x61, 0x10, 0x61, 0x10, 0x62, 0x10, 0x61, 0x08,
    0x61, 0x10, 0x61, 0x10, 0x62, 0x10, 0x61, 0x08, 0x61, 0x10, 0x82, 0x10,
    0x61, 0x10, 0x61, 0x10, 0x82, 0x10, 0x61, 0x10, 0x61, 0x10, 0x82, 0x10,
    0x61, 0x10, 0x61, 0x10, 0x82, 0x10, 0x82, 0x10, 0x81, 0x10, 0x82, 0x10,
    0x82, 0x10, 0x81, 0x10, 0x82, 0x10, 0x82, 0x10, 0x82, 0x10, 0x82, 0x10,
    0x82, 0x10, 0x82, 0x10, 0x82, 0x10, 0x82, 0x10, 0x81, 0x10, 0x82, 0x10,
    0x82, 0x10, 0x82, 0x10, 0x82, 0x10, 0x82, 0x10, 0xa2, 0x10, 0x82, 0x10,
    0xa2, 0x10, 0xa2, 0x10, 0xa2, 0x10, 0x82, 0x10, 0x82, 0x10, 0x82, 0x10,
    0x82, 0x10, 0x82, 0x10, 0x82, 0x10, 0x82, 0x10, 0xa2, 0x10, 0xa2, 0x10,
    0xa3, 0x10, 0xa2, 0x10, 0xa3, 0x10, 0xa3, 0x10, 0xc3, 0x18, 0xc3, 0x18,
    0xc3, 0x18, 0xc3, 0x10, 0xc3, 0x18, 0xc3, 0x18, 0xc3, 0x18, 0xc3, 0x18,
    0xc3, 0x18, 0xc3, 0x18, 0xc4, 0x18, 0xc3, 0x18, 0xe3, 0x18, 0xe4, 0x18,
    0xe4, 0x18, 0xe4, 0x18, 0xe4, 0x18, 0xe3, 0x18, 0x04, 0x21, 0x04, 0x21,
    0x04, 0x21, 0x04, 0x19, 0x04, 0x21, 0x04, 0x21, 0x04, 0x21, 0x04, 0x21,
    0x04, 0x21, 0x04, 0x21, 0x04, 0x21, 0x04, 0x21, 0x25, 0x21, 0x25, 0x21,
    0x24, 0x21, 0x04, 0x21, 0x05, 0x21, 0x04, 0x21, 0xa7, 0x31, 0x29, 0x42,
    0x6a, 0x4a, 0x6a, 0x4a, 0x6a, 0x4a, 0x69, 0x4a, 0x6a, 0x4a, 0x29, 0x42,
    0x08, 0x42, 0xc7, 0x39, 0xa7, 0x31, 0x86, 0x31, 0x45, 0x29, 0x86, 0x31,
    0x86, 0x31, 0xa7, 0x31, 0x87, 0x31, 0x86, 0x29, 0xc7, 0x39, 0xe8, 0x39,
    0xc8, 0x39, 0xe8, 0x39, 0x08, 0x42, 0x49, 0x42, 0x4a, 0x4a, 0xab, 0x52,
    0xec, 0x5a, 0x2e, 0x63, 0x8f, 0x73, 0x4e, 0x6b, 0x2d, 0x63, 0x2d, 0x63,
    0x2d, 0x63, 0x4d, 0x63, 0x2e, 0x63, 0x0d, 0x63, 0xed, 0x5a, 0xcc, 0x5a,
    0xec, 0x5a, 0x6e, 0x6b, 0x8f, 0x73, 0x8f, 0x6b, 0x6e, 0x6b, 0xcb, 0x52,
    0xab, 0x52, 0x8b, 0x52, 0xab, 0x52, 0x8a, 0x4a, 0xab, 0x52, 0xcb, 0x52,
    0xab, 0x52, 0xab, 0x52, 0xcc, 0x52, 0xec, 0x5a, 0xab, 0x52, 0xcb, 0x52,
    0x0c, 0x5b, 0xec, 0x5a, 0xab, 0x52, 0x0d, 0x5b, 0x6f, 0x6b, 0x31, 0x7c,
    0x32, 0x7c, 0x52, 0x84, 0x32, 0x84, 0xf1, 0x7b, 0xd0, 0x73, 0xd0, 0x7b,
    0xd0, 0x73, 0xd0, 0x7b, 0xd0, 0x73, 0xaf, 0x73, 0x8e, 0x6b, 0xd0, 0x73,
    0xd0, 0x7b, 0xd0, 0x73, 0xf0, 0x73, 0xf0, 0x7b, 0xf1, 0x7b, 0xf1, 0x7b,
    0xf0, 0x7b, 0xd0, 0x73, 0xd0, 0x73, 0xf0, 0x7b, 0x52, 0x84, 0x36, 0xa5,
    0x97, 0xb5, 0x97, 0xad, 0xb8, 0xb5, 0xd8, 0xb5, 0xd7, 0xbd, 0xb7, 0xb5,
    0x97, 0xb5, 0x97, 0xb5, 0x77, 0xad, 0x56, 0xad, 0x56, 0xa5, 0x56, 0xad,
    0x97, 0xad, 0x97, 0xad, 0x76, 0xad, 0x56, 0xad, 0x15, 0xa5, 0xd4, 0x9c,
    0xf5, 0x9c, 0x15, 0xa5, 0x76, 0xad, 0x97, 0xad, 0x97, 0xb5, 0xb8, 0xb5,
    0xd8, 0xb5, 0xb8, 0xb5, 0xb7, 0xb5, 0xb7, 0xb5, 0x97, 0xad, 0x76, 0xa5,
    0x35, 0xa5, 0xf4, 0x94, 0xd4, 0x94, 0xd4, 0x94, 0xf4, 0x9c, 0xd3, 0x94,
    0xb3, 0x8c, 0xb3, 0x94, 0xf5, 0x9c, 0x15, 0x9d, 0x35, 0x9d, 0x15, 0x9d,
    0x93, 0x8c, 0x32, 0x84, 0x11, 0x7c, 0xd0, 0x73, 0x8f, 0x6b, 0x6e, 0x6b,
    0x6e, 0x63, 0x8e, 0x6b, 0xaf, 0x6b, 0xd0, 0x73, 0xf0, 0x7b, 0x52, 0x84,
    0x73, 0x8c, 0x93, 0x8c, 0x73, 0x84, 0x52, 0x84, 0x32, 0x84, 0x52, 0x84,
    0x11, 0x7c, 0xf1, 0x73, 0xd0, 0x73, 0xb0, 0x73, 0xcf, 0x73, 0xaf, 0x73,
    0xaf, 0x6b, 0xaf, 0x73, 0xd0, 0x73, 0xd1, 0x73, 0xd0, 0x73, 0xaf, 0x73,
    0x90, 0x73, 0xaf, 0x73, 0xd0, 0x73, 0xf1, 0x7b, 0x11, 0x7c, 0x11, 0x7c,
    0x32, 0x7c, 0x12, 0x7c, 0x32, 0x7c, 0x11, 0x7c, 0xf1, 0x7b, 0xf1, 0x73,
    0x11, 0x74, 0xd0, 0x73, 0x2e, 0x63, 0x0d, 0x63, 0x2d, 0x63, 0x0d, 0x63,
    0x0d, 0x63, 0x0d, 0x5b, 0x2d, 0x63, 0x6e, 0x63, 0x2d, 0x63, 0xab, 0x52,
    0xcb, 0x52, 0xec, 0x5a, 0xec, 0x5a, 0xcb, 0x52, 0xcb, 0x5a, 0xcb, 0x52,
    0xec, 0x52, 0x0d, 0x5b, 0x2d, 0x63, 0xec, 0x5a, 0x0c, 0x5b, 0x0d, 0x5b,
    0x46, 0x29, 0x20, 0x00, 0x41, 0x10, 0x61, 0x10, 0x41, 0x08, 0x60, 0x08,
    0x61, 0x08, 0x41, 0x08, 0x60, 0x08, 0x61, 0x08, 0x41, 0x08, 0x60, 0x08,
    0x61, 0x08, 0x41, 0x08, 0x61, 0x08, 0x61, 0x08, 0x61, 0x10, 0x61, 0x08,
    0x61, 0x08, 0x41, 0x08, 0x61, 0x08, 0x41, 0x08, 0x61, 0x08, 0x41, 0x10,
    0x61, 0x10, 0x61, 0x10, 0x61, 0x08, 0x61, 0x10, 0x61, 0x10, 0x61, 0x08,
    0x61, 0x10, 0x61, 0x08, 0x62, 0x10, 0x62, 0x10, 0x61, 0x08, 0x61, 0x10,
    0x82, 0x10, 0x61, 0x08, 0x61, 0x10, 0x62, 0x08, 0x61, 0x10, 0x61, 0x10,
    0x82, 0x10, 0x82, 0x10, 0x61, 0x08, 0x82, 0x10, 0x62, 0x10, 0x81, 0x08,
    0x62, 0x10, 0x82, 0x10, 0x61, 0x08, 0x62, 0x10, 0x81, 0x10, 0x82, 0x10,
    0x82, 0x10, 0x81, 0x10, 0x82, 0x10, 0x82, 0x10, 0x81, 0x10, 0x82, 0x10,
    0x82, 0x10, 0x81, 0x10, 0x82, 0x10, 0x82, 0x10, 0x81, 0x10, 0x82, 0x10,
    0x82, 0x10, 0x82, 0x10, 0x82, 0x10, 0x82, 0x10, 0xa2, 0x10, 0xa2, 0x10,
    0x82, 0x10, 0x82, 0x10, 0xa3, 0x10, 0xa2, 0x10, 0xa3, 0x18, 0x82, 0x10,
    0xa2, 0x10, 0xa2, 0x10, 0x82, 0x10, 0xa2, 0x10, 0x82, 0x10, 0x82, 0x10,
    0x82, 0x10, 0xa2, 0x10, 0xa3, 0x10, 0xa2, 0x10, 0xc3, 0x18, 0xc2, 0x18,
    0xc3, 0x10, 0xc3, 0x18, 0xc3, 0x18, 0xc3, 0x18, 0xc3, 0x18, 0xc3, 0x18,
    0xc3, 0x18, 0xc3, 0x18, 0xc3, 0x18, 0xe3, 0x18, 0xc4, 0x18, 0xe3, 0x18,
    0xc3, 0x18, 0xe4, 0x18, 0xe3, 0x18, 0xe4, 0x18, 0xe4, 0x18, 0xe3, 0x18,
    0xe4, 0x20, 0x04, 0x21, 0x04, 0x19, 0xe4, 0x20, 0x04, 0x19, 0x04, 0x21,
    0x04, 0x21, 0x04, 0x21, 0x04, 0x19, 0x05, 0x21, 0x05, 0x21, 0x25, 0x21,
    0x25, 0x21, 0x25, 0x21, 0x25, 0x21, 0x25, 0x21, 0x25, 0x21, 0x25, 0x21,
    0xc7, 0x39, 0x4a, 0x4a, 0x69, 0x4a, 0x49, 0x42, 0x49, 0x42, 0x29, 0x42,
    0x29, 0x42, 0x09, 0x42, 0x08, 0x3a, 0xa7, 0x31, 0xa7, 0x31, 0x66, 0x29,
    0x65, 0x29, 0xa7, 0x31, 0x86, 0x31, 0xc7, 0x39, 0x87, 0x31, 0xa7, 0x31,
    0xe8, 0x39, 0xe8, 0x39, 0x08, 0x3a, 0x08, 0x3a, 0x49, 0x42, 0x4a, 0x4a,
    0x8b, 0x4a, 0xec, 0x5a, 0x4e, 0x6b, 0x8f, 0x6b, 0x6e, 0x6b, 0x2d, 0x63,
    0xed, 0x5a, 0xec, 0x5a, 0x0c, 0x5b, 0x0c, 0x5b, 0x0d, 0x63, 0x0d, 0x5b,
    0x0d, 0x5b, 0xec, 0x5a, 0x0c, 0x5b, 0x2d, 0x63, 0x6f, 0x6b, 0x6e, 0x6b,
    0x2d, 0x63, 0xab, 0x52, 0x8a, 0x4a, 0x6a, 0x4a, 0xab, 0x52, 0x6a, 0x4a,
    0x8a, 0x4a, 0xcb, 0x52, 0x8b, 0x52, 0x8a, 0x4a, 0x8a, 0x4a, 0xcc, 0x52,
    0xcb, 0x5a, 0xcc, 0x5a, 0x2d, 0x63, 0xcb, 0x52, 0x8a, 0x4a, 0x0d, 0x5b,
    0x6f, 0x6b, 0x31, 0x7c, 0x31, 0x7c, 0x52, 0x84, 0x11, 0x7c, 0xf0, 0x73,
    0xd0, 0x73, 0xd0, 0x73, 0xf1, 0x7b, 0x11, 0x7c, 0xcf, 0x73, 0x8e, 0x6b,
    0x6e, 0x6b, 0xcf, 0x73, 0xb0, 0x73, 0x8f, 0x73, 0xaf, 0x73, 0xd0, 0x73,
    0x11, 0x7c, 0x11, 0x7c, 0xf1, 0x7b, 0xb0, 0x73, 0xf0, 0x7b, 0xf0, 0x7b,
    0x11, 0x7c, 0x15, 0x9d, 0x97, 0xb5, 0x77, 0xad, 0xb7, 0xb5, 0xd8, 0xb5,
    0xb7, 0xb5, 0x97, 0xb5, 0xb7, 0xb5, 0x97, 0xad, 0x56, 0xa5, 0x15, 0xa5,
    0xf4, 0x9c, 0x55, 0xa5, 0x97, 0xb5, 0x77, 0xad, 0x56, 0xad, 0x56, 0xad,
    0x15, 0x9d, 0xd4, 0x94, 0xf5, 0x9c, 0x15, 0xa5, 0x97, 0xad, 0x97, 0xb5,
    0x97, 0xb5, 0xd8, 0xb5, 0xb8, 0xb5, 0xb7, 0xb5, 0xb7, 0xb5, 0x97, 0xb5,
    0x76, 0xad, 0x35, 0xa5, 0x15, 0x9d, 0x15, 0x9d, 0xd4, 0x94, 0xf5, 0x9c,
    0xf4, 0x9c, 0xd4, 0x94, 0xd4, 0x94, 0xd3, 0x94, 0xf4, 0x94, 0x15, 0x9d,
    0x36, 0xa5, 0x36, 0x9d, 0xb3, 0x94, 0x32, 0x84, 0x11, 0x7c, 0xd0, 0x73,
    0xaf, 0x6b, 0xaf, 0x73, 0xcf, 0x73, 0x8f, 0x6b, 0xaf, 0x6b, 0xcf, 0x73,
    0xf0, 0x73, 0x52, 0x84, 0x72, 0x84, 0x73, 0x8c, 0x72, 0x8c, 0x73, 0x8c,
    0x52, 0x84, 0x93, 0x8c, 0x52, 0x84, 0xf0, 0x73, 0xd0, 0x73, 0xd0, 0x73,
    0xd0, 0x73, 0x8e, 0x6b, 0xcf, 0x73, 0xb0, 0x73, 0xd0, 0x73, 0xf0, 0x73,
    0xd0, 0x73, 0xaf, 0x6b, 0x8f, 0x6b, 0x8f, 0x6b, 0xf0, 0x73, 0x11, 0x7c,
    0xf1, 0x7b, 0x31, 0x7c, 0x32, 0x84, 0x52, 0x84, 0x32, 0x7c, 0x32, 0x7c,
    0xf1, 0x73, 0xf0, 0x73, 0x11, 0x7c, 0xf1, 0x73, 0x4e, 0x63, 0xcc, 0x5a,
    0xec, 0x5a, 0x0c, 0x5b, 0x0c, 0x5b, 0xcc, 0x52, 0x0d, 0x5b, 0x6e, 0x63,
    0x4e, 0x63, 0xcc, 0x52, 0xab, 0x52, 0xec, 0x5a, 0x0c, 0x5b, 0xcb, 0x5a,
    0xab, 0x52, 0xcb, 0x52, 0xec, 0x5a, 0x0d, 0x5b, 0x2d, 0x63, 0xcb, 0x52,
    0xcc, 0x52, 0x2d, 0x5b, 0x0d, 0x5b, 0xc3, 0x18, 0x41, 0x08, 0x41, 0x08,
    0x40, 0x08, 0x41, 0x08, 0x61, 0x08, 0x60, 0x10, 0x61, 0x08, 0x41, 0x08,
    0x61, 0x10, 0x60, 0x08, 0x61, 0x08, 0x61, 0x10, 0x61, 0x08, 0x61, 0x08,
    0x61, 0x08, 0x61, 0x10, 0x41, 0x08, 0x61, 0x10, 0x61, 0x10, 0x61, 0x08,
    0x61, 0x08, 0x61, 0x10, 0x61, 0x08, 0x61, 0x08, 0x61, 0x10, 0x61, 0x08,
    0x62, 0x08, 0x61, 0x10, 0x62, 0x10, 0x62, 0x08, 0x61, 0x08, 0x82, 0x10,
    0x61, 0x08, 0x82, 0x10, 0x82, 0x10, 0x82, 0x10, 0x82, 0x10, 0x82, 0x10,
    0x61, 0x08, 0x82, 0x10, 0x61, 0x08, 0x61, 0x10, 0x82, 0x10, 0x61, 0x08,
    0x81, 0x10, 0x62, 0x10, 0x81, 0x08, 0x82, 0x10, 0x82, 0x10, 0x82, 0x10,
    0x81, 0x10, 0x82, 0x10, 0x82, 0x10, 0x82, 0x10, 0x82, 0x10, 0x82, 0x10,
    0x82, 0x10, 0x81, 0x10, 0xa2, 0x10, 0x82, 0x10, 0xa2, 0x10, 0xa2, 0x10,
    0xa2, 0x10, 0xa2, 0x10, 0xa2, 0x10, 0xa2, 0x10, 0xa2, 0x10, 0x82, 0x10,
    0xa2, 0x10, 0xa2, 0x10, 0xa2, 0x10, 0x82, 0x10, 0xa2, 0x10, 0xa2, 0x10,
    0x83, 0x18, 0xa2, 0x10, 0xa2, 0x10, 0xa2, 0x10, 0x82, 0x10, 0xa2, 0x10,
    0x82, 0x10, 0xa2, 0x10, 0x82, 0x10, 0xa3, 0x10, 0xa2, 0x10, 0xa3, 0x18,
    0xc3, 0x10, 0xa2, 0x10, 0xc3, 0x10, 0xa2, 0x10, 0xc3, 0x18, 0xc3, 0x18,
    0xc3, 0x10, 0xc3, 0x10, 0xc3, 0x18, 0xc3, 0x18, 0xc3, 0x18, 0xc3, 0x18,
    0xe3, 0x18, 0xc3, 0x18, 0xe4, 0x18, 0xe3, 0x18, 0xc4, 0x18, 0xe3, 0x18,
    0xe4, 0x18, 0xe4, 0x18, 0x04, 0x21, 0x04, 0x19, 0x04, 0x21, 0x04, 0x21,
    0x04, 0x21, 0x04, 0x19, 0x04, 0x21, 0x04, 0x21, 0x05, 0x21, 0x24, 0x21,
    0x25, 0x21, 0x24, 0x21, 0x24, 0x21, 0x04, 0x21, 0x25, 0x21, 0x24, 0x21,
    0x25, 0x21, 0x65, 0x29, 0xa7, 0x31, 0x49, 0x42, 0x08, 0x42, 0x08, 0x42,
    0x29, 0x42, 0x09, 0x42, 0x08, 0x42, 0xe8, 0x39, 0xe7, 0x39, 0xa6, 0x31,
    0x86, 0x31, 0x46, 0x29, 0x66, 0x29, 0xa7, 0x31, 0xa7, 0x31, 0xe7, 0x39,
    0x86, 0x29, 0xe8, 0x39, 0xe8, 0x39, 0x09, 0x42, 0x08, 0x42, 0x08, 0x3a,
    0x8b, 0x52, 0xec, 0x5a, 0x0c, 0x5b, 0x4e, 0x6b, 0x8f, 0x73, 0xec, 0x5a,
    0xcc, 0x5a, 0xec, 0x5a, 0xed, 0x5a, 0xcc, 0x5a, 0xcc, 0x5a, 0xec, 0x5a,
    0x0c, 0x5b, 0x0d, 0x5b, 0xec, 0x5a, 0xec, 0x5a, 0xec, 0x5a, 0xcc, 0x5a,
    0x2d, 0x63, 0x2d, 0x63, 0x2d, 0x63, 0x8b, 0x52, 0x6a, 0x4a, 0x6a, 0x4a,
    0xab, 0x52, 0x6a, 0x4a, 0x4a, 0x4a, 0x8b, 0x52, 0x6a, 0x4a, 0x8a, 0x4a,
    0x6a, 0x4a, 0x6a, 0x4a, 0xab, 0x52, 0xcb, 0x5a, 0x4e, 0x6b, 0xcc, 0x5a,
    0xab, 0x52, 0x2d, 0x5b, 0x4e, 0x63, 0x11, 0x7c, 0xf1, 0x7b, 0x32, 0x7c,
    0xf1, 0x7b, 0xf0, 0x73, 0xd0, 0x73, 0xb0, 0x73, 0x11, 0x7c, 0xf1, 0x7b,
    0xcf, 0x73, 0xaf, 0x73, 0x8f, 0x6b, 0xaf, 0x73, 0xaf, 0x73, 0x8f, 0x6b,
    0xaf, 0x73, 0xd0, 0x73, 0x11, 0x7c, 0x11, 0x7c, 0xf1, 0x7b, 0xf0, 0x7b,
    0xd0, 0x73, 0xf0, 0x7b, 0xf0, 0x7b, 0x93, 0x8c, 0x36, 0xa5, 0x76, 0xad,
    0x97, 0xb5, 0xd8, 0xb5, 0xb7, 0xb5, 0x97, 0xb5, 0x36, 0xa5, 0x15, 0xa5,
    0xf4, 0x9c, 0xb3, 0x94, 0x93, 0x8c, 0x35, 0xa5, 0x96, 0xb5, 0xb7, 0xb5,
    0x76, 0xad, 0x56, 0xad, 0xd5, 0x9c, 0xd4, 0x94, 0x15, 0x9d, 0x15, 0xa5,
    0xb7, 0xb5, 0xb8, 0xb5, 0x97, 0xb5, 0xd8, 0xb5, 0x96, 0xad, 0x76, 0xad,
    0x97, 0xb5, 0x96, 0xad, 0x76, 0xad, 0x56, 0xa5, 0x76, 0xa5, 0x76, 0xad,
    0x56, 0xa5, 0x56, 0xa5, 0x14, 0xa5, 0xf4, 0x9c, 0xf4, 0x9c, 0xf5, 0x9c,
    0xf5, 0x94, 0xb3, 0x8c, 0x93, 0x8c, 0xf5, 0x9c, 0xf4, 0x94, 0x32, 0x84,
    0x11, 0x7c, 0x11, 0x7c, 0xf1, 0x7b, 0x11, 0x7c, 0x31, 0x7c, 0x11, 0x7c,
    0xcf, 0x73, 0xcf, 0x73, 0xd0, 0x73, 0x11, 0x7c, 0x52, 0x84, 0x93, 0x8c,
    0x93, 0x8c, 0xd4, 0x94, 0x93, 0x8c, 0xd4, 0x94, 0x93, 0x8c, 0x11, 0x7c,
    0xd0, 0x73, 0xaf, 0x73, 0xd0, 0x73, 0xaf, 0x6b, 0xd0, 0x73, 0xb0, 0x73,
    0xd0, 0x73, 0xd0, 0x73, 0xd0, 0x73, 0xb0, 0x73, 0x8f, 0x6b, 0xb0, 0x73,
    0xf0, 0x73, 0x11, 0x7c, 0x11, 0x7c, 0x11, 0x7c, 0x72, 0x84, 0x52, 0x84,
    0x11, 0x7c, 0x11, 0x7c, 0xd0, 0x73, 0xaf, 0x6b, 0xd0, 0x73, 0x11, 0x7c,
    0xaf, 0x73, 0x0c, 0x5b, 0xcc, 0x52, 0x0c, 0x5b, 0xec, 0x5a, 0xab, 0x52,
    0x2d, 0x63, 0x6f, 0x6b, 0x6f, 0x6b, 0x0d, 0x5b, 0xcc, 0x52, 0x0c, 0x5b,
    0x0d, 0x63, 0xcc, 0x52, 0xab, 0x52, 0xab, 0x52, 0x0d, 0x5b, 0x0d, 0x5b,
    0x0c, 0x5b, 0xab, 0x52, 0xcc, 0x52, 0x4d, 0x63, 0x0d, 0x5b, 0x04, 0x21,
    0x41, 0x08, 0x41, 0x08, 0x41, 0x08, 0x61, 0x08, 0x61, 0x08, 0x61, 0x10,
    0x41, 0x08, 0x61, 0x08, 0x60, 0x10, 0x41, 0x08, 0x61, 0x08, 0x40, 0x08,
    0x61, 0x10, 0x40, 0x08, 0x61, 0x08, 0x61, 0x08, 0x61, 0x08, 0x61, 0x08,
    0x41, 0x08, 0x61, 0x08, 0x61, 0x08, 0x41, 0x10, 0x61, 0x08, 0x61, 0x10,
    0x62, 0x10, 0x61, 0x08, 0x61, 0x08, 0x61, 0x10, 0x61, 0x10, 0x61, 0x10,
    0x61, 0x10, 0x81, 0x10, 0x61, 0x10, 0x82, 0x10, 0x61, 0x08, 0x61, 0x10,
    0x82, 0x10, 0x82, 0x10, 0x81, 0x10, 0x82, 0x10, 0x82, 0x10, 0x61, 0x10,
    0x82, 0x10, 0x82, 0x10, 0x61, 0x10, 0x82, 0x10, 0x61, 0x10, 0x81, 0x10,
    0x82, 0x10, 0x82, 0x10, 0x82, 0x10, 0x81, 0x10, 0x82, 0x10, 0x82, 0x10,
    0x81, 0x10, 0x82, 0x10, 0x82, 0x10, 0x82, 0x10, 0x81, 0x10, 0x82, 0x10,
    0xa2, 0x10, 0xa2, 0x10, 0x82, 0x10, 0x82, 0x10, 0xa1, 0x10, 0x82, 0x10,
    0x82, 0x10, 0x82, 0x10, 0x82, 0x10, 0xa2, 0x10, 0xa2, 0x18, 0x82, 0x10,
    0xa3, 0x10, 0x82, 0x10, 0xa3, 0x18, 0xa2, 0x10, 0xa3, 0x10, 0x82, 0x10,
    0x82, 0x10, 0x82, 0x10, 0xa2, 0x10, 0x82, 0x10, 0x82, 0x10, 0xa2, 0x10,
    0xa3, 0x10, 0xa2, 0x10, 0xa3, 0x18, 0xa3, 0x10, 0xa2, 0x18, 0xc3, 0x10,
    0xc2, 0x18, 0xc3, 0x10, 0xc3, 0x18, 0xc2, 0x18, 0xc3, 0x18, 0xc3, 0x18,
    0xe3, 0x18, 0xe3, 0x18, 0xc3, 0x18, 0xe3, 0x18, 0xe3, 0x18, 0xe3, 0x18,
    0xe4, 0x20, 0xe4, 0x18, 0xe4, 0x18, 0xe3, 0x20, 0x04, 0x21, 0x04, 0x21,
    0x04, 0x21, 0x04, 0x21, 0x04, 0x21, 0x04, 0x21, 0x04, 0x19, 0x05, 0x21,
    0x04, 0x21, 0x24, 0x21, 0x05, 0x21, 0x25, 0x21, 0x24, 0x21, 0x05, 0x21,
    0x25, 0x29, 0x24, 0x21, 0x25, 0x29, 0x86, 0x31, 0x86, 0x31, 0x29, 0x42,
    0xe8, 0x39, 0xe8, 0x39, 0xe8, 0x41, 0xa7, 0x31, 0xa7, 0x31, 0xc7, 0x39,
    0xa7, 0x31, 0x86, 0x31, 0x86, 0x31, 0x66, 0x29, 0x66, 0x29, 0xc7, 0x39,
    0xc7, 0x39, 0x08, 0x3a, 0xe8, 0x39, 0x29, 0x42, 0x08, 0x3a, 0x09, 0x42,
    0x49, 0x42, 0xcb, 0x52, 0x8f, 0x73, 0x0d, 0x63, 0x0d, 0x63, 0xaf, 0x73,
    0xab, 0x52, 0x6a, 0x4a, 0xcb, 0x52, 0x2d, 0x63, 0x6f, 0x6b, 0xed, 0x5a,
    0xcc, 0x52, 0xcb, 0x52, 0xcc, 0x5a, 0xab, 0x52, 0x8b, 0x52, 0x8b, 0x52,
    0xcb, 0x52, 0xab, 0x52, 0xcc, 0x52, 0xec, 0x5a, 0x0c, 0x5b, 0x8b, 0x52,
    0x6a, 0x4a, 0x49, 0x4a, 0x8a, 0x52, 0x49, 0x4a, 0x49, 0x42, 0x6a, 0x4a,
    0xab, 0x52, 0xab, 0x52, 0x6a, 0x4a, 0x4a, 0x42, 0x49, 0x42, 0xab, 0x52,
    0x4e, 0x6b, 0x4e, 0x63, 0xec, 0x5a, 0xed, 0x5a, 0x4e, 0x6b, 0xf1, 0x7b,
    0xf1, 0x7b, 0x11, 0x7c, 0xd0, 0x73, 0xd0, 0x73, 0xb0, 0x73, 0xf0, 0x7b,
    0xd0, 0x73, 0x8f, 0x6b, 0x6e, 0x6b, 0x4e, 0x6b, 0x2d, 0x63, 0x0d, 0x63,
    0x2d, 0x63, 0x6e, 0x6b, 0xaf, 0x73, 0xf0, 0x7b, 0x32, 0x7c, 0x32, 0x84,
    0x11, 0x7c, 0xd0, 0x73, 0x8f, 0x73, 0xf1, 0x7b, 0x11, 0x7c, 0x72, 0x8c,
    0x93, 0x8c, 0x35, 0xa5, 0x97, 0xb5, 0x97, 0xb5, 0x56, 0xad, 0x35, 0xa5,
    0xf5, 0x9c, 0xd4, 0x94, 0x52, 0x84, 0x52, 0x8c, 0x92, 0x8c, 0x14, 0xa5,
    0x76, 0xad, 0x96, 0xad, 0x97, 0xb5, 0x56, 0xad, 0x15, 0xa5, 0x15, 0xa5,
    0x35, 0xa5, 0x56, 0xad, 0x97, 0xb5, 0xb8, 0xb5, 0xb8, 0xb5, 0xb7, 0xb5,
    0x97, 0xb5, 0x76, 0xad, 0x96, 0xad, 0x96, 0xad, 0x97, 0xb5, 0xb7, 0xb5,
    0xb7, 0xb5, 0x97, 0xad, 0x76, 0xad, 0x76, 0xad, 0x55, 0xad, 0xf4, 0x9c,
    0xf4, 0x9c, 0xf5, 0x9c, 0xb4, 0x8c, 0x93, 0x8c, 0x72, 0x8c, 0x52, 0x84,
    0xb4, 0x94, 0xb4, 0x8c, 0x52, 0x84, 0x72, 0x84, 0x93, 0x8c, 0x93, 0x8c,
    0x93, 0x8c, 0x93, 0x8c, 0x52, 0x84, 0xd0, 0x73, 0xf0, 0x73, 0x11, 0x7c,
    0x31, 0x84, 0x72, 0x84, 0x93, 0x8c, 0xd4, 0x94, 0xd4, 0x94, 0xd4, 0x94,
    0x73, 0x8c, 0x31, 0x7c, 0xf1, 0x7b, 0xaf, 0x6b, 0xd0, 0x73, 0xd0, 0x73,
    0xf1, 0x73, 0xd0, 0x7b, 0xf0, 0x73, 0xd0, 0x73, 0xf0, 0x7b, 0xd0, 0x73,
    0xaf, 0x73, 0xd0, 0x73, 0xd1, 0x7b, 0x52, 0x84, 0x52, 0x84, 0x52, 0x7c,
    0x52, 0x84, 0x31, 0x7c, 0xd0, 0x73, 0xd0, 0x73, 0xd0, 0x73, 0x8f, 0x6b,
    0x8f, 0x6b, 0xb0, 0x73, 0xf0, 0x73, 0x4e, 0x63, 0xcc, 0x5a, 0xec, 0x5a,
    0xcb, 0x5a, 0xab, 0x52, 0x4e, 0x63, 0xb0, 0x6b, 0x8f, 0x63, 0x6e, 0x63,
    0x0d, 0x5b, 0x0d, 0x5b, 0x2d, 0x63, 0xcc, 0x52, 0x8b, 0x52, 0xcc, 0x52,
    0x4e, 0x63, 0x2d, 0x63, 0xcc, 0x5a, 0xcc, 0x52, 0x0d, 0x63, 0x2d, 0x63,
    0xcc, 0x52, 0x25, 0x21, 0x41, 0x08, 0x61, 0x08, 0x61, 0x08, 0x60, 0x08,
    0x61, 0x10, 0x61, 0x10, 0x60, 0x08, 0x61, 0x08, 0x61, 0x08, 0x61, 0x08,
    0x41, 0x08, 0x61, 0x10, 0x61, 0x08, 0x60, 0x08, 0x41, 0x10, 0x61, 0x08,
    0x60, 0x08, 0x41, 0x10, 0x61, 0x08, 0x61, 0x08, 0x41, 0x10, 0x61, 0x08,
    0x61, 0x10, 0x61, 0x08, 0x61, 0x10, 0x62, 0x10, 0x61, 0x08, 0x61, 0x08,
    0x62, 0x10, 0x61, 0x08, 0x82, 0x10, 0x62, 0x08, 0x61, 0x08, 0x82, 0x10,
    0x61, 0x10, 0x81, 0x08, 0x82, 0x10, 0x81, 0x10, 0x61, 0x08, 0x82, 0x10,
    0x61, 0x10, 0x61, 0x08, 0x82, 0x08, 0x61, 0x10, 0x62, 0x08, 0x82, 0x10,
    0x82, 0x10, 0x81, 0x10, 0x82, 0x08, 0x81, 0x10, 0x82, 0x10, 0x82, 0x10,
    0x81, 0x10, 0xa2, 0x10, 0x82, 0x10, 0xa1, 0x10, 0xa2, 0x10, 0x82, 0x10,
    0x82, 0x10, 0x81, 0x10, 0x82, 0x10, 0x81, 0x10, 0x82, 0x10, 0xa2, 0x10,
    0x82, 0x10, 0x82, 0x10, 0xa2, 0x10, 0xa2, 0x10, 0x82, 0x10, 0xa3, 0x18,
    0xa2, 0x10, 0x82, 0x10, 0x82, 0x10, 0xa2, 0x10, 0xa3, 0x18, 0xa2, 0x10,
    0xa2, 0x10, 0x82, 0x10, 0x82, 0x10, 0x82, 0x10, 0xa3, 0x10, 0xa2, 0x10,
    0x82, 0x10, 0xa3, 0x10, 0xa2, 0x10, 0xa2, 0x10, 0xc3, 0x18, 0xc3, 0x10,
    0xa2, 0x10, 0xa3, 0x18, 0xc3, 0x18, 0xc2, 0x10, 0xc3, 0x18, 0xc3, 0x18,
    0xc3, 0x18, 0xc3, 0x18, 0xc3, 0x18, 0xe3, 0x18, 0xc4, 0x18, 0xc4, 0x18,
    0xe4, 0x18, 0xe3, 0x18, 0xe4, 0x18, 0xe4, 0x20, 0xe4, 0x18, 0xe4, 0x18,
    0x04, 0x21, 0x04, 0x21, 0x04, 0x19, 0x04, 0x19, 0x04, 0x21, 0x04, 0x21,
    0x04, 0x21, 0x05, 0x21, 0x04, 0x21, 0x25, 0x21, 0x25, 0x21, 0x25, 0x21,
    0x25, 0x21, 0x25, 0x21, 0x25, 0x29, 0x25, 0x21, 0x45, 0x21, 0x86, 0x31,
    0x86, 0x31, 0x29, 0x42, 0xe8, 0x39, 0xe7, 0x39, 0xc8, 0x39, 0xa7, 0x31,
    0x86, 0x31, 0x86, 0x31, 0xa7, 0x31, 0x86, 0x31, 0x87, 0x31, 0x86, 0x31,
    0xa6, 0x31, 0xe8, 0x39, 0xe8, 0x39, 0x29, 0x42, 0x08, 0x3a, 0x09, 0x42,
    0x49, 0x42, 0xab, 0x52, 0x0c, 0x5b, 0xec, 0x5a, 0xab, 0x52, 0xcc, 0x52,
    0xaf, 0x73, 0x2d, 0x63, 0x6a, 0x4a, 0x4a, 0x42, 0x8b, 0x4a, 0x4d, 0x63,
    0x4e, 0x63, 0x4e, 0x63, 0x2d, 0x63, 0x2d, 0x63, 0xec, 0x5a, 0xcb, 0x52,
    0x8b, 0x52, 0xab, 0x52, 0xcb, 0x52, 0xab, 0x52, 0x8b, 0x52, 0xab, 0x52,
    0xcb, 0x52, 0x8a, 0x4a, 0x6a, 0x4a, 0x4a, 0x4a, 0x6a, 0x4a, 0x6a, 0x4a,
    0x29, 0x42, 0x29, 0x42, 0x6a, 0x4a, 0xcb, 0x52, 0xaa, 0x52, 0x6a, 0x4a,
    0x49, 0x42, 0x8b, 0x4a, 0x0d, 0x63, 0xec, 0x5a, 0xab, 0x52, 0xab, 0x52,
    0x2e, 0x63, 0x11, 0x7c, 0x11, 0x7c, 0x11, 0x7c, 0xd0, 0x73, 0xaf, 0x73,
    0xcf, 0x73, 0xd0, 0x73, 0x4e, 0x6b, 0x2d, 0x63, 0x4d, 0x63, 0x4d, 0x63,
    0x0c, 0x63, 0x2d, 0x63, 0x0d, 0x63, 0x0c, 0x5b, 0x8f, 0x6b, 0xf1, 0x7b,
    0xf1, 0x7b, 0x11, 0x7c, 0xf0, 0x7b, 0x8f, 0x73, 0x8f, 0x6b, 0xf0, 0x7b,
    0x52, 0x84, 0xb4, 0x94, 0xb4, 0x94, 0x15, 0x9d, 0x35, 0xa5, 0x35, 0xa5,
    0x15, 0x9d, 0x15, 0x9d, 0xb3, 0x94, 0x72, 0x84, 0x31, 0x84, 0x72, 0x8c,
    0xd3, 0x94, 0x14, 0x9d, 0x56, 0xad, 0x76, 0xad, 0x97, 0xad, 0xb7, 0xb5,
    0x76, 0xad, 0x36, 0xa5, 0x56, 0xad, 0x97, 0xad, 0x77, 0xad, 0x97, 0xad,
    0x97, 0xb5, 0xb7, 0xb5, 0x97, 0xb5, 0xb7, 0xb5, 0x96, 0xad, 0x97, 0xb5,
    0xb7, 0xb5, 0x96, 0xad, 0x76, 0xad, 0x76, 0xa5, 0x76, 0xad, 0x96, 0xad,
    0x76, 0xad, 0x56, 0xa5, 0x35, 0xa5, 0xf5, 0x9c, 0x73, 0x8c, 0xd4, 0x94,
    0xd4, 0x94, 0x93, 0x8c, 0xb4, 0x8c, 0xf4, 0x94, 0xd4, 0x94, 0xf5, 0x9c,
    0x15, 0x9d, 0xd4, 0x94, 0xd4, 0x94, 0xd4, 0x94, 0xb3, 0x8c, 0x72, 0x84,
    0x52, 0x84, 0x72, 0x84, 0x72, 0x84, 0x72, 0x84, 0x93, 0x8c, 0xd4, 0x94,
    0xd4, 0x94, 0xb4, 0x94, 0x52, 0x84, 0xf1, 0x7b, 0x11, 0x7c, 0xf1, 0x7b,
    0x11, 0x7c, 0x52, 0x84, 0x52, 0x84, 0x52, 0x84, 0x32, 0x7c, 0x11, 0x7c,
    0x11, 0x7c, 0xf1, 0x73, 0xd0, 0x73, 0xd0, 0x73, 0xf1, 0x7b, 0x72, 0x84,
    0x73, 0x84, 0x52, 0x84, 0x32, 0x7c, 0x11, 0x7c, 0xd0, 0x73, 0xd0, 0x73,
    0xd0, 0x73, 0xaf, 0x6b, 0x8f, 0x6b, 0x8f, 0x6b, 0xb0, 0x73, 0x6e, 0x6b,
    0x0c, 0x5b, 0xec, 0x5a, 0x8b, 0x52, 0xcb, 0x52, 0x6f, 0x6b, 0xd0, 0x73,
    0x6e, 0x63, 0x6e, 0x6b, 0x2d, 0x63, 0x0d, 0x5b, 0x4e, 0x63, 0x0d, 0x5b,
    0xcb, 0x52, 0x0d, 0x63, 0xaf, 0x6b, 0x4e, 0x63, 0x0c, 0x5b, 0xec, 0x5a,
    0xec, 0x5a, 0xcb, 0x52, 0xcc, 0x5a, 0x66, 0x29, 0x61, 0x10, 0x61, 0x08,
    0x61, 0x08, 0x60, 0x08, 0x61, 0x10, 0x61, 0x10, 0x61, 0x08, 0x61, 0x10,
    0x61, 0x10, 0x61, 0x08, 0x60, 0x08, 0x61, 0x10, 0x61, 0x08, 0x60, 0x08,
    0x41, 0x10, 0x61, 0x08, 0x60, 0x08, 0x61, 0x10, 0x61, 0x08, 0x61, 0x08,
    0x61, 0x08, 0x61, 0x10, 0x61, 0x08, 0x61, 0x08, 0x61, 0x10, 0x61, 0x08,
    0x61, 0x10, 0x62, 0x10, 0x61, 0x08, 0x82, 0x10, 0x61, 0x10, 0x82, 0x10,
    0x82, 0x10, 0x61, 0x10, 0x82, 0x10, 0x82, 0x10, 0x81, 0x10, 0x82, 0x10,
    0x62, 0x08, 0x81, 0x10, 0x62, 0x10, 0x82, 0x10, 0x81, 0x10, 0x61, 0x10,
    0x81, 0x08, 0x62, 0x10, 0x82, 0x10, 0x82, 0x10, 0x82, 0x10, 0x82, 0x10,
    0x82, 0x10, 0x82, 0x10, 0xa2, 0x10, 0x82, 0x10, 0x82, 0x10, 0x81, 0x10,
    0x82, 0x10, 0xa2, 0x10, 0x81, 0x10, 0xa2, 0x10, 0x82, 0x10, 0x82, 0x10,
    0xa2, 0x10, 0xa2, 0x10, 0x82, 0x10, 0xa2, 0x10, 0xa2, 0x10, 0x82, 0x18,
    0xa2, 0x18, 0xa2, 0x10, 0xa2, 0x10, 0xa2, 0x10, 0xa3, 0x10, 0xa2, 0x10,
    0xa2, 0x18, 0x83, 0x10, 0xa3, 0x10, 0xa2, 0x10, 0x82, 0x10, 0xa3, 0x10,
    0xa3, 0x18, 0xa2, 0x10, 0xa2, 0x10, 0xa3, 0x10, 0xa3, 0x10, 0xa2, 0x10,
    0xc3, 0x18, 0xc3, 0x10, 0xc2, 0x10, 0xa3, 0x10, 0xc3, 0x18, 0xc3, 0x18,
    0xc3, 0x18, 0xc3, 0x18, 0xc3, 0x18, 0xc3, 0x10, 0xe3, 0x18, 0xe3, 0x18,
    0xc3, 0x18, 0xe4, 0x18, 0xe4, 0x18, 0xe4, 0x18, 0xe4, 0x20, 0xe4, 0x18,
    0xe4, 0x20, 0x04, 0x21, 0x04, 0x21, 0x04, 0x21, 0x04, 0x21, 0x04, 0x21,
    0x04, 0x19, 0x04, 0x21, 0x04, 0x21, 0x04, 0x21, 0x05, 0x21, 0x25, 0x21,
    0x24, 0x21, 0x24, 0x21, 0x25, 0x21, 0x25, 0x29, 0x45, 0x29, 0x25, 0x21,
    0x45, 0x29, 0x86, 0x31, 0x86, 0x29, 0x29, 0x42, 0xe7, 0x39, 0xa7, 0x31,
    0x86, 0x31, 0x86, 0x31, 0x86, 0x31, 0x87, 0x31, 0x86, 0x31, 0xa7, 0x31,
    0xa7, 0x31, 0xa7, 0x31, 0xc7, 0x39, 0x29, 0x42, 0xe8, 0x39, 0x6a, 0x4a,
    0x29, 0x42, 0x49, 0x42, 0x0c, 0x5b, 0x0c, 0x63, 0x4a, 0x4a, 0x09, 0x42,
    0x8a, 0x4a, 0x2e, 0x5b, 0xcf, 0x73, 0x0c, 0x5b, 0x6a, 0x4a, 0x6a, 0x4a,
    0xab, 0x52, 0x0d, 0x63, 0x0c, 0x5b, 0x0c, 0x5b, 0xec, 0x5a, 0x2d, 0x63,
    0x0c, 0x5b, 0xec, 0x5a, 0x0c, 0x5b, 0xec, 0x5a, 0x8b, 0x52, 0x6a, 0x4a,
    0x8a, 0x4a, 0x8a, 0x4a, 0xcb, 0x52, 0x6a, 0x52, 0x6a, 0x4a, 0x6a, 0x4a,
    0x49, 0x42, 0x6a, 0x4a, 0x29, 0x42, 0x29, 0x42, 0x49, 0x42, 0xab, 0x52,
    0xab, 0x52, 0x8b, 0x52, 0x8a, 0x4a, 0x6a, 0x4a, 0xec, 0x5a, 0x8a, 0x4a,
    0x6a, 0x4a, 0x8b, 0x4a, 0xec, 0x5a, 0x10, 0x7c, 0x52, 0x84, 0x32, 0x7c,
    0x11, 0x7c, 0xf1, 0x73, 0xd0, 0x73, 0xb0, 0x73, 0x4e, 0x63, 0x2d, 0x63,
    0x6e, 0x6b, 0x4e, 0x63, 0xec, 0x5a, 0x0d, 0x5b, 0xec, 0x5a, 0xcc, 0x5a,
    0x6d, 0x63, 0xf1, 0x7b, 0xf0, 0x7b, 0xd0, 0x73, 0xd0, 0x73, 0x8f, 0x6b,
    0x8e, 0x6b, 0xf0, 0x7b, 0x73, 0x8c, 0xd4, 0x94, 0xd4, 0x94, 0x35, 0xa5,
    0x15, 0xa5, 0xd4, 0x9c, 0xf5, 0x9c, 0xd4, 0x9c, 0x52, 0x8c, 0x52, 0x84,
    0x72, 0x8c, 0xb3, 0x94, 0xf4, 0x9c, 0xf4, 0x9c, 0x35, 0xa5, 0x76, 0xad,
    0xb7, 0xb5, 0xf8, 0xb5, 0xb7, 0xad, 0x97, 0xad, 0x97, 0xb5, 0x76, 0xad,
    0x15, 0xa5, 0x56, 0xad, 0x76, 0xad, 0x96, 0xad, 0xb6, 0xb5, 0x96, 0xb5,
    0x76, 0xad, 0x76, 0xad, 0x76, 0xad, 0x35, 0xa5, 0x55, 0xa5, 0x76, 0xad,
    0xd7, 0xb5, 0xb7, 0xb5, 0x97, 0xb5, 0xb7, 0xb5, 0x97, 0xad, 0x15, 0x9d,
    0xd4, 0x94, 0x15, 0x9d, 0x35, 0x9d, 0xf4, 0x9c, 0xb4, 0x94, 0xf5, 0x9c,
    0x15, 0x9d, 0x35, 0x9d, 0x56, 0xa5, 0x15, 0x9d, 0x15, 0x9d, 0x35, 0xa5,
    0x15, 0x9d, 0x15, 0x9d, 0x35, 0xa5, 0x35, 0xa5, 0xd4, 0x94, 0x93, 0x8c,
    0xd4, 0x94, 0xf5, 0x9c, 0xf4, 0x94, 0x93, 0x8c, 0x52, 0x84, 0x52, 0x84,
    0x32, 0x84, 0x52, 0x84, 0x73, 0x8c, 0x93, 0x8c, 0xb3, 0x8c, 0xb4, 0x8c,
    0x93, 0x8c, 0x52, 0x84, 0x52, 0x84, 0x31, 0x7c, 0xb0, 0x73, 0x8f, 0x73,
    0xd0, 0x73, 0x32, 0x84, 0x72, 0x84, 0x52, 0x84, 0x11, 0x7c, 0xd0, 0x73,
    0xd0, 0x73, 0xd0, 0x73, 0x6f, 0x6b, 0xb0, 0x73, 0xb0, 0x73, 0xaf, 0x73,
    0xd0, 0x73, 0x8f, 0x6b, 0x2d, 0x63, 0xec, 0x5a, 0x8a, 0x4a, 0xcc, 0x52,
    0x8f, 0x6b, 0xf1, 0x7b, 0x8f, 0x6b, 0x6e, 0x63, 0x4e, 0x63, 0x4e, 0x63,
    0x6f, 0x63, 0x2e, 0x63, 0x0d, 0x5b, 0x4e, 0x63, 0xaf, 0x6b, 0x6e, 0x63,
    0x0d, 0x5b, 0x8b, 0x52, 0x49, 0x42, 0x8a, 0x4a, 0xab, 0x52, 0x04, 0x21,
    0x61, 0x10, 0x61, 0x08, 0x41, 0x08, 0x60, 0x08, 0x61, 0x08, 0x41, 0x08,
    0x61, 0x10, 0x40, 0x08, 0x40, 0x08, 0x40, 0x08, 0x61, 0x08, 0x61, 0x08,
    0x41, 0x08, 0x61, 0x10, 0x61, 0x08, 0x61, 0x08, 0x41, 0x08, 0x61, 0x08,
    0x41, 0x10, 0x61, 0x10, 0x61, 0x10, 0x61, 0x08, 0x61, 0x10, 0x61, 0x10,
    0x61, 0x08, 0x61, 0x08, 0x61, 0x10, 0x62, 0x10, 0x61, 0x08, 0x61, 0x10,
    0x82, 0x10, 0x61, 0x10, 0x82, 0x10, 0x81, 0x08, 0x62, 0x10, 0x61, 0x10,
    0x61, 0x08, 0x82, 0x10, 0x61, 0x10, 0x81, 0x10, 0x82, 0x08, 0x62, 0x10,
    0x61, 0x10, 0x82, 0x10, 0x81, 0x10, 0x61, 0x08, 0x81, 0x10, 0x82, 0x10,
    0x81, 0x10, 0x82, 0x10, 0xa1, 0x10, 0x82, 0x10, 0x81, 0x10, 0x82, 0x10,
    0x82, 0x10, 0x82, 0x10, 0x82, 0x10, 0x82, 0x10, 0xa2, 0x10, 0xa2, 0x10,
    0xa2, 0x10, 0x82, 0x10, 0xa2, 0x10, 0x81, 0x10, 0xa2, 0x10, 0x82, 0x10,
    0x82, 0x10, 0xa2, 0x10, 0xa2, 0x10, 0xa2, 0x18, 0x82, 0x18, 0xa2, 0x18,
    0xa3, 0x10, 0xa2, 0x18, 0xa2, 0x10, 0xa2, 0x18, 0x82, 0x10, 0x82, 0x10,
    0xa3, 0x10, 0xa2, 0x10, 0xa3, 0x18, 0xa2, 0x18, 0xa3, 0x10, 0xa2, 0x10,
    0xa2, 0x18, 0xa3, 0x10, 0xc3, 0x18, 0xc3, 0x18, 0xc3, 0x18, 0xc2, 0x10,
    0xc3, 0x18, 0xc3, 0x18, 0xc3, 0x18, 0xc3, 0x18, 0xc3, 0x18, 0xc3, 0x10,
    0xc3, 0x18, 0xe4, 0x18, 0xc3, 0x18, 0xe4, 0x18, 0xe3, 0x18, 0xe4, 0x18,
    0xe4, 0x18, 0x04, 0x21, 0x04, 0x21, 0x04, 0x19, 0x04, 0x21, 0x04, 0x19,
    0x04, 0x21, 0x04, 0x21, 0x04, 0x21, 0x04, 0x19, 0x04, 0x21, 0x25, 0x21,
    0x04, 0x21, 0x25, 0x21, 0x25, 0x21, 0x04, 0x21, 0x25, 0x21, 0x24, 0x29,
    0x45, 0x21, 0x25, 0x29, 0x25, 0x21, 0xa6, 0x31, 0x86, 0x31, 0x49, 0x4a,
    0x29, 0x42, 0xa7, 0x31, 0x66, 0x29, 0x66, 0x29, 0x86, 0x31, 0x86, 0x31,
    0x86, 0x29, 0xa7, 0x31, 0xc7, 0x31, 0xe8, 0x39, 0x29, 0x42, 0x49, 0x42,
    0x49, 0x4a, 0x49, 0x4a, 0x4a, 0x4a, 0x4d, 0x63, 0x0d, 0x63, 0x6a, 0x4a,
    0x09, 0x42, 0x09, 0x3a, 0xab, 0x52, 0x8f, 0x6b, 0x8f, 0x6b, 0x0d, 0x63,
    0xcc, 0x52, 0xcc, 0x52, 0x0d, 0x63, 0xcc, 0x5a, 0xcc, 0x5a, 0xec, 0x5a,
    0xcb, 0x5a, 0xec, 0x5a, 0xcc, 0x52, 0xab, 0x52, 0xec, 0x5a, 0xec, 0x5a,
    0x8b, 0x4a, 0x4a, 0x4a, 0x6a, 0x4a, 0x4a, 0x4a, 0xcb, 0x5a, 0xab, 0x52,
    0xab, 0x52, 0x6a, 0x4a, 0x29, 0x42, 0x6a, 0x4a, 0x49, 0x4a, 0x49, 0x42,
    0x8a, 0x52, 0xab, 0x52, 0xab, 0x52, 0xcc, 0x52, 0xab, 0x52, 0x6a, 0x4a,
    0xec, 0x5a, 0x6a, 0x4a, 0x29, 0x42, 0x49, 0x42, 0x8b, 0x4a, 0xb0, 0x73,
    0x31, 0x7c, 0x52, 0x84, 0x72, 0x84, 0x11, 0x7c, 0xf1, 0x7b, 0x8f, 0x6b,
    0x4d, 0x63, 0x4e, 0x6b, 0x8e, 0x6b, 0x4e, 0x6b, 0xec, 0x5a, 0xec, 0x5a,
    0xec, 0x5a, 0xcc, 0x52, 0xec, 0x5a, 0xf1, 0x7b, 0x31, 0x7c, 0xf1, 0x73,
    0xb0, 0x73, 0x8e, 0x6b, 0xaf, 0x73, 0xd0, 0x73, 0x31, 0x84, 0xb4, 0x94,
    0xf5, 0x94, 0x56, 0xa5, 0x35, 0xa5, 0xd5, 0x9c, 0xd4, 0x94, 0x93, 0x8c,
    0x51, 0x84, 0x72, 0x8c, 0xf4, 0x94, 0x14, 0x9d, 0x35, 0xa5, 0x15, 0xa5,
    0x35, 0xa5, 0x76, 0xad, 0xd7, 0xb5, 0x19, 0xc6, 0xb7, 0xb5, 0x56, 0xad,
    0x77, 0xad, 0x35, 0xa5, 0x15, 0xa5, 0x76, 0xad, 0x76, 0xad, 0xb7, 0xb5,
    0x97, 0xad, 0x97, 0xb5, 0x55, 0xa5, 0x55, 0xa5, 0x55, 0xad, 0xf4, 0x9c,
    0xf4, 0x9c, 0x55, 0xad, 0xd7, 0xb5, 0xf8, 0xbd, 0xf8, 0xbd, 0xf8, 0xbd,
    0xd7, 0xb5, 0x97, 0xad, 0x76, 0xad, 0x96, 0xad, 0x56, 0xa5, 0xf5, 0x9c,
    0xb4, 0x8c, 0xd4, 0x94, 0xf5, 0x9c, 0x15, 0x9d, 0x56, 0xa5, 0x56, 0xa5,
    0x77, 0xad, 0x97, 0xad, 0x97, 0xb5, 0xb7, 0xad, 0xb7, 0xb5, 0x97, 0xad,
    0x35, 0xa5, 0x15, 0x9d, 0x15, 0x9d, 0x16, 0xa5, 0xf5, 0x9c, 0xb4, 0x94,
    0x73, 0x8c, 0x93, 0x8c, 0x93, 0x8c, 0x93, 0x8c, 0xd4, 0x94, 0xb4, 0x8c,
    0xd4, 0x94, 0xf5, 0x94, 0xd4, 0x94, 0x72, 0x84, 0x52, 0x84, 0x52, 0x84,
    0xd0, 0x73, 0x4e, 0x63, 0x6e, 0x6b, 0xf1, 0x7b, 0x32, 0x7c, 0x32, 0x7c,
    0xf1, 0x73, 0xb0, 0x6b, 0x8f, 0x6b, 0x8f, 0x6b, 0x4e, 0x63, 0x8f, 0x6b,
    0xd0, 0x73, 0xaf, 0x73, 0x8f, 0x6b, 0xb0, 0x6b, 0x8f, 0x6b, 0x2d, 0x63,
    0xab, 0x52, 0xcb, 0x52, 0x8f, 0x6b, 0xf0, 0x73, 0x8f, 0x6b, 0x6f, 0x63,
    0x6f, 0x6b, 0x6f, 0x6b, 0x6f, 0x6b, 0x2e, 0x63, 0x2d, 0x5b, 0x4e, 0x63,
    0x8f, 0x6b, 0x2d, 0x63, 0xec, 0x5a, 0x49, 0x4a, 0x29, 0x42, 0x8a, 0x4a,
    0x49, 0x4a, 0x45, 0x29, 0x61, 0x08, 0x61, 0x10, 0x61, 0x10, 0x61, 0x10,
    0x61, 0x08, 0x61, 0x08, 0x61, 0x08, 0x41, 0x08, 0x41, 0x08, 0x61, 0x08,
    0x61, 0x10, 0x41, 0x08, 0x61, 0x08, 0x61, 0x10, 0x61, 0x08, 0x61, 0x08,
    0x61, 0x10, 0x41, 0x08, 0x61, 0x08, 0x61, 0x08, 0x61, 0x10, 0x61, 0x08,
    0x61, 0x08, 0x61, 0x10, 0x61, 0x08, 0x61, 0x10, 0x62, 0x10, 0x61, 0x08,
    0x61, 0x10, 0x61, 0x08, 0x82, 0x10, 0x61, 0x08, 0x81, 0x10, 0x82, 0x10,
    0x62, 0x10, 0x81, 0x08, 0x82, 0x10, 0x62, 0x10, 0x61, 0x10, 0x82, 0x08,
    0x61, 0x10, 0x61, 0x10, 0x82, 0x08, 0x62, 0x10, 0x82, 0x10, 0x82, 0x10,
    0x82, 0x10, 0x81, 0x10, 0x82, 0x10, 0xa2, 0x10, 0x82, 0x10, 0x81, 0x10,
    0xa2, 0x10, 0x82, 0x10, 0xa1, 0x10, 0xa2, 0x10, 0x81, 0x10, 0x82, 0x10,
    0xa2, 0x10, 0x82, 0x10, 0x82, 0x10, 0xa2, 0x10, 0x82, 0x10, 0xa2, 0x10,
    0x82, 0x18, 0xa2, 0x10, 0x82, 0x10, 0xa2, 0x10, 0xa2, 0x18, 0x82, 0x10,
    0xa2, 0x10, 0xa2, 0x10, 0x82, 0x18, 0x83, 0x10, 0xa3, 0x10, 0xa2, 0x18,
    0x82, 0x10, 0x82, 0x18, 0xa2, 0x18, 0xa2, 0x10, 0xa3, 0x10, 0xa3, 0x18,
    0xa2, 0x10, 0xa2, 0x10, 0xa3, 0x10, 0xa2, 0x10, 0xc3, 0x18, 0xc3, 0x18,
    0xa3, 0x18, 0xc3, 0x18, 0xc3, 0x18, 0xc3, 0x10, 0xc3, 0x18, 0xc3, 0x18,
    0xe3, 0x18, 0xc3, 0x18, 0xc3, 0x18, 0xe4, 0x18, 0xe4, 0x18, 0xe3, 0x18,
    0xe3, 0x18, 0xe4, 0x18, 0xe4, 0x20, 0x04, 0x21, 0x04, 0x19, 0x04, 0x21,
    0x04, 0x21, 0x04, 0x21, 0x04, 0x19, 0x04, 0x21, 0x05, 0x21, 0x05, 0x21,
    0x04, 0x21, 0x25, 0x21, 0x25, 0x21, 0x24, 0x21, 0x25, 0x21, 0x25, 0x29,
    0x25, 0x29, 0x45, 0x21, 0x45, 0x29, 0x25, 0x21, 0x45, 0x29, 0xa7, 0x31,
    0x86, 0x29, 0x8a, 0x52, 0x6a, 0x4a, 0xe8, 0x39, 0x86, 0x31, 0x66, 0x29,
    0xa7, 0x31, 0x86, 0x31, 0x86, 0x31, 0xa6, 0x31, 0x08, 0x3a, 0x6a, 0x4a,
    0xab, 0x52, 0x6a, 0x4a, 0x6a, 0x4a, 0xab, 0x52, 0xec, 0x5a, 0xcc, 0x5a,
    0x6a, 0x4a, 0x6a, 0x4a, 0x8b, 0x52, 0xab, 0x52, 0x2d, 0x5b, 0xd0, 0x73,
    0x8f, 0x6b, 0x4e, 0x63, 0x2d, 0x63, 0x4e, 0x6b, 0x4e, 0x6b, 0x2d, 0x63,
    0xec, 0x5a, 0xcc, 0x52, 0x8a, 0x4a, 0x6a, 0x4a, 0x6a, 0x4a, 0x6a, 0x4a,
    0x8a, 0x4a, 0xec, 0x5a, 0xab, 0x52, 0x8b, 0x52, 0x4a, 0x4a, 0x6a, 0x4a,
    0xab, 0x52, 0xcc, 0x52, 0xcb, 0x52, 0x49, 0x42, 0x49, 0x42, 0x6a, 0x4a,
    0x4a, 0x4a, 0x6a, 0x4a, 0xec, 0x5a, 0x2d, 0x63, 0x0d, 0x5b, 0xcc, 0x52,
    0xcb, 0x5a, 0xab, 0x52, 0xec, 0x5a, 0x49, 0x4a, 0x29, 0x42, 0x49, 0x42,
    0x4a, 0x42, 0xec, 0x5a, 0xf1, 0x7b, 0x32, 0x84, 0x73, 0x84, 0x32, 0x84,
    0xf1, 0x7b, 0x8f, 0x6b, 0x2d, 0x63, 0x4d, 0x63, 0x6e, 0x6b, 0x2d, 0x63,
    0xcc, 0x5a, 0xec, 0x5a, 0x2d, 0x63, 0x2d, 0x63, 0x0c, 0x5b, 0xb0, 0x73,
    0x31, 0x7c, 0xf1, 0x7b, 0xf0, 0x73, 0xcf, 0x73, 0xaf, 0x73, 0xaf, 0x73,
    0xf1, 0x7b, 0xb3, 0x8c, 0xf5, 0x9c, 0x76, 0xa5, 0x36, 0xa5, 0x15, 0x9d,
    0xf4, 0x9c, 0x72, 0x8c, 0x11, 0x7c, 0x72, 0x8c, 0xf4, 0x9c, 0x56, 0xa5,
    0x76, 0xad, 0x55, 0xa5, 0x55, 0xa5, 0x96, 0xad, 0xf8, 0xbd, 0x18, 0xbe,
    0x76, 0xad, 0x15, 0xa5, 0x35, 0xa5, 0xf4, 0x9c, 0xf4, 0x9c, 0x76, 0xad,
    0x97, 0xad, 0xb7, 0xb5, 0xb7, 0xb5, 0x76, 0xad, 0x35, 0xa5, 0x35, 0xa5,
    0x35, 0xa5, 0xf4, 0x9c, 0xf4, 0x9c, 0x35, 0xa5, 0xd7, 0xb5, 0xf9, 0xbd,
    0x19, 0xc6, 0x18, 0xbe, 0xf8, 0xbd, 0xd8, 0xb5, 0xb7, 0xb5, 0x76, 0xad,
    0x35, 0x9d, 0xf4, 0x94, 0xb3, 0x94, 0xd4, 0x94, 0xd4, 0x94, 0xf5, 0x9c,
    0x35, 0xa5, 0x96, 0xad, 0xb7, 0xb5, 0xb8, 0xb5, 0xd8, 0xb5, 0xb8, 0xb5,
    0xb7, 0xb5, 0xb7, 0xb5, 0x97, 0xad, 0x35, 0xa5, 0x35, 0xa5, 0x15, 0x9d,
    0x15, 0x9d, 0x15, 0x9d, 0xb4, 0x94, 0x93, 0x8c, 0x93, 0x8c, 0x93, 0x8c,
    0xb4, 0x8c, 0x93, 0x8c, 0xd4, 0x94, 0xf4, 0x94, 0xd4, 0x94, 0x93, 0x8c,
    0x73, 0x84, 0x72, 0x84, 0xf1, 0x7b, 0x6f, 0x6b, 0x6e, 0x63, 0x8f, 0x6b,
    0xf0, 0x73, 0x11, 0x7c, 0xf1, 0x7b, 0xaf, 0x73, 0x4e, 0x63, 0x2d, 0x63,
    0x2d, 0x63, 0x4e, 0x63, 0xaf, 0x73, 0xf0, 0x73, 0xb0, 0x6b, 0xaf, 0x73,
    0xcf, 0x73, 0x6e, 0x6b, 0x2d, 0x63, 0x2d, 0x63, 0xaf, 0x6b, 0xd0, 0x73,
    0x8f, 0x6b, 0x6f, 0x6b, 0x8f, 0x6b, 0xaf, 0x6b, 0x8f, 0x6b, 0x4e, 0x63,
    0x2d, 0x63, 0x6e, 0x63, 0x6e, 0x6b, 0xcc, 0x52, 0xab, 0x52, 0x28, 0x42,
    0x29, 0x42, 0x6a, 0x4a, 0x6a, 0x4a, 0xe4, 0x18, 0x61, 0x08, 0x61, 0x10,
    0x61, 0x08, 0x61, 0x08, 0x61, 0x08, 0x60, 0x08, 0x61, 0x08, 0x40, 0x08,
    0x61, 0x08, 0x61, 0x08, 0x60, 0x08, 0x61, 0x10, 0x61, 0x08, 0x61, 0x10,
    0x61, 0x08, 0x61, 0x08, 0x61, 0x10, 0x61, 0x10, 0x61, 0x08, 0x61, 0x10,
    0x61, 0x08, 0x61, 0x10, 0x62, 0x10, 0x61, 0x08, 0x61, 0x10, 0x62, 0x10,
    0x61, 0x08, 0x62, 0x10, 0x81, 0x10, 0x62, 0x08, 0x61, 0x10, 0x82, 0x10,
    0x82, 0x10, 0x82, 0x10, 0x81, 0x10, 0x82, 0x10, 0x82, 0x10, 0x82, 0x10,
    0x82, 0x10, 0x82, 0x10, 0x81, 0x10, 0x81, 0x10, 0x62, 0x08, 0x81, 0x10,
    0x82, 0x10, 0x82, 0x10, 0x81, 0x10, 0x82, 0x10, 0x82, 0x10, 0x82, 0x10,
    0x82, 0x10, 0x82, 0x10, 0x82, 0x10, 0x82, 0x10, 0x81, 0x10, 0xa2, 0x10,
    0xa2, 0x10, 0x82, 0x10, 0xa2, 0x10, 0x81, 0x10, 0xa2, 0x10, 0xa2, 0x10,
    0x81, 0x10, 0xa2, 0x10, 0xa2, 0x10, 0x81, 0x10, 0xa2, 0x10, 0x82, 0x10,
    0xa2, 0x10, 0xa2, 0x10, 0xa2, 0x10, 0xa2, 0x18, 0xa2, 0x10, 0xa2, 0x18,
    0xa2, 0x18, 0xa2, 0x10, 0xa3, 0x18, 0xa3, 0x10, 0xa3, 0x10, 0xa2, 0x10,
    0xa3, 0x10, 0xa2, 0x10, 0xa3, 0x10, 0xa3, 0x10, 0xa2, 0x10, 0xa2, 0x10,
    0xc3, 0x18, 0xc2, 0x10, 0xc3, 0x18, 0xc3, 0x18, 0xc2, 0x10, 0xc3, 0x18,
    0xc3, 0x10, 0xe3, 0x18, 0xc3, 0x18, 0xc3, 0x18, 0xc4, 0x18, 0xe3, 0x18,
    0xe3, 0x18, 0xe3, 0x18, 0xe3, 0x18, 0xe4, 0x18, 0xe4, 0x20, 0xe3, 0x18,
    0x04, 0x21, 0x04, 0x21, 0x04, 0x21, 0x04, 0x21, 0x04, 0x21, 0x04, 0x19,
    0x04, 0x21, 0x05, 0x21, 0x04, 0x21, 0x04, 0x21, 0x25, 0x21, 0x25, 0x21,
    0x24, 0x21, 0x25, 0x21, 0x45, 0x29, 0x45, 0x29, 0x45, 0x29, 0x45, 0x29,
    0x25, 0x21, 0xa7, 0x31, 0x86, 0x31, 0x8a, 0x4a, 0x8b, 0x52, 0x08, 0x3a,
    0x87, 0x31, 0x86, 0x31, 0xe7, 0x39, 0x87, 0x31, 0x86, 0x31, 0xa7, 0x31,
    0xe8, 0x39, 0x29, 0x42, 0xcb, 0x5a, 0xec, 0x5a, 0xcc, 0x5a, 0xab, 0x52,
    0x4a, 0x4a, 0x29, 0x42, 0x29, 0x42, 0xab, 0x52, 0x0d, 0x63, 0x2e, 0x63,
    0xd0, 0x73, 0x53, 0x84, 0xf0, 0x7b, 0xd0, 0x73, 0xb0, 0x73, 0xaf, 0x73,
    0x8f, 0x6b, 0x8f, 0x6b, 0x4e, 0x6b, 0x0d, 0x5b, 0x8b, 0x52, 0x49, 0x4a,
    0x6a, 0x4a, 0x6a, 0x4a, 0x29, 0x42, 0x8a, 0x52, 0xec, 0x5a, 0xcc, 0x52,
    0x6a, 0x4a, 0x8b, 0x52, 0xab, 0x52, 0xcc, 0x5a, 0xab, 0x52, 0x29, 0x42,
    0x29, 0x42, 0x6a, 0x4a, 0x49, 0x42, 0xcb, 0x52, 0x2e, 0x63, 0x6f, 0x6b,
    0x4e, 0x63, 0xec, 0x5a, 0xcb, 0x52, 0xab, 0x52, 0x0c, 0x5b, 0x8a, 0x4a,
    0x29, 0x42, 0x29, 0x42, 0x4a, 0x4a, 0x8b, 0x52, 0x6e, 0x6b, 0x11, 0x7c,
    0x11, 0x7c, 0xf1, 0x7b, 0xf0, 0x73, 0xb0, 0x73, 0x2e, 0x63, 0x2d, 0x63,
    0x4e, 0x63, 0x2d, 0x63, 0x0d, 0x63, 0x0d, 0x5b, 0x4e, 0x6b, 0x4e, 0x63,
    0x0d, 0x5b, 0x8f, 0x6b, 0x32, 0x84, 0x11, 0x7c, 0x11, 0x7c, 0x11, 0x7c,
    0xd0, 0x73, 0xd0, 0x73, 0xf0, 0x7b, 0xb4, 0x94, 0xf4, 0x94, 0x36, 0xa5,
    0x36, 0xa5, 0x36, 0xa5, 0x15, 0xa5, 0x93, 0x8c, 0x31, 0x84, 0x73, 0x8c,
    0xf4, 0x9c, 0x56, 0xad, 0x76, 0xad, 0x76, 0xad, 0x56, 0xad, 0xd7, 0xb5,
    0xb7, 0xb5, 0x76, 0xad, 0xd3, 0x94, 0xd4, 0x94, 0xd4, 0x9c, 0xd3, 0x94,
    0xf4, 0x9c, 0x76, 0xad, 0x76, 0xad, 0x55, 0xad, 0x76, 0xad, 0x76, 0xad,
    0x35, 0xa5, 0x55, 0xa5, 0x15, 0xa5, 0x35, 0xa5, 0x35, 0xa5, 0x35, 0xa5,
    0xb7, 0xb5, 0xf8, 0xbd, 0xf8, 0xbd, 0x19, 0xc6, 0x19, 0xbe, 0xd8, 0xbd,
    0xb7, 0xb5, 0x76, 0xad, 0x15, 0xa5, 0xd4, 0x94, 0x93, 0x8c, 0xd4, 0x94,
    0xd4, 0x94, 0xd4, 0x94, 0x15, 0x9d, 0x56, 0xad, 0x97, 0xb5, 0x97, 0xad,
    0xd8, 0xbd, 0xd8, 0xbd, 0xd7, 0xb5, 0xd7, 0xb5, 0x97, 0xad, 0x56, 0xad,
    0x35, 0xa5, 0x35, 0xa5, 0x56, 0xa5, 0x15, 0xa5, 0xd4, 0x94, 0x73, 0x8c,
    0x73, 0x8c, 0x93, 0x8c, 0x73, 0x8c, 0x72, 0x8c, 0xb3, 0x8c, 0xb4, 0x8c,
    0x93, 0x8c, 0x93, 0x8c, 0x93, 0x84, 0x72, 0x84, 0x11, 0x7c, 0xf0, 0x73,
    0xd0, 0x73, 0x8f, 0x6b, 0x8f, 0x6b, 0xd0, 0x73, 0xd0, 0x73, 0xcf, 0x73,
    0x4e, 0x63, 0x2d, 0x63, 0x0d, 0x63, 0x4e, 0x63, 0xaf, 0x73, 0xf1, 0x7b,
    0xb0, 0x73, 0xd0, 0x73, 0xd0, 0x73, 0xaf, 0x73, 0x4e, 0x63, 0x6f, 0x6b,
    0x8f, 0x6b, 0x8f, 0x6b, 0x8f, 0x6b, 0x6f, 0x6b, 0x4f, 0x6b, 0x8f, 0x6b,
    0x8f, 0x6b, 0x4e, 0x63, 0x2d, 0x63, 0x4e, 0x63, 0xec, 0x5a, 0x8a, 0x52,
    0x8a, 0x52, 0x08, 0x42, 0x08, 0x42, 0x8a, 0x4a, 0x8b, 0x52, 0x04, 0x21,
    0x61, 0x10, 0x61, 0x08, 0x61, 0x10, 0x61, 0x08, 0x41, 0x08, 0x61, 0x10,
    0x40, 0x08, 0x41, 0x08, 0x61, 0x10, 0x41, 0x08, 0x41, 0x08, 0x41, 0x08,
    0x61, 0x08, 0x61, 0x10, 0x61, 0x10, 0x61, 0x08, 0x61, 0x08, 0x61, 0x10,
    0x61, 0x10, 0x61, 0x08, 0x61, 0x08, 0x61, 0x10, 0x61, 0x08, 0x61, 0x08,
    0x62, 0x10, 0x82, 0x10, 0x61, 0x08, 0x61, 0x10, 0x62, 0x10, 0x61, 0x08,
    0x81, 0x10, 0x61, 0x08, 0x82, 0x10, 0x81, 0x10, 0x82, 0x10, 0x81, 0x10,
    0x81, 0x10, 0x81, 0x10, 0x82, 0x10, 0x82, 0x10, 0x61, 0x08, 0x82, 0x10,
    0x81, 0x10, 0x82, 0x10, 0x81, 0x10, 0x81, 0x10, 0x82, 0x08, 0x81, 0x10,
    0x81, 0x10, 0x82, 0x10, 0xa1, 0x10, 0x82, 0x10, 0x82, 0x10, 0xa1, 0x10,
    0xa2, 0x10, 0x82, 0x10, 0x82, 0x10, 0xa2, 0x10, 0x82, 0x10, 0xa2, 0x10,
    0x82, 0x10, 0x82, 0x10, 0xa2, 0x10, 0x82, 0x10, 0x82, 0x10, 0xa2, 0x18,
    0x82, 0x10, 0x82, 0x10, 0xa2, 0x10, 0xa2, 0x18, 0x82, 0x18, 0xa2, 0x10,
    0xa2, 0x10, 0xa3, 0x18, 0xa2, 0x10, 0xa3, 0x10, 0xa2, 0x10, 0xa3, 0x10,
    0xa2, 0x18, 0xa3, 0x10, 0xa2, 0x10, 0xa2, 0x18, 0xa3, 0x18, 0xc3, 0x10,
    0xc3, 0x18, 0xc3, 0x18, 0xc3, 0x10, 0xc3, 0x10, 0xc2, 0x18, 0xc3, 0x18,
    0xc3, 0x18, 0xc3, 0x18, 0xc3, 0x18, 0xc3, 0x18, 0xc3, 0x18, 0xe3, 0x18,
    0xe4, 0x18, 0xe3, 0x18, 0xc4, 0x18, 0xe4, 0x18, 0xe4, 0x18, 0xe4, 0x20,
    0x04, 0x19, 0xe4, 0x18, 0xe4, 0x18, 0x04, 0x21, 0x04, 0x19, 0x04, 0x21,
    0x04, 0x21, 0x04, 0x21, 0x04, 0x21, 0x05, 0x21, 0x25, 0x21, 0x24, 0x21,
    0x25, 0x21, 0x25, 0x21, 0x24, 0x21, 0x25, 0x21, 0x45, 0x29, 0x25, 0x21,
    0x25, 0x21, 0x45, 0x21, 0x45, 0x29, 0x66, 0x31, 0xa7, 0x31, 0x49, 0x42,
    0x8b, 0x52, 0x08, 0x3a, 0x87, 0x31, 0xc7, 0x39, 0x08, 0x3a, 0xc8, 0x39,
    0xc8, 0x39, 0xe8, 0x39, 0xc7, 0x31, 0x49, 0x4a, 0x6a, 0x4a, 0x49, 0x42,
    0x49, 0x4a, 0x8a, 0x4a, 0x09, 0x3a, 0x29, 0x42, 0xcc, 0x52, 0x0d, 0x5b,
    0x2d, 0x63, 0x2e, 0x63, 0xb0, 0x73, 0xf0, 0x73, 0xb0, 0x73, 0xaf, 0x73,
    0x6e, 0x6b, 0x4e, 0x63, 0x0d, 0x63, 0x0d, 0x63, 0xcc, 0x5a, 0xab, 0x52,
    0xab, 0x52, 0x6a, 0x4a, 0x49, 0x4a, 0x6a, 0x4a, 0x4a, 0x4a, 0x29, 0x42,
    0xcc, 0x5a, 0x0c, 0x5b, 0xec, 0x5a, 0xab, 0x52, 0x8a, 0x4a, 0xab, 0x52,
    0xab, 0x52, 0x29, 0x42, 0x4a, 0x4a, 0x6a, 0x4a, 0x49, 0x42, 0xec, 0x5a,
    0x0d, 0x5b, 0xec, 0x5a, 0x0d, 0x5b, 0x0c, 0x5b, 0xab, 0x52, 0x8a, 0x4a,
    0x0c, 0x5b, 0xab, 0x52, 0x6a, 0x4a, 0x49, 0x42, 0x6a, 0x4a, 0xab, 0x52,
    0x4d, 0x63, 0xf0, 0x73, 0x11, 0x7c, 0xf1, 0x7b, 0xd0, 0x73, 0xd0, 0x73,
    0x8f, 0x6b, 0x6e, 0x63, 0x4e, 0x63, 0x2d, 0x63, 0x0d, 0x63, 0xcb, 0x5a,
    0x4d, 0x63, 0x6e, 0x6b, 0x2d, 0x63, 0x6e, 0x6b, 0x31, 0x7c, 0x72, 0x84,
    0x32, 0x7c, 0x32, 0x84, 0x11, 0x7c, 0x11, 0x7c, 0x11, 0x84, 0xb3, 0x8c,
    0xf5, 0x94, 0xf5, 0x9c, 0x15, 0xa5, 0x56, 0xad, 0x56, 0xa5, 0xb3, 0x94,
    0xb3, 0x94, 0xf5, 0x9c, 0x56, 0xa5, 0x76, 0xad, 0x96, 0xad, 0x96, 0xb5,
    0x96, 0xad, 0xb7, 0xb5, 0x14, 0xa5, 0xf4, 0x9c, 0xb3, 0x94, 0x92, 0x8c,
    0x92, 0x94, 0xb3, 0x94, 0xf4, 0x9c, 0x55, 0xa5, 0x35, 0xa5, 0xd4, 0x9c,
    0x35, 0xa5, 0x76, 0xad, 0x55, 0xa5, 0x76, 0xad, 0x55, 0xa5, 0x55, 0xad,
    0x56, 0xad, 0x55, 0xa5, 0x96, 0xb5, 0xb7, 0xb5, 0xf8, 0xbd, 0x19, 0xc6,
    0x19, 0xbe, 0xf7, 0xb5, 0x97, 0xb5, 0x76, 0xad, 0x15, 0xa5, 0xf4, 0x9c,
    0xf4, 0x94, 0x15, 0xa5, 0xf4, 0x9c, 0xd4, 0x94, 0x15, 0xa5, 0x56, 0xad,
    0x56, 0xa5, 0x56, 0xa5, 0x97, 0xad, 0xb7, 0xb5, 0xd7, 0xb5, 0xd7, 0xb5,
    0xb7, 0xb5, 0x96, 0xad, 0x14, 0xa5, 0x35, 0xa5, 0x76, 0xad, 0x15, 0x9d,
    0xf4, 0x9c, 0xd4, 0x94, 0xb3, 0x8c, 0x93, 0x8c, 0x72, 0x8c, 0x73, 0x8c,
    0x93, 0x8c, 0x93, 0x84, 0x93, 0x84, 0x72, 0x84, 0x73, 0x84, 0x72, 0x84,
    0x52, 0x84, 0x52, 0x84, 0x52, 0x84, 0x11, 0x7c, 0xb0, 0x73, 0xb0, 0x73,
    0xb0, 0x73, 0xaf, 0x73, 0x2d, 0x63, 0x2d, 0x63, 0x0c, 0x5b, 0x2d, 0x63,
    0x6e, 0x6b, 0xd0, 0x73, 0xaf, 0x6b, 0xaf, 0x73, 0xb0, 0x73, 0xaf, 0x73,
    0xaf, 0x6b, 0x8f, 0x6b, 0x6f, 0x6b, 0x6e, 0x63, 0x6e, 0x63, 0x4e, 0x63,
    0x2d, 0x63, 0x4d, 0x63, 0x6e, 0x6b, 0x4e, 0x63, 0x2d, 0x63, 0x2d, 0x5b,
    0xcb, 0x52, 0x8b, 0x52, 0x8a, 0x4a, 0x09, 0x42, 0x08, 0x3a, 0x8a, 0x4a,
    0xec, 0x5a, 0x24, 0x21, 0x61, 0x08, 0x61, 0x10, 0x61, 0x10, 0x61, 0x08,
    0x41, 0x08, 0x41, 0x10, 0x41, 0x08, 0x61, 0x08, 0x61, 0x08, 0x40, 0x08,
    0x61, 0x08, 0x41, 0x08, 0x61, 0x08, 0x61, 0x10, 0x61, 0x08, 0x61, 0x08,
    0x61, 0x08, 0x61, 0x10, 0x61, 0x08, 0x61, 0x10, 0x61, 0x10, 0x61, 0x08,
    0x61, 0x10, 0x61, 0x08, 0x61, 0x08, 0x61, 0x10, 0x61, 0x08, 0x82, 0x10,
    0x61, 0x08, 0x82, 0x10, 0x82, 0x10, 0x81, 0x10, 0x82, 0x10, 0x82, 0x10,
    0x82, 0x08, 0x82, 0x10, 0x82, 0x10, 0x81, 0x08, 0x82, 0x10, 0x81, 0x10,
    0x82, 0x08, 0x82, 0x10, 0x82, 0x10, 0x82, 0x10, 0x82, 0x10, 0x82, 0x10,
    0x82, 0x10, 0x82, 0x10, 0x81, 0x10, 0x82, 0x10, 0xa2, 0x10, 0x81, 0x10,
    0x82, 0x10, 0x82, 0x10, 0xa2, 0x10, 0x82, 0x10, 0x82, 0x10, 0xa1, 0x10,
    0xa2, 0x10, 0x82, 0x10, 0xa2, 0x10, 0x82, 0x18, 0xa2, 0x10, 0x82, 0x10,
    0xa2, 0x10, 0xa2, 0x10, 0x82, 0x10, 0xa2, 0x10, 0x82, 0x10, 0xa2, 0x10,
    0xa2, 0x10, 0x82, 0x10, 0xa2, 0x18, 0xa2, 0x10, 0xa3, 0x10, 0xa3, 0x10,
    0xa2, 0x10, 0xa2, 0x18, 0xa3, 0x18, 0xa3, 0x10, 0xa2, 0x10, 0xa3, 0x10,
    0xa2, 0x18, 0xa2, 0x10, 0xc3, 0x10, 0xa2, 0x18, 0xa3, 0x10, 0xc3, 0x18,
    0xc3, 0x18, 0xc3, 0x10, 0xc3, 0x18, 0xc3, 0x18, 0xe3, 0x18, 0xc3, 0x18,
    0xc3, 0x18, 0xc4, 0x18, 0xe3, 0x18, 0xc3, 0x18, 0xe4, 0x18, 0xe4, 0x18,
    0xe4, 0x18, 0xe4, 0x20, 0x04, 0x21, 0x04, 0x21, 0xe4, 0x18, 0x04, 0x21,
    0x04, 0x21, 0x04, 0x19, 0x04, 0x21, 0x04, 0x21, 0x04, 0x21, 0x25, 0x21,
    0x04, 0x21, 0x04, 0x21, 0x25, 0x21, 0x25, 0x21, 0x24, 0x21, 0x25, 0x29,
    0x25, 0x21, 0x45, 0x29, 0x25, 0x21, 0x25, 0x29, 0x45, 0x29, 0x45, 0x29,
    0xc7, 0x39, 0x08, 0x42, 0x4a, 0x4a, 0x08, 0x3a, 0xa7, 0x31, 0x08, 0x3a,
    0x08, 0x3a, 0x08, 0x3a, 0x08, 0x42, 0xa7, 0x31, 0xe8, 0x39, 0x29, 0x42,
    0x08, 0x42, 0xe8, 0x39, 0xe8, 0x39, 0x08, 0x42, 0x29, 0x42, 0x6a, 0x4a,
    0x4a, 0x4a, 0x6a, 0x4a, 0xcb, 0x52, 0x0d, 0x5b, 0x8f, 0x6b, 0x8f, 0x6b,
    0x2d, 0x63, 0xcc, 0x5a, 0x8b, 0x52, 0xab, 0x52, 0xab, 0x52, 0x49, 0x4a,
    0x29, 0x42, 0x29, 0x42, 0x09, 0x42, 0x08, 0x3a, 0x49, 0x42, 0x8a, 0x4a,
    0x8a, 0x4a, 0x4a, 0x4a, 0x8a, 0x4a, 0x0d, 0x63, 0xab, 0x52, 0x6a, 0x4a,
    0x8a, 0x4a, 0xcb, 0x52, 0x8a, 0x4a, 0x09, 0x42, 0x49, 0x42, 0x49, 0x4a,
    0x8b, 0x4a, 0xcb, 0x5a, 0xec, 0x5a, 0xec, 0x5a, 0xcc, 0x52, 0x0c, 0x5b,
    0xcc, 0x5a, 0xcc, 0x5a, 0x0d, 0x63, 0xab, 0x52, 0xab, 0x52, 0xab, 0x52,
    0xcb, 0x52, 0x4d, 0x63, 0x4e, 0x63, 0xaf, 0x6b, 0x72, 0x84, 0x52, 0x84,
    0x11, 0x7c, 0x11, 0x7c, 0x11, 0x7c, 0xf0, 0x73, 0x8f, 0x6b, 0x0d, 0x5b,
    0xab, 0x52, 0xab, 0x52, 0x4d, 0x63, 0xaf, 0x6b, 0x8f, 0x6b, 0xd0, 0x73,
    0x32, 0x84, 0x73, 0x84, 0x31, 0x7c, 0x31, 0x84, 0x52, 0x84, 0x32, 0x84,
    0x52, 0x84, 0x73, 0x8c, 0xd4, 0x9c, 0xd4, 0x9c, 0xd4, 0x94, 0x15, 0x9d,
    0x56, 0xad, 0xd4, 0x9c, 0xf4, 0x9c, 0x36, 0xa5, 0x97, 0xad, 0x76, 0xad,
    0x96, 0xb5, 0x96, 0xad, 0x76, 0xad, 0x55, 0xa5, 0xb3, 0x94, 0xd3, 0x94,
    0xd3, 0x9c, 0xb3, 0x94, 0xb3, 0x94, 0xf4, 0x9c, 0x35, 0xa5, 0x35, 0xa5,
    0x35, 0xa5, 0x14, 0x9d, 0x34, 0xa5, 0x35, 0xa5, 0x76, 0xad, 0x96, 0xad,
    0x96, 0xad, 0x97, 0xb5, 0xb7, 0xb5, 0xb7, 0xb5, 0xb7, 0xb5, 0x97, 0xb5,
    0xb7, 0xb5, 0xd7, 0xbd, 0xf8, 0xbd, 0xf8, 0xbd, 0xd7, 0xb5, 0xb7, 0xb5,
    0x76, 0xad, 0x35, 0xa5, 0x35, 0xa5, 0x35, 0xa5, 0xf4, 0x94, 0xd4, 0x94,
    0x35, 0xa5, 0x56, 0xa5, 0x35, 0xa5, 0x35, 0xa5, 0x56, 0xa5, 0x76, 0xad,
    0x97, 0xb5, 0xb7, 0xb5, 0xb7, 0xb5, 0x96, 0xad, 0x14, 0x9d, 0x14, 0xa5,
    0x35, 0xa5, 0x14, 0x9d, 0xf4, 0x9c, 0xf4, 0x9c, 0xb3, 0x8c, 0x72, 0x8c,
    0x52, 0x84, 0x73, 0x84, 0xb3, 0x8c, 0xb3, 0x8c, 0x73, 0x84, 0x52, 0x84,
    0x52, 0x84, 0x52, 0x84, 0x52, 0x84, 0x52, 0x84, 0x52, 0x84, 0x72, 0x8c,
    0x72, 0x84, 0x32, 0x7c, 0xf1, 0x73, 0xaf, 0x73, 0x4e, 0x63, 0x2d, 0x63,
    0x2d, 0x63, 0x2d, 0x63, 0x2d, 0x5b, 0x4e, 0x63, 0x8e, 0x6b, 0x6f, 0x6b,
    0x8f, 0x73, 0x8f, 0x6b, 0xf0, 0x73, 0xd0, 0x73, 0x8f, 0x6b, 0x6f, 0x6b,
    0x6e, 0x63, 0x4e, 0x63, 0x0c, 0x5b, 0x2d, 0x63, 0x6e, 0x63, 0x6f, 0x63,
    0x2d, 0x63, 0x0d, 0x63, 0xec, 0x5a, 0xec, 0x5a, 0xec, 0x5a, 0x8a, 0x4a,
    0x08, 0x3a, 0x29, 0x42, 0xec, 0x5a, 0x25, 0x21, 0x61, 0x08, 0x62, 0x10,
    0x61, 0x08, 0x61, 0x08, 0x61, 0x08, 0x61, 0x08, 0x41, 0x10, 0x60, 0x08,
    0x61, 0x08, 0x61, 0x10, 0x61, 0x08, 0x41, 0x08, 0x61, 0x10, 0x61, 0x08,
    0x61, 0x08, 0x41, 0x08, 0x61, 0x10, 0x61, 0x08, 0x61, 0x08, 0x61, 0x10,
    0x61, 0x08, 0x61, 0x10, 0x62, 0x10, 0x61, 0x08, 0x62, 0x10, 0x61, 0x10,
    0x62, 0x10, 0x61, 0x08, 0x61, 0x10, 0x82, 0x10, 0x82, 0x10, 0x82, 0x10,
    0x81, 0x10, 0x82, 0x10, 0x81, 0x10, 0x82, 0x10, 0x82, 0x10, 0x82, 0x10,
    0x81, 0x10, 0x82, 0x10, 0x81, 0x10, 0x81, 0x10, 0x82, 0x10, 0x81, 0x08,
    0x82, 0x10, 0x81, 0x10, 0x82, 0x10, 0x82, 0x08, 0x81, 0x10, 0x82, 0x10,
    0x82, 0x10, 0xa2, 0x10, 0x82, 0x10, 0x82, 0x10, 0x81, 0x10, 0x82, 0x10,
    0xa2, 0x10, 0x82, 0x10, 0xa2, 0x10, 0x82, 0x10, 0xa1, 0x10, 0xa2, 0x10,
    0x82, 0x10, 0xa1, 0x10, 0x82, 0x18, 0x82, 0x10, 0xa1, 0x10, 0x82, 0x18,
    0x82, 0x10, 0xa2, 0x10, 0x82, 0x10, 0xa2, 0x18, 0xa2, 0x10, 0xa2, 0x10,
    0xa3, 0x10, 0xa2, 0x18, 0xc3, 0x10, 0xc3, 0x18, 0xa3, 0x18, 0xc2, 0x10,
    0xa3, 0x10, 0xa2, 0x18, 0xa2, 0x10, 0xa3, 0x10, 0xa2, 0x18, 0xa2, 0x18,
    0xa3, 0x10, 0xc3, 0x10, 0xc2, 0x18, 0xc3, 0x18, 0xc3, 0x10, 0xc3, 0x18,
    0xc3, 0x18, 0xc3, 0x18, 0xe3, 0x10, 0xe3, 0x18, 0xc4, 0x18, 0xe4, 0x18,
    0xe4, 0x18, 0xe4, 0x20, 0xe3, 0x20, 0xe4, 0x18, 0xe4, 0x18, 0x04, 0x21,
    0x04, 0x21, 0x04, 0x19, 0x04, 0x21, 0x05, 0x21, 0x05, 0x21, 0x04, 0x19,
    0x05, 0x21, 0x04, 0x21, 0x04, 0x21, 0x25, 0x21, 0x24, 0x21, 0x04, 0x21,
    0x25, 0x21, 0x25, 0x21, 0x45, 0x29, 0x45, 0x29, 0x45, 0x29, 0x45, 0x21,
    0x45, 0x21, 0x45, 0x29, 0x87, 0x31, 0xe8, 0x39, 0x29, 0x42, 0x08, 0x42,
    0xe8, 0x39, 0x08, 0x42, 0x08, 0x3a, 0xe7, 0x39, 0xe8, 0x39, 0xe7, 0x39,
    0x08, 0x42, 0x08, 0x42, 0x08, 0x42, 0xe8, 0x39, 0xe8, 0x39, 0x08, 0x42,
    0x29, 0x42, 0x49, 0x42, 0x08, 0x3a, 0xe8, 0x41, 0x29, 0x42, 0x6a, 0x4a,
    0xec, 0x5a, 0xcb, 0x5a, 0x49, 0x4a, 0x08, 0x3a, 0xe8, 0x39, 0x29, 0x42,
    0x49, 0x42, 0x08, 0x42, 0x29, 0x42, 0x08, 0x3a, 0xe8, 0x39, 0xe8, 0x39,
    0x29, 0x42, 0x6a, 0x4a, 0x29, 0x42, 0x08, 0x42, 0x29, 0x42, 0x8a, 0x4a,
    0x8a, 0x4a, 0x49, 0x4a, 0x8a, 0x52, 0xab, 0x52, 0x6a, 0x4a, 0xe8, 0x39,
    0x08, 0x3a, 0x09, 0x42, 0x6a, 0x4a, 0x8b, 0x52, 0xab, 0x52, 0x0c, 0x5b,
    0xcc, 0x5a, 0x2d, 0x63, 0x4e, 0x63, 0x4e, 0x63, 0x4d, 0x63, 0xcc, 0x52,
    0xcb, 0x52, 0xec, 0x5a, 0x2d, 0x63, 0x6e, 0x6b, 0x2d, 0x63, 0x6e, 0x6b,
    0x52, 0x84, 0x73, 0x84, 0x32, 0x7c, 0x32, 0x7c, 0x11, 0x7c, 0xf0, 0x7b,
    0x6e, 0x6b, 0xec, 0x52, 0x8b, 0x4a, 0xab, 0x52, 0x4d, 0x63, 0x8f, 0x6b,
    0xd0, 0x73, 0xf0, 0x7b, 0x31, 0x7c, 0x73, 0x84, 0x52, 0x84, 0x52, 0x84,
    0x73, 0x8c, 0x72, 0x84, 0x72, 0x8c, 0x73, 0x8c, 0xd4, 0x9c, 0xd4, 0x94,
    0x94, 0x94, 0xb4, 0x94, 0x35, 0xa5, 0x56, 0xad, 0x76, 0xad, 0x56, 0xa5,
    0x35, 0xa5, 0x15, 0x9d, 0x76, 0xad, 0x76, 0xad, 0x55, 0xa5, 0x35, 0xa5,
    0x15, 0xa5, 0xf4, 0x9c, 0xf4, 0x9c, 0x14, 0xa5, 0x14, 0x9d, 0x15, 0x9d,
    0x14, 0xa5, 0x35, 0xa5, 0x35, 0xa5, 0x35, 0xa5, 0x35, 0xa5, 0x14, 0xa5,
    0x55, 0xa5, 0x35, 0xa5, 0x15, 0xa5, 0x35, 0xa5, 0x76, 0xad, 0xb7, 0xb5,
    0xb7, 0xb5, 0x76, 0xad, 0x55, 0xa5, 0x76, 0xad, 0xb7, 0xb5, 0xb7, 0xb5,
    0xb7, 0xb5, 0xb7, 0xb5, 0x96, 0xad, 0x56, 0xad, 0x75, 0xad, 0x35, 0xa5,
    0xd4, 0x9c, 0xd4, 0x9c, 0x15, 0x9d, 0x35, 0xa5, 0x35, 0xa5, 0x35, 0xa5,
    0x35, 0xa5, 0x97, 0xb5, 0xb7, 0xb5, 0xd8, 0xbd, 0xd8, 0xbd, 0x97, 0xb5,
    0x14, 0x9d, 0xf4, 0x9c, 0x35, 0xa5, 0x55, 0xa5, 0x14, 0x9d, 0x14, 0x9d,
    0x92, 0x8c, 0x51, 0x84, 0x52, 0x84, 0x93, 0x8c, 0xb4, 0x8c, 0xd4, 0x94,
    0x73, 0x8c, 0x32, 0x84, 0x31, 0x7c, 0x11, 0x7c, 0xf1, 0x7b, 0x11, 0x7c,
    0x11, 0x7c, 0x72, 0x84, 0x93, 0x8c, 0x52, 0x84, 0x31, 0x84, 0xf0, 0x73,
    0x8f, 0x6b, 0x4e, 0x6b, 0x6e, 0x6b, 0x4d, 0x63, 0xcc, 0x5a, 0xcc, 0x5a,
    0x2d, 0x63, 0x4d, 0x63, 0x4e, 0x63, 0x4e, 0x6b, 0xd0, 0x73, 0xd0, 0x73,
    0xb0, 0x6b, 0x6f, 0x6b, 0x6f, 0x6b, 0x4d, 0x63, 0x0d, 0x63, 0x4d, 0x63,
    0x6e, 0x6b, 0xb0, 0x73, 0x4e, 0x63, 0x6e, 0x63, 0x4e, 0x63, 0x4e, 0x63,
    0x6e, 0x63, 0x0d, 0x5b, 0x8b, 0x4a, 0x29, 0x42, 0xcc, 0x5a, 0x25, 0x29,
    0x61, 0x08, 0x61, 0x08, 0x61, 0x08, 0x61, 0x08, 0x41, 0x08, 0x41, 0x08,
    0x61, 0x08, 0x40, 0x08, 0x61, 0x10, 0x41, 0x08, 0x41, 0x08, 0x60, 0x10,
    0x61, 0x10, 0x61, 0x10, 0x61, 0x08, 0x61, 0x08, 0x61, 0x10, 0x61, 0x10,
    0x61, 0x08, 0x61, 0x10, 0x61, 0x08, 0x61, 0x10, 0x61, 0x08, 0x62, 0x08,
    0x81, 0x10, 0x61, 0x10, 0x62, 0x08, 0x82, 0x10, 0x81, 0x10, 0x61, 0x10,
    0x82, 0x10, 0x81, 0x08, 0x62, 0x10, 0x81, 0x10, 0x82, 0x10, 0x81, 0x08,
    0x81, 0x10, 0x82, 0x10, 0x82, 0x10, 0x82, 0x10, 0x82, 0x10, 0x81, 0x10,
    0x82, 0x10, 0x82, 0x10, 0x81, 0x10, 0x82, 0x10, 0x82, 0x10, 0x82, 0x10,
    0xa2, 0x10, 0x82, 0x10, 0x82, 0x10, 0x81, 0x10, 0x82, 0x10, 0xa2, 0x10,
    0x81, 0x10, 0x82, 0x10, 0xa2, 0x10, 0xa2, 0x10, 0xa2, 0x18, 0x82, 0x10,
    0x82, 0x10, 0xa2, 0x10, 0x82, 0x10, 0xa2, 0x10, 0x82, 0x10, 0xa2, 0x10,
    0xa2, 0x10, 0x82, 0x10, 0xa2, 0x10, 0x82, 0x10, 0x82, 0x10, 0xa2, 0x18,
    0xa2, 0x10, 0xa3, 0x10, 0xa3, 0x18, 0xa2, 0x10, 0xc3, 0x10, 0xc3, 0x10,
    0xc2, 0x10, 0xa2, 0x18, 0xa3, 0x18, 0xa3, 0x18, 0xa3, 0x18, 0xc3, 0x10,
    0xc3, 0x10, 0xc3, 0x10, 0xc3, 0x18, 0xc2, 0x18, 0xa3, 0x10, 0xc3, 0x18,
    0xc3, 0x18, 0xc3, 0x18, 0xc3, 0x18, 0xc3, 0x18, 0xc3, 0x18, 0xe4, 0x18,
    0xe4, 0x18, 0xe3, 0x18, 0xe4, 0x18, 0xe4, 0x18, 0x04, 0x21, 0x04, 0x21,
    0xe4, 0x18, 0xe4, 0x18, 0x04, 0x21, 0x04, 0x19, 0x04, 0x21, 0x04, 0x21,
    0x04, 0x19, 0x04, 0x21, 0x05, 0x21, 0x04, 0x21, 0x04, 0x21, 0x25, 0x21,
    0x05, 0x21, 0x04, 0x21, 0x25, 0x21, 0x24, 0x21, 0x25, 0x21, 0x25, 0x29,
    0x45, 0x29, 0x45, 0x21, 0x45, 0x29, 0x45, 0x29, 0x65, 0x29, 0xe8, 0x39,
    0x29, 0x42, 0x08, 0x3a, 0x09, 0x42, 0xe8, 0x41, 0x09, 0x42, 0xc7, 0x39,
    0xe8, 0x39, 0x08, 0x42, 0x08, 0x42, 0xe8, 0x39, 0xc7, 0x39, 0xe7, 0x39,
    0x29, 0x42, 0x08, 0x42, 0xe8, 0x39, 0xe7, 0x31, 0xa6, 0x31, 0xa7, 0x31,
    0xc7, 0x39, 0xe8, 0x39, 0xab, 0x52, 0x6a, 0x4a, 0x08, 0x3a, 0xa7, 0x31,
    0x86, 0x31, 0x08, 0x42, 0xc7, 0x31, 0xe8, 0x39, 0x29, 0x42, 0x08, 0x42,
    0xe8, 0x39, 0xe8, 0x39, 0x09, 0x42, 0x29, 0x42, 0x09, 0x42, 0x08, 0x3a,
    0x09, 0x42, 0x29, 0x42, 0x6a, 0x4a, 0x4a, 0x4a, 0xcc, 0x5a, 0xab, 0x52,
    0x4a, 0x4a, 0xc7, 0x39, 0xe8, 0x39, 0x08, 0x3a, 0x29, 0x42, 0x6a, 0x4a,
    0xcb, 0x52, 0x0d, 0x5b, 0x0d, 0x5b, 0x8f, 0x6b, 0x8f, 0x6b, 0x6e, 0x6b,
    0x6e, 0x6b, 0xec, 0x5a, 0xcb, 0x52, 0x0c, 0x63, 0x6e, 0x6b, 0x8e, 0x6b,
    0x4e, 0x63, 0x8f, 0x6b, 0x52, 0x84, 0x93, 0x8c, 0x72, 0x84, 0x52, 0x84,
    0x11, 0x7c, 0x11, 0x74, 0xd0, 0x73, 0x4e, 0x63, 0x0c, 0x5b, 0x0c, 0x63,
    0x4d, 0x63, 0x4d, 0x63, 0xaf, 0x73, 0xf0, 0x7b, 0x31, 0x7c, 0x31, 0x7c,
    0x32, 0x84, 0x11, 0x7c, 0x52, 0x84, 0x52, 0x84, 0x93, 0x8c, 0x73, 0x8c,
    0xb4, 0x94, 0xd4, 0x94, 0xb4, 0x94, 0x93, 0x94, 0x14, 0x9d, 0x76, 0xad,
    0xb7, 0xb5, 0x55, 0xa5, 0xb3, 0x94, 0x93, 0x94, 0x35, 0xa5, 0x56, 0xad,
    0x35, 0xa5, 0x36, 0xa5, 0x56, 0xad, 0x76, 0xad, 0x56, 0xa5, 0x55, 0xa5,
    0x35, 0xa5, 0x15, 0xa5, 0xf4, 0x9c, 0xf4, 0x9c, 0xd4, 0x9c, 0x14, 0x9d,
    0x35, 0xa5, 0x35, 0xa5, 0x35, 0xa5, 0x35, 0xa5, 0xf4, 0x9c, 0xf4, 0x9c,
    0x55, 0xa5, 0xb7, 0xb5, 0x96, 0xb5, 0x35, 0xa5, 0xf4, 0x9c, 0x15, 0x9d,
    0x96, 0xad, 0xb7, 0xb5, 0x76, 0xad, 0x96, 0xad, 0xb7, 0xb5, 0x97, 0xb5,
    0x96, 0xad, 0x76, 0xad, 0x35, 0xa5, 0xf4, 0x9c, 0x15, 0xa5, 0x14, 0x9d,
    0x14, 0xa5, 0x35, 0xa5, 0x76, 0xad, 0x97, 0xb5, 0xb7, 0xb5, 0xf8, 0xbd,
    0xf8, 0xbd, 0xb7, 0xb5, 0x76, 0xad, 0x35, 0xa5, 0x35, 0xa5, 0x55, 0xad,
    0x35, 0xa5, 0x14, 0x9d, 0x72, 0x8c, 0x31, 0x84, 0x52, 0x84, 0xb3, 0x8c,
    0xb4, 0x94, 0xf4, 0x94, 0xd4, 0x94, 0x52, 0x84, 0x11, 0x7c, 0xf0, 0x7b,
    0xaf, 0x73, 0xcf, 0x73, 0xcf, 0x73, 0x11, 0x7c, 0x73, 0x84, 0x32, 0x84,
    0x31, 0x7c, 0x11, 0x7c, 0xaf, 0x73, 0x8f, 0x6b, 0xaf, 0x6b, 0x6e, 0x6b,
    0xcc, 0x52, 0xab, 0x52, 0x0c, 0x5b, 0x4e, 0x63, 0x0d, 0x63, 0x2d, 0x63,
    0xb0, 0x73, 0xd0, 0x73, 0xaf, 0x6b, 0x8f, 0x6b, 0x6e, 0x6b, 0x2d, 0x63,
    0x0d, 0x63, 0x6e, 0x63, 0xaf, 0x73, 0x11, 0x7c, 0xd0, 0x73, 0xb0, 0x6b,
    0x8f, 0x6b, 0x8f, 0x6b, 0x6e, 0x63, 0x4e, 0x63, 0x2e, 0x63, 0xac, 0x52,
    0xec, 0x5a, 0x45, 0x29, 0x61, 0x08, 0x41, 0x08, 0x61, 0x10, 0x61, 0x10,
    0x41, 0x08, 0x41, 0x08, 0x61, 0x08, 0x41, 0x08, 0x61, 0x08, 0x61, 0x08,
    0x61, 0x08, 0x61, 0x10, 0x61, 0x08, 0x61, 0x08, 0x61, 0x10, 0x61, 0x08,
    0x61, 0x10, 0x61, 0x08, 0x61, 0x10, 0x61, 0x08, 0x61, 0x10, 0x81, 0x10,
    0x62, 0x10, 0x61, 0x10, 0x81, 0x08, 0x81, 0x10, 0x62, 0x10, 0x81, 0x10,
    0x62, 0x08, 0x82, 0x10, 0x81, 0x10, 0x82, 0x10, 0x82, 0x10, 0x82, 0x10,
    0x82, 0x10, 0x82, 0x10, 0x81, 0x10, 0x82, 0x10, 0x81, 0x08, 0x81, 0x10,
    0x82, 0x10, 0x82, 0x10, 0x82, 0x10, 0x82, 0x10, 0x81, 0x10, 0x82, 0x10,
    0x82, 0x10, 0x81, 0x10, 0x82, 0x10, 0xa2, 0x10, 0xa2, 0x10, 0xa2, 0x10,
    0x81, 0x10, 0x82, 0x10, 0x82, 0x10, 0x81, 0x10, 0xa2, 0x10, 0x82, 0x10,
    0xa2, 0x10, 0xa2, 0x18, 0x82, 0x10, 0x82, 0x10, 0xa2, 0x18, 0xa2, 0x18,
    0x82, 0x10, 0xa2, 0x10, 0x82, 0x10, 0xa2, 0x10, 0xa2, 0x10, 0x82, 0x10,
    0xa2, 0x10, 0xa2, 0x18, 0xa2, 0x10, 0xa3, 0x10, 0xa2, 0x10, 0xa2, 0x10,
    0xa3, 0x18, 0xa3, 0x10, 0xc2, 0x10, 0xa3, 0x10, 0xa2, 0x18, 0xa2, 0x18,
    0xa2, 0x10, 0xa3, 0x18, 0xc2, 0x10, 0xa3, 0x10, 0xa2, 0x18, 0xc3, 0x18,
    0xc3, 0x18, 0xc3, 0x18, 0xc3, 0x18, 0xc3, 0x18, 0xc3, 0x18, 0xe3, 0x18,
    0xc3, 0x18, 0xc3, 0x18, 0xe4, 0x18, 0xe3, 0x18, 0xe4, 0x18, 0xe4, 0x18,
    0xe3, 0x18, 0xe4, 0x18, 0x04, 0x21, 0x04, 0x21, 0x04, 0x21, 0x04, 0x21,
    0x04, 0x21, 0x04, 0x21, 0x04, 0x21, 0x04, 0x21, 0x24, 0x21, 0x05, 0x21,
    0x25, 0x21, 0x25, 0x21, 0x24, 0x21, 0x05, 0x21, 0x24, 0x21, 0x25, 0x21,
    0x24, 0x21, 0x25, 0x21, 0x45, 0x29, 0x25, 0x21, 0x45, 0x29, 0x45, 0x21,
    0x45, 0x29, 0xa6, 0x31, 0x09, 0x42, 0xe8, 0x39, 0x09, 0x42, 0x08, 0x42,
    0x49, 0x42, 0x09, 0x42, 0x08, 0x42, 0x08, 0x42, 0x08, 0x3a, 0xc7, 0x39,
    0xc7, 0x39, 0x29, 0x42, 0xe8, 0x39, 0xc7, 0x39, 0xc7, 0x31, 0xa7, 0x31,
    0xa6, 0x31, 0x86, 0x31, 0xa7, 0x31, 0xe8, 0x39, 0x49, 0x4a, 0x29, 0x42,
    0xc7, 0x39, 0x86, 0x31, 0xc8, 0x39, 0xa7, 0x31, 0xa7, 0x31, 0xa7, 0x31,
    0xc7, 0x39, 0x08, 0x3a, 0x08, 0x42, 0x29, 0x42, 0x49, 0x42, 0x29, 0x42,
    0x49, 0x42, 0x29, 0x42, 0x09, 0x42, 0xe8, 0x39, 0x29, 0x42, 0x8b, 0x52,
    0xec, 0x5a, 0xab, 0x52, 0x29, 0x42, 0xe8, 0x39, 0x08, 0x3a, 0xe8, 0x39,
    0x09, 0x42, 0x6a, 0x4a, 0xcb, 0x52, 0x2d, 0x63, 0x4e, 0x6b, 0x6e, 0x6b,
    0x6e, 0x6b, 0x6f, 0x63, 0xf0, 0x73, 0x4e, 0x6b, 0x0d, 0x63, 0x4d, 0x6b,
    0x4e, 0x6b, 0x6e, 0x6b, 0x4e, 0x63, 0x8f, 0x6b, 0x32, 0x84, 0x52, 0x84,
    0x11, 0x7c, 0xb0, 0x73, 0x8f, 0x6b, 0xd0, 0x73, 0xd0, 0x73, 0x6e, 0x6b,
    0x2d, 0x63, 0x6e, 0x6b, 0xaf, 0x73, 0x4d, 0x63, 0x4e, 0x63, 0x8f, 0x6b,
    0xaf, 0x73, 0xb0, 0x73, 0xb0, 0x73, 0xd0, 0x73, 0x32, 0x84, 0x52, 0x84,
    0x93, 0x8c, 0x52, 0x84, 0x93, 0x8c, 0xd4, 0x9c, 0xd4, 0x9c, 0x93, 0x94,
    0xd4, 0x9c, 0x55, 0xa5, 0x97, 0xb5, 0x14, 0x9d, 0x51, 0x84, 0x72, 0x8c,
    0xd3, 0x94, 0xf4, 0x9c, 0x35, 0xa5, 0x56, 0xa5, 0x35, 0xa5, 0x56, 0xad,
    0x97, 0xad, 0x76, 0xad, 0x76, 0xad, 0x35, 0xa5, 0x14, 0x9d, 0xd3, 0x94,
    0xd3, 0x94, 0xf4, 0x9c, 0x35, 0xa5, 0x56, 0xa5, 0x35, 0xa5, 0x55, 0xad,
    0x35, 0xa5, 0xf4, 0x9c, 0x55, 0xa5, 0x96, 0xad, 0x76, 0xad, 0x35, 0xa5,
    0xf4, 0x9c, 0x15, 0xa5, 0x97, 0xb5, 0x97, 0xb5, 0x76, 0xad, 0x76, 0xad,
    0x97, 0xb5, 0xf8, 0xb5, 0xd7, 0xb5, 0xb7, 0xb5, 0xb7, 0xb5, 0x76, 0xad,
    0x15, 0x9d, 0x14, 0x9d, 0x15, 0xa5, 0x56, 0xad, 0x76, 0xad, 0x97, 0xad,
    0xb7, 0xb5, 0xf8, 0xbd, 0x18, 0xbe, 0xf8, 0xbd, 0xf8, 0xbd, 0xb7, 0xb5,
    0x76, 0xad, 0x35, 0xa5, 0x35, 0xa5, 0xd4, 0x9c, 0x72, 0x8c, 0x52, 0x8c,
    0xb4, 0x94, 0xf5, 0x9c, 0xf5, 0x9c, 0x15, 0x9d, 0x35, 0x9d, 0xf5, 0x94,
    0x73, 0x84, 0x31, 0x84, 0xf0, 0x73, 0xd0, 0x73, 0xcf, 0x73, 0xaf, 0x6b,
    0xf0, 0x7b, 0xf1, 0x7b, 0xf1, 0x7b, 0x11, 0x7c, 0xb0, 0x73, 0xb0, 0x73,
    0xb0, 0x73, 0x4e, 0x63, 0xec, 0x5a, 0xab, 0x52, 0xec, 0x5a, 0x4e, 0x6b,
    0x0d, 0x63, 0x2d, 0x63, 0xaf, 0x73, 0x8f, 0x6b, 0x6e, 0x63, 0x6e, 0x6b,
    0x2d, 0x63, 0x0c, 0x5b, 0x0c, 0x5b, 0x4e, 0x63, 0xf0, 0x73, 0xf1, 0x73,
    0xf1, 0x73, 0xd0, 0x73, 0xd0, 0x73, 0x8e, 0x6b, 0x4e, 0x63, 0x4e, 0x63,
    0x8f, 0x6b, 0x4e, 0x63, 0x2d, 0x63, 0x45, 0x21, 0x41, 0x08, 0x41, 0x08,
    0x61, 0x08, 0x61, 0x08, 0x61, 0x08, 0x61, 0x10, 0x41, 0x08, 0x61, 0x08,
    0x61, 0x08, 0x61, 0x08, 0x61, 0x10, 0x61, 0x08, 0x61, 0x08, 0x61, 0x08,
    0x61, 0x10, 0x61, 0x10, 0x61, 0x08, 0x61, 0x10, 0x61, 0x08, 0x61, 0x08,
    0x61, 0x08, 0x62, 0x10, 0x61, 0x10, 0x61, 0x08, 0x61, 0x10, 0x81, 0x08,
    0x61, 0x10, 0x61, 0x08, 0x82, 0x10, 0x82, 0x10, 0x81, 0x10, 0x82, 0x10,
    0x81, 0x10, 0x81, 0x10, 0x82, 0x10, 0x82, 0x10, 0x82, 0x10, 0x81, 0x10,
    0x82, 0x10, 0x82, 0x10, 0x81, 0x10, 0x82, 0x08, 0x82, 0x10, 0x82, 0x10,
    0xa2, 0x10, 0x82, 0x10, 0x81, 0x10, 0x81, 0x10, 0x82, 0x10, 0x81, 0x10,
    0x82, 0x10, 0x82, 0x10, 0x82, 0x10, 0xa2, 0x10, 0x82, 0x10, 0x82, 0x10,
    0xa2, 0x10, 0x82, 0x10, 0x82, 0x10, 0xa2, 0x10, 0xa1, 0x10, 0xa2, 0x10,
    0xa2, 0x18, 0xa2, 0x10, 0x82, 0x10, 0x82, 0x10, 0x82, 0x18, 0x82, 0x10,
    0xa2, 0x10, 0x82, 0x10, 0x82, 0x10, 0xa2, 0x18, 0x82, 0x10, 0xa3, 0x10,
    0xa2, 0x10, 0xa3, 0x18, 0xa2, 0x10, 0xa2, 0x10, 0xa3, 0x18, 0xa3, 0x10,
    0xa2, 0x10, 0xa3, 0x10, 0xa3, 0x10, 0xa2, 0x18, 0xc3, 0x18, 0xa2, 0x10,
    0xa3, 0x10, 0xc3, 0x10, 0xc3, 0x18, 0xc3, 0x10, 0xc3, 0x18, 0xc3, 0x18,
    0xc3, 0x10, 0xc3, 0x18, 0xc3, 0x18, 0xc3, 0x18, 0xe4, 0x18, 0xe4, 0x18,
    0xe3, 0x18, 0xe4, 0x20, 0xe4, 0x18, 0xe3, 0x18, 0x04, 0x21, 0x04, 0x19,
    0x04, 0x21, 0x04, 0x21, 0x04, 0x19, 0x04, 0x21, 0x05, 0x21, 0x04, 0x21,
    0x04, 0x21, 0x25, 0x21, 0x24, 0x21, 0x04, 0x21, 0x05, 0x21, 0x24, 0x21,
    0x04, 0x21, 0x05, 0x21, 0x25, 0x21, 0x24, 0x21, 0x25, 0x21, 0x25, 0x29,
    0x25, 0x21, 0x45, 0x29, 0x45, 0x21, 0x45, 0x29, 0xc7, 0x31, 0x08, 0x42,
    0xc7, 0x39, 0x29, 0x42, 0x8a, 0x4a, 0x6a, 0x4a, 0x29, 0x4a, 0x49, 0x42,
    0x49, 0x4a, 0x29, 0x42, 0xe8, 0x39, 0xa7, 0x31, 0x86, 0x31, 0xa6, 0x31,
    0xa7, 0x31, 0x87, 0x31, 0xa6, 0x31, 0xa7, 0x31, 0xc7, 0x39, 0x08, 0x3a,
    0xc7, 0x39, 0xc7, 0x39, 0xa7, 0x31, 0xc7, 0x39, 0xa6, 0x31, 0xa7, 0x31,
    0xa6, 0x31, 0x86, 0x31, 0x86, 0x31, 0xa7, 0x31, 0xe7, 0x39, 0x29, 0x42,
    0x29, 0x42, 0x29, 0x42, 0x29, 0x42, 0x08, 0x42, 0x29, 0x42, 0x08, 0x42,
    0xe8, 0x39, 0x8a, 0x4a, 0xcb, 0x52, 0xab, 0x52, 0x49, 0x42, 0x29, 0x42,
    0x29, 0x42, 0x08, 0x3a, 0x08, 0x42, 0x6a, 0x4a, 0xcb, 0x52, 0x4e, 0x6b,
    0x4e, 0x63, 0xcc, 0x5a, 0xec, 0x5a, 0x4e, 0x63, 0x11, 0x7c, 0xd0, 0x73,
    0xaf, 0x73, 0xaf, 0x6b, 0x4e, 0x6b, 0x2d, 0x63, 0x0d, 0x5b, 0x6e, 0x6b,
    0x11, 0x7c, 0x11, 0x7c, 0xd0, 0x73, 0x4e, 0x63, 0x4e, 0x63, 0x6e, 0x6b,
    0x4e, 0x63, 0x0d, 0x63, 0x0d, 0x63, 0x2d, 0x63, 0x4d, 0x63, 0x4d, 0x63,
    0x4e, 0x63, 0x6e, 0x6b, 0x6e, 0x6b, 0x6e, 0x6b, 0x6e, 0x6b, 0xd0, 0x73,
    0x52, 0x84, 0x32, 0x84, 0x52, 0x84, 0x11, 0x7c, 0x73, 0x8c, 0xb4, 0x94,
    0xb4, 0x94, 0x72, 0x8c, 0x93, 0x94, 0x55, 0xa5, 0x56, 0xad, 0xf4, 0x9c,
    0x51, 0x84, 0x31, 0x84, 0x92, 0x8c, 0xd4, 0x94, 0x15, 0xa5, 0x56, 0xa5,
    0x36, 0xa5, 0x36, 0xa5, 0x56, 0xad, 0x96, 0xad, 0x76, 0xad, 0x55, 0xa5,
    0x35, 0xa5, 0xf4, 0x9c, 0xb3, 0x94, 0xd3, 0x9c, 0x55, 0xa5, 0x76, 0xad,
    0x55, 0xa5, 0x56, 0xad, 0x35, 0xa5, 0x15, 0xa5, 0x35, 0xa5, 0x76, 0xad,
    0x97, 0xad, 0x76, 0xad, 0x15, 0xa5, 0x35, 0xa5, 0xb7, 0xb5, 0xb7, 0xb5,
    0x96, 0xad, 0x97, 0xb5, 0xb7, 0xb5, 0xd7, 0xb5, 0xf8, 0xbd, 0xf8, 0xbd,
    0xf8, 0xbd, 0xd8, 0xb5, 0x56, 0xad, 0x55, 0xa5, 0x36, 0xa5, 0x55, 0xad,
    0x76, 0xad, 0xb7, 0xb5, 0xf8, 0xbd, 0x19, 0xbe, 0x19, 0xbe, 0x19, 0xbe,
    0x18, 0xbe, 0xf8, 0xbd, 0x76, 0xad, 0x55, 0xa5, 0x55, 0xa5, 0x15, 0xa5,
    0xd4, 0x9c, 0xd4, 0x9c, 0xf5, 0x9c, 0x15, 0x9d, 0x15, 0x9d, 0xf4, 0x94,
    0xf5, 0x94, 0xf5, 0x9c, 0xd4, 0x94, 0x93, 0x8c, 0x31, 0x84, 0x11, 0x7c,
    0xd0, 0x73, 0xd0, 0x73, 0xaf, 0x73, 0xd0, 0x73, 0xd0, 0x73, 0x11, 0x7c,
    0xf0, 0x7b, 0xd0, 0x73, 0xd0, 0x73, 0x4e, 0x63, 0xec, 0x5a, 0xcb, 0x5a,
    0x0c, 0x5b, 0x4e, 0x63, 0x0d, 0x5b, 0x0d, 0x63, 0x8f, 0x6b, 0x4e, 0x63,
    0x2d, 0x63, 0xec, 0x5a, 0xcb, 0x52, 0xcc, 0x5a, 0x0c, 0x5b, 0x4e, 0x63,
    0xb0, 0x73, 0xd0, 0x6b, 0xf0, 0x73, 0x8f, 0x6b, 0x4e, 0x63, 0x4d, 0x63,
    0x2d, 0x63, 0x4e, 0x63, 0xaf, 0x6b, 0xd0, 0x73, 0x6f, 0x6b, 0x46, 0x29,
    0x41, 0x08, 0x61, 0x08, 0x61, 0x08, 0x61, 0x08, 0x61, 0x08, 0x60, 0x08,
    0x41, 0x08, 0x41, 0x08, 0x61, 0x10, 0x60, 0x08, 0x61, 0x10, 0x61, 0x10,
    0x41, 0x10, 0x61, 0x08, 0x61, 0x10, 0x61, 0x08, 0x61, 0x08, 0x62, 0x10,
    0x61, 0x10, 0x62, 0x10, 0x61, 0x08, 0x62, 0x10, 0x61, 0x08, 0x62, 0x10,
    0x62, 0x10, 0x61, 0x08, 0x61, 0x10, 0x81, 0x10, 0x82, 0x10, 0x82, 0x10,
    0x82, 0x10, 0x81, 0x08, 0x82, 0x10, 0x82, 0x10, 0x81, 0x08, 0x81, 0x10,
    0x82, 0x10, 0x81, 0x08, 0x82, 0x10, 0x82, 0x10, 0x81, 0x10, 0x81, 0x10,
    0x82, 0x10, 0x81, 0x10, 0x82, 0x10, 0xa2, 0x10, 0x81, 0x10, 0x82, 0x10,
    0xa2, 0x10, 0x82, 0x10, 0x81, 0x10, 0x82, 0x10, 0x81, 0x10, 0xa2, 0x10,
    0x81, 0x10, 0x82, 0x10, 0xa2, 0x10, 0xa1, 0x10, 0x82, 0x10, 0x82, 0x10,
    0xa2, 0x10, 0xa2, 0x18, 0xa2, 0x10, 0x82, 0x10, 0xa2, 0x10, 0xa1, 0x10,
    0x82, 0x10, 0xa2, 0x18, 0xa2, 0x18, 0xa2, 0x18, 0xa2, 0x10, 0x82, 0x10,
    0xa3, 0x18, 0xa2, 0x10, 0xa3, 0x10, 0xc3, 0x10, 0xa2, 0x10, 0xa2, 0x10,
    0xa2, 0x10, 0xa3, 0x10, 0xa2, 0x10, 0xc3, 0x10, 0xa2, 0x10, 0xc3, 0x10,
    0xc3, 0x18, 0xa3, 0x10, 0xc3, 0x18, 0xa2, 0x10, 0xc2, 0x18, 0xc3, 0x18,
    0xc3, 0x18, 0xc3, 0x18, 0xe3, 0x18, 0xc3, 0x18, 0xc3, 0x18, 0xc3, 0x18,
    0xe3, 0x18, 0xc3, 0x18, 0xe4, 0x18, 0xc4, 0x20, 0xe4, 0x18, 0xe4, 0x18,
    0x04, 0x21, 0xe4, 0x20, 0x04, 0x21, 0x04, 0x19, 0x04, 0x21, 0x04, 0x21,
    0x05, 0x21, 0x04, 0x19, 0x05, 0x21, 0x25, 0x21, 0x24, 0x21, 0x25, 0x21,
    0x05, 0x21, 0x24, 0x21, 0x25, 0x21, 0x04, 0x21, 0x25, 0x21, 0x25, 0x29,
    0x45, 0x29, 0x45, 0x21, 0x25, 0x29, 0x25, 0x21, 0x25, 0x29, 0x25, 0x21,
    0x45, 0x29, 0x08, 0x42, 0xc7, 0x39, 0xc8, 0x39, 0x6a, 0x42, 0xec, 0x5a,
    0xab, 0x52, 0x49, 0x4a, 0x29, 0x42, 0xe8, 0x39, 0xa6, 0x31, 0x66, 0x31,
    0x66, 0x29, 0x86, 0x31, 0x86, 0x31, 0xa6, 0x31, 0xc7, 0x39, 0xc7, 0x39,
    0xc7, 0x39, 0xa7, 0x31, 0xa7, 0x31, 0xa7, 0x31, 0xc7, 0x39, 0x87, 0x31,
    0x86, 0x31, 0xa7, 0x31, 0x86, 0x31, 0x86, 0x31, 0x86, 0x31, 0x86, 0x31,
    0xa7, 0x31, 0xe8, 0x39, 0xa7, 0x39, 0xc7, 0x39, 0xe8, 0x41, 0xe8, 0x39,
    0x08, 0x42, 0x08, 0x3a, 0xe8, 0x39, 0x6a, 0x4a, 0x8a, 0x4a, 0x8a, 0x4a,
    0x49, 0x42, 0x08, 0x42, 0x08, 0x3a, 0x29, 0x42, 0x08, 0x42, 0x6a, 0x4a,
    0xec, 0x5a, 0x4e, 0x63, 0x4e, 0x63, 0xed, 0x5a, 0xab, 0x52, 0x4d, 0x63,
    0xd0, 0x73, 0xf1, 0x7b, 0xd0, 0x73, 0x8f, 0x73, 0x4d, 0x63, 0x2d, 0x63,
    0x4d, 0x63, 0x8e, 0x6b, 0xd0, 0x73, 0xb0, 0x73, 0xaf, 0x73, 0x4e, 0x6b,
    0x4e, 0x63, 0x4e, 0x6b, 0x2d, 0x63, 0xec, 0x5a, 0xec, 0x5a, 0xcb, 0x52,
    0xec, 0x5a, 0x2d, 0x63, 0x4d, 0x63, 0x4e, 0x63, 0x2d, 0x63, 0x6e, 0x6b,
    0x6e, 0x63, 0x11, 0x7c, 0x52, 0x84, 0x52, 0x84, 0x52, 0x84, 0xf1, 0x7b,
    0x52, 0x84, 0x11, 0x7c, 0x52, 0x84, 0x52, 0x84, 0x72, 0x8c, 0x35, 0xa5,
    0x55, 0xa5, 0x14, 0x9d, 0x52, 0x84, 0xf0, 0x7b, 0x11, 0x84, 0xb3, 0x94,
    0xf5, 0x9c, 0x36, 0xa5, 0x56, 0xad, 0x36, 0xa5, 0x55, 0xa5, 0x96, 0xb5,
    0x76, 0xad, 0x55, 0xad, 0x14, 0xa5, 0xd4, 0x9c, 0xd3, 0x94, 0xb3, 0x94,
    0x55, 0xad, 0x76, 0xad, 0x55, 0xa5, 0x35, 0xa5, 0x55, 0xa5, 0x55, 0xa5,
    0x56, 0xad, 0x76, 0xad, 0x97, 0xb5, 0x96, 0xad, 0x76, 0xad, 0xb7, 0xb5,
    0xd8, 0xb5, 0xf8, 0xbd, 0xd8, 0xbd, 0xf8, 0xbd, 0xf8, 0xbd, 0xb7, 0xb5,
    0xf8, 0xbd, 0xf8, 0xbd, 0xd8, 0xb5, 0xb7, 0xb5, 0x97, 0xb5, 0x35, 0xa5,
    0x15, 0xa5, 0x15, 0xa5, 0x76, 0xad, 0xf8, 0xbd, 0xf8, 0xbd, 0x19, 0xc6,
    0x19, 0xc6, 0xf8, 0xbd, 0xf8, 0xbd, 0xb7, 0xb5, 0x56, 0xad, 0x56, 0xad,
    0x76, 0xad, 0x56, 0xa5, 0x35, 0xa5, 0x35, 0xa5, 0x35, 0x9d, 0x15, 0x9d,
    0x15, 0x9d, 0xf5, 0x94, 0xb4, 0x94, 0xb3, 0x94, 0xb3, 0x8c, 0x93, 0x8c,
    0x72, 0x84, 0x32, 0x84, 0x11, 0x7c, 0x31, 0x84, 0xaf, 0x73, 0x8e, 0x6b,
    0x8f, 0x6b, 0xd0, 0x73, 0x11, 0x7c, 0xd0, 0x73, 0xcf, 0x73, 0x4e, 0x63,
    0xec, 0x5a, 0xec, 0x5a, 0x2d, 0x63, 0x4e, 0x6b, 0x0c, 0x5b, 0x0d, 0x63,
    0x6f, 0x6b, 0x2e, 0x63, 0xec, 0x5a, 0xcc, 0x52, 0xcc, 0x5a, 0xec, 0x5a,
    0x4e, 0x63, 0x8f, 0x6b, 0xb0, 0x73, 0xd0, 0x73, 0x8f, 0x6b, 0xec, 0x52,
    0xec, 0x52, 0x2d, 0x5b, 0x2d, 0x5b, 0x4e, 0x63, 0x6f, 0x63, 0xd0, 0x73,
    0xaf, 0x73, 0x66, 0x29, 0x41, 0x08, 0x41, 0x08, 0x41, 0x08, 0x41, 0x10,
    0x61, 0x10, 0x61, 0x08, 0x41, 0x08, 0x41, 0x08, 0x61, 0x08, 0x61, 0x08,
    0x61, 0x10, 0x61, 0x08, 0x41, 0x08, 0x41, 0x10, 0x61, 0x08, 0x61, 0x10,
    0x61, 0x08, 0x61, 0x08, 0x61, 0x10, 0x61, 0x08, 0x61, 0x10, 0x81, 0x10,
    0x61, 0x08, 0x61, 0x10, 0x82, 0x10, 0x61, 0x10, 0x61, 0x10, 0x62, 0x08,
    0x82, 0x10, 0x81, 0x10, 0x82, 0x10, 0x82, 0x10, 0x82, 0x10, 0x82, 0x10,
    0x81, 0x10, 0x82, 0x10, 0x82, 0x10, 0x81, 0x08, 0x82, 0x10, 0x82, 0x10,
    0x81, 0x10, 0x82, 0x10, 0x82, 0x10, 0x81, 0x10, 0x81, 0x10, 0x82, 0x10,
    0x82, 0x08, 0x81, 0x10, 0x82, 0x10, 0xa2, 0x10, 0x82, 0x10, 0x82, 0x10,
    0xa2, 0x10, 0x81, 0x10, 0xa2, 0x10, 0x82, 0x10, 0xa2, 0x10, 0x82, 0x10,
    0xa2, 0x10, 0x82, 0x10, 0x82, 0x10, 0x82, 0x10, 0x82, 0x10, 0x82, 0x10,
    0xa2, 0x10, 0xa2, 0x10, 0xa2, 0x18, 0xa2, 0x10, 0xa2, 0x10, 0x82, 0x10,
    0xa2, 0x18, 0xa3, 0x10, 0xa2, 0x18, 0xa2, 0x10, 0xa3, 0x10, 0xa2, 0x18,
    0xa3, 0x10, 0xa3, 0x10, 0xa2, 0x18, 0xc3, 0x10, 0xa2, 0x18, 0xa2, 0x10,
    0xa3, 0x10, 0xa2, 0x10, 0xc2, 0x10, 0xc3, 0x18, 0xc3, 0x10, 0xc3, 0x18,
    0xc3, 0x18, 0xc3, 0x18, 0xc3, 0x10, 0xc3, 0x18, 0xc3, 0x10, 0xc3, 0x18,
    0xe3, 0x18, 0xc3, 0x18, 0xc3, 0x18, 0xe3, 0x18, 0xe4, 0x18, 0xe4, 0x18,
    0xe3, 0x18, 0xe4, 0x18, 0xe4, 0x20, 0x04, 0x21, 0x04, 0x19, 0x04, 0x21,
    0x04, 0x21, 0x04, 0x19, 0x04, 0x21, 0x04, 0x21, 0x04, 0x21, 0x04, 0x21,
    0x25, 0x21, 0x04, 0x21, 0x04, 0x21, 0x25, 0x21, 0x25, 0x21, 0x04, 0x21,
    0x25, 0x21, 0x25, 0x29, 0x24, 0x21, 0x25, 0x21, 0x24, 0x21, 0x25, 0x21,
    0x25, 0x21, 0x45, 0x29, 0x45, 0x21, 0xa7, 0x31, 0xe8, 0x39, 0xa7, 0x31,
    0x08, 0x42, 0x49, 0x42, 0x6a, 0x4a, 0x49, 0x42, 0x08, 0x42, 0xc8, 0x39,
    0xa7, 0x31, 0x86, 0x31, 0x86, 0x29, 0x66, 0x31, 0x86, 0x31, 0xa7, 0x31,
    0xa7, 0x31, 0x87, 0x31, 0x86, 0x31, 0xa7, 0x31, 0x86, 0x31, 0xc7, 0x39,
    0xa6, 0x31, 0x66, 0x29, 0x86, 0x31, 0x86, 0x31, 0x87, 0x31, 0x86, 0x29,
    0x86, 0x31, 0x86, 0x31, 0xa7, 0x31, 0xe8, 0x39, 0xa7, 0x31, 0xc7, 0x39,
    0xe7, 0x39, 0xc8, 0x39, 0xe8, 0x39, 0xe8, 0x41, 0x08, 0x42, 0x49, 0x4a,
    0x6a, 0x4a, 0x49, 0x4a, 0x09, 0x42, 0xe8, 0x39, 0xc7, 0x31, 0x09, 0x42,
    0x09, 0x3a, 0x6a, 0x4a, 0xec, 0x5a, 0xec, 0x5a, 0x4e, 0x6b, 0xec, 0x5a,
    0xcb, 0x52, 0x2d, 0x63, 0x4e, 0x63, 0x8e, 0x6b, 0x8e, 0x6b, 0x4e, 0x63,
    0x4e, 0x63, 0x6e, 0x6b, 0x8f, 0x6b, 0x6e, 0x6b, 0x6e, 0x6b, 0x2d, 0x5b,
    0x2d, 0x5b, 0x2d, 0x63, 0x2e, 0x63, 0x0d, 0x63, 0x2e, 0x63, 0x2d, 0x63,
    0xec, 0x5a, 0xab, 0x52, 0xcc, 0x5a, 0x2e, 0x63, 0x6e, 0x6b, 0x4e, 0x6b,
    0xec, 0x5a, 0x2d, 0x63, 0x6e, 0x6b, 0x11, 0x7c, 0x52, 0x84, 0x52, 0x84,
    0x11, 0x7c, 0x11, 0x7c, 0x32, 0x84, 0x8f, 0x73, 0xf1, 0x7b, 0x32, 0x84,
    0xb3, 0x94, 0x35, 0x9d, 0x15, 0x9d, 0xf5, 0x9c, 0x93, 0x8c, 0x11, 0x7c,
    0x31, 0x84, 0x73, 0x8c, 0xf4, 0x9c, 0x15, 0xa5, 0x35, 0xa5, 0x55, 0xa5,
    0x76, 0xad, 0x97, 0xb5, 0x76, 0xad, 0x56, 0xad, 0x14, 0x9d, 0xb3, 0x94,
    0x93, 0x94, 0x92, 0x8c, 0x35, 0xa5, 0x76, 0xad, 0x76, 0xad, 0x76, 0xad,
    0x96, 0xad, 0xb7, 0xb5, 0x97, 0xb5, 0xb7, 0xb5, 0xd8, 0xbd, 0xb7, 0xb5,
    0xd7, 0xb5, 0xd8, 0xbd, 0xd8, 0xbd, 0xd8, 0xb5, 0xf8, 0xbd, 0xf8, 0xbd,
    0xf8, 0xbd, 0xd8, 0xbd, 0xd8, 0xb5, 0xd8, 0xbd, 0xb7, 0xb5, 0x96, 0xad,
    0x56, 0xad, 0xf4, 0x9c, 0xb3, 0x94, 0x15, 0x9d, 0xb7, 0xb5, 0xd8, 0xb5,
    0xf8, 0xbd, 0xf8, 0xbd, 0xf8, 0xbd, 0xf8, 0xbd, 0xb8, 0xb5, 0x97, 0xb5,
    0x76, 0xad, 0x76, 0xad, 0x97, 0xad, 0x97, 0xad, 0x76, 0xad, 0x76, 0xad,
    0x35, 0xa5, 0xf4, 0x9c, 0xf4, 0x94, 0xf4, 0x9c, 0xd4, 0x94, 0xb3, 0x8c,
    0xd4, 0x94, 0x93, 0x8c, 0x73, 0x8c, 0x93, 0x8c, 0x72, 0x84, 0x53, 0x84,
    0xd0, 0x73, 0x4e, 0x63, 0x4d, 0x6b, 0xaf, 0x6b, 0x11, 0x7c, 0xf0, 0x7b,
    0xf0, 0x7b, 0xaf, 0x6b, 0x4d, 0x63, 0x0c, 0x5b, 0x2d, 0x63, 0x4e, 0x6b,
    0x2d, 0x63, 0x4e, 0x63, 0x8f, 0x6b, 0x6f, 0x6b, 0x2d, 0x63, 0xec, 0x5a,
    0x0d, 0x5b, 0x2d, 0x63, 0xaf, 0x6b, 0xd0, 0x73, 0xf0, 0x73, 0xaf, 0x73,
    0xec, 0x5a, 0xcb, 0x52, 0xec, 0x5a, 0x2d, 0x63, 0x6e, 0x6b, 0x6f, 0x6b,
    0x8f, 0x6b, 0xcf, 0x6b, 0xd0, 0x73, 0x87, 0x29, 0x61, 0x08, 0x61, 0x08,
    0x41, 0x08, 0x41, 0x08, 0x41, 0x08, 0x61, 0x08, 0x41, 0x08, 0x60, 0x10,
    0x61, 0x08, 0x61, 0x08, 0x61, 0x10, 0x61, 0x08, 0x61, 0x10, 0x61, 0x08,
    0x61, 0x10, 0x61, 0x10, 0x62, 0x08, 0x61, 0x10, 0x61, 0x08, 0x61, 0x08,
    0x61, 0x10, 0x81, 0x10, 0x61, 0x08, 0x61, 0x08, 0x62, 0x08, 0x61, 0x10,
    0x61, 0x10, 0x61, 0x08, 0x82, 0x10, 0x81, 0x10, 0x81, 0x10, 0x82, 0x10,
    0x81, 0x10, 0x82, 0x10, 0x82, 0x10, 0x82, 0x10, 0x81, 0x10, 0x82, 0x10,
    0x82, 0x10, 0x81, 0x10, 0x82, 0x10, 0x82, 0x08, 0x82, 0x10, 0x82, 0x10,
    0x81, 0x10, 0x82, 0x10, 0x82, 0x10, 0x81, 0x10, 0x82, 0x10, 0x82, 0x10,
    0x81, 0x10, 0xa2, 0x10, 0x82, 0x10, 0x82, 0x10, 0x82, 0x10, 0xa2, 0x10,
    0x82, 0x10, 0x82, 0x10, 0x81, 0x10, 0x82, 0x10, 0xa2, 0x10, 0xa2, 0x10,
    0xa2, 0x10, 0x81, 0x10, 0x82, 0x10, 0x82, 0x10, 0xa2, 0x18, 0xa2, 0x10,
    0xa2, 0x10, 0xa2, 0x10, 0xa2, 0x10, 0xa2, 0x10, 0xa3, 0x10, 0xa3, 0x10,
    0xa2, 0x18, 0xa2, 0x18, 0xa3, 0x10, 0xa2, 0x10, 0xa2, 0x10, 0xa3, 0x10,
    0xa3, 0x18, 0xa2, 0x10, 0xa2, 0x10, 0xa3, 0x18, 0xa3, 0x10, 0xa2, 0x10,
    0xc3, 0x18, 0xc3, 0x18, 0xc3, 0x10, 0xc2, 0x10, 0xc3, 0x18, 0xc3, 0x18,
    0xc3, 0x18, 0xc3, 0x10, 0xc3, 0x18, 0xc3, 0x18, 0xc3, 0x18, 0xe4, 0x18,
    0xe4, 0x18, 0xe4, 0x18, 0xe3, 0x20, 0xe4, 0x18, 0x04, 0x19, 0x04, 0x21,
    0x04, 0x21, 0x04, 0x21, 0x04, 0x21, 0x04, 0x19, 0x04, 0x21, 0x25, 0x21,
    0x04, 0x21, 0x04, 0x21, 0x04, 0x21, 0x05, 0x21, 0x24, 0x21, 0x05, 0x21,
    0x04, 0x21, 0x24, 0x21, 0x25, 0x21, 0x24, 0x21, 0x25, 0x21, 0x25, 0x21,
    0x25, 0x29, 0x24, 0x21, 0x25, 0x21, 0x25, 0x29, 0x45, 0x29, 0x45, 0x29,
    0xc7, 0x39, 0xc7, 0x31, 0xc7, 0x31, 0xe8, 0x39, 0x29, 0x42, 0x49, 0x42,
    0x29, 0x42, 0x29, 0x42, 0xe8, 0x39, 0xa7, 0x31, 0xa7, 0x31, 0xa7, 0x31,
    0x86, 0x31, 0x86, 0x31, 0x87, 0x31, 0xa7, 0x31, 0xa7, 0x31, 0xe7, 0x39,
    0xa7, 0x31, 0xc7, 0x39, 0x66, 0x29, 0x86, 0x31, 0x86, 0x31, 0x86, 0x31,
    0x86, 0x31, 0x86, 0x29, 0x86, 0x31, 0x87, 0x31, 0xc7, 0x39, 0xc7, 0x39,
    0xc7, 0x39, 0xe8, 0x39, 0xc7, 0x39, 0xc7, 0x39, 0xe8, 0x39, 0x08, 0x42,
    0x29, 0x42, 0x29, 0x42, 0x4a, 0x4a, 0x08, 0x3a, 0x08, 0x3a, 0xe8, 0x39,
    0xa7, 0x31, 0xe8, 0x39, 0x29, 0x42, 0x6a, 0x4a, 0xcb, 0x5a, 0xec, 0x5a,
    0x4e, 0x63, 0xed, 0x5a, 0xcb, 0x52, 0xec, 0x5a, 0x4e, 0x63, 0x6e, 0x6b,
    0x6e, 0x6b, 0xec, 0x5a, 0x2d, 0x63, 0x6e, 0x6b, 0x6e, 0x6b, 0x4e, 0x63,
    0x0d, 0x5b, 0xab, 0x52, 0xcb, 0x52, 0x0c, 0x5b, 0x2d, 0x63, 0x0d, 0x5b,
    0x2d, 0x63, 0x0d, 0x63, 0x2d, 0x63, 0xed, 0x5a, 0x0d, 0x5b, 0x4e, 0x6b,
    0x6e, 0x6b, 0x2d, 0x63, 0xec, 0x5a, 0xec, 0x5a, 0x4e, 0x63, 0xf0, 0x73,
    0x32, 0x7c, 0x52, 0x84, 0xd0, 0x7b, 0xf1, 0x7b, 0x11, 0x84, 0xb0, 0x73,
    0xd0, 0x7b, 0x32, 0x84, 0xd4, 0x9c, 0xf4, 0x9c, 0xd4, 0x9c, 0xf4, 0x9c,
    0x93, 0x94, 0x31, 0x84, 0x72, 0x8c, 0x72, 0x8c, 0xd4, 0x94, 0xf4, 0x9c,
    0xf4, 0x9c, 0x14, 0x9d, 0x76, 0xad, 0xb7, 0xb5, 0x96, 0xad, 0x56, 0xa5,
    0x14, 0x9d, 0xd3, 0x94, 0x93, 0x94, 0xb3, 0x94, 0x35, 0xa5, 0x76, 0xad,
    0x76, 0xad, 0x97, 0xb5, 0xd7, 0xb5, 0xf8, 0xbd, 0xf8, 0xbd, 0xf8, 0xbd,
    0xf8, 0xbd, 0xd8, 0xbd, 0xd8, 0xb5, 0xf8, 0xbd, 0xf8, 0xbd, 0xd7, 0xb5,
    0xf8, 0xbd, 0x19, 0xbe, 0xf8, 0xbd, 0xd8, 0xb5, 0xb7, 0xb5, 0xb7, 0xb5,
    0x56, 0xad, 0x35, 0xa5, 0x14, 0x9d, 0xd4, 0x9c, 0xd3, 0x9c, 0x56, 0xad,
    0x97, 0xad, 0x97, 0xb5, 0x97, 0xb5, 0xb7, 0xb5, 0xd8, 0xb5, 0xd8, 0xbd,
    0xd7, 0xb5, 0x97, 0xad, 0x76, 0xad, 0x76, 0xad, 0x96, 0xb5, 0x97, 0xb5,
    0x96, 0xad, 0xd7, 0xb5, 0x77, 0xad, 0x15, 0x9d, 0xf4, 0x9c, 0x35, 0x9d,
    0x15, 0x9d, 0xf5, 0x9c, 0xf5, 0x9c, 0xd4, 0x94, 0x73, 0x8c, 0xb3, 0x8c,
    0xb4, 0x94, 0x93, 0x8c, 0xf0, 0x73, 0x4d, 0x63, 0x2d, 0x63, 0x8e, 0x6b,
    0x11, 0x7c, 0xf1, 0x7b, 0x52, 0x84, 0xf1, 0x7b, 0x8f, 0x6b, 0x6e, 0x6b,
    0x6e, 0x63, 0x6e, 0x6b, 0x6f, 0x6b, 0x8f, 0x6b, 0x8f, 0x6b, 0x8f, 0x6b,
    0x8f, 0x6b, 0x6e, 0x63, 0x4e, 0x63, 0x8e, 0x6b, 0x11, 0x7c, 0x31, 0x7c,
    0x11, 0x7c, 0x6e, 0x6b, 0xec, 0x5a, 0xec, 0x5a, 0x0c, 0x5b, 0x4e, 0x63,
    0x8f, 0x6b, 0xaf, 0x6b, 0x8f, 0x6b, 0xaf, 0x6b, 0x8f, 0x6b, 0x09, 0x42,
    0x41, 0x08, 0x61, 0x08, 0x61, 0x08, 0x61, 0x08, 0x61, 0x08, 0x61, 0x08,
    0x61, 0x10, 0x61, 0x10, 0x61, 0x10, 0x61, 0x10, 0x61, 0x08, 0x61, 0x08,
    0x61, 0x10, 0x61, 0x08, 0x61, 0x08, 0x61, 0x10, 0x61, 0x08, 0x62, 0x10,
    0x61, 0x10, 0x62, 0x08, 0x61, 0x08, 0x61, 0x10, 0x62, 0x10, 0x62, 0x10,
    0x81, 0x08, 0x62, 0x10, 0x61, 0x08, 0x61, 0x10, 0x82, 0x10, 0x82, 0x10,
    0x82, 0x08, 0x81, 0x10, 0x82, 0x10, 0x81, 0x08, 0x81, 0x10, 0x82, 0x10,
    0x81, 0x10, 0x61, 0x08, 0x82, 0x10, 0x81, 0x10, 0x82, 0x10, 0x82, 0x10,
    0x81, 0x08, 0x81, 0x10, 0x82, 0x10, 0x82, 0x10, 0x81, 0x10, 0x82, 0x10,
    0x81, 0x10, 0x82, 0x10, 0x82, 0x10, 0x81, 0x10, 0x82, 0x10, 0x82, 0x10,
    0xa2, 0x10, 0xa2, 0x10, 0x82, 0x10, 0xa2, 0x10, 0xa2, 0x10, 0xa2, 0x18,
    0x82, 0x10, 0xa2, 0x18, 0xa2, 0x18, 0x82, 0x10, 0xa2, 0x18, 0x82, 0x10,
    0xa2, 0x10, 0xa2, 0x18, 0x82, 0x18, 0xa2, 0x18, 0x82, 0x10, 0xa2, 0x10,
    0xa2, 0x10, 0xa2, 0x10, 0xa3, 0x10, 0xa2, 0x18, 0xa3, 0x18, 0xa2, 0x10,
    0xa2, 0x10, 0xa3, 0x18, 0xa3, 0x18, 0xa2, 0x10, 0xc3, 0x10, 0xa3, 0x18,
    0xc2, 0x18, 0xc3, 0x10, 0xc3, 0x18, 0xc3, 0x18, 0xc3, 0x18, 0xc3, 0x18,
    0xc3, 0x18, 0xc3, 0x18, 0xc3, 0x18, 0xc3, 0x10, 0xc3, 0x18, 0xc3, 0x18,
    0xc3, 0x18, 0xe3, 0x18, 0xe4, 0x18, 0xe3, 0x18, 0xe4, 0x18, 0xe4, 0x20,
    0xe4, 0x18, 0x04, 0x21, 0x04, 0x21, 0x04, 0x21, 0x04, 0x21, 0x04, 0x21,
    0x04, 0x19, 0x04, 0x21, 0x05, 0x21, 0x05, 0x19, 0x04, 0x21, 0x25, 0x21,
    0x25, 0x21, 0x04, 0x21, 0x04, 0x21, 0x04, 0x21, 0x25, 0x21, 0x25, 0x29,
    0x25, 0x21, 0x25, 0x29, 0x45, 0x29, 0x24, 0x21, 0x25, 0x21, 0x24, 0x21,
    0x25, 0x21, 0x25, 0x21, 0x86, 0x31, 0xe7, 0x39, 0xa7, 0x31, 0xc7, 0x39,
    0xe8, 0x39, 0xe8, 0x39, 0xe8, 0x39, 0x08, 0x42, 0x08, 0x42, 0xc7, 0x39,
    0xa6, 0x31, 0x86, 0x31, 0x86, 0x29, 0x66, 0x29, 0x86, 0x31, 0x86, 0x31,
    0xe7, 0x39, 0xc7, 0x39, 0xa7, 0x39, 0xa7, 0x31, 0x86, 0x29, 0x86, 0x31,
    0xa7, 0x31, 0x87, 0x31, 0x86, 0x31, 0x66, 0x29, 0x86, 0x31, 0xa7, 0x31,
    0xe8, 0x39, 0xc7, 0x39, 0xc7, 0x39, 0xe8, 0x39, 0xc7, 0x39, 0xc7, 0x39,
    0x09, 0x42, 0x29, 0x42, 0x29, 0x42, 0x29, 0x42, 0x29, 0x42, 0xe8, 0x39,
    0xe8, 0x39, 0xe8, 0x39, 0xc8, 0x39, 0xe8, 0x39, 0x49, 0x42, 0x6a, 0x4a,
    0xab, 0x52, 0xcc, 0x52, 0xec, 0x5a, 0x0d, 0x63, 0xcb, 0x52, 0x8b, 0x4a,
    0x0d, 0x63, 0x8f, 0x73, 0x8e, 0x6b, 0x4d, 0x63, 0x4e, 0x6b, 0x8f, 0x6b,
    0x8f, 0x6b, 0x4d, 0x63, 0xcc, 0x5a, 0xab, 0x52, 0xab, 0x52, 0x0d, 0x5b,
    0x0d, 0x5b, 0xec, 0x5a, 0xed, 0x5a, 0x0d, 0x5b, 0x0d, 0x63, 0x2e, 0x63,
    0x2d, 0x63, 0x4e, 0x6b, 0x2e, 0x63, 0x2d, 0x63, 0x0d, 0x5b, 0x0c, 0x5b,
    0x2d, 0x63, 0xb0, 0x73, 0xd0, 0x73, 0xf0, 0x7b, 0xd0, 0x73, 0xf1, 0x7b,
    0x11, 0x7c, 0xb0, 0x73, 0xaf, 0x73, 0x72, 0x84, 0xf4, 0x9c, 0x94, 0x94,
    0xb4, 0x94, 0xd4, 0x9c, 0xd4, 0x94, 0x72, 0x8c, 0xd3, 0x94, 0x93, 0x8c,
    0xb3, 0x94, 0xd3, 0x94, 0xb3, 0x94, 0xf4, 0x9c, 0x76, 0xad, 0xb7, 0xb5,
    0x76, 0xad, 0x35, 0xa5, 0x14, 0xa5, 0xf4, 0x9c, 0xb3, 0x94, 0xf4, 0x9c,
    0x35, 0xa5, 0x97, 0xb5, 0x76, 0xad, 0x96, 0xad, 0xf8, 0xbd, 0x19, 0xbe,
    0x19, 0xc6, 0x39, 0xc6, 0xf8, 0xbd, 0xf8, 0xbd, 0xd7, 0xb5, 0xb7, 0xb5,
    0xd7, 0xbd, 0xf7, 0xbd, 0xf8, 0xbd, 0x39, 0xc6, 0x18, 0xbe, 0xd7, 0xb5,
    0x76, 0xad, 0x96, 0xad, 0x55, 0xad, 0x15, 0xa5, 0x15, 0x9d, 0x15, 0x9d,
    0x35, 0xa5, 0x56, 0xad, 0x56, 0xad, 0x76, 0xad, 0x76, 0xad, 0x76, 0xad,
    0xb7, 0xb5, 0xd8, 0xbd, 0xd8, 0xbd, 0x96, 0xad, 0x76, 0xad, 0x76, 0xad,
    0x97, 0xb5, 0xb7, 0xb5, 0x96, 0xad, 0xb7, 0xb5, 0xb7, 0xb5, 0x96, 0xad,
    0x35, 0xa5, 0x36, 0xa5, 0x56, 0xa5, 0x15, 0x9d, 0x15, 0x9d, 0xd4, 0x94,
    0xb4, 0x94, 0xb4, 0x8c, 0xd4, 0x94, 0xb3, 0x94, 0xf0, 0x7b, 0x4e, 0x63,
    0x2d, 0x63, 0x8e, 0x6b, 0xf0, 0x73, 0xf1, 0x7b, 0x53, 0x84, 0x11, 0x7c,
    0xd0, 0x73, 0xaf, 0x73, 0x8f, 0x6b, 0x8f, 0x6b, 0xaf, 0x73, 0xb0, 0x73,
    0xaf, 0x73, 0xd0, 0x6b, 0xb0, 0x73, 0x8f, 0x6b, 0x8f, 0x6b, 0xd0, 0x73,
    0x72, 0x84, 0x52, 0x84, 0xd0, 0x73, 0x4e, 0x63, 0x0d, 0x63, 0x4e, 0x63,
    0x4e, 0x63, 0x8f, 0x6b, 0xf1, 0x7b, 0xaf, 0x6b, 0x8f, 0x6b, 0x8f, 0x6b,
    0x8f, 0x6b, 0xa7, 0x31, 0x41, 0x08, 0x41, 0x08, 0x60, 0x08, 0x41, 0x10,
    0x61, 0x08, 0x61, 0x08, 0x61, 0x08, 0x61, 0x08, 0x41, 0x08, 0x61, 0x10,
    0x61, 0x08, 0x61, 0x08, 0x61, 0x10, 0x61, 0x10, 0x61, 0x08, 0x61, 0x08,
    0x62, 0x10, 0x61, 0x08, 0x61, 0x10, 0x61, 0x10, 0x62, 0x08, 0x61, 0x08,
    0x61, 0x10, 0x61, 0x08, 0x61, 0x10, 0x82, 0x10, 0x62, 0x08, 0x82, 0x10,
    0x81, 0x10, 0x82, 0x10, 0x82, 0x10, 0x82, 0x10, 0x61, 0x08, 0x82, 0x10,
    0x82, 0x10, 0x82, 0x10, 0x82, 0x10, 0x82, 0x10, 0x82, 0x10, 0x61, 0x08,
    0x61, 0x10, 0x82, 0x10, 0x81, 0x10, 0x82, 0x10, 0x82, 0x10, 0x81, 0x08,
    0x82, 0x10, 0x82, 0x10, 0x82, 0x10, 0xa2, 0x10, 0x82, 0x10, 0x82, 0x10,
    0xa1, 0x10, 0x82, 0x10, 0xa2, 0x10, 0x81, 0x10, 0x81, 0x10, 0xa2, 0x10,
    0xa2, 0x10, 0x82, 0x10, 0x81, 0x10, 0xa2, 0x10, 0xa2, 0x18, 0xa2, 0x10,
    0xa2, 0x10, 0xa2, 0x18, 0xa2, 0x10, 0xa2, 0x10, 0x82, 0x10, 0x82, 0x10,
    0xa2, 0x18, 0xa2, 0x10, 0xa3, 0x10, 0xa2, 0x10, 0xa2, 0x10, 0xa2, 0x18,
    0xa2, 0x10, 0xa2, 0x10, 0xa2, 0x18, 0xa2, 0x10, 0xa3, 0x18, 0xa2, 0x18,
    0xa2, 0x10, 0xa3, 0x10, 0xa2, 0x10, 0xa2, 0x10, 0xc3, 0x18, 0xc3, 0x18,
    0xc3, 0x18, 0xc2, 0x10, 0xc3, 0x18, 0xc3, 0x10, 0xc2, 0x18, 0xc3, 0x18,
    0xe3, 0x18, 0xc3, 0x18, 0xc3, 0x18, 0xe3, 0x18, 0xe4, 0x18, 0xe4, 0x18,
    0xe4, 0x18, 0xe3, 0x18, 0xe3, 0x18, 0xe4, 0x18, 0x04, 0x21, 0x04, 0x19,
    0x04, 0x21, 0x04, 0x21, 0x04, 0x19, 0x04, 0x21, 0x04, 0x21, 0x04, 0x19,
    0x04, 0x21, 0x04, 0x21, 0x04, 0x21, 0x25, 0x21, 0x25, 0x21, 0x25, 0x21,
    0x24, 0x21, 0x24, 0x21, 0x24, 0x21, 0x25, 0x21, 0x25, 0x21, 0x24, 0x21,
    0x25, 0x21, 0x25, 0x21, 0x25, 0x21, 0x25, 0x21, 0x25, 0x29, 0xa7, 0x31,
    0xc7, 0x39, 0xa7, 0x31, 0xc7, 0x39, 0xe8, 0x41, 0xc7, 0x39, 0xe8, 0x39,
    0xc7, 0x39, 0x86, 0x31, 0x86, 0x31, 0x66, 0x29, 0x66, 0x31, 0x86, 0x29,
    0x86, 0x31, 0xa7, 0x31, 0xc7, 0x39, 0xa7, 0x31, 0xc7, 0x39, 0x86, 0x31,
    0x86, 0x31, 0x86, 0x31, 0xa7, 0x31, 0x86, 0x31, 0x86, 0x31, 0x86, 0x29,
    0x86, 0x31, 0xa7, 0x31, 0xe8, 0x39, 0xc7, 0x39, 0xc8, 0x39, 0xe8, 0x39,
    0xc7, 0x39, 0xa7, 0x31, 0xe8, 0x41, 0x49, 0x4a, 0x49, 0x42, 0x29, 0x42,
    0xe8, 0x41, 0xc7, 0x39, 0xe8, 0x39, 0xe8, 0x39, 0x08, 0x3a, 0x08, 0x42,
    0x29, 0x42, 0x8a, 0x52, 0xab, 0x52, 0xab, 0x52, 0xab, 0x52, 0xec, 0x5a,
    0xcb, 0x52, 0x8b, 0x4a, 0xab, 0x52, 0x0d, 0x5b, 0x4d, 0x63, 0x4d, 0x63,
    0x4e, 0x63, 0x2d, 0x63, 0x2d, 0x63, 0xec, 0x5a, 0xcb, 0x52, 0xec, 0x5a,
    0xcb, 0x52, 0x2d, 0x63, 0x2d, 0x63, 0x0d, 0x63, 0x0d, 0x63, 0x0c, 0x5b,
    0x0d, 0x5b, 0x0c, 0x5b, 0xec, 0x5a, 0xec, 0x5a, 0xcc, 0x52, 0xec, 0x5a,
    0x2d, 0x63, 0x0c, 0x63, 0x2d, 0x63, 0xaf, 0x6b, 0xaf, 0x73, 0x8f, 0x6b,
    0x8f, 0x6b, 0xd0, 0x73, 0xf0, 0x7b, 0xaf, 0x73, 0xaf, 0x73, 0x72, 0x8c,
    0xd4, 0x94, 0x93, 0x94, 0xd5, 0x9c, 0xf5, 0x9c, 0xd4, 0x9c, 0xb3, 0x94,
    0xf4, 0x9c, 0xf4, 0x9c, 0xd3, 0x9c, 0xb3, 0x94, 0xb3, 0x94, 0xf4, 0x9c,
    0x55, 0xad, 0xb7, 0xb5, 0x55, 0xa5, 0x35, 0xa5, 0x14, 0xa5, 0xf4, 0x9c,
    0x14, 0x9d, 0x35, 0xa5, 0x55, 0xa5, 0x97, 0xad, 0x97, 0xad, 0x76, 0xad,
    0xd7, 0xbd, 0x18, 0xc6, 0x39, 0xc6, 0x59, 0xc6, 0x18, 0xbe, 0xd7, 0xb5,
    0xb7, 0xb5, 0xb7, 0xb5, 0xd7, 0xb5, 0xd8, 0xbd, 0xf8, 0xbd, 0x39, 0xc6,
    0x18, 0xc6, 0xb7, 0xb5, 0x96, 0xb5, 0x76, 0xad, 0x56, 0xa5, 0x35, 0xa5,
    0x55, 0xa5, 0x96, 0xad, 0x76, 0xad, 0x56, 0xa5, 0x15, 0xa5, 0x35, 0xa5,
    0x76, 0xad, 0x76, 0xad, 0x97, 0xb5, 0xd8, 0xbd, 0xd8, 0xbd, 0xd7, 0xb5,
    0xb8, 0xb5, 0xb7, 0xb5, 0xb7, 0xb5, 0x97, 0xb5, 0x97, 0xad, 0x97, 0xb5,
    0x97, 0xb5, 0x97, 0xb5, 0x76, 0xad, 0x35, 0xa5, 0x15, 0x9d, 0x35, 0x9d,
    0x15, 0x9d, 0xd4, 0x94, 0x73, 0x8c, 0x93, 0x8c, 0xb4, 0x94, 0x93, 0x8c,
    0xf0, 0x7b, 0x4d, 0x63, 0x2d, 0x63, 0x8e, 0x6b, 0xcf, 0x73, 0xd0, 0x73,
    0x31, 0x7c, 0x11, 0x7c, 0xf1, 0x7b, 0xd0, 0x73, 0xb0, 0x73, 0xb0, 0x73,
    0xd0, 0x73, 0xf0, 0x73, 0xf0, 0x73, 0xf0, 0x73, 0xb0, 0x73, 0x8f, 0x6b,
    0x8f, 0x6b, 0xd0, 0x73, 0x52, 0x7c, 0xf1, 0x73, 0x6e, 0x63, 0x2d, 0x63,
    0x4d, 0x63, 0x6e, 0x6b, 0xf0, 0x73, 0xf1, 0x7b, 0xd0, 0x73, 0x8f, 0x6b,
    0x6f, 0x6b, 0x8f, 0x6b, 0x8f, 0x6b, 0x08, 0x3a, 0x61, 0x08, 0x41, 0x08,
    0x41, 0x08, 0x41, 0x08, 0x61, 0x10, 0x61, 0x08, 0x41, 0x08, 0x61, 0x08,
    0x61, 0x08, 0x61, 0x10, 0x61, 0x10, 0x61, 0x08, 0x61, 0x10, 0x61, 0x08,
    0x61, 0x10, 0x62, 0x10, 0x61, 0x08, 0x61, 0x08, 0x62, 0x10, 0x61, 0x10,
    0x61, 0x10, 0x62, 0x10, 0x61, 0x08, 0x61, 0x08, 0x61, 0x10, 0x61, 0x10,
    0x81, 0x08, 0x61, 0x10, 0x61, 0x10, 0x82, 0x10, 0x81, 0x10, 0x61, 0x08,
    0x62, 0x10, 0x61, 0x10, 0x61, 0x08, 0x61, 0x10, 0x82, 0x10, 0x81, 0x10,
    0x82, 0x10, 0x81, 0x10, 0x62, 0x10, 0x61, 0x08, 0x61, 0x10, 0x82, 0x10,
    0x82, 0x10, 0x81, 0x10, 0x82, 0x10, 0x81, 0x08, 0x82, 0x10, 0x81, 0x10,
    0xa2, 0x10, 0x82, 0x10, 0x81, 0x10, 0x82, 0x10, 0xa2, 0x10, 0x82, 0x10,
    0x82, 0x10, 0xa2, 0x10, 0x82, 0x10, 0x82, 0x18, 0xa2, 0x10, 0xa2, 0x10,
    0xa2, 0x18, 0xa2, 0x10, 0x82, 0x10, 0xa2, 0x18, 0xa2, 0x10, 0xa2, 0x10,
    0xa2, 0x10, 0xa2, 0x10, 0xa2, 0x10, 0xa2, 0x10, 0xa3, 0x18, 0xa3, 0x18,
    0xa2, 0x18, 0xa2, 0x10, 0xa2, 0x10, 0xa2, 0x18, 0xa2, 0x10, 0xa3, 0x10,
    0xa3, 0x10, 0xa2, 0x10, 0xa3, 0x10, 0xa3, 0x10, 0xc3, 0x18, 0xa2, 0x10,
    0xc3, 0x18, 0xc3, 0x18, 0xc3, 0x10, 0xc2, 0x18, 0xc3, 0x18, 0xc3, 0x18,
    0xc3, 0x10, 0xc3, 0x18, 0xc3, 0x18, 0xc3, 0x18, 0xc3, 0x18, 0xe3, 0x18,
    0xe3, 0x18, 0xc3, 0x18, 0xe4, 0x18, 0xe3, 0x18, 0xe3, 0x18, 0xe4, 0x18,
    0xe4, 0x18, 0x04, 0x21, 0xe4, 0x18, 0x04, 0x19, 0x04, 0x21, 0x04, 0x21,
    0x04, 0x21, 0x04, 0x21, 0x04, 0x21, 0x04, 0x19, 0x04, 0x21, 0x04, 0x21,
    0x04, 0x21, 0x05, 0x21, 0x25, 0x21, 0x25, 0x21, 0x04, 0x21, 0x25, 0x21,
    0x24, 0x21, 0x25, 0x21, 0x25, 0x29, 0x24, 0x29, 0x25, 0x21, 0x45, 0x29,
    0x45, 0x29, 0x45, 0x29, 0xc7, 0x31, 0xc7, 0x39, 0xa7, 0x31, 0xa7, 0x31,
    0xe8, 0x39, 0xe8, 0x39, 0xc7, 0x39, 0x86, 0x31, 0x86, 0x29, 0x86, 0x31,
    0xa7, 0x31, 0xa7, 0x39, 0xa7, 0x31, 0xa7, 0x31, 0xa7, 0x31, 0xa7, 0x31,
    0xc7, 0x39, 0xa7, 0x31, 0x87, 0x31, 0xa7, 0x31, 0xc7, 0x31, 0xa7, 0x31,
    0x86, 0x31, 0x86, 0x31, 0xa7, 0x31, 0xc8, 0x39, 0xe8, 0x39, 0xa7, 0x31,
    0xc8, 0x39, 0xe8, 0x39, 0xc7, 0x39, 0xa7, 0x31, 0xc8, 0x31, 0x49, 0x42,
    0x29, 0x42, 0x29, 0x42, 0xa7, 0x31, 0xa6, 0x31, 0x86, 0x31, 0xc8, 0x39,
    0x08, 0x3a, 0x29, 0x42, 0x29, 0x42, 0x49, 0x42, 0x6a, 0x4a, 0x6a, 0x4a,
    0x8b, 0x52, 0x8a, 0x4a, 0x6a, 0x4a, 0x29, 0x42, 0x8a, 0x52, 0xcb, 0x52,
    0xec, 0x5a, 0xec, 0x5a, 0xcb, 0x52, 0xab, 0x52, 0xab, 0x52, 0x8a, 0x4a,
    0x6a, 0x4a, 0xcb, 0x5a, 0xec, 0x5a, 0x4e, 0x63, 0x2d, 0x63, 0x2d, 0x63,
    0x2d, 0x63, 0x0c, 0x63, 0xcc, 0x5a, 0xcc, 0x5a, 0xec, 0x5a, 0xcc, 0x5a,
    0xab, 0x52, 0xec, 0x5a, 0x0d, 0x5b, 0x0d, 0x63, 0x4e, 0x63, 0xaf, 0x73,
    0xaf, 0x73, 0x6e, 0x6b, 0x6e, 0x6b, 0x8e, 0x6b, 0xaf, 0x73, 0x6e, 0x6b,
    0x8f, 0x6b, 0x52, 0x8c, 0xb4, 0x94, 0xb4, 0x94, 0x15, 0xa5, 0xd4, 0x9c,
    0x93, 0x8c, 0xb4, 0x94, 0x15, 0xa5, 0x35, 0xa5, 0xf4, 0x9c, 0xb3, 0x94,
    0xb3, 0x94, 0xf4, 0x9c, 0x35, 0xa5, 0x76, 0xad, 0x56, 0xad, 0x35, 0xa5,
    0x15, 0xa5, 0x14, 0x9d, 0x35, 0xa5, 0x55, 0xa5, 0x35, 0xa5, 0x56, 0xad,
    0x76, 0xad, 0x76, 0xad, 0x96, 0xad, 0xf8, 0xbd, 0x39, 0xc6, 0x39, 0xc6,
    0xf8, 0xbd, 0xd8, 0xbd, 0xb7, 0xb5, 0xd7, 0xb5, 0xd8, 0xbd, 0xd7, 0xb5,
    0xf8, 0xbd, 0x39, 0xc6, 0x19, 0xc6, 0xd7, 0xb5, 0x97, 0xb5, 0x96, 0xad,
    0x56, 0xad, 0x56, 0xad, 0x76, 0xad, 0x97, 0xb5, 0x97, 0xb5, 0x76, 0xad,
    0x56, 0xa5, 0x56, 0xad, 0x76, 0xad, 0x97, 0xad, 0xb7, 0xb5, 0xd8, 0xbd,
    0xd7, 0xb5, 0xb8, 0xb5, 0xd8, 0xbd, 0xd8, 0xb5, 0xb7, 0xb5, 0x97, 0xb5,
    0x76, 0xad, 0x76, 0xad, 0x97, 0xad, 0x97, 0xad, 0x76, 0xad, 0x55, 0xa5,
    0x14, 0x9d, 0xf4, 0x9c, 0xf4, 0x9c, 0xf5, 0x9c, 0xb3, 0x94, 0x72, 0x8c,
    0xd4, 0x94, 0xb4, 0x8c, 0x11, 0x7c, 0x6e, 0x6b, 0xec, 0x5a, 0x4e, 0x63,
    0xcf, 0x73, 0xcf, 0x73, 0x11, 0x7c, 0x11, 0x7c, 0x11, 0x7c, 0x32, 0x7c,
    0x11, 0x7c, 0xd0, 0x73, 0xd0, 0x73, 0x11, 0x7c, 0x11, 0x7c, 0xf0, 0x73,
    0xaf, 0x6b, 0x8f, 0x6b, 0xaf, 0x6b, 0xf0, 0x73, 0xf1, 0x7b, 0xb0, 0x6b,
    0x8f, 0x6b, 0x6e, 0x63, 0x6e, 0x63, 0x6e, 0x6b, 0x11, 0x7c, 0x31, 0x7c,
    0xb0, 0x73, 0x8f, 0x6b, 0x6f, 0x63, 0x8f, 0x6b, 0x8f, 0x6b, 0x29, 0x42,
    0x61, 0x08, 0x61, 0x08, 0x41, 0x08, 0x61, 0x08, 0x61, 0x08, 0x61, 0x10,
    0x61, 0x10, 0x61, 0x08, 0x61, 0x08, 0x60, 0x08, 0x61, 0x08, 0x61, 0x08,
    0x61, 0x10, 0x61, 0x08, 0x61, 0x08, 0x61, 0x10, 0x61, 0x10, 0x61, 0x08,
    0x61, 0x08, 0x61, 0x08, 0x62, 0x10, 0x61, 0x10, 0x82, 0x10, 0x62, 0x08,
    0x61, 0x10, 0x81, 0x10, 0x61, 0x08, 0x61, 0x08, 0x61, 0x10, 0x61, 0x08,
    0x61, 0x08, 0x61, 0x10, 0x82, 0x10, 0x82, 0x10, 0x61, 0x10, 0x82, 0x08,
    0x61, 0x10, 0x82, 0x10, 0x61, 0x08, 0x82, 0x10, 0x82, 0x10, 0x81, 0x08,
    0x82, 0x10, 0x82, 0x10, 0x81, 0x10, 0x82, 0x10, 0x82, 0x10, 0x81, 0x10,
    0x82, 0x10, 0x82, 0x10, 0x81, 0x10, 0xa2, 0x10, 0x82, 0x10, 0x82, 0x10,
    0xa2, 0x10, 0xa2, 0x10, 0x82, 0x10, 0xa2, 0x10, 0xa2, 0x18, 0xa2, 0x18,
    0xa2, 0x10, 0x82, 0x10, 0x82, 0x10, 0xa2, 0x18, 0xa2, 0x10, 0x82, 0x18,
    0xa2, 0x18, 0x82, 0x10, 0xa2, 0x18, 0xa2, 0x10, 0xa2, 0x10, 0xa3, 0x10,
    0xa2, 0x10, 0xa2, 0x10, 0xa2, 0x18, 0xa2, 0x18, 0xa3, 0x10, 0xa2, 0x18,
    0xa2, 0x10, 0xa2, 0x18, 0xa3, 0x10, 0xa2, 0x10, 0xa3, 0x18, 0xc3, 0x18,
    0xc2, 0x10, 0xa3, 0x10, 0xc3, 0x10, 0xc3, 0x18, 0xc3, 0x18, 0xc3, 0x10,
    0xc3, 0x18, 0xc3, 0x18, 0xc3, 0x18, 0xc3, 0x10, 0xc3, 0x18, 0xc3, 0x10,
    0xc3, 0x18, 0xc3, 0x18, 0xc3, 0x18, 0xc3, 0x18, 0xc4, 0x18, 0xe3, 0x18,
    0xc3, 0x18, 0xc3, 0x18, 0xe4, 0x18, 0xe4, 0x18, 0xe4, 0x18, 0x04, 0x21,
    0x04, 0x21, 0x04, 0x19, 0x04, 0x19, 0x04, 0x21, 0x05, 0x21, 0x04, 0x21,
    0x04, 0x21, 0x04, 0x21, 0x04, 0x21, 0x04, 0x21, 0x04, 0x21, 0x04, 0x21,
    0x04, 0x21, 0x04, 0x21, 0x25, 0x21, 0x25, 0x21, 0x25, 0x29, 0x45, 0x29,
    0x24, 0x21, 0x45, 0x21, 0x45, 0x29, 0x45, 0x29, 0x66, 0x29, 0xc7, 0x39,
    0xc7, 0x39, 0xa7, 0x31, 0xc7, 0x39, 0xc7, 0x39, 0xa7, 0x31, 0x86, 0x31,
    0xc7, 0x39, 0x08, 0x42, 0xe8, 0x39, 0xa7, 0x31, 0xa6, 0x31, 0x86, 0x31,
    0xa7, 0x39, 0xc7, 0x39, 0xc7, 0x39, 0xa7, 0x31, 0xc7, 0x31, 0xa7, 0x39,
    0xc7, 0x39, 0xa7, 0x31, 0x87, 0x31, 0x87, 0x31, 0xa7, 0x31, 0xe8, 0x39,
    0xc7, 0x39, 0xa7, 0x31, 0xc7, 0x39, 0xc8, 0x39, 0xc7, 0x31, 0x87, 0x31,
    0xc7, 0x39, 0x29, 0x42, 0x29, 0x42, 0xe8, 0x39, 0x86, 0x31, 0x86, 0x31,
    0x86, 0x31, 0x87, 0x31, 0x08, 0x3a, 0x29, 0x4a, 0x29, 0x42, 0x29, 0x42,
    0x29, 0x42, 0x29, 0x42, 0x6a, 0x4a, 0x49, 0x4a, 0x09, 0x42, 0xe8, 0x39,
    0x08, 0x42, 0x49, 0x4a, 0xab, 0x52, 0xcc, 0x5a, 0xab, 0x52, 0x8a, 0x52,
    0x8a, 0x4a, 0x6a, 0x4a, 0x49, 0x4a, 0xab, 0x52, 0xcc, 0x5a, 0x0d, 0x63,
    0x0d, 0x63, 0x0c, 0x5b, 0xec, 0x5a, 0xec, 0x5a, 0x8a, 0x4a, 0x49, 0x4a,
    0x6a, 0x4a, 0x8a, 0x4a, 0x8a, 0x52, 0xcb, 0x52, 0xcb, 0x52, 0xec, 0x5a,
    0x6e, 0x6b, 0x8f, 0x73, 0xaf, 0x73, 0x6e, 0x6b, 0x4e, 0x63, 0x8e, 0x6b,
    0x8f, 0x73, 0x4e, 0x6b, 0x8f, 0x6b, 0x52, 0x84, 0x94, 0x94, 0xb4, 0x94,
    0xf5, 0x9c, 0xf5, 0x9c, 0xb4, 0x94, 0xd4, 0x9c, 0x36, 0xa5, 0x76, 0xad,
    0x35, 0xa5, 0xf4, 0x9c, 0xf4, 0x9c, 0x35, 0xa5, 0x55, 0xad, 0x76, 0xad,
    0x96, 0xad, 0x76, 0xad, 0x55, 0xa5, 0x35, 0xa5, 0x15, 0xa5, 0x15, 0xa5,
    0x14, 0xa5, 0x35, 0xa5, 0x14, 0xa5, 0x14, 0xa5, 0x55, 0xa5, 0xb7, 0xb5,
    0x18, 0xbe, 0xd8, 0xbd, 0xb7, 0xb5, 0xd7, 0xbd, 0xd7, 0xbd, 0xb7, 0xb5,
    0xd8, 0xbd, 0xd7, 0xb5, 0xf8, 0xbd, 0x39, 0xc6, 0x39, 0xc6, 0xf8, 0xbd,
    0xd7, 0xbd, 0xb7, 0xb5, 0x97, 0xb5, 0x76, 0xad, 0x76, 0xad, 0x97, 0xb5,
    0xd8, 0xbd, 0xf8, 0xbd, 0xd7, 0xb5, 0xb7, 0xb5, 0x97, 0xb5, 0xb7, 0xb5,
    0xb7, 0xb5, 0xd8, 0xbd, 0xb7, 0xb5, 0xd8, 0xbd, 0xf8, 0xbd, 0xd7, 0xbd,
    0xf8, 0xbd, 0xd8, 0xbd, 0xd7, 0xb5, 0xb7, 0xb5, 0x97, 0xad, 0x76, 0xad,
    0x76, 0xad, 0x56, 0xa5, 0x35, 0xa5, 0x15, 0xa5, 0xf4, 0x9c, 0xd4, 0x94,
    0xb4, 0x94, 0x73, 0x8c, 0xb4, 0x94, 0xd4, 0x94, 0x52, 0x84, 0xf0, 0x73,
    0x8f, 0x6b, 0x6e, 0x6b, 0xaf, 0x73, 0xaf, 0x73, 0xf1, 0x73, 0x11, 0x7c,
    0x11, 0x7c, 0x52, 0x84, 0x32, 0x7c, 0xf1, 0x7b, 0x11, 0x7c, 0x32, 0x7c,
    0x11, 0x7c, 0xf1, 0x73, 0xb0, 0x73, 0xd0, 0x73, 0xd0, 0x73, 0xf0, 0x73,
    0xd0, 0x73, 0xaf, 0x73, 0xaf, 0x73, 0x8f, 0x6b, 0x6e, 0x63, 0xaf, 0x6b,
    0x11, 0x7c, 0x11, 0x7c, 0xd0, 0x73, 0x8f, 0x6b, 0x8f, 0x6b, 0x6f, 0x6b,
    0x6e, 0x63, 0x09, 0x42, 0x41, 0x08, 0x41, 0x08, 0x60, 0x08, 0x41, 0x08,
    0x41, 0x08, 0x61, 0x08, 0x61, 0x10, 0x41, 0x08, 0x41, 0x10, 0x61, 0x08,
    0x61, 0x08, 0x61, 0x10, 0x61, 0x10, 0x61, 0x08, 0x61, 0x08, 0x62, 0x10,
    0x61, 0x08, 0x61, 0x10, 0x61, 0x10, 0x62, 0x08, 0x61, 0x08, 0x81, 0x10,
    0x61, 0x10, 0x62, 0x08, 0x61, 0x10, 0x62, 0x10, 0x61, 0x08, 0x61, 0x10,
    0x62, 0x10, 0x61, 0x10, 0x62, 0x08, 0x61, 0x10, 0x82, 0x10, 0x81, 0x08,
    0x82, 0x10, 0x61, 0x10, 0x82, 0x08, 0x61, 0x10, 0x81, 0x10, 0x82, 0x10,
    0x81, 0x10, 0x61, 0x10, 0x82, 0x10, 0x82, 0x10, 0x81, 0x08, 0x82, 0x10,
    0x82, 0x10, 0x81, 0x10, 0x82, 0x10, 0xa2, 0x10, 0x82, 0x10, 0x82, 0x10,
    0x82, 0x10, 0x81, 0x10, 0xa2, 0x10, 0x82, 0x10, 0x82, 0x10, 0xa2, 0x10,
    0xa2, 0x10, 0xa2, 0x10, 0xa2, 0x18, 0x82, 0x10, 0x82, 0x10, 0xa2, 0x18,
    0xa2, 0x10, 0xa2, 0x10, 0xa2, 0x10, 0xa2, 0x18, 0x82, 0x18, 0xa2, 0x10,
    0xa3, 0x18, 0x82, 0x10, 0xa2, 0x10, 0xa2, 0x10, 0xa2, 0x10, 0xa2, 0x10,
    0xa3, 0x18, 0xa2, 0x10, 0xa2, 0x18, 0xa3, 0x18, 0xa2, 0x10, 0xa2, 0x10,
    0xa2, 0x18, 0xa3, 0x18, 0xc2, 0x10, 0xa3, 0x10, 0xa2, 0x18, 0xc2, 0x18,
    0xa2, 0x10, 0xa3, 0x10, 0xc3, 0x18, 0xc2, 0x10, 0xc3, 0x18, 0xc3, 0x18,
    0xc3, 0x18, 0xc3, 0x18, 0xc3, 0x10, 0xc3, 0x18, 0xc3, 0x18, 0xe3, 0x18,
    0xe4, 0x18, 0xe3, 0x18, 0xc3, 0x18, 0xe3, 0x18, 0xe4, 0x18, 0xe4, 0x18,
    0xe4, 0x20, 0xe4, 0x18, 0x04, 0x21, 0x04, 0x19, 0x04, 0x21, 0x04, 0x21,
    0x04, 0x21, 0x04, 0x19, 0x25, 0x21, 0x05, 0x21, 0x25, 0x21, 0x04, 0x21,
    0x05, 0x21, 0x04, 0x21, 0x05, 0x21, 0x04, 0x21, 0x25, 0x21, 0x24, 0x21,
    0x24, 0x21, 0x25, 0x21, 0x25, 0x29, 0x45, 0x21, 0x45, 0x29, 0x45, 0x29,
    0x66, 0x29, 0x45, 0x29, 0x66, 0x29, 0xe7, 0x39, 0x08, 0x42, 0xc7, 0x39,
    0xc7, 0x39, 0x29, 0x42, 0x49, 0x4a, 0xc7, 0x39, 0xa7, 0x31, 0x86, 0x31,
    0x86, 0x31, 0x86, 0x31, 0xa7, 0x31, 0xa7, 0x31, 0xc7, 0x31, 0xa7, 0x39,
    0xc7, 0x39, 0xc7, 0x39, 0xc7, 0x39, 0xc7, 0x31, 0xc7, 0x31, 0xa7, 0x31,
    0xe8, 0x39, 0x29, 0x42, 0xa7, 0x31, 0xa7, 0x31, 0xc7, 0x39, 0xc8, 0x39,
    0xc7, 0x39, 0xa7, 0x31, 0xe8, 0x39, 0x08, 0x42, 0x29, 0x4a, 0xa7, 0x39,
    0x66, 0x29, 0x66, 0x29, 0x86, 0x31, 0x86, 0x31, 0xe8, 0x39, 0x6a, 0x4a,
    0x49, 0x42, 0x08, 0x42, 0x08, 0x42, 0x29, 0x42, 0x49, 0x42, 0x08, 0x42,
    0xc7, 0x39, 0xc7, 0x39, 0xc7, 0x39, 0xc7, 0x39, 0xe8, 0x39, 0x6a, 0x4a,
    0x49, 0x42, 0x6a, 0x4a, 0x6a, 0x4a, 0x4a, 0x4a, 0x49, 0x42, 0x6a, 0x4a,
    0x8a, 0x52, 0xab, 0x52, 0xcc, 0x52, 0xec, 0x5a, 0x0c, 0x63, 0xcc, 0x5a,
    0x29, 0x42, 0xe8, 0x39, 0x29, 0x42, 0x49, 0x42, 0x4a, 0x4a, 0x6a, 0x4a,
    0x8a, 0x52, 0x8b, 0x52, 0x6e, 0x6b, 0x6e, 0x6b, 0x2e, 0x63, 0x4d, 0x63,
    0x2d, 0x63, 0x4e, 0x6b, 0xaf, 0x73, 0x4f, 0x6b, 0x90, 0x73, 0x32, 0x84,
    0x73, 0x8c, 0xb4, 0x94, 0xf5, 0x9c, 0x36, 0xa5, 0xd4, 0x9c, 0xd4, 0x94,
    0x35, 0xa5, 0x76, 0xad, 0x56, 0xad, 0xf4, 0x9c, 0xd4, 0x94, 0xf4, 0x9c,
    0x35, 0xa5, 0xb7, 0xb5, 0xb7, 0xb5, 0xb7, 0xb5, 0x76, 0xad, 0x15, 0xa5,
    0xf4, 0x9c, 0xf4, 0x9c, 0x14, 0x9d, 0x14, 0x9d, 0xd4, 0x9c, 0x14, 0x9d,
    0x15, 0xa5, 0xb7, 0xb5, 0xd8, 0xbd, 0xb7, 0xb5, 0x76, 0xad, 0x96, 0xad,
    0xb7, 0xb5, 0xb7, 0xb5, 0xf8, 0xbd, 0xf8, 0xbd, 0x18, 0xc6, 0x18, 0xc6,
    0x39, 0xc6, 0x18, 0xbe, 0xf8, 0xbd, 0xf8, 0xbd, 0xd8, 0xbd, 0xb7, 0xb5,
    0xb7, 0xb5, 0xb7, 0xb5, 0xf8, 0xbd, 0x19, 0xc6, 0x19, 0xc6, 0xd8, 0xbd,
    0xd8, 0xb5, 0xd7, 0xb5, 0xf8, 0xbd, 0xf8, 0xbd, 0xd8, 0xbd, 0xf8, 0xbd,
    0xf7, 0xbd, 0x18, 0xbe, 0x19, 0xc6, 0xf8, 0xbd, 0xf8, 0xbd, 0xf8, 0xbd,
    0x97, 0xb5, 0x56, 0xad, 0x35, 0xa5, 0x56, 0xad, 0x56, 0xad, 0x56, 0xa5,
    0x36, 0xa5, 0xd4, 0x9c, 0xb4, 0x94, 0x73, 0x8c, 0x93, 0x94, 0xf5, 0x9c,
    0x93, 0x8c, 0x52, 0x84, 0x32, 0x84, 0x8f, 0x6b, 0x4e, 0x63, 0x6e, 0x6b,
    0xd0, 0x73, 0xf0, 0x73, 0xf0, 0x73, 0xf1, 0x7b, 0x11, 0x7c, 0x11, 0x7c,
    0x32, 0x84, 0x11, 0x7c, 0xf1, 0x7b, 0xf1, 0x7b, 0xf0, 0x73, 0xd0, 0x73,
    0xb0, 0x73, 0x8f, 0x6b, 0x8f, 0x6b, 0x6e, 0x6b, 0x8f, 0x6b, 0x4e, 0x63,
    0x4e, 0x63, 0x8f, 0x6b, 0xd0, 0x73, 0xf1, 0x73, 0xb0, 0x6b, 0xaf, 0x6b,
    0x8e, 0x6b, 0x4e, 0x63, 0x6f, 0x63, 0x08, 0x3a, 0x41, 0x08, 0x61, 0x08,
    0x61, 0x08, 0x41, 0x10, 0x61, 0x08, 0x60, 0x08, 0x61, 0x10, 0x61, 0x08,
    0x41, 0x10, 0x61, 0x08, 0x41, 0x08, 0x61, 0x10, 0x61, 0x10, 0x61, 0x08,
    0x61, 0x10, 0x61, 0x10, 0x61, 0x08, 0x61, 0x08, 0x62, 0x10, 0x61, 0x10,
    0x81, 0x10, 0x81, 0x08, 0x81, 0x10, 0x61, 0x08, 0x62, 0x10, 0x61, 0x08,
    0x61, 0x08, 0x61, 0x10, 0x61, 0x10, 0x62, 0x08, 0x61, 0x10, 0x62, 0x10,
    0x61, 0x08, 0x61, 0x10, 0x82, 0x10, 0x61, 0x10, 0x82, 0x10, 0x82, 0x10,
    0x82, 0x10, 0x82, 0x10, 0x61, 0x08, 0x62, 0x10, 0x82, 0x10, 0x81, 0x10,
    0x82, 0x10, 0x82, 0x10, 0x82, 0x10, 0x82, 0x10, 0x82, 0x10, 0x81, 0x10,
    0xa2, 0x10, 0x82, 0x10, 0xa2, 0x10, 0xa2, 0x10, 0x82, 0x10, 0xa2, 0x10,
    0x81, 0x10, 0x82, 0x10, 0xa2, 0x18, 0xa2, 0x10, 0xa2, 0x10, 0x82, 0x10,
    0x82, 0x10, 0xa3, 0x10, 0xa2, 0x18, 0x82, 0x10, 0xa2, 0x10, 0xa2, 0x10,
    0xa2, 0x10, 0x83, 0x10, 0xa3, 0x10, 0xa2, 0x10, 0xa2, 0x10, 0xa2, 0x10,
    0xa2, 0x10, 0xa3, 0x10, 0xa2, 0x10, 0xa2, 0x18, 0xa3, 0x10, 0xa3, 0x18,
    0xa2, 0x10, 0xa3, 0x10, 0xa3, 0x18, 0xa2, 0x10, 0xc3, 0x10, 0xc3, 0x18,
    0xa3, 0x10, 0xc3, 0x10, 0xa2, 0x10, 0xa3, 0x10, 0xc3, 0x18, 0xa2, 0x10,
    0xc3, 0x18, 0xc3, 0x18, 0xc3, 0x10, 0xc3, 0x18, 0xc3, 0x18, 0xe3, 0x18,
    0xc3, 0x18, 0xe3, 0x18, 0xe4, 0x18, 0xe3, 0x18, 0xc3, 0x18, 0xe3, 0x18,
    0xc3, 0x18, 0xe4, 0x18, 0xe4, 0x20, 0xe4, 0x18, 0x04, 0x21, 0x04, 0x21,
    0x04, 0x21, 0x04, 0x21, 0x04, 0x19, 0x04, 0x21, 0x04, 0x21, 0x04, 0x21,
    0x04, 0x19, 0x04, 0x21, 0x04, 0x21, 0x04, 0x21, 0x04, 0x21, 0x25, 0x21,
    0x25, 0x21, 0x04, 0x21, 0x25, 0x21, 0x25, 0x21, 0x25, 0x21, 0x25, 0x29,
    0x45, 0x29, 0x45, 0x29, 0x66, 0x29, 0x45, 0x29, 0x25, 0x21, 0x45, 0x29,
    0xc7, 0x31, 0xe8, 0x39, 0xe8, 0x39, 0xa7, 0x31, 0x86, 0x31, 0x66, 0x29,
    0x86, 0x31, 0x86, 0x31, 0x86, 0x31, 0x86, 0x31, 0xa6, 0x31, 0xa7, 0x31,
    0xa7, 0x31, 0xa7, 0x31, 0xc7, 0x31, 0x86, 0x31, 0xa7, 0x31, 0xa7, 0x31,
    0xe8, 0x39, 0xe8, 0x39, 0x6a, 0x4a, 0x49, 0x4a, 0x08, 0x3a, 0xe8, 0x39,
    0xc8, 0x39, 0xc7, 0x39, 0xa7, 0x31, 0xc8, 0x39, 0x08, 0x42, 0xc7, 0x39,
    0x49, 0x4a, 0xa7, 0x31, 0x66, 0x29, 0x86, 0x29, 0x66, 0x31, 0x86, 0x29,
    0xe8, 0x39, 0x6a, 0x4a, 0x29, 0x42, 0x28, 0x42, 0x29, 0x42, 0x29, 0x42,
    0x08, 0x42, 0xc7, 0x31, 0xa7, 0x31, 0xa7, 0x31, 0xa7, 0x31, 0xc7, 0x31,
    0xc8, 0x39, 0x08, 0x3a, 0x29, 0x42, 0x6a, 0x4a, 0x8a, 0x4a, 0x6a, 0x4a,
    0x29, 0x42, 0x49, 0x42, 0x6a, 0x4a, 0x8a, 0x4a, 0xab, 0x52, 0xab, 0x52,
    0xec, 0x5a, 0xab, 0x52, 0x08, 0x42, 0xc7, 0x39, 0xe8, 0x39, 0x08, 0x42,
    0x09, 0x42, 0x4a, 0x4a, 0x6a, 0x4a, 0x6a, 0x4a, 0x2d, 0x63, 0x0d, 0x63,
    0x0d, 0x5b, 0x0d, 0x5b, 0xec, 0x5a, 0x0d, 0x63, 0x6e, 0x6b, 0x4e, 0x63,
    0xb0, 0x73, 0xf1, 0x7b, 0x31, 0x84, 0xb4, 0x94, 0xf4, 0x9c, 0xf5, 0x9c,
    0xd4, 0x9c, 0xd4, 0x9c, 0x35, 0xa5, 0x55, 0xa5, 0x55, 0xa5, 0x14, 0xa5,
    0x14, 0x9d, 0x15, 0xa5, 0x35, 0xa5, 0x76, 0xad, 0x76, 0xad, 0x96, 0xad,
    0x96, 0xb5, 0x55, 0xa5, 0xf4, 0x9c, 0xf4, 0x9c, 0x14, 0xa5, 0x14, 0x9d,
    0xf4, 0x9c, 0x15, 0xa5, 0x56, 0xa5, 0xb7, 0xb5, 0xd7, 0xb5, 0xb7, 0xb5,
    0x76, 0xad, 0x76, 0xad, 0x96, 0xad, 0xb7, 0xb5, 0xd7, 0xb5, 0xf8, 0xbd,
    0x18, 0xbe, 0xf8, 0xbd, 0x18, 0xbe, 0x18, 0xc6, 0x19, 0xbe, 0x19, 0xc6,
    0x18, 0xbe, 0xf8, 0xbd, 0xf8, 0xbd, 0xd8, 0xb5, 0x19, 0xbe, 0x39, 0xc6,
    0x18, 0xbe, 0xd8, 0xb5, 0xb7, 0xb5, 0xb7, 0xb5, 0xd8, 0xb5, 0xb7, 0xb5,
    0xb7, 0xb5, 0xd8, 0xb5, 0xf8, 0xbd, 0x19, 0xc6, 0x39, 0xc6, 0x19, 0xbe,
    0x19, 0xbe, 0x19, 0xc6, 0xf8, 0xbd, 0xb7, 0xb5, 0x96, 0xad, 0x56, 0xad,
    0x76, 0xad, 0x56, 0xa5, 0x56, 0xad, 0x15, 0x9d, 0x94, 0x94, 0x72, 0x8c,
    0x93, 0x8c, 0x15, 0x9d, 0xf5, 0x9c, 0xd4, 0x94, 0xb3, 0x8c, 0xd0, 0x73,
    0x4e, 0x63, 0x6e, 0x6b, 0xd0, 0x73, 0xaf, 0x73, 0xaf, 0x6b, 0x8f, 0x6b,
    0xaf, 0x6b, 0xd0, 0x73, 0x11, 0x7c, 0xb0, 0x6b, 0xaf, 0x6b, 0xb0, 0x73,
    0xaf, 0x73, 0x8f, 0x6b, 0x4e, 0x63, 0x2e, 0x5b, 0x6e, 0x63, 0x6e, 0x63,
    0x6e, 0x63, 0xec, 0x5a, 0x2d, 0x63, 0x4e, 0x63, 0x8f, 0x6b, 0xd0, 0x73,
    0x8f, 0x6b, 0x6e, 0x6b, 0x2e, 0x63, 0x2d, 0x5b, 0x2d, 0x63, 0xc7, 0x39,
    0x41, 0x08, 0x61, 0x08, 0x60, 0x10, 0x61, 0x08, 0x61, 0x10, 0x61, 0x08,
    0x61, 0x10, 0x61, 0x10, 0x61, 0x08, 0x61, 0x08, 0x61, 0x08, 0x61, 0x10,
    0x61, 0x08, 0x61, 0x08, 0x61, 0x10, 0x62, 0x08, 0x61, 0x10, 0x61, 0x08,
    0x61, 0x08, 0x61, 0x10, 0x61, 0x10, 0x61, 0x08, 0x82, 0x10, 0x82, 0x10,
    0x61, 0x10, 0x82, 0x10, 0x62, 0x08, 0x61, 0x10, 0x61, 0x08, 0x61, 0x10,
    0x62, 0x10, 0x82, 0x10, 0x61, 0x10, 0x82, 0x10, 0x61, 0x08, 0x82, 0x10,
    0x61, 0x10, 0x61, 0x08, 0x82, 0x08, 0x61, 0x10, 0x81, 0x10, 0x82, 0x08,
    0x82, 0x10, 0x81, 0x10, 0x82, 0x10, 0x81, 0x10, 0x82, 0x10, 0xa2, 0x10,
    0x81, 0x10, 0xa2, 0x10, 0x82, 0x10, 0x81, 0x10, 0x81, 0x10, 0xa2, 0x10,
    0xa2, 0x10, 0x82, 0x10, 0xa2, 0x10, 0xa2, 0x18, 0x82, 0x10, 0xa2, 0x10,
    0xa2, 0x18, 0x82, 0x10, 0x82, 0x10, 0xa2, 0x10, 0xa3, 0x18, 0x82, 0x18,
    0x82, 0x10, 0x82, 0x10, 0xa2, 0x10, 0xa2, 0x18, 0xa2, 0x10, 0xa2, 0x18,
    0xa3, 0x18, 0xa2, 0x10, 0xa2, 0x10, 0xa2, 0x10, 0xa2, 0x10, 0xa2, 0x18,
    0xa2, 0x10, 0xa2, 0x10, 0xa2, 0x18, 0xc3, 0x10, 0xa3, 0x10, 0xa2, 0x10,
    0xa2, 0x10, 0xa2, 0x10, 0xc3, 0x18, 0xc3, 0x10, 0xa2, 0x18, 0xc3, 0x18,
    0xc2, 0x10, 0xa3, 0x10, 0xc3, 0x18, 0xc3, 0x10, 0xc3, 0x18, 0xc3, 0x18,
    0xc3, 0x18, 0xc3, 0x18, 0xc3, 0x18, 0xc3, 0x18, 0xc3, 0x18, 0xc3, 0x18,
    0xe3, 0x18, 0xc3, 0x18, 0xc4, 0x18, 0xe4, 0x18, 0x04, 0x21, 0x04, 0x21,
    0x04, 0x21, 0xe4, 0x18, 0x04, 0x19, 0x04, 0x21, 0x05, 0x21, 0x04, 0x21,
    0x04, 0x21, 0x04, 0x19, 0x04, 0x21, 0x04, 0x19, 0x04, 0x21, 0x04, 0x21,
    0x05, 0x21, 0x24, 0x21, 0x25, 0x21, 0x25, 0x21, 0x04, 0x21, 0x24, 0x21,
    0x24, 0x21, 0x25, 0x21, 0x45, 0x21, 0x66, 0x29, 0x86, 0x31, 0x45, 0x29,
    0x45, 0x29, 0x45, 0x29, 0x66, 0x29, 0xa6, 0x31, 0x86, 0x31, 0x86, 0x31,
    0x86, 0x31, 0x66, 0x29, 0x66, 0x29, 0x86, 0x29, 0x66, 0x29, 0x66, 0x29,
    0xa6, 0x31, 0xa7, 0x39, 0xa6, 0x31, 0xa6, 0x31, 0xc7, 0x39, 0x86, 0x31,
    0x87, 0x31, 0x86, 0x31, 0xa7, 0x31, 0x08, 0x3a, 0x6a, 0x4a, 0x29, 0x42,
    0x29, 0x42, 0x29, 0x42, 0xc8, 0x39, 0xa7, 0x31, 0xc7, 0x39, 0xe8, 0x41,
    0xc8, 0x39, 0xa7, 0x31, 0x08, 0x3a, 0x86, 0x31, 0x66, 0x31, 0x66, 0x29,
    0x86, 0x31, 0x66, 0x29, 0xe7, 0x39, 0x6a, 0x4a, 0x29, 0x42, 0x08, 0x42,
    0x08, 0x42, 0x08, 0x3a, 0xc7, 0x39, 0xa7, 0x31, 0x86, 0x31, 0xa7, 0x31,
    0xa7, 0x31, 0xa7, 0x31, 0xc7, 0x39, 0xe8, 0x39, 0x09, 0x42, 0x6a, 0x4a,
    0x6a, 0x4a, 0x49, 0x4a, 0x29, 0x42, 0x6a, 0x4a, 0x49, 0x42, 0x49, 0x42,
    0x49, 0x4a, 0x6a, 0x4a, 0x8a, 0x4a, 0x6a, 0x4a, 0x09, 0x42, 0xe8, 0x39,
    0xe8, 0x39, 0xe8, 0x39, 0x08, 0x3a, 0x49, 0x42, 0x49, 0x42, 0x49, 0x42,
    0xcb, 0x5a, 0xec, 0x5a, 0x0c, 0x5b, 0xcc, 0x5a, 0xcc, 0x52, 0xec, 0x5a,
    0x4e, 0x63, 0x4e, 0x6b, 0xd0, 0x73, 0x11, 0x7c, 0x32, 0x84, 0x93, 0x94,
    0xb3, 0x94, 0xb3, 0x94, 0xf4, 0x9c, 0x15, 0x9d, 0x35, 0xa5, 0x35, 0xa5,
    0x35, 0xa5, 0x35, 0xa5, 0x55, 0xad, 0x55, 0xad, 0x76, 0xad, 0x76, 0xad,
    0x56, 0xad, 0x76, 0xad, 0x76, 0xad, 0x96, 0xad, 0x76, 0xad, 0x14, 0x9d,
    0x35, 0xa5, 0x15, 0xa5, 0x55, 0xa5, 0x35, 0xa5, 0x76, 0xad, 0xb7, 0xb5,
    0xb7, 0xb5, 0xb7, 0xb5, 0x96, 0xad, 0x76, 0xad, 0x35, 0xa5, 0xb7, 0xb5,
    0xd7, 0xbd, 0x18, 0xbe, 0xf8, 0xbd, 0xd8, 0xbd, 0x18, 0xbe, 0x18, 0xc6,
    0x39, 0xc6, 0x39, 0xc6, 0x19, 0xc6, 0x19, 0xbe, 0xf8, 0xbd, 0xf8, 0xbd,
    0x39, 0xc6, 0x39, 0xc6, 0xf8, 0xbd, 0xd8, 0xb5, 0x97, 0xb5, 0x76, 0xad,
    0x96, 0xad, 0x76, 0xad, 0x97, 0xad, 0x97, 0xb5, 0xb7, 0xb5, 0x18, 0xbe,
    0x39, 0xc6, 0x39, 0xc6, 0x18, 0xc6, 0x18, 0xc6, 0x18, 0xbe, 0xf8, 0xbd,
    0xd8, 0xb5, 0x97, 0xb5, 0x97, 0xb5, 0x76, 0xad, 0x96, 0xad, 0x56, 0xa5,
    0xd4, 0x9c, 0x72, 0x8c, 0x73, 0x8c, 0xf4, 0x9c, 0x15, 0x9d, 0xb4, 0x94,
    0x93, 0x8c, 0x10, 0x7c, 0x4e, 0x6b, 0x4e, 0x6b, 0x8f, 0x6b, 0x6e, 0x6b,
    0x8f, 0x6b, 0x8f, 0x6b, 0x6f, 0x6b, 0xaf, 0x6b, 0xb0, 0x73, 0x4e, 0x6b,
    0x4e, 0x63, 0x6e, 0x6b, 0x4e, 0x63, 0x4d, 0x63, 0x2d, 0x63, 0x2e, 0x63,
    0x2d, 0x63, 0x2d, 0x63, 0xec, 0x5a, 0x8a, 0x4a, 0xec, 0x5a, 0x2e, 0x63,
    0x4e, 0x63, 0x8f, 0x6b, 0x6e, 0x63, 0x2d, 0x63, 0xec, 0x5a, 0xcc, 0x52,
    0x0c, 0x5b, 0xa7, 0x31, 0x41, 0x08, 0x41, 0x08, 0x61, 0x08, 0x61, 0x08,
    0x61, 0x10, 0x61, 0x08, 0x61, 0x08, 0x61, 0x10, 0x61, 0x10, 0x61, 0x08,
    0x61, 0x08, 0x61, 0x10, 0x61, 0x08, 0x61, 0x08, 0x62, 0x10, 0x61, 0x08,
    0x61, 0x10, 0x61, 0x10, 0x62, 0x08, 0x61, 0x08, 0x62, 0x10, 0x81, 0x10,
    0x81, 0x10, 0x81, 0x10, 0x82, 0x08, 0x81, 0x10, 0x62, 0x10, 0x62, 0x10,
    0x61, 0x10, 0x62, 0x10, 0x61, 0x08, 0x81, 0x10, 0x82, 0x10, 0x61, 0x08,
    0x82, 0x10, 0x61, 0x10, 0x82, 0x08, 0x81, 0x10, 0x61, 0x10, 0x82, 0x10,
    0x82, 0x10, 0x81, 0x10, 0x82, 0x10, 0x82, 0x10, 0x82, 0x10, 0x82, 0x10,
    0x81, 0x10, 0x82, 0x10, 0x82, 0x10, 0x82, 0x10, 0x82, 0x10, 0x82, 0x10,
    0xa2, 0x10, 0x82, 0x10, 0x82, 0x10, 0xa2, 0x10, 0x82, 0x10, 0xa2, 0x10,
    0x82, 0x10, 0x82, 0x10, 0x82, 0x10, 0xa2, 0x10, 0x82, 0x10, 0x82, 0x10,
    0xa2, 0x10, 0x83, 0x10, 0x82, 0x10, 0xa3, 0x10, 0xa2, 0x10, 0xa2, 0x10,
    0x82, 0x18, 0xa3, 0x10, 0xa3, 0x18, 0xa2, 0x18, 0xa2, 0x10, 0xa2, 0x10,
    0xa3, 0x18, 0xa2, 0x10, 0xa2, 0x10, 0xa3, 0x18, 0xa2, 0x10, 0xc2, 0x10,
    0xa3, 0x10, 0xa2, 0x18, 0xa3, 0x10, 0xa2, 0x10, 0xc3, 0x18, 0xa2, 0x10,
    0xa3, 0x10, 0xc3, 0x18, 0xc3, 0x10, 0xc3, 0x18, 0xc3, 0x18, 0xc2, 0x18,
    0xc3, 0x18, 0xc3, 0x10, 0xc2, 0x10, 0xc3, 0x18, 0xc3, 0x18, 0xc3, 0x18,
    0xe3, 0x18, 0xe3, 0x18, 0xc4, 0x18, 0xe3, 0x18, 0xe3, 0x18, 0xe4, 0x18,
    0xe4, 0x18, 0x04, 0x21, 0x04, 0x19, 0x04, 0x21, 0x04, 0x21, 0x04, 0x21,
    0x04, 0x19, 0x04, 0x21, 0x04, 0x21, 0x04, 0x21, 0x04, 0x21, 0x04, 0x21,
    0x04, 0x19, 0x04, 0x21, 0x05, 0x21, 0x24, 0x21, 0x25, 0x21, 0x25, 0x21,
    0x04, 0x21, 0x05, 0x21, 0x25, 0x21, 0x45, 0x29, 0x45, 0x29, 0x66, 0x29,
    0x86, 0x29, 0x45, 0x29, 0x45, 0x29, 0x45, 0x29, 0x46, 0x29, 0x66, 0x29,
    0x86, 0x31, 0x86, 0x31, 0x86, 0x29, 0x66, 0x29, 0x66, 0x29, 0x66, 0x29,
    0x65, 0x29, 0x66, 0x29, 0x86, 0x31, 0xa7, 0x31, 0x86, 0x31, 0xa7, 0x31,
    0xa7, 0x39, 0xa7, 0x31, 0x86, 0x31, 0x86, 0x31, 0x86, 0x31, 0x08, 0x3a,
    0x08, 0x3a, 0xe8, 0x39, 0x29, 0x42, 0x49, 0x4a, 0x08, 0x42, 0xe8, 0x39,
    0xe8, 0x39, 0xa7, 0x31, 0xa7, 0x31, 0xc8, 0x39, 0x87, 0x31, 0x86, 0x29,
    0x66, 0x29, 0x65, 0x29, 0x66, 0x29, 0x86, 0x31, 0xe8, 0x39, 0x8a, 0x52,
    0x29, 0x42, 0xe8, 0x39, 0xe8, 0x39, 0xc7, 0x39, 0xc7, 0x39, 0xa7, 0x31,
    0xa7, 0x39, 0xa7, 0x39, 0xa6, 0x31, 0xa6, 0x31, 0xc7, 0x39, 0xe8, 0x39,
    0x29, 0x42, 0x6a, 0x4a, 0x6a, 0x4a, 0x6a, 0x4a, 0x08, 0x42, 0x6a, 0x4a,
    0x29, 0x42, 0x08, 0x42, 0x08, 0x42, 0x09, 0x42, 0x29, 0x42, 0x49, 0x42,
    0x49, 0x42, 0x08, 0x3a, 0x08, 0x42, 0xe8, 0x39, 0xe8, 0x39, 0x09, 0x42,
    0x29, 0x42, 0x49, 0x42, 0xcc, 0x5a, 0xec, 0x5a, 0xec, 0x5a, 0xec, 0x5a,
    0xab, 0x52, 0x0d, 0x63, 0x6e, 0x6b, 0x8f, 0x73, 0xd0, 0x73, 0xb0, 0x73,
    0xf1, 0x7b, 0x32, 0x84, 0x52, 0x8c, 0x73, 0x8c, 0xf4, 0x9c, 0x14, 0xa5,
    0x35, 0xa5, 0x35, 0xa5, 0x35, 0xa5, 0x55, 0xa5, 0x76, 0xad, 0x56, 0xa5,
    0x55, 0xa5, 0x76, 0xad, 0x96, 0xb5, 0x96, 0xad, 0x76, 0xad, 0x97, 0xb5,
    0xb7, 0xb5, 0x96, 0xad, 0x56, 0xad, 0x55, 0xa5, 0x56, 0xad, 0x55, 0xa5,
    0x96, 0xad, 0xb7, 0xb5, 0xb6, 0xb5, 0x76, 0xad, 0x96, 0xad, 0x76, 0xad,
    0xf4, 0x9c, 0x76, 0xad, 0xf8, 0xbd, 0x18, 0xbe, 0xd8, 0xbd, 0xd8, 0xbd,
    0xf8, 0xbd, 0xf8, 0xbd, 0xf8, 0xbd, 0x39, 0xc6, 0x19, 0xc6, 0xf8, 0xbd,
    0xd8, 0xbd, 0xf8, 0xbd, 0xf8, 0xbd, 0xf9, 0xbd, 0xd8, 0xbd, 0x97, 0xb5,
    0x96, 0xad, 0x76, 0xad, 0x36, 0xad, 0x15, 0xa5, 0x15, 0xa5, 0x55, 0xa5,
    0x97, 0xb5, 0xf8, 0xbd, 0x39, 0xc6, 0x38, 0xc6, 0x18, 0xbe, 0x19, 0xc6,
    0x18, 0xbe, 0xf8, 0xbd, 0xd8, 0xbd, 0xb7, 0xb5, 0x97, 0xb5, 0x97, 0xb5,
    0x97, 0xb5, 0x56, 0xad, 0x35, 0xa5, 0xb4, 0x94, 0x93, 0x8c, 0xd5, 0x9c,
    0x15, 0xa5, 0xd4, 0x94, 0x73, 0x8c, 0x51, 0x84, 0x8e, 0x6b, 0x4e, 0x63,
    0x2d, 0x63, 0x4e, 0x6b, 0x8f, 0x6b, 0x8f, 0x6b, 0x6e, 0x6b, 0x6e, 0x63,
    0x4e, 0x63, 0xed, 0x5a, 0x0c, 0x5b, 0x2d, 0x63, 0x2d, 0x63, 0x2d, 0x63,
    0x4e, 0x63, 0xec, 0x5a, 0x0c, 0x5b, 0xec, 0x5a, 0x8b, 0x52, 0x6a, 0x4a,
    0xec, 0x5a, 0x4e, 0x63, 0x4e, 0x63, 0x6f, 0x6b, 0x2d, 0x63, 0xec, 0x5a,
    0xab, 0x52, 0xab, 0x52, 0xcc, 0x52, 0xa7, 0x31, 0x61, 0x08, 0x41, 0x08,
    0x60, 0x08, 0x60, 0x08, 0x61, 0x10, 0x61, 0x08, 0x61, 0x08, 0x61, 0x10,
    0x61, 0x08, 0x41, 0x08, 0x61, 0x10, 0x61, 0x10, 0x61, 0x08, 0x61, 0x08,
    0x61, 0x10, 0x61, 0x10, 0x61, 0x10, 0x62, 0x10, 0x61, 0x10, 0x61, 0x08,
    0x62, 0x10, 0x61, 0x08, 0x61, 0x08, 0x81, 0x10, 0x61, 0x10, 0x61, 0x08,
    0x81, 0x10, 0x81, 0x10, 0x62, 0x10, 0x82, 0x08, 0x61, 0x08, 0x61, 0x10,
    0x82, 0x10, 0x62, 0x08, 0x61, 0x10, 0x82, 0x10, 0x62, 0x10, 0x81, 0x10,
    0x82, 0x10, 0x82, 0x08, 0x82, 0x10, 0x81, 0x10, 0x81, 0x10, 0x82, 0x08,
    0x82, 0x10, 0x81, 0x10, 0xa2, 0x10, 0x82, 0x10, 0xa1, 0x10, 0x82, 0x10,
    0x82, 0x10, 0xa1, 0x10, 0xa2, 0x10, 0x82, 0x10, 0x81, 0x10, 0x81, 0x10,
    0x82, 0x10, 0x82, 0x10, 0xa2, 0x10, 0x82, 0x10, 0x82, 0x10, 0xa2, 0x10,
    0xa2, 0x10, 0x82, 0x10, 0xa2, 0x10, 0xa2, 0x10, 0xa2, 0x18, 0xa3, 0x18,
    0xa2, 0x10, 0x82, 0x10, 0xa3, 0x10, 0xa2, 0x10, 0xa2, 0x10, 0xa2, 0x18,
    0xa2, 0x10, 0xa2, 0x10, 0xa3, 0x18, 0xa2, 0x10, 0xa2, 0x10, 0xa3, 0x18,
    0xa3, 0x18, 0xa2, 0x10, 0xc2, 0x10, 0xa3, 0x18, 0xc3, 0x10, 0xa2, 0x10,
    0xa2, 0x10, 0xa3, 0x10, 0xc3, 0x10, 0xa2, 0x10, 0xc3, 0x18, 0xc3, 0x18,
    0xc2, 0x10, 0xc3, 0x18, 0xc3, 0x18, 0xc3, 0x10, 0xc3, 0x18, 0xc3, 0x18,
    0xc3, 0x18, 0xc3, 0x18, 0xe3, 0x18, 0xe3, 0x18, 0xc3, 0x18, 0xc3, 0x18,
    0xe3, 0x18, 0xe4, 0x18, 0xe4, 0x18, 0x04, 0x21, 0x04, 0x21, 0xe4, 0x18,
    0x04, 0x21, 0x04, 0x19, 0x04, 0x19, 0x04, 0x21, 0x04, 0x21, 0x05, 0x19,
    0x04, 0x21, 0x04, 0x21, 0x04, 0x19, 0x04, 0x21, 0x04, 0x21, 0x04, 0x21,
    0x04, 0x21, 0x04, 0x21, 0x25, 0x21, 0x24, 0x21, 0x25, 0x21, 0x25, 0x29,
    0x45, 0x29, 0x45, 0x29, 0x66, 0x29, 0x65, 0x29, 0x45, 0x29, 0x45, 0x21,
    0x45, 0x29, 0x66, 0x29, 0x86, 0x31, 0x87, 0x31, 0x86, 0x29, 0x65, 0x29,
    0x45, 0x29, 0x65, 0x29, 0x45, 0x29, 0x45, 0x29, 0x66, 0x29, 0xa7, 0x31,
    0x86, 0x31, 0xa7, 0x31, 0xa7, 0x31, 0x86, 0x31, 0x86, 0x31, 0x86, 0x31,
    0xa6, 0x31, 0xe8, 0x39, 0xe8, 0x39, 0xa7, 0x31, 0xc7, 0x39, 0x29, 0x42,
    0xc8, 0x39, 0xc7, 0x39, 0xe8, 0x39, 0x08, 0x42, 0xe8, 0x39, 0xe8, 0x39,
    0x66, 0x29, 0x66, 0x31, 0x65, 0x29, 0x66, 0x29, 0x65, 0x29, 0x66, 0x31,
    0xc7, 0x39, 0x6a, 0x4a, 0x28, 0x42, 0xe8, 0x39, 0xe8, 0x39, 0xe8, 0x39,
    0xc7, 0x39, 0xc7, 0x39, 0xc7, 0x39, 0xa7, 0x31, 0x87, 0x31, 0xa7, 0x31,
    0xe7, 0x39, 0xe8, 0x39, 0x49, 0x42, 0x6a, 0x4a, 0x6a, 0x4a, 0x69, 0x4a,
    0x29, 0x42, 0x8a, 0x4a, 0x29, 0x42, 0x08, 0x42, 0x49, 0x42, 0x6a, 0x4a,
    0xcc, 0x5a, 0xcc, 0x5a, 0xab, 0x52, 0xab, 0x52, 0x8b, 0x52, 0x8b, 0x52,
    0x6a, 0x4a, 0x6a, 0x4a, 0x4a, 0x4a, 0x49, 0x4a, 0xec, 0x5a, 0xec, 0x5a,
    0xec, 0x5a, 0xcc, 0x5a, 0xcc, 0x5a, 0x6f, 0x6b, 0xf1, 0x7b, 0xf0, 0x73,
    0xaf, 0x73, 0xd0, 0x73, 0x32, 0x84, 0x73, 0x8c, 0xb4, 0x94, 0xb3, 0x94,
    0xf4, 0x9c, 0x35, 0xa5, 0x14, 0x9d, 0x15, 0xa5, 0x55, 0xa5, 0x55, 0xa5,
    0x56, 0xad, 0x76, 0xad, 0x76, 0xad, 0x76, 0xad, 0x76, 0xad, 0x96, 0xad,
    0x96, 0xad, 0x96, 0xad, 0x96, 0xb5, 0xb7, 0xb5, 0x97, 0xb5, 0x76, 0xad,
    0x76, 0xad, 0x96, 0xb5, 0xd7, 0xb5, 0xd8, 0xbd, 0xb7, 0xb5, 0x76, 0xad,
    0x76, 0xad, 0x96, 0xad, 0x15, 0xa5, 0x35, 0xa5, 0xd8, 0xbd, 0xf8, 0xbd,
    0xb7, 0xb5, 0x96, 0xad, 0x96, 0xad, 0xb8, 0xb5, 0xf8, 0xbd, 0x18, 0xbe,
    0xf9, 0xbd, 0xd8, 0xb5, 0xb7, 0xb5, 0xb7, 0xb5, 0xd8, 0xbd, 0xb7, 0xb5,
    0x96, 0xad, 0x97, 0xb5, 0x76, 0xad, 0x76, 0xad, 0x56, 0xad, 0x56, 0xad,
    0x76, 0xad, 0x76, 0xad, 0x96, 0xad, 0xd8, 0xb5, 0x18, 0xc6, 0x38, 0xc6,
    0xf8, 0xbd, 0xd8, 0xb5, 0xd8, 0xbd, 0xb7, 0xb5, 0xb7, 0xb5, 0xb7, 0xb5,
    0x97, 0xb5, 0x76, 0xad, 0x76, 0xad, 0x56, 0xad, 0x55, 0xa5, 0xf5, 0x9c,
    0xd4, 0x94, 0x15, 0xa5, 0xf5, 0x9c, 0xb4, 0x94, 0x52, 0x8c, 0x32, 0x84,
    0xd0, 0x73, 0x6e, 0x6b, 0x2d, 0x63, 0x2d, 0x63, 0x6e, 0x6b, 0x8f, 0x6b,
    0x6e, 0x6b, 0x2d, 0x63, 0x0d, 0x63, 0x2d, 0x63, 0x2d, 0x63, 0x2d, 0x63,
    0x2d, 0x63, 0x4e, 0x63, 0xec, 0x5a, 0xcb, 0x5a, 0x0c, 0x63, 0xcb, 0x52,
    0x8a, 0x4a, 0x8b, 0x52, 0xec, 0x5a, 0x2e, 0x63, 0x2d, 0x63, 0x0d, 0x63,
    0xec, 0x5a, 0xcb, 0x52, 0xab, 0x52, 0x8a, 0x4a, 0xab, 0x52, 0x86, 0x31,
    0x41, 0x08, 0x61, 0x08, 0x61, 0x10, 0x61, 0x08, 0x41, 0x08, 0x61, 0x08,
    0x61, 0x08, 0x61, 0x10, 0x61, 0x10, 0x61, 0x08, 0x61, 0x10, 0x61, 0x08,
    0x61, 0x10, 0x61, 0x10, 0x41, 0x08, 0x61, 0x08, 0x61, 0x08, 0x61, 0x08,
    0x61, 0x10, 0x61, 0x10, 0x61, 0x10, 0x81, 0x08, 0x62, 0x10, 0x62, 0x10,
    0x81, 0x10, 0x61, 0x10, 0x62, 0x08, 0x81, 0x10, 0x61, 0x10, 0x82, 0x10,
    0x82, 0x10, 0x61, 0x10, 0x82, 0x10, 0x82, 0x10, 0x81, 0x10, 0x61, 0x08,
    0x82, 0x10, 0x61, 0x10, 0x82, 0x10, 0x81, 0x10, 0x62, 0x10, 0x82, 0x10,
    0x82, 0x10, 0x82, 0x10, 0x81, 0x10, 0xa2, 0x10, 0x82, 0x10, 0x82, 0x10,
    0xa1, 0x10, 0x82, 0x10, 0x82, 0x10, 0x81, 0x10, 0x82, 0x10, 0x82, 0x10,
    0x82, 0x10, 0xa2, 0x10, 0xa2, 0x10, 0x82, 0x10, 0xa2, 0x18, 0xa2, 0x10,
    0x82, 0x10, 0xa2, 0x18, 0x82, 0x10, 0x82, 0x10, 0xa2, 0x18, 0xa2, 0x18,
    0xa2, 0x10, 0xa2, 0x10, 0x83, 0x18, 0xa2, 0x18, 0xa2, 0x10, 0xa2, 0x10,
    0xa2, 0x18, 0xa2, 0x10, 0xa3, 0x18, 0xa3, 0x18, 0xa2, 0x10, 0xa3, 0x10,
    0xa3, 0x10, 0xa2, 0x10, 0xa3, 0x18, 0xc3, 0x18, 0xc3, 0x10, 0xc3, 0x10,
    0xa3, 0x18, 0xc3, 0x18, 0xa2, 0x10, 0xa2, 0x10, 0xc3, 0x18, 0xa2, 0x10,
    0xc3, 0x18, 0xc3, 0x18, 0xa3, 0x10, 0xc3, 0x18, 0xc3, 0x18, 0xc3, 0x18,
    0xc3, 0x18, 0xc3, 0x18, 0xe3, 0x18, 0xc3, 0x18, 0xc3, 0x18, 0xc3, 0x18,
    0xc3, 0x18, 0xe3, 0x18, 0xc3, 0x18, 0xe4, 0x18, 0xe4, 0x20, 0xe4, 0x18,
    0xe4, 0x18, 0xe4, 0x18, 0xe4, 0x20, 0x04, 0x21, 0x04, 0x19, 0x04, 0x21,
    0x04, 0x19, 0x04, 0x19, 0x04, 0x21, 0x04, 0x19, 0x04, 0x21, 0x04, 0x21,
    0x05, 0x21, 0x05, 0x21, 0x24, 0x21, 0x04, 0x21, 0x05, 0x21, 0x24, 0x21,
    0x25, 0x21, 0x25, 0x21, 0x25, 0x29, 0x45, 0x29, 0x45, 0x29, 0x46, 0x29,
    0x45, 0x21, 0x45, 0x29, 0x46, 0x29, 0x65, 0x29, 0x46, 0x29, 0x86, 0x31,
    0xa7, 0x31, 0x86, 0x31, 0x66, 0x29, 0x66, 0x29, 0x45, 0x29, 0x45, 0x29,
    0x66, 0x29, 0xa6, 0x31, 0x86, 0x31, 0x86, 0x31, 0xa7, 0x31, 0xa7, 0x31,
    0xa7, 0x31, 0xa7, 0x31, 0xa7, 0x31, 0xe8, 0x39, 0xc7, 0x39, 0xa7, 0x31,
    0xa7, 0x31, 0xa7, 0x39, 0xa7, 0x31, 0xc7, 0x39, 0xe8, 0x39, 0x09, 0x42,
    0x08, 0x42, 0x86, 0x31, 0x45, 0x29, 0x65, 0x29, 0x66, 0x29, 0x66, 0x29,
    0x65, 0x29, 0x66, 0x29, 0xa6, 0x31, 0x29, 0x42, 0x29, 0x42, 0xe7, 0x39,
    0x08, 0x42, 0xc7, 0x39, 0xc7, 0x31, 0x08, 0x3a, 0x08, 0x42, 0xc7, 0x31,
    0xa7, 0x31, 0xc8, 0x39, 0xc8, 0x39, 0xe8, 0x39, 0x49, 0x42, 0x6a, 0x4a,
    0x4a, 0x4a, 0x29, 0x42, 0x29, 0x42, 0x6a, 0x4a, 0x29, 0x42, 0x8a, 0x4a,
    0xcc, 0x5a, 0x0d, 0x5b, 0x4e, 0x6b, 0x4e, 0x6b, 0x0d, 0x5b, 0x8b, 0x52,
    0x6a, 0x4a, 0x69, 0x4a, 0x49, 0x4a, 0x6a, 0x4a, 0x6a, 0x4a, 0x8a, 0x4a,
    0xec, 0x5a, 0x0d, 0x63, 0x0d, 0x63, 0x0c, 0x5b, 0x4e, 0x63, 0xb0, 0x73,
    0x11, 0x7c, 0x32, 0x84, 0x52, 0x84, 0x93, 0x8c, 0xb3, 0x94, 0x93, 0x8c,
    0xb4, 0x94, 0xd4, 0x94, 0xf4, 0x9c, 0x35, 0xa5, 0x14, 0x9d, 0x14, 0xa5,
    0x55, 0xa5, 0x76, 0xad, 0x76, 0xad, 0x96, 0xad, 0x96, 0xb5, 0x96, 0xad,
    0x76, 0xad, 0x35, 0xa5, 0x76, 0xad, 0x96, 0xad, 0x96, 0xad, 0xb7, 0xb5,
    0xb7, 0xb5, 0x96, 0xad, 0xb7, 0xb5, 0xb7, 0xb5, 0xd8, 0xbd, 0xf8, 0xbd,
    0xb7, 0xb5, 0x96, 0xad, 0x56, 0xad, 0x76, 0xad, 0x55, 0xa5, 0x55, 0xa5,
    0xb7, 0xb5, 0xd7, 0xb5, 0x76, 0xad, 0x55, 0xad, 0x35, 0xa5, 0x77, 0xad,
    0xd7, 0xb5, 0xd8, 0xbd, 0xd8, 0xbd, 0x97, 0xad, 0x76, 0xad, 0x96, 0xad,
    0x76, 0xad, 0x35, 0xa5, 0x56, 0xad, 0x56, 0xad, 0x56, 0xad, 0x56, 0xa5,
    0x56, 0xa5, 0x76, 0xad, 0x96, 0xad, 0x97, 0xb5, 0x96, 0xad, 0x96, 0xad,
    0xd8, 0xbd, 0xf8, 0xbd, 0xd8, 0xbd, 0xb7, 0xb5, 0xb7, 0xb5, 0xb7, 0xb5,
    0xb7, 0xb5, 0x97, 0xad, 0xb7, 0xb5, 0x76, 0xad, 0x56, 0xa5, 0x56, 0xa5,
    0x56, 0xad, 0x35, 0xa5, 0xd5, 0x9c, 0x15, 0xa5, 0x35, 0xa5, 0xd4, 0x94,
    0x52, 0x8c, 0x52, 0x84, 0x11, 0x7c, 0x8f, 0x6b, 0x0d, 0x63, 0x4e, 0x6b,
    0x4e, 0x6b, 0x4e, 0x6b, 0x4e, 0x63, 0x2d, 0x63, 0x0d, 0x63, 0x2e, 0x63,
    0x2d, 0x63, 0x6e, 0x6b, 0x6f, 0x6b, 0x2d, 0x63, 0xcc, 0x5a, 0xec, 0x5a,
    0x4d, 0x63, 0xcc, 0x5a, 0xab, 0x52, 0xab, 0x52, 0xcc, 0x5a, 0x0d, 0x5b,
    0xec, 0x5a, 0xec, 0x5a, 0xcb, 0x52, 0xab, 0x52, 0x6a, 0x4a, 0x49, 0x42,
    0x6a, 0x4a, 0x86, 0x29, 0x41, 0x08, 0x41, 0x08, 0x61, 0x08, 0x61, 0x08,
    0x61, 0x10, 0x41, 0x08, 0x61, 0x08, 0x61, 0x10, 0x61, 0x08, 0x61, 0x10,
    0x61, 0x08, 0x61, 0x08, 0x61, 0x10, 0x61, 0x08, 0x61, 0x08, 0x62, 0x10,
    0x61, 0x10, 0x61, 0x08, 0x82, 0x10, 0x62, 0x08, 0x61, 0x10, 0x61, 0x10,
    0x62, 0x08, 0x61, 0x08, 0x82, 0x10, 0x62, 0x10, 0x61, 0x08, 0x81, 0x10,
    0x62, 0x10, 0x81, 0x08, 0x61, 0x10, 0x82, 0x10, 0x81, 0x10, 0x82, 0x10,
    0x82, 0x10, 0x82, 0x10, 0x81, 0x10, 0x82, 0x10, 0x82, 0x08, 0x81, 0x10,
    0x81, 0x10, 0x82, 0x10, 0x82, 0x10, 0x82, 0x10, 0x82, 0x10, 0x82, 0x10,
    0x82, 0x10, 0x82, 0x10, 0x82, 0x10, 0x82, 0x10, 0xa2, 0x10, 0x82, 0x10,
    0x82, 0x10, 0x81, 0x10, 0x82, 0x10, 0x82, 0x10, 0xa2, 0x10, 0x81, 0x10,
    0x81, 0x10, 0xa2, 0x10, 0x82, 0x10, 0xa2, 0x10, 0xa2, 0x10, 0xa2, 0x10,
    0xa2, 0x10, 0xa2, 0x10, 0x83, 0x10, 0xa2, 0x10, 0xa2, 0x18, 0xa2, 0x10,
    0x83, 0x10, 0xa2, 0x10, 0xa2, 0x18, 0xa2, 0x10, 0xa2, 0x10, 0xa3, 0x18,
    0xa3, 0x18, 0xc3, 0x10, 0xa2, 0x18, 0xa3, 0x18, 0xa2, 0x10, 0xc3, 0x10,
    0xa2, 0x10, 0xa2, 0x18, 0xc3, 0x10, 0xc3, 0x10, 0xa2, 0x10, 0xa3, 0x18,
    0xc3, 0x18, 0xa2, 0x10, 0xa2, 0x10, 0xa3, 0x10, 0xc2, 0x10, 0xa2, 0x10,
    0xa2, 0x10, 0xc3, 0x18, 0xc3, 0x10, 0xc3, 0x10, 0xc3, 0x18, 0xc3, 0x10,
    0xc3, 0x18, 0xc3, 0x18, 0xc3, 0x18, 0xc3, 0x18, 0xe4, 0x18, 0xe4, 0x18,
    0xe4, 0x20, 0xe3, 0x18, 0x04, 0x21, 0xe4, 0x18, 0xe4, 0x18, 0x04, 0x21,
    0x04, 0x21, 0xe4, 0x20, 0x04, 0x21, 0x04, 0x21, 0xe4, 0x18, 0xe4, 0x18,
    0x04, 0x21, 0x04, 0x21, 0x05, 0x21, 0x25, 0x21, 0x04, 0x21, 0x05, 0x21,
    0x04, 0x21, 0x04, 0x21, 0x25, 0x21, 0x24, 0x21, 0x25, 0x21, 0x45, 0x29,
    0x45, 0x29, 0x45, 0x29, 0x45, 0x29, 0x45, 0x29, 0x45, 0x29, 0x45, 0x29,
    0x45, 0x29, 0x66, 0x29, 0xa7, 0x31, 0xc7, 0x39, 0xc7, 0x39, 0xa7, 0x31,
    0x66, 0x29, 0x45, 0x29, 0x66, 0x29, 0x86, 0x31, 0x86, 0x31, 0x86, 0x31,
    0x86, 0x31, 0xa7, 0x31, 0xa7, 0x31, 0xa6, 0x31, 0xc7, 0x31, 0x08, 0x3a,
    0xc7, 0x39, 0xa7, 0x39, 0xa7, 0x31, 0xa7, 0x39, 0xc7, 0x39, 0xa7, 0x31,
    0x87, 0x31, 0x86, 0x31, 0x86, 0x31, 0x66, 0x29, 0x66, 0x29, 0x45, 0x29,
    0x45, 0x29, 0x66, 0x29, 0x66, 0x29, 0x66, 0x29, 0x66, 0x29, 0xe8, 0x39,
    0x08, 0x3a, 0xc7, 0x39, 0x08, 0x3a, 0xa7, 0x39, 0xa7, 0x31, 0xc8, 0x39,
    0x08, 0x3a, 0xc7, 0x39, 0xa7, 0x31, 0xc7, 0x39, 0xc7, 0x39, 0x08, 0x3a,
    0x49, 0x42, 0x49, 0x4a, 0x29, 0x42, 0x08, 0x3a, 0x08, 0x42, 0x49, 0x42,
    0xab, 0x52, 0xec, 0x5a, 0x2d, 0x63, 0x0c, 0x63, 0x0d, 0x5b, 0x2d, 0x63,
    0x2e, 0x63, 0xec, 0x5a, 0x4a, 0x42, 0x4a, 0x42, 0x49, 0x42, 0x49, 0x42,
    0x29, 0x42, 0x6a, 0x4a, 0x0c, 0x5b, 0x2d, 0x63, 0x2e, 0x63, 0x8e, 0x6b,
    0x11, 0x84, 0x52, 0x84, 0xd4, 0x94, 0xb4, 0x94, 0xb3, 0x8c, 0xb3, 0x94,
    0x93, 0x8c, 0x93, 0x8c, 0x94, 0x94, 0xb4, 0x94, 0xd4, 0x9c, 0x35, 0xa5,
    0x35, 0xa5, 0x15, 0xa5, 0x56, 0xa5, 0x76, 0xad, 0x96, 0xad, 0x76, 0xad,
    0xb7, 0xb5, 0xb7, 0xb5, 0x56, 0xad, 0x56, 0xad, 0x15, 0xa5, 0x56, 0xad,
    0x96, 0xad, 0xb7, 0xb5, 0xd7, 0xb5, 0xb7, 0xb5, 0xd7, 0xbd, 0xd7, 0xbd,
    0xf8, 0xbd, 0xb7, 0xb5, 0xb7, 0xb5, 0xb7, 0xb5, 0x55, 0xad, 0x76, 0xad,
    0x76, 0xad, 0x35, 0xa5, 0x76, 0xad, 0x76, 0xad, 0x55, 0xa5, 0x55, 0xad,
    0x35, 0xa5, 0x35, 0xa5, 0x56, 0xa5, 0x77, 0xad, 0xb7, 0xb5, 0x96, 0xad,
    0x76, 0xad, 0x35, 0xa5, 0x35, 0xa5, 0xf4, 0x9c, 0xf4, 0x9c, 0x15, 0x9d,
    0x35, 0xa5, 0x35, 0xa5, 0x55, 0xa5, 0x56, 0xad, 0x76, 0xad, 0x55, 0xad,
    0x55, 0xa5, 0x35, 0xa5, 0x55, 0xa5, 0x76, 0xad, 0x96, 0xad, 0xb7, 0xb5,
    0xb7, 0xb5, 0xd7, 0xb5, 0xb7, 0xb5, 0x96, 0xad, 0xb7, 0xb5, 0x76, 0xad,
    0x35, 0xa5, 0x35, 0xa5, 0x56, 0xad, 0x56, 0xa5, 0xf4, 0x9c, 0x36, 0xa5,
    0x36, 0xa5, 0xf5, 0x9c, 0x73, 0x8c, 0x31, 0x84, 0x11, 0x7c, 0x8f, 0x6b,
    0x0d, 0x5b, 0x4e, 0x6b, 0x2d, 0x63, 0x2d, 0x63, 0x0d, 0x5b, 0xec, 0x5a,
    0x0d, 0x5b, 0x0d, 0x5b, 0x0d, 0x5b, 0x6f, 0x6b, 0x6e, 0x63, 0x0d, 0x5b,
    0xcb, 0x52, 0x0c, 0x5b, 0x4e, 0x6b, 0x2e, 0x63, 0x0d, 0x5b, 0xcc, 0x5a,
    0xcb, 0x52, 0xcb, 0x5a, 0x8b, 0x52, 0xab, 0x52, 0xcb, 0x52, 0xab, 0x52,
    0x49, 0x4a, 0x28, 0x42, 0x8a, 0x4a, 0x86, 0x31, 0x61, 0x08, 0x41, 0x08,
    0x61, 0x08, 0x61, 0x10, 0x61, 0x08, 0x61, 0x08, 0x61, 0x08, 0x61, 0x10,
    0x61, 0x08, 0x61, 0x10, 0x61, 0x10, 0x61, 0x08, 0x61, 0x08, 0x61, 0x10,
    0x61, 0x10, 0x61, 0x08, 0x61, 0x10, 0x61, 0x10, 0x81, 0x08, 0x62, 0x10,
    0x61, 0x08, 0x82, 0x10, 0x61, 0x10, 0x81, 0x08, 0x82, 0x10, 0x61, 0x10,
    0x82, 0x10, 0x62, 0x10, 0x81, 0x08, 0x82, 0x10, 0x61, 0x10, 0x62, 0x08,
    0x82, 0x10, 0x81, 0x10, 0x82, 0x10, 0x82, 0x10, 0x81, 0x10, 0x82, 0x10,
    0x82, 0x10, 0x82, 0x10, 0x82, 0x10, 0xa2, 0x10, 0x81, 0x10, 0x82, 0x10,
    0xa2, 0x10, 0x81, 0x10, 0xa1, 0x10, 0x82, 0x10, 0xa2, 0x10, 0x81, 0x10,
    0x82, 0x10, 0xa2, 0x10, 0x81, 0x10, 0xa2, 0x10, 0xa2, 0x10, 0xa2, 0x10,
    0x82, 0x10, 0xa2, 0x10, 0x82, 0x10, 0x82, 0x18, 0xa2, 0x10, 0x82, 0x10,
    0xa2, 0x18, 0xa2, 0x10, 0xa2, 0x10, 0xa2, 0x10, 0xa3, 0x18, 0xa3, 0x18,
    0xa2, 0x10, 0x82, 0x10, 0xa2, 0x10, 0xa2, 0x10, 0xa2, 0x18, 0xa2, 0x10,
    0xa2, 0x10, 0xa3, 0x18, 0xa2, 0x10, 0xa2, 0x10, 0xa3, 0x18, 0xa2, 0x10,
    0xa3, 0x18, 0xc3, 0x10, 0xa2, 0x10, 0xa2, 0x18, 0xc3, 0x10, 0xa2, 0x10,
    0xa2, 0x10, 0xa3, 0x10, 0xc3, 0x10, 0xc3, 0x18, 0xa3, 0x10, 0xc2, 0x18,
    0xc3, 0x10, 0xa3, 0x10, 0xc2, 0x10, 0xc3, 0x18, 0xc3, 0x18, 0xc2, 0x10,
    0xc3, 0x18, 0xc3, 0x18, 0xc3, 0x10, 0xc3, 0x18, 0xc3, 0x18, 0xc3, 0x18,
    0xe3, 0x18, 0xe3, 0x18, 0xe4, 0x18, 0xe4, 0x18, 0xe4, 0x18, 0x04, 0x21,
    0x04, 0x21, 0x04, 0x19, 0x04, 0x21, 0x04, 0x19, 0x04, 0x21, 0x04, 0x21,
    0x04, 0x21, 0x04, 0x21, 0xe4, 0x20, 0x04, 0x21, 0x25, 0x21, 0x24, 0x21,
    0x25, 0x21, 0x25, 0x21, 0x04, 0x21, 0x04, 0x21, 0x25, 0x21, 0x04, 0x21,
    0x25, 0x21, 0x65, 0x29, 0x45, 0x29, 0x66, 0x29, 0x46, 0x29, 0x45, 0x21,
    0x66, 0x29, 0x45, 0x21, 0x45, 0x29, 0x45, 0x29, 0x66, 0x29, 0xa7, 0x39,
    0xc7, 0x39, 0xa7, 0x31, 0x66, 0x29, 0x45, 0x29, 0x46, 0x29, 0x66, 0x29,
    0x87, 0x31, 0x86, 0x31, 0xa7, 0x31, 0xa7, 0x31, 0xa7, 0x31, 0xc7, 0x31,
    0xe8, 0x39, 0xe8, 0x39, 0xe7, 0x39, 0xc7, 0x31, 0xa7, 0x31, 0xa7, 0x31,
    0x86, 0x31, 0x66, 0x29, 0x66, 0x29, 0x65, 0x29, 0x65, 0x29, 0x66, 0x29,
    0x66, 0x29, 0x45, 0x29, 0x45, 0x29, 0x45, 0x29, 0x65, 0x29, 0x66, 0x29,
    0x45, 0x29, 0xc7, 0x39, 0xe8, 0x39, 0xe8, 0x39, 0x29, 0x42, 0x6a, 0x4a,
    0xcc, 0x5a, 0xec, 0x5a, 0x0d, 0x5b, 0xec, 0x5a, 0xcc, 0x5a, 0x6a, 0x4a,
    0x09, 0x42, 0x08, 0x3a, 0x29, 0x42, 0x29, 0x42, 0x08, 0x42, 0x08, 0x3a,
    0x29, 0x42, 0xab, 0x52, 0xec, 0x5a, 0x0d, 0x63, 0x0c, 0x5b, 0xcb, 0x5a,
    0xab, 0x52, 0xec, 0x5a, 0x0d, 0x5b, 0x4e, 0x63, 0x2d, 0x63, 0xec, 0x5a,
    0x8b, 0x52, 0x8a, 0x4a, 0x8a, 0x4a, 0x6a, 0x4a, 0x0d, 0x63, 0x6e, 0x6b,
    0x8f, 0x6b, 0x31, 0x84, 0x52, 0x84, 0xd4, 0x94, 0xb4, 0x94, 0xb4, 0x94,
    0xb3, 0x8c, 0x93, 0x8c, 0x72, 0x8c, 0x93, 0x94, 0xd3, 0x94, 0xb3, 0x94,
    0xb3, 0x94, 0x35, 0x9d, 0x35, 0xa5, 0x35, 0xa5, 0x55, 0xad, 0x76, 0xad,
    0x96, 0xad, 0x76, 0xad, 0x97, 0xad, 0x97, 0xb5, 0x55, 0xa5, 0x35, 0xa5,
    0x55, 0xa5, 0x35, 0xa5, 0x76, 0xad, 0x96, 0xb5, 0xd7, 0xb5, 0xd8, 0xbd,
    0xd8, 0xbd, 0xd7, 0xb5, 0xd7, 0xb5, 0x96, 0xb5, 0x96, 0xad, 0x96, 0xb5,
    0x76, 0xad, 0x55, 0xa5, 0x35, 0xa5, 0xf4, 0x9c, 0x35, 0xa5, 0x15, 0xa5,
    0x15, 0xa5, 0x15, 0xa5, 0x14, 0x9d, 0xf4, 0x9c, 0xf4, 0x9c, 0x35, 0xa5,
    0x76, 0xad, 0x56, 0xad, 0x55, 0xa5, 0x14, 0xa5, 0x15, 0x9d, 0xf4, 0x9c,
    0xd4, 0x9c, 0xd3, 0x94, 0xb3, 0x94, 0xd3, 0x94, 0xf4, 0x9c, 0x35, 0xa5,
    0x35, 0xa5, 0x35, 0xa5, 0x15, 0xa5, 0x14, 0xa5, 0xd4, 0x9c, 0xd4, 0x9c,
    0x14, 0x9d, 0x56, 0xad, 0x96, 0xad, 0xb7, 0xb5, 0xb7, 0xb5, 0x97, 0xb5,
    0xb7, 0xb5, 0x97, 0xb5, 0x56, 0xa5, 0x35, 0xa5, 0x97, 0xb5, 0x97, 0xad,
    0x36, 0xa5, 0x35, 0xa5, 0x15, 0xa5, 0x15, 0xa5, 0x53, 0x8c, 0x11, 0x7c,
    0xf0, 0x73, 0x4e, 0x63, 0x0d, 0x63, 0x2d, 0x63, 0x0d, 0x63, 0x0c, 0x5b,
    0xab, 0x52, 0xec, 0x5a, 0xec, 0x5a, 0xab, 0x52, 0xec, 0x5a, 0x0d, 0x5b,
    0x2d, 0x63, 0xec, 0x5a, 0x8b, 0x4a, 0xec, 0x5a, 0x4e, 0x63, 0x4e, 0x63,
    0x4e, 0x63, 0xec, 0x5a, 0xcc, 0x52, 0x8a, 0x52, 0x8a, 0x4a, 0x8a, 0x52,
    0xab, 0x52, 0xab, 0x52, 0x8b, 0x52, 0xab, 0x52, 0xcb, 0x52, 0x66, 0x29,
    0x41, 0x08, 0x61, 0x08, 0x61, 0x08, 0x41, 0x08, 0x61, 0x08, 0x61, 0x08,
    0x41, 0x10, 0x61, 0x10, 0x61, 0x08, 0x61, 0x08, 0x61, 0x10, 0x61, 0x10,
    0x61, 0x08, 0x61, 0x10, 0x62, 0x08, 0x61, 0x10, 0x61, 0x08, 0x62, 0x10,
    0x61, 0x10, 0x61, 0x08, 0x82, 0x10, 0x61, 0x10, 0x61, 0x10, 0x81, 0x08,
    0x61, 0x10, 0x61, 0x08, 0x82, 0x10, 0x61, 0x10, 0x82, 0x10, 0x82, 0x10,
    0x82, 0x10, 0x81, 0x10, 0x82, 0x10, 0x82, 0x10, 0x81, 0x10, 0x82, 0x10,
    0x82, 0x10, 0x82, 0x10, 0x81, 0x10, 0x82, 0x10, 0x82, 0x10, 0x82, 0x10,
    0x82, 0x10, 0xa1, 0x10, 0x82, 0x10, 0x82, 0x10, 0x82, 0x10, 0xa2, 0x10,
    0x81, 0x10, 0x82, 0x10, 0xa2, 0x10, 0xa2, 0x10, 0x82, 0x10, 0xa2, 0x10,
    0xa2, 0x10, 0x82, 0x10, 0xa2, 0x10, 0xa2, 0x10, 0x82, 0x10, 0xa2, 0x10,
    0xa2, 0x10, 0xa2, 0x10, 0xa2, 0x18, 0xa2, 0x10, 0xa2, 0x10, 0xa2, 0x10,
    0xa2, 0x10, 0x82, 0x18, 0xa2, 0x10, 0xa2, 0x10, 0xa2, 0x18, 0xa2, 0x10,
    0xa3, 0x10, 0xa2, 0x10, 0xa3, 0x18, 0xa2, 0x10, 0xa2, 0x10, 0xa3, 0x10,
    0xa2, 0x10, 0xa2, 0x10, 0xa3, 0x10, 0xa2, 0x10, 0xa3, 0x10, 0xa3, 0x10,
    0xa2, 0x18, 0xa3, 0x10, 0xc3, 0x18, 0xc2, 0x18, 0xa2, 0x10, 0xc3, 0x10,
    0xc3, 0x18, 0xa2, 0x10, 0xa3, 0x18, 0xc3, 0x18, 0xa3, 0x10, 0xa2, 0x10,
    0xc3, 0x18, 0xc3, 0x18, 0xc3, 0x18, 0xc3, 0x18, 0xc3, 0x18, 0xc3, 0x10,
    0xc3, 0x18, 0xc3, 0x18, 0xe3, 0x18, 0xe3, 0x18, 0xe4, 0x18, 0xe4, 0x20,
    0xe4, 0x20, 0xe4, 0x18, 0x04, 0x21, 0x04, 0x21, 0xe4, 0x18, 0x04, 0x21,
    0x04, 0x19, 0xe4, 0x18, 0x04, 0x21, 0x04, 0x21, 0x04, 0x19, 0x04, 0x21,
    0x05, 0x21, 0x04, 0x21, 0x24, 0x21, 0x04, 0x21, 0x04, 0x21, 0x04, 0x21,
    0x04, 0x21, 0x25, 0x21, 0x45, 0x21, 0x45, 0x29, 0x25, 0x21, 0x45, 0x29,
    0x66, 0x29, 0x45, 0x29, 0x45, 0x29, 0x45, 0x29, 0x45, 0x21, 0x45, 0x29,
    0x45, 0x29, 0x86, 0x29, 0x86, 0x31, 0x66, 0x31, 0x66, 0x29, 0x45, 0x29,
    0x45, 0x29, 0x65, 0x29, 0x86, 0x29, 0xa6, 0x31, 0xa7, 0x31, 0xa7, 0x31,
    0xc7, 0x31, 0xc7, 0x31, 0x08, 0x42, 0x08, 0x3a, 0xc8, 0x39, 0xa7, 0x31,
    0x86, 0x31, 0x86, 0x31, 0x66, 0x29, 0x66, 0x29, 0x45, 0x29, 0x45, 0x29,
    0x46, 0x29, 0x66, 0x29, 0x45, 0x29, 0x65, 0x29, 0x66, 0x29, 0x45, 0x29,
    0x45, 0x29, 0x45, 0x29, 0x45, 0x29, 0x86, 0x31, 0x4a, 0x4a, 0xcb, 0x52,
    0xcc, 0x52, 0xec, 0x5a, 0x0c, 0x5b, 0x0d, 0x63, 0x4e, 0x6b, 0x8f, 0x6b,
    0x2d, 0x63, 0xec, 0x5a, 0xec, 0x5a, 0x6a, 0x4a, 0x29, 0x42, 0x29, 0x42,
    0x08, 0x42, 0x28, 0x42, 0xab, 0x52, 0xec, 0x5a, 0xec, 0x5a, 0x0c, 0x5b,
    0xec, 0x5a, 0xcc, 0x5a, 0xab, 0x52, 0xab, 0x52, 0xec, 0x5a, 0xec, 0x5a,
    0x0c, 0x5b, 0x6e, 0x6b, 0x4e, 0x63, 0x6e, 0x6b, 0x8f, 0x6b, 0x6f, 0x6b,
    0xd0, 0x73, 0x72, 0x8c, 0x93, 0x8c, 0x73, 0x8c, 0x11, 0x84, 0x11, 0x84,
    0x31, 0x84, 0x73, 0x8c, 0xd4, 0x94, 0x93, 0x94, 0x52, 0x8c, 0xb3, 0x94,
    0xd3, 0x9c, 0xb3, 0x94, 0xd3, 0x94, 0x35, 0xa5, 0x55, 0xa5, 0x35, 0xa5,
    0x55, 0xa5, 0x97, 0xb5, 0xd7, 0xb5, 0xb7, 0xb5, 0x76, 0xad, 0x96, 0xb5,
    0x76, 0xad, 0x55, 0xa5, 0x76, 0xad, 0x76, 0xad, 0x56, 0xad, 0x76, 0xad,
    0xb7, 0xb5, 0xd7, 0xb5, 0xd7, 0xb5, 0xd8, 0xb5, 0xd7, 0xbd, 0xb7, 0xb5,
    0x76, 0xad, 0x97, 0xad, 0x96, 0xad, 0x55, 0xad, 0xd4, 0x9c, 0xb3, 0x94,
    0x14, 0xa5, 0x14, 0x9d, 0xd3, 0x9c, 0xf4, 0x9c, 0xf4, 0x9c, 0xd4, 0x9c,
    0x14, 0x9d, 0x35, 0xa5, 0x55, 0xad, 0x76, 0xad, 0x35, 0xa5, 0xb3, 0x94,
    0xb3, 0x94, 0xf4, 0x9c, 0xd3, 0x9c, 0xd3, 0x94, 0xb3, 0x94, 0xb3, 0x94,
    0xf4, 0x9c, 0x35, 0xa5, 0x14, 0xa5, 0x14, 0x9d, 0xf4, 0x9c, 0xf4, 0x9c,
    0xd3, 0x94, 0xb3, 0x94, 0xd3, 0x94, 0x14, 0xa5, 0x56, 0xad, 0x96, 0xad,
    0xb7, 0xb5, 0x97, 0xb5, 0xb7, 0xb5, 0xb7, 0xb5, 0x97, 0xb5, 0x56, 0xa5,
    0x97, 0xb5, 0x96, 0xad, 0x56, 0xa5, 0x15, 0xa5, 0x15, 0xa5, 0xf5, 0x9c,
    0x52, 0x8c, 0xd0, 0x73, 0x4e, 0x63, 0xec, 0x5a, 0x2d, 0x63, 0x2d, 0x63,
    0x0d, 0x5b, 0x0c, 0x5b, 0xab, 0x52, 0xcb, 0x5a, 0xab, 0x52, 0x8a, 0x52,
    0x6a, 0x4a, 0x6a, 0x4a, 0xab, 0x52, 0xcc, 0x52, 0xab, 0x52, 0xec, 0x5a,
    0x4e, 0x6b, 0x4e, 0x6b, 0x2e, 0x63, 0x0d, 0x63, 0xcb, 0x5a, 0xab, 0x52,
    0x8a, 0x4a, 0x8a, 0x4a, 0xcb, 0x52, 0xec, 0x5a, 0x0c, 0x5b, 0xec, 0x5a,
    0xcc, 0x5a, 0x66, 0x29, 0x41, 0x08, 0x41, 0x08, 0x61, 0x10, 0x61, 0x10,
    0x61, 0x10, 0x61, 0x10, 0x61, 0x08, 0x61, 0x10, 0x61, 0x08, 0x61, 0x08,
    0x61, 0x10, 0x61, 0x08, 0x61, 0x10, 0x61, 0x08, 0x61, 0x08, 0x61, 0x08,
    0x61, 0x10, 0x62, 0x10, 0x61, 0x08, 0x81, 0x10, 0x62, 0x08, 0x61, 0x10,
    0x62, 0x08, 0x82, 0x10, 0x61, 0x10, 0x61, 0x08, 0x82, 0x10, 0x82, 0x10,
    0x81, 0x10, 0x82, 0x10, 0x82, 0x10, 0x81, 0x10, 0x82, 0x10, 0x81, 0x08,
    0x82, 0x10, 0x82, 0x10, 0x82, 0x10, 0x81, 0x10, 0x82, 0x10, 0x82, 0x10,
    0xa1, 0x10, 0x82, 0x10, 0x82, 0x10, 0x82, 0x10, 0x81, 0x10, 0x82, 0x10,
    0x82, 0x10, 0x82, 0x10, 0x82, 0x10, 0x81, 0x10, 0xa2, 0x10, 0x82, 0x10,
    0x82, 0x10, 0xa2, 0x10, 0x82, 0x10, 0x81, 0x10, 0xa2, 0x18, 0x82, 0x10,
    0xa2, 0x18, 0xa2, 0x10, 0xa2, 0x10, 0xa2, 0x10, 0xa2, 0x10, 0xa2, 0x10,
    0xa2, 0x10, 0xa2, 0x10, 0xa2, 0x10, 0xa2, 0x10, 0xa2, 0x18, 0xa2, 0x10,
    0xa3, 0x18, 0xa2, 0x10, 0xa2, 0x10, 0xa2, 0x10, 0xa3, 0x10, 0xa2, 0x10,
    0xa3, 0x10, 0xa3, 0x18, 0xc2, 0x10, 0xc3, 0x10, 0xa2, 0x18, 0xc2, 0x10,
    0xc3, 0x18, 0xc3, 0x18, 0xc3, 0x10, 0xc3, 0x10, 0xc3, 0x18, 0xa3, 0x10,
    0xa2, 0x10, 0xa3, 0x18, 0xc2, 0x10, 0xa3, 0x10, 0xc2, 0x10, 0xc3, 0x18,
    0xa2, 0x10, 0xc3, 0x10, 0xa2, 0x10, 0xc3, 0x18, 0xc3, 0x18, 0xc3, 0x10,
    0xc3, 0x18, 0xc3, 0x18, 0xc3, 0x18, 0xc3, 0x18, 0xc3, 0x18, 0xe4, 0x18,
    0xe4, 0x18, 0xe4, 0x18, 0xe3, 0x18, 0x04, 0x19, 0x04, 0x21, 0xe4, 0x18,
    0x04, 0x21, 0x04, 0x21, 0xe4, 0x18, 0x04, 0x21, 0x04, 0x21, 0x04, 0x19,
    0x04, 0x21, 0x04, 0x19, 0x05, 0x21, 0x04, 0x21, 0x04, 0x21, 0x04, 0x19,
    0x05, 0x21, 0x04, 0x21, 0x04, 0x21, 0x45, 0x29, 0x66, 0x29, 0x25, 0x21,
    0x25, 0x21, 0x45, 0x29, 0x45, 0x29, 0x45, 0x21, 0x45, 0x29, 0x45, 0x21,
    0x45, 0x29, 0x45, 0x29, 0x45, 0x29, 0x45, 0x29, 0x45, 0x29, 0x45, 0x29,
    0x45, 0x29, 0x45, 0x29, 0x45, 0x29, 0x45, 0x29, 0x46, 0x29, 0x45, 0x29,
    0xa6, 0x31, 0xa6, 0x31, 0xc7, 0x39, 0xe8, 0x39, 0x09, 0x42, 0x08, 0x42,
    0xa7, 0x39, 0x86, 0x31, 0x86, 0x29, 0x66, 0x31, 0x66, 0x29, 0x65, 0x29,
    0x45, 0x29, 0x46, 0x29, 0x65, 0x29, 0x45, 0x29, 0x45, 0x29, 0x66, 0x29,
    0x66, 0x29, 0x46, 0x29, 0x45, 0x29, 0x45, 0x21, 0xa7, 0x31, 0xab, 0x52,
    0xec, 0x52, 0x0c, 0x5b, 0x8f, 0x6b, 0xaf, 0x6b, 0x6e, 0x6b, 0x2d, 0x63,
    0xd0, 0x73, 0x52, 0x7c, 0xf0, 0x73, 0x6f, 0x63, 0x2d, 0x5b, 0xec, 0x5a,
    0x29, 0x42, 0x28, 0x42, 0x29, 0x42, 0x6a, 0x4a, 0xab, 0x52, 0xec, 0x5a,
    0x0c, 0x63, 0x2d, 0x63, 0x0d, 0x63, 0x0c, 0x5b, 0xcb, 0x52, 0xec, 0x5a,
    0xcc, 0x5a, 0x8b, 0x52, 0xab, 0x52, 0x6f, 0x6b, 0xd0, 0x73, 0xf1, 0x7b,
    0x32, 0x84, 0x11, 0x84, 0x11, 0x7c, 0xb3, 0x94, 0x15, 0x9d, 0x93, 0x8c,
    0x31, 0x84, 0x52, 0x84, 0x72, 0x84, 0xb3, 0x94, 0x15, 0x9d, 0xd4, 0x9c,
    0x92, 0x8c, 0xd4, 0x9c, 0xf4, 0x9c, 0x14, 0x9d, 0x14, 0x9d, 0x55, 0xa5,
    0x55, 0xad, 0x56, 0xa5, 0x56, 0xad, 0xb7, 0xb5, 0xf8, 0xbd, 0xd7, 0xbd,
    0x76, 0xad, 0x96, 0xb5, 0xb7, 0xb5, 0x96, 0xb5, 0x96, 0xad, 0xb7, 0xb5,
    0x76, 0xad, 0x96, 0xad, 0xb7, 0xb5, 0xb7, 0xb5, 0xd7, 0xb5, 0xd8, 0xbd,
    0xd8, 0xbd, 0xb7, 0xb5, 0x97, 0xb5, 0x96, 0xad, 0x56, 0xad, 0x35, 0xa5,
    0xd3, 0x9c, 0xb3, 0x94, 0x14, 0x9d, 0xf4, 0x9c, 0xd3, 0x94, 0xb3, 0x94,
    0xd3, 0x94, 0xd3, 0x9c, 0x15, 0xa5, 0x15, 0xa5, 0x35, 0xa5, 0x55, 0xa5,
    0xf4, 0x9c, 0x72, 0x8c, 0x92, 0x94, 0xd3, 0x9c, 0xb3, 0x94, 0xb3, 0x94,
    0x92, 0x8c, 0x92, 0x94, 0xd3, 0x94, 0xf4, 0x9c, 0xd3, 0x94, 0xd3, 0x94,
    0xd3, 0x94, 0xd3, 0x94, 0xb3, 0x94, 0xb3, 0x94, 0xd3, 0x94, 0xd4, 0x9c,
    0x14, 0x9d, 0x35, 0xa5, 0x76, 0xad, 0xb7, 0xb5, 0xb7, 0xb5, 0xb7, 0xb5,
    0xd7, 0xb5, 0x97, 0xb5, 0x97, 0xb5, 0x55, 0xad, 0x35, 0xa5, 0xf5, 0x9c,
    0xf5, 0x9c, 0xb4, 0x94, 0x52, 0x84, 0xcf, 0x73, 0x2d, 0x63, 0xec, 0x5a,
    0x2d, 0x63, 0xec, 0x5a, 0xcc, 0x5a, 0xed, 0x5a, 0xab, 0x52, 0x8a, 0x52,
    0x6a, 0x4a, 0x49, 0x42, 0x49, 0x42, 0x49, 0x4a, 0x8a, 0x52, 0xab, 0x52,
    0xab, 0x52, 0x0c, 0x63, 0x4d, 0x63, 0x2d, 0x63, 0x0d, 0x63, 0x2d, 0x63,
    0xec, 0x5a, 0xcc, 0x52, 0xcb, 0x52, 0xcb, 0x5a, 0x0c, 0x63, 0x2d, 0x63,
    0x2d, 0x63, 0xec, 0x5a, 0xec, 0x5a, 0xa7, 0x31, 0x61, 0x08, 0x41, 0x08,
    0x60, 0x08, 0x61, 0x08, 0x61, 0x10, 0x61, 0x08, 0x61, 0x08, 0x61, 0x10,
    0x61, 0x10, 0x61, 0x08, 0x61, 0x08, 0x61, 0x10, 0x62, 0x08, 0x61, 0x10,
    0x61, 0x08, 0x61, 0x10, 0x61, 0x08, 0x62, 0x10, 0x81, 0x10, 0x62, 0x08,
    0x61, 0x10, 0x61, 0x10, 0x61, 0x08, 0x62, 0x10, 0x82, 0x10, 0x61, 0x10,
    0x82, 0x10, 0x82, 0x10, 0x81, 0x10, 0x82, 0x10, 0x81, 0x08, 0x82, 0x10,
    0x82, 0x10, 0x81, 0x10, 0x82, 0x10, 0x82, 0x10, 0x81, 0x10, 0x82, 0x10,
    0xa2, 0x10, 0x82, 0x10, 0x81, 0x10, 0xa2, 0x10, 0xa2, 0x10, 0x82, 0x10,
    0xa2, 0x10, 0xa1, 0x10, 0x82, 0x10, 0xa2, 0x10, 0xa2, 0x10, 0xa2, 0x10,
    0x82, 0x10, 0xa2, 0x10, 0xa2, 0x10, 0x82, 0x10, 0xa2, 0x18, 0xa2, 0x18,
    0x82, 0x10, 0x82, 0x10, 0xa2, 0x18, 0xa2, 0x18, 0xa2, 0x10, 0xa2, 0x10,
    0xa2, 0x10, 0xa2, 0x10, 0x83, 0x10, 0xa3, 0x18, 0xa2, 0x10, 0xa2, 0x10,
    0xa3, 0x18, 0xa2, 0x18, 0xa2, 0x10, 0xa2, 0x18, 0xa2, 0x10, 0xa2, 0x18,
    0xa2, 0x10, 0xa2, 0x10, 0xa3, 0x18, 0xa2, 0x10, 0xa3, 0x10, 0xa3, 0x18,
    0xa2, 0x10, 0xc3, 0x10, 0xc3, 0x18, 0xa2, 0x10, 0xa2, 0x10, 0xc2, 0x18,
    0xa3, 0x10, 0xc3, 0x10, 0xc3, 0x18, 0xc3, 0x18, 0xa3, 0x10, 0xc2, 0x10,
    0xc3, 0x18, 0xc3, 0x18, 0xc3, 0x18, 0xc3, 0x18, 0xc3, 0x18, 0xc3, 0x10,
    0xc2, 0x10, 0xc3, 0x18, 0xc3, 0x18, 0xc3, 0x18, 0xc3, 0x10, 0xc3, 0x18,
    0xe3, 0x18, 0xc3, 0x18, 0xe4, 0x18, 0xe4, 0x18, 0xe3, 0x20, 0x04, 0x21,
    0xe4, 0x18, 0x04, 0x21, 0xe4, 0x18, 0xe4, 0x18, 0x04, 0x21, 0x04, 0x21,
    0x04, 0x21, 0x05, 0x21, 0x04, 0x21, 0x04, 0x21, 0x05, 0x21, 0x04, 0x21,
    0x04, 0x19, 0x04, 0x21, 0x25, 0x21, 0x04, 0x21, 0x25, 0x21, 0x86, 0x31,
    0x86, 0x29, 0x45, 0x29, 0x25, 0x21, 0x45, 0x21, 0x25, 0x21, 0x45, 0x29,
    0x45, 0x29, 0x25, 0x21, 0x25, 0x21, 0x25, 0x21, 0x45, 0x29, 0x45, 0x21,
    0x45, 0x21, 0x45, 0x29, 0x66, 0x29, 0x46, 0x29, 0x45, 0x29, 0x45, 0x29,
    0x46, 0x29, 0x45, 0x29, 0xa6, 0x31, 0xc7, 0x31, 0xc8, 0x39, 0x08, 0x3a,
    0x08, 0x3a, 0xe8, 0x39, 0xa7, 0x31, 0x66, 0x29, 0x86, 0x29, 0x66, 0x29,
    0x66, 0x29, 0x66, 0x29, 0x65, 0x29, 0x45, 0x29, 0x46, 0x29, 0x45, 0x29,
    0x66, 0x29, 0x46, 0x29, 0x45, 0x29, 0x45, 0x29, 0x45, 0x29, 0xc8, 0x39,
    0xcc, 0x5a, 0xec, 0x5a, 0x0c, 0x5b, 0x2e, 0x63, 0x8f, 0x6b, 0xf0, 0x73,
    0xf1, 0x7b, 0x8f, 0x6b, 0xd0, 0x73, 0x11, 0x7c, 0x6f, 0x6b, 0xb0, 0x6b,
    0x8f, 0x6b, 0xec, 0x5a, 0x6a, 0x4a, 0x08, 0x3a, 0x8a, 0x4a, 0x8b, 0x52,
    0x2d, 0x63, 0xd0, 0x73, 0x11, 0x7c, 0xf0, 0x7b, 0xd0, 0x73, 0xaf, 0x6b,
    0x0d, 0x63, 0x4e, 0x63, 0x4e, 0x63, 0xec, 0x5a, 0xec, 0x5a, 0x4e, 0x63,
    0x31, 0x7c, 0x52, 0x84, 0x73, 0x8c, 0x93, 0x8c, 0xb4, 0x94, 0xf5, 0x9c,
    0x56, 0xa5, 0xf5, 0x9c, 0x94, 0x94, 0x73, 0x8c, 0x73, 0x8c, 0xb4, 0x94,
    0x15, 0xa5, 0x14, 0x9d, 0xf4, 0x9c, 0x14, 0x9d, 0xf4, 0x9c, 0x14, 0xa5,
    0x76, 0xad, 0x97, 0xb5, 0x76, 0xad, 0x76, 0xad, 0x76, 0xad, 0xd7, 0xb5,
    0xf8, 0xbd, 0xd7, 0xb5, 0x76, 0xad, 0xb7, 0xb5, 0xd8, 0xb5, 0xb7, 0xb5,
    0xb7, 0xb5, 0xd7, 0xbd, 0xb7, 0xb5, 0xb7, 0xb5, 0xd7, 0xb5, 0xd7, 0xbd,
    0xb7, 0xb5, 0xb7, 0xb5, 0xf8, 0xbd, 0xb7, 0xb5, 0xb7, 0xb5, 0x96, 0xb5,
    0x56, 0xa5, 0x35, 0xa5, 0x14, 0x9d, 0xd3, 0x94, 0xf4, 0x9c, 0xd4, 0x9c,
    0xb3, 0x94, 0xb3, 0x94, 0x92, 0x8c, 0x92, 0x8c, 0xf4, 0x9c, 0x15, 0xa5,
    0x35, 0xa5, 0x14, 0x9d, 0xf4, 0x9c, 0x72, 0x8c, 0x92, 0x8c, 0xf4, 0x9c,
    0xb3, 0x94, 0xb3, 0x94, 0x93, 0x94, 0x92, 0x8c, 0x93, 0x94, 0x72, 0x8c,
    0x92, 0x8c, 0xb3, 0x94, 0xb3, 0x94, 0x93, 0x8c, 0x93, 0x8c, 0xb3, 0x94,
    0xd3, 0x94, 0xb3, 0x94, 0xb3, 0x94, 0x14, 0xa5, 0x35, 0xa5, 0x76, 0xad,
    0x76, 0xad, 0x76, 0xad, 0xb7, 0xb5, 0xb7, 0xb5, 0xb7, 0xb5, 0x35, 0xa5,
    0xd4, 0x94, 0xb3, 0x94, 0xb4, 0x94, 0x93, 0x94, 0x52, 0x84, 0xd0, 0x73,
    0x4e, 0x6b, 0xab, 0x52, 0xab, 0x52, 0x8b, 0x52, 0xcb, 0x5a, 0xcc, 0x5a,
    0x8a, 0x4a, 0x8a, 0x4a, 0x6a, 0x4a, 0x4a, 0x4a, 0x49, 0x4a, 0x49, 0x4a,
    0x8a, 0x52, 0xcb, 0x52, 0xec, 0x5a, 0x2d, 0x63, 0x0d, 0x5b, 0x2d, 0x63,
    0x2e, 0x63, 0x4e, 0x63, 0x4e, 0x63, 0x0c, 0x63, 0x0d, 0x63, 0x2d, 0x63,
    0x6e, 0x63, 0x4e, 0x6b, 0x2d, 0x63, 0x4d, 0x63, 0x0d, 0x63, 0xc7, 0x39,
    0x41, 0x08, 0x41, 0x08, 0x61, 0x08, 0x61, 0x08, 0x61, 0x10, 0x61, 0x08,
    0x61, 0x10, 0x61, 0x08, 0x61, 0x08, 0x61, 0x10, 0x61, 0x08, 0x61, 0x08,
    0x61, 0x10, 0x61, 0x10, 0x61, 0x10, 0x62, 0x08, 0x61, 0x08, 0x61, 0x10,
    0x62, 0x10, 0x61, 0x08, 0x82, 0x10, 0x61, 0x10, 0x61, 0x08, 0x82, 0x10,
    0x81, 0x10, 0x61, 0x08, 0x82, 0x10, 0x82, 0x10, 0x82, 0x10, 0x82, 0x10,
    0x81, 0x10, 0x82, 0x10, 0x82, 0x10, 0x81, 0x10, 0x82, 0x10, 0xa2, 0x10,
    0x82, 0x10, 0x82, 0x10, 0xa2, 0x10, 0x81, 0x10, 0x82, 0x10, 0x82, 0x10,
    0xa2, 0x10, 0xa2, 0x10, 0x81, 0x10, 0x82, 0x10, 0x82, 0x10, 0xa2, 0x10,
    0xa2, 0x10, 0x82, 0x10, 0x82, 0x10, 0xa2, 0x10, 0x82, 0x10, 0x82, 0x10,
    0xa2, 0x18, 0xa2, 0x10, 0xa2, 0x10, 0xa2, 0x10, 0xa2, 0x10, 0xa2, 0x10,
    0xa2, 0x10, 0x82, 0x10, 0xa3, 0x10, 0xa2, 0x10, 0xa2, 0x10, 0xa2, 0x10,
    0xa2, 0x10, 0xa2, 0x10, 0xa2, 0x10, 0xa2, 0x10, 0xa2, 0x10, 0xa2, 0x18,
    0xa3, 0x10, 0xa2, 0x10, 0xa2, 0x10, 0xc2, 0x10, 0xa2, 0x10, 0xa2, 0x10,
    0xc3, 0x10, 0xa2, 0x10, 0xa3, 0x10, 0xc3, 0x18, 0xa2, 0x10, 0xa3, 0x10,
    0xc3, 0x18, 0xa2, 0x10, 0xa2, 0x18, 0xc3, 0x10, 0xa2, 0x10, 0xc3, 0x18,
    0xa3, 0x10, 0xa2, 0x18, 0xc3, 0x18, 0xc3, 0x10, 0xa3, 0x18, 0xc2, 0x18,
    0xc3, 0x10, 0xa3, 0x18, 0xa2, 0x10, 0xc3, 0x10, 0xc3, 0x18, 0xc2, 0x10,
    0xc3, 0x18, 0xc3, 0x18, 0xe3, 0x18, 0xe3, 0x18, 0xe3, 0x18, 0xe3, 0x18,
    0xe4, 0x18, 0xe3, 0x18, 0xe4, 0x18, 0x04, 0x21, 0xe4, 0x20, 0x04, 0x19,
    0x04, 0x21, 0x04, 0x19, 0x04, 0x21, 0x04, 0x19, 0x04, 0x21, 0x04, 0x21,
    0x04, 0x19, 0x25, 0x21, 0x05, 0x21, 0x04, 0x21, 0x04, 0x21, 0x04, 0x21,
    0x45, 0x29, 0x86, 0x29, 0x86, 0x31, 0x66, 0x29, 0x65, 0x29, 0x25, 0x29,
    0x25, 0x21, 0x45, 0x29, 0x25, 0x21, 0x25, 0x29, 0x45, 0x21, 0x45, 0x29,
    0x45, 0x29, 0x45, 0x21, 0x45, 0x29, 0x45, 0x29, 0x46, 0x29, 0x45, 0x29,
    0x66, 0x29, 0x66, 0x29, 0x45, 0x29, 0x46, 0x29, 0x86, 0x31, 0xc7, 0x31,
    0xe8, 0x39, 0x08, 0x42, 0xc8, 0x39, 0xc7, 0x31, 0xa7, 0x31, 0x66, 0x31,
    0x66, 0x29, 0x65, 0x29, 0x65, 0x29, 0x66, 0x29, 0x66, 0x29, 0x66, 0x29,
    0x66, 0x29, 0x65, 0x29, 0x66, 0x29, 0x45, 0x29, 0x66, 0x29, 0x66, 0x29,
    0x08, 0x3a, 0xab, 0x52, 0xcb, 0x52, 0xec, 0x5a, 0x6e, 0x63, 0xd0, 0x73,
    0xd0, 0x73, 0xaf, 0x6b, 0xf0, 0x73, 0xb0, 0x73, 0xf1, 0x7b, 0xf1, 0x7b,
    0x8f, 0x6b, 0xd0, 0x73, 0xf0, 0x7b, 0xec, 0x5a, 0x8a, 0x4a, 0x29, 0x42,
    0x0c, 0x5b, 0x6e, 0x6b, 0xd0, 0x73, 0x11, 0x7c, 0x73, 0x8c, 0xd4, 0x94,
    0xd4, 0x94, 0x93, 0x8c, 0x31, 0x84, 0x31, 0x84, 0xf1, 0x7b, 0xaf, 0x6b,
    0xaf, 0x6b, 0xb0, 0x73, 0xf0, 0x7b, 0xb3, 0x8c, 0x93, 0x8c, 0xb4, 0x94,
    0xd4, 0x94, 0x15, 0x9d, 0x56, 0xa5, 0x76, 0xad, 0x35, 0xa5, 0x15, 0xa5,
    0xf4, 0x9c, 0x15, 0x9d, 0x35, 0xa5, 0x55, 0xa5, 0x55, 0xa5, 0x14, 0xa5,
    0xf4, 0x9c, 0x15, 0xa5, 0x76, 0xad, 0xb7, 0xb5, 0xb7, 0xb5, 0xb7, 0xb5,
    0xb7, 0xb5, 0x18, 0xbe, 0x18, 0xbe, 0xd7, 0xb5, 0x96, 0xad, 0xb7, 0xb5,
    0xf8, 0xbd, 0xd7, 0xbd, 0xf8, 0xbd, 0xd8, 0xbd, 0xb7, 0xb5, 0xb7, 0xb5,
    0xd8, 0xbd, 0xd8, 0xbd, 0xd7, 0xb5, 0xd7, 0xb5, 0xf8, 0xbd, 0xb7, 0xb5,
    0xb7, 0xb5, 0xb7, 0xb5, 0x76, 0xad, 0x14, 0x9d, 0xf4, 0x9c, 0xd4, 0x9c,
    0xf4, 0x9c, 0xf4, 0x9c, 0xb3, 0x94, 0x93, 0x94, 0x93, 0x94, 0xd3, 0x94,
    0x14, 0xa5, 0x35, 0xa5, 0x14, 0x9d, 0xf4, 0x9c, 0xf4, 0x9c, 0x93, 0x94,
    0xb3, 0x94, 0xf4, 0x9c, 0x15, 0x9d, 0xf4, 0x9c, 0xb3, 0x94, 0x72, 0x8c,
    0x72, 0x8c, 0x51, 0x84, 0x52, 0x84, 0xb3, 0x94, 0xd4, 0x9c, 0x72, 0x8c,
    0x51, 0x84, 0x72, 0x8c, 0x92, 0x94, 0x92, 0x8c, 0x92, 0x8c, 0xf4, 0x9c,
    0x14, 0x9d, 0x35, 0xa5, 0x35, 0xa5, 0x35, 0xa5, 0x76, 0xad, 0xb7, 0xb5,
    0x56, 0xa5, 0xb3, 0x94, 0x93, 0x8c, 0x93, 0x8c, 0xd4, 0x9c, 0xb3, 0x94,
    0x11, 0x7c, 0xcf, 0x7b, 0x6e, 0x6b, 0x6a, 0x4a, 0x6a, 0x4a, 0x8a, 0x4a,
    0xab, 0x52, 0xab, 0x52, 0x49, 0x42, 0x49, 0x4a, 0x49, 0x4a, 0x4a, 0x4a,
    0x6a, 0x4a, 0x6a, 0x4a, 0xab, 0x52, 0x0c, 0x5b, 0x2d, 0x63, 0x0d, 0x63,
    0xec, 0x5a, 0x2e, 0x63, 0x6f, 0x6b, 0x8f, 0x6b, 0x6e, 0x6b, 0x2d, 0x63,
    0x4e, 0x63, 0x6e, 0x6b, 0x6e, 0x6b, 0x2d, 0x63, 0x2d, 0x63, 0x4d, 0x63,
    0x0c, 0x5b, 0xc7, 0x39, 0x61, 0x08, 0x41, 0x10, 0x61, 0x10, 0x61, 0x10,
    0x61, 0x08, 0x61, 0x10, 0x61, 0x10, 0x61, 0x08, 0x41, 0x08, 0x61, 0x10,
    0x61, 0x10, 0x61, 0x08, 0x61, 0x08, 0x61, 0x08, 0x62, 0x10, 0x61, 0x08,
    0x61, 0x10, 0x62, 0x10, 0x61, 0x08, 0x81, 0x10, 0x62, 0x08, 0x61, 0x10,
    0x82, 0x08, 0x61, 0x10, 0x82, 0x10, 0x61, 0x08, 0x82, 0x10, 0x81, 0x10,
    0x82, 0x10, 0x82, 0x10, 0x82, 0x10, 0x82, 0x10, 0x82, 0x10, 0x82, 0x10,
    0x82, 0x10, 0x81, 0x10, 0xa2, 0x10, 0x82, 0x10, 0x81, 0x10, 0xa2, 0x10,
    0xa2, 0x10, 0x82, 0x10, 0x82, 0x10, 0xa2, 0x10, 0x82, 0x10, 0x82, 0x10,
    0x81, 0x10, 0xa2, 0x10, 0x82, 0x10, 0xa2, 0x10, 0xa2, 0x18, 0xa2, 0x18,
    0xa2, 0x10, 0xa2, 0x10, 0xa2, 0x18, 0xa2, 0x10, 0xa2, 0x10, 0xa2, 0x10,
    0xa2, 0x10, 0xa2, 0x10, 0xa2, 0x10, 0xa2, 0x10, 0xa2, 0x10, 0xa3, 0x10,
    0xa2, 0x10, 0xa2, 0x18, 0xa2, 0x10, 0xa3, 0x18, 0xa2, 0x10, 0xa2, 0x10,
    0xa3, 0x18, 0xa2, 0x18, 0xa2, 0x10, 0xa3, 0x10, 0xa2, 0x18, 0xc3, 0x10,
    0xa2, 0x18, 0xa2, 0x10, 0xc3, 0x18, 0xa2, 0x10, 0xa2, 0x10, 0xc3, 0x18,
    0xa3, 0x10, 0xc3, 0x10, 0xc3, 0x18, 0xa3, 0x10, 0xc3, 0x10, 0xa2, 0x18,
    0xc2, 0x10, 0xc3, 0x18, 0xa3, 0x10, 0xc2, 0x10, 0xc3, 0x18, 0xc3, 0x18,
    0xc3, 0x18, 0xc3, 0x10, 0xc3, 0x18, 0xc3, 0x18, 0xa2, 0x10, 0xa3, 0x10,
    0xc3, 0x18, 0xc3, 0x18, 0xc3, 0x18, 0xc3, 0x18, 0xc3, 0x18, 0xe3, 0x18,
    0xe3, 0x18, 0xe3, 0x18, 0xe4, 0x18, 0xe4, 0x18, 0xe4, 0x20, 0x04, 0x21,
    0xe4, 0x18, 0xe4, 0x20, 0x04, 0x21, 0x03, 0x19, 0x04, 0x21, 0x04, 0x21,
    0x04, 0x21, 0x04, 0x21, 0x04, 0x21, 0x04, 0x21, 0x05, 0x21, 0x04, 0x19,
    0x04, 0x21, 0x05, 0x21, 0x45, 0x21, 0x66, 0x29, 0x66, 0x29, 0x45, 0x29,
    0x45, 0x29, 0x25, 0x21, 0x45, 0x29, 0x45, 0x21, 0x25, 0x21, 0x25, 0x21,
    0x45, 0x29, 0x45, 0x29, 0x25, 0x21, 0x25, 0x29, 0x45, 0x29, 0x45, 0x29,
    0x45, 0x29, 0x45, 0x29, 0x45, 0x29, 0x45, 0x21, 0x66, 0x29, 0x66, 0x29,
    0x86, 0x29, 0xe8, 0x39, 0xc8, 0x39, 0xe8, 0x39, 0xa7, 0x31, 0x86, 0x31,
    0x86, 0x31, 0x66, 0x29, 0x65, 0x29, 0x66, 0x31, 0x45, 0x29, 0x66, 0x29,
    0x66, 0x31, 0x66, 0x29, 0x66, 0x29, 0x66, 0x29, 0x45, 0x29, 0x65, 0x29,
    0x66, 0x29, 0x08, 0x3a, 0xab, 0x52, 0xab, 0x52, 0xec, 0x5a, 0x4e, 0x63,
    0xf0, 0x73, 0xf1, 0x7b, 0xaf, 0x6b, 0x2e, 0x63, 0xaf, 0x73, 0xd0, 0x73,
    0x11, 0x7c, 0x11, 0x7c, 0x52, 0x84, 0x11, 0x7c, 0xaf, 0x6b, 0xab, 0x52,
    0x6a, 0x4a, 0x0d, 0x63, 0x6e, 0x6b, 0x11, 0x7c, 0x73, 0x8c, 0xb3, 0x8c,
    0xd4, 0x94, 0x15, 0x9d, 0x93, 0x8c, 0x31, 0x84, 0x72, 0x8c, 0xf4, 0x9c,
    0x36, 0xa5, 0x73, 0x8c, 0xf1, 0x7b, 0x8f, 0x6b, 0x8f, 0x6b, 0x31, 0x84,
    0x92, 0x8c, 0xf4, 0x9c, 0xd3, 0x94, 0xf4, 0x9c, 0x35, 0xa5, 0x97, 0xad,
    0x56, 0xad, 0x35, 0xa5, 0xf4, 0x9c, 0xf4, 0x9c, 0x35, 0xa5, 0x75, 0xad,
    0x35, 0xa5, 0x14, 0xa5, 0x35, 0xa5, 0x35, 0xa5, 0x76, 0xad, 0xb7, 0xb5,
    0xd7, 0xb5, 0xb7, 0xb5, 0xd7, 0xbd, 0xf8, 0xbd, 0x18, 0xc6, 0xf8, 0xbd,
    0xd8, 0xbd, 0xd8, 0xbd, 0xf8, 0xbd, 0xd8, 0xbd, 0xd7, 0xbd, 0xd7, 0xb5,
    0xd7, 0xb5, 0xb7, 0xb5, 0xf8, 0xbd, 0xf8, 0xbd, 0xd8, 0xbd, 0xd8, 0xbd,
    0xf8, 0xbd, 0xd7, 0xb5, 0xd7, 0xbd, 0xd7, 0xb5, 0x76, 0xad, 0x14, 0xa5,
    0x14, 0x9d, 0xf4, 0x9c, 0xf4, 0x9c, 0x14, 0x9d, 0xf3, 0x9c, 0x93, 0x94,
    0xd3, 0x94, 0x35, 0xa5, 0x55, 0xad, 0x15, 0xa5, 0xf4, 0x9c, 0xf4, 0x9c,
    0xf4, 0x9c, 0xb3, 0x94, 0x93, 0x8c, 0xd4, 0x94, 0x15, 0x9d, 0x15, 0x9d,
    0x93, 0x8c, 0x72, 0x8c, 0x93, 0x94, 0x92, 0x8c, 0x72, 0x8c, 0x93, 0x8c,
    0xd4, 0x94, 0x72, 0x8c, 0x31, 0x84, 0x31, 0x84, 0x31, 0x84, 0x72, 0x84,
    0x72, 0x8c, 0xb3, 0x94, 0xb3, 0x94, 0x93, 0x94, 0x93, 0x94, 0xb3, 0x94,
    0xf4, 0x9c, 0x76, 0xad, 0x15, 0x9d, 0x72, 0x8c, 0x32, 0x84, 0x73, 0x8c,
    0xd4, 0x94, 0x94, 0x94, 0x11, 0x7c, 0xf0, 0x73, 0x4d, 0x6b, 0x6a, 0x4a,
    0xaa, 0x52, 0x8a, 0x52, 0x8a, 0x4a, 0x6a, 0x4a, 0x08, 0x3a, 0x09, 0x42,
    0x08, 0x42, 0x29, 0x42, 0x49, 0x4a, 0x8a, 0x52, 0xec, 0x5a, 0x0c, 0x5b,
    0x4d, 0x63, 0xec, 0x5a, 0xcc, 0x5a, 0x2d, 0x63, 0x6e, 0x6b, 0x8f, 0x6b,
    0x4e, 0x63, 0x4d, 0x63, 0x4e, 0x63, 0x6e, 0x6b, 0x6e, 0x6b, 0x2d, 0x63,
    0x2d, 0x63, 0x0c, 0x5b, 0xcb, 0x5a, 0x46, 0x29, 0x41, 0x08, 0x41, 0x08,
    0x61, 0x10, 0x61, 0x08, 0x61, 0x08, 0x61, 0x10, 0x61, 0x08, 0x61, 0x10,
    0x61, 0x08, 0x61, 0x08, 0x61, 0x10, 0x61, 0x10, 0x62, 0x10, 0x61, 0x08,
    0x61, 0x08, 0x61, 0x10, 0x61, 0x08, 0x61, 0x08, 0x61, 0x10, 0x61, 0x08,
    0x62, 0x10, 0x61, 0x10, 0x61, 0x08, 0x62, 0x10, 0x81, 0x10, 0x82, 0x10,
    0x82, 0x10, 0x81, 0x10, 0x82, 0x10, 0xa2, 0x10, 0x81, 0x10, 0x82, 0x10,
    0xa1, 0x10, 0x82, 0x10, 0x82, 0x10, 0x81, 0x10, 0xa2, 0x10, 0x82, 0x10,
    0xa2, 0x10, 0x82, 0x10, 0xa2, 0x10, 0xa2, 0x10, 0x82, 0x10, 0xa2, 0x10,
    0x81, 0x10, 0xa2, 0x10, 0xa2, 0x10, 0x82, 0x10, 0x82, 0x10, 0xa2, 0x10,
    0xa2, 0x18, 0xa2, 0x18, 0xa2, 0x10, 0xa2, 0x18, 0xa3, 0x18, 0xa3, 0x18,
    0xa2, 0x10, 0x83, 0x18, 0xa3, 0x10, 0xa2, 0x10, 0xa3, 0x18, 0xa2, 0x10,
    0xa3, 0x10, 0xa3, 0x18, 0xa2, 0x10, 0xa2, 0x10, 0xa3, 0x10, 0xc3, 0x10,
    0xa2, 0x10, 0xa2, 0x10, 0xa2, 0x10, 0xa3, 0x18, 0xa2, 0x10, 0xa2, 0x18,
    0xa2, 0x10, 0xa2, 0x10, 0xa3, 0x10, 0xa3, 0x18, 0xa3, 0x18, 0xa2, 0x10,
    0xa2, 0x10, 0xa3, 0x10, 0xc2, 0x18, 0xa2, 0x10, 0xc3, 0x10, 0xc2, 0x18,
    0xa3, 0x10, 0xc3, 0x10, 0xa3, 0x18, 0xc2, 0x10, 0xa3, 0x10, 0xa3, 0x10,
    0xc2, 0x18, 0xc3, 0x18, 0xa2, 0x10, 0xc3, 0x18, 0xc3, 0x18, 0xa2, 0x10,
    0xc3, 0x10, 0xc2, 0x18, 0xc3, 0x18, 0xc3, 0x10, 0xc3, 0x18, 0xc3, 0x18,
    0xc3, 0x18, 0xc3, 0x18, 0xe4, 0x18, 0xe3, 0x18, 0xe4, 0x18, 0xe4, 0x18,
    0xe4, 0x18, 0x04, 0x21, 0x04, 0x19, 0xe4, 0x18, 0xe4, 0x20, 0x04, 0x19,
    0x04, 0x21, 0x04, 0x21, 0x04, 0x19, 0x04, 0x21, 0x05, 0x21, 0x04, 0x21,
    0x04, 0x21, 0x04, 0x19, 0x04, 0x19, 0x05, 0x21, 0x25, 0x21, 0x25, 0x21,
    0x45, 0x29, 0x25, 0x21, 0x04, 0x21, 0x25, 0x21, 0x45, 0x29, 0x24, 0x21,
    0x25, 0x21, 0x25, 0x21, 0x25, 0x29, 0x45, 0x29, 0x45, 0x21, 0x45, 0x29,
    0x45, 0x29, 0x46, 0x21, 0x66, 0x29, 0x45, 0x29, 0x45, 0x21, 0x45, 0x29,
    0x45, 0x29, 0x45, 0x29, 0x66, 0x29, 0xe8, 0x39, 0xe7, 0x39, 0xc7, 0x31,
    0x86, 0x31, 0x86, 0x31, 0x86, 0x31, 0x66, 0x29, 0x66, 0x29, 0x66, 0x31,
    0x66, 0x29, 0x65, 0x29, 0x66, 0x29, 0x65, 0x29, 0x86, 0x31, 0x66, 0x29,
    0x45, 0x29, 0x45, 0x29, 0xc7, 0x39, 0x4a, 0x4a, 0x8a, 0x4a, 0x2e, 0x63,
    0x4e, 0x6b, 0x6e, 0x6b, 0xd0, 0x73, 0xf1, 0x7b, 0x2d, 0x63, 0x2d, 0x63,
    0x8f, 0x73, 0xf0, 0x7b, 0x11, 0x7c, 0xf0, 0x73, 0x31, 0x7c, 0x90, 0x73,
    0xac, 0x52, 0x8a, 0x4a, 0x2d, 0x63, 0xaf, 0x73, 0x11, 0x7c, 0xd4, 0x94,
    0x56, 0xa5, 0xd4, 0x94, 0x93, 0x94, 0x73, 0x8c, 0x51, 0x84, 0x31, 0x84,
    0x52, 0x84, 0x93, 0x8c, 0x15, 0x9d, 0x76, 0xad, 0xf5, 0x9c, 0x11, 0x84,
    0x8f, 0x6b, 0x8f, 0x73, 0x51, 0x84, 0xb3, 0x94, 0x93, 0x94, 0x93, 0x94,
    0xb4, 0x94, 0x76, 0xad, 0x76, 0xad, 0x15, 0xa5, 0xd4, 0x9c, 0x14, 0xa5,
    0x96, 0xad, 0xb7, 0xb5, 0x55, 0xad, 0x35, 0xa5, 0x55, 0xa5, 0x76, 0xad,
    0xb7, 0xb5, 0xd7, 0xbd, 0xd7, 0xbd, 0xd7, 0xb5, 0xd8, 0xbd, 0xf8, 0xbd,
    0xf8, 0xbd, 0xf8, 0xbd, 0xd7, 0xbd, 0xb7, 0xb5, 0xb7, 0xb5, 0xd7, 0xb5,
    0xd8, 0xbd, 0xd8, 0xbd, 0xd7, 0xb5, 0xd7, 0xb5, 0xd8, 0xbd, 0xf8, 0xbd,
    0x39, 0xc6, 0x39, 0xc6, 0x38, 0xc6, 0xf8, 0xbd, 0xf8, 0xbd, 0xd7, 0xb5,
    0x76, 0xad, 0x35, 0xa5, 0xf4, 0x9c, 0xd4, 0x9c, 0xf4, 0x9c, 0xf4, 0x9c,
    0xf4, 0x9c, 0xd3, 0x94, 0xd4, 0x9c, 0x55, 0xa5, 0x56, 0xad, 0x35, 0xa5,
    0x55, 0xa5, 0x14, 0x9d, 0x14, 0x9d, 0xd4, 0x9c, 0xb3, 0x94, 0xd4, 0x9c,
    0xd4, 0x94, 0xd4, 0x94, 0xb3, 0x94, 0x92, 0x8c, 0xb3, 0x94, 0x93, 0x94,
    0xb3, 0x94, 0xb3, 0x8c, 0x93, 0x8c, 0x72, 0x8c, 0x51, 0x84, 0x11, 0x7c,
    0xd0, 0x7b, 0xaf, 0x73, 0x31, 0x84, 0x72, 0x8c, 0x92, 0x8c, 0x72, 0x8c,
    0x51, 0x84, 0x31, 0x84, 0x92, 0x8c, 0x15, 0xa5, 0x15, 0xa5, 0x92, 0x8c,
    0x52, 0x8c, 0xb4, 0x94, 0xb4, 0x94, 0x93, 0x94, 0x11, 0x84, 0xf0, 0x7b,
    0x4d, 0x63, 0x8a, 0x52, 0x6a, 0x4a, 0x6a, 0x4a, 0x6a, 0x52, 0x8a, 0x52,
    0xe8, 0x39, 0xc7, 0x39, 0xe8, 0x39, 0x29, 0x42, 0x49, 0x4a, 0x6a, 0x4a,
    0xab, 0x52, 0xed, 0x5a, 0x2d, 0x63, 0xcc, 0x52, 0xcc, 0x5a, 0x2d, 0x63,
    0x2d, 0x63, 0x4d, 0x63, 0x0d, 0x63, 0x2d, 0x63, 0x4e, 0x6b, 0x2d, 0x63,
    0x0c, 0x5b, 0x2d, 0x63, 0x2d, 0x63, 0xec, 0x5a, 0xab, 0x52, 0x25, 0x21,
    0x41, 0x08, 0x61, 0x08, 0x61, 0x10, 0x61, 0x10, 0x61, 0x08, 0x61, 0x10,
    0x61, 0x10, 0x61, 0x10, 0x61, 0x10, 0x81, 0x10, 0x81, 0x08, 0x61, 0x10,
    0x81, 0x10, 0x61, 0x10, 0x62, 0x10, 0x61, 0x10, 0x61, 0x08, 0x61, 0x10,
    0x61, 0x08, 0x61, 0x08, 0x81, 0x10, 0x61, 0x10, 0x62, 0x08, 0x61, 0x08,
    0x81, 0x10, 0x82, 0x10, 0x82, 0x10, 0x81, 0x10, 0x82, 0x10, 0xa2, 0x10,
    0x82, 0x10, 0x81, 0x10, 0xa2, 0x10, 0x82, 0x10, 0x82, 0x10, 0xa2, 0x10,
    0xa2, 0x10, 0x82, 0x10, 0xa2, 0x10, 0x82, 0x10, 0xa2, 0x10, 0xa2, 0x10,
    0x82, 0x10, 0xa2, 0x10, 0x82, 0x10, 0xa2, 0x10, 0xa2, 0x10, 0xa2, 0x10,
    0xa2, 0x18, 0xa2, 0x10, 0xa2, 0x10, 0xa2, 0x10, 0xa2, 0x10, 0xa2, 0x10,
    0xa3, 0x10, 0xa2, 0x10, 0xa3, 0x10, 0xa2, 0x10, 0xa3, 0x10, 0xa3, 0x10,
    0xa2, 0x10, 0xa3, 0x18, 0xa2, 0x10, 0xa3, 0x10, 0xa2, 0x18, 0xa2, 0x10,
    0xc2, 0x10, 0xa3, 0x18, 0xa2, 0x10, 0xa2, 0x10, 0xa3, 0x10, 0xa2, 0x10,
    0xc2, 0x10, 0xa3, 0x18, 0xa3, 0x10, 0xc2, 0x10, 0xa2, 0x10, 0xa3, 0x10,
    0xc2, 0x10, 0xa3, 0x10, 0xa3, 0x18, 0xa2, 0x10, 0xc3, 0x18, 0xa3, 0x10,
    0xa2, 0x18, 0xc3, 0x10, 0xa2, 0x18, 0xa3, 0x10, 0xc3, 0x18, 0xa2, 0x18,
    0xc3, 0x10, 0xa3, 0x18, 0xc3, 0x10, 0xc3, 0x10, 0xc3, 0x18, 0xc2, 0x10,
    0xa3, 0x18, 0xc3, 0x10, 0xc3, 0x18, 0xc3, 0x10, 0xa2, 0x10, 0xc3, 0x18,
    0xc3, 0x10, 0xc3, 0x18, 0xc3, 0x18, 0xe3, 0x18, 0xc3, 0x18, 0xc3, 0x18,
    0xe3, 0x18, 0xe3, 0x18, 0xe3, 0x18, 0xe4, 0x18, 0xe4, 0x18, 0x04, 0x21,
    0x04, 0x21, 0xe4, 0x18, 0x04, 0x21, 0x04, 0x21, 0x04, 0x19, 0x04, 0x21,
    0x04, 0x21, 0x24, 0x21, 0x04, 0x21, 0x04, 0x21, 0x04, 0x21, 0x24, 0x21,
    0x25, 0x21, 0x24, 0x21, 0x25, 0x21, 0x25, 0x21, 0x25, 0x21, 0x25, 0x29,
    0x24, 0x21, 0x04, 0x21, 0x25, 0x21, 0x24, 0x21, 0x25, 0x29, 0x25, 0x21,
    0x25, 0x21, 0x45, 0x29, 0x45, 0x29, 0x45, 0x29, 0x66, 0x29, 0x45, 0x29,
    0x46, 0x29, 0x45, 0x29, 0x46, 0x29, 0x45, 0x29, 0x66, 0x29, 0xe8, 0x39,
    0xc7, 0x39, 0xa7, 0x31, 0x86, 0x31, 0x86, 0x31, 0x86, 0x31, 0x86, 0x31,
    0x66, 0x29, 0x66, 0x29, 0x66, 0x31, 0x66, 0x31, 0x65, 0x29, 0x66, 0x29,
    0x66, 0x31, 0x66, 0x29, 0x65, 0x29, 0x86, 0x31, 0x09, 0x42, 0x4a, 0x4a,
    0x2d, 0x63, 0xaf, 0x73, 0x8f, 0x6b, 0x6e, 0x6b, 0xaf, 0x6b, 0x8f, 0x6b,
    0xec, 0x5a, 0xcc, 0x5a, 0xaf, 0x6b, 0x11, 0x7c, 0x6f, 0x6b, 0x8f, 0x73,
    0xd0, 0x7b, 0x2d, 0x63, 0xcb, 0x52, 0x0d, 0x5b, 0xaf, 0x73, 0x52, 0x84,
    0xd4, 0x94, 0x36, 0xa5, 0x36, 0xa5, 0x93, 0x94, 0x52, 0x84, 0x31, 0x84,
    0x51, 0x84, 0x72, 0x8c, 0x92, 0x8c, 0xd4, 0x9c, 0x15, 0xa5, 0xf4, 0x9c,
    0x14, 0x9d, 0xf4, 0x9c, 0x51, 0x84, 0xf0, 0x7b, 0x92, 0x8c, 0xb3, 0x94,
    0x72, 0x8c, 0x72, 0x8c, 0xb3, 0x94, 0x55, 0xa5, 0xb7, 0xb5, 0x35, 0xa5,
    0x14, 0x9d, 0x76, 0xad, 0x76, 0xad, 0x76, 0xad, 0x76, 0xad, 0x97, 0xad,
    0xb7, 0xb5, 0xd7, 0xb5, 0xb7, 0xb5, 0xd8, 0xbd, 0xd8, 0xbd, 0xd7, 0xb5,
    0xb7, 0xb5, 0xb7, 0xb5, 0xb7, 0xb5, 0xb7, 0xb5, 0x76, 0xad, 0x96, 0xb5,
    0x97, 0xb5, 0xd7, 0xb5, 0xf8, 0xbd, 0xd8, 0xb5, 0xd7, 0xbd, 0xf8, 0xbd,
    0xd8, 0xbd, 0x18, 0xbe, 0x18, 0xc6, 0x39, 0xc6, 0x18, 0xbe, 0xf8, 0xbd,
    0xd8, 0xbd, 0xb7, 0xb5, 0x97, 0xb5, 0x56, 0xa5, 0xd3, 0x94, 0xd3, 0x9c,
    0xf4, 0x9c, 0xf4, 0x9c, 0x14, 0x9d, 0xd3, 0x9c, 0xd3, 0x9c, 0x15, 0x9d,
    0x55, 0xa5, 0x55, 0xad, 0x35, 0xa5, 0xf4, 0x9c, 0x15, 0x9d, 0x15, 0x9d,
    0xd4, 0x94, 0x93, 0x8c, 0xb3, 0x94, 0xb3, 0x94, 0xb3, 0x94, 0xb3, 0x94,
    0xb3, 0x94, 0x93, 0x8c, 0xd3, 0x94, 0xb3, 0x94, 0x52, 0x84, 0xf1, 0x7b,
    0xd0, 0x7b, 0xd0, 0x7b, 0xaf, 0x73, 0x6e, 0x63, 0xaf, 0x73, 0x51, 0x84,
    0x72, 0x8c, 0x72, 0x8c, 0x51, 0x84, 0x31, 0x7c, 0x52, 0x84, 0xf4, 0x9c,
    0x14, 0x9d, 0x52, 0x84, 0x93, 0x8c, 0xd4, 0x9c, 0xb4, 0x94, 0x72, 0x8c,
    0x52, 0x84, 0x31, 0x7c, 0x4e, 0x6b, 0xab, 0x52, 0x8a, 0x52, 0x49, 0x4a,
    0x4a, 0x4a, 0x6a, 0x4a, 0xe7, 0x39, 0xa7, 0x31, 0xc7, 0x39, 0x08, 0x42,
    0x49, 0x4a, 0x6a, 0x4a, 0xab, 0x52, 0xcb, 0x5a, 0xec, 0x5a, 0xab, 0x52,
    0xcb, 0x52, 0x2d, 0x63, 0x0c, 0x5b, 0x0d, 0x63, 0x2d, 0x63, 0x6e, 0x6b,
    0x6e, 0x6b, 0x2d, 0x63, 0xcb, 0x5a, 0xec, 0x5a, 0x0d, 0x63, 0xec, 0x5a,
    0xcc, 0x52, 0x25, 0x29, 0x61, 0x08, 0x61, 0x08, 0x61, 0x08, 0x61, 0x10,
    0x61, 0x08, 0x61, 0x08, 0x61, 0x10, 0x62, 0x08, 0x61, 0x10, 0x81, 0x10,
    0x81, 0x10, 0x81, 0x08, 0x81, 0x10, 0x81, 0x10, 0x62, 0x08, 0x61, 0x08,
    0x61, 0x10, 0x61, 0x10, 0x61, 0x08, 0x62, 0x10, 0x61, 0x08, 0x61, 0x08,
    0x82, 0x10, 0x61, 0x10, 0x82, 0x10, 0x82, 0x10, 0x81, 0x08, 0x82, 0x10,
    0x82, 0x10, 0x81, 0x10, 0x82, 0x10, 0x82, 0x10, 0x82, 0x10, 0xa1, 0x10,
    0xa2, 0x10, 0x82, 0x10, 0x82, 0x10, 0xa2, 0x10, 0x82, 0x10, 0xa2, 0x10,
    0xa2, 0x18, 0xa2, 0x18, 0x82, 0x10, 0xa2, 0x10, 0x82, 0x10, 0x82, 0x10,
    0xa2, 0x18, 0xa2, 0x10, 0xa2, 0x18, 0xa2, 0x18, 0xa3, 0x18, 0xa3, 0x18,
    0xa2, 0x10, 0xa2, 0x10, 0xa3, 0x10, 0xa2, 0x10, 0xa2, 0x10, 0xa2, 0x10,
    0xa2, 0x18, 0xa2, 0x10, 0xa3, 0x10, 0xa2, 0x10, 0xa2, 0x10, 0xa3, 0x10,
    0xa2, 0x10, 0xa3, 0x18, 0xa2, 0x10, 0xa2, 0x10, 0xa3, 0x10, 0xa2, 0x10,
    0xa3, 0x18, 0xa2, 0x10, 0xa2, 0x10, 0xa2, 0x10, 0xa3, 0x10, 0xa3, 0x18,
    0xa2, 0x10, 0xc2, 0x10, 0xa3, 0x10, 0xa2, 0x18, 0xc3, 0x10, 0xa2, 0x10,
    0xa2, 0x10, 0xa3, 0x10, 0xc3, 0x10, 0xc2, 0x18, 0xa3, 0x10, 0xc2, 0x10,
    0xc3, 0x10, 0xa2, 0x10, 0xc2, 0x18, 0xc3, 0x10, 0xa2, 0x10, 0xc3, 0x18,
    0xc3, 0x18, 0xa3, 0x18, 0xc2, 0x10, 0xc3, 0x18, 0xc3, 0x18, 0xa2, 0x10,
    0xa2, 0x10, 0xa3, 0x10, 0xc3, 0x18, 0xc3, 0x18, 0xc3, 0x10, 0xc3, 0x18,
    0xc3, 0x18, 0xc3, 0x18, 0xc3, 0x18, 0xe3, 0x18, 0xe4, 0x18, 0xe4, 0x20,
    0xe4, 0x20, 0x04, 0x21, 0x03, 0x19, 0x04, 0x21, 0x04, 0x21, 0x04, 0x21,
    0x04, 0x21, 0x04, 0x21, 0x04, 0x19, 0x04, 0x19, 0x04, 0x21, 0x04, 0x21,
    0x04, 0x21, 0x05, 0x21, 0x24, 0x21, 0x04, 0x21, 0x04, 0x21, 0x25, 0x21,
    0x25, 0x29, 0x25, 0x21, 0x25, 0x21, 0x25, 0x21, 0x04, 0x21, 0x25, 0x21,
    0x25, 0x21, 0x45, 0x29, 0x25, 0x21, 0x45, 0x29, 0x45, 0x29, 0x46, 0x29,
    0x45, 0x29, 0x45, 0x21, 0x46, 0x29, 0x65, 0x29, 0x45, 0x29, 0x45, 0x21,
    0x86, 0x29, 0xc7, 0x39, 0xa7, 0x31, 0x87, 0x31, 0x86, 0x31, 0x86, 0x31,
    0x87, 0x31, 0x86, 0x31, 0x66, 0x29, 0x86, 0x31, 0x66, 0x29, 0x66, 0x29,
    0x66, 0x29, 0x65, 0x29, 0x66, 0x29, 0x66, 0x29, 0x65, 0x29, 0xe8, 0x39,
    0x4a, 0x4a, 0x2d, 0x63, 0x6e, 0x6b, 0xaf, 0x73, 0x8f, 0x6b, 0x6e, 0x6b,
    0xaf, 0x73, 0x4d, 0x63, 0xec, 0x5a, 0xcc, 0x52, 0xb0, 0x73, 0xf0, 0x73,
    0x2d, 0x5b, 0x4e, 0x63, 0x8f, 0x73, 0xec, 0x5a, 0x0c, 0x5b, 0x8f, 0x6b,
    0x73, 0x8c, 0x15, 0x9d, 0x93, 0x8c, 0x72, 0x84, 0x52, 0x84, 0x32, 0x84,
    0x52, 0x84, 0x51, 0x84, 0x52, 0x84, 0x73, 0x8c, 0xd3, 0x94, 0x14, 0xa5,
    0xf4, 0x9c, 0x14, 0x9d, 0x55, 0xa5, 0x15, 0xa5, 0x14, 0x9d, 0xf4, 0x9c,
    0x14, 0xa5, 0xf4, 0x9c, 0x14, 0x9d, 0x14, 0x9d, 0xf4, 0x9c, 0x35, 0xa5,
    0x96, 0xad, 0x56, 0xad, 0x55, 0xa5, 0x55, 0xa5, 0x56, 0xad, 0x76, 0xad,
    0x96, 0xb5, 0xb7, 0xb5, 0xd7, 0xbd, 0xb7, 0xb5, 0x97, 0xb5, 0x96, 0xad,
    0x76, 0xad, 0x35, 0xa5, 0x56, 0xad, 0x96, 0xb5, 0x96, 0xad, 0x56, 0xad,
    0x35, 0xa5, 0x15, 0xa5, 0x76, 0xad, 0xb7, 0xb5, 0xd8, 0xbd, 0xb7, 0xb5,
    0xd7, 0xb5, 0xf8, 0xbd, 0xf8, 0xbd, 0x18, 0xbe, 0x39, 0xc6, 0x18, 0xbe,
    0x18, 0xbe, 0xf8, 0xbd, 0xd8, 0xbd, 0xd7, 0xb5, 0x96, 0xad, 0x56, 0xad,
    0xf4, 0x9c, 0xf4, 0x9c, 0x14, 0x9d, 0x14, 0x9d, 0x15, 0xa5, 0xf4, 0x9c,
    0xd3, 0x94, 0x14, 0x9d, 0x35, 0xa5, 0x55, 0xa5, 0x14, 0x9d, 0xd4, 0x94,
    0xd4, 0x9c, 0xb3, 0x94, 0x52, 0x84, 0x72, 0x84, 0xb3, 0x94, 0x93, 0x94,
    0xd3, 0x94, 0xd3, 0x94, 0xb3, 0x94, 0x93, 0x8c, 0xd3, 0x94, 0x93, 0x94,
    0xf0, 0x7b, 0x6e, 0x6b, 0x4e, 0x6b, 0x8e, 0x6b, 0xaf, 0x6b, 0x6e, 0x6b,
    0x6e, 0x6b, 0xf0, 0x7b, 0x51, 0x84, 0x52, 0x84, 0x52, 0x84, 0x31, 0x84,
    0x51, 0x84, 0xb3, 0x94, 0x72, 0x8c, 0x11, 0x7c, 0x93, 0x8c, 0xd4, 0x9c,
    0x93, 0x8c, 0x52, 0x84, 0x52, 0x84, 0x32, 0x84, 0x4d, 0x63, 0xab, 0x52,
    0x8a, 0x52, 0x49, 0x4a, 0x49, 0x42, 0x8a, 0x52, 0x08, 0x42, 0xe8, 0x39,
    0xe8, 0x39, 0x08, 0x42, 0x29, 0x42, 0x6a, 0x4a, 0xcb, 0x52, 0xeb, 0x5a,
    0xcb, 0x52, 0xab, 0x52, 0xab, 0x52, 0x2d, 0x63, 0xec, 0x5a, 0xec, 0x5a,
    0x0d, 0x63, 0x4e, 0x63, 0x4d, 0x63, 0x0c, 0x5b, 0xcb, 0x52, 0xec, 0x5a,
    0x0d, 0x63, 0x0d, 0x5b, 0xec, 0x5a, 0x45, 0x29, 0x41, 0x08, 0x61, 0x08,
    0x61, 0x10, 0x61, 0x10, 0x61, 0x08, 0x61, 0x10, 0x62, 0x10, 0x81, 0x08,
    0x62, 0x08, 0x61, 0x10, 0x81, 0x10, 0x82, 0x10, 0x61, 0x08, 0x61, 0x10,
    0x62, 0x10, 0x81, 0x08, 0x61, 0x10, 0x61, 0x08, 0x61, 0x10, 0x61, 0x10,
    0x61, 0x08, 0x61, 0x10, 0x61, 0x10, 0x61, 0x08, 0x82, 0x10, 0x82, 0x10,
    0x81, 0x10, 0x82, 0x10, 0x82, 0x10, 0xa2, 0x10, 0x81, 0x10, 0x82, 0x10,
    0x82, 0x10, 0x82, 0x10, 0xa2, 0x10, 0x82, 0x10, 0xa1, 0x10, 0xa2, 0x10,
    0x82, 0x10, 0x82, 0x10, 0xa2, 0x10, 0xa2, 0x10, 0x82, 0x10, 0xa2, 0x10,
    0xa2, 0x18, 0xa2, 0x18, 0xa2, 0x10, 0x82, 0x10, 0xa2, 0x18, 0xa2, 0x10,
    0xa2, 0x10, 0xa2, 0x18, 0xa2, 0x10, 0xa2, 0x10, 0xc3, 0x18, 0xa3, 0x18,
    0xa2, 0x10, 0xa3, 0x10, 0xa2, 0x10, 0xa2, 0x10, 0xa3, 0x18, 0xa3, 0x10,
    0xa2, 0x10, 0xa2, 0x10, 0xa3, 0x10, 0xa3, 0x18, 0xa2, 0x10, 0xa2, 0x10,
    0xa2, 0x10, 0xa2, 0x10, 0xa3, 0x10, 0xa2, 0x10, 0xa2, 0x10, 0xa3, 0x10,
    0xa2, 0x10, 0xa3, 0x10, 0xa3, 0x18, 0xa2, 0x10, 0xc3, 0x18, 0xc3, 0x10,
    0xa2, 0x10, 0xa3, 0x10, 0xa2, 0x18, 0xa2, 0x10, 0xc3, 0x10, 0xa3, 0x18,
    0xa3, 0x10, 0xc3, 0x18, 0xa2, 0x10, 0xa3, 0x10, 0xc3, 0x18, 0xa2, 0x10,
    0xa2, 0x10, 0xc3, 0x18, 0xc3, 0x18, 0xc3, 0x10, 0xc2, 0x18, 0xa3, 0x18,
    0xc3, 0x18, 0xa2, 0x10, 0xc3, 0x18, 0xc2, 0x10, 0xa2, 0x10, 0xc3, 0x18,
    0xc3, 0x18, 0xc3, 0x18, 0xc3, 0x18, 0xc3, 0x18, 0xc3, 0x18, 0xe3, 0x18,
    0xe4, 0x18, 0xe4, 0x18, 0xe4, 0x18, 0xe4, 0x18, 0x04, 0x21, 0xe4, 0x18,
    0x04, 0x21, 0x04, 0x21, 0x04, 0x21, 0x04, 0x21, 0x04, 0x19, 0x05, 0x21,
    0x04, 0x21, 0x04, 0x19, 0x05, 0x21, 0x04, 0x21, 0x04, 0x21, 0x25, 0x21,
    0x24, 0x21, 0x24, 0x21, 0x25, 0x21, 0x25, 0x29, 0x25, 0x21, 0x24, 0x21,
    0x25, 0x21, 0x25, 0x21, 0x24, 0x21, 0x25, 0x29, 0x45, 0x29, 0x45, 0x21,
    0x45, 0x29, 0x45, 0x21, 0x46, 0x29, 0x45, 0x29, 0x45, 0x29, 0x46, 0x29,
    0x45, 0x29, 0x46, 0x29, 0xa7, 0x31, 0xc7, 0x39, 0xa7, 0x31, 0xa7, 0x31,
    0xa7, 0x31, 0x86, 0x31, 0x86, 0x31, 0x86, 0x29, 0x66, 0x29, 0x65, 0x29,
    0x65, 0x29, 0x66, 0x29, 0x65, 0x29, 0x65, 0x29, 0x45, 0x29, 0x45, 0x29,
    0xe7, 0x39, 0x29, 0x42, 0x4e, 0x63, 0xd0, 0x73, 0xaf, 0x6b, 0xaf, 0x73,
    0x4e, 0x63, 0x8e, 0x6b, 0xcf, 0x73, 0x2d, 0x63, 0xab, 0x52, 0xab, 0x52,
    0x32, 0x84, 0x11, 0x7c, 0x2d, 0x63, 0x8e, 0x6b, 0xec, 0x5a, 0xab, 0x52,
    0x4e, 0x63, 0x73, 0x8c, 0x93, 0x8c, 0x32, 0x84, 0x31, 0x84, 0x32, 0x84,
    0x52, 0x84, 0x72, 0x84, 0x72, 0x8c, 0x93, 0x94, 0x72, 0x8c, 0x93, 0x94,
    0x14, 0xa5, 0x96, 0xad, 0xb7, 0xb5, 0xd8, 0xb5, 0xf8, 0xbd, 0xb7, 0xb5,
    0x76, 0xad, 0x96, 0xad, 0x97, 0xb5, 0x76, 0xad, 0x97, 0xad, 0x97, 0xad,
    0x35, 0xa5, 0xf4, 0x9c, 0x35, 0xa5, 0x56, 0xa5, 0x76, 0xad, 0xb7, 0xb5,
    0xb7, 0xb5, 0x96, 0xb5, 0xb7, 0xb5, 0xb7, 0xb5, 0x97, 0xb5, 0x96, 0xad,
    0x96, 0xad, 0x35, 0xa5, 0xf4, 0x9c, 0xb3, 0x94, 0x15, 0xa5, 0x76, 0xad,
    0x56, 0xad, 0x14, 0x9d, 0xf4, 0x9c, 0x15, 0x9d, 0x35, 0xa5, 0x76, 0xad,
    0xb7, 0xb5, 0xb7, 0xb5, 0xb7, 0xb5, 0xb7, 0xb5, 0xf8, 0xbd, 0x39, 0xc6,
    0x19, 0xc6, 0x19, 0xc6, 0x18, 0xc6, 0xf8, 0xbd, 0xd7, 0xb5, 0x96, 0xad,
    0x76, 0xad, 0x55, 0xa5, 0x35, 0xa5, 0x14, 0xa5, 0x14, 0x9d, 0x14, 0xa5,
    0x15, 0xa5, 0x15, 0x9d, 0xd4, 0x9c, 0xf4, 0x9c, 0x35, 0xa5, 0x56, 0xad,
    0xf4, 0x9c, 0xd3, 0x94, 0x72, 0x8c, 0x31, 0x84, 0x11, 0x7c, 0x31, 0x84,
    0x92, 0x94, 0xb3, 0x94, 0xf4, 0x9c, 0xb3, 0x94, 0x93, 0x94, 0xb3, 0x94,
    0xd4, 0x94, 0x72, 0x8c, 0xd0, 0x73, 0x4d, 0x63, 0x2d, 0x63, 0x4d, 0x63,
    0xaf, 0x73, 0x8f, 0x6b, 0x8f, 0x6b, 0xd0, 0x73, 0x31, 0x84, 0x10, 0x7c,
    0x10, 0x7c, 0x10, 0x7c, 0x11, 0x84, 0xf0, 0x7b, 0xcf, 0x7b, 0x11, 0x7c,
    0x72, 0x8c, 0x94, 0x94, 0x52, 0x8c, 0x52, 0x84, 0x73, 0x8c, 0x31, 0x7c,
    0x4e, 0x63, 0x8a, 0x52, 0x8a, 0x4a, 0x29, 0x42, 0x49, 0x4a, 0xab, 0x52,
    0x49, 0x4a, 0x29, 0x42, 0x08, 0x42, 0x08, 0x42, 0x08, 0x42, 0x6a, 0x4a,
    0xeb, 0x5a, 0xec, 0x5a, 0xab, 0x52, 0xcb, 0x5a, 0xec, 0x5a, 0x0c, 0x5b,
    0xcb, 0x5a, 0x0c, 0x5b, 0x0c, 0x5b, 0x2d, 0x63, 0x2d, 0x63, 0x0d, 0x63,
    0xcc, 0x52, 0x0c, 0x5b, 0x2d, 0x63, 0x6e, 0x63, 0x2d, 0x63, 0x25, 0x21,
    0x41, 0x08, 0x61, 0x08, 0x61, 0x10, 0x61, 0x08, 0x61, 0x08, 0x61, 0x10,
    0x81, 0x10, 0x81, 0x08, 0x61, 0x10, 0x61, 0x08, 0x82, 0x10, 0x81, 0x10,
    0x62, 0x10, 0x82, 0x10, 0x81, 0x10, 0x61, 0x10, 0x62, 0x10, 0x61, 0x08,
    0x61, 0x08, 0x61, 0x10, 0x62, 0x08, 0x61, 0x10, 0x61, 0x10, 0x61, 0x08,
    0x82, 0x10, 0x81, 0x10, 0x82, 0x10, 0x81, 0x10, 0x82, 0x10, 0x82, 0x10,
    0xa2, 0x10, 0xa1, 0x10, 0x82, 0x10, 0x82, 0x10, 0xa2, 0x10, 0xa2, 0x10,
    0x82, 0x10, 0xa2, 0x10, 0x81, 0x10, 0x82, 0x10, 0xa2, 0x18, 0xa2, 0x10,
    0x82, 0x10, 0x82, 0x10, 0xa2, 0x10, 0xa2, 0x10, 0xa2, 0x10, 0xa2, 0x18,
    0xa2, 0x10, 0xa2, 0x10, 0xa3, 0x18, 0xa2, 0x18, 0xa3, 0x10, 0xa2, 0x10,
    0xa3, 0x10, 0xa2, 0x10, 0xa3, 0x10, 0xa3, 0x18, 0xa2, 0x10, 0xa2, 0x10,
    0xa3, 0x10, 0xa3, 0x18, 0xa2, 0x10, 0xa2, 0x10, 0xa2, 0x18, 0xa3, 0x18,
    0xa3, 0x10, 0xa2, 0x10, 0xa2, 0x10, 0xa3, 0x10, 0xa3, 0x10, 0xa2, 0x10,
    0xa3, 0x10, 0xa2, 0x10, 0xa2, 0x10, 0xa2, 0x10, 0xa2, 0x10, 0xc2, 0x18,
    0xc3, 0x10, 0xa3, 0x18, 0xa2, 0x10, 0xc3, 0x10, 0xa3, 0x18, 0xa2, 0x10,
    0xa2, 0x10, 0xa2, 0x10, 0xc3, 0x18, 0xc3, 0x10, 0xa2, 0x18, 0xc3, 0x10,
    0xa3, 0x18, 0xc3, 0x10, 0xa3, 0x10, 0xa2, 0x10, 0xc3, 0x18, 0xc3, 0x10,
    0xa3, 0x10, 0xc3, 0x18, 0xc3, 0x10, 0xa3, 0x10, 0xc3, 0x18, 0xa3, 0x10,
    0xa2, 0x10, 0xc3, 0x10, 0xc3, 0x10, 0xc3, 0x18, 0xc3, 0x18, 0xc3, 0x18,
    0xc3, 0x18, 0xc3, 0x18, 0xe3, 0x18, 0xe3, 0x18, 0x04, 0x21, 0x04, 0x21,
    0x04, 0x21, 0x04, 0x19, 0x04, 0x19, 0x04, 0x19, 0x04, 0x21, 0xe4, 0x18,
    0x04, 0x21, 0x04, 0x21, 0x04, 0x21, 0x04, 0x21, 0x25, 0x21, 0x25, 0x21,
    0x04, 0x21, 0x04, 0x21, 0x05, 0x21, 0x04, 0x21, 0x24, 0x21, 0x25, 0x21,
    0x24, 0x21, 0x04, 0x21, 0x25, 0x29, 0x24, 0x21, 0x25, 0x29, 0x45, 0x21,
    0x45, 0x29, 0x45, 0x29, 0x45, 0x29, 0x46, 0x29, 0x45, 0x21, 0x65, 0x29,
    0x66, 0x29, 0x45, 0x21, 0x45, 0x21, 0x66, 0x29, 0xc7, 0x39, 0xa7, 0x31,
    0x87, 0x31, 0xa7, 0x31, 0xa7, 0x31, 0x86, 0x31, 0x86, 0x31, 0x86, 0x29,
    0x86, 0x29, 0x86, 0x31, 0x66, 0x29, 0x65, 0x29, 0x45, 0x29, 0x46, 0x29,
    0x66, 0x29, 0x86, 0x31, 0xe8, 0x39, 0x4d, 0x63, 0xd0, 0x73, 0x8f, 0x73,
    0x4e, 0x63, 0x6e, 0x6b, 0x2e, 0x63, 0x8e, 0x6b, 0x8e, 0x6b, 0x0d, 0x63,
    0x8a, 0x4a, 0x8b, 0x52, 0x6e, 0x6b, 0x11, 0x7c, 0xaf, 0x73, 0x6e, 0x6b,
    0x6e, 0x6b, 0xb0, 0x73, 0x32, 0x84, 0x52, 0x84, 0x31, 0x84, 0xf0, 0x7b,
    0xd0, 0x73, 0x11, 0x7c, 0x11, 0x84, 0x72, 0x84, 0xf4, 0x9c, 0x35, 0xa5,
    0x34, 0xa5, 0x14, 0xa5, 0x76, 0xad, 0x96, 0xad, 0x97, 0xb5, 0xd8, 0xbd,
    0x18, 0xbe, 0x19, 0xc6, 0xf9, 0xbd, 0xf8, 0xbd, 0xd8, 0xb5, 0x97, 0xb5,
    0x96, 0xad, 0xb7, 0xb5, 0x76, 0xad, 0xf4, 0x9c, 0xf4, 0x9c, 0x76, 0xad,
    0xb7, 0xb5, 0xf8, 0xbd, 0xf8, 0xbd, 0xd8, 0xbd, 0xd7, 0xb5, 0x97, 0xad,
    0x76, 0xad, 0x96, 0xb5, 0x97, 0xb5, 0x76, 0xad, 0xf4, 0x9c, 0xb3, 0x94,
    0xf4, 0x9c, 0x55, 0xa5, 0x55, 0xa5, 0xf4, 0x9c, 0x15, 0xa5, 0x35, 0xa5,
    0x56, 0xad, 0x76, 0xad, 0x76, 0xad, 0x77, 0xad, 0xb7, 0xb5, 0xb7, 0xb5,
    0xd8, 0xbd, 0xf8, 0xbd, 0xf8, 0xbd, 0xf8, 0xbd, 0x18, 0xc6, 0xf8, 0xbd,
    0xb7, 0xb5, 0x97, 0xb5, 0x76, 0xad, 0x55, 0xad, 0x55, 0xa5, 0x35, 0xa5,
    0x15, 0xa5, 0x15, 0xa5, 0x15, 0xa5, 0x14, 0x9d, 0xd3, 0x94, 0xb3, 0x94,
    0x55, 0xad, 0x55, 0xad, 0xf4, 0x9c, 0xd4, 0x9c, 0x72, 0x8c, 0x31, 0x7c,
    0xf0, 0x7b, 0x10, 0x84, 0xb3, 0x94, 0xd3, 0x94, 0xd4, 0x9c, 0xb3, 0x94,
    0x92, 0x8c, 0xb3, 0x94, 0x92, 0x8c, 0x10, 0x7c, 0x6e, 0x6b, 0x4e, 0x6b,
    0x6e, 0x6b, 0x8f, 0x6b, 0xd0, 0x73, 0xd0, 0x73, 0xd0, 0x73, 0xd0, 0x73,
    0xf0, 0x7b, 0xcf, 0x73, 0xaf, 0x73, 0x8f, 0x6b, 0xf0, 0x73, 0xf0, 0x7b,
    0xcf, 0x7b, 0x11, 0x84, 0x11, 0x84, 0x32, 0x84, 0x72, 0x8c, 0x73, 0x8c,
    0xb3, 0x8c, 0x11, 0x7c, 0x6e, 0x6b, 0xcb, 0x52, 0xec, 0x5a, 0x8a, 0x4a,
    0x6a, 0x4a, 0xec, 0x5a, 0x6a, 0x4a, 0x29, 0x42, 0x28, 0x42, 0xe8, 0x39,
    0xe8, 0x39, 0x8a, 0x52, 0xeb, 0x5a, 0xcb, 0x5a, 0xcb, 0x52, 0x0c, 0x5b,
    0xec, 0x5a, 0xec, 0x5a, 0x0c, 0x5b, 0x0c, 0x5b, 0x0d, 0x63, 0x0d, 0x5b,
    0xec, 0x5a, 0xec, 0x5a, 0xec, 0x5a, 0x0d, 0x5b, 0x4e, 0x63, 0x6f, 0x6b,
    0x2d, 0x63, 0x25, 0x21, 0x61, 0x08, 0x61, 0x08, 0x61, 0x10, 0x61, 0x10,
    0x61, 0x08, 0x61, 0x10, 0x61, 0x10, 0x81, 0x10, 0x62, 0x10, 0x62, 0x08,
    0x61, 0x08, 0x81, 0x10, 0x62, 0x10, 0x81, 0x08, 0x81, 0x10, 0x81, 0x10,
    0x62, 0x08, 0x61, 0x10, 0x61, 0x10, 0x61, 0x08, 0x62, 0x10, 0x81, 0x10,
    0x62, 0x08, 0x82, 0x10, 0x61, 0x10, 0x82, 0x10, 0x82, 0x08, 0x81, 0x10,
    0x82, 0x10, 0x82, 0x10, 0x82, 0x10, 0x82, 0x10, 0x81, 0x10, 0x81, 0x10,
    0xa2, 0x10, 0x82, 0x10, 0x82, 0x10, 0xa2, 0x10, 0xa2, 0x10, 0x82, 0x10,
    0xa2, 0x10, 0xa2, 0x10, 0xa2, 0x18, 0xa2, 0x18, 0x82, 0x10, 0xa2, 0x10,
    0xa2, 0x18, 0xa2, 0x10, 0xa2, 0x18, 0xa2, 0x18, 0xa3, 0x10, 0xa3, 0x10,
    0xa2, 0x10, 0xc3, 0x18, 0xa2, 0x10, 0xa2, 0x10, 0xa2, 0x10, 0xa3, 0x10,
    0xa2, 0x10, 0xa2, 0x10, 0xa2, 0x10, 0xa2, 0x10, 0xa3, 0x10, 0xa2, 0x10,
    0xa3, 0x10, 0xa2, 0x18, 0xa2, 0x10, 0xa2, 0x10, 0xa2, 0x18, 0xa3, 0x18,
    0xa2, 0x10, 0xa2, 0x18, 0xa2, 0x10, 0xa3, 0x10, 0xa2, 0x10, 0xa2, 0x10,
    0xa3, 0x10, 0xa2, 0x10, 0xc2, 0x18, 0xa3, 0x10, 0xa2, 0x10, 0xc2, 0x10,
    0xc3, 0x18, 0xc3, 0x10, 0xa3, 0x10, 0xa2, 0x10, 0xc3, 0x18, 0xa2, 0x10,
    0xc3, 0x10, 0xc2, 0x18, 0xa3, 0x10, 0xc3, 0x18, 0xc2, 0x18, 0xa3, 0x10,
    0xa2, 0x18, 0xa2, 0x10, 0xa2, 0x10, 0xc2, 0x18, 0xa3, 0x10, 0xc2, 0x10,
    0xa3, 0x18, 0xc3, 0x18, 0xa2, 0x10, 0xc3, 0x18, 0xc3, 0x10, 0xc2, 0x10,
    0xc3, 0x18, 0xc3, 0x10, 0xc3, 0x18, 0xc3, 0x18, 0xc3, 0x18, 0xe4, 0x20,
    0xe4, 0x18, 0xe4, 0x18, 0x04, 0x21, 0x04, 0x21, 0xe4, 0x18, 0xe4, 0x20,
    0xe4, 0x18, 0xe4, 0x18, 0x04, 0x21, 0x04, 0x19, 0x04, 0x19, 0x04, 0x21,
    0x25, 0x21, 0x04, 0x21, 0x04, 0x21, 0x05, 0x21, 0x04, 0x21, 0x04, 0x21,
    0x25, 0x21, 0x04, 0x21, 0x25, 0x21, 0x25, 0x21, 0x25, 0x21, 0x25, 0x29,
    0x25, 0x21, 0x45, 0x21, 0x45, 0x29, 0x45, 0x21, 0x45, 0x29, 0x46, 0x29,
    0x45, 0x29, 0x45, 0x21, 0x45, 0x29, 0x45, 0x29, 0x45, 0x29, 0xa7, 0x31,
    0xc7, 0x31, 0x86, 0x31, 0x86, 0x31, 0xa7, 0x31, 0xa7, 0x31, 0x86, 0x31,
    0x87, 0x31, 0x86, 0x29, 0x86, 0x31, 0x86, 0x31, 0x66, 0x29, 0x45, 0x29,
    0x45, 0x29, 0x86, 0x31, 0xc7, 0x39, 0xc8, 0x39, 0xec, 0x5a, 0xf0, 0x7b,
    0xaf, 0x73, 0x6e, 0x6b, 0x4d, 0x63, 0x2d, 0x63, 0x4d, 0x63, 0xaf, 0x73,
    0x8f, 0x6b, 0x2d, 0x63, 0x6a, 0x4a, 0xab, 0x52, 0x0d, 0x5b, 0x8f, 0x6b,
    0x6e, 0x6b, 0x6e, 0x6b, 0x8f, 0x6b, 0xf0, 0x73, 0x11, 0x7c, 0x32, 0x84,
    0x11, 0x7c, 0x11, 0x84, 0x11, 0x7c, 0x92, 0x8c, 0xf4, 0x9c, 0x35, 0xa5,
    0x76, 0xad, 0x55, 0xad, 0x35, 0xa5, 0x35, 0xa5, 0x35, 0xa5, 0x35, 0xa5,
    0x76, 0xad, 0xb7, 0xb5, 0x18, 0xbe, 0x39, 0xc6, 0x39, 0xc6, 0x19, 0xbe,
    0xb7, 0xb5, 0x56, 0xad, 0x55, 0xad, 0x76, 0xad, 0xd8, 0xb5, 0x97, 0xb5,
    0x96, 0xad, 0x97, 0xb5, 0xb7, 0xb5, 0xf8, 0xbd, 0x18, 0xc6, 0x18, 0xbe,
    0xd7, 0xb5, 0x96, 0xad, 0x96, 0xad, 0xb7, 0xb5, 0x97, 0xb5, 0x76, 0xad,
    0x35, 0xa5, 0xf4, 0x9c, 0xd4, 0x9c, 0x15, 0xa5, 0x35, 0xa5, 0x35, 0xa5,
    0x35, 0xa5, 0x35, 0xa5, 0x56, 0xad, 0x56, 0xad, 0x35, 0xa5, 0x15, 0xa5,
    0x96, 0xb5, 0x97, 0xb5, 0xb7, 0xb5, 0xd7, 0xbd, 0xf8, 0xbd, 0xf8, 0xbd,
    0x18, 0xc6, 0xd8, 0xbd, 0x97, 0xb5, 0x76, 0xad, 0x35, 0xa5, 0x35, 0xa5,
    0x35, 0xa5, 0x35, 0xa5, 0x15, 0xa5, 0x14, 0x9d, 0x14, 0x9d, 0xf4, 0x9c,
    0xd3, 0x9c, 0xf4, 0x9c, 0x55, 0xa5, 0x35, 0xa5, 0xd4, 0x9c, 0xb3, 0x94,
    0x72, 0x84, 0x31, 0x84, 0x11, 0x84, 0x31, 0x84, 0xb2, 0x8c, 0xb3, 0x94,
    0xb3, 0x94, 0xb3, 0x94, 0xb3, 0x94, 0xb3, 0x94, 0x72, 0x8c, 0xcf, 0x73,
    0x2d, 0x63, 0x4e, 0x6b, 0x8e, 0x6b, 0xcf, 0x73, 0xf0, 0x7b, 0xf0, 0x7b,
    0x10, 0x7c, 0xf0, 0x7b, 0xcf, 0x7b, 0xd0, 0x7b, 0xaf, 0x73, 0xaf, 0x73,
    0xcf, 0x73, 0xf0, 0x7b, 0xd0, 0x7b, 0x11, 0x7c, 0xf0, 0x7b, 0xd0, 0x7b,
    0x52, 0x84, 0x73, 0x8c, 0xd4, 0x94, 0xf0, 0x7b, 0xaf, 0x73, 0x0c, 0x5b,
    0x0d, 0x63, 0xcc, 0x5a, 0xab, 0x52, 0x0c, 0x5b, 0xab, 0x52, 0x49, 0x4a,
    0x08, 0x42, 0xc7, 0x39, 0x08, 0x42, 0x8a, 0x4a, 0xcb, 0x52, 0xcb, 0x52,
    0xcc, 0x5a, 0xec, 0x5a, 0x0c, 0x5b, 0x0d, 0x63, 0x0d, 0x63, 0x0d, 0x63,
    0x0c, 0x5b, 0x0c, 0x5b, 0xcb, 0x52, 0xcc, 0x5a, 0xec, 0x5a, 0xec, 0x5a,
    0x4e, 0x63, 0x6e, 0x6b, 0x0d, 0x63, 0x25, 0x21, 0x61, 0x08, 0x41, 0x08,
    0x61, 0x08, 0x61, 0x10, 0x61, 0x08, 0x62, 0x10, 0x81, 0x10, 0x81, 0x10,
    0x82, 0x10, 0x81, 0x10, 0x61, 0x10, 0x61, 0x08, 0x82, 0x10, 0x61, 0x10,
    0x81, 0x08, 0x62, 0x10, 0x61, 0x08, 0x61, 0x08, 0x61, 0x10, 0x61, 0x08,
    0x61, 0x08, 0x61, 0x10, 0x82, 0x10, 0x81, 0x08, 0x82, 0x10, 0x82, 0x10,
    0x81, 0x10, 0xa2, 0x10, 0x82, 0x10, 0x81, 0x10, 0xa2, 0x10, 0x82, 0x10,
    0x82, 0x10, 0xa2, 0x10, 0xa2, 0x10, 0x82, 0x10, 0xa1, 0x10, 0x82, 0x10,
    0xa2, 0x10, 0x82, 0x10, 0x82, 0x10, 0x82, 0x10, 0xa2, 0x10, 0xa2, 0x18,
    0xa2, 0x18, 0x82, 0x10, 0xa2, 0x10, 0x82, 0x10, 0xa2, 0x18, 0xa2, 0x18,
    0xa3, 0x10, 0xa2, 0x18, 0xa2, 0x10, 0xc3, 0x18, 0xa3, 0x10, 0xc3, 0x10,
    0xa2, 0x10, 0xa3, 0x18, 0xa3, 0x10, 0xa2, 0x10, 0xa3, 0x18, 0xa3, 0x10,
    0xa2, 0x18, 0xa2, 0x10, 0xa2, 0x18, 0xa3, 0x18, 0xa2, 0x10, 0xa3, 0x10,
    0x82, 0x18, 0xa3, 0x10, 0xa2, 0x10, 0x82, 0x10, 0xa3, 0x10, 0x82, 0x10,
    0xa2, 0x18, 0xa3, 0x10, 0xa3, 0x10, 0xa3, 0x10, 0xc3, 0x18, 0xc3, 0x10,
    0xa2, 0x10, 0xa3, 0x18, 0xc3, 0x10, 0xa2, 0x18, 0xa3, 0x10, 0xa2, 0x10,
    0xc3, 0x18, 0xa3, 0x10, 0xa2, 0x10, 0xc3, 0x18, 0xa2, 0x10, 0xa2, 0x10,
    0xc3, 0x10, 0xc3, 0x10, 0xc3, 0x18, 0xc3, 0x10, 0xc3, 0x18, 0xa3, 0x10,
    0xc2, 0x18, 0xa2, 0x10, 0xc3, 0x10, 0xa2, 0x10, 0xc3, 0x18, 0xc3, 0x18,
    0xc3, 0x18, 0xa2, 0x18, 0xc3, 0x10, 0xc3, 0x18, 0xc3, 0x18, 0xc3, 0x18,
    0xe4, 0x18, 0xe4, 0x18, 0xe4, 0x18, 0xe3, 0x18, 0xe3, 0x18, 0xe4, 0x20,
    0xe4, 0x18, 0x04, 0x21, 0x04, 0x21, 0xe4, 0x18, 0x04, 0x21, 0xe4, 0x18,
    0xe4, 0x18, 0x04, 0x21, 0x04, 0x21, 0x05, 0x21, 0x04, 0x21, 0x04, 0x21,
    0x05, 0x21, 0x04, 0x21, 0x25, 0x21, 0x25, 0x21, 0x04, 0x21, 0x24, 0x21,
    0x25, 0x29, 0x45, 0x29, 0x25, 0x21, 0x25, 0x29, 0x45, 0x29, 0x45, 0x29,
    0x45, 0x21, 0x45, 0x29, 0x45, 0x29, 0x45, 0x21, 0x45, 0x29, 0x45, 0x29,
    0x45, 0x29, 0xa7, 0x31, 0xa7, 0x39, 0x86, 0x31, 0x66, 0x29, 0x87, 0x31,
    0xa7, 0x31, 0xa6, 0x31, 0xa7, 0x31, 0x86, 0x31, 0x86, 0x31, 0x86, 0x31,
    0x66, 0x29, 0x45, 0x29, 0xe8, 0x39, 0xe8, 0x39, 0xa7, 0x31, 0x49, 0x42,
    0xf0, 0x7b, 0x10, 0x7c, 0x6e, 0x6b, 0x2d, 0x63, 0xec, 0x5a, 0xcb, 0x52,
    0x6e, 0x6b, 0x52, 0x8c, 0x73, 0x8c, 0xaf, 0x73, 0xcc, 0x52, 0x0d, 0x5b,
    0x4e, 0x63, 0x6e, 0x63, 0x8f, 0x73, 0x8f, 0x6b, 0xb0, 0x73, 0x52, 0x8c,
    0x73, 0x8c, 0x93, 0x8c, 0x31, 0x84, 0x72, 0x8c, 0xb3, 0x94, 0x15, 0xa5,
    0x55, 0xad, 0x76, 0xad, 0x76, 0xad, 0x76, 0xad, 0x55, 0xa5, 0x14, 0x9d,
    0xf4, 0x9c, 0x35, 0xa5, 0x76, 0xad, 0x96, 0xb5, 0xf8, 0xbd, 0x39, 0xc6,
    0x18, 0xc6, 0x18, 0xbe, 0xd8, 0xbd, 0xb7, 0xb5, 0xb7, 0xb5, 0xd8, 0xbd,
    0xf8, 0xbd, 0xf8, 0xbd, 0xf8, 0xbd, 0xb7, 0xb5, 0xb7, 0xb5, 0xd7, 0xbd,
    0x18, 0xbe, 0x19, 0xc6, 0xd8, 0xbd, 0x97, 0xb5, 0x97, 0xb5, 0xd7, 0xbd,
    0xd7, 0xbd, 0x96, 0xad, 0x76, 0xad, 0x76, 0xad, 0x35, 0xa5, 0x15, 0xa5,
    0x15, 0xa5, 0x35, 0xa5, 0x35, 0xa5, 0x15, 0xa5, 0x35, 0xa5, 0x55, 0xa5,
    0xf4, 0x9c, 0xd4, 0x9c, 0x35, 0xa5, 0x97, 0xb5, 0xb7, 0xb5, 0xd7, 0xb5,
    0xd8, 0xbd, 0xf8, 0xbd, 0xd8, 0xbd, 0xd8, 0xbd, 0x96, 0xad, 0x35, 0xa5,
    0x14, 0x9d, 0x14, 0xa5, 0x35, 0xa5, 0x55, 0xa5, 0x14, 0x9d, 0x14, 0x9d,
    0xf4, 0x9c, 0xd4, 0x9c, 0xf4, 0x9c, 0x35, 0xa5, 0x56, 0xa5, 0x35, 0xa5,
    0xd3, 0x94, 0xb3, 0x94, 0x51, 0x84, 0x72, 0x8c, 0x72, 0x8c, 0x72, 0x8c,
    0x72, 0x8c, 0x92, 0x8c, 0xd3, 0x94, 0xf4, 0x9c, 0xf4, 0x94, 0x93, 0x8c,
    0x72, 0x8c, 0xd0, 0x73, 0x4e, 0x6b, 0xaf, 0x73, 0xcf, 0x73, 0xaf, 0x73,
    0x11, 0x7c, 0x11, 0x7c, 0x31, 0x84, 0xf0, 0x7b, 0xd0, 0x73, 0xcf, 0x73,
    0xaf, 0x73, 0x8e, 0x6b, 0x6e, 0x6b, 0xaf, 0x73, 0xaf, 0x73, 0xaf, 0x73,
    0xb0, 0x73, 0xaf, 0x73, 0x31, 0x7c, 0x52, 0x84, 0x93, 0x8c, 0x31, 0x7c,
    0xd0, 0x73, 0x0d, 0x63, 0xec, 0x5a, 0xcc, 0x5a, 0xec, 0x5a, 0x0c, 0x63,
    0xcb, 0x52, 0x8a, 0x52, 0x29, 0x42, 0x08, 0x3a, 0x29, 0x42, 0x29, 0x4a,
    0x8b, 0x52, 0xcb, 0x52, 0x0c, 0x5b, 0xec, 0x5a, 0x0c, 0x63, 0x2d, 0x63,
    0x4d, 0x63, 0x0c, 0x5b, 0xec, 0x5a, 0xcb, 0x52, 0xab, 0x52, 0xab, 0x52,
    0xcb, 0x52, 0xec, 0x5a, 0x0c, 0x5b, 0x2d, 0x63, 0x0d, 0x5b, 0x25, 0x29,
    0x61, 0x08, 0x61, 0x08, 0x41, 0x08, 0x61, 0x10, 0x62, 0x10, 0x81, 0x08,
    0x81, 0x08, 0x81, 0x10, 0x81, 0x10, 0x81, 0x10, 0x81, 0x10, 0x82, 0x10,
    0x62, 0x10, 0x81, 0x10, 0x81, 0x10, 0x62, 0x10, 0x81, 0x10, 0x61, 0x10,
    0x61, 0x10, 0x61, 0x08, 0x62, 0x10, 0x61, 0x10, 0x81, 0x10, 0x82, 0x10,
    0x82, 0x10, 0x81, 0x10, 0x82, 0x10, 0x82, 0x10, 0x82, 0x10, 0x82, 0x10,
    0xa1, 0x10, 0x82, 0x10, 0x82, 0x10, 0xa2, 0x10, 0x82, 0x10, 0xa2, 0x10,
    0x82, 0x10, 0xa2, 0x10, 0x82, 0x10, 0xa1, 0x10, 0xa2, 0x18, 0x82, 0x10,
    0x82, 0x10, 0xa2, 0x10, 0xa2, 0x10, 0xa2, 0x18, 0xa2, 0x10, 0xa2, 0x10,
    0xa2, 0x10, 0xa2, 0x10, 0xa3, 0x18, 0xa2, 0x18, 0xa2, 0x10, 0xa2, 0x10,
    0xa3, 0x10, 0xa2, 0x18, 0xa2, 0x10, 0xa3, 0x10, 0xa2, 0x10, 0xa2, 0x10,
    0xa3, 0x10, 0xa2, 0x10, 0xa2, 0x18, 0xa2, 0x10, 0xa2, 0x18, 0xa3, 0x10,
    0xa2, 0x10, 0x82, 0x18, 0xa3, 0x10, 0xa2, 0x10, 0x83, 0x18, 0xa2, 0x10,
    0xa3, 0x10, 0xa2, 0x10, 0xa2, 0x10, 0xa2, 0x10, 0xa3, 0x18, 0xa2, 0x10,
    0xa3, 0x10, 0xc3, 0x18, 0xa2, 0x10, 0xa2, 0x10, 0xc3, 0x18, 0xc3, 0x10,
    0xa2, 0x10, 0xa2, 0x10, 0xc3, 0x18, 0xa2, 0x10, 0xc3, 0x10, 0xa3, 0x18,
    0xc3, 0x10, 0xa3, 0x10, 0xa2, 0x18, 0xa3, 0x10, 0xa2, 0x10, 0xc3, 0x18,
    0xa3, 0x10, 0xa3, 0x10, 0xc3, 0x18, 0xa3, 0x10, 0xc2, 0x10, 0xa3, 0x18,
    0xc3, 0x10, 0xc3, 0x18, 0xc2, 0x18, 0xa3, 0x10, 0xc3, 0x18, 0xc2, 0x10,
    0xc3, 0x18, 0xc3, 0x18, 0xe3, 0x18, 0xe4, 0x18, 0xe3, 0x18, 0xe3, 0x18,
    0xe4, 0x18, 0x04, 0x21, 0xe4, 0x18, 0xe4, 0x18, 0xe4, 0x18, 0xe4, 0x20,
    0x04, 0x21, 0xe4, 0x20, 0xe4, 0x18, 0x04, 0x21, 0x04, 0x21, 0x05, 0x21,
    0x24, 0x21, 0x24, 0x21, 0x05, 0x21, 0x24, 0x21, 0x24, 0x21, 0x25, 0x21,
    0x25, 0x21, 0x25, 0x21, 0x24, 0x21, 0x45, 0x29, 0x25, 0x21, 0x25, 0x21,
    0x25, 0x21, 0x45, 0x29, 0x45, 0x21, 0x45, 0x29, 0x45, 0x29, 0x45, 0x21,
    0x45, 0x29, 0x45, 0x29, 0x86, 0x29, 0xa7, 0x31, 0xa7, 0x31, 0x86, 0x31,
    0x86, 0x29, 0x86, 0x31, 0x87, 0x31, 0x86, 0x31, 0x86, 0x31, 0x86, 0x31,
    0x66, 0x29, 0x86, 0x31, 0x86, 0x31, 0x49, 0x42, 0x08, 0x3a, 0xc7, 0x31,
    0x08, 0x42, 0xec, 0x5a, 0x10, 0x7c, 0xaf, 0x73, 0x6e, 0x6b, 0xcc, 0x52,
    0x8a, 0x52, 0x0c, 0x5b, 0x11, 0x7c, 0xd4, 0x94, 0x93, 0x8c, 0x52, 0x84,
    0xd0, 0x73, 0xd0, 0x73, 0xd0, 0x73, 0xf1, 0x7b, 0x31, 0x84, 0xf1, 0x7b,
    0x52, 0x8c, 0x52, 0x8c, 0x52, 0x8c, 0x52, 0x84, 0x31, 0x84, 0x92, 0x8c,
    0x14, 0x9d, 0x76, 0xad, 0x96, 0xad, 0x96, 0xb5, 0xb7, 0xb5, 0xb7, 0xb5,
    0x35, 0xa5, 0x35, 0xa5, 0x35, 0xa5, 0x76, 0xad, 0xd7, 0xb5, 0x18, 0xbe,
    0x19, 0xc6, 0x39, 0xc6, 0x18, 0xc6, 0xd8, 0xbd, 0xd7, 0xb5, 0xd7, 0xb5,
    0xd7, 0xb5, 0x18, 0xbe, 0x18, 0xbe, 0xf8, 0xbd, 0xd8, 0xbd, 0x96, 0xad,
    0x76, 0xad, 0x96, 0xad, 0xd7, 0xb5, 0xf8, 0xbd, 0xf8, 0xbd, 0xf8, 0xbd,
    0xd8, 0xbd, 0xf8, 0xbd, 0xb7, 0xb5, 0x96, 0xad, 0x97, 0xb5, 0xb7, 0xb5,
    0x97, 0xad, 0x56, 0xad, 0x35, 0xa5, 0x34, 0xa5, 0x15, 0xa5, 0xf4, 0x9c,
    0xf4, 0x9c, 0x14, 0x9d, 0xf4, 0x9c, 0x92, 0x8c, 0xd3, 0x94, 0x56, 0xad,
    0x97, 0xad, 0xb7, 0xb5, 0xd7, 0xbd, 0xf8, 0xbd, 0xd7, 0xb5, 0xd7, 0xbd,
    0x96, 0xad, 0x35, 0xa5, 0x14, 0x9d, 0x35, 0xa5, 0x35, 0xa5, 0x55, 0xad,
    0x15, 0xa5, 0x14, 0x9d, 0x14, 0xa5, 0xd4, 0x9c, 0xb3, 0x94, 0x35, 0xa5,
    0x35, 0xa5, 0x15, 0xa5, 0xf4, 0x9c, 0xb3, 0x94, 0x92, 0x94, 0xd4, 0x9c,
    0xd3, 0x94, 0x51, 0x84, 0x31, 0x84, 0x92, 0x8c, 0xd3, 0x94, 0xf4, 0x9c,
    0xd4, 0x94, 0x93, 0x8c, 0x72, 0x8c, 0xf1, 0x7b, 0xaf, 0x73, 0xcf, 0x73,
    0xd0, 0x7b, 0xd0, 0x73, 0xf1, 0x7b, 0xf1, 0x73, 0xd0, 0x73, 0xaf, 0x73,
    0xcf, 0x73, 0xcf, 0x73, 0xaf, 0x73, 0x8e, 0x6b, 0x4e, 0x6b, 0x6e, 0x6b,
    0x4e, 0x6b, 0x6e, 0x6b, 0xaf, 0x73, 0x8f, 0x6b, 0xf0, 0x7b, 0x52, 0x84,
    0x93, 0x8c, 0x52, 0x84, 0xf0, 0x7b, 0x2d, 0x63, 0x0c, 0x5b, 0xcc, 0x5a,
    0x0c, 0x63, 0x2d, 0x63, 0xec, 0x5a, 0xab, 0x52, 0x69, 0x4a, 0x49, 0x4a,
    0x29, 0x42, 0x49, 0x42, 0x6a, 0x4a, 0xab, 0x52, 0x2d, 0x63, 0x2d, 0x63,
    0x0c, 0x63, 0x4e, 0x6b, 0x2d, 0x63, 0xcc, 0x5a, 0xcb, 0x5a, 0xaa, 0x52,
    0x8a, 0x52, 0x8a, 0x4a, 0xaa, 0x52, 0xab, 0x52, 0xec, 0x5a, 0x0d, 0x63,
    0xec, 0x5a, 0x24, 0x21, 0x41, 0x08, 0x41, 0x08, 0x61, 0x08, 0x61, 0x10,
    0x62, 0x10, 0x61, 0x08, 0x81, 0x10, 0x82, 0x10, 0x81, 0x08, 0x81, 0x10,
    0x81, 0x08, 0x81, 0x10, 0x81, 0x08, 0x81, 0x08, 0x81, 0x10, 0x81, 0x10,
    0x81, 0x08, 0x82, 0x10, 0x62, 0x10, 0x61, 0x08, 0x62, 0x10, 0x61, 0x08,
    0x61, 0x08, 0x82, 0x10, 0x82, 0x10, 0x82, 0x10, 0x81, 0x10, 0x82, 0x10,
    0x82, 0x10, 0x82, 0x10, 0x81, 0x10, 0x82, 0x10, 0x81, 0x10, 0xa2, 0x10,
    0x82, 0x10, 0xa2, 0x10, 0x82, 0x10, 0xa2, 0x10, 0x82, 0x10, 0xa2, 0x10,
    0xa2, 0x10, 0x82, 0x10, 0xa2, 0x10, 0xa2, 0x18, 0xa2, 0x10, 0x82, 0x10,
    0xa2, 0x18, 0xa2, 0x18, 0x82, 0x10, 0xa3, 0x18, 0xa3, 0x10, 0xa3, 0x10,
    0xa3, 0x18, 0xa2, 0x10, 0xa2, 0x10, 0xa2, 0x10, 0xa3, 0x10, 0xa2, 0x18,
    0xa2, 0x10, 0xa2, 0x10, 0xa2, 0x10, 0xa2, 0x10, 0xa3, 0x18, 0xa2, 0x18,
    0xa2, 0x10, 0xa2, 0x18, 0xa2, 0x18, 0xa2, 0x10, 0xa2, 0x18, 0xa2, 0x10,
    0xa3, 0x18, 0xa2, 0x10, 0x82, 0x10, 0xa3, 0x10, 0xa3, 0x18, 0xa2, 0x10,
    0xa2, 0x10, 0xa2, 0x10, 0xa2, 0x10, 0xa3, 0x10, 0xa2, 0x10, 0xa2, 0x10,
    0xa3, 0x10, 0xa2, 0x10, 0xa3, 0x10, 0xa3, 0x18, 0xc3, 0x10, 0xc2, 0x10,
    0xa3, 0x18, 0xc2, 0x10, 0xc3, 0x18, 0xc3, 0x18, 0xc2, 0x10, 0xa3, 0x18,
    0xc2, 0x10, 0xa2, 0x10, 0xc2, 0x18, 0xc2, 0x10, 0xa3, 0x10, 0xc3, 0x18,
    0xa2, 0x18, 0xc3, 0x18, 0xa2, 0x10, 0xa2, 0x10, 0xa3, 0x10, 0xa3, 0x10,
    0xa2, 0x10, 0xc3, 0x10, 0xc3, 0x18, 0xc3, 0x18, 0xe3, 0x18, 0xe4, 0x18,
    0xe4, 0x18, 0xe3, 0x18, 0xe4, 0x20, 0x04, 0x21, 0xe3, 0x18, 0xe3, 0x18,
    0xe4, 0x18, 0xe4, 0x18, 0x04, 0x19, 0xe4, 0x18, 0x04, 0x21, 0x04, 0x21,
    0x04, 0x21, 0x25, 0x21, 0x04, 0x21, 0x04, 0x21, 0x25, 0x21, 0x25, 0x21,
    0x04, 0x21, 0x04, 0x21, 0x25, 0x21, 0x25, 0x29, 0x25, 0x21, 0x24, 0x21,
    0x25, 0x29, 0x24, 0x21, 0x25, 0x21, 0x25, 0x21, 0x25, 0x29, 0x25, 0x21,
    0x45, 0x29, 0x25, 0x21, 0x45, 0x29, 0x46, 0x29, 0x87, 0x31, 0xc7, 0x39,
    0x86, 0x31, 0x66, 0x29, 0x86, 0x31, 0x86, 0x31, 0xa6, 0x31, 0x86, 0x31,
    0x87, 0x31, 0x86, 0x29, 0x66, 0x29, 0x86, 0x31, 0xab, 0x52, 0x8a, 0x4a,
    0x08, 0x42, 0x08, 0x42, 0x6a, 0x4a, 0xaf, 0x73, 0x8f, 0x6b, 0xaf, 0x73,
    0x8f, 0x6b, 0xec, 0x5a, 0x2d, 0x63, 0xf0, 0x7b, 0x53, 0x84, 0xd4, 0x94,
    0x93, 0x8c, 0x93, 0x8c, 0x52, 0x84, 0x31, 0x84, 0x52, 0x84, 0x72, 0x84,
    0x32, 0x84, 0x11, 0x7c, 0x31, 0x84, 0x11, 0x84, 0x31, 0x84, 0x11, 0x7c,
    0x72, 0x84, 0xf3, 0x9c, 0x55, 0xa5, 0x76, 0xad, 0xb7, 0xb5, 0xd7, 0xb5,
    0xf8, 0xbd, 0xb7, 0xb5, 0x96, 0xb5, 0x55, 0xa5, 0x55, 0xad, 0x96, 0xad,
    0x97, 0xb5, 0xd7, 0xbd, 0xf8, 0xbd, 0x19, 0xbe, 0x39, 0xc6, 0x18, 0xc6,
    0x39, 0xc6, 0x39, 0xc6, 0x18, 0xc6, 0x19, 0xc6, 0xd7, 0xb5, 0x97, 0xb5,
    0xf7, 0xbd, 0xb7, 0xb5, 0x76, 0xad, 0x76, 0xad, 0xb7, 0xb5, 0xd8, 0xbd,
    0xf8, 0xbd, 0x18, 0xbe, 0x18, 0xbe, 0xf8, 0xbd, 0xb7, 0xb5, 0x76, 0xb5,
    0x97, 0xb5, 0x97, 0xb5, 0x97, 0xb5, 0x96, 0xad, 0x35, 0xa5, 0x14, 0x9d,
    0x35, 0xa5, 0x55, 0xa5, 0x35, 0xa5, 0x14, 0x9d, 0xf4, 0x9c, 0x92, 0x94,
    0x92, 0x8c, 0x35, 0xa5, 0x56, 0xa5, 0x76, 0xad, 0xb7, 0xb5, 0xb7, 0xb5,
    0xb7, 0xb5, 0xd8, 0xbd, 0xb7, 0xb5, 0x55, 0xad, 0x35, 0xa5, 0x56, 0xa5,
    0x55, 0xad, 0x56, 0xad, 0x35, 0xa5, 0x14, 0x9d, 0x14, 0x9d, 0xf4, 0x9c,
    0xd3, 0x94, 0x35, 0xa5, 0x14, 0x9d, 0xf4, 0x9c, 0xd3, 0x9c, 0xb3, 0x94,
    0xb3, 0x94, 0xd4, 0x9c, 0x93, 0x94, 0x52, 0x84, 0x52, 0x84, 0xb3, 0x94,
    0x93, 0x94, 0xd3, 0x94, 0xb4, 0x94, 0x93, 0x94, 0x32, 0x84, 0xf0, 0x7b,
    0xf0, 0x7b, 0x11, 0x7c, 0xf0, 0x7b, 0xd0, 0x73, 0xaf, 0x6b, 0xaf, 0x73,
    0xaf, 0x6b, 0x8f, 0x73, 0x8f, 0x73, 0x8f, 0x6b, 0x8f, 0x73, 0x4e, 0x6b,
    0x4e, 0x63, 0x4e, 0x6b, 0x4e, 0x63, 0x6e, 0x6b, 0x6f, 0x6b, 0x6e, 0x6b,
    0x8f, 0x6b, 0x52, 0x84, 0x93, 0x8c, 0x93, 0x8c, 0x11, 0x7c, 0x2d, 0x63,
    0x0c, 0x5b, 0xec, 0x5a, 0x0d, 0x5b, 0x0d, 0x63, 0x0c, 0x5b, 0xcb, 0x52,
    0xab, 0x52, 0x49, 0x4a, 0x28, 0x42, 0x49, 0x4a, 0x6a, 0x4a, 0xcc, 0x5a,
    0x6f, 0x6b, 0x8f, 0x6b, 0x6e, 0x6b, 0x6e, 0x6b, 0x0c, 0x5b, 0xcb, 0x5a,
    0xcb, 0x52, 0xab, 0x52, 0xaa, 0x52, 0x8a, 0x4a, 0xab, 0x52, 0xcb, 0x5a,
    0xec, 0x5a, 0xcb, 0x52, 0x8a, 0x4a, 0x04, 0x21, 0x41, 0x08, 0x61, 0x10,
    0x61, 0x10, 0x61, 0x08, 0x61, 0x08, 0x61, 0x10, 0x61, 0x10, 0x61, 0x08,
    0x61, 0x10, 0x61, 0x08, 0x61, 0x10, 0x82, 0x10, 0x81, 0x10, 0x61, 0x08,
    0x62, 0x10, 0x81, 0x10, 0x81, 0x08, 0x81, 0x10, 0x61, 0x10, 0x62, 0x08,
    0x81, 0x10, 0x61, 0x10, 0x62, 0x10, 0x82, 0x10, 0x82, 0x10, 0x82, 0x10,
    0x81, 0x10, 0xa2, 0x10, 0x82, 0x10, 0xa1, 0x10, 0x82, 0x10, 0x82, 0x10,
    0xa2, 0x10, 0xa2, 0x10, 0x81, 0x10, 0x81, 0x10, 0xa2, 0x10, 0x82, 0x18,
    0x82, 0x10, 0xa2, 0x10, 0x81, 0x10, 0x82, 0x10, 0xa2, 0x10, 0xa2, 0x18,
    0x82, 0x10, 0xa2, 0x10, 0xa2, 0x18, 0x82, 0x10, 0xa3, 0x18, 0xa2, 0x18,
    0xa2, 0x10, 0xa3, 0x10, 0xa2, 0x10, 0xa3, 0x10, 0xa2, 0x10, 0xa3, 0x10,
    0xa2, 0x10, 0xa3, 0x10, 0xa3, 0x10, 0xa2, 0x10, 0xa2, 0x18, 0xa2, 0x18,
    0xa2, 0x10, 0xa3, 0x10, 0xa2, 0x18, 0xa2, 0x10, 0xa3, 0x10, 0xa3, 0x18,
    0xa2, 0x10, 0xa2, 0x10, 0xa3, 0x18, 0x82, 0x18, 0xa2, 0x10, 0xa3, 0x10,
    0xa3, 0x10, 0xa3, 0x18, 0xa3, 0x10, 0xc3, 0x18, 0xa2, 0x18, 0xa3, 0x10,
    0xc3, 0x18, 0xa2, 0x10, 0xa3, 0x10, 0xa2, 0x18, 0xa2, 0x10, 0xa3, 0x10,
    0xc2, 0x18, 0xa3, 0x10, 0xa3, 0x10, 0xa2, 0x10, 0xa2, 0x10, 0xc3, 0x10,
    0xa3, 0x10, 0xc3, 0x18, 0xc3, 0x10, 0xa3, 0x10, 0xa3, 0x18, 0xc2, 0x10,
    0xa3, 0x10, 0xc3, 0x18, 0xa2, 0x10, 0xc3, 0x10, 0xc3, 0x10, 0xa3, 0x18,
    0xc3, 0x10, 0xc2, 0x18, 0xa3, 0x10, 0xa3, 0x10, 0xc3, 0x18, 0xc3, 0x18,
    0xe3, 0x18, 0xe3, 0x18, 0xe4, 0x18, 0xe4, 0x18, 0xe4, 0x18, 0xe4, 0x18,
    0xc3, 0x18, 0xe4, 0x18, 0xc3, 0x18, 0xe3, 0x20, 0xe4, 0x18, 0xe4, 0x18,
    0x04, 0x21, 0x04, 0x21, 0x04, 0x19, 0x25, 0x21, 0x24, 0x21, 0x04, 0x21,
    0x05, 0x21, 0x25, 0x21, 0x04, 0x21, 0x25, 0x21, 0x25, 0x21, 0x24, 0x21,
    0x25, 0x21, 0x25, 0x21, 0x25, 0x29, 0x24, 0x21, 0x25, 0x21, 0x25, 0x29,
    0x45, 0x21, 0x25, 0x21, 0x25, 0x29, 0x25, 0x21, 0x45, 0x29, 0x86, 0x29,
    0xa7, 0x31, 0xc7, 0x39, 0x66, 0x29, 0x45, 0x29, 0x86, 0x31, 0x86, 0x31,
    0x87, 0x31, 0x86, 0x31, 0xa7, 0x31, 0x66, 0x29, 0x65, 0x29, 0x08, 0x42,
    0x8b, 0x52, 0xcb, 0x52, 0x8a, 0x52, 0xab, 0x52, 0x4e, 0x63, 0x32, 0x84,
    0x6e, 0x6b, 0xf0, 0x7b, 0xd0, 0x73, 0xd0, 0x73, 0x52, 0x84, 0x52, 0x84,
    0xb4, 0x94, 0xd4, 0x94, 0x15, 0x9d, 0x93, 0x8c, 0x32, 0x84, 0x52, 0x8c,
    0x93, 0x8c, 0xf5, 0x94, 0x93, 0x94, 0x73, 0x8c, 0x32, 0x84, 0x72, 0x84,
    0x52, 0x84, 0xb3, 0x94, 0x14, 0x9d, 0x55, 0xa5, 0x55, 0xad, 0x56, 0xad,
    0xf8, 0xbd, 0x19, 0xc6, 0xf8, 0xbd, 0x96, 0xad, 0xb7, 0xb5, 0x35, 0xa5,
    0x76, 0xad, 0xb7, 0xb5, 0x96, 0xad, 0xd8, 0xbd, 0xf8, 0xbd, 0x39, 0xc6,
    0x39, 0xc6, 0x39, 0xc6, 0x19, 0xc6, 0x18, 0xbe, 0x19, 0xc6, 0x18, 0xc6,
    0xd7, 0xb5, 0xb7, 0xb5, 0xf8, 0xbd, 0xd8, 0xbd, 0xd7, 0xbd, 0xf8, 0xbd,
    0x18, 0xbe, 0x18, 0xbe, 0x18, 0xc6, 0x18, 0xbe, 0x18, 0xc6, 0x19, 0xc6,
    0xf8, 0xbd, 0xb7, 0xb5, 0x97, 0xad, 0x76, 0xad, 0x96, 0xad, 0x97, 0xad,
    0x55, 0xa5, 0x14, 0xa5, 0x35, 0xa5, 0x76, 0xad, 0x76, 0xad, 0x56, 0xad,
    0x35, 0xa5, 0xb3, 0x94, 0x93, 0x94, 0x15, 0xa5, 0x15, 0xa5, 0x35, 0xa5,
    0x97, 0xb5, 0x97, 0xb5, 0xb7, 0xb5, 0xd8, 0xbd, 0xf8, 0xbd, 0x96, 0xad,
    0x96, 0xad, 0x96, 0xad, 0x76, 0xad, 0x76, 0xad, 0x35, 0xa5, 0xf4, 0x9c,
    0xf4, 0x9c, 0xf4, 0x9c, 0xf4, 0x9c, 0x56, 0xad, 0xd3, 0x9c, 0xb3, 0x94,
    0x92, 0x94, 0x72, 0x84, 0xb2, 0x8c, 0xd3, 0x94, 0x72, 0x8c, 0x10, 0x7c,
    0x51, 0x84, 0x92, 0x8c, 0x72, 0x8c, 0xb3, 0x94, 0xb4, 0x94, 0xb3, 0x8c,
    0x31, 0x84, 0xf0, 0x7b, 0x10, 0x7c, 0x31, 0x7c, 0x32, 0x84, 0xf1, 0x7b,
    0x8f, 0x6b, 0xb0, 0x73, 0x8f, 0x6b, 0xaf, 0x73, 0x8f, 0x6b, 0x6e, 0x6b,
    0x8f, 0x73, 0x4e, 0x6b, 0x2d, 0x63, 0x6e, 0x6b, 0x4e, 0x63, 0x2e, 0x63,
    0x4d, 0x63, 0x2d, 0x63, 0x2d, 0x63, 0x10, 0x7c, 0xb3, 0x8c, 0x93, 0x8c,
    0x32, 0x84, 0x0c, 0x5b, 0xcb, 0x52, 0xab, 0x52, 0x0c, 0x5b, 0x0d, 0x63,
    0x2d, 0x63, 0x0c, 0x5b, 0xcb, 0x52, 0x49, 0x42, 0x49, 0x42, 0x6a, 0x4a,
    0x0c, 0x5b, 0x4d, 0x63, 0x2d, 0x63, 0x4e, 0x63, 0x4d, 0x63, 0xec, 0x5a,
    0xab, 0x52, 0xab, 0x52, 0xec, 0x5a, 0xcb, 0x52, 0x8a, 0x52, 0xab, 0x52,
    0xcb, 0x52, 0xec, 0x5a, 0xab, 0x52, 0x6a, 0x4a, 0x29, 0x42, 0xe3, 0x18,
    0x61, 0x08, 0x61, 0x08, 0x61, 0x10, 0x61, 0x08, 0x61, 0x08, 0x81, 0x10,
    0x81, 0x10, 0x81, 0x08, 0x61, 0x10, 0x81, 0x10, 0x61, 0x08, 0x61, 0x10,
    0x61, 0x10, 0x62, 0x10, 0x61, 0x10, 0x81, 0x10, 0x82, 0x10, 0x81, 0x10,
    0x61, 0x08, 0x62, 0x10, 0x82, 0x10, 0x61, 0x08, 0x81, 0x10, 0x82, 0x10,
    0x81, 0x10, 0x81, 0x10, 0x82, 0x08, 0x82, 0x10, 0x82, 0x10, 0xa2, 0x10,
    0x82, 0x10, 0x82, 0x10, 0x82, 0x10, 0x82, 0x10, 0x82, 0x10, 0x82, 0x10,
    0xa2, 0x10, 0xa2, 0x10, 0x81, 0x10, 0xa2, 0x10, 0x82, 0x18, 0xa2, 0x10,
    0x82, 0x10, 0xa2, 0x18, 0xa2, 0x10, 0xa2, 0x10, 0xa2, 0x18, 0xa2, 0x10,
    0xa3, 0x10, 0xa3, 0x18, 0xa2, 0x18, 0xa2, 0x10, 0xa3, 0x10, 0xa2, 0x18,
    0xa3, 0x18, 0xa3, 0x10, 0xa2, 0x10, 0xa2, 0x10, 0x82, 0x10, 0xa2, 0x10,
    0xa2, 0x10, 0xa2, 0x10, 0xa2, 0x18, 0xa2, 0x10, 0xa3, 0x18, 0xa2, 0x10,
    0xa2, 0x18, 0xa2, 0x18, 0xa3, 0x10, 0xa2, 0x10, 0x82, 0x10, 0xa3, 0x10,
    0xa2, 0x10, 0xa2, 0x10, 0xa2, 0x10, 0xa2, 0x10, 0xa3, 0x10, 0xc2, 0x10,
    0xa2, 0x10, 0xa3, 0x10, 0xa2, 0x10, 0xa3, 0x18, 0xc3, 0x10, 0xc2, 0x10,
    0xa3, 0x18, 0xa2, 0x10, 0xc3, 0x18, 0xa3, 0x18, 0xc3, 0x10, 0xc3, 0x18,
    0xa2, 0x18, 0xa3, 0x10, 0xc2, 0x10, 0xa2, 0x18, 0xa3, 0x10, 0xc3, 0x18,
    0xc3, 0x10, 0xa2, 0x18, 0xa2, 0x10, 0xc3, 0x10, 0xc3, 0x18, 0xa2, 0x10,
    0xa3, 0x10, 0xc2, 0x18, 0xc2, 0x10, 0xc3, 0x10, 0xa2, 0x18, 0xc2, 0x10,
    0xc3, 0x18, 0xc3, 0x18, 0xc3, 0x18, 0xc3, 0x18, 0xe3, 0x18, 0xe4, 0x18,
    0xe3, 0x18, 0xe4, 0x18, 0xe4, 0x18, 0xc3, 0x18, 0xe4, 0x18, 0xc4, 0x20,
    0xe4, 0x18, 0xe4, 0x18, 0xe4, 0x18, 0x04, 0x19, 0x04, 0x21, 0x05, 0x21,
    0x04, 0x21, 0x04, 0x21, 0x25, 0x21, 0x04, 0x21, 0x04, 0x21, 0x25, 0x21,
    0x25, 0x21, 0x24, 0x21, 0x25, 0x21, 0x25, 0x29, 0x24, 0x21, 0x25, 0x21,
    0x25, 0x21, 0x24, 0x29, 0x25, 0x21, 0x24, 0x21, 0x25, 0x21, 0x45, 0x29,
    0x66, 0x29, 0xa6, 0x31, 0xa7, 0x39, 0xa7, 0x31, 0x66, 0x29, 0x45, 0x29,
    0x86, 0x31, 0x86, 0x29, 0x86, 0x29, 0x86, 0x31, 0xa6, 0x31, 0x66, 0x29,
    0x66, 0x29, 0xc7, 0x39, 0x28, 0x42, 0x6a, 0x4a, 0x8a, 0x4a, 0xec, 0x5a,
    0x11, 0x84, 0x11, 0x7c, 0xaf, 0x73, 0x31, 0x84, 0x31, 0x84, 0x52, 0x84,
    0x73, 0x8c, 0x93, 0x8c, 0xd4, 0x94, 0xf5, 0x9c, 0xd4, 0x94, 0x93, 0x8c,
    0x73, 0x8c, 0xb3, 0x94, 0xb3, 0x8c, 0xf4, 0x9c, 0xb3, 0x94, 0x93, 0x94,
    0xb3, 0x94, 0xd4, 0x94, 0x14, 0x9d, 0x15, 0xa5, 0x35, 0xa5, 0x56, 0xa5,
    0x56, 0xad, 0x97, 0xad, 0x19, 0xc6, 0x59, 0xc6, 0x18, 0xbe, 0x97, 0xb5,
    0xb7, 0xb5, 0xb7, 0xb5, 0xf8, 0xbd, 0xf8, 0xbd, 0xd8, 0xbd, 0xd8, 0xbd,
    0xd7, 0xb5, 0xd7, 0xbd, 0x18, 0xbe, 0x18, 0xbe, 0xf8, 0xbd, 0xf8, 0xbd,
    0x18, 0xbe, 0x18, 0xbe, 0xd8, 0xbd, 0xf8, 0xbd, 0x18, 0xbe, 0x19, 0xc6,
    0x19, 0xc6, 0x59, 0xc6, 0x7a, 0xce, 0x39, 0xc6, 0x19, 0xc6, 0x18, 0xc6,
    0x19, 0xc6, 0x18, 0xc6, 0xf8, 0xbd, 0xd7, 0xbd, 0xd7, 0xb5, 0xb7, 0xb5,
    0x96, 0xad, 0x76, 0xad, 0x76, 0xad, 0x76, 0xad, 0x76, 0xad, 0x76, 0xad,
    0x76, 0xad, 0x96, 0xad, 0x76, 0xad, 0x15, 0xa5, 0xf4, 0x9c, 0x35, 0xa5,
    0x14, 0xa5, 0x35, 0xa5, 0x76, 0xad, 0x96, 0xb5, 0x96, 0xb5, 0xd7, 0xbd,
    0xf8, 0xbd, 0xb7, 0xb5, 0x97, 0xb5, 0x97, 0xb5, 0xb7, 0xb5, 0x76, 0xad,
    0x55, 0xa5, 0xf4, 0x9c, 0xd3, 0x94, 0xd3, 0x94, 0x15, 0xa5, 0x55, 0xad,
    0xb3, 0x94, 0xb3, 0x94, 0x92, 0x8c, 0x51, 0x84, 0x93, 0x8c, 0xb3, 0x94,
    0x72, 0x8c, 0x10, 0x7c, 0x51, 0x84, 0x92, 0x8c, 0x92, 0x8c, 0x92, 0x8c,
    0xb3, 0x94, 0xb3, 0x8c, 0x51, 0x84, 0x31, 0x84, 0x11, 0x7c, 0x31, 0x84,
    0x52, 0x84, 0x11, 0x7c, 0xd0, 0x73, 0x8f, 0x6b, 0x6f, 0x6b, 0x6f, 0x6b,
    0x6e, 0x6b, 0x6f, 0x6b, 0x8f, 0x6b, 0x4e, 0x6b, 0x2d, 0x63, 0x2d, 0x63,
    0x2d, 0x63, 0x2d, 0x63, 0x2d, 0x63, 0xec, 0x5a, 0xec, 0x5a, 0xaf, 0x73,
    0x72, 0x8c, 0x93, 0x8c, 0x11, 0x7c, 0x0c, 0x5b, 0xcc, 0x5a, 0xcb, 0x52,
    0xec, 0x5a, 0x0c, 0x5b, 0x4d, 0x63, 0x6e, 0x6b, 0x2e, 0x63, 0xcb, 0x52,
    0xcb, 0x52, 0xec, 0x5a, 0x0c, 0x5b, 0xcc, 0x5a, 0x0c, 0x63, 0x0d, 0x63,
    0xec, 0x5a, 0xaa, 0x52, 0x8a, 0x4a, 0xcb, 0x52, 0xec, 0x5a, 0xcb, 0x5a,
    0xab, 0x52, 0xcb, 0x5a, 0xec, 0x5a, 0xab, 0x52, 0x49, 0x42, 0x08, 0x42,
    0x08, 0x42, 0x66, 0x29, 0x41, 0x08, 0x61, 0x08, 0x61, 0x10, 0x61, 0x10,
    0x61, 0x08, 0x61, 0x10, 0x82, 0x10, 0x61, 0x08, 0x81, 0x10, 0x82, 0x10,
    0x81, 0x08, 0x61, 0x08, 0x82, 0x10, 0x82, 0x10, 0x61, 0x08, 0x61, 0x08,
    0x82, 0x10, 0x81, 0x10, 0x62, 0x10, 0x81, 0x10, 0x82, 0x10, 0x62, 0x08,
    0x81, 0x10, 0x82, 0x10, 0x82, 0x10, 0x81, 0x10, 0x82, 0x10, 0x82, 0x10,
    0x81, 0x10, 0x82, 0x10, 0xa1, 0x10, 0x81, 0x10, 0x82, 0x10, 0x81, 0x10,
    0xa2, 0x10, 0xa2, 0x10, 0x82, 0x10, 0x82, 0x10, 0xa2, 0x10, 0x82, 0x10,
    0xa2, 0x10, 0x82, 0x10, 0x82, 0x10, 0x82, 0x10, 0xa2, 0x18, 0xa2, 0x10,
    0x82, 0x10, 0xa2, 0x18, 0xa2, 0x10, 0xa2, 0x10, 0xa3, 0x18, 0xa3, 0x18,
    0xa2, 0x18, 0xa2, 0x10, 0xa3, 0x10, 0xa2, 0x10, 0xa2, 0x10, 0xa2, 0x18,
    0xa3, 0x10, 0xa3, 0x10, 0xa2, 0x10, 0xa2, 0x10, 0xa2, 0x18, 0xa3, 0x18,
    0xa3, 0x10, 0xa3, 0x18, 0xa2, 0x18, 0xa2, 0x18, 0xa3, 0x18, 0xa3, 0x18,
    0x82, 0x10, 0xa2, 0x18, 0xa3, 0x10, 0xa3, 0x10, 0xa2, 0x18, 0xa3, 0x10,
    0xa2, 0x10, 0xa3, 0x18, 0xa3, 0x10, 0xc2, 0x10, 0xa2, 0x10, 0xa3, 0x10,
    0xa2, 0x10, 0xa3, 0x10, 0xa2, 0x10, 0xa2, 0x10, 0xc3, 0x18, 0xa2, 0x18,
    0xa2, 0x18, 0xa3, 0x10, 0xa2, 0x10, 0xa3, 0x10, 0xa2, 0x10, 0xa3, 0x10,
    0xa3, 0x10, 0xa2, 0x10, 0xa2, 0x10, 0xa3, 0x10, 0xa3, 0x10, 0xa3, 0x18,
    0xc2, 0x10, 0xa3, 0x18, 0xa3, 0x10, 0xc2, 0x10, 0xa3, 0x18, 0xa3, 0x10,
    0xc3, 0x18, 0xc2, 0x10, 0xc3, 0x10, 0xc3, 0x18, 0xc3, 0x18, 0xe3, 0x18,
    0xc3, 0x18, 0xe3, 0x18, 0xc3, 0x18, 0xc3, 0x18, 0xe4, 0x18, 0xe4, 0x18,
    0xe4, 0x18, 0xe3, 0x18, 0xe4, 0x18, 0xe4, 0x20, 0xe3, 0x18, 0xe4, 0x20,
    0x04, 0x21, 0x04, 0x21, 0x04, 0x19, 0x04, 0x21, 0x04, 0x21, 0x05, 0x21,
    0x24, 0x21, 0x04, 0x21, 0x25, 0x21, 0x04, 0x21, 0x25, 0x21, 0x24, 0x21,
    0x24, 0x21, 0x25, 0x21, 0x24, 0x21, 0x25, 0x21, 0x25, 0x29, 0x25, 0x21,
    0x25, 0x21, 0x45, 0x29, 0x86, 0x31, 0xa7, 0x31, 0xc7, 0x39, 0x66, 0x29,
    0x66, 0x29, 0x45, 0x29, 0x86, 0x29, 0x66, 0x29, 0x86, 0x31, 0x86, 0x31,
    0x86, 0x31, 0x46, 0x29, 0xa6, 0x31, 0xc7, 0x39, 0xe8, 0x39, 0x08, 0x42,
    0x8a, 0x4a, 0x6e, 0x6b, 0xf0, 0x7b, 0x8f, 0x73, 0xd0, 0x7b, 0x52, 0x8c,
    0x93, 0x8c, 0x93, 0x94, 0xd4, 0x94, 0x93, 0x94, 0x93, 0x8c, 0xf5, 0x9c,
    0x93, 0x94, 0x72, 0x84, 0x73, 0x8c, 0x92, 0x8c, 0x72, 0x8c, 0xb4, 0x94,
    0x72, 0x8c, 0xb4, 0x94, 0xf4, 0x9c, 0xf4, 0x9c, 0x14, 0x9d, 0x35, 0xa5,
    0x55, 0xa5, 0x55, 0xa5, 0x76, 0xad, 0xf8, 0xbd, 0x39, 0xc6, 0x59, 0xc6,
    0x19, 0xc6, 0xf8, 0xbd, 0xf8, 0xbd, 0x18, 0xbe, 0xd8, 0xbd, 0xd8, 0xbd,
    0xf8, 0xbd, 0xf8, 0xbd, 0xf8, 0xbd, 0xd8, 0xbd, 0xd7, 0xbd, 0x18, 0xbe,
    0x18, 0xbe, 0xf7, 0xbd, 0xf8, 0xbd, 0x18, 0xbe, 0xf8, 0xc5, 0x19, 0xc6,
    0x39, 0xc6, 0x59, 0xc6, 0x39, 0xc6, 0x59, 0xce, 0x5a, 0xce, 0x59, 0xce,
    0x39, 0xce, 0x39, 0xc6, 0x39, 0xc6, 0x19, 0xc6, 0xf8, 0xbd, 0xb7, 0xb5,
    0xb7, 0xb5, 0xb7, 0xb5, 0xb7, 0xb5, 0x97, 0xb5, 0x76, 0xad, 0x97, 0xb5,
    0x96, 0xad, 0x56, 0xad, 0x76, 0xad, 0x96, 0xad, 0x96, 0xad, 0x96, 0xad,
    0x56, 0xad, 0x35, 0xa5, 0x35, 0xa5, 0x35, 0xa5, 0x56, 0xad, 0x96, 0xb5,
    0x76, 0xad, 0xb7, 0xb5, 0xf8, 0xc5, 0xf8, 0xbd, 0xb7, 0xb5, 0xb7, 0xb5,
    0xb7, 0xb5, 0x96, 0xad, 0x76, 0xad, 0x14, 0xa5, 0xd4, 0x9c, 0xd3, 0x94,
    0x35, 0xa5, 0x35, 0xa5, 0x92, 0x8c, 0xb3, 0x94, 0xb3, 0x94, 0x92, 0x94,
    0xb3, 0x94, 0xb3, 0x94, 0x72, 0x8c, 0x51, 0x84, 0x92, 0x8c, 0x93, 0x94,
    0xb3, 0x94, 0x93, 0x8c, 0x93, 0x8c, 0x72, 0x8c, 0x31, 0x84, 0x52, 0x84,
    0x31, 0x7c, 0x11, 0x7c, 0x52, 0x84, 0x52, 0x84, 0xf0, 0x7b, 0x6f, 0x6b,
    0x4e, 0x6b, 0x4e, 0x6b, 0x4e, 0x6b, 0x8e, 0x6b, 0x8e, 0x6b, 0x4d, 0x63,
    0xab, 0x52, 0x8b, 0x52, 0xab, 0x52, 0xeb, 0x5a, 0xec, 0x5a, 0xcb, 0x5a,
    0xec, 0x5a, 0x8f, 0x6b, 0x10, 0x7c, 0x72, 0x84, 0xd0, 0x7b, 0x4d, 0x63,
    0x0d, 0x63, 0xcc, 0x5a, 0xec, 0x5a, 0x2d, 0x63, 0x6e, 0x6b, 0xd0, 0x73,
    0xaf, 0x73, 0x4e, 0x63, 0xec, 0x5a, 0x0c, 0x63, 0xec, 0x5a, 0xcb, 0x52,
    0x0c, 0x5b, 0x0c, 0x63, 0xeb, 0x5a, 0xab, 0x52, 0xcc, 0x5a, 0x0d, 0x63,
    0x2c, 0x63, 0xec, 0x5a, 0xab, 0x52, 0xeb, 0x5a, 0xcb, 0x52, 0x49, 0x4a,
    0x08, 0x42, 0x08, 0x3a, 0x29, 0x42, 0x86, 0x29, 0x41, 0x08, 0x61, 0x08,
    0x61, 0x10, 0x61, 0x08, 0x61, 0x08, 0x61, 0x10, 0x61, 0x08, 0x61, 0x08,
    0x61, 0x10, 0x61, 0x10, 0x81, 0x10, 0x61, 0x08, 0x81, 0x10, 0x81, 0x10,
    0x62, 0x10, 0x62, 0x10, 0x81, 0x08, 0x81, 0x10, 0x62, 0x08, 0x61, 0x10,
    0x81, 0x10, 0x62, 0x10, 0x81, 0x08, 0x82, 0x10, 0x82, 0x10, 0x82, 0x10,
    0xa2, 0x10, 0x81, 0x10, 0x82, 0x10, 0x82, 0x10, 0x82, 0x10, 0xa2, 0x10,
    0x82, 0x10, 0x82, 0x10, 0xa2, 0x10, 0xa2, 0x10, 0x81, 0x10, 0xa2, 0x10,
    0xa2, 0x18, 0x82, 0x10, 0xa2, 0x18, 0xa2, 0x18, 0xa2, 0x10, 0xa2, 0x10,
    0xa2, 0x18, 0xa2, 0x10, 0xa2, 0x18, 0xa3, 0x18, 0xa2, 0x10, 0x82, 0x10,
    0xa3, 0x10, 0xa2, 0x18, 0xa3, 0x10, 0xc3, 0x10, 0xa2, 0x10, 0xa3, 0x10,
    0xa2, 0x10, 0xa2, 0x10, 0x83, 0x10, 0xa2, 0x10, 0xa3, 0x10, 0xa2, 0x18,
    0xa3, 0x10, 0xa2, 0x10, 0xa3, 0x18, 0xa3, 0x18, 0xa2, 0x10, 0xa2, 0x10,
    0xa2, 0x10, 0xa3, 0x10, 0xa2, 0x18, 0xa2, 0x10, 0xa2, 0x10, 0xa3, 0x10,
    0xa3, 0x18, 0xc2, 0x10, 0xa3, 0x10, 0xa2, 0x18, 0xc3, 0x10, 0xa2, 0x18,
    0xa3, 0x18, 0xc2, 0x10, 0xc3, 0x18, 0xc3, 0x18, 0xa2, 0x10, 0xa3, 0x10,
    0xa3, 0x10, 0xc2, 0x10, 0xa2, 0x18, 0xa3, 0x10, 0xa3, 0x10, 0xc3, 0x18,
    0xc3, 0x18, 0xe4, 0x18, 0x04, 0x21, 0x24, 0x21, 0x25, 0x29, 0x25, 0x21,
    0x25, 0x21, 0x25, 0x29, 0x04, 0x21, 0xe3, 0x18, 0xc3, 0x18, 0xc3, 0x18,
    0xa2, 0x10, 0xa3, 0x18, 0xc3, 0x18, 0xc3, 0x10, 0xa3, 0x10, 0xc3, 0x18,
    0xc3, 0x18, 0xc3, 0x18, 0xc3, 0x18, 0xc3, 0x18, 0xe4, 0x18, 0xc4, 0x18,
    0xe3, 0x18, 0xe4, 0x18, 0xe3, 0x18, 0xc3, 0x18, 0xe4, 0x18, 0xe3, 0x18,
    0xe4, 0x18, 0xe4, 0x18, 0x04, 0x19, 0x04, 0x21, 0x04, 0x19, 0x04, 0x19,
    0x04, 0x21, 0x05, 0x21, 0x25, 0x21, 0x24, 0x21, 0x05, 0x21, 0x25, 0x21,
    0x25, 0x29, 0x25, 0x21, 0x04, 0x21, 0x25, 0x21, 0x25, 0x21, 0x25, 0x21,
    0x24, 0x21, 0x24, 0x21, 0x25, 0x21, 0x66, 0x29, 0x86, 0x31, 0xa7, 0x31,
    0xa6, 0x31, 0x66, 0x29, 0x65, 0x29, 0x45, 0x29, 0x86, 0x31, 0x66, 0x31,
    0x66, 0x29, 0x86, 0x31, 0x86, 0x29, 0x66, 0x29, 0xc7, 0x39, 0xe8, 0x39,
    0xc8, 0x39, 0x6a, 0x4a, 0xec, 0x5a, 0x8e, 0x6b, 0xec, 0x5a, 0x4e, 0x6b,
    0x72, 0x8c, 0x73, 0x84, 0x93, 0x94, 0xd4, 0x9c, 0xf5, 0x9c, 0xb4, 0x94,
    0xf4, 0x9c, 0x15, 0xa5, 0xb3, 0x94, 0x51, 0x84, 0x51, 0x84, 0x52, 0x8c,
    0x72, 0x84, 0xb3, 0x94, 0x93, 0x94, 0xd4, 0x94, 0xf5, 0x9c, 0xd4, 0x94,
    0xf4, 0x9c, 0x15, 0xa5, 0x35, 0xa5, 0x56, 0xad, 0x97, 0xb5, 0x19, 0xbe,
    0x18, 0xc6, 0x19, 0xc6, 0x19, 0xc6, 0x18, 0xbe, 0x18, 0xc6, 0x59, 0xc6,
    0x18, 0xbe, 0xf8, 0xbd, 0x18, 0xc6, 0x39, 0xc6, 0x39, 0xc6, 0xd7, 0xbd,
    0xf7, 0xbd, 0x18, 0xbe, 0xf8, 0xbd, 0xf8, 0xbd, 0x18, 0xc6, 0x18, 0xc6,
    0x39, 0xc6, 0x39, 0xc6, 0x39, 0xc6, 0x59, 0xc6, 0x59, 0xce, 0x39, 0xc6,
    0x39, 0xc6, 0x39, 0xc6, 0x39, 0xc6, 0x39, 0xc6, 0x39, 0xc6, 0x39, 0xc6,
    0xf8, 0xc5, 0x97, 0xb5, 0x96, 0xb5, 0xb7, 0xb5, 0xb7, 0xb5, 0x76, 0xb5,
    0x96, 0xad, 0xb7, 0xb5, 0x97, 0xb5, 0x76, 0xad, 0x76, 0xad, 0x97, 0xb5,
    0x97, 0xb5, 0xb7, 0xb5, 0x96, 0xad, 0x15, 0xa5, 0x14, 0xa5, 0x55, 0xa5,
    0x56, 0xad, 0x56, 0xad, 0x76, 0xad, 0x97, 0xb5, 0xf8, 0xbd, 0x18, 0xc6,
    0xf8, 0xbd, 0xb7, 0xb5, 0x96, 0xb5, 0x76, 0xad, 0x35, 0xa5, 0x15, 0xa5,
    0xf4, 0x9c, 0xd3, 0x9c, 0x55, 0xa5, 0xd4, 0x9c, 0x92, 0x8c, 0xb3, 0x94,
    0xf4, 0x9c, 0xd4, 0x9c, 0xd3, 0x9c, 0xb3, 0x94, 0x92, 0x94, 0x92, 0x8c,
    0xb3, 0x94, 0xb3, 0x94, 0xb3, 0x94, 0x72, 0x8c, 0x31, 0x84, 0x11, 0x7c,
    0x31, 0x84, 0x31, 0x84, 0x31, 0x84, 0x11, 0x7c, 0x52, 0x84, 0x72, 0x84,
    0x31, 0x84, 0xd0, 0x7b, 0x8f, 0x6b, 0x8f, 0x6b, 0x6e, 0x6b, 0x8f, 0x6b,
    0x6e, 0x6b, 0x2d, 0x63, 0xab, 0x52, 0x49, 0x4a, 0x49, 0x4a, 0xab, 0x52,
    0xcc, 0x5a, 0xeb, 0x5a, 0x0c, 0x5b, 0x8f, 0x73, 0xd0, 0x7b, 0x10, 0x7c,
    0xaf, 0x73, 0x4e, 0x6b, 0x0c, 0x5b, 0xcb, 0x5a, 0x0c, 0x63, 0x2d, 0x63,
    0x0d, 0x5b, 0x8f, 0x6b, 0xaf, 0x6b, 0x6e, 0x6b, 0x0c, 0x5b, 0x0c, 0x5b,
    0xeb, 0x5a, 0xab, 0x52, 0xec, 0x5a, 0x0d, 0x5b, 0x0c, 0x5b, 0xec, 0x5a,
    0x4d, 0x63, 0x2d, 0x63, 0x4d, 0x63, 0x0c, 0x5b, 0xab, 0x52, 0xcb, 0x52,
    0x8a, 0x4a, 0x49, 0x42, 0x29, 0x42, 0x08, 0x42, 0x29, 0x42, 0x04, 0x21,
    0x61, 0x08, 0x61, 0x08, 0x61, 0x10, 0x62, 0x08, 0x61, 0x10, 0x61, 0x10,
    0x61, 0x08, 0x61, 0x08, 0x61, 0x08, 0x61, 0x10, 0x81, 0x10, 0x62, 0x10,
    0x81, 0x10, 0x81, 0x08, 0x81, 0x10, 0x81, 0x10, 0x82, 0x10, 0x81, 0x10,
    0x62, 0x08, 0x82, 0x10, 0x82, 0x10, 0x81, 0x10, 0x82, 0x10, 0x81, 0x10,
    0x82, 0x10, 0x82, 0x10, 0x82, 0x10, 0xa2, 0x10, 0xa2, 0x10, 0x82, 0x10,
    0xa2, 0x10, 0x82, 0x10, 0x81, 0x10, 0x82, 0x10, 0xa2, 0x10, 0x82, 0x10,
    0x82, 0x10, 0xa2, 0x10, 0x82, 0x10, 0x82, 0x10, 0xa2, 0x10, 0xa2, 0x18,
    0xa2, 0x10, 0xa2, 0x10, 0x82, 0x18, 0xa2, 0x10, 0xa2, 0x10, 0x82, 0x10,
    0xa2, 0x10, 0xa2, 0x10, 0xa2, 0x10, 0xa2, 0x10, 0xa3, 0x10, 0xa2, 0x10,
    0xa3, 0x18, 0xa3, 0x18, 0xa2, 0x10, 0xa3, 0x10, 0x82, 0x10, 0xa2, 0x10,
    0xa2, 0x10, 0xa3, 0x10, 0xa2, 0x10, 0xa2, 0x18, 0xa3, 0x18, 0xa3, 0x10,
    0xa2, 0x10, 0xa3, 0x18, 0xa3, 0x18, 0xa2, 0x10, 0xa3, 0x10, 0xa3, 0x18,
    0xa2, 0x10, 0xa2, 0x10, 0xa3, 0x10, 0xc2, 0x10, 0xa2, 0x10, 0xa3, 0x10,
    0xa2, 0x10, 0xa3, 0x10, 0xa2, 0x10, 0xa3, 0x10, 0xa2, 0x10, 0xa2, 0x10,
    0xa2, 0x10, 0xa3, 0x10, 0xc3, 0x18, 0xc3, 0x18, 0xe4, 0x18, 0x25, 0x21,
    0x45, 0x29, 0x65, 0x29, 0x86, 0x31, 0x86, 0x31, 0x86, 0x31, 0x86, 0x31,
    0xa6, 0x31, 0xa6, 0x31, 0xa7, 0x31, 0x86, 0x31, 0x86, 0x31, 0x66, 0x29,
    0x24, 0x21, 0xe4, 0x18, 0xc3, 0x18, 0xc3, 0x10, 0xc3, 0x18, 0xc3, 0x18,
    0xa2, 0x10, 0xc3, 0x18, 0xc3, 0x18, 0xc3, 0x10, 0xc3, 0x18, 0xc3, 0x18,
    0xc3, 0x18, 0xe3, 0x18, 0xc4, 0x18, 0xe4, 0x18, 0xe3, 0x20, 0xe3, 0x18,
    0xe4, 0x18, 0xe3, 0x18, 0xe4, 0x18, 0xe4, 0x18, 0xe4, 0x20, 0xe4, 0x18,
    0x04, 0x21, 0x04, 0x21, 0x04, 0x21, 0x04, 0x21, 0x04, 0x21, 0x04, 0x21,
    0x24, 0x21, 0x04, 0x21, 0x24, 0x21, 0x05, 0x21, 0x04, 0x21, 0x24, 0x21,
    0x25, 0x21, 0x04, 0x21, 0x24, 0x21, 0x25, 0x21, 0x45, 0x29, 0x86, 0x31,
    0x86, 0x31, 0xa6, 0x31, 0x86, 0x31, 0x66, 0x29, 0x66, 0x29, 0x45, 0x29,
    0x66, 0x29, 0x86, 0x31, 0x86, 0x29, 0x66, 0x29, 0x66, 0x31, 0xa7, 0x31,
    0xe8, 0x41, 0xc7, 0x39, 0x6a, 0x4a, 0xab, 0x52, 0x8e, 0x6b, 0xec, 0x5a,
    0xcc, 0x52, 0xaf, 0x73, 0xb3, 0x8c, 0x72, 0x8c, 0xb4, 0x94, 0xf5, 0x9c,
    0xd4, 0x9c, 0xd4, 0x9c, 0x56, 0xad, 0x14, 0x9d, 0xb3, 0x94, 0xb3, 0x94,
    0xb3, 0x94, 0x72, 0x8c, 0x92, 0x8c, 0xf4, 0x9c, 0xf5, 0x9c, 0xd4, 0x9c,
    0x15, 0x9d, 0x35, 0xa5, 0x14, 0x9d, 0x55, 0xa5, 0x56, 0xad, 0xb7, 0xb5,
    0xf8, 0xbd, 0x18, 0xbe, 0x18, 0xbe, 0x18, 0xc6, 0x18, 0xc6, 0xf8, 0xbd,
    0x18, 0xc6, 0x9a, 0xd6, 0x9a, 0xd6, 0x59, 0xce, 0x59, 0xc6, 0x5a, 0xce,
    0x5a, 0xce, 0x18, 0xc6, 0x18, 0xc6, 0x38, 0xc6, 0x18, 0xc6, 0x19, 0xc6,
    0x18, 0xc6, 0x39, 0xc6, 0x39, 0xce, 0x5a, 0xce, 0x59, 0xc6, 0x59, 0xc6,
    0x39, 0xce, 0x39, 0xce, 0x39, 0xc6, 0x39, 0xc6, 0xf8, 0xc5, 0x18, 0xc6,
    0x18, 0xc6, 0x19, 0xc6, 0x18, 0xc6, 0xb7, 0xb5, 0xb7, 0xb5, 0x97, 0xb5,
    0x96, 0xb5, 0x76, 0xad, 0x56, 0xad, 0x76, 0xad, 0x76, 0xad, 0x76, 0xad,
    0x97, 0xb5, 0xb7, 0xb5, 0xd7, 0xb5, 0xb7, 0xb5, 0x55, 0xad, 0x14, 0xa5,
    0x15, 0xa5, 0x35, 0xa5, 0x35, 0xa5, 0x35, 0xad, 0x76, 0xad, 0x76, 0xb5,
    0xb7, 0xbd, 0x19, 0xc6, 0x18, 0xc6, 0xb7, 0xb5, 0x96, 0xad, 0x56, 0xad,
    0x14, 0x9d, 0xd4, 0x9c, 0xd4, 0x94, 0xd3, 0x94, 0x56, 0xad, 0xf4, 0x9c,
    0xb3, 0x94, 0xd4, 0x9c, 0x35, 0xa5, 0x14, 0x9d, 0xd3, 0x94, 0x93, 0x94,
    0xb3, 0x94, 0xd4, 0x9c, 0xd3, 0x94, 0xb3, 0x94, 0xb3, 0x94, 0x31, 0x84,
    0xd0, 0x73, 0xaf, 0x73, 0xf0, 0x7b, 0x11, 0x7c, 0xf0, 0x7b, 0xf0, 0x7b,
    0x11, 0x84, 0x32, 0x84, 0x11, 0x7c, 0xf1, 0x7b, 0xd0, 0x6b, 0x8f, 0x6b,
    0x8f, 0x6b, 0x8f, 0x6b, 0x0d, 0x63, 0xec, 0x62, 0xcb, 0x52, 0x6a, 0x4a,
    0x8a, 0x4a, 0xeb, 0x5a, 0x0c, 0x5b, 0xec, 0x5a, 0x2d, 0x63, 0xaf, 0x73,
    0x6e, 0x6b, 0xd0, 0x7b, 0xaf, 0x73, 0x4e, 0x6b, 0x0c, 0x5b, 0xec, 0x5a,
    0xec, 0x5a, 0xab, 0x52, 0xab, 0x52, 0x4e, 0x63, 0xaf, 0x6b, 0x4e, 0x63,
    0x0c, 0x63, 0x0c, 0x5b, 0xcc, 0x5a, 0xcc, 0x5a, 0x0d, 0x5b, 0x4e, 0x6b,
    0x4e, 0x63, 0x6e, 0x6b, 0x6e, 0x6b, 0x2d, 0x63, 0x0d, 0x5b, 0x0c, 0x5b,
    0xcb, 0x52, 0x8b, 0x52, 0x6a, 0x4a, 0x6a, 0x4a, 0x29, 0x42, 0x08, 0x42,
    0x08, 0x3a, 0xe4, 0x18, 0x61, 0x08, 0x61, 0x08, 0x61, 0x10, 0x61, 0x08,
    0x61, 0x08, 0x62, 0x10, 0x61, 0x10, 0x61, 0x10, 0x61, 0x08, 0x61, 0x08,
    0x61, 0x10, 0x81, 0x08, 0x82, 0x10, 0x81, 0x10, 0x81, 0x08, 0x81, 0x10,
    0x62, 0x10, 0x61, 0x10, 0x61, 0x08, 0x82, 0x10, 0x81, 0x10, 0x82, 0x10,
    0x82, 0x10, 0x81, 0x10, 0x82, 0x10, 0x81, 0x10, 0x81, 0x10, 0x82, 0x10,
    0x81, 0x10, 0x81, 0x10, 0x82, 0x10, 0xa2, 0x10, 0x81, 0x10, 0x82, 0x10,
    0xa2, 0x10, 0xa2, 0x10, 0x82, 0x10, 0xa2, 0x10, 0xa1, 0x10, 0x82, 0x10,
    0xa2, 0x10, 0xa2, 0x10, 0xa2, 0x18, 0xa2, 0x10, 0x82, 0x10, 0xa2, 0x18,
    0xa2, 0x10, 0xa2, 0x18, 0xa2, 0x18, 0xa2, 0x10, 0xa3, 0x10, 0xa2, 0x10,
    0xa2, 0x10, 0xa3, 0x10, 0xa2, 0x10, 0xa2, 0x10, 0xa2, 0x10, 0xa3, 0x10,
    0xa2, 0x18, 0xa2, 0x10, 0x83, 0x10, 0xa2, 0x10, 0xa2, 0x10, 0xa3, 0x18,
    0xa2, 0x10, 0xa2, 0x18, 0xa3, 0x18, 0xa2, 0x10, 0xa2, 0x10, 0xa3, 0x10,
    0xa2, 0x10, 0xa3, 0x18, 0xa3, 0x18, 0xa2, 0x10, 0xa3, 0x10, 0xa3, 0x18,
    0xc2, 0x10, 0xa3, 0x10, 0xa3, 0x18, 0xc2, 0x10, 0xa3, 0x10, 0xa2, 0x18,
    0xa3, 0x10, 0xa3, 0x10, 0xc3, 0x18, 0xe4, 0x18, 0x04, 0x21, 0x45, 0x29,
    0x45, 0x29, 0x86, 0x29, 0x86, 0x29, 0x66, 0x29, 0x66, 0x29, 0x66, 0x29,
    0x86, 0x31, 0x66, 0x31, 0x86, 0x29, 0x66, 0x29, 0x46, 0x29, 0x65, 0x29,
    0x66, 0x29, 0x66, 0x31, 0x66, 0x29, 0x45, 0x29, 0x45, 0x29, 0x25, 0x21,
    0xe4, 0x18, 0xc3, 0x18, 0xa2, 0x10, 0xa2, 0x10, 0xc3, 0x10, 0xc3, 0x18,
    0xc3, 0x18, 0xc3, 0x18, 0xc3, 0x18, 0xc3, 0x18, 0xe3, 0x18, 0xc3, 0x18,
    0xc3, 0x18, 0xe3, 0x18, 0xe3, 0x18, 0xc3, 0x18, 0xe4, 0x18, 0xe4, 0x20,
    0xe4, 0x18, 0x04, 0x21, 0x04, 0x21, 0x04, 0x19, 0x04, 0x19, 0x04, 0x21,
    0x04, 0x21, 0x04, 0x21, 0x04, 0x21, 0x04, 0x21, 0x04, 0x21, 0x04, 0x21,
    0x05, 0x21, 0x25, 0x21, 0x25, 0x21, 0x04, 0x21, 0x05, 0x21, 0x25, 0x21,
    0x66, 0x31, 0x66, 0x29, 0x66, 0x29, 0x86, 0x31, 0x66, 0x29, 0x65, 0x29,
    0x45, 0x29, 0x45, 0x29, 0x45, 0x29, 0x86, 0x31, 0x66, 0x29, 0x45, 0x29,
    0x66, 0x29, 0x29, 0x42, 0x08, 0x42, 0x49, 0x42, 0x0d, 0x63, 0x4d, 0x63,
    0x0c, 0x63, 0xab, 0x52, 0xec, 0x5a, 0x11, 0x7c, 0xd4, 0x94, 0x94, 0x94,
    0xb4, 0x94, 0xf5, 0x9c, 0x15, 0x9d, 0x35, 0xa5, 0x55, 0xa5, 0x15, 0xa5,
    0x35, 0xa5, 0x35, 0xa5, 0xf4, 0x9c, 0x93, 0x94, 0x92, 0x8c, 0xf4, 0x9c,
    0xf5, 0x9c, 0x15, 0x9d, 0x56, 0xad, 0x97, 0xb5, 0x96, 0xad, 0xb7, 0xb5,
    0x97, 0xb5, 0xb7, 0xb5, 0xd7, 0xb5, 0xd8, 0xbd, 0xd7, 0xb5, 0xf8, 0xbd,
    0x39, 0xc6, 0x39, 0xc6, 0x7a, 0xce, 0x9b, 0xd6, 0x7a, 0xce, 0x7a, 0xce,
    0x7a, 0xce, 0x9a, 0xd6, 0x9a, 0xce, 0x7a, 0xce, 0x59, 0xce, 0x39, 0xc6,
    0x59, 0xce, 0x59, 0xce, 0x59, 0xc6, 0x39, 0xce, 0x7a, 0xce, 0x5a, 0xce,
    0x59, 0xce, 0x5a, 0xce, 0x39, 0xc6, 0x59, 0xce, 0x5a, 0xc6, 0x39, 0xc6,
    0x18, 0xc6, 0xf8, 0xbd, 0xf8, 0xbd, 0xf8, 0xc5, 0xf8, 0xbd, 0xb7, 0xb5,
    0xb7, 0xb5, 0x97, 0xb5, 0x76, 0xad, 0x76, 0xad, 0x56, 0xad, 0x76, 0xad,
    0x97, 0xb5, 0x96, 0xb5, 0x76, 0xad, 0x96, 0xb5, 0x97, 0xb5, 0x96, 0xb5,
    0x76, 0xad, 0x55, 0xad, 0x35, 0xa5, 0x35, 0xa5, 0x35, 0xa5, 0x15, 0xa5,
    0x55, 0xad, 0x76, 0xad, 0x96, 0xb5, 0xf8, 0xbd, 0x19, 0xc6, 0xd7, 0xb5,
    0x76, 0xad, 0x35, 0xa5, 0xf4, 0x9c, 0x92, 0x8c, 0x72, 0x8c, 0xd4, 0x9c,
    0x55, 0xad, 0x14, 0x9d, 0xf4, 0x9c, 0xf4, 0x9c, 0x35, 0xa5, 0x35, 0xa5,
    0xf4, 0x9c, 0xb3, 0x94, 0xd3, 0x9c, 0xf4, 0x9c, 0xf4, 0x9c, 0x93, 0x94,
    0x72, 0x8c, 0x10, 0x84, 0x8f, 0x73, 0x6e, 0x6b, 0xd0, 0x7b, 0x31, 0x84,
    0x10, 0x7c, 0xf0, 0x7b, 0x10, 0x7c, 0x11, 0x7c, 0x11, 0x7c, 0x11, 0x7c,
    0x11, 0x7c, 0xf0, 0x73, 0xd0, 0x73, 0x6e, 0x6b, 0xcc, 0x5a, 0xcb, 0x5a,
    0xab, 0x52, 0xab, 0x5a, 0xec, 0x5a, 0x0c, 0x5b, 0x0d, 0x63, 0x2d, 0x63,
    0x6e, 0x6b, 0x6e, 0x6b, 0x4d, 0x63, 0xaf, 0x73, 0x8f, 0x73, 0x4e, 0x63,
    0x0c, 0x5b, 0xec, 0x5a, 0xcc, 0x5a, 0xaa, 0x52, 0xab, 0x52, 0x4d, 0x63,
    0x6f, 0x6b, 0x6f, 0x6b, 0x2d, 0x63, 0x0d, 0x5b, 0xcc, 0x5a, 0xcc, 0x5a,
    0x0d, 0x5b, 0x6e, 0x6b, 0xaf, 0x6b, 0x8f, 0x6b, 0x2d, 0x63, 0x0c, 0x63,
    0x0d, 0x63, 0xec, 0x5a, 0xab, 0x52, 0x8a, 0x52, 0xaa, 0x52, 0x8a, 0x4a,
    0x49, 0x4a, 0x49, 0x42, 0x4a, 0x4a, 0xe4, 0x18, 0x61, 0x08, 0x41, 0x08,
    0x61, 0x10, 0x61, 0x10, 0x61, 0x08, 0x62, 0x10, 0x61, 0x08, 0x61, 0x10,
    0x61, 0x10, 0x61, 0x08, 0x62, 0x08, 0x81, 0x10, 0x81, 0x10, 0x62, 0x10,
    0x81, 0x10, 0x81, 0x08, 0x62, 0x10, 0x82, 0x10, 0x61, 0x08, 0x61, 0x10,
    0x61, 0x10, 0x82, 0x08, 0x82, 0x10, 0x82, 0x10, 0x82, 0x10, 0xa2, 0x10,
    0x82, 0x10, 0x82, 0x10, 0xa2, 0x10, 0x82, 0x10, 0x82, 0x10, 0xa2, 0x10,
    0xa2, 0x10, 0x82, 0x10, 0xa2, 0x10, 0x81, 0x10, 0x82, 0x18, 0xa2, 0x10,
    0x82, 0x10, 0xa2, 0x10, 0xa2, 0x18, 0x82, 0x10, 0xa2, 0x18, 0xa2, 0x10,
    0xa2, 0x18, 0x82, 0x10, 0xa2, 0x10, 0xa2, 0x18, 0x82, 0x10, 0xa2, 0x10,
    0xa3, 0x10, 0xa2, 0x10, 0xa3, 0x18, 0xa3, 0x10, 0xc2, 0x10, 0xa2, 0x10,
    0xa3, 0x10, 0x82, 0x10, 0xa3, 0x10, 0xa2, 0x10, 0xa3, 0x10, 0xa2, 0x10,
    0xa3, 0x18, 0xa3, 0x10, 0xa3, 0x18, 0xa3, 0x18, 0xa3, 0x18, 0xa2, 0x10,
    0xc3, 0x10, 0xa2, 0x10, 0xa2, 0x10, 0xc3, 0x10, 0xa2, 0x18, 0xa2, 0x10,
    0xa3, 0x10, 0xa2, 0x18, 0xa2, 0x10, 0xc3, 0x10, 0xa2, 0x18, 0xa2, 0x10,
    0xc3, 0x10, 0xa2, 0x18, 0xa3, 0x18, 0x04, 0x21, 0x24, 0x21, 0x45, 0x29,
    0x66, 0x29, 0x45, 0x29, 0x45, 0x29, 0x45, 0x29, 0x45, 0x29, 0x45, 0x29,
    0x66, 0x29, 0x66, 0x31, 0x86, 0x29, 0x66, 0x31, 0x86, 0x31, 0x86, 0x31,
    0x66, 0x31, 0x45, 0x29, 0x45, 0x29, 0x86, 0x31, 0x86, 0x31, 0x66, 0x29,
    0x66, 0x29, 0x66, 0x29, 0x65, 0x29, 0x25, 0x21, 0xc3, 0x18, 0xa3, 0x10,
    0xc3, 0x18, 0xc2, 0x18, 0xc3, 0x10, 0xc3, 0x18, 0xc3, 0x18, 0xc3, 0x18,
    0xc3, 0x18, 0xc3, 0x18, 0xc3, 0x18, 0xc3, 0x18, 0xc3, 0x18, 0xc3, 0x18,
    0xe4, 0x18, 0xe4, 0x18, 0xe4, 0x18, 0xe4, 0x20, 0x04, 0x21, 0x04, 0x19,
    0x04, 0x21, 0xe4, 0x18, 0x04, 0x19, 0x04, 0x21, 0x04, 0x21, 0x05, 0x21,
    0x05, 0x21, 0x04, 0x21, 0x04, 0x21, 0x05, 0x21, 0x24, 0x21, 0x25, 0x21,
    0x04, 0x21, 0x65, 0x29, 0x86, 0x31, 0x66, 0x29, 0x86, 0x31, 0x66, 0x29,
    0x45, 0x29, 0x45, 0x29, 0x25, 0x21, 0x25, 0x21, 0x45, 0x21, 0x46, 0x29,
    0x65, 0x29, 0x45, 0x29, 0xc7, 0x39, 0x49, 0x4a, 0x4a, 0x42, 0xec, 0x5a,
    0x8f, 0x6b, 0x0d, 0x63, 0xec, 0x5a, 0xab, 0x52, 0x2d, 0x63, 0x93, 0x8c,
    0xf5, 0x9c, 0x93, 0x94, 0x73, 0x8c, 0x93, 0x8c, 0x35, 0xa5, 0x35, 0xa5,
    0x35, 0xa5, 0xf4, 0x9c, 0x76, 0xad, 0x96, 0xb5, 0x76, 0xad, 0x55, 0xa5,
    0x15, 0xa5, 0x35, 0xa5, 0x35, 0xa5, 0x97, 0xb5, 0xd8, 0xb5, 0x97, 0xb5,
    0x76, 0xad, 0xd7, 0xb5, 0xf8, 0xbd, 0xf8, 0xbd, 0xf8, 0xbd, 0x39, 0xc6,
    0x39, 0xc6, 0x59, 0xce, 0x7a, 0xce, 0x9a, 0xd6, 0x9a, 0xd6, 0x9a, 0xd6,
    0x7a, 0xce, 0x7a, 0xce, 0x7a, 0xce, 0x7a, 0xd6, 0x9a, 0xd6, 0x9a, 0xd6,
    0x9a, 0xd6, 0x7a, 0xce, 0x7a, 0xce, 0x7a, 0xce, 0x7a, 0xce, 0x7a, 0xce,
    0x7a, 0xce, 0x7a, 0xce, 0x7a, 0xce, 0x5a, 0xce, 0x5a, 0xce, 0x59, 0xce,
    0x39, 0xc6, 0x39, 0xc6, 0x39, 0xc6, 0x19, 0xc6, 0xf8, 0xbd, 0xf8, 0xbd,
    0xf8, 0xc5, 0xd8, 0xbd, 0xd7, 0xbd, 0x97, 0xb5, 0x76, 0xb5, 0x76, 0xad,
    0x76, 0xad, 0x55, 0xad, 0x97, 0xb5, 0x97, 0xb5, 0x76, 0xad, 0x56, 0xad,
    0x97, 0xb5, 0xb7, 0xb5, 0xb7, 0xb5, 0xb7, 0xb5, 0x76, 0xb5, 0x36, 0xad,
    0x35, 0xa5, 0x35, 0xa5, 0x35, 0xa5, 0x55, 0xa5, 0x56, 0xad, 0xf8, 0xbd,
    0x18, 0xbe, 0xb7, 0xb5, 0x76, 0xad, 0x14, 0x9d, 0xb3, 0x94, 0x72, 0x8c,
    0x72, 0x8c, 0xf4, 0x9c, 0x55, 0xa5, 0x15, 0xa5, 0xf4, 0x9c, 0xf4, 0x9c,
    0x35, 0xa5, 0x55, 0xa5, 0x55, 0xa5, 0x14, 0x9d, 0x15, 0xa5, 0x14, 0xa5,
    0xd3, 0x94, 0x72, 0x8c, 0x31, 0x84, 0xf0, 0x7b, 0xaf, 0x73, 0xd0, 0x73,
    0x11, 0x84, 0x31, 0x84, 0xf0, 0x7b, 0xcf, 0x73, 0x8f, 0x73, 0xd0, 0x73,
    0x11, 0x7c, 0x11, 0x7c, 0xf0, 0x7b, 0xf0, 0x73, 0xaf, 0x73, 0x4d, 0x63,
    0xcb, 0x5a, 0xcb, 0x5a, 0x0c, 0x63, 0x2c, 0x63, 0x4d, 0x63, 0x2d, 0x63,
    0x2d, 0x63, 0x4e, 0x6b, 0x4e, 0x6b, 0x0d, 0x63, 0x4d, 0x63, 0x2d, 0x63,
    0x0d, 0x5b, 0xcc, 0x5a, 0xcb, 0x52, 0xcb, 0x52, 0xcb, 0x52, 0xcb, 0x52,
    0xeb, 0x5a, 0x6e, 0x6b, 0x8f, 0x6b, 0xaf, 0x73, 0x8e, 0x6b, 0x2d, 0x63,
    0xec, 0x5a, 0xcc, 0x52, 0xec, 0x5a, 0x4e, 0x6b, 0x6e, 0x6b, 0x0d, 0x5b,
    0xec, 0x5a, 0xec, 0x5a, 0xec, 0x5a, 0xab, 0x52, 0xaa, 0x52, 0xaa, 0x52,
    0xab, 0x52, 0xcb, 0x52, 0x8a, 0x52, 0x8a, 0x4a, 0x8a, 0x4a, 0x04, 0x21,
    0x61, 0x08, 0x61, 0x08, 0x61, 0x08, 0x61, 0x08, 0x62, 0x10, 0x61, 0x08,
    0x61, 0x08, 0x61, 0x08, 0x61, 0x10, 0x61, 0x10, 0x81, 0x10, 0x61, 0x08,
    0x61, 0x08, 0x61, 0x10, 0x61, 0x08, 0x61, 0x10, 0x82, 0x10, 0x81, 0x10,
    0x61, 0x08, 0x82, 0x10, 0x82, 0x10, 0x81, 0x10, 0x82, 0x10, 0x82, 0x10,
    0x81, 0x10, 0xa2, 0x10, 0x82, 0x10, 0x82, 0x10, 0xa2, 0x10, 0x81, 0x10,
    0x82, 0x10, 0xa2, 0x10, 0x82, 0x10, 0xa2, 0x10, 0xa2, 0x10, 0x82, 0x10,
    0xa2, 0x18, 0xa2, 0x10, 0xa2, 0x18, 0xa2, 0x18, 0xa2, 0x10, 0xa2, 0x18,
    0xa2, 0x10, 0xa2, 0x18, 0xa3, 0x18, 0xa3, 0x10, 0xa2, 0x18, 0xa3, 0x18,
    0xa3, 0x10, 0xa2, 0x10, 0xa3, 0x18, 0xa2, 0x10, 0xa3, 0x10, 0xa2, 0x18,
    0xa2, 0x10, 0x82, 0x10, 0xa3, 0x10, 0xa2, 0x10, 0xa3, 0x18, 0xa3, 0x18,
    0xa2, 0x10, 0xa2, 0x10, 0xa3, 0x10, 0xa2, 0x10, 0xa2, 0x18, 0xc3, 0x10,
    0xa2, 0x10, 0xa2, 0x10, 0xa3, 0x18, 0xc3, 0x10, 0xa2, 0x10, 0xa3, 0x10,
    0xa3, 0x18, 0xa2, 0x18, 0xc3, 0x10, 0xa3, 0x10, 0xa2, 0x10, 0xa3, 0x10,
    0xa2, 0x10, 0xa3, 0x10, 0xc3, 0x10, 0xc3, 0x18, 0x24, 0x21, 0x45, 0x21,
    0x45, 0x29, 0x45, 0x29, 0x66, 0x29, 0x66, 0x29, 0x65, 0x29, 0x66, 0x29,
    0x46, 0x29, 0x65, 0x29, 0x66, 0x29, 0x66, 0x29, 0x65, 0x29, 0x45, 0x29,
    0x45, 0x21, 0x45, 0x29, 0x66, 0x29, 0x86, 0x31, 0x86, 0x31, 0x86, 0x29,
    0xa7, 0x31, 0x86, 0x31, 0x66, 0x29, 0x86, 0x31, 0x86, 0x31, 0x66, 0x31,
    0x45, 0x29, 0xe4, 0x18, 0xc3, 0x18, 0xc3, 0x18, 0xa2, 0x10, 0xc3, 0x10,
    0xc3, 0x18, 0xc3, 0x18, 0xc4, 0x18, 0xc4, 0x18, 0xe3, 0x18, 0xc3, 0x18,
    0xe3, 0x18, 0xe3, 0x18, 0xe4, 0x18, 0xe3, 0x18, 0xe3, 0x20, 0x04, 0x19,
    0x04, 0x21, 0x04, 0x21, 0x04, 0x21, 0x04, 0x21, 0x04, 0x21, 0x04, 0x19,
    0x04, 0x21, 0x04, 0x19, 0x04, 0x19, 0x04, 0x21, 0x04, 0x21, 0x04, 0x21,
    0x25, 0x21, 0x04, 0x21, 0x25, 0x29, 0x86, 0x31, 0x66, 0x29, 0x66, 0x29,
    0x66, 0x31, 0x65, 0x29, 0x25, 0x21, 0x25, 0x21, 0x25, 0x21, 0x25, 0x21,
    0x25, 0x29, 0x25, 0x21, 0x45, 0x29, 0x66, 0x29, 0x6a, 0x4a, 0x29, 0x42,
    0xcc, 0x52, 0x6e, 0x6b, 0x8f, 0x73, 0x0c, 0x5b, 0x0d, 0x63, 0xec, 0x5a,
    0x6e, 0x6b, 0xd4, 0x94, 0x93, 0x8c, 0x73, 0x8c, 0x72, 0x8c, 0x93, 0x94,
    0x15, 0xa5, 0x56, 0xa5, 0x55, 0xa5, 0x35, 0xa5, 0x76, 0xad, 0x56, 0xad,
    0x76, 0xad, 0x97, 0xad, 0x96, 0xad, 0x97, 0xb5, 0xd8, 0xb5, 0x18, 0xbe,
    0xd8, 0xbd, 0x96, 0xad, 0x96, 0xb5, 0xf8, 0xbd, 0x18, 0xbe, 0x39, 0xc6,
    0x5a, 0xce, 0x59, 0xce, 0x39, 0xce, 0x7a, 0xce, 0x7a, 0xce, 0x9a, 0xd6,
    0x7a, 0xce, 0x7a, 0xce, 0x59, 0xce, 0x39, 0xc6, 0x59, 0xce, 0x79, 0xce,
    0x9a, 0xd6, 0x9a, 0xd6, 0x9a, 0xd6, 0x9a, 0xd6, 0xbb, 0xd6, 0xbb, 0xd6,
    0xbb, 0xd6, 0x9a, 0xd6, 0x9a, 0xd6, 0x9a, 0xd6, 0x7a, 0xce, 0x7a, 0xce,
    0x7a, 0xce, 0x7a, 0xce, 0x5a, 0xce, 0x39, 0xce, 0x39, 0xc6, 0xf8, 0xbd,
    0xd7, 0xbd, 0xb7, 0xb5, 0xb7, 0xb5, 0xd8, 0xbd, 0xd8, 0xbd, 0xb7, 0xb5,
    0x96, 0xb5, 0x96, 0xb5, 0x96, 0xb5, 0x35, 0xa5, 0x76, 0xad, 0x76, 0xb5,
    0x55, 0xad, 0x55, 0xa5, 0x97, 0xb5, 0xd7, 0xbd, 0xf8, 0xbd, 0xf8, 0xbd,
    0x97, 0xb5, 0x56, 0xad, 0x56, 0xad, 0x35, 0xa5, 0x35, 0xa5, 0x55, 0xad,
    0x76, 0xad, 0xf8, 0xbd, 0xf8, 0xbd, 0x96, 0xad, 0x55, 0xad, 0xd4, 0x9c,
    0x72, 0x8c, 0x72, 0x8c, 0xb3, 0x94, 0x15, 0xa5, 0x35, 0xa5, 0x35, 0xa5,
    0x35, 0xa5, 0xf4, 0x9c, 0x35, 0xa5, 0x55, 0xad, 0x56, 0xad, 0x35, 0xa5,
    0x15, 0xa5, 0x14, 0x9d, 0xb3, 0x94, 0x51, 0x84, 0xf0, 0x7b, 0xd0, 0x7b,
    0xf0, 0x7b, 0xf0, 0x7b, 0x11, 0x7c, 0x11, 0x7c, 0xaf, 0x73, 0x8f, 0x73,
    0x6e, 0x6b, 0x8f, 0x73, 0xf0, 0x7b, 0xaf, 0x73, 0x8f, 0x6b, 0xd0, 0x73,
    0x6e, 0x6b, 0xec, 0x5a, 0xec, 0x5a, 0x2d, 0x63, 0x4d, 0x63, 0x4d, 0x6b,
    0x6e, 0x6b, 0x4d, 0x63, 0x4d, 0x63, 0x6e, 0x6b, 0x4d, 0x63, 0xec, 0x5a,
    0x0d, 0x63, 0xec, 0x5a, 0xcb, 0x5a, 0xab, 0x52, 0xab, 0x52, 0xcc, 0x5a,
    0x0c, 0x5b, 0x0c, 0x5b, 0x0c, 0x63, 0x6e, 0x6b, 0x8f, 0x6b, 0xd0, 0x73,
    0xb0, 0x73, 0x8f, 0x6b, 0x0d, 0x63, 0xec, 0x5a, 0xcc, 0x5a, 0x2d, 0x63,
    0xed, 0x5a, 0xcc, 0x5a, 0xcc, 0x5a, 0xcc, 0x52, 0xcb, 0x52, 0x8a, 0x52,
    0xab, 0x52, 0xab, 0x52, 0xcb, 0x52, 0xec, 0x5a, 0xab, 0x52, 0xab, 0x52,
    0xab, 0x52, 0x04, 0x21, 0x61, 0x08, 0x61, 0x08, 0x61, 0x10, 0x61, 0x10,
    0x61, 0x08, 0x61, 0x10, 0x61, 0x10, 0x61, 0x08, 0x61, 0x08, 0x61, 0x10,
    0x81, 0x10, 0x61, 0x08, 0x81, 0x10, 0x81, 0x10, 0x61, 0x08, 0x81, 0x08,
    0x62, 0x10, 0x62, 0x10, 0x61, 0x08, 0x82, 0x10, 0x61, 0x10, 0x82, 0x10,
    0x82, 0x10, 0x81, 0x10, 0x82, 0x10, 0x82, 0x10, 0x81, 0x10, 0x81, 0x10,
    0x82, 0x10, 0x82, 0x10, 0x81, 0x10, 0xa2, 0x10, 0x82, 0x10, 0x82, 0x10,
    0xa2, 0x10, 0xa2, 0x10, 0xa2, 0x10, 0x82, 0x10, 0xa2, 0x10, 0x82, 0x10,
    0xa2, 0x10, 0xa2, 0x18, 0xa2, 0x10, 0xa2, 0x10, 0xa2, 0x18, 0xa2, 0x10,
    0xa2, 0x18, 0xa3, 0x10, 0xa2, 0x10, 0x82, 0x10, 0xa3, 0x10, 0xa2, 0x10,
    0xa2, 0x10, 0xa3, 0x10, 0xa3, 0x10, 0xa2, 0x10, 0xa2, 0x18, 0xa2, 0x10,
    0xa3, 0x10, 0xa2, 0x10, 0xa2, 0x10, 0xa3, 0x18, 0xa3, 0x10, 0xa2, 0x10,
    0xa3, 0x18, 0xc3, 0x18, 0xa2, 0x10, 0xa3, 0x10, 0xa2, 0x10, 0xa3, 0x18,
    0xa2, 0x10, 0xa2, 0x10, 0xa3, 0x18, 0xa2, 0x10, 0xc2, 0x10, 0xa3, 0x10,
    0xc3, 0x18, 0xa2, 0x18, 0xa3, 0x10, 0xc2, 0x10, 0xc3, 0x18, 0x04, 0x21,
    0x25, 0x21, 0x45, 0x29, 0x45, 0x29, 0x45, 0x29, 0x45, 0x29, 0x45, 0x29,
    0x66, 0x29, 0x66, 0x29, 0x66, 0x29, 0x66, 0x29, 0x65, 0x29, 0x66, 0x29,
    0x45, 0x29, 0x25, 0x21, 0x25, 0x21, 0x25, 0x21, 0x25, 0x21, 0x25, 0x21,
    0x45, 0x21, 0x45, 0x29, 0x66, 0x29, 0x86, 0x31, 0x86, 0x31, 0x86, 0x31,
    0xa7, 0x31, 0xa7, 0x31, 0x86, 0x29, 0x45, 0x29, 0xe3, 0x18, 0xc3, 0x10,
    0xa3, 0x10, 0xc3, 0x18, 0xc3, 0x18, 0xc3, 0x18, 0xc3, 0x18, 0xc3, 0x18,
    0xc3, 0x18, 0xe3, 0x18, 0xe3, 0x18, 0xc3, 0x18, 0xc4, 0x18, 0xe4, 0x18,
    0xe4, 0x20, 0xe4, 0x18, 0x04, 0x19, 0x04, 0x21, 0x04, 0x21, 0x04, 0x21,
    0x04, 0x21, 0x04, 0x21, 0x04, 0x21, 0x04, 0x21, 0x04, 0x21, 0x04, 0x21,
    0x04, 0x19, 0x04, 0x21, 0x04, 0x21, 0x04, 0x21, 0x66, 0x29, 0xa6, 0x31,
    0x65, 0x29, 0x66, 0x29, 0x65, 0x29, 0x45, 0x29, 0x25, 0x21, 0x25, 0x21,
    0x24, 0x21, 0x04, 0x21, 0x25, 0x21, 0x25, 0x29, 0x45, 0x29, 0x29, 0x42,
    0x4a, 0x4a, 0x6a, 0x4a, 0xec, 0x5a, 0xb0, 0x73, 0x4e, 0x63, 0x2d, 0x63,
    0x0c, 0x63, 0x2d, 0x63, 0x8f, 0x6b, 0xb3, 0x94, 0x52, 0x84, 0x72, 0x8c,
    0xb4, 0x94, 0xf4, 0x9c, 0xf4, 0x9c, 0x35, 0xa5, 0x15, 0xa5, 0x14, 0x9d,
    0x14, 0x9d, 0x55, 0xa5, 0x56, 0xa5, 0x97, 0xb5, 0x97, 0xb5, 0x97, 0xb5,
    0xd8, 0xbd, 0xd8, 0xbd, 0xd7, 0xb5, 0x97, 0xb5, 0xd8, 0xb5, 0x18, 0xbe,
    0x39, 0xc6, 0x7a, 0xce, 0x7a, 0xce, 0x7a, 0xce, 0x79, 0xce, 0x79, 0xce,
    0x59, 0xce, 0x59, 0xce, 0x79, 0xce, 0x7a, 0xce, 0x59, 0xce, 0x39, 0xc6,
    0x39, 0xc6, 0x79, 0xce, 0x9a, 0xd6, 0x9a, 0xce, 0x9a, 0xd6, 0xba, 0xd6,
    0x9a, 0xd6, 0x9a, 0xd6, 0x7a, 0xd6, 0x9a, 0xd6, 0x9a, 0xce, 0x9a, 0xd6,
    0x7a, 0xd6, 0x7a, 0xce, 0x7a, 0xce, 0x79, 0xce, 0x5a, 0xce, 0x5a, 0xce,
    0x19, 0xc6, 0xf8, 0xbd, 0xd7, 0xbd, 0x97, 0xb5, 0x96, 0xb5, 0xb7, 0xb5,
    0xd7, 0xbd, 0x96, 0xb5, 0x97, 0xb5, 0xb7, 0xb5, 0xb7, 0xb5, 0x56, 0xad,
    0x56, 0xad, 0x76, 0xad, 0x56, 0xad, 0x35, 0xa5, 0x76, 0xb5, 0xb7, 0xb5,
    0xd8, 0xbd, 0xd7, 0xbd, 0x97, 0xad, 0x55, 0xa5, 0x35, 0xa5, 0x35, 0xa5,
    0x35, 0xa5, 0x56, 0xad, 0x97, 0xb5, 0x18, 0xc6, 0xd8, 0xbd, 0x76, 0xad,
    0x35, 0xa5, 0x93, 0x94, 0x92, 0x94, 0xb3, 0x94, 0xd4, 0x94, 0x14, 0x9d,
    0xf4, 0x9c, 0x15, 0xa5, 0x35, 0xa5, 0x14, 0x9d, 0x14, 0x9d, 0x55, 0xa5,
    0x56, 0xad, 0x35, 0xa5, 0x14, 0x9d, 0xf4, 0x9c, 0xd3, 0x94, 0x72, 0x8c,
    0x31, 0x84, 0x11, 0x7c, 0xf0, 0x7b, 0xcf, 0x73, 0xf1, 0x7b, 0xf1, 0x7b,
    0x8f, 0x73, 0x6e, 0x6b, 0xec, 0x5a, 0x2d, 0x63, 0x6e, 0x6b, 0x4d, 0x63,
    0x6e, 0x6b, 0x8e, 0x6b, 0x4d, 0x63, 0xcb, 0x5a, 0xec, 0x5a, 0x2d, 0x63,
    0x4d, 0x63, 0x4e, 0x63, 0x4d, 0x63, 0x2d, 0x63, 0x0d, 0x63, 0x2d, 0x63,
    0xcb, 0x52, 0x8a, 0x52, 0xec, 0x5a, 0xec, 0x5a, 0xcc, 0x5a, 0xcb, 0x52,
    0xab, 0x52, 0xec, 0x5a, 0x0d, 0x63, 0xec, 0x5a, 0xec, 0x5a, 0x2d, 0x63,
    0xaf, 0x6b, 0xaf, 0x6b, 0x8f, 0x6b, 0x8f, 0x6b, 0x4e, 0x63, 0x0d, 0x63,
    0x0c, 0x5b, 0xec, 0x5a, 0xec, 0x5a, 0xec, 0x5a, 0xcc, 0x52, 0xcb, 0x52,
    0xab, 0x52, 0x8a, 0x52, 0xab, 0x52, 0x8a, 0x4a, 0xab, 0x52, 0xec, 0x5a,
    0xcb, 0x5a, 0xec, 0x5a, 0xcb, 0x52, 0x04, 0x21, 0x41, 0x08, 0x61, 0x10,
    0x62, 0x10, 0x61, 0x08, 0x61, 0x08, 0x62, 0x10, 0x61, 0x10, 0x61, 0x08,
    0x61, 0x08, 0x61, 0x08, 0x61, 0x10, 0x62, 0x10, 0x81, 0x10, 0x82, 0x10,
    0x61, 0x10, 0x81, 0x08, 0x82, 0x10, 0x61, 0x10, 0x61, 0x08, 0x82, 0x10,
    0x61, 0x10, 0x82, 0x08, 0xa2, 0x10, 0x82, 0x10, 0xa2, 0x10, 0x82, 0x10,
    0xa2, 0x10, 0x82, 0x10, 0x82, 0x10, 0xa2, 0x10, 0x82, 0x10, 0x81, 0x10,
    0xa2, 0x10, 0x82, 0x10, 0x81, 0x10, 0xa2, 0x10, 0xa2, 0x18, 0x82, 0x10,
    0xa2, 0x10, 0xa2, 0x18, 0x82, 0x10, 0xa2, 0x18, 0xa3, 0x18, 0xa2, 0x10,
    0xa2, 0x18, 0xa2, 0x10, 0xa2, 0x18, 0xa3, 0x18, 0xa2, 0x10, 0xa2, 0x10,
    0xa3, 0x18, 0xa2, 0x10, 0xa3, 0x18, 0xa3, 0x10, 0xa2, 0x10, 0xa3, 0x18,
    0xa2, 0x10, 0xa3, 0x10, 0xa3, 0x10, 0xa2, 0x10, 0xa3, 0x10, 0xc3, 0x18,
    0xa3, 0x18, 0xa3, 0x10, 0xa2, 0x10, 0xa2, 0x18, 0xa3, 0x10, 0xc2, 0x10,
    0xa3, 0x10, 0xa2, 0x10, 0xc3, 0x18, 0xc3, 0x10, 0xa2, 0x10, 0xa3, 0x10,
    0xa2, 0x10, 0xa2, 0x10, 0xa3, 0x10, 0xa2, 0x10, 0xa2, 0x10, 0xc3, 0x18,
    0x04, 0x21, 0x45, 0x29, 0x66, 0x29, 0x66, 0x29, 0x66, 0x29, 0x65, 0x29,
    0x66, 0x29, 0x66, 0x29, 0x86, 0x31, 0x86, 0x31, 0x86, 0x31, 0x66, 0x31,
    0x66, 0x29, 0x86, 0x31, 0x66, 0x29, 0x45, 0x29, 0x04, 0x21, 0x25, 0x21,
    0x04, 0x21, 0x25, 0x21, 0x25, 0x21, 0x25, 0x29, 0x25, 0x21, 0x25, 0x21,
    0x45, 0x29, 0x66, 0x29, 0x86, 0x31, 0x86, 0x31, 0x86, 0x29, 0x45, 0x29,
    0x24, 0x21, 0xe3, 0x18, 0xa3, 0x10, 0xc2, 0x10, 0xc3, 0x10, 0xc3, 0x10,
    0xc3, 0x10, 0xc3, 0x18, 0xc3, 0x18, 0xe4, 0x18, 0xc3, 0x18, 0xe4, 0x18,
    0xe3, 0x18, 0xe4, 0x18, 0xe4, 0x20, 0xe4, 0x18, 0x04, 0x21, 0x04, 0x19,
    0x04, 0x21, 0x04, 0x21, 0x04, 0x19, 0x04, 0x21, 0x05, 0x21, 0x04, 0x21,
    0x04, 0x21, 0x04, 0x21, 0x04, 0x19, 0x04, 0x21, 0x04, 0x21, 0x45, 0x21,
    0x86, 0x31, 0x66, 0x29, 0x66, 0x29, 0x66, 0x29, 0x45, 0x29, 0x25, 0x29,
    0x25, 0x21, 0x25, 0x29, 0x24, 0x21, 0x25, 0x21, 0x25, 0x21, 0x24, 0x21,
    0xa6, 0x31, 0x6a, 0x4a, 0x29, 0x42, 0x8b, 0x52, 0x4e, 0x6b, 0xaf, 0x73,
    0x2d, 0x63, 0x4e, 0x63, 0x8e, 0x6b, 0x6e, 0x6b, 0xd0, 0x7b, 0x31, 0x7c,
    0x31, 0x84, 0xb3, 0x94, 0xf4, 0x9c, 0xf4, 0x9c, 0xf4, 0x9c, 0x14, 0x9d,
    0x15, 0xa5, 0xd4, 0x9c, 0xd4, 0x9c, 0x14, 0x9d, 0x35, 0xa5, 0x55, 0xad,
    0x76, 0xad, 0xb7, 0xb5, 0x97, 0xb5, 0xb7, 0xb5, 0x96, 0xb5, 0xd7, 0xb5,
    0xf8, 0xbd, 0x39, 0xc6, 0x79, 0xce, 0x7a, 0xd6, 0x9a, 0xd6, 0x9a, 0xd6,
    0x7a, 0xce, 0x7a, 0xce, 0x59, 0xce, 0x59, 0xce, 0x59, 0xce, 0x59, 0xce,
    0x7a, 0xce, 0x59, 0xce, 0x79, 0xce, 0x9a, 0xd6, 0x9a, 0xd6, 0x9b, 0xd6,
    0x9a, 0xd6, 0x7a, 0xce, 0x7a, 0xce, 0x79, 0xce, 0x59, 0xce, 0x7a, 0xce,
    0x59, 0xce, 0x59, 0xce, 0x59, 0xce, 0x59, 0xce, 0x7a, 0xce, 0x59, 0xce,
    0x59, 0xce, 0x5a, 0xce, 0x39, 0xc6, 0x18, 0xc6, 0xd8, 0xbd, 0xb7, 0xb5,
    0xb7, 0xb5, 0xd8, 0xbd, 0xd7, 0xb5, 0x97, 0xb5, 0x97, 0xb5, 0x96, 0xb5,
    0x97, 0xb5, 0x96, 0xb5, 0x76, 0xad, 0x76, 0xad, 0x76, 0xad, 0x76, 0xad,
    0x96, 0xb5, 0x97, 0xb5, 0xb7, 0xb5, 0xf8, 0xbd, 0x96, 0xad, 0x35, 0xa5,
    0x15, 0xa5, 0x15, 0x9d, 0x15, 0xa5, 0x55, 0xa5, 0xd7, 0xb5, 0xf8, 0xbd,
    0xd7, 0xb5, 0x76, 0xad, 0x15, 0xa5, 0xd3, 0x94, 0xd4, 0x9c, 0xd4, 0x9c,
    0xb3, 0x94, 0xf4, 0x9c, 0xd4, 0x9c, 0x15, 0xa5, 0x14, 0x9d, 0xf4, 0x9c,
    0xf4, 0x9c, 0x35, 0xa5, 0x35, 0xa5, 0x14, 0x9d, 0x15, 0xa5, 0x14, 0x9d,
    0xd4, 0x9c, 0xb3, 0x94, 0x92, 0x8c, 0x51, 0x84, 0xf0, 0x7b, 0xcf, 0x73,
    0x10, 0x7c, 0xf0, 0x7b, 0x8f, 0x73, 0x4d, 0x63, 0xab, 0x52, 0xcc, 0x52,
    0x4d, 0x63, 0x2d, 0x63, 0x0c, 0x5b, 0xec, 0x5a, 0xec, 0x5a, 0x0c, 0x5b,
    0x4d, 0x63, 0x4d, 0x63, 0x0c, 0x5b, 0x0c, 0x5b, 0x0d, 0x63, 0x2d, 0x63,
    0x0d, 0x63, 0xab, 0x52, 0x49, 0x4a, 0x6a, 0x4a, 0x8a, 0x52, 0xcb, 0x52,
    0xcb, 0x52, 0xcc, 0x5a, 0xeb, 0x5a, 0xec, 0x5a, 0xec, 0x5a, 0xec, 0x5a,
    0xec, 0x5a, 0x2d, 0x63, 0x8f, 0x6b, 0x8f, 0x6b, 0x6f, 0x6b, 0x6e, 0x6b,
    0x6e, 0x6b, 0x4e, 0x63, 0x0d, 0x5b, 0xed, 0x5a, 0x2d, 0x63, 0xec, 0x5a,
    0xec, 0x5a, 0xcb, 0x5a, 0xab, 0x52, 0xab, 0x52, 0x8a, 0x52, 0x8a, 0x4a,
    0x8a, 0x52, 0xcc, 0x5a, 0x0c, 0x5b, 0x0c, 0x5b, 0x8a, 0x52, 0xe4, 0x18,
    0x61, 0x08, 0x61, 0x10, 0x61, 0x08, 0x62, 0x10, 0x61, 0x08, 0x61, 0x08,
    0x61, 0x10, 0x61, 0x10, 0x61, 0x10, 0x61, 0x08, 0x81, 0x10, 0x62, 0x08,
    0x61, 0x08, 0x62, 0x10, 0x61, 0x10, 0x81, 0x10, 0x61, 0x08, 0x61, 0x10,
    0x82, 0x10, 0x82, 0x10, 0x61, 0x10, 0x81, 0x10, 0x82, 0x10, 0x82, 0x10,
    0x81, 0x10, 0x82, 0x10, 0xa2, 0x10, 0x81, 0x10, 0x82, 0x10, 0xa2, 0x10,
    0xa2, 0x10, 0xa2, 0x10, 0xa2, 0x10, 0x82, 0x10, 0xa2, 0x10, 0x82, 0x10,
    0x82, 0x10, 0x82, 0x10, 0xa2, 0x10, 0xa2, 0x18, 0xa2, 0x10, 0xa2, 0x10,
    0x82, 0x10, 0xa2, 0x10, 0xa2, 0x10, 0xa2, 0x10, 0xa3, 0x18, 0xa2, 0x10,
    0x82, 0x10, 0xa2, 0x10, 0xa3, 0x10, 0xa2, 0x10, 0xa2, 0x10, 0xc3, 0x18,
    0xa2, 0x10, 0xa3, 0x10, 0xa2, 0x10, 0xa2, 0x10, 0xa3, 0x18, 0xa2, 0x10,
    0xa2, 0x10, 0xc3, 0x18, 0xa2, 0x18, 0xc3, 0x10, 0xc2, 0x10, 0xa3, 0x10,
    0xa3, 0x18, 0xa2, 0x10, 0xc2, 0x10, 0xa3, 0x18, 0xa2, 0x10, 0xa3, 0x10,
    0xa2, 0x10, 0xc3, 0x18, 0xa3, 0x18, 0xa2, 0x10, 0xc3, 0x10, 0xc3, 0x18,
    0xc3, 0x18, 0x25, 0x21, 0x66, 0x29, 0xa7, 0x31, 0x86, 0x31, 0xa7, 0x31,
    0xa6, 0x31, 0xa7, 0x31, 0x86, 0x31, 0x66, 0x29, 0x45, 0x29, 0x45, 0x29,
    0x66, 0x29, 0x65, 0x29, 0x25, 0x21, 0x45, 0x29, 0x86, 0x31, 0x66, 0x29,
    0x45, 0x29, 0x45, 0x29, 0x25, 0x21, 0x04, 0x21, 0x45, 0x29, 0x45, 0x29,
    0x25, 0x21, 0x25, 0x21, 0x25, 0x21, 0x66, 0x29, 0x66, 0x29, 0x45, 0x29,
    0x66, 0x29, 0x45, 0x29, 0x25, 0x21, 0x04, 0x21, 0xc3, 0x18, 0xa3, 0x18,
    0xa2, 0x10, 0xa3, 0x10, 0xc2, 0x18, 0xc3, 0x10, 0xc3, 0x18, 0xc3, 0x18,
    0xe4, 0x18, 0xe4, 0x18, 0xe4, 0x18, 0xe3, 0x18, 0xe4, 0x18, 0xe4, 0x18,
    0x04, 0x21, 0x04, 0x21, 0x04, 0x19, 0xe4, 0x18, 0x04, 0x19, 0x04, 0x19,
    0x04, 0x21, 0x04, 0x19, 0x04, 0x21, 0x04, 0x19, 0x04, 0x21, 0x04, 0x21,
    0x05, 0x21, 0x86, 0x31, 0x66, 0x29, 0x66, 0x29, 0x66, 0x31, 0x45, 0x29,
    0x25, 0x21, 0x25, 0x21, 0x25, 0x29, 0x45, 0x29, 0x25, 0x21, 0x25, 0x29,
    0x25, 0x21, 0x25, 0x21, 0x29, 0x4a, 0x29, 0x42, 0x08, 0x42, 0xcb, 0x52,
    0xaf, 0x73, 0x6e, 0x6b, 0x4d, 0x6b, 0x6e, 0x6b, 0xaf, 0x73, 0xaf, 0x73,
    0xf0, 0x7b, 0xf0, 0x7b, 0x32, 0x84, 0xf4, 0x9c, 0xd3, 0x94, 0xb3, 0x94,
    0xd3, 0x94, 0x15, 0xa5, 0x35, 0xa5, 0xf3, 0x9c, 0xd4, 0x9c, 0xd3, 0x94,
    0xf4, 0x9c, 0x55, 0xa5, 0x35, 0xa5, 0x76, 0xad, 0x75, 0xa5, 0x96, 0xad,
    0xd8, 0xbd, 0xf8, 0xbd, 0x18, 0xbe, 0x39, 0xce, 0x7a, 0xd6, 0x79, 0xce,
    0x7a, 0xce, 0x9a, 0xd6, 0x9a, 0xd6, 0x9b, 0xd6, 0x9a, 0xd6, 0x9a, 0xd6,
    0x9a, 0xce, 0x7a, 0xce, 0x7a, 0xce, 0x7a, 0xce, 0x7a, 0xd6, 0x9a, 0xd6,
    0xba, 0xd6, 0x7a, 0xce, 0x7a, 0xce, 0x39, 0xce, 0x5a, 0xce, 0x39, 0xc6,
    0x39, 0xc6, 0x39, 0xc6, 0x39, 0xc6, 0x39, 0xc6, 0x39, 0xc6, 0x59, 0xce,
    0x39, 0xc6, 0x39, 0xc6, 0x39, 0xc6, 0x39, 0xc6, 0x59, 0xce, 0x19, 0xc6,
    0xf8, 0xc5, 0xb7, 0xb5, 0x76, 0xb5, 0xb7, 0xb5, 0xd7, 0xbd, 0xd7, 0xbd,
    0x55, 0xad, 0x15, 0xa5, 0x55, 0xad, 0x56, 0xad, 0x55, 0xad, 0x35, 0xa5,
    0x76, 0xad, 0x96, 0xb5, 0x97, 0xb5, 0x96, 0xb5, 0xd8, 0xbd, 0xf8, 0xbd,
    0xb7, 0xb5, 0x56, 0xad, 0x35, 0xa5, 0xf4, 0x9c, 0xf4, 0x9c, 0x15, 0xa5,
    0xb7, 0xb5, 0xf8, 0xbd, 0xb7, 0xb5, 0x97, 0xb5, 0xd4, 0x9c, 0xf4, 0x9c,
    0xd4, 0x9c, 0x93, 0x94, 0xb3, 0x94, 0xd4, 0x9c, 0xd4, 0x94, 0xd4, 0x9c,
    0xd4, 0x9c, 0xd3, 0x94, 0x14, 0xa5, 0x35, 0xa5, 0x35, 0xa5, 0x14, 0xa5,
    0x35, 0xa5, 0x14, 0x9d, 0xd3, 0x94, 0xd3, 0x94, 0xb3, 0x94, 0x92, 0x8c,
    0x31, 0x84, 0xf0, 0x7b, 0xf0, 0x7b, 0x8f, 0x73, 0x4e, 0x6b, 0x0c, 0x5b,
    0xec, 0x5a, 0x0d, 0x63, 0x6e, 0x6b, 0x4d, 0x63, 0xcc, 0x5a, 0xcb, 0x5a,
    0xab, 0x52, 0xec, 0x5a, 0x4e, 0x6b, 0x0c, 0x63, 0xab, 0x52, 0xcc, 0x5a,
    0x2d, 0x63, 0x4d, 0x63, 0xec, 0x62, 0x49, 0x4a, 0x29, 0x42, 0x49, 0x4a,
    0x8a, 0x52, 0xab, 0x52, 0xab, 0x52, 0xec, 0x5a, 0xab, 0x52, 0xcb, 0x52,
    0xcb, 0x52, 0xec, 0x5a, 0xeb, 0x5a, 0x0d, 0x63, 0x4e, 0x6b, 0x6e, 0x6b,
    0x4d, 0x63, 0x2d, 0x63, 0x4e, 0x6b, 0x4e, 0x6b, 0x0d, 0x63, 0x4e, 0x6b,
    0x2e, 0x63, 0x0d, 0x63, 0x0c, 0x63, 0xec, 0x5a, 0xec, 0x5a, 0xcc, 0x52,
    0xab, 0x52, 0x8b, 0x4a, 0xab, 0x52, 0xcc, 0x5a, 0xec, 0x5a, 0xec, 0x5a,
    0x49, 0x42, 0xc3, 0x18, 0x61, 0x08, 0x61, 0x10, 0x61, 0x08, 0x61, 0x10,
    0x61, 0x10, 0x61, 0x08, 0x61, 0x08, 0x61, 0x10, 0x61, 0x08, 0x61, 0x10,
    0x61, 0x08, 0x81, 0x10, 0x62, 0x10, 0x81, 0x08, 0x81, 0x08, 0x61, 0x10,
    0x61, 0x10, 0x61, 0x08, 0x81, 0x10, 0x62, 0x08, 0x82, 0x10, 0x81, 0x10,
    0x82, 0x10, 0x82, 0x10, 0x81, 0x10, 0x82, 0x10, 0x82, 0x10, 0xa1, 0x10,
    0x82, 0x10, 0xa2, 0x10, 0x82, 0x10, 0x82, 0x10, 0xa2, 0x10, 0xa2, 0x10,
    0x82, 0x18, 0xa2, 0x10, 0xa2, 0x10, 0x82, 0x10, 0x82, 0x10, 0xa2, 0x18,
    0xa2, 0x10, 0xa2, 0x10, 0xa2, 0x18, 0x82, 0x18, 0xa2, 0x10, 0x82, 0x10,
    0xa3, 0x18, 0xa3, 0x18, 0xa2, 0x10, 0xa2, 0x10, 0xa3, 0x10, 0xa2, 0x10,
    0xa3, 0x10, 0xa2, 0x10, 0xa3, 0x18, 0xa3, 0x10, 0xa2, 0x10, 0xa3, 0x18,
    0xa2, 0x10, 0xa3, 0x10, 0xa3, 0x10, 0xc3, 0x18, 0xc2, 0x18, 0xa3, 0x10,
    0xa3, 0x10, 0xc2, 0x10, 0xa3, 0x10, 0xa2, 0x18, 0xa3, 0x10, 0xc3, 0x10,
    0xa2, 0x10, 0xa2, 0x10, 0xa3, 0x18, 0xc2, 0x10, 0xa3, 0x10, 0xa2, 0x10,
    0xc3, 0x18, 0x04, 0x21, 0x66, 0x29, 0xc7, 0x39, 0x08, 0x42, 0x08, 0x42,
    0xe8, 0x39, 0xc7, 0x39, 0x86, 0x31, 0x66, 0x29, 0x66, 0x29, 0x66, 0x29,
    0x66, 0x31, 0x86, 0x31, 0x66, 0x29, 0x45, 0x29, 0x45, 0x29, 0x25, 0x21,
    0x66, 0x29, 0x86, 0x31, 0x86, 0x31, 0x86, 0x31, 0x86, 0x31, 0x86, 0x31,
    0x66, 0x29, 0x45, 0x29, 0x45, 0x29, 0x45, 0x29, 0x45, 0x29, 0x86, 0x31,
    0xa7, 0x31, 0x46, 0x29, 0x65, 0x29, 0x66, 0x29, 0x45, 0x29, 0x25, 0x21,
    0x04, 0x21, 0xc3, 0x18, 0xa2, 0x10, 0xc3, 0x18, 0xc3, 0x18, 0xc3, 0x18,
    0xc3, 0x18, 0xc3, 0x18, 0xe4, 0x18, 0xe4, 0x18, 0xe4, 0x18, 0xe4, 0x20,
    0xe3, 0x18, 0xe4, 0x18, 0x04, 0x21, 0x04, 0x21, 0x04, 0x21, 0xe4, 0x20,
    0x04, 0x21, 0x04, 0x21, 0x04, 0x21, 0x04, 0x21, 0x04, 0x21, 0x04, 0x19,
    0x04, 0x21, 0x04, 0x21, 0x66, 0x29, 0x86, 0x31, 0x66, 0x29, 0x45, 0x29,
    0x45, 0x29, 0x25, 0x21, 0x24, 0x21, 0x25, 0x21, 0x24, 0x21, 0x45, 0x29,
    0x25, 0x21, 0x24, 0x21, 0x24, 0x21, 0xa6, 0x31, 0x4a, 0x4a, 0xe8, 0x39,
    0x49, 0x42, 0x0c, 0x5b, 0x6e, 0x6b, 0x0d, 0x63, 0x0d, 0x5b, 0x6e, 0x6b,
    0xcf, 0x73, 0x10, 0x7c, 0xf0, 0x7b, 0xf0, 0x7b, 0x72, 0x8c, 0xb3, 0x94,
    0xf4, 0x9c, 0x15, 0xa5, 0xf4, 0x9c, 0x35, 0xa5, 0x55, 0xa5, 0xf4, 0x9c,
    0xd3, 0x94, 0xf4, 0x9c, 0xd4, 0x9c, 0x14, 0x9d, 0x14, 0xa5, 0x55, 0xa5,
    0x35, 0xa5, 0x76, 0xad, 0x18, 0xbe, 0x39, 0xc6, 0x39, 0xc6, 0x59, 0xce,
    0x59, 0xce, 0x59, 0xc6, 0x39, 0xc6, 0x59, 0xce, 0x9a, 0xd6, 0x9a, 0xce,
    0x7a, 0xce, 0x7a, 0xce, 0x9a, 0xd6, 0x9a, 0xd6, 0xbb, 0xd6, 0x9a, 0xd6,
    0x7a, 0xce, 0x7a, 0xce, 0x59, 0xce, 0x39, 0xc6, 0x59, 0xc6, 0x39, 0xc6,
    0x39, 0xc6, 0x39, 0xc6, 0x18, 0xc6, 0x18, 0xc6, 0x38, 0xc6, 0x59, 0xce,
    0x39, 0xc6, 0x39, 0xc6, 0x39, 0xc6, 0x18, 0xc6, 0x18, 0xc6, 0x19, 0xc6,
    0x39, 0xc6, 0x39, 0xc6, 0x19, 0xc6, 0xf8, 0xbd, 0xb7, 0xb5, 0xb7, 0xb5,
    0x96, 0xb5, 0x96, 0xb5, 0x35, 0xa5, 0x35, 0xa5, 0x56, 0xad, 0x56, 0xad,
    0x55, 0xad, 0x35, 0xad, 0x55, 0xad, 0x76, 0xad, 0x96, 0xad, 0x97, 0xb5,
    0xb7, 0xb5, 0xd8, 0xb5, 0xb7, 0xb5, 0x96, 0xad, 0x35, 0xa5, 0xf4, 0x9c,
    0xd4, 0x94, 0x15, 0x9d, 0xd7, 0xbd, 0xd7, 0xbd, 0x97, 0xb5, 0xb7, 0xb5,
    0x14, 0x9d, 0xf4, 0x9c, 0x93, 0x94, 0x52, 0x8c, 0x72, 0x8c, 0xd4, 0x94,
    0xd4, 0x9c, 0xb3, 0x94, 0xb3, 0x94, 0xd4, 0x94, 0xf4, 0x9c, 0x35, 0xa5,
    0x35, 0xa5, 0x35, 0xa5, 0x35, 0xa5, 0xf4, 0x9c, 0xd3, 0x9c, 0xb3, 0x94,
    0x93, 0x94, 0x72, 0x8c, 0x31, 0x84, 0x8f, 0x73, 0x2d, 0x63, 0x2d, 0x63,
    0x2d, 0x63, 0x0d, 0x63, 0x2d, 0x63, 0x4e, 0x6b, 0x6e, 0x6b, 0x0d, 0x63,
    0xab, 0x52, 0x6a, 0x4a, 0x29, 0x4a, 0xeb, 0x5a, 0x6e, 0x6b, 0xcc, 0x5a,
    0xab, 0x52, 0xcb, 0x52, 0x0c, 0x63, 0xec, 0x62, 0x8a, 0x52, 0x49, 0x42,
    0x29, 0x42, 0x49, 0x4a, 0xab, 0x52, 0x8b, 0x52, 0x8a, 0x52, 0xaa, 0x52,
    0xab, 0x52, 0xcb, 0x5a, 0xeb, 0x5a, 0x0c, 0x5b, 0xec, 0x5a, 0x2d, 0x63,
    0x2d, 0x63, 0x2d, 0x63, 0x0c, 0x5b, 0x0c, 0x63, 0x4d, 0x63, 0x6f, 0x6b,
    0x6f, 0x6b, 0x4e, 0x6b, 0x4e, 0x63, 0x2d, 0x63, 0x0c, 0x5b, 0x0c, 0x5b,
    0x2d, 0x63, 0x2d, 0x63, 0x0d, 0x5b, 0x2d, 0x63, 0x4d, 0x63, 0x0d, 0x5b,
    0x0c, 0x5b, 0xec, 0x5a, 0x8a, 0x4a, 0xc4, 0x18, 0x61, 0x10, 0x62, 0x10,
    0x61, 0x08, 0x61, 0x08, 0x61, 0x10, 0x61, 0x10, 0x61, 0x08, 0x61, 0x08,
    0x61, 0x10, 0x61, 0x08, 0x62, 0x08, 0x61, 0x10, 0x61, 0x10, 0x62, 0x10,
    0x81, 0x08, 0x81, 0x10, 0x62, 0x10, 0x81, 0x10, 0x81, 0x10, 0x62, 0x10,
    0x82, 0x10, 0x81, 0x10, 0x82, 0x10, 0xa2, 0x10, 0xa2, 0x10, 0x82, 0x10,
    0x82, 0x10, 0x82, 0x10, 0x81, 0x10, 0x82, 0x10, 0xa2, 0x10, 0x81, 0x10,
    0x82, 0x10, 0xa2, 0x10, 0x81, 0x10, 0xa2, 0x18, 0xa2, 0x10, 0xa2, 0x10,
    0xa2, 0x18, 0xa2, 0x10, 0x82, 0x18, 0xa2, 0x10, 0xa3, 0x10, 0xa2, 0x18,
    0xa2, 0x10, 0xa2, 0x10, 0xa2, 0x18, 0xa3, 0x18, 0xa3, 0x10, 0xa3, 0x10,
    0xa2, 0x18, 0xa3, 0x18, 0xc3, 0x10, 0xa2, 0x10, 0xa2, 0x10, 0xa3, 0x10,
    0xa2, 0x10, 0xa3, 0x10, 0xa2, 0x18, 0xc2, 0x10, 0xa3, 0x10, 0xc3, 0x10,
    0xa2, 0x10, 0xa2, 0x10, 0xa3, 0x18, 0xa2, 0x10, 0xc2, 0x10, 0xa3, 0x10,
    0xa2, 0x18, 0xa3, 0x10, 0xc2, 0x10, 0xa3, 0x18, 0xa3, 0x10, 0xa2, 0x10,
    0xa2, 0x10, 0xc3, 0x10, 0x45, 0x29, 0xc7, 0x39, 0x29, 0x42, 0x6a, 0x4a,
    0x6a, 0x4a, 0x29, 0x42, 0x08, 0x42, 0xa7, 0x39, 0x45, 0x29, 0x25, 0x21,
    0x45, 0x29, 0x45, 0x29, 0x66, 0x29, 0x86, 0x29, 0x45, 0x29, 0x45, 0x29,
    0x45, 0x29, 0x45, 0x29, 0x66, 0x29, 0x86, 0x31, 0x86, 0x31, 0xa7, 0x31,
    0xa7, 0x31, 0x86, 0x29, 0x65, 0x29, 0x45, 0x29, 0x45, 0x29, 0x45, 0x29,
    0x66, 0x29, 0xe8, 0x39, 0x08, 0x42, 0x86, 0x31, 0x66, 0x29, 0x86, 0x31,
    0x46, 0x29, 0x25, 0x21, 0x24, 0x21, 0xc3, 0x18, 0xc3, 0x10, 0xa2, 0x10,
    0xc3, 0x18, 0xc3, 0x10, 0xc3, 0x18, 0xc3, 0x18, 0xe3, 0x18, 0xe4, 0x18,
    0xe4, 0x20, 0xe3, 0x18, 0xe4, 0x18, 0xe4, 0x18, 0x04, 0x21, 0x04, 0x21,
    0x04, 0x19, 0xe4, 0x18, 0x04, 0x21, 0x04, 0x19, 0x04, 0x19, 0x04, 0x21,
    0x04, 0x19, 0x04, 0x21, 0x04, 0x21, 0x25, 0x21, 0x86, 0x31, 0x66, 0x29,
    0x45, 0x29, 0x45, 0x29, 0x25, 0x21, 0x24, 0x21, 0x25, 0x21, 0x24, 0x21,
    0x45, 0x29, 0x25, 0x21, 0x25, 0x21, 0x25, 0x21, 0x25, 0x29, 0x28, 0x42,
    0x29, 0x42, 0xe8, 0x39, 0x8b, 0x52, 0x4e, 0x63, 0x0d, 0x63, 0xcc, 0x5a,
    0xec, 0x5a, 0x8f, 0x6b, 0xf0, 0x7b, 0x31, 0x84, 0xf0, 0x7b, 0x10, 0x7c,
    0xb3, 0x94, 0xd4, 0x94, 0x35, 0xa5, 0x35, 0xa5, 0x55, 0xa5, 0x76, 0xad,
    0x76, 0xad, 0xf4, 0x9c, 0x92, 0x94, 0x93, 0x94, 0x92, 0x8c, 0xb3, 0x94,
    0x35, 0xa5, 0x56, 0xad, 0x55, 0xad, 0xb7, 0xb5, 0x59, 0xc6, 0x59, 0xce,
    0x59, 0xce, 0x59, 0xc6, 0x39, 0xc6, 0x39, 0xc6, 0x38, 0xc6, 0x59, 0xce,
    0x59, 0xce, 0x59, 0xce, 0x39, 0xc6, 0x39, 0xc6, 0x59, 0xce, 0x7a, 0xce,
    0x9a, 0xd6, 0xbb, 0xd6, 0x7a, 0xce, 0x59, 0xce, 0x39, 0xc6, 0x19, 0xc6,
    0x39, 0xc6, 0x39, 0xc6, 0x18, 0xc6, 0x18, 0xc6, 0x18, 0xc6, 0xf8, 0xc5,
    0xf8, 0xbd, 0x38, 0xc6, 0x59, 0xce, 0x59, 0xce, 0x38, 0xc6, 0x18, 0xc6,
    0x18, 0xc6, 0x19, 0xc6, 0x18, 0xc6, 0x18, 0xbe, 0x18, 0xc6, 0xf8, 0xc5,
    0xb7, 0xb5, 0x97, 0xb5, 0x76, 0xad, 0x76, 0xad, 0x55, 0xad, 0x56, 0xad,
    0x76, 0xad, 0x35, 0xa5, 0x35, 0xa5, 0x55, 0xad, 0x35, 0xa5, 0x15, 0xa5,
    0x35, 0xa5, 0x76, 0xad, 0x76, 0xad, 0x97, 0xb5, 0x97, 0xb5, 0xb7, 0xb5,
    0x56, 0xa5, 0xf4, 0x9c, 0xd4, 0x9c, 0x56, 0xa5, 0xd8, 0xbd, 0xd7, 0xbd,
    0xb7, 0xb5, 0x97, 0xb5, 0x56, 0xa5, 0xf4, 0x9c, 0xb3, 0x94, 0x51, 0x84,
    0x52, 0x84, 0xd3, 0x94, 0xb3, 0x94, 0x72, 0x8c, 0x93, 0x94, 0xb3, 0x94,
    0xf4, 0x9c, 0x35, 0xa5, 0x35, 0xa5, 0x35, 0xa5, 0x35, 0xa5, 0xf4, 0x9c,
    0xd3, 0x94, 0xb3, 0x94, 0x93, 0x94, 0x72, 0x8c, 0x31, 0x84, 0x4d, 0x63,
    0xeb, 0x5a, 0xec, 0x5a, 0x4e, 0x63, 0x2d, 0x63, 0x4e, 0x6b, 0x4d, 0x63,
    0x2d, 0x63, 0x2d, 0x63, 0xeb, 0x5a, 0x6a, 0x4a, 0x08, 0x42, 0xab, 0x5a,
    0x2d, 0x63, 0xab, 0x52, 0x8a, 0x52, 0x8a, 0x52, 0x8b, 0x52, 0x8b, 0x52,
    0x8a, 0x52, 0x49, 0x4a, 0x49, 0x42, 0x49, 0x4a, 0x8a, 0x52, 0x6a, 0x4a,
    0x6a, 0x4a, 0x8a, 0x52, 0xab, 0x52, 0xeb, 0x5a, 0xcb, 0x5a, 0xec, 0x5a,
    0x0c, 0x5b, 0x2d, 0x63, 0x0d, 0x63, 0x0d, 0x63, 0x0c, 0x5b, 0x0d, 0x63,
    0x6e, 0x6b, 0xaf, 0x73, 0x8f, 0x73, 0x4f, 0x6b, 0x6e, 0x63, 0x6e, 0x63,
    0x4e, 0x63, 0x4e, 0x63, 0x8e, 0x6b, 0x8f, 0x6b, 0x8f, 0x6b, 0xaf, 0x6b,
    0x6e, 0x63, 0x2d, 0x63, 0x0d, 0x63, 0xec, 0x5a, 0x6a, 0x4a, 0xc3, 0x18,
    0x61, 0x08, 0x61, 0x10, 0x61, 0x08, 0x61, 0x08, 0x61, 0x10, 0x61, 0x10,
    0x61, 0x08, 0x61, 0x10, 0x61, 0x10, 0x62, 0x08, 0x61, 0x10, 0x81, 0x10,
    0x61, 0x08, 0x61, 0x10, 0x81, 0x10, 0x61, 0x08, 0x61, 0x08, 0x81, 0x10,
    0x82, 0x10, 0x61, 0x08, 0x82, 0x10, 0x82, 0x10, 0x82, 0x10, 0x81, 0x10,
    0x82, 0x10, 0x81, 0x10, 0xa2, 0x10, 0x82, 0x10, 0x82, 0x10, 0x81, 0x10,
    0xa2, 0x10, 0xa2, 0x10, 0x82, 0x10, 0x82, 0x10, 0xa2, 0x10, 0xa2, 0x18,
    0xa2, 0x10, 0xa2, 0x18, 0xa2, 0x10, 0x82, 0x10, 0xa2, 0x18, 0xa3, 0x10,
    0x82, 0x10, 0xa2, 0x18, 0xa2, 0x10, 0x83, 0x10, 0xa2, 0x10, 0xa2, 0x18,
    0xa3, 0x18, 0xa2, 0x10, 0xa2, 0x10, 0xa3, 0x10, 0xa2, 0x10, 0xc3, 0x18,
    0xa2, 0x10, 0xc2, 0x18, 0xc3, 0x10, 0xa3, 0x10, 0xc3, 0x18, 0xa2, 0x18,
    0xa2, 0x10, 0xc3, 0x18, 0xc3, 0x10, 0xa2, 0x10, 0xc3, 0x18, 0xc3, 0x18,
    0xa2, 0x10, 0xa3, 0x10, 0xa2, 0x10, 0xa2, 0x18, 0xa3, 0x10, 0xc2, 0x10,
    0xa3, 0x10, 0xa2, 0x18, 0xc3, 0x18, 0x66, 0x29, 0x08, 0x3a, 0x6a, 0x4a,
    0xab, 0x52, 0x6a, 0x4a, 0x49, 0x4a, 0x28, 0x42, 0x08, 0x42, 0xa7, 0x31,
    0x45, 0x29, 0x45, 0x29, 0x25, 0x21, 0x25, 0x21, 0x45, 0x29, 0x45, 0x29,
    0x25, 0x21, 0x25, 0x21, 0x45, 0x29, 0x66, 0x29, 0x66, 0x29, 0x86, 0x29,
    0x66, 0x29, 0x66, 0x29, 0x45, 0x29, 0x04, 0x21, 0x04, 0x21, 0x05, 0x21,
    0x25, 0x21, 0x45, 0x29, 0xc7, 0x39, 0x49, 0x4a, 0x29, 0x42, 0xc7, 0x39,
    0xc7, 0x39, 0xe8, 0x39, 0x86, 0x31, 0x25, 0x29, 0x24, 0x21, 0x04, 0x21,
    0xc3, 0x18, 0xc3, 0x18, 0xc3, 0x18, 0xc3, 0x18, 0xc3, 0x18, 0xe3, 0x18,
    0xe4, 0x18, 0xe4, 0x20, 0xe4, 0x18, 0xe3, 0x18, 0xe4, 0x20, 0xe4, 0x20,
    0x04, 0x21, 0x04, 0x21, 0xe4, 0x18, 0xe4, 0x18, 0x04, 0x21, 0xe4, 0x20,
    0xe4, 0x18, 0xe4, 0x18, 0xe4, 0x18, 0x04, 0x21, 0x04, 0x21, 0x66, 0x29,
    0x86, 0x29, 0x46, 0x29, 0x25, 0x21, 0x24, 0x21, 0x25, 0x21, 0x04, 0x21,
    0x05, 0x21, 0x25, 0x21, 0x24, 0x21, 0x45, 0x29, 0x25, 0x21, 0x24, 0x21,
    0x45, 0x29, 0x4a, 0x4a, 0x29, 0x42, 0x8a, 0x4a, 0xec, 0x5a, 0x4d, 0x6b,
    0xec, 0x5a, 0xcb, 0x52, 0xcc, 0x5a, 0x8f, 0x6b, 0x30, 0x7c, 0x10, 0x7c,
    0x11, 0x7c, 0x52, 0x84, 0x35, 0xa5, 0x76, 0xad, 0x56, 0xad, 0x76, 0xad,
    0xb7, 0xb5, 0xd7, 0xbd, 0x97, 0xb5, 0xd3, 0x94, 0x51, 0x84, 0x31, 0x84,
    0x51, 0x84, 0x93, 0x94, 0x35, 0xa5, 0x55, 0xa5, 0x76, 0xad, 0x18, 0xc6,
    0x19, 0xc6, 0x39, 0xc6, 0x59, 0xce, 0x39, 0xc6, 0x38, 0xc6, 0xf8, 0xc5,
    0xd7, 0xbd, 0x18, 0xbe, 0x59, 0xce, 0x59, 0xce, 0x39, 0xc6, 0x39, 0xce,
    0x59, 0xce, 0x59, 0xce, 0x7a, 0xce, 0x9a, 0xd6, 0x7a, 0xd6, 0x79, 0xce,
    0x39, 0xc6, 0xf8, 0xc5, 0x18, 0xc6, 0x18, 0xc6, 0x19, 0xc6, 0xf8, 0xbd,
    0xf8, 0xbd, 0xf8, 0xbd, 0xf7, 0xbd, 0x18, 0xc6, 0x5a, 0xce, 0x59, 0xce,
    0x18, 0xc6, 0x19, 0xc6, 0x39, 0xc6, 0x19, 0xc6, 0xd7, 0xbd, 0xb7, 0xb5,
    0xf8, 0xbd, 0xd8, 0xbd, 0xb7, 0xb5, 0x96, 0xb5, 0x56, 0xad, 0x35, 0xa5,
    0x76, 0xad, 0x76, 0xad, 0x76, 0xad, 0x35, 0xa5, 0x14, 0xa5, 0x56, 0xa5,
    0x15, 0xa5, 0xb3, 0x94, 0xd3, 0x9c, 0x15, 0xa5, 0x56, 0xa5, 0x96, 0xad,
    0x97, 0xb5, 0x97, 0xb5, 0x97, 0xad, 0xf4, 0x9c, 0x15, 0xa5, 0xb7, 0xb5,
    0xd7, 0xbd, 0xf8, 0xbd, 0xb7, 0xb5, 0x97, 0xad, 0x56, 0xad, 0xf4, 0x9c,
    0xb3, 0x94, 0x72, 0x8c, 0x72, 0x8c, 0x93, 0x94, 0x92, 0x8c, 0x52, 0x8c,
    0x92, 0x8c, 0xd4, 0x9c, 0xd4, 0x9c, 0x35, 0xa5, 0x55, 0xa5, 0x35, 0xa5,
    0x14, 0xa5, 0xf4, 0x9c, 0xb3, 0x94, 0x92, 0x94, 0xb3, 0x94, 0x93, 0x94,
    0x51, 0x84, 0x6e, 0x6b, 0x2d, 0x63, 0xec, 0x5a, 0x4d, 0x63, 0x6e, 0x6b,
    0x6e, 0x6b, 0x0d, 0x5b, 0x2d, 0x63, 0x4d, 0x63, 0xec, 0x5a, 0x6a, 0x4a,
    0x28, 0x42, 0x49, 0x4a, 0x6a, 0x4a, 0x69, 0x4a, 0x6a, 0x4a, 0x6a, 0x4a,
    0x29, 0x42, 0x49, 0x4a, 0x6a, 0x4a, 0x29, 0x42, 0x08, 0x42, 0x6a, 0x4a,
    0x69, 0x4a, 0x49, 0x4a, 0x69, 0x4a, 0x49, 0x4a, 0x6a, 0x4a, 0xab, 0x52,
    0xcb, 0x52, 0xec, 0x5a, 0x2d, 0x63, 0x2d, 0x63, 0x2d, 0x63, 0x0c, 0x63,
    0x2d, 0x63, 0x4e, 0x6b, 0xaf, 0x73, 0xaf, 0x73, 0x6f, 0x6b, 0x4f, 0x6b,
    0x8f, 0x6b, 0xd0, 0x73, 0xd0, 0x73, 0xaf, 0x73, 0xaf, 0x6b, 0xcf, 0x6b,
    0xd0, 0x73, 0x8f, 0x63, 0x4e, 0x63, 0x4e, 0x63, 0xec, 0x52, 0x4a, 0x4a,
    0xc8, 0x39, 0xc3, 0x18, 0x61, 0x08, 0x62, 0x10, 0x61, 0x10, 0x61, 0x08,
    0x61, 0x08, 0x61, 0x10, 0x61, 0x08, 0x61, 0x08, 0x61, 0x08, 0x61, 0x10,
    0x62, 0x10, 0x81, 0x08, 0x62, 0x08, 0x81, 0x10, 0x62, 0x10, 0x82, 0x10,
    0x62, 0x08, 0x61, 0x10, 0x82, 0x10, 0x81, 0x08, 0x82, 0x10, 0x81, 0x10,
    0x82, 0x10, 0x82, 0x10, 0x82, 0x10, 0xa2, 0x10, 0x81, 0x10, 0x82, 0x10,
    0xa2, 0x10, 0x82, 0x10, 0x82, 0x10, 0x82, 0x10, 0xa2, 0x10, 0xa2, 0x10,
    0x81, 0x10, 0x82, 0x10, 0xa2, 0x10, 0x82, 0x10, 0xa2, 0x18, 0xa2, 0x10,
    0xa2, 0x10, 0xa2, 0x18, 0xa2, 0x18, 0xa2, 0x18, 0x83, 0x10, 0xa3, 0x18,
    0xa2, 0x10, 0xa3, 0x10, 0xa2, 0x10, 0xa2, 0x10, 0xa3, 0x10, 0xc2, 0x10,
    0xa3, 0x18, 0xa3, 0x10, 0xa2, 0x10, 0xa3, 0x10, 0xa2, 0x18, 0xa2, 0x10,
    0xa3, 0x10, 0xc3, 0x10, 0xa3, 0x18, 0xa2, 0x10, 0xa2, 0x10, 0xc3, 0x18,
    0xa3, 0x10, 0xa2, 0x10, 0xa3, 0x10, 0xc3, 0x18, 0xc2, 0x10, 0xa3, 0x10,
    0xa3, 0x10, 0xc2, 0x10, 0xa3, 0x10, 0xc3, 0x18, 0x45, 0x29, 0x29, 0x42,
    0x8b, 0x4a, 0xec, 0x5a, 0xec, 0x5a, 0x49, 0x4a, 0x29, 0x42, 0x08, 0x42,
    0xa7, 0x31, 0x45, 0x29, 0x45, 0x21, 0x45, 0x29, 0x45, 0x29, 0x45, 0x29,
    0x45, 0x21, 0x25, 0x21, 0x25, 0x21, 0x25, 0x21, 0x45, 0x29, 0x65, 0x29,
    0x45, 0x29, 0x45, 0x29, 0x45, 0x21, 0x45, 0x29, 0x25, 0x21, 0xe4, 0x18,
    0xe4, 0x18, 0xe4, 0x18, 0x04, 0x21, 0x86, 0x29, 0x29, 0x42, 0x49, 0x4a,
    0x08, 0x42, 0xa7, 0x31, 0xe8, 0x39, 0x69, 0x4a, 0x28, 0x42, 0x66, 0x29,
    0x25, 0x21, 0x25, 0x21, 0xe3, 0x18, 0xc3, 0x18, 0xa3, 0x18, 0xc3, 0x18,
    0xc3, 0x18, 0xe4, 0x18, 0xe4, 0x18, 0xe4, 0x18, 0xe4, 0x18, 0xe4, 0x20,
    0x04, 0x19, 0x04, 0x21, 0xe4, 0x18, 0xe4, 0x18, 0xe4, 0x18, 0xe3, 0x20,
    0xe4, 0x18, 0xe4, 0x18, 0x04, 0x21, 0xe4, 0x20, 0xe4, 0x18, 0xe4, 0x18,
    0x05, 0x21, 0x86, 0x31, 0x45, 0x29, 0x45, 0x29, 0x25, 0x21, 0x04, 0x21,
    0x25, 0x21, 0x04, 0x21, 0x24, 0x21, 0x05, 0x21, 0x25, 0x21, 0x24, 0x21,
    0x25, 0x21, 0x04, 0x21, 0x65, 0x29, 0x6a, 0x4a, 0x6a, 0x4a, 0xab, 0x52,
    0x0c, 0x5b, 0x4e, 0x6b, 0xec, 0x5a, 0xec, 0x5a, 0xec, 0x5a, 0xcf, 0x73,
    0x31, 0x84, 0xf0, 0x73, 0x11, 0x7c, 0xb3, 0x94, 0x55, 0xa5, 0x35, 0xa5,
    0x35, 0xa5, 0xb7, 0xb5, 0xd7, 0xbd, 0xb7, 0xb5, 0xb7, 0xb5, 0x56, 0xad,
    0x92, 0x8c, 0x31, 0x7c, 0x11, 0x84, 0x92, 0x8c, 0xb3, 0x94, 0x15, 0xa5,
    0xb7, 0xb5, 0xf8, 0xbd, 0xf8, 0xbd, 0x38, 0xc6, 0x59, 0xce, 0x39, 0xc6,
    0x39, 0xc6, 0xf7, 0xbd, 0xb7, 0xb5, 0xd8, 0xbd, 0x18, 0xc6, 0x39, 0xc6,
    0x39, 0xc6, 0x59, 0xce, 0x59, 0xc6, 0x39, 0xc6, 0x39, 0xc6, 0x38, 0xc6,
    0x59, 0xce, 0x59, 0xce, 0x39, 0xc6, 0x18, 0xc6, 0x19, 0xc6, 0x18, 0xc6,
    0xf8, 0xbd, 0xd8, 0xbd, 0xd8, 0xbd, 0xf7, 0xbd, 0xf8, 0xbd, 0x39, 0xc6,
    0x7a, 0xce, 0x59, 0xce, 0x39, 0xc6, 0x59, 0xce, 0x39, 0xc6, 0x39, 0xc6,
    0xf8, 0xbd, 0xf8, 0xbd, 0x18, 0xc6, 0xf8, 0xbd, 0x96, 0xb5, 0x35, 0xa5,
    0x75, 0xad, 0x55, 0xad, 0x76, 0xad, 0x96, 0xb5, 0x76, 0xad, 0x15, 0xa5,
    0xf4, 0x9c, 0x35, 0xad, 0x15, 0xa5, 0xd3, 0x94, 0xb3, 0x94, 0xd4, 0x9c,
    0x35, 0xa5, 0x56, 0xad, 0x97, 0xad, 0x96, 0xad, 0x76, 0xad, 0x55, 0xa5,
    0x35, 0xad, 0x76, 0xb5, 0xd8, 0xbd, 0xd7, 0xb5, 0x97, 0xb5, 0x76, 0xad,
    0x35, 0xa5, 0xf4, 0x9c, 0x72, 0x8c, 0x72, 0x8c, 0x72, 0x8c, 0x72, 0x8c,
    0x52, 0x8c, 0x52, 0x8c, 0x72, 0x8c, 0xf4, 0x9c, 0xd4, 0x9c, 0xf4, 0x9c,
    0x35, 0xa5, 0x14, 0xa5, 0xf4, 0x9c, 0xd4, 0x94, 0xb3, 0x94, 0x92, 0x94,
    0xb3, 0x94, 0x93, 0x94, 0x51, 0x84, 0xf0, 0x7b, 0x6e, 0x6b, 0x2d, 0x63,
    0x4e, 0x6b, 0x8f, 0x6b, 0x6f, 0x6b, 0x0c, 0x5b, 0x0d, 0x63, 0x4e, 0x6b,
    0xec, 0x5a, 0x8a, 0x4a, 0x29, 0x42, 0x08, 0x42, 0x28, 0x42, 0x49, 0x4a,
    0x6a, 0x4a, 0x6a, 0x4a, 0x49, 0x4a, 0x49, 0x4a, 0x8a, 0x4a, 0x4a, 0x4a,
    0x08, 0x42, 0x29, 0x42, 0x29, 0x42, 0x29, 0x42, 0x69, 0x4a, 0x6a, 0x4a,
    0x6a, 0x4a, 0x8a, 0x4a, 0xcb, 0x52, 0x0c, 0x5b, 0x4e, 0x63, 0x6e, 0x6b,
    0x4e, 0x6b, 0x4e, 0x63, 0x6e, 0x6b, 0x8f, 0x6b, 0xaf, 0x73, 0x8e, 0x6b,
    0x4e, 0x63, 0x6e, 0x6b, 0x8f, 0x73, 0xd0, 0x73, 0xf0, 0x7b, 0xf0, 0x73,
    0xd0, 0x73, 0xcf, 0x73, 0x8f, 0x6b, 0x4e, 0x63, 0x2d, 0x63, 0xec, 0x5a,
    0x49, 0x42, 0xe8, 0x39, 0x08, 0x3a, 0xe4, 0x18, 0x61, 0x08, 0x61, 0x10,
    0x62, 0x10, 0x61, 0x08, 0x61, 0x10, 0x61, 0x10, 0x61, 0x08, 0x61, 0x10,
    0x61, 0x10, 0x62, 0x08, 0x61, 0x10, 0x61, 0x10, 0x62, 0x10, 0x81, 0x08,
    0x61, 0x10, 0x81, 0x10, 0x62, 0x08, 0x62, 0x10, 0x61, 0x10, 0x82, 0x10,
    0x61, 0x10, 0x81, 0x08, 0x82, 0x10, 0x81, 0x10, 0x82, 0x10, 0x82, 0x10,
    0x82, 0x10, 0x81, 0x10, 0xa2, 0x10, 0x82, 0x10, 0x81, 0x10, 0x81, 0x10,
    0xa2, 0x10, 0x82, 0x10, 0x82, 0x10, 0xa2, 0x10, 0x82, 0x10, 0x82, 0x10,
    0xa2, 0x18, 0xa2, 0x10, 0x82, 0x10, 0x82, 0x10, 0xa2, 0x10, 0xa2, 0x18,
    0xa2, 0x18, 0xa3, 0x10, 0xa2, 0x18, 0xa3, 0x18, 0xa3, 0x10, 0xa3, 0x10,
    0xa2, 0x10, 0xa2, 0x18, 0xa3, 0x10, 0xc2, 0x10, 0xa3, 0x10, 0xa3, 0x10,
    0xa2, 0x10, 0xa2, 0x10, 0xc3, 0x18, 0xc3, 0x10, 0xc2, 0x10, 0xa3, 0x18,
    0xa2, 0x10, 0xa3, 0x10, 0xc3, 0x18, 0xc2, 0x10, 0xa3, 0x18, 0xc3, 0x10,
    0xc2, 0x18, 0xa3, 0x18, 0xa2, 0x10, 0xa3, 0x10, 0xa3, 0x18, 0x04, 0x21,
    0x08, 0x3a, 0x8b, 0x52, 0xcc, 0x5a, 0xcb, 0x52, 0x6a, 0x4a, 0x08, 0x42,
    0x08, 0x42, 0xa7, 0x31, 0x65, 0x29, 0x25, 0x21, 0x45, 0x21, 0x45, 0x29,
    0x45, 0x29, 0x45, 0x29, 0x45, 0x29, 0x25, 0x21, 0x25, 0x21, 0x25, 0x21,
    0x45, 0x29, 0x25, 0x21, 0x25, 0x21, 0x25, 0x21, 0x25, 0x29, 0x45, 0x29,
    0x04, 0x21, 0x04, 0x21, 0xe3, 0x18, 0xc3, 0x18, 0x25, 0x21, 0xc7, 0x39,
    0x28, 0x42, 0x08, 0x3a, 0xe7, 0x39, 0xa7, 0x31, 0x29, 0x42, 0xab, 0x52,
    0x6a, 0x4a, 0xc7, 0x39, 0x25, 0x21, 0x24, 0x21, 0x04, 0x21, 0xc3, 0x10,
    0xa3, 0x18, 0xc3, 0x18, 0xe3, 0x18, 0xe3, 0x18, 0xe4, 0x18, 0xe4, 0x18,
    0xe3, 0x18, 0x04, 0x21, 0x04, 0x19, 0xe4, 0x18, 0xe3, 0x18, 0xe4, 0x18,
    0xe4, 0x18, 0xe3, 0x18, 0xe3, 0x18, 0xe4, 0x18, 0xe4, 0x18, 0x04, 0x21,
    0xe4, 0x18, 0x04, 0x21, 0x25, 0x21, 0x65, 0x29, 0x25, 0x21, 0x04, 0x21,
    0x04, 0x21, 0x04, 0x21, 0x04, 0x21, 0x05, 0x21, 0x04, 0x21, 0x04, 0x21,
    0x04, 0x21, 0x04, 0x21, 0x05, 0x21, 0x04, 0x21, 0xa7, 0x31, 0x49, 0x4a,
    0x29, 0x42, 0xcb, 0x52, 0x4d, 0x63, 0x4e, 0x6b, 0xec, 0x5a, 0xcc, 0x52,
    0xec, 0x5a, 0x10, 0x7c, 0x31, 0x84, 0xf0, 0x7b, 0x31, 0x84, 0xf4, 0x9c,
    0x55, 0xa5, 0x14, 0x9d, 0xd4, 0x9c, 0x96, 0xad, 0xb7, 0xb5, 0xb7, 0xb5,
    0xb7, 0xb5, 0x97, 0xb5, 0x97, 0xad, 0xf4, 0x9c, 0x72, 0x8c, 0x72, 0x8c,
    0xb3, 0x94, 0x56, 0xa5, 0xd7, 0xb5, 0xf8, 0xbd, 0xf7, 0xbd, 0x18, 0xbe,
    0x39, 0xc6, 0x39, 0xc6, 0x39, 0xc6, 0xf8, 0xbd, 0xf7, 0xbd, 0xf8, 0xbd,
    0xf8, 0xbd, 0x18, 0xc6, 0x39, 0xc6, 0x59, 0xce, 0x39, 0xc6, 0x38, 0xc6,
    0x39, 0xc6, 0x18, 0xc6, 0xf8, 0xbd, 0x59, 0xce, 0x59, 0xc6, 0x39, 0xc6,
    0x18, 0xc6, 0xf8, 0xbd, 0xf8, 0xc5, 0xf8, 0xbd, 0xf7, 0xbd, 0xf7, 0xbd,
    0x18, 0xc6, 0x39, 0xc6, 0x59, 0xce, 0x7a, 0xce, 0x59, 0xce, 0x7a, 0xce,
    0x59, 0xce, 0x38, 0xc6, 0xf8, 0xc5, 0x18, 0xc6, 0x18, 0xc6, 0xd7, 0xbd,
    0x55, 0xad, 0x14, 0xa5, 0x35, 0xa5, 0x55, 0xad, 0x76, 0xad, 0x96, 0xb5,
    0x56, 0xad, 0xf4, 0x9c, 0xb3, 0x94, 0x14, 0xa5, 0x15, 0xa5, 0xd3, 0x94,
    0x72, 0x8c, 0x52, 0x8c, 0xb3, 0x94, 0x35, 0xa5, 0x97, 0xad, 0x97, 0xb5,
    0x97, 0xb5, 0x76, 0xad, 0x35, 0xa5, 0x76, 0xad, 0xb7, 0xb5, 0x96, 0xb5,
    0x76, 0xad, 0x35, 0xa5, 0xf4, 0x9c, 0xb3, 0x94, 0x11, 0x84, 0x32, 0x84,
    0x52, 0x84, 0x11, 0x84, 0x72, 0x8c, 0x52, 0x8c, 0x52, 0x8c, 0xd4, 0x9c,
    0xd4, 0x94, 0xf4, 0x9c, 0x15, 0xa5, 0x14, 0x9d, 0xd3, 0x94, 0xb3, 0x94,
    0x93, 0x94, 0xb3, 0x94, 0xb3, 0x94, 0x93, 0x94, 0x72, 0x8c, 0x10, 0x7c,
    0xaf, 0x73, 0x4d, 0x63, 0x4e, 0x6b, 0x6f, 0x6b, 0x4e, 0x6b, 0xec, 0x5a,
    0x2d, 0x63, 0x4e, 0x6b, 0xec, 0x5a, 0x8a, 0x52, 0x29, 0x42, 0xe8, 0x39,
    0xe8, 0x39, 0xe8, 0x39, 0x29, 0x4a, 0x69, 0x4a, 0x49, 0x4a, 0x49, 0x4a,
    0x49, 0x42, 0x6a, 0x4a, 0x6a, 0x4a, 0x29, 0x4a, 0x08, 0x42, 0x08, 0x42,
    0x29, 0x42, 0x49, 0x4a, 0x6a, 0x4a, 0x8a, 0x52, 0xcb, 0x52, 0x0d, 0x63,
    0x4e, 0x6b, 0xaf, 0x73, 0x8f, 0x6b, 0x8f, 0x73, 0x90, 0x73, 0xaf, 0x73,
    0xaf, 0x73, 0x4e, 0x6b, 0x4e, 0x63, 0x8f, 0x73, 0x8f, 0x6b, 0x90, 0x6b,
    0xf0, 0x73, 0xf0, 0x73, 0xd0, 0x73, 0x6e, 0x6b, 0x2d, 0x63, 0x0d, 0x5b,
    0xec, 0x5a, 0x49, 0x42, 0x08, 0x42, 0x08, 0x3a, 0x29, 0x42, 0xe4, 0x18,
    0x61, 0x08, 0x61, 0x10, 0x61, 0x10, 0x61, 0x08, 0x61, 0x10, 0x61, 0x10,
    0x61, 0x08, 0x61, 0x10, 0x61, 0x08, 0x61, 0x08, 0x61, 0x08, 0x81, 0x10,
    0x61, 0x10, 0x61, 0x08, 0x61, 0x08, 0x82, 0x10, 0x81, 0x10, 0x61, 0x08,
    0x61, 0x08, 0x61, 0x10, 0x82, 0x10, 0x62, 0x08, 0x82, 0x10, 0x81, 0x10,
    0xa2, 0x10, 0x82, 0x10, 0x81, 0x10, 0xa2, 0x10, 0x82, 0x10, 0x82, 0x10,
    0x82, 0x10, 0x81, 0x10, 0xa2, 0x10, 0x82, 0x10, 0xa2, 0x10, 0xa2, 0x18,
    0x82, 0x10, 0xa2, 0x10, 0xa2, 0x18, 0xa2, 0x10, 0xa2, 0x18, 0xa3, 0x10,
    0xa3, 0x10, 0xa2, 0x10, 0xa2, 0x18, 0xa3, 0x10, 0xa2, 0x10, 0xa2, 0x18,
    0xa3, 0x18, 0xa2, 0x10, 0xa3, 0x10, 0xa3, 0x10, 0xa2, 0x10, 0xc2, 0x18,
    0xa3, 0x18, 0xc2, 0x10, 0xc3, 0x18, 0xc3, 0x18, 0xc3, 0x18, 0xa2, 0x10,
    0xc3, 0x10, 0xc3, 0x18, 0xc3, 0x10, 0xa2, 0x10, 0xc3, 0x18, 0xa2, 0x10,
    0xa3, 0x10, 0xc3, 0x10, 0xa2, 0x10, 0xc3, 0x18, 0xa2, 0x10, 0xa3, 0x10,
    0xe4, 0x18, 0xc7, 0x39, 0x8b, 0x4a, 0x8a, 0x52, 0x6a, 0x4a, 0x49, 0x42,
    0xe7, 0x39, 0xc7, 0x39, 0xc7, 0x39, 0x45, 0x29, 0x45, 0x29, 0x25, 0x29,
    0x45, 0x29, 0x46, 0x29, 0x46, 0x29, 0x65, 0x29, 0x45, 0x29, 0x25, 0x29,
    0x45, 0x29, 0x25, 0x29, 0x25, 0x21, 0x04, 0x21, 0x04, 0x21, 0x04, 0x21,
    0x25, 0x21, 0x45, 0x29, 0x25, 0x21, 0x04, 0x21, 0xe4, 0x18, 0x04, 0x21,
    0x86, 0x31, 0xc7, 0x39, 0xc7, 0x39, 0xc7, 0x39, 0xa7, 0x31, 0xc7, 0x39,
    0x4a, 0x4a, 0x0c, 0x5b, 0x8b, 0x52, 0x29, 0x42, 0x66, 0x31, 0x04, 0x21,
    0x24, 0x21, 0xc3, 0x18, 0xc3, 0x18, 0xc3, 0x10, 0xc3, 0x18, 0xc3, 0x18,
    0xe3, 0x18, 0xe4, 0x18, 0xe4, 0x18, 0xe3, 0x18, 0xe3, 0x18, 0xe3, 0x18,
    0xc3, 0x18, 0xc3, 0x18, 0xe4, 0x18, 0xc3, 0x18, 0xe3, 0x18, 0xe4, 0x18,
    0xe4, 0x20, 0xe3, 0x18, 0x04, 0x21, 0x25, 0x21, 0x45, 0x29, 0x25, 0x21,
    0x04, 0x21, 0x05, 0x21, 0x04, 0x21, 0x25, 0x21, 0x04, 0x21, 0x05, 0x21,
    0x04, 0x21, 0x24, 0x21, 0x05, 0x21, 0x04, 0x21, 0x04, 0x21, 0x04, 0x21,
    0xe8, 0x39, 0x49, 0x4a, 0x29, 0x42, 0x8b, 0x52, 0x2d, 0x63, 0x2d, 0x63,
    0xec, 0x5a, 0xcc, 0x52, 0xec, 0x5a, 0x11, 0x7c, 0x31, 0x84, 0x11, 0x84,
    0x31, 0x84, 0x35, 0xa5, 0x55, 0xa5, 0x35, 0xa5, 0x14, 0x9d, 0x35, 0xa5,
    0x96, 0xb5, 0xd7, 0xb5, 0xd8, 0xbd, 0xb7, 0xb5, 0xb7, 0xb5, 0xb7, 0xb5,
    0x96, 0xad, 0x76, 0xad, 0x97, 0xb5, 0xd8, 0xbd, 0xf8, 0xbd, 0xd7, 0xb5,
    0xd7, 0xb5, 0xf8, 0xbd, 0x18, 0xbe, 0xf7, 0xbd, 0x18, 0xc6, 0xf7, 0xbd,
    0xd7, 0xbd, 0xf7, 0xbd, 0x18, 0xc6, 0x59, 0xce, 0x59, 0xce, 0x59, 0xce,
    0x38, 0xc6, 0x18, 0xc6, 0x18, 0xc6, 0x39, 0xc6, 0x39, 0xc6, 0x59, 0xce,
    0x59, 0xce, 0x39, 0xc6, 0x18, 0xc6, 0xf8, 0xbd, 0x18, 0xc6, 0x18, 0xc6,
    0xf8, 0xbd, 0xf8, 0xbd, 0x18, 0xc6, 0x39, 0xc6, 0x59, 0xce, 0x7a, 0xce,
    0x5a, 0xce, 0x79, 0xce, 0x5a, 0xce, 0x59, 0xce, 0x38, 0xc6, 0x18, 0xc6,
    0xd8, 0xbd, 0x96, 0xb5, 0x34, 0xa5, 0xf4, 0x9c, 0x56, 0xad, 0x76, 0xad,
    0x97, 0xb5, 0x97, 0xb5, 0x96, 0xb5, 0x35, 0xa5, 0xb3, 0x9c, 0x14, 0xa5,
    0xf4, 0x9c, 0xd3, 0x94, 0x72, 0x8c, 0x51, 0x84, 0x92, 0x8c, 0x15, 0xa5,
    0x76, 0xad, 0xb7, 0xb5, 0xb7, 0xb5, 0x76, 0xad, 0x55, 0xad, 0x76, 0xad,
    0x96, 0xb5, 0x56, 0xad, 0x56, 0xad, 0x14, 0x9d, 0x92, 0x8c, 0x72, 0x8c,
    0x8f, 0x73, 0xcf, 0x7b, 0x10, 0x7c, 0x11, 0x7c, 0x52, 0x8c, 0x72, 0x8c,
    0x72, 0x8c, 0xf4, 0x9c, 0xd4, 0x94, 0xf4, 0x9c, 0x14, 0x9d, 0xf4, 0x9c,
    0x93, 0x94, 0xb3, 0x94, 0xb3, 0x94, 0xb3, 0x94, 0xd3, 0x94, 0x92, 0x8c,
    0x52, 0x84, 0x31, 0x84, 0xb0, 0x73, 0x0d, 0x63, 0x2d, 0x63, 0x4e, 0x6b,
    0x6e, 0x6b, 0x2d, 0x63, 0x4e, 0x6b, 0x6e, 0x6b, 0x0c, 0x5b, 0x8a, 0x4a,
    0x08, 0x42, 0xc7, 0x39, 0x66, 0x29, 0x65, 0x29, 0xa7, 0x39, 0x6a, 0x4a,
    0x29, 0x42, 0x08, 0x42, 0xe8, 0x41, 0x08, 0x42, 0x49, 0x42, 0x29, 0x42,
    0x29, 0x42, 0x08, 0x42, 0x08, 0x42, 0x29, 0x42, 0x8a, 0x52, 0xcb, 0x52,
    0x0d, 0x63, 0x4e, 0x6b, 0x4e, 0x63, 0xaf, 0x73, 0xd0, 0x73, 0xd0, 0x7b,
    0xd0, 0x73, 0xb0, 0x73, 0x8f, 0x6b, 0x6f, 0x6b, 0x8f, 0x6b, 0xd0, 0x7b,
    0x8f, 0x73, 0x8f, 0x6b, 0x8f, 0x6b, 0xd0, 0x73, 0xaf, 0x6b, 0x4e, 0x63,
    0xec, 0x5a, 0xec, 0x5a, 0xab, 0x52, 0x49, 0x42, 0x09, 0x42, 0xa7, 0x39,
    0xe8, 0x39, 0xe4, 0x18, 0x61, 0x08, 0x61, 0x08, 0x61, 0x10, 0x61, 0x08,
    0x61, 0x10, 0x61, 0x08, 0x61, 0x08, 0x61, 0x10, 0x61, 0x10, 0x61, 0x08,
    0x61, 0x10, 0x81, 0x10, 0x62, 0x08, 0x62, 0x10, 0x61, 0x10, 0x82, 0x10,
    0x62, 0x10, 0x61, 0x10, 0x62, 0x08, 0x61, 0x10, 0x81, 0x10, 0x82, 0x10,
    0x81, 0x10, 0x82, 0x10, 0x82, 0x10, 0x82, 0x10, 0xa2, 0x10, 0x81, 0x10,
    0x82, 0x10, 0xa2, 0x10, 0x82, 0x10, 0x82, 0x10, 0xa2, 0x10, 0x81, 0x10,
    0x82, 0x10, 0xa2, 0x10, 0x82, 0x10, 0x82, 0x10, 0xa2, 0x10, 0xa2, 0x18,
    0x82, 0x10, 0xa2, 0x18, 0xa3, 0x18, 0xa2, 0x10, 0xa3, 0x18, 0xa3, 0x18,
    0xa2, 0x10, 0xa3, 0x10, 0xa3, 0x18, 0xa2, 0x18, 0xc2, 0x10, 0xa3, 0x10,
    0xa2, 0x10, 0xa3, 0x10, 0xa2, 0x10, 0xc3, 0x18, 0xa3, 0x10, 0xa2, 0x10,
    0xc3, 0x10, 0xa3, 0x10, 0xa2, 0x18, 0xc3, 0x10, 0xa2, 0x10, 0xc3, 0x18,
    0xa3, 0x10, 0xc2, 0x18, 0xc3, 0x10, 0xa3, 0x18, 0xc2, 0x10, 0xc3, 0x10,
    0xa3, 0x10, 0xc3, 0x18, 0x66, 0x29, 0x8b, 0x52, 0xec, 0x5a, 0x6a, 0x4a,
    0x29, 0x42, 0xe8, 0x39, 0x86, 0x31, 0xa7, 0x31, 0x87, 0x31, 0x45, 0x21,
    0x25, 0x21, 0x45, 0x29, 0x45, 0x29, 0x45, 0x29, 0x45, 0x21, 0x25, 0x21,
    0x25, 0x21, 0x25, 0x21, 0x24, 0x21, 0x04, 0x21, 0x04, 0x21, 0x04, 0x21,
    0x04, 0x21, 0x45, 0x29, 0x45, 0x29, 0x66, 0x29, 0x65, 0x29, 0x45, 0x29,
    0x46, 0x29, 0xa7, 0x31, 0xc7, 0x31, 0xa7, 0x31, 0xa7, 0x31, 0xa7, 0x39,
    0xc7, 0x39, 0x08, 0x3a, 0xab, 0x52, 0x0d, 0x63, 0xab, 0x52, 0x29, 0x42,
    0xc7, 0x39, 0x45, 0x21, 0x45, 0x29, 0xe4, 0x18, 0xc3, 0x18, 0xc3, 0x18,
    0xc3, 0x18, 0xc3, 0x18, 0xe3, 0x18, 0xe3, 0x18, 0xe4, 0x18, 0xc3, 0x18,
    0xe3, 0x18, 0xc3, 0x18, 0xc3, 0x18, 0xc3, 0x18, 0xc3, 0x18, 0xe4, 0x20,
    0x04, 0x21, 0xe4, 0x18, 0xe4, 0x18, 0xe4, 0x18, 0x04, 0x21, 0x25, 0x21,
    0x45, 0x29, 0x24, 0x21, 0x04, 0x21, 0x04, 0x21, 0x04, 0x19, 0x04, 0x21,
    0x04, 0x21, 0x04, 0x21, 0x25, 0x21, 0x04, 0x21, 0x05, 0x21, 0x24, 0x21,
    0x24, 0x21, 0x25, 0x21, 0x08, 0x42, 0x6a, 0x4a, 0x6a, 0x4a, 0x8a, 0x4a,
    0xcc, 0x5a, 0xec, 0x5a, 0xec, 0x5a, 0x0c, 0x5b, 0xf1, 0x7b, 0x52, 0x84,
    0x52, 0x84, 0x51, 0x84, 0x52, 0x84, 0x14, 0x9d, 0x35, 0xa5, 0x76, 0xad,
    0x35, 0xa5, 0x14, 0xa5, 0x76, 0xad, 0x96, 0xad, 0x76, 0xad, 0x55, 0xad,
    0x76, 0xad, 0xb7, 0xb5, 0x96, 0xad, 0x97, 0xb5, 0xb7, 0xb5, 0xd7, 0xb5,
    0x97, 0xb5, 0x97, 0xb5, 0xb7, 0xb5, 0xd7, 0xbd, 0xf7, 0xbd, 0xf8, 0xbd,
    0x18, 0xc6, 0xf8, 0xbd, 0xd8, 0xbd, 0xf8, 0xbd, 0xf8, 0xbd, 0x18, 0xc6,
    0x59, 0xc6, 0x7a, 0xce, 0x59, 0xce, 0x39, 0xc6, 0x39, 0xce, 0x39, 0xc6,
    0x39, 0xc6, 0x38, 0xc6, 0x39, 0xc6, 0x59, 0xce, 0x39, 0xc6, 0x38, 0xc6,
    0x18, 0xc6, 0x18, 0xc6, 0x18, 0xc6, 0x18, 0xc6, 0x19, 0xc6, 0x39, 0xc6,
    0x39, 0xce, 0x59, 0xce, 0x5a, 0xce, 0x59, 0xce, 0x59, 0xce, 0x59, 0xce,
    0x39, 0xc6, 0x18, 0xbe, 0xb7, 0xb5, 0x55, 0xad, 0x35, 0xa5, 0xf4, 0x9c,
    0x55, 0xad, 0xb6, 0xb5, 0xb7, 0xb5, 0xb7, 0xb5, 0xb7, 0xb5, 0x97, 0xb5,
    0x35, 0xa5, 0xf4, 0x9c, 0xf4, 0x9c, 0xd3, 0x94, 0x72, 0x8c, 0x51, 0x8c,
    0x92, 0x8c, 0xb3, 0x94, 0x15, 0xa5, 0x76, 0xad, 0xb7, 0xb5, 0xb7, 0xb5,
    0x76, 0xad, 0x97, 0xb5, 0x97, 0xb5, 0x55, 0xad, 0x15, 0xa5, 0xb3, 0x94,
    0x11, 0x84, 0x10, 0x7c, 0x6d, 0x6b, 0xae, 0x73, 0x11, 0x84, 0x11, 0x7c,
    0x52, 0x8c, 0x72, 0x8c, 0x93, 0x8c, 0xf4, 0x9c, 0xf4, 0x9c, 0xf4, 0x9c,
    0xf4, 0x9c, 0xb3, 0x94, 0x72, 0x8c, 0xb3, 0x94, 0xb3, 0x94, 0xb3, 0x94,
    0xd3, 0x94, 0x31, 0x84, 0x31, 0x84, 0x31, 0x84, 0xd0, 0x73, 0x6e, 0x6b,
    0x4e, 0x6b, 0x8f, 0x6b, 0x4e, 0x6b, 0x0d, 0x63, 0x2e, 0x63, 0x2d, 0x63,
    0x0c, 0x5b, 0x8a, 0x4a, 0x28, 0x42, 0xa7, 0x39, 0x45, 0x29, 0x66, 0x29,
    0xc7, 0x39, 0xe8, 0x39, 0xe7, 0x39, 0xe8, 0x39, 0x08, 0x42, 0x08, 0x42,
    0xe8, 0x41, 0xe8, 0x39, 0xe8, 0x39, 0x08, 0x42, 0x08, 0x42, 0x29, 0x42,
    0x8a, 0x52, 0x0c, 0x5b, 0x4e, 0x6b, 0x6f, 0x6b, 0x4d, 0x63, 0x6e, 0x6b,
    0xb0, 0x73, 0xb0, 0x73, 0x8f, 0x6b, 0x8f, 0x6b, 0x8f, 0x6b, 0x90, 0x6b,
    0xd0, 0x73, 0xf0, 0x73, 0xd0, 0x73, 0xb0, 0x73, 0x6f, 0x6b, 0xd0, 0x73,
    0xaf, 0x6b, 0x2d, 0x63, 0xec, 0x5a, 0xab, 0x52, 0x4a, 0x4a, 0x08, 0x42,
    0xc7, 0x31, 0x66, 0x29, 0x66, 0x31, 0xa3, 0x10, 0x61, 0x10, 0x61, 0x08,
    0x61, 0x10, 0x61, 0x08, 0x61, 0x08, 0x61, 0x10, 0x61, 0x08, 0x61, 0x10,
    0x61, 0x08, 0x61, 0x10, 0x61, 0x08, 0x61, 0x08, 0x62, 0x10, 0x61, 0x10,
    0x81, 0x10, 0x82, 0x08, 0x61, 0x10, 0x61, 0x10, 0x82, 0x10, 0x82, 0x10,
    0x61, 0x08, 0x82, 0x10, 0x82, 0x10, 0x82, 0x10, 0x81, 0x10, 0x82, 0x10,
    0x82, 0x10, 0x82, 0x10, 0x81, 0x10, 0xa1, 0x10, 0x82, 0x10, 0x82, 0x10,
    0xa2, 0x10, 0x82, 0x18, 0xa2, 0x10, 0x82, 0x10, 0xa2, 0x10, 0x82, 0x10,
    0xa2, 0x18, 0xa3, 0x10, 0xa2, 0x10, 0x82, 0x10, 0xa2, 0x10, 0xa3, 0x18,
    0xa3, 0x10, 0xa2, 0x10, 0xa2, 0x18, 0xa3, 0x18, 0xa2, 0x10, 0xa3, 0x18,
    0xa2, 0x10, 0xc3, 0x18, 0xc3, 0x18, 0xc3, 0x10, 0xa2, 0x10, 0xa2, 0x10,
    0xc3, 0x10, 0xa2, 0x18, 0xc3, 0x10, 0xa3, 0x18, 0xa2, 0x10, 0xc3, 0x10,
    0xa3, 0x18, 0xc3, 0x18, 0xa2, 0x10, 0xc3, 0x10, 0xa2, 0x18, 0xa2, 0x10,
    0xa3, 0x10, 0xa2, 0x18, 0xc3, 0x18, 0x04, 0x19, 0x29, 0x42, 0x0c, 0x5b,
    0xab, 0x52, 0x29, 0x42, 0x08, 0x42, 0xc7, 0x39, 0x86, 0x31, 0x86, 0x31,
    0x66, 0x29, 0x86, 0x31, 0xa7, 0x31, 0xa7, 0x31, 0xa7, 0x31, 0x66, 0x29,
    0x25, 0x21, 0x04, 0x21, 0x04, 0x21, 0x04, 0x19, 0xe4, 0x18, 0x04, 0x21,
    0x24, 0x21, 0x45, 0x21, 0x66, 0x29, 0xa7, 0x31, 0xe8, 0x39, 0x08, 0x42,
    0xe8, 0x39, 0xc7, 0x39, 0xc7, 0x39, 0xc7, 0x31, 0xa7, 0x31, 0x86, 0x31,
    0x87, 0x31, 0xc7, 0x39, 0x09, 0x42, 0x8b, 0x52, 0x2d, 0x63, 0x2d, 0x63,
    0xcb, 0x52, 0x49, 0x4a, 0xe8, 0x39, 0x66, 0x29, 0x45, 0x29, 0x25, 0x21,
    0xc3, 0x18, 0xc3, 0x18, 0xc3, 0x18, 0xc3, 0x18, 0xc3, 0x18, 0xc3, 0x18,
    0xc3, 0x18, 0xc3, 0x18, 0xc3, 0x18, 0xe3, 0x18, 0xe4, 0x20, 0x24, 0x21,
    0x66, 0x29, 0xa7, 0x31, 0xe7, 0x39, 0xa7, 0x31, 0x45, 0x29, 0x04, 0x21,
    0x04, 0x21, 0x25, 0x21, 0x25, 0x21, 0x04, 0x21, 0x04, 0x21, 0x04, 0x21,
    0x04, 0x19, 0x04, 0x21, 0x04, 0x19, 0x04, 0x21, 0x04, 0x21, 0x05, 0x21,
    0x04, 0x21, 0x04, 0x21, 0x04, 0x21, 0x45, 0x21, 0x09, 0x42, 0x6a, 0x4a,
    0x8a, 0x4a, 0xab, 0x52, 0xcb, 0x52, 0xab, 0x52, 0xec, 0x5a, 0x8e, 0x73,
    0xaf, 0x73, 0x11, 0x84, 0x93, 0x8c, 0x72, 0x8c, 0x72, 0x84, 0xd4, 0x94,
    0x14, 0xa5, 0x35, 0xa5, 0x35, 0xa5, 0x14, 0xa5, 0x55, 0xa5, 0x35, 0xa5,
    0x15, 0xa5, 0x35, 0xa5, 0x55, 0xa5, 0x96, 0xad, 0x97, 0xb5, 0x77, 0xad,
    0xb7, 0xb5, 0x97, 0xad, 0x15, 0xa5, 0x15, 0xa5, 0x96, 0xb5, 0xd7, 0xb5,
    0xf8, 0xbd, 0xf8, 0xbd, 0x18, 0xc6, 0xf8, 0xbd, 0xf8, 0xbd, 0xf8, 0xc5,
    0xf8, 0xbd, 0xf8, 0xc5, 0x18, 0xc6, 0x59, 0xce, 0x59, 0xce, 0x59, 0xce,
    0x59, 0xce, 0x39, 0xc6, 0x38, 0xc6, 0x39, 0xc6, 0x39, 0xc6, 0x39, 0xce,
    0x59, 0xce, 0x59, 0xce, 0x39, 0xc6, 0x19, 0xc6, 0x18, 0xc6, 0x18, 0xc6,
    0x39, 0xc6, 0x39, 0xc6, 0x39, 0xc6, 0x59, 0xce, 0x59, 0xce, 0x5a, 0xce,
    0x39, 0xc6, 0x39, 0xc6, 0x18, 0xc6, 0xf8, 0xbd, 0x96, 0xb5, 0x55, 0xa5,
    0x35, 0xa5, 0x35, 0xa5, 0x56, 0xad, 0x76, 0xb5, 0x97, 0xb5, 0xb7, 0xb5,
    0xb7, 0xb5, 0xb7, 0xb5, 0x56, 0xad, 0x35, 0xa5, 0x14, 0x9d, 0xb3, 0x94,
    0x92, 0x94, 0x72, 0x8c, 0x93, 0x94, 0x93, 0x94, 0xd4, 0x94, 0x35, 0xa5,
    0x97, 0xb5, 0xb7, 0xb5, 0x97, 0xb5, 0x96, 0xb5, 0x35, 0xa5, 0xd4, 0x9c,
    0xb3, 0x94, 0x31, 0x84, 0x8e, 0x6b, 0xaf, 0x73, 0x6e, 0x6b, 0x8e, 0x6b,
    0x11, 0x84, 0x51, 0x84, 0x51, 0x84, 0x52, 0x8c, 0xb3, 0x94, 0xb3, 0x94,
    0xb3, 0x94, 0xb4, 0x9c, 0xb3, 0x94, 0x93, 0x94, 0x72, 0x8c, 0xb3, 0x94,
    0x92, 0x8c, 0x92, 0x94, 0xb3, 0x94, 0x31, 0x7c, 0x11, 0x7c, 0xf1, 0x7b,
    0xcf, 0x73, 0xaf, 0x73, 0x8f, 0x6b, 0x6e, 0x6b, 0x2d, 0x63, 0x0d, 0x5b,
    0xec, 0x5a, 0xcc, 0x5a, 0xec, 0x5a, 0x69, 0x4a, 0x29, 0x42, 0xc7, 0x39,
    0xc7, 0x31, 0xc7, 0x39, 0xe8, 0x39, 0xe8, 0x39, 0xa7, 0x31, 0xc7, 0x39,
    0xe7, 0x39, 0xe8, 0x39, 0xc7, 0x39, 0xa7, 0x31, 0xc7, 0x39, 0xe8, 0x39,
    0x08, 0x42, 0x29, 0x42, 0x6a, 0x4a, 0xcb, 0x52, 0x2d, 0x63, 0x6f, 0x6b,
    0x6e, 0x6b, 0x6e, 0x6b, 0xaf, 0x73, 0x4e, 0x6b, 0x4f, 0x6b, 0x6f, 0x6b,
    0x8f, 0x6b, 0xb0, 0x73, 0xb0, 0x6b, 0xb0, 0x6b, 0x8f, 0x6b, 0x8f, 0x73,
    0x6f, 0x6b, 0xd0, 0x73, 0x8f, 0x6b, 0x2d, 0x63, 0xec, 0x5a, 0x8a, 0x4a,
    0x09, 0x42, 0xa7, 0x31, 0x46, 0x29, 0x25, 0x21, 0x04, 0x21, 0x62, 0x10,
    0x61, 0x08, 0x62, 0x10, 0x61, 0x10, 0x61, 0x08, 0x61, 0x10, 0x61, 0x10,
    0x61, 0x08, 0x61, 0x08, 0x61, 0x10, 0x61, 0x10, 0x61, 0x08, 0x61, 0x08,
    0x61, 0x10, 0x61, 0x08, 0x82, 0x10, 0x62, 0x10, 0x61, 0x08, 0x61, 0x08,
    0x82, 0x10, 0x82, 0x10, 0x82, 0x10, 0x81, 0x10, 0x82, 0x10, 0x82, 0x10,
    0xa1, 0x10, 0xa2, 0x10, 0xa2, 0x10, 0xa2, 0x10, 0xa2, 0x10, 0x82, 0x10,
    0xa2, 0x10, 0xa2, 0x10, 0xa2, 0x18, 0xa2, 0x18, 0xa2, 0x10, 0xa2, 0x18,
    0x82, 0x10, 0xa2, 0x18, 0xa2, 0x10, 0xa2, 0x18, 0xa3, 0x18, 0xa3, 0x10,
    0xa2, 0x10, 0xa2, 0x10, 0xa3, 0x10, 0xa2, 0x10, 0xa3, 0x10, 0xa2, 0x10,
    0xa3, 0x10, 0xa2, 0x10, 0xa3, 0x10, 0xa2, 0x10, 0xc3, 0x18, 0xa3, 0x10,
    0xc3, 0x18, 0xc3, 0x18, 0xa3, 0x10, 0xc2, 0x10, 0xc3, 0x18, 0xa2, 0x10,
    0xc3, 0x18, 0xc2, 0x10, 0xa3, 0x10, 0xc3, 0x18, 0xc3, 0x18, 0xa3, 0x18,
    0xa2, 0x10, 0xa3, 0x10, 0xa2, 0x10, 0xa2, 0x10, 0xc3, 0x18, 0xa6, 0x31,
    0xcb, 0x52, 0x8a, 0x4a, 0x49, 0x4a, 0x08, 0x42, 0x28, 0x42, 0xc7, 0x39,
    0xc7, 0x31, 0xc7, 0x31, 0xc8, 0x39, 0x29, 0x4a, 0x4a, 0x4a, 0x29, 0x42,
    0x08, 0x3a, 0xc7, 0x39, 0x66, 0x29, 0x04, 0x21, 0xe4, 0x18, 0xe4, 0x18,
    0x25, 0x21, 0x66, 0x29, 0xa7, 0x31, 0xc7, 0x39, 0x08, 0x42, 0x6a, 0x4a,
    0x8b, 0x52, 0x6a, 0x4a, 0x6a, 0x4a, 0x4a, 0x4a, 0x6a, 0x4a, 0x4a, 0x4a,
    0x29, 0x42, 0x09, 0x42, 0x29, 0x42, 0x6a, 0x4a, 0x8b, 0x4a, 0xcc, 0x5a,
    0x2d, 0x63, 0x0c, 0x5b, 0xab, 0x52, 0x6a, 0x4a, 0xe8, 0x39, 0xc7, 0x39,
    0x45, 0x29, 0x65, 0x29, 0xe3, 0x18, 0xc3, 0x18, 0xc3, 0x18, 0xc3, 0x18,
    0xc3, 0x18, 0xc3, 0x18, 0xc3, 0x18, 0xc3, 0x18, 0xe4, 0x20, 0x04, 0x21,
    0x45, 0x29, 0x86, 0x31, 0xa7, 0x31, 0xc7, 0x39, 0x08, 0x42, 0x49, 0x4a,
    0x08, 0x42, 0x66, 0x29, 0x04, 0x21, 0x24, 0x21, 0x04, 0x21, 0x04, 0x21,
    0x04, 0x19, 0x04, 0x21, 0x04, 0x21, 0x04, 0x19, 0x04, 0x21, 0x04, 0x21,
    0x04, 0x21, 0x25, 0x21, 0x04, 0x21, 0x05, 0x21, 0x04, 0x21, 0x25, 0x21,
    0x08, 0x42, 0x28, 0x42, 0x6a, 0x4a, 0xab, 0x52, 0xec, 0x5a, 0xab, 0x52,
    0x0c, 0x63, 0xaf, 0x73, 0x8f, 0x6b, 0xaf, 0x73, 0x72, 0x8c, 0x72, 0x8c,
    0x52, 0x84, 0xb3, 0x94, 0xf4, 0x9c, 0x14, 0x9d, 0x35, 0xa5, 0xf4, 0x9c,
    0x93, 0x94, 0x92, 0x8c, 0xf4, 0x9c, 0x14, 0x9d, 0x15, 0x9d, 0x56, 0xad,
    0x56, 0xad, 0x55, 0xa5, 0x35, 0xa5, 0x35, 0xa5, 0xd4, 0x94, 0xf4, 0x9c,
    0x96, 0xad, 0xd7, 0xb5, 0xf8, 0xbd, 0xf8, 0xbd, 0xf8, 0xbd, 0xf7, 0xbd,
    0xf7, 0xbd, 0xd7, 0xbd, 0xf7, 0xbd, 0xf8, 0xbd, 0x18, 0xbe, 0x38, 0xc6,
    0x39, 0xc6, 0x59, 0xce, 0x59, 0xce, 0x59, 0xce, 0x39, 0xce, 0x59, 0xce,
    0x59, 0xce, 0x59, 0xce, 0x59, 0xce, 0x59, 0xce, 0x7a, 0xce, 0x39, 0xc6,
    0x19, 0xc6, 0x39, 0xc6, 0x59, 0xce, 0x39, 0xc6, 0x39, 0xc6, 0x59, 0xce,
    0x39, 0xc6, 0x39, 0xc6, 0x19, 0xc6, 0xf8, 0xbd, 0xd8, 0xbd, 0xd8, 0xbd,
    0xb7, 0xb5, 0x76, 0xad, 0x35, 0xa5, 0x35, 0xad, 0x56, 0xad, 0x55, 0xa5,
    0x75, 0xad, 0xb7, 0xb5, 0xb7, 0xb5, 0x96, 0xb5, 0x55, 0xad, 0x14, 0xa5,
    0xf4, 0x9c, 0xd4, 0x9c, 0xf4, 0x9c, 0x92, 0x8c, 0x72, 0x8c, 0x72, 0x8c,
    0xb3, 0x94, 0x35, 0xa5, 0x56, 0xad, 0x76, 0xad, 0x35, 0xa5, 0xf4, 0x9c,
    0x72, 0x8c, 0x51, 0x84, 0x72, 0x8c, 0xf0, 0x7b, 0xae, 0x73, 0xcf, 0x73,
    0x6e, 0x6b, 0x6e, 0x6b, 0xf0, 0x7b, 0x31, 0x84, 0x52, 0x84, 0x92, 0x8c,
    0x93, 0x94, 0x93, 0x94, 0x92, 0x8c, 0x93, 0x94, 0xb3, 0x94, 0x93, 0x8c,
    0xb3, 0x94, 0xb3, 0x94, 0x72, 0x8c, 0x92, 0x8c, 0x93, 0x8c, 0x31, 0x84,
    0xf1, 0x7b, 0xaf, 0x73, 0xaf, 0x73, 0x8f, 0x73, 0x6e, 0x6b, 0x4e, 0x63,
    0x2d, 0x63, 0xeb, 0x5a, 0xab, 0x52, 0xab, 0x52, 0xcb, 0x52, 0x08, 0x42,
    0x08, 0x42, 0xe8, 0x39, 0xc7, 0x39, 0xe8, 0x39, 0xe8, 0x39, 0xe7, 0x39,
    0xa7, 0x31, 0x86, 0x31, 0xa7, 0x31, 0xa7, 0x31, 0xc7, 0x39, 0xe8, 0x39,
    0x08, 0x42, 0x08, 0x42, 0x08, 0x42, 0x49, 0x4a, 0x8a, 0x52, 0xec, 0x5a,
    0x4d, 0x63, 0x4e, 0x6b, 0x6e, 0x6b, 0x6e, 0x6b, 0x8f, 0x6b, 0x8f, 0x6b,
    0x6f, 0x6b, 0x6f, 0x6b, 0x8f, 0x6b, 0x4e, 0x6b, 0x2d, 0x63, 0x0d, 0x5b,
    0x2d, 0x63, 0x4e, 0x6b, 0x6f, 0x6b, 0xaf, 0x6b, 0x4e, 0x63, 0xed, 0x5a,
    0xab, 0x52, 0x8b, 0x52, 0x08, 0x3a, 0xa7, 0x31, 0x66, 0x29, 0x25, 0x29,
    0x25, 0x21, 0x82, 0x10, 0x61, 0x08, 0x61, 0x10, 0x61, 0x08, 0x61, 0x08,
    0x61, 0x10, 0x61, 0x10, 0x61, 0x08, 0x61, 0x10, 0x61, 0x08, 0x61, 0x10,
    0x61, 0x10, 0x61, 0x08, 0x62, 0x10, 0x61, 0x10, 0x61, 0x08, 0x61, 0x10,
    0x62, 0x10, 0x81, 0x08, 0x81, 0x10, 0x82, 0x10, 0x81, 0x10, 0x82, 0x10,
    0x82, 0x10, 0xa2, 0x10, 0xa2, 0x10, 0x82, 0x10, 0x82, 0x10, 0xa2, 0x10,
    0xa2, 0x10, 0xa2, 0x10, 0xa2, 0x18, 0xa2, 0x18, 0xa2, 0x10, 0xa2, 0x10,
    0xa2, 0x18, 0xa2, 0x18, 0xa2, 0x18, 0xa2, 0x10, 0xa2, 0x18, 0xa2, 0x18,
    0xa3, 0x10, 0xa3, 0x10, 0xa2, 0x18, 0xa3, 0x10, 0xa2, 0x10, 0xa3, 0x10,
    0xa3, 0x10, 0xa2, 0x10, 0xa2, 0x10, 0xa3, 0x18, 0xa2, 0x10, 0xa2, 0x10,
    0xc3, 0x10, 0xa2, 0x10, 0xa2, 0x18, 0xc3, 0x10, 0xa3, 0x10, 0xa2, 0x18,
    0xc3, 0x10, 0xa3, 0x10, 0xc2, 0x18, 0xa3, 0x10, 0xc3, 0x18, 0xc2, 0x18,
    0xc2, 0x10, 0xc3, 0x10, 0xa2, 0x10, 0xa2, 0x10, 0xa2, 0x10, 0xa2, 0x10,
    0xe3, 0x18, 0x49, 0x4a, 0x49, 0x42, 0x29, 0x42, 0x08, 0x42, 0x08, 0x42,
    0xe8, 0x39, 0xa7, 0x31, 0xe8, 0x39, 0x29, 0x42, 0x6a, 0x4a, 0xab, 0x52,
    0xab, 0x52, 0x6a, 0x4a, 0x49, 0x4a, 0x08, 0x42, 0xe7, 0x39, 0x86, 0x31,
    0x25, 0x21, 0x24, 0x21, 0x66, 0x31, 0xe7, 0x39, 0x29, 0x42, 0x49, 0x42,
    0xab, 0x52, 0xec, 0x5a, 0x2d, 0x63, 0x2d, 0x63, 0x4d, 0x63, 0x0d, 0x5b,
    0xab, 0x52, 0x8a, 0x4a, 0x4a, 0x4a, 0x49, 0x4a, 0x69, 0x4a, 0x6a, 0x4a,
    0x8a, 0x4a, 0x8b, 0x52, 0xab, 0x52, 0x8b, 0x4a, 0x6a, 0x52, 0x49, 0x4a,
    0x08, 0x42, 0x08, 0x42, 0x66, 0x29, 0x66, 0x29, 0x04, 0x21, 0xc3, 0x18,
    0xc3, 0x18, 0xc3, 0x18, 0xc3, 0x18, 0xc3, 0x18, 0xc3, 0x18, 0xe4, 0x18,
    0x25, 0x21, 0x45, 0x29, 0x66, 0x29, 0x86, 0x29, 0xa6, 0x31, 0xa7, 0x31,
    0xa7, 0x31, 0x08, 0x42, 0x29, 0x42, 0x29, 0x42, 0x86, 0x31, 0x24, 0x21,
    0x04, 0x21, 0xe4, 0x18, 0xe4, 0x18, 0xe4, 0x18, 0x04, 0x21, 0x04, 0x21,
    0x04, 0x21, 0x04, 0x19, 0x04, 0x21, 0x25, 0x21, 0x04, 0x21, 0x04, 0x21,
    0x04, 0x19, 0x25, 0x21, 0x08, 0x3a, 0xc7, 0x31, 0x29, 0x42, 0xcb, 0x52,
    0xec, 0x5a, 0xab, 0x52, 0x4d, 0x63, 0x0d, 0x63, 0xaf, 0x73, 0xd0, 0x73,
    0x52, 0x84, 0x31, 0x84, 0x72, 0x8c, 0xb3, 0x94, 0x92, 0x94, 0x72, 0x8c,
    0x92, 0x8c, 0x11, 0x84, 0xcf, 0x73, 0x11, 0x84, 0xf4, 0x9c, 0xf4, 0x9c,
    0xd3, 0x9c, 0x35, 0xa5, 0x35, 0xa5, 0x56, 0xa5, 0x55, 0xad, 0x35, 0xa5,
    0x56, 0xa5, 0x96, 0xad, 0xb7, 0xb5, 0xd8, 0xbd, 0xf8, 0xbd, 0x18, 0xbe,
    0xf8, 0xbd, 0xf8, 0xc5, 0xd7, 0xbd, 0xb7, 0xb5, 0xb7, 0xb5, 0xf7, 0xbd,
    0x18, 0xc6, 0x18, 0xc6, 0x18, 0xc6, 0x18, 0xc6, 0x39, 0xc6, 0x59, 0xc6,
    0x59, 0xce, 0x59, 0xce, 0x39, 0xc6, 0x39, 0xc6, 0x39, 0xc6, 0x59, 0xce,
    0x79, 0xce, 0x59, 0xce, 0x59, 0xce, 0x39, 0xc6, 0x39, 0xc6, 0x39, 0xce,
    0x39, 0xc6, 0x39, 0xc6, 0x39, 0xc6, 0x18, 0xc6, 0xf8, 0xbd, 0xd8, 0xbd,
    0xd7, 0xbd, 0xd8, 0xbd, 0xf8, 0xbd, 0x76, 0xb5, 0x55, 0xad, 0x35, 0xa5,
    0xf4, 0x9c, 0xd3, 0x9c, 0x14, 0xa5, 0x55, 0xa5, 0x76, 0xad, 0x55, 0xad,
    0x35, 0xa5, 0xf4, 0x9c, 0xb3, 0x94, 0xb3, 0x94, 0xd4, 0x94, 0xb3, 0x94,
    0x92, 0x8c, 0x73, 0x8c, 0xb3, 0x94, 0xd4, 0x9c, 0xf4, 0x9c, 0xd3, 0x94,
    0x72, 0x8c, 0x31, 0x84, 0x10, 0x84, 0x11, 0x84, 0x10, 0x7c, 0xcf, 0x73,
    0xf0, 0x7b, 0x10, 0x84, 0x8e, 0x73, 0x8e, 0x6b, 0x10, 0x7c, 0x52, 0x8c,
    0x93, 0x94, 0xb3, 0x94, 0x93, 0x94, 0x92, 0x8c, 0x52, 0x8c, 0x93, 0x94,
    0x93, 0x8c, 0xb3, 0x94, 0xb3, 0x94, 0xb3, 0x94, 0x52, 0x84, 0x52, 0x84,
    0x73, 0x8c, 0x52, 0x8c, 0x11, 0x84, 0x8f, 0x73, 0x8f, 0x73, 0x8f, 0x6b,
    0x4d, 0x6b, 0x0d, 0x63, 0xec, 0x5a, 0xcb, 0x52, 0x8a, 0x52, 0x8a, 0x52,
    0xab, 0x52, 0x4a, 0x4a, 0x29, 0x42, 0x08, 0x42, 0xe8, 0x39, 0xe8, 0x39,
    0xe7, 0x41, 0xc7, 0x39, 0xa6, 0x31, 0x66, 0x31, 0xa7, 0x31, 0x86, 0x31,
    0xa7, 0x31, 0xe8, 0x39, 0x08, 0x42, 0x08, 0x3a, 0x08, 0x42, 0x29, 0x42,
    0xcb, 0x5a, 0x0d, 0x63, 0x4d, 0x63, 0x4e, 0x63, 0x6e, 0x6b, 0x6f, 0x6b,
    0x8f, 0x73, 0xd0, 0x7b, 0xaf, 0x6b, 0x8f, 0x6b, 0x4e, 0x63, 0xec, 0x5a,
    0xcc, 0x5a, 0xec, 0x5a, 0x2e, 0x63, 0x2e, 0x63, 0x4e, 0x63, 0x4e, 0x63,
    0x2d, 0x63, 0xab, 0x52, 0x8a, 0x4a, 0x8a, 0x4a, 0x08, 0x42, 0xa7, 0x31,
    0x86, 0x31, 0x66, 0x29, 0x45, 0x29, 0x82, 0x10, 0x61, 0x10, 0x61, 0x08,
    0x62, 0x10, 0x61, 0x08, 0x61, 0x08, 0x61, 0x10, 0x61, 0x10, 0x61, 0x10,
    0x61, 0x08, 0x61, 0x08, 0x61, 0x10, 0x61, 0x08, 0x62, 0x08, 0x82, 0x10,
    0x61, 0x10, 0x81, 0x08, 0x61, 0x10, 0x61, 0x10, 0x61, 0x10, 0x62, 0x08,
    0x82, 0x10, 0x81, 0x10, 0x82, 0x10, 0xa2, 0x10, 0x82, 0x10, 0x82, 0x10,
    0x82, 0x10, 0x82, 0x10, 0x82, 0x10, 0x82, 0x10, 0xa2, 0x10, 0xa2, 0x18,
    0xa2, 0x10, 0xa2, 0x10, 0xa2, 0x18, 0xa2, 0x10, 0xa2, 0x10, 0xa2, 0x18,
    0xa2, 0x10, 0xa2, 0x10, 0xa2, 0x18, 0xa2, 0x18, 0xa3, 0x10, 0xa3, 0x10,
    0xa2, 0x18, 0xa2, 0x10, 0xc3, 0x18, 0xa3, 0x10, 0xa2, 0x10, 0xc3, 0x18,
    0xa3, 0x10, 0xa2, 0x10, 0xc3, 0x18, 0xc3, 0x10, 0xa2, 0x10, 0xc3, 0x18,
    0xc2, 0x10, 0xa3, 0x18, 0xa3, 0x10, 0xc2, 0x10, 0xc3, 0x18, 0xc3, 0x18,
    0xc3, 0x18, 0xc3, 0x18, 0xa3, 0x10, 0xa3, 0x10, 0xa2, 0x10, 0xa2, 0x10,
    0x82, 0x10, 0x83, 0x10, 0x46, 0x29, 0x29, 0x42, 0xe8, 0x39, 0x08, 0x42,
    0xe8, 0x41, 0xe8, 0x39, 0xc7, 0x39, 0xe8, 0x39, 0x49, 0x4a, 0x69, 0x4a,
    0x8a, 0x52, 0xab, 0x52, 0x8a, 0x4a, 0x6a, 0x4a, 0x29, 0x42, 0x08, 0x42,
    0xe8, 0x41, 0xa7, 0x31, 0x66, 0x29, 0x86, 0x31, 0xa7, 0x39, 0xe8, 0x39,
    0x29, 0x42, 0x6a, 0x4a, 0xab, 0x52, 0xec, 0x5a, 0x4d, 0x63, 0x6e, 0x6b,
    0x6e, 0x6b, 0x6e, 0x6b, 0x2d, 0x63, 0x8a, 0x4a, 0x29, 0x42, 0x29, 0x42,
    0x6a, 0x4a, 0x8b, 0x52, 0xab, 0x52, 0x8a, 0x4a, 0x8a, 0x4a, 0x6a, 0x4a,
    0x4a, 0x4a, 0x29, 0x42, 0xe8, 0x39, 0x08, 0x42, 0x66, 0x29, 0x66, 0x29,
    0x04, 0x21, 0xc3, 0x18, 0xc3, 0x18, 0xc3, 0x10, 0xc3, 0x18, 0xc3, 0x18,
    0xe4, 0x18, 0x25, 0x21, 0x45, 0x29, 0x45, 0x29, 0x46, 0x29, 0xa6, 0x31,
    0x86, 0x31, 0x66, 0x31, 0x86, 0x31, 0xa7, 0x31, 0xc7, 0x39, 0x29, 0x42,
    0x49, 0x4a, 0x66, 0x29, 0x04, 0x19, 0xe4, 0x18, 0xe4, 0x20, 0xe4, 0x18,
    0xe4, 0x18, 0xe4, 0x18, 0x04, 0x21, 0x04, 0x19, 0x04, 0x21, 0x04, 0x21,
    0x05, 0x21, 0x04, 0x21, 0x25, 0x21, 0x24, 0x21, 0xe8, 0x39, 0xc7, 0x39,
    0xa7, 0x31, 0xab, 0x52, 0x0c, 0x63, 0xab, 0x52, 0xec, 0x5a, 0x8b, 0x52,
    0xaf, 0x73, 0xf0, 0x7b, 0x52, 0x84, 0xf1, 0x7b, 0x31, 0x84, 0xb3, 0x94,
    0xd3, 0x9c, 0x93, 0x8c, 0x31, 0x84, 0x8f, 0x73, 0xaf, 0x73, 0xcf, 0x73,
    0x52, 0x8c, 0xd3, 0x94, 0xd3, 0x9c, 0x14, 0x9d, 0x55, 0xad, 0x76, 0xad,
    0x76, 0xad, 0x77, 0xad, 0x76, 0xad, 0x76, 0xad, 0xb7, 0xb5, 0xd8, 0xb5,
    0xd7, 0xbd, 0xf7, 0xbd, 0xf8, 0xbd, 0xf8, 0xbd, 0xf7, 0xbd, 0xd7, 0xbd,
    0xd7, 0xbd, 0xf8, 0xbd, 0x18, 0xc6, 0x18, 0xc6, 0xf8, 0xbd, 0xf8, 0xbd,
    0xf8, 0xbd, 0x18, 0xc6, 0x39, 0xc6, 0x39, 0xc6, 0x38, 0xc6, 0xf8, 0xbd,
    0xf8, 0xbd, 0x59, 0xc6, 0x7a, 0xce, 0x59, 0xce, 0x59, 0xce, 0x38, 0xc6,
    0x38, 0xc6, 0x39, 0xc6, 0x38, 0xc6, 0x19, 0xc6, 0x19, 0xc6, 0x18, 0xc6,
    0xd8, 0xbd, 0xd7, 0xbd, 0xb7, 0xb5, 0xd7, 0xbd, 0xd7, 0xbd, 0x96, 0xb5,
    0x35, 0xa5, 0xd4, 0x9c, 0x92, 0x8c, 0x92, 0x8c, 0xb3, 0x94, 0x14, 0x9d,
    0x35, 0xa5, 0xf4, 0x9c, 0xd4, 0x9c, 0xd4, 0x94, 0xd4, 0x94, 0xd3, 0x94,
    0x93, 0x94, 0x72, 0x8c, 0x93, 0x8c, 0x72, 0x94, 0x72, 0x8c, 0x31, 0x84,
    0x31, 0x84, 0x10, 0x7c, 0x11, 0x84, 0x11, 0x84, 0x10, 0x7c, 0x31, 0x84,
    0x10, 0x84, 0x11, 0x84, 0x31, 0x84, 0x52, 0x8c, 0xf0, 0x7b, 0xcf, 0x7b,
    0x72, 0x8c, 0x72, 0x8c, 0xb3, 0x94, 0x93, 0x94, 0x93, 0x8c, 0x92, 0x8c,
    0x72, 0x8c, 0x72, 0x8c, 0xb3, 0x94, 0xb3, 0x94, 0xd3, 0x94, 0xb2, 0x94,
    0x31, 0x84, 0x11, 0x7c, 0x52, 0x84, 0x52, 0x8c, 0xf0, 0x7b, 0x6e, 0x6b,
    0x2d, 0x63, 0x4d, 0x63, 0x0d, 0x63, 0xec, 0x5a, 0xcb, 0x52, 0x8a, 0x52,
    0x6a, 0x4a, 0x6a, 0x4a, 0x6a, 0x4a, 0x49, 0x4a, 0x08, 0x42, 0xe8, 0x39,
    0x08, 0x42, 0x08, 0x42, 0xe8, 0x39, 0x08, 0x42, 0xe8, 0x39, 0xe8, 0x39,
    0xe7, 0x39, 0x86, 0x31, 0x86, 0x31, 0xc7, 0x39, 0xe8, 0x39, 0xe8, 0x39,
    0xe8, 0x39, 0x08, 0x42, 0x8a, 0x52, 0xec, 0x5a, 0xec, 0x5a, 0xec, 0x5a,
    0x0d, 0x63, 0x6e, 0x6b, 0x6e, 0x6b, 0xd0, 0x73, 0xaf, 0x73, 0xaf, 0x6b,
    0x0d, 0x63, 0xab, 0x52, 0xcc, 0x52, 0x0d, 0x5b, 0x2e, 0x63, 0x0d, 0x5b,
    0xec, 0x5a, 0x2d, 0x63, 0x0d, 0x63, 0xcb, 0x52, 0x4a, 0x4a, 0x29, 0x42,
    0xe8, 0x39, 0xa7, 0x31, 0x86, 0x31, 0x66, 0x29, 0x45, 0x29, 0x82, 0x10,
    0x61, 0x08, 0x61, 0x10, 0x62, 0x10, 0x61, 0x08, 0x61, 0x10, 0x61, 0x08,
    0x61, 0x10, 0x61, 0x08, 0x61, 0x10, 0x61, 0x08, 0x61, 0x10, 0x61, 0x10,
    0x61, 0x10, 0x61, 0x08, 0x62, 0x10, 0x81, 0x08, 0x81, 0x08, 0x61, 0x10,
    0x81, 0x08, 0x82, 0x10, 0x82, 0x10, 0x81, 0x10, 0x82, 0x10, 0xa2, 0x10,
    0xa1, 0x10, 0xa2, 0x10, 0xa2, 0x10, 0xa1, 0x10, 0xa2, 0x10, 0x82, 0x10,
    0xa2, 0x10, 0xa2, 0x18, 0xa2, 0x10, 0xa2, 0x10, 0xa3, 0x18, 0xa2, 0x10,
    0xa2, 0x18, 0xa3, 0x18, 0xa3, 0x18, 0xa3, 0x10, 0xa2, 0x18, 0xa2, 0x10,
    0xa3, 0x10, 0xa2, 0x10, 0xc3, 0x10, 0xa2, 0x10, 0xa2, 0x18, 0xc3, 0x10,
    0xa2, 0x10, 0xa3, 0x10, 0xc2, 0x10, 0xa2, 0x18, 0xa3, 0x10, 0xc3, 0x18,
    0xa3, 0x10, 0xa2, 0x10, 0xc3, 0x18, 0xc3, 0x10, 0xa2, 0x18, 0xc3, 0x10,
    0xc3, 0x18, 0xc3, 0x18, 0xc3, 0x10, 0xc3, 0x18, 0xc3, 0x18, 0xa3, 0x10,
    0xa2, 0x10, 0xa2, 0x10, 0x82, 0x10, 0xa3, 0x18, 0xc7, 0x39, 0xc7, 0x39,
    0x08, 0x42, 0xe8, 0x39, 0xe8, 0x39, 0xa7, 0x31, 0xc7, 0x39, 0x29, 0x42,
    0x29, 0x42, 0xe8, 0x41, 0x29, 0x42, 0x6a, 0x4a, 0x29, 0x4a, 0x49, 0x4a,
    0x08, 0x42, 0xe8, 0x39, 0xe8, 0x39, 0xa7, 0x31, 0xa7, 0x39, 0xc7, 0x39,
    0x08, 0x3a, 0x08, 0x42, 0x49, 0x42, 0x6a, 0x4a, 0xab, 0x52, 0xec, 0x5a,
    0x4d, 0x63, 0x2d, 0x63, 0x0d, 0x63, 0x4d, 0x63, 0x2d, 0x63, 0x8b, 0x52,
    0x09, 0x42, 0x49, 0x42, 0x8b, 0x52, 0xec, 0x5a, 0xec, 0x5a, 0xcb, 0x52,
    0xcb, 0x52, 0xab, 0x52, 0x8a, 0x4a, 0x69, 0x4a, 0x29, 0x42, 0x08, 0x42,
    0x86, 0x31, 0x65, 0x29, 0x24, 0x21, 0xc3, 0x18, 0xc3, 0x18, 0xc3, 0x10,
    0xc3, 0x18, 0xe4, 0x18, 0x45, 0x21, 0x65, 0x29, 0x65, 0x29, 0x45, 0x29,
    0x86, 0x29, 0xe8, 0x39, 0x86, 0x31, 0x86, 0x31, 0x87, 0x31, 0xa6, 0x31,
    0xa7, 0x31, 0xc7, 0x39, 0x29, 0x42, 0x29, 0x4a, 0x24, 0x21, 0xe3, 0x18,
    0xe4, 0x18, 0xe4, 0x18, 0xe4, 0x20, 0x04, 0x21, 0x04, 0x19, 0x04, 0x21,
    0x04, 0x21, 0x04, 0x19, 0x04, 0x19, 0x05, 0x21, 0x04, 0x21, 0x04, 0x21,
    0xe8, 0x39, 0x08, 0x42, 0x86, 0x31, 0x6a, 0x4a, 0x0c, 0x5b, 0xcc, 0x5a,
    0x0c, 0x5b, 0xab, 0x52, 0xae, 0x73, 0xf0, 0x7b, 0x52, 0x84, 0x11, 0x7c,
    0x10, 0x7c, 0x93, 0x8c, 0xb3, 0x94, 0x51, 0x8c, 0x6e, 0x6b, 0x8f, 0x6b,
    0x11, 0x7c, 0xf0, 0x7b, 0xcf, 0x73, 0x31, 0x84, 0x72, 0x8c, 0xb3, 0x94,
    0x14, 0x9d, 0x56, 0xad, 0x77, 0xad, 0x96, 0xad, 0x76, 0xad, 0x77, 0xb5,
    0x97, 0xb5, 0xb7, 0xb5, 0xb7, 0xb5, 0xb7, 0xb5, 0xd7, 0xbd, 0xd7, 0xb5,
    0xd7, 0xbd, 0xd7, 0xbd, 0xf8, 0xbd, 0xf8, 0xbd, 0x18, 0xc6, 0xf8, 0xbd,
    0xd7, 0xbd, 0xf7, 0xbd, 0xd7, 0xbd, 0xd7, 0xbd, 0x18, 0xc6, 0x39, 0xc6,
    0x38, 0xc6, 0xf8, 0xbd, 0xf7, 0xbd, 0x18, 0xc6, 0x59, 0xce, 0x59, 0xce,
    0x39, 0xc6, 0x39, 0xc6, 0x18, 0xc6, 0x18, 0xc6, 0x18, 0xc6, 0x18, 0xc6,
    0x18, 0xc6, 0x18, 0xbe, 0xd8, 0xbd, 0xf8, 0xbd, 0xb7, 0xb5, 0x76, 0xb5,
    0x97, 0xb5, 0x76, 0xad, 0xf4, 0xa4, 0xd3, 0x9c, 0x72, 0x8c, 0x51, 0x8c,
    0x93, 0x94, 0xf4, 0x9c, 0xf4, 0x9c, 0xd4, 0x94, 0x93, 0x94, 0xb3, 0x94,
    0xd4, 0x9c, 0x72, 0x8c, 0x31, 0x84, 0x31, 0x84, 0x31, 0x84, 0x32, 0x84,
    0x31, 0x84, 0x10, 0x7c, 0xaf, 0x73, 0xd0, 0x7b, 0x11, 0x7c, 0x31, 0x84,
    0x10, 0x7c, 0x51, 0x84, 0x10, 0x84, 0x31, 0x84, 0x52, 0x84, 0x72, 0x8c,
    0x10, 0x7c, 0x31, 0x84, 0x72, 0x8c, 0x93, 0x94, 0x93, 0x94, 0x93, 0x8c,
    0xb3, 0x94, 0xb3, 0x94, 0x93, 0x94, 0x52, 0x84, 0x93, 0x8c, 0xb3, 0x94,
    0xb3, 0x94, 0x92, 0x8c, 0x30, 0x84, 0x11, 0x84, 0x31, 0x84, 0x10, 0x7c,
    0xaf, 0x73, 0x2d, 0x63, 0xec, 0x5a, 0x0c, 0x5b, 0xcb, 0x52, 0x8a, 0x52,
    0x8a, 0x52, 0x6a, 0x4a, 0x49, 0x4a, 0x29, 0x42, 0x28, 0x42, 0x29, 0x42,
    0x86, 0x31, 0x86, 0x29, 0xa7, 0x31, 0xc7, 0x39, 0xc7, 0x39, 0xa7, 0x31,
    0xc7, 0x39, 0xa7, 0x39, 0xc7, 0x39, 0xc7, 0x39, 0xc7, 0x31, 0xc7, 0x39,
    0xc7, 0x39, 0xe8, 0x39, 0x08, 0x42, 0x49, 0x4a, 0xab, 0x52, 0xec, 0x5a,
    0x0c, 0x5b, 0xab, 0x52, 0xec, 0x5a, 0x2d, 0x63, 0x4d, 0x63, 0xaf, 0x6b,
    0x8f, 0x6b, 0x4d, 0x63, 0xec, 0x5a, 0x8b, 0x52, 0xcb, 0x52, 0x0d, 0x63,
    0xed, 0x5a, 0xcc, 0x5a, 0x8b, 0x52, 0xab, 0x52, 0xcb, 0x52, 0x6a, 0x52,
    0x08, 0x42, 0xc7, 0x39, 0xa7, 0x39, 0xa7, 0x31, 0x86, 0x31, 0x86, 0x31,
    0x86, 0x29, 0xa3, 0x10, 0x61, 0x08, 0x61, 0x10, 0x61, 0x08, 0x61, 0x10,
    0x61, 0x10, 0x61, 0x08, 0x61, 0x08, 0x61, 0x10, 0x61, 0x10, 0x61, 0x10,
    0x61, 0x08, 0x61, 0x10, 0x61, 0x10, 0x61, 0x08, 0x61, 0x10, 0x81, 0x10,
    0x61, 0x10, 0x61, 0x10, 0x62, 0x08, 0x81, 0x10, 0x82, 0x10, 0x81, 0x10,
    0x82, 0x10, 0x82, 0x10, 0x82, 0x10, 0x82, 0x10, 0xa2, 0x10, 0x82, 0x10,
    0xa2, 0x10, 0x82, 0x10, 0xa2, 0x18, 0xa2, 0x10, 0xa2, 0x18, 0x82, 0x10,
    0xa2, 0x10, 0xa2, 0x18, 0xa2, 0x10, 0xa2, 0x10, 0xa2, 0x18, 0xa2, 0x18,
    0xa2, 0x10, 0xa2, 0x18, 0xa3, 0x18, 0xa2, 0x10, 0xa3, 0x18, 0xa3, 0x10,
    0xa2, 0x10, 0xc3, 0x18, 0xc3, 0x18, 0xa2, 0x10, 0xa3, 0x10, 0xa2, 0x10,
    0xc3, 0x18, 0xa2, 0x10, 0xc3, 0x18, 0xa3, 0x10, 0xa2, 0x10, 0xc3, 0x18,
    0xa2, 0x10, 0xc3, 0x18, 0xc3, 0x18, 0xa2, 0x10, 0xc3, 0x18, 0xc2, 0x18,
    0xc3, 0x18, 0xc3, 0x18, 0xa2, 0x10, 0xa3, 0x10, 0xa3, 0x18, 0x45, 0x29,
    0x08, 0x3a, 0xc7, 0x39, 0x08, 0x42, 0xe8, 0x39, 0xa7, 0x31, 0xc7, 0x39,
    0xe8, 0x39, 0x29, 0x42, 0xe8, 0x39, 0x08, 0x42, 0x29, 0x42, 0x49, 0x4a,
    0x09, 0x42, 0x29, 0x42, 0x08, 0x42, 0xe8, 0x39, 0xe8, 0x39, 0xc7, 0x39,
    0xe8, 0x39, 0x29, 0x42, 0x4a, 0x4a, 0x49, 0x4a, 0x4a, 0x4a, 0x8b, 0x52,
    0xec, 0x5a, 0x2d, 0x63, 0x2d, 0x63, 0x2d, 0x63, 0x2e, 0x63, 0x0d, 0x63,
    0x0d, 0x5b, 0xcc, 0x5a, 0x6a, 0x4a, 0x6a, 0x4a, 0x8b, 0x4a, 0xcc, 0x52,
    0xcc, 0x5a, 0xcb, 0x5a, 0xcb, 0x52, 0xab, 0x52, 0xab, 0x52, 0x69, 0x4a,
    0x29, 0x42, 0x08, 0x42, 0x86, 0x29, 0x66, 0x29, 0x25, 0x21, 0xc3, 0x10,
    0xc3, 0x18, 0xc3, 0x18, 0x04, 0x19, 0x45, 0x29, 0x45, 0x29, 0x45, 0x29,
    0x05, 0x21, 0x45, 0x21, 0xc7, 0x39, 0xe8, 0x39, 0xc7, 0x39, 0xc7, 0x39,
    0xc7, 0x31, 0xa7, 0x31, 0x87, 0x31, 0xa7, 0x31, 0xc7, 0x39, 0x49, 0x4a,
    0x86, 0x31, 0xc3, 0x18, 0xe3, 0x18, 0xe3, 0x18, 0xe4, 0x18, 0x04, 0x21,
    0xe4, 0x18, 0x04, 0x21, 0x04, 0x21, 0x04, 0x21, 0x04, 0x19, 0x04, 0x21,
    0x04, 0x21, 0x04, 0x21, 0xc7, 0x39, 0x28, 0x42, 0xc7, 0x31, 0x4a, 0x4a,
    0xec, 0x5a, 0xec, 0x5a, 0x6e, 0x6b, 0xcb, 0x52, 0x2d, 0x63, 0xd0, 0x7b,
    0x31, 0x84, 0x11, 0x7c, 0x72, 0x8c, 0x72, 0x8c, 0x72, 0x8c, 0xd0, 0x7b,
    0x8f, 0x73, 0xf0, 0x7b, 0x72, 0x8c, 0x52, 0x84, 0xf0, 0x7b, 0xaf, 0x73,
    0xcf, 0x73, 0x52, 0x84, 0x93, 0x94, 0x15, 0xa5, 0x76, 0xad, 0x56, 0xad,
    0x56, 0xad, 0x76, 0xad, 0x96, 0xad, 0xb7, 0xb5, 0x97, 0xb5, 0x96, 0xad,
    0x96, 0xb5, 0x96, 0xb5, 0xb7, 0xb5, 0xb7, 0xb5, 0xd7, 0xbd, 0xd7, 0xbd,
    0xf7, 0xbd, 0xd7, 0xbd, 0xb7, 0xb5, 0xd8, 0xbd, 0xd7, 0xbd, 0xd7, 0xbd,
    0xf8, 0xbd, 0x39, 0xc6, 0x18, 0xc6, 0xf8, 0xc5, 0xf8, 0xc5, 0x18, 0xc6,
    0x39, 0xc6, 0x39, 0xc6, 0x18, 0xc6, 0x19, 0xc6, 0xf8, 0xbd, 0xf8, 0xbd,
    0x18, 0xc6, 0xf8, 0xbd, 0xf8, 0xbd, 0xf8, 0xbd, 0xf8, 0xbd, 0xf8, 0xc5,
    0x97, 0xb5, 0x76, 0xad, 0x76, 0xad, 0x55, 0xad, 0x14, 0xa5, 0x14, 0x9d,
    0xb3, 0x94, 0x72, 0x8c, 0x92, 0x94, 0xb3, 0x94, 0x93, 0x94, 0xd3, 0x94,
    0x72, 0x8c, 0x72, 0x8c, 0x93, 0x94, 0x52, 0x8c, 0x11, 0x84, 0x31, 0x84,
    0x11, 0x84, 0xf0, 0x7b, 0xf0, 0x7b, 0xcf, 0x7b, 0xaf, 0x73, 0x10, 0x7c,
    0x11, 0x84, 0x31, 0x84, 0x31, 0x84, 0x52, 0x8c, 0x31, 0x84, 0x52, 0x84,
    0x72, 0x8c, 0x72, 0x8c, 0x31, 0x84, 0x51, 0x84, 0x52, 0x8c, 0x52, 0x84,
    0x72, 0x8c, 0x92, 0x8c, 0xb3, 0x94, 0xb3, 0x94, 0xb3, 0x94, 0x72, 0x8c,
    0x72, 0x8c, 0x72, 0x8c, 0x92, 0x8c, 0x72, 0x8c, 0x11, 0x84, 0x31, 0x84,
    0x31, 0x84, 0xcf, 0x73, 0x8f, 0x6b, 0x2d, 0x63, 0xec, 0x5a, 0x0c, 0x5b,
    0xab, 0x52, 0x6a, 0x4a, 0x29, 0x4a, 0x29, 0x42, 0x29, 0x42, 0x08, 0x42,
    0xa7, 0x31, 0xc7, 0x39, 0x66, 0x29, 0x66, 0x29, 0x66, 0x29, 0x86, 0x31,
    0x86, 0x31, 0x66, 0x29, 0x45, 0x29, 0x66, 0x29, 0xa7, 0x31, 0xc7, 0x39,
    0xa7, 0x31, 0xc7, 0x39, 0xc7, 0x39, 0xc7, 0x39, 0x29, 0x42, 0xcb, 0x5a,
    0x4e, 0x6b, 0x8e, 0x6b, 0x4e, 0x63, 0xec, 0x5a, 0x0d, 0x63, 0x0d, 0x5b,
    0x2d, 0x63, 0x6e, 0x63, 0x2d, 0x63, 0xcc, 0x5a, 0x6a, 0x4a, 0x49, 0x4a,
    0x8b, 0x52, 0xab, 0x52, 0x6a, 0x4a, 0x49, 0x4a, 0x29, 0x42, 0x29, 0x42,
    0x4a, 0x4a, 0x29, 0x42, 0xc7, 0x31, 0x86, 0x31, 0x66, 0x29, 0xc7, 0x39,
    0xc7, 0x39, 0xa7, 0x31, 0x86, 0x31, 0xa3, 0x10, 0x61, 0x10, 0x62, 0x08,
    0x61, 0x08, 0x61, 0x10, 0x61, 0x08, 0x61, 0x08, 0x81, 0x10, 0x81, 0x10,
    0x61, 0x10, 0x81, 0x10, 0x61, 0x08, 0x61, 0x10, 0x81, 0x10, 0x81, 0x10,
    0x61, 0x08, 0x61, 0x10, 0x61, 0x10, 0x61, 0x10, 0x61, 0x10, 0x82, 0x10,
    0x82, 0x10, 0x81, 0x10, 0x82, 0x10, 0x82, 0x10, 0xa2, 0x10, 0x82, 0x10,
    0x81, 0x10, 0xa2, 0x10, 0x82, 0x10, 0x82, 0x10, 0x82, 0x10, 0x82, 0x10,
    0x82, 0x10, 0x82, 0x10, 0xa2, 0x10, 0xa2, 0x10, 0xa2, 0x10, 0xa2, 0x10,
    0xa2, 0x10, 0xa2, 0x18, 0xa3, 0x10, 0xa2, 0x18, 0xa3, 0x18, 0xa2, 0x10,
    0xa2, 0x18, 0xa3, 0x10, 0xa2, 0x10, 0xa2, 0x10, 0xa3, 0x10, 0xa2, 0x10,
    0xa3, 0x18, 0xa3, 0x10, 0xc2, 0x10, 0xc3, 0x10, 0xa2, 0x18, 0xc3, 0x10,
    0xc3, 0x10, 0xa2, 0x18, 0xa3, 0x10, 0xc2, 0x10, 0xc3, 0x10, 0xc3, 0x10,
    0xc3, 0x10, 0xc3, 0x10, 0xa2, 0x10, 0xa2, 0x10, 0xa2, 0x10, 0xa3, 0x10,
    0x04, 0x21, 0xe7, 0x39, 0xa7, 0x31, 0xe8, 0x39, 0x08, 0x42, 0xc7, 0x39,
    0xa7, 0x31, 0x08, 0x42, 0xe8, 0x41, 0x08, 0x42, 0x08, 0x42, 0xe8, 0x39,
    0xe8, 0x39, 0x29, 0x42, 0x29, 0x42, 0x29, 0x42, 0x29, 0x42, 0xe8, 0x39,
    0x08, 0x42, 0x4a, 0x4a, 0x8a, 0x52, 0xab, 0x52, 0xab, 0x52, 0x8b, 0x52,
    0xcb, 0x52, 0xec, 0x5a, 0xec, 0x5a, 0xcc, 0x52, 0xcc, 0x5a, 0xec, 0x5a,
    0x2d, 0x63, 0x0d, 0x5b, 0xab, 0x52, 0xec, 0x5a, 0xcc, 0x52, 0x8b, 0x52,
    0xab, 0x52, 0x8b, 0x52, 0x8a, 0x4a, 0x8a, 0x52, 0x8a, 0x52, 0xab, 0x52,
    0x8a, 0x52, 0x29, 0x42, 0x28, 0x42, 0xe8, 0x41, 0x86, 0x31, 0xa7, 0x31,
    0x25, 0x29, 0xc3, 0x18, 0xe3, 0x18, 0x04, 0x21, 0x25, 0x21, 0x45, 0x29,
    0x25, 0x21, 0x04, 0x21, 0x04, 0x21, 0x05, 0x21, 0xa7, 0x31, 0x08, 0x42,
    0xe8, 0x39, 0xe8, 0x39, 0x08, 0x3a, 0xc7, 0x39, 0x86, 0x31, 0x66, 0x29,
    0x66, 0x29, 0xe8, 0x39, 0xe8, 0x39, 0x04, 0x21, 0xe3, 0x18, 0xe3, 0x18,
    0xe4, 0x18, 0xe4, 0x20, 0x04, 0x21, 0x04, 0x19, 0x04, 0x21, 0x04, 0x21,
    0x04, 0x21, 0x04, 0x21, 0x04, 0x21, 0x04, 0x19, 0x45, 0x29, 0x09, 0x42,
    0xc8, 0x39, 0x08, 0x3a, 0xec, 0x5a, 0x0c, 0x63, 0x6e, 0x6b, 0xec, 0x5a,
    0xec, 0x5a, 0x2d, 0x63, 0xcf, 0x73, 0x11, 0x7c, 0xf1, 0x7b, 0x31, 0x84,
    0x31, 0x84, 0x10, 0x7c, 0xf0, 0x7b, 0xf0, 0x7b, 0x31, 0x84, 0x31, 0x84,
    0x10, 0x7c, 0xf0, 0x7b, 0xf0, 0x7b, 0x6e, 0x6b, 0x11, 0x84, 0xd3, 0x94,
    0x55, 0xa5, 0x55, 0xa5, 0x56, 0xa5, 0x35, 0xa5, 0x35, 0xa5, 0x77, 0xad,
    0x76, 0xad, 0x76, 0xad, 0x55, 0xad, 0x55, 0xad, 0x76, 0xad, 0x96, 0xb5,
    0xb7, 0xbd, 0xd7, 0xbd, 0xd7, 0xb5, 0xb7, 0xb5, 0xd7, 0xbd, 0xd7, 0xbd,
    0xd7, 0xb5, 0xb7, 0xb5, 0xd8, 0xbd, 0x18, 0xc6, 0xf8, 0xbd, 0x18, 0xc6,
    0x18, 0xc6, 0x39, 0xc6, 0x39, 0xc6, 0x39, 0xc6, 0x18, 0xc6, 0x18, 0xc6,
    0x18, 0xc6, 0x18, 0xc6, 0x18, 0xc6, 0x18, 0xc6, 0x18, 0xc6, 0xf8, 0xc5,
    0xf8, 0xbd, 0xf8, 0xbd, 0xb7, 0xb5, 0x76, 0xad, 0x56, 0xad, 0x55, 0xa5,
    0x35, 0xa5, 0x35, 0xa5, 0xd3, 0x94, 0xb2, 0x94, 0xb3, 0x94, 0x93, 0x8c,
    0xd3, 0x94, 0x72, 0x8c, 0x31, 0x84, 0x11, 0x84, 0x51, 0x84, 0x51, 0x84,
    0x10, 0x7c, 0x31, 0x84, 0x51, 0x8c, 0x31, 0x84, 0x10, 0x7c, 0x11, 0x84,
    0x31, 0x84, 0x10, 0x7c, 0xd0, 0x7b, 0xf0, 0x7b, 0x31, 0x84, 0x52, 0x8c,
    0x93, 0x8c, 0x92, 0x8c, 0x72, 0x8c, 0x92, 0x8c, 0x31, 0x84, 0x52, 0x8c,
    0x31, 0x84, 0x51, 0x84, 0x72, 0x8c, 0x72, 0x8c, 0x93, 0x94, 0xb3, 0x94,
    0xb4, 0x94, 0x93, 0x94, 0x72, 0x8c, 0x52, 0x8c, 0x52, 0x8c, 0x52, 0x8c,
    0x31, 0x84, 0x31, 0x7c, 0x11, 0x7c, 0xaf, 0x73, 0xaf, 0x73, 0x2e, 0x63,
    0xec, 0x5a, 0x2d, 0x63, 0xec, 0x5a, 0xab, 0x52, 0x29, 0x42, 0x08, 0x42,
    0x29, 0x42, 0xe8, 0x41, 0xa7, 0x31, 0xc7, 0x39, 0xa7, 0x31, 0xa6, 0x31,
    0x86, 0x31, 0x87, 0x31, 0x86, 0x31, 0x86, 0x31, 0x86, 0x31, 0x86, 0x31,
    0x86, 0x29, 0x66, 0x29, 0x66, 0x31, 0x86, 0x31, 0xa7, 0x31, 0x87, 0x31,
    0xc7, 0x39, 0x49, 0x4a, 0xcb, 0x52, 0x0d, 0x63, 0x0d, 0x63, 0xec, 0x5a,
    0xec, 0x5a, 0xec, 0x5a, 0x0c, 0x63, 0x0c, 0x5b, 0xcb, 0x52, 0x8a, 0x52,
    0x6a, 0x4a, 0x6a, 0x4a, 0x8a, 0x52, 0x29, 0x42, 0x08, 0x42, 0x08, 0x3a,
    0xe8, 0x39, 0xc8, 0x39, 0x08, 0x3a, 0xe8, 0x41, 0xc7, 0x39, 0x86, 0x29,
    0x45, 0x29, 0xa7, 0x31, 0x08, 0x42, 0xe8, 0x39, 0x86, 0x31, 0xa3, 0x10,
    0x61, 0x08, 0x61, 0x10, 0x61, 0x10, 0x61, 0x08, 0x61, 0x10, 0x61, 0x08,
    0x61, 0x08, 0x61, 0x08, 0x61, 0x10, 0x81, 0x08, 0x61, 0x10, 0x62, 0x10,
    0x61, 0x08, 0x81, 0x10, 0x81, 0x10, 0x61, 0x10, 0x61, 0x08, 0x81, 0x10,
    0x82, 0x10, 0x61, 0x08, 0x82, 0x10, 0x82, 0x10, 0x81, 0x10, 0x82, 0x10,
    0xa2, 0x10, 0xa2, 0x10, 0x82, 0x10, 0xa2, 0x10, 0x81, 0x10, 0x82, 0x10,
    0xa2, 0x10, 0xa2, 0x10, 0x82, 0x10, 0xa2, 0x10, 0x82, 0x10, 0x82, 0x10,
    0x82, 0x10, 0xa2, 0x18, 0xa2, 0x10, 0xa2, 0x10, 0xa2, 0x10, 0xa2, 0x10,
    0xa2, 0x10, 0xa3, 0x10, 0xa3, 0x18, 0xa2, 0x10, 0xc3, 0x10, 0xa3, 0x10,
    0xa2, 0x10, 0xc2, 0x18, 0xa3, 0x10, 0xa2, 0x10, 0xc3, 0x18, 0xa3, 0x10,
    0xa2, 0x10, 0xc3, 0x18, 0xc3, 0x10, 0xa2, 0x10, 0xc3, 0x18, 0xa3, 0x10,
    0xa2, 0x18, 0xa2, 0x18, 0xa3, 0x18, 0xa3, 0x10, 0xa2, 0x10, 0xa2, 0x10,
    0xa2, 0x10, 0xa3, 0x10, 0x86, 0x31, 0xa7, 0x39, 0xa7, 0x31, 0x08, 0x42,
    0x08, 0x42, 0xc7, 0x39, 0xe8, 0x39, 0x28, 0x42, 0xe7, 0x39, 0xe8, 0x39,
    0xc7, 0x39, 0xa7, 0x39, 0xe8, 0x39, 0x08, 0x42, 0x08, 0x42, 0x28, 0x42,
    0x29, 0x42, 0x29, 0x4a, 0xcc, 0x5a, 0x2d, 0x63, 0x0d, 0x63, 0xec, 0x5a,
    0xec, 0x52, 0xcc, 0x52, 0xec, 0x5a, 0x0d, 0x63, 0xec, 0x5a, 0x8b, 0x52,
    0xcb, 0x52, 0xcc, 0x52, 0xec, 0x5a, 0xec, 0x5a, 0x6a, 0x4a, 0xab, 0x52,
    0xec, 0x5a, 0x8a, 0x4a, 0xab, 0x52, 0x8a, 0x4a, 0x8a, 0x52, 0x8a, 0x4a,
    0x8a, 0x52, 0x8a, 0x52, 0x6a, 0x4a, 0x29, 0x42, 0x08, 0x3a, 0xa7, 0x31,
    0x86, 0x31, 0xa6, 0x31, 0x25, 0x21, 0xe4, 0x18, 0x04, 0x21, 0x04, 0x21,
    0x25, 0x21, 0x66, 0x29, 0x66, 0x29, 0x25, 0x21, 0x04, 0x21, 0x04, 0x21,
    0x66, 0x29, 0x08, 0x42, 0x28, 0x42, 0x08, 0x42, 0x4a, 0x4a, 0x69, 0x4a,
    0xe7, 0x39, 0x66, 0x29, 0x45, 0x29, 0xa6, 0x31, 0x08, 0x42, 0x66, 0x29,
    0xe4, 0x18, 0xe3, 0x18, 0xe4, 0x20, 0x04, 0x19, 0xe4, 0x18, 0x04, 0x21,
    0x04, 0x21, 0x04, 0x19, 0x04, 0x19, 0x04, 0x21, 0x04, 0x19, 0x04, 0x19,
    0x24, 0x21, 0x08, 0x42, 0xe8, 0x39, 0xe8, 0x39, 0xab, 0x52, 0x6e, 0x6b,
    0x6e, 0x6b, 0x0d, 0x63, 0x0c, 0x5b, 0x0c, 0x5b, 0x4e, 0x6b, 0xaf, 0x73,
    0x31, 0x84, 0x72, 0x84, 0x11, 0x7c, 0x11, 0x7c, 0xaf, 0x6b, 0x8e, 0x6b,
    0xaf, 0x73, 0x8e, 0x6b, 0xaf, 0x73, 0xf0, 0x7b, 0xaf, 0x73, 0x4d, 0x63,
    0xf0, 0x7b, 0xb3, 0x94, 0x15, 0xa5, 0x55, 0xad, 0x56, 0xad, 0x15, 0xa5,
    0x14, 0x9d, 0x56, 0xad, 0x56, 0xad, 0x56, 0xad, 0x35, 0xa5, 0x35, 0xa5,
    0x35, 0xad, 0x96, 0xb5, 0xb7, 0xb5, 0x97, 0xb5, 0xb7, 0xb5, 0x96, 0xb5,
    0xb7, 0xb5, 0xd7, 0xb5, 0xb7, 0xb5, 0xd7, 0xbd, 0xd7, 0xbd, 0xd7, 0xbd,
    0xf8, 0xbd, 0xf8, 0xbd, 0x18, 0xc6, 0x39, 0xc6, 0x39, 0xc6, 0x38, 0xc6,
    0x19, 0xc6, 0x19, 0xc6, 0x19, 0xc6, 0x19, 0xc6, 0x18, 0xbe, 0x18, 0xc6,
    0x19, 0xc6, 0x18, 0xc6, 0x18, 0xbe, 0x18, 0xc6, 0xf8, 0xbd, 0x96, 0xb5,
    0x76, 0xad, 0x56, 0xad, 0x55, 0xa5, 0x15, 0x9d, 0xd3, 0x9c, 0xb3, 0x94,
    0xf4, 0x9c, 0x93, 0x94, 0xb3, 0x94, 0x51, 0x84, 0x11, 0x84, 0xf0, 0x7b,
    0x8f, 0x73, 0x8e, 0x73, 0xf0, 0x7b, 0x51, 0x84, 0x72, 0x8c, 0x72, 0x8c,
    0x52, 0x8c, 0x72, 0x8c, 0xb3, 0x94, 0x92, 0x8c, 0x11, 0x84, 0xaf, 0x73,
    0xd0, 0x7b, 0x52, 0x8c, 0x72, 0x8c, 0x52, 0x84, 0x92, 0x8c, 0xb3, 0x94,
    0x72, 0x8c, 0x92, 0x8c, 0x72, 0x8c, 0x72, 0x8c, 0x31, 0x84, 0x52, 0x8c,
    0x72, 0x8c, 0x72, 0x8c, 0x72, 0x8c, 0x93, 0x94, 0x72, 0x8c, 0x31, 0x84,
    0x52, 0x84, 0x51, 0x84, 0x31, 0x84, 0xf0, 0x7b, 0xf0, 0x7b, 0x8f, 0x73,
    0xaf, 0x73, 0x2d, 0x63, 0xab, 0x52, 0x0c, 0x5b, 0xcb, 0x5a, 0x8a, 0x52,
    0x29, 0x42, 0x28, 0x42, 0x08, 0x42, 0xc7, 0x39, 0x86, 0x31, 0xc7, 0x39,
    0xc7, 0x39, 0xc7, 0x39, 0xa7, 0x31, 0xa7, 0x31, 0xa7, 0x31, 0xa6, 0x31,
    0xa7, 0x31, 0x86, 0x31, 0x66, 0x29, 0x66, 0x29, 0x45, 0x29, 0x65, 0x29,
    0xa7, 0x31, 0xa7, 0x31, 0xc7, 0x39, 0xc8, 0x39, 0x08, 0x3a, 0x8a, 0x4a,
    0x6a, 0x4a, 0x6a, 0x4a, 0xaa, 0x52, 0xcb, 0x52, 0xcc, 0x5a, 0xcb, 0x52,
    0xab, 0x52, 0x6a, 0x4a, 0x69, 0x4a, 0x49, 0x4a, 0x29, 0x42, 0xa7, 0x31,
    0x86, 0x31, 0xc7, 0x39, 0xc8, 0x39, 0xa7, 0x31, 0xc6, 0x31, 0xc7, 0x39,
    0xc7, 0x39, 0x86, 0x31, 0x66, 0x29, 0x86, 0x31, 0x08, 0x42, 0xc8, 0x39,
    0x86, 0x31, 0xa3, 0x10, 0x61, 0x08, 0x61, 0x10, 0x62, 0x08, 0x61, 0x08,
    0x61, 0x10, 0x61, 0x10, 0x61, 0x10, 0x61, 0x08, 0x61, 0x10, 0x61, 0x10,
    0x61, 0x08, 0x61, 0x08, 0x61, 0x08, 0x61, 0x08, 0x61, 0x10, 0x82, 0x08,
    0x81, 0x10, 0x61, 0x08, 0x82, 0x10, 0x61, 0x10, 0x82, 0x10, 0x82, 0x10,
    0x81, 0x10, 0x82, 0x10, 0x81, 0x10, 0x82, 0x10, 0x82, 0x10, 0x81, 0x10,
    0x82, 0x10, 0x82, 0x10, 0x82, 0x10, 0x82, 0x10, 0x82, 0x10, 0xa2, 0x10,
    0xa2, 0x10, 0x82, 0x10, 0x82, 0x10, 0xa2, 0x18, 0xa2, 0x10, 0xa2, 0x10,
    0xa2, 0x18, 0xa2, 0x18, 0xa2, 0x10, 0xa2, 0x10, 0xa2, 0x18, 0xa2, 0x10,
    0xa3, 0x10, 0xa2, 0x10, 0xa3, 0x18, 0xa3, 0x10, 0xc2, 0x10, 0xa2, 0x10,
    0xc3, 0x18, 0xc3, 0x18, 0xa2, 0x10, 0xa3, 0x18, 0xc2, 0x10, 0xa3, 0x10,
    0xc3, 0x18, 0xc3, 0x10, 0xa2, 0x10, 0xc3, 0x10, 0xa2, 0x10, 0xa2, 0x18,
    0xa3, 0x10, 0xa3, 0x10, 0x82, 0x10, 0xe4, 0x18, 0xc7, 0x39, 0x86, 0x31,
    0xc8, 0x39, 0x08, 0x42, 0x08, 0x42, 0xc7, 0x39, 0xe8, 0x39, 0x08, 0x42,
    0xe8, 0x39, 0xa7, 0x31, 0xc7, 0x39, 0xe7, 0x39, 0x08, 0x42, 0x08, 0x42,
    0x08, 0x42, 0x08, 0x42, 0x6a, 0x4a, 0x0c, 0x5b, 0x8f, 0x73, 0x8f, 0x6b,
    0x4e, 0x63, 0x2e, 0x63, 0x6e, 0x6b, 0x6f, 0x6b, 0x6f, 0x6b, 0x4e, 0x6b,
    0xec, 0x5a, 0xcc, 0x52, 0xcb, 0x5a, 0xab, 0x52, 0xab, 0x52, 0xcc, 0x5a,
    0x6a, 0x4a, 0xab, 0x52, 0xec, 0x5a, 0x6a, 0x4a, 0x8a, 0x52, 0x8a, 0x4a,
    0x8a, 0x4a, 0xab, 0x52, 0xab, 0x52, 0xab, 0x52, 0x4a, 0x42, 0x08, 0x42,
    0xe8, 0x39, 0x66, 0x29, 0x25, 0x29, 0x66, 0x29, 0x45, 0x29, 0x25, 0x21,
    0x46, 0x29, 0x25, 0x21, 0x24, 0x21, 0x25, 0x21, 0x86, 0x31, 0xc7, 0x39,
    0xc7, 0x39, 0xa7, 0x31, 0xc7, 0x39, 0x29, 0x42, 0x08, 0x42, 0x08, 0x3a,
    0x6a, 0x4a, 0x49, 0x4a, 0x08, 0x42, 0xe8, 0x39, 0x86, 0x31, 0x86, 0x31,
    0x08, 0x42, 0xc7, 0x39, 0x04, 0x21, 0xe4, 0x18, 0xe4, 0x20, 0xe4, 0x18,
    0xe4, 0x18, 0x04, 0x21, 0x04, 0x21, 0xe4, 0x18, 0x04, 0x21, 0xe4, 0x18,
    0x04, 0x21, 0x04, 0x21, 0x04, 0x21, 0xc7, 0x39, 0x09, 0x42, 0xe8, 0x39,
    0x6a, 0x4a, 0x2d, 0x63, 0xaf, 0x73, 0x4d, 0x63, 0x0d, 0x63, 0x0d, 0x5b,
    0xcf, 0x73, 0x31, 0x84, 0x31, 0x84, 0x11, 0x7c, 0x11, 0x7c, 0x8f, 0x73,
    0x0d, 0x5b, 0x8f, 0x6b, 0x6e, 0x6b, 0x0c, 0x63, 0x6e, 0x6b, 0xd0, 0x7b,
    0x6e, 0x6b, 0x6e, 0x6b, 0x31, 0x7c, 0xd4, 0x9c, 0x15, 0xa5, 0x55, 0xa5,
    0x76, 0xad, 0x35, 0xa5, 0x15, 0xa5, 0x15, 0xa5, 0x15, 0xa5, 0x76, 0xad,
    0x14, 0xa5, 0x35, 0xa5, 0x55, 0xa5, 0xb6, 0xb5, 0x96, 0xb5, 0x55, 0xad,
    0x55, 0xad, 0x76, 0xad, 0x96, 0xb5, 0x96, 0xb5, 0xb7, 0xb5, 0x96, 0xb5,
    0xb7, 0xb5, 0xb7, 0xb5, 0xb6, 0xb5, 0xf7, 0xbd, 0x38, 0xc6, 0x39, 0xc6,
    0x39, 0xce, 0x39, 0xc6, 0x18, 0xc6, 0x18, 0xc6, 0x19, 0xc6, 0x18, 0xbe,
    0xd8, 0xbd, 0xd8, 0xbd, 0x18, 0xbe, 0x19, 0xc6, 0xf8, 0xbd, 0xd8, 0xbd,
    0xd8, 0xbd, 0x96, 0xb5, 0x96, 0xb5, 0x56, 0xad, 0x56, 0xad, 0x35, 0xa5,
    0xd3, 0x9c, 0x92, 0x8c, 0xb2, 0x94, 0xd3, 0x94, 0x52, 0x8c, 0x31, 0x84,
    0x11, 0x84, 0xcf, 0x73, 0x2d, 0x63, 0x0c, 0x63, 0xaf, 0x73, 0xd0, 0x7b,
    0x72, 0x8c, 0x93, 0x8c, 0x93, 0x94, 0x93, 0x8c, 0xb3, 0x94, 0xb3, 0x94,
    0xb3, 0x94, 0x52, 0x8c, 0xf0, 0x7b, 0x52, 0x8c, 0x31, 0x84, 0x31, 0x84,
    0x92, 0x8c, 0xb3, 0x94, 0xb3, 0x94, 0x72, 0x8c, 0x93, 0x94, 0x31, 0x84,
    0x31, 0x84, 0x31, 0x84, 0x31, 0x84, 0x52, 0x8c, 0x52, 0x8c, 0x73, 0x8c,
    0x72, 0x8c, 0x31, 0x84, 0x31, 0x84, 0x31, 0x84, 0x11, 0x84, 0xf0, 0x7b,
    0x8f, 0x6b, 0x8f, 0x73, 0x8e, 0x6b, 0x0c, 0x5b, 0x6a, 0x4a, 0xec, 0x5a,
    0x8b, 0x52, 0x49, 0x4a, 0x49, 0x4a, 0x08, 0x42, 0xc7, 0x39, 0x66, 0x29,
    0x25, 0x21, 0x66, 0x29, 0x86, 0x31, 0xc7, 0x39, 0xe8, 0x39, 0x08, 0x42,
    0xc7, 0x39, 0x86, 0x31, 0xa7, 0x31, 0x66, 0x29, 0x66, 0x29, 0x65, 0x29,
    0x25, 0x21, 0x45, 0x29, 0x66, 0x29, 0xa7, 0x31, 0xc7, 0x39, 0xe8, 0x39,
    0x29, 0x42, 0x49, 0x4a, 0x49, 0x4a, 0x49, 0x4a, 0x8a, 0x52, 0x8b, 0x52,
    0x49, 0x4a, 0x29, 0x42, 0x49, 0x4a, 0x29, 0x42, 0x08, 0x42, 0x08, 0x42,
    0xc7, 0x39, 0x45, 0x29, 0x45, 0x29, 0x86, 0x29, 0xa7, 0x31, 0x86, 0x31,
    0x66, 0x29, 0xa7, 0x31, 0xc7, 0x31, 0xa7, 0x31, 0xc7, 0x39, 0xc7, 0x31,
    0xc7, 0x31, 0xc7, 0x39, 0x66, 0x29, 0xa2, 0x10, 0x61, 0x08, 0x61, 0x10,
    0x61, 0x08, 0x61, 0x10, 0x41, 0x08, 0x61, 0x10, 0x61, 0x08, 0x61, 0x10,
    0x61, 0x10, 0x61, 0x08, 0x61, 0x10, 0x61, 0x10, 0x61, 0x10, 0x61, 0x10,
    0x61, 0x08, 0x62, 0x10, 0x81, 0x10, 0x61, 0x08, 0x62, 0x10, 0x81, 0x10,
    0x82, 0x08, 0x81, 0x10, 0x82, 0x10, 0xa2, 0x10, 0x82, 0x10, 0x81, 0x10,
    0xa2, 0x10, 0x82, 0x10, 0x82, 0x10, 0xa1, 0x10, 0x82, 0x10, 0x81, 0x10,
    0xa2, 0x10, 0x82, 0x18, 0xa2, 0x10, 0xa2, 0x10, 0xa2, 0x18, 0x82, 0x10,
    0x82, 0x10, 0x82, 0x10, 0xa2, 0x10, 0xa2, 0x18, 0xa2, 0x10, 0xa2, 0x18,
    0xa3, 0x18, 0xa3, 0x18, 0xa2, 0x10, 0xa2, 0x10, 0xa3, 0x10, 0xa2, 0x10,
    0xa3, 0x10, 0xa2, 0x10, 0xc3, 0x18, 0xc3, 0x10, 0xa2, 0x10, 0xc3, 0x18,
    0xa3, 0x10, 0xa2, 0x18, 0xc2, 0x10, 0xa3, 0x10, 0xa2, 0x10, 0xa3, 0x10,
    0xa3, 0x10, 0xa2, 0x10, 0xa2, 0x18, 0xa2, 0x10, 0xa2, 0x10, 0x86, 0x31,
    0xa7, 0x31, 0xe8, 0x39, 0x08, 0x42, 0x29, 0x42, 0x29, 0x42, 0x08, 0x42,
    0x08, 0x42, 0x29, 0x42, 0x08, 0x42, 0x86, 0x31, 0xa6, 0x31, 0xa7, 0x31,
    0xe8, 0x39, 0x08, 0x42, 0x08, 0x3a, 0x8a, 0x4a, 0x2d, 0x63, 0xaf, 0x73,
    0xd0, 0x73, 0x8f, 0x6b, 0x90, 0x73, 0xb0, 0x73, 0xd0, 0x73, 0xd0, 0x7b,
    0xd0, 0x7b, 0xb0, 0x73, 0x6e, 0x6b, 0x4e, 0x63, 0x0d, 0x63, 0xab, 0x52,
    0xab, 0x52, 0xec, 0x5a, 0x6a, 0x4a, 0xcc, 0x52, 0xcb, 0x5a, 0x6a, 0x4a,
    0x6a, 0x4a, 0x6a, 0x4a, 0x8a, 0x4a, 0xaa, 0x52, 0xab, 0x52, 0xcc, 0x5a,
    0xab, 0x52, 0x6a, 0x42, 0x29, 0x42, 0xc7, 0x39, 0x86, 0x31, 0xc7, 0x31,
    0x08, 0x3a, 0x6a, 0x4a, 0x8a, 0x52, 0x4a, 0x4a, 0xa7, 0x31, 0x45, 0x29,
    0xa6, 0x31, 0x29, 0x42, 0x6a, 0x4a, 0x29, 0x42, 0x29, 0x42, 0x49, 0x4a,
    0x29, 0x42, 0x09, 0x42, 0x6a, 0x4a, 0x29, 0x42, 0x08, 0x42, 0x29, 0x42,
    0xe8, 0x39, 0xa7, 0x31, 0xe8, 0x39, 0xe8, 0x39, 0x44, 0x29, 0xe3, 0x18,
    0xe4, 0x18, 0xe4, 0x18, 0xe4, 0x18, 0x04, 0x21, 0x04, 0x21, 0x04, 0x21,
    0x04, 0x21, 0x04, 0x21, 0x04, 0x21, 0x04, 0x21, 0x04, 0x21, 0x86, 0x31,
    0x29, 0x42, 0x08, 0x3a, 0x29, 0x42, 0xab, 0x52, 0xaf, 0x73, 0xaf, 0x73,
    0x4d, 0x63, 0x4e, 0x6b, 0x6e, 0x6b, 0x6e, 0x6b, 0x6e, 0x6b, 0xd0, 0x73,
    0xaf, 0x73, 0x6e, 0x6b, 0x8e, 0x6b, 0x8f, 0x6b, 0x4e, 0x63, 0x6e, 0x6b,
    0xaf, 0x73, 0xcf, 0x73, 0x4e, 0x63, 0x6e, 0x6b, 0x32, 0x84, 0xf4, 0x9c,
    0xd4, 0x9c, 0x35, 0xa5, 0x56, 0xa5, 0x15, 0xa5, 0xf4, 0x9c, 0xf4, 0x9c,
    0x14, 0x9d, 0x55, 0xa5, 0x35, 0xa5, 0x35, 0xa5, 0x76, 0xad, 0xb7, 0xb5,
    0x75, 0xad, 0x76, 0xad, 0x55, 0xad, 0x76, 0xad, 0x96, 0xb5, 0xb7, 0xb5,
    0xb6, 0xb5, 0x96, 0xb5, 0x96, 0xb5, 0x96, 0xb5, 0x96, 0xb5, 0xd7, 0xbd,
    0x18, 0xc6, 0x39, 0xc6, 0x39, 0xc6, 0x18, 0xc6, 0x18, 0xc6, 0x19, 0xc6,
    0x18, 0xbe, 0xf8, 0xc5, 0xf8, 0xbd, 0xd8, 0xbd, 0xf8, 0xbd, 0x19, 0xc6,
    0xf8, 0xc5, 0xd8, 0xbd, 0xd7, 0xb5, 0xb7, 0xb5, 0xb7, 0xb5, 0x76, 0xad,
    0x76, 0xad, 0x35, 0xa5, 0xd3, 0x94, 0x72, 0x8c, 0x72, 0x8c, 0xb3, 0x94,
    0x93, 0x94, 0x52, 0x8c, 0x51, 0x84, 0xcf, 0x7b, 0x4d, 0x6b, 0xec, 0x5a,
    0x6e, 0x6b, 0xcf, 0x73, 0x51, 0x84, 0x93, 0x94, 0x92, 0x8c, 0x51, 0x84,
    0x52, 0x8c, 0x72, 0x8c, 0x93, 0x94, 0xd4, 0x94, 0xd4, 0x94, 0x93, 0x8c,
    0x11, 0x84, 0x31, 0x84, 0x52, 0x8c, 0x72, 0x8c, 0x72, 0x8c, 0x72, 0x8c,
    0x32, 0x84, 0xf1, 0x7b, 0x11, 0x7c, 0xf0, 0x7b, 0x52, 0x84, 0x73, 0x8c,
    0x52, 0x8c, 0x72, 0x8c, 0x72, 0x8c, 0x52, 0x8c, 0x32, 0x84, 0x31, 0x84,
    0x11, 0x84, 0xd0, 0x73, 0x8e, 0x6b, 0x8f, 0x73, 0x4d, 0x6b, 0x0c, 0x5b,
    0x6a, 0x4a, 0xec, 0x5a, 0xaa, 0x52, 0x6a, 0x4a, 0x4a, 0x4a, 0xe8, 0x39,
    0xa7, 0x31, 0x66, 0x29, 0x45, 0x29, 0x65, 0x29, 0x86, 0x31, 0xe8, 0x39,
    0x29, 0x42, 0x28, 0x42, 0x86, 0x31, 0x66, 0x29, 0x86, 0x31, 0x45, 0x29,
    0x65, 0x29, 0x66, 0x29, 0x46, 0x29, 0x45, 0x29, 0x66, 0x29, 0xc7, 0x39,
    0xe7, 0x39, 0x29, 0x42, 0x8a, 0x52, 0x8a, 0x52, 0x6a, 0x4a, 0x6a, 0x4a,
    0x69, 0x4a, 0x08, 0x42, 0x08, 0x42, 0x29, 0x42, 0x08, 0x42, 0x08, 0x42,
    0xe8, 0x39, 0xa7, 0x31, 0xa7, 0x31, 0x66, 0x29, 0x45, 0x21, 0x45, 0x29,
    0x86, 0x29, 0x86, 0x31, 0x86, 0x31, 0xc8, 0x39, 0xc7, 0x39, 0xc7, 0x39,
    0xc7, 0x39, 0x86, 0x31, 0x87, 0x31, 0x08, 0x3a, 0x86, 0x31, 0xa2, 0x10,
    0x61, 0x08, 0x61, 0x08, 0x61, 0x10, 0x62, 0x10, 0x61, 0x08, 0x61, 0x08,
    0x61, 0x10, 0x61, 0x10, 0x61, 0x08, 0x61, 0x08, 0x61, 0x08, 0x62, 0x10,
    0x61, 0x08, 0x61, 0x08, 0x61, 0x10, 0x62, 0x10, 0x61, 0x08, 0x61, 0x10,
    0x61, 0x08, 0x82, 0x10, 0x82, 0x10, 0x81, 0x10, 0x82, 0x10, 0x82, 0x10,
    0xa2, 0x10, 0x82, 0x10, 0x81, 0x10, 0x82, 0x10, 0xa2, 0x10, 0x82, 0x10,
    0x81, 0x10, 0xa2, 0x10, 0xa2, 0x10, 0x82, 0x10, 0x82, 0x10, 0xa2, 0x18,
    0xa2, 0x18, 0xa2, 0x10, 0xa2, 0x18, 0xa2, 0x18, 0xa3, 0x10, 0xa3, 0x18,
    0xa2, 0x10, 0xa3, 0x10, 0xa3, 0x18, 0xa3, 0x18, 0xc3, 0x18, 0xa2, 0x10,
    0xc2, 0x18, 0xa3, 0x10, 0xa2, 0x18, 0xc3, 0x18, 0xa3, 0x10, 0xa2, 0x10,
    0xc3, 0x10, 0xc3, 0x18, 0xa2, 0x10, 0xc3, 0x10, 0xc3, 0x18, 0xa2, 0x18,
    0xa3, 0x10, 0xc2, 0x18, 0xa3, 0x10, 0xa3, 0x10, 0xa2, 0x10, 0xa3, 0x10,
    0x04, 0x21, 0xa7, 0x39, 0xc7, 0x39, 0x29, 0x42, 0x08, 0x42, 0x29, 0x42,
    0x49, 0x42, 0x29, 0x42, 0x29, 0x42, 0x69, 0x4a, 0x08, 0x42, 0x66, 0x29,
    0x66, 0x29, 0x86, 0x31, 0xe8, 0x39, 0x49, 0x4a, 0x6a, 0x4a, 0x2d, 0x63,
    0xb0, 0x73, 0xf1, 0x7b, 0xd0, 0x73, 0x8f, 0x6b, 0xd0, 0x73, 0xf1, 0x7b,
    0xf1, 0x7b, 0x11, 0x7c, 0x11, 0x7c, 0xf1, 0x7b, 0x11, 0x7c, 0xd0, 0x73,
    0x8f, 0x6b, 0x0d, 0x63, 0xec, 0x5a, 0x0d, 0x63, 0x8b, 0x52, 0xec, 0x5a,
    0x8b, 0x52, 0x6a, 0x4a, 0x69, 0x4a, 0x69, 0x4a, 0x6a, 0x4a, 0x6a, 0x4a,
    0x6a, 0x4a, 0xab, 0x52, 0xec, 0x5a, 0xed, 0x5a, 0xcc, 0x5a, 0x8a, 0x4a,
    0x2a, 0x42, 0x8b, 0x4a, 0xcc, 0x5a, 0xec, 0x5a, 0x0d, 0x5b, 0xec, 0x5a,
    0x6a, 0x4a, 0xa7, 0x31, 0x08, 0x42, 0x8b, 0x52, 0xab, 0x52, 0x8a, 0x52,
    0x69, 0x4a, 0x49, 0x4a, 0x49, 0x4a, 0x29, 0x42, 0x8a, 0x52, 0x4a, 0x4a,
    0x08, 0x42, 0x6a, 0x4a, 0x49, 0x4a, 0xc7, 0x39, 0xa7, 0x31, 0xe8, 0x39,
    0x45, 0x29, 0xe3, 0x18, 0xe3, 0x18, 0xe3, 0x18, 0xe4, 0x18, 0xe4, 0x18,
    0x04, 0x21, 0x04, 0x19, 0xe4, 0x18, 0x04, 0x21, 0x04, 0x19, 0xe3, 0x18,
    0xe4, 0x18, 0x25, 0x21, 0xe8, 0x39, 0x49, 0x4a, 0x08, 0x42, 0x6a, 0x4a,
    0xcb, 0x5a, 0x8e, 0x6b, 0x8e, 0x73, 0x8f, 0x6b, 0x2d, 0x63, 0x4d, 0x6b,
    0x8f, 0x73, 0x8e, 0x6b, 0x0c, 0x63, 0x0c, 0x5b, 0x4d, 0x6b, 0x6e, 0x6b,
    0x6e, 0x6b, 0x2d, 0x63, 0xec, 0x5a, 0x8e, 0x6b, 0x2d, 0x63, 0x8e, 0x6b,
    0x52, 0x8c, 0xf5, 0x9c, 0xd4, 0x94, 0x14, 0x9d, 0x35, 0xa5, 0x35, 0xa5,
    0x14, 0x9d, 0xd4, 0x9c, 0x15, 0x9d, 0x35, 0xa5, 0x35, 0xa5, 0x55, 0xad,
    0x96, 0xb5, 0x96, 0xad, 0x56, 0xad, 0x76, 0xad, 0x76, 0xad, 0x96, 0xb5,
    0x97, 0xb5, 0xb7, 0xb5, 0xb7, 0xb5, 0xb7, 0xb5, 0x97, 0xb5, 0x96, 0xb5,
    0xb7, 0xb5, 0xb7, 0xb5, 0xf8, 0xbd, 0xf8, 0xc5, 0x19, 0xc6, 0xf8, 0xbd,
    0xf8, 0xbd, 0x19, 0xc6, 0xf8, 0xbd, 0xf8, 0xbd, 0xf8, 0xbd, 0xf8, 0xbd,
    0xf8, 0xbd, 0x18, 0xc6, 0xf8, 0xbd, 0xd7, 0xbd, 0x97, 0xb5, 0xb7, 0xb5,
    0xd7, 0xbd, 0xb7, 0xb5, 0xb7, 0xb5, 0x76, 0xad, 0x14, 0xa5, 0x72, 0x8c,
    0x72, 0x8c, 0xf4, 0x9c, 0xd4, 0x9c, 0x52, 0x84, 0x72, 0x8c, 0x10, 0x7c,
    0x4e, 0x6b, 0x0c, 0x5b, 0x4e, 0x6b, 0xd0, 0x7b, 0x31, 0x84, 0x93, 0x94,
    0x31, 0x84, 0xf0, 0x7b, 0xf1, 0x7b, 0x11, 0x84, 0x32, 0x84, 0x93, 0x94,
    0xf4, 0x9c, 0x93, 0x8c, 0x31, 0x84, 0x31, 0x84, 0x31, 0x84, 0x51, 0x84,
    0x52, 0x84, 0x52, 0x84, 0xf0, 0x7b, 0xcf, 0x73, 0x11, 0x84, 0x72, 0x8c,
    0x92, 0x94, 0x72, 0x8c, 0x32, 0x84, 0x52, 0x84, 0x73, 0x8c, 0x73, 0x8c,
    0x52, 0x8c, 0x52, 0x84, 0x11, 0x84, 0xd0, 0x7b, 0xaf, 0x73, 0xaf, 0x73,
    0x6e, 0x6b, 0x0c, 0x63, 0x8a, 0x52, 0xec, 0x5a, 0xcb, 0x52, 0x6a, 0x4a,
    0x29, 0x42, 0xc7, 0x39, 0xa7, 0x31, 0xa6, 0x31, 0x86, 0x31, 0x86, 0x31,
    0xc7, 0x39, 0xe8, 0x39, 0x29, 0x42, 0xe8, 0x41, 0xa7, 0x31, 0x66, 0x29,
    0x45, 0x29, 0x25, 0x21, 0x45, 0x29, 0x66, 0x31, 0x86, 0x31, 0xa6, 0x31,
    0x86, 0x31, 0xe8, 0x39, 0x08, 0x42, 0x8a, 0x52, 0xab, 0x52, 0x8a, 0x52,
    0x49, 0x4a, 0x09, 0x42, 0xc7, 0x39, 0xc7, 0x39, 0xe8, 0x39, 0xe7, 0x39,
    0xe8, 0x39, 0xe8, 0x41, 0xe8, 0x39, 0xa7, 0x31, 0xa6, 0x31, 0x86, 0x31,
    0x66, 0x29, 0x45, 0x29, 0x66, 0x29, 0xa7, 0x31, 0x08, 0x42, 0x29, 0x42,
    0xe8, 0x41, 0xc7, 0x39, 0xa7, 0x31, 0x86, 0x31, 0xc7, 0x39, 0x09, 0x42,
    0xa7, 0x31, 0xa2, 0x10, 0x61, 0x08, 0x61, 0x10, 0x41, 0x08, 0x61, 0x10,
    0x41, 0x10, 0x61, 0x08, 0x61, 0x10, 0x61, 0x10, 0x61, 0x10, 0x61, 0x08,
    0x61, 0x10, 0x61, 0x08, 0x61, 0x08, 0x61, 0x10, 0x62, 0x10, 0x61, 0x08,
    0x82, 0x10, 0x61, 0x10, 0x61, 0x08, 0x82, 0x10, 0x82, 0x10, 0x81, 0x10,
    0x82, 0x10, 0x82, 0x10, 0x81, 0x10, 0x82, 0x10, 0x82, 0x10, 0x81, 0x10,
    0x82, 0x10, 0x82, 0x10, 0x82, 0x10, 0x82, 0x10, 0xa2, 0x10, 0xa2, 0x10,
    0x82, 0x10, 0xa2, 0x18, 0xa2, 0x10, 0xa2, 0x10, 0xa2, 0x10, 0xa2, 0x10,
    0x82, 0x18, 0xa2, 0x18, 0xa3, 0x10, 0xa2, 0x10, 0xa2, 0x10, 0xa3, 0x18,
    0xc3, 0x18, 0xa2, 0x10, 0xa3, 0x10, 0xc3, 0x10, 0xa2, 0x10, 0xc3, 0x18,
    0xc3, 0x10, 0xa2, 0x10, 0xa3, 0x18, 0xc2, 0x10, 0xa3, 0x10, 0xa3, 0x18,
    0xc3, 0x10, 0xc3, 0x10, 0xa2, 0x10, 0xa2, 0x18, 0xc2, 0x10, 0xa2, 0x10,
    0xa3, 0x18, 0xc3, 0x10, 0x86, 0x31, 0xc7, 0x39, 0x09, 0x42, 0x29, 0x42,
    0x49, 0x4a, 0x49, 0x4a, 0x49, 0x4a, 0x49, 0x4a, 0x49, 0x4a, 0x29, 0x42,
    0x08, 0x42, 0xa7, 0x31, 0x86, 0x31, 0x86, 0x31, 0x29, 0x42, 0x8b, 0x52,
    0xab, 0x52, 0x0d, 0x63, 0x8f, 0x73, 0xd0, 0x7b, 0xf1, 0x7b, 0xb0, 0x73,
    0x8f, 0x6b, 0x6f, 0x6b, 0x8f, 0x6b, 0xf0, 0x73, 0xf0, 0x73, 0xf0, 0x7b,
    0x31, 0x7c, 0x11, 0x84, 0xaf, 0x73, 0x4e, 0x63, 0x2d, 0x63, 0x4d, 0x63,
    0xed, 0x5a, 0x0d, 0x5b, 0xab, 0x52, 0x49, 0x4a, 0x69, 0x4a, 0x49, 0x42,
    0x49, 0x4a, 0x49, 0x42, 0x4a, 0x4a, 0x8b, 0x4a, 0xcc, 0x52, 0x0d, 0x63,
    0x0d, 0x63, 0x0d, 0x63, 0xed, 0x5a, 0x0d, 0x63, 0x2d, 0x63, 0x0c, 0x5b,
    0xec, 0x5a, 0x0c, 0x5b, 0xab, 0x52, 0x08, 0x3a, 0x6a, 0x4a, 0xcb, 0x52,
    0xcb, 0x52, 0xab, 0x52, 0x6a, 0x4a, 0x08, 0x42, 0x08, 0x42, 0x28, 0x42,
    0x6a, 0x4a, 0x8a, 0x52, 0x29, 0x42, 0xab, 0x52, 0x8a, 0x52, 0xe8, 0x39,
    0x86, 0x31, 0xc7, 0x39, 0x45, 0x29, 0xc3, 0x18, 0xe3, 0x18, 0xe3, 0x18,
    0xe3, 0x20, 0xe3, 0x18, 0x04, 0x19, 0xe4, 0x20, 0x04, 0x21, 0x04, 0x19,
    0x04, 0x21, 0xe3, 0x18, 0xe4, 0x18, 0x04, 0x21, 0xa7, 0x31, 0x29, 0x42,
    0x8a, 0x4a, 0x6a, 0x4a, 0x6a, 0x4a, 0x8a, 0x4a, 0x2d, 0x63, 0x4e, 0x6b,
    0x6e, 0x6b, 0x6e, 0x6b, 0x8f, 0x73, 0x4e, 0x63, 0x2d, 0x63, 0xec, 0x5a,
    0x0d, 0x63, 0x4d, 0x63, 0x4d, 0x6b, 0x8a, 0x4a, 0x8a, 0x52, 0x0c, 0x63,
    0xaf, 0x73, 0xf0, 0x7b, 0xb3, 0x94, 0xd4, 0x94, 0xf4, 0x9c, 0x15, 0xa5,
    0x35, 0xa5, 0x35, 0xa5, 0x35, 0xa5, 0x15, 0x9d, 0x35, 0xa5, 0x35, 0xa5,
    0x55, 0xa5, 0x76, 0xad, 0x97, 0xb5, 0x76, 0xad, 0x56, 0xad, 0x76, 0xb5,
    0x96, 0xad, 0x96, 0xb5, 0xb7, 0xb5, 0x96, 0xb5, 0x97, 0xb5, 0x96, 0xb5,
    0x96, 0xb5, 0x96, 0xb5, 0xb7, 0xb5, 0xb6, 0xb5, 0xd7, 0xbd, 0xd8, 0xbd,
    0xf8, 0xbd, 0xf8, 0xbd, 0x18, 0xc6, 0x18, 0xc6, 0xf8, 0xc5, 0xf8, 0xbd,
    0x19, 0xc6, 0xf8, 0xc5, 0xf8, 0xbd, 0xf8, 0xbd, 0xd8, 0xbd, 0xd7, 0xbd,
    0x96, 0xb5, 0x97, 0xb5, 0xb7, 0xb5, 0xb7, 0xb5, 0x97, 0xb5, 0x97, 0xb5,
    0x55, 0xad, 0xf3, 0x9c, 0xd3, 0x94, 0x14, 0xa5, 0x35, 0xa5, 0xd4, 0x94,
    0x72, 0x8c, 0x11, 0x84, 0x8e, 0x73, 0x0c, 0x5b, 0x6e, 0x6b, 0xd0, 0x73,
    0x11, 0x84, 0x31, 0x84, 0x10, 0x7c, 0x6f, 0x6b, 0x8f, 0x73, 0xcf, 0x73,
    0xd0, 0x73, 0xd0, 0x7b, 0x11, 0x84, 0x93, 0x8c, 0x51, 0x84, 0x31, 0x84,
    0x31, 0x84, 0x31, 0x84, 0x31, 0x84, 0x11, 0x7c, 0xf0, 0x7b, 0xf0, 0x7b,
    0x31, 0x8c, 0x72, 0x8c, 0x72, 0x8c, 0x52, 0x8c, 0x32, 0x84, 0x52, 0x8c,
    0x72, 0x8c, 0x72, 0x8c, 0x52, 0x8c, 0x52, 0x8c, 0x11, 0x84, 0xf0, 0x7b,
    0xcf, 0x7b, 0xcf, 0x73, 0xcf, 0x73, 0x4d, 0x6b, 0xab, 0x52, 0xec, 0x5a,
    0xec, 0x5a, 0x49, 0x4a, 0xa7, 0x31, 0xa6, 0x31, 0xc7, 0x39, 0xc8, 0x39,
    0xe8, 0x39, 0x29, 0x42, 0x08, 0x42, 0x29, 0x42, 0x28, 0x42, 0x08, 0x42,
    0xc7, 0x39, 0x86, 0x29, 0x66, 0x29, 0x25, 0x21, 0x45, 0x29, 0xa7, 0x31,
    0xc7, 0x39, 0xa7, 0x31, 0xc7, 0x31, 0xe8, 0x39, 0x08, 0x42, 0x49, 0x4a,
    0x29, 0x42, 0xe8, 0x39, 0xa7, 0x31, 0x86, 0x31, 0x86, 0x29, 0xc7, 0x39,
    0xc7, 0x39, 0xa7, 0x31, 0x86, 0x31, 0xc7, 0x39, 0x08, 0x42, 0xa7, 0x31,
    0x66, 0x29, 0x45, 0x29, 0x45, 0x29, 0x66, 0x29, 0xa6, 0x31, 0xa7, 0x39,
    0x08, 0x42, 0x49, 0x42, 0x28, 0x42, 0xa7, 0x31, 0x86, 0x31, 0xa7, 0x31,
    0xc7, 0x39, 0x08, 0x42, 0xa7, 0x31, 0x82, 0x10, 0x41, 0x08, 0x61, 0x08,
    0x61, 0x08, 0x61, 0x10, 0x41, 0x10, 0x61, 0x08, 0x61, 0x08, 0x61, 0x10,
    0x61, 0x08, 0x61, 0x08, 0x61, 0x10, 0x61, 0x10, 0x61, 0x08, 0x61, 0x10,
    0x61, 0x08, 0x61, 0x10, 0x82, 0x10, 0x62, 0x08, 0x61, 0x10, 0x81, 0x10,
    0x82, 0x10, 0x82, 0x10, 0x82, 0x10, 0xa2, 0x10, 0x81, 0x10, 0xa2, 0x10,
    0xa2, 0x10, 0x82, 0x10, 0x82, 0x10, 0xa1, 0x10, 0x82, 0x10, 0x82, 0x10,
    0xa2, 0x18, 0x82, 0x10, 0x82, 0x10, 0xa2, 0x10, 0xa2, 0x10, 0x82, 0x18,
    0xa2, 0x10, 0xa2, 0x10, 0x82, 0x10, 0xa2, 0x18, 0xa3, 0x18, 0xa2, 0x18,
    0xa2, 0x10, 0xa2, 0x10, 0xa3, 0x10, 0xc3, 0x10, 0xa2, 0x10, 0xa2, 0x10,
    0xa3, 0x10, 0xc3, 0x18, 0xc2, 0x10, 0xa3, 0x18, 0xc3, 0x18, 0xc2, 0x10,
    0xa2, 0x10, 0xa2, 0x10, 0xc3, 0x18, 0xa3, 0x10, 0xa2, 0x10, 0xa3, 0x10,
    0xa3, 0x10, 0xa2, 0x10, 0xa2, 0x10, 0xe3, 0x18, 0xe8, 0x39, 0x08, 0x42,
    0x49, 0x4a, 0x6a, 0x4a, 0x8a, 0x52, 0x6a, 0x4a, 0x29, 0x42, 0x29, 0x42,
    0x29, 0x42, 0x29, 0x4a, 0x09, 0x42, 0x08, 0x42, 0x08, 0x42, 0x29, 0x42,
    0xab, 0x52, 0x8a, 0x52, 0xcb, 0x5a, 0x8f, 0x6b, 0xaf, 0x73, 0xf0, 0x73,
    0x32, 0x84, 0xd0, 0x73, 0x4e, 0x63, 0x2d, 0x63, 0x4d, 0x63, 0xaf, 0x73,
    0xaf, 0x73, 0xcf, 0x73, 0xf0, 0x7b, 0x10, 0x7c, 0xaf, 0x73, 0x4e, 0x6b,
    0x0c, 0x5b, 0x0d, 0x5b, 0xec, 0x5a, 0x2c, 0x63, 0xab, 0x52, 0x4a, 0x4a,
    0x49, 0x42, 0x6a, 0x4a, 0x6a, 0x4a, 0x49, 0x4a, 0x6a, 0x4a, 0x8b, 0x4a,
    0xcc, 0x5a, 0x0d, 0x63, 0x4e, 0x63, 0x6f, 0x6b, 0x6e, 0x6b, 0x6f, 0x6b,
    0xaf, 0x73, 0x4d, 0x63, 0xcc, 0x5a, 0xab, 0x52, 0x49, 0x4a, 0x29, 0x42,
    0x8a, 0x52, 0xcc, 0x5a, 0xcc, 0x5a, 0xab, 0x52, 0x29, 0x42, 0x08, 0x42,
    0xe8, 0x39, 0xe8, 0x39, 0x4a, 0x4a, 0x8b, 0x52, 0x49, 0x4a, 0xab, 0x52,
    0xab, 0x52, 0xc7, 0x39, 0xa6, 0x31, 0xa7, 0x31, 0x45, 0x29, 0x04, 0x21,
    0x04, 0x21, 0xe4, 0x18, 0xe4, 0x18, 0xe3, 0x18, 0xe4, 0x20, 0x04, 0x21,
    0xe4, 0x18, 0xe4, 0x18, 0x04, 0x21, 0xe3, 0x18, 0xe3, 0x18, 0x04, 0x21,
    0x24, 0x21, 0xc7, 0x39, 0x4a, 0x4a, 0xab, 0x52, 0x8b, 0x4a, 0x4a, 0x4a,
    0x8b, 0x52, 0xec, 0x5a, 0x2d, 0x63, 0x6e, 0x6b, 0x2d, 0x63, 0x2d, 0x63,
    0x2e, 0x63, 0x0d, 0x5b, 0x2d, 0x63, 0x0d, 0x63, 0x6a, 0x4a, 0x6a, 0x4a,
    0xab, 0x52, 0xab, 0x52, 0x6e, 0x6b, 0x31, 0x84, 0xd3, 0x94, 0xb3, 0x94,
    0x14, 0x9d, 0x15, 0xa5, 0x15, 0xa5, 0x35, 0xa5, 0x35, 0xa5, 0x35, 0xa5,
    0x35, 0xa5, 0x55, 0xa5, 0x76, 0xad, 0x76, 0xad, 0x96, 0xad, 0x76, 0xad,
    0x76, 0xad, 0x76, 0xad, 0x76, 0xad, 0x97, 0xb5, 0x97, 0xb5, 0x96, 0xb5,
    0x97, 0xb5, 0x96, 0xb5, 0x96, 0xb5, 0x96, 0xad, 0x96, 0xb5, 0x97, 0xb5,
    0xb7, 0xb5, 0xd7, 0xbd, 0xd8, 0xbd, 0xf8, 0xbd, 0x18, 0xc6, 0x19, 0xc6,
    0xf8, 0xbd, 0xf8, 0xbd, 0xf8, 0xbd, 0xd8, 0xbd, 0xd7, 0xbd, 0xd7, 0xbd,
    0xd8, 0xbd, 0xd7, 0xb5, 0x97, 0xb5, 0x76, 0xad, 0x97, 0xb5, 0x97, 0xb5,
    0x96, 0xb5, 0xb7, 0xb5, 0x76, 0xad, 0x35, 0xa5, 0x35, 0xa5, 0x76, 0xad,
    0x76, 0xad, 0x14, 0x9d, 0x93, 0x94, 0x52, 0x8c, 0xd0, 0x7b, 0x4d, 0x6b,
    0xcf, 0x73, 0xf0, 0x7b, 0x10, 0x84, 0x11, 0x7c, 0x11, 0x7c, 0x8f, 0x73,
    0x8f, 0x73, 0xaf, 0x73, 0x8e, 0x6b, 0x8e, 0x6b, 0xf0, 0x7b, 0x51, 0x84,
    0x52, 0x8c, 0x31, 0x84, 0x72, 0x84, 0x52, 0x84, 0xf0, 0x7b, 0xf0, 0x7b,
    0xf0, 0x7b, 0x31, 0x84, 0x52, 0x84, 0x72, 0x8c, 0x52, 0x84, 0x52, 0x8c,
    0x11, 0x84, 0xf1, 0x7b, 0x11, 0x84, 0x11, 0x84, 0x52, 0x84, 0x51, 0x84,
    0x31, 0x84, 0xf0, 0x7b, 0xf0, 0x7b, 0xcf, 0x73, 0xaf, 0x73, 0x4e, 0x6b,
    0xab, 0x5a, 0x0c, 0x5b, 0x0c, 0x5b, 0x29, 0x42, 0xa6, 0x31, 0xa7, 0x31,
    0xe8, 0x41, 0x29, 0x42, 0x49, 0x4a, 0x6a, 0x4a, 0x49, 0x4a, 0x49, 0x4a,
    0x29, 0x42, 0x08, 0x42, 0xc7, 0x39, 0xa7, 0x39, 0xc7, 0x39, 0x86, 0x31,
    0xa7, 0x31, 0xa7, 0x31, 0x86, 0x31, 0x86, 0x31, 0x66, 0x31, 0x86, 0x31,
    0xc7, 0x39, 0xc8, 0x39, 0xe8, 0x39, 0xe7, 0x39, 0x86, 0x31, 0x25, 0x21,
    0x25, 0x21, 0x66, 0x29, 0x86, 0x31, 0xa7, 0x31, 0xa7, 0x31, 0xa7, 0x31,
    0x86, 0x31, 0x45, 0x29, 0x25, 0x21, 0x25, 0x21, 0x45, 0x29, 0x66, 0x29,
    0x66, 0x31, 0xa6, 0x31, 0xc7, 0x39, 0x09, 0x42, 0xc7, 0x39, 0xc7, 0x39,
    0xe8, 0x39, 0xe8, 0x39, 0xe8, 0x39, 0x08, 0x42, 0x86, 0x31, 0x83, 0x10,
    0x61, 0x08, 0x61, 0x10, 0x61, 0x08, 0x61, 0x08, 0x41, 0x08, 0x41, 0x10,
    0x61, 0x10, 0x61, 0x08, 0x61, 0x10, 0x61, 0x08, 0x61, 0x08, 0x61, 0x08,
    0x62, 0x10, 0x61, 0x08, 0x61, 0x10, 0x61, 0x10, 0x61, 0x08, 0x61, 0x10,
    0x82, 0x10, 0x82, 0x10, 0x81, 0x08, 0x81, 0x10, 0x82, 0x10, 0x82, 0x10,
    0x82, 0x10, 0x82, 0x10, 0x81, 0x10, 0x82, 0x10, 0xa2, 0x10, 0x81, 0x10,
    0x82, 0x10, 0x81, 0x10, 0xa2, 0x10, 0xa2, 0x10, 0xa2, 0x18, 0xa2, 0x18,
    0xa2, 0x10, 0x82, 0x10, 0xa2, 0x18, 0xa2, 0x18, 0xa3, 0x10, 0xa2, 0x10,
    0xa3, 0x18, 0xa3, 0x18, 0xa3, 0x10, 0xa2, 0x18, 0xa2, 0x18, 0xc3, 0x10,
    0xa2, 0x18, 0xa2, 0x10, 0xa3, 0x10, 0xa2, 0x10, 0xa2, 0x18, 0xc3, 0x10,
    0xa3, 0x10, 0xa3, 0x18, 0xa2, 0x10, 0xc3, 0x18, 0xa2, 0x10, 0xc3, 0x18,
    0xa2, 0x10, 0xa3, 0x10, 0xa3, 0x18, 0xa2, 0x10, 0xa3, 0x10, 0x25, 0x29,
    0xe8, 0x39, 0x08, 0x42, 0x49, 0x4a, 0x8a, 0x4a, 0x8a, 0x52, 0x49, 0x4a,
    0x49, 0x42, 0x29, 0x42, 0x28, 0x42, 0x29, 0x42, 0x49, 0x42, 0x6a, 0x4a,
    0xab, 0x52, 0xec, 0x5a, 0xec, 0x5a, 0xcc, 0x5a, 0x2d, 0x63, 0xaf, 0x73,
    0xaf, 0x73, 0xf1, 0x7b, 0x32, 0x84, 0x31, 0x84, 0xaf, 0x73, 0x6e, 0x6b,
    0xaf, 0x73, 0xcf, 0x73, 0xcf, 0x73, 0x8f, 0x73, 0xaf, 0x73, 0xaf, 0x73,
    0x8f, 0x6b, 0x8e, 0x6b, 0x0d, 0x63, 0xec, 0x5a, 0xab, 0x52, 0xcb, 0x5a,
    0x8a, 0x52, 0xab, 0x52, 0xab, 0x52, 0xab, 0x52, 0x8a, 0x4a, 0x49, 0x4a,
    0x6a, 0x4a, 0x8b, 0x52, 0xab, 0x52, 0xec, 0x5a, 0x0d, 0x5b, 0x2d, 0x63,
    0x2d, 0x63, 0x2d, 0x63, 0x6e, 0x6b, 0x2d, 0x63, 0x6a, 0x4a, 0xe8, 0x39,
    0xe8, 0x39, 0x49, 0x4a, 0xcb, 0x52, 0xec, 0x5a, 0xcc, 0x5a, 0x8a, 0x4a,
    0x08, 0x42, 0xc7, 0x39, 0xc7, 0x39, 0x08, 0x42, 0x6a, 0x4a, 0x6a, 0x4a,
    0x49, 0x4a, 0x6a, 0x4a, 0x6a, 0x4a, 0x08, 0x3a, 0xe8, 0x39, 0xe8, 0x39,
    0xa7, 0x31, 0xc7, 0x31, 0xc7, 0x39, 0xa7, 0x31, 0x04, 0x21, 0xe3, 0x18,
    0xe4, 0x18, 0xe4, 0x18, 0xe3, 0x18, 0xe4, 0x20, 0x04, 0x21, 0x04, 0x19,
    0xe3, 0x18, 0xe4, 0x18, 0xe4, 0x18, 0x45, 0x29, 0xe8, 0x39, 0x6a, 0x4a,
    0xab, 0x52, 0x8a, 0x4a, 0x69, 0x4a, 0xab, 0x52, 0x0d, 0x5b, 0x6e, 0x6b,
    0x0d, 0x63, 0x4d, 0x63, 0x4d, 0x63, 0x0d, 0x63, 0x0c, 0x63, 0x6a, 0x4a,
    0x29, 0x42, 0x6a, 0x4a, 0x8a, 0x4a, 0x6a, 0x4a, 0xec, 0x5a, 0x11, 0x7c,
    0xb3, 0x94, 0xb3, 0x94, 0xf4, 0x9c, 0x35, 0xa5, 0x15, 0xa5, 0x15, 0xa5,
    0x35, 0xa5, 0x55, 0xa5, 0x35, 0xa5, 0x56, 0xad, 0x76, 0xad, 0x76, 0xad,
    0x76, 0xad, 0x76, 0xad, 0x76, 0xb5, 0x76, 0xb5, 0x76, 0xad, 0x96, 0xb5,
    0x76, 0xad, 0x96, 0xb5, 0x96, 0xad, 0x97, 0xad, 0x96, 0xad, 0x96, 0xad,
    0x96, 0xb5, 0x97, 0xb5, 0x97, 0xb5, 0xb7, 0xb5, 0xb7, 0xb5, 0xd7, 0xbd,
    0xd8, 0xbd, 0xf8, 0xbd, 0xd8, 0xbd, 0xd7, 0xbd, 0xd7, 0xbd, 0xd7, 0xbd,
    0xd7, 0xb5, 0xb7, 0xb5, 0xd8, 0xbd, 0xd7, 0xbd, 0x97, 0xb5, 0x76, 0xad,
    0x96, 0xb5, 0x96, 0xb5, 0x96, 0xb5, 0x97, 0xb5, 0x76, 0xad, 0x76, 0xad,
    0x76, 0xad, 0x76, 0xad, 0x76, 0xad, 0x35, 0xa5, 0xb3, 0x94, 0x92, 0x8c,
    0x51, 0x8c, 0xd0, 0x7b, 0x31, 0x84, 0x10, 0x7c, 0x11, 0x84, 0x52, 0x84,
    0x31, 0x84, 0x11, 0x7c, 0xaf, 0x73, 0xaf, 0x73, 0xcf, 0x7b, 0xaf, 0x73,
    0x31, 0x84, 0x52, 0x84, 0x72, 0x8c, 0x72, 0x8c, 0x52, 0x84, 0x51, 0x84,
    0x11, 0x84, 0x11, 0x84, 0x11, 0x84, 0x11, 0x84, 0x31, 0x84, 0x52, 0x8c,
    0x72, 0x8c, 0x52, 0x84, 0x10, 0x7c, 0xd0, 0x73, 0xd0, 0x7b, 0xf0, 0x7b,
    0x52, 0x8c, 0x31, 0x84, 0x31, 0x84, 0xf0, 0x7b, 0xd0, 0x7b, 0xd0, 0x7b,
    0xaf, 0x73, 0x6e, 0x6b, 0xec, 0x5a, 0x4d, 0x63, 0x0c, 0x63, 0x29, 0x42,
    0x08, 0x42, 0x28, 0x42, 0x6a, 0x4a, 0x69, 0x4a, 0x49, 0x4a, 0x49, 0x4a,
    0x49, 0x4a, 0x49, 0x4a, 0x29, 0x42, 0xc8, 0x39, 0xc7, 0x39, 0xa7, 0x31,
    0x86, 0x31, 0xa6, 0x31, 0x87, 0x31, 0xa7, 0x31, 0xc7, 0x39, 0xa7, 0x31,
    0xa7, 0x31, 0xa7, 0x31, 0xe8, 0x39, 0x08, 0x3a, 0xe8, 0x39, 0xa7, 0x31,
    0x45, 0x29, 0x04, 0x21, 0x25, 0x21, 0x04, 0x21, 0x04, 0x21, 0x25, 0x21,
    0x25, 0x21, 0x04, 0x21, 0x04, 0x21, 0x25, 0x21, 0x25, 0x21, 0x65, 0x29,
    0x86, 0x31, 0x66, 0x31, 0x66, 0x29, 0x86, 0x31, 0xc7, 0x39, 0xc8, 0x39,
    0xa7, 0x31, 0xa7, 0x31, 0x28, 0x42, 0x49, 0x4a, 0x49, 0x4a, 0x08, 0x42,
    0x45, 0x29, 0x82, 0x10, 0x41, 0x08, 0x41, 0x08, 0x61, 0x08, 0x61, 0x08,
    0x41, 0x10, 0x61, 0x08, 0x61, 0x10, 0x61, 0x10, 0x61, 0x10, 0x61, 0x10,
    0x61, 0x08, 0x61, 0x10, 0x61, 0x10, 0x62, 0x08, 0x82, 0x10, 0x81, 0x08,
    0x81, 0x10, 0x81, 0x08, 0x62, 0x10, 0x82, 0x10, 0x81, 0x10, 0x82, 0x10,
    0x82, 0x10, 0xa1, 0x10, 0x82, 0x10, 0x82, 0x10, 0x82, 0x10, 0xa2, 0x10,
    0x82, 0x10, 0x82, 0x10, 0xa2, 0x10, 0x82, 0x10, 0xa2, 0x10, 0x82, 0x10,
    0xa2, 0x18, 0xa2, 0x10, 0xa2, 0x10, 0xa2, 0x18, 0x82, 0x10, 0xa2, 0x10,
    0xa2, 0x18, 0xa2, 0x10, 0xa3, 0x10, 0xa2, 0x18, 0xa2, 0x10, 0xa3, 0x18,
    0xa3, 0x18, 0xa2, 0x10, 0xa3, 0x10, 0xc3, 0x18, 0xa2, 0x10, 0xa3, 0x10,
    0xc3, 0x18, 0xc2, 0x10, 0xa3, 0x10, 0xc3, 0x18, 0xa2, 0x10, 0xc3, 0x10,
    0xc3, 0x18, 0xa2, 0x10, 0xa2, 0x10, 0xc2, 0x18, 0xa3, 0x10, 0xa2, 0x10,
    0xc3, 0x18, 0x66, 0x31, 0xc7, 0x39, 0xe8, 0x39, 0x6a, 0x4a, 0x8a, 0x4a,
    0x4a, 0x4a, 0x49, 0x4a, 0x49, 0x4a, 0x08, 0x42, 0x08, 0x42, 0x49, 0x4a,
    0x6a, 0x4a, 0xab, 0x52, 0x4e, 0x6b, 0x0d, 0x63, 0xac, 0x52, 0xab, 0x52,
    0x4e, 0x63, 0x8f, 0x6b, 0x4e, 0x63, 0x6f, 0x6b, 0xf1, 0x7b, 0x32, 0x84,
    0x52, 0x84, 0x32, 0x84, 0x31, 0x84, 0x11, 0x7c, 0xf0, 0x7b, 0x8e, 0x6b,
    0x6e, 0x6b, 0xaf, 0x73, 0x6e, 0x6b, 0x4d, 0x63, 0xcb, 0x5a, 0xcc, 0x5a,
    0x6a, 0x4a, 0x8a, 0x4a, 0x09, 0x42, 0x6a, 0x4a, 0xab, 0x52, 0xab, 0x52,
    0x6a, 0x4a, 0x49, 0x42, 0x29, 0x42, 0x29, 0x42, 0x29, 0x42, 0xab, 0x52,
    0xec, 0x5a, 0xcb, 0x52, 0xcc, 0x5a, 0xcc, 0x5a, 0x0d, 0x5b, 0xec, 0x5a,
    0x6a, 0x4a, 0x08, 0x42, 0x08, 0x3a, 0x8a, 0x4a, 0xec, 0x5a, 0xcc, 0x5a,
    0xab, 0x52, 0x6a, 0x4a, 0x08, 0x42, 0xa7, 0x31, 0xc7, 0x31, 0x8a, 0x4a,
    0x8a, 0x52, 0x49, 0x42, 0x29, 0x42, 0x09, 0x42, 0x49, 0x4a, 0xc7, 0x39,
    0xc8, 0x39, 0xe8, 0x39, 0xc8, 0x39, 0xe7, 0x39, 0x08, 0x3a, 0x29, 0x42,
    0x29, 0x42, 0x04, 0x21, 0xe4, 0x18, 0xe3, 0x18, 0xe3, 0x18, 0xe4, 0x18,
    0x03, 0x21, 0xe3, 0x18, 0xe4, 0x18, 0xe3, 0x18, 0xe3, 0x18, 0x04, 0x19,
    0x66, 0x29, 0xe7, 0x39, 0x29, 0x42, 0x8a, 0x52, 0x8b, 0x52, 0xab, 0x52,
    0x0c, 0x5b, 0x0d, 0x63, 0xec, 0x5a, 0x2d, 0x63, 0x0d, 0x63, 0x0c, 0x5b,
    0x6a, 0x4a, 0x49, 0x42, 0x29, 0x42, 0x49, 0x42, 0x6a, 0x4a, 0x6a, 0x4a,
    0xec, 0x5a, 0x52, 0x84, 0x92, 0x8c, 0xb3, 0x94, 0x15, 0x9d, 0x15, 0xa5,
    0x15, 0x9d, 0x15, 0xa5, 0x35, 0xa5, 0x35, 0xa5, 0x35, 0xa5, 0x56, 0xad,
    0x76, 0xad, 0x76, 0xad, 0x76, 0xad, 0x76, 0xad, 0x76, 0xad, 0x76, 0xad,
    0x96, 0xad, 0x76, 0xad, 0x76, 0xad, 0x76, 0xad, 0x96, 0xad, 0x97, 0xb5,
    0x96, 0xad, 0x96, 0xad, 0x76, 0xad, 0x76, 0xad, 0x96, 0xad, 0x96, 0xb5,
    0x97, 0xb5, 0xb7, 0xb5, 0xd7, 0xbd, 0xd7, 0xbd, 0xd7, 0xbd, 0xb7, 0xb5,
    0xb7, 0xb5, 0x97, 0xb5, 0xb7, 0xb5, 0xb7, 0xb5, 0xb7, 0xb5, 0xb7, 0xb5,
    0x76, 0xad, 0x56, 0xad, 0x76, 0xad, 0x76, 0xad, 0x97, 0xb5, 0xb7, 0xb5,
    0x96, 0xb5, 0x76, 0xad, 0x56, 0xad, 0x55, 0xad, 0x55, 0xa5, 0x35, 0xa5,
    0xd4, 0x94, 0xd4, 0x9c, 0xb3, 0x94, 0x52, 0x84, 0x31, 0x84, 0xf0, 0x7b,
    0x31, 0x84, 0x93, 0x94, 0xb4, 0x94, 0x31, 0x84, 0xf0, 0x7b, 0x31, 0x84,
    0x52, 0x8c, 0x72, 0x8c, 0xb3, 0x94, 0x72, 0x8c, 0x52, 0x84, 0x92, 0x8c,
    0x52, 0x8c, 0x52, 0x8c, 0x51, 0x84, 0x31, 0x84, 0x52, 0x84, 0x31, 0x84,
    0x11, 0x7c, 0x72, 0x8c, 0x93, 0x94, 0x52, 0x84, 0x11, 0x84, 0xcf, 0x7b,
    0xaf, 0x73, 0x11, 0x7c, 0x31, 0x84, 0x10, 0x7c, 0x11, 0x7c, 0xf0, 0x7b,
    0xcf, 0x73, 0xf0, 0x7b, 0xcf, 0x73, 0x4d, 0x6b, 0x0c, 0x5b, 0x0c, 0x63,
    0x0c, 0x5b, 0x4a, 0x4a, 0x29, 0x4a, 0x49, 0x4a, 0x6a, 0x4a, 0x29, 0x42,
    0x08, 0x42, 0x29, 0x42, 0x29, 0x42, 0x29, 0x42, 0x08, 0x42, 0xe7, 0x39,
    0xc7, 0x39, 0xa7, 0x31, 0x86, 0x29, 0xa7, 0x31, 0xa7, 0x39, 0xc7, 0x39,
    0xe7, 0x39, 0xe8, 0x39, 0x08, 0x42, 0x08, 0x42, 0x29, 0x42, 0xe8, 0x41,
    0x65, 0x29, 0x24, 0x21, 0x25, 0x21, 0x45, 0x29, 0x45, 0x29, 0x04, 0x21,
    0xc3, 0x18, 0xc3, 0x18, 0xc3, 0x18, 0xc3, 0x18, 0xe4, 0x18, 0x24, 0x21,
    0x86, 0x31, 0x86, 0x31, 0x86, 0x31, 0x86, 0x31, 0x65, 0x29, 0x66, 0x29,
    0xa7, 0x31, 0x86, 0x31, 0x45, 0x29, 0x86, 0x31, 0x08, 0x42, 0x29, 0x42,
    0x4a, 0x4a, 0xc7, 0x39, 0x25, 0x21, 0x62, 0x08, 0x41, 0x08, 0x61, 0x08,
    0x61, 0x10, 0x61, 0x08, 0x61, 0x08, 0x61, 0x10, 0x41, 0x08, 0x61, 0x10,
    0x61, 0x08, 0x61, 0x10, 0x61, 0x08, 0x61, 0x10, 0x61, 0x10, 0x62, 0x10,
    0x61, 0x08, 0x81, 0x10, 0x81, 0x10, 0x81, 0x10, 0x61, 0x08, 0x82, 0x10,
    0x82, 0x10, 0x82, 0x10, 0x81, 0x10, 0x82, 0x10, 0xa2, 0x10, 0x81, 0x10,
    0x82, 0x10, 0xa1, 0x10, 0x82, 0x10, 0x82, 0x10, 0x81, 0x10, 0x82, 0x10,
    0xa2, 0x10, 0x82, 0x10, 0xa2, 0x18, 0xa2, 0x10, 0x82, 0x10, 0xa2, 0x18,
    0xa2, 0x10, 0xa3, 0x10, 0xa2, 0x18, 0xa2, 0x10, 0xa3, 0x18, 0xa2, 0x10,
    0xa2, 0x10, 0xa3, 0x10, 0xa2, 0x18, 0xa2, 0x10, 0xa3, 0x10, 0xa2, 0x10,
    0xc2, 0x10, 0xa3, 0x10, 0xc3, 0x18, 0xa2, 0x10, 0xc2, 0x10, 0xc3, 0x18,
    0xa2, 0x10, 0xa3, 0x10, 0xc3, 0x18, 0xa3, 0x10, 0xa2, 0x10, 0xc3, 0x10,
    0xc3, 0x18, 0xc3, 0x18, 0x04, 0x21, 0xc7, 0x31, 0xc7, 0x31, 0xe8, 0x41,
    0x49, 0x4a, 0x6a, 0x4a, 0x49, 0x4a, 0x49, 0x4a, 0x29, 0x42, 0x49, 0x4a,
    0x29, 0x4a, 0x6a, 0x4a, 0x8b, 0x52, 0xec, 0x5a, 0x4e, 0x6b, 0xcc, 0x52,
    0xab, 0x52, 0xcc, 0x52, 0x6e, 0x6b, 0xaf, 0x73, 0x6f, 0x6b, 0xb0, 0x73,
    0xd0, 0x7b, 0x11, 0x7c, 0x52, 0x84, 0x72, 0x84, 0x52, 0x84, 0x31, 0x84,
    0x31, 0x84, 0xd0, 0x7b, 0x6e, 0x6b, 0xae, 0x6b, 0xaf, 0x73, 0x6e, 0x6b,
    0xec, 0x5a, 0xec, 0x5a, 0x6a, 0x4a, 0x8a, 0x52, 0x08, 0x42, 0x08, 0x3a,
    0x49, 0x42, 0x49, 0x42, 0xe8, 0x39, 0xa7, 0x31, 0xa7, 0x31, 0xa7, 0x31,
    0xc7, 0x31, 0x29, 0x42, 0x8a, 0x4a, 0x8a, 0x4a, 0x4a, 0x4a, 0x4a, 0x4a,
    0x8b, 0x52, 0x6a, 0x4a, 0x8a, 0x4a, 0x8a, 0x52, 0xab, 0x52, 0xab, 0x52,
    0xec, 0x5a, 0xcc, 0x5a, 0xab, 0x52, 0x6a, 0x4a, 0x08, 0x42, 0xa7, 0x31,
    0x29, 0x42, 0xcb, 0x5a, 0xab, 0x52, 0x29, 0x42, 0xe8, 0x39, 0xe8, 0x41,
    0x29, 0x42, 0x49, 0x42, 0x49, 0x4a, 0xab, 0x52, 0xcb, 0x5a, 0xec, 0x5a,
    0xab, 0x52, 0x6a, 0x4a, 0x49, 0x4a, 0xe8, 0x39, 0xe4, 0x18, 0xe3, 0x18,
    0xe3, 0x18, 0xe4, 0x18, 0xe4, 0x18, 0xe3, 0x20, 0xe4, 0x18, 0xe4, 0x20,
    0xe3, 0x20, 0xe3, 0x18, 0xe4, 0x20, 0x66, 0x31, 0xc7, 0x39, 0x08, 0x42,
    0x49, 0x42, 0xab, 0x52, 0x0c, 0x5b, 0x4d, 0x63, 0x2d, 0x63, 0x2d, 0x63,
    0x0d, 0x63, 0x4a, 0x42, 0xc7, 0x39, 0xa7, 0x31, 0x46, 0x29, 0xe8, 0x39,
    0x6a, 0x4a, 0x8a, 0x52, 0x6e, 0x6b, 0x51, 0x84, 0x52, 0x8c, 0x93, 0x94,
    0xd4, 0x9c, 0xf4, 0x9c, 0xf4, 0x9c, 0x35, 0xa5, 0x35, 0xa5, 0x35, 0xa5,
    0x35, 0xa5, 0x55, 0xa5, 0x76, 0xad, 0x76, 0xad, 0x75, 0xad, 0x75, 0xad,
    0x76, 0xad, 0x75, 0xad, 0x76, 0xad, 0x76, 0xad, 0x76, 0xad, 0x76, 0xad,
    0x96, 0xad, 0x76, 0xad, 0x76, 0xad, 0x76, 0xad, 0x76, 0xad, 0x76, 0xad,
    0x76, 0xad, 0x76, 0xad, 0x96, 0xb5, 0x96, 0xad, 0x97, 0xb5, 0xb7, 0xb5,
    0x97, 0xb5, 0x97, 0xb5, 0x97, 0xb5, 0x96, 0xb5, 0x97, 0xb5, 0xb7, 0xb5,
    0xb7, 0xb5, 0x96, 0xb5, 0x56, 0xad, 0x55, 0xad, 0x56, 0xad, 0x55, 0xad,
    0xb7, 0xb5, 0x96, 0xb5, 0x76, 0xad, 0x56, 0xad, 0x35, 0xa5, 0x15, 0xa5,
    0x35, 0xa5, 0x15, 0xa5, 0xd4, 0x9c, 0xf4, 0x9c, 0xd4, 0x94, 0x93, 0x8c,
    0x52, 0x8c, 0x31, 0x84, 0x72, 0x8c, 0xd4, 0x9c, 0xf5, 0x9c, 0x93, 0x94,
    0x52, 0x8c, 0x52, 0x84, 0x72, 0x8c, 0x93, 0x8c, 0x92, 0x8c, 0x72, 0x8c,
    0x72, 0x8c, 0x72, 0x8c, 0x52, 0x8c, 0x52, 0x8c, 0x52, 0x84, 0x51, 0x84,
    0x52, 0x8c, 0x31, 0x84, 0x11, 0x84, 0x93, 0x8c, 0xb3, 0x94, 0x72, 0x8c,
    0x32, 0x84, 0xf1, 0x7b, 0xd0, 0x7b, 0x31, 0x84, 0x31, 0x84, 0xf0, 0x7b,
    0x11, 0x84, 0x10, 0x7c, 0xef, 0x7b, 0xf0, 0x7b, 0xcf, 0x73, 0x4d, 0x6b,
    0x2d, 0x63, 0x2d, 0x63, 0xec, 0x5a, 0x8a, 0x52, 0x6a, 0x4a, 0x28, 0x42,
    0x49, 0x4a, 0x09, 0x42, 0xe8, 0x39, 0x08, 0x42, 0xe8, 0x39, 0x29, 0x42,
    0x28, 0x42, 0x08, 0x42, 0x08, 0x42, 0x08, 0x3a, 0xa7, 0x31, 0xc7, 0x39,
    0xe8, 0x39, 0xe7, 0x39, 0xe8, 0x39, 0x08, 0x42, 0x08, 0x42, 0x08, 0x3a,
    0xa7, 0x31, 0x65, 0x29, 0x45, 0x29, 0x66, 0x31, 0x86, 0x31, 0x86, 0x31,
    0x66, 0x29, 0x45, 0x29, 0x04, 0x21, 0xe4, 0x18, 0xe3, 0x18, 0xc4, 0x18,
    0xe4, 0x18, 0x45, 0x29, 0xe8, 0x39, 0xa7, 0x31, 0xc7, 0x31, 0xa7, 0x31,
    0x65, 0x29, 0x45, 0x29, 0x86, 0x31, 0x45, 0x29, 0x45, 0x29, 0x86, 0x29,
    0xa7, 0x31, 0xc7, 0x39, 0x08, 0x3a, 0x87, 0x31, 0x45, 0x29, 0x82, 0x10,
    0x41, 0x08, 0x41, 0x08, 0x61, 0x10, 0x61, 0x10, 0x61, 0x08, 0x61, 0x10,
    0x61, 0x08, 0x61, 0x10, 0x61, 0x08, 0x61, 0x08, 0x61, 0x10, 0x61, 0x08,
    0x61, 0x08, 0x62, 0x10, 0x61, 0x10, 0x61, 0x08, 0x61, 0x10, 0x81, 0x10,
    0x62, 0x10, 0x81, 0x10, 0x82, 0x10, 0x81, 0x10, 0x82, 0x10, 0x82, 0x10,
    0x82, 0x10, 0x81, 0x10, 0x81, 0x10, 0x82, 0x10, 0x82, 0x10, 0x81, 0x10,
    0x82, 0x10, 0x81, 0x10, 0xa2, 0x10, 0x82, 0x10, 0x82, 0x10, 0xa2, 0x10,
    0xa2, 0x18, 0x82, 0x10, 0xa2, 0x18, 0xa2, 0x10, 0x82, 0x10, 0xa2, 0x18,
    0xa3, 0x10, 0x82, 0x18, 0xa2, 0x18, 0xa3, 0x18, 0xc3, 0x18, 0xc3, 0x10,
    0xa2, 0x10, 0xa3, 0x18, 0xa2, 0x10, 0xa2, 0x10, 0xa3, 0x10, 0xa2, 0x10,
    0xa3, 0x18, 0xc3, 0x10, 0xa2, 0x10, 0xa3, 0x18, 0xc2, 0x10, 0xc3, 0x18,
    0xa3, 0x10, 0xa3, 0x10, 0xa2, 0x10, 0xe3, 0x18, 0x45, 0x29, 0xc7, 0x39,
    0xc7, 0x39, 0x08, 0x42, 0x29, 0x42, 0x6a, 0x4a, 0x6a, 0x4a, 0x69, 0x4a,
    0x29, 0x42, 0x49, 0x4a, 0x6a, 0x4a, 0x6a, 0x4a, 0x8a, 0x52, 0xec, 0x5a,
    0x2d, 0x63, 0xcc, 0x52, 0xec, 0x5a, 0x0d, 0x63, 0x8f, 0x73, 0xd0, 0x73,
    0xd0, 0x73, 0xd0, 0x7b, 0xd0, 0x7b, 0xf1, 0x7b, 0x31, 0x7c, 0x31, 0x84,
    0x11, 0x84, 0x31, 0x84, 0x52, 0x84, 0x52, 0x84, 0xf0, 0x7b, 0xcf, 0x73,
    0xcf, 0x73, 0x8e, 0x73, 0x4d, 0x63, 0x2d, 0x63, 0xcc, 0x5a, 0xab, 0x52,
    0x4a, 0x4a, 0x08, 0x42, 0xe8, 0x41, 0xe8, 0x39, 0xc7, 0x39, 0xa6, 0x31,
    0xa7, 0x31, 0xa7, 0x31, 0xc8, 0x39, 0xe8, 0x39, 0x4a, 0x4a, 0xab, 0x52,
    0x29, 0x42, 0x29, 0x42, 0x6a, 0x4a, 0x6a, 0x4a, 0xab, 0x52, 0xcc, 0x5a,
    0xcc, 0x5a, 0xab, 0x52, 0x8a, 0x4a, 0xab, 0x52, 0xcb, 0x52, 0x6a, 0x4a,
    0x29, 0x42, 0xe8, 0x41, 0x6a, 0x4a, 0x6a, 0x52, 0x69, 0x4a, 0x49, 0x42,
    0x08, 0x42, 0x08, 0x42, 0x49, 0x4a, 0x29, 0x42, 0x08, 0x42, 0x29, 0x42,
    0x29, 0x42, 0xab, 0x52, 0x4d, 0x63, 0x0d, 0x63, 0x8b, 0x52, 0x6a, 0x4a,
    0x45, 0x29, 0xe4, 0x18, 0xe3, 0x20, 0xe4, 0x18, 0xe3, 0x18, 0xe3, 0x18,
    0xe3, 0x18, 0xe4, 0x18, 0xe3, 0x18, 0xe3, 0x18, 0xc3, 0x18, 0xc4, 0x18,
    0x25, 0x21, 0x86, 0x31, 0xc8, 0x39, 0x29, 0x42, 0x4a, 0x4a, 0x6a, 0x4a,
    0x8a, 0x52, 0x6a, 0x4a, 0xc8, 0x39, 0x66, 0x29, 0x45, 0x21, 0x25, 0x29,
    0x24, 0x21, 0xe8, 0x39, 0x69, 0x4a, 0xab, 0x52, 0xaf, 0x73, 0x10, 0x84,
    0x10, 0x7c, 0x31, 0x84, 0x93, 0x94, 0xd4, 0x94, 0xf4, 0x9c, 0x35, 0xa5,
    0x15, 0xa5, 0x15, 0xa5, 0x15, 0xa5, 0x55, 0xa5, 0x76, 0xad, 0x76, 0xad,
    0x55, 0xad, 0x55, 0xa5, 0x55, 0xad, 0x55, 0xad, 0x55, 0xa5, 0x56, 0xad,
    0x76, 0xad, 0x76, 0xad, 0x76, 0xad, 0x76, 0xad, 0x56, 0xad, 0x56, 0xad,
    0x55, 0xa5, 0x56, 0xad, 0x56, 0xa5, 0x56, 0xad, 0x56, 0xad, 0x76, 0xad,
    0x76, 0xad, 0x97, 0xb5, 0x76, 0xad, 0x56, 0xad, 0x55, 0xad, 0x76, 0xad,
    0x97, 0xb5, 0x97, 0xb5, 0x96, 0xb5, 0x96, 0xb5, 0x76, 0xad, 0x56, 0xad,
    0x76, 0xad, 0x76, 0xad, 0xb7, 0xb5, 0x15, 0xa5, 0x15, 0xa5, 0x55, 0xa5,
    0xf4, 0x9c, 0x15, 0xa5, 0xf4, 0x9c, 0xf4, 0x9c, 0xd3, 0x94, 0x93, 0x94,
    0xd3, 0x94, 0x72, 0x8c, 0x73, 0x8c, 0x93, 0x8c, 0x52, 0x8c, 0x93, 0x94,
    0xb3, 0x94, 0xd4, 0x9c, 0x92, 0x94, 0x31, 0x84, 0x31, 0x84, 0x31, 0x84,
    0x31, 0x84, 0x31, 0x84, 0x52, 0x8c, 0x52, 0x8c, 0x31, 0x84, 0x31, 0x84,
    0x31, 0x84, 0x52, 0x84, 0x72, 0x8c, 0x72, 0x8c, 0x72, 0x8c, 0x93, 0x8c,
    0x93, 0x94, 0x93, 0x94, 0x52, 0x84, 0xf1, 0x7b, 0x11, 0x7c, 0x31, 0x84,
    0xf0, 0x7b, 0x11, 0x84, 0x11, 0x84, 0x10, 0x7c, 0xf0, 0x7b, 0x11, 0x84,
    0xf0, 0x7b, 0x8f, 0x73, 0x6e, 0x6b, 0x4d, 0x63, 0xec, 0x5a, 0x8a, 0x4a,
    0x6a, 0x4a, 0x08, 0x3a, 0xe7, 0x39, 0xe8, 0x39, 0xe7, 0x39, 0x08, 0x42,
    0xe7, 0x39, 0x08, 0x42, 0x09, 0x42, 0x08, 0x42, 0x29, 0x42, 0x49, 0x4a,
    0xe8, 0x39, 0xe8, 0x39, 0x08, 0x42, 0xe8, 0x39, 0xc7, 0x39, 0xa7, 0x31,
    0x86, 0x31, 0x86, 0x31, 0x86, 0x31, 0x86, 0x31, 0xa7, 0x31, 0xc7, 0x39,
    0xc7, 0x31, 0xa7, 0x31, 0x86, 0x31, 0x66, 0x29, 0x45, 0x21, 0x04, 0x21,
    0xe4, 0x18, 0xe4, 0x18, 0xe4, 0x18, 0x66, 0x29, 0xc7, 0x39, 0xa7, 0x31,
    0xa7, 0x39, 0xa7, 0x31, 0x66, 0x29, 0x66, 0x29, 0x66, 0x29, 0x45, 0x21,
    0x66, 0x29, 0x86, 0x31, 0x66, 0x29, 0xa7, 0x31, 0xa7, 0x31, 0x66, 0x29,
    0x45, 0x29, 0x82, 0x10, 0x61, 0x08, 0x41, 0x08, 0x61, 0x10, 0x61, 0x08,
    0x61, 0x10, 0x61, 0x08, 0x61, 0x08, 0x61, 0x10, 0x60, 0x08, 0x61, 0x10,
    0x62, 0x10, 0x61, 0x08, 0x61, 0x08, 0x62, 0x10, 0x81, 0x10, 0x81, 0x08,
    0x61, 0x08, 0x81, 0x10, 0x82, 0x10, 0x61, 0x08, 0x81, 0x08, 0x82, 0x10,
    0x81, 0x10, 0x81, 0x10, 0x82, 0x10, 0xa2, 0x10, 0x81, 0x10, 0x82, 0x10,
    0xa2, 0x10, 0x82, 0x10, 0xa2, 0x10, 0x82, 0x10, 0xa2, 0x10, 0xa2, 0x10,
    0x82, 0x10, 0xa2, 0x10, 0xa2, 0x18, 0xa2, 0x10, 0xa2, 0x10, 0x82, 0x18,
    0x82, 0x10, 0xa2, 0x10, 0xa3, 0x10, 0xa2, 0x10, 0xa3, 0x18, 0xa2, 0x10,
    0xa3, 0x18, 0xc3, 0x10, 0xa2, 0x10, 0xa3, 0x10, 0xc3, 0x18, 0xa2, 0x10,
    0xa3, 0x10, 0xa3, 0x18, 0xa2, 0x10, 0xa2, 0x10, 0xa3, 0x10, 0xc3, 0x18,
    0xa2, 0x10, 0xa2, 0x10, 0xc3, 0x18, 0xc2, 0x18, 0xc3, 0x18, 0x04, 0x19,
    0x66, 0x29, 0xe8, 0x39, 0xc7, 0x39, 0x08, 0x42, 0xe8, 0x39, 0x8a, 0x52,
    0x6a, 0x4a, 0x49, 0x42, 0x29, 0x42, 0x29, 0x42, 0x49, 0x4a, 0x6a, 0x4a,
    0xab, 0x52, 0xcb, 0x52, 0x4d, 0x63, 0x0d, 0x63, 0x0c, 0x5b, 0x2d, 0x63,
    0x6f, 0x6b, 0xb0, 0x73, 0xd0, 0x73, 0xd0, 0x73, 0xb0, 0x73, 0x8f, 0x6b,
    0xd0, 0x73, 0xf0, 0x7b, 0xd0, 0x73, 0x10, 0x7c, 0x31, 0x7c, 0x52, 0x8c,
    0x52, 0x84, 0x31, 0x84, 0xf0, 0x7b, 0xaf, 0x73, 0x6e, 0x6b, 0x6e, 0x6b,
    0x4e, 0x6b, 0xeb, 0x5a, 0x6a, 0x4a, 0x29, 0x42, 0xe8, 0x39, 0xc7, 0x39,
    0xa7, 0x39, 0x86, 0x31, 0x86, 0x31, 0xc7, 0x39, 0xc8, 0x39, 0xc7, 0x39,
    0x08, 0x42, 0x6a, 0x4a, 0x08, 0x42, 0x29, 0x42, 0x49, 0x42, 0x28, 0x42,
    0x29, 0x42, 0x8a, 0x4a, 0xab, 0x52, 0x8a, 0x4a, 0x49, 0x42, 0x8b, 0x52,
    0xcb, 0x5a, 0x8a, 0x4a, 0x08, 0x42, 0x49, 0x4a, 0x6a, 0x4a, 0x08, 0x3a,
    0xe8, 0x41, 0x29, 0x42, 0x49, 0x4a, 0x29, 0x42, 0x29, 0x42, 0xe8, 0x39,
    0x08, 0x42, 0x6a, 0x4a, 0xcc, 0x5a, 0x0c, 0x63, 0x8f, 0x73, 0xf0, 0x7b,
    0x0d, 0x63, 0x8a, 0x4a, 0x08, 0x42, 0xe4, 0x18, 0xe3, 0x18, 0xe3, 0x18,
    0xe3, 0x18, 0xe4, 0x18, 0xe4, 0x18, 0xe4, 0x18, 0xe3, 0x18, 0xe4, 0x18,
    0xe4, 0x18, 0xc3, 0x10, 0xc3, 0x18, 0xe3, 0x18, 0x04, 0x21, 0x25, 0x21,
    0x86, 0x31, 0x86, 0x31, 0x66, 0x29, 0x45, 0x21, 0x25, 0x21, 0x24, 0x21,
    0x25, 0x29, 0x45, 0x29, 0x24, 0x21, 0xe8, 0x39, 0x6a, 0x4a, 0x0c, 0x5b,
    0x8f, 0x73, 0xaf, 0x73, 0x8f, 0x6b, 0x6e, 0x6b, 0x52, 0x84, 0xb3, 0x94,
    0xf4, 0x9c, 0x15, 0xa5, 0x35, 0xa5, 0x35, 0xa5, 0x15, 0x9d, 0x34, 0xa5,
    0x55, 0xa5, 0x56, 0xad, 0x56, 0xa5, 0x55, 0xa5, 0x55, 0xad, 0x55, 0xa5,
    0x55, 0xa5, 0x56, 0xad, 0x55, 0xa5, 0x76, 0xad, 0x56, 0xad, 0x76, 0xad,
    0x56, 0xad, 0x55, 0xa5, 0x55, 0xa5, 0x35, 0xa5, 0x15, 0xa5, 0x35, 0xa5,
    0x15, 0xa5, 0x35, 0xa5, 0x35, 0xad, 0x76, 0xad, 0x55, 0xad, 0x35, 0xa5,
    0x35, 0xa5, 0x56, 0xad, 0x96, 0xb5, 0x96, 0xb5, 0x76, 0xad, 0x76, 0xad,
    0x56, 0xad, 0x56, 0xad, 0x96, 0xb5, 0xb7, 0xb5, 0xb7, 0xbd, 0x35, 0xa5,
    0x35, 0xa5, 0x15, 0xa5, 0xb3, 0x94, 0xf4, 0x9c, 0xd4, 0x9c, 0xb3, 0x94,
    0x92, 0x94, 0x51, 0x8c, 0xb3, 0x94, 0x93, 0x94, 0x93, 0x94, 0xd4, 0x94,
    0x72, 0x8c, 0x52, 0x8c, 0x73, 0x8c, 0xb3, 0x94, 0x72, 0x84, 0x31, 0x84,
    0x32, 0x84, 0x31, 0x84, 0xf0, 0x7b, 0x11, 0x7c, 0x31, 0x84, 0x52, 0x84,
    0x31, 0x84, 0x52, 0x8c, 0x72, 0x8c, 0x72, 0x8c, 0x93, 0x94, 0x93, 0x94,
    0x72, 0x8c, 0x73, 0x8c, 0x93, 0x94, 0x93, 0x94, 0x52, 0x84, 0x31, 0x84,
    0x32, 0x8c, 0x30, 0x84, 0xf0, 0x7b, 0xf0, 0x7b, 0x11, 0x84, 0x10, 0x84,
    0x10, 0x7c, 0x11, 0x84, 0xf0, 0x7b, 0xcf, 0x73, 0x8e, 0x73, 0x4d, 0x63,
    0xcc, 0x5a, 0x6a, 0x4a, 0x49, 0x4a, 0xa7, 0x31, 0x66, 0x31, 0x86, 0x31,
    0xc7, 0x39, 0xe8, 0x39, 0xe8, 0x39, 0x08, 0x42, 0xe8, 0x39, 0xe8, 0x39,
    0x08, 0x42, 0x08, 0x42, 0xe8, 0x39, 0xe8, 0x39, 0xe8, 0x41, 0xe8, 0x39,
    0xc7, 0x39, 0xc7, 0x39, 0xa7, 0x31, 0x86, 0x31, 0xa7, 0x31, 0xc7, 0x39,
    0xc7, 0x39, 0xe8, 0x39, 0xe8, 0x39, 0xa7, 0x31, 0xa7, 0x31, 0x86, 0x31,
    0x66, 0x29, 0x25, 0x21, 0x04, 0x21, 0xe4, 0x18, 0x04, 0x21, 0x66, 0x29,
    0x86, 0x31, 0x66, 0x29, 0x86, 0x31, 0x86, 0x31, 0x45, 0x29, 0x66, 0x29,
    0x65, 0x29, 0x45, 0x29, 0x86, 0x31, 0x86, 0x29, 0x45, 0x29, 0x45, 0x29,
    0x45, 0x29, 0x45, 0x29, 0x04, 0x21, 0x62, 0x08, 0x61, 0x08, 0x61, 0x08,
    0x61, 0x08, 0x61, 0x10, 0x61, 0x10, 0x61, 0x08, 0x61, 0x08, 0x61, 0x10,
    0x61, 0x10, 0x61, 0x08, 0x61, 0x08, 0x61, 0x08, 0x61, 0x10, 0x81, 0x10,
    0x62, 0x08, 0x62, 0x10, 0x81, 0x10, 0x61, 0x08, 0x62, 0x10, 0x82, 0x10,
    0x61, 0x10, 0x62, 0x08, 0x81, 0x10, 0x82, 0x10, 0x82, 0x10, 0x81, 0x10,
    0x81, 0x10, 0x82, 0x10, 0x81, 0x10, 0x82, 0x10, 0x82, 0x10, 0x81, 0x10,
    0xa2, 0x10, 0x82, 0x10, 0x82, 0x10, 0x82, 0x10, 0xa2, 0x18, 0xa2, 0x10,
    0xa2, 0x10, 0xa3, 0x18, 0xa2, 0x18, 0xa2, 0x10, 0x82, 0x10, 0xa3, 0x18,
    0xa2, 0x10, 0xa2, 0x10, 0xa3, 0x10, 0xc3, 0x18, 0xa2, 0x10, 0xa2, 0x10,
    0xc3, 0x10, 0xa2, 0x18, 0xa2, 0x10, 0xc3, 0x10, 0xc3, 0x18, 0xa2, 0x10,
    0xa2, 0x10, 0xc3, 0x18, 0xa2, 0x10, 0xa3, 0x10, 0xa2, 0x10, 0xa2, 0x10,
    0xc3, 0x18, 0xe4, 0x18, 0x86, 0x31, 0xe8, 0x39, 0xe8, 0x39, 0xe8, 0x39,
    0x49, 0x4a, 0x8a, 0x52, 0x49, 0x4a, 0x08, 0x42, 0xc7, 0x39, 0xc7, 0x39,
    0xc7, 0x39, 0x29, 0x42, 0x4a, 0x4a, 0xcb, 0x52, 0x2d, 0x63, 0x0d, 0x63,
    0xec, 0x5a, 0x0d, 0x63, 0x4e, 0x63, 0x6f, 0x6b, 0xb0, 0x73, 0x8f, 0x73,
    0x8f, 0x6b, 0x6e, 0x6b, 0x8f, 0x73, 0xd0, 0x73, 0xcf, 0x73, 0xaf, 0x73,
    0xcf, 0x73, 0x52, 0x84, 0x93, 0x8c, 0x93, 0x8c, 0x31, 0x84, 0xd0, 0x7b,
    0xb0, 0x73, 0x8f, 0x6b, 0x8e, 0x6b, 0x4d, 0x6b, 0xab, 0x52, 0x28, 0x42,
    0xe7, 0x39, 0x86, 0x31, 0x86, 0x31, 0x86, 0x31, 0x66, 0x29, 0x66, 0x29,
    0x86, 0x31, 0xa7, 0x31, 0x08, 0x3a, 0x49, 0x42, 0xe8, 0x39, 0xe8, 0x39,
    0x08, 0x42, 0xc7, 0x39, 0xc8, 0x39, 0xe8, 0x39, 0x49, 0x4a, 0xab, 0x52,
    0x8b, 0x52, 0x8a, 0x4a, 0xab, 0x52, 0x8a, 0x4a, 0x49, 0x4a, 0x6a, 0x4a,
    0x08, 0x42, 0xc7, 0x39, 0xe8, 0x39, 0x49, 0x4a, 0x8a, 0x52, 0x28, 0x42,
    0xe8, 0x39, 0xe8, 0x39, 0x8a, 0x52, 0xcb, 0x5a, 0xcb, 0x52, 0xcc, 0x52,
    0x4e, 0x6b, 0xf1, 0x7b, 0x11, 0x7c, 0xec, 0x5a, 0x49, 0x4a, 0x45, 0x29,
    0xc3, 0x18, 0xe3, 0x18, 0xe3, 0x18, 0xe3, 0x18, 0xe4, 0x20, 0x25, 0x21,
    0xc7, 0x39, 0x49, 0x4a, 0x08, 0x42, 0x25, 0x21, 0xc3, 0x18, 0xc3, 0x18,
    0xc3, 0x18, 0xe4, 0x18, 0x04, 0x19, 0xe4, 0x20, 0xe4, 0x18, 0x04, 0x21,
    0x04, 0x21, 0x04, 0x21, 0x25, 0x21, 0x25, 0x21, 0x04, 0x21, 0xc7, 0x39,
    0x6a, 0x4a, 0x2d, 0x63, 0x8e, 0x6b, 0x2d, 0x63, 0xcc, 0x52, 0x0c, 0x5b,
    0x11, 0x84, 0x93, 0x94, 0xf4, 0x9c, 0x35, 0xa5, 0x35, 0xa5, 0x14, 0x9d,
    0x14, 0xa5, 0x14, 0xa5, 0x35, 0xa5, 0x55, 0xa5, 0x55, 0xad, 0x55, 0xa5,
    0x56, 0xad, 0x35, 0xa5, 0x55, 0xa5, 0x55, 0xa5, 0x35, 0xa5, 0x55, 0xa5,
    0x35, 0xa5, 0x55, 0xa5, 0x56, 0xa5, 0x35, 0xa5, 0x56, 0xa5, 0x15, 0xa5,
    0xf4, 0x9c, 0x35, 0xa5, 0x15, 0xa5, 0x14, 0xa5, 0x15, 0xa5, 0x35, 0xa5,
    0x15, 0xa5, 0x35, 0xa5, 0x15, 0xa5, 0x56, 0xad, 0x76, 0xad, 0x76, 0xad,
    0x56, 0xad, 0x56, 0xad, 0x55, 0xad, 0x35, 0xa5, 0x56, 0xad, 0xb7, 0xb5,
    0xb7, 0xb5, 0x35, 0xa5, 0xf4, 0x9c, 0x14, 0x9d, 0xb3, 0x94, 0xf4, 0x9c,
    0xf4, 0x9c, 0xd4, 0x9c, 0x72, 0x8c, 0x30, 0x7c, 0x92, 0x8c, 0x93, 0x94,
    0x93, 0x94, 0xf4, 0x9c, 0x93, 0x94, 0x52, 0x8c, 0x52, 0x84, 0x72, 0x8c,
    0x52, 0x84, 0x52, 0x84, 0x52, 0x8c, 0x32, 0x84, 0x31, 0x84, 0x31, 0x84,
    0x31, 0x84, 0x72, 0x8c, 0x72, 0x8c, 0x72, 0x8c, 0x93, 0x94, 0x73, 0x8c,
    0x53, 0x8c, 0x32, 0x84, 0x11, 0x84, 0x31, 0x84, 0x52, 0x8c, 0x73, 0x8c,
    0x52, 0x84, 0x31, 0x84, 0x11, 0x84, 0xf0, 0x7b, 0xcf, 0x73, 0x10, 0x7c,
    0x11, 0x84, 0x10, 0x7c, 0xf0, 0x7b, 0x11, 0x7c, 0xcf, 0x7b, 0xcf, 0x73,
    0xaf, 0x73, 0x2d, 0x63, 0xcc, 0x5a, 0x49, 0x4a, 0x49, 0x42, 0x86, 0x31,
    0x45, 0x29, 0x66, 0x29, 0xa7, 0x31, 0xe8, 0x41, 0x28, 0x42, 0x08, 0x42,
    0xe8, 0x39, 0xe8, 0x39, 0xe8, 0x39, 0xe8, 0x41, 0xe8, 0x39, 0xc7, 0x39,
    0xe7, 0x39, 0xe8, 0x39, 0xe8, 0x39, 0xc7, 0x39, 0xa7, 0x31, 0xa7, 0x31,
    0xa7, 0x31, 0x86, 0x31, 0xa7, 0x31, 0x08, 0x42, 0x08, 0x42, 0xc7, 0x39,
    0xa7, 0x31, 0x86, 0x31, 0x66, 0x29, 0x45, 0x29, 0x04, 0x21, 0x04, 0x21,
    0x45, 0x29, 0x65, 0x29, 0x25, 0x21, 0x25, 0x21, 0x45, 0x29, 0x45, 0x29,
    0x45, 0x29, 0x66, 0x29, 0x66, 0x29, 0x66, 0x31, 0x25, 0x21, 0x45, 0x29,
    0x25, 0x21, 0x25, 0x21, 0x25, 0x21, 0x04, 0x21, 0xc3, 0x18, 0x61, 0x08,
    0x41, 0x08, 0x41, 0x08, 0x61, 0x08, 0x61, 0x08, 0x60, 0x08, 0x61, 0x10,
    0x61, 0x10, 0x61, 0x08, 0x61, 0x08, 0x61, 0x10, 0x61, 0x08, 0x61, 0x08,
    0x61, 0x10, 0x61, 0x10, 0x81, 0x10, 0x82, 0x10, 0x81, 0x10, 0x81, 0x10,
    0x62, 0x10, 0x81, 0x10, 0x62, 0x10, 0x61, 0x10, 0x82, 0x08, 0x82, 0x10,
    0x82, 0x10, 0x81, 0x08, 0x82, 0x10, 0x82, 0x10, 0x81, 0x10, 0x82, 0x10,
    0x82, 0x10, 0x81, 0x10, 0x82, 0x10, 0x82, 0x10, 0xa2, 0x10, 0x82, 0x10,
    0x82, 0x10, 0xa2, 0x18, 0x82, 0x10, 0xa2, 0x10, 0xa2, 0x10, 0x82, 0x10,
    0xa2, 0x10, 0xa2, 0x10, 0xa2, 0x18, 0xa3, 0x10, 0xa2, 0x10, 0xc2, 0x18,
    0xa3, 0x10, 0xa3, 0x18, 0xa2, 0x10, 0xa3, 0x10, 0xa2, 0x10, 0xa2, 0x10,
    0xa3, 0x10, 0xa3, 0x10, 0xa2, 0x10, 0xa3, 0x10, 0xa3, 0x10, 0xa2, 0x10,
    0xa3, 0x10, 0xa3, 0x18, 0xe3, 0x18, 0x04, 0x21, 0xa7, 0x39, 0xe8, 0x39,
    0xe8, 0x39, 0xe8, 0x39, 0x8a, 0x52, 0x6a, 0x4a, 0x09, 0x42, 0xc7, 0x39,
    0x86, 0x31, 0x66, 0x29, 0x66, 0x29, 0xc7, 0x39, 0x08, 0x3a, 0xec, 0x5a,
    0xec, 0x5a, 0xab, 0x52, 0x8b, 0x52, 0xec, 0x5a, 0x2d, 0x63, 0x4e, 0x6b,
    0xaf, 0x73, 0x6f, 0x6b, 0x6e, 0x6b, 0x8f, 0x73, 0x8f, 0x73, 0xaf, 0x73,
    0xcf, 0x73, 0xaf, 0x73, 0x8f, 0x73, 0x31, 0x84, 0xd4, 0x94, 0xd3, 0x94,
    0x31, 0x84, 0xf0, 0x7b, 0x11, 0x7c, 0xd0, 0x73, 0xaf, 0x73, 0x8e, 0x6b,
    0x0d, 0x63, 0x8a, 0x52, 0x29, 0x42, 0xc7, 0x39, 0x86, 0x31, 0x66, 0x29,
    0x66, 0x29, 0x45, 0x29, 0x65, 0x29, 0xa7, 0x31, 0x08, 0x42, 0x29, 0x42,
    0xe8, 0x39, 0xc7, 0x39, 0xe8, 0x39, 0xa7, 0x31, 0xa7, 0x31, 0x08, 0x3a,
    0x6a, 0x4a, 0xec, 0x5a, 0xcc, 0x5a, 0xcb, 0x52, 0xaa, 0x52, 0x8b, 0x52,
    0x49, 0x4a, 0x69, 0x4a, 0xe8, 0x39, 0xc7, 0x39, 0x08, 0x42, 0x49, 0x4a,
    0x6a, 0x4a, 0x08, 0x42, 0xe8, 0x39, 0x29, 0x42, 0x49, 0x4a, 0x8a, 0x52,
    0x8a, 0x52, 0x0c, 0x5b, 0x8f, 0x73, 0xd0, 0x73, 0xf0, 0x73, 0x6e, 0x6b,
    0x6a, 0x4a, 0xa7, 0x39, 0xe3, 0x18, 0xc3, 0x18, 0xe3, 0x18, 0x04, 0x21,
    0x86, 0x31, 0x08, 0x42, 0x49, 0x4a, 0x08, 0x42, 0x29, 0x42, 0xa7, 0x31,
    0x25, 0x21, 0x04, 0x19, 0xe4, 0x18, 0x25, 0x21, 0xe4, 0x18, 0xe4, 0x18,
    0x04, 0x21, 0x04, 0x21, 0x04, 0x21, 0x04, 0x21, 0x25, 0x21, 0x25, 0x21,
    0x04, 0x21, 0x86, 0x31, 0xab, 0x52, 0x0d, 0x63, 0x6e, 0x6b, 0xcc, 0x5a,
    0x4a, 0x4a, 0x0c, 0x5b, 0x31, 0x84, 0xb3, 0x94, 0xd4, 0x9c, 0x15, 0xa5,
    0x15, 0x9d, 0xf4, 0x9c, 0xf4, 0x9c, 0x14, 0xa5, 0x35, 0xa5, 0x35, 0xa5,
    0x55, 0xa5, 0x55, 0xa5, 0x55, 0xa5, 0x35, 0xa5, 0x35, 0xa5, 0x35, 0xa5,
    0x35, 0xa5, 0x35, 0xa5, 0x35, 0xa5, 0x15, 0xa5, 0x35, 0xa5, 0x35, 0xa5,
    0x35, 0xa5, 0xf4, 0x9c, 0xf4, 0x9c, 0x35, 0xa5, 0x14, 0xa5, 0x14, 0x9d,
    0xf4, 0x9c, 0xf4, 0x9c, 0x15, 0xa5, 0x35, 0xa5, 0x14, 0xa5, 0x35, 0xa5,
    0x55, 0xad, 0x56, 0xad, 0x56, 0xad, 0x55, 0xad, 0x15, 0xa5, 0xf4, 0x9c,
    0x14, 0x9d, 0x96, 0xad, 0x96, 0xad, 0x55, 0xad, 0xd4, 0x9c, 0xf4, 0x9c,
    0xd4, 0x94, 0xd4, 0x9c, 0xd3, 0x94, 0xb3, 0x94, 0x72, 0x8c, 0x10, 0x7c,
    0x72, 0x8c, 0x52, 0x8c, 0x52, 0x84, 0x93, 0x94, 0x72, 0x8c, 0x52, 0x84,
    0x31, 0x84, 0x52, 0x8c, 0x72, 0x8c, 0x52, 0x8c, 0x93, 0x94, 0x93, 0x8c,
    0x52, 0x8c, 0x52, 0x8c, 0x32, 0x84, 0x31, 0x84, 0x72, 0x8c, 0x72, 0x8c,
    0x52, 0x8c, 0x32, 0x84, 0x32, 0x84, 0x31, 0x84, 0xf0, 0x7b, 0xf0, 0x7b,
    0x31, 0x84, 0x32, 0x84, 0x11, 0x84, 0x11, 0x84, 0xf0, 0x7b, 0xaf, 0x73,
    0xd0, 0x73, 0x10, 0x7c, 0x11, 0x84, 0xf0, 0x7b, 0xf0, 0x7b, 0xf0, 0x7b,
    0xd0, 0x7b, 0xd0, 0x7b, 0xd0, 0x73, 0x0c, 0x5b, 0xcb, 0x5a, 0x49, 0x42,
    0x29, 0x4a, 0x86, 0x29, 0x25, 0x29, 0x66, 0x29, 0xa7, 0x31, 0xe8, 0x39,
    0xc7, 0x39, 0x28, 0x42, 0xe8, 0x41, 0xe8, 0x39, 0x08, 0x3a, 0xe8, 0x41,
    0xe7, 0x39, 0xc7, 0x39, 0xc7, 0x39, 0xe8, 0x39, 0xc7, 0x39, 0xe7, 0x39,
    0xc7, 0x39, 0x86, 0x31, 0x66, 0x29, 0x45, 0x29, 0x86, 0x31, 0xc8, 0x39,
    0xe7, 0x39, 0xc7, 0x39, 0x86, 0x31, 0x66, 0x29, 0x66, 0x29, 0x45, 0x29,
    0x25, 0x21, 0x45, 0x29, 0x45, 0x29, 0x45, 0x29, 0x45, 0x21, 0x65, 0x29,
    0x66, 0x29, 0x45, 0x29, 0x45, 0x29, 0x66, 0x29, 0x86, 0x31, 0x86, 0x31,
    0x45, 0x21, 0x04, 0x21, 0x25, 0x21, 0x45, 0x29, 0x04, 0x21, 0xc3, 0x18,
    0xc3, 0x10, 0x41, 0x08, 0x41, 0x08, 0x61, 0x08, 0x61, 0x10, 0x61, 0x08,
    0x61, 0x08, 0x61, 0x10, 0x61, 0x08, 0x61, 0x08, 0x61, 0x10, 0x61, 0x10,
    0x61, 0x10, 0x61, 0x08, 0x61, 0x08, 0x61, 0x10, 0x81, 0x10, 0x81, 0x08,
    0x62, 0x10, 0x81, 0x10, 0x81, 0x08, 0x61, 0x08, 0x61, 0x08, 0x82, 0x10,
    0x81, 0x10, 0x81, 0x10, 0x82, 0x10, 0x82, 0x10, 0x82, 0x10, 0x81, 0x08,
    0x82, 0x10, 0x81, 0x10, 0xa2, 0x10, 0x82, 0x10, 0x81, 0x10, 0xa2, 0x10,
    0xa2, 0x10, 0x82, 0x10, 0xa2, 0x10, 0xa2, 0x18, 0xa2, 0x10, 0x82, 0x10,
    0xa2, 0x10, 0xa2, 0x18, 0x82, 0x10, 0x82, 0x10, 0xa2, 0x18, 0xa2, 0x10,
    0x82, 0x10, 0xa2, 0x18, 0xa2, 0x10, 0xa3, 0x18, 0xa2, 0x10, 0xa2, 0x10,
    0xc3, 0x18, 0xa3, 0x10, 0xa2, 0x18, 0xc2, 0x10, 0xa3, 0x18, 0xc2, 0x10,
    0xa2, 0x10, 0xc3, 0x18, 0xa2, 0x10, 0xc3, 0x18, 0xe4, 0x18, 0x45, 0x21,
    0xe8, 0x39, 0x08, 0x42, 0xe8, 0x41, 0x08, 0x42, 0xaa, 0x52, 0x49, 0x4a,
    0xc7, 0x39, 0x86, 0x31, 0x66, 0x29, 0x04, 0x21, 0x45, 0x29, 0xa7, 0x31,
    0xe8, 0x39, 0xcb, 0x5a, 0xab, 0x52, 0x6a, 0x4a, 0x6a, 0x4a, 0xcc, 0x52,
    0x2d, 0x63, 0x2d, 0x63, 0x6f, 0x6b, 0x8f, 0x6b, 0xaf, 0x73, 0xd0, 0x7b,
    0xaf, 0x73, 0xb0, 0x73, 0xf0, 0x7b, 0x10, 0x7c, 0xd0, 0x7b, 0x52, 0x84,
    0xd4, 0x94, 0xb3, 0x94, 0x31, 0x84, 0xf0, 0x7b, 0x11, 0x84, 0x31, 0x84,
    0xf0, 0x73, 0xaf, 0x73, 0x4d, 0x63, 0xec, 0x5a, 0x8b, 0x52, 0x29, 0x42,
    0xc7, 0x31, 0x86, 0x31, 0x66, 0x29, 0x66, 0x29, 0x86, 0x31, 0xe8, 0x39,
    0x49, 0x4a, 0x6a, 0x4a, 0x29, 0x42, 0x08, 0x42, 0x08, 0x42, 0xa7, 0x31,
    0xa7, 0x31, 0x08, 0x42, 0x6a, 0x4a, 0xcb, 0x52, 0xec, 0x5a, 0x0c, 0x63,
    0xec, 0x5a, 0xab, 0x52, 0x6a, 0x4a, 0x29, 0x42, 0xe8, 0x39, 0xc7, 0x39,
    0x08, 0x42, 0x49, 0x42, 0x29, 0x42, 0x08, 0x42, 0xc7, 0x39, 0x29, 0x42,
    0x49, 0x4a, 0x8a, 0x4a, 0xcc, 0x52, 0x4d, 0x63, 0x8f, 0x73, 0x4e, 0x63,
    0x4d, 0x6b, 0x6e, 0x6b, 0x8b, 0x52, 0x08, 0x3a, 0xe4, 0x18, 0xc3, 0x18,
    0xc3, 0x18, 0xc7, 0x39, 0x08, 0x42, 0xa7, 0x31, 0x66, 0x29, 0xe7, 0x39,
    0x8a, 0x52, 0x29, 0x42, 0x28, 0x42, 0x08, 0x3a, 0x66, 0x29, 0x25, 0x29,
    0xe3, 0x18, 0xe4, 0x18, 0xe4, 0x18, 0x04, 0x21, 0x25, 0x21, 0x45, 0x29,
    0x86, 0x31, 0x86, 0x31, 0x86, 0x31, 0xc8, 0x39, 0xcb, 0x52, 0x0c, 0x5b,
    0x4e, 0x6b, 0xec, 0x5a, 0x8b, 0x52, 0x8f, 0x73, 0x93, 0x8c, 0xb3, 0x94,
    0xf4, 0x9c, 0x15, 0x9d, 0x14, 0x9d, 0x14, 0x9d, 0x14, 0x9d, 0x14, 0xa5,
    0x34, 0xa5, 0x35, 0xa5, 0x55, 0xa5, 0x35, 0xa5, 0x35, 0xa5, 0x34, 0xa5,
    0x34, 0xa5, 0x14, 0xa5, 0x14, 0x9d, 0x15, 0xa5, 0x14, 0xa5, 0x14, 0x9d,
    0x15, 0xa5, 0x15, 0xa5, 0x15, 0xa5, 0xf4, 0x9c, 0x14, 0x9d, 0x15, 0xa5,
    0x15, 0xa5, 0xd3, 0x9c, 0xb2, 0x94, 0xb3, 0x94, 0xd4, 0x9c, 0x14, 0x9d,
    0xf4, 0x9c, 0xd3, 0x9c, 0xf4, 0x9c, 0x35, 0xa5, 0x35, 0xad, 0x34, 0xa5,
    0x14, 0xa5, 0xd3, 0x9c, 0xd3, 0x9c, 0x55, 0xa5, 0x35, 0xa5, 0x35, 0xa5,
    0x15, 0xa5, 0xf4, 0x9c, 0xb3, 0x94, 0x92, 0x94, 0x93, 0x94, 0x92, 0x8c,
    0x92, 0x8c, 0x31, 0x84, 0x72, 0x8c, 0x31, 0x84, 0xf0, 0x7b, 0x31, 0x84,
    0x72, 0x8c, 0x52, 0x8c, 0x31, 0x84, 0x72, 0x8c, 0x93, 0x8c, 0x52, 0x8c,
    0x72, 0x8c, 0x93, 0x94, 0x93, 0x8c, 0x72, 0x8c, 0x52, 0x8c, 0x31, 0x84,
    0x31, 0x84, 0x31, 0x84, 0x31, 0x84, 0x11, 0x7c, 0x10, 0x84, 0x11, 0x84,
    0x11, 0x84, 0xf1, 0x7b, 0x11, 0x84, 0x31, 0x84, 0x31, 0x84, 0xd0, 0x7b,
    0xaf, 0x73, 0x8f, 0x73, 0xf0, 0x7b, 0x11, 0x84, 0x11, 0x84, 0xf0, 0x7b,
    0xd0, 0x7b, 0xf0, 0x7b, 0xef, 0x7b, 0xf0, 0x7b, 0xaf, 0x73, 0xec, 0x5a,
    0xcb, 0x52, 0x6a, 0x4a, 0x49, 0x4a, 0xc7, 0x39, 0x66, 0x29, 0x86, 0x31,
    0xa6, 0x31, 0xa7, 0x31, 0xa7, 0x31, 0x09, 0x42, 0x29, 0x42, 0x08, 0x42,
    0x08, 0x42, 0x08, 0x3a, 0xe7, 0x39, 0xc7, 0x39, 0x87, 0x31, 0xc7, 0x31,
    0xa7, 0x31, 0xe8, 0x39, 0xc7, 0x39, 0x66, 0x31, 0x45, 0x29, 0x45, 0x29,
    0x86, 0x29, 0xa7, 0x31, 0xc7, 0x39, 0xe8, 0x39, 0xa7, 0x31, 0x86, 0x31,
    0x86, 0x29, 0x66, 0x29, 0x65, 0x29, 0x66, 0x29, 0x87, 0x31, 0x86, 0x31,
    0x86, 0x31, 0xa7, 0x39, 0xa7, 0x31, 0x65, 0x29, 0x65, 0x29, 0x86, 0x31,
    0xa7, 0x31, 0x86, 0x31, 0x25, 0x21, 0x04, 0x21, 0x25, 0x29, 0xe4, 0x18,
    0xa2, 0x10, 0xa3, 0x10, 0xa2, 0x10, 0x41, 0x08, 0x41, 0x08, 0x61, 0x08,
    0x60, 0x08, 0x41, 0x10, 0x41, 0x10, 0x61, 0x10, 0x61, 0x10, 0x61, 0x08,
    0x61, 0x10, 0x61, 0x08, 0x41, 0x08, 0x61, 0x08, 0x61, 0x10, 0x61, 0x08,
    0x61, 0x08, 0x81, 0x10, 0x62, 0x10, 0x62, 0x08, 0x81, 0x10, 0x61, 0x10,
    0x81, 0x08, 0x81, 0x10, 0x62, 0x10, 0x82, 0x10, 0x81, 0x10, 0x81, 0x08,
    0x82, 0x10, 0x82, 0x10, 0x81, 0x10, 0x82, 0x10, 0x82, 0x10, 0x82, 0x10,
    0x82, 0x10, 0x81, 0x10, 0xa2, 0x10, 0x82, 0x10, 0x82, 0x10, 0xa2, 0x10,
    0x82, 0x10, 0x82, 0x10, 0x82, 0x10, 0xa2, 0x10, 0x82, 0x10, 0x82, 0x10,
    0x82, 0x10, 0xa2, 0x18, 0xa3, 0x10, 0xa2, 0x10, 0xa2, 0x10, 0xa3, 0x18,
    0xa2, 0x10, 0xa2, 0x10, 0xa3, 0x10, 0xa2, 0x10, 0xa2, 0x10, 0xa2, 0x10,
    0xa3, 0x10, 0xa3, 0x18, 0xa2, 0x10, 0xa2, 0x10, 0xa2, 0x10, 0xc3, 0x18,
    0xe4, 0x18, 0x86, 0x31, 0x08, 0x42, 0x08, 0x42, 0x08, 0x3a, 0x08, 0x42,
    0x8a, 0x4a, 0x09, 0x42, 0xe7, 0x39, 0xc7, 0x31, 0x66, 0x29, 0x25, 0x21,
    0x66, 0x29, 0x86, 0x31, 0xa7, 0x31, 0x6a, 0x4a, 0xcb, 0x52, 0xab, 0x52,
    0xaa, 0x52, 0xcc, 0x5a, 0x0d, 0x5b, 0x2d, 0x63, 0x4e, 0x6b, 0x6f, 0x6b,
    0x8f, 0x6b, 0xd0, 0x73, 0xd0, 0x73, 0xf0, 0x7b, 0x52, 0x84, 0x31, 0x84,
    0xf0, 0x7b, 0x52, 0x84, 0xb4, 0x94, 0x93, 0x94, 0x11, 0x7c, 0x10, 0x7c,
    0x11, 0x7c, 0x72, 0x8c, 0x72, 0x84, 0xd0, 0x73, 0x6e, 0x6b, 0x0d, 0x63,
    0xec, 0x5a, 0xcb, 0x52, 0x6a, 0x4a, 0x28, 0x42, 0xc7, 0x31, 0x86, 0x31,
    0xa7, 0x31, 0x08, 0x3a, 0x8a, 0x4a, 0xab, 0x52, 0xaa, 0x52, 0x49, 0x4a,
    0x29, 0x42, 0x28, 0x42, 0xe8, 0x39, 0x09, 0x42, 0x49, 0x4a, 0xcb, 0x52,
    0x0d, 0x63, 0x6e, 0x6b, 0x2d, 0x63, 0xab, 0x52, 0x6a, 0x4a, 0xe8, 0x39,
    0xc7, 0x39, 0xc7, 0x39, 0xe8, 0x39, 0x49, 0x42, 0xe8, 0x41, 0x09, 0x42,
    0x29, 0x4a, 0x49, 0x42, 0x49, 0x4a, 0x6a, 0x52, 0xec, 0x5a, 0x2d, 0x63,
    0x4e, 0x6b, 0x0d, 0x63, 0x2d, 0x63, 0x2d, 0x63, 0xcb, 0x52, 0x49, 0x4a,
    0xe4, 0x20, 0xc4, 0x18, 0x86, 0x31, 0x08, 0x3a, 0xa7, 0x31, 0x66, 0x29,
    0x87, 0x31, 0x8b, 0x52, 0x8a, 0x52, 0x6a, 0x4a, 0x6a, 0x4a, 0x6a, 0x4a,
    0x29, 0x4a, 0x25, 0x21, 0xe4, 0x18, 0x04, 0x21, 0x45, 0x29, 0xe8, 0x39,
    0x08, 0x42, 0xe8, 0x39, 0x86, 0x31, 0xa7, 0x31, 0x28, 0x42, 0x8a, 0x4a,
    0x6e, 0x6b, 0xcf, 0x73, 0xcf, 0x73, 0xcf, 0x73, 0xd0, 0x73, 0x93, 0x8c,
    0xb4, 0x94, 0xf4, 0x9c, 0xf4, 0x9c, 0x14, 0x9d, 0xf4, 0x9c, 0x15, 0xa5,
    0x15, 0xa5, 0x15, 0xa5, 0x35, 0xa5, 0x35, 0xa5, 0x56, 0xad, 0x35, 0xa5,
    0x34, 0xa5, 0x35, 0xa5, 0x35, 0xa5, 0x15, 0xa5, 0xf4, 0x9c, 0x14, 0xa5,
    0x14, 0x9d, 0xf4, 0x9c, 0xf4, 0x9c, 0x15, 0xa5, 0x15, 0x9d, 0xf4, 0x9c,
    0x15, 0x9d, 0x15, 0xa5, 0xf4, 0x9c, 0xd3, 0x9c, 0x72, 0x8c, 0x92, 0x94,
    0xd3, 0x9c, 0xd3, 0x94, 0xb3, 0x94, 0x93, 0x94, 0xd3, 0x9c, 0x14, 0x9d,
    0x15, 0xa5, 0x15, 0xa5, 0xf4, 0x9c, 0x72, 0x8c, 0x92, 0x94, 0xf4, 0x9c,
    0x14, 0x9d, 0x14, 0x9d, 0x15, 0xa5, 0xf4, 0x9c, 0x72, 0x8c, 0x51, 0x8c,
    0x31, 0x84, 0x72, 0x8c, 0x92, 0x8c, 0x51, 0x8c, 0x72, 0x8c, 0xf0, 0x7b,
    0xcf, 0x7b, 0x10, 0x7c, 0x51, 0x84, 0x31, 0x84, 0x10, 0x7c, 0x52, 0x8c,
    0x51, 0x84, 0x31, 0x84, 0x72, 0x8c, 0x93, 0x8c, 0x72, 0x8c, 0x52, 0x8c,
    0x10, 0x7c, 0x10, 0x7c, 0xf0, 0x7b, 0xf0, 0x7b, 0xf0, 0x7b, 0xf0, 0x7b,
    0xd0, 0x7b, 0x11, 0x7c, 0x11, 0x7c, 0x11, 0x84, 0x52, 0x84, 0x52, 0x8c,
    0xf0, 0x7b, 0x8f, 0x73, 0x8f, 0x6b, 0x8f, 0x73, 0xf0, 0x7b, 0xf0, 0x7b,
    0x10, 0x7c, 0x11, 0x7c, 0xd0, 0x73, 0xcf, 0x73, 0xf0, 0x7b, 0x10, 0x7c,
    0x6e, 0x6b, 0xec, 0x5a, 0xcc, 0x5a, 0x8a, 0x4a, 0xab, 0x52, 0x09, 0x42,
    0xa7, 0x31, 0x86, 0x31, 0xa7, 0x31, 0x86, 0x31, 0xa7, 0x31, 0x08, 0x42,
    0x28, 0x42, 0x28, 0x42, 0x29, 0x42, 0x08, 0x42, 0xe8, 0x39, 0xc7, 0x39,
    0xa6, 0x31, 0x86, 0x31, 0x86, 0x31, 0x66, 0x29, 0x66, 0x29, 0x45, 0x29,
    0x45, 0x21, 0x45, 0x29, 0x86, 0x31, 0xa7, 0x31, 0xc7, 0x39, 0xe8, 0x39,
    0xa7, 0x31, 0x86, 0x31, 0xa7, 0x31, 0xa7, 0x39, 0xa7, 0x31, 0xc7, 0x31,
    0xc8, 0x39, 0xc8, 0x39, 0xe8, 0x39, 0xc7, 0x39, 0x86, 0x31, 0x25, 0x21,
    0x66, 0x29, 0xc7, 0x39, 0xc7, 0x39, 0x66, 0x29, 0x25, 0x21, 0x25, 0x21,
    0xc3, 0x18, 0x82, 0x10, 0x82, 0x10, 0x82, 0x10, 0xa2, 0x10, 0x41, 0x08,
    0x41, 0x08, 0x41, 0x08, 0x61, 0x08, 0x61, 0x10, 0x61, 0x08, 0x61, 0x08,
    0x61, 0x10, 0x61, 0x08, 0x61, 0x08, 0x61, 0x08, 0x61, 0x08, 0x61, 0x10,
    0x61, 0x10, 0x61, 0x10, 0x61, 0x10, 0x81, 0x10, 0x61, 0x08, 0x61, 0x08,
    0x81, 0x10, 0x61, 0x10, 0x81, 0x10, 0x61, 0x08, 0x62, 0x10, 0x82, 0x10,
    0x81, 0x10, 0x81, 0x10, 0x82, 0x10, 0x82, 0x10, 0x81, 0x10, 0x82, 0x10,
    0x82, 0x10, 0xa1, 0x10, 0x82, 0x10, 0x82, 0x10, 0xa2, 0x10, 0xa2, 0x10,
    0x82, 0x10, 0xa2, 0x10, 0x82, 0x10, 0xa2, 0x10, 0xa2, 0x10, 0x82, 0x10,
    0xa2, 0x10, 0xa2, 0x10, 0x82, 0x10, 0x82, 0x10, 0xa2, 0x18, 0xa3, 0x10,
    0xa3, 0x18, 0xa3, 0x18, 0xa2, 0x10, 0xa2, 0x10, 0xa3, 0x10, 0xa2, 0x10,
    0xa3, 0x10, 0xa2, 0x10, 0xa2, 0x10, 0xa3, 0x10, 0xa3, 0x10, 0xa2, 0x10,
    0xa3, 0x10, 0xe3, 0x18, 0x05, 0x21, 0xe8, 0x39, 0xe8, 0x41, 0x29, 0x42,
    0x28, 0x42, 0x29, 0x42, 0x49, 0x4a, 0x08, 0x42, 0xe8, 0x39, 0xa7, 0x31,
    0x66, 0x29, 0x45, 0x29, 0x86, 0x31, 0x86, 0x31, 0x86, 0x31, 0x08, 0x42,
    0x6a, 0x4a, 0xcb, 0x52, 0xab, 0x52, 0xcb, 0x5a, 0xec, 0x5a, 0xec, 0x5a,
    0xec, 0x5a, 0xec, 0x5a, 0x2d, 0x63, 0x4e, 0x6b, 0xaf, 0x73, 0xf0, 0x7b,
    0x52, 0x84, 0x31, 0x84, 0x10, 0x7c, 0x31, 0x84, 0x73, 0x8c, 0x93, 0x8c,
    0x32, 0x84, 0x31, 0x84, 0x31, 0x7c, 0x52, 0x84, 0x72, 0x8c, 0x11, 0x7c,
    0xaf, 0x73, 0x2d, 0x63, 0x0c, 0x5b, 0xec, 0x5a, 0xec, 0x5a, 0xaa, 0x52,
    0x49, 0x4a, 0xe8, 0x39, 0xe8, 0x39, 0x69, 0x4a, 0x8a, 0x4a, 0xab, 0x52,
    0xab, 0x52, 0x8a, 0x4a, 0x49, 0x4a, 0x29, 0x42, 0x8a, 0x52, 0xec, 0x5a,
    0x4e, 0x6b, 0x8f, 0x73, 0xf0, 0x7b, 0x11, 0x7c, 0xaf, 0x73, 0x4e, 0x6b,
    0xcc, 0x5a, 0x29, 0x42, 0xe7, 0x39, 0x49, 0x42, 0x8b, 0x52, 0xcc, 0x5a,
    0xcc, 0x5a, 0x0c, 0x63, 0x0d, 0x63, 0xec, 0x5a, 0x8a, 0x52, 0xab, 0x52,
    0xcb, 0x5a, 0x0c, 0x63, 0x2d, 0x63, 0x0c, 0x5b, 0x0c, 0x5b, 0xec, 0x5a,
    0x8a, 0x4a, 0x8a, 0x4a, 0x04, 0x21, 0xe4, 0x18, 0xe7, 0x39, 0x6a, 0x4a,
    0x8a, 0x4a, 0x08, 0x42, 0x4a, 0x4a, 0x8a, 0x4a, 0x8a, 0x4a, 0x8b, 0x52,
    0x4a, 0x4a, 0x6a, 0x4a, 0xab, 0x52, 0x66, 0x29, 0x45, 0x29, 0xa7, 0x31,
    0xe7, 0x39, 0x08, 0x42, 0xc7, 0x39, 0x86, 0x29, 0x66, 0x29, 0x6a, 0x4a,
    0x8a, 0x52, 0x2d, 0x63, 0xf0, 0x7b, 0x11, 0x7c, 0x11, 0x84, 0x31, 0x84,
    0x72, 0x8c, 0xd4, 0x94, 0xf5, 0x9c, 0xf5, 0x9c, 0xf4, 0x9c, 0xf4, 0x9c,
    0xf4, 0x9c, 0x15, 0xa5, 0x35, 0xa5, 0x35, 0xa5, 0x35, 0xa5, 0x35, 0xa5,
    0x55, 0xa5, 0x35, 0xa5, 0x35, 0xa5, 0x34, 0xa5, 0x15, 0xa5, 0x35, 0xa5,
    0x14, 0x9d, 0x14, 0x9d, 0x14, 0x9d, 0xf4, 0x9c, 0xf4, 0x9c, 0x15, 0x9d,
    0x14, 0x9d, 0x14, 0xa5, 0xf4, 0x9c, 0xf4, 0x9c, 0xd4, 0x9c, 0xb3, 0x94,
    0x92, 0x8c, 0x92, 0x94, 0xb3, 0x94, 0xd3, 0x94, 0xb3, 0x94, 0xb3, 0x94,
    0xf4, 0x9c, 0xd3, 0x9c, 0xd3, 0x94, 0xd4, 0x9c, 0x92, 0x8c, 0x51, 0x84,
    0x52, 0x8c, 0xf4, 0x9c, 0xd3, 0x94, 0xd4, 0x9c, 0xf4, 0x9c, 0xb3, 0x94,
    0x72, 0x8c, 0x31, 0x84, 0xd0, 0x73, 0x31, 0x84, 0x92, 0x8c, 0x51, 0x8c,
    0x51, 0x84, 0xcf, 0x7b, 0xcf, 0x73, 0xef, 0x7b, 0x10, 0x84, 0x51, 0x84,
    0x52, 0x8c, 0x72, 0x8c, 0xf0, 0x7b, 0xf0, 0x7b, 0x11, 0x84, 0x52, 0x8c,
    0x31, 0x84, 0xcf, 0x73, 0xaf, 0x73, 0xaf, 0x73, 0xaf, 0x73, 0x10, 0x7c,
    0x31, 0x84, 0x11, 0x84, 0xaf, 0x73, 0xf0, 0x7b, 0xf1, 0x7b, 0x31, 0x84,
    0x72, 0x8c, 0x52, 0x8c, 0xd0, 0x73, 0xaf, 0x73, 0x8f, 0x73, 0xf0, 0x7b,
    0x10, 0x7c, 0xaf, 0x73, 0xf0, 0x7b, 0x10, 0x7c, 0xf0, 0x7b, 0xcf, 0x7b,
    0xf0, 0x7b, 0xd0, 0x73, 0x4e, 0x6b, 0xec, 0x5a, 0x8a, 0x52, 0x6a, 0x4a,
    0xec, 0x5a, 0x29, 0x42, 0xe7, 0x39, 0x86, 0x31, 0xa7, 0x31, 0xa6, 0x31,
    0xa6, 0x31, 0xa7, 0x31, 0xe8, 0x39, 0x28, 0x42, 0x29, 0x42, 0xe8, 0x41,
    0xe8, 0x39, 0xc7, 0x39, 0x66, 0x29, 0x45, 0x29, 0x04, 0x21, 0x24, 0x21,
    0x25, 0x21, 0x25, 0x21, 0x45, 0x21, 0x45, 0x29, 0x66, 0x29, 0x86, 0x31,
    0x66, 0x29, 0xa6, 0x31, 0x86, 0x31, 0x66, 0x29, 0x66, 0x29, 0x66, 0x31,
    0xa7, 0x31, 0xe8, 0x39, 0x08, 0x42, 0xe8, 0x39, 0xc8, 0x39, 0xa7, 0x31,
    0x86, 0x31, 0x86, 0x31, 0xa7, 0x31, 0xc7, 0x39, 0xa7, 0x31, 0x45, 0x29,
    0x04, 0x21, 0xa2, 0x10, 0x82, 0x10, 0x82, 0x10, 0x82, 0x10, 0x82, 0x10,
    0x82, 0x10, 0x41, 0x08, 0x61, 0x08, 0x41, 0x08, 0x61, 0x10, 0x61, 0x10,
    0x61, 0x08, 0x61, 0x08, 0x61, 0x10, 0x81, 0x10, 0x61, 0x10, 0x61, 0x08,
    0x40, 0x10, 0x61, 0x08, 0x41, 0x10, 0x61, 0x08, 0x61, 0x08, 0x61, 0x10,
    0x62, 0x10, 0x62, 0x10, 0x81, 0x08, 0x62, 0x10, 0x61, 0x08, 0x61, 0x10,
    0x61, 0x08, 0x82, 0x08, 0x82, 0x10, 0x81, 0x10, 0x82, 0x10, 0x81, 0x08,
    0x82, 0x10, 0x81, 0x10, 0x82, 0x10, 0x82, 0x10, 0x81, 0x10, 0x82, 0x10,
    0x82, 0x10, 0xa2, 0x18, 0x81, 0x10, 0x82, 0x10, 0xa2, 0x10, 0x82, 0x10,
    0x82, 0x18, 0xa2, 0x10, 0x82, 0x10, 0x82, 0x10, 0xa2, 0x10, 0x82, 0x10,
    0xa2, 0x18, 0xa2, 0x10, 0xa3, 0x10, 0x82, 0x10, 0xa2, 0x10, 0xa3, 0x10,
    0x82, 0x10, 0xa2, 0x10, 0xa3, 0x10, 0xa2, 0x10, 0xa2, 0x10, 0xa3, 0x18,
    0xa2, 0x10, 0xa2, 0x10, 0xa3, 0x18, 0xe3, 0x18, 0x66, 0x29, 0xc7, 0x39,
    0xe8, 0x39, 0x28, 0x42, 0x08, 0x42, 0x08, 0x42, 0x29, 0x42, 0x29, 0x42,
    0x49, 0x4a, 0x08, 0x42, 0xc7, 0x39, 0xc7, 0x39, 0x08, 0x42, 0x09, 0x3a,
    0xc7, 0x39, 0xc7, 0x39, 0x49, 0x42, 0x8a, 0x52, 0x6a, 0x4a, 0xab, 0x52,
    0xcb, 0x52, 0x8a, 0x52, 0xab, 0x52, 0xab, 0x52, 0xab, 0x52, 0x0c, 0x5b,
    0x8f, 0x6b, 0xd0, 0x73, 0x11, 0x84, 0xf0, 0x7b, 0xf0, 0x7b, 0x11, 0x84,
    0x73, 0x8c, 0xb3, 0x8c, 0x52, 0x84, 0x32, 0x84, 0x31, 0x84, 0x11, 0x7c,
    0xf0, 0x7b, 0x10, 0x7c, 0x11, 0x7c, 0x8f, 0x6b, 0x2d, 0x63, 0xec, 0x5a,
    0xcb, 0x52, 0xab, 0x52, 0xab, 0x52, 0xaa, 0x52, 0x8a, 0x4a, 0xaa, 0x52,
    0x8a, 0x4a, 0x8a, 0x4a, 0x8a, 0x52, 0x69, 0x4a, 0x8b, 0x52, 0x8f, 0x73,
    0xd0, 0x7b, 0x10, 0x84, 0x10, 0x7c, 0x10, 0x7c, 0x51, 0x84, 0x93, 0x94,
    0x93, 0x94, 0x72, 0x8c, 0xcf, 0x73, 0x4d, 0x63, 0xcb, 0x52, 0xcb, 0x52,
    0xed, 0x5a, 0x0d, 0x5b, 0xaf, 0x73, 0x72, 0x8c, 0xb3, 0x94, 0xb3, 0x94,
    0x10, 0x7c, 0xcc, 0x5a, 0xcb, 0x52, 0xec, 0x5a, 0xab, 0x52, 0x8a, 0x52,
    0xcb, 0x5a, 0xcb, 0x52, 0x4a, 0x4a, 0xab, 0x52, 0x04, 0x21, 0x25, 0x21,
    0x49, 0x42, 0x0c, 0x63, 0x0c, 0x5b, 0x49, 0x42, 0x6a, 0x4a, 0x6a, 0x4a,
    0xab, 0x52, 0x8a, 0x52, 0x08, 0x42, 0x29, 0x42, 0xec, 0x5a, 0xe8, 0x39,
    0xc7, 0x39, 0x86, 0x31, 0xe8, 0x39, 0x49, 0x4a, 0x49, 0x42, 0x08, 0x42,
    0xe8, 0x39, 0x0c, 0x63, 0x0d, 0x63, 0xd0, 0x7b, 0x31, 0x84, 0x73, 0x8c,
    0x93, 0x8c, 0xd4, 0x9c, 0xd4, 0x9c, 0xf4, 0x9c, 0xf4, 0x9c, 0xf5, 0x9c,
    0xf4, 0x9c, 0xf4, 0x9c, 0xf4, 0x9c, 0x15, 0xa5, 0x55, 0xa5, 0x35, 0xa5,
    0x35, 0xa5, 0x55, 0xa5, 0x35, 0xa5, 0x35, 0xa5, 0x35, 0xa5, 0x14, 0xa5,
    0x14, 0x9d, 0x34, 0xa5, 0x34, 0xa5, 0x14, 0xa5, 0xf4, 0x9c, 0xd4, 0x9c,
    0xd4, 0x9c, 0x15, 0x9d, 0x15, 0xa5, 0xf4, 0x9c, 0xf4, 0x9c, 0xd4, 0x9c,
    0xb3, 0x94, 0xb3, 0x94, 0xb3, 0x94, 0x92, 0x8c, 0xb2, 0x8c, 0xb3, 0x94,
    0x92, 0x94, 0xb3, 0x94, 0xd3, 0x94, 0xb3, 0x94, 0xb3, 0x94, 0xb3, 0x94,
    0x52, 0x8c, 0x10, 0x7c, 0x10, 0x7c, 0x92, 0x94, 0x92, 0x8c, 0x92, 0x8c,
    0x92, 0x94, 0x93, 0x94, 0x51, 0x84, 0x11, 0x84, 0xaf, 0x73, 0x10, 0x7c,
    0x51, 0x8c, 0x30, 0x84, 0x10, 0x7c, 0xcf, 0x73, 0xcf, 0x73, 0xf0, 0x7b,
    0x10, 0x7c, 0x51, 0x8c, 0x51, 0x8c, 0x10, 0x7c, 0xcf, 0x73, 0xaf, 0x73,
    0xd0, 0x7b, 0xaf, 0x73, 0xf0, 0x7b, 0xaf, 0x73, 0x8f, 0x73, 0xaf, 0x73,
    0xcf, 0x7b, 0x31, 0x84, 0x72, 0x8c, 0x31, 0x84, 0xaf, 0x73, 0x8e, 0x6b,
    0xf0, 0x7b, 0x11, 0x84, 0x32, 0x84, 0x31, 0x84, 0xf0, 0x7b, 0xf0, 0x7b,
    0xf0, 0x7b, 0xf0, 0x7b, 0xaf, 0x73, 0x8e, 0x6b, 0xaf, 0x73, 0xd0, 0x7b,
    0xcf, 0x73, 0xf0, 0x7b, 0xd0, 0x7b, 0xaf, 0x73, 0x2d, 0x63, 0xab, 0x52,
    0x6a, 0x4a, 0x6a, 0x4a, 0xab, 0x52, 0x08, 0x42, 0xe8, 0x41, 0xe8, 0x39,
    0x08, 0x42, 0x86, 0x31, 0x86, 0x31, 0x86, 0x31, 0xa7, 0x31, 0xc8, 0x39,
    0x08, 0x42, 0xe8, 0x39, 0xe8, 0x39, 0xc7, 0x39, 0x25, 0x21, 0xe4, 0x18,
    0xc3, 0x18, 0xc3, 0x18, 0xe4, 0x18, 0x25, 0x21, 0x45, 0x29, 0x66, 0x29,
    0x66, 0x29, 0x45, 0x29, 0x45, 0x29, 0x86, 0x31, 0x45, 0x29, 0x45, 0x29,
    0x25, 0x21, 0x25, 0x29, 0x86, 0x31, 0xc7, 0x39, 0xa6, 0x31, 0xa6, 0x31,
    0xc7, 0x39, 0xc7, 0x31, 0x86, 0x31, 0x86, 0x31, 0xa7, 0x31, 0x86, 0x31,
    0x25, 0x21, 0xc3, 0x18, 0xa2, 0x10, 0xa2, 0x10, 0x82, 0x10, 0x82, 0x10,
    0x82, 0x08, 0x82, 0x10, 0x82, 0x10, 0x41, 0x08, 0x41, 0x08, 0x61, 0x08,
    0x61, 0x08, 0x61, 0x10, 0x61, 0x10, 0x61, 0x08, 0x61, 0x10, 0x81, 0x10,
    0x61, 0x10, 0x61, 0x08, 0x41, 0x08, 0x41, 0x10, 0x61, 0x08, 0x61, 0x10,
    0x61, 0x08, 0x61, 0x08, 0x61, 0x10, 0x61, 0x08, 0x61, 0x08, 0x61, 0x08,
    0x62, 0x10, 0x81, 0x10, 0x61, 0x10, 0x82, 0x10, 0x82, 0x10, 0x81, 0x08,
    0x61, 0x10, 0x62, 0x10, 0x82, 0x10, 0x82, 0x10, 0x82, 0x10, 0xa2, 0x10,
    0x82, 0x10, 0x81, 0x10, 0x81, 0x10, 0x82, 0x10, 0x82, 0x10, 0x81, 0x10,
    0x82, 0x10, 0x81, 0x10, 0x82, 0x10, 0x82, 0x10, 0x81, 0x10, 0x82, 0x10,
    0xa2, 0x10, 0x82, 0x10, 0x82, 0x10, 0x82, 0x10, 0xa2, 0x18, 0xa3, 0x18,
    0xa2, 0x10, 0xa3, 0x10, 0x82, 0x10, 0xa2, 0x18, 0xa3, 0x18, 0xa2, 0x10,
    0xa2, 0x10, 0xa3, 0x18, 0xa2, 0x10, 0x82, 0x10, 0xc3, 0x18, 0x04, 0x21,
    0xa7, 0x31, 0xc7, 0x39, 0xc7, 0x39, 0x08, 0x42, 0xc7, 0x39, 0xc7, 0x39,
    0xc8, 0x39, 0x08, 0x42, 0x08, 0x42, 0x08, 0x42, 0x09, 0x42, 0x6a, 0x4a,
    0xec, 0x5a, 0xab, 0x52, 0x8a, 0x52, 0x6a, 0x4a, 0x4a, 0x4a, 0x8b, 0x52,
    0x8b, 0x52, 0x8a, 0x4a, 0x6a, 0x4a, 0x8a, 0x4a, 0xcb, 0x52, 0xab, 0x52,
    0x8b, 0x52, 0xab, 0x52, 0x8e, 0x6b, 0xaf, 0x73, 0xd0, 0x7b, 0xd0, 0x73,
    0xaf, 0x73, 0xf0, 0x7b, 0x32, 0x84, 0x72, 0x8c, 0x52, 0x84, 0x31, 0x84,
    0x11, 0x7c, 0xf0, 0x7b, 0xcf, 0x73, 0xaf, 0x73, 0xd0, 0x7b, 0x8f, 0x73,
    0x2d, 0x63, 0xec, 0x5a, 0xcb, 0x52, 0x8a, 0x52, 0xab, 0x52, 0xab, 0x52,
    0x8b, 0x52, 0xaa, 0x52, 0x6a, 0x4a, 0x49, 0x4a, 0x6a, 0x4a, 0x0c, 0x5b,
    0x72, 0x8c, 0x15, 0xa5, 0x35, 0xa5, 0xb3, 0x94, 0x31, 0x84, 0xf0, 0x7b,
    0xaf, 0x73, 0xcf, 0x73, 0xf0, 0x7b, 0x31, 0x84, 0x31, 0x84, 0xf1, 0x7b,
    0x6e, 0x6b, 0x0d, 0x63, 0x0d, 0x5b, 0xf0, 0x7b, 0x93, 0x94, 0x92, 0x8c,
    0xb3, 0x94, 0xf4, 0x9c, 0x15, 0xa5, 0x11, 0x84, 0xab, 0x52, 0x8a, 0x52,
    0x6a, 0x4a, 0x6a, 0x4a, 0x4a, 0x4a, 0x6a, 0x52, 0x49, 0x4a, 0xab, 0x5a,
    0xe4, 0x18, 0x86, 0x29, 0xcb, 0x5a, 0x8f, 0x73, 0x8f, 0x6b, 0xab, 0x52,
    0x8a, 0x52, 0x6a, 0x4a, 0xab, 0x52, 0xcb, 0x52, 0x4a, 0x4a, 0x6a, 0x4a,
    0xec, 0x5a, 0x69, 0x4a, 0xa6, 0x31, 0xc8, 0x39, 0x8b, 0x52, 0xab, 0x52,
    0xab, 0x52, 0x6a, 0x4a, 0x8b, 0x52, 0x6e, 0x6b, 0xaf, 0x73, 0x51, 0x84,
    0x72, 0x8c, 0x93, 0x8c, 0xf4, 0x9c, 0x15, 0x9d, 0xf4, 0x9c, 0xf4, 0x9c,
    0xf4, 0x9c, 0xf5, 0x9c, 0xf4, 0x9c, 0xd4, 0x9c, 0xf5, 0x9c, 0x15, 0xa5,
    0x35, 0xa5, 0x35, 0xa5, 0x35, 0xa5, 0x55, 0xa5, 0x35, 0xa5, 0x35, 0xa5,
    0x14, 0xa5, 0x14, 0x9d, 0x14, 0x9d, 0x34, 0xa5, 0x15, 0xa5, 0x14, 0x9d,
    0xf4, 0x9c, 0xf4, 0x9c, 0xd4, 0x9c, 0x15, 0xa5, 0x15, 0x9d, 0xf4, 0x9c,
    0xf4, 0x9c, 0xf4, 0x9c, 0xb3, 0x94, 0xb3, 0x94, 0xb3, 0x94, 0x92, 0x94,
    0x92, 0x8c, 0x72, 0x8c, 0x92, 0x8c, 0x92, 0x94, 0xb3, 0x94, 0x92, 0x8c,
    0x51, 0x8c, 0x31, 0x84, 0x10, 0x84, 0xf0, 0x7b, 0xd0, 0x7b, 0x11, 0x84,
    0x31, 0x84, 0x31, 0x84, 0x31, 0x84, 0x93, 0x94, 0x51, 0x84, 0xf0, 0x7b,
    0xaf, 0x73, 0x31, 0x84, 0xef, 0x7b, 0xf0, 0x7b, 0xf0, 0x7b, 0xcf, 0x73,
    0xef, 0x7b, 0xcf, 0x7b, 0xef, 0x7b, 0x10, 0x7c, 0xf0, 0x7b, 0xaf, 0x73,
    0xd0, 0x7b, 0xf0, 0x7b, 0xcf, 0x7b, 0xaf, 0x73, 0x6e, 0x6b, 0xaf, 0x73,
    0xcf, 0x7b, 0xcf, 0x73, 0xf0, 0x7b, 0x31, 0x84, 0x72, 0x8c, 0x72, 0x8c,
    0x11, 0x7c, 0x8f, 0x73, 0xf0, 0x7b, 0x32, 0x84, 0x32, 0x84, 0x31, 0x84,
    0x11, 0x7c, 0x11, 0x84, 0xf0, 0x7b, 0xf0, 0x7b, 0x8f, 0x73, 0x8f, 0x6b,
    0x6f, 0x6b, 0x8f, 0x73, 0xaf, 0x73, 0xcf, 0x73, 0x8f, 0x73, 0x8e, 0x6b,
    0x2d, 0x63, 0x8b, 0x52, 0x6a, 0x4a, 0x8a, 0x52, 0x8a, 0x52, 0x29, 0x42,
    0xe8, 0x39, 0x29, 0x42, 0xc7, 0x39, 0x87, 0x31, 0x66, 0x29, 0x66, 0x29,
    0x66, 0x31, 0x86, 0x31, 0xe8, 0x39, 0x08, 0x42, 0x29, 0x42, 0xc7, 0x39,
    0x04, 0x21, 0xc3, 0x10, 0xa2, 0x10, 0xc3, 0x18, 0xc3, 0x18, 0x04, 0x21,
    0x25, 0x29, 0x45, 0x29, 0x45, 0x29, 0x45, 0x29, 0x25, 0x21, 0x45, 0x29,
    0x25, 0x21, 0x25, 0x21, 0x25, 0x21, 0x45, 0x29, 0x65, 0x29, 0x25, 0x21,
    0x45, 0x29, 0xa7, 0x31, 0xa7, 0x31, 0x66, 0x29, 0x66, 0x29, 0x86, 0x31,
    0x66, 0x29, 0xe4, 0x18, 0xa2, 0x10, 0xa2, 0x10, 0xa2, 0x10, 0xa2, 0x10,
    0xa2, 0x10, 0x82, 0x10, 0x82, 0x08, 0x82, 0x10, 0x82, 0x10, 0x41, 0x08,
    0x41, 0x08, 0x61, 0x08, 0x60, 0x08, 0x61, 0x10, 0x61, 0x08, 0x61, 0x08,
    0x61, 0x08, 0x61, 0x10, 0x61, 0x10, 0x61, 0x08, 0x61, 0x08, 0x40, 0x08,
    0x61, 0x10, 0x61, 0x10, 0x61, 0x10, 0x61, 0x08, 0x61, 0x10, 0x61, 0x10,
    0x61, 0x08, 0x61, 0x10, 0x62, 0x10, 0x62, 0x08, 0x61, 0x10, 0x81, 0x10,
    0x82, 0x10, 0x82, 0x10, 0x61, 0x08, 0x81, 0x10, 0x82, 0x10, 0x82, 0x10,
    0x81, 0x10, 0xa2, 0x10, 0x82, 0x10, 0x82, 0x10, 0x81, 0x10, 0xa2, 0x10,
    0x82, 0x10, 0x82, 0x10, 0x82, 0x10, 0xa2, 0x10, 0x81, 0x10, 0x82, 0x10,
    0x82, 0x10, 0x81, 0x10, 0xa2, 0x10, 0xa2, 0x10, 0x82, 0x10, 0xa2, 0x10,
    0xa2, 0x18, 0xa3, 0x18, 0xa2, 0x10, 0xa2, 0x10, 0xa3, 0x10, 0x82, 0x18,
    0xa3, 0x10, 0xa3, 0x10, 0xa3, 0x18, 0xa2, 0x18, 0xa3, 0x10, 0xa2, 0x10,
    0xc3, 0x18, 0x24, 0x21, 0xe8, 0x39, 0xc7, 0x39, 0xc7, 0x39, 0xe8, 0x39,
    0x66, 0x29, 0x45, 0x29, 0xa7, 0x31, 0x08, 0x42, 0x28, 0x42, 0xc8, 0x39,
    0x29, 0x42, 0xeb, 0x5a, 0x0c, 0x5b, 0xcb, 0x5a, 0xab, 0x52, 0xcb, 0x52,
    0x8b, 0x52, 0x8b, 0x52, 0x8a, 0x4a, 0x69, 0x4a, 0x49, 0x42, 0x49, 0x4a,
    0xaa, 0x52, 0xcb, 0x52, 0xab, 0x52, 0xcb, 0x52, 0x2d, 0x63, 0x8e, 0x73,
    0xaf, 0x73, 0xaf, 0x73, 0x8e, 0x73, 0xcf, 0x73, 0x11, 0x7c, 0x51, 0x84,
    0x31, 0x84, 0x10, 0x7c, 0xf0, 0x7b, 0xf0, 0x7b, 0xaf, 0x73, 0x8e, 0x6b,
    0x4e, 0x6b, 0x2d, 0x63, 0x0d, 0x63, 0x0c, 0x5b, 0xec, 0x5a, 0xab, 0x52,
    0x8a, 0x52, 0x8a, 0x4a, 0x6a, 0x4a, 0xab, 0x52, 0x6a, 0x4a, 0xab, 0x52,
    0xcf, 0x73, 0x15, 0xa5, 0x56, 0xad, 0x56, 0xa5, 0x35, 0xa5, 0xf4, 0x9c,
    0x73, 0x8c, 0xf0, 0x7b, 0xaf, 0x73, 0x8e, 0x6b, 0x6f, 0x6b, 0x6e, 0x6b,
    0x8f, 0x73, 0xf0, 0x7b, 0x11, 0x84, 0x72, 0x8c, 0xd4, 0x9c, 0x35, 0xa5,
    0x76, 0xad, 0x76, 0xad, 0x56, 0xad, 0x56, 0xa5, 0x35, 0xa5, 0xd3, 0x94,
    0x4d, 0x6b, 0x8a, 0x52, 0x8a, 0x52, 0x6a, 0x4a, 0x49, 0x4a, 0x4a, 0x4a,
    0x29, 0x42, 0x49, 0x4a, 0xc3, 0x18, 0x86, 0x31, 0xab, 0x52, 0xcc, 0x5a,
    0x4e, 0x6b, 0xcb, 0x52, 0x8a, 0x52, 0x4a, 0x4a, 0x6a, 0x4a, 0xcc, 0x5a,
    0xab, 0x52, 0xab, 0x52, 0xab, 0x52, 0x6a, 0x4a, 0x29, 0x42, 0xab, 0x52,
    0x2d, 0x63, 0xcf, 0x73, 0xf0, 0x7b, 0x6e, 0x6b, 0xaf, 0x73, 0x30, 0x7c,
    0x51, 0x84, 0x72, 0x8c, 0x72, 0x8c, 0x72, 0x8c, 0xf4, 0x9c, 0xf4, 0x9c,
    0xf4, 0x9c, 0xb4, 0x94, 0xf5, 0x9c, 0x15, 0xa5, 0xf5, 0x9c, 0xf4, 0x9c,
    0xf4, 0x9c, 0x15, 0xa5, 0x35, 0xa5, 0x35, 0xa5, 0x34, 0xa5, 0x35, 0xa5,
    0x35, 0xa5, 0x35, 0xa5, 0x34, 0xa5, 0x14, 0xa5, 0x14, 0x9d, 0x14, 0xa5,
    0x14, 0x9d, 0xf4, 0x9c, 0xf4, 0x9c, 0xf4, 0x9c, 0xd4, 0x9c, 0x14, 0x9d,
    0x15, 0xa5, 0x15, 0x9d, 0xf4, 0x9c, 0xd4, 0x9c, 0xb4, 0x94, 0xb3, 0x94,
    0xb3, 0x94, 0x92, 0x94, 0x92, 0x8c, 0x72, 0x8c, 0x72, 0x8c, 0x92, 0x8c,
    0x93, 0x94, 0x72, 0x8c, 0x51, 0x84, 0xf0, 0x7b, 0xaf, 0x73, 0xcf, 0x73,
    0xf0, 0x7b, 0xcf, 0x73, 0x31, 0x84, 0x31, 0x84, 0x51, 0x84, 0xb3, 0x94,
    0x31, 0x84, 0xef, 0x7b, 0xcf, 0x7b, 0x10, 0x7c, 0xf0, 0x7b, 0xef, 0x7b,
    0xf0, 0x7b, 0x10, 0x84, 0xcf, 0x73, 0xcf, 0x73, 0xd0, 0x7b, 0xd0, 0x7b,
    0xaf, 0x73, 0xcf, 0x73, 0xf0, 0x7b, 0x11, 0x84, 0x30, 0x84, 0xaf, 0x73,
    0x8e, 0x6b, 0xaf, 0x73, 0xf0, 0x7b, 0x11, 0x84, 0x10, 0x7c, 0x52, 0x8c,
    0x93, 0x94, 0x72, 0x8c, 0x31, 0x84, 0xf0, 0x7b, 0xf1, 0x7b, 0x32, 0x84,
    0x52, 0x8c, 0x32, 0x84, 0xf0, 0x7b, 0xf0, 0x7b, 0xf0, 0x7b, 0xf0, 0x7b,
    0xaf, 0x73, 0x8e, 0x6b, 0x2d, 0x63, 0x4d, 0x6b, 0x6d, 0x6b, 0x8e, 0x6b,
    0xaf, 0x73, 0x6e, 0x6b, 0x4d, 0x63, 0xcb, 0x52, 0xaa, 0x52, 0x8a, 0x52,
    0x6a, 0x4a, 0xe7, 0x39, 0xe8, 0x39, 0x28, 0x42, 0x86, 0x31, 0x86, 0x31,
    0x66, 0x29, 0x65, 0x29, 0x66, 0x29, 0x86, 0x31, 0xc7, 0x39, 0x29, 0x42,
    0x49, 0x4a, 0x86, 0x31, 0xe4, 0x18, 0xc3, 0x18, 0xc3, 0x18, 0xc3, 0x18,
    0xc3, 0x18, 0xe4, 0x18, 0x45, 0x29, 0x45, 0x29, 0x65, 0x29, 0x46, 0x29,
    0x25, 0x21, 0x04, 0x21, 0x04, 0x21, 0x25, 0x21, 0x45, 0x29, 0x45, 0x21,
    0x04, 0x21, 0x05, 0x21, 0x66, 0x29, 0x66, 0x29, 0x45, 0x29, 0x45, 0x29,
    0x45, 0x29, 0x04, 0x21, 0xa3, 0x10, 0xa2, 0x10, 0xa3, 0x18, 0xa2, 0x10,
    0xa2, 0x10, 0xa3, 0x10, 0x82, 0x10, 0x82, 0x10, 0x82, 0x10, 0x82, 0x10,
    0xa2, 0x10, 0x41, 0x08, 0x41, 0x08, 0x41, 0x08, 0x60, 0x08, 0x61, 0x10,
    0x41, 0x08, 0x61, 0x08, 0x61, 0x10, 0x81, 0x10, 0x61, 0x10, 0x61, 0x10,
    0x61, 0x08, 0x61, 0x08, 0x40, 0x10, 0x61, 0x10, 0x61, 0x08, 0x62, 0x08,
    0x61, 0x10, 0x61, 0x08, 0x61, 0x10, 0x61, 0x08, 0x61, 0x08, 0x61, 0x08,
    0x62, 0x10, 0x81, 0x08, 0x82, 0x10, 0x82, 0x10, 0x61, 0x10, 0x82, 0x10,
    0x82, 0x10, 0x81, 0x10, 0x82, 0x10, 0x81, 0x10, 0xa2, 0x10, 0x82, 0x10,
    0x82, 0x10, 0x81, 0x10, 0x82, 0x10, 0xa2, 0x10, 0x81, 0x10, 0x82, 0x10,
    0xa2, 0x10, 0x82, 0x10, 0xa2, 0x10, 0xa2, 0x10, 0x82, 0x10, 0xa2, 0x10,
    0x82, 0x10, 0xa2, 0x10, 0xa2, 0x10, 0xa3, 0x18, 0x82, 0x10, 0xa2, 0x18,
    0xa3, 0x10, 0xa3, 0x18, 0xa2, 0x10, 0xa2, 0x10, 0xa3, 0x18, 0xa2, 0x10,
    0xa2, 0x10, 0xa3, 0x10, 0x04, 0x21, 0x86, 0x31, 0x08, 0x42, 0xa7, 0x31,
    0xc7, 0x39, 0xc7, 0x39, 0x25, 0x21, 0x04, 0x21, 0xa6, 0x31, 0xe8, 0x39,
    0xe8, 0x39, 0xe8, 0x39, 0x49, 0x4a, 0xcb, 0x5a, 0xcc, 0x5a, 0xcb, 0x52,
    0xcb, 0x52, 0xab, 0x52, 0x8b, 0x52, 0x8a, 0x52, 0x49, 0x42, 0x29, 0x42,
    0x08, 0x42, 0x09, 0x42, 0x6a, 0x4a, 0xec, 0x5a, 0xcb, 0x5a, 0x6a, 0x4a,
    0xec, 0x5a, 0x4e, 0x6b, 0xaf, 0x73, 0xaf, 0x73, 0x4e, 0x6b, 0x8f, 0x73,
    0xcf, 0x73, 0xf0, 0x7b, 0xf0, 0x7b, 0xd0, 0x73, 0xf0, 0x73, 0xaf, 0x73,
    0x8f, 0x6b, 0x6e, 0x63, 0xec, 0x5a, 0xab, 0x52, 0xcb, 0x52, 0xcb, 0x5a,
    0xec, 0x5a, 0xec, 0x5a, 0xcb, 0x52, 0xcb, 0x52, 0x6a, 0x4a, 0x8a, 0x52,
    0x6e, 0x6b, 0xb3, 0x94, 0x56, 0xa5, 0x56, 0xad, 0x35, 0xa5, 0x15, 0x9d,
    0xf4, 0x9c, 0xd4, 0x94, 0x72, 0x8c, 0x11, 0x84, 0xaf, 0x73, 0x8e, 0x6b,
    0x2d, 0x63, 0x2d, 0x63, 0x2d, 0x63, 0x6e, 0x6b, 0x11, 0x84, 0xd3, 0x94,
    0xf4, 0x9c, 0x97, 0xb5, 0xb7, 0xb5, 0x76, 0xad, 0x56, 0xa5, 0xf4, 0x9c,
    0x15, 0xa5, 0x14, 0x9d, 0x52, 0x8c, 0x8b, 0x52, 0x8a, 0x52, 0x49, 0x42,
    0x29, 0x42, 0x08, 0x42, 0x49, 0x4a, 0x86, 0x29, 0xa3, 0x10, 0x86, 0x31,
    0x4a, 0x4a, 0xab, 0x52, 0xec, 0x5a, 0xab, 0x52, 0x6a, 0x4a, 0x49, 0x42,
    0x49, 0x4a, 0x8a, 0x4a, 0x6a, 0x4a, 0x8a, 0x52, 0xab, 0x52, 0xcc, 0x52,
    0x4e, 0x63, 0x8f, 0x6b, 0xf0, 0x73, 0x11, 0x7c, 0x51, 0x84, 0x51, 0x84,
    0x52, 0x84, 0x52, 0x84, 0x72, 0x8c, 0x72, 0x8c, 0x52, 0x84, 0x92, 0x8c,
    0xf4, 0x9c, 0xf4, 0x9c, 0xd4, 0x9c, 0xd4, 0x94, 0xf4, 0x9c, 0x15, 0x9d,
    0x15, 0xa5, 0x15, 0x9d, 0x14, 0x9d, 0x15, 0xa5, 0x35, 0xa5, 0x14, 0xa5,
    0x14, 0x9d, 0x34, 0xa5, 0x14, 0xa5, 0x14, 0xa5, 0x14, 0x9d, 0x14, 0x9d,
    0x14, 0x9d, 0x14, 0xa5, 0xf4, 0x9c, 0xd3, 0x9c, 0xf4, 0x9c, 0xf4, 0x9c,
    0xd4, 0x9c, 0xf4, 0x9c, 0xf4, 0x9c, 0xf4, 0x9c, 0xf5, 0x9c, 0xd4, 0x9c,
    0xb4, 0x94, 0xb3, 0x94, 0x92, 0x94, 0x92, 0x8c, 0x51, 0x8c, 0x51, 0x8c,
    0x51, 0x84, 0x51, 0x84, 0x72, 0x8c, 0x72, 0x8c, 0x30, 0x84, 0x8e, 0x73,
    0x6e, 0x6b, 0xaf, 0x73, 0xf0, 0x7b, 0xf0, 0x7b, 0x11, 0x84, 0x72, 0x8c,
    0x72, 0x8c, 0x72, 0x8c, 0x10, 0x7c, 0xcf, 0x73, 0x10, 0x84, 0xcf, 0x7b,
    0xcf, 0x73, 0xcf, 0x73, 0xcf, 0x7b, 0xcf, 0x7b, 0xaf, 0x73, 0xcf, 0x73,
    0xcf, 0x73, 0xd0, 0x7b, 0xf0, 0x7b, 0xd0, 0x7b, 0xd0, 0x7b, 0xf0, 0x7b,
    0x10, 0x7c, 0xf0, 0x7b, 0xf0, 0x7b, 0x11, 0x84, 0x72, 0x8c, 0x52, 0x8c,
    0x31, 0x84, 0x93, 0x8c, 0x93, 0x8c, 0x72, 0x8c, 0x52, 0x84, 0x11, 0x84,
    0x11, 0x7c, 0x31, 0x84, 0x52, 0x8c, 0x12, 0x84, 0xf1, 0x7b, 0xf0, 0x7b,
    0xf1, 0x7b, 0xf0, 0x7b, 0x6e, 0x6b, 0x0d, 0x63, 0x0c, 0x5b, 0xec, 0x5a,
    0x0c, 0x63, 0x6e, 0x6b, 0x8e, 0x73, 0x6e, 0x6b, 0x2d, 0x63, 0xec, 0x5a,
    0x8a, 0x52, 0x49, 0x4a, 0x29, 0x42, 0xc7, 0x39, 0xe8, 0x41, 0xe8, 0x39,
    0x45, 0x29, 0x66, 0x29, 0x66, 0x29, 0x66, 0x31, 0x66, 0x29, 0x66, 0x29,
    0xa7, 0x31, 0xe7, 0x39, 0xa7, 0x31, 0x04, 0x21, 0xe4, 0x18, 0xe3, 0x18,
    0xe4, 0x18, 0xc4, 0x18, 0xc3, 0x18, 0x04, 0x19, 0x45, 0x29, 0x45, 0x29,
    0x45, 0x21, 0x45, 0x21, 0x04, 0x21, 0xe4, 0x18, 0x04, 0x21, 0x45, 0x21,
    0x45, 0x29, 0x04, 0x21, 0xe4, 0x18, 0x04, 0x21, 0x25, 0x21, 0x25, 0x29,
    0x45, 0x29, 0x04, 0x21, 0xa3, 0x18, 0x82, 0x10, 0x82, 0x10, 0xa2, 0x10,
    0xa3, 0x18, 0xa3, 0x10, 0xa2, 0x10, 0xa2, 0x18, 0xa2, 0x10, 0x82, 0x10,
    0x82, 0x10, 0x82, 0x10, 0x82, 0x10, 0x41, 0x08, 0x61, 0x08, 0x41, 0x08,
    0x41, 0x08, 0x61, 0x10, 0x61, 0x10, 0x61, 0x08, 0x61, 0x10, 0x81, 0x08,
    0x61, 0x10, 0x61, 0x10, 0x61, 0x08, 0x61, 0x10, 0x61, 0x10, 0x61, 0x08,
    0x61, 0x08, 0x61, 0x10, 0x61, 0x08, 0x61, 0x08, 0x62, 0x10, 0x61, 0x10,
    0x61, 0x08, 0x61, 0x10, 0x62, 0x10, 0x81, 0x10, 0x82, 0x10, 0x82, 0x10,
    0x81, 0x10, 0x82, 0x10, 0x82, 0x10, 0x81, 0x10, 0x82, 0x10, 0x82, 0x10,
    0x81, 0x10, 0x82, 0x10, 0x82, 0x10, 0x82, 0x10, 0x81, 0x10, 0x82, 0x10,
    0x82, 0x10, 0x81, 0x10, 0x82, 0x10, 0x82, 0x10, 0x81, 0x10, 0x82, 0x10,
    0xa2, 0x10, 0xa2, 0x18, 0x82, 0x10, 0x82, 0x10, 0xa2, 0x10, 0xa2, 0x18,
    0xa3, 0x10, 0x82, 0x10, 0xa2, 0x18, 0xa3, 0x18, 0xa2, 0x10, 0xa2, 0x10,
    0x82, 0x18, 0xa2, 0x10, 0xa2, 0x10, 0x82, 0x10, 0x04, 0x21, 0xc7, 0x31,
    0xc7, 0x39, 0x45, 0x29, 0x86, 0x29, 0xa7, 0x31, 0x25, 0x21, 0x66, 0x29,
    0xa7, 0x39, 0xa7, 0x31, 0xa6, 0x31, 0xa7, 0x31, 0x29, 0x42, 0xab, 0x52,
    0x6a, 0x4a, 0x6a, 0x4a, 0x8a, 0x52, 0x6a, 0x4a, 0x49, 0x4a, 0x29, 0x42,
    0x08, 0x3a, 0xc7, 0x31, 0xa7, 0x31, 0xc7, 0x39, 0x29, 0x42, 0xab, 0x52,
    0xcb, 0x5a, 0x29, 0x42, 0x6a, 0x4a, 0x0c, 0x63, 0x8e, 0x6b, 0x8f, 0x73,
    0x0c, 0x5b, 0x4e, 0x6b, 0x6e, 0x6b, 0xaf, 0x73, 0xaf, 0x73, 0xd0, 0x73,
    0xd0, 0x7b, 0xaf, 0x6b, 0x6e, 0x6b, 0x8e, 0x6b, 0x2d, 0x63, 0xab, 0x52,
    0x8a, 0x4a, 0x8b, 0x52, 0xcb, 0x52, 0xcc, 0x5a, 0xec, 0x5a, 0x0d, 0x63,
    0xcf, 0x7b, 0x72, 0x8c, 0xf4, 0x9c, 0x56, 0xa5, 0x35, 0xa5, 0x35, 0xa5,
    0x56, 0xa5, 0x15, 0xa5, 0xb3, 0x94, 0x72, 0x8c, 0x72, 0x8c, 0x31, 0x84,
    0xd0, 0x7b, 0xf0, 0x7b, 0xaf, 0x73, 0xb0, 0x73, 0xd0, 0x73, 0x52, 0x84,
    0xb3, 0x94, 0xf4, 0x9c, 0x15, 0xa5, 0x76, 0xad, 0xb7, 0xb5, 0x35, 0xa5,
    0xd4, 0x9c, 0x93, 0x94, 0xf4, 0x9c, 0xf4, 0x9c, 0xf4, 0x9c, 0xec, 0x5a,
    0x8a, 0x4a, 0xe8, 0x39, 0xc7, 0x39, 0x08, 0x42, 0xc7, 0x39, 0xc3, 0x18,
    0xc3, 0x10, 0x25, 0x21, 0x49, 0x4a, 0xec, 0x5a, 0xcc, 0x52, 0xab, 0x52,
    0x28, 0x42, 0x08, 0x42, 0xe8, 0x39, 0x29, 0x42, 0x29, 0x42, 0x6a, 0x4a,
    0xab, 0x52, 0xaf, 0x73, 0x31, 0x7c, 0x31, 0x84, 0x52, 0x84, 0x52, 0x84,
    0x52, 0x84, 0x72, 0x8c, 0x31, 0x84, 0x31, 0x84, 0x72, 0x8c, 0x52, 0x84,
    0x31, 0x84, 0x52, 0x84, 0xb3, 0x94, 0xd3, 0x9c, 0x93, 0x94, 0xb3, 0x94,
    0xf4, 0x9c, 0xf4, 0x9c, 0x15, 0xa5, 0x15, 0xa5, 0xf4, 0x9c, 0x15, 0x9d,
    0x14, 0xa5, 0x14, 0x9d, 0x14, 0x9d, 0x14, 0x9d, 0x14, 0x9d, 0x14, 0x9d,
    0x14, 0x9d, 0x14, 0x9d, 0x14, 0x9d, 0x14, 0x9d, 0xf4, 0x9c, 0xd3, 0x94,
    0xd4, 0x9c, 0xf4, 0x9c, 0xf4, 0x9c, 0xf4, 0x9c, 0xf4, 0x9c, 0xd4, 0x9c,
    0xb4, 0x94, 0xd4, 0x94, 0xd4, 0x9c, 0xd4, 0x9c, 0xb3, 0x94, 0x51, 0x8c,
    0x31, 0x84, 0x30, 0x84, 0x10, 0x84, 0x31, 0x84, 0x30, 0x84, 0x31, 0x84,
    0x10, 0x7c, 0xcf, 0x73, 0x4e, 0x6b, 0x8e, 0x6b, 0xd0, 0x7b, 0xf0, 0x7b,
    0x51, 0x84, 0x72, 0x8c, 0x51, 0x8c, 0x72, 0x8c, 0xd0, 0x7b, 0xcf, 0x73,
    0xf0, 0x7b, 0xaf, 0x73, 0xae, 0x73, 0x8e, 0x73, 0xaf, 0x73, 0x6e, 0x6b,
    0x4d, 0x6b, 0x6d, 0x6b, 0x4d, 0x63, 0x2d, 0x6b, 0x0c, 0x63, 0xec, 0x5a,
    0x0c, 0x63, 0x8f, 0x73, 0xf0, 0x7b, 0x10, 0x7c, 0x10, 0x7c, 0x31, 0x84,
    0x72, 0x8c, 0x72, 0x8c, 0x92, 0x8c, 0xb3, 0x94, 0x52, 0x8c, 0x31, 0x84,
    0x11, 0x84, 0xf0, 0x7b, 0xd0, 0x7b, 0x31, 0x84, 0x11, 0x84, 0x11, 0x84,
    0x11, 0x7c, 0xf0, 0x7b, 0xd0, 0x7b, 0xec, 0x5a, 0xcb, 0x52, 0xec, 0x5a,
    0xab, 0x52, 0xcb, 0x52, 0x2d, 0x63, 0x4d, 0x63, 0x6e, 0x6b, 0x2c, 0x63,
    0xec, 0x5a, 0xec, 0x62, 0x8a, 0x52, 0x08, 0x42, 0x08, 0x42, 0xe8, 0x39,
    0x08, 0x42, 0x86, 0x31, 0x04, 0x21, 0x45, 0x21, 0x66, 0x29, 0x66, 0x31,
    0x66, 0x29, 0x86, 0x31, 0xa7, 0x31, 0x86, 0x31, 0x65, 0x29, 0x04, 0x19,
    0xe4, 0x18, 0xe4, 0x18, 0x04, 0x21, 0xe4, 0x18, 0xe4, 0x18, 0x04, 0x21,
    0x25, 0x21, 0x04, 0x21, 0x04, 0x21, 0x04, 0x21, 0xe4, 0x18, 0xe4, 0x18,
    0x25, 0x21, 0x45, 0x29, 0x45, 0x29, 0x24, 0x21, 0x04, 0x21, 0x45, 0x29,
    0x45, 0x29, 0x45, 0x29, 0x04, 0x21, 0xa3, 0x10, 0x82, 0x10, 0x82, 0x10,
    0x82, 0x10, 0x82, 0x10, 0xa2, 0x10, 0xa2, 0x10, 0xa3, 0x10, 0x82, 0x10,
    0xa2, 0x10, 0x82, 0x10, 0xa2, 0x10, 0x82, 0x10, 0xa2, 0x10, 0x41, 0x08,
    0x61, 0x08, 0x61, 0x08, 0x40, 0x08, 0x61, 0x08, 0x61, 0x08, 0x61, 0x10,
    0x61, 0x10, 0x81, 0x08, 0x81, 0x08, 0x61, 0x10, 0x61, 0x08, 0x61, 0x08,
    0x61, 0x08, 0x61, 0x08, 0x61, 0x10, 0x61, 0x08, 0x61, 0x10, 0x61, 0x08,
    0x61, 0x10, 0x62, 0x08, 0x61, 0x10, 0x61, 0x08, 0x62, 0x10, 0x61, 0x10,
    0x82, 0x10, 0x82, 0x08, 0x81, 0x10, 0x82, 0x10, 0x82, 0x08, 0x81, 0x10,
    0x82, 0x10, 0x82, 0x10, 0x81, 0x10, 0x81, 0x10, 0xa2, 0x10, 0x82, 0x10,
    0xa2, 0x10, 0x82, 0x10, 0xa2, 0x10, 0x82, 0x10, 0x81, 0x10, 0xa2, 0x10,
    0x82, 0x10, 0x82, 0x18, 0xa2, 0x10, 0xa2, 0x18, 0xa2, 0x18, 0xa2, 0x10,
    0xa2, 0x18, 0xa2, 0x18, 0xa3, 0x10, 0xa2, 0x10, 0xa3, 0x18, 0xa2, 0x10,
    0xa2, 0x10, 0xa2, 0x10, 0xa2, 0x10, 0x82, 0x18, 0x83, 0x10, 0xa3, 0x18,
    0x24, 0x21, 0xe7, 0x39, 0x86, 0x31, 0x24, 0x21, 0x45, 0x29, 0x86, 0x31,
    0x45, 0x29, 0xa6, 0x31, 0xa7, 0x31, 0x86, 0x31, 0x86, 0x31, 0xa7, 0x31,
    0xe8, 0x41, 0x8a, 0x52, 0x49, 0x4a, 0x49, 0x4a, 0x6a, 0x4a, 0x49, 0x4a,
    0x29, 0x42, 0x08, 0x42, 0xc7, 0x39, 0x66, 0x29, 0x86, 0x31, 0xc7, 0x39,
    0x08, 0x42, 0x8a, 0x52, 0x8a, 0x52, 0x6a, 0x4a, 0x49, 0x4a, 0xcc, 0x5a,
    0x2d, 0x63, 0x6e, 0x6b, 0xec, 0x5a, 0x2d, 0x63, 0x4d, 0x63, 0x8e, 0x6b,
    0x8f, 0x73, 0xd0, 0x73, 0xd0, 0x7b, 0x8e, 0x6b, 0x6e, 0x6b, 0x8f, 0x73,
    0x8f, 0x73, 0x0d, 0x63, 0xab, 0x52, 0xab, 0x52, 0xec, 0x5a, 0x4d, 0x63,
    0xf0, 0x7b, 0x72, 0x8c, 0x72, 0x8c, 0xb3, 0x94, 0xd3, 0x94, 0xb3, 0x94,
    0xb3, 0x94, 0xf4, 0x9c, 0x35, 0xa5, 0x35, 0xa5, 0xd4, 0x9c, 0x92, 0x94,
    0x10, 0x7c, 0xf0, 0x7b, 0x31, 0x84, 0x11, 0x84, 0xd0, 0x73, 0xf0, 0x7b,
    0x52, 0x8c, 0xd4, 0x9c, 0xf4, 0x9c, 0x14, 0x9d, 0x15, 0xa5, 0x96, 0xad,
    0x96, 0xb5, 0x35, 0xa5, 0xf4, 0x9c, 0x93, 0x94, 0xb3, 0x94, 0xb4, 0x94,
    0xf4, 0x9c, 0x8e, 0x73, 0x6a, 0x4a, 0x86, 0x31, 0x65, 0x29, 0x25, 0x21,
    0xe4, 0x18, 0xc4, 0x18, 0xe3, 0x18, 0x04, 0x21, 0xe8, 0x39, 0x8a, 0x52,
    0xcc, 0x52, 0xcc, 0x52, 0x49, 0x42, 0xe8, 0x39, 0xa7, 0x31, 0xa7, 0x31,
    0xa7, 0x31, 0xe8, 0x39, 0xab, 0x52, 0xd0, 0x73, 0x11, 0x7c, 0x11, 0x7c,
    0x31, 0x84, 0x31, 0x7c, 0x11, 0x7c, 0x52, 0x84, 0x52, 0x8c, 0x72, 0x84,
    0x72, 0x8c, 0x31, 0x84, 0x10, 0x7c, 0x51, 0x84, 0x93, 0x8c, 0x93, 0x94,
    0x92, 0x8c, 0xb3, 0x94, 0xd4, 0x9c, 0xd4, 0x9c, 0xf4, 0x9c, 0xd4, 0x9c,
    0xf4, 0x9c, 0xf4, 0x9c, 0xf4, 0x9c, 0x14, 0x9d, 0xf4, 0x9c, 0xf4, 0x9c,
    0xf4, 0x9c, 0xf4, 0x9c, 0xf4, 0x9c, 0xf4, 0x9c, 0xf4, 0xa4, 0xf4, 0x9c,
    0xf4, 0x9c, 0xd3, 0x94, 0xd3, 0x94, 0xd3, 0x9c, 0xd3, 0x94, 0xd3, 0x94,
    0xd3, 0x9c, 0xd4, 0x9c, 0xb3, 0x94, 0xb3, 0x94, 0xb3, 0x94, 0xd4, 0x94,
    0xb3, 0x94, 0x72, 0x8c, 0x72, 0x8c, 0x52, 0x84, 0x10, 0x7c, 0xef, 0x7b,
    0xcf, 0x7b, 0xf0, 0x7b, 0x8e, 0x6b, 0x2d, 0x63, 0x2d, 0x63, 0x6e, 0x6b,
    0xcf, 0x73, 0xcf, 0x73, 0x10, 0x84, 0x51, 0x84, 0x31, 0x84, 0x72, 0x8c,
    0xf0, 0x7b, 0x10, 0x84, 0xae, 0x73, 0x4e, 0x6b, 0x6e, 0x6b, 0x8e, 0x6b,
    0x2d, 0x63, 0xec, 0x5a, 0xec, 0x5a, 0x0d, 0x63, 0x0c, 0x63, 0x2d, 0x63,
    0xec, 0x5a, 0xab, 0x52, 0xaa, 0x52, 0xeb, 0x5a, 0x4d, 0x63, 0x8e, 0x73,
    0xaf, 0x73, 0x31, 0x84, 0x72, 0x8c, 0x92, 0x8c, 0xb3, 0x94, 0x72, 0x8c,
    0x11, 0x84, 0xf0, 0x7b, 0x10, 0x7c, 0xd0, 0x73, 0x8f, 0x73, 0xd0, 0x73,
    0xaf, 0x73, 0x8f, 0x73, 0x8e, 0x6b, 0x4d, 0x63, 0x0c, 0x5b, 0xab, 0x52,
    0x8b, 0x52, 0xec, 0x5a, 0xeb, 0x5a, 0x0c, 0x5b, 0x2d, 0x63, 0x2c, 0x63,
    0x4d, 0x6b, 0x0c, 0x5b, 0xec, 0x5a, 0x2d, 0x63, 0x8a, 0x4a, 0x08, 0x42,
    0xe8, 0x39, 0xe8, 0x39, 0x28, 0x42, 0x25, 0x21, 0x25, 0x21, 0x45, 0x29,
    0x86, 0x31, 0x86, 0x31, 0x65, 0x29, 0x65, 0x29, 0x65, 0x29, 0x45, 0x29,
    0x45, 0x29, 0xe4, 0x18, 0xe4, 0x18, 0xe4, 0x20, 0x04, 0x21, 0x04, 0x21,
    0xe4, 0x18, 0x04, 0x21, 0x04, 0x21, 0xe4, 0x18, 0x45, 0x29, 0x04, 0x21,
    0xe4, 0x18, 0x04, 0x21, 0x25, 0x21, 0x25, 0x21, 0x25, 0x29, 0x45, 0x29,
    0x66, 0x29, 0xa6, 0x31, 0x66, 0x29, 0xe4, 0x18, 0xa2, 0x10, 0xa2, 0x10,
    0x82, 0x10, 0xa2, 0x10, 0x82, 0x10, 0x82, 0x10, 0xa3, 0x18, 0xa2, 0x10,
    0xa2, 0x10, 0xa3, 0x18, 0xa2, 0x10, 0xa2, 0x10, 0x82, 0x10, 0xa2, 0x10,
    0xa2, 0x10, 0x41, 0x08, 0x41, 0x08, 0x41, 0x08, 0x60, 0x08, 0x61, 0x08,
    0x61, 0x08, 0x61, 0x10, 0x61, 0x10, 0x61, 0x10, 0x61, 0x10, 0x61, 0x10,
    0x61, 0x08, 0x61, 0x10, 0x61, 0x10, 0x61, 0x08, 0x61, 0x08, 0x61, 0x10,
    0x61, 0x10, 0x61, 0x08, 0x61, 0x08, 0x61, 0x10, 0x61, 0x08, 0x61, 0x08,
    0x62, 0x10, 0x81, 0x08, 0x81, 0x10, 0x61, 0x10, 0x62, 0x08, 0x61, 0x10,
    0x82, 0x10, 0x81, 0x10, 0x82, 0x10, 0x82, 0x10, 0x82, 0x10, 0xa2, 0x10,
    0x82, 0x10, 0x81, 0x10, 0x81, 0x10, 0x81, 0x10, 0x82, 0x10, 0xa2, 0x10,
    0x82, 0x10, 0xa2, 0x10, 0xa2, 0x10, 0x82, 0x10, 0xa2, 0x18, 0xa2, 0x10,
    0xa2, 0x10, 0xa2, 0x10, 0x82, 0x10, 0xa3, 0x18, 0xa2, 0x18, 0xa2, 0x10,
    0xa2, 0x10, 0x82, 0x18, 0xa2, 0x18, 0x82, 0x10, 0x82, 0x10, 0xa2, 0x10,
    0x82, 0x10, 0xa3, 0x18, 0x45, 0x29, 0x08, 0x42, 0xa7, 0x31, 0x25, 0x21,
    0x04, 0x21, 0x66, 0x29, 0x86, 0x31, 0xa7, 0x31, 0xa7, 0x31, 0x66, 0x29,
    0x65, 0x29, 0xa6, 0x31, 0xa7, 0x31, 0x29, 0x42, 0x28, 0x42, 0x08, 0x42,
    0x29, 0x4a, 0x29, 0x42, 0xe8, 0x39, 0xe7, 0x39, 0x86, 0x31, 0xa7, 0x31,
    0xa7, 0x31, 0xc7, 0x39, 0x29, 0x42, 0x6a, 0x4a, 0xab, 0x52, 0x8a, 0x52,
    0x6a, 0x4a, 0xcb, 0x5a, 0x0c, 0x63, 0x4d, 0x63, 0xec, 0x5a, 0xec, 0x5a,
    0x4d, 0x63, 0x6e, 0x6b, 0x6e, 0x6b, 0xaf, 0x73, 0xcf, 0x73, 0x6e, 0x6b,
    0x4e, 0x63, 0x6e, 0x6b, 0x6e, 0x6b, 0x6e, 0x6b, 0x0c, 0x5b, 0xec, 0x5a,
    0xaf, 0x73, 0x51, 0x84, 0x52, 0x84, 0x52, 0x84, 0x31, 0x84, 0x31, 0x84,
    0x72, 0x8c, 0x92, 0x94, 0x93, 0x94, 0x15, 0x9d, 0xf4, 0x9c, 0x15, 0xa5,
    0x35, 0xa5, 0xd4, 0x9c, 0x11, 0x84, 0x10, 0x7c, 0x72, 0x8c, 0x31, 0x84,
    0x31, 0x84, 0x72, 0x8c, 0xd4, 0x9c, 0x14, 0xa5, 0x35, 0xa5, 0x55, 0xa5,
    0x96, 0xb5, 0x97, 0xb5, 0xb7, 0xb5, 0xb7, 0xb5, 0x76, 0xad, 0xf4, 0x9c,
    0x72, 0x8c, 0x93, 0x8c, 0xd4, 0x9c, 0x11, 0x84, 0x29, 0x42, 0xe4, 0x20,
    0xc3, 0x18, 0xc3, 0x18, 0xc3, 0x18, 0xc3, 0x18, 0x25, 0x21, 0x25, 0x21,
    0x66, 0x29, 0x29, 0x42, 0x4e, 0x6b, 0x8f, 0x6b, 0x4e, 0x6b, 0x49, 0x42,
    0x87, 0x31, 0x86, 0x31, 0xa7, 0x31, 0xa7, 0x31, 0xab, 0x52, 0x8e, 0x6b,
    0xaf, 0x73, 0xaf, 0x73, 0x11, 0x7c, 0x11, 0x7c, 0x31, 0x84, 0x72, 0x8c,
    0x72, 0x8c, 0x51, 0x84, 0x93, 0x8c, 0x52, 0x84, 0x11, 0x7c, 0x51, 0x84,
    0x93, 0x94, 0xb3, 0x94, 0xb3, 0x94, 0xd4, 0x94, 0xd3, 0x94, 0xd4, 0x94,
    0xd4, 0x94, 0xb3, 0x94, 0xd4, 0x9c, 0xd3, 0x94, 0xd3, 0x94, 0xf3, 0x9c,
    0xf4, 0x9c, 0x14, 0xa5, 0xf3, 0x9c, 0xf3, 0x9c, 0xf3, 0x9c, 0xf4, 0x9c,
    0xf4, 0x9c, 0xf4, 0x9c, 0xf3, 0x9c, 0xd3, 0x9c, 0xd3, 0x94, 0xd3, 0x94,
    0xb3, 0x94, 0xd3, 0x94, 0xd3, 0x94, 0xb4, 0x94, 0xb4, 0x94, 0x93, 0x94,
    0x93, 0x8c, 0x93, 0x94, 0x93, 0x94, 0xb3, 0x94, 0xb3, 0x94, 0x93, 0x94,
    0x51, 0x84, 0x10, 0x7c, 0xcf, 0x7b, 0xcf, 0x7b, 0x4d, 0x63, 0x2c, 0x63,
    0x2d, 0x63, 0x4d, 0x6b, 0x8e, 0x73, 0xcf, 0x73, 0x31, 0x84, 0x30, 0x84,
    0xf0, 0x7b, 0x72, 0x8c, 0x31, 0x84, 0xf0, 0x7b, 0x6d, 0x6b, 0xec, 0x5a,
    0x2d, 0x63, 0x4d, 0x6b, 0xec, 0x5a, 0xcb, 0x5a, 0xcb, 0x5a, 0xcb, 0x5a,
    0xec, 0x5a, 0x2d, 0x63, 0xec, 0x5a, 0xec, 0x5a, 0x0c, 0x63, 0x2c, 0x63,
    0x4d, 0x6b, 0x4e, 0x6b, 0x6e, 0x6b, 0xcf, 0x73, 0x51, 0x84, 0x52, 0x8c,
    0x31, 0x84, 0xd0, 0x7b, 0x6e, 0x6b, 0x8e, 0x6b, 0xcf, 0x73, 0xaf, 0x73,
    0x4e, 0x6b, 0x0d, 0x63, 0xec, 0x5a, 0xec, 0x5a, 0x0d, 0x63, 0xec, 0x5a,
    0xec, 0x5a, 0xab, 0x52, 0x8a, 0x4a, 0xab, 0x52, 0x0c, 0x63, 0x4d, 0x63,
    0x2d, 0x63, 0x0c, 0x63, 0x2d, 0x63, 0xcb, 0x5a, 0xec, 0x5a, 0x4e, 0x6b,
    0x49, 0x4a, 0x28, 0x42, 0xc7, 0x39, 0xe8, 0x39, 0xe8, 0x41, 0x25, 0x21,
    0x25, 0x21, 0x45, 0x29, 0x45, 0x29, 0x65, 0x29, 0x45, 0x29, 0x25, 0x21,
    0x25, 0x29, 0x46, 0x29, 0x45, 0x29, 0xe4, 0x18, 0xe4, 0x18, 0xe3, 0x18,
    0xe3, 0x18, 0xe4, 0x18, 0xe4, 0x18, 0xe4, 0x18, 0xe4, 0x18, 0x24, 0x21,
    0x45, 0x29, 0x25, 0x21, 0x04, 0x21, 0x04, 0x21, 0x04, 0x21, 0x04, 0x21,
    0x04, 0x21, 0x45, 0x21, 0x66, 0x29, 0x25, 0x21, 0xc3, 0x18, 0xa2, 0x10,
    0xa2, 0x10, 0xa3, 0x18, 0x82, 0x10, 0xa2, 0x10, 0xa2, 0x10, 0x82, 0x10,
    0xa3, 0x10, 0xa2, 0x18, 0xa3, 0x10, 0xa3, 0x10, 0xa3, 0x10, 0xa3, 0x10,
    0xa3, 0x10, 0xa2, 0x10, 0xa3, 0x10, 0x41, 0x08, 0x41, 0x08, 0x61, 0x08,
    0x41, 0x08, 0x61, 0x10, 0x61, 0x10, 0x61, 0x08, 0x61, 0x10, 0x61, 0x08,
    0x61, 0x10, 0x61, 0x10, 0x61, 0x10, 0x41, 0x08, 0x41, 0x10, 0x61, 0x10,
    0x61, 0x08, 0x61, 0x08, 0x61, 0x08, 0x61, 0x08, 0x61, 0x10, 0x62, 0x10,
    0x82, 0x10, 0x61, 0x10, 0x61, 0x08, 0x62, 0x10, 0x82, 0x10, 0x61, 0x10,
    0x81, 0x10, 0x82, 0x08, 0x82, 0x10, 0x81, 0x10, 0x82, 0x10, 0x82, 0x10,
    0x82, 0x10, 0x82, 0x10, 0x82, 0x10, 0x82, 0x10, 0x82, 0x10, 0x82, 0x10,
    0xa2, 0x10, 0xa2, 0x10, 0x82, 0x10, 0x81, 0x10, 0xa2, 0x10, 0x82, 0x10,
    0xa2, 0x18, 0xa2, 0x10, 0x82, 0x10, 0xa2, 0x18, 0xa3, 0x18, 0xa3, 0x10,
    0xa2, 0x10, 0xa2, 0x18, 0x82, 0x10, 0xa3, 0x10, 0xa2, 0x18, 0x82, 0x10,
    0xa2, 0x10, 0xa2, 0x10, 0x82, 0x10, 0xa2, 0x10, 0x86, 0x31, 0x49, 0x4a,
    0xe8, 0x39, 0x66, 0x29, 0x25, 0x21, 0x45, 0x29, 0x66, 0x29, 0xa7, 0x31,
    0xa6, 0x31, 0x04, 0x21, 0x45, 0x29, 0x86, 0x31, 0x86, 0x31, 0xc8, 0x39,
    0xe8, 0x39, 0xe8, 0x39, 0x08, 0x42, 0xe7, 0x39, 0xa7, 0x31, 0x66, 0x31,
    0x66, 0x29, 0xc7, 0x39, 0xc7, 0x39, 0xc7, 0x39, 0x29, 0x42, 0x49, 0x4a,
    0xab, 0x52, 0xab, 0x52, 0x8a, 0x4a, 0xcc, 0x5a, 0x2d, 0x63, 0x4d, 0x63,
    0x2d, 0x63, 0xec, 0x5a, 0x2d, 0x63, 0x4d, 0x6b, 0x6e, 0x6b, 0x8f, 0x73,
    0xaf, 0x73, 0x4e, 0x6b, 0x4d, 0x63, 0x6e, 0x6b, 0x4e, 0x6b, 0x4d, 0x6b,
    0x4d, 0x63, 0x11, 0x84, 0x92, 0x8c, 0x51, 0x84, 0x11, 0x7c, 0x31, 0x84,
    0xf0, 0x7b, 0x52, 0x84, 0xb3, 0x94, 0xb3, 0x94, 0xb3, 0x94, 0x35, 0xa5,
    0x14, 0xa5, 0x55, 0xa5, 0x55, 0xa5, 0x14, 0x9d, 0x93, 0x94, 0x72, 0x8c,
    0xb3, 0x94, 0xd3, 0x94, 0xf4, 0x9c, 0x14, 0xa5, 0x55, 0xa5, 0x96, 0xad,
    0xb7, 0xb5, 0xb7, 0xb5, 0xf8, 0xbd, 0xd8, 0xbd, 0xb7, 0xb5, 0xb7, 0xb5,
    0xb7, 0xb5, 0x56, 0xad, 0x92, 0x8c, 0x52, 0x84, 0x51, 0x8c, 0x10, 0x7c,
    0xe8, 0x39, 0xe4, 0x18, 0xe4, 0x18, 0xc3, 0x18, 0xc3, 0x18, 0xe3, 0x18,
    0x25, 0x21, 0x04, 0x21, 0x04, 0x21, 0xcc, 0x5a, 0xaf, 0x73, 0x4d, 0x63,
    0x2d, 0x63, 0xec, 0x5a, 0xc7, 0x31, 0x46, 0x29, 0x87, 0x31, 0x86, 0x31,
    0x6a, 0x4a, 0xec, 0x5a, 0xaf, 0x73, 0x8f, 0x6b, 0xf0, 0x7b, 0x11, 0x7c,
    0x52, 0x84, 0x52, 0x84, 0x72, 0x8c, 0x72, 0x8c, 0xb3, 0x94, 0x92, 0x8c,
    0x31, 0x84, 0x51, 0x84, 0xb3, 0x94, 0xd3, 0x94, 0xd3, 0x9c, 0xb4, 0x94,
    0xb3, 0x94, 0xd4, 0x9c, 0xd3, 0x94, 0xb3, 0x94, 0x93, 0x94, 0xb3, 0x94,
    0xb3, 0x94, 0xd3, 0x9c, 0xf4, 0x9c, 0xf4, 0x9c, 0x14, 0x9d, 0xf4, 0x9c,
    0xf4, 0x9c, 0xf3, 0x9c, 0xf3, 0x9c, 0xf3, 0x9c, 0xd3, 0x94, 0xb3, 0x94,
    0xd3, 0x94, 0xb3, 0x94, 0xb3, 0x94, 0xb3, 0x94, 0xb3, 0x94, 0xb3, 0x94,
    0xb3, 0x94, 0x72, 0x8c, 0x72, 0x8c, 0x52, 0x8c, 0x72, 0x8c, 0x72, 0x8c,
    0x73, 0x8c, 0x72, 0x8c, 0x52, 0x8c, 0x31, 0x84, 0xcf, 0x7b, 0x8f, 0x73,
    0x6e, 0x6b, 0x2d, 0x63, 0xec, 0x5a, 0x0c, 0x63, 0xaf, 0x73, 0xcf, 0x7b,
    0x31, 0x84, 0xf0, 0x7b, 0xf0, 0x7b, 0x51, 0x84, 0xf0, 0x7b, 0x4e, 0x6b,
    0x4d, 0x63, 0xeb, 0x5a, 0x2c, 0x63, 0x0c, 0x63, 0x0c, 0x63, 0xec, 0x5a,
    0xec, 0x5a, 0xab, 0x52, 0xeb, 0x5a, 0x0c, 0x63, 0xec, 0x5a, 0x2c, 0x63,
    0x4d, 0x6b, 0x6e, 0x6b, 0x6e, 0x6b, 0x6d, 0x6b, 0x6d, 0x6b, 0x4e, 0x6b,
    0xaf, 0x73, 0xcf, 0x73, 0x8f, 0x73, 0x2d, 0x63, 0x2d, 0x63, 0x8e, 0x6b,
    0xcf, 0x7b, 0x4d, 0x6b, 0xec, 0x5a, 0x6a, 0x4a, 0x8a, 0x52, 0xab, 0x52,
    0xab, 0x52, 0xab, 0x52, 0xab, 0x52, 0x8b, 0x52, 0xab, 0x52, 0xec, 0x5a,
    0x0c, 0x63, 0x4d, 0x63, 0x0d, 0x63, 0x0c, 0x5b, 0x2d, 0x63, 0xcc, 0x5a,
    0x2d, 0x63, 0x4e, 0x6b, 0x6a, 0x4a, 0x8a, 0x4a, 0xe8, 0x39, 0x29, 0x42,
    0xc7, 0x39, 0x45, 0x29, 0x45, 0x29, 0x25, 0x21, 0x25, 0x21, 0x45, 0x29,
    0x45, 0x29, 0x25, 0x21, 0x45, 0x29, 0x66, 0x29, 0x25, 0x21, 0xe3, 0x18,
    0xe4, 0x20, 0xc3, 0x18, 0xc3, 0x18, 0xc3, 0x18, 0xe3, 0x18, 0xe4, 0x18,
    0x25, 0x21, 0x65, 0x29, 0x65, 0x29, 0x45, 0x21, 0x05, 0x21, 0x04, 0x21,
    0x04, 0x19, 0x04, 0x19, 0xc3, 0x18, 0xc3, 0x18, 0xe3, 0x18, 0xc3, 0x18,
    0xa3, 0x10, 0xa2, 0x10, 0xa3, 0x18, 0xa3, 0x18, 0xa3, 0x18, 0xa3, 0x10,
    0xa2, 0x10, 0xa2, 0x10, 0xa3, 0x18, 0xa3, 0x18, 0xa3, 0x10, 0xa2, 0x10,
    0xa2, 0x10, 0xa3, 0x10, 0xa2, 0x10, 0xa3, 0x10, 0xa3, 0x10, 0x61, 0x08,
    0x61, 0x08, 0x41, 0x08, 0x40, 0x08, 0x61, 0x08, 0x61, 0x08, 0x61, 0x10,
    0x61, 0x08, 0x61, 0x10, 0x41, 0x08, 0x61, 0x08, 0x61, 0x10, 0x61, 0x08,
    0x41, 0x08, 0x41, 0x10, 0x61, 0x08, 0x61, 0x08, 0x61, 0x10, 0x61, 0x10,
    0x61, 0x08, 0x61, 0x08, 0x62, 0x10, 0x61, 0x10, 0x61, 0x08, 0x61, 0x08,
    0x62, 0x10, 0x82, 0x10, 0x61, 0x10, 0x62, 0x10, 0x81, 0x08, 0x81, 0x10,
    0x82, 0x10, 0x81, 0x10, 0x81, 0x10, 0xa2, 0x10, 0x81, 0x10, 0xa2, 0x10,
    0xa2, 0x10, 0xa2, 0x10, 0x82, 0x10, 0xa2, 0x10, 0x82, 0x10, 0x82, 0x10,
    0xa2, 0x10, 0x82, 0x10, 0x82, 0x10, 0xa2, 0x10, 0xa2, 0x18, 0xa2, 0x10,
    0xa2, 0x18, 0xa2, 0x10, 0xa2, 0x10, 0xa2, 0x18, 0xa2, 0x10, 0xa2, 0x10,
    0xa2, 0x18, 0x82, 0x10, 0xa2, 0x10, 0xa2, 0x18, 0x82, 0x10, 0xa2, 0x10,
    0x86, 0x31, 0x49, 0x42, 0x49, 0x4a, 0xa7, 0x31, 0x45, 0x29, 0x25, 0x21,
    0x65, 0x29, 0xc7, 0x39, 0x86, 0x31, 0x25, 0x21, 0x46, 0x29, 0x66, 0x31,
    0x66, 0x29, 0x86, 0x31, 0xc7, 0x39, 0xc7, 0x39, 0x86, 0x31, 0x66, 0x29,
    0x45, 0x29, 0x04, 0x21, 0x66, 0x29, 0xe8, 0x39, 0xc7, 0x39, 0xc7, 0x39,
    0x29, 0x42, 0x49, 0x42, 0xaa, 0x52, 0xcb, 0x52, 0xab, 0x52, 0xec, 0x5a,
    0x2d, 0x63, 0x2d, 0x63, 0x6e, 0x6b, 0x2d, 0x63, 0x2d, 0x63, 0x2d, 0x63,
    0x6e, 0x6b, 0x8f, 0x6b, 0x8f, 0x73, 0x6e, 0x6b, 0x4e, 0x6b, 0x4d, 0x63,
    0x4d, 0x63, 0x2d, 0x63, 0xaf, 0x73, 0xb3, 0x94, 0x31, 0x84, 0xf0, 0x7b,
    0x31, 0x84, 0xf0, 0x7b, 0xf0, 0x7b, 0x72, 0x8c, 0x72, 0x8c, 0x92, 0x8c,
    0xf4, 0x9c, 0x55, 0xad, 0x55, 0xa5, 0x55, 0xad, 0x55, 0xa5, 0x55, 0xa5,
    0x35, 0xa5, 0x35, 0xa5, 0x55, 0xad, 0x96, 0xad, 0x76, 0xad, 0xb7, 0xb5,
    0xd8, 0xbd, 0xf8, 0xbd, 0xf8, 0xbd, 0xf8, 0xbd, 0x18, 0xc6, 0x19, 0xc6,
    0x18, 0xc6, 0xd7, 0xbd, 0x97, 0xad, 0x97, 0xad, 0xf4, 0x9c, 0x52, 0x8c,
    0x11, 0x84, 0xcf, 0x73, 0x8a, 0x4a, 0xcb, 0x5a, 0xcb, 0x52, 0x09, 0x42,
    0x45, 0x29, 0xe4, 0x18, 0xe4, 0x18, 0x04, 0x21, 0x08, 0x3a, 0x6e, 0x6b,
    0x4d, 0x63, 0x6e, 0x6b, 0x2d, 0x63, 0xec, 0x5a, 0x29, 0x42, 0x66, 0x29,
    0x87, 0x31, 0x86, 0x31, 0x29, 0x42, 0xec, 0x5a, 0x8f, 0x6b, 0x8f, 0x6b,
    0xcf, 0x73, 0xf0, 0x7b, 0x51, 0x84, 0x31, 0x84, 0x52, 0x84, 0x72, 0x8c,
    0x92, 0x94, 0x72, 0x8c, 0x51, 0x84, 0x72, 0x8c, 0x93, 0x94, 0xb3, 0x94,
    0xb3, 0x94, 0xb3, 0x94, 0xb4, 0x94, 0xb3, 0x94, 0xb4, 0x9c, 0xb3, 0x94,
    0xb3, 0x94, 0x92, 0x94, 0x92, 0x94, 0xd3, 0x94, 0xf4, 0x9c, 0x14, 0x9d,
    0xf4, 0x9c, 0xf3, 0x9c, 0xf4, 0x9c, 0xf4, 0x9c, 0xf3, 0x9c, 0xf4, 0x9c,
    0xb3, 0x94, 0x92, 0x94, 0xb3, 0x94, 0xb3, 0x94, 0xb2, 0x94, 0xb3, 0x94,
    0xb3, 0x94, 0x93, 0x94, 0x92, 0x8c, 0x51, 0x8c, 0x52, 0x8c, 0x31, 0x84,
    0x31, 0x84, 0x52, 0x84, 0x52, 0x84, 0x52, 0x84, 0x52, 0x8c, 0x73, 0x8c,
    0x31, 0x84, 0xcf, 0x73, 0xcf, 0x7b, 0xcf, 0x73, 0x4d, 0x63, 0x4d, 0x63,
    0xaf, 0x73, 0xef, 0x7b, 0x10, 0x7c, 0xcf, 0x7b, 0xcf, 0x7b, 0xcf, 0x73,
    0x6e, 0x6b, 0x4d, 0x63, 0x4d, 0x63, 0x2c, 0x63, 0x0d, 0x63, 0x0c, 0x63,
    0x2d, 0x63, 0x2d, 0x63, 0x0c, 0x63, 0xcb, 0x5a, 0xec, 0x5a, 0x0c, 0x63,
    0x0c, 0x63, 0x4d, 0x6b, 0x6e, 0x6b, 0x4d, 0x6b, 0x0c, 0x63, 0x0c, 0x63,
    0x4d, 0x63, 0x2d, 0x63, 0x2d, 0x63, 0x2d, 0x63, 0x6d, 0x6b, 0x2d, 0x63,
    0x4d, 0x63, 0x6e, 0x6b, 0x2d, 0x63, 0xec, 0x5a, 0xab, 0x52, 0x69, 0x4a,
    0xab, 0x52, 0xcb, 0x5a, 0xab, 0x52, 0x6a, 0x52, 0x8b, 0x52, 0xaa, 0x52,
    0xab, 0x52, 0x2d, 0x63, 0x8e, 0x6b, 0x4e, 0x6b, 0x4e, 0x63, 0x4d, 0x63,
    0x2d, 0x63, 0x2d, 0x63, 0x6e, 0x6b, 0x2d, 0x63, 0xaa, 0x52, 0x6a, 0x52,
    0xe8, 0x39, 0x08, 0x42, 0x86, 0x31, 0x45, 0x29, 0x45, 0x29, 0x25, 0x21,
    0x25, 0x21, 0x45, 0x29, 0x46, 0x29, 0x66, 0x29, 0x45, 0x29, 0x86, 0x31,
    0x25, 0x21, 0xc3, 0x18, 0xe4, 0x18, 0xe4, 0x18, 0xc3, 0x18, 0xc3, 0x18,
    0xe3, 0x18, 0xe4, 0x18, 0x45, 0x29, 0x65, 0x29, 0x65, 0x29, 0x25, 0x21,
    0x04, 0x21, 0xe4, 0x18, 0xe3, 0x18, 0xe3, 0x18, 0xc3, 0x18, 0xa3, 0x10,
    0xa2, 0x10, 0xa2, 0x10, 0xa3, 0x10, 0xa3, 0x18, 0xa2, 0x18, 0xa3, 0x18,
    0xa2, 0x10, 0xa3, 0x18, 0xa3, 0x18, 0xa2, 0x10, 0xa3, 0x10, 0xc3, 0x18,
    0xc2, 0x10, 0xc3, 0x18, 0xc3, 0x18, 0xc2, 0x18, 0xa3, 0x18, 0xa2, 0x10,
    0xc3, 0x18, 0x41, 0x08, 0x41, 0x08, 0x61, 0x08, 0x60, 0x08, 0x41, 0x08,
    0x61, 0x08, 0x61, 0x08, 0x61, 0x10, 0x41, 0x10, 0x41, 0x08, 0x61, 0x08,
    0x61, 0x10, 0x61, 0x08, 0x61, 0x10, 0x41, 0x08, 0x61, 0x08, 0x61, 0x08,
    0x61, 0x08, 0x61, 0x08, 0x61, 0x08, 0x61, 0x08, 0x61, 0x08, 0x61, 0x10,
    0x82, 0x10, 0x61, 0x08, 0x61, 0x08, 0x61, 0x08, 0x61, 0x08, 0x62, 0x10,
    0x61, 0x10, 0x82, 0x08, 0x61, 0x10, 0x81, 0x08, 0x82, 0x10, 0x82, 0x10,
    0x82, 0x10, 0x81, 0x10, 0x82, 0x10, 0x81, 0x10, 0xa2, 0x10, 0x82, 0x10,
    0xa2, 0x10, 0xa2, 0x10, 0x82, 0x10, 0xa2, 0x10, 0x82, 0x10, 0xa2, 0x10,
    0xa2, 0x18, 0x82, 0x10, 0xa2, 0x10, 0x82, 0x18, 0x82, 0x10, 0x82, 0x10,
    0x82, 0x10, 0x82, 0x10, 0xa2, 0x18, 0x82, 0x10, 0xa2, 0x10, 0xa2, 0x10,
    0x82, 0x10, 0xa2, 0x10, 0x86, 0x31, 0x49, 0x4a, 0x6a, 0x4a, 0xe8, 0x39,
    0xa6, 0x31, 0x66, 0x29, 0x86, 0x31, 0xc7, 0x39, 0x66, 0x29, 0x66, 0x29,
    0x45, 0x29, 0x86, 0x31, 0x66, 0x29, 0x86, 0x29, 0xc7, 0x39, 0xc7, 0x39,
    0x66, 0x29, 0x66, 0x29, 0x25, 0x21, 0xe4, 0x18, 0x45, 0x29, 0xe8, 0x39,
    0xc7, 0x39, 0xc7, 0x39, 0x29, 0x42, 0x49, 0x42, 0xcb, 0x52, 0x0c, 0x5b,
    0xec, 0x5a, 0xec, 0x5a, 0x4d, 0x63, 0x4d, 0x63, 0x8f, 0x73, 0xaf, 0x73,
    0x4d, 0x63, 0x2d, 0x63, 0x4e, 0x6b, 0x6f, 0x6b, 0xaf, 0x73, 0xaf, 0x73,
    0x6e, 0x6b, 0x4e, 0x6b, 0x2d, 0x63, 0x8e, 0x6b, 0xb3, 0x94, 0x72, 0x8c,
    0xf0, 0x7b, 0xf0, 0x7b, 0x51, 0x84, 0x11, 0x7c, 0x31, 0x84, 0x31, 0x84,
    0x72, 0x84, 0xd4, 0x94, 0x15, 0xa5, 0x55, 0xa5, 0x76, 0xad, 0x76, 0xad,
    0x76, 0xad, 0x76, 0xad, 0x97, 0xb5, 0xb7, 0xb5, 0xd7, 0xbd, 0xf8, 0xbd,
    0xf8, 0xbd, 0xf8, 0xbd, 0xf8, 0xbd, 0x18, 0xc6, 0xf8, 0xc5, 0xf8, 0xbd,
    0x19, 0xc6, 0x19, 0xc6, 0x18, 0xc6, 0x97, 0xb5, 0x35, 0xa5, 0x76, 0xad,
    0x14, 0xa5, 0xb3, 0x94, 0x52, 0x84, 0x6f, 0x6b, 0xcc, 0x5a, 0xed, 0x5a,
    0xec, 0x5a, 0xab, 0x52, 0x4a, 0x42, 0xe8, 0x39, 0xa7, 0x31, 0xc8, 0x39,
    0xcc, 0x5a, 0x2d, 0x63, 0x0c, 0x5b, 0x0d, 0x63, 0xec, 0x5a, 0xec, 0x5a,
    0x29, 0x42, 0x29, 0x42, 0xe8, 0x39, 0x29, 0x42, 0x6a, 0x4a, 0x0c, 0x5b,
    0x8f, 0x6b, 0xaf, 0x73, 0xcf, 0x73, 0xf0, 0x7b, 0x31, 0x84, 0x10, 0x7c,
    0x31, 0x84, 0x72, 0x84, 0x72, 0x8c, 0x72, 0x8c, 0x72, 0x84, 0x72, 0x8c,
    0x72, 0x8c, 0x93, 0x8c, 0x93, 0x94, 0xb3, 0x94, 0xb3, 0x94, 0xb3, 0x94,
    0xb3, 0x94, 0xb3, 0x94, 0xb3, 0x94, 0x93, 0x94, 0xb3, 0x94, 0xd3, 0x9c,
    0xf4, 0x9c, 0xf4, 0x9c, 0xf3, 0x9c, 0xf4, 0x9c, 0xf3, 0x9c, 0xf4, 0x9c,
    0xd4, 0x9c, 0xd3, 0x9c, 0xb3, 0x94, 0xb2, 0x94, 0xb3, 0x94, 0xb2, 0x94,
    0x93, 0x94, 0x92, 0x94, 0x93, 0x94, 0x92, 0x94, 0x72, 0x8c, 0x51, 0x84,
    0x51, 0x84, 0x10, 0x7c, 0x10, 0x84, 0x31, 0x84, 0x52, 0x84, 0x31, 0x84,
    0x11, 0x7c, 0x72, 0x8c, 0x52, 0x84, 0xcf, 0x73, 0xf0, 0x7b, 0x10, 0x7c,
    0xcf, 0x7b, 0xcf, 0x73, 0xaf, 0x73, 0xcf, 0x7b, 0xcf, 0x7b, 0x8e, 0x73,
    0x2d, 0x63, 0x8f, 0x73, 0x6e, 0x6b, 0x8e, 0x6b, 0x6e, 0x6b, 0x2c, 0x63,
    0x0d, 0x63, 0xec, 0x62, 0x0c, 0x63, 0x0c, 0x63, 0x2d, 0x63, 0x0c, 0x63,
    0xcb, 0x5a, 0xcb, 0x52, 0x0d, 0x63, 0x8e, 0x73, 0xaf, 0x73, 0x6e, 0x6b,
    0x6e, 0x6b, 0x4d, 0x6b, 0x2d, 0x63, 0x2d, 0x63, 0x4d, 0x6b, 0x4d, 0x6b,
    0x8e, 0x6b, 0x4d, 0x6b, 0x2c, 0x63, 0xec, 0x5a, 0xcb, 0x52, 0x8a, 0x52,
    0xab, 0x52, 0x8a, 0x52, 0xcb, 0x5a, 0xeb, 0x5a, 0xab, 0x52, 0x8a, 0x52,
    0x8a, 0x52, 0xab, 0x5a, 0x0c, 0x5b, 0x6e, 0x6b, 0xaf, 0x73, 0x4e, 0x6b,
    0x2d, 0x63, 0x2d, 0x63, 0x0d, 0x63, 0x8f, 0x73, 0xaf, 0x73, 0x4d, 0x6b,
    0xec, 0x5a, 0x28, 0x42, 0xe8, 0x39, 0xe8, 0x39, 0x45, 0x29, 0x45, 0x29,
    0x45, 0x29, 0x45, 0x29, 0x45, 0x21, 0x65, 0x29, 0x86, 0x29, 0x86, 0x29,
    0x45, 0x29, 0xa6, 0x31, 0x45, 0x29, 0xe4, 0x18, 0xe4, 0x18, 0x04, 0x21,
    0xe4, 0x18, 0xc3, 0x18, 0xc3, 0x18, 0x04, 0x21, 0x45, 0x29, 0x45, 0x29,
    0x45, 0x29, 0x04, 0x21, 0xe3, 0x18, 0xc3, 0x18, 0xc3, 0x18, 0xc3, 0x18,
    0xa3, 0x10, 0xc2, 0x10, 0xa3, 0x10, 0xa2, 0x18, 0xa2, 0x18, 0xa3, 0x10,
    0xa3, 0x18, 0xa2, 0x10, 0xa3, 0x18, 0xa2, 0x18, 0xa3, 0x18, 0xa3, 0x18,
    0xa2, 0x18, 0xc3, 0x10, 0xa2, 0x10, 0xa3, 0x18, 0xc3, 0x10, 0xa3, 0x10,
    0xc2, 0x10, 0xc3, 0x18, 0xa3, 0x10, 0x61, 0x08, 0x41, 0x08, 0x61, 0x08,
    0x61, 0x10, 0x40, 0x08, 0x41, 0x08, 0x41, 0x08, 0x61, 0x08, 0x61, 0x08,
    0x61, 0x10, 0x61, 0x08, 0x61, 0x10, 0x61, 0x10, 0x61, 0x08, 0x41, 0x10,
    0x61, 0x08, 0x61, 0x08, 0x41, 0x08, 0x61, 0x08, 0x61, 0x10, 0x61, 0x08,
    0x61, 0x10, 0x61, 0x08, 0x61, 0x08, 0x61, 0x10, 0x61, 0x10, 0x61, 0x08,
    0x62, 0x10, 0x61, 0x10, 0x61, 0x08, 0x62, 0x10, 0x61, 0x08, 0x61, 0x10,
    0x82, 0x10, 0x81, 0x08, 0x82, 0x10, 0x82, 0x10, 0x81, 0x10, 0x82, 0x10,
    0x82, 0x10, 0x81, 0x10, 0xa2, 0x10, 0x81, 0x10, 0x82, 0x18, 0x81, 0x10,
    0xa2, 0x10, 0x82, 0x10, 0x82, 0x10, 0x82, 0x10, 0xa2, 0x10, 0xa2, 0x10,
    0x82, 0x10, 0xa2, 0x10, 0x82, 0x10, 0xa2, 0x10, 0x82, 0x10, 0x82, 0x10,
    0x82, 0x10, 0xa2, 0x10, 0x82, 0x10, 0xa2, 0x10, 0x25, 0x29, 0x08, 0x42,
    0x4a, 0x4a, 0x29, 0x42, 0xe8, 0x41, 0xe8, 0x39, 0xe7, 0x39, 0xa7, 0x31,
    0x66, 0x29, 0x86, 0x31, 0x25, 0x21, 0xa6, 0x31, 0x86, 0x29, 0x86, 0x31,
    0xa7, 0x31, 0x86, 0x29, 0x45, 0x29, 0x45, 0x29, 0x24, 0x21, 0x04, 0x21,
    0x04, 0x21, 0xa7, 0x31, 0xa7, 0x31, 0xe8, 0x39, 0x49, 0x4a, 0x6a, 0x4a,
    0xec, 0x5a, 0x2d, 0x63, 0xec, 0x5a, 0x0c, 0x5b, 0x6e, 0x6b, 0x4d, 0x63,
    0x6e, 0x6b, 0xcf, 0x73, 0x6e, 0x6b, 0x4e, 0x6b, 0x6e, 0x6b, 0x8f, 0x6b,
    0xb0, 0x73, 0xaf, 0x73, 0xaf, 0x73, 0x8f, 0x73, 0x8f, 0x6b, 0x93, 0x94,
    0x93, 0x94, 0xf0, 0x7b, 0xd0, 0x7b, 0xf0, 0x7b, 0x52, 0x84, 0x31, 0x84,
    0x31, 0x84, 0x51, 0x84, 0xf4, 0x9c, 0x15, 0x9d, 0x35, 0xa5, 0x76, 0xad,
    0x96, 0xad, 0xb7, 0xb5, 0x97, 0xb5, 0x76, 0xad, 0x76, 0xad, 0x96, 0xad,
    0xd7, 0xb5, 0x18, 0xbe, 0x19, 0xc6, 0xf8, 0xbd, 0xf8, 0xc5, 0x19, 0xc6,
    0xf8, 0xbd, 0xd8, 0xbd, 0xd7, 0xb5, 0xb7, 0xbd, 0x96, 0xad, 0x14, 0x9d,
    0xf4, 0x9c, 0x76, 0xad, 0xf4, 0x9c, 0x15, 0xa5, 0x11, 0x84, 0x4a, 0x4a,
    0xe9, 0x39, 0xcc, 0x52, 0xec, 0x5a, 0x0d, 0x5b, 0x0c, 0x5b, 0xec, 0x5a,
    0xab, 0x52, 0xcb, 0x52, 0xcb, 0x52, 0x8b, 0x52, 0xab, 0x52, 0x8a, 0x4a,
    0x29, 0x42, 0x49, 0x42, 0x8a, 0x4a, 0x2d, 0x63, 0xcb, 0x5a, 0xeb, 0x5a,
    0x4d, 0x6b, 0x8f, 0x6b, 0x8e, 0x6b, 0xaf, 0x73, 0xcf, 0x73, 0xf0, 0x7b,
    0xf0, 0x7b, 0xcf, 0x73, 0x10, 0x7c, 0x52, 0x84, 0x72, 0x8c, 0x72, 0x8c,
    0x72, 0x8c, 0x72, 0x8c, 0x72, 0x8c, 0x52, 0x8c, 0x52, 0x8c, 0x92, 0x94,
    0xb3, 0x94, 0xb3, 0x94, 0xb3, 0x94, 0x93, 0x94, 0xb3, 0x94, 0xb3, 0x94,
    0xb3, 0x94, 0xf4, 0x9c, 0x14, 0x9d, 0xf4, 0x9c, 0xf3, 0x9c, 0xf4, 0x9c,
    0xd3, 0x9c, 0xd3, 0x9c, 0xf3, 0x9c, 0xd3, 0x94, 0xb3, 0x94, 0xb2, 0x94,
    0xb3, 0x94, 0xb3, 0x94, 0x92, 0x8c, 0x92, 0x8c, 0x72, 0x8c, 0x72, 0x8c,
    0x52, 0x8c, 0x51, 0x8c, 0x11, 0x84, 0xcf, 0x7b, 0x10, 0x7c, 0x11, 0x84,
    0x31, 0x84, 0x11, 0x84, 0xd0, 0x73, 0xf0, 0x7b, 0x31, 0x84, 0x10, 0x7c,
    0x10, 0x7c, 0xf0, 0x7b, 0xf0, 0x7b, 0xd0, 0x7b, 0xef, 0x7b, 0xaf, 0x73,
    0xaf, 0x73, 0x2d, 0x63, 0x0c, 0x63, 0x8e, 0x73, 0xaf, 0x73, 0xaf, 0x73,
    0x6e, 0x6b, 0x0c, 0x63, 0xec, 0x5a, 0x0c, 0x63, 0xab, 0x52, 0xcb, 0x5a,
    0x0c, 0x63, 0x2d, 0x63, 0xab, 0x52, 0x8a, 0x52, 0xec, 0x5a, 0x8e, 0x73,
    0xcf, 0x7b, 0x8e, 0x73, 0xaf, 0x73, 0x8e, 0x73, 0x6d, 0x6b, 0x4d, 0x6b,
    0x2d, 0x63, 0x0c, 0x63, 0x0c, 0x63, 0x0c, 0x63, 0xcb, 0x5a, 0xab, 0x52,
    0x8a, 0x52, 0x8a, 0x52, 0xcb, 0x5a, 0xcc, 0x5a, 0xcb, 0x5a, 0xec, 0x5a,
    0xab, 0x52, 0xaa, 0x52, 0x6a, 0x4a, 0x8b, 0x52, 0xcc, 0x5a, 0x4e, 0x6b,
    0x4d, 0x63, 0x0c, 0x63, 0x0d, 0x63, 0x2d, 0x63, 0x0d, 0x5b, 0x4e, 0x6b,
    0x6e, 0x6b, 0x4e, 0x6b, 0xec, 0x5a, 0xe7, 0x39, 0xe7, 0x39, 0x65, 0x29,
    0x25, 0x21, 0x45, 0x29, 0x45, 0x29, 0x46, 0x29, 0x45, 0x29, 0x66, 0x29,
    0x86, 0x31, 0x86, 0x31, 0x66, 0x29, 0x86, 0x31, 0x65, 0x29, 0xe4, 0x20,
    0xe4, 0x18, 0xe4, 0x18, 0xe4, 0x18, 0xe4, 0x18, 0x04, 0x21, 0x04, 0x21,
    0x05, 0x21, 0x45, 0x29, 0x45, 0x29, 0x04, 0x21, 0xc3, 0x18, 0xc3, 0x18,
    0xc3, 0x18, 0xa2, 0x10, 0xa2, 0x10, 0xa3, 0x18, 0xa3, 0x10, 0xc3, 0x10,
    0xa2, 0x18, 0xc3, 0x18, 0xa2, 0x10, 0xc3, 0x18, 0xa3, 0x10, 0xc3, 0x18,
    0xc3, 0x10, 0xc3, 0x18, 0xc3, 0x18, 0xa2, 0x10, 0xa3, 0x10, 0xc2, 0x10,
    0xa2, 0x10, 0xa2, 0x10, 0xa3, 0x10, 0xc3, 0x18, 0xe3, 0x18, 0x61, 0x08,
    0x41, 0x08, 0x41, 0x08, 0x61, 0x08, 0x61, 0x10, 0x40, 0x08, 0x61, 0x08,
    0x61, 0x08, 0x61, 0x10, 0x61, 0x10, 0x61, 0x08, 0x61, 0x08, 0x41, 0x10,
    0x41, 0x08, 0x61, 0x10, 0x61, 0x08, 0x61, 0x10, 0x41, 0x08, 0x61, 0x08,
    0x41, 0x08, 0x61, 0x08, 0x61, 0x08, 0x61, 0x08, 0x61, 0x08, 0x62, 0x10,
    0x61, 0x08, 0x61, 0x10, 0x62, 0x10, 0x61, 0x08, 0x81, 0x10, 0x62, 0x10,
    0x61, 0x08, 0x82, 0x10, 0x61, 0x10, 0x61, 0x10, 0x81, 0x10, 0x82, 0x10,
    0x82, 0x10, 0x81, 0x10, 0x82, 0x10, 0x82, 0x10, 0x81, 0x10, 0x82, 0x10,
    0x82, 0x10, 0xa2, 0x10, 0x81, 0x10, 0x82, 0x10, 0x82, 0x10, 0x82, 0x10,
    0xa2, 0x10, 0xa2, 0x10, 0x82, 0x10, 0x82, 0x10, 0xa2, 0x10, 0xa2, 0x10,
    0x82, 0x10, 0xa2, 0x10, 0xa2, 0x10, 0xa2, 0x18, 0x82, 0x10, 0x82, 0x10,
    0xe4, 0x18, 0xa7, 0x31, 0x08, 0x42, 0x08, 0x42, 0x08, 0x42, 0x08, 0x42,
    0xe8, 0x39, 0xc7, 0x39, 0xa7, 0x31, 0x45, 0x29, 0x24, 0x21, 0xa7, 0x31,
    0xa7, 0x39, 0xe8, 0x39, 0xa7, 0x31, 0x45, 0x29, 0x25, 0x21, 0x25, 0x21,
    0x25, 0x21, 0x24, 0x21, 0x25, 0x21, 0x86, 0x31, 0xa6, 0x31, 0x08, 0x42,
    0x49, 0x4a, 0xaa, 0x4a, 0x2d, 0x63, 0x4e, 0x6b, 0x0d, 0x63, 0x4d, 0x6b,
    0xaf, 0x73, 0x4e, 0x6b, 0x8f, 0x73, 0xb0, 0x7b, 0xaf, 0x73, 0x6e, 0x6b,
    0x8f, 0x73, 0x8f, 0x73, 0xb0, 0x73, 0xd0, 0x73, 0xcf, 0x73, 0xaf, 0x73,
    0x51, 0x84, 0x72, 0x8c, 0x31, 0x84, 0xd0, 0x73, 0xcf, 0x73, 0xf0, 0x7b,
    0x52, 0x84, 0x31, 0x84, 0x31, 0x84, 0x51, 0x84, 0xf4, 0x9c, 0x35, 0xa5,
    0x55, 0xad, 0x76, 0xad, 0x76, 0xad, 0x55, 0xa5, 0x35, 0xa5, 0x76, 0xad,
    0x56, 0xad, 0x56, 0xad, 0xd7, 0xb5, 0x19, 0xc6, 0x19, 0xc6, 0xf8, 0xc5,
    0x18, 0xbe, 0xf8, 0xbd, 0xf8, 0xbd, 0xd8, 0xbd, 0x76, 0xad, 0x76, 0xad,
    0x35, 0xa5, 0xf4, 0x9c, 0x14, 0x9d, 0x76, 0xad, 0x72, 0x8c, 0xf4, 0x9c,
    0x31, 0x84, 0xe5, 0x49, 0x6a, 0x4a, 0x6e, 0x6b, 0xaf, 0x73, 0x8e, 0x6b,
    0x8f, 0x73, 0x6e, 0x6b, 0x2d, 0x63, 0x2d, 0x63, 0x6a, 0x4a, 0xab, 0x52,
    0xab, 0x52, 0x29, 0x42, 0xc7, 0x39, 0xe8, 0x39, 0xcb, 0x5a, 0x0c, 0x5b,
    0xec, 0x5a, 0x2d, 0x63, 0x6e, 0x6b, 0xaf, 0x73, 0xaf, 0x73, 0x8f, 0x6b,
    0xaf, 0x73, 0xf0, 0x7b, 0xf0, 0x7b, 0xcf, 0x73, 0xd0, 0x7b, 0x10, 0x7c,
    0x51, 0x84, 0x52, 0x84, 0x52, 0x84, 0x92, 0x8c, 0x92, 0x8c, 0x93, 0x8c,
    0x72, 0x8c, 0x52, 0x8c, 0x93, 0x8c, 0x93, 0x94, 0xb2, 0x94, 0xb2, 0x94,
    0xb3, 0x94, 0xb3, 0x94, 0xd3, 0x94, 0xd4, 0x9c, 0xf4, 0x9c, 0xf3, 0x9c,
    0xf4, 0x9c, 0xf4, 0x9c, 0xd3, 0x94, 0xd3, 0x94, 0xf3, 0x9c, 0xd3, 0x94,
    0xb3, 0x94, 0xb2, 0x94, 0xd3, 0x94, 0xb3, 0x94, 0x92, 0x8c, 0x71, 0x8c,
    0x72, 0x8c, 0x51, 0x84, 0x51, 0x84, 0x31, 0x84, 0xf0, 0x7b, 0xaf, 0x73,
    0xf0, 0x7b, 0xf0, 0x7b, 0x10, 0x7c, 0xd0, 0x7b, 0x8f, 0x6b, 0x8e, 0x73,
    0xf0, 0x7b, 0xd0, 0x7b, 0xf0, 0x7b, 0xcf, 0x7b, 0xf0, 0x7b, 0xd0, 0x7b,
    0xae, 0x73, 0x2d, 0x63, 0x8e, 0x73, 0x0c, 0x63, 0xec, 0x5a, 0x8e, 0x6b,
    0xaf, 0x73, 0xaf, 0x73, 0x6e, 0x6b, 0x0c, 0x63, 0xab, 0x52, 0xeb, 0x5a,
    0xab, 0x52, 0x8a, 0x52, 0x0c, 0x5b, 0x2d, 0x63, 0xab, 0x5a, 0xcb, 0x5a,
    0x0c, 0x63, 0x8e, 0x73, 0x8e, 0x73, 0x8e, 0x73, 0xaf, 0x73, 0x2d, 0x63,
    0xab, 0x5a, 0x8a, 0x52, 0xcb, 0x5a, 0xcc, 0x5a, 0xcb, 0x52, 0x8a, 0x52,
    0x49, 0x4a, 0x8b, 0x52, 0xab, 0x52, 0x8a, 0x52, 0xec, 0x5a, 0xab, 0x52,
    0xcb, 0x5a, 0xec, 0x5a, 0xeb, 0x5a, 0xab, 0x52, 0xab, 0x52, 0xab, 0x52,
    0x8a, 0x52, 0xcc, 0x5a, 0xcb, 0x5a, 0x2d, 0x63, 0x4e, 0x6b, 0x4e, 0x6b,
    0x0c, 0x5b, 0x0c, 0x5b, 0x4e, 0x6b, 0x0c, 0x63, 0x6a, 0x4a, 0xe8, 0x41,
    0xc7, 0x39, 0x45, 0x29, 0x45, 0x29, 0x66, 0x29, 0x66, 0x29, 0x66, 0x29,
    0x45, 0x29, 0x66, 0x29, 0xa7, 0x39, 0xa7, 0x31, 0x66, 0x29, 0xa7, 0x31,
    0x66, 0x31, 0x24, 0x21, 0xe3, 0x18, 0xe4, 0x18, 0xe4, 0x20, 0x04, 0x21,
    0x04, 0x21, 0x25, 0x21, 0x45, 0x21, 0x65, 0x29, 0x65, 0x29, 0x04, 0x19,
    0xe3, 0x18, 0xc3, 0x18, 0xc3, 0x10, 0xc3, 0x10, 0xa2, 0x10, 0xa2, 0x18,
    0xc3, 0x10, 0xc3, 0x10, 0xc3, 0x18, 0xa2, 0x18, 0xc3, 0x10, 0xa3, 0x10,
    0xa2, 0x18, 0xa2, 0x10, 0xc3, 0x18, 0xa3, 0x18, 0xc3, 0x10, 0xc3, 0x10,
    0xc3, 0x18, 0xc3, 0x18, 0xc3, 0x18, 0xc3, 0x18, 0xc3, 0x18, 0xe3, 0x18,
    0xa2, 0x18, 0x41, 0x08, 0x41, 0x08, 0x40, 0x08, 0x60, 0x08, 0x41, 0x08,
    0x61, 0x08, 0x61, 0x10, 0x60, 0x08, 0x61, 0x08, 0x61, 0x08, 0x61, 0x10,
    0x61, 0x08, 0x61, 0x08, 0x61, 0x10, 0x61, 0x08, 0x61, 0x08, 0x61, 0x08,
    0x61, 0x10, 0x61, 0x08, 0x61, 0x08, 0x41, 0x10, 0x61, 0x10, 0x61, 0x10,
    0x61, 0x08, 0x61, 0x08, 0x61, 0x08, 0x61, 0x08, 0x61, 0x08, 0x61, 0x08,
    0x61, 0x10, 0x61, 0x08, 0x61, 0x08, 0x62, 0x10, 0x61, 0x08, 0x82, 0x10,
    0x82, 0x10, 0x81, 0x10, 0x82, 0x10, 0x82, 0x10, 0x81, 0x10, 0x82, 0x10,
    0x82, 0x10, 0x82, 0x10, 0x82, 0x10, 0x82, 0x10, 0x82, 0x10, 0x82, 0x10,
    0xa2, 0x10, 0x82, 0x10, 0x82, 0x10, 0x82, 0x10, 0x82, 0x10, 0x82, 0x10,
    0x82, 0x10, 0x82, 0x10, 0x81, 0x10, 0x82, 0x10, 0xa2, 0x10, 0x82, 0x10,
    0xa2, 0x10, 0xa2, 0x10, 0xc3, 0x18, 0x66, 0x29, 0x08, 0x42, 0x08, 0x42,
    0x08, 0x42, 0x29, 0x42, 0xe8, 0x39, 0xc7, 0x39, 0xa7, 0x31, 0x25, 0x21,
    0x25, 0x29, 0xc7, 0x39, 0xe8, 0x39, 0x08, 0x42, 0xa7, 0x31, 0x45, 0x29,
    0x25, 0x21, 0x25, 0x29, 0x25, 0x21, 0x45, 0x29, 0x66, 0x29, 0x87, 0x31,
    0xa6, 0x31, 0x29, 0x42, 0x6a, 0x4a, 0xeb, 0x5a, 0x4e, 0x6b, 0x6e, 0x6b,
    0x4e, 0x63, 0x6e, 0x6b, 0xb0, 0x73, 0x8f, 0x73, 0xf1, 0x7b, 0xf0, 0x7b,
    0xf0, 0x7b, 0xf0, 0x7b, 0xd0, 0x7b, 0xaf, 0x73, 0xd0, 0x73, 0xf0, 0x7b,
    0xd0, 0x7b, 0xf0, 0x7b, 0x72, 0x8c, 0x31, 0x84, 0xcf, 0x73, 0xaf, 0x73,
    0xaf, 0x73, 0xf0, 0x7b, 0x52, 0x84, 0x11, 0x7c, 0x31, 0x84, 0x72, 0x8c,
    0x55, 0xa5, 0x55, 0xad, 0x55, 0xa5, 0x56, 0xa5, 0x55, 0xad, 0xf4, 0x9c,
    0xf4, 0x9c, 0x14, 0xa5, 0x35, 0xa5, 0x76, 0xad, 0xb7, 0xb5, 0xf8, 0xbd,
    0x18, 0xc6, 0x18, 0xbe, 0x18, 0xc6, 0xf8, 0xbd, 0xf8, 0xbd, 0xb7, 0xb5,
    0x56, 0xad, 0x35, 0xa5, 0x35, 0xa5, 0x35, 0xa5, 0x35, 0xa5, 0x35, 0xa5,
    0x10, 0x84, 0x72, 0x8c, 0x15, 0xa5, 0x8e, 0x7b, 0x4d, 0x6b, 0x31, 0x84,
    0x93, 0x94, 0x93, 0x94, 0x51, 0x84, 0xd0, 0x73, 0x6e, 0x6b, 0x2d, 0x63,
    0xec, 0x5a, 0xcb, 0x52, 0x8a, 0x4a, 0xe8, 0x39, 0xc7, 0x39, 0x6a, 0x4a,
    0x6a, 0x4a, 0x6a, 0x4a, 0xab, 0x52, 0xcc, 0x52, 0xec, 0x5a, 0x0d, 0x63,
    0x6e, 0x6b, 0xaf, 0x73, 0xcf, 0x73, 0xf0, 0x7b, 0xf0, 0x7b, 0x4e, 0x6b,
    0x6e, 0x6b, 0xd0, 0x7b, 0x31, 0x84, 0x31, 0x84, 0x31, 0x7c, 0x72, 0x8c,
    0x93, 0x94, 0x93, 0x94, 0x92, 0x8c, 0x72, 0x8c, 0x72, 0x8c, 0x93, 0x94,
    0xb3, 0x94, 0xb3, 0x94, 0xb3, 0x94, 0xb3, 0x94, 0xd3, 0x94, 0xd3, 0x9c,
    0xf4, 0x9c, 0xf4, 0x9c, 0xf3, 0x9c, 0xd3, 0x9c, 0xd3, 0x94, 0xd3, 0x94,
    0xd3, 0x94, 0xb3, 0x94, 0xb3, 0x94, 0xb3, 0x94, 0xd3, 0x94, 0xb3, 0x94,
    0x92, 0x94, 0x72, 0x8c, 0x93, 0x94, 0x72, 0x8c, 0x31, 0x84, 0x10, 0x7c,
    0xcf, 0x73, 0xcf, 0x73, 0xf0, 0x7b, 0xf0, 0x7b, 0x10, 0x7c, 0xaf, 0x73,
    0x8e, 0x6b, 0x4d, 0x6b, 0x8e, 0x73, 0xcf, 0x73, 0xaf, 0x73, 0x6e, 0x6b,
    0xae, 0x73, 0xaf, 0x73, 0x4d, 0x6b, 0x0c, 0x63, 0x6e, 0x6b, 0x0c, 0x63,
    0x0c, 0x5b, 0x4d, 0x6b, 0x6e, 0x6b, 0x8e, 0x73, 0x6e, 0x6b, 0xcb, 0x52,
    0xaa, 0x52, 0xcb, 0x5a, 0x0c, 0x63, 0xec, 0x5a, 0xcb, 0x5a, 0xec, 0x5a,
    0xec, 0x5a, 0xeb, 0x5a, 0x4d, 0x6b, 0xaf, 0x73, 0x8e, 0x6b, 0xaf, 0x73,
    0x6d, 0x6b, 0xec, 0x62, 0xab, 0x52, 0xcb, 0x52, 0xab, 0x52, 0x8a, 0x4a,
    0x8a, 0x52, 0x6a, 0x4a, 0x6a, 0x4a, 0xab, 0x52, 0xcb, 0x5a, 0xcb, 0x5a,
    0xec, 0x5a, 0xcb, 0x5a, 0xcb, 0x5a, 0xab, 0x52, 0x8a, 0x52, 0x49, 0x4a,
    0x29, 0x42, 0x49, 0x4a, 0xab, 0x52, 0xec, 0x5a, 0x0c, 0x5b, 0x2d, 0x63,
    0x4e, 0x63, 0x6e, 0x6b, 0x0c, 0x5b, 0x0c, 0x5b, 0x0c, 0x5b, 0xcb, 0x5a,
    0xe8, 0x39, 0xe7, 0x39, 0x66, 0x29, 0x66, 0x29, 0x66, 0x29, 0x66, 0x29,
    0x66, 0x29, 0x65, 0x29, 0x45, 0x29, 0xa6, 0x31, 0xc7, 0x39, 0xc7, 0x31,
    0x86, 0x31, 0xa7, 0x31, 0x66, 0x29, 0x24, 0x21, 0xe3, 0x18, 0xe4, 0x18,
    0x04, 0x21, 0x25, 0x21, 0x25, 0x21, 0x45, 0x29, 0x66, 0x29, 0x86, 0x31,
    0x66, 0x29, 0x24, 0x21, 0x04, 0x21, 0xe4, 0x18, 0xc3, 0x18, 0xc3, 0x10,
    0xa3, 0x18, 0xc2, 0x10, 0xa2, 0x18, 0xa3, 0x18, 0xc3, 0x18, 0xa2, 0x18,
    0xc3, 0x18, 0xa2, 0x10, 0xa2, 0x10, 0xc3, 0x10, 0xc3, 0x18, 0xc2, 0x10,
    0xc3, 0x18, 0xc3, 0x18, 0xa2, 0x18, 0xc3, 0x18, 0xa3, 0x10, 0xa3, 0x10,
    0xa2, 0x18, 0xa2, 0x10, 0x82, 0x10, 0x41, 0x08, 0x41, 0x08, 0x41, 0x08,
    0x60, 0x08, 0x41, 0x08, 0x61, 0x08, 0x60, 0x08, 0x41, 0x08, 0x40, 0x08,
    0x61, 0x08, 0x61, 0x10, 0x61, 0x08, 0x61, 0x08, 0x61, 0x10, 0x61, 0x10,
    0x60, 0x08, 0x41, 0x08, 0x61, 0x08, 0x61, 0x10, 0x41, 0x08, 0x61, 0x08,
    0x61, 0x08, 0x61, 0x08, 0x61, 0x08, 0x41, 0x08, 0x61, 0x10, 0x61, 0x08,
    0x61, 0x08, 0x61, 0x10, 0x61, 0x08, 0x61, 0x08, 0x61, 0x10, 0x61, 0x08,
    0x62, 0x10, 0x61, 0x08, 0x62, 0x08, 0x61, 0x10, 0x82, 0x10, 0x82, 0x10,
    0x81, 0x10, 0x81, 0x10, 0x82, 0x10, 0x81, 0x10, 0x81, 0x10, 0x81, 0x10,
    0x82, 0x10, 0x81, 0x10, 0x81, 0x10, 0x82, 0x10, 0x82, 0x10, 0x81, 0x10,
    0xa2, 0x10, 0x82, 0x10, 0x81, 0x10, 0x82, 0x10, 0x82, 0x10, 0x81, 0x10,
    0x82, 0x10, 0x82, 0x10, 0x82, 0x10, 0xa2, 0x10, 0xa2, 0x10, 0x25, 0x21,
    0xe8, 0x39, 0x28, 0x42, 0xe8, 0x39, 0x28, 0x42, 0x08, 0x42, 0xc7, 0x39,
    0x86, 0x31, 0x45, 0x29, 0x66, 0x29, 0xa7, 0x39, 0xe8, 0x39, 0xe7, 0x39,
    0xa7, 0x31, 0x45, 0x29, 0x25, 0x21, 0x45, 0x29, 0x45, 0x29, 0x86, 0x31,
    0xa6, 0x31, 0xc7, 0x39, 0xa7, 0x31, 0x49, 0x4a, 0xab, 0x52, 0x0d, 0x5b,
    0x4e, 0x6b, 0x6e, 0x6b, 0x6e, 0x6b, 0x8f, 0x73, 0xb0, 0x73, 0xf1, 0x7b,
    0x32, 0x84, 0x11, 0x84, 0xf0, 0x7b, 0xf1, 0x7b, 0xf0, 0x7b, 0xaf, 0x73,
    0xb0, 0x73, 0xd0, 0x7b, 0xd0, 0x7b, 0x52, 0x8c, 0x52, 0x8c, 0xf0, 0x7b,
    0xaf, 0x73, 0xcf, 0x73, 0xcf, 0x73, 0x72, 0x8c, 0x52, 0x84, 0x72, 0x8c,
    0xf0, 0x7b, 0x31, 0x84, 0xf4, 0x9c, 0x35, 0xa5, 0x35, 0xa5, 0x35, 0xa5,
    0x15, 0xa5, 0x14, 0xa5, 0x15, 0xa5, 0x14, 0x9d, 0x55, 0xa5, 0x76, 0xad,
    0x76, 0xad, 0xb7, 0xb5, 0xb7, 0xb5, 0xd8, 0xbd, 0xd8, 0xbd, 0xd8, 0xbd,
    0xd7, 0xbd, 0x76, 0xad, 0x35, 0xa5, 0x55, 0xa5, 0x14, 0xa5, 0x35, 0xa5,
    0x14, 0x9d, 0xd3, 0x94, 0xf0, 0x7b, 0x31, 0x84, 0x15, 0xa5, 0xf3, 0x9c,
    0x8e, 0x73, 0xd0, 0x73, 0x31, 0x84, 0xd4, 0x9c, 0x14, 0x9d, 0x93, 0x94,
    0x8f, 0x73, 0x0c, 0x63, 0x2d, 0x63, 0xab, 0x52, 0xab, 0x52, 0xe8, 0x39,
    0xc7, 0x39, 0xcb, 0x52, 0xcc, 0x52, 0x6b, 0x4a, 0x8b, 0x52, 0xcc, 0x5a,
    0xcc, 0x52, 0xab, 0x52, 0xed, 0x5a, 0xcf, 0x73, 0x30, 0x84, 0xf0, 0x7b,
    0xd0, 0x73, 0x4e, 0x63, 0x6e, 0x6b, 0xd0, 0x73, 0x31, 0x84, 0x11, 0x7c,
    0x11, 0x84, 0x92, 0x8c, 0xd3, 0x94, 0xb3, 0x94, 0xb3, 0x94, 0x92, 0x8c,
    0x71, 0x8c, 0x93, 0x94, 0xb3, 0x94, 0xd3, 0x94, 0xd3, 0x94, 0xb4, 0x94,
    0xd3, 0x94, 0xd4, 0x9c, 0xf4, 0x9c, 0x14, 0x9d, 0xf4, 0x9c, 0xd3, 0x94,
    0xb3, 0x94, 0xb3, 0x94, 0xd3, 0x9c, 0xb3, 0x94, 0xb3, 0x94, 0xd3, 0x94,
    0xb3, 0x94, 0xb3, 0x94, 0x92, 0x94, 0x93, 0x94, 0xb3, 0x94, 0x92, 0x8c,
    0x31, 0x84, 0xf0, 0x7b, 0xef, 0x7b, 0xef, 0x7b, 0xf0, 0x7b, 0x10, 0x7c,
    0x10, 0x7c, 0xf0, 0x7b, 0xaf, 0x73, 0x8f, 0x73, 0x6e, 0x6b, 0xcf, 0x73,
    0x8e, 0x6b, 0x6d, 0x6b, 0xae, 0x73, 0xaf, 0x73, 0x8e, 0x73, 0x4d, 0x63,
    0x6e, 0x6b, 0x0c, 0x63, 0x0c, 0x63, 0x2d, 0x63, 0x2d, 0x63, 0x8e, 0x73,
    0x2d, 0x63, 0x8a, 0x52, 0x8a, 0x52, 0xab, 0x52, 0xab, 0x52, 0xcb, 0x5a,
    0xec, 0x5a, 0x0c, 0x63, 0x4d, 0x6b, 0x2d, 0x63, 0x4d, 0x6b, 0x8e, 0x6b,
    0xaf, 0x73, 0xcf, 0x7b, 0x6d, 0x6b, 0xec, 0x5a, 0xab, 0x52, 0xab, 0x52,
    0x49, 0x4a, 0x49, 0x4a, 0x8a, 0x52, 0x8a, 0x52, 0xcb, 0x5a, 0x2d, 0x63,
    0x0c, 0x63, 0xec, 0x5a, 0xcb, 0x5a, 0xec, 0x5a, 0xab, 0x52, 0x49, 0x4a,
    0xc7, 0x39, 0xa7, 0x39, 0x08, 0x42, 0x29, 0x42, 0x8a, 0x52, 0x0c, 0x5b,
    0x4d, 0x63, 0x0d, 0x63, 0x2d, 0x63, 0x4e, 0x6b, 0x4e, 0x6b, 0x2d, 0x63,
    0xec, 0x5a, 0x29, 0x4a, 0xe8, 0x39, 0x66, 0x29, 0x45, 0x29, 0x65, 0x29,
    0x66, 0x29, 0x65, 0x29, 0x45, 0x29, 0x66, 0x29, 0x66, 0x29, 0xa7, 0x31,
    0xe8, 0x39, 0xe8, 0x39, 0xc7, 0x39, 0xa6, 0x31, 0x66, 0x29, 0x04, 0x21,
    0xc3, 0x18, 0xe4, 0x18, 0x24, 0x21, 0x04, 0x21, 0x25, 0x21, 0x66, 0x31,
    0x86, 0x31, 0x87, 0x31, 0x86, 0x31, 0x25, 0x21, 0x24, 0x21, 0x04, 0x21,
    0xe3, 0x18, 0xc3, 0x18, 0xc3, 0x18, 0xa3, 0x10, 0xc3, 0x18, 0xc3, 0x18,
    0xa3, 0x10, 0xc3, 0x18, 0xa3, 0x18, 0xa2, 0x10, 0xa3, 0x10, 0xa2, 0x10,
    0xa3, 0x10, 0xa2, 0x10, 0xa2, 0x10, 0xa2, 0x10, 0x82, 0x10, 0xa2, 0x10,
    0xa2, 0x10, 0xa2, 0x10, 0x82, 0x10, 0x82, 0x10, 0x82, 0x10, 0x41, 0x08,
    0x41, 0x08, 0x41, 0x08, 0x61, 0x08, 0x41, 0x10, 0x41, 0x08, 0x41, 0x08,
    0x41, 0x10, 0x41, 0x10, 0x61, 0x08, 0x60, 0x08, 0x61, 0x08, 0x61, 0x10,
    0x41, 0x08, 0x61, 0x08, 0x41, 0x08, 0x41, 0x08, 0x41, 0x08, 0x41, 0x08,
    0x41, 0x08, 0x61, 0x10, 0x61, 0x08, 0x41, 0x10, 0x41, 0x08, 0x61, 0x08,
    0x41, 0x08, 0x41, 0x08, 0x61, 0x08, 0x61, 0x08, 0x61, 0x08, 0x61, 0x08,
    0x61, 0x10, 0x61, 0x10, 0x61, 0x08, 0x61, 0x10, 0x82, 0x10, 0x81, 0x10,
    0x81, 0x08, 0x82, 0x10, 0x81, 0x10, 0x82, 0x10, 0x82, 0x10, 0x82, 0x10,
    0x81, 0x10, 0x82, 0x10, 0x82, 0x10, 0xa2, 0x10, 0x82, 0x10, 0x81, 0x10,
    0xa2, 0x10, 0x82, 0x10, 0x81, 0x10, 0xa2, 0x10, 0x82, 0x10, 0xa2, 0x10,
    0xa2, 0x10, 0xa2, 0x10, 0xa2, 0x10, 0xa2, 0x10, 0x82, 0x10, 0xa2, 0x10,
    0x82, 0x10, 0xc3, 0x18, 0x66, 0x29, 0xc7, 0x39, 0xc7, 0x39, 0xc8, 0x39,
    0xc7, 0x39, 0xc7, 0x39, 0xa7, 0x31, 0x66, 0x29, 0x86, 0x31, 0xc7, 0x39,
    0xa6, 0x31, 0xa7, 0x31, 0x86, 0x31, 0x25, 0x29, 0x45, 0x21, 0x45, 0x29,
    0x86, 0x31, 0xa6, 0x31, 0xc7, 0x39, 0xe8, 0x39, 0x86, 0x31, 0x29, 0x42,
    0xcb, 0x52, 0x0d, 0x63, 0x4e, 0x63, 0x8f, 0x6b, 0x8f, 0x73, 0xaf, 0x73,
    0xf1, 0x7b, 0x32, 0x84, 0x52, 0x8c, 0x31, 0x84, 0xf0, 0x7b, 0xf0, 0x7b,
    0xf0, 0x7b, 0xb0, 0x73, 0x8f, 0x73, 0xaf, 0x73, 0x10, 0x7c, 0x92, 0x8c,
    0x72, 0x8c, 0x10, 0x7c, 0xf0, 0x7b, 0x31, 0x84, 0x51, 0x84, 0xb3, 0x94,
    0x92, 0x8c, 0xaf, 0x73, 0x6e, 0x6b, 0x11, 0x84, 0x72, 0x84, 0xb3, 0x94,
    0x15, 0x9d, 0xf4, 0x9c, 0x35, 0xa5, 0x76, 0xad, 0x35, 0xa5, 0x35, 0xa5,
    0x96, 0xad, 0xb7, 0xb5, 0x96, 0xb5, 0x76, 0xad, 0x97, 0xb5, 0x96, 0xb5,
    0xb7, 0xb5, 0xb7, 0xb5, 0xb7, 0xbd, 0x35, 0xad, 0xd3, 0x9c, 0x35, 0xa5,
    0x55, 0xa5, 0x15, 0xa5, 0xd4, 0x9c, 0x72, 0x8c, 0x10, 0x7c, 0xf0, 0x7b,
    0xf4, 0x9c, 0x14, 0x9d, 0xaf, 0x73, 0xf0, 0x7b, 0x31, 0x84, 0xb3, 0x94,
    0x35, 0xa5, 0x35, 0xa5, 0x52, 0x8c, 0x0d, 0x5b, 0x0c, 0x63, 0xec, 0x5a,
    0xab, 0x52, 0x6a, 0x4a, 0x6a, 0x4a, 0x4d, 0x6b, 0x0d, 0x63, 0x2d, 0x63,
    0x6e, 0x6b, 0x4e, 0x6b, 0x2d, 0x63, 0x2d, 0x63, 0x6e, 0x6b, 0xf0, 0x7b,
    0x31, 0x84, 0x10, 0x7c, 0xaf, 0x73, 0x4e, 0x63, 0x4e, 0x6b, 0xd0, 0x7b,
    0x31, 0x84, 0x51, 0x84, 0x72, 0x8c, 0xf4, 0x9c, 0xf4, 0x9c, 0xd4, 0x9c,
    0xb3, 0x94, 0x72, 0x8c, 0x51, 0x84, 0x92, 0x8c, 0xb3, 0x94, 0xb3, 0x94,
    0xd3, 0x94, 0xd3, 0x94, 0xb3, 0x94, 0xd4, 0x9c, 0xf4, 0x9c, 0xf3, 0x9c,
    0xf4, 0x9c, 0xb3, 0x94, 0xb2, 0x94, 0xb3, 0x94, 0xb3, 0x94, 0xd3, 0x94,
    0xd3, 0x9c, 0xb3, 0x94, 0xd3, 0x94, 0xb3, 0x94, 0xb2, 0x94, 0xb3, 0x94,
    0xb3, 0x94, 0x92, 0x94, 0x51, 0x84, 0x10, 0x84, 0x31, 0x84, 0x31, 0x84,
    0x10, 0x84, 0xf0, 0x7b, 0xd0, 0x7b, 0x11, 0x7c, 0xf0, 0x7b, 0xaf, 0x73,
    0x4e, 0x6b, 0xaf, 0x73, 0xaf, 0x73, 0x8f, 0x73, 0xaf, 0x73, 0xcf, 0x7b,
    0x8f, 0x73, 0x2d, 0x63, 0x4d, 0x6b, 0x2d, 0x63, 0xcb, 0x5a, 0x0c, 0x63,
    0x2d, 0x63, 0xcf, 0x73, 0x2d, 0x63, 0x8a, 0x52, 0x6a, 0x4a, 0x29, 0x42,
    0x28, 0x42, 0x6a, 0x52, 0xcb, 0x5a, 0xeb, 0x5a, 0xcb, 0x5a, 0xab, 0x52,
    0xaa, 0x52, 0xab, 0x52, 0xec, 0x5a, 0x0c, 0x63, 0xec, 0x5a, 0x49, 0x4a,
    0x08, 0x42, 0x29, 0x42, 0x49, 0x4a, 0x6a, 0x4a, 0xab, 0x52, 0x8a, 0x52,
    0x0c, 0x63, 0x2d, 0x63, 0xeb, 0x5a, 0xab, 0x52, 0xab, 0x52, 0xaa, 0x52,
    0x6a, 0x4a, 0xc7, 0x39, 0xa7, 0x31, 0xc7, 0x39, 0xe8, 0x39, 0x69, 0x4a,
    0x8a, 0x52, 0xcb, 0x5a, 0x0d, 0x63, 0x2d, 0x63, 0x2c, 0x63, 0x4e, 0x6b,
    0x8e, 0x73, 0x0d, 0x63, 0xab, 0x52, 0xc7, 0x39, 0x86, 0x31, 0x66, 0x29,
    0x66, 0x29, 0x45, 0x29, 0x66, 0x29, 0x45, 0x29, 0x66, 0x29, 0x86, 0x31,
    0x86, 0x31, 0xc7, 0x39, 0xe8, 0x39, 0xe8, 0x39, 0xc7, 0x39, 0xa7, 0x31,
    0x66, 0x31, 0x04, 0x21, 0xe4, 0x18, 0x04, 0x21, 0x45, 0x29, 0x04, 0x21,
    0x45, 0x21, 0x65, 0x29, 0x65, 0x29, 0x66, 0x29, 0x66, 0x29, 0x24, 0x21,
    0x25, 0x21, 0x24, 0x21, 0xe3, 0x18, 0xc3, 0x18, 0xc3, 0x18, 0xa2, 0x10,
    0xc3, 0x10, 0xc3, 0x18, 0xa2, 0x10, 0xc3, 0x10, 0xa2, 0x10, 0xa2, 0x18,
    0xa2, 0x18, 0xa2, 0x10, 0xa3, 0x10, 0xa2, 0x10, 0x82, 0x10, 0x82, 0x10,
    0xa2, 0x10, 0x82, 0x10, 0x82, 0x10, 0x82, 0x10, 0x82, 0x10, 0x82, 0x10,
    0x82, 0x10, 0x41, 0x08, 0x41, 0x08, 0x41, 0x08, 0x61, 0x08, 0x61, 0x08,
    0x40, 0x08, 0x40, 0x08, 0x41, 0x10, 0x60, 0x08, 0x41, 0x08, 0x41, 0x08,
    0x61, 0x08, 0x61, 0x08, 0x41, 0x08, 0x61, 0x08, 0x61, 0x08, 0x61, 0x08,
    0x61, 0x08, 0x60, 0x08, 0x41, 0x08, 0x41, 0x10, 0x61, 0x08, 0x61, 0x08,
    0x61, 0x10, 0x61, 0x10, 0x61, 0x08, 0x61, 0x08, 0x61, 0x10, 0x61, 0x10,
    0x61, 0x08, 0x62, 0x08, 0x61, 0x08, 0x61, 0x08, 0x62, 0x10, 0x82, 0x10,
    0x81, 0x10, 0x62, 0x10, 0x82, 0x10, 0x82, 0x10, 0x61, 0x08, 0x81, 0x10,
    0x82, 0x10, 0x82, 0x10, 0x82, 0x10, 0x81, 0x10, 0x82, 0x10, 0x82, 0x10,
    0xa2, 0x10, 0x82, 0x10, 0x82, 0x10, 0x82, 0x10, 0x82, 0x10, 0x81, 0x10,
    0x82, 0x10, 0x82, 0x10, 0xa2, 0x10, 0x82, 0x18, 0x82, 0x10, 0xa2, 0x10,
    0xa2, 0x10, 0x82, 0x18, 0xa2, 0x10, 0xa2, 0x10, 0xe3, 0x20, 0x25, 0x21,
    0x86, 0x31, 0x86, 0x31, 0x66, 0x29, 0x66, 0x29, 0x66, 0x29, 0x65, 0x29,
    0xa7, 0x31, 0xa7, 0x31, 0x25, 0x21, 0x86, 0x31, 0x86, 0x31, 0x45, 0x29,
    0x45, 0x29, 0x66, 0x29, 0xa7, 0x31, 0xc7, 0x39, 0xe8, 0x39, 0xe8, 0x39,
    0x86, 0x31, 0x29, 0x4a, 0xcb, 0x5a, 0x0d, 0x63, 0x2d, 0x63, 0x6f, 0x6b,
    0x8f, 0x6b, 0xb0, 0x73, 0x11, 0x7c, 0x31, 0x84, 0x52, 0x84, 0x11, 0x84,
    0x11, 0x7c, 0xf0, 0x7b, 0xf0, 0x7b, 0xd0, 0x73, 0x6e, 0x6b, 0x8e, 0x73,
    0x72, 0x8c, 0x92, 0x8c, 0x72, 0x8c, 0x52, 0x8c, 0x51, 0x84, 0x92, 0x8c,
    0x93, 0x94, 0x72, 0x8c, 0xaf, 0x73, 0x6e, 0x6b, 0x8e, 0x73, 0xf0, 0x7b,
    0x52, 0x84, 0x52, 0x84, 0x93, 0x94, 0xf4, 0x9c, 0x35, 0xa5, 0x76, 0xad,
    0x76, 0xad, 0x55, 0xa5, 0x56, 0xad, 0xd7, 0xb5, 0xd8, 0xbd, 0xb7, 0xb5,
    0x55, 0xad, 0x56, 0xad, 0x96, 0xb5, 0x97, 0xb5, 0x96, 0xb5, 0x56, 0xa5,
    0xd4, 0x9c, 0x92, 0x8c, 0x93, 0x94, 0xd3, 0x94, 0xb3, 0x94, 0xb3, 0x94,
    0x72, 0x8c, 0x51, 0x84, 0x92, 0x94, 0x93, 0x94, 0x6e, 0x6b, 0xaf, 0x73,
    0x10, 0x7c, 0x92, 0x8c, 0x15, 0xa5, 0x55, 0xa5, 0xf4, 0x9c, 0x8e, 0x6b,
    0x0c, 0x63, 0xab, 0x52, 0x6a, 0x4a, 0xab, 0x52, 0x0d, 0x63, 0x4e, 0x6b,
    0xaf, 0x73, 0xf0, 0x7b, 0xf0, 0x7b, 0xf0, 0x7b, 0x6e, 0x6b, 0x2d, 0x63,
    0xaf, 0x73, 0x11, 0x84, 0x72, 0x8c, 0x72, 0x8c, 0x31, 0x84, 0x8f, 0x6b,
    0x8f, 0x73, 0x10, 0x7c, 0x51, 0x84, 0x92, 0x8c, 0xd4, 0x94, 0xf4, 0x9c,
    0xf5, 0xa4, 0xf4, 0x9c, 0xd4, 0x9c, 0x93, 0x94, 0x92, 0x8c, 0x92, 0x94,
    0xb3, 0x94, 0xb3, 0x94, 0xb3, 0x94, 0xb3, 0x9c, 0xb3, 0x94, 0xb3, 0x94,
    0xf4, 0x9c, 0xf4, 0x9c, 0xf4, 0x9c, 0xb3, 0x94, 0xb2, 0x94, 0xb2, 0x94,
    0xb2, 0x94, 0xb3, 0x94, 0xb3, 0x94, 0xd3, 0x94, 0xb3, 0x9c, 0xb2, 0x94,
    0xb2, 0x94, 0xb2, 0x94, 0xb3, 0x94, 0x92, 0x94, 0x72, 0x8c, 0x51, 0x84,
    0x51, 0x84, 0x51, 0x84, 0x10, 0x84, 0xf0, 0x7b, 0xf0, 0x7b, 0x11, 0x84,
    0xf1, 0x7b, 0xaf, 0x73, 0x6e, 0x6b, 0x8e, 0x6b, 0xf0, 0x7b, 0xaf, 0x73,
    0xaf, 0x73, 0xae, 0x73, 0xaf, 0x73, 0x4d, 0x6b, 0x8e, 0x73, 0x4d, 0x6b,
    0xcb, 0x5a, 0xec, 0x5a, 0x0c, 0x63, 0xaf, 0x7b, 0x6e, 0x6b, 0x8a, 0x52,
    0xe8, 0x39, 0xe7, 0x39, 0x08, 0x42, 0x49, 0x4a, 0x6a, 0x4a, 0x29, 0x42,
    0x08, 0x42, 0x29, 0x42, 0x4a, 0x4a, 0x6a, 0x52, 0xab, 0x52, 0x0c, 0x63,
    0xec, 0x5a, 0x49, 0x4a, 0xe8, 0x39, 0xc7, 0x39, 0x29, 0x42, 0x49, 0x4a,
    0x6a, 0x4a, 0xaa, 0x52, 0x0c, 0x63, 0x2d, 0x63, 0x0c, 0x63, 0x8a, 0x52,
    0xab, 0x52, 0x8a, 0x52, 0x29, 0x42, 0xe8, 0x41, 0xa7, 0x31, 0xe7, 0x39,
    0x08, 0x42, 0x08, 0x42, 0x29, 0x42, 0x49, 0x4a, 0xec, 0x5a, 0x6d, 0x6b,
    0x8e, 0x6b, 0xcf, 0x73, 0x8e, 0x6b, 0xcc, 0x5a, 0xe8, 0x39, 0xc7, 0x39,
    0x45, 0x29, 0x86, 0x31, 0xa7, 0x31, 0x66, 0x29, 0x65, 0x29, 0x45, 0x29,
    0x86, 0x31, 0xa7, 0x31, 0xa7, 0x31, 0xe8, 0x39, 0xc7, 0x39, 0xc7, 0x39,
    0xe8, 0x39, 0xc7, 0x39, 0x86, 0x31, 0x45, 0x29, 0x04, 0x21, 0x25, 0x21,
    0x25, 0x21, 0x45, 0x29, 0x46, 0x29, 0x25, 0x21, 0x25, 0x21, 0x25, 0x29,
    0x45, 0x29, 0x04, 0x21, 0xe4, 0x20, 0xe4, 0x18, 0xe3, 0x18, 0xc3, 0x18,
    0xc3, 0x10, 0xa2, 0x10, 0xc3, 0x18, 0xc3, 0x18, 0xa2, 0x10, 0xa2, 0x10,
    0xa3, 0x10, 0xa3, 0x10, 0xa2, 0x18, 0xa2, 0x10, 0xa3, 0x10, 0xa2, 0x18,
    0x82, 0x10, 0x82, 0x10, 0xa2, 0x10, 0xa2, 0x10, 0x82, 0x10, 0xa2, 0x10,
    0x82, 0x10, 0xa2, 0x10, 0x82, 0x10, 0x41, 0x08, 0x41, 0x08, 0x40, 0x08,
    0x61, 0x08, 0x41, 0x08, 0x41, 0x08, 0x40, 0x08, 0x41, 0x10, 0x60, 0x08,
    0x60, 0x08, 0x41, 0x08, 0x41, 0x08, 0x60, 0x08, 0x41, 0x08, 0x41, 0x10,
    0x61, 0x08, 0x41, 0x08, 0x41, 0x10, 0x60, 0x08, 0x61, 0x08, 0x61, 0x08,
    0x81, 0x10, 0x82, 0x10, 0x82, 0x10, 0xa2, 0x10, 0xa2, 0x18, 0xa3, 0x18,
    0xa2, 0x18, 0xa3, 0x10, 0xa3, 0x18, 0x82, 0x10, 0x82, 0x10, 0x61, 0x10,
    0x61, 0x08, 0x82, 0x10, 0x61, 0x08, 0x61, 0x10, 0x61, 0x08, 0x82, 0x10,
    0x61, 0x10, 0x61, 0x08, 0x81, 0x10, 0x81, 0x10, 0x81, 0x08, 0x82, 0x10,
    0x81, 0x10, 0x82, 0x10, 0x81, 0x10, 0xa2, 0x10, 0x81, 0x10, 0xa2, 0x10,
    0x82, 0x10, 0x82, 0x10, 0xa1, 0x10, 0x82, 0x10, 0x82, 0x10, 0xa1, 0x10,
    0x82, 0x10, 0x82, 0x10, 0xa2, 0x10, 0x82, 0x10, 0x82, 0x10, 0xa2, 0x10,
    0xa2, 0x18, 0xe3, 0x18, 0x25, 0x21, 0x25, 0x21, 0x04, 0x21, 0xe4, 0x18,
    0x04, 0x21, 0x45, 0x29, 0x66, 0x29, 0x24, 0x21, 0x04, 0x21, 0x86, 0x31,
    0xa7, 0x31, 0x86, 0x31, 0x66, 0x29, 0xa6, 0x31, 0xe8, 0x39, 0xe8, 0x39,
    0xe8, 0x39, 0xc7, 0x39, 0xa7, 0x31, 0x6a, 0x4a, 0xcb, 0x5a, 0x2d, 0x63,
    0x4d, 0x63, 0x4e, 0x6b, 0x8f, 0x73, 0xd0, 0x7b, 0x11, 0x7c, 0x31, 0x84,
    0x11, 0x7c, 0x11, 0x84, 0x31, 0x84, 0xf1, 0x7b, 0x11, 0x7c, 0x11, 0x84,
    0xcf, 0x73, 0xcf, 0x73, 0x72, 0x8c, 0x92, 0x8c, 0x92, 0x8c, 0x72, 0x8c,
    0x92, 0x8c, 0xb3, 0x94, 0x72, 0x8c, 0xf0, 0x7b, 0x8f, 0x6b, 0x6e, 0x6b,
    0xcf, 0x7b, 0xf0, 0x7b, 0x92, 0x8c, 0x52, 0x8c, 0x52, 0x8c, 0xb3, 0x94,
    0x14, 0x9d, 0x76, 0xad, 0x76, 0xad, 0x76, 0xad, 0x96, 0xb5, 0xb7, 0xb5,
    0xf8, 0xbd, 0xd7, 0xb5, 0x76, 0xad, 0x35, 0xa5, 0x96, 0xb5, 0x97, 0xb5,
    0x96, 0xad, 0x76, 0xad, 0x14, 0x9d, 0xb3, 0x94, 0x31, 0x84, 0x51, 0x8c,
    0x92, 0x8c, 0xb3, 0x94, 0xd4, 0x9c, 0xd3, 0x9c, 0xd4, 0x9c, 0x31, 0x84,
    0x8e, 0x6b, 0xf0, 0x7b, 0x11, 0x84, 0x52, 0x84, 0x14, 0x9d, 0x76, 0xad,
    0x35, 0xa5, 0xf0, 0x7b, 0x2d, 0x63, 0x4a, 0x4a, 0x6a, 0x4a, 0x2d, 0x63,
    0x2d, 0x63, 0x2d, 0x63, 0xd0, 0x7b, 0xf0, 0x7b, 0xf1, 0x7b, 0xf0, 0x7b,
    0xaf, 0x6b, 0xaf, 0x73, 0x11, 0x7c, 0x72, 0x8c, 0xb3, 0x8c, 0x92, 0x94,
    0x93, 0x8c, 0x31, 0x84, 0x11, 0x84, 0x31, 0x84, 0x72, 0x84, 0x93, 0x94,
    0xd4, 0x9c, 0x15, 0x9d, 0x15, 0xa5, 0x14, 0x9d, 0xd4, 0x9c, 0xb3, 0x94,
    0xb3, 0x94, 0xb3, 0x94, 0xb2, 0x94, 0xb2, 0x94, 0xb3, 0x94, 0xb3, 0x94,
    0xb3, 0x94, 0x92, 0x94, 0xd3, 0x94, 0xf4, 0x9c, 0xf3, 0x9c, 0xd3, 0x94,
    0x92, 0x94, 0xb2, 0x94, 0x92, 0x94, 0xb3, 0x94, 0xb3, 0x94, 0xb2, 0x94,
    0xd3, 0x94, 0xb3, 0x94, 0x92, 0x94, 0x92, 0x8c, 0xd3, 0x94, 0x92, 0x8c,
    0x72, 0x8c, 0x71, 0x8c, 0x71, 0x8c, 0x51, 0x8c, 0x10, 0x7c, 0xf0, 0x7b,
    0xf0, 0x7b, 0xf0, 0x7b, 0x11, 0x7c, 0xaf, 0x73, 0x6e, 0x6b, 0x6e, 0x6b,
    0xcf, 0x7b, 0xaf, 0x73, 0x6d, 0x6b, 0x6e, 0x6b, 0xaf, 0x73, 0x6d, 0x6b,
    0x6e, 0x6b, 0x0c, 0x63, 0xcb, 0x5a, 0xcb, 0x5a, 0x0c, 0x63, 0x8e, 0x73,
    0x8e, 0x6b, 0x6a, 0x4a, 0xa7, 0x39, 0xc7, 0x39, 0x09, 0x42, 0x29, 0x42,
    0xe8, 0x39, 0xe8, 0x39, 0x08, 0x42, 0x29, 0x42, 0x49, 0x4a, 0x49, 0x4a,
    0x8a, 0x52, 0xec, 0x62, 0xab, 0x5a, 0x49, 0x4a, 0xc7, 0x39, 0xa6, 0x31,
    0xc7, 0x39, 0x49, 0x4a, 0x4a, 0x4a, 0x6a, 0x4a, 0x8a, 0x52, 0x0c, 0x63,
    0x6e, 0x6b, 0x0c, 0x63, 0x0c, 0x63, 0x8a, 0x52, 0x6a, 0x4a, 0x29, 0x42,
    0xc7, 0x39, 0xc7, 0x39, 0xe8, 0x39, 0xe8, 0x39, 0xe8, 0x39, 0x08, 0x42,
    0x69, 0x4a, 0x0c, 0x5b, 0x6e, 0x6b, 0x8e, 0x6b, 0xec, 0x5a, 0x29, 0x42,
    0xe8, 0x39, 0x66, 0x29, 0x65, 0x29, 0x66, 0x29, 0x66, 0x29, 0x65, 0x29,
    0x45, 0x29, 0x46, 0x29, 0xa7, 0x31, 0xa7, 0x31, 0xa7, 0x31, 0xc7, 0x39,
    0xc7, 0x39, 0xe8, 0x39, 0x08, 0x42, 0xe8, 0x39, 0xa6, 0x31, 0x46, 0x29,
    0x25, 0x21, 0x25, 0x21, 0x45, 0x29, 0x86, 0x31, 0x45, 0x29, 0x25, 0x21,
    0x04, 0x21, 0x04, 0x21, 0x45, 0x21, 0xe4, 0x18, 0xe3, 0x18, 0xc3, 0x18,
    0xc3, 0x18, 0xc3, 0x10, 0xc3, 0x18, 0xc3, 0x18, 0xc3, 0x18, 0xc3, 0x10,
    0xa2, 0x10, 0xa3, 0x18, 0xa3, 0x10, 0xa2, 0x10, 0xa3, 0x10, 0x82, 0x10,
    0x82, 0x10, 0x82, 0x10, 0x82, 0x10, 0xa3, 0x10, 0xa3, 0x10, 0xa3, 0x10,
    0xa3, 0x10, 0xa2, 0x10, 0xa2, 0x10, 0x83, 0x10, 0x82, 0x10, 0x41, 0x08,
    0x41, 0x08, 0x41, 0x08, 0x40, 0x08, 0x41, 0x08, 0x41, 0x08, 0x41, 0x08,
    0x60, 0x08, 0x41, 0x08, 0x61, 0x08, 0x61, 0x08, 0x41, 0x08, 0x61, 0x08,
    0x61, 0x08, 0x41, 0x08, 0x61, 0x08, 0x41, 0x08, 0x41, 0x08, 0x61, 0x10,
    0xa2, 0x10, 0xe3, 0x18, 0x04, 0x21, 0x04, 0x21, 0xe4, 0x18, 0xc3, 0x18,
    0xc3, 0x18, 0xc3, 0x18, 0xe3, 0x18, 0xc3, 0x18, 0xe3, 0x18, 0xc3, 0x18,
    0xc4, 0x18, 0xc3, 0x18, 0x82, 0x10, 0x62, 0x10, 0x61, 0x08, 0x82, 0x10,
    0x82, 0x10, 0x61, 0x08, 0x62, 0x10, 0x82, 0x10, 0x82, 0x10, 0x62, 0x10,
    0x82, 0x10, 0x82, 0x10, 0x81, 0x10, 0x82, 0x10, 0x82, 0x10, 0x82, 0x10,
    0x82, 0x10, 0xa1, 0x10, 0x82, 0x10, 0x82, 0x10, 0xa2, 0x10, 0x81, 0x10,
    0x82, 0x10, 0x82, 0x10, 0x81, 0x10, 0xa2, 0x10, 0xa2, 0x10, 0x81, 0x10,
    0xa2, 0x18, 0xa2, 0x10, 0xa2, 0x10, 0xa2, 0x10, 0xc3, 0x18, 0x04, 0x19,
    0xe3, 0x18, 0xa3, 0x18, 0xc3, 0x18, 0xe3, 0x18, 0xe3, 0x18, 0x04, 0x21,
    0x25, 0x21, 0x86, 0x31, 0x08, 0x3a, 0xe8, 0x39, 0xc7, 0x39, 0xc7, 0x39,
    0x28, 0x42, 0xe8, 0x41, 0xe7, 0x39, 0xe8, 0x39, 0xc7, 0x39, 0x6a, 0x4a,
    0xec, 0x5a, 0x4d, 0x63, 0x2d, 0x63, 0x4e, 0x63, 0xb0, 0x73, 0xf0, 0x7b,
    0x10, 0x7c, 0x11, 0x84, 0xf0, 0x7b, 0x31, 0x84, 0x32, 0x84, 0x11, 0x7c,
    0x32, 0x84, 0x31, 0x84, 0xf0, 0x7b, 0x52, 0x84, 0x92, 0x8c, 0x93, 0x94,
    0x92, 0x8c, 0x92, 0x8c, 0x93, 0x94, 0x72, 0x8c, 0x10, 0x84, 0xf0, 0x7b,
    0x6e, 0x6b, 0x8e, 0x6b, 0xd0, 0x7b, 0x10, 0x7c, 0x72, 0x8c, 0x93, 0x94,
    0xb3, 0x94, 0xf4, 0x9c, 0x35, 0xa5, 0x55, 0xad, 0xb7, 0xb5, 0xd8, 0xbd,
    0xd7, 0xb5, 0xd7, 0xbd, 0xf8, 0xbd, 0xf8, 0xbd, 0x97, 0xb5, 0x76, 0xad,
    0x76, 0xad, 0x96, 0xad, 0x97, 0xb5, 0x96, 0xad, 0x55, 0xad, 0x14, 0xa5,
    0x93, 0x94, 0x51, 0x84, 0x92, 0x94, 0xd4, 0x9c, 0x35, 0xa5, 0x55, 0xa5,
    0x35, 0xa5, 0x14, 0x9d, 0x72, 0x8c, 0x31, 0x84, 0x51, 0x84, 0xb3, 0x94,
    0x35, 0xa5, 0x55, 0xa5, 0x14, 0xa5, 0x31, 0x84, 0x10, 0x7c, 0xec, 0x5a,
    0x4d, 0x63, 0xaf, 0x73, 0x2d, 0x63, 0x6e, 0x6b, 0xcf, 0x73, 0xaf, 0x73,
    0xd0, 0x73, 0x11, 0x7c, 0x11, 0x7c, 0x31, 0x84, 0x92, 0x8c, 0x92, 0x8c,
    0x92, 0x8c, 0xd3, 0x94, 0xd3, 0x94, 0x72, 0x8c, 0x51, 0x84, 0x52, 0x84,
    0x72, 0x8c, 0xd4, 0x9c, 0xf4, 0x9c, 0xf4, 0x9c, 0x15, 0xa5, 0x15, 0x9d,
    0xf4, 0x9c, 0xd3, 0x94, 0xb3, 0x94, 0x93, 0x94, 0xb2, 0x94, 0xb3, 0x94,
    0xb3, 0x94, 0xb3, 0x94, 0xb3, 0x94, 0x92, 0x94, 0xd3, 0x94, 0xf4, 0x9c,
    0xd3, 0x9c, 0xd3, 0x94, 0xb3, 0x94, 0x92, 0x8c, 0x92, 0x8c, 0xb3, 0x94,
    0xb2, 0x94, 0xb3, 0x94, 0xd3, 0x94, 0xd3, 0x94, 0x92, 0x94, 0x72, 0x8c,
    0x92, 0x94, 0x92, 0x8c, 0x72, 0x8c, 0x72, 0x8c, 0x72, 0x8c, 0x51, 0x8c,
    0x30, 0x84, 0xf0, 0x7b, 0xaf, 0x73, 0xd0, 0x7b, 0xd0, 0x7b, 0x8f, 0x6b,
    0x2d, 0x63, 0x4d, 0x63, 0xaf, 0x73, 0xaf, 0x73, 0x8e, 0x6b, 0x4e, 0x6b,
    0x8e, 0x73, 0x2c, 0x63, 0xcb, 0x5a, 0xcc, 0x5a, 0xec, 0x5a, 0xcb, 0x5a,
    0x0c, 0x63, 0x2d, 0x63, 0x8e, 0x73, 0x8a, 0x52, 0x29, 0x42, 0x49, 0x4a,
    0x08, 0x42, 0xc7, 0x39, 0xe7, 0x39, 0x08, 0x42, 0x09, 0x42, 0x49, 0x4a,
    0x49, 0x4a, 0x29, 0x42, 0x8a, 0x52, 0x2d, 0x63, 0x8a, 0x52, 0xc7, 0x31,
    0xa7, 0x31, 0xa7, 0x31, 0xc7, 0x39, 0xe8, 0x39, 0x6a, 0x4a, 0x6a, 0x4a,
    0x6a, 0x4a, 0xab, 0x52, 0x2d, 0x63, 0x2d, 0x63, 0xcb, 0x5a, 0x8a, 0x52,
    0x6a, 0x4a, 0x49, 0x4a, 0xe8, 0x39, 0xc7, 0x39, 0xc7, 0x39, 0xe8, 0x39,
    0xe7, 0x39, 0xe8, 0x39, 0xe8, 0x39, 0x29, 0x42, 0x6a, 0x4a, 0x8a, 0x52,
    0x8a, 0x52, 0x6a, 0x4a, 0xa7, 0x31, 0xa6, 0x31, 0x66, 0x31, 0x66, 0x29,
    0x45, 0x29, 0x45, 0x29, 0x45, 0x29, 0x66, 0x29, 0xc7, 0x39, 0x86, 0x31,
    0x86, 0x31, 0x86, 0x31, 0xc7, 0x39, 0xe8, 0x39, 0x08, 0x42, 0xe8, 0x41,
    0x86, 0x31, 0x45, 0x29, 0x25, 0x21, 0x45, 0x29, 0x66, 0x29, 0x45, 0x29,
    0x45, 0x29, 0x24, 0x21, 0x04, 0x21, 0x25, 0x21, 0x24, 0x21, 0xe3, 0x18,
    0xe3, 0x18, 0xc3, 0x18, 0xa2, 0x10, 0xa2, 0x10, 0xc3, 0x18, 0xc3, 0x18,
    0xa2, 0x10, 0xa2, 0x10, 0xa2, 0x10, 0xa3, 0x10, 0xc2, 0x18, 0xa2, 0x18,
    0xa2, 0x10, 0xa2, 0x18, 0x82, 0x10, 0x82, 0x10, 0xa2, 0x10, 0xa3, 0x10,
    0xa2, 0x18, 0xa2, 0x10, 0xa3, 0x10, 0x82, 0x10, 0x82, 0x10, 0x82, 0x10,
    0x82, 0x10, 0x41, 0x08, 0x41, 0x08, 0x41, 0x08, 0x41, 0x08, 0x60, 0x08,
    0x61, 0x08, 0x61, 0x08, 0x41, 0x08, 0x41, 0x08, 0x61, 0x08, 0x41, 0x08,
    0x41, 0x10, 0x41, 0x08, 0x41, 0x08, 0x40, 0x08, 0x61, 0x08, 0x61, 0x10,
    0xa2, 0x10, 0xe3, 0x18, 0x04, 0x21, 0xe4, 0x18, 0xe3, 0x18, 0xe3, 0x18,
    0xc3, 0x10, 0xa3, 0x10, 0xa3, 0x18, 0xc3, 0x18, 0xc3, 0x18, 0xe3, 0x18,
    0xe4, 0x18, 0xc3, 0x18, 0xe3, 0x18, 0xe3, 0x18, 0xc3, 0x18, 0xc2, 0x18,
    0x82, 0x10, 0x61, 0x10, 0x82, 0x10, 0x61, 0x08, 0x61, 0x10, 0x61, 0x08,
    0x62, 0x10, 0x81, 0x08, 0x82, 0x10, 0x81, 0x10, 0x82, 0x10, 0x82, 0x10,
    0x82, 0x10, 0x81, 0x10, 0x82, 0x10, 0x82, 0x10, 0x81, 0x10, 0x82, 0x10,
    0x82, 0x10, 0x82, 0x10, 0xa2, 0x10, 0x82, 0x10, 0x81, 0x10, 0xa2, 0x18,
    0x82, 0x10, 0xa2, 0x10, 0x82, 0x10, 0xa2, 0x18, 0x82, 0x10, 0x82, 0x10,
    0x82, 0x10, 0xc3, 0x18, 0xa2, 0x18, 0x82, 0x10, 0x82, 0x10, 0xc3, 0x18,
    0xe3, 0x18, 0x04, 0x21, 0x45, 0x21, 0xc7, 0x39, 0x29, 0x42, 0xe8, 0x39,
    0xe8, 0x39, 0xe8, 0x39, 0x08, 0x42, 0xe8, 0x39, 0xa7, 0x39, 0xe7, 0x39,
    0x08, 0x42, 0x6a, 0x4a, 0xec, 0x5a, 0x4d, 0x63, 0x2d, 0x63, 0x6e, 0x6b,
    0xb0, 0x73, 0xb0, 0x73, 0xf0, 0x7b, 0xf0, 0x7b, 0xd0, 0x7b, 0x31, 0x84,
    0x32, 0x84, 0x32, 0x84, 0x52, 0x84, 0x51, 0x84, 0x31, 0x84, 0x52, 0x84,
    0x72, 0x8c, 0x92, 0x8c, 0x72, 0x8c, 0x72, 0x8c, 0x72, 0x8c, 0xf0, 0x7b,
    0xcf, 0x73, 0xcf, 0x7b, 0x8e, 0x6b, 0xaf, 0x73, 0xf0, 0x7b, 0x10, 0x7c,
    0x72, 0x8c, 0x93, 0x8c, 0xd4, 0x94, 0x35, 0xa5, 0x76, 0xad, 0xb7, 0xb5,
    0xd7, 0xb5, 0xf8, 0xbd, 0xf8, 0xc5, 0x18, 0xbe, 0xf8, 0xc5, 0xf8, 0xc5,
    0xd8, 0xbd, 0x96, 0xb5, 0x55, 0xad, 0x35, 0xa5, 0x96, 0xb5, 0x97, 0xb5,
    0xb7, 0xb5, 0x96, 0xb5, 0x56, 0xa5, 0xf4, 0x9c, 0xd3, 0x94, 0x14, 0x9d,
    0x76, 0xad, 0xb7, 0xb5, 0x96, 0xb5, 0x76, 0xad, 0x76, 0xad, 0xf4, 0x9c,
    0x73, 0x8c, 0xb3, 0x94, 0xb3, 0x94, 0xf4, 0x9c, 0xf4, 0x9c, 0x72, 0x8c,
    0x92, 0x8c, 0x31, 0x84, 0xaf, 0x73, 0xaf, 0x73, 0x8e, 0x6b, 0xcf, 0x73,
    0xf0, 0x73, 0xf1, 0x7b, 0xd1, 0x7b, 0x73, 0x8c, 0xb3, 0x8c, 0xd4, 0x94,
    0x93, 0x94, 0x92, 0x8c, 0xd4, 0x9c, 0xf4, 0x9c, 0xd3, 0x9c, 0x31, 0x84,
    0x31, 0x84, 0x93, 0x94, 0x93, 0x94, 0xd4, 0x94, 0xf4, 0x9c, 0xf4, 0x9c,
    0xf4, 0x9c, 0x14, 0x9d, 0xf4, 0x9c, 0xd4, 0x9c, 0xd3, 0x94, 0xb3, 0x94,
    0xb3, 0x94, 0xb2, 0x94, 0x92, 0x94, 0xb3, 0x94, 0xb3, 0x94, 0x92, 0x94,
    0xd3, 0x9c, 0xd3, 0x9c, 0xd3, 0x9c, 0xd3, 0x94, 0xb3, 0x94, 0xb3, 0x94,
    0x92, 0x94, 0xb2, 0x94, 0xb3, 0x94, 0xb3, 0x94, 0xb2, 0x94, 0x92, 0x94,
    0x72, 0x8c, 0x92, 0x8c, 0x92, 0x8c, 0x72, 0x8c, 0x51, 0x84, 0x71, 0x8c,
    0x72, 0x8c, 0x72, 0x8c, 0x31, 0x84, 0xf0, 0x7b, 0xaf, 0x73, 0xf0, 0x7b,
    0xaf, 0x73, 0x8e, 0x6b, 0x2c, 0x63, 0x2c, 0x63, 0x8e, 0x6b, 0xaf, 0x73,
    0x8e, 0x73, 0x8e, 0x73, 0x4d, 0x6b, 0x0c, 0x63, 0xec, 0x5a, 0xcb, 0x52,
    0xcb, 0x5a, 0xcb, 0x5a, 0xec, 0x5a, 0x0c, 0x5b, 0x8e, 0x73, 0x0c, 0x63,
    0x6a, 0x4a, 0xe8, 0x39, 0xc7, 0x39, 0xc7, 0x39, 0xe8, 0x39, 0x08, 0x42,
    0x08, 0x42, 0x08, 0x42, 0x29, 0x42, 0x8a, 0x52, 0xcb, 0x5a, 0x8a, 0x4a,
    0xc7, 0x39, 0xc7, 0x31, 0xc7, 0x39, 0xa7, 0x31, 0xc8, 0x39, 0x08, 0x42,
    0x69, 0x4a, 0xaa, 0x52, 0xab, 0x52, 0x0c, 0x63, 0x2d, 0x63, 0x0d, 0x63,
    0xcb, 0x5a, 0x49, 0x4a, 0x29, 0x42, 0x49, 0x4a, 0x29, 0x42, 0x08, 0x42,
    0xe8, 0x39, 0xe8, 0x39, 0xc7, 0x39, 0xc7, 0x39, 0xc7, 0x39, 0xe8, 0x41,
    0x28, 0x42, 0x49, 0x4a, 0x8a, 0x52, 0x49, 0x4a, 0xc7, 0x39, 0xc7, 0x39,
    0x86, 0x31, 0x66, 0x29, 0x45, 0x29, 0x45, 0x29, 0x45, 0x29, 0x86, 0x29,
    0x86, 0x31, 0x66, 0x31, 0x86, 0x31, 0xa7, 0x31, 0xa7, 0x31, 0xc7, 0x39,
    0xe7, 0x39, 0xc7, 0x31, 0x86, 0x31, 0x66, 0x29, 0x45, 0x29, 0x45, 0x29,
    0x45, 0x29, 0x45, 0x21, 0x25, 0x21, 0x04, 0x21, 0x04, 0x21, 0x45, 0x29,
    0x25, 0x21, 0xe4, 0x20, 0xe3, 0x18, 0xa3, 0x10, 0xa3, 0x10, 0xa2, 0x10,
    0xa3, 0x18, 0xc3, 0x18, 0xa2, 0x10, 0xa2, 0x10, 0xa2, 0x10, 0xa2, 0x10,
    0xa3, 0x10, 0x82, 0x10, 0x82, 0x10, 0xa3, 0x10, 0xa3, 0x18, 0xa2, 0x18,
    0xa3, 0x10, 0xa2, 0x10, 0xa2, 0x18, 0xa3, 0x18, 0xa3, 0x10, 0xa2, 0x10,
    0xa2, 0x10, 0x82, 0x10, 0x82, 0x10, 0x41, 0x08, 0x40, 0x08, 0x41, 0x08,
    0x41, 0x08, 0x41, 0x08, 0x41, 0x08, 0x40, 0x08, 0x41, 0x08, 0x41, 0x08,
    0x40, 0x08, 0x40, 0x08, 0x40, 0x08, 0x41, 0x08, 0x41, 0x08, 0x61, 0x08,
    0xa2, 0x10, 0xe3, 0x18, 0xe3, 0x18, 0xe3, 0x18, 0xe3, 0x18, 0xe3, 0x18,
    0xc3, 0x18, 0xa3, 0x18, 0xc3, 0x10, 0xc3, 0x18, 0xc3, 0x18, 0xc3, 0x18,
    0xe3, 0x18, 0x04, 0x21, 0x04, 0x21, 0xc3, 0x18, 0xa3, 0x18, 0xc3, 0x18,
    0xc3, 0x18, 0xe3, 0x18, 0xc3, 0x18, 0xa2, 0x10, 0x61, 0x10, 0x61, 0x10,
    0x62, 0x08, 0x81, 0x10, 0x81, 0x10, 0x61, 0x08, 0x61, 0x10, 0x62, 0x10,
    0x81, 0x10, 0x82, 0x10, 0x81, 0x10, 0x81, 0x10, 0x82, 0x10, 0x82, 0x10,
    0x81, 0x10, 0x81, 0x10, 0xa2, 0x10, 0x81, 0x10, 0xa2, 0x10, 0x82, 0x10,
    0x82, 0x10, 0x82, 0x10, 0x82, 0x10, 0x82, 0x10, 0xa2, 0x10, 0x82, 0x10,
    0x82, 0x10, 0x82, 0x10, 0x82, 0x10, 0x82, 0x10, 0x82, 0x10, 0x82, 0x10,
    0x82, 0x10, 0xc3, 0x18, 0x04, 0x21, 0x04, 0x21, 0x45, 0x29, 0xc7, 0x39,
    0x08, 0x42, 0xc7, 0x39, 0xe8, 0x41, 0x29, 0x42, 0x08, 0x42, 0xc7, 0x39,
    0xa7, 0x31, 0xc7, 0x39, 0x29, 0x42, 0x6a, 0x4a, 0x2d, 0x63, 0x4d, 0x6b,
    0x4e, 0x6b, 0x8f, 0x6b, 0xaf, 0x73, 0x8f, 0x73, 0xcf, 0x73, 0xcf, 0x73,
    0xaf, 0x73, 0xf0, 0x7b, 0x32, 0x84, 0x32, 0x84, 0x32, 0x84, 0x52, 0x84,
    0x52, 0x8c, 0x72, 0x8c, 0x92, 0x8c, 0x93, 0x94, 0x92, 0x8c, 0x72, 0x8c,
    0x31, 0x84, 0x8e, 0x73, 0xaf, 0x73, 0xcf, 0x73, 0x8f, 0x73, 0xf0, 0x7b,
    0x31, 0x84, 0x72, 0x8c, 0x93, 0x8c, 0x93, 0x94, 0x35, 0xa5, 0x96, 0xad,
    0xd7, 0xbd, 0xd7, 0xbd, 0xd7, 0xbd, 0xf8, 0xbd, 0x18, 0xc6, 0x19, 0xc6,
    0x19, 0xbe, 0x18, 0xc6, 0xf8, 0xbd, 0xd8, 0xb5, 0x76, 0xad, 0x56, 0xad,
    0x76, 0xb5, 0xb7, 0xb5, 0xd8, 0xbd, 0xd8, 0xbd, 0xd7, 0xb5, 0x97, 0xb5,
    0x56, 0xad, 0x55, 0xa5, 0x56, 0xad, 0x76, 0xad, 0x96, 0xad, 0xb7, 0xb5,
    0xb7, 0xb5, 0x97, 0xb5, 0x14, 0x9d, 0xb3, 0x94, 0x31, 0x84, 0x93, 0x94,
    0x14, 0x9d, 0x14, 0xa5, 0x35, 0xa5, 0x14, 0x9d, 0xf0, 0x7b, 0xf0, 0x7b,
    0x11, 0x7c, 0x11, 0x7c, 0x52, 0x84, 0x11, 0x84, 0xf1, 0x7b, 0x52, 0x8c,
    0xb3, 0x8c, 0xd4, 0x94, 0x93, 0x94, 0xb3, 0x94, 0xf4, 0x9c, 0xf4, 0x9c,
    0xd3, 0x94, 0x52, 0x84, 0x52, 0x84, 0xb3, 0x94, 0xb3, 0x94, 0xd4, 0x9c,
    0xf4, 0x9c, 0xf4, 0x9c, 0xf4, 0x9c, 0xf5, 0x9c, 0xf4, 0x9c, 0xd4, 0x9c,
    0xb3, 0x94, 0xb3, 0x94, 0x92, 0x94, 0x92, 0x94, 0x92, 0x8c, 0x92, 0x94,
    0xd3, 0x9c, 0xb3, 0x94, 0xb3, 0x94, 0xb3, 0x94, 0xb3, 0x94, 0xb3, 0x94,
    0xb3, 0x94, 0xb2, 0x94, 0x92, 0x94, 0x92, 0x94, 0x92, 0x94, 0xb2, 0x94,
    0x92, 0x94, 0x72, 0x8c, 0x72, 0x8c, 0x92, 0x94, 0x72, 0x8c, 0x72, 0x8c,
    0x71, 0x8c, 0x71, 0x8c, 0x72, 0x8c, 0x92, 0x8c, 0x72, 0x8c, 0x31, 0x84,
    0x10, 0x7c, 0xaf, 0x73, 0x8e, 0x6b, 0x4d, 0x6b, 0x0c, 0x63, 0x2d, 0x63,
    0x2d, 0x63, 0x6e, 0x6b, 0x4e, 0x6b, 0x6e, 0x6b, 0x6e, 0x6b, 0x4d, 0x6b,
    0x0d, 0x63, 0xab, 0x52, 0xcb, 0x52, 0xcb, 0x5a, 0xec, 0x5a, 0xec, 0x5a,
    0x6e, 0x6b, 0x2d, 0x63, 0xe8, 0x39, 0xc7, 0x39, 0xa7, 0x31, 0xe8, 0x39,
    0xe8, 0x39, 0xe8, 0x39, 0xe7, 0x39, 0xc7, 0x31, 0x08, 0x42, 0x49, 0x4a,
    0x6a, 0x4a, 0xc7, 0x39, 0xa7, 0x31, 0xc7, 0x39, 0xc7, 0x39, 0xc7, 0x39,
    0xc7, 0x39, 0xe8, 0x39, 0x08, 0x42, 0x6a, 0x4a, 0xcb, 0x5a, 0x2d, 0x63,
    0xec, 0x62, 0xeb, 0x5a, 0xcb, 0x52, 0x6a, 0x4a, 0x49, 0x4a, 0x29, 0x42,
    0xe8, 0x39, 0xc7, 0x39, 0xa7, 0x31, 0xa7, 0x31, 0xc7, 0x39, 0x08, 0x42,
    0x08, 0x42, 0xe8, 0x39, 0x08, 0x42, 0x6a, 0x4a, 0x4a, 0x4a, 0xc7, 0x39,
    0xa7, 0x31, 0xa7, 0x31, 0xa7, 0x31, 0xa7, 0x31, 0x66, 0x29, 0x66, 0x29,
    0x86, 0x31, 0x86, 0x31, 0x86, 0x29, 0x86, 0x29, 0x86, 0x31, 0x86, 0x31,
    0x86, 0x31, 0xa7, 0x31, 0xa7, 0x31, 0x86, 0x31, 0x86, 0x31, 0x86, 0x29,
    0x45, 0x21, 0x04, 0x21, 0x25, 0x21, 0x45, 0x29, 0x25, 0x21, 0x04, 0x21,
    0x25, 0x21, 0x66, 0x29, 0x25, 0x21, 0xe4, 0x18, 0xc3, 0x18, 0xc3, 0x18,
    0xa3, 0x18, 0xc3, 0x18, 0xc3, 0x10, 0xa3, 0x18, 0x82, 0x10, 0xa2, 0x10,
    0xa3, 0x10, 0xa2, 0x10, 0xa2, 0x10, 0xa3, 0x10, 0x82, 0x10, 0xa2, 0x10,
    0xa3, 0x10, 0xa3, 0x10, 0xa2, 0x10, 0xa3, 0x18, 0xa3, 0x10, 0xa2, 0x10,
    0xa3, 0x10, 0xa3, 0x18, 0xa2, 0x10, 0xa3, 0x10, 0xa3, 0x18, 0x41, 0x08,
    0x41, 0x08, 0x41, 0x08, 0x40, 0x08, 0x41, 0x08, 0x41, 0x08, 0x61, 0x08,
    0x40, 0x08, 0x41, 0x08, 0x41, 0x08, 0x40, 0x08, 0x41, 0x08, 0x41, 0x08,
    0x82, 0x10, 0xc3, 0x18, 0xe3, 0x18, 0xe3, 0x18, 0xc3, 0x18, 0xc3, 0x18,
    0xe4, 0x18, 0xe3, 0x18, 0xe3, 0x18, 0xe3, 0x18, 0xe4, 0x18, 0xc3, 0x18,
    0xe4, 0x18, 0x04, 0x19, 0x24, 0x21, 0x25, 0x21, 0x04, 0x21, 0xc3, 0x18,
    0xa3, 0x10, 0xa3, 0x10, 0xa3, 0x18, 0xc3, 0x18, 0xe3, 0x20, 0xc3, 0x18,
    0x82, 0x10, 0x61, 0x08, 0x61, 0x08, 0x62, 0x10, 0x62, 0x10, 0x61, 0x08,
    0x82, 0x10, 0x82, 0x10, 0x81, 0x10, 0x82, 0x10, 0x82, 0x10, 0x82, 0x10,
    0x81, 0x10, 0x82, 0x10, 0x81, 0x10, 0x82, 0x10, 0x82, 0x10, 0x82, 0x10,
    0xa2, 0x10, 0x81, 0x10, 0x82, 0x10, 0xa1, 0x10, 0x82, 0x10, 0x81, 0x10,
    0x82, 0x10, 0x82, 0x10, 0xa2, 0x10, 0x82, 0x10, 0x81, 0x10, 0x81, 0x10,
    0x82, 0x10, 0x81, 0x10, 0x82, 0x10, 0x04, 0x21, 0x25, 0x21, 0x25, 0x21,
    0x45, 0x29, 0xa7, 0x31, 0xa7, 0x31, 0xe7, 0x39, 0x29, 0x4a, 0x49, 0x4a,
    0xc7, 0x39, 0xc7, 0x31, 0x87, 0x31, 0xa7, 0x31, 0x08, 0x3a, 0x6a, 0x4a,
    0x0d, 0x5b, 0x6e, 0x6b, 0x6e, 0x6b, 0xaf, 0x6b, 0xb0, 0x73, 0xaf, 0x73,
    0xd0, 0x73, 0xaf, 0x73, 0xaf, 0x73, 0xd0, 0x7b, 0x11, 0x7c, 0x11, 0x84,
    0x11, 0x84, 0x52, 0x84, 0x72, 0x8c, 0x51, 0x84, 0x72, 0x8c, 0x92, 0x8c,
    0x92, 0x94, 0x52, 0x8c, 0x52, 0x8c, 0x72, 0x8c, 0x93, 0x8c, 0xf1, 0x7b,
    0xd0, 0x7b, 0x10, 0x7c, 0x72, 0x8c, 0xd4, 0x9c, 0xd4, 0x9c, 0x14, 0x9d,
    0x96, 0xad, 0xb7, 0xbd, 0xd8, 0xbd, 0xd7, 0xbd, 0xd7, 0xbd, 0xf8, 0xbd,
    0x18, 0xbe, 0x19, 0xc6, 0x18, 0xc6, 0x18, 0xbe, 0xd8, 0xbd, 0xd8, 0xbd,
    0xd7, 0xbd, 0xb7, 0xb5, 0xb7, 0xb5, 0xb7, 0xb5, 0xb7, 0xb5, 0xb7, 0xb5,
    0xd7, 0xbd, 0xf8, 0xbd, 0xf8, 0xbd, 0xd7, 0xb5, 0xb7, 0xb5, 0xb7, 0xb5,
    0xb7, 0xb5, 0xd8, 0xb5, 0xf8, 0xbd, 0xb7, 0xb5, 0x15, 0xa5, 0xf4, 0x9c,
    0xd3, 0x94, 0x35, 0xa5, 0x76, 0xad, 0x97, 0xb5, 0x56, 0xad, 0x14, 0xa5,
    0xf0, 0x7b, 0xf0, 0x7b, 0x11, 0x7c, 0x72, 0x84, 0x73, 0x8c, 0x32, 0x84,
    0x11, 0x7c, 0x31, 0x7c, 0x93, 0x8c, 0xb3, 0x94, 0xb3, 0x94, 0xd3, 0x94,
    0xd3, 0x9c, 0xd4, 0x9c, 0xb3, 0x94, 0x93, 0x8c, 0xb3, 0x94, 0xd3, 0x94,
    0xd4, 0x9c, 0xf4, 0x9c, 0xd4, 0x9c, 0xf4, 0x9c, 0xf4, 0x9c, 0xf5, 0x9c,
    0xf4, 0x9c, 0xd4, 0x94, 0xb3, 0x94, 0xb3, 0x94, 0xb3, 0x94, 0x92, 0x94,
    0x72, 0x8c, 0x51, 0x8c, 0xb3, 0x94, 0xd3, 0x94, 0x92, 0x94, 0x93, 0x94,
    0xb2, 0x94, 0x92, 0x94, 0xb2, 0x94, 0x92, 0x8c, 0x92, 0x8c, 0x92, 0x94,
    0x72, 0x8c, 0x72, 0x8c, 0x72, 0x8c, 0x72, 0x8c, 0x72, 0x8c, 0x72, 0x94,
    0x92, 0x94, 0x92, 0x8c, 0x92, 0x8c, 0x72, 0x8c, 0x72, 0x8c, 0x92, 0x94,
    0x92, 0x8c, 0x51, 0x8c, 0x10, 0x7c, 0x8e, 0x6b, 0x4d, 0x6b, 0x0c, 0x63,
    0x0c, 0x63, 0x2d, 0x63, 0x0d, 0x63, 0x2d, 0x63, 0x4d, 0x6b, 0x6e, 0x6b,
    0x4d, 0x6b, 0x4d, 0x63, 0x2d, 0x63, 0xec, 0x5a, 0x0c, 0x63, 0xeb, 0x5a,
    0xcb, 0x5a, 0xab, 0x5a, 0x4d, 0x6b, 0x2d, 0x63, 0x29, 0x42, 0xc7, 0x39,
    0xa7, 0x31, 0xe8, 0x39, 0xe8, 0x39, 0xe8, 0x39, 0xe8, 0x39, 0x66, 0x29,
    0x66, 0x29, 0xa7, 0x31, 0xc7, 0x31, 0xa7, 0x31, 0xc7, 0x39, 0xe8, 0x39,
    0x08, 0x42, 0xa7, 0x31, 0x86, 0x31, 0xa7, 0x31, 0xa7, 0x31, 0xa7, 0x31,
    0x08, 0x42, 0x29, 0x42, 0xc7, 0x39, 0xc7, 0x39, 0xe8, 0x39, 0xc7, 0x39,
    0xa7, 0x31, 0x86, 0x31, 0x86, 0x31, 0x66, 0x29, 0x65, 0x29, 0x65, 0x29,
    0x86, 0x31, 0xa7, 0x31, 0xc7, 0x39, 0xe8, 0x39, 0x29, 0x42, 0x6a, 0x4a,
    0xa7, 0x31, 0xa7, 0x31, 0xa7, 0x31, 0xc7, 0x39, 0xc7, 0x39, 0xc7, 0x39,
    0xc7, 0x39, 0xa7, 0x31, 0xc7, 0x39, 0xa7, 0x31, 0xa7, 0x31, 0xa7, 0x31,
    0xa6, 0x31, 0xa7, 0x31, 0x86, 0x31, 0xa7, 0x31, 0x86, 0x31, 0x86, 0x31,
    0x66, 0x29, 0x45, 0x29, 0x25, 0x21, 0x04, 0x21, 0x25, 0x21, 0x25, 0x21,
    0x04, 0x21, 0x04, 0x21, 0x25, 0x21, 0x45, 0x29, 0x24, 0x21, 0xe3, 0x18,
    0xc3, 0x18, 0xc3, 0x10, 0xa2, 0x18, 0xc3, 0x18, 0xc3, 0x10, 0xa2, 0x10,
    0x82, 0x10, 0xa3, 0x18, 0x82, 0x10, 0x82, 0x10, 0x82, 0x10, 0xa2, 0x10,
    0xa3, 0x10, 0xa2, 0x10, 0xa2, 0x18, 0xa3, 0x10, 0xa2, 0x10, 0xa3, 0x10,
    0xa2, 0x10, 0xc2, 0x10, 0xa3, 0x18, 0xa2, 0x10, 0xa2, 0x10, 0xa2, 0x10,
    0xa3, 0x10, 0x41, 0x08, 0x41, 0x08, 0x61, 0x08, 0x60, 0x08, 0x41, 0x08,
    0x41, 0x08, 0x40, 0x08, 0x41, 0x08, 0x41, 0x08, 0x41, 0x08, 0x41, 0x08,
    0x61, 0x08, 0xa2, 0x10, 0xe3, 0x18, 0xc3, 0x18, 0xe3, 0x18, 0xe4, 0x18,
    0xc3, 0x18, 0xc3, 0x18, 0xe3, 0x18, 0xc3, 0x18, 0xa3, 0x18, 0xa3, 0x10,
    0xc3, 0x18, 0xc3, 0x18, 0xc3, 0x18, 0x04, 0x19, 0x25, 0x29, 0x66, 0x29,
    0x45, 0x29, 0x25, 0x21, 0x04, 0x19, 0xa3, 0x18, 0xa2, 0x10, 0xc3, 0x18,
    0xe4, 0x20, 0xc3, 0x18, 0xc2, 0x18, 0x62, 0x10, 0x61, 0x08, 0x61, 0x08,
    0x61, 0x10, 0x61, 0x10, 0x82, 0x10, 0x61, 0x08, 0x82, 0x10, 0x82, 0x10,
    0x81, 0x10, 0x82, 0x10, 0x82, 0x10, 0x81, 0x10, 0x82, 0x10, 0x82, 0x10,
    0x82, 0x10, 0x82, 0x10, 0x81, 0x10, 0x82, 0x10, 0x82, 0x10, 0x82, 0x10,
    0xa1, 0x10, 0x82, 0x10, 0x81, 0x10, 0x81, 0x10, 0x82, 0x10, 0x82, 0x10,
    0x81, 0x10, 0x82, 0x10, 0x82, 0x10, 0xa2, 0x10, 0xa2, 0x10, 0x24, 0x21,
    0x25, 0x21, 0x66, 0x29, 0xc7, 0x39, 0xa7, 0x31, 0xc7, 0x31, 0xc7, 0x39,
    0x49, 0x42, 0x29, 0x42, 0x08, 0x3a, 0xa7, 0x39, 0x66, 0x29, 0x86, 0x31,
    0x28, 0x42, 0x6a, 0x4a, 0xcb, 0x5a, 0x6e, 0x6b, 0xaf, 0x73, 0xb0, 0x73,
    0xd0, 0x73, 0xf0, 0x7b, 0x11, 0x7c, 0xf0, 0x7b, 0xd0, 0x7b, 0xf1, 0x7b,
    0xf1, 0x83, 0x10, 0x7c, 0x31, 0x84, 0x51, 0x84, 0x52, 0x84, 0x51, 0x84,
    0x52, 0x8c, 0x92, 0x94, 0xd4, 0x9c, 0x15, 0x9d, 0x35, 0xa5, 0x35, 0xa5,
    0x15, 0xa5, 0x15, 0xa5, 0x14, 0x9d, 0x92, 0x94, 0xd3, 0x9c, 0x55, 0xa5,
    0x76, 0xad, 0x96, 0xad, 0xb7, 0xb5, 0xb7, 0xbd, 0xd7, 0xb5, 0xd7, 0xb5,
    0xb7, 0xbd, 0xf7, 0xbd, 0xf8, 0xbd, 0xf8, 0xbd, 0xf8, 0xc5, 0xf8, 0xbd,
    0xf8, 0xbd, 0xf8, 0xbd, 0xf8, 0xbd, 0xf8, 0xbd, 0xf8, 0xc5, 0x18, 0xc6,
    0x18, 0xc6, 0x18, 0xc6, 0xf8, 0xbd, 0xf8, 0xbd, 0x18, 0xc6, 0x39, 0xc6,
    0x39, 0xc6, 0x18, 0xc6, 0x39, 0xc6, 0x38, 0xc6, 0x18, 0xbe, 0xd7, 0xbd,
    0x76, 0xad, 0x76, 0xad, 0x77, 0xad, 0x76, 0xad, 0x96, 0xad, 0x96, 0xad,
    0x55, 0xa5, 0xf4, 0x9c, 0x31, 0x84, 0xaf, 0x73, 0xcf, 0x73, 0x11, 0x7c,
    0x11, 0x7c, 0x31, 0x84, 0x31, 0x84, 0x31, 0x7c, 0x52, 0x84, 0x92, 0x8c,
    0xb3, 0x94, 0xb3, 0x94, 0xd3, 0x94, 0xd4, 0x94, 0xb4, 0x9c, 0xd4, 0x9c,
    0xf4, 0x9c, 0xd4, 0x9c, 0xf4, 0x9c, 0x14, 0x9d, 0xf4, 0x9c, 0xf4, 0x9c,
    0xf4, 0x9c, 0xf4, 0x9c, 0xf4, 0x9c, 0xd3, 0x9c, 0xd3, 0x94, 0xb3, 0x94,
    0xb2, 0x94, 0x92, 0x8c, 0x72, 0x8c, 0x51, 0x8c, 0x92, 0x94, 0x72, 0x8c,
    0x92, 0x8c, 0x92, 0x94, 0x92, 0x94, 0x92, 0x94, 0x93, 0x94, 0x72, 0x8c,
    0x72, 0x8c, 0x72, 0x8c, 0x72, 0x8c, 0x72, 0x8c, 0x51, 0x8c, 0x51, 0x8c,
    0x71, 0x8c, 0x92, 0x94, 0x92, 0x8c, 0x92, 0x8c, 0x92, 0x94, 0x92, 0x8c,
    0x92, 0x94, 0xb3, 0x94, 0x72, 0x8c, 0x51, 0x84, 0x10, 0x7c, 0x6e, 0x6b,
    0x0c, 0x63, 0xec, 0x5a, 0x0c, 0x63, 0x0d, 0x63, 0xec, 0x5a, 0xec, 0x62,
    0x2d, 0x63, 0x4e, 0x6b, 0x0c, 0x63, 0x2d, 0x63, 0x4d, 0x6b, 0x2c, 0x63,
    0xec, 0x5a, 0xcb, 0x5a, 0xab, 0x52, 0xab, 0x52, 0x0c, 0x63, 0x4d, 0x6b,
    0x8a, 0x52, 0xe8, 0x39, 0xa6, 0x31, 0xa7, 0x39, 0x08, 0x42, 0x08, 0x42,
    0x28, 0x42, 0x86, 0x31, 0x86, 0x31, 0xc7, 0x39, 0xe8, 0x41, 0xa7, 0x31,
    0xc7, 0x39, 0xe8, 0x39, 0x09, 0x42, 0xa7, 0x31, 0x86, 0x31, 0x86, 0x31,
    0x66, 0x29, 0x66, 0x29, 0xc7, 0x39, 0x08, 0x42, 0x86, 0x31, 0x66, 0x29,
    0x86, 0x31, 0x87, 0x31, 0xa7, 0x31, 0xa6, 0x31, 0x86, 0x31, 0x66, 0x29,
    0x65, 0x29, 0x66, 0x31, 0x66, 0x29, 0x86, 0x29, 0xa7, 0x31, 0xc7, 0x39,
    0xe8, 0x39, 0xa7, 0x39, 0xa6, 0x31, 0xa6, 0x31, 0xc7, 0x39, 0xc7, 0x39,
    0xc7, 0x39, 0xc7, 0x31, 0xc7, 0x39, 0xc7, 0x39, 0xe8, 0x39, 0x08, 0x42,
    0xe8, 0x41, 0xc8, 0x39, 0xc7, 0x39, 0xc7, 0x39, 0xc7, 0x31, 0xa7, 0x31,
    0x86, 0x31, 0x66, 0x29, 0x46, 0x29, 0x45, 0x29, 0x45, 0x29, 0x25, 0x21,
    0x25, 0x21, 0x04, 0x21, 0x04, 0x21, 0x04, 0x21, 0x25, 0x21, 0x45, 0x29,
    0xe3, 0x18, 0xc3, 0x18, 0xa3, 0x10, 0xc2, 0x10, 0xa2, 0x10, 0xa3, 0x18,
    0xa2, 0x18, 0xa2, 0x10, 0xa2, 0x10, 0xa3, 0x10, 0xa2, 0x10, 0xa2, 0x10,
    0xa3, 0x10, 0xa2, 0x10, 0xa2, 0x10, 0xa3, 0x10, 0xa3, 0x18, 0xc2, 0x10,
    0xc3, 0x10, 0xa2, 0x18, 0xa3, 0x18, 0xa3, 0x18, 0xa2, 0x10, 0x82, 0x10,
    0x82, 0x10, 0xa2, 0x18, 0xa2, 0x10, 0x41, 0x08, 0x41, 0x08, 0x41, 0x08,
    0x40, 0x08, 0x41, 0x08, 0x41, 0x08, 0x41, 0x08, 0x41, 0x08, 0x40, 0x08,
    0x61, 0x08, 0x61, 0x10, 0xa2, 0x18, 0xc3, 0x18, 0xa3, 0x10, 0xc3, 0x18,
    0xc3, 0x18, 0xc3, 0x18, 0xc3, 0x18, 0xe3, 0x18, 0xc3, 0x18, 0xa3, 0x18,
    0xa2, 0x10, 0xa2, 0x10, 0xa2, 0x10, 0xc3, 0x18, 0xe3, 0x18, 0x04, 0x21,
    0x66, 0x29, 0x86, 0x31, 0x66, 0x29, 0x45, 0x29, 0x44, 0x21, 0xe3, 0x18,
    0xa3, 0x18, 0xc3, 0x18, 0xe3, 0x18, 0xc3, 0x18, 0xa2, 0x10, 0x82, 0x10,
    0x61, 0x08, 0x61, 0x10, 0x62, 0x10, 0x61, 0x08, 0x61, 0x08, 0x82, 0x10,
    0x61, 0x10, 0x81, 0x08, 0x81, 0x08, 0x82, 0x10, 0x81, 0x10, 0x81, 0x08,
    0x82, 0x10, 0x81, 0x10, 0x81, 0x10, 0x82, 0x10, 0xa2, 0x10, 0x82, 0x10,
    0x81, 0x10, 0x82, 0x10, 0x82, 0x10, 0x82, 0x10, 0xa2, 0x10, 0x82, 0x10,
    0x82, 0x10, 0xa2, 0x10, 0x82, 0x10, 0xa2, 0x10, 0xa2, 0x10, 0xa2, 0x10,
    0xc3, 0x18, 0x25, 0x21, 0x66, 0x29, 0x08, 0x42, 0x08, 0x42, 0xc7, 0x39,
    0xa7, 0x39, 0xe8, 0x39, 0x49, 0x4a, 0x29, 0x42, 0x08, 0x42, 0xc7, 0x39,
    0x66, 0x29, 0xa6, 0x31, 0x49, 0x4a, 0x8a, 0x4a, 0xcc, 0x5a, 0x4e, 0x63,
    0xaf, 0x73, 0xaf, 0x73, 0xb0, 0x73, 0xf1, 0x7b, 0x11, 0x7c, 0xd0, 0x7b,
    0xf0, 0x7b, 0x11, 0x84, 0xf1, 0x7b, 0xf0, 0x7b, 0x11, 0x84, 0x31, 0x84,
    0x31, 0x84, 0x52, 0x8c, 0xb3, 0x94, 0xd4, 0x9c, 0xf4, 0x9c, 0x15, 0x9d,
    0x35, 0xa5, 0x35, 0xa5, 0x15, 0xa5, 0x35, 0xa5, 0x76, 0xad, 0x35, 0xa5,
    0x76, 0xad, 0xb7, 0xb5, 0xb7, 0xb5, 0xb7, 0xb5, 0xb7, 0xb5, 0xd7, 0xbd,
    0xd7, 0xb5, 0xb6, 0xb5, 0xb7, 0xb5, 0xd7, 0xbd, 0xd7, 0xbd, 0xd7, 0xbd,
    0xf8, 0xbd, 0xf8, 0xc5, 0x18, 0xc6, 0xf8, 0xbd, 0xf8, 0xc5, 0x18, 0xc6,
    0x39, 0xc6, 0x59, 0xce, 0x59, 0xce, 0x59, 0xce, 0x59, 0xc6, 0x59, 0xc6,
    0x39, 0xc6, 0x39, 0xc6, 0x39, 0xc6, 0x18, 0xc6, 0x39, 0xc6, 0x39, 0xc6,
    0x39, 0xc6, 0x18, 0xc6, 0xf8, 0xbd, 0xd8, 0xbd, 0xd8, 0xb5, 0xb7, 0xb5,
    0x97, 0xb5, 0x76, 0xad, 0x55, 0xad, 0x15, 0x9d, 0x31, 0x84, 0xf0, 0x7b,
    0x8f, 0x6b, 0xaf, 0x73, 0xf0, 0x7b, 0x31, 0x84, 0x31, 0x84, 0x31, 0x84,
    0x31, 0x84, 0x51, 0x84, 0x72, 0x8c, 0xb3, 0x94, 0xd3, 0x94, 0xd4, 0x94,
    0xd4, 0x9c, 0xf4, 0x9c, 0xf4, 0x9c, 0xf4, 0x9c, 0x15, 0xa5, 0x14, 0xa5,
    0xf4, 0x9c, 0xf4, 0x9c, 0xf4, 0x9c, 0xf4, 0x9c, 0xd3, 0x9c, 0xd3, 0x94,
    0xb3, 0x94, 0xb2, 0x94, 0x92, 0x94, 0x72, 0x8c, 0x52, 0x8c, 0x51, 0x8c,
    0x72, 0x8c, 0x51, 0x8c, 0x52, 0x8c, 0x72, 0x8c, 0x92, 0x8c, 0x72, 0x8c,
    0x92, 0x94, 0x72, 0x8c, 0x72, 0x8c, 0x51, 0x8c, 0x72, 0x8c, 0x51, 0x8c,
    0x31, 0x8c, 0x51, 0x8c, 0x72, 0x8c, 0x92, 0x94, 0x92, 0x94, 0x92, 0x94,
    0x93, 0x94, 0x93, 0x94, 0x92, 0x8c, 0x93, 0x94, 0x51, 0x84, 0x31, 0x84,
    0xd0, 0x7b, 0x4d, 0x6b, 0x0c, 0x63, 0x0d, 0x63, 0x2c, 0x63, 0x0c, 0x63,
    0xec, 0x5a, 0xec, 0x5a, 0x0d, 0x63, 0x4d, 0x6b, 0x4d, 0x6b, 0x6d, 0x6b,
    0x4e, 0x6b, 0x0c, 0x63, 0x0c, 0x63, 0x0c, 0x63, 0xab, 0x52, 0x8a, 0x52,
    0xcb, 0x5a, 0x4d, 0x6b, 0xcb, 0x5a, 0x29, 0x42, 0xa7, 0x31, 0xc7, 0x39,
    0x29, 0x42, 0x69, 0x4a, 0x49, 0x4a, 0xe8, 0x39, 0xe8, 0x39, 0x29, 0x42,
    0xe8, 0x39, 0x86, 0x31, 0xa7, 0x31, 0xc7, 0x39, 0x49, 0x4a, 0xc7, 0x39,
    0xc7, 0x39, 0xc7, 0x39, 0x66, 0x31, 0x65, 0x29, 0xa7, 0x31, 0xc7, 0x39,
    0x86, 0x31, 0x45, 0x29, 0x25, 0x21, 0x24, 0x21, 0x45, 0x29, 0x66, 0x29,
    0x86, 0x31, 0x86, 0x31, 0x66, 0x29, 0x86, 0x31, 0x45, 0x29, 0x45, 0x29,
    0x66, 0x29, 0x86, 0x31, 0xa6, 0x31, 0xa7, 0x31, 0x86, 0x31, 0x86, 0x31,
    0xe8, 0x39, 0xc8, 0x39, 0xe7, 0x39, 0xc7, 0x39, 0xe8, 0x39, 0xe8, 0x41,
    0x09, 0x42, 0x29, 0x42, 0x08, 0x42, 0xe8, 0x39, 0xc7, 0x39, 0xc7, 0x39,
    0xe8, 0x39, 0xc7, 0x39, 0x86, 0x31, 0x65, 0x29, 0x66, 0x29, 0x45, 0x29,
    0x25, 0x21, 0x25, 0x21, 0x24, 0x21, 0x04, 0x21, 0x04, 0x21, 0x25, 0x21,
    0x25, 0x21, 0x24, 0x21, 0xc3, 0x18, 0xa3, 0x10, 0xc3, 0x18, 0xc2, 0x10,
    0xa3, 0x10, 0xa3, 0x18, 0xa3, 0x18, 0xa2, 0x10, 0x82, 0x10, 0xa2, 0x10,
    0xa3, 0x10, 0xa2, 0x10, 0xa3, 0x18, 0xa2, 0x10, 0xa2, 0x10, 0xa3, 0x10,
    0xa2, 0x10, 0xa2, 0x10, 0xa3, 0x10, 0xa3, 0x18, 0xa2, 0x18, 0xa3, 0x18,
    0xa2, 0x10, 0xa2, 0x10, 0x82, 0x10, 0x83, 0x10, 0xa3, 0x18, 0x41, 0x08,
    0x41, 0x08, 0x41, 0x08, 0x40, 0x08, 0x40, 0x08, 0x41, 0x08, 0x40, 0x08,
    0x40, 0x08, 0x41, 0x08, 0x81, 0x10, 0xc3, 0x18, 0xa3, 0x18, 0xa2, 0x10,
    0xa2, 0x10, 0xc3, 0x18, 0xa3, 0x10, 0xc2, 0x10, 0xc3, 0x18, 0xe4, 0x18,
    0xe3, 0x18, 0xe4, 0x18, 0xe4, 0x18, 0xe3, 0x18, 0xe4, 0x20, 0x25, 0x21,
    0x04, 0x21, 0x04, 0x21, 0x45, 0x29, 0x65, 0x29, 0x25, 0x21, 0xe4, 0x20,
    0x24, 0x21, 0x45, 0x29, 0xe4, 0x20, 0xc3, 0x18, 0xe3, 0x18, 0xe3, 0x18,
    0xa3, 0x18, 0xa2, 0x10, 0x61, 0x08, 0x61, 0x08, 0x61, 0x10, 0x61, 0x08,
    0x62, 0x10, 0x82, 0x10, 0x61, 0x10, 0x82, 0x10, 0x62, 0x10, 0x61, 0x10,
    0x82, 0x10, 0x62, 0x10, 0x82, 0x10, 0x81, 0x10, 0x82, 0x10, 0x81, 0x10,
    0x82, 0x10, 0x82, 0x10, 0x81, 0x10, 0x81, 0x10, 0x82, 0x10, 0x82, 0x10,
    0xa2, 0x10, 0x81, 0x10, 0x82, 0x10, 0x82, 0x10, 0x81, 0x10, 0xc3, 0x18,
    0xa2, 0x10, 0xa2, 0x10, 0xa3, 0x10, 0x66, 0x29, 0xe8, 0x39, 0x29, 0x42,
    0x29, 0x42, 0x08, 0x42, 0xc7, 0x39, 0x29, 0x42, 0x49, 0x4a, 0xe7, 0x39,
    0xc8, 0x39, 0xc7, 0x39, 0x86, 0x31, 0xa7, 0x31, 0x6a, 0x4a, 0xab, 0x52,
    0xec, 0x5a, 0x8e, 0x6b, 0xaf, 0x73, 0x8f, 0x6b, 0xb0, 0x73, 0xd0, 0x7b,
    0xd0, 0x73, 0xaf, 0x73, 0xd0, 0x7b, 0x11, 0x7c, 0xf0, 0x7b, 0xd0, 0x73,
    0xf0, 0x7b, 0x11, 0x84, 0x31, 0x84, 0xd3, 0x9c, 0xd3, 0x94, 0xd3, 0x94,
    0xf4, 0x9c, 0x14, 0x9d, 0x35, 0xa5, 0x56, 0xa5, 0x55, 0xa5, 0x96, 0xad,
    0x97, 0xb5, 0xb7, 0xb5, 0xb7, 0xb5, 0xb7, 0xb5, 0xb7, 0xb5, 0xb7, 0xbd,
    0xb6, 0xb5, 0xb6, 0xb5, 0xb6, 0xb5, 0xb6, 0xb5, 0xb6, 0xb5, 0xb7, 0xbd,
    0xb6, 0xb5, 0xd7, 0xbd, 0xf7, 0xbd, 0xf7, 0xbd, 0xf8, 0xbd, 0x18, 0xc6,
    0xf8, 0xc5, 0x18, 0xc6, 0x38, 0xc6, 0x39, 0xc6, 0x5a, 0xce, 0x5a, 0xce,
    0x59, 0xce, 0x7a, 0xce, 0x79, 0xce, 0x59, 0xce, 0x59, 0xce, 0x59, 0xc6,
    0x39, 0xc6, 0x39, 0xc6, 0x39, 0xce, 0x39, 0xc6, 0x18, 0xbe, 0xf8, 0xbd,
    0xb7, 0xb5, 0x76, 0xad, 0x76, 0xad, 0x36, 0xa5, 0x14, 0x9d, 0xd3, 0x94,
    0x31, 0x84, 0x11, 0x7c, 0xcf, 0x73, 0x8f, 0x6b, 0x11, 0x7c, 0x11, 0x7c,
    0xf1, 0x7b, 0x11, 0x7c, 0xf0, 0x7b, 0xf0, 0x7b, 0x52, 0x8c, 0x93, 0x94,
    0xf4, 0x9c, 0x35, 0xa5, 0x14, 0xa5, 0xf4, 0x9c, 0xf4, 0x9c, 0xf4, 0x9c,
    0x14, 0xa5, 0x14, 0x9d, 0xf4, 0x9c, 0xf4, 0x9c, 0xd4, 0x9c, 0xd3, 0x9c,
    0xb3, 0x94, 0xd3, 0x94, 0xb3, 0x94, 0x92, 0x94, 0x92, 0x94, 0x72, 0x8c,
    0x51, 0x8c, 0x51, 0x8c, 0x51, 0x8c, 0x51, 0x84, 0x51, 0x84, 0x72, 0x8c,
    0x72, 0x8c, 0x72, 0x8c, 0x72, 0x8c, 0x72, 0x8c, 0x71, 0x8c, 0x31, 0x84,
    0x71, 0x8c, 0x71, 0x8c, 0x51, 0x8c, 0x31, 0x84, 0x72, 0x8c, 0x92, 0x94,
    0x92, 0x94, 0xb2, 0x94, 0xb3, 0x94, 0x92, 0x8c, 0x92, 0x8c, 0x92, 0x94,
    0x51, 0x84, 0x10, 0x84, 0x8e, 0x6b, 0x6e, 0x6b, 0x4d, 0x63, 0x4d, 0x6b,
    0x0d, 0x63, 0x0c, 0x63, 0x2d, 0x63, 0x2d, 0x63, 0x4d, 0x6b, 0x6e, 0x6b,
    0xaf, 0x73, 0xae, 0x73, 0x8e, 0x73, 0x4e, 0x6b, 0x2d, 0x63, 0xcc, 0x5a,
    0xaa, 0x52, 0x8a, 0x52, 0xcc, 0x5a, 0x2d, 0x63, 0xcb, 0x5a, 0xab, 0x52,
    0xe7, 0x39, 0xe8, 0x39, 0x29, 0x42, 0x4a, 0x4a, 0x29, 0x42, 0x29, 0x4a,
    0x08, 0x42, 0x28, 0x42, 0xe7, 0x39, 0xc7, 0x39, 0xc7, 0x39, 0xc7, 0x39,
    0xe8, 0x39, 0xe8, 0x39, 0xe7, 0x39, 0xc7, 0x39, 0xa7, 0x31, 0x86, 0x31,
    0x86, 0x31, 0xc7, 0x39, 0xa7, 0x31, 0x66, 0x29, 0x25, 0x21, 0x04, 0x21,
    0x04, 0x21, 0x25, 0x21, 0x45, 0x29, 0x45, 0x29, 0x66, 0x29, 0x66, 0x29,
    0x45, 0x29, 0x46, 0x29, 0x66, 0x29, 0x66, 0x29, 0x86, 0x31, 0x86, 0x31,
    0x86, 0x31, 0x86, 0x31, 0xa7, 0x31, 0xe8, 0x39, 0xe8, 0x39, 0xe8, 0x39,
    0x29, 0x42, 0x49, 0x4a, 0x49, 0x4a, 0x49, 0x42, 0x09, 0x42, 0xe8, 0x39,
    0xc7, 0x39, 0xe8, 0x39, 0xc7, 0x39, 0x86, 0x31, 0x66, 0x29, 0x66, 0x29,
    0x65, 0x29, 0x25, 0x21, 0x25, 0x29, 0x24, 0x21, 0x04, 0x21, 0x04, 0x21,
    0x25, 0x21, 0x25, 0x21, 0x24, 0x21, 0xe4, 0x20, 0xc3, 0x10, 0xa2, 0x10,
    0xa3, 0x18, 0xc3, 0x10, 0xc2, 0x10, 0xc3, 0x10, 0xa2, 0x10, 0x82, 0x10,
    0xa2, 0x10, 0xa3, 0x10, 0xa2, 0x10, 0x82, 0x10, 0xa2, 0x10, 0xa3, 0x10,
    0xa2, 0x10, 0x82, 0x10, 0x82, 0x10, 0xa2, 0x10, 0xc3, 0x18, 0xc3, 0x10,
    0xa2, 0x18, 0xa3, 0x10, 0xa3, 0x10, 0xa3, 0x18, 0xa3, 0x18, 0xa2, 0x10,
    0xa2, 0x10, 0x41, 0x08, 0x41, 0x08, 0x41, 0x08, 0x40, 0x08, 0x41, 0x08,
    0x41, 0x08, 0x20, 0x08, 0x41, 0x08, 0x82, 0x10, 0xc3, 0x18, 0xa2, 0x10,
    0x82, 0x10, 0x82, 0x10, 0xa2, 0x10, 0xa3, 0x10, 0xa3, 0x18, 0xc3, 0x18,
    0xe4, 0x18, 0xe4, 0x18, 0x04, 0x21, 0x24, 0x21, 0x45, 0x29, 0x66, 0x29,
    0x86, 0x31, 0x45, 0x29, 0x04, 0x21, 0x04, 0x21, 0x04, 0x21, 0x04, 0x19,
    0xe4, 0x18, 0xc3, 0x18, 0x04, 0x21, 0x66, 0x29, 0x45, 0x29, 0xe3, 0x18,
    0x04, 0x19, 0x04, 0x21, 0xa3, 0x18, 0xa2, 0x10, 0x61, 0x10, 0x61, 0x08,
    0x61, 0x08, 0x61, 0x10, 0x61, 0x08, 0x82, 0x10, 0x61, 0x10, 0x82, 0x08,
    0x81, 0x10, 0x61, 0x10, 0x62, 0x08, 0x81, 0x10, 0x82, 0x10, 0x82, 0x10,
    0x82, 0x10, 0x81, 0x10, 0x82, 0x10, 0x81, 0x10, 0x81, 0x10, 0x82, 0x10,
    0x82, 0x10, 0x82, 0x10, 0x81, 0x10, 0xa2, 0x10, 0x82, 0x10, 0x81, 0x10,
    0x82, 0x10, 0xe3, 0x18, 0xa3, 0x10, 0x82, 0x10, 0xa3, 0x10, 0xa6, 0x31,
    0x08, 0x42, 0x29, 0x42, 0x49, 0x4a, 0x28, 0x42, 0xe8, 0x39, 0x49, 0x4a,
    0x08, 0x42, 0xa7, 0x31, 0xc7, 0x31, 0xa6, 0x31, 0xa7, 0x31, 0x08, 0x42,
    0x8a, 0x52, 0xcb, 0x52, 0x2d, 0x63, 0x8e, 0x6b, 0x8f, 0x6b, 0x4e, 0x6b,
    0x8f, 0x6b, 0xcf, 0x73, 0xaf, 0x73, 0x8e, 0x73, 0xf0, 0x7b, 0xf0, 0x7b,
    0xcf, 0x7b, 0xd0, 0x73, 0xd0, 0x7b, 0x31, 0x84, 0xf4, 0x9c, 0xd3, 0x94,
    0xd4, 0x94, 0xb3, 0x94, 0xb3, 0x94, 0xb3, 0x94, 0xd4, 0x9c, 0x15, 0xa5,
    0x56, 0xad, 0xb7, 0xb5, 0xb8, 0xb5, 0xd7, 0xb5, 0xb7, 0xb5, 0xb7, 0xb5,
    0xb7, 0xbd, 0xd7, 0xbd, 0xb7, 0xb5, 0x96, 0xb5, 0x96, 0xb5, 0x96, 0xb5,
    0x96, 0xb5, 0xb6, 0xb5, 0xb6, 0xb5, 0xb7, 0xb5, 0xd7, 0xbd, 0xf7, 0xbd,
    0xf7, 0xbd, 0xf8, 0xbd, 0x17, 0xbe, 0x17, 0xbe, 0x18, 0xc6, 0x39, 0xc6,
    0x59, 0xce, 0x59, 0xce, 0x59, 0xc6, 0x39, 0xc6, 0x39, 0xce, 0x59, 0xce,
    0x59, 0xce, 0x59, 0xce, 0x59, 0xc6, 0x38, 0xc6, 0x39, 0xce, 0x39, 0xc6,
    0x18, 0xc6, 0xf8, 0xbd, 0xb7, 0xb5, 0x55, 0xad, 0x55, 0xad, 0x35, 0xa5,
    0xb3, 0x94, 0x51, 0x8c, 0x11, 0x7c, 0x72, 0x8c, 0x11, 0x84, 0xaf, 0x73,
    0xaf, 0x73, 0xd0, 0x7b, 0xf0, 0x7b, 0x31, 0x84, 0x11, 0x7c, 0x11, 0x7c,
    0x72, 0x8c, 0xd3, 0x94, 0x35, 0xa5, 0x55, 0xa5, 0x35, 0xa5, 0x14, 0xa5,
    0x14, 0x9d, 0x14, 0x9d, 0x14, 0x9d, 0xf3, 0x9c, 0xf3, 0x9c, 0xd3, 0x9c,
    0xf3, 0x9c, 0xd3, 0x94, 0xb3, 0x94, 0x92, 0x94, 0x92, 0x94, 0x72, 0x94,
    0x72, 0x8c, 0x71, 0x8c, 0x31, 0x84, 0x51, 0x8c, 0x31, 0x84, 0x31, 0x84,
    0x31, 0x84, 0x51, 0x84, 0x72, 0x8c, 0x72, 0x8c, 0x72, 0x8c, 0x71, 0x8c,
    0x51, 0x8c, 0x51, 0x8c, 0x51, 0x8c, 0x72, 0x8c, 0x51, 0x8c, 0x51, 0x8c,
    0x72, 0x8c, 0x92, 0x8c, 0x92, 0x8c, 0x92, 0x8c, 0x92, 0x8c, 0x72, 0x8c,
    0x51, 0x8c, 0x71, 0x8c, 0x31, 0x84, 0xae, 0x73, 0x4d, 0x6b, 0x4e, 0x6b,
    0x4e, 0x6b, 0x6e, 0x6b, 0x2d, 0x63, 0x4d, 0x6b, 0x6e, 0x6b, 0x6e, 0x6b,
    0xaf, 0x73, 0xaf, 0x73, 0xaf, 0x73, 0xd0, 0x7b, 0x8f, 0x73, 0x4d, 0x6b,
    0x2c, 0x63, 0xcb, 0x5a, 0x8a, 0x52, 0x8a, 0x4a, 0xec, 0x5a, 0x0c, 0x63,
    0xab, 0x52, 0xab, 0x52, 0x6a, 0x52, 0xe8, 0x41, 0x28, 0x42, 0x49, 0x4a,
    0x29, 0x42, 0x29, 0x42, 0x08, 0x42, 0x08, 0x42, 0xa7, 0x31, 0xc8, 0x39,
    0xe8, 0x39, 0xa7, 0x31, 0xa6, 0x31, 0xe8, 0x39, 0xe8, 0x39, 0xc7, 0x31,
    0x87, 0x31, 0xa6, 0x31, 0xa7, 0x31, 0x66, 0x29, 0x45, 0x29, 0x45, 0x21,
    0x04, 0x21, 0x04, 0x21, 0x04, 0x21, 0x04, 0x21, 0x25, 0x21, 0x45, 0x29,
    0x66, 0x29, 0x45, 0x29, 0x45, 0x29, 0x45, 0x29, 0x66, 0x29, 0x66, 0x29,
    0x66, 0x29, 0x86, 0x31, 0x66, 0x29, 0x86, 0x31, 0x86, 0x31, 0xc7, 0x31,
    0xe8, 0x39, 0x08, 0x42, 0x29, 0x42, 0x09, 0x42, 0x08, 0x42, 0x29, 0x42,
    0xe8, 0x39, 0xc8, 0x39, 0xa7, 0x31, 0xa6, 0x31, 0xa7, 0x31, 0x86, 0x31,
    0x66, 0x29, 0x66, 0x31, 0x45, 0x29, 0x45, 0x21, 0x25, 0x21, 0xe4, 0x20,
    0xe4, 0x18, 0x04, 0x21, 0x04, 0x21, 0x04, 0x21, 0x04, 0x21, 0xc3, 0x18,
    0xa2, 0x10, 0xa2, 0x10, 0xa3, 0x10, 0xa2, 0x10, 0xa3, 0x18, 0xc3, 0x18,
    0xa2, 0x10, 0x82, 0x10, 0x82, 0x10, 0x82, 0x10, 0x82, 0x10, 0x82, 0x18,
    0xa3, 0x18, 0xa3, 0x10, 0xa3, 0x18, 0xa3, 0x18, 0xa2, 0x10, 0xa2, 0x10,
    0xa3, 0x18, 0xc3, 0x18, 0xc2, 0x10, 0xc3, 0x10, 0xc3, 0x18, 0xc3, 0x18,
    0xc3, 0x18, 0xa2, 0x18, 0xa2, 0x10, 0x41, 0x08, 0x40, 0x08, 0x41, 0x08,
    0x41, 0x08, 0x21, 0x08, 0x41, 0x08, 0x61, 0x08, 0x82, 0x10, 0xc3, 0x18,
    0xa3, 0x18, 0x82, 0x10, 0x82, 0x10, 0xa2, 0x10, 0xa3, 0x18, 0xc3, 0x18,
    0xc3, 0x18, 0xe3, 0x18, 0xe4, 0x18, 0x04, 0x21, 0x45, 0x29, 0x66, 0x31,
    0x86, 0x31, 0x66, 0x29, 0x66, 0x29, 0x45, 0x29, 0x04, 0x19, 0x04, 0x21,
    0x04, 0x21, 0x04, 0x21, 0x04, 0x21, 0xe3, 0x18, 0xe4, 0x18, 0x65, 0x29,
    0x24, 0x21, 0xe3, 0x18, 0x04, 0x21, 0x04, 0x21, 0xa3, 0x18, 0xa2, 0x10,
    0x62, 0x10, 0x61, 0x08, 0x61, 0x08, 0x61, 0x08, 0x61, 0x08, 0x61, 0x08,
    0x61, 0x08, 0x61, 0x10, 0x82, 0x10, 0x61, 0x08, 0x61, 0x08, 0x81, 0x10,
    0x81, 0x10, 0x62, 0x08, 0x81, 0x10, 0x81, 0x10, 0x82, 0x10, 0x82, 0x10,
    0x82, 0x10, 0x82, 0x10, 0x82, 0x10, 0xa1, 0x10, 0x82, 0x10, 0x82, 0x10,
    0xa2, 0x10, 0x81, 0x10, 0xc2, 0x18, 0x04, 0x19, 0xa2, 0x10, 0x82, 0x10,
    0x04, 0x21, 0xe8, 0x39, 0x08, 0x42, 0x08, 0x42, 0x49, 0x4a, 0x29, 0x42,
    0x49, 0x4a, 0x6a, 0x4a, 0x08, 0x42, 0xc7, 0x39, 0xe8, 0x39, 0xc7, 0x39,
    0xe8, 0x39, 0x49, 0x4a, 0x6a, 0x4a, 0xcb, 0x5a, 0x0d, 0x63, 0x4d, 0x63,
    0x4d, 0x6b, 0x0d, 0x63, 0x2d, 0x63, 0x8e, 0x6b, 0x6e, 0x6b, 0x8e, 0x6b,
    0xf0, 0x7b, 0xaf, 0x73, 0xaf, 0x73, 0xcf, 0x73, 0x11, 0x84, 0xf4, 0x9c,
    0xd4, 0x9c, 0xd3, 0x94, 0xd4, 0x9c, 0xd4, 0x9c, 0xf4, 0x9c, 0xd4, 0x9c,
    0xf4, 0x9c, 0x14, 0x9d, 0x56, 0xad, 0x97, 0xb5, 0xb7, 0xb5, 0xb7, 0xb5,
    0xb6, 0xb5, 0xb6, 0xb5, 0xb7, 0xb5, 0xd7, 0xbd, 0x96, 0xb5, 0x96, 0xad,
    0x96, 0xb5, 0x55, 0xad, 0x76, 0xad, 0x96, 0xb5, 0xb6, 0xb5, 0xb7, 0xb5,
    0xd7, 0xbd, 0xf7, 0xbd, 0xd7, 0xbd, 0xf7, 0xbd, 0xf7, 0xbd, 0xf7, 0xbd,
    0xf8, 0xbd, 0x18, 0xc6, 0x38, 0xc6, 0x39, 0xc6, 0x38, 0xc6, 0x39, 0xc6,
    0x39, 0xc6, 0x59, 0xc6, 0x59, 0xce, 0x59, 0xce, 0x38, 0xc6, 0x18, 0xc6,
    0x39, 0xc6, 0x38, 0xc6, 0xf8, 0xbd, 0xd7, 0xb5, 0xd8, 0xb5, 0x97, 0xad,
    0x35, 0xa5, 0x35, 0xa5, 0x92, 0x94, 0x11, 0x84, 0xf0, 0x7b, 0x72, 0x8c,
    0x72, 0x8c, 0x11, 0x84, 0xcf, 0x7b, 0x11, 0x7c, 0x31, 0x84, 0x31, 0x84,
    0x11, 0x7c, 0x31, 0x84, 0xd3, 0x94, 0x15, 0xa5, 0x35, 0xa5, 0x35, 0xa5,
    0x35, 0xa5, 0x15, 0xa5, 0xf4, 0x9c, 0xf4, 0x9c, 0xf3, 0x9c, 0xd3, 0x9c,
    0xd3, 0x94, 0xd3, 0x94, 0xb3, 0x94, 0xb3, 0x94, 0xb2, 0x94, 0x92, 0x8c,
    0x72, 0x8c, 0x72, 0x8c, 0x72, 0x8c, 0x51, 0x8c, 0x31, 0x84, 0x51, 0x8c,
    0x31, 0x84, 0x31, 0x84, 0x51, 0x84, 0x31, 0x84, 0x72, 0x8c, 0x71, 0x8c,
    0x71, 0x8c, 0x51, 0x8c, 0x51, 0x8c, 0x52, 0x8c, 0x51, 0x8c, 0x52, 0x8c,
    0x72, 0x8c, 0x72, 0x8c, 0x72, 0x8c, 0x71, 0x8c, 0x72, 0x94, 0x51, 0x8c,
    0x72, 0x8c, 0x51, 0x84, 0x31, 0x84, 0x51, 0x84, 0x31, 0x84, 0xae, 0x73,
    0x4e, 0x6b, 0x4d, 0x6b, 0x2d, 0x63, 0x4d, 0x63, 0x0c, 0x63, 0x4e, 0x6b,
    0x8e, 0x73, 0x8f, 0x73, 0xaf, 0x73, 0x8f, 0x73, 0x6e, 0x73, 0xaf, 0x73,
    0x8e, 0x73, 0x4d, 0x63, 0x4d, 0x6b, 0xcb, 0x5a, 0xab, 0x52, 0x8b, 0x52,
    0x0c, 0x5b, 0x0c, 0x63, 0xaa, 0x52, 0xab, 0x52, 0xab, 0x52, 0x29, 0x42,
    0x08, 0x42, 0x29, 0x42, 0x29, 0x42, 0x29, 0x4a, 0xe8, 0x39, 0x08, 0x42,
    0x86, 0x31, 0xa7, 0x31, 0xa7, 0x31, 0x66, 0x29, 0x86, 0x31, 0xe7, 0x39,
    0xc7, 0x39, 0xa7, 0x31, 0x86, 0x31, 0x86, 0x31, 0xa7, 0x31, 0x25, 0x21,
    0x25, 0x29, 0x25, 0x21, 0x04, 0x21, 0x05, 0x21, 0x04, 0x21, 0x04, 0x21,
    0x46, 0x29, 0x45, 0x29, 0x45, 0x29, 0x45, 0x21, 0x45, 0x21, 0x45, 0x29,
    0x45, 0x29, 0x65, 0x29, 0x66, 0x29, 0x65, 0x29, 0x66, 0x29, 0x45, 0x29,
    0x66, 0x29, 0x66, 0x31, 0xc7, 0x39, 0x08, 0x42, 0x08, 0x42, 0xe8, 0x39,
    0xe8, 0x39, 0xe8, 0x39, 0xe8, 0x41, 0xe8, 0x39, 0xa7, 0x31, 0xa7, 0x31,
    0xa7, 0x39, 0x86, 0x31, 0x45, 0x29, 0x45, 0x29, 0x25, 0x21, 0x25, 0x21,
    0x24, 0x21, 0xe4, 0x18, 0xe4, 0x18, 0xe4, 0x18, 0xe4, 0x18, 0x03, 0x19,
    0xe3, 0x18, 0xa3, 0x10, 0xa2, 0x10, 0xa3, 0x10, 0xa2, 0x10, 0xa2, 0x10,
    0xa2, 0x10, 0xc3, 0x18, 0xa2, 0x10, 0x82, 0x10, 0x82, 0x10, 0x82, 0x10,
    0xa3, 0x18, 0xa2, 0x10, 0xa2, 0x10, 0xa2, 0x18, 0xa3, 0x10, 0xc3, 0x10,
    0xa2, 0x10, 0xa3, 0x18, 0xc3, 0x18, 0xc3, 0x18, 0xc3, 0x18, 0xc3, 0x18,
    0xc3, 0x18, 0xe3, 0x18, 0xc3, 0x18, 0xa3, 0x18, 0xa3, 0x18, 0x61, 0x08,
    0x41, 0x08, 0x40, 0x08, 0x41, 0x08, 0x41, 0x08, 0x61, 0x08, 0xa3, 0x10,
    0xe3, 0x18, 0xc3, 0x18, 0xc3, 0x18, 0xa3, 0x10, 0xa3, 0x10, 0xc3, 0x18,
    0xc3, 0x18, 0xe3, 0x18, 0x04, 0x21, 0x25, 0x21, 0x25, 0x21, 0x65, 0x29,
    0xa7, 0x31, 0x86, 0x31, 0x65, 0x29, 0x45, 0x29, 0x25, 0x21, 0x24, 0x21,
    0x04, 0x21, 0x25, 0x21, 0x25, 0x21, 0x45, 0x29, 0x45, 0x29, 0x24, 0x21,
    0x04, 0x21, 0x45, 0x21, 0x04, 0x21, 0xe4, 0x18, 0x04, 0x21, 0x24, 0x21,
    0xa2, 0x10, 0x82, 0x10, 0x82, 0x10, 0x41, 0x08, 0x41, 0x08, 0x61, 0x08,
    0x61, 0x10, 0x61, 0x10, 0x61, 0x08, 0x62, 0x10, 0x61, 0x08, 0x61, 0x08,
    0x62, 0x10, 0x61, 0x10, 0x61, 0x08, 0x62, 0x08, 0x61, 0x10, 0x61, 0x08,
    0x62, 0x10, 0x81, 0x10, 0x81, 0x08, 0x82, 0x10, 0x82, 0x10, 0x82, 0x10,
    0x82, 0x10, 0xa2, 0x10, 0x82, 0x10, 0x82, 0x10, 0xe3, 0x20, 0x03, 0x19,
    0x82, 0x10, 0x82, 0x10, 0x45, 0x29, 0xc7, 0x39, 0xe8, 0x39, 0x29, 0x42,
    0x6a, 0x4a, 0x6a, 0x4a, 0x6a, 0x4a, 0x6a, 0x4a, 0x29, 0x42, 0x08, 0x42,
    0x29, 0x42, 0x29, 0x42, 0x29, 0x42, 0x29, 0x42, 0x09, 0x42, 0x49, 0x4a,
    0xcb, 0x52, 0xcc, 0x5a, 0x2d, 0x63, 0xec, 0x5a, 0xec, 0x5a, 0x4d, 0x6b,
    0x4e, 0x6b, 0x8f, 0x73, 0xf1, 0x7b, 0xd0, 0x7b, 0xcf, 0x73, 0xf0, 0x7b,
    0xf4, 0x9c, 0xf4, 0x9c, 0xd3, 0x94, 0xd4, 0x9c, 0xf4, 0x9c, 0x15, 0x9d,
    0x15, 0xa5, 0x35, 0xa5, 0x75, 0xad, 0x76, 0xad, 0x96, 0xad, 0x97, 0xb5,
    0x97, 0xb5, 0x96, 0xb5, 0xb7, 0xb5, 0xb7, 0xb5, 0xb6, 0xb5, 0x96, 0xb5,
    0x75, 0xad, 0x75, 0xad, 0x55, 0xad, 0x35, 0xa5, 0x75, 0xad, 0x96, 0xb5,
    0x96, 0xb5, 0xb6, 0xb5, 0xb6, 0xb5, 0xb7, 0xb5, 0xd7, 0xbd, 0xd7, 0xbd,
    0xd7, 0xbd, 0xd7, 0xbd, 0xf7, 0xbd, 0xf8, 0xbd, 0xf8, 0xc5, 0x18, 0xc6,
    0x18, 0xc6, 0x18, 0xc6, 0x18, 0xc6, 0x38, 0xc6, 0x39, 0xc6, 0x39, 0xce,
    0x39, 0xc6, 0x38, 0xc6, 0x38, 0xc6, 0xf8, 0xc5, 0xb7, 0xbd, 0x97, 0xb5,
    0xb7, 0xb5, 0x97, 0xb5, 0x56, 0xad, 0x55, 0xa5, 0x72, 0x8c, 0x11, 0x84,
    0xf0, 0x7b, 0x72, 0x8c, 0xb3, 0x94, 0x72, 0x8c, 0x11, 0x7c, 0x11, 0x84,
    0x10, 0x84, 0x31, 0x84, 0x52, 0x8c, 0xb3, 0x94, 0xf4, 0x9c, 0x14, 0xa5,
    0x14, 0xa5, 0x35, 0xa5, 0x14, 0xa5, 0x14, 0x9d, 0x14, 0x9d, 0xf4, 0x9c,
    0xd3, 0x9c, 0xd3, 0x9c, 0xb3, 0x94, 0xb3, 0x94, 0xb3, 0x94, 0x92, 0x94,
    0x92, 0x94, 0x72, 0x8c, 0x71, 0x8c, 0x51, 0x8c, 0x51, 0x8c, 0x31, 0x84,
    0x51, 0x8c, 0x31, 0x84, 0x31, 0x84, 0x31, 0x84, 0x31, 0x84, 0x51, 0x8c,
    0x51, 0x8c, 0x71, 0x8c, 0x51, 0x8c, 0x51, 0x8c, 0x52, 0x8c, 0x51, 0x8c,
    0x51, 0x84, 0x31, 0x8c, 0x51, 0x8c, 0x72, 0x8c, 0x71, 0x8c, 0x51, 0x8c,
    0x52, 0x8c, 0x51, 0x8c, 0x31, 0x84, 0x30, 0x84, 0x10, 0x7c, 0x31, 0x84,
    0x31, 0x84, 0xaf, 0x73, 0x6d, 0x6b, 0x2d, 0x63, 0x0d, 0x63, 0x0c, 0x63,
    0xcc, 0x5a, 0x2d, 0x63, 0xaf, 0x73, 0xaf, 0x73, 0x8e, 0x73, 0x6e, 0x6b,
    0x6e, 0x6b, 0x6e, 0x6b, 0x6e, 0x6b, 0x2d, 0x63, 0x4d, 0x6b, 0xec, 0x5a,
    0xcb, 0x5a, 0xcb, 0x52, 0x4d, 0x6b, 0xec, 0x5a, 0xcb, 0x5a, 0x8a, 0x52,
    0x8a, 0x52, 0xaa, 0x52, 0x28, 0x42, 0x29, 0x42, 0x6a, 0x4a, 0x49, 0x4a,
    0x49, 0x4a, 0x29, 0x42, 0xa7, 0x31, 0x45, 0x29, 0x45, 0x29, 0x25, 0x29,
    0x45, 0x29, 0xc7, 0x39, 0x87, 0x31, 0x86, 0x31, 0xa7, 0x31, 0xc7, 0x39,
    0x86, 0x31, 0x45, 0x21, 0x25, 0x21, 0x04, 0x21, 0x04, 0x21, 0x25, 0x21,
    0x25, 0x21, 0x45, 0x21, 0x45, 0x21, 0x25, 0x21, 0x05, 0x21, 0x25, 0x21,
    0x25, 0x21, 0x45, 0x29, 0x45, 0x29, 0x45, 0x29, 0x45, 0x29, 0x45, 0x29,
    0x45, 0x29, 0x45, 0x21, 0x45, 0x29, 0x66, 0x29, 0xa7, 0x31, 0xe8, 0x39,
    0xe7, 0x39, 0xe7, 0x39, 0xe8, 0x39, 0xe8, 0x39, 0x08, 0x42, 0x29, 0x42,
    0xe8, 0x39, 0xc7, 0x39, 0xa7, 0x31, 0x66, 0x29, 0x45, 0x21, 0x24, 0x21,
    0x04, 0x21, 0x04, 0x21, 0x04, 0x21, 0xe4, 0x20, 0xe4, 0x18, 0xe3, 0x18,
    0xc3, 0x18, 0xe3, 0x18, 0xc3, 0x18, 0xa3, 0x10, 0xc3, 0x18, 0xa2, 0x18,
    0xa3, 0x10, 0xa3, 0x10, 0xa2, 0x10, 0xa2, 0x18, 0x82, 0x10, 0xa2, 0x10,
    0xa2, 0x10, 0xa2, 0x10, 0xa2, 0x10, 0xa3, 0x10, 0xa3, 0x10, 0xa2, 0x10,
    0xc3, 0x18, 0xc3, 0x10, 0xa2, 0x10, 0xc3, 0x10, 0xc3, 0x18, 0xc3, 0x18,
    0xc3, 0x18, 0xc3, 0x18, 0xe3, 0x18, 0x04, 0x19, 0xe4, 0x18, 0xc3, 0x18,
    0xc3, 0x18, 0x61, 0x08, 0x41, 0x08, 0x40, 0x08, 0x61, 0x08, 0x82, 0x10,
    0xe4, 0x20, 0x24, 0x21, 0x04, 0x21, 0x04, 0x19, 0xc3, 0x18, 0xe3, 0x18,
    0xe3, 0x18, 0xe4, 0x18, 0x04, 0x19, 0x46, 0x29, 0x86, 0x31, 0x66, 0x29,
    0x86, 0x31, 0x86, 0x31, 0xe8, 0x39, 0xe8, 0x39, 0xa7, 0x31, 0x86, 0x31,
    0x45, 0x29, 0x04, 0x21, 0x04, 0x21, 0x45, 0x21, 0x25, 0x21, 0x66, 0x29,
    0x46, 0x29, 0x24, 0x21, 0xe4, 0x18, 0xe3, 0x18, 0x04, 0x21, 0x24, 0x21,
    0x24, 0x21, 0x04, 0x19, 0xa2, 0x10, 0x82, 0x10, 0x82, 0x10, 0x61, 0x08,
    0x41, 0x08, 0x61, 0x08, 0x41, 0x08, 0x61, 0x10, 0x62, 0x08, 0x61, 0x10,
    0x61, 0x10, 0x82, 0x10, 0x62, 0x10, 0x61, 0x08, 0x61, 0x08, 0x61, 0x10,
    0x61, 0x08, 0x62, 0x10, 0x82, 0x10, 0x81, 0x10, 0x82, 0x10, 0x81, 0x10,
    0x82, 0x10, 0x82, 0x10, 0x81, 0x10, 0x82, 0x10, 0x82, 0x10, 0x81, 0x10,
    0xc3, 0x18, 0xa2, 0x10, 0x62, 0x10, 0xc3, 0x10, 0x66, 0x29, 0x86, 0x31,
    0xc7, 0x39, 0x29, 0x42, 0x8a, 0x4a, 0x8a, 0x52, 0x8a, 0x4a, 0x8a, 0x52,
    0x6a, 0x4a, 0x49, 0x4a, 0x29, 0x4a, 0x08, 0x42, 0x08, 0x42, 0xe8, 0x39,
    0xe8, 0x39, 0x08, 0x42, 0x49, 0x42, 0x8b, 0x52, 0x2d, 0x63, 0x0c, 0x5b,
    0xec, 0x5a, 0x2d, 0x63, 0x6e, 0x6b, 0xb0, 0x73, 0xf1, 0x7b, 0xf0, 0x7b,
    0x10, 0x7c, 0xd4, 0x9c, 0xd4, 0x9c, 0xd3, 0x94, 0x93, 0x94, 0x93, 0x94,
    0xd3, 0x94, 0xd3, 0x9c, 0xf4, 0x9c, 0x14, 0x9d, 0x35, 0xa5, 0x56, 0xa5,
    0x76, 0xad, 0x96, 0xad, 0x96, 0xb5, 0x96, 0xb5, 0xb7, 0xb5, 0xb6, 0xb5,
    0x96, 0xb5, 0x76, 0xad, 0x55, 0xad, 0x55, 0xad, 0x34, 0xa5, 0x34, 0xa5,
    0x75, 0xad, 0x96, 0xb5, 0x96, 0xb5, 0x96, 0xb5, 0x96, 0xb5, 0x96, 0xad,
    0x96, 0xb5, 0x96, 0xb5, 0xb7, 0xb5, 0xd7, 0xbd, 0xf7, 0xbd, 0xd7, 0xbd,
    0xd7, 0xbd, 0xf7, 0xbd, 0x18, 0xbe, 0x18, 0xc6, 0x18, 0xc6, 0x38, 0xc6,
    0x39, 0xc6, 0x59, 0xce, 0x59, 0xc6, 0x39, 0xc6, 0x39, 0xc6, 0xf8, 0xbd,
    0xb7, 0xbd, 0x97, 0xb5, 0xb7, 0xb5, 0x96, 0xad, 0x76, 0xad, 0x35, 0xa5,
    0x92, 0x8c, 0x51, 0x84, 0x51, 0x84, 0xb3, 0x94, 0xf4, 0x9c, 0xd4, 0x9c,
    0x31, 0x84, 0x30, 0x84, 0x71, 0x8c, 0x92, 0x94, 0xd4, 0x9c, 0xf4, 0x9c,
    0xf4, 0x9c, 0xf4, 0x9c, 0x14, 0x9d, 0x14, 0x9d, 0x14, 0x9d, 0xf4, 0x9c,
    0xf4, 0x9c, 0xf3, 0x9c, 0xd3, 0x94, 0xb3, 0x94, 0xb3, 0x94, 0x92, 0x94,
    0x72, 0x94, 0x72, 0x8c, 0x52, 0x8c, 0x71, 0x8c, 0x51, 0x8c, 0x31, 0x84,
    0x31, 0x84, 0x31, 0x84, 0x31, 0x84, 0x31, 0x8c, 0x30, 0x84, 0x10, 0x84,
    0x10, 0x84, 0x51, 0x84, 0x51, 0x84, 0x51, 0x8c, 0x51, 0x8c, 0x72, 0x8c,
    0x51, 0x8c, 0x51, 0x84, 0x31, 0x84, 0x31, 0x84, 0x51, 0x8c, 0x72, 0x8c,
    0x72, 0x8c, 0x51, 0x8c, 0x31, 0x84, 0x31, 0x84, 0x10, 0x84, 0x10, 0x84,
    0x10, 0x7c, 0xf0, 0x7b, 0xf0, 0x7b, 0x8e, 0x73, 0x4d, 0x6b, 0x0c, 0x5b,
    0x0c, 0x63, 0x0d, 0x63, 0x0c, 0x5b, 0x2c, 0x63, 0x8f, 0x73, 0x8e, 0x73,
    0x2d, 0x6b, 0x2d, 0x63, 0x6e, 0x6b, 0x4d, 0x6b, 0x4e, 0x6b, 0x4e, 0x6b,
    0x4d, 0x6b, 0x2d, 0x63, 0xec, 0x5a, 0x0c, 0x63, 0x4d, 0x6b, 0x0c, 0x63,
    0xec, 0x5a, 0x8a, 0x52, 0x8a, 0x52, 0xab, 0x52, 0x6a, 0x4a, 0x49, 0x4a,
    0x8a, 0x52, 0xab, 0x52, 0xab, 0x52, 0x49, 0x4a, 0x86, 0x31, 0x24, 0x21,
    0x04, 0x19, 0x04, 0x21, 0x04, 0x21, 0x86, 0x29, 0xc7, 0x39, 0xa7, 0x31,
    0xe8, 0x39, 0x28, 0x42, 0x86, 0x31, 0x25, 0x29, 0x24, 0x21, 0x25, 0x21,
    0x25, 0x21, 0x25, 0x21, 0x45, 0x29, 0x25, 0x21, 0x24, 0x21, 0x04, 0x21,
    0x04, 0x21, 0x25, 0x21, 0x25, 0x21, 0x25, 0x21, 0x45, 0x29, 0x45, 0x21,
    0x25, 0x21, 0x25, 0x29, 0x45, 0x29, 0x45, 0x29, 0x66, 0x29, 0x86, 0x31,
    0x86, 0x31, 0xa7, 0x31, 0xc7, 0x39, 0xc7, 0x39, 0xc7, 0x39, 0xe7, 0x39,
    0xe8, 0x39, 0x08, 0x42, 0xc7, 0x39, 0xa7, 0x31, 0x86, 0x31, 0x65, 0x29,
    0x04, 0x21, 0xe4, 0x18, 0xe4, 0x18, 0xe3, 0x18, 0xe4, 0x18, 0xe3, 0x18,
    0xc3, 0x18, 0xc3, 0x18, 0xe3, 0x18, 0x03, 0x21, 0xa3, 0x10, 0xa2, 0x10,
    0xa2, 0x10, 0xa3, 0x10, 0xc2, 0x18, 0xa3, 0x10, 0xc3, 0x18, 0xa2, 0x10,
    0x82, 0x10, 0x82, 0x10, 0xa2, 0x18, 0xa2, 0x10, 0xa2, 0x10, 0xa3, 0x10,
    0xa2, 0x10, 0xa3, 0x18, 0xc3, 0x10, 0xa2, 0x18, 0xa3, 0x10, 0xa2, 0x10,
    0xc3, 0x18, 0xc3, 0x18, 0xc3, 0x10, 0xc3, 0x18, 0xe4, 0x18, 0x04, 0x21,
    0x04, 0x19, 0xe3, 0x18, 0xc3, 0x10, 0x61, 0x08, 0x21, 0x08, 0x41, 0x08,
    0xa2, 0x10, 0x04, 0x21, 0x24, 0x21, 0x04, 0x21, 0xe4, 0x18, 0x04, 0x21,
    0xe4, 0x18, 0x04, 0x21, 0x25, 0x21, 0x66, 0x29, 0xa6, 0x31, 0xc7, 0x39,
    0x86, 0x31, 0x25, 0x21, 0x25, 0x21, 0x86, 0x31, 0x08, 0x42, 0x08, 0x42,
    0xc7, 0x39, 0xa7, 0x31, 0xa7, 0x31, 0x86, 0x31, 0x45, 0x21, 0x24, 0x21,
    0xe4, 0x20, 0xe4, 0x18, 0x25, 0x21, 0x24, 0x21, 0xc3, 0x18, 0xe3, 0x18,
    0x24, 0x21, 0x45, 0x29, 0x25, 0x21, 0xe3, 0x18, 0xa2, 0x18, 0xa2, 0x18,
    0x82, 0x10, 0x40, 0x08, 0x41, 0x08, 0x61, 0x08, 0x61, 0x08, 0x61, 0x08,
    0x61, 0x10, 0x61, 0x08, 0x61, 0x08, 0x61, 0x08, 0x61, 0x08, 0x62, 0x10,
    0x82, 0x10, 0x82, 0x10, 0x82, 0x10, 0x82, 0x10, 0x82, 0x10, 0x61, 0x08,
    0x62, 0x10, 0x81, 0x10, 0x81, 0x10, 0x82, 0x10, 0x81, 0x10, 0x81, 0x10,
    0x81, 0x10, 0x82, 0x10, 0x61, 0x10, 0x82, 0x10, 0x82, 0x10, 0xe3, 0x18,
    0x66, 0x29, 0xa7, 0x31, 0x08, 0x42, 0x6a, 0x4a, 0x8a, 0x52, 0xcb, 0x52,
    0xcc, 0x5a, 0xcb, 0x5a, 0x8a, 0x52, 0x29, 0x42, 0x08, 0x42, 0x08, 0x3a,
    0x08, 0x42, 0x08, 0x42, 0x29, 0x42, 0x29, 0x42, 0x49, 0x4a, 0x8b, 0x52,
    0x0c, 0x63, 0xcb, 0x5a, 0xcb, 0x52, 0x0d, 0x63, 0x6e, 0x6b, 0xd0, 0x7b,
    0xf0, 0x7b, 0xf0, 0x7b, 0x93, 0x94, 0xd4, 0x9c, 0xb2, 0x94, 0xb3, 0x94,
    0xb3, 0x94, 0xd4, 0x9c, 0x14, 0x9d, 0x15, 0xa5, 0x35, 0xa5, 0x35, 0xa5,
    0x35, 0xa5, 0x35, 0xa5, 0x55, 0xad, 0x76, 0xad, 0x96, 0xad, 0x96, 0xb5,
    0x96, 0xb5, 0x96, 0xb5, 0x76, 0xb5, 0x55, 0xad, 0x55, 0xa5, 0x55, 0xad,
    0x34, 0xa5, 0x34, 0xa5, 0x55, 0xad, 0x76, 0xad, 0x76, 0xad, 0x76, 0xad,
    0x75, 0xad, 0x75, 0xad, 0x76, 0xb5, 0xb6, 0xb5, 0xd7, 0xb5, 0xd7, 0xbd,
    0xd7, 0xbd, 0xd7, 0xbd, 0xd7, 0xbd, 0xf7, 0xbd, 0x17, 0xbe, 0x18, 0xc6,
    0x18, 0xc6, 0x38, 0xc6, 0x59, 0xc6, 0x59, 0xce, 0x59, 0xce, 0x38, 0xc6,
    0x39, 0xc6, 0x38, 0xc6, 0x18, 0xc6, 0xf8, 0xbd, 0xb7, 0xb5, 0x96, 0xad,
    0x35, 0xa5, 0xf4, 0x9c, 0xd3, 0x9c, 0xd3, 0x94, 0xd4, 0x9c, 0x14, 0x9d,
    0x34, 0xa5, 0xf4, 0x9c, 0xb3, 0x94, 0x92, 0x8c, 0xd3, 0x94, 0x15, 0x9d,
    0x15, 0x9d, 0x14, 0xa5, 0xd4, 0x9c, 0xd3, 0x9c, 0xf4, 0x9c, 0xf4, 0x9c,
    0xf4, 0x9c, 0xf4, 0x9c, 0xf3, 0x9c, 0xd3, 0x9c, 0xd3, 0x94, 0xb3, 0x94,
    0xb2, 0x94, 0x92, 0x94, 0x72, 0x8c, 0x71, 0x8c, 0x51, 0x8c, 0x51, 0x8c,
    0x31, 0x84, 0x10, 0x84, 0x10, 0x84, 0x10, 0x84, 0x10, 0x84, 0x31, 0x84,
    0x10, 0x84, 0xf0, 0x7b, 0x10, 0x84, 0x31, 0x84, 0x31, 0x84, 0x51, 0x84,
    0x51, 0x84, 0x51, 0x8c, 0x51, 0x8c, 0x31, 0x84, 0x31, 0x84, 0x31, 0x84,
    0x51, 0x8c, 0x52, 0x8c, 0x51, 0x8c, 0x51, 0x8c, 0x51, 0x8c, 0x30, 0x84,
    0xf0, 0x7b, 0xf0, 0x7b, 0xef, 0x7b, 0xcf, 0x73, 0xcf, 0x73, 0x6e, 0x6b,
    0x2d, 0x63, 0x2d, 0x63, 0x2d, 0x63, 0x0c, 0x63, 0x0c, 0x63, 0x0c, 0x63,
    0x4d, 0x6b, 0x6e, 0x6b, 0xec, 0x5a, 0xcb, 0x5a, 0x0d, 0x63, 0x2d, 0x63,
    0x6e, 0x73, 0x4d, 0x6b, 0x4d, 0x63, 0x6e, 0x6b, 0x2d, 0x6b, 0x2d, 0x63,
    0x2d, 0x63, 0x2d, 0x63, 0xec, 0x5a, 0xab, 0x52, 0x8a, 0x52, 0x8a, 0x52,
    0xab, 0x52, 0x8a, 0x52, 0x8a, 0x52, 0xcb, 0x5a, 0xcb, 0x5a, 0x6a, 0x4a,
    0xc7, 0x39, 0x25, 0x21, 0xe4, 0x18, 0xe4, 0x18, 0x04, 0x21, 0x45, 0x29,
    0x86, 0x31, 0xa7, 0x31, 0xe8, 0x39, 0x29, 0x42, 0x66, 0x29, 0x45, 0x29,
    0x25, 0x21, 0x45, 0x29, 0x66, 0x29, 0x45, 0x29, 0x25, 0x29, 0x04, 0x21,
    0x24, 0x21, 0x04, 0x21, 0x04, 0x21, 0x04, 0x21, 0x04, 0x21, 0x25, 0x21,
    0x45, 0x29, 0x45, 0x29, 0x45, 0x21, 0x25, 0x21, 0x45, 0x29, 0x46, 0x29,
    0x45, 0x21, 0x45, 0x29, 0x45, 0x29, 0x86, 0x31, 0xa7, 0x31, 0xc7, 0x39,
    0xe8, 0x39, 0xe8, 0x39, 0xe8, 0x41, 0xe8, 0x41, 0x08, 0x3a, 0xc7, 0x39,
    0x66, 0x29, 0x04, 0x21, 0xe4, 0x18, 0xc3, 0x18, 0xe3, 0x18, 0xc3, 0x18,
    0xe3, 0x18, 0xc3, 0x18, 0xc3, 0x18, 0xc3, 0x18, 0xc3, 0x18, 0xe3, 0x18,
    0xa2, 0x10, 0xa2, 0x10, 0xa3, 0x10, 0xa2, 0x10, 0xa2, 0x10, 0xc3, 0x18,
    0xc3, 0x18, 0x82, 0x10, 0x82, 0x10, 0xa2, 0x10, 0xa2, 0x18, 0xa3, 0x18,
    0xa3, 0x10, 0xa2, 0x18, 0xa2, 0x18, 0xa3, 0x10, 0xa2, 0x18, 0xa2, 0x10,
    0xc3, 0x18, 0xa2, 0x10, 0xc3, 0x18, 0xc3, 0x18, 0xe3, 0x18, 0xe3, 0x18,
    0x04, 0x21, 0x04, 0x21, 0xe4, 0x18, 0xe4, 0x18, 0xc3, 0x18, 0x41, 0x08,
    0x41, 0x08, 0x82, 0x10, 0xe4, 0x18, 0x04, 0x21, 0x04, 0x21, 0xe3, 0x18,
    0xe4, 0x18, 0x04, 0x21, 0x24, 0x21, 0x65, 0x29, 0xc7, 0x39, 0xe8, 0x39,
    0xe8, 0x39, 0x86, 0x31, 0x25, 0x21, 0x04, 0x21, 0x25, 0x21, 0xc7, 0x39,
    0x28, 0x42, 0x08, 0x42, 0xe8, 0x39, 0xa7, 0x31, 0xa7, 0x31, 0x86, 0x31,
    0x25, 0x21, 0xe4, 0x18, 0xe3, 0x18, 0xc3, 0x18, 0xe3, 0x18, 0x24, 0x21,
    0xa3, 0x18, 0xa3, 0x18, 0xe3, 0x18, 0x24, 0x21, 0x04, 0x21, 0xa3, 0x18,
    0xa2, 0x10, 0xa3, 0x18, 0xa2, 0x10, 0x60, 0x08, 0x41, 0x08, 0x41, 0x08,
    0x41, 0x08, 0x61, 0x08, 0x61, 0x10, 0x62, 0x10, 0x62, 0x08, 0x61, 0x10,
    0x82, 0x10, 0xa2, 0x10, 0xc3, 0x18, 0xc3, 0x18, 0xa3, 0x10, 0xa2, 0x10,
    0x82, 0x10, 0x61, 0x10, 0x61, 0x08, 0x61, 0x08, 0x82, 0x10, 0x81, 0x10,
    0x61, 0x08, 0x61, 0x08, 0x62, 0x10, 0x61, 0x08, 0x61, 0x08, 0x82, 0x10,
    0xa2, 0x10, 0x04, 0x21, 0x86, 0x31, 0xe8, 0x39, 0x49, 0x4a, 0x8b, 0x52,
    0xab, 0x52, 0xec, 0x5a, 0x0d, 0x5b, 0x0c, 0x5b, 0xaa, 0x52, 0xe8, 0x39,
    0xc7, 0x39, 0xe8, 0x39, 0x28, 0x42, 0x49, 0x4a, 0x8a, 0x52, 0x8a, 0x4a,
    0x6a, 0x4a, 0xaa, 0x52, 0xab, 0x52, 0x6a, 0x4a, 0xab, 0x52, 0x0c, 0x63,
    0xaf, 0x73, 0xf0, 0x7b, 0xf0, 0x7b, 0x10, 0x84, 0x14, 0x9d, 0xd3, 0x94,
    0xb3, 0x94, 0xf4, 0x9c, 0x15, 0xa5, 0x35, 0xa5, 0x55, 0xa5, 0x35, 0xa5,
    0x55, 0xad, 0x56, 0xad, 0x55, 0xad, 0x35, 0xa5, 0x55, 0xa5, 0x75, 0xad,
    0x96, 0xb5, 0x97, 0xb5, 0x96, 0xb5, 0x96, 0xad, 0x76, 0xad, 0x75, 0xad,
    0x34, 0xa5, 0x55, 0xad, 0x34, 0xa5, 0x34, 0xa5, 0x35, 0xa5, 0x35, 0xa5,
    0x75, 0xad, 0x75, 0xad, 0x75, 0xad, 0x76, 0xb5, 0x96, 0xb5, 0xb6, 0xb5,
    0xb6, 0xb5, 0xd7, 0xbd, 0xd7, 0xbd, 0xd7, 0xb5, 0xd7, 0xbd, 0xf7, 0xbd,
    0xf7, 0xbd, 0xf8, 0xbd, 0xf8, 0xc5, 0x18, 0xc6, 0x18, 0xc6, 0x39, 0xc6,
    0x59, 0xce, 0x39, 0xce, 0x59, 0xce, 0x39, 0xc6, 0x39, 0xc6, 0x18, 0xc6,
    0xd7, 0xbd, 0x96, 0xad, 0x76, 0xad, 0x14, 0xa5, 0xf4, 0x9c, 0x35, 0xa5,
    0x76, 0xad, 0x76, 0xad, 0x35, 0xa5, 0x35, 0xa5, 0x35, 0xa5, 0x35, 0xa5,
    0x35, 0xa5, 0x35, 0xa5, 0x15, 0xa5, 0xf4, 0x9c, 0xd3, 0x9c, 0xd4, 0x9c,
    0xf3, 0x9c, 0xf3, 0x9c, 0xf4, 0x9c, 0xd3, 0x9c, 0xd3, 0x9c, 0xd3, 0x94,
    0xb3, 0x94, 0xb3, 0x94, 0x92, 0x94, 0x72, 0x8c, 0x51, 0x8c, 0x51, 0x8c,
    0x31, 0x84, 0x31, 0x84, 0xf0, 0x7b, 0xf0, 0x7b, 0xf0, 0x7b, 0x10, 0x84,
    0x10, 0x84, 0x31, 0x84, 0x10, 0x84, 0xf0, 0x7b, 0x10, 0x84, 0x31, 0x84,
    0x31, 0x84, 0x31, 0x84, 0x51, 0x8c, 0x31, 0x84, 0x31, 0x84, 0x31, 0x8c,
    0x30, 0x84, 0x31, 0x84, 0x31, 0x8c, 0x51, 0x8c, 0x31, 0x84, 0x51, 0x8c,
    0x51, 0x8c, 0x10, 0x84, 0xcf, 0x7b, 0xef, 0x7b, 0xcf, 0x7b, 0xaf, 0x73,
    0xae, 0x73, 0x6d, 0x6b, 0x4d, 0x6b, 0x6e, 0x6b, 0x2d, 0x63, 0xec, 0x5a,
    0x2d, 0x63, 0x0c, 0x63, 0x0c, 0x63, 0x0c, 0x63, 0xcb, 0x5a, 0xaa, 0x52,
    0xcb, 0x5a, 0x2c, 0x63, 0x4d, 0x6b, 0x2d, 0x63, 0x4d, 0x6b, 0x6e, 0x6b,
    0x4d, 0x6b, 0x4d, 0x6b, 0x4d, 0x6b, 0x4d, 0x6b, 0x2d, 0x63, 0xec, 0x5a,
    0x8a, 0x52, 0x8a, 0x52, 0xab, 0x52, 0xaa, 0x52, 0x8a, 0x52, 0xcb, 0x5a,
    0xcb, 0x52, 0x6a, 0x4a, 0xa7, 0x31, 0x24, 0x21, 0xc3, 0x18, 0xc3, 0x18,
    0x05, 0x21, 0x45, 0x29, 0x04, 0x21, 0x66, 0x29, 0xc7, 0x39, 0xa7, 0x31,
    0x45, 0x29, 0x66, 0x29, 0x66, 0x29, 0x45, 0x29, 0x86, 0x31, 0x45, 0x29,
    0x24, 0x21, 0x04, 0x21, 0x04, 0x21, 0x04, 0x21, 0x04, 0x21, 0xe3, 0x18,
    0xe3, 0x18, 0x04, 0x21, 0x04, 0x21, 0x25, 0x21, 0x25, 0x21, 0x45, 0x29,
    0x45, 0x29, 0x25, 0x21, 0x04, 0x21, 0x04, 0x21, 0x45, 0x21, 0x46, 0x29,
    0x86, 0x31, 0xc7, 0x39, 0xc8, 0x39, 0x08, 0x3a, 0x08, 0x42, 0x08, 0x42,
    0xe8, 0x39, 0x86, 0x31, 0x04, 0x21, 0xe4, 0x18, 0xe4, 0x18, 0xe3, 0x18,
    0xc3, 0x18, 0xc3, 0x18, 0xc3, 0x18, 0xc3, 0x18, 0xc3, 0x18, 0xc3, 0x10,
    0xc3, 0x18, 0xc3, 0x18, 0xa3, 0x10, 0xa3, 0x10, 0xa3, 0x18, 0xc2, 0x10,
    0xa3, 0x10, 0xc3, 0x18, 0xa2, 0x10, 0x82, 0x10, 0x82, 0x10, 0x82, 0x10,
    0x82, 0x10, 0xa2, 0x10, 0xa3, 0x10, 0xa3, 0x10, 0xa2, 0x18, 0xa2, 0x10,
    0x82, 0x10, 0xa2, 0x10, 0xa2, 0x10, 0xc3, 0x10, 0xc3, 0x18, 0xc3, 0x18,
    0xc3, 0x18, 0xe4, 0x18, 0xe4, 0x18, 0xe4, 0x18, 0x04, 0x21, 0xc3, 0x18,
    0xa3, 0x10, 0x61, 0x08, 0x82, 0x10, 0xe3, 0x18, 0xe3, 0x18, 0x04, 0x21,
    0x04, 0x21, 0xe4, 0x18, 0x04, 0x21, 0x45, 0x29, 0x66, 0x29, 0xa7, 0x31,
    0xe8, 0x39, 0x08, 0x42, 0xc7, 0x39, 0x86, 0x31, 0x45, 0x29, 0x45, 0x29,
    0x66, 0x29, 0xe8, 0x39, 0x29, 0x42, 0x28, 0x42, 0x08, 0x42, 0xc7, 0x39,
    0xa7, 0x31, 0x45, 0x29, 0xe3, 0x18, 0xc4, 0x18, 0xc3, 0x18, 0xa2, 0x10,
    0xa2, 0x10, 0x24, 0x21, 0xe3, 0x18, 0x82, 0x10, 0x82, 0x10, 0xc3, 0x18,
    0xc3, 0x18, 0xc3, 0x10, 0xc3, 0x18, 0xe3, 0x18, 0x82, 0x10, 0x41, 0x08,
    0x40, 0x08, 0x61, 0x08, 0x61, 0x08, 0x61, 0x08, 0x61, 0x10, 0x62, 0x10,
    0x82, 0x10, 0xc3, 0x18, 0x04, 0x21, 0x25, 0x21, 0x45, 0x29, 0x25, 0x21,
    0x04, 0x21, 0xc3, 0x18, 0xa2, 0x10, 0x82, 0x10, 0x82, 0x10, 0x61, 0x10,
    0x62, 0x10, 0x61, 0x08, 0x62, 0x10, 0x61, 0x08, 0x61, 0x08, 0x61, 0x10,
    0x82, 0x10, 0xc3, 0x18, 0xe4, 0x18, 0x45, 0x29, 0xc7, 0x39, 0x28, 0x42,
    0x49, 0x4a, 0x8a, 0x52, 0x6a, 0x4a, 0xab, 0x52, 0x0c, 0x63, 0xec, 0x5a,
    0x6a, 0x4a, 0xe8, 0x39, 0xc7, 0x39, 0x08, 0x42, 0x6a, 0x4a, 0x6a, 0x4a,
    0x8a, 0x52, 0xcb, 0x52, 0xab, 0x52, 0xab, 0x52, 0x6a, 0x4a, 0x6a, 0x4a,
    0x8a, 0x52, 0xec, 0x5a, 0xcf, 0x73, 0xf0, 0x7b, 0xf0, 0x7b, 0xb3, 0x94,
    0xd4, 0x9c, 0xb3, 0x94, 0xd3, 0x94, 0x35, 0xa5, 0x35, 0xa5, 0x35, 0xa5,
    0x35, 0xa5, 0x35, 0xa5, 0x56, 0xad, 0x76, 0xad, 0x56, 0xad, 0x35, 0xad,
    0x55, 0xa5, 0x76, 0xad, 0x76, 0xb5, 0x96, 0xad, 0x96, 0xb5, 0x96, 0xb5,
    0x56, 0xad, 0x55, 0xad, 0x34, 0xa5, 0x34, 0xa5, 0x14, 0xa5, 0x14, 0xa5,
    0x14, 0xa5, 0x34, 0xa5, 0x55, 0xad, 0x55, 0xad, 0x75, 0xad, 0x76, 0xad,
    0x76, 0xb5, 0x96, 0xb5, 0x96, 0xb5, 0x96, 0xb5, 0xb6, 0xb5, 0xd7, 0xbd,
    0xf7, 0xbd, 0xd7, 0xbd, 0xd7, 0xbd, 0xf7, 0xbd, 0xf7, 0xbd, 0x18, 0xc6,
    0x18, 0xc6, 0x18, 0xc6, 0x58, 0xc6, 0x59, 0xc6, 0x58, 0xce, 0x59, 0xce,
    0x39, 0xc6, 0x18, 0xc6, 0xb7, 0xbd, 0x97, 0xb5, 0xb7, 0xb5, 0x76, 0xad,
    0x55, 0xad, 0x55, 0xad, 0x97, 0xb5, 0xd7, 0xbd, 0x97, 0xad, 0x55, 0xad,
    0x55, 0xa5, 0x55, 0xa5, 0x55, 0xa5, 0x35, 0xa5, 0x14, 0xa5, 0xf4, 0x9c,
    0xf4, 0x9c, 0xf4, 0x9c, 0xd3, 0x94, 0xd3, 0x94, 0xd3, 0x9c, 0xf3, 0x9c,
    0xd3, 0x94, 0xd3, 0x94, 0xb3, 0x94, 0x92, 0x94, 0x92, 0x94, 0x72, 0x8c,
    0x71, 0x8c, 0x51, 0x8c, 0x31, 0x84, 0x10, 0x84, 0xcf, 0x7b, 0xef, 0x7b,
    0xf0, 0x7b, 0xf0, 0x7b, 0x10, 0x84, 0x30, 0x84, 0xf0, 0x7b, 0xf0, 0x7b,
    0x10, 0x84, 0x30, 0x84, 0x30, 0x84, 0x30, 0x84, 0x31, 0x84, 0x31, 0x84,
    0x31, 0x84, 0x30, 0x84, 0x10, 0x84, 0x10, 0x84, 0x11, 0x84, 0x51, 0x84,
    0x51, 0x8c, 0x51, 0x8c, 0x51, 0x84, 0xf0, 0x7b, 0xcf, 0x7b, 0x8e, 0x73,
    0xaf, 0x73, 0xaf, 0x73, 0x8e, 0x73, 0x4d, 0x6b, 0x4d, 0x6b, 0x6e, 0x6b,
    0x4e, 0x6b, 0x0c, 0x63, 0x0c, 0x63, 0xec, 0x5a, 0xcb, 0x5a, 0xab, 0x52,
    0xab, 0x52, 0xab, 0x52, 0xec, 0x5a, 0x0c, 0x63, 0x4d, 0x6b, 0x2d, 0x63,
    0x4d, 0x6b, 0x6e, 0x6b, 0x8e, 0x73, 0x4d, 0x6b, 0x0c, 0x63, 0x2d, 0x63,
    0xae, 0x73, 0x8e, 0x73, 0xeb, 0x5a, 0x8a, 0x52, 0x8a, 0x52, 0xcb, 0x5a,
    0x8b, 0x52, 0x8a, 0x52, 0xaa, 0x52, 0x6a, 0x52, 0xa7, 0x31, 0x45, 0x29,
    0xe4, 0x18, 0xe3, 0x18, 0x45, 0x29, 0x25, 0x21, 0x04, 0x19, 0x45, 0x29,
    0x66, 0x29, 0x45, 0x29, 0x24, 0x21, 0x45, 0x29, 0x66, 0x31, 0x45, 0x29,
    0x45, 0x21, 0x04, 0x21, 0x04, 0x19, 0x04, 0x21, 0x04, 0x21, 0x04, 0x19,
    0xe3, 0x18, 0xc3, 0x18, 0xc3, 0x18, 0xe4, 0x18, 0xe4, 0x18, 0x04, 0x21,
    0x25, 0x21, 0x25, 0x21, 0x24, 0x21, 0x04, 0x21, 0x04, 0x21, 0x04, 0x21,
    0x25, 0x21, 0x45, 0x29, 0x66, 0x29, 0x86, 0x31, 0xe7, 0x39, 0x08, 0x42,
    0x08, 0x42, 0x08, 0x42, 0xe7, 0x39, 0x25, 0x21, 0x04, 0x21, 0xe4, 0x18,
    0xe3, 0x18, 0xe3, 0x18, 0xc3, 0x18, 0xc3, 0x18, 0xc3, 0x18, 0xc3, 0x18,
    0xc3, 0x18, 0xc3, 0x10, 0xc3, 0x18, 0xa2, 0x10, 0xa2, 0x10, 0xa3, 0x10,
    0xa2, 0x18, 0xa2, 0x10, 0xc3, 0x18, 0xc3, 0x18, 0xa2, 0x10, 0x81, 0x10,
    0x82, 0x10, 0x82, 0x10, 0x82, 0x10, 0xa2, 0x10, 0xa2, 0x18, 0xa2, 0x18,
    0xa3, 0x10, 0xa2, 0x10, 0x82, 0x10, 0xa2, 0x10, 0x82, 0x10, 0x82, 0x10,
    0xa2, 0x10, 0xa3, 0x10, 0xc3, 0x18, 0xc3, 0x18, 0xe3, 0x18, 0xe4, 0x18,
    0xe4, 0x18, 0xc3, 0x18, 0xa2, 0x10, 0x61, 0x08, 0xa3, 0x10, 0xc3, 0x18,
    0xc3, 0x18, 0xe3, 0x18, 0xe4, 0x18, 0x04, 0x21, 0x25, 0x21, 0x25, 0x21,
    0x86, 0x31, 0xc7, 0x39, 0xe8, 0x39, 0x08, 0x42, 0xe8, 0x39, 0xc7, 0x39,
    0xc8, 0x39, 0xc7, 0x31, 0xc7, 0x39, 0x08, 0x42, 0x09, 0x42, 0x08, 0x42,
    0xa7, 0x31, 0x66, 0x29, 0x86, 0x31, 0x25, 0x21, 0x04, 0x21, 0xe4, 0x18,
    0xe4, 0x18, 0xc3, 0x18, 0xa3, 0x18, 0xc3, 0x18, 0xe4, 0x20, 0xa3, 0x18,
    0x82, 0x10, 0xa2, 0x10, 0xa3, 0x10, 0xc3, 0x18, 0xe3, 0x18, 0x04, 0x19,
    0x61, 0x10, 0x61, 0x08, 0x61, 0x08, 0x41, 0x10, 0x61, 0x10, 0x61, 0x10,
    0x82, 0x10, 0xa3, 0x10, 0x04, 0x21, 0x45, 0x21, 0x66, 0x29, 0x86, 0x29,
    0x45, 0x29, 0x45, 0x29, 0x45, 0x29, 0x04, 0x21, 0xa2, 0x10, 0x82, 0x10,
    0x81, 0x10, 0x82, 0x10, 0x62, 0x10, 0x61, 0x08, 0x61, 0x10, 0x61, 0x08,
    0x82, 0x10, 0xe4, 0x20, 0x24, 0x21, 0x25, 0x21, 0x45, 0x29, 0x86, 0x29,
    0xc7, 0x39, 0xe8, 0x39, 0xe8, 0x39, 0x49, 0x4a, 0x49, 0x4a, 0x8a, 0x52,
    0xeb, 0x5a, 0xab, 0x5a, 0x6a, 0x4a, 0x28, 0x42, 0x29, 0x42, 0x6a, 0x4a,
    0x8a, 0x52, 0x6a, 0x52, 0xab, 0x52, 0xcc, 0x52, 0xec, 0x5a, 0x0c, 0x5b,
    0x8a, 0x52, 0x6a, 0x4a, 0xaa, 0x52, 0xcc, 0x5a, 0xaf, 0x73, 0xf0, 0x7b,
    0x72, 0x8c, 0xf4, 0x9c, 0xb3, 0x94, 0xd3, 0x94, 0x14, 0xa5, 0x35, 0xa5,
    0x15, 0x9d, 0x15, 0xa5, 0x35, 0xa5, 0x35, 0xad, 0x76, 0xad, 0x76, 0xad,
    0x76, 0xad, 0x55, 0xad, 0x55, 0xad, 0x56, 0xad, 0x76, 0xad, 0x76, 0xad,
    0x76, 0xad, 0x76, 0xb5, 0x76, 0xad, 0x55, 0xad, 0x14, 0xa5, 0x14, 0xa5,
    0x14, 0x9d, 0x14, 0xa5, 0x14, 0xa5, 0x14, 0xa5, 0x34, 0xa5, 0x55, 0xad,
    0x55, 0xad, 0x76, 0xad, 0x76, 0xad, 0x76, 0xb5, 0x96, 0xad, 0x96, 0xb5,
    0xb6, 0xb5, 0xd7, 0xb5, 0xd7, 0xbd, 0xd7, 0xbd, 0xd7, 0xbd, 0xf8, 0xbd,
    0xf8, 0xbd, 0x18, 0xc6, 0x18, 0xc6, 0x38, 0xc6, 0x38, 0xc6, 0x39, 0xc6,
    0x38, 0xc6, 0x59, 0xc6, 0x38, 0xc6, 0x18, 0xc6, 0xd7, 0xbd, 0xb7, 0xb5,
    0xd7, 0xb5, 0xb7, 0xb5, 0x96, 0xb5, 0x96, 0xb5, 0xb7, 0xb5, 0xd7, 0xbd,
    0xd7, 0xbd, 0xb7, 0xb5, 0x55, 0xad, 0x55, 0xa5, 0x35, 0xa5, 0x35, 0xa5,
    0x15, 0xa5, 0xf4, 0x9c, 0xf3, 0x9c, 0xf4, 0x9c, 0xf3, 0x9c, 0xd3, 0x94,
    0xd3, 0x94, 0xd3, 0x9c, 0xd3, 0x94, 0xd3, 0x9c, 0xb3, 0x9c, 0x92, 0x94,
    0x92, 0x94, 0x72, 0x8c, 0x72, 0x8c, 0x51, 0x8c, 0x31, 0x84, 0xf0, 0x7b,
    0xcf, 0x7b, 0xf0, 0x7b, 0xf0, 0x83, 0x10, 0x84, 0x30, 0x84, 0x10, 0x84,
    0xf0, 0x7b, 0x10, 0x84, 0x10, 0x84, 0x10, 0x84, 0xf0, 0x7b, 0xf0, 0x83,
    0x10, 0x84, 0x30, 0x84, 0x31, 0x84, 0x10, 0x84, 0xf0, 0x83, 0xf0, 0x7b,
    0x10, 0x84, 0x31, 0x84, 0x31, 0x84, 0x31, 0x84, 0x31, 0x84, 0x11, 0x84,
    0xcf, 0x7b, 0x8f, 0x73, 0xaf, 0x73, 0xcf, 0x7b, 0xaf, 0x73, 0x8e, 0x73,
    0x6e, 0x6b, 0x6d, 0x6b, 0x6e, 0x6b, 0x2d, 0x63, 0x0c, 0x63, 0x0c, 0x63,
    0x8a, 0x52, 0x49, 0x4a, 0x8a, 0x52, 0xab, 0x52, 0xcb, 0x5a, 0xec, 0x5a,
    0x4d, 0x6b, 0x6e, 0x6b, 0x4d, 0x6b, 0x6d, 0x6b, 0xaf, 0x73, 0x4d, 0x6b,
    0x2d, 0x63, 0x2d, 0x63, 0xaf, 0x7b, 0xaf, 0x73, 0x8f, 0x73, 0xec, 0x5a,
    0xab, 0x52, 0xcb, 0x5a, 0x6a, 0x4a, 0x49, 0x42, 0x6a, 0x52, 0x8a, 0x52,
    0xe8, 0x39, 0x86, 0x31, 0x45, 0x29, 0x04, 0x21, 0x25, 0x21, 0xe4, 0x18,
    0x04, 0x21, 0x65, 0x29, 0x45, 0x29, 0x45, 0x29, 0xe4, 0x18, 0x04, 0x21,
    0x45, 0x29, 0x25, 0x21, 0x25, 0x21, 0x25, 0x21, 0xe4, 0x18, 0xe4, 0x18,
    0x04, 0x21, 0xe3, 0x18, 0xc3, 0x10, 0xc3, 0x18, 0xe4, 0x18, 0xe4, 0x18,
    0xe4, 0x18, 0x25, 0x21, 0x25, 0x29, 0x25, 0x21, 0x25, 0x21, 0x04, 0x21,
    0x04, 0x21, 0x04, 0x21, 0x24, 0x21, 0x25, 0x21, 0x25, 0x21, 0x66, 0x29,
    0xc7, 0x39, 0x08, 0x42, 0x09, 0x42, 0x08, 0x3a, 0xa7, 0x31, 0x04, 0x21,
    0x04, 0x21, 0xe4, 0x18, 0xc4, 0x18, 0xc3, 0x18, 0xc3, 0x18, 0xc3, 0x18,
    0xc3, 0x10, 0xc3, 0x18, 0xc3, 0x18, 0xc3, 0x18, 0xe3, 0x18, 0x82, 0x10,
    0x82, 0x10, 0xa2, 0x10, 0xa3, 0x10, 0xc3, 0x10, 0xc3, 0x18, 0xa3, 0x18,
    0xa2, 0x10, 0x82, 0x10, 0x82, 0x10, 0x82, 0x10, 0xa2, 0x10, 0x82, 0x10,
    0x82, 0x10, 0xa2, 0x10, 0xa2, 0x18, 0xa2, 0x18, 0xa2, 0x18, 0xa2, 0x10,
    0x82, 0x10, 0x82, 0x10, 0xa2, 0x10, 0xa2, 0x10, 0xa3, 0x10, 0xc3, 0x18,
    0xc3, 0x18, 0xe3, 0x18, 0xe3, 0x18, 0xc3, 0x18, 0xa2, 0x10, 0x41, 0x08,
    0xc3, 0x10, 0xa2, 0x10, 0xa3, 0x10, 0xa2, 0x10, 0xa2, 0x10, 0xe4, 0x18,
    0x04, 0x21, 0x04, 0x19, 0x45, 0x29, 0xa7, 0x39, 0x08, 0x3a, 0x08, 0x42,
    0x29, 0x42, 0x49, 0x4a, 0x49, 0x4a, 0x08, 0x42, 0xe8, 0x39, 0xe8, 0x39,
    0xc7, 0x39, 0x86, 0x31, 0x25, 0x21, 0x04, 0x21, 0x45, 0x29, 0x25, 0x21,
    0x25, 0x29, 0x24, 0x21, 0x04, 0x21, 0xe3, 0x18, 0xc3, 0x18, 0xa2, 0x18,
    0xa3, 0x10, 0xc3, 0x18, 0xc3, 0x10, 0xc3, 0x18, 0xc3, 0x18, 0xe3, 0x18,
    0x65, 0x29, 0xe4, 0x20, 0x62, 0x10, 0x82, 0x10, 0x81, 0x10, 0x82, 0x10,
    0x82, 0x10, 0x82, 0x10, 0xa3, 0x10, 0xe3, 0x18, 0x25, 0x21, 0x45, 0x29,
    0x65, 0x29, 0x45, 0x29, 0x04, 0x21, 0xe4, 0x18, 0x04, 0x21, 0x04, 0x19,
    0xc3, 0x18, 0xa2, 0x10, 0xa2, 0x10, 0x82, 0x10, 0x82, 0x10, 0x61, 0x10,
    0x61, 0x08, 0xa2, 0x10, 0x45, 0x21, 0xc7, 0x31, 0xa7, 0x31, 0x86, 0x31,
    0x66, 0x29, 0x66, 0x29, 0x87, 0x31, 0xc7, 0x39, 0xc7, 0x31, 0x08, 0x42,
    0x29, 0x42, 0x6a, 0x4a, 0x8a, 0x4a, 0x8a, 0x52, 0x49, 0x4a, 0x49, 0x4a,
    0x6a, 0x4a, 0x6a, 0x4a, 0x6a, 0x52, 0x8a, 0x4a, 0xab, 0x52, 0xcb, 0x5a,
    0x0c, 0x5b, 0x0d, 0x63, 0xab, 0x52, 0x8a, 0x52, 0xab, 0x52, 0xec, 0x5a,
    0x8f, 0x73, 0x31, 0x84, 0xd4, 0x9c, 0xb4, 0x94, 0xd3, 0x94, 0xf4, 0x9c,
    0x35, 0xa5, 0x35, 0xa5, 0x14, 0xa5, 0x35, 0xa5, 0x35, 0xa5, 0x55, 0xad,
    0x75, 0xad, 0x75, 0xad, 0x76, 0xad, 0x55, 0xad, 0x55, 0xad, 0x55, 0xad,
    0x75, 0xad, 0x76, 0xad, 0x76, 0xad, 0x75, 0xad, 0x75, 0xad, 0x56, 0xad,
    0x14, 0xa5, 0x14, 0xa5, 0xf4, 0x9c, 0xf4, 0x9c, 0x14, 0xa5, 0x14, 0xa5,
    0x34, 0xa5, 0x35, 0xa5, 0x35, 0xad, 0x55, 0xad, 0x75, 0xad, 0x75, 0xb5,
    0x96, 0xad, 0x96, 0xb5, 0xb6, 0xb5, 0xd7, 0xb5, 0xd7, 0xbd, 0xd7, 0xb5,
    0xf7, 0xbd, 0xf7, 0xbd, 0xf8, 0xbd, 0x18, 0xc6, 0x18, 0xc6, 0x38, 0xc6,
    0x39, 0xc6, 0x39, 0xce, 0x39, 0xc6, 0x39, 0xc6, 0x39, 0xc6, 0x18, 0xc6,
    0xf8, 0xbd, 0x18, 0xbe, 0xf8, 0xc5, 0xf8, 0xbd, 0xf8, 0xbd, 0x18, 0xc6,
    0xf8, 0xbd, 0xd7, 0xb5, 0xd7, 0xb5, 0xd7, 0xb5, 0x96, 0xb5, 0x55, 0xa5,
    0x35, 0xa5, 0x35, 0xa5, 0x35, 0xa5, 0x14, 0x9d, 0xf4, 0x9c, 0xf4, 0x9c,
    0xf3, 0x9c, 0xd3, 0x9c, 0xd3, 0x94, 0xb3, 0x94, 0xb3, 0x94, 0xb3, 0x94,
    0xb3, 0x94, 0xb3, 0x94, 0xb3, 0x94, 0x93, 0x94, 0x72, 0x94, 0x51, 0x8c,
    0x30, 0x84, 0xf0, 0x7b, 0xf0, 0x83, 0x10, 0x84, 0x10, 0x84, 0x10, 0x7c,
    0xf0, 0x7b, 0x10, 0x84, 0x10, 0x84, 0x10, 0x84, 0x10, 0x84, 0xf0, 0x7b,
    0xf0, 0x7b, 0xcf, 0x7b, 0xf0, 0x7b, 0x10, 0x84, 0x10, 0x84, 0x10, 0x84,
    0xf0, 0x7b, 0xf0, 0x7b, 0x10, 0x84, 0x31, 0x84, 0x31, 0x84, 0x30, 0x84,
    0x31, 0x8c, 0x31, 0x84, 0x30, 0x84, 0x10, 0x84, 0x10, 0x84, 0x10, 0x84,
    0x10, 0x84, 0xf0, 0x7b, 0xcf, 0x73, 0xae, 0x73, 0xaf, 0x73, 0x6e, 0x6b,
    0x0c, 0x5b, 0xec, 0x5a, 0x8a, 0x52, 0x49, 0x42, 0x29, 0x42, 0x8a, 0x52,
    0xab, 0x52, 0xec, 0x5a, 0x2d, 0x63, 0x6e, 0x73, 0x4d, 0x6b, 0x4d, 0x6b,
    0x8e, 0x6b, 0x6e, 0x6b, 0x6d, 0x6b, 0x8e, 0x73, 0xcf, 0x7b, 0xcf, 0x73,
    0xaf, 0x73, 0xaf, 0x73, 0xec, 0x5a, 0xec, 0x5a, 0x6a, 0x4a, 0x29, 0x42,
    0x69, 0x4a, 0x8a, 0x52, 0x49, 0x4a, 0xc7, 0x39, 0x66, 0x29, 0x25, 0x21,
    0x25, 0x21, 0xe3, 0x18, 0xe4, 0x20, 0x25, 0x21, 0x45, 0x29, 0x66, 0x29,
    0x04, 0x21, 0x04, 0x19, 0x04, 0x21, 0x04, 0x21, 0x04, 0x21, 0xe4, 0x18,
    0xe3, 0x18, 0xe4, 0x18, 0xe4, 0x18, 0xc3, 0x18, 0xa3, 0x10, 0xc3, 0x18,
    0xe4, 0x18, 0xc3, 0x18, 0xe4, 0x20, 0x24, 0x21, 0x24, 0x21, 0x25, 0x21,
    0x25, 0x29, 0x24, 0x21, 0x24, 0x21, 0x25, 0x21, 0xe4, 0x18, 0xe4, 0x18,
    0x04, 0x21, 0x45, 0x29, 0xa7, 0x31, 0x08, 0x3a, 0xe8, 0x39, 0xc8, 0x39,
    0x66, 0x31, 0x04, 0x21, 0x04, 0x19, 0xe4, 0x18, 0xe4, 0x18, 0xe3, 0x18,
    0xc3, 0x18, 0xc3, 0x18, 0xc3, 0x18, 0xe3, 0x18, 0xc3, 0x18, 0xe3, 0x18,
    0xc3, 0x18, 0xa2, 0x10, 0x82, 0x10, 0xa2, 0x10, 0xa3, 0x10, 0xc3, 0x18,
    0xc3, 0x18, 0xa2, 0x10, 0x82, 0x10, 0x82, 0x10, 0xa1, 0x10, 0x82, 0x10,
    0xa2, 0x10, 0x82, 0x10, 0x82, 0x10, 0x82, 0x10, 0x82, 0x10, 0xa2, 0x10,
    0x82, 0x10, 0xa2, 0x18, 0xa2, 0x10, 0x82, 0x10, 0xa2, 0x10, 0xa2, 0x10,
    0xa2, 0x10, 0xa3, 0x10, 0xa3, 0x18, 0xc3, 0x18, 0xc3, 0x18, 0xc3, 0x18,
    0xa3, 0x10, 0x61, 0x08, 0xc3, 0x18, 0xc3, 0x18, 0xa2, 0x10, 0xa2, 0x10,
    0xa3, 0x10, 0xe3, 0x18, 0xa2, 0x18, 0xc3, 0x18, 0x66, 0x29, 0xa7, 0x31,
    0x08, 0x42, 0x29, 0x42, 0x49, 0x4a, 0x6a, 0x4a, 0x6a, 0x4a, 0x29, 0x42,
    0xe8, 0x39, 0xa7, 0x31, 0x86, 0x31, 0x65, 0x29, 0x04, 0x21, 0x04, 0x21,
    0x25, 0x21, 0x45, 0x29, 0x45, 0x29, 0x04, 0x21, 0x24, 0x21, 0xc3, 0x18,
    0xc3, 0x18, 0xa3, 0x10, 0x82, 0x10, 0xa2, 0x10, 0xe4, 0x20, 0x45, 0x29,
    0x45, 0x29, 0x45, 0x29, 0xa6, 0x31, 0xc3, 0x18, 0xa2, 0x18, 0xa2, 0x10,
    0xa3, 0x10, 0xa2, 0x10, 0xa3, 0x10, 0xa2, 0x10, 0xc3, 0x18, 0xe4, 0x18,
    0x25, 0x29, 0x45, 0x29, 0x66, 0x29, 0x24, 0x21, 0xa3, 0x10, 0xa3, 0x10,
    0xc3, 0x18, 0xe3, 0x18, 0xc3, 0x18, 0xc3, 0x18, 0xa3, 0x18, 0xa2, 0x10,
    0x82, 0x10, 0x82, 0x10, 0x82, 0x10, 0x04, 0x19, 0x09, 0x42, 0x29, 0x4a,
    0xe8, 0x39, 0xa7, 0x31, 0x45, 0x29, 0x45, 0x29, 0x66, 0x29, 0xa7, 0x39,
    0xc7, 0x39, 0xe8, 0x39, 0x29, 0x42, 0x29, 0x4a, 0xe8, 0x39, 0x29, 0x42,
    0x49, 0x4a, 0x4a, 0x4a, 0x6a, 0x4a, 0x6a, 0x4a, 0x6a, 0x4a, 0x6a, 0x4a,
    0xab, 0x52, 0xeb, 0x5a, 0x0c, 0x63, 0x0d, 0x63, 0xab, 0x52, 0xaa, 0x52,
    0xab, 0x52, 0xec, 0x62, 0xcf, 0x73, 0xf4, 0x9c, 0xb3, 0x94, 0xd4, 0x94,
    0xf4, 0x9c, 0x14, 0xa5, 0x35, 0xa5, 0x35, 0xa5, 0x35, 0xa5, 0x34, 0xa5,
    0x35, 0xa5, 0x55, 0xad, 0x55, 0xad, 0x56, 0xad, 0x75, 0xad, 0x55, 0xad,
    0x55, 0xad, 0x55, 0xad, 0x55, 0xad, 0x55, 0xad, 0x56, 0xad, 0x75, 0xad,
    0x55, 0xad, 0x55, 0xad, 0x14, 0xa5, 0x14, 0x9d, 0x14, 0xa5, 0x14, 0xa5,
    0x15, 0xa5, 0x14, 0xa5, 0x14, 0xa5, 0x14, 0xa5, 0x35, 0xa5, 0x55, 0xad,
    0x55, 0xad, 0x76, 0xad, 0x76, 0xb5, 0x96, 0xb5, 0xb7, 0xb5, 0xb7, 0xbd,
    0xb7, 0xbd, 0xd7, 0xbd, 0xd7, 0xbd, 0xd7, 0xbd, 0xf7, 0xbd, 0x18, 0xbe,
    0x18, 0xc6, 0x18, 0xc6, 0x38, 0xc6, 0x38, 0xc6, 0x38, 0xce, 0x38, 0xce,
    0x38, 0xc6, 0x18, 0xc6, 0x18, 0xc6, 0x18, 0xc6, 0x38, 0xc6, 0x18, 0xc6,
    0x38, 0xc6, 0x38, 0xc6, 0x18, 0xc6, 0xf8, 0xbd, 0xd7, 0xbd, 0xd7, 0xbd,
    0xb7, 0xb5, 0x55, 0xad, 0x55, 0xa5, 0x35, 0xa5, 0x55, 0xa5, 0x14, 0xa5,
    0xf3, 0x9c, 0xd4, 0x9c, 0xd3, 0x9c, 0xf4, 0x9c, 0xd3, 0x94, 0xb3, 0x94,
    0xb2, 0x94, 0x92, 0x94, 0xb3, 0x94, 0xb3, 0x94, 0xd3, 0x9c, 0xb3, 0x94,
    0x72, 0x8c, 0x51, 0x8c, 0x31, 0x84, 0x30, 0x84, 0x31, 0x84, 0x10, 0x7c,
    0xf0, 0x7b, 0xf0, 0x7b, 0x10, 0x84, 0x10, 0x84, 0x10, 0x7c, 0xf0, 0x7b,
    0x10, 0x84, 0xf0, 0x7b, 0xef, 0x7b, 0xcf, 0x7b, 0xf0, 0x7b, 0x10, 0x84,
    0x10, 0x84, 0xf0, 0x7b, 0xf0, 0x7b, 0xf0, 0x7b, 0x10, 0x84, 0x10, 0x84,
    0x10, 0x84, 0x10, 0x84, 0x31, 0x84, 0x51, 0x8c, 0x31, 0x84, 0x52, 0x8c,
    0x51, 0x84, 0x31, 0x84, 0x30, 0x84, 0x10, 0x7c, 0xf0, 0x7b, 0xef, 0x7b,
    0xef, 0x7b, 0x8e, 0x73, 0x0c, 0x63, 0xec, 0x5a, 0x8a, 0x52, 0x49, 0x4a,
    0x29, 0x42, 0x49, 0x4a, 0x8a, 0x52, 0x0c, 0x63, 0x4d, 0x6b, 0x6e, 0x6b,
    0x6e, 0x6b, 0x4d, 0x6b, 0x8e, 0x73, 0x8e, 0x73, 0x8e, 0x73, 0xcf, 0x73,
    0x10, 0x7c, 0xf0, 0x7b, 0xaf, 0x73, 0xaf, 0x73, 0x6e, 0x6b, 0x0c, 0x5b,
    0xcb, 0x5a, 0x08, 0x42, 0x29, 0x42, 0x8a, 0x52, 0x8a, 0x52, 0x08, 0x42,
    0xa7, 0x31, 0x45, 0x29, 0x25, 0x21, 0xc3, 0x18, 0xe4, 0x18, 0x25, 0x21,
    0x04, 0x21, 0x04, 0x21, 0xe4, 0x18, 0xc3, 0x18, 0xc4, 0x18, 0xe3, 0x18,
    0xc3, 0x18, 0xe4, 0x18, 0xe4, 0x18, 0xe3, 0x18, 0xe3, 0x18, 0xa3, 0x18,
    0xc3, 0x18, 0xe3, 0x18, 0xe4, 0x18, 0xe3, 0x18, 0xe4, 0x20, 0x04, 0x21,
    0x04, 0x21, 0x25, 0x21, 0x45, 0x29, 0x45, 0x29, 0x45, 0x29, 0x25, 0x21,
    0xe4, 0x18, 0xe4, 0x18, 0xe3, 0x18, 0x25, 0x21, 0xa6, 0x31, 0xe8, 0x39,
    0x08, 0x42, 0xc7, 0x39, 0x66, 0x29, 0x25, 0x21, 0xe4, 0x20, 0xe4, 0x18,
    0xe4, 0x20, 0xe4, 0x18, 0xc3, 0x18, 0xc3, 0x18, 0xe3, 0x18, 0xe4, 0x18,
    0x04, 0x19, 0x04, 0x21, 0xa3, 0x10, 0x82, 0x10, 0x82, 0x10, 0xa2, 0x10,
    0xc3, 0x18, 0xc3, 0x18, 0xa2, 0x18, 0xa2, 0x10, 0xa2, 0x10, 0xa2, 0x10,
    0x82, 0x10, 0xa2, 0x10, 0x82, 0x10, 0x81, 0x10, 0x82, 0x10, 0x82, 0x10,
    0xa2, 0x10, 0x82, 0x10, 0x82, 0x10, 0xa2, 0x10, 0xa2, 0x18, 0x82, 0x10,
    0xa2, 0x10, 0x82, 0x10, 0x82, 0x10, 0xa2, 0x10, 0xa2, 0x10, 0xc3, 0x10,
    0xc3, 0x18, 0xc2, 0x18, 0xa2, 0x10, 0x41, 0x08, 0xa2, 0x10, 0xa2, 0x10,
    0xa2, 0x10, 0x82, 0x10, 0xa3, 0x10, 0xa3, 0x18, 0xa2, 0x10, 0x04, 0x21,
    0x66, 0x29, 0xa7, 0x31, 0x08, 0x42, 0x49, 0x4a, 0x49, 0x4a, 0x49, 0x42,
    0x29, 0x42, 0x08, 0x42, 0x08, 0x42, 0xa7, 0x31, 0x86, 0x31, 0x65, 0x29,
    0x24, 0x21, 0x04, 0x21, 0x04, 0x21, 0x45, 0x21, 0x66, 0x29, 0x05, 0x21,
    0x04, 0x19, 0xe3, 0x18, 0xc3, 0x18, 0xc3, 0x18, 0x82, 0x10, 0x82, 0x10,
    0xa2, 0x18, 0x04, 0x21, 0x45, 0x29, 0x24, 0x21, 0xc3, 0x18, 0xa3, 0x10,
    0xa2, 0x10, 0xa2, 0x18, 0xa2, 0x10, 0xa3, 0x10, 0xa2, 0x10, 0xc3, 0x18,
    0xc3, 0x18, 0xe4, 0x18, 0x45, 0x29, 0x45, 0x29, 0x45, 0x29, 0xe4, 0x18,
    0xa2, 0x10, 0xa2, 0x10, 0xc3, 0x18, 0xe3, 0x18, 0xc3, 0x18, 0xc3, 0x18,
    0xc3, 0x18, 0xa2, 0x10, 0x82, 0x10, 0xa3, 0x10, 0xe3, 0x18, 0xa7, 0x31,
    0x6a, 0x4a, 0x49, 0x4a, 0xc7, 0x39, 0x86, 0x31, 0x65, 0x29, 0x66, 0x29,
    0x86, 0x31, 0xc7, 0x39, 0xe7, 0x39, 0xe8, 0x39, 0x29, 0x42, 0x28, 0x42,
    0xe7, 0x39, 0x08, 0x42, 0x49, 0x4a, 0x6a, 0x4a, 0x6a, 0x4a, 0x6a, 0x52,
    0x6a, 0x52, 0x6a, 0x4a, 0xcc, 0x5a, 0x4d, 0x63, 0x8e, 0x6b, 0x4d, 0x6b,
    0xab, 0x52, 0x8a, 0x52, 0xab, 0x5a, 0x0d, 0x63, 0x93, 0x8c, 0xb3, 0x94,
    0xb3, 0x94, 0xd4, 0x9c, 0x14, 0x9d, 0x14, 0xa5, 0x34, 0xa5, 0x14, 0xa5,
    0x14, 0xa5, 0x14, 0xa5, 0x35, 0xa5, 0x15, 0xa5, 0x35, 0xa5, 0x55, 0xad,
    0x35, 0xad, 0x35, 0xa5, 0x35, 0xa5, 0x55, 0xad, 0x55, 0xa5, 0x55, 0xad,
    0x55, 0xad, 0x56, 0xad, 0x55, 0xa5, 0x15, 0xa5, 0x14, 0xa5, 0xf4, 0x9c,
    0xf4, 0x9c, 0xf4, 0x9c, 0xf4, 0x9c, 0x14, 0x9d, 0x14, 0x9d, 0xf4, 0x9c,
    0x14, 0xa5, 0x55, 0xad, 0x56, 0xad, 0x56, 0xad, 0x76, 0xb5, 0x96, 0xb5,
    0xb6, 0xb5, 0xb7, 0xb5, 0xb7, 0xbd, 0xb7, 0xbd, 0xd7, 0xbd, 0xd7, 0xbd,
    0xd7, 0xbd, 0xf7, 0xbd, 0x18, 0xbe, 0x18, 0xc6, 0x18, 0xc6, 0x38, 0xc6,
    0x39, 0xce, 0x59, 0xce, 0x38, 0xc6, 0x18, 0xc6, 0x18, 0xc6, 0x18, 0xc6,
    0x18, 0xbe, 0x18, 0xc6, 0x39, 0xc6, 0x39, 0xc6, 0x18, 0xc6, 0xf7, 0xbd,
    0xd7, 0xbd, 0xb7, 0xb5, 0xb7, 0xb5, 0x76, 0xad, 0x55, 0xa5, 0x14, 0xa5,
    0x14, 0xa5, 0x14, 0xa5, 0x14, 0x9d, 0xf3, 0x9c, 0xd3, 0x94, 0xb3, 0x94,
    0xb3, 0x94, 0x92, 0x94, 0x92, 0x94, 0x51, 0x8c, 0x72, 0x94, 0x92, 0x94,
    0xb2, 0x94, 0x92, 0x94, 0x72, 0x8c, 0x51, 0x8c, 0x51, 0x8c, 0x31, 0x84,
    0xf0, 0x83, 0xef, 0x7b, 0xf0, 0x7b, 0x10, 0x84, 0xf0, 0x7b, 0xf0, 0x7b,
    0xf0, 0x7b, 0x10, 0x84, 0x10, 0x84, 0xf0, 0x7b, 0xf0, 0x7b, 0xcf, 0x7b,
    0xcf, 0x7b, 0x10, 0x84, 0x10, 0x7c, 0xef, 0x7b, 0xcf, 0x7b, 0xcf, 0x7b,
    0xf0, 0x7b, 0xf0, 0x7b, 0xf0, 0x7b, 0x10, 0x84, 0x30, 0x84, 0x31, 0x84,
    0x31, 0x8c, 0x51, 0x84, 0x31, 0x84, 0x31, 0x84, 0x11, 0x84, 0x10, 0x84,
    0x10, 0x7c, 0xf0, 0x7b, 0xf0, 0x7b, 0xaf, 0x73, 0x4d, 0x6b, 0x0c, 0x63,
    0x8a, 0x52, 0x6a, 0x4a, 0x6a, 0x4a, 0x8a, 0x52, 0x8a, 0x52, 0xec, 0x5a,
    0x2d, 0x63, 0x6e, 0x6b, 0x6e, 0x6b, 0x4d, 0x6b, 0x6e, 0x6b, 0x8e, 0x73,
    0xaf, 0x73, 0xf0, 0x7b, 0x31, 0x84, 0xf0, 0x7b, 0xaf, 0x73, 0xaf, 0x73,
    0xaf, 0x73, 0x0c, 0x63, 0xec, 0x62, 0xe8, 0x39, 0x29, 0x42, 0x8a, 0x4a,
    0x8a, 0x52, 0x49, 0x42, 0xe8, 0x39, 0x45, 0x29, 0x25, 0x21, 0x25, 0x21,
    0x66, 0x29, 0x45, 0x29, 0x04, 0x21, 0xc3, 0x18, 0xc3, 0x10, 0xc3, 0x18,
    0xc3, 0x18, 0xc3, 0x18, 0xc3, 0x18, 0xe4, 0x18, 0xc3, 0x18, 0xc3, 0x18,
    0xc3, 0x18, 0xc2, 0x10, 0xc3, 0x18, 0xe4, 0x18, 0xe4, 0x18, 0xe4, 0x20,
    0x04, 0x21, 0x24, 0x21, 0x04, 0x21, 0x24, 0x21, 0x25, 0x21, 0x45, 0x29,
    0x66, 0x29, 0x45, 0x29, 0x04, 0x21, 0x04, 0x21, 0xe4, 0x20, 0x25, 0x21,
    0x86, 0x31, 0xe8, 0x39, 0xe8, 0x39, 0xa6, 0x31, 0x65, 0x29, 0x04, 0x21,
    0xe3, 0x18, 0xe3, 0x18, 0xe4, 0x18, 0xe3, 0x18, 0xc3, 0x18, 0xe3, 0x18,
    0x04, 0x21, 0x04, 0x21, 0x04, 0x21, 0x04, 0x19, 0xa2, 0x10, 0xa2, 0x10,
    0xa2, 0x10, 0xa3, 0x18, 0xc3, 0x18, 0xa2, 0x10, 0xa2, 0x10, 0x82, 0x10,
    0x82, 0x10, 0x82, 0x10, 0x82, 0x10, 0xa2, 0x10, 0x82, 0x10, 0x82, 0x10,
    0x82, 0x10, 0xa2, 0x10, 0xa2, 0x10, 0xa3, 0x10, 0xa2, 0x10, 0xa2, 0x10,
    0xa2, 0x18, 0x82, 0x10, 0xa3, 0x18, 0xa2, 0x10, 0x82, 0x10, 0xa2, 0x10,
    0xa2, 0x10, 0xa3, 0x10, 0xc3, 0x18, 0xc3, 0x18, 0xa2, 0x10, 0x61, 0x08,
    0x82, 0x10, 0x82, 0x10, 0x82, 0x10, 0x82, 0x10, 0xa2, 0x10, 0x82, 0x10,
    0xe3, 0x18, 0x65, 0x29, 0x66, 0x29, 0x86, 0x31, 0xe8, 0x39, 0x29, 0x42,
    0x08, 0x42, 0xe8, 0x39, 0x08, 0x42, 0x08, 0x42, 0x08, 0x42, 0xa7, 0x31,
    0x86, 0x31, 0x45, 0x29, 0x45, 0x21, 0x24, 0x21, 0x04, 0x21, 0x45, 0x21,
    0x25, 0x21, 0x04, 0x21, 0xe4, 0x20, 0xe3, 0x18, 0xe3, 0x18, 0xe3, 0x18,
    0xa3, 0x10, 0x82, 0x10, 0x82, 0x10, 0xa2, 0x10, 0xe3, 0x18, 0xc3, 0x18,
    0xa3, 0x10, 0xa3, 0x10, 0x82, 0x10, 0x82, 0x10, 0xa3, 0x18, 0xc3, 0x18,
    0xc3, 0x18, 0xe4, 0x18, 0x04, 0x21, 0x04, 0x21, 0x04, 0x21, 0x04, 0x19,
    0xe4, 0x18, 0xc3, 0x18, 0xc3, 0x18, 0xc3, 0x18, 0xc3, 0x18, 0xe3, 0x18,
    0xc3, 0x18, 0xc3, 0x18, 0xe3, 0x18, 0xa2, 0x10, 0x82, 0x10, 0x04, 0x21,
    0x65, 0x29, 0xc7, 0x39, 0x28, 0x42, 0x08, 0x42, 0xe8, 0x39, 0xc7, 0x39,
    0xa7, 0x31, 0x86, 0x31, 0xc7, 0x39, 0xe8, 0x39, 0xe8, 0x39, 0xe8, 0x39,
    0x29, 0x4a, 0x08, 0x42, 0xc7, 0x39, 0xe8, 0x39, 0x29, 0x42, 0x6a, 0x4a,
    0x8a, 0x52, 0x6a, 0x4a, 0x6a, 0x4a, 0xcc, 0x5a, 0x6e, 0x73, 0x31, 0x84,
    0x31, 0x84, 0x8f, 0x73, 0xab, 0x52, 0xab, 0x52, 0xcc, 0x5a, 0x31, 0x84,
    0xb3, 0x94, 0x93, 0x94, 0xb3, 0x94, 0xd4, 0x9c, 0xf4, 0x9c, 0xf4, 0x9c,
    0xf4, 0x9c, 0xf4, 0x9c, 0xf4, 0x9c, 0xf4, 0x9c, 0x14, 0xa5, 0x14, 0x9d,
    0x14, 0xa5, 0x35, 0xa5, 0x35, 0xa5, 0xf4, 0x9c, 0x14, 0xa5, 0x35, 0xa5,
    0x15, 0xa5, 0x35, 0xa5, 0x35, 0xa5, 0x55, 0xad, 0x14, 0xa5, 0xf4, 0x9c,
    0xf4, 0x9c, 0xd3, 0x9c, 0xb3, 0x94, 0xd3, 0x9c, 0xd3, 0x9c, 0xf4, 0x9c,
    0x14, 0xa5, 0xf4, 0xa4, 0x14, 0xa5, 0x35, 0xad, 0x55, 0xad, 0x55, 0xad,
    0x75, 0xad, 0x76, 0xad, 0x96, 0xb5, 0xb6, 0xb5, 0x96, 0xb5, 0xb6, 0xb5,
    0xb7, 0xb5, 0xb7, 0xbd, 0xd7, 0xbd, 0xd7, 0xbd, 0xf7, 0xbd, 0xf8, 0xbd,
    0x18, 0xc6, 0x38, 0xc6, 0x39, 0xc6, 0x39, 0xc6, 0x39, 0xc6, 0x38, 0xc6,
    0x18, 0xbe, 0xf8, 0xbd, 0xf8, 0xc5, 0x18, 0xc6, 0x18, 0xc6, 0x18, 0xc6,
    0x18, 0xc6, 0xf8, 0xbd, 0xd7, 0xbd, 0xb6, 0xb5, 0xb7, 0xb5, 0x96, 0xb5,
    0x35, 0xa5, 0x14, 0xa5, 0x14, 0x9d, 0xf4, 0x9c, 0xf4, 0xa4, 0xf4, 0x9c,
    0xb3, 0x94, 0xb2, 0x94, 0x92, 0x94, 0x72, 0x8c, 0x51, 0x8c, 0x72, 0x8c,
    0x92, 0x8c, 0x92, 0x94, 0x92, 0x8c, 0x72, 0x8c, 0x51, 0x8c, 0x51, 0x84,
    0x30, 0x84, 0xf0, 0x83, 0xf0, 0x7b, 0xef, 0x7b, 0xf0, 0x7b, 0x10, 0x84,
    0x10, 0x84, 0xf0, 0x7b, 0xf0, 0x83, 0x10, 0x84, 0x10, 0x84, 0xf0, 0x7b,
    0xf0, 0x7b, 0xcf, 0x7b, 0xaf, 0x73, 0xd0, 0x7b, 0xf0, 0x7b, 0xcf, 0x7b,
    0xaf, 0x7b, 0xcf, 0x7b, 0xcf, 0x7b, 0xcf, 0x7b, 0xcf, 0x7b, 0xf0, 0x7b,
    0x10, 0x84, 0x31, 0x84, 0x31, 0x84, 0x51, 0x8c, 0x31, 0x84, 0x31, 0x84,
    0x10, 0x84, 0x10, 0x7c, 0xf0, 0x7b, 0xef, 0x7b, 0xcf, 0x7b, 0xaf, 0x73,
    0x6d, 0x63, 0x4d, 0x63, 0xab, 0x52, 0x8a, 0x52, 0xcb, 0x5a, 0xab, 0x52,
    0xaa, 0x52, 0xab, 0x5a, 0xcb, 0x5a, 0x4d, 0x6b, 0x6e, 0x6b, 0x2d, 0x63,
    0x6e, 0x6b, 0xaf, 0x73, 0xf0, 0x7b, 0x10, 0x7c, 0x11, 0x84, 0x10, 0x7c,
    0xf0, 0x7b, 0xcf, 0x7b, 0xcf, 0x73, 0x6e, 0x6b, 0xec, 0x62, 0xc7, 0x39,
    0x08, 0x42, 0x49, 0x4a, 0x8a, 0x52, 0x49, 0x4a, 0x29, 0x42, 0x66, 0x29,
    0xe4, 0x20, 0x24, 0x21, 0x65, 0x29, 0x45, 0x29, 0xe4, 0x18, 0xa3, 0x10,
    0xa3, 0x10, 0xa3, 0x10, 0xc3, 0x18, 0xe3, 0x18, 0xe4, 0x18, 0xe4, 0x18,
    0xc3, 0x18, 0xc3, 0x18, 0xc3, 0x18, 0xa3, 0x10, 0xc3, 0x18, 0xe3, 0x18,
    0xe4, 0x18, 0xe4, 0x18, 0x04, 0x21, 0x04, 0x21, 0x24, 0x21, 0x04, 0x21,
    0x04, 0x21, 0x25, 0x21, 0x45, 0x29, 0x45, 0x29, 0x45, 0x29, 0x45, 0x29,
    0x25, 0x21, 0x45, 0x29, 0x66, 0x29, 0xa7, 0x39, 0xa7, 0x31, 0x66, 0x29,
    0x25, 0x21, 0xe4, 0x18, 0xc3, 0x18, 0xe3, 0x18, 0xe4, 0x18, 0xc3, 0x18,
    0xe3, 0x18, 0x04, 0x21, 0x25, 0x21, 0x04, 0x21, 0x04, 0x21, 0xe3, 0x18,
    0xa2, 0x10, 0xa3, 0x10, 0xc3, 0x18, 0xe3, 0x18, 0xa2, 0x10, 0x82, 0x10,
    0x82, 0x10, 0xa2, 0x10, 0x82, 0x10, 0xa2, 0x10, 0xa2, 0x10, 0x82, 0x10,
    0xa2, 0x10, 0xa2, 0x10, 0x82, 0x10, 0xa2, 0x10, 0xa2, 0x10, 0xa3, 0x10,
    0xa3, 0x10, 0xa2, 0x10, 0xa3, 0x10, 0xa3, 0x18, 0xa3, 0x10, 0xa2, 0x18,
    0xa3, 0x10, 0xa3, 0x18, 0xa2, 0x10, 0xa2, 0x10, 0xa3, 0x10, 0xc3, 0x18,
    0xa3, 0x10, 0x61, 0x08, 0x82, 0x10, 0xa2, 0x10, 0x82, 0x10, 0xa2, 0x10,
    0x82, 0x10, 0xc3, 0x18, 0x25, 0x21, 0x66, 0x29, 0xa7, 0x39, 0xa6, 0x31,
    0xc7, 0x39, 0x08, 0x42, 0xc7, 0x39, 0xa7, 0x31, 0xc7, 0x39, 0x08, 0x42,
    0x08, 0x42, 0xc7, 0x31, 0x86, 0x29, 0x45, 0x29, 0x66, 0x29, 0x25, 0x21,
    0x25, 0x21, 0x04, 0x21, 0x04, 0x21, 0x04, 0x21, 0x04, 0x21, 0x04, 0x21,
    0x25, 0x21, 0x24, 0x21, 0xe3, 0x18, 0xc3, 0x18, 0xa3, 0x10, 0x82, 0x10,
    0xa2, 0x10, 0xc3, 0x18, 0xa2, 0x10, 0xc3, 0x18, 0xa2, 0x10, 0xa3, 0x10,
    0xa3, 0x10, 0xe3, 0x18, 0x04, 0x21, 0xe4, 0x18, 0xe4, 0x18, 0xe3, 0x18,
    0xe3, 0x18, 0xc3, 0x18, 0xc3, 0x18, 0xe4, 0x18, 0x04, 0x21, 0x04, 0x21,
    0x04, 0x21, 0xe3, 0x18, 0xe3, 0x18, 0xe4, 0x18, 0xe3, 0x18, 0xc3, 0x18,
    0x25, 0x21, 0x86, 0x31, 0x86, 0x31, 0x87, 0x31, 0xc7, 0x39, 0xc7, 0x39,
    0xe8, 0x39, 0xe8, 0x39, 0x86, 0x31, 0xa7, 0x31, 0x08, 0x42, 0x28, 0x42,
    0x29, 0x4a, 0x49, 0x4a, 0x69, 0x4a, 0x08, 0x42, 0xc7, 0x39, 0xc8, 0x39,
    0x29, 0x42, 0x8a, 0x52, 0x6a, 0x52, 0x6a, 0x4a, 0xcb, 0x5a, 0x6e, 0x6b,
    0xf0, 0x7b, 0x92, 0x8c, 0xd0, 0x7b, 0x4d, 0x6b, 0xaa, 0x52, 0xcb, 0x52,
    0x31, 0x84, 0xb3, 0x94, 0x92, 0x8c, 0x92, 0x8c, 0xd3, 0x94, 0xf3, 0x9c,
    0xf4, 0x9c, 0xf3, 0x9c, 0xf3, 0x9c, 0xd3, 0x9c, 0xd3, 0x9c, 0xd3, 0x9c,
    0xf3, 0x9c, 0xd3, 0x9c, 0xf4, 0x9c, 0x14, 0xa5, 0x14, 0xa5, 0xf4, 0x9c,
    0xf4, 0x9c, 0x14, 0xa5, 0x14, 0xa5, 0x14, 0x9d, 0x14, 0xa5, 0x14, 0xa5,
    0xd3, 0x9c, 0x92, 0x94, 0x72, 0x8c, 0x92, 0x94, 0xb2, 0x94, 0xb3, 0x94,
    0xb3, 0x94, 0xd3, 0x9c, 0xd3, 0x9c, 0xf3, 0x9c, 0xf4, 0x9c, 0x14, 0xa5,
    0x35, 0xa5, 0x35, 0xa5, 0x55, 0xa5, 0x76, 0xad, 0x96, 0xb5, 0x96, 0xb5,
    0x96, 0xb5, 0x96, 0xb5, 0x96, 0xb5, 0xb6, 0xb5, 0xb7, 0xb5, 0xd7, 0xbd,
    0xd7, 0xbd, 0xf7, 0xbd, 0x18, 0xc6, 0x18, 0xc6, 0x18, 0xc6, 0x39, 0xce,
    0x39, 0xce, 0x39, 0xce, 0x39, 0xc6, 0xf8, 0xc5, 0x18, 0xbe, 0xf8, 0xbd,
    0x18, 0xc6, 0x18, 0xc6, 0x18, 0xbe, 0xf8, 0xbd, 0xd7, 0xbd, 0xb6, 0xb5,
    0x96, 0xb5, 0x96, 0xb5, 0x55, 0xad, 0x14, 0xa5, 0x14, 0xa5, 0xd3, 0x9c,
    0xd3, 0x9c, 0xf4, 0x9c, 0xd3, 0x9c, 0x92, 0x94, 0x92, 0x94, 0x72, 0x8c,
    0x72, 0x8c, 0x72, 0x8c, 0x72, 0x8c, 0x71, 0x8c, 0x72, 0x8c, 0x51, 0x8c,
    0x10, 0x84, 0x10, 0x84, 0xf0, 0x7b, 0xcf, 0x7b, 0xf0, 0x7b, 0xcf, 0x7b,
    0xf0, 0x7b, 0x10, 0x84, 0xf0, 0x83, 0xf0, 0x7b, 0xef, 0x7b, 0xf0, 0x7b,
    0xf0, 0x7b, 0xf0, 0x7b, 0x10, 0x84, 0xcf, 0x7b, 0xaf, 0x73, 0xef, 0x7b,
    0xaf, 0x7b, 0xaf, 0x73, 0xcf, 0x7b, 0xcf, 0x73, 0xaf, 0x73, 0xcf, 0x7b,
    0xcf, 0x7b, 0xf0, 0x7b, 0x10, 0x84, 0x10, 0x84, 0x31, 0x84, 0x31, 0x84,
    0x31, 0x84, 0x30, 0x84, 0x10, 0x84, 0xf0, 0x7b, 0xf0, 0x7b, 0xef, 0x7b,
    0xcf, 0x73, 0xaf, 0x73, 0x4d, 0x6b, 0x2d, 0x63, 0xcb, 0x5a, 0xab, 0x52,
    0xec, 0x62, 0x0c, 0x63, 0xcb, 0x52, 0xab, 0x52, 0x8b, 0x52, 0xec, 0x5a,
    0x8e, 0x73, 0x8e, 0x73, 0xae, 0x73, 0xcf, 0x7b, 0x10, 0x84, 0x11, 0x7c,
    0x30, 0x84, 0xcf, 0x7b, 0xf0, 0x7b, 0xf0, 0x7b, 0xcf, 0x7b, 0xaf, 0x73,
    0xeb, 0x5a, 0x29, 0x42, 0x08, 0x42, 0x29, 0x42, 0x6a, 0x4a, 0x29, 0x42,
    0x08, 0x42, 0xe8, 0x39, 0xc7, 0x39, 0xe8, 0x39, 0x45, 0x29, 0x05, 0x21,
    0xe3, 0x18, 0xc3, 0x18, 0xc3, 0x18, 0xe4, 0x18, 0xe4, 0x18, 0xe4, 0x18,
    0xe4, 0x20, 0x04, 0x19, 0xe4, 0x18, 0xc3, 0x18, 0xc3, 0x18, 0xa3, 0x10,
    0xc3, 0x18, 0xe3, 0x18, 0xe3, 0x18, 0xe4, 0x18, 0x04, 0x19, 0x24, 0x21,
    0x24, 0x21, 0xe4, 0x18, 0x04, 0x21, 0x25, 0x21, 0x04, 0x21, 0x25, 0x21,
    0x66, 0x29, 0x45, 0x29, 0x45, 0x29, 0x45, 0x29, 0x45, 0x29, 0x66, 0x29,
    0x66, 0x29, 0x04, 0x21, 0xc3, 0x18, 0xe3, 0x18, 0xc4, 0x18, 0xe4, 0x18,
    0xe4, 0x18, 0xe4, 0x18, 0x04, 0x21, 0x45, 0x29, 0x25, 0x21, 0x24, 0x21,
    0x24, 0x21, 0xc3, 0x18, 0xa3, 0x18, 0xc3, 0x18, 0xc3, 0x18, 0xa2, 0x10,
    0x82, 0x10, 0x82, 0x10, 0x82, 0x10, 0xa2, 0x18, 0xa2, 0x18, 0xa2, 0x18,
    0xa2, 0x18, 0xa2, 0x10, 0xa2, 0x10, 0xa2, 0x10, 0xa2, 0x10, 0xa2, 0x10,
    0xa3, 0x10, 0xa2, 0x18, 0xa3, 0x18, 0xa3, 0x10, 0xa2, 0x10, 0xa2, 0x18,
    0xa3, 0x10, 0xa2, 0x10, 0xa3, 0x10, 0xa3, 0x10, 0xa2, 0x18, 0xa3, 0x10,
    0xa2, 0x10, 0xa2, 0x10, 0xa3, 0x10, 0x41, 0x08, 0x82, 0x10, 0x82, 0x10,
    0xa2, 0x10, 0x82, 0x10, 0xa2, 0x10, 0x04, 0x19, 0x65, 0x29, 0xa6, 0x31,
    0xa7, 0x31, 0x86, 0x31, 0xa7, 0x31, 0xc7, 0x39, 0xc7, 0x39, 0xa7, 0x31,
    0xc7, 0x39, 0x08, 0x42, 0xe8, 0x39, 0xa7, 0x31, 0x85, 0x31, 0x45, 0x29,
    0x25, 0x21, 0x24, 0x21, 0x25, 0x21, 0x25, 0x21, 0x25, 0x21, 0x04, 0x21,
    0x04, 0x21, 0xe4, 0x18, 0xe4, 0x20, 0x04, 0x19, 0xc3, 0x18, 0xe3, 0x18,
    0xc3, 0x18, 0xc3, 0x10, 0xc3, 0x10, 0xe3, 0x18, 0xe3, 0x18, 0xc3, 0x18,
    0xa3, 0x10, 0xa3, 0x18, 0xc3, 0x18, 0x03, 0x19, 0x25, 0x21, 0x45, 0x29,
    0x04, 0x21, 0xe3, 0x18, 0xe3, 0x18, 0xc3, 0x18, 0x04, 0x19, 0x04, 0x21,
    0x04, 0x21, 0x04, 0x19, 0x04, 0x21, 0xe4, 0x18, 0xe4, 0x18, 0x04, 0x19,
    0x04, 0x21, 0x45, 0x29, 0xa7, 0x31, 0x86, 0x31, 0x45, 0x29, 0x66, 0x29,
    0xa7, 0x31, 0xa7, 0x31, 0xc7, 0x39, 0xa7, 0x31, 0x86, 0x31, 0xe8, 0x39,
    0x49, 0x4a, 0x8a, 0x52, 0x8a, 0x52, 0x8a, 0x52, 0x6a, 0x4a, 0x49, 0x4a,
    0x09, 0x42, 0x08, 0x42, 0x49, 0x42, 0x6a, 0x4a, 0x6a, 0x4a, 0x6a, 0x4a,
    0x2d, 0x63, 0xaf, 0x73, 0xb3, 0x94, 0x93, 0x94, 0xf0, 0x7b, 0x6e, 0x6b,
    0x0c, 0x5b, 0x11, 0x7c, 0x93, 0x94, 0x93, 0x8c, 0x72, 0x8c, 0x93, 0x94,
    0xd3, 0x94, 0xf3, 0x9c, 0xf4, 0x9c, 0xd3, 0x9c, 0xd3, 0x9c, 0xd3, 0x94,
    0xb3, 0x94, 0xd3, 0x9c, 0xd3, 0x9c, 0xd3, 0x9c, 0xf4, 0x9c, 0xf4, 0x9c,
    0xf4, 0x9c, 0x14, 0xa5, 0xf4, 0x9c, 0xf4, 0x9c, 0xf4, 0xa4, 0xf4, 0x9c,
    0xd3, 0x9c, 0xb3, 0x94, 0x72, 0x8c, 0x72, 0x8c, 0x71, 0x8c, 0x92, 0x94,
    0x92, 0x94, 0x92, 0x94, 0x92, 0x94, 0xb2, 0x94, 0xb2, 0x94, 0xd3, 0x9c,
    0xf3, 0x9c, 0x14, 0x9d, 0x14, 0xa5, 0x14, 0xa5, 0x35, 0xa5, 0x55, 0xad,
    0x76, 0xad, 0x76, 0xad, 0x75, 0xad, 0x76, 0xad, 0x76, 0xb5, 0x96, 0xb5,
    0xb6, 0xb5, 0xb7, 0xbd, 0xd7, 0xbd, 0xf7, 0xbd, 0xf8, 0xc5, 0x18, 0xc6,
    0x38, 0xc6, 0x39, 0xce, 0x39, 0xce, 0x39, 0xc6, 0x39, 0xc6, 0x39, 0xc6,
    0x38, 0xc6, 0x18, 0xc6, 0x18, 0xc6, 0x18, 0xc6, 0x18, 0xbe, 0xf8, 0xc5,
    0xf8, 0xbd, 0xd7, 0xbd, 0xb7, 0xb5, 0xb7, 0xb5, 0x96, 0xb5, 0x55, 0xad,
    0x14, 0x9d, 0xd3, 0x9c, 0xd3, 0x9c, 0xb3, 0x94, 0xb3, 0x94, 0xb3, 0x94,
    0x72, 0x8c, 0x71, 0x8c, 0x51, 0x8c, 0x72, 0x8c, 0x71, 0x8c, 0x51, 0x8c,
    0x52, 0x8c, 0x31, 0x84, 0x10, 0x84, 0xf0, 0x7b, 0xf0, 0x7b, 0xcf, 0x7b,
    0xcf, 0x7b, 0xcf, 0x7b, 0xf0, 0x7b, 0x10, 0x84, 0xef, 0x7b, 0xcf, 0x7b,
    0xcf, 0x7b, 0xf0, 0x7b, 0xf0, 0x7b, 0xef, 0x7b, 0xcf, 0x7b, 0xaf, 0x73,
    0xcf, 0x7b, 0xcf, 0x7b, 0xaf, 0x73, 0xcf, 0x7b, 0xef, 0x7b, 0xaf, 0x73,
    0x8f, 0x73, 0xaf, 0x73, 0xcf, 0x73, 0xcf, 0x7b, 0x10, 0x84, 0x30, 0x84,
    0x10, 0x84, 0x31, 0x84, 0x10, 0x84, 0x10, 0x84, 0xf0, 0x83, 0xf0, 0x7b,
    0xf0, 0x7b, 0xcf, 0x7b, 0xcf, 0x73, 0xaf, 0x73, 0x8e, 0x73, 0x4d, 0x63,
    0x0c, 0x63, 0xec, 0x5a, 0xec, 0x5a, 0x0c, 0x63, 0xec, 0x5a, 0xec, 0x5a,
    0xcb, 0x5a, 0x0c, 0x63, 0x4d, 0x6b, 0x8e, 0x6b, 0xaf, 0x73, 0xf0, 0x7b,
    0x10, 0x7c, 0x11, 0x7c, 0xf0, 0x7b, 0xaf, 0x73, 0x11, 0x84, 0x11, 0x84,
    0xf0, 0x7b, 0xcf, 0x73, 0xec, 0x62, 0xab, 0x52, 0x69, 0x4a, 0x6a, 0x4a,
    0x49, 0x4a, 0xe8, 0x39, 0xe8, 0x39, 0xe8, 0x41, 0x8a, 0x4a, 0x6a, 0x52,
    0x08, 0x42, 0x86, 0x31, 0xe4, 0x18, 0xc3, 0x18, 0xe4, 0x18, 0x04, 0x21,
    0x45, 0x29, 0x04, 0x21, 0x04, 0x21, 0xe4, 0x18, 0x04, 0x21, 0xe3, 0x18,
    0xe3, 0x18, 0xc3, 0x18, 0xc3, 0x18, 0xe3, 0x18, 0xe4, 0x18, 0xe4, 0x20,
    0x03, 0x19, 0x24, 0x21, 0x04, 0x21, 0xe3, 0x18, 0x04, 0x21, 0x04, 0x21,
    0x24, 0x21, 0x25, 0x21, 0x25, 0x21, 0x25, 0x21, 0x25, 0x21, 0x25, 0x21,
    0x45, 0x29, 0x25, 0x21, 0x04, 0x21, 0xe4, 0x18, 0xe3, 0x18, 0xe4, 0x18,
    0x04, 0x21, 0x04, 0x21, 0x04, 0x21, 0x24, 0x21, 0x25, 0x29, 0x45, 0x21,
    0x05, 0x21, 0x25, 0x21, 0x04, 0x19, 0xe3, 0x18, 0xe4, 0x18, 0xc3, 0x18,
    0xa2, 0x10, 0x82, 0x10, 0x82, 0x10, 0x82, 0x10, 0x82, 0x10, 0xa2, 0x10,
    0xa2, 0x10, 0x83, 0x10, 0xa2, 0x18, 0xa2, 0x18, 0x82, 0x10, 0xa3, 0x10,
    0xa3, 0x18, 0xa3, 0x10, 0xa2, 0x10, 0xa2, 0x10, 0xa3, 0x18, 0xc3, 0x18,
    0xc2, 0x10, 0xa3, 0x18, 0xa2, 0x10, 0xa2, 0x10, 0xa3, 0x18, 0xa2, 0x10,
    0xc3, 0x10, 0xa3, 0x10, 0xa2, 0x10, 0xa2, 0x18, 0xa2, 0x10, 0x41, 0x08,
    0x61, 0x10, 0x82, 0x10, 0x82, 0x10, 0x82, 0x10, 0xa3, 0x10, 0x25, 0x21,
    0xa7, 0x31, 0x86, 0x31, 0x86, 0x31, 0x66, 0x29, 0x66, 0x29, 0x86, 0x31,
    0xe8, 0x39, 0xe8, 0x39, 0x08, 0x42, 0xe8, 0x39, 0xa7, 0x31, 0x86, 0x31,
    0x65, 0x29, 0x24, 0x21, 0x04, 0x21, 0x04, 0x21, 0x24, 0x21, 0x25, 0x29,
    0x25, 0x21, 0x04, 0x21, 0xc3, 0x18, 0xa3, 0x10, 0xc3, 0x18, 0xe3, 0x18,
    0xc3, 0x18, 0xe3, 0x18, 0xe3, 0x18, 0xe3, 0x18, 0xe3, 0x18, 0x04, 0x21,
    0x04, 0x21, 0xe4, 0x18, 0xe3, 0x18, 0xe4, 0x18, 0x45, 0x29, 0x86, 0x31,
    0xa7, 0x31, 0x86, 0x31, 0x25, 0x29, 0xe3, 0x18, 0xa3, 0x10, 0xc3, 0x18,
    0x04, 0x21, 0x24, 0x21, 0x04, 0x21, 0xe3, 0x18, 0xe4, 0x18, 0x04, 0x21,
    0x24, 0x21, 0x66, 0x29, 0x66, 0x29, 0x86, 0x31, 0xa7, 0x31, 0xa6, 0x31,
    0x25, 0x21, 0x45, 0x29, 0x65, 0x29, 0x86, 0x31, 0xc7, 0x39, 0xc7, 0x39,
    0xa7, 0x31, 0x08, 0x42, 0x6a, 0x4a, 0x8a, 0x4a, 0xab, 0x52, 0x8a, 0x4a,
    0x6a, 0x4a, 0x6a, 0x4a, 0x69, 0x4a, 0x28, 0x42, 0x08, 0x42, 0x49, 0x4a,
    0x4a, 0x4a, 0xec, 0x5a, 0x2d, 0x63, 0x72, 0x8c, 0x93, 0x94, 0xb3, 0x94,
    0x10, 0x7c, 0xf0, 0x7b, 0x31, 0x84, 0x92, 0x94, 0xb3, 0x94, 0x72, 0x8c,
    0xb2, 0x94, 0xb3, 0x94, 0xd3, 0x9c, 0xd3, 0x9c, 0xd3, 0x94, 0xb3, 0x94,
    0xb3, 0x94, 0xb3, 0x94, 0xb3, 0x94, 0xd3, 0x9c, 0xd3, 0x94, 0xd3, 0x9c,
    0xd3, 0x9c, 0xf3, 0x9c, 0xd3, 0x9c, 0xd3, 0x9c, 0xf3, 0x9c, 0xf4, 0x9c,
    0xf3, 0x9c, 0xb3, 0x94, 0x92, 0x94, 0x72, 0x8c, 0x51, 0x8c, 0x51, 0x8c,
    0x72, 0x8c, 0x72, 0x8c, 0x72, 0x8c, 0x72, 0x94, 0x72, 0x8c, 0x72, 0x94,
    0x92, 0x94, 0xb2, 0x94, 0xb3, 0x94, 0xd3, 0x9c, 0xf3, 0x9c, 0x14, 0xa5,
    0x35, 0xa5, 0x55, 0xad, 0x55, 0xad, 0x75, 0xad, 0x75, 0xad, 0x75, 0xad,
    0x75, 0xb5, 0x96, 0xb5, 0x96, 0xb5, 0x96, 0xb5, 0xb7, 0xbd, 0xd7, 0xbd,
    0xd7, 0xbd, 0xf8, 0xc5, 0x18, 0xc6, 0x39, 0xc6, 0x39, 0xce, 0x59, 0xce,
    0x59, 0xce, 0x39, 0xc6, 0x38, 0xc6, 0x18, 0xc6, 0x18, 0xc6, 0x18, 0xc6,
    0x38, 0xc6, 0x18, 0xc6, 0x18, 0xc6, 0x18, 0xbe, 0xf7, 0xbd, 0xd7, 0xbd,
    0x96, 0xb5, 0x76, 0xad, 0xf4, 0x9c, 0xf4, 0x9c, 0xb3, 0x94, 0xb2, 0x94,
    0x92, 0x94, 0x92, 0x94, 0x72, 0x94, 0x51, 0x8c, 0x51, 0x8c, 0x72, 0x8c,
    0x51, 0x8c, 0x51, 0x8c, 0x52, 0x8c, 0x31, 0x84, 0x10, 0x84, 0xf0, 0x7b,
    0xef, 0x7b, 0xcf, 0x7b, 0xaf, 0x73, 0xcf, 0x7b, 0xf0, 0x7b, 0x10, 0x84,
    0xd0, 0x7b, 0xcf, 0x7b, 0xcf, 0x7b, 0xcf, 0x7b, 0xcf, 0x7b, 0xcf, 0x7b,
    0xaf, 0x73, 0xaf, 0x73, 0xcf, 0x7b, 0xcf, 0x7b, 0xcf, 0x73, 0xf0, 0x7b,
    0xcf, 0x7b, 0x8e, 0x73, 0x8e, 0x73, 0xaf, 0x73, 0xcf, 0x73, 0xcf, 0x7b,
    0xf0, 0x7b, 0xf0, 0x7b, 0xf0, 0x83, 0x10, 0x84, 0x10, 0x84, 0xf0, 0x7b,
    0xf0, 0x7b, 0xef, 0x7b, 0xf0, 0x7b, 0xef, 0x7b, 0xcf, 0x73, 0xcf, 0x73,
    0xcf, 0x7b, 0x8e, 0x73, 0x6e, 0x6b, 0x4d, 0x6b, 0x0c, 0x63, 0xec, 0x5a,
    0xeb, 0x5a, 0xcb, 0x5a, 0xec, 0x5a, 0x0c, 0x63, 0x6e, 0x6b, 0x8f, 0x73,
    0xaf, 0x73, 0xd0, 0x7b, 0x10, 0x7c, 0xf0, 0x7b, 0xaf, 0x73, 0x8f, 0x6b,
    0xd0, 0x7b, 0x10, 0x84, 0x10, 0x7c, 0xcf, 0x73, 0xec, 0x5a, 0xcb, 0x5a,
    0x8a, 0x52, 0x49, 0x4a, 0x6a, 0x4a, 0xe7, 0x39, 0x08, 0x42, 0xe7, 0x39,
    0xab, 0x52, 0xab, 0x52, 0x6a, 0x4a, 0x29, 0x42, 0x24, 0x21, 0xc3, 0x18,
    0xe4, 0x18, 0x25, 0x21, 0x25, 0x21, 0x45, 0x29, 0x25, 0x21, 0x04, 0x21,
    0x04, 0x21, 0xe4, 0x18, 0xe3, 0x18, 0xe3, 0x18, 0xc3, 0x18, 0xe3, 0x18,
    0xe4, 0x18, 0x04, 0x21, 0xe3, 0x18, 0x04, 0x21, 0x04, 0x19, 0x04, 0x21,
    0x04, 0x21, 0x04, 0x21, 0x25, 0x21, 0x25, 0x21, 0x45, 0x29, 0x25, 0x21,
    0x25, 0x21, 0x25, 0x21, 0x25, 0x21, 0x04, 0x21, 0x04, 0x21, 0xe4, 0x20,
    0xe4, 0x18, 0xe4, 0x18, 0x05, 0x21, 0x25, 0x21, 0x45, 0x29, 0x66, 0x29,
    0x45, 0x29, 0x04, 0x21, 0x04, 0x21, 0x04, 0x21, 0xc3, 0x18, 0xc3, 0x18,
    0xc3, 0x18, 0xa2, 0x10, 0xa2, 0x10, 0x82, 0x10, 0x82, 0x10, 0x82, 0x10,
    0xa3, 0x10, 0xa3, 0x10, 0xa2, 0x10, 0xa3, 0x10, 0x83, 0x10, 0xa3, 0x18,
    0xa3, 0x10, 0xa2, 0x10, 0xa3, 0x18, 0xc3, 0x18, 0xa2, 0x10, 0xa3, 0x10,
    0xc3, 0x10, 0xa2, 0x10, 0xc3, 0x18, 0xa3, 0x18, 0xa3, 0x10, 0xa2, 0x10,
    0xc3, 0x18, 0xc3, 0x18, 0xa2, 0x10, 0xa2, 0x10, 0xa3, 0x10, 0xa3, 0x10,
    0xa2, 0x10, 0x41, 0x08, 0x61, 0x10, 0x82, 0x08, 0x82, 0x10, 0x82, 0x10,
    0xc3, 0x18, 0x45, 0x29, 0x86, 0x31, 0x86, 0x31, 0x86, 0x31, 0x45, 0x29,
    0x66, 0x29, 0xa7, 0x31, 0x08, 0x42, 0x08, 0x42, 0xe8, 0x39, 0xc7, 0x39,
    0x86, 0x31, 0x66, 0x29, 0x65, 0x29, 0x04, 0x21, 0x04, 0x21, 0x24, 0x21,
    0x45, 0x29, 0x25, 0x29, 0x04, 0x21, 0xe4, 0x18, 0xe3, 0x18, 0xa2, 0x10,
    0xa2, 0x10, 0xc3, 0x18, 0x04, 0x21, 0x24, 0x21, 0x24, 0x21, 0x25, 0x21,
    0x45, 0x29, 0x86, 0x31, 0x66, 0x31, 0x45, 0x29, 0x24, 0x21, 0x45, 0x29,
    0x86, 0x31, 0xa7, 0x31, 0xa7, 0x31, 0x66, 0x29, 0x04, 0x21, 0xc3, 0x18,
    0x82, 0x10, 0xa2, 0x10, 0xe4, 0x18, 0x25, 0x21, 0xe4, 0x18, 0xc3, 0x18,
    0xc3, 0x18, 0x25, 0x21, 0xa7, 0x39, 0xe7, 0x39, 0xc7, 0x39, 0x66, 0x29,
    0x45, 0x29, 0x45, 0x29, 0x25, 0x21, 0x25, 0x21, 0x25, 0x29, 0x66, 0x29,
    0xa7, 0x31, 0xc7, 0x39, 0xe8, 0x39, 0x29, 0x42, 0x49, 0x4a, 0x4a, 0x4a,
    0xab, 0x52, 0x6a, 0x4a, 0x49, 0x4a, 0x6a, 0x4a, 0x6a, 0x4a, 0x08, 0x42,
    0xe8, 0x41, 0x29, 0x42, 0x49, 0x4a, 0x0d, 0x63, 0x8e, 0x73, 0xb3, 0x94,
    0x92, 0x8c, 0xd3, 0x94, 0xb3, 0x94, 0x92, 0x8c, 0x92, 0x94, 0x93, 0x94,
    0xb3, 0x94, 0xb3, 0x94, 0xd3, 0x94, 0xd3, 0x94, 0xb3, 0x9c, 0xd3, 0x94,
    0xb3, 0x94, 0xb3, 0x94, 0xb2, 0x94, 0x92, 0x94, 0xb3, 0x94, 0xb2, 0x94,
    0xb2, 0x94, 0xb3, 0x94, 0xd3, 0x9c, 0xd3, 0x9c, 0xd3, 0x9c, 0xd3, 0x9c,
    0xd3, 0x94, 0xd3, 0x9c, 0xb3, 0x94, 0x92, 0x94, 0x51, 0x8c, 0x31, 0x84,
    0x31, 0x84, 0x31, 0x84, 0x51, 0x8c, 0x51, 0x8c, 0x51, 0x8c, 0x51, 0x8c,
    0x51, 0x8c, 0x71, 0x8c, 0x72, 0x94, 0x92, 0x94, 0xb2, 0x94, 0xb3, 0x94,
    0xd3, 0x9c, 0x14, 0xa5, 0x55, 0xad, 0x35, 0xa5, 0x35, 0xad, 0x55, 0xad,
    0x55, 0xad, 0x55, 0xad, 0x55, 0xad, 0x75, 0xad, 0x75, 0xad, 0x76, 0xb5,
    0x96, 0xb5, 0xb6, 0xb5, 0xd7, 0xbd, 0xf8, 0xbd, 0xf8, 0xbd, 0x18, 0xc6,
    0x38, 0xc6, 0x38, 0xce, 0x59, 0xce, 0x39, 0xc6, 0x18, 0xc6, 0xf8, 0xbd,
    0x18, 0xbe, 0x18, 0xc6, 0x38, 0xc6, 0x39, 0xc6, 0x38, 0xc6, 0x39, 0xc6,
    0x18, 0xc6, 0xf8, 0xbd, 0x96, 0xb5, 0x76, 0xad, 0x35, 0xa5, 0x14, 0xa5,
    0xd3, 0x9c, 0x92, 0x94, 0x72, 0x8c, 0x71, 0x8c, 0x51, 0x8c, 0x51, 0x8c,
    0x51, 0x8c, 0x52, 0x8c, 0x72, 0x8c, 0x92, 0x94, 0x72, 0x8c, 0x72, 0x8c,
    0x10, 0x84, 0xf0, 0x83, 0xcf, 0x7b, 0xcf, 0x7b, 0xcf, 0x7b, 0xf0, 0x7b,
    0x10, 0x84, 0x10, 0x84, 0xd0, 0x7b, 0xf0, 0x7b, 0xcf, 0x73, 0xaf, 0x73,
    0xcf, 0x7b, 0xcf, 0x7b, 0xaf, 0x73, 0xaf, 0x73, 0xcf, 0x7b, 0xaf, 0x73,
    0xcf, 0x7b, 0xcf, 0x7b, 0x8e, 0x73, 0x6e, 0x6b, 0x8e, 0x73, 0x8e, 0x73,
    0xaf, 0x73, 0xcf, 0x7b, 0xcf, 0x7b, 0xf0, 0x7b, 0xf0, 0x7b, 0xf0, 0x7b,
    0xf0, 0x7b, 0xcf, 0x7b, 0xcf, 0x7b, 0xf0, 0x7b, 0xf0, 0x7b, 0xcf, 0x7b,
    0xcf, 0x7b, 0xcf, 0x7b, 0xf0, 0x7b, 0xaf, 0x73, 0x8e, 0x73, 0x6e, 0x6b,
    0x2d, 0x63, 0xeb, 0x5a, 0xcb, 0x5a, 0xcc, 0x5a, 0xeb, 0x5a, 0x0d, 0x63,
    0x4e, 0x6b, 0x6e, 0x6b, 0x8e, 0x73, 0xd0, 0x7b, 0xf0, 0x7b, 0x8e, 0x73,
    0x4d, 0x63, 0x4d, 0x6b, 0xaf, 0x73, 0xaf, 0x73, 0xf0, 0x7b, 0x8f, 0x73,
    0xec, 0x5a, 0xec, 0x5a, 0xab, 0x52, 0x49, 0x4a, 0x6a, 0x4a, 0x29, 0x42,
    0x29, 0x4a, 0x28, 0x42, 0xab, 0x52, 0xcb, 0x5a, 0x8a, 0x52, 0x49, 0x4a,
    0xc8, 0x39, 0xe3, 0x18, 0xe4, 0x20, 0x04, 0x21, 0x45, 0x29, 0x66, 0x29,
    0x66, 0x29, 0x25, 0x21, 0x04, 0x21, 0xe4, 0x18, 0xe3, 0x18, 0xc3, 0x18,
    0xc3, 0x18, 0xc3, 0x18, 0xc3, 0x18, 0xc3, 0x18, 0xe3, 0x18, 0xe4, 0x18,
    0x04, 0x21, 0x05, 0x21, 0x25, 0x21, 0x25, 0x21, 0x66, 0x29, 0x86, 0x31,
    0x66, 0x29, 0x65, 0x29, 0x65, 0x29, 0x45, 0x29, 0x24, 0x21, 0x04, 0x21,
    0x04, 0x21, 0x04, 0x19, 0xe4, 0x18, 0xe4, 0x20, 0x04, 0x21, 0x25, 0x21,
    0x86, 0x31, 0x86, 0x31, 0x45, 0x29, 0x04, 0x21, 0x04, 0x21, 0xc3, 0x10,
    0xa2, 0x10, 0xa3, 0x10, 0xc3, 0x10, 0xa3, 0x18, 0xa3, 0x10, 0xa3, 0x10,
    0xa2, 0x18, 0xa3, 0x10, 0xa3, 0x10, 0xa3, 0x18, 0xa2, 0x18, 0xa2, 0x10,
    0xa2, 0x18, 0xa3, 0x18, 0xa3, 0x18, 0xa2, 0x10, 0xa2, 0x10, 0xa2, 0x10,
    0xc3, 0x18, 0xa2, 0x10, 0xa2, 0x10, 0xc3, 0x10, 0xa3, 0x10, 0xc2, 0x10,
    0xa2, 0x10, 0xa3, 0x10, 0xc3, 0x18, 0xc3, 0x18, 0xa2, 0x10, 0xa2, 0x10,
    0xa3, 0x18, 0xa3, 0x10, 0xa2, 0x10, 0x41, 0x08, 0x61, 0x08, 0x62, 0x10,
    0x82, 0x08, 0x82, 0x10, 0xa3, 0x10, 0x04, 0x21, 0x66, 0x29, 0x66, 0x29,
    0x66, 0x29, 0x66, 0x29, 0x86, 0x31, 0xc7, 0x39, 0xe8, 0x39, 0xe8, 0x39,
    0xc7, 0x39, 0x86, 0x31, 0x45, 0x29, 0x66, 0x29, 0x45, 0x29, 0x04, 0x21,
    0x04, 0x21, 0x45, 0x29, 0x66, 0x29, 0x25, 0x21, 0x04, 0x21, 0x04, 0x19,
    0xe4, 0x18, 0xa3, 0x18, 0xa3, 0x10, 0xe4, 0x18, 0x24, 0x21, 0x65, 0x29,
    0x66, 0x29, 0x86, 0x31, 0x86, 0x31, 0x65, 0x29, 0x65, 0x29, 0x86, 0x31,
    0x86, 0x31, 0x66, 0x29, 0x86, 0x31, 0x66, 0x29, 0x65, 0x29, 0x04, 0x21,
    0xc3, 0x18, 0xa2, 0x10, 0xa2, 0x10, 0xc3, 0x10, 0x04, 0x21, 0x04, 0x21,
    0xc3, 0x18, 0xe3, 0x18, 0x25, 0x21, 0xa6, 0x31, 0xc7, 0x39, 0xc7, 0x39,
    0xc7, 0x39, 0x86, 0x31, 0x25, 0x21, 0x25, 0x21, 0x66, 0x29, 0x86, 0x31,
    0x66, 0x29, 0x86, 0x31, 0xa7, 0x31, 0xa7, 0x31, 0xc7, 0x39, 0xe8, 0x39,
    0x08, 0x42, 0x49, 0x42, 0xab, 0x52, 0x8a, 0x52, 0x29, 0x42, 0x29, 0x42,
    0x49, 0x4a, 0x08, 0x42, 0x08, 0x42, 0x08, 0x42, 0x4a, 0x4a, 0x2d, 0x63,
    0x31, 0x84, 0x72, 0x8c, 0x52, 0x8c, 0x72, 0x8c, 0x72, 0x8c, 0x92, 0x8c,
    0x92, 0x8c, 0xb3, 0x94, 0xd3, 0x94, 0xd3, 0x94, 0xd3, 0x9c, 0xb3, 0x94,
    0xb3, 0x9c, 0xd3, 0x94, 0xb3, 0x9c, 0xd3, 0x9c, 0xb3, 0x94, 0xb3, 0x9c,
    0xb3, 0x94, 0xd3, 0x9c, 0xb2, 0x94, 0xb3, 0x94, 0xd3, 0x9c, 0xb3, 0x94,
    0xb3, 0x94, 0xb3, 0x94, 0xb3, 0x9c, 0xb3, 0x94, 0x92, 0x94, 0x51, 0x8c,
    0x30, 0x84, 0x30, 0x84, 0x30, 0x84, 0x10, 0x84, 0x30, 0x84, 0x30, 0x8c,
    0x10, 0x84, 0x30, 0x84, 0x31, 0x8c, 0x51, 0x8c, 0x71, 0x8c, 0x72, 0x94,
    0xb2, 0x94, 0xd3, 0x9c, 0x14, 0xa5, 0x35, 0xa5, 0x14, 0xa5, 0x35, 0xa5,
    0x35, 0xa5, 0x55, 0xad, 0x55, 0xa5, 0x55, 0xad, 0x35, 0xad, 0x55, 0xa5,
    0x55, 0xad, 0x55, 0xad, 0x76, 0xad, 0x96, 0xb5, 0xb6, 0xb5, 0xd7, 0xbd,
    0xb7, 0xbd, 0xf8, 0xbd, 0x18, 0xc6, 0x38, 0xc6, 0x38, 0xc6, 0x18, 0xc6,
    0xf8, 0xc5, 0xd7, 0xbd, 0xf7, 0xbd, 0xf7, 0xbd, 0x18, 0xc6, 0x18, 0xc6,
    0x38, 0xc6, 0x39, 0xc6, 0xf8, 0xc5, 0xf8, 0xbd, 0xb7, 0xb5, 0x55, 0xad,
    0x35, 0xa5, 0xf4, 0xa4, 0xf3, 0x9c, 0x92, 0x94, 0x51, 0x8c, 0x31, 0x84,
    0x51, 0x84, 0x51, 0x8c, 0x51, 0x8c, 0x51, 0x8c, 0x72, 0x8c, 0x72, 0x8c,
    0x51, 0x8c, 0x51, 0x8c, 0x31, 0x84, 0x10, 0x84, 0xd0, 0x7b, 0xcf, 0x73,
    0xcf, 0x7b, 0xf0, 0x7b, 0xf0, 0x7b, 0xf0, 0x7b, 0xf0, 0x7b, 0xef, 0x7b,
    0xaf, 0x73, 0xaf, 0x73, 0xcf, 0x7b, 0xcf, 0x7b, 0xcf, 0x7b, 0xaf, 0x73,
    0xaf, 0x73, 0xaf, 0x73, 0xaf, 0x73, 0x8e, 0x73, 0x8e, 0x6b, 0x6e, 0x6b,
    0x6e, 0x6b, 0x8e, 0x73, 0xaf, 0x73, 0xaf, 0x73, 0xcf, 0x7b, 0xf0, 0x7b,
    0xf0, 0x7b, 0xef, 0x7b, 0xcf, 0x7b, 0xaf, 0x73, 0xae, 0x73, 0xcf, 0x7b,
    0xf0, 0x7b, 0xcf, 0x7b, 0xaf, 0x73, 0xcf, 0x7b, 0xf0, 0x7b, 0xcf, 0x7b,
    0xaf, 0x73, 0x8e, 0x73, 0x6e, 0x6b, 0xcb, 0x5a, 0xcb, 0x5a, 0xab, 0x52,
    0xcb, 0x5a, 0x0c, 0x63, 0x6e, 0x6b, 0xaf, 0x73, 0xaf, 0x73, 0xaf, 0x73,
    0x8f, 0x73, 0x6e, 0x6b, 0x2d, 0x63, 0x4d, 0x63, 0x2d, 0x63, 0x4d, 0x63,
    0xaf, 0x73, 0x2d, 0x63, 0xeb, 0x5a, 0x0c, 0x63, 0xcc, 0x5a, 0x8a, 0x52,
    0x49, 0x4a, 0x49, 0x4a, 0x6a, 0x4a, 0x6a, 0x4a, 0xab, 0x5a, 0xcb, 0x5a,
    0x8a, 0x52, 0x6a, 0x4a, 0x49, 0x4a, 0x24, 0x21, 0x25, 0x21, 0x24, 0x21,
    0x45, 0x29, 0x65, 0x29, 0x66, 0x29, 0x86, 0x31, 0x25, 0x21, 0xe3, 0x18,
    0xe3, 0x18, 0xc3, 0x18, 0xc3, 0x10, 0xc3, 0x10, 0xa3, 0x10, 0xc3, 0x18,
    0xe3, 0x18, 0xc3, 0x18, 0x04, 0x21, 0x24, 0x21, 0x25, 0x21, 0x45, 0x29,
    0x66, 0x29, 0x86, 0x31, 0x86, 0x31, 0x86, 0x31, 0x45, 0x29, 0x25, 0x21,
    0xe4, 0x18, 0xe4, 0x18, 0xe4, 0x18, 0x04, 0x21, 0x04, 0x21, 0x04, 0x21,
    0x04, 0x21, 0x24, 0x21, 0x45, 0x29, 0x45, 0x21, 0x25, 0x21, 0x25, 0x21,
    0xe4, 0x18, 0xa3, 0x10, 0xa2, 0x10, 0xa2, 0x10, 0xc3, 0x10, 0xc3, 0x18,
    0xc3, 0x18, 0xc3, 0x18, 0xc3, 0x18, 0xc3, 0x18, 0xc3, 0x18, 0xc3, 0x18,
    0xa3, 0x10, 0xa2, 0x18, 0xa3, 0x18, 0xc3, 0x18, 0xa2, 0x10, 0xa3, 0x10,
    0xa3, 0x10, 0xa2, 0x10, 0xc3, 0x18, 0xa3, 0x10, 0xa2, 0x10, 0xa3, 0x18,
    0xc3, 0x18, 0xa2, 0x10, 0xa2, 0x10, 0xa3, 0x10, 0xc3, 0x18, 0xc3, 0x18,
    0xa3, 0x10, 0xc3, 0x18, 0xa2, 0x10, 0xc3, 0x18, 0xa3, 0x10, 0x61, 0x08,
    0x61, 0x08, 0x82, 0x10, 0x82, 0x10, 0x82, 0x10, 0x82, 0x10, 0x04, 0x21,
    0x66, 0x29, 0x65, 0x29, 0x66, 0x29, 0x86, 0x31, 0x86, 0x31, 0x86, 0x31,
    0xc7, 0x39, 0xe8, 0x39, 0xc7, 0x39, 0x66, 0x29, 0x25, 0x21, 0x45, 0x29,
    0x45, 0x29, 0x25, 0x21, 0x45, 0x21, 0x66, 0x29, 0x66, 0x29, 0x25, 0x21,
    0x24, 0x21, 0x04, 0x21, 0xc3, 0x18, 0xc3, 0x18, 0xe4, 0x18, 0x45, 0x29,
    0x45, 0x29, 0x65, 0x29, 0x65, 0x29, 0x45, 0x29, 0x25, 0x21, 0x24, 0x21,
    0x25, 0x21, 0x66, 0x29, 0x66, 0x29, 0x66, 0x29, 0x66, 0x29, 0x45, 0x29,
    0x04, 0x21, 0xe3, 0x18, 0xe3, 0x18, 0xe3, 0x18, 0xe4, 0x18, 0xe4, 0x18,
    0x04, 0x21, 0x04, 0x21, 0x04, 0x21, 0x25, 0x21, 0x86, 0x31, 0xc7, 0x31,
    0x86, 0x31, 0x86, 0x29, 0x86, 0x31, 0x86, 0x31, 0x66, 0x29, 0x66, 0x29,
    0xc7, 0x39, 0xe7, 0x39, 0xc7, 0x39, 0xe8, 0x39, 0xa7, 0x31, 0xa6, 0x31,
    0x86, 0x31, 0xa7, 0x31, 0xa7, 0x31, 0x08, 0x42, 0x8a, 0x52, 0xaa, 0x52,
    0xe8, 0x41, 0xe8, 0x41, 0x28, 0x42, 0x08, 0x42, 0x08, 0x3a, 0xe8, 0x39,
    0x0c, 0x63, 0x6e, 0x6b, 0x51, 0x84, 0x72, 0x8c, 0x31, 0x84, 0x31, 0x84,
    0x31, 0x84, 0x72, 0x8c, 0xb3, 0x94, 0xd3, 0x9c, 0xd3, 0x94, 0xd4, 0x9c,
    0xd3, 0x9c, 0xd3, 0x9c, 0xd3, 0x9c, 0xd3, 0x9c, 0xd3, 0x9c, 0xb3, 0x94,
    0xb3, 0x94, 0xb3, 0x9c, 0xb3, 0x94, 0xb3, 0x94, 0xb3, 0x94, 0xb3, 0x9c,
    0xd3, 0x9c, 0xb3, 0x94, 0xb3, 0x94, 0xb3, 0x94, 0xd3, 0x9c, 0x92, 0x94,
    0x31, 0x84, 0x10, 0x84, 0x11, 0x84, 0x10, 0x7c, 0x10, 0x84, 0xf0, 0x7b,
    0x10, 0x84, 0x30, 0x84, 0x10, 0x84, 0x30, 0x84, 0x30, 0x84, 0x51, 0x8c,
    0x71, 0x8c, 0x92, 0x94, 0xb3, 0x94, 0x14, 0xa5, 0x34, 0xa5, 0x14, 0xa5,
    0x34, 0xa5, 0x14, 0xa5, 0x34, 0xa5, 0x76, 0xad, 0x75, 0xad, 0x55, 0xad,
    0x14, 0xa5, 0x15, 0xa5, 0x15, 0xa5, 0x35, 0xa5, 0x55, 0xad, 0x75, 0xad,
    0x76, 0xad, 0x96, 0xb5, 0xb6, 0xb5, 0xd7, 0xbd, 0xf8, 0xbd, 0x18, 0xc6,
    0x18, 0xc6, 0xf8, 0xc5, 0xd7, 0xbd, 0xd7, 0xbd, 0xd7, 0xbd, 0xd7, 0xbd,
    0xd7, 0xbd, 0xf8, 0xbd, 0x18, 0xc6, 0x18, 0xc6, 0x18, 0xc6, 0xd7, 0xbd,
    0xb6, 0xb5, 0x55, 0xad, 0x55, 0xad, 0xf4, 0x9c, 0xb3, 0x94, 0xb2, 0x94,
    0x72, 0x8c, 0x31, 0x84, 0x31, 0x84, 0x51, 0x8c, 0x52, 0x8c, 0x51, 0x84,
    0x51, 0x8c, 0x31, 0x8c, 0x31, 0x84, 0x31, 0x84, 0x51, 0x8c, 0x31, 0x84,
    0xcf, 0x7b, 0xaf, 0x73, 0xaf, 0x73, 0xcf, 0x7b, 0xef, 0x7b, 0xf0, 0x7b,
    0xf0, 0x7b, 0xcf, 0x7b, 0xcf, 0x7b, 0xaf, 0x73, 0xaf, 0x73, 0xaf, 0x73,
    0xcf, 0x7b, 0xcf, 0x7b, 0xaf, 0x73, 0xae, 0x73, 0x8e, 0x73, 0x8e, 0x73,
    0x6e, 0x6b, 0x4d, 0x6b, 0x6e, 0x6b, 0x8e, 0x73, 0x8e, 0x73, 0xaf, 0x73,
    0xcf, 0x7b, 0xef, 0x7b, 0xf0, 0x7b, 0xef, 0x7b, 0xcf, 0x7b, 0xcf, 0x7b,
    0xae, 0x73, 0xaf, 0x7b, 0xcf, 0x7b, 0xcf, 0x73, 0xaf, 0x73, 0xaf, 0x7b,
    0xcf, 0x7b, 0xaf, 0x73, 0xaf, 0x73, 0xae, 0x73, 0x8e, 0x73, 0x2d, 0x63,
    0xec, 0x5a, 0xab, 0x52, 0xab, 0x52, 0xec, 0x5a, 0x6e, 0x6b, 0xaf, 0x73,
    0xcf, 0x73, 0xaf, 0x73, 0x6e, 0x6b, 0x6e, 0x6b, 0x2d, 0x63, 0x2d, 0x63,
    0x0c, 0x63, 0x2d, 0x63, 0x2d, 0x6b, 0xab, 0x52, 0xec, 0x5a, 0x0c, 0x63,
    0xcb, 0x5a, 0xcb, 0x5a, 0x49, 0x4a, 0x08, 0x42, 0x49, 0x4a, 0xab, 0x52,
    0xcb, 0x5a, 0xeb, 0x5a, 0x8b, 0x52, 0x8a, 0x52, 0x8a, 0x52, 0x45, 0x21,
    0x66, 0x29, 0x25, 0x21, 0x25, 0x21, 0x86, 0x31, 0xa7, 0x31, 0xa7, 0x31,
    0x86, 0x31, 0xe4, 0x18, 0xe3, 0x18, 0xe3, 0x18, 0xc3, 0x18, 0xa3, 0x10,
    0xc3, 0x18, 0xe3, 0x18, 0xe3, 0x18, 0xc3, 0x18, 0xe4, 0x18, 0x04, 0x21,
    0x04, 0x21, 0x25, 0x21, 0x65, 0x29, 0x86, 0x29, 0x66, 0x29, 0x45, 0x29,
    0x25, 0x21, 0xe4, 0x20, 0xe3, 0x18, 0xc3, 0x18, 0xe4, 0x18, 0xe4, 0x20,
    0x04, 0x21, 0x04, 0x21, 0x04, 0x21, 0x04, 0x21, 0x25, 0x21, 0x25, 0x21,
    0x24, 0x21, 0xe4, 0x20, 0xc3, 0x18, 0xa2, 0x10, 0xa3, 0x10, 0xc3, 0x18,
    0xc3, 0x18, 0xe3, 0x18, 0xe4, 0x20, 0xe4, 0x20, 0xe3, 0x18, 0xe3, 0x18,
    0xc3, 0x18, 0xa2, 0x10, 0xa3, 0x10, 0xa2, 0x10, 0xa3, 0x18, 0xc3, 0x10,
    0xa2, 0x10, 0xc3, 0x18, 0xc3, 0x18, 0xa3, 0x18, 0xa2, 0x10, 0xa3, 0x10,
    0xa2, 0x10, 0xa3, 0x18, 0xc3, 0x18, 0xa3, 0x10, 0xa2, 0x10, 0xc3, 0x18,
    0xc2, 0x18, 0xc3, 0x10, 0xc3, 0x18, 0xc3, 0x18, 0xc3, 0x10, 0xc3, 0x18,
    0xc3, 0x18, 0x41, 0x08, 0x62, 0x08, 0x61, 0x08, 0x62, 0x10, 0x82, 0x08,
    0xc3, 0x18, 0x65, 0x29, 0x86, 0x31, 0xa7, 0x31, 0x86, 0x31, 0x86, 0x31,
    0x86, 0x29, 0xa7, 0x31, 0xa7, 0x31, 0xc7, 0x39, 0xc7, 0x39, 0x66, 0x29,
    0x25, 0x21, 0x45, 0x29, 0x45, 0x29, 0x45, 0x29, 0x86, 0x31, 0x66, 0x29,
    0x66, 0x29, 0x65, 0x29, 0x45, 0x29, 0x25, 0x21, 0x25, 0x21, 0x04, 0x21,
    0x45, 0x29, 0x66, 0x29, 0x65, 0x29, 0x45, 0x29, 0x45, 0x29, 0x25, 0x21,
    0x04, 0x21, 0x04, 0x21, 0x25, 0x21, 0x45, 0x29, 0x25, 0x21, 0x25, 0x29,
    0x45, 0x29, 0x04, 0x21, 0x04, 0x19, 0xe4, 0x18, 0x04, 0x21, 0x04, 0x21,
    0x04, 0x21, 0x25, 0x21, 0x04, 0x21, 0x04, 0x21, 0x04, 0x21, 0x45, 0x21,
    0xa7, 0x31, 0xa7, 0x39, 0x86, 0x31, 0x46, 0x29, 0x45, 0x29, 0x86, 0x29,
    0xa7, 0x31, 0xc7, 0x39, 0xe8, 0x41, 0xe8, 0x39, 0xe8, 0x39, 0xe7, 0x39,
    0xc7, 0x39, 0xa7, 0x39, 0xa6, 0x31, 0xa7, 0x31, 0x86, 0x31, 0xe7, 0x39,
    0x4a, 0x4a, 0x8a, 0x52, 0xe8, 0x39, 0xe8, 0x39, 0x08, 0x42, 0x08, 0x42,
    0xe8, 0x39, 0x08, 0x42, 0x2d, 0x63, 0xf0, 0x7b, 0x52, 0x8c, 0x72, 0x8c,
    0x72, 0x8c, 0x31, 0x84, 0x72, 0x8c, 0xb3, 0x94, 0xd3, 0x94, 0xd4, 0x9c,
    0xd3, 0x94, 0xf3, 0x9c, 0xf4, 0x9c, 0xd3, 0x9c, 0xd3, 0x9c, 0xd3, 0x9c,
    0xb3, 0x94, 0xb3, 0x94, 0xb3, 0x94, 0xb2, 0x94, 0xb3, 0x94, 0xb2, 0x94,
    0xb3, 0x94, 0xd3, 0x9c, 0xd3, 0x9c, 0xb3, 0x94, 0xb3, 0x94, 0xd3, 0x9c,
    0xb2, 0x94, 0x71, 0x8c, 0x10, 0x84, 0x10, 0x84, 0x10, 0x84, 0xf0, 0x7b,
    0xf0, 0x83, 0x10, 0x7c, 0x10, 0x84, 0x30, 0x84, 0x10, 0x84, 0x10, 0x84,
    0x31, 0x84, 0x51, 0x8c, 0x51, 0x8c, 0x71, 0x8c, 0xb2, 0x94, 0x14, 0xa5,
    0x35, 0xa5, 0x34, 0xa5, 0x14, 0xa5, 0xf4, 0x9c, 0x34, 0xa5, 0x35, 0xa5,
    0x35, 0xa5, 0x14, 0xa5, 0xf4, 0x9c, 0x14, 0xa5, 0x14, 0xa5, 0x14, 0xa5,
    0x34, 0xa5, 0x35, 0xad, 0x55, 0xad, 0x75, 0xad, 0x96, 0xb5, 0xb7, 0xb5,
    0xd7, 0xbd, 0xd7, 0xbd, 0xf7, 0xbd, 0xf7, 0xbd, 0xd7, 0xbd, 0xd7, 0xbd,
    0xd7, 0xbd, 0xd7, 0xbd, 0xb7, 0xbd, 0xd7, 0xbd, 0xf7, 0xbd, 0xf8, 0xbd,
    0xf7, 0xbd, 0xd7, 0xbd, 0x96, 0xb5, 0x76, 0xad, 0x75, 0xad, 0xb3, 0x94,
    0x92, 0x94, 0x92, 0x94, 0x92, 0x94, 0x52, 0x8c, 0x31, 0x84, 0x51, 0x8c,
    0x51, 0x8c, 0x31, 0x84, 0x31, 0x84, 0x30, 0x84, 0x10, 0x84, 0x10, 0x84,
    0x31, 0x84, 0x51, 0x8c, 0xf0, 0x7b, 0xcf, 0x7b, 0xaf, 0x73, 0xaf, 0x73,
    0xcf, 0x7b, 0xef, 0x7b, 0xcf, 0x7b, 0xaf, 0x7b, 0xcf, 0x73, 0xaf, 0x7b,
    0xae, 0x73, 0xaf, 0x73, 0xaf, 0x73, 0xaf, 0x73, 0xaf, 0x7b, 0x8e, 0x73,
    0x8e, 0x73, 0x6e, 0x6b, 0x4d, 0x6b, 0x6e, 0x6b, 0x6e, 0x73, 0x8e, 0x73,
    0x8e, 0x73, 0xaf, 0x73, 0xcf, 0x7b, 0xcf, 0x7b, 0xf0, 0x7b, 0xef, 0x7b,
    0xcf, 0x7b, 0xcf, 0x7b, 0xaf, 0x73, 0xaf, 0x73, 0xaf, 0x73, 0xaf, 0x7b,
    0xaf, 0x7b, 0xcf, 0x73, 0xaf, 0x73, 0xaf, 0x73, 0xae, 0x73, 0xaf, 0x73,
    0x8e, 0x73, 0x6e, 0x6b, 0x4d, 0x6b, 0xec, 0x5a, 0xab, 0x52, 0xcb, 0x5a,
    0x4d, 0x63, 0x8f, 0x73, 0xaf, 0x73, 0x8f, 0x73, 0x8e, 0x6b, 0x6e, 0x6b,
    0x2d, 0x63, 0x2d, 0x63, 0x4e, 0x6b, 0x4d, 0x6b, 0xab, 0x52, 0x8a, 0x52,
    0xcb, 0x5a, 0xec, 0x5a, 0xcb, 0x5a, 0xcc, 0x5a, 0x8a, 0x52, 0x49, 0x4a,
    0x49, 0x42, 0x8b, 0x52, 0xcb, 0x5a, 0xcb, 0x5a, 0xab, 0x52, 0xcb, 0x52,
    0x8a, 0x52, 0x04, 0x21, 0x25, 0x29, 0x45, 0x29, 0x25, 0x21, 0x86, 0x31,
    0xa7, 0x39, 0x86, 0x31, 0xa7, 0x31, 0x04, 0x21, 0xc3, 0x18, 0xe3, 0x18,
    0xc3, 0x18, 0xc3, 0x18, 0xc3, 0x18, 0xe4, 0x18, 0xe3, 0x18, 0xc3, 0x18,
    0xe4, 0x18, 0x04, 0x21, 0x04, 0x21, 0x04, 0x21, 0x45, 0x29, 0x66, 0x29,
    0x45, 0x29, 0x25, 0x21, 0x25, 0x21, 0x04, 0x21, 0xe3, 0x18, 0xc3, 0x18,
    0xe4, 0x18, 0xe3, 0x18, 0xe4, 0x18, 0x04, 0x19, 0x04, 0x21, 0x04, 0x21,
    0x25, 0x21, 0x04, 0x21, 0xe4, 0x18, 0xc3, 0x18, 0xa3, 0x10, 0xa2, 0x10,
    0xc3, 0x18, 0xe3, 0x18, 0x04, 0x21, 0x04, 0x21, 0x24, 0x21, 0x04, 0x21,
    0xe4, 0x18, 0xe4, 0x18, 0xc3, 0x18, 0xa2, 0x10, 0xc2, 0x10, 0xc3, 0x10,
    0xc3, 0x18, 0xa2, 0x18, 0xa3, 0x10, 0xc3, 0x18, 0xc2, 0x18, 0xc3, 0x18,
    0xc3, 0x10, 0xa2, 0x10, 0xa2, 0x18, 0xa3, 0x18, 0xc3, 0x18, 0xc2, 0x10,
    0xa3, 0x10, 0xc3, 0x18, 0xc3, 0x18, 0xc3, 0x18, 0xc3, 0x18, 0xc3, 0x18,
    0xc3, 0x18, 0xc2, 0x10, 0xa2, 0x10, 0x41, 0x08, 0x61, 0x08, 0x62, 0x10,
    0x82, 0x10, 0xe3, 0x18, 0x45, 0x21, 0xc7, 0x39, 0xc7, 0x39, 0xa7, 0x31,
    0x66, 0x29, 0x46, 0x29, 0x86, 0x29, 0x86, 0x31, 0xa7, 0x31, 0xc7, 0x31,
    0xc7, 0x39, 0x86, 0x31, 0x25, 0x21, 0x45, 0x21, 0x45, 0x29, 0x66, 0x29,
    0x86, 0x31, 0x86, 0x31, 0x86, 0x31, 0xa6, 0x31, 0x86, 0x31, 0x46, 0x29,
    0x66, 0x29, 0x45, 0x29, 0x66, 0x29, 0xc7, 0x39, 0x86, 0x31, 0x25, 0x21,
    0x25, 0x21, 0x25, 0x21, 0x25, 0x21, 0x45, 0x21, 0x45, 0x29, 0x45, 0x29,
    0x25, 0x21, 0x24, 0x21, 0x04, 0x21, 0xe4, 0x18, 0xe3, 0x18, 0xe3, 0x18,
    0x04, 0x21, 0x05, 0x21, 0x25, 0x21, 0x25, 0x21, 0x25, 0x21, 0xe4, 0x18,
    0x04, 0x21, 0xa7, 0x31, 0xe7, 0x39, 0x86, 0x31, 0x86, 0x29, 0x66, 0x29,
    0x45, 0x29, 0x66, 0x29, 0xa7, 0x31, 0xc7, 0x39, 0xc7, 0x39, 0xa7, 0x31,
    0x86, 0x31, 0x86, 0x31, 0xa7, 0x31, 0xc7, 0x39, 0xc7, 0x39, 0xc8, 0x39,
    0xa7, 0x31, 0xc7, 0x39, 0x09, 0x42, 0x8a, 0x4a, 0x08, 0x42, 0x08, 0x42,
    0x49, 0x42, 0x08, 0x42, 0xe8, 0x39, 0x49, 0x4a, 0x6e, 0x6b, 0x31, 0x84,
    0x72, 0x8c, 0xb3, 0x94, 0xb3, 0x94, 0x93, 0x94, 0x93, 0x94, 0xb3, 0x94,
    0xd3, 0x94, 0xd3, 0x9c, 0xd3, 0x94, 0xd3, 0x9c, 0xf4, 0x9c, 0xf3, 0x9c,
    0xd4, 0x9c, 0xd3, 0x94, 0xb3, 0x94, 0xb2, 0x94, 0xb3, 0x94, 0xb3, 0x94,
    0xb3, 0x9c, 0x92, 0x94, 0xb3, 0x94, 0xb3, 0x94, 0xd3, 0x9c, 0x92, 0x94,
    0xd3, 0x9c, 0xf4, 0x9c, 0xb3, 0x94, 0x31, 0x84, 0x10, 0x84, 0xf0, 0x7b,
    0xf0, 0x7b, 0x10, 0x84, 0x31, 0x84, 0x10, 0x84, 0xf0, 0x7b, 0x10, 0x7c,
    0x10, 0x84, 0x31, 0x84, 0x30, 0x84, 0x31, 0x84, 0x31, 0x84, 0x51, 0x8c,
    0xb2, 0x94, 0xf4, 0x9c, 0x34, 0xa5, 0x34, 0xa5, 0xd3, 0x9c, 0xd3, 0x9c,
    0xd3, 0x9c, 0xd3, 0x9c, 0xb3, 0x94, 0xd3, 0x9c, 0xd3, 0x9c, 0xf4, 0x9c,
    0xf4, 0x9c, 0xf4, 0x9c, 0x14, 0xa5, 0x14, 0xa5, 0x35, 0xad, 0x55, 0xad,
    0x96, 0xad, 0x96, 0xb5, 0xd7, 0xbd, 0xd7, 0xbd, 0xd7, 0xbd, 0xd7, 0xbd,
    0xd7, 0xbd, 0xd7, 0xb5, 0xd7, 0xb5, 0xb7, 0xb5, 0xb7, 0xb5, 0x96, 0xb5,
    0xb6, 0xb5, 0xd7, 0xbd, 0xd7, 0xbd, 0xb6, 0xb5, 0x96, 0xad, 0xb7, 0xb5,
    0x55, 0xad, 0x93, 0x94, 0x92, 0x94, 0x72, 0x8c, 0x72, 0x8c, 0x51, 0x8c,
    0x51, 0x8c, 0x31, 0x84, 0x71, 0x8c, 0x31, 0x84, 0x31, 0x84, 0x10, 0x84,
    0xf0, 0x7b, 0x10, 0x84, 0x31, 0x84, 0x31, 0x84, 0xef, 0x7b, 0xcf, 0x7b,
    0xaf, 0x73, 0xae, 0x73, 0xaf, 0x73, 0xcf, 0x7b, 0xaf, 0x73, 0xae, 0x73,
    0x8e, 0x73, 0xaf, 0x73, 0xaf, 0x73, 0xae, 0x73, 0xae, 0x73, 0xaf, 0x73,
    0x8e, 0x73, 0x6e, 0x6b, 0x6e, 0x6b, 0x6e, 0x6b, 0x6d, 0x6b, 0x6e, 0x6b,
    0x8e, 0x6b, 0x6e, 0x73, 0xae, 0x73, 0xaf, 0x73, 0xaf, 0x7b, 0xaf, 0x7b,
    0xcf, 0x7b, 0xd0, 0x7b, 0xcf, 0x7b, 0xcf, 0x7b, 0xaf, 0x73, 0xaf, 0x73,
    0xae, 0x73, 0xaf, 0x73, 0xcf, 0x7b, 0xcf, 0x7b, 0xcf, 0x7b, 0xaf, 0x73,
    0xaf, 0x7b, 0xae, 0x73, 0x6e, 0x6b, 0x4d, 0x6b, 0x2d, 0x6b, 0x0d, 0x63,
    0xcb, 0x5a, 0xab, 0x52, 0xec, 0x5a, 0x4e, 0x63, 0x6e, 0x6b, 0x6e, 0x6b,
    0x6e, 0x6b, 0x4d, 0x63, 0x0d, 0x63, 0x0c, 0x5b, 0x0c, 0x63, 0xec, 0x5a,
    0xab, 0x52, 0x8b, 0x52, 0xcb, 0x5a, 0xab, 0x52, 0xab, 0x52, 0xcb, 0x52,
    0x8a, 0x4a, 0x6a, 0x4a, 0xab, 0x52, 0x0c, 0x5b, 0x2c, 0x63, 0x0c, 0x63,
    0x2d, 0x63, 0x0c, 0x63, 0x4a, 0x4a, 0xe4, 0x18, 0x24, 0x21, 0x25, 0x21,
    0x25, 0x21, 0x66, 0x29, 0x86, 0x31, 0xa6, 0x31, 0xc7, 0x39, 0x45, 0x29,
    0x04, 0x21, 0x04, 0x21, 0x04, 0x21, 0x04, 0x21, 0x04, 0x21, 0xe4, 0x18,
    0xe3, 0x18, 0xe3, 0x18, 0x04, 0x21, 0x04, 0x21, 0x04, 0x21, 0x25, 0x21,
    0x45, 0x29, 0x45, 0x29, 0x25, 0x21, 0x24, 0x21, 0x25, 0x21, 0x04, 0x21,
    0x04, 0x21, 0xe4, 0x18, 0xe4, 0x18, 0xe4, 0x18, 0xe4, 0x20, 0x04, 0x21,
    0x04, 0x19, 0x04, 0x21, 0x04, 0x21, 0xe4, 0x18, 0xc3, 0x18, 0xc3, 0x10,
    0xa3, 0x10, 0xc3, 0x18, 0xe3, 0x18, 0x04, 0x21, 0x25, 0x21, 0x45, 0x21,
    0x25, 0x21, 0x04, 0x21, 0xe4, 0x18, 0xe4, 0x18, 0xc3, 0x18, 0xc3, 0x18,
    0xc2, 0x18, 0xa3, 0x10, 0xc3, 0x10, 0xa3, 0x18, 0xc3, 0x18, 0xc3, 0x10,
    0xc2, 0x10, 0xa3, 0x10, 0xa3, 0x18, 0xa2, 0x10, 0xa2, 0x18, 0xc3, 0x18,
    0xc2, 0x10, 0xc3, 0x18, 0xc3, 0x18, 0xe3, 0x18, 0xe4, 0x18, 0xe3, 0x18,
    0xc3, 0x18, 0xc3, 0x18, 0xc3, 0x18, 0xc3, 0x18, 0xc3, 0x18, 0x61, 0x08,
    0x82, 0x10, 0xa2, 0x10, 0xe4, 0x18, 0x25, 0x21, 0xa7, 0x31, 0xe8, 0x39,
    0xc7, 0x39, 0x86, 0x31, 0x45, 0x29, 0x45, 0x29, 0x66, 0x29, 0x45, 0x29,
    0x86, 0x31, 0xa7, 0x31, 0xc7, 0x39, 0xa6, 0x31, 0x66, 0x29, 0x45, 0x29,
    0x65, 0x29, 0x86, 0x29, 0xa7, 0x31, 0x87, 0x31, 0xa7, 0x31, 0xa7, 0x39,
    0x86, 0x31, 0x66, 0x29, 0x66, 0x31, 0x86, 0x29, 0x66, 0x29, 0xa7, 0x31,
    0xa7, 0x31, 0x86, 0x31, 0x45, 0x29, 0x45, 0x29, 0x45, 0x29, 0x45, 0x29,
    0x45, 0x29, 0x65, 0x29, 0x45, 0x29, 0x45, 0x29, 0x45, 0x29, 0x45, 0x29,
    0x04, 0x21, 0xe3, 0x18, 0xc3, 0x18, 0x04, 0x21, 0x04, 0x21, 0x24, 0x21,
    0x04, 0x21, 0x25, 0x21, 0x66, 0x29, 0xe8, 0x39, 0xc7, 0x39, 0x86, 0x31,
    0x86, 0x31, 0x66, 0x29, 0x45, 0x29, 0x66, 0x29, 0xa6, 0x31, 0x86, 0x31,
    0x86, 0x31, 0x66, 0x29, 0x45, 0x29, 0x65, 0x29, 0xa7, 0x31, 0xc8, 0x39,
    0xe8, 0x39, 0xe8, 0x39, 0xc7, 0x39, 0xa6, 0x31, 0xe8, 0x39, 0x69, 0x4a,
    0x49, 0x4a, 0x6a, 0x4a, 0x8a, 0x52, 0x08, 0x42, 0xe8, 0x39, 0x8a, 0x4a,
    0x8f, 0x73, 0x52, 0x8c, 0x93, 0x8c, 0xb3, 0x94, 0xd3, 0x94, 0xb3, 0x94,
    0x92, 0x94, 0xb2, 0x94, 0xb3, 0x94, 0xb3, 0x94, 0xd3, 0x9c, 0xd3, 0x9c,
    0xd3, 0x9c, 0xd3, 0x9c, 0xd3, 0x94, 0xb3, 0x94, 0x92, 0x94, 0x92, 0x94,
    0xb2, 0x94, 0x92, 0x94, 0xb2, 0x94, 0x93, 0x94, 0xb3, 0x94, 0xb3, 0x94,
    0xb2, 0x94, 0x92, 0x94, 0xd3, 0x9c, 0xf4, 0x9c, 0x92, 0x94, 0x10, 0x84,
    0xf0, 0x7b, 0xcf, 0x73, 0xef, 0x7b, 0xf0, 0x83, 0x10, 0x84, 0x10, 0x84,
    0xf0, 0x7b, 0x10, 0x84, 0x30, 0x84, 0x10, 0x84, 0x10, 0x84, 0x30, 0x84,
    0x31, 0x8c, 0x51, 0x8c, 0x92, 0x94, 0xf3, 0x9c, 0xf4, 0xa4, 0xd3, 0x9c,
    0x92, 0x94, 0x92, 0x94, 0x92, 0x94, 0x92, 0x8c, 0x92, 0x94, 0x92, 0x94,
    0xb3, 0x94, 0xd3, 0x9c, 0xf3, 0x9c, 0xf4, 0x9c, 0xf4, 0x9c, 0x14, 0xa5,
    0x34, 0xa5, 0x55, 0xad, 0x75, 0xad, 0x96, 0xb5, 0x96, 0xb5, 0xd7, 0xbd,
    0xb7, 0xbd, 0xd7, 0xbd, 0xb7, 0xbd, 0xd7, 0xbd, 0xb6, 0xb5, 0xb6, 0xb5,
    0xb6, 0xb5, 0x96, 0xb5, 0x96, 0xb5, 0xb6, 0xb5, 0x76, 0xad, 0x96, 0xb5,
    0x96, 0xb5, 0x96, 0xb5, 0xf4, 0x9c, 0xb3, 0x94, 0x72, 0x8c, 0x51, 0x8c,
    0x51, 0x8c, 0x31, 0x84, 0x51, 0x8c, 0x31, 0x84, 0x51, 0x8c, 0x31, 0x84,
    0x10, 0x84, 0xf0, 0x83, 0x10, 0x7c, 0xf0, 0x7b, 0x10, 0x84, 0x10, 0x84,
    0xcf, 0x7b, 0xaf, 0x73, 0xaf, 0x73, 0x8e, 0x73, 0x8e, 0x73, 0xaf, 0x73,
    0x8f, 0x73, 0x8e, 0x73, 0x8e, 0x73, 0x6e, 0x73, 0x8e, 0x73, 0x8e, 0x73,
    0xaf, 0x73, 0x8e, 0x73, 0x8e, 0x73, 0x4d, 0x6b, 0x4d, 0x6b, 0x4d, 0x6b,
    0x6e, 0x6b, 0x6e, 0x73, 0x8e, 0x73, 0x6e, 0x6b, 0x8e, 0x73, 0xaf, 0x73,
    0xcf, 0x73, 0xaf, 0x73, 0xcf, 0x73, 0xcf, 0x7b, 0xd0, 0x7b, 0xcf, 0x7b,
    0xaf, 0x73, 0x8e, 0x73, 0x8e, 0x73, 0xae, 0x73, 0xaf, 0x73, 0xaf, 0x73,
    0xaf, 0x7b, 0xae, 0x73, 0xae, 0x73, 0x8e, 0x73, 0x4d, 0x6b, 0x0d, 0x63,
    0x2d, 0x63, 0xec, 0x5a, 0xcc, 0x5a, 0x6a, 0x52, 0x6a, 0x52, 0xec, 0x5a,
    0x2d, 0x63, 0x2d, 0x63, 0x0d, 0x63, 0x0c, 0x5b, 0xec, 0x5a, 0xec, 0x5a,
    0xcb, 0x5a, 0xab, 0x52, 0x8a, 0x52, 0x8a, 0x52, 0xcb, 0x52, 0x8a, 0x52,
    0xab, 0x52, 0xab, 0x52, 0x49, 0x4a, 0x29, 0x42, 0xab, 0x52, 0xec, 0x62,
    0xec, 0x5a, 0x0c, 0x63, 0x2c, 0x63, 0x2d, 0x63, 0xc7, 0x39, 0x04, 0x19,
    0x25, 0x21, 0x25, 0x29, 0x24, 0x21, 0x45, 0x29, 0x86, 0x31, 0xa7, 0x31,
    0xc7, 0x39, 0xa7, 0x31, 0x25, 0x21, 0x05, 0x21, 0x25, 0x21, 0x25, 0x21,
    0x24, 0x21, 0x04, 0x21, 0xe3, 0x18, 0xe4, 0x18, 0x04, 0x21, 0x25, 0x21,
    0x25, 0x21, 0x25, 0x21, 0x25, 0x21, 0x45, 0x29, 0x25, 0x21, 0x05, 0x21,
    0x25, 0x21, 0x25, 0x21, 0x25, 0x21, 0x04, 0x21, 0x04, 0x21, 0x04, 0x21,
    0x04, 0x21, 0xe4, 0x18, 0xe3, 0x18, 0xe4, 0x18, 0xe4, 0x18, 0xe4, 0x18,
    0xe3, 0x18, 0xe3, 0x18, 0xe4, 0x20, 0x04, 0x21, 0x24, 0x21, 0x25, 0x21,
    0x45, 0x29, 0x45, 0x29, 0x25, 0x21, 0x04, 0x21, 0xe4, 0x18, 0xe3, 0x18,
    0xc3, 0x18, 0xc3, 0x18, 0xc3, 0x18, 0xc3, 0x18, 0xc3, 0x18, 0xc2, 0x18,
    0xc2, 0x18, 0xa3, 0x10, 0xa2, 0x18, 0xa3, 0x18, 0xc3, 0x10, 0xa3, 0x18,
    0xa3, 0x10, 0xc3, 0x10, 0xc3, 0x18, 0xc3, 0x18, 0xe3, 0x18, 0xe4, 0x18,
    0xe4, 0x18, 0xe4, 0x18, 0xe4, 0x18, 0xe4, 0x18, 0xc3, 0x18, 0xc3, 0x18,
    0xc3, 0x10, 0x61, 0x08, 0xa3, 0x10, 0x24, 0x21, 0x66, 0x29, 0x86, 0x31,
    0xe7, 0x39, 0x08, 0x42, 0xe8, 0x39, 0x86, 0x31, 0x45, 0x29, 0x45, 0x29,
    0x66, 0x29, 0x45, 0x29, 0x45, 0x29, 0xa7, 0x31, 0xc7, 0x39, 0xc7, 0x39,
    0x86, 0x31, 0x66, 0x29, 0x46, 0x29, 0x86, 0x31, 0xc7, 0x39, 0xc7, 0x39,
    0xe8, 0x39, 0xa7, 0x31, 0x25, 0x21, 0x45, 0x21, 0x24, 0x21, 0x25, 0x21,
    0x45, 0x29, 0x66, 0x29, 0x86, 0x31, 0x66, 0x31, 0x86, 0x29, 0x86, 0x31,
    0x66, 0x29, 0x45, 0x29, 0x66, 0x29, 0x45, 0x29, 0x45, 0x29, 0x25, 0x21,
    0x25, 0x21, 0x45, 0x29, 0x66, 0x29, 0x04, 0x21, 0xe4, 0x18, 0xe4, 0x18,
    0x04, 0x21, 0x04, 0x21, 0x25, 0x21, 0x66, 0x29, 0xa7, 0x39, 0xe8, 0x39,
    0xc7, 0x39, 0x86, 0x31, 0x66, 0x29, 0x66, 0x29, 0x66, 0x29, 0x66, 0x29,
    0x86, 0x31, 0xa7, 0x31, 0x86, 0x31, 0x86, 0x31, 0xa7, 0x31, 0x66, 0x29,
    0xa6, 0x31, 0xc7, 0x39, 0xe8, 0x39, 0x08, 0x42, 0x08, 0x42, 0xc7, 0x39,
    0xe8, 0x39, 0x6a, 0x4a, 0x8a, 0x52, 0xcb, 0x5a, 0xab, 0x52, 0x49, 0x4a,
    0x29, 0x42, 0xab, 0x52, 0xaf, 0x73, 0x52, 0x84, 0x93, 0x94, 0x93, 0x94,
    0x93, 0x94, 0xb3, 0x94, 0x92, 0x8c, 0x92, 0x8c, 0xb2, 0x94, 0xb3, 0x94,
    0xb3, 0x94, 0xd3, 0x94, 0xd3, 0x9c, 0xd3, 0x9c, 0xb3, 0x94, 0x92, 0x94,
    0xb3, 0x94, 0x92, 0x94, 0x93, 0x94, 0x92, 0x94, 0x92, 0x94, 0xb3, 0x94,
    0xd3, 0x9c, 0xb3, 0x94, 0x92, 0x94, 0x92, 0x94, 0xb3, 0x94, 0x72, 0x8c,
    0x10, 0x84, 0xcf, 0x7b, 0x8e, 0x73, 0xaf, 0x73, 0xaf, 0x73, 0xcf, 0x7b,
    0xf0, 0x7b, 0xf0, 0x7b, 0xf0, 0x7b, 0xf0, 0x7b, 0x10, 0x84, 0x10, 0x84,
    0x11, 0x84, 0x30, 0x84, 0x30, 0x84, 0x51, 0x8c, 0x71, 0x8c, 0x92, 0x94,
    0xb3, 0x94, 0x72, 0x8c, 0x71, 0x8c, 0x72, 0x8c, 0x72, 0x8c, 0x92, 0x8c,
    0x72, 0x8c, 0x72, 0x94, 0x92, 0x94, 0x92, 0x94, 0xd3, 0x9c, 0xb3, 0x94,
    0xd3, 0x9c, 0x14, 0xa5, 0x34, 0xa5, 0x55, 0xa5, 0x75, 0xad, 0x75, 0xad,
    0x76, 0xb5, 0x96, 0xb5, 0xb6, 0xb5, 0xb7, 0xb5, 0xb7, 0xb5, 0xb7, 0xb5,
    0x96, 0xb5, 0x96, 0xb5, 0x96, 0xb5, 0x96, 0xb5, 0x96, 0xad, 0x55, 0xad,
    0x35, 0xa5, 0x55, 0xad, 0x55, 0xad, 0x35, 0xa5, 0xf4, 0x9c, 0x92, 0x94,
    0x51, 0x8c, 0x31, 0x84, 0x31, 0x84, 0x30, 0x84, 0x31, 0x8c, 0x31, 0x84,
    0x31, 0x84, 0x10, 0x84, 0x10, 0x84, 0xf0, 0x7b, 0xf0, 0x83, 0xef, 0x7b,
    0xf0, 0x7b, 0xf0, 0x7b, 0xcf, 0x7b, 0xcf, 0x7b, 0x8e, 0x73, 0x6e, 0x6b,
    0x8e, 0x73, 0x8e, 0x73, 0x6e, 0x6b, 0x6e, 0x6b, 0x6e, 0x6b, 0x4d, 0x6b,
    0x6e, 0x6b, 0x8e, 0x73, 0x8e, 0x73, 0x8e, 0x73, 0x4d, 0x6b, 0x4d, 0x6b,
    0x4d, 0x63, 0x4d, 0x6b, 0x6e, 0x6b, 0x6e, 0x6b, 0x8e, 0x73, 0x6e, 0x6b,
    0x8e, 0x73, 0xaf, 0x73, 0xaf, 0x73, 0xaf, 0x73, 0xaf, 0x7b, 0xcf, 0x7b,
    0xcf, 0x7b, 0xcf, 0x7b, 0xaf, 0x73, 0x8e, 0x73, 0x8e, 0x73, 0xaf, 0x73,
    0xae, 0x73, 0xaf, 0x73, 0xaf, 0x73, 0x8e, 0x73, 0x8e, 0x73, 0x6e, 0x6b,
    0x4d, 0x6b, 0x0c, 0x63, 0x0c, 0x63, 0xcb, 0x5a, 0xab, 0x52, 0x8a, 0x52,
    0x49, 0x4a, 0x4a, 0x4a, 0xcc, 0x52, 0x0d, 0x63, 0x0c, 0x5b, 0xec, 0x5a,
    0xec, 0x5a, 0xec, 0x5a, 0xab, 0x52, 0x8a, 0x52, 0x8a, 0x52, 0xab, 0x52,
    0xec, 0x5a, 0xcb, 0x5a, 0xab, 0x52, 0xaa, 0x52, 0x69, 0x4a, 0x29, 0x4a,
    0x6a, 0x4a, 0x8a, 0x52, 0x29, 0x42, 0x49, 0x4a, 0xab, 0x52, 0xcb, 0x5a,
    0x45, 0x29, 0x04, 0x21, 0x25, 0x21, 0x45, 0x29, 0x25, 0x21, 0x45, 0x29,
    0x66, 0x29, 0x66, 0x29, 0xc7, 0x39, 0xc7, 0x39, 0x25, 0x21, 0x04, 0x21,
    0x04, 0x21, 0x04, 0x21, 0x04, 0x21, 0x04, 0x21, 0xe4, 0x18, 0xe4, 0x18,
    0x04, 0x21, 0x25, 0x21, 0x45, 0x21, 0x24, 0x21, 0x04, 0x21, 0x04, 0x21,
    0x24, 0x21, 0x04, 0x21, 0x25, 0x21, 0x45, 0x29, 0x45, 0x29, 0x25, 0x21,
    0x04, 0x21, 0x04, 0x21, 0xe4, 0x18, 0xc3, 0x18, 0xc3, 0x18, 0xc3, 0x18,
    0xc3, 0x18, 0xe4, 0x18, 0x25, 0x21, 0x45, 0x29, 0x66, 0x29, 0x86, 0x31,
    0x66, 0x29, 0x25, 0x21, 0x25, 0x29, 0x45, 0x29, 0x25, 0x21, 0x04, 0x21,
    0x04, 0x21, 0xe4, 0x18, 0xe3, 0x18, 0xc3, 0x18, 0xc3, 0x18, 0xc3, 0x18,
    0xc3, 0x18, 0xc3, 0x18, 0xc3, 0x10, 0xa2, 0x10, 0xc3, 0x18, 0xc3, 0x18,
    0xc2, 0x10, 0xc3, 0x18, 0xa3, 0x10, 0xc3, 0x18, 0xe4, 0x18, 0xe3, 0x18,
    0xe3, 0x18, 0xe3, 0x18, 0xe3, 0x18, 0xe4, 0x20, 0xe4, 0x18, 0xc3, 0x18,
    0xc3, 0x18, 0xc3, 0x18, 0xc3, 0x18, 0x62, 0x08, 0x25, 0x21, 0x86, 0x31,
    0xa6, 0x39, 0xc7, 0x39, 0x08, 0x42, 0x29, 0x42, 0x08, 0x42, 0xc7, 0x39,
    0x86, 0x31, 0x66, 0x29, 0x66, 0x29, 0x66, 0x29, 0x66, 0x29, 0xc7, 0x39,
    0xc7, 0x39, 0xe8, 0x39, 0xa7, 0x31, 0x86, 0x31, 0x66, 0x29, 0xc7, 0x39,
    0xe7, 0x39, 0xc7, 0x39, 0xe7, 0x39, 0x65, 0x29, 0x04, 0x21, 0xe3, 0x18,
    0xc3, 0x18, 0xe3, 0x18, 0xe4, 0x20, 0x24, 0x21, 0x65, 0x29, 0x86, 0x31,
    0x86, 0x31, 0xa7, 0x31, 0xa7, 0x31, 0x86, 0x31, 0x46, 0x29, 0x66, 0x29,
    0x66, 0x29, 0x66, 0x29, 0x45, 0x29, 0x45, 0x21, 0x66, 0x29, 0x66, 0x29,
    0x04, 0x21, 0xc3, 0x18, 0xc3, 0x18, 0xe4, 0x18, 0x04, 0x21, 0x24, 0x21,
    0x65, 0x29, 0xa7, 0x31, 0xa7, 0x31, 0x86, 0x31, 0x66, 0x29, 0x66, 0x29,
    0x86, 0x31, 0x45, 0x29, 0x45, 0x29, 0x66, 0x29, 0x66, 0x29, 0xc7, 0x39,
    0xc7, 0x39, 0x87, 0x31, 0x86, 0x31, 0xa7, 0x31, 0xc7, 0x39, 0xe8, 0x39,
    0x29, 0x42, 0x08, 0x42, 0xe8, 0x41, 0x29, 0x42, 0x8a, 0x4a, 0xcb, 0x5a,
    0xab, 0x52, 0x8a, 0x52, 0x6a, 0x4a, 0xcb, 0x5a, 0xd0, 0x7b, 0x11, 0x7c,
    0x72, 0x8c, 0x92, 0x8c, 0xb3, 0x94, 0xb3, 0x94, 0x92, 0x94, 0xb2, 0x94,
    0xb2, 0x94, 0xb2, 0x94, 0xb3, 0x94, 0xb3, 0x94, 0xb3, 0x94, 0xb3, 0x94,
    0x92, 0x94, 0x93, 0x94, 0xb3, 0x94, 0xb2, 0x94, 0x92, 0x94, 0x92, 0x94,
    0x92, 0x94, 0x92, 0x94, 0xb2, 0x94, 0x92, 0x94, 0x72, 0x8c, 0x72, 0x8c,
    0x31, 0x84, 0xef, 0x7b, 0xaf, 0x7b, 0x8e, 0x73, 0x6e, 0x6b, 0x6e, 0x73,
    0x8e, 0x73, 0xaf, 0x73, 0xaf, 0x73, 0xaf, 0x7b, 0xcf, 0x7b, 0xcf, 0x7b,
    0xcf, 0x7b, 0xf0, 0x7b, 0x10, 0x84, 0x30, 0x84, 0x30, 0x84, 0x31, 0x8c,
    0x31, 0x8c, 0x51, 0x8c, 0x31, 0x8c, 0x10, 0x84, 0x31, 0x84, 0x51, 0x8c,
    0x51, 0x8c, 0x51, 0x8c, 0x72, 0x8c, 0x72, 0x8c, 0x52, 0x8c, 0x72, 0x94,
    0x92, 0x94, 0x92, 0x94, 0xb3, 0x94, 0xf3, 0x9c, 0x14, 0xa5, 0x55, 0xa5,
    0x55, 0xad, 0x55, 0xad, 0x75, 0xad, 0x76, 0xb5, 0x96, 0xb5, 0xb6, 0xb5,
    0xb6, 0xb5, 0x96, 0xb5, 0x97, 0xb5, 0x96, 0xb5, 0x76, 0xad, 0x96, 0xb5,
    0x76, 0xad, 0x55, 0xad, 0x35, 0xa5, 0x14, 0xa5, 0x35, 0xa5, 0x14, 0xa5,
    0xb3, 0x94, 0x92, 0x94, 0x72, 0x8c, 0x51, 0x8c, 0x10, 0x84, 0x10, 0x84,
    0x31, 0x84, 0x31, 0x84, 0x30, 0x84, 0x10, 0x84, 0x10, 0x84, 0xf0, 0x7b,
    0xef, 0x7b, 0xef, 0x7b, 0xcf, 0x7b, 0xcf, 0x7b, 0xcf, 0x7b, 0xaf, 0x73,
    0x8e, 0x73, 0x8e, 0x73, 0x4d, 0x6b, 0x6e, 0x6b, 0x4d, 0x6b, 0x4d, 0x6b,
    0x6d, 0x6b, 0x6e, 0x6b, 0x4d, 0x6b, 0x6e, 0x6b, 0x6e, 0x6b, 0x6e, 0x6b,
    0x4d, 0x6b, 0x2d, 0x63, 0x2d, 0x63, 0x4d, 0x6b, 0x4d, 0x6b, 0x6d, 0x6b,
    0x8e, 0x6b, 0x6e, 0x6b, 0x8e, 0x73, 0x8e, 0x73, 0xae, 0x73, 0x8e, 0x73,
    0xaf, 0x73, 0xcf, 0x73, 0xcf, 0x73, 0xcf, 0x7b, 0xcf, 0x7b, 0x8f, 0x73,
    0xaf, 0x73, 0x8e, 0x73, 0x8e, 0x73, 0xaf, 0x73, 0xae, 0x73, 0x8e, 0x73,
    0x8e, 0x73, 0x6e, 0x6b, 0x4d, 0x6b, 0x0c, 0x63, 0x0c, 0x63, 0xab, 0x52,
    0x8a, 0x52, 0xab, 0x52, 0x49, 0x42, 0x29, 0x42, 0x6a, 0x4a, 0xec, 0x5a,
    0x0c, 0x5b, 0xcb, 0x5a, 0xcb, 0x52, 0xec, 0x5a, 0xcb, 0x5a, 0xab, 0x52,
    0xab, 0x52, 0xcb, 0x5a, 0xcb, 0x5a, 0xcb, 0x5a, 0xcb, 0x5a, 0x8b, 0x52,
    0x8a, 0x52, 0x6a, 0x4a, 0x69, 0x4a, 0x49, 0x4a, 0x28, 0x42, 0x29, 0x42,
    0x8a, 0x52, 0x29, 0x42, 0x25, 0x21, 0x25, 0x21, 0x45, 0x29, 0x66, 0x29,
    0x45, 0x29, 0x25, 0x21, 0x45, 0x29, 0x65, 0x29, 0xa7, 0x31, 0xc7, 0x39,
    0x25, 0x21, 0xe4, 0x18, 0xe3, 0x18, 0x04, 0x21, 0x04, 0x21, 0x04, 0x21,
    0x04, 0x21, 0x04, 0x21, 0x04, 0x21, 0x04, 0x21, 0x04, 0x21, 0x04, 0x21,
    0x04, 0x21, 0x04, 0x21, 0x04, 0x21, 0x04, 0x21, 0x04, 0x21, 0x25, 0x21,
    0x45, 0x29, 0x25, 0x21, 0x25, 0x21, 0x04, 0x21, 0xe4, 0x18, 0xe3, 0x18,
    0xc3, 0x18, 0xc3, 0x18, 0xc3, 0x18, 0x45, 0x29, 0xa6, 0x31, 0xa6, 0x31,
    0xa7, 0x31, 0xa7, 0x39, 0xc7, 0x39, 0x86, 0x31, 0x46, 0x29, 0x45, 0x21,
    0x24, 0x21, 0x04, 0x21, 0x04, 0x21, 0x04, 0x21, 0xe4, 0x18, 0xe3, 0x18,
    0xc3, 0x18, 0xc3, 0x18, 0xc3, 0x18, 0xc3, 0x18, 0xc3, 0x10, 0xc3, 0x10,
    0xc3, 0x18, 0xa3, 0x18, 0xc2, 0x18, 0xc3, 0x18, 0xc3, 0x18, 0x04, 0x21,
    0x04, 0x21, 0x04, 0x21, 0xe3, 0x18, 0xe4, 0x18, 0xe3, 0x18, 0xe4, 0x18,
    0xe4, 0x18, 0xc3, 0x18, 0xc3, 0x18, 0xc3, 0x18, 0xe4, 0x18, 0x62, 0x08,
    0x66, 0x29, 0xa6, 0x31, 0xc7, 0x39, 0xc8, 0x39, 0x08, 0x42, 0x29, 0x42,
    0xe8, 0x39, 0xe8, 0x39, 0xc7, 0x31, 0x66, 0x29, 0x66, 0x31, 0x65, 0x29,
    0x66, 0x29, 0xc7, 0x39, 0xa7, 0x31, 0xe7, 0x39, 0xc7, 0x39, 0xc7, 0x39,
    0xa7, 0x31, 0xc7, 0x39, 0xa7, 0x31, 0x86, 0x31, 0xa7, 0x31, 0x25, 0x29,
    0xe3, 0x20, 0xe3, 0x18, 0xe4, 0x18, 0xe4, 0x20, 0x25, 0x21, 0x66, 0x29,
    0xa7, 0x31, 0xa7, 0x39, 0xa7, 0x31, 0xc7, 0x39, 0xe8, 0x39, 0xe8, 0x39,
    0xa7, 0x31, 0xa7, 0x31, 0x86, 0x31, 0x66, 0x29, 0x66, 0x29, 0x66, 0x29,
    0x65, 0x29, 0x66, 0x29, 0x66, 0x29, 0x04, 0x21, 0xc3, 0x18, 0xe4, 0x18,
    0xe4, 0x18, 0xe4, 0x20, 0x24, 0x21, 0xa7, 0x31, 0xa7, 0x39, 0x86, 0x31,
    0x86, 0x31, 0x86, 0x31, 0x86, 0x31, 0x66, 0x29, 0x45, 0x29, 0x86, 0x31,
    0xe8, 0x39, 0x29, 0x42, 0x08, 0x42, 0xe8, 0x39, 0xe8, 0x39, 0x08, 0x42,
    0x29, 0x42, 0x49, 0x4a, 0x49, 0x4a, 0x49, 0x4a, 0x29, 0x42, 0x6a, 0x4a,
    0x8a, 0x52, 0x8b, 0x52, 0xab, 0x52, 0xab, 0x52, 0xab, 0x52, 0xec, 0x5a,
    0x31, 0x84, 0xf0, 0x7b, 0x11, 0x84, 0x52, 0x8c, 0x92, 0x8c, 0xb3, 0x94,
    0x93, 0x94, 0x92, 0x8c, 0x92, 0x94, 0x72, 0x94, 0x92, 0x94, 0x92, 0x94,
    0x92, 0x94, 0x92, 0x94, 0x92, 0x94, 0xb2, 0x94, 0x93, 0x94, 0x92, 0x94,
    0x72, 0x8c, 0x72, 0x8c, 0x72, 0x8c, 0x72, 0x8c, 0x92, 0x94, 0x92, 0x94,
    0x72, 0x8c, 0x72, 0x8c, 0xcf, 0x7b, 0x8e, 0x73, 0x8e, 0x73, 0x6e, 0x6b,
    0x4d, 0x6b, 0x6e, 0x6b, 0x8e, 0x6b, 0x8e, 0x73, 0x8e, 0x73, 0x8e, 0x73,
    0xaf, 0x73, 0xaf, 0x73, 0xcf, 0x7b, 0xcf, 0x7b, 0xf0, 0x7b, 0x10, 0x84,
    0x10, 0x84, 0x10, 0x84, 0x30, 0x84, 0x30, 0x84, 0xf0, 0x83, 0xef, 0x83,
    0x10, 0x84, 0x10, 0x84, 0x30, 0x84, 0x11, 0x84, 0x31, 0x84, 0x51, 0x8c,
    0x31, 0x8c, 0x51, 0x8c, 0x72, 0x8c, 0x72, 0x8c, 0x92, 0x94, 0xd3, 0x9c,
    0x14, 0xa5, 0x34, 0xa5, 0x55, 0xad, 0x55, 0xad, 0x75, 0xad, 0x75, 0xad,
    0x76, 0xb5, 0x96, 0xb5, 0x96, 0xb5, 0x96, 0xb5, 0x96, 0xb5, 0x96, 0xad,
    0x76, 0xad, 0x76, 0xad, 0x55, 0xad, 0x55, 0xad, 0x34, 0xa5, 0x14, 0xa5,
    0xf4, 0x9c, 0xb3, 0x94, 0x92, 0x94, 0x92, 0x94, 0x72, 0x8c, 0x72, 0x8c,
    0x71, 0x8c, 0x31, 0x8c, 0x31, 0x84, 0x51, 0x8c, 0x31, 0x8c, 0x31, 0x84,
    0xf0, 0x7b, 0xcf, 0x7b, 0xf0, 0x7b, 0xf0, 0x7b, 0xcf, 0x7b, 0xaf, 0x73,
    0xf0, 0x7b, 0xf0, 0x7b, 0xcf, 0x73, 0x8e, 0x73, 0x4e, 0x6b, 0x6d, 0x6b,
    0x6e, 0x6b, 0x4d, 0x6b, 0x6e, 0x6b, 0x4d, 0x6b, 0x4d, 0x6b, 0x4d, 0x6b,
    0x4d, 0x6b, 0x4d, 0x6b, 0x4d, 0x6b, 0x2d, 0x63, 0x2d, 0x63, 0x4d, 0x6b,
    0x4d, 0x6b, 0x6e, 0x6b, 0x6e, 0x73, 0x6e, 0x73, 0x8e, 0x6b, 0x8e, 0x73,
    0x8e, 0x73, 0x8e, 0x73, 0x8e, 0x73, 0xaf, 0x73, 0xcf, 0x7b, 0xcf, 0x7b,
    0xcf, 0x73, 0xaf, 0x73, 0xae, 0x73, 0x8e, 0x73, 0x8f, 0x73, 0xae, 0x73,
    0xaf, 0x73, 0x8e, 0x73, 0x8e, 0x73, 0x6e, 0x6b, 0x2d, 0x63, 0x0c, 0x5b,
    0xcb, 0x5a, 0xab, 0x52, 0xaa, 0x52, 0xcb, 0x5a, 0x49, 0x4a, 0x28, 0x42,
    0x69, 0x4a, 0x8a, 0x52, 0xab, 0x52, 0x49, 0x4a, 0x49, 0x42, 0x8a, 0x52,
    0xab, 0x52, 0xcb, 0x5a, 0xab, 0x52, 0x8a, 0x52, 0xab, 0x52, 0xcb, 0x5a,
    0xab, 0x52, 0x69, 0x4a, 0x29, 0x42, 0x49, 0x4a, 0x49, 0x4a, 0x4a, 0x4a,
    0x49, 0x4a, 0x49, 0x4a, 0x6a, 0x4a, 0x86, 0x31, 0x65, 0x29, 0x66, 0x29,
    0x66, 0x29, 0xa6, 0x31, 0x86, 0x31, 0x45, 0x29, 0x66, 0x29, 0x66, 0x29,
    0x86, 0x31, 0xc7, 0x31, 0x45, 0x29, 0xe3, 0x18, 0xe3, 0x18, 0x04, 0x19,
    0x04, 0x21, 0x04, 0x19, 0x04, 0x21, 0x04, 0x21, 0x04, 0x21, 0xe4, 0x18,
    0xe4, 0x18, 0xe4, 0x18, 0xe4, 0x18, 0xe4, 0x18, 0x04, 0x21, 0x04, 0x21,
    0x04, 0x21, 0x25, 0x21, 0x25, 0x21, 0x25, 0x29, 0x25, 0x21, 0x25, 0x21,
    0x04, 0x21, 0x04, 0x21, 0xe4, 0x18, 0xe4, 0x18, 0x25, 0x21, 0xa7, 0x31,
    0xa7, 0x39, 0xc7, 0x39, 0xc7, 0x39, 0xa7, 0x31, 0xa7, 0x31, 0xa7, 0x31,
    0xa6, 0x31, 0x45, 0x29, 0x25, 0x21, 0x04, 0x21, 0x25, 0x21, 0x04, 0x21,
    0xe4, 0x18, 0xe4, 0x18, 0xc3, 0x18, 0xc3, 0x10, 0xe3, 0x18, 0xe4, 0x18,
    0xc3, 0x18, 0xc3, 0x18, 0xc3, 0x18, 0xc3, 0x18, 0xe3, 0x18, 0xe4, 0x18,
    0x04, 0x21, 0x25, 0x21, 0x25, 0x21, 0xe3, 0x18, 0xe3, 0x18, 0xe4, 0x18,
    0xc3, 0x18, 0xc3, 0x18, 0xe3, 0x18, 0xc3, 0x18, 0xc3, 0x18, 0xe4, 0x18,
    0xc3, 0x18, 0x61, 0x08, 0x86, 0x31, 0xc7, 0x39, 0xe8, 0x39, 0xe8, 0x39,
    0x08, 0x42, 0xe8, 0x39, 0xa7, 0x31, 0xe8, 0x39, 0xc7, 0x39, 0xa7, 0x31,
    0x65, 0x29, 0x66, 0x29, 0x86, 0x31, 0xc7, 0x39, 0xa7, 0x31, 0xc7, 0x39,
    0xa7, 0x31, 0xc7, 0x39, 0xc7, 0x39, 0xc7, 0x31, 0x66, 0x29, 0x65, 0x29,
    0x65, 0x29, 0x24, 0x21, 0xe4, 0x18, 0xe4, 0x18, 0x04, 0x21, 0x65, 0x29,
    0x86, 0x31, 0xa7, 0x31, 0xc7, 0x39, 0xe8, 0x39, 0x08, 0x3a, 0x08, 0x42,
    0x49, 0x4a, 0x49, 0x4a, 0x49, 0x42, 0x28, 0x42, 0x08, 0x42, 0xc7, 0x39,
    0x86, 0x31, 0x86, 0x31, 0x66, 0x29, 0x65, 0x29, 0x66, 0x29, 0x45, 0x29,
    0x04, 0x21, 0xe4, 0x18, 0xe4, 0x18, 0xe4, 0x18, 0x24, 0x21, 0x86, 0x31,
    0xc7, 0x39, 0x86, 0x31, 0x66, 0x29, 0x86, 0x31, 0xa7, 0x31, 0xa7, 0x31,
    0xa7, 0x31, 0x08, 0x42, 0x69, 0x4a, 0x6a, 0x4a, 0x6a, 0x4a, 0x29, 0x42,
    0x49, 0x4a, 0x8a, 0x52, 0x8a, 0x52, 0x8a, 0x52, 0xab, 0x52, 0x8a, 0x52,
    0x8a, 0x52, 0xab, 0x52, 0xab, 0x52, 0x8a, 0x52, 0xaa, 0x52, 0xab, 0x52,
    0xcb, 0x5a, 0xcc, 0x5a, 0x10, 0x7c, 0x10, 0x7c, 0xaf, 0x73, 0x11, 0x7c,
    0x72, 0x8c, 0x51, 0x84, 0x72, 0x8c, 0x92, 0x8c, 0x93, 0x8c, 0x72, 0x8c,
    0x72, 0x8c, 0x92, 0x8c, 0x72, 0x8c, 0x72, 0x8c, 0x92, 0x94, 0x92, 0x94,
    0x93, 0x94, 0x92, 0x94, 0x72, 0x8c, 0x72, 0x8c, 0x72, 0x94, 0x72, 0x8c,
    0x72, 0x8c, 0x92, 0x94, 0x72, 0x8c, 0x31, 0x8c, 0x8e, 0x73, 0x6e, 0x6b,
    0x6e, 0x6b, 0x4d, 0x6b, 0x4d, 0x6b, 0x6e, 0x6b, 0x6e, 0x6b, 0x6d, 0x6b,
    0x6e, 0x6b, 0x6e, 0x6b, 0x8e, 0x73, 0xaf, 0x73, 0xaf, 0x73, 0xaf, 0x73,
    0xcf, 0x7b, 0xef, 0x7b, 0xef, 0x7b, 0xf0, 0x7b, 0x10, 0x84, 0x10, 0x84,
    0xcf, 0x7b, 0xef, 0x7b, 0xef, 0x7b, 0xcf, 0x7b, 0xef, 0x7b, 0xf0, 0x83,
    0x10, 0x84, 0x10, 0x84, 0x31, 0x84, 0x31, 0x84, 0x51, 0x8c, 0x72, 0x8c,
    0x92, 0x94, 0xd3, 0x9c, 0xf4, 0x9c, 0x14, 0xa5, 0x35, 0xa5, 0x55, 0xad,
    0x55, 0xad, 0x55, 0xad, 0x76, 0xad, 0x76, 0xad, 0x76, 0xad, 0x76, 0xad,
    0x76, 0xad, 0x76, 0xad, 0x75, 0xad, 0x55, 0xad, 0x55, 0xad, 0x35, 0xa5,
    0x14, 0xa5, 0xd3, 0x9c, 0xb3, 0x94, 0x92, 0x94, 0x92, 0x94, 0x72, 0x8c,
    0x92, 0x94, 0x92, 0x94, 0x92, 0x8c, 0x51, 0x8c, 0x31, 0x84, 0x51, 0x8c,
    0x31, 0x84, 0x30, 0x84, 0xf0, 0x7b, 0xf0, 0x7b, 0xf0, 0x7b, 0xcf, 0x7b,
    0xaf, 0x73, 0xaf, 0x73, 0xcf, 0x7b, 0xcf, 0x7b, 0x8e, 0x73, 0xaf, 0x73,
    0x8e, 0x73, 0x6d, 0x6b, 0x6e, 0x6b, 0x4d, 0x6b, 0x2d, 0x63, 0x4d, 0x63,
    0x2d, 0x63, 0x2d, 0x63, 0x2d, 0x63, 0x2d, 0x63, 0x2d, 0x63, 0x2d, 0x63,
    0x2d, 0x6b, 0x4d, 0x6b, 0x4d, 0x6b, 0x6e, 0x6b, 0x6d, 0x6b, 0x6d, 0x6b,
    0x6e, 0x6b, 0x6e, 0x6b, 0x6e, 0x73, 0x8e, 0x6b, 0x6e, 0x73, 0x8e, 0x73,
    0xaf, 0x73, 0xaf, 0x73, 0xaf, 0x73, 0xaf, 0x73, 0x8e, 0x73, 0x8e, 0x73,
    0x8e, 0x73, 0x8f, 0x73, 0xaf, 0x73, 0x8e, 0x73, 0x6e, 0x6b, 0x4e, 0x6b,
    0x2d, 0x63, 0xec, 0x5a, 0xab, 0x52, 0xab, 0x52, 0xcb, 0x5a, 0xab, 0x52,
    0x6a, 0x4a, 0x29, 0x42, 0x69, 0x4a, 0x49, 0x4a, 0x29, 0x42, 0x69, 0x4a,
    0x29, 0x42, 0x08, 0x42, 0x29, 0x42, 0x8a, 0x52, 0x8a, 0x52, 0x8a, 0x4a,
    0x6a, 0x4a, 0x8a, 0x52, 0x8a, 0x52, 0x08, 0x42, 0xc7, 0x39, 0x29, 0x42,
    0x49, 0x4a, 0x8a, 0x52, 0xab, 0x52, 0x8a, 0x4a, 0xc8, 0x39, 0x66, 0x29,
    0x86, 0x31, 0xa7, 0x31, 0xc7, 0x39, 0xe7, 0x39, 0xa7, 0x31, 0x86, 0x31,
    0x86, 0x29, 0x86, 0x31, 0x86, 0x31, 0xa7, 0x31, 0x45, 0x29, 0xe3, 0x18,
    0xe4, 0x18, 0xe4, 0x18, 0x04, 0x21, 0x04, 0x19, 0x25, 0x21, 0x25, 0x21,
    0x04, 0x21, 0xe4, 0x18, 0xc3, 0x18, 0xc3, 0x18, 0xe4, 0x18, 0x04, 0x21,
    0x05, 0x21, 0x25, 0x21, 0x45, 0x21, 0x65, 0x29, 0x45, 0x29, 0x65, 0x29,
    0x65, 0x29, 0x65, 0x29, 0x66, 0x29, 0x45, 0x29, 0x45, 0x29, 0x66, 0x29,
    0xa7, 0x31, 0xc7, 0x39, 0xc7, 0x39, 0xc7, 0x39, 0xa7, 0x31, 0x86, 0x31,
    0x86, 0x29, 0x86, 0x31, 0xa7, 0x31, 0x66, 0x29, 0x45, 0x29, 0x25, 0x21,
    0x45, 0x29, 0xe4, 0x18, 0xe4, 0x18, 0xc3, 0x18, 0xc3, 0x18, 0xc4, 0x18,
    0xe4, 0x18, 0xe4, 0x18, 0xc3, 0x18, 0xe3, 0x18, 0xe4, 0x18, 0xe4, 0x20,
    0x04, 0x21, 0x04, 0x21, 0x25, 0x21, 0x25, 0x21, 0x04, 0x21, 0xc3, 0x18,
    0xe3, 0x18, 0xe3, 0x18, 0xa3, 0x18, 0xc3, 0x18, 0xe3, 0x18, 0xc3, 0x18,
    0xc3, 0x10, 0xc3, 0x18, 0xc3, 0x18, 0x61, 0x08, 0xa7, 0x31, 0xe8, 0x39,
    0xe7, 0x39, 0xe8, 0x39, 0x08, 0x42, 0xc7, 0x31, 0xa7, 0x31, 0xe7, 0x41,
    0xa7, 0x39, 0xc7, 0x31, 0x86, 0x31, 0x66, 0x29, 0x86, 0x31, 0xc7, 0x39,
    0x87, 0x31, 0xa7, 0x31, 0xa7, 0x31, 0xc7, 0x39, 0xe7, 0x39, 0xa7, 0x31,
    0x45, 0x29, 0x45, 0x29, 0x25, 0x21, 0x04, 0x21, 0x04, 0x21, 0x24, 0x21,
    0x66, 0x29, 0x86, 0x31, 0xa7, 0x31, 0xa7, 0x39, 0xe7, 0x39, 0x28, 0x42,
    0x4a, 0x4a, 0x69, 0x4a, 0x69, 0x4a, 0x49, 0x4a, 0x6a, 0x4a, 0x6a, 0x4a,
    0x49, 0x4a, 0x29, 0x42, 0xc7, 0x39, 0xa7, 0x31, 0x66, 0x29, 0x45, 0x29,
    0x86, 0x31, 0x86, 0x31, 0x65, 0x29, 0xe4, 0x18, 0xe4, 0x18, 0x04, 0x21,
    0x25, 0x21, 0x86, 0x31, 0xc7, 0x31, 0x87, 0x31, 0x86, 0x31, 0x86, 0x29,
    0xa7, 0x31, 0xe8, 0x39, 0x08, 0x42, 0x49, 0x4a, 0x6a, 0x4a, 0x8a, 0x52,
    0x49, 0x4a, 0x29, 0x42, 0x6a, 0x4a, 0xab, 0x52, 0xab, 0x52, 0x8a, 0x52,
    0x8a, 0x52, 0x8a, 0x52, 0xab, 0x52, 0xeb, 0x5a, 0xcb, 0x5a, 0xab, 0x52,
    0xab, 0x52, 0xab, 0x5a, 0xec, 0x5a, 0xec, 0x5a, 0xaf, 0x73, 0x32, 0x84,
    0xf0, 0x7b, 0xf0, 0x7b, 0x72, 0x8c, 0x31, 0x84, 0x52, 0x8c, 0x72, 0x8c,
    0x72, 0x8c, 0x72, 0x8c, 0x72, 0x8c, 0x72, 0x8c, 0x72, 0x8c, 0x72, 0x8c,
    0x92, 0x94, 0x92, 0x94, 0xb3, 0x94, 0x92, 0x94, 0x72, 0x8c, 0x71, 0x8c,
    0x71, 0x8c, 0x51, 0x8c, 0x51, 0x8c, 0x72, 0x8c, 0x72, 0x8c, 0xae, 0x73,
    0x6e, 0x6b, 0x6e, 0x6b, 0x4d, 0x6b, 0x2d, 0x63, 0x2d, 0x63, 0x4d, 0x6b,
    0x4d, 0x6b, 0x4d, 0x6b, 0x6d, 0x6b, 0x6e, 0x6b, 0x8e, 0x73, 0x8e, 0x73,
    0x8e, 0x73, 0x8e, 0x73, 0xaf, 0x73, 0xcf, 0x7b, 0xcf, 0x7b, 0xcf, 0x7b,
    0xef, 0x7b, 0xcf, 0x7b, 0xaf, 0x7b, 0xae, 0x73, 0xaf, 0x7b, 0xaf, 0x7b,
    0xcf, 0x7b, 0xef, 0x7b, 0xef, 0x7b, 0xf0, 0x83, 0x10, 0x84, 0x30, 0x84,
    0x31, 0x84, 0x72, 0x8c, 0x92, 0x94, 0xd3, 0x9c, 0xd3, 0x9c, 0x14, 0x9d,
    0x34, 0xa5, 0x35, 0xa5, 0x55, 0xad, 0x56, 0xad, 0x55, 0xad, 0x75, 0xad,
    0x75, 0xad, 0x75, 0xad, 0x55, 0xad, 0x76, 0xad, 0x55, 0xad, 0x55, 0xad,
    0x35, 0xa5, 0x14, 0xa5, 0x14, 0x9d, 0xf4, 0x9c, 0xd3, 0x94, 0x92, 0x94,
    0x72, 0x8c, 0x72, 0x8c, 0x72, 0x8c, 0x72, 0x8c, 0x72, 0x8c, 0x72, 0x8c,
    0x72, 0x8c, 0x51, 0x8c, 0x31, 0x84, 0x10, 0x84, 0xcf, 0x7b, 0xef, 0x7b,
    0xf0, 0x7b, 0xcf, 0x7b, 0xaf, 0x7b, 0x8e, 0x73, 0x8e, 0x73, 0xaf, 0x73,
    0xae, 0x73, 0xaf, 0x7b, 0x8e, 0x6b, 0x6e, 0x6b, 0x4d, 0x6b, 0x2d, 0x6b,
    0x2d, 0x63, 0x2c, 0x63, 0x4d, 0x6b, 0x0c, 0x63, 0x2c, 0x63, 0x2d, 0x63,
    0x2d, 0x63, 0x2c, 0x6b, 0x4d, 0x6b, 0x4d, 0x6b, 0x4d, 0x6b, 0x4e, 0x6b,
    0x4d, 0x6b, 0x6e, 0x6b, 0x6e, 0x6b, 0x6d, 0x6b, 0x6d, 0x6b, 0x6e, 0x6b,
    0x6e, 0x6b, 0x6e, 0x6b, 0x8e, 0x73, 0xaf, 0x73, 0xae, 0x73, 0xae, 0x73,
    0x8e, 0x73, 0x8e, 0x73, 0x8f, 0x73, 0xaf, 0x73, 0xaf, 0x73, 0xae, 0x73,
    0x8e, 0x73, 0x2d, 0x63, 0x0c, 0x63, 0xcb, 0x5a, 0xab, 0x52, 0xcb, 0x5a,
    0xec, 0x5a, 0xec, 0x5a, 0xcb, 0x5a, 0x6a, 0x52, 0x49, 0x4a, 0x08, 0x42,
    0x08, 0x42, 0x29, 0x42, 0x49, 0x4a, 0x08, 0x42, 0x08, 0x42, 0x29, 0x42,
    0x6a, 0x4a, 0x29, 0x42, 0x08, 0x42, 0x49, 0x4a, 0x6a, 0x4a, 0x08, 0x42,
    0x08, 0x42, 0x6a, 0x4a, 0x6a, 0x4a, 0xab, 0x52, 0xaa, 0x52, 0xc7, 0x39,
    0x66, 0x29, 0x86, 0x31, 0xe8, 0x39, 0xe8, 0x41, 0xe8, 0x39, 0xe8, 0x39,
    0xa7, 0x39, 0x86, 0x31, 0x86, 0x31, 0xa7, 0x31, 0x86, 0x31, 0xa7, 0x31,
    0x66, 0x29, 0xe3, 0x18, 0xe3, 0x18, 0xe4, 0x18, 0x04, 0x21, 0x04, 0x21,
    0x25, 0x21, 0x25, 0x21, 0x25, 0x21, 0x04, 0x21, 0xe4, 0x18, 0xe4, 0x18,
    0xe4, 0x18, 0x24, 0x21, 0x65, 0x29, 0x86, 0x31, 0x87, 0x31, 0xa7, 0x31,
    0xa7, 0x39, 0xc7, 0x39, 0xe7, 0x39, 0xc7, 0x39, 0xc7, 0x39, 0xc7, 0x39,
    0xe8, 0x39, 0xe8, 0x39, 0xc8, 0x39, 0xc7, 0x39, 0xc7, 0x39, 0xe8, 0x39,
    0xa7, 0x31, 0x65, 0x29, 0x45, 0x29, 0x45, 0x29, 0x45, 0x29, 0x46, 0x29,
    0x65, 0x29, 0x45, 0x29, 0x45, 0x29, 0xe4, 0x18, 0xe4, 0x18, 0xe3, 0x18,
    0xc3, 0x18, 0xe4, 0x18, 0xe4, 0x18, 0xe4, 0x18, 0xe4, 0x20, 0x04, 0x21,
    0x04, 0x21, 0x25, 0x21, 0x25, 0x21, 0x25, 0x21, 0x25, 0x21, 0x04, 0x21,
    0xc3, 0x18, 0xc3, 0x18, 0xe3, 0x18, 0xc3, 0x18, 0xc3, 0x18, 0xc3, 0x18,
    0xc3, 0x18, 0xa3, 0x10, 0xa3, 0x10, 0xa3, 0x10, 0xa2, 0x10, 0x41, 0x08,
    0xa7, 0x31, 0xc7, 0x39, 0x86, 0x31, 0xa7, 0x31, 0xe7, 0x39, 0xa7, 0x39,
    0xc7, 0x39, 0xe8, 0x39, 0xa7, 0x31, 0xa7, 0x39, 0x86, 0x31, 0x45, 0x29,
    0x86, 0x31, 0xc7, 0x31, 0xa7, 0x31, 0xe7, 0x39, 0xc7, 0x39, 0xc7, 0x31,
    0xa7, 0x31, 0x66, 0x29, 0x25, 0x29, 0x45, 0x29, 0x24, 0x21, 0x25, 0x21,
    0x25, 0x21, 0x65, 0x29, 0xa7, 0x31, 0x86, 0x31, 0x86, 0x31, 0x66, 0x29,
    0xc7, 0x39, 0x29, 0x42, 0x49, 0x4a, 0x6a, 0x4a, 0x6a, 0x4a, 0x6a, 0x52,
    0x8a, 0x52, 0x8a, 0x52, 0x69, 0x4a, 0x49, 0x4a, 0x28, 0x42, 0x86, 0x31,
    0x45, 0x29, 0x66, 0x29, 0x66, 0x29, 0x66, 0x29, 0x45, 0x29, 0x04, 0x21,
    0x04, 0x21, 0x04, 0x21, 0x05, 0x21, 0x66, 0x29, 0xc7, 0x39, 0xc7, 0x39,
    0xa7, 0x31, 0xa7, 0x39, 0xe7, 0x39, 0x29, 0x42, 0x49, 0x4a, 0x49, 0x4a,
    0x6a, 0x4a, 0x49, 0x4a, 0x08, 0x42, 0x29, 0x42, 0x8a, 0x52, 0xaa, 0x52,
    0xcb, 0x52, 0xcb, 0x52, 0xcb, 0x52, 0x0c, 0x5b, 0x0c, 0x63, 0x0c, 0x63,
    0x0c, 0x5b, 0xeb, 0x5a, 0xcb, 0x5a, 0xec, 0x5a, 0x0d, 0x63, 0x2d, 0x63,
    0x2e, 0x63, 0xf1, 0x7b, 0x31, 0x84, 0x11, 0x84, 0x52, 0x84, 0x31, 0x84,
    0x11, 0x84, 0x11, 0x84, 0x52, 0x84, 0x72, 0x8c, 0x72, 0x94, 0x51, 0x8c,
    0x51, 0x8c, 0x72, 0x94, 0x92, 0x94, 0xb2, 0x94, 0xb2, 0x94, 0x92, 0x94,
    0x72, 0x8c, 0x51, 0x8c, 0x51, 0x8c, 0x51, 0x8c, 0x51, 0x8c, 0x51, 0x8c,
    0x31, 0x84, 0x6d, 0x6b, 0x4d, 0x6b, 0x4d, 0x6b, 0x2d, 0x63, 0x0c, 0x63,
    0x2c, 0x63, 0x2d, 0x63, 0x2d, 0x63, 0x2d, 0x6b, 0x4d, 0x6b, 0x6d, 0x6b,
    0x6e, 0x6b, 0x4d, 0x6b, 0x6e, 0x6b, 0x6e, 0x6b, 0x8e, 0x73, 0x8e, 0x73,
    0xae, 0x73, 0xcf, 0x7b, 0xaf, 0x73, 0x8e, 0x73, 0x8e, 0x73, 0x8e, 0x73,
    0x8e, 0x73, 0xae, 0x73, 0xae, 0x73, 0xaf, 0x7b, 0xf0, 0x7b, 0x10, 0x84,
    0x10, 0x84, 0x51, 0x8c, 0x51, 0x8c, 0x92, 0x94, 0xd3, 0x9c, 0xd3, 0x94,
    0xd3, 0x9c, 0xf3, 0x9c, 0x14, 0xa5, 0x14, 0xa5, 0x35, 0xa5, 0x35, 0xa5,
    0x35, 0xa5, 0x55, 0xad, 0x55, 0xad, 0x55, 0xad, 0x55, 0xad, 0x35, 0xa5,
    0x35, 0xa5, 0x55, 0xad, 0x55, 0xad, 0x14, 0xa5, 0xf4, 0x9c, 0xd3, 0x9c,
    0xb3, 0x94, 0xb3, 0x94, 0x92, 0x94, 0x72, 0x8c, 0x51, 0x8c, 0x51, 0x8c,
    0x31, 0x8c, 0x51, 0x8c, 0x51, 0x8c, 0x10, 0x84, 0xf0, 0x7b, 0xf0, 0x7b,
    0xf0, 0x7b, 0xcf, 0x7b, 0xf0, 0x7b, 0xcf, 0x7b, 0xaf, 0x7b, 0x8e, 0x6b,
    0x8e, 0x73, 0xae, 0x73, 0xaf, 0x73, 0xaf, 0x73, 0x6e, 0x73, 0x4d, 0x6b,
    0x2d, 0x63, 0x0c, 0x63, 0x2c, 0x63, 0x0c, 0x63, 0x4d, 0x6b, 0x0c, 0x63,
    0x0c, 0x63, 0x2c, 0x63, 0x2c, 0x63, 0x4d, 0x63, 0x4d, 0x6b, 0x4d, 0x6b,
    0x4d, 0x63, 0x4d, 0x6b, 0x4d, 0x6b, 0x6e, 0x6b, 0x6e, 0x6b, 0x6e, 0x6b,
    0x6e, 0x6b, 0x6d, 0x6b, 0x6e, 0x6b, 0x6e, 0x73, 0x8e, 0x73, 0x8e, 0x73,
    0x8e, 0x73, 0x8e, 0x73, 0x6e, 0x6b, 0x8e, 0x73, 0x8e, 0x73, 0xaf, 0x73,
    0xae, 0x73, 0xae, 0x73, 0x6e, 0x73, 0x2d, 0x63, 0xec, 0x5a, 0xeb, 0x5a,
    0xec, 0x5a, 0xec, 0x5a, 0x0c, 0x63, 0xec, 0x62, 0x0c, 0x5b, 0xcb, 0x5a,
    0x49, 0x4a, 0x09, 0x42, 0x29, 0x42, 0xe8, 0x39, 0x08, 0x42, 0x4a, 0x4a,
    0x69, 0x4a, 0x29, 0x42, 0x49, 0x4a, 0x08, 0x42, 0x08, 0x42, 0x6a, 0x4a,
    0x6a, 0x4a, 0x49, 0x4a, 0x4a, 0x4a, 0x8a, 0x52, 0x8a, 0x52, 0x6a, 0x4a,
    0xc7, 0x39, 0x45, 0x29, 0x86, 0x31, 0xc7, 0x39, 0x29, 0x42, 0x08, 0x42,
    0xe8, 0x39, 0xe7, 0x39, 0xc7, 0x39, 0x66, 0x29, 0xa7, 0x31, 0xc7, 0x39,
    0x86, 0x31, 0x86, 0x31, 0x66, 0x29, 0x04, 0x21, 0xe4, 0x20, 0xe4, 0x18,
    0x04, 0x21, 0x04, 0x21, 0x24, 0x21, 0x25, 0x21, 0x45, 0x29, 0x24, 0x21,
    0x04, 0x21, 0x25, 0x21, 0x45, 0x29, 0x86, 0x31, 0xa7, 0x31, 0xc7, 0x39,
    0xe8, 0x39, 0xe8, 0x39, 0xe8, 0x39, 0x08, 0x42, 0x29, 0x42, 0x09, 0x42,
    0x08, 0x42, 0x29, 0x42, 0x29, 0x42, 0x29, 0x42, 0x08, 0x42, 0xc7, 0x39,
    0xc7, 0x39, 0xe8, 0x39, 0x86, 0x31, 0x45, 0x29, 0x46, 0x29, 0x45, 0x29,
    0x25, 0x21, 0x65, 0x29, 0x86, 0x31, 0x66, 0x29, 0x45, 0x21, 0xe4, 0x18,
    0xc3, 0x18, 0xe4, 0x18, 0xe4, 0x18, 0xe4, 0x18, 0x04, 0x21, 0x04, 0x21,
    0x04, 0x21, 0x25, 0x21, 0x25, 0x21, 0x25, 0x21, 0x24, 0x21, 0x04, 0x21,
    0x04, 0x21, 0xe3, 0x18, 0xc3, 0x18, 0xc3, 0x18, 0xe3, 0x18, 0xc3, 0x18,
    0xc3, 0x10, 0xa2, 0x10, 0xa2, 0x10, 0x82, 0x10, 0x82, 0x10, 0x82, 0x10,
    0x82, 0x10, 0x41, 0x08, 0x66, 0x29, 0x45, 0x29, 0x45, 0x29, 0x86, 0x31,
    0xa7, 0x31, 0xc7, 0x39, 0xe8, 0x39, 0xe7, 0x39, 0xa7, 0x31, 0xc7, 0x31,
    0x86, 0x31, 0x66, 0x29, 0x66, 0x29, 0xa7, 0x31, 0xc7, 0x39, 0xe8, 0x39,
    0xa6, 0x31, 0x45, 0x29, 0x45, 0x29, 0x25, 0x21, 0x25, 0x21, 0x66, 0x29,
    0x25, 0x21, 0x45, 0x29, 0x65, 0x29, 0x66, 0x31, 0xa7, 0x31, 0xa7, 0x31,
    0x86, 0x31, 0x86, 0x31, 0xc7, 0x39, 0xe8, 0x39, 0xe8, 0x41, 0x49, 0x4a,
    0x6a, 0x4a, 0xab, 0x52, 0xab, 0x52, 0x8a, 0x52, 0x29, 0x42, 0x29, 0x42,
    0x28, 0x42, 0xa7, 0x31, 0x86, 0x31, 0x86, 0x31, 0x86, 0x31, 0x45, 0x29,
    0x04, 0x21, 0x04, 0x19, 0xe4, 0x18, 0x04, 0x21, 0x04, 0x21, 0x45, 0x29,
    0xa7, 0x31, 0xe8, 0x39, 0xe8, 0x39, 0x08, 0x42, 0x29, 0x42, 0x49, 0x4a,
    0x08, 0x42, 0x29, 0x42, 0x49, 0x4a, 0x08, 0x42, 0x08, 0x42, 0x6a, 0x4a,
    0xab, 0x52, 0xcb, 0x5a, 0xec, 0x5a, 0x0c, 0x63, 0x2d, 0x63, 0x2d, 0x63,
    0x4d, 0x63, 0x2d, 0x63, 0x0c, 0x63, 0x0c, 0x5b, 0x0c, 0x5b, 0x2c, 0x63,
    0x4d, 0x6b, 0x4e, 0x6b, 0x6e, 0x6b, 0xaf, 0x73, 0xd0, 0x73, 0xf0, 0x7b,
    0x11, 0x84, 0x11, 0x84, 0xf0, 0x7b, 0xcf, 0x73, 0x11, 0x84, 0x51, 0x8c,
    0x51, 0x8c, 0x31, 0x8c, 0x51, 0x8c, 0x72, 0x8c, 0x72, 0x8c, 0x92, 0x94,
    0x93, 0x94, 0xb3, 0x94, 0x72, 0x8c, 0x51, 0x8c, 0x72, 0x8c, 0x51, 0x8c,
    0x72, 0x8c, 0x51, 0x8c, 0xcf, 0x7b, 0x2d, 0x63, 0x0c, 0x63, 0x2d, 0x63,
    0x0c, 0x63, 0x0c, 0x63, 0x0c, 0x63, 0x0c, 0x63, 0x0c, 0x63, 0x2d, 0x63,
    0x4d, 0x63, 0x4d, 0x6b, 0x4d, 0x6b, 0x4d, 0x63, 0x4d, 0x6b, 0x6d, 0x6b,
    0x4d, 0x6b, 0x6d, 0x6b, 0x6d, 0x6b, 0x6e, 0x73, 0x6e, 0x73, 0x6d, 0x6b,
    0x6d, 0x6b, 0x6e, 0x73, 0x8e, 0x73, 0x8e, 0x73, 0x8e, 0x73, 0xcf, 0x7b,
    0xf0, 0x7b, 0x10, 0x84, 0x31, 0x84, 0x51, 0x8c, 0x51, 0x8c, 0x93, 0x94,
    0xb3, 0x94, 0xb3, 0x94, 0xd3, 0x9c, 0xd3, 0x9c, 0xf4, 0x9c, 0x14, 0x9d,
    0x14, 0xa5, 0x14, 0xa5, 0x14, 0xa5, 0x35, 0xa5, 0x35, 0xa5, 0x55, 0xad,
    0x55, 0xa5, 0x34, 0xa5, 0x34, 0xa5, 0x35, 0xad, 0x35, 0xa5, 0x14, 0xa5,
    0xd3, 0x9c, 0xb3, 0x94, 0x92, 0x94, 0x92, 0x94, 0x92, 0x94, 0x92, 0x94,
    0x51, 0x8c, 0x51, 0x8c, 0x51, 0x8c, 0x51, 0x84, 0x31, 0x84, 0xf0, 0x83,
    0xcf, 0x7b, 0xef, 0x7b, 0xcf, 0x7b, 0xaf, 0x7b, 0xaf, 0x73, 0xaf, 0x73,
    0xaf, 0x73, 0xaf, 0x73, 0xaf, 0x73, 0xaf, 0x7b, 0xae, 0x73, 0xae, 0x73,
    0x4d, 0x6b, 0x2d, 0x63, 0x0c, 0x63, 0x0c, 0x63, 0xec, 0x5a, 0x2d, 0x63,
    0x2d, 0x63, 0xec, 0x5a, 0x0c, 0x63, 0x0c, 0x63, 0x2c, 0x63, 0x4d, 0x6b,
    0x4e, 0x6b, 0x6e, 0x6b, 0x4d, 0x6b, 0x4d, 0x6b, 0x4d, 0x6b, 0x6e, 0x6b,
    0x6e, 0x73, 0x8e, 0x73, 0x4d, 0x6b, 0x4d, 0x6b, 0x6e, 0x6b, 0x6e, 0x6b,
    0x8e, 0x73, 0x8e, 0x73, 0x8e, 0x73, 0x6e, 0x6b, 0x8e, 0x73, 0x8e, 0x73,
    0xaf, 0x73, 0xaf, 0x73, 0x8e, 0x73, 0x8e, 0x73, 0x6e, 0x6b, 0x2d, 0x63,
    0xec, 0x5a, 0xeb, 0x5a, 0x0c, 0x63, 0x0c, 0x63, 0x0c, 0x63, 0x0c, 0x63,
    0x0c, 0x63, 0xec, 0x5a, 0x8a, 0x4a, 0x49, 0x4a, 0x49, 0x42, 0x29, 0x42,
    0x29, 0x42, 0x8a, 0x52, 0x8a, 0x52, 0x6a, 0x4a, 0x49, 0x4a, 0x29, 0x42,
    0x49, 0x4a, 0xab, 0x52, 0xab, 0x52, 0x8a, 0x52, 0xab, 0x52, 0x8a, 0x52,
    0x8a, 0x4a, 0xe8, 0x39, 0x45, 0x29, 0x45, 0x29, 0x87, 0x31, 0xe8, 0x39,
    0x29, 0x42, 0x28, 0x42, 0xe8, 0x39, 0x08, 0x42, 0xe7, 0x39, 0xa6, 0x31,
    0xe8, 0x39, 0xe8, 0x39, 0x86, 0x31, 0x86, 0x31, 0x66, 0x29, 0x04, 0x21,
    0x04, 0x21, 0x04, 0x21, 0x04, 0x21, 0x04, 0x21, 0x25, 0x21, 0x25, 0x29,
    0x45, 0x29, 0x25, 0x21, 0x25, 0x21, 0x45, 0x29, 0xa6, 0x31, 0xc8, 0x39,
    0xe8, 0x39, 0xe8, 0x39, 0xe8, 0x41, 0xe8, 0x39, 0x08, 0x42, 0x28, 0x42,
    0x29, 0x42, 0x29, 0x42, 0x08, 0x42, 0x29, 0x42, 0x28, 0x42, 0x08, 0x42,
    0x08, 0x42, 0xe8, 0x39, 0xc7, 0x39, 0xc7, 0x31, 0x87, 0x31, 0x66, 0x29,
    0x86, 0x29, 0x66, 0x29, 0x45, 0x29, 0x66, 0x29, 0x86, 0x31, 0x66, 0x29,
    0x25, 0x21, 0xe4, 0x18, 0xc3, 0x18, 0xe4, 0x18, 0xe4, 0x18, 0x04, 0x21,
    0x04, 0x21, 0x24, 0x21, 0x25, 0x21, 0x25, 0x21, 0x25, 0x21, 0x25, 0x21,
    0x04, 0x21, 0xe4, 0x18, 0xe4, 0x18, 0xc3, 0x18, 0xc3, 0x18, 0xc3, 0x18,
    0xc3, 0x18, 0xc3, 0x10, 0xa3, 0x10, 0xa2, 0x10, 0x82, 0x10, 0x82, 0x10,
    0x82, 0x10, 0x82, 0x10, 0x82, 0x10, 0x41, 0x08, 0x25, 0x21, 0x04, 0x21,
    0x04, 0x21, 0x45, 0x29, 0x86, 0x31, 0xc7, 0x39, 0xe8, 0x39, 0xc7, 0x39,
    0xc7, 0x39, 0xe7, 0x39, 0xa7, 0x31, 0x86, 0x31, 0x25, 0x21, 0x86, 0x31,
    0xe8, 0x41, 0xe8, 0x39, 0x66, 0x29, 0x25, 0x29, 0x45, 0x29, 0x24, 0x21,
    0x65, 0x29, 0x86, 0x31, 0x66, 0x29, 0x66, 0x31, 0x66, 0x29, 0x45, 0x29,
    0x86, 0x31, 0xa7, 0x31, 0xc7, 0x39, 0xc7, 0x31, 0x86, 0x31, 0x86, 0x31,
    0xe8, 0x39, 0x29, 0x42, 0x8a, 0x52, 0xab, 0x52, 0xaa, 0x52, 0x49, 0x4a,
    0x29, 0x42, 0xe8, 0x41, 0xe8, 0x41, 0xc7, 0x31, 0xa7, 0x39, 0xa7, 0x31,
    0x66, 0x29, 0x25, 0x21, 0x04, 0x21, 0x04, 0x21, 0xe4, 0x18, 0x04, 0x21,
    0x24, 0x21, 0x45, 0x29, 0xa7, 0x31, 0xe8, 0x39, 0x08, 0x42, 0x49, 0x4a,
    0x6a, 0x4a, 0x49, 0x4a, 0x29, 0x42, 0x29, 0x42, 0x29, 0x42, 0x29, 0x42,
    0x49, 0x4a, 0xab, 0x52, 0xeb, 0x5a, 0xec, 0x5a, 0x0c, 0x63, 0x2d, 0x63,
    0x0c, 0x63, 0xec, 0x5a, 0x2c, 0x63, 0x2d, 0x63, 0x0c, 0x5b, 0x0c, 0x63,
    0x4d, 0x63, 0x4e, 0x6b, 0x8e, 0x6b, 0x8f, 0x73, 0x6e, 0x6b, 0xcf, 0x73,
    0xd0, 0x7b, 0xcf, 0x73, 0xf0, 0x7b, 0x11, 0x7c, 0xf0, 0x7b, 0xd0, 0x7b,
    0x11, 0x84, 0x31, 0x84, 0x31, 0x84, 0x31, 0x8c, 0x51, 0x8c, 0x72, 0x8c,
    0x72, 0x8c, 0x92, 0x94, 0xd3, 0x9c, 0xb3, 0x94, 0x72, 0x8c, 0x71, 0x8c,
    0x51, 0x8c, 0x31, 0x84, 0x10, 0x84, 0xcf, 0x7b, 0x4d, 0x6b, 0x0c, 0x63,
    0x0c, 0x5b, 0x0c, 0x63, 0x0c, 0x63, 0x0c, 0x5b, 0x0c, 0x5b, 0xec, 0x5a,
    0x0c, 0x63, 0x0c, 0x63, 0x0c, 0x63, 0x2d, 0x63, 0x2d, 0x63, 0x0c, 0x63,
    0x4d, 0x63, 0x4d, 0x6b, 0x2c, 0x63, 0x4d, 0x63, 0x4d, 0x6b, 0x4d, 0x6b,
    0x6d, 0x6b, 0x4d, 0x6b, 0x4d, 0x6b, 0x6d, 0x6b, 0x6e, 0x73, 0x8e, 0x73,
    0xaf, 0x7b, 0xcf, 0x7b, 0x10, 0x84, 0x10, 0x84, 0x31, 0x84, 0x51, 0x84,
    0x31, 0x84, 0x31, 0x84, 0x92, 0x94, 0x92, 0x94, 0xb3, 0x94, 0xd3, 0x9c,
    0xf3, 0x9c, 0xf3, 0x9c, 0xf3, 0x9c, 0xf3, 0x9c, 0x14, 0xa5, 0x14, 0xa5,
    0x34, 0xa5, 0x14, 0xa5, 0x34, 0xa5, 0x34, 0xa5, 0x35, 0xa5, 0x35, 0xa5,
    0x35, 0xa5, 0x14, 0xa5, 0xd3, 0x9c, 0x92, 0x94, 0x92, 0x94, 0xb3, 0x94,
    0x92, 0x94, 0x72, 0x8c, 0x51, 0x8c, 0x30, 0x84, 0x10, 0x84, 0x10, 0x84,
    0x30, 0x84, 0x10, 0x84, 0xf0, 0x7b, 0xcf, 0x73, 0xaf, 0x7b, 0x8e, 0x73,
    0x6e, 0x6b, 0x8e, 0x73, 0xae, 0x73, 0xae, 0x73, 0xcf, 0x7b, 0xcf, 0x7b,
    0x8e, 0x73, 0x8e, 0x73, 0x4d, 0x6b, 0x2d, 0x63, 0xec, 0x5a, 0xec, 0x5a,
    0x0c, 0x63, 0x4d, 0x6b, 0x0c, 0x63, 0xec, 0x5a, 0xec, 0x5a, 0x0c, 0x63,
    0x0c, 0x63, 0x4d, 0x6b, 0x6e, 0x6b, 0x6d, 0x6b, 0x4d, 0x6b, 0x4d, 0x63,
    0x6e, 0x6b, 0x8e, 0x73, 0xae, 0x73, 0x6e, 0x6b, 0x4d, 0x6b, 0x6e, 0x6b,
    0x4d, 0x6b, 0x6e, 0x6b, 0x8e, 0x73, 0x6e, 0x6b, 0x6e, 0x6b, 0x8e, 0x73,
    0x6e, 0x6b, 0x8e, 0x73, 0xaf, 0x73, 0x8e, 0x73, 0x8e, 0x73, 0x6e, 0x6b,
    0x6d, 0x6b, 0x4d, 0x6b, 0x0c, 0x63, 0xec, 0x62, 0x0d, 0x63, 0x0d, 0x63,
    0x0c, 0x63, 0x0c, 0x5b, 0x0c, 0x63, 0x0c, 0x63, 0xab, 0x52, 0x6a, 0x4a,
    0x49, 0x4a, 0x49, 0x4a, 0x69, 0x4a, 0x8a, 0x52, 0xab, 0x52, 0xab, 0x52,
    0x29, 0x4a, 0x49, 0x4a, 0x6a, 0x4a, 0xab, 0x52, 0xcb, 0x5a, 0xcb, 0x5a,
    0xcb, 0x5a, 0x8a, 0x52, 0x6a, 0x4a, 0xa7, 0x31, 0x25, 0x21, 0x45, 0x29,
    0x86, 0x31, 0xc7, 0x39, 0x08, 0x42, 0x08, 0x42, 0x08, 0x42, 0x08, 0x42,
    0x08, 0x42, 0xe8, 0x39, 0x29, 0x42, 0xe8, 0x41, 0x86, 0x31, 0x86, 0x31,
    0x66, 0x29, 0x24, 0x21, 0x25, 0x21, 0x04, 0x21, 0x04, 0x21, 0x04, 0x21,
    0x25, 0x21, 0x45, 0x21, 0x25, 0x21, 0x04, 0x21, 0x24, 0x21, 0x86, 0x31,
    0xc7, 0x39, 0xe8, 0x39, 0xe8, 0x39, 0xc7, 0x39, 0xe8, 0x39, 0xe8, 0x39,
    0x28, 0x42, 0x29, 0x42, 0x29, 0x42, 0x28, 0x42, 0x08, 0x42, 0x08, 0x42,
    0x08, 0x42, 0x08, 0x42, 0xe8, 0x39, 0xa7, 0x31, 0x86, 0x31, 0xa7, 0x31,
    0xc7, 0x39, 0xc7, 0x39, 0xa6, 0x31, 0x86, 0x31, 0x66, 0x29, 0x66, 0x31,
    0x86, 0x31, 0x66, 0x29, 0x04, 0x21, 0xe3, 0x18, 0xc3, 0x18, 0xe4, 0x18,
    0xe4, 0x18, 0x04, 0x21, 0x25, 0x21, 0x25, 0x21, 0x25, 0x21, 0x24, 0x21,
    0xe4, 0x20, 0xc3, 0x18, 0xc3, 0x18, 0xe4, 0x18, 0xc3, 0x18, 0xc3, 0x18,
    0xc3, 0x18, 0xc3, 0x18, 0xc3, 0x18, 0xa2, 0x10, 0xa2, 0x10, 0x82, 0x10,
    0x82, 0x10, 0x82, 0x10, 0x82, 0x10, 0x82, 0x10, 0x82, 0x10, 0x41, 0x08,
    0x04, 0x21, 0xe4, 0x18, 0x04, 0x21, 0x45, 0x21, 0x86, 0x31, 0xe8, 0x39,
    0x08, 0x3a, 0xa7, 0x39, 0xc7, 0x39, 0xe8, 0x39, 0xc7, 0x39, 0x86, 0x31,
    0x25, 0x21, 0xa6, 0x31, 0x08, 0x42, 0xc7, 0x39, 0x66, 0x29, 0x66, 0x29,
    0x45, 0x29, 0x45, 0x29, 0x86, 0x31, 0xa7, 0x31, 0xa6, 0x31, 0x86, 0x31,
    0x86, 0x29, 0x66, 0x29, 0x86, 0x31, 0xa7, 0x31, 0xe8, 0x39, 0xc7, 0x39,
    0x86, 0x31, 0xa7, 0x31, 0x29, 0x42, 0x8a, 0x52, 0xcb, 0x5a, 0xab, 0x52,
    0x8a, 0x52, 0x09, 0x42, 0xe8, 0x39, 0xc7, 0x39, 0xa7, 0x31, 0xc7, 0x39,
    0xc7, 0x39, 0xc7, 0x39, 0xa7, 0x31, 0xa7, 0x31, 0x66, 0x29, 0x45, 0x29,
    0x45, 0x29, 0x45, 0x29, 0x46, 0x29, 0x66, 0x29, 0xa7, 0x31, 0xc7, 0x39,
    0x08, 0x42, 0x8a, 0x4a, 0xaa, 0x52, 0x6a, 0x4a, 0x6a, 0x4a, 0x8a, 0x52,
    0x6a, 0x4a, 0x8a, 0x4a, 0xab, 0x52, 0xeb, 0x5a, 0xec, 0x5a, 0xec, 0x5a,
    0x0c, 0x5b, 0x0d, 0x63, 0xec, 0x5a, 0xeb, 0x5a, 0xec, 0x5a, 0x0c, 0x5b,
    0x0c, 0x5b, 0x2d, 0x63, 0x4d, 0x6b, 0x6e, 0x6b, 0x8f, 0x73, 0x8e, 0x6b,
    0x8e, 0x6b, 0xcf, 0x73, 0xf0, 0x7b, 0xf0, 0x7b, 0xf0, 0x7b, 0xcf, 0x7b,
    0xd0, 0x7b, 0xcf, 0x73, 0x11, 0x84, 0x51, 0x84, 0x51, 0x8c, 0x30, 0x84,
    0x31, 0x8c, 0x71, 0x8c, 0x72, 0x8c, 0x92, 0x94, 0xd3, 0x9c, 0xb3, 0x94,
    0x72, 0x8c, 0x51, 0x8c, 0x30, 0x84, 0xcf, 0x7b, 0x8e, 0x73, 0x6d, 0x6b,
    0x0c, 0x63, 0x0c, 0x5b, 0xec, 0x62, 0x0c, 0x63, 0x0c, 0x63, 0xec, 0x5a,
    0xec, 0x5a, 0xeb, 0x5a, 0xeb, 0x5a, 0xeb, 0x5a, 0xec, 0x5a, 0x0c, 0x63,
    0x0c, 0x63, 0x0c, 0x63, 0x0c, 0x63, 0x0c, 0x63, 0x2c, 0x63, 0x2d, 0x63,
    0x4d, 0x6b, 0x2c, 0x6b, 0x2d, 0x63, 0x4d, 0x6b, 0x4d, 0x6b, 0x6d, 0x6b,
    0x6e, 0x6b, 0x6d, 0x73, 0x8e, 0x73, 0xcf, 0x73, 0x10, 0x84, 0x10, 0x84,
    0x30, 0x84, 0x10, 0x84, 0x10, 0x84, 0x31, 0x84, 0x71, 0x8c, 0x92, 0x94,
    0x93, 0x94, 0xb3, 0x94, 0xd3, 0x9c, 0xd3, 0x9c, 0xd3, 0x9c, 0xf3, 0x9c,
    0xf4, 0x9c, 0xf4, 0x9c, 0x14, 0x9d, 0x14, 0xa5, 0x14, 0xa5, 0x34, 0xa5,
    0x34, 0xa5, 0x35, 0xa5, 0x14, 0xa5, 0xf4, 0x9c, 0xf4, 0x9c, 0x72, 0x8c,
    0x72, 0x8c, 0x92, 0x94, 0x92, 0x94, 0x72, 0x8c, 0x51, 0x84, 0x31, 0x84,
    0x11, 0x84, 0xf0, 0x7b, 0x10, 0x7c, 0xf0, 0x7b, 0xf0, 0x7b, 0xaf, 0x73,
    0x8e, 0x73, 0x6d, 0x6b, 0x6e, 0x6b, 0xae, 0x73, 0xae, 0x73, 0x8e, 0x73,
    0xcf, 0x7b, 0xcf, 0x7b, 0xaf, 0x73, 0x8e, 0x73, 0x4d, 0x6b, 0x0d, 0x63,
    0xec, 0x5a, 0xec, 0x5a, 0x0c, 0x63, 0x4d, 0x6b, 0x0c, 0x63, 0xec, 0x5a,
    0xec, 0x5a, 0xec, 0x62, 0x2d, 0x63, 0x6e, 0x6b, 0x4d, 0x6b, 0x4e, 0x6b,
    0x2d, 0x63, 0x4d, 0x6b, 0x8e, 0x6b, 0x8e, 0x73, 0x8e, 0x73, 0x6d, 0x6b,
    0x6e, 0x6b, 0x4d, 0x6b, 0x4d, 0x6b, 0x4d, 0x6b, 0x6e, 0x6b, 0x6e, 0x6b,
    0x6e, 0x6b, 0x6e, 0x6b, 0x6e, 0x6b, 0x8e, 0x73, 0x8e, 0x73, 0x8e, 0x73,
    0x8e, 0x6b, 0x6e, 0x6b, 0x4d, 0x6b, 0x6e, 0x6b, 0x2d, 0x63, 0x0c, 0x63,
    0x2d, 0x63, 0x2d, 0x63, 0x0c, 0x63, 0x0c, 0x63, 0x0d, 0x63, 0x0c, 0x63,
    0xcb, 0x5a, 0x6a, 0x52, 0x8a, 0x4a, 0x6a, 0x4a, 0x8b, 0x52, 0xcb, 0x5a,
    0xab, 0x52, 0xab, 0x52, 0x8a, 0x52, 0xab, 0x52, 0xcb, 0x5a, 0xcb, 0x5a,
    0xec, 0x5a, 0xec, 0x5a, 0xcb, 0x5a, 0x8a, 0x4a, 0x49, 0x4a, 0xa7, 0x31,
    0x66, 0x29, 0x86, 0x31, 0xa7, 0x31, 0xe8, 0x39, 0x08, 0x3a, 0x08, 0x42,
    0xe8, 0x39, 0xe8, 0x39, 0xe8, 0x39, 0x08, 0x42, 0x29, 0x42, 0xe8, 0x39,
    0xa7, 0x31, 0xa7, 0x31, 0x86, 0x31, 0x04, 0x21, 0x05, 0x21, 0xe4, 0x18,
    0x04, 0x19, 0x04, 0x21, 0x24, 0x21, 0x04, 0x21, 0x04, 0x21, 0x24, 0x21,
    0x45, 0x29, 0xa7, 0x31, 0xe8, 0x39, 0xe8, 0x39, 0xe7, 0x39, 0xe7, 0x39,
    0x08, 0x42, 0x28, 0x42, 0x29, 0x4a, 0x49, 0x4a, 0x49, 0x4a, 0x29, 0x42,
    0x08, 0x42, 0x08, 0x42, 0x09, 0x42, 0xe8, 0x39, 0x86, 0x31, 0x66, 0x29,
    0x66, 0x29, 0x86, 0x31, 0xc7, 0x39, 0xc7, 0x39, 0xa7, 0x31, 0x86, 0x31,
    0x86, 0x31, 0xc7, 0x31, 0x86, 0x31, 0x25, 0x21, 0xc3, 0x18, 0xe4, 0x18,
    0xe4, 0x18, 0xc3, 0x18, 0xe4, 0x20, 0x24, 0x21, 0x04, 0x21, 0xe4, 0x20,
    0xc3, 0x18, 0xc3, 0x18, 0xa3, 0x18, 0xa3, 0x10, 0xc3, 0x18, 0xc3, 0x18,
    0xa3, 0x18, 0xa3, 0x18, 0xa2, 0x10, 0xc3, 0x10, 0xc3, 0x18, 0xa2, 0x10,
    0x82, 0x10, 0x82, 0x10, 0x82, 0x10, 0x82, 0x10, 0x82, 0x10, 0x62, 0x10,
    0x82, 0x10, 0x41, 0x08, 0x25, 0x21, 0x25, 0x21, 0x45, 0x21, 0x46, 0x29,
    0xa7, 0x31, 0x28, 0x42, 0xe8, 0x39, 0xa7, 0x31, 0xa7, 0x31, 0x08, 0x42,
    0xe8, 0x39, 0xa7, 0x31, 0x66, 0x29, 0xc7, 0x39, 0x08, 0x42, 0xe8, 0x39,
    0xa7, 0x31, 0xa6, 0x31, 0x66, 0x31, 0x86, 0x31, 0xc8, 0x39, 0x08, 0x42,
    0x08, 0x42, 0xa7, 0x39, 0x86, 0x31, 0x86, 0x31, 0xa6, 0x31, 0xc7, 0x39,
    0xc7, 0x39, 0xc8, 0x39, 0xc7, 0x39, 0xe8, 0x39, 0x8a, 0x52, 0xcb, 0x5a,
    0xcb, 0x52, 0x8a, 0x52, 0x6a, 0x4a, 0x29, 0x42, 0x08, 0x42, 0xe7, 0x39,
    0xa7, 0x31, 0xc7, 0x39, 0xc7, 0x39, 0x08, 0x3a, 0x08, 0x42, 0x29, 0x42,
    0x49, 0x4a, 0x29, 0x42, 0x29, 0x42, 0x28, 0x42, 0xe8, 0x39, 0xc7, 0x39,
    0xc7, 0x39, 0xc7, 0x39, 0x29, 0x42, 0xab, 0x52, 0xcb, 0x5a, 0xcb, 0x52,
    0xcb, 0x5a, 0xcb, 0x5a, 0x8a, 0x52, 0xcb, 0x52, 0xeb, 0x5a, 0xec, 0x5a,
    0xec, 0x5a, 0xec, 0x5a, 0x0c, 0x5b, 0xec, 0x5a, 0xec, 0x5a, 0xec, 0x5a,
    0xec, 0x5a, 0x0c, 0x5b, 0x0c, 0x63, 0x2d, 0x63, 0x6e, 0x6b, 0x8e, 0x6b,
    0x8f, 0x73, 0x8f, 0x6b, 0x8f, 0x73, 0xaf, 0x73, 0xf0, 0x7b, 0xf0, 0x73,
    0xf0, 0x7b, 0xf0, 0x7b, 0xcf, 0x73, 0xd0, 0x7b, 0x31, 0x84, 0x72, 0x8c,
    0x71, 0x8c, 0x10, 0x84, 0x31, 0x8c, 0x51, 0x8c, 0x92, 0x8c, 0xb3, 0x94,
    0xd3, 0x9c, 0x92, 0x94, 0x51, 0x8c, 0x10, 0x84, 0xcf, 0x7b, 0x8e, 0x6b,
    0x6d, 0x6b, 0x2c, 0x63, 0x0c, 0x63, 0xec, 0x5a, 0x0c, 0x63, 0xec, 0x5a,
    0xec, 0x5a, 0xcb, 0x5a, 0xcc, 0x5a, 0xcb, 0x5a, 0xcb, 0x5a, 0xcb, 0x5a,
    0xeb, 0x5a, 0xcb, 0x5a, 0xeb, 0x5a, 0xeb, 0x5a, 0xec, 0x62, 0x0c, 0x63,
    0x0c, 0x63, 0x2c, 0x63, 0x0c, 0x63, 0x0c, 0x63, 0x0c, 0x63, 0x0c, 0x63,
    0x4d, 0x6b, 0x4d, 0x6b, 0x4d, 0x6b, 0x4d, 0x6b, 0x8e, 0x73, 0xef, 0x7b,
    0xf0, 0x7b, 0x11, 0x84, 0x31, 0x84, 0xf0, 0x7b, 0x10, 0x84, 0x10, 0x84,
    0x31, 0x84, 0x51, 0x8c, 0x72, 0x8c, 0x92, 0x94, 0xb3, 0x94, 0xb3, 0x94,
    0xb3, 0x94, 0xd3, 0x9c, 0xd3, 0x9c, 0xb3, 0x94, 0xd3, 0x9c, 0xf4, 0x9c,
    0xf4, 0x9c, 0xf4, 0xa4, 0x14, 0xa5, 0x14, 0xa5, 0xf4, 0x9c, 0xf4, 0x9c,
    0xd3, 0x9c, 0x72, 0x8c, 0x31, 0x84, 0x72, 0x8c, 0x72, 0x8c, 0x51, 0x8c,
    0x51, 0x8c, 0x31, 0x84, 0x31, 0x84, 0x10, 0x84, 0xf0, 0x7b, 0xf0, 0x83,
    0xcf, 0x7b, 0xaf, 0x73, 0xae, 0x73, 0xaf, 0x73, 0xaf, 0x7b, 0xaf, 0x73,
    0x8e, 0x73, 0x8e, 0x73, 0xaf, 0x73, 0xcf, 0x73, 0xaf, 0x73, 0x6e, 0x6b,
    0x2d, 0x63, 0x2c, 0x63, 0x2c, 0x63, 0x4d, 0x6b, 0x6e, 0x6b, 0x4d, 0x6b,
    0x0c, 0x63, 0xec, 0x5a, 0xeb, 0x5a, 0x0c, 0x63, 0x2d, 0x63, 0x6e, 0x6b,
    0x4d, 0x6b, 0x4d, 0x6b, 0x2d, 0x63, 0x2d, 0x63, 0x6e, 0x73, 0x6e, 0x6b,
    0x4e, 0x6b, 0x4d, 0x6b, 0x4d, 0x6b, 0x4d, 0x6b, 0x4d, 0x6b, 0x4d, 0x6b,
    0x4d, 0x6b, 0x4d, 0x6b, 0x6d, 0x6b, 0x6d, 0x6b, 0x6e, 0x6b, 0x8e, 0x73,
    0x8e, 0x73, 0x6e, 0x6b, 0x6e, 0x6b, 0x6e, 0x6b, 0x4d, 0x6b, 0x6e, 0x6b,
    0x4d, 0x6b, 0x2d, 0x6b, 0x2d, 0x63, 0x2d, 0x63, 0x2c, 0x63, 0x0d, 0x63,
    0x0d, 0x63, 0x2d, 0x63, 0x0c, 0x5b, 0xcb, 0x5a, 0xcb, 0x5a, 0xab, 0x52,
    0xcb, 0x5a, 0xab, 0x52, 0x8a, 0x52, 0xcb, 0x5a, 0xcb, 0x5a, 0xec, 0x5a,
    0xeb, 0x5a, 0xec, 0x5a, 0xcb, 0x5a, 0xcb, 0x5a, 0xab, 0x52, 0x8a, 0x52,
    0x49, 0x4a, 0xa7, 0x31, 0xa6, 0x31, 0xe8, 0x39, 0x29, 0x42, 0x29, 0x42,
    0x08, 0x42, 0x29, 0x42, 0x08, 0x42, 0xe8, 0x41, 0xe8, 0x39, 0x08, 0x42,
    0x08, 0x42, 0x08, 0x42, 0xa6, 0x31, 0xc7, 0x39, 0x66, 0x29, 0x04, 0x21,
    0x04, 0x21, 0xe4, 0x18, 0x04, 0x21, 0x04, 0x21, 0xe4, 0x18, 0xc4, 0x18,
    0xe4, 0x18, 0x25, 0x21, 0xa7, 0x31, 0xe8, 0x39, 0xc7, 0x39, 0xc7, 0x39,
    0xe8, 0x39, 0x08, 0x42, 0x08, 0x42, 0x29, 0x42, 0x69, 0x4a, 0x6a, 0x52,
    0x69, 0x4a, 0x29, 0x42, 0x08, 0x42, 0xe8, 0x39, 0xc8, 0x39, 0xa7, 0x31,
    0x45, 0x29, 0x45, 0x29, 0x45, 0x29, 0x86, 0x29, 0xa7, 0x31, 0xa7, 0x31,
    0x86, 0x31, 0x86, 0x31, 0xa7, 0x31, 0xa7, 0x31, 0x86, 0x31, 0x04, 0x21,
    0xc3, 0x18, 0xc3, 0x18, 0xe4, 0x18, 0xe4, 0x18, 0x04, 0x21, 0x04, 0x21,
    0xc3, 0x18, 0xa3, 0x10, 0xa3, 0x10, 0xa2, 0x10, 0xa3, 0x10, 0xc3, 0x10,
    0xc3, 0x18, 0xa3, 0x18, 0xa2, 0x10, 0xa2, 0x10, 0xa2, 0x10, 0xa2, 0x10,
    0xa3, 0x10, 0xa2, 0x10, 0x82, 0x10, 0x82, 0x10, 0x82, 0x10, 0x82, 0x10,
    0x82, 0x10, 0x82, 0x10, 0x62, 0x10, 0x41, 0x08, 0x86, 0x31, 0x86, 0x31,
    0x86, 0x31, 0x86, 0x31, 0xe8, 0x41, 0x29, 0x42, 0xe8, 0x39, 0xc7, 0x39,
    0xa7, 0x39, 0xe8, 0x39, 0x08, 0x42, 0xe7, 0x39, 0xe8, 0x39, 0xe8, 0x39,
    0x29, 0x42, 0x08, 0x42, 0xc7, 0x39, 0xc7, 0x39, 0xc7, 0x31, 0x08, 0x42,
    0x29, 0x42, 0x29, 0x42, 0x08, 0x42, 0xc7, 0x31, 0xa7, 0x31, 0x87, 0x31,
    0xa7, 0x31, 0xc7, 0x39, 0xc7, 0x39, 0xe8, 0x39, 0x08, 0x3a, 0x49, 0x4a,
    0xab, 0x52, 0xab, 0x52, 0xab, 0x52, 0x8a, 0x52, 0x6a, 0x4a, 0x8a, 0x52,
    0x6a, 0x4a, 0x6a, 0x4a, 0x08, 0x42, 0xe8, 0x39, 0x08, 0x3a, 0x29, 0x42,
    0x29, 0x42, 0x29, 0x42, 0x49, 0x4a, 0x69, 0x4a, 0x6a, 0x4a, 0xab, 0x52,
    0xab, 0x52, 0x6a, 0x4a, 0x49, 0x4a, 0x49, 0x4a, 0x8a, 0x52, 0xcb, 0x5a,
    0xec, 0x5a, 0xec, 0x5a, 0x0c, 0x5b, 0xec, 0x5a, 0xcb, 0x5a, 0xec, 0x5a,
    0xec, 0x5a, 0x0c, 0x5b, 0x0c, 0x5b, 0xeb, 0x5a, 0xeb, 0x5a, 0x0c, 0x5b,
    0x0c, 0x5b, 0x0c, 0x5b, 0x0c, 0x5b, 0x0c, 0x63, 0x2d, 0x63, 0x4d, 0x6b,
    0x6e, 0x6b, 0x8e, 0x73, 0x8f, 0x6b, 0xaf, 0x73, 0xd0, 0x7b, 0xf1, 0x7b,
    0xf0, 0x7b, 0x11, 0x7c, 0xf0, 0x7b, 0x11, 0x7c, 0x10, 0x7c, 0x11, 0x84,
    0x52, 0x8c, 0x93, 0x8c, 0x71, 0x8c, 0x10, 0x84, 0x72, 0x8c, 0x72, 0x8c,
    0x92, 0x94, 0xb2, 0x94, 0x72, 0x8c, 0x51, 0x8c, 0x31, 0x84, 0xef, 0x7b,
    0xae, 0x73, 0x4d, 0x6b, 0x2d, 0x6b, 0xec, 0x5a, 0xeb, 0x62, 0xeb, 0x5a,
    0xeb, 0x5a, 0xec, 0x5a, 0xcb, 0x5a, 0xab, 0x52, 0xcb, 0x5a, 0xcb, 0x5a,
    0xcb, 0x5a, 0xcb, 0x5a, 0xcb, 0x5a, 0xcb, 0x5a, 0xcb, 0x5a, 0xeb, 0x5a,
    0xeb, 0x5a, 0xec, 0x5a, 0x0c, 0x63, 0x0b, 0x63, 0xec, 0x62, 0xec, 0x62,
    0x0c, 0x63, 0x0c, 0x63, 0x4d, 0x6b, 0x2c, 0x63, 0x2d, 0x6b, 0x6e, 0x73,
    0xaf, 0x7b, 0x30, 0x84, 0x31, 0x84, 0x72, 0x8c, 0x51, 0x8c, 0x31, 0x84,
    0xef, 0x7b, 0x10, 0x84, 0x31, 0x84, 0x30, 0x84, 0x31, 0x84, 0x72, 0x8c,
    0x92, 0x94, 0x92, 0x94, 0x92, 0x94, 0xb3, 0x94, 0xb3, 0x94, 0xb3, 0x94,
    0xb3, 0x94, 0xb3, 0x94, 0xb3, 0x9c, 0xd3, 0x94, 0xd3, 0x9c, 0xf3, 0x9c,
    0xd3, 0x9c, 0xd3, 0x9c, 0xb3, 0x94, 0x72, 0x8c, 0x31, 0x8c, 0x51, 0x8c,
    0x72, 0x8c, 0x51, 0x8c, 0x31, 0x84, 0x10, 0x84, 0x10, 0x84, 0x10, 0x84,
    0x10, 0x84, 0x10, 0x84, 0xef, 0x7b, 0xef, 0x7b, 0xcf, 0x7b, 0xaf, 0x73,
    0x8e, 0x73, 0x6e, 0x73, 0x8e, 0x6b, 0x6e, 0x6b, 0x8e, 0x73, 0xaf, 0x7b,
    0xaf, 0x73, 0x4d, 0x6b, 0x2d, 0x63, 0x2d, 0x63, 0x2d, 0x63, 0x6e, 0x6b,
    0x6e, 0x6b, 0x2d, 0x63, 0x0c, 0x63, 0xec, 0x5a, 0xec, 0x5a, 0x0c, 0x63,
    0x2d, 0x63, 0x6e, 0x6b, 0x6d, 0x6b, 0x2d, 0x63, 0x2d, 0x63, 0x4d, 0x6b,
    0x6d, 0x6b, 0x4d, 0x6b, 0x2d, 0x63, 0x0c, 0x63, 0x2d, 0x63, 0x4d, 0x6b,
    0x4d, 0x63, 0x4d, 0x6b, 0x4d, 0x6b, 0x4e, 0x6b, 0x4d, 0x6b, 0x4d, 0x6b,
    0x6e, 0x6b, 0x8e, 0x73, 0x6e, 0x6b, 0x8e, 0x73, 0x6e, 0x6b, 0x4d, 0x6b,
    0x6e, 0x6b, 0x6e, 0x6b, 0x4d, 0x6b, 0x4e, 0x6b, 0x4e, 0x6b, 0x4d, 0x6b,
    0x2d, 0x63, 0x2d, 0x63, 0x2d, 0x63, 0x2d, 0x63, 0x2d, 0x63, 0x0d, 0x63,
    0x0c, 0x63, 0xec, 0x62, 0xec, 0x5a, 0xcb, 0x52, 0xab, 0x52, 0xcb, 0x5a,
    0x0c, 0x63, 0x0c, 0x63, 0x0c, 0x63, 0x0c, 0x5b, 0xec, 0x5a, 0xcb, 0x5a,
    0xab, 0x52, 0x6a, 0x4a, 0x49, 0x4a, 0x29, 0x42, 0x08, 0x42, 0x49, 0x4a,
    0x8a, 0x52, 0x8a, 0x52, 0x69, 0x4a, 0x49, 0x4a, 0x29, 0x42, 0x49, 0x4a,
    0x28, 0x42, 0x08, 0x42, 0x29, 0x42, 0x08, 0x42, 0xc7, 0x39, 0xc7, 0x39,
    0x66, 0x29, 0x25, 0x21, 0x04, 0x21, 0x24, 0x21, 0x25, 0x21, 0x25, 0x21,
    0x04, 0x21, 0x04, 0x21, 0x25, 0x21, 0x86, 0x31, 0xe8, 0x39, 0xe8, 0x39,
    0xc7, 0x39, 0xc7, 0x39, 0xe8, 0x41, 0x08, 0x42, 0x08, 0x42, 0x29, 0x42,
    0x6a, 0x4a, 0x6a, 0x4a, 0x29, 0x4a, 0xe8, 0x39, 0xc7, 0x39, 0xc7, 0x31,
    0xa7, 0x31, 0x86, 0x31, 0x45, 0x21, 0x45, 0x29, 0x86, 0x29, 0x86, 0x31,
    0x86, 0x31, 0x87, 0x31, 0xa7, 0x31, 0xa7, 0x31, 0xa7, 0x31, 0xa7, 0x31,
    0x66, 0x29, 0xe4, 0x18, 0xe4, 0x20, 0x04, 0x21, 0x04, 0x21, 0x04, 0x21,
    0x04, 0x21, 0xe4, 0x18, 0xc3, 0x18, 0xc3, 0x10, 0xc3, 0x18, 0xa3, 0x10,
    0xa3, 0x10, 0xa3, 0x10, 0xa2, 0x10, 0xa2, 0x10, 0xa2, 0x10, 0xa2, 0x10,
    0xa3, 0x18, 0xa3, 0x10, 0xa3, 0x18, 0xa3, 0x10, 0xa3, 0x10, 0xa2, 0x10,
    0xa2, 0x10, 0xc3, 0x18, 0xc3, 0x18, 0xc3, 0x18, 0xa3, 0x10, 0x41, 0x08,
    0xa7, 0x31, 0xc7, 0x39, 0xc7, 0x39, 0xe8, 0x39, 0x29, 0x42, 0x29, 0x42,
    0x28, 0x42, 0xe8, 0x41, 0xc7, 0x39, 0xc7, 0x39, 0xe8, 0x39, 0xe8, 0x41,
    0x29, 0x42, 0x29, 0x42, 0x49, 0x4a, 0x29, 0x4a, 0x08, 0x3a, 0xc8, 0x39,
    0xe8, 0x39, 0x08, 0x42, 0x29, 0x42, 0x29, 0x42, 0xe8, 0x39, 0xe8, 0x39,
    0xc7, 0x39, 0xa7, 0x31, 0xc7, 0x39, 0xc8, 0x39, 0xc7, 0x39, 0x08, 0x42,
    0x6a, 0x4a, 0x8a, 0x52, 0x8a, 0x52, 0x8a, 0x52, 0x8a, 0x52, 0xab, 0x52,
    0xab, 0x52, 0xcb, 0x5a, 0xcb, 0x5a, 0xab, 0x52, 0x49, 0x4a, 0x29, 0x42,
    0x29, 0x4a, 0x49, 0x4a, 0x49, 0x4a, 0x08, 0x42, 0x29, 0x42, 0x08, 0x42,
    0x08, 0x42, 0x49, 0x4a, 0xab, 0x52, 0xec, 0x5a, 0xec, 0x5a, 0xec, 0x5a,
    0x0c, 0x5b, 0x0c, 0x5b, 0x0c, 0x5b, 0x0d, 0x63, 0x2c, 0x5b, 0x2c, 0x63,
    0x0c, 0x5b, 0xec, 0x5a, 0xec, 0x5a, 0xec, 0x5a, 0xeb, 0x5a, 0xcb, 0x5a,
    0xab, 0x52, 0xcb, 0x52, 0xec, 0x5a, 0x0c, 0x63, 0x2d, 0x63, 0x4e, 0x6b,
    0x6e, 0x6b, 0x6e, 0x6b, 0x6e, 0x6b, 0x8f, 0x73, 0xaf, 0x73, 0xf0, 0x7b,
    0x11, 0x7c, 0x11, 0x7c, 0x11, 0x7c, 0x10, 0x7c, 0x11, 0x84, 0x31, 0x84,
    0x31, 0x84, 0x52, 0x84, 0x72, 0x8c, 0x93, 0x94, 0x72, 0x8c, 0x72, 0x8c,
    0x92, 0x94, 0x92, 0x94, 0x72, 0x8c, 0x51, 0x8c, 0x31, 0x84, 0x31, 0x84,
    0x30, 0x84, 0xcf, 0x7b, 0x6e, 0x6b, 0x2d, 0x6b, 0xec, 0x62, 0xcb, 0x5a,
    0xcb, 0x5a, 0xcb, 0x5a, 0xcb, 0x5a, 0xcb, 0x5a, 0xab, 0x52, 0xab, 0x52,
    0xcb, 0x5a, 0xcb, 0x5a, 0xcb, 0x52, 0xcb, 0x52, 0xcb, 0x5a, 0xab, 0x52,
    0xcb, 0x5a, 0xcb, 0x5a, 0xeb, 0x5a, 0xeb, 0x5a, 0xeb, 0x5a, 0xeb, 0x5a,
    0xcb, 0x5a, 0xeb, 0x5a, 0xec, 0x62, 0x2d, 0x6b, 0x6d, 0x6b, 0x4d, 0x6b,
    0x8e, 0x73, 0x8e, 0x73, 0xcf, 0x7b, 0x51, 0x8c, 0x31, 0x84, 0x71, 0x8c,
    0x51, 0x8c, 0x31, 0x84, 0x51, 0x8c, 0x72, 0x8c, 0x72, 0x8c, 0x51, 0x8c,
    0x51, 0x8c, 0x71, 0x8c, 0x72, 0x8c, 0x92, 0x94, 0x72, 0x8c, 0x92, 0x94,
    0x92, 0x94, 0x92, 0x94, 0x92, 0x94, 0x92, 0x94, 0xb2, 0x94, 0xb2, 0x94,
    0xb3, 0x94, 0xb3, 0x94, 0xb3, 0x94, 0xb2, 0x94, 0x92, 0x94, 0x51, 0x8c,
    0x30, 0x84, 0x30, 0x84, 0x72, 0x8c, 0x31, 0x84, 0x10, 0x84, 0x10, 0x84,
    0x10, 0x84, 0x10, 0x7c, 0x10, 0x84, 0x10, 0x84, 0xf0, 0x7b, 0xaf, 0x7b,
    0xaf, 0x73, 0x8e, 0x73, 0x6e, 0x6b, 0x6d, 0x6b, 0x8e, 0x73, 0x4e, 0x6b,
    0x8e, 0x73, 0xaf, 0x73, 0xaf, 0x73, 0x8e, 0x73, 0x8e, 0x73, 0x4d, 0x6b,
    0x4d, 0x6b, 0x4d, 0x6b, 0x4d, 0x6b, 0x0c, 0x63, 0x0c, 0x63, 0x0c, 0x63,
    0xec, 0x5a, 0x0c, 0x63, 0x4d, 0x6b, 0x6e, 0x6b, 0x6d, 0x6b, 0x4d, 0x6b,
    0x2d, 0x63, 0x4d, 0x6b, 0x4d, 0x63, 0x0d, 0x63, 0x0c, 0x63, 0x0c, 0x63,
    0x0c, 0x63, 0x0d, 0x63, 0x2d, 0x63, 0x2d, 0x63, 0x4d, 0x63, 0x4d, 0x6b,
    0x4d, 0x6b, 0x4d, 0x6b, 0x6e, 0x6b, 0x6e, 0x6b, 0x6e, 0x6b, 0x6e, 0x6b,
    0x6d, 0x6b, 0x6d, 0x6b, 0x4d, 0x6b, 0x4e, 0x6b, 0x6e, 0x6b, 0x6e, 0x6b,
    0x6d, 0x6b, 0x4d, 0x6b, 0x4d, 0x6b, 0x4d, 0x6b, 0x4d, 0x6b, 0x4d, 0x6b,
    0x4e, 0x6b, 0x4d, 0x6b, 0x2d, 0x63, 0x2c, 0x63, 0x0c, 0x63, 0x0c, 0x63,
    0x0c, 0x63, 0x0c, 0x63, 0x2d, 0x63, 0x2d, 0x63, 0x2c, 0x63, 0x0c, 0x63,
    0x0d, 0x63, 0x0c, 0x63, 0xcb, 0x5a, 0xab, 0x52, 0xab, 0x52, 0xab, 0x52,
    0xab, 0x52, 0xcb, 0x5a, 0xec, 0x62, 0xec, 0x5a, 0xab, 0x5a, 0x8a, 0x52,
    0x8a, 0x52, 0x8a, 0x52, 0x6a, 0x4a, 0x6a, 0x4a, 0x6a, 0x4a, 0x49, 0x42,
    0x09, 0x42, 0x29, 0x42, 0xc7, 0x39, 0x86, 0x31, 0x86, 0x29, 0x87, 0x31,
    0x86, 0x31, 0x86, 0x31, 0x86, 0x29, 0x86, 0x31, 0xa7, 0x31, 0xe8, 0x41,
    0x08, 0x42, 0x08, 0x42, 0x08, 0x42, 0x08, 0x42, 0x29, 0x42, 0x29, 0x42,
    0x29, 0x42, 0x29, 0x42, 0x6a, 0x4a, 0x6a, 0x4a, 0x49, 0x4a, 0x08, 0x42,
    0xe8, 0x39, 0xe8, 0x39, 0xc7, 0x39, 0x86, 0x31, 0x86, 0x31, 0xa7, 0x31,
    0xc7, 0x39, 0xe8, 0x39, 0xc7, 0x39, 0xe7, 0x39, 0x08, 0x42, 0xe8, 0x39,
    0xc7, 0x39, 0xc7, 0x39, 0xa6, 0x31, 0x45, 0x29, 0x66, 0x29, 0x66, 0x29,
    0x85, 0x29, 0x65, 0x29, 0x25, 0x21, 0x04, 0x21, 0x04, 0x21, 0xe4, 0x18,
    0xc3, 0x18, 0xe4, 0x18, 0xc3, 0x18, 0xc3, 0x18, 0xc3, 0x18, 0xc3, 0x18,
    0xc3, 0x18, 0xc3, 0x18, 0xc3, 0x18, 0xe3, 0x18, 0xe3, 0x18, 0xc3, 0x18,
    0xe3, 0x18, 0x04, 0x21, 0x24, 0x21, 0x45, 0x29, 0x66, 0x29, 0x65, 0x29,
    0x25, 0x21, 0x62, 0x10, 0xa7, 0x31, 0xc7, 0x39, 0xe7, 0x39, 0x08, 0x42,
    0x49, 0x42, 0x08, 0x42, 0x08, 0x42, 0xe8, 0x39, 0xe7, 0x39, 0xc7, 0x39,
    0xe8, 0x39, 0x28, 0x42, 0x49, 0x4a, 0x8a, 0x52, 0x8a, 0x52, 0x6a, 0x4a,
    0x29, 0x42, 0x08, 0x42, 0x08, 0x42, 0x08, 0x42, 0x49, 0x4a, 0x29, 0x42,
    0x08, 0x42, 0xe8, 0x41, 0xe8, 0x39, 0xe8, 0x39, 0x08, 0x42, 0xe7, 0x39,
    0xe8, 0x39, 0x29, 0x42, 0x8a, 0x52, 0x8a, 0x52, 0x8a, 0x52, 0x8a, 0x52,
    0xab, 0x52, 0xab, 0x52, 0xcb, 0x5a, 0x0c, 0x63, 0xec, 0x62, 0xcb, 0x5a,
    0x8a, 0x52, 0x49, 0x4a, 0x29, 0x42, 0x6a, 0x4a, 0x8a, 0x52, 0x8a, 0x52,
    0x6a, 0x4a, 0x6a, 0x4a, 0x49, 0x4a, 0xaa, 0x52, 0xec, 0x5a, 0x2d, 0x63,
    0x4d, 0x6b, 0x4d, 0x63, 0x2d, 0x63, 0x2d, 0x63, 0x2d, 0x63, 0x0d, 0x63,
    0x2d, 0x63, 0x2d, 0x63, 0x0c, 0x63, 0xec, 0x5a, 0xeb, 0x5a, 0xec, 0x5a,
    0xeb, 0x5a, 0xcb, 0x52, 0xcb, 0x52, 0xcb, 0x5a, 0x0c, 0x5b, 0x4d, 0x6b,
    0x6e, 0x6b, 0x8f, 0x6b, 0x8f, 0x73, 0x8e, 0x6b, 0x8e, 0x6b, 0xaf, 0x73,
    0xf0, 0x7b, 0x11, 0x7c, 0x32, 0x84, 0x31, 0x7c, 0x11, 0x7c, 0x11, 0x7c,
    0x11, 0x84, 0x31, 0x84, 0x52, 0x8c, 0x52, 0x8c, 0x72, 0x8c, 0x93, 0x94,
    0x72, 0x8c, 0x72, 0x8c, 0x92, 0x94, 0x72, 0x8c, 0x31, 0x84, 0x10, 0x84,
    0xf0, 0x7b, 0x10, 0x84, 0xf0, 0x7b, 0xaf, 0x73, 0x6d, 0x6b, 0x4d, 0x6b,
    0xeb, 0x62, 0xcb, 0x5a, 0xeb, 0x5a, 0xcb, 0x5a, 0xab, 0x52, 0xab, 0x52,
    0x8a, 0x52, 0xab, 0x52, 0xcb, 0x52, 0xab, 0x52, 0xaa, 0x52, 0xab, 0x52,
    0xaa, 0x5a, 0xaa, 0x52, 0xab, 0x52, 0xcb, 0x52, 0xcb, 0x5a, 0xcb, 0x5a,
    0xcb, 0x5a, 0xcb, 0x5a, 0xcb, 0x5a, 0xcb, 0x5a, 0xec, 0x5a, 0x4d, 0x6b,
    0x6e, 0x6b, 0x4d, 0x6b, 0x6d, 0x6b, 0x8e, 0x73, 0xf0, 0x7b, 0x51, 0x8c,
    0x31, 0x84, 0x51, 0x8c, 0x72, 0x8c, 0x51, 0x8c, 0x51, 0x8c, 0x72, 0x8c,
    0x72, 0x8c, 0x72, 0x8c, 0xb2, 0x94, 0xb3, 0x94, 0x92, 0x94, 0x92, 0x94,
    0x72, 0x8c, 0x72, 0x8c, 0x92, 0x94, 0x72, 0x8c, 0x92, 0x94, 0x92, 0x94,
    0x92, 0x94, 0xb2, 0x94, 0xb3, 0x94, 0x92, 0x94, 0x72, 0x8c, 0x52, 0x8c,
    0x31, 0x84, 0x30, 0x84, 0x10, 0x84, 0x31, 0x84, 0x72, 0x8c, 0x31, 0x84,
    0xf0, 0x7b, 0x10, 0x84, 0x10, 0x7c, 0xf0, 0x7b, 0xf0, 0x7b, 0xcf, 0x7b,
    0xaf, 0x73, 0x8e, 0x73, 0x8e, 0x73, 0x8e, 0x73, 0x8e, 0x73, 0x8e, 0x73,
    0x8e, 0x73, 0x8e, 0x6b, 0x6e, 0x6b, 0x6e, 0x6b, 0x8e, 0x73, 0xae, 0x73,
    0xaf, 0x73, 0x8e, 0x73, 0x8e, 0x73, 0x8e, 0x73, 0x4d, 0x6b, 0x0c, 0x5b,
    0x0c, 0x5b, 0x0c, 0x63, 0x0c, 0x63, 0x0c, 0x63, 0x4d, 0x6b, 0x6e, 0x6b,
    0x6e, 0x6b, 0x4d, 0x6b, 0x2d, 0x63, 0x2c, 0x63, 0x0c, 0x63, 0xec, 0x5a,
    0x0c, 0x5b, 0x0c, 0x63, 0x0c, 0x63, 0x0c, 0x63, 0x0c, 0x63, 0x2d, 0x63,
    0x2d, 0x63, 0x2d, 0x63, 0x2d, 0x63, 0x4d, 0x6b, 0x4e, 0x6b, 0x6d, 0x6b,
    0x4d, 0x6b, 0x4d, 0x6b, 0x4d, 0x6b, 0x6e, 0x6b, 0x6e, 0x6b, 0x6d, 0x6b,
    0x6e, 0x73, 0x6e, 0x73, 0x6e, 0x6b, 0x6e, 0x6b, 0x6e, 0x6b, 0x6e, 0x6b,
    0x6d, 0x6b, 0x6e, 0x6b, 0x6e, 0x6b, 0x4e, 0x6b, 0x4d, 0x6b, 0x2d, 0x63,
    0x2d, 0x63, 0x2d, 0x63, 0x2d, 0x63, 0x2d, 0x63, 0x2d, 0x63, 0x4d, 0x6b,
    0x2d, 0x6b, 0x2d, 0x63, 0x4d, 0x6b, 0x2d, 0x63, 0x2d, 0x63, 0x0c, 0x63,
    0xec, 0x5a, 0x0c, 0x63, 0x0c, 0x63, 0x0c, 0x63, 0x2d, 0x63, 0x4d, 0x6b,
    0x2d, 0x63, 0xec, 0x5a, 0xec, 0x5a, 0xcb, 0x5a, 0xab, 0x52, 0x8a, 0x52,
    0xab, 0x52, 0x6a, 0x52, 0x6a, 0x4a, 0x8a, 0x52, 0x29, 0x42, 0x08, 0x42,
    0x08, 0x42, 0x08, 0x42, 0x08, 0x42, 0xe8, 0x39, 0xe8, 0x39, 0x08, 0x42,
    0x29, 0x42, 0x49, 0x4a, 0x29, 0x42, 0x29, 0x42, 0x49, 0x4a, 0x6a, 0x4a,
    0x6a, 0x4a, 0x6a, 0x4a, 0x6a, 0x4a, 0x69, 0x52, 0x6a, 0x4a, 0x8a, 0x52,
    0x69, 0x4a, 0x29, 0x42, 0x29, 0x42, 0x28, 0x42, 0x08, 0x42, 0xe8, 0x39,
    0xe8, 0x39, 0x08, 0x42, 0x29, 0x42, 0x29, 0x42, 0x08, 0x42, 0x08, 0x42,
    0x28, 0x42, 0x08, 0x42, 0x08, 0x42, 0x08, 0x42, 0xc7, 0x39, 0xa7, 0x31,
    0xa7, 0x31, 0xc7, 0x39, 0xc7, 0x39, 0x87, 0x31, 0x45, 0x29, 0x45, 0x21,
    0x25, 0x21, 0x04, 0x21, 0x04, 0x21, 0x04, 0x21, 0x04, 0x21, 0x04, 0x21,
    0x04, 0x21, 0x04, 0x21, 0x25, 0x21, 0x04, 0x21, 0x04, 0x21, 0x25, 0x21,
    0x24, 0x21, 0x24, 0x21, 0x45, 0x29, 0x66, 0x29, 0xa7, 0x31, 0xc7, 0x39,
    0xc7, 0x39, 0xc7, 0x39, 0xc7, 0x31, 0xa3, 0x10, 0xa7, 0x31, 0xa7, 0x31,
    0xe8, 0x39, 0x29, 0x42, 0x29, 0x4a, 0x08, 0x42, 0x08, 0x42, 0xe8, 0x39,
    0xe8, 0x39, 0xc7, 0x39, 0x08, 0x42, 0x29, 0x42, 0x49, 0x4a, 0xab, 0x52,
    0xaa, 0x52, 0x8a, 0x52, 0x49, 0x4a, 0x49, 0x42, 0x29, 0x42, 0x49, 0x4a,
    0x6a, 0x4a, 0x49, 0x4a, 0x29, 0x42, 0x08, 0x3a, 0xe8, 0x39, 0x08, 0x42,
    0x28, 0x42, 0x08, 0x42, 0x49, 0x42, 0x6a, 0x4a, 0x8a, 0x52, 0x8a, 0x52,
    0xab, 0x52, 0xcb, 0x52, 0xcb, 0x5a, 0xcb, 0x5a, 0xec, 0x5a, 0x0c, 0x63,
    0xec, 0x5a, 0xec, 0x5a, 0xab, 0x52, 0x8a, 0x52, 0xaa, 0x52, 0xcb, 0x5a,
    0x0c, 0x5b, 0x0c, 0x63, 0xec, 0x5a, 0x8a, 0x52, 0x8a, 0x52, 0xcc, 0x5a,
    0x2d, 0x63, 0x2d, 0x63, 0x2d, 0x63, 0x4d, 0x6b, 0x0d, 0x63, 0x0c, 0x5b,
    0xec, 0x5a, 0x0c, 0x5b, 0x2d, 0x63, 0x2d, 0x63, 0x2c, 0x63, 0x0c, 0x5b,
    0xec, 0x5a, 0xec, 0x5a, 0x0c, 0x5b, 0x0c, 0x5b, 0x0c, 0x63, 0x2d, 0x63,
    0x2d, 0x63, 0x4e, 0x6b, 0x8e, 0x6b, 0x8f, 0x73, 0xb0, 0x73, 0xaf, 0x73,
    0x8f, 0x6b, 0xaf, 0x73, 0xf0, 0x7b, 0x11, 0x7c, 0x31, 0x84, 0x31, 0x7c,
    0x10, 0x7c, 0x11, 0x84, 0x31, 0x84, 0x31, 0x84, 0x31, 0x84, 0x51, 0x8c,
    0x72, 0x8c, 0x72, 0x8c, 0x72, 0x94, 0x71, 0x8c, 0x71, 0x8c, 0x31, 0x84,
    0xcf, 0x7b, 0xaf, 0x73, 0xcf, 0x7b, 0xef, 0x7b, 0xf0, 0x7b, 0x8e, 0x73,
    0xae, 0x73, 0x8e, 0x73, 0x0c, 0x63, 0xeb, 0x5a, 0xec, 0x5a, 0xcb, 0x5a,
    0xaa, 0x52, 0xaa, 0x52, 0x8a, 0x52, 0xaa, 0x52, 0xaa, 0x52, 0xaa, 0x52,
    0xaa, 0x52, 0xaa, 0x52, 0xaa, 0x52, 0x8a, 0x52, 0xaa, 0x52, 0xaa, 0x52,
    0xab, 0x52, 0xaa, 0x52, 0xab, 0x52, 0xab, 0x52, 0xab, 0x5a, 0xcb, 0x5a,
    0x0c, 0x63, 0x2d, 0x63, 0x6d, 0x6b, 0x4d, 0x6b, 0x6d, 0x6b, 0x8e, 0x73,
    0xcf, 0x7b, 0x31, 0x84, 0x31, 0x84, 0x31, 0x8c, 0x31, 0x84, 0x31, 0x84,
    0x31, 0x84, 0x51, 0x8c, 0x92, 0x94, 0x92, 0x94, 0xb3, 0x94, 0xd3, 0x9c,
    0xd3, 0x9c, 0xd3, 0x9c, 0x92, 0x94, 0x51, 0x8c, 0x71, 0x8c, 0x52, 0x8c,
    0x51, 0x8c, 0x72, 0x8c, 0x72, 0x8c, 0x72, 0x8c, 0x92, 0x94, 0x72, 0x94,
    0x51, 0x8c, 0x51, 0x8c, 0x10, 0x84, 0x10, 0x84, 0x31, 0x84, 0x52, 0x8c,
    0x51, 0x8c, 0x30, 0x84, 0xf0, 0x7b, 0xef, 0x7b, 0xf0, 0x7b, 0xf0, 0x7b,
    0xcf, 0x7b, 0xaf, 0x73, 0xaf, 0x73, 0x8e, 0x73, 0x6e, 0x6b, 0x8e, 0x6b,
    0x8f, 0x73, 0x8f, 0x73, 0xaf, 0x73, 0x6e, 0x73, 0x4d, 0x6b, 0x4d, 0x6b,
    0x8e, 0x73, 0x8e, 0x73, 0x6e, 0x6b, 0x6e, 0x6b, 0x8e, 0x6b, 0x8e, 0x73,
    0x4d, 0x6b, 0x0c, 0x63, 0xcc, 0x5a, 0xec, 0x5a, 0x0c, 0x63, 0x0c, 0x63,
    0x2d, 0x63, 0x6e, 0x6b, 0x6d, 0x6b, 0x2c, 0x63, 0xec, 0x5a, 0xec, 0x5a,
    0xcb, 0x5a, 0xcb, 0x5a, 0xec, 0x5a, 0x0c, 0x63, 0x0c, 0x63, 0x0c, 0x63,
    0x0c, 0x63, 0x0c, 0x63, 0x2d, 0x63, 0x2c, 0x63, 0x0d, 0x63, 0x4d, 0x63,
    0x4d, 0x6b, 0x4d, 0x6b, 0x2d, 0x63, 0x4d, 0x6b, 0x4e, 0x6b, 0x6e, 0x73,
    0x6e, 0x6b, 0x6e, 0x6b, 0x6e, 0x73, 0x8e, 0x6b, 0x6e, 0x6b, 0x6e, 0x73,
    0x6e, 0x6b, 0x6e, 0x6b, 0x6d, 0x6b, 0x6e, 0x6b, 0x6d, 0x6b, 0x4d, 0x6b,
    0x4e, 0x6b, 0x2d, 0x63, 0x2d, 0x6b, 0x2d, 0x6b, 0x4d, 0x6b, 0x2d, 0x6b,
    0x4d, 0x6b, 0x4d, 0x6b, 0x4e, 0x6b, 0x4e, 0x6b, 0x4e, 0x6b, 0x4d, 0x6b,
    0x2d, 0x63, 0x2d, 0x63, 0x0d, 0x63, 0x2d, 0x63, 0x0c, 0x63, 0x0c, 0x63,
    0x2d, 0x63, 0x4d, 0x63, 0x4d, 0x6b, 0x0c, 0x63, 0x0c, 0x5b, 0xec, 0x5a,
    0xec, 0x5a, 0xcb, 0x5a, 0xab, 0x52, 0xaa, 0x52, 0xab, 0x52, 0xcb, 0x5a,
    0x6a, 0x4a, 0x6a, 0x4a, 0x6a, 0x4a, 0x49, 0x4a, 0x49, 0x42, 0x49, 0x4a,
    0x6a, 0x4a, 0x8a, 0x52, 0x8a, 0x52, 0x8a, 0x52, 0x49, 0x4a, 0x49, 0x42,
    0x6a, 0x4a, 0x8a, 0x52, 0xaa, 0x52, 0xaa, 0x52, 0x8a, 0x52, 0x8a, 0x52,
    0x8a, 0x52, 0x6a, 0x4a, 0x6a, 0x4a, 0x6a, 0x4a, 0x6a, 0x52, 0x49, 0x4a,
    0x29, 0x42, 0x29, 0x42, 0x29, 0x42, 0x28, 0x42, 0x29, 0x42, 0x29, 0x4a,
    0x29, 0x42, 0x29, 0x42, 0x29, 0x42, 0x08, 0x42, 0x08, 0x42, 0x08, 0x42,
    0xe8, 0x39, 0xa7, 0x31, 0xc7, 0x39, 0xe8, 0x39, 0xe8, 0x39, 0xa7, 0x31,
    0x45, 0x29, 0x45, 0x29, 0x45, 0x29, 0x45, 0x21, 0x45, 0x29, 0x25, 0x21,
    0x45, 0x29, 0x45, 0x29, 0x45, 0x21, 0x45, 0x29, 0x46, 0x29, 0x45, 0x29,
    0x46, 0x29, 0x66, 0x29, 0x45, 0x29, 0x66, 0x29, 0x86, 0x31, 0xc7, 0x39,
    0xe8, 0x39, 0x08, 0x3a, 0x08, 0x42, 0x08, 0x42, 0xe8, 0x39, 0xc3, 0x18,
    0x86, 0x31, 0xa7, 0x31, 0xc7, 0x39, 0x29, 0x42, 0x08, 0x42, 0x08, 0x42,
    0x08, 0x3a, 0xc8, 0x39, 0xc7, 0x39, 0xa7, 0x31, 0x29, 0x42, 0x29, 0x42,
    0x29, 0x4a, 0x8a, 0x52, 0xab, 0x52, 0x8a, 0x52, 0x6a, 0x4a, 0x49, 0x4a,
    0x29, 0x42, 0x49, 0x4a, 0x6a, 0x4a, 0x49, 0x4a, 0x49, 0x4a, 0x08, 0x42,
    0x28, 0x42, 0x49, 0x4a, 0x49, 0x4a, 0x49, 0x4a, 0x6a, 0x4a, 0x6a, 0x4a,
    0x8a, 0x52, 0x8a, 0x52, 0xcb, 0x5a, 0xec, 0x5a, 0xec, 0x5a, 0xec, 0x5a,
    0x0c, 0x63, 0x0c, 0x63, 0x0c, 0x63, 0xec, 0x5a, 0x0c, 0x5b, 0xec, 0x5a,
    0xec, 0x5a, 0x2d, 0x63, 0x2d, 0x63, 0x4d, 0x63, 0x4e, 0x6b, 0x2d, 0x63,
    0x0c, 0x63, 0x2d, 0x63, 0x4d, 0x6b, 0x4d, 0x63, 0x2d, 0x63, 0x4d, 0x63,
    0xec, 0x5a, 0xab, 0x52, 0xaa, 0x52, 0xcb, 0x5a, 0x0c, 0x5b, 0x4d, 0x63,
    0x2d, 0x63, 0x2c, 0x63, 0x0c, 0x63, 0x2c, 0x63, 0x2d, 0x63, 0x2d, 0x63,
    0x4d, 0x6b, 0x4e, 0x6b, 0x2d, 0x63, 0x6e, 0x6b, 0x8f, 0x73, 0xaf, 0x73,
    0xd0, 0x7b, 0xd0, 0x73, 0x8f, 0x73, 0xaf, 0x73, 0xf0, 0x7b, 0x11, 0x7c,
    0x31, 0x84, 0x11, 0x84, 0x11, 0x7c, 0x11, 0x7c, 0x31, 0x84, 0x11, 0x84,
    0x10, 0x7c, 0x31, 0x84, 0x51, 0x8c, 0x51, 0x8c, 0x51, 0x8c, 0x31, 0x84,
    0x31, 0x84, 0xaf, 0x7b, 0x8e, 0x73, 0x6e, 0x73, 0x8e, 0x73, 0xcf, 0x7b,
    0xcf, 0x7b, 0x6d, 0x73, 0xae, 0x73, 0x6e, 0x73, 0x4d, 0x6b, 0x0c, 0x63,
    0xec, 0x5a, 0xeb, 0x5a, 0xab, 0x52, 0x8a, 0x52, 0x8a, 0x52, 0x8a, 0x52,
    0x8a, 0x52, 0xab, 0x5a, 0x8a, 0x52, 0x8a, 0x52, 0x8a, 0x52, 0x6a, 0x4a,
    0x8a, 0x52, 0x8a, 0x52, 0xaa, 0x52, 0xab, 0x52, 0xaa, 0x52, 0x8a, 0x52,
    0x8a, 0x52, 0xaa, 0x5a, 0x0c, 0x63, 0x4d, 0x6b, 0x6e, 0x6b, 0x6e, 0x6b,
    0x6e, 0x6b, 0xae, 0x73, 0xcf, 0x7b, 0x10, 0x84, 0x10, 0x84, 0x10, 0x84,
    0x10, 0x7c, 0x10, 0x84, 0x51, 0x8c, 0x72, 0x8c, 0x92, 0x94, 0xb3, 0x94,
    0xb3, 0x94, 0xb3, 0x9c, 0xd3, 0x9c, 0xd3, 0x9c, 0xd3, 0x94, 0x72, 0x8c,
    0x51, 0x8c, 0x51, 0x8c, 0x31, 0x84, 0x31, 0x84, 0x51, 0x8c, 0x51, 0x8c,
    0x51, 0x8c, 0x51, 0x8c, 0x51, 0x8c, 0x31, 0x84, 0x10, 0x84, 0x10, 0x84,
    0x51, 0x8c, 0x51, 0x8c, 0x31, 0x84, 0x10, 0x84, 0xcf, 0x7b, 0xaf, 0x73,
    0xaf, 0x7b, 0xaf, 0x7b, 0xcf, 0x7b, 0x8e, 0x73, 0x6e, 0x6b, 0x8e, 0x73,
    0x6e, 0x6b, 0x8e, 0x6b, 0x8e, 0x73, 0x8e, 0x73, 0xae, 0x73, 0x8e, 0x73,
    0x4d, 0x6b, 0x4d, 0x6b, 0x4d, 0x6b, 0x4d, 0x6b, 0x2d, 0x63, 0x4d, 0x6b,
    0x4d, 0x6b, 0x2d, 0x63, 0x0d, 0x63, 0x0c, 0x63, 0xec, 0x5a, 0x0c, 0x63,
    0x0c, 0x63, 0x0c, 0x63, 0x2d, 0x63, 0x6d, 0x6b, 0x2d, 0x6b, 0xec, 0x62,
    0xcb, 0x5a, 0xcb, 0x5a, 0xab, 0x52, 0xcb, 0x5a, 0xcb, 0x5a, 0xec, 0x5a,
    0xec, 0x5a, 0xcc, 0x5a, 0xec, 0x5a, 0xec, 0x5a, 0x0c, 0x63, 0x0c, 0x63,
    0x2d, 0x63, 0x4d, 0x6b, 0x2d, 0x63, 0x2d, 0x63, 0x2d, 0x63, 0x4d, 0x6b,
    0x6e, 0x6b, 0x6e, 0x6b, 0x6d, 0x6b, 0x6e, 0x73, 0x8e, 0x73, 0x8e, 0x6b,
    0x8e, 0x73, 0x8e, 0x73, 0x8e, 0x73, 0x6e, 0x73, 0x6e, 0x6b, 0x6e, 0x73,
    0x6e, 0x6b, 0x4d, 0x6b, 0x4d, 0x6b, 0x4d, 0x6b, 0x2d, 0x63, 0x4d, 0x6b,
    0x4e, 0x6b, 0x4d, 0x6b, 0x4d, 0x6b, 0x4e, 0x63, 0x4d, 0x6b, 0x4d, 0x6b,
    0x4e, 0x6b, 0x4d, 0x6b, 0x2d, 0x63, 0x2d, 0x63, 0x2d, 0x63, 0x2d, 0x63,
    0x0c, 0x63, 0x0d, 0x63, 0x2d, 0x63, 0x2d, 0x63, 0x2d, 0x63, 0x0d, 0x63,
    0x0c, 0x63, 0x0c, 0x63, 0x0c, 0x63, 0xec, 0x5a, 0xab, 0x5a, 0xcb, 0x5a,
    0xcb, 0x5a, 0xcb, 0x5a, 0x8a, 0x52, 0x69, 0x4a, 0x49, 0x4a, 0x49, 0x4a,
    0x4a, 0x4a, 0x6a, 0x4a, 0x8a, 0x52, 0xab, 0x52, 0xab, 0x52, 0xab, 0x52,
    0x69, 0x4a, 0x69, 0x4a, 0x8a, 0x52, 0xab, 0x52, 0xcb, 0x5a, 0xab, 0x52,
    0xab, 0x52, 0x8b, 0x52, 0x8a, 0x52, 0x6a, 0x4a, 0x6a, 0x52, 0x8a, 0x52,
    0x6a, 0x4a, 0x49, 0x4a, 0x49, 0x42, 0x29, 0x42, 0x29, 0x4a, 0x28, 0x42,
    0x08, 0x42, 0x29, 0x42, 0x29, 0x42, 0x29, 0x42, 0x08, 0x42, 0xe8, 0x39,
    0xe8, 0x39, 0x08, 0x3a, 0xc7, 0x39, 0xa7, 0x31, 0xa7, 0x39, 0xc7, 0x39,
    0xc7, 0x39, 0x86, 0x31, 0x66, 0x29, 0x45, 0x29, 0x45, 0x29, 0x45, 0x29,
    0x45, 0x29, 0x46, 0x29, 0x66, 0x29, 0x66, 0x29, 0x86, 0x29, 0x86, 0x31,
    0x86, 0x29, 0x66, 0x29, 0x65, 0x29, 0x66, 0x29, 0x66, 0x29, 0x86, 0x31,
    0xc7, 0x39, 0x08, 0x42, 0x08, 0x42, 0x08, 0x3a, 0x08, 0x42, 0x08, 0x42,
    0xe8, 0x39, 0xc3, 0x18, 0x66, 0x29, 0xa6, 0x31, 0xc7, 0x39, 0xe8, 0x41,
    0x29, 0x42, 0x08, 0x3a, 0xe8, 0x41, 0xe8, 0x39, 0xe7, 0x39, 0xc7, 0x39,
    0x08, 0x42, 0x28, 0x42, 0x29, 0x42, 0x6a, 0x4a, 0xab, 0x52, 0xaa, 0x52,
    0x6a, 0x52, 0x49, 0x4a, 0x29, 0x42, 0x49, 0x4a, 0x6a, 0x4a, 0x49, 0x4a,
    0x49, 0x4a, 0x49, 0x4a, 0x49, 0x4a, 0x6a, 0x4a, 0x6a, 0x4a, 0x6a, 0x4a,
    0x6a, 0x4a, 0x6a, 0x52, 0x8a, 0x52, 0xcb, 0x5a, 0xec, 0x5a, 0xec, 0x5a,
    0xec, 0x5a, 0x0c, 0x63, 0x2d, 0x63, 0x4d, 0x63, 0x4d, 0x63, 0x2d, 0x63,
    0x2c, 0x63, 0x0c, 0x5b, 0x0c, 0x63, 0x4d, 0x63, 0x2d, 0x63, 0x4d, 0x6b,
    0x6e, 0x6b, 0x6e, 0x6b, 0x8e, 0x6b, 0x8e, 0x73, 0xaf, 0x73, 0x8e, 0x6b,
    0x8e, 0x73, 0x6e, 0x6b, 0x0c, 0x63, 0xeb, 0x5a, 0xcb, 0x52, 0x0c, 0x5b,
    0x2c, 0x63, 0x2d, 0x63, 0x2d, 0x63, 0x2d, 0x63, 0x2c, 0x63, 0x4d, 0x63,
    0x4e, 0x6b, 0x4d, 0x63, 0x4d, 0x63, 0x2d, 0x63, 0x2c, 0x63, 0x6e, 0x6b,
    0xaf, 0x73, 0xf0, 0x7b, 0xf1, 0x7b, 0xd0, 0x7b, 0xaf, 0x73, 0xcf, 0x7b,
    0x10, 0x7c, 0x31, 0x7c, 0x11, 0x7c, 0x10, 0x7c, 0x11, 0x7c, 0x31, 0x84,
    0x31, 0x84, 0x10, 0x84, 0x10, 0x7c, 0x10, 0x84, 0x31, 0x84, 0x10, 0x84,
    0x10, 0x7c, 0x51, 0x8c, 0xae, 0x73, 0x6d, 0x6b, 0x4d, 0x6b, 0x4d, 0x6b,
    0x8e, 0x6b, 0xaf, 0x73, 0xcf, 0x7b, 0x6d, 0x6b, 0x8e, 0x73, 0x6e, 0x6b,
    0x8e, 0x73, 0x4d, 0x6b, 0x0b, 0x5b, 0xcb, 0x5a, 0xaa, 0x52, 0x8a, 0x52,
    0x8a, 0x52, 0x8a, 0x52, 0x8a, 0x52, 0x8a, 0x52, 0x6a, 0x52, 0x6a, 0x52,
    0x69, 0x4a, 0x49, 0x4a, 0x6a, 0x52, 0x8a, 0x52, 0x8a, 0x52, 0xaa, 0x5a,
    0xaa, 0x5a, 0x8a, 0x52, 0x8a, 0x52, 0xcb, 0x5a, 0x2d, 0x63, 0x6d, 0x6b,
    0x8e, 0x73, 0x6e, 0x6b, 0x8e, 0x73, 0x8e, 0x73, 0xaf, 0x73, 0xf0, 0x7b,
    0x10, 0x84, 0x30, 0x84, 0x10, 0x84, 0x31, 0x84, 0x51, 0x8c, 0x71, 0x8c,
    0x72, 0x8c, 0x92, 0x94, 0xb3, 0x94, 0xb3, 0x94, 0xd3, 0x9c, 0xf4, 0x9c,
    0xd3, 0x9c, 0x92, 0x94, 0x30, 0x84, 0x30, 0x84, 0x31, 0x84, 0x31, 0x84,
    0x31, 0x84, 0x30, 0x84, 0x10, 0x84, 0x51, 0x84, 0x72, 0x8c, 0x31, 0x84,
    0x31, 0x84, 0x31, 0x84, 0x10, 0x84, 0xf0, 0x7b, 0xf0, 0x7b, 0xf0, 0x7b,
    0xcf, 0x7b, 0xaf, 0x73, 0x8e, 0x73, 0x8e, 0x73, 0x6e, 0x6b, 0x6d, 0x6b,
    0x6e, 0x6b, 0x6e, 0x73, 0x8e, 0x73, 0x8e, 0x73, 0x8e, 0x73, 0x6e, 0x6b,
    0x6d, 0x6b, 0x6d, 0x6b, 0x2d, 0x63, 0x2d, 0x63, 0x2d, 0x63, 0x2d, 0x63,
    0x0d, 0x63, 0x2d, 0x63, 0x4d, 0x6b, 0x0c, 0x63, 0x0c, 0x63, 0x0c, 0x63,
    0x0c, 0x63, 0x2d, 0x63, 0x2d, 0x63, 0x0c, 0x63, 0x4d, 0x63, 0x4d, 0x6b,
    0x0c, 0x63, 0xcb, 0x5a, 0xcb, 0x5a, 0xab, 0x52, 0xab, 0x52, 0xab, 0x52,
    0xcb, 0x5a, 0xec, 0x5a, 0xec, 0x5a, 0xcb, 0x5a, 0xcb, 0x5a, 0xec, 0x5a,
    0xec, 0x5a, 0x0c, 0x63, 0x0c, 0x63, 0x2d, 0x63, 0x0c, 0x63, 0x2c, 0x63,
    0x2d, 0x63, 0x4d, 0x6b, 0x6e, 0x6b, 0x8e, 0x73, 0x6d, 0x6b, 0x6d, 0x6b,
    0x6e, 0x73, 0x8e, 0x73, 0x8e, 0x73, 0x6e, 0x6b, 0x8e, 0x73, 0x8e, 0x73,
    0x8e, 0x73, 0x8e, 0x73, 0x6e, 0x6b, 0x6e, 0x6b, 0x6e, 0x6b, 0x4d, 0x6b,
    0x4d, 0x6b, 0x4d, 0x63, 0x4d, 0x6b, 0x4d, 0x63, 0x4d, 0x63, 0x4d, 0x6b,
    0x4d, 0x6b, 0x6e, 0x6b, 0x4e, 0x6b, 0x4d, 0x6b, 0x4d, 0x6b, 0x2d, 0x63,
    0x2d, 0x6b, 0x2d, 0x63, 0x2d, 0x63, 0x2d, 0x63, 0x2d, 0x6b, 0x2d, 0x6b,
    0x2d, 0x63, 0x0d, 0x63, 0xec, 0x62, 0x0c, 0x63, 0x0d, 0x63, 0x0c, 0x63,
    0xeb, 0x5a, 0xcc, 0x5a, 0xec, 0x5a, 0xab, 0x52, 0x8a, 0x52, 0x6a, 0x4a,
    0x6a, 0x4a, 0x6a, 0x4a, 0x6a, 0x4a, 0x8a, 0x52, 0xab, 0x52, 0xcb, 0x5a,
    0xcb, 0x5a, 0xab, 0x52, 0x8a, 0x52, 0x8a, 0x52, 0xab, 0x52, 0xcb, 0x5a,
    0xcb, 0x5a, 0xcb, 0x5a, 0xab, 0x52, 0xab, 0x52, 0x8a, 0x52, 0x8a, 0x52,
    0x8a, 0x4a, 0x8a, 0x52, 0x6a, 0x4a, 0x49, 0x4a, 0x49, 0x4a, 0x49, 0x4a,
    0x29, 0x42, 0x08, 0x42, 0xe8, 0x39, 0x08, 0x42, 0x28, 0x42, 0x29, 0x42,
    0x29, 0x42, 0x08, 0x42, 0x08, 0x42, 0x08, 0x42, 0xe8, 0x39, 0xa7, 0x31,
    0xc7, 0x39, 0xc7, 0x39, 0xa7, 0x31, 0x86, 0x31, 0x86, 0x29, 0x66, 0x29,
    0x66, 0x29, 0x66, 0x29, 0x66, 0x29, 0x86, 0x29, 0x66, 0x31, 0x86, 0x29,
    0x86, 0x31, 0x86, 0x31, 0x86, 0x31, 0x66, 0x29, 0x66, 0x31, 0x86, 0x31,
    0xa6, 0x31, 0xc7, 0x39, 0xe8, 0x39, 0x08, 0x42, 0x08, 0x42, 0x08, 0x42,
    0x08, 0x3a, 0xe8, 0x39, 0xe8, 0x39, 0xc3, 0x18, 0x66, 0x29, 0x86, 0x31,
    0xc7, 0x31, 0xe8, 0x39, 0x29, 0x42, 0x08, 0x42, 0x08, 0x42, 0x08, 0x42,
    0x08, 0x42, 0xe8, 0x39, 0xe8, 0x39, 0x08, 0x42, 0x29, 0x42, 0x6a, 0x4a,
    0x8a, 0x52, 0xab, 0x52, 0x8a, 0x52, 0x4a, 0x4a, 0x49, 0x4a, 0x49, 0x42,
    0x49, 0x4a, 0x49, 0x42, 0x49, 0x4a, 0x49, 0x4a, 0x49, 0x4a, 0x49, 0x4a,
    0x6a, 0x4a, 0x8a, 0x52, 0x8a, 0x52, 0x8a, 0x52, 0xcb, 0x52, 0x0d, 0x63,
    0x0c, 0x63, 0xec, 0x5a, 0xec, 0x5a, 0x0c, 0x63, 0x2d, 0x63, 0x6e, 0x6b,
    0x6e, 0x6b, 0x4d, 0x63, 0x2d, 0x63, 0x2d, 0x63, 0x2d, 0x63, 0x4d, 0x63,
    0x4d, 0x63, 0x4d, 0x63, 0x6e, 0x6b, 0x6e, 0x6b, 0x8e, 0x6b, 0xaf, 0x73,
    0xaf, 0x73, 0xd0, 0x7b, 0xcf, 0x73, 0x6e, 0x6b, 0x4d, 0x63, 0x4d, 0x63,
    0x2d, 0x63, 0x2d, 0x63, 0x4d, 0x6b, 0x2d, 0x63, 0x2c, 0x63, 0x0c, 0x63,
    0x2d, 0x63, 0x4d, 0x63, 0x4e, 0x6b, 0x2d, 0x63, 0x2c, 0x63, 0x0c, 0x5b,
    0x0d, 0x63, 0x8e, 0x6b, 0xcf, 0x73, 0xf0, 0x7b, 0x11, 0x7c, 0x10, 0x7c,
    0xcf, 0x7b, 0xf0, 0x7b, 0x31, 0x84, 0x31, 0x84, 0x31, 0x84, 0x31, 0x84,
    0x31, 0x84, 0x51, 0x84, 0x31, 0x7c, 0x30, 0x84, 0xf0, 0x7b, 0x10, 0x7c,
    0x10, 0x84, 0xf0, 0x7b, 0x10, 0x84, 0x10, 0x84, 0x6d, 0x6b, 0x2c, 0x63,
    0x2c, 0x63, 0x4d, 0x6b, 0x6e, 0x6b, 0x8e, 0x73, 0x8f, 0x73, 0x4d, 0x6b,
    0x8e, 0x6b, 0x8e, 0x6b, 0x8e, 0x73, 0x2c, 0x63, 0xeb, 0x5a, 0xeb, 0x5a,
    0xab, 0x52, 0xaa, 0x52, 0x8a, 0x52, 0x6a, 0x52, 0x8a, 0x52, 0x6a, 0x52,
    0x69, 0x4a, 0x49, 0x4a, 0x49, 0x4a, 0x49, 0x4a, 0x69, 0x4a, 0x6a, 0x52,
    0x8a, 0x52, 0x8a, 0x52, 0x8a, 0x52, 0x8a, 0x52, 0xaa, 0x52, 0x0c, 0x5b,
    0x4d, 0x6b, 0x6e, 0x6b, 0x6e, 0x6b, 0x4d, 0x6b, 0x6e, 0x6b, 0x8e, 0x73,
    0xaf, 0x73, 0xcf, 0x7b, 0xf0, 0x7b, 0xf0, 0x7b, 0xf0, 0x7b, 0x31, 0x84,
    0x31, 0x8c, 0x51, 0x8c, 0x52, 0x8c, 0x51, 0x8c, 0x92, 0x94, 0x92, 0x94,
    0xb3, 0x94, 0xd3, 0x9c, 0xf4, 0x9c, 0xd3, 0x9c, 0x31, 0x84, 0xf0, 0x7b,
    0x10, 0x84, 0x31, 0x84, 0x51, 0x8c, 0x51, 0x8c, 0x11, 0x84, 0x51, 0x8c,
    0x51, 0x8c, 0x31, 0x84, 0x31, 0x84, 0x31, 0x84, 0x10, 0x84, 0xcf, 0x7b,
    0xaf, 0x73, 0xaf, 0x7b, 0xaf, 0x73, 0xae, 0x73, 0x8e, 0x73, 0x6e, 0x6b,
    0x4d, 0x6b, 0x4d, 0x6b, 0x6d, 0x6b, 0x4d, 0x6b, 0x6e, 0x6b, 0x4d, 0x6b,
    0x4d, 0x6b, 0x4d, 0x6b, 0x4d, 0x63, 0x2d, 0x63, 0x0c, 0x63, 0x0c, 0x63,
    0x0c, 0x5b, 0xec, 0x5a, 0x0c, 0x63, 0x2d, 0x63, 0x0c, 0x63, 0xec, 0x5a,
    0x0c, 0x5b, 0x0c, 0x5b, 0xec, 0x5a, 0x2d, 0x63, 0x2d, 0x63, 0x0c, 0x63,
    0x2d, 0x63, 0x4d, 0x63, 0xec, 0x5a, 0xaa, 0x52, 0xab, 0x52, 0xaa, 0x52,
    0xab, 0x52, 0xcb, 0x5a, 0xcb, 0x5a, 0xcb, 0x52, 0xcb, 0x5a, 0xcb, 0x5a,
    0xcb, 0x5a, 0xcb, 0x5a, 0xec, 0x5a, 0x0c, 0x63, 0x0c, 0x63, 0x2d, 0x63,
    0x2d, 0x63, 0x0c, 0x63, 0x0c, 0x63, 0x4d, 0x6b, 0x4d, 0x6b, 0x6e, 0x6b,
    0x6e, 0x6b, 0x6d, 0x6b, 0x6e, 0x6b, 0x8e, 0x6b, 0x8e, 0x73, 0x6e, 0x6b,
    0xae, 0x73, 0xaf, 0x73, 0x8e, 0x73, 0x8e, 0x73, 0x8e, 0x6b, 0x6e, 0x73,
    0x6e, 0x6b, 0x6e, 0x6b, 0x6e, 0x6b, 0x4e, 0x6b, 0x4d, 0x6b, 0x4d, 0x6b,
    0x4d, 0x63, 0x4d, 0x6b, 0x4d, 0x6b, 0x4e, 0x6b, 0x4e, 0x63, 0x4d, 0x63,
    0x4d, 0x6b, 0x2d, 0x6b, 0x2d, 0x63, 0x2d, 0x6b, 0x4d, 0x6b, 0x4d, 0x6b,
    0x4e, 0x6b, 0x2d, 0x63, 0x4d, 0x6b, 0x0d, 0x63, 0x2d, 0x63, 0x0d, 0x63,
    0x0d, 0x63, 0x0c, 0x63, 0x0c, 0x5b, 0xec, 0x5a, 0xec, 0x5a, 0xab, 0x52,
    0xaa, 0x52, 0x8a, 0x52, 0x8a, 0x52, 0x8a, 0x52, 0x8a, 0x52, 0xaa, 0x52,
    0xab, 0x52, 0xcb, 0x5a, 0xcb, 0x5a, 0xab, 0x52, 0xab, 0x52, 0xab, 0x52,
    0xcb, 0x5a, 0xec, 0x5a, 0xcb, 0x5a, 0xcb, 0x5a, 0xcb, 0x5a, 0xcb, 0x5a,
    0xab, 0x52, 0x8a, 0x52, 0x8a, 0x52, 0x8a, 0x52, 0x69, 0x4a, 0x49, 0x4a,
    0x49, 0x4a, 0x69, 0x4a, 0x29, 0x4a, 0x08, 0x42, 0xe8, 0x39, 0xc7, 0x39,
    0x08, 0x42, 0x08, 0x42, 0x29, 0x42, 0x29, 0x42, 0x08, 0x42, 0x08, 0x42,
    0xe8, 0x39, 0xc7, 0x39, 0xe7, 0x39, 0xc7, 0x39, 0xa7, 0x31, 0xa7, 0x31,
    0x86, 0x31, 0x86, 0x31, 0x86, 0x31, 0x86, 0x31, 0xa6, 0x31, 0xa6, 0x31,
    0xa6, 0x31, 0xa7, 0x31, 0xa7, 0x31, 0xa7, 0x39, 0x86, 0x31, 0x86, 0x31,
    0xa7, 0x31, 0xc7, 0x39, 0xe8, 0x39, 0x08, 0x42, 0x29, 0x42, 0x09, 0x42,
    0x08, 0x3a, 0xe8, 0x39, 0xe8, 0x41, 0xe8, 0x39, 0xe8, 0x41, 0xe3, 0x18,
    0xa7, 0x31, 0xa7, 0x31, 0xe7, 0x39, 0x29, 0x42, 0x49, 0x4a, 0x08, 0x42,
    0x09, 0x42, 0x29, 0x42, 0x28, 0x42, 0xe8, 0x39, 0x08, 0x42, 0x29, 0x42,
    0x29, 0x42, 0x6a, 0x52, 0x8a, 0x52, 0xab, 0x52, 0x6a, 0x4a, 0x49, 0x4a,
    0x29, 0x42, 0x29, 0x42, 0x49, 0x4a, 0x29, 0x42, 0x29, 0x42, 0x29, 0x42,
    0x49, 0x4a, 0x4a, 0x4a, 0x6a, 0x4a, 0x6a, 0x4a, 0x8a, 0x52, 0xaa, 0x52,
    0xcc, 0x5a, 0x0d, 0x63, 0x0c, 0x63, 0xec, 0x5a, 0x0c, 0x63, 0x2c, 0x63,
    0x4d, 0x63, 0x6e, 0x6b, 0x6e, 0x6b, 0x4d, 0x63, 0x4d, 0x63, 0x2d, 0x63,
    0x4d, 0x63, 0x6e, 0x6b, 0x6e, 0x6b, 0x6e, 0x6b, 0x8f, 0x73, 0x6e, 0x6b,
    0x8e, 0x6b, 0x8f, 0x73, 0xcf, 0x73, 0xf0, 0x7b, 0xd0, 0x7b, 0x8f, 0x73,
    0x8e, 0x73, 0xaf, 0x73, 0x8e, 0x73, 0x6d, 0x6b, 0x4d, 0x63, 0x4d, 0x6b,
    0x4d, 0x63, 0x2d, 0x63, 0x4d, 0x6b, 0x6e, 0x6b, 0x4d, 0x63, 0x0c, 0x63,
    0x2c, 0x63, 0x2d, 0x63, 0x4d, 0x63, 0x8e, 0x6b, 0xcf, 0x7b, 0xf0, 0x7b,
    0x11, 0x7c, 0x31, 0x7c, 0x10, 0x7c, 0x31, 0x7c, 0x31, 0x84, 0x31, 0x84,
    0x31, 0x84, 0x31, 0x84, 0x52, 0x84, 0x51, 0x84, 0x31, 0x7c, 0x31, 0x84,
    0xf0, 0x83, 0xf0, 0x7b, 0xf0, 0x7b, 0xf0, 0x7b, 0xf0, 0x7b, 0x8e, 0x73,
    0x2d, 0x63, 0xec, 0x62, 0x0c, 0x63, 0x4d, 0x63, 0x6e, 0x6b, 0x6e, 0x6b,
    0x6d, 0x6b, 0x6d, 0x6b, 0x8e, 0x73, 0x8e, 0x73, 0x6e, 0x73, 0x0c, 0x63,
    0xeb, 0x5a, 0xeb, 0x5a, 0xcb, 0x5a, 0xab, 0x52, 0x8a, 0x52, 0x6a, 0x4a,
    0x69, 0x4a, 0x49, 0x4a, 0x29, 0x4a, 0x49, 0x4a, 0x49, 0x4a, 0x49, 0x4a,
    0x69, 0x4a, 0x6a, 0x52, 0x6a, 0x52, 0x6a, 0x4a, 0x8a, 0x52, 0x8a, 0x52,
    0xaa, 0x52, 0xec, 0x62, 0x6e, 0x6b, 0x4d, 0x6b, 0x4d, 0x6b, 0x4d, 0x6b,
    0x6d, 0x6b, 0xaf, 0x73, 0xae, 0x73, 0xae, 0x73, 0xaf, 0x73, 0xaf, 0x73,
    0xcf, 0x7b, 0x10, 0x84, 0x30, 0x84, 0x30, 0x84, 0x51, 0x8c, 0x31, 0x84,
    0x31, 0x84, 0x51, 0x84, 0x72, 0x8c, 0x92, 0x94, 0xf4, 0x9c, 0xf4, 0x9c,
    0x51, 0x8c, 0xcf, 0x7b, 0xf0, 0x7b, 0x10, 0x84, 0x31, 0x8c, 0x71, 0x8c,
    0x52, 0x8c, 0x31, 0x84, 0xef, 0x7b, 0xef, 0x7b, 0xf0, 0x7b, 0xef, 0x7b,
    0xcf, 0x7b, 0xf0, 0x7b, 0xef, 0x7b, 0xcf, 0x7b, 0xaf, 0x73, 0x8e, 0x73,
    0x8e, 0x73, 0x4d, 0x6b, 0x4d, 0x63, 0x2d, 0x63, 0x4d, 0x6b, 0x4d, 0x6b,
    0x4d, 0x6b, 0x4d, 0x6b, 0x2d, 0x63, 0x2d, 0x63, 0x2d, 0x63, 0x2c, 0x63,
    0x0c, 0x63, 0xec, 0x5a, 0xec, 0x62, 0xec, 0x5a, 0x0c, 0x63, 0x2c, 0x63,
    0xec, 0x5a, 0xec, 0x5a, 0xcb, 0x5a, 0xcb, 0x5a, 0x0c, 0x63, 0x4d, 0x6b,
    0x0c, 0x63, 0x0c, 0x63, 0x0c, 0x63, 0x2d, 0x63, 0xec, 0x5a, 0xaa, 0x52,
    0xab, 0x52, 0x8a, 0x52, 0xab, 0x52, 0xab, 0x52, 0xab, 0x52, 0xaa, 0x52,
    0xab, 0x52, 0xab, 0x52, 0xcb, 0x52, 0xcb, 0x5a, 0xec, 0x5a, 0x0c, 0x63,
    0x0c, 0x63, 0x2d, 0x63, 0x4d, 0x6b, 0x2d, 0x63, 0x2d, 0x63, 0x4d, 0x6b,
    0x4d, 0x6b, 0x4d, 0x6b, 0x4d, 0x6b, 0x6e, 0x6b, 0x6d, 0x6b, 0x4d, 0x6b,
    0x6e, 0x6b, 0x8e, 0x73, 0xaf, 0x73, 0xcf, 0x7b, 0xaf, 0x73, 0xaf, 0x73,
    0x8e, 0x73, 0x8e, 0x73, 0x6e, 0x6b, 0x6e, 0x6b, 0x6d, 0x6b, 0x6e, 0x6b,
    0x4e, 0x6b, 0x4d, 0x6b, 0x4d, 0x6b, 0x4d, 0x63, 0x4d, 0x6b, 0x4e, 0x6b,
    0x6e, 0x6b, 0x4e, 0x6b, 0x4e, 0x6b, 0x4d, 0x63, 0x4e, 0x6b, 0x4d, 0x6b,
    0x4e, 0x6b, 0x4e, 0x6b, 0x4e, 0x6b, 0x4e, 0x6b, 0x4d, 0x6b, 0x2d, 0x63,
    0x2d, 0x63, 0x2d, 0x63, 0x0c, 0x63, 0x0d, 0x63, 0x0c, 0x5b, 0x0c, 0x63,
    0xcb, 0x5a, 0xcb, 0x5a, 0xab, 0x52, 0xab, 0x5a, 0xab, 0x52, 0xab, 0x52,
    0xcb, 0x5a, 0xcb, 0x5a, 0xcb, 0x5a, 0xcc, 0x5a, 0xcb, 0x5a, 0xcb, 0x5a,
    0xcb, 0x5a, 0xcb, 0x5a, 0xec, 0x5a, 0xec, 0x5a, 0xcc, 0x5a, 0xcb, 0x5a,
    0xec, 0x5a, 0xcb, 0x5a, 0xcb, 0x52, 0xab, 0x52, 0xab, 0x52, 0x6a, 0x52,
    0x69, 0x4a, 0x49, 0x4a, 0x49, 0x42, 0x49, 0x4a, 0x49, 0x4a, 0x08, 0x42,
    0xe8, 0x39, 0xc7, 0x39, 0x08, 0x42, 0x29, 0x42, 0x29, 0x42, 0x28, 0x42,
    0x08, 0x42, 0x08, 0x42, 0xe8, 0x39, 0xe8, 0x39, 0xe8, 0x39, 0xe7, 0x39,
    0xc7, 0x39, 0xa7, 0x39, 0xc7, 0x31, 0xa7, 0x31, 0xa7, 0x31, 0xa7, 0x31,
    0xc7, 0x39, 0xc7, 0x39, 0xe8, 0x39, 0xe8, 0x39, 0xe8, 0x39, 0xc7, 0x39,
    0xc7, 0x39, 0xe8, 0x39, 0xe8, 0x39, 0x08, 0x42, 0x28, 0x42, 0x29, 0x42,
    0x29, 0x42, 0x29, 0x42, 0x08, 0x42, 0x08, 0x42, 0xe8, 0x41, 0x08, 0x3a,
    0x08, 0x42, 0xc4, 0x18, 0xc7, 0x39, 0xc7, 0x39, 0x09, 0x42, 0x69, 0x4a,
    0x6a, 0x52, 0x49, 0x42, 0x49, 0x4a, 0x49, 0x4a, 0x29, 0x42, 0xe8, 0x41,
    0x28, 0x42, 0x29, 0x42, 0x6a, 0x4a, 0x8a, 0x52, 0xab, 0x52, 0xab, 0x52,
    0x69, 0x4a, 0x29, 0x42, 0x28, 0x42, 0x49, 0x4a, 0x49, 0x4a, 0x49, 0x4a,
    0x49, 0x4a, 0x49, 0x42, 0x4a, 0x4a, 0x8a, 0x4a, 0x8a, 0x52, 0x8a, 0x52,
    0x8a, 0x52, 0xcb, 0x52, 0xec, 0x5a, 0x0c, 0x63, 0x0c, 0x5b, 0x0c, 0x5b,
    0x2d, 0x63, 0x4e, 0x6b, 0x8e, 0x6b, 0x6e, 0x6b, 0x6e, 0x6b, 0x4d, 0x6b,
    0x6e, 0x6b, 0x4d, 0x63, 0x4d, 0x6b, 0x6e, 0x6b, 0x8e, 0x73, 0xaf, 0x73,
    0xaf, 0x73, 0x8f, 0x73, 0x8e, 0x73, 0x8f, 0x73, 0xcf, 0x73, 0xf0, 0x7b,
    0xcf, 0x7b, 0xaf, 0x73, 0xaf, 0x73, 0xcf, 0x73, 0xaf, 0x73, 0x6e, 0x6b,
    0x6e, 0x6b, 0x8e, 0x6b, 0x6d, 0x6b, 0x4d, 0x63, 0x6e, 0x6b, 0x6e, 0x6b,
    0x4d, 0x63, 0x4d, 0x63, 0x4d, 0x63, 0x6e, 0x6b, 0x8e, 0x6b, 0xd0, 0x7b,
    0xf0, 0x7b, 0xf0, 0x7b, 0x11, 0x7c, 0x31, 0x84, 0x31, 0x84, 0x32, 0x84,
    0x31, 0x84, 0x52, 0x84, 0x52, 0x84, 0x52, 0x84, 0x72, 0x8c, 0x51, 0x84,
    0x31, 0x84, 0x31, 0x84, 0xef, 0x7b, 0xf0, 0x7b, 0xf0, 0x7b, 0xaf, 0x7b,
    0xae, 0x73, 0x4d, 0x6b, 0x0c, 0x63, 0xec, 0x5a, 0xec, 0x5a, 0x2d, 0x63,
    0x6e, 0x6b, 0x8e, 0x73, 0x6d, 0x6b, 0x6d, 0x6b, 0x8e, 0x73, 0xaf, 0x73,
    0x6d, 0x6b, 0xec, 0x5a, 0xcb, 0x5a, 0xec, 0x5a, 0xcb, 0x5a, 0xaa, 0x52,
    0xaa, 0x52, 0x8a, 0x52, 0x69, 0x4a, 0x49, 0x4a, 0x28, 0x42, 0x29, 0x4a,
    0x49, 0x4a, 0x49, 0x4a, 0x69, 0x4a, 0x69, 0x4a, 0x69, 0x4a, 0x69, 0x4a,
    0x69, 0x52, 0x6a, 0x4a, 0xaa, 0x52, 0x2d, 0x63, 0x6e, 0x6b, 0x4d, 0x6b,
    0x2d, 0x63, 0x2d, 0x63, 0x6e, 0x6b, 0x8e, 0x73, 0x6e, 0x73, 0x8e, 0x73,
    0x8e, 0x73, 0x8e, 0x73, 0xcf, 0x7b, 0x10, 0x84, 0x51, 0x8c, 0x31, 0x84,
    0x51, 0x8c, 0x51, 0x8c, 0x51, 0x8c, 0x31, 0x84, 0x31, 0x84, 0x51, 0x8c,
    0x92, 0x94, 0xf4, 0x9c, 0xb3, 0x94, 0xf0, 0x7b, 0xef, 0x7b, 0xf0, 0x7b,
    0x31, 0x84, 0x72, 0x8c, 0x72, 0x8c, 0x51, 0x8c, 0x10, 0x84, 0xcf, 0x7b,
    0xaf, 0x7b, 0xaf, 0x73, 0xaf, 0x73, 0xaf, 0x73, 0xaf, 0x7b, 0x8e, 0x73,
    0x8e, 0x73, 0x6e, 0x6b, 0x4d, 0x6b, 0x2d, 0x63, 0x2d, 0x63, 0x2d, 0x63,
    0x4d, 0x6b, 0x4d, 0x6b, 0x4d, 0x63, 0x4d, 0x63, 0x0c, 0x63, 0x0c, 0x63,
    0x0c, 0x63, 0xec, 0x62, 0xec, 0x5a, 0x0c, 0x63, 0x2d, 0x63, 0x2c, 0x63,
    0x2c, 0x63, 0x0c, 0x63, 0xec, 0x5a, 0xeb, 0x5a, 0xcb, 0x5a, 0xcb, 0x5a,
    0x0c, 0x63, 0x2d, 0x63, 0x0c, 0x5b, 0xec, 0x62, 0x0c, 0x63, 0x2c, 0x63,
    0xeb, 0x5a, 0xaa, 0x52, 0xab, 0x5a, 0xaa, 0x52, 0x8a, 0x52, 0x6a, 0x52,
    0x8a, 0x52, 0x8a, 0x52, 0x8b, 0x52, 0xab, 0x52, 0xab, 0x52, 0xcb, 0x5a,
    0xcb, 0x5a, 0xec, 0x5a, 0xec, 0x5a, 0x0c, 0x63, 0x2d, 0x6b, 0x4d, 0x6b,
    0x4d, 0x6b, 0x4d, 0x6b, 0x4d, 0x63, 0x4d, 0x6b, 0x2d, 0x6b, 0x4d, 0x6b,
    0x4d, 0x6b, 0x4d, 0x6b, 0x8e, 0x73, 0xcf, 0x7b, 0xaf, 0x73, 0xcf, 0x7b,
    0xcf, 0x73, 0x8f, 0x73, 0x8f, 0x73, 0xaf, 0x73, 0x8e, 0x73, 0x8e, 0x73,
    0x6e, 0x6b, 0x6e, 0x6b, 0x6e, 0x6b, 0x4d, 0x6b, 0x4d, 0x6b, 0x4d, 0x6b,
    0x4e, 0x6b, 0x4e, 0x6b, 0x4d, 0x6b, 0x6e, 0x6b, 0x4e, 0x6b, 0x4d, 0x6b,
    0x4e, 0x6b, 0x4e, 0x6b, 0x6e, 0x6b, 0x6e, 0x6b, 0x4d, 0x6b, 0x4e, 0x6b,
    0x4e, 0x6b, 0x4e, 0x6b, 0x4e, 0x6b, 0x4d, 0x63, 0x2d, 0x63, 0x0c, 0x5b,
    0x0d, 0x63, 0x0c, 0x63, 0xec, 0x5a, 0xec, 0x5a, 0xcb, 0x5a, 0xcb, 0x5a,
    0xcb, 0x52, 0xcb, 0x5a, 0xcb, 0x52, 0xcb, 0x5a, 0xec, 0x5a, 0xec, 0x5a,
    0xcc, 0x5a, 0xcb, 0x5a, 0xec, 0x5a, 0xec, 0x5a, 0x0c, 0x63, 0x0c, 0x63,
    0xec, 0x5a, 0xec, 0x5a, 0xec, 0x5a, 0xec, 0x5a, 0xcb, 0x5a, 0xcb, 0x5a,
    0xab, 0x52, 0x6a, 0x4a, 0x49, 0x4a, 0x29, 0x42, 0x29, 0x42, 0x49, 0x42,
    0x4a, 0x4a, 0x29, 0x42, 0x08, 0x3a, 0xe8, 0x39, 0x08, 0x42, 0x09, 0x42,
    0x08, 0x42, 0x08, 0x42, 0xe8, 0x39, 0x08, 0x42, 0x08, 0x42, 0xe8, 0x41,
    0xe8, 0x39, 0xc7, 0x39, 0xc7, 0x39, 0xc7, 0x39, 0xc7, 0x31, 0xc7, 0x39,
    0xc7, 0x39, 0xc8, 0x39, 0xe8, 0x39, 0x08, 0x42, 0x09, 0x42, 0x28, 0x42,
    0x29, 0x4a, 0x49, 0x42, 0x49, 0x42, 0x29, 0x42, 0x49, 0x4a, 0x49, 0x4a,
    0x49, 0x4a, 0x4a, 0x4a, 0x49, 0x4a, 0x49, 0x4a, 0x29, 0x42, 0x29, 0x42,
    0x29, 0x42, 0x29, 0x42, 0x29, 0x42, 0xe3, 0x18, 0x08, 0x42, 0x28, 0x42,
    0x29, 0x4a, 0x6a, 0x4a, 0x8b, 0x52, 0x6a, 0x4a, 0x6a, 0x4a, 0x6a, 0x4a,
    0x29, 0x42, 0x08, 0x42, 0x28, 0x42, 0x49, 0x4a, 0x8a, 0x52, 0xaa, 0x52,
    0xcb, 0x5a, 0xab, 0x52, 0x6a, 0x4a, 0x29, 0x4a, 0x29, 0x42, 0x49, 0x4a,
    0x49, 0x4a, 0x49, 0x4a, 0x4a, 0x4a, 0x69, 0x4a, 0x8a, 0x52, 0x8b, 0x52,
    0x8a, 0x52, 0xab, 0x52, 0xab, 0x52, 0xec, 0x5a, 0x0c, 0x63, 0xec, 0x5a,
    0x0d, 0x63, 0x4d, 0x63, 0x6e, 0x6b, 0x8e, 0x6b, 0x8f, 0x73, 0x8e, 0x6b,
    0x6e, 0x6b, 0x6e, 0x6b, 0x6e, 0x6b, 0x6e, 0x6b, 0x6e, 0x6b, 0x8e, 0x73,
    0x8f, 0x73, 0xaf, 0x73, 0xaf, 0x73, 0xaf, 0x73, 0xaf, 0x73, 0xaf, 0x73,
    0xd0, 0x7b, 0xf0, 0x7b, 0xcf, 0x73, 0xcf, 0x73, 0xcf, 0x73, 0xd0, 0x7b,
    0xcf, 0x73, 0xae, 0x73, 0x8e, 0x6b, 0x8e, 0x6b, 0x8e, 0x73, 0x8e, 0x6b,
    0x8e, 0x6b, 0x8f, 0x73, 0x6e, 0x6b, 0x6e, 0x6b, 0x6f, 0x6b, 0xaf, 0x73,
    0xaf, 0x73, 0xd0, 0x7b, 0xf0, 0x7b, 0xf0, 0x7b, 0x11, 0x7c, 0x31, 0x84,
    0x31, 0x84, 0x51, 0x84, 0x52, 0x84, 0x52, 0x84, 0x72, 0x84, 0x72, 0x8c,
    0x72, 0x8c, 0x52, 0x84, 0x31, 0x84, 0x10, 0x84, 0xcf, 0x7b, 0x10, 0x84,
    0xef, 0x7b, 0x8e, 0x73, 0x6e, 0x6b, 0x2d, 0x63, 0xec, 0x5a, 0xcb, 0x5a,
    0xec, 0x5a, 0x2c, 0x63, 0x6e, 0x73, 0x6e, 0x73, 0x4d, 0x6b, 0x6e, 0x6b,
    0x6e, 0x73, 0x6e, 0x6b, 0x2c, 0x63, 0xeb, 0x5a, 0xec, 0x5a, 0xec, 0x62,
    0xcb, 0x5a, 0xaa, 0x52, 0xaa, 0x52, 0x8a, 0x52, 0x49, 0x4a, 0x29, 0x4a,
    0x29, 0x4a, 0x28, 0x42, 0x29, 0x4a, 0x49, 0x4a, 0x49, 0x4a, 0x49, 0x4a,
    0x49, 0x4a, 0x49, 0x4a, 0x49, 0x4a, 0x49, 0x4a, 0xcb, 0x5a, 0x2c, 0x63,
    0x4d, 0x6b, 0x8e, 0x73, 0x8e, 0x73, 0x4d, 0x6b, 0x4d, 0x6b, 0x4d, 0x6b,
    0x4e, 0x6b, 0x8e, 0x73, 0x8e, 0x73, 0x8e, 0x6b, 0xcf, 0x73, 0x30, 0x84,
    0x51, 0x8c, 0x72, 0x8c, 0x51, 0x8c, 0x51, 0x8c, 0x51, 0x8c, 0x72, 0x8c,
    0x71, 0x8c, 0x72, 0x8c, 0x51, 0x8c, 0xb2, 0x94, 0xd3, 0x9c, 0x72, 0x8c,
    0xcf, 0x7b, 0xcf, 0x7b, 0x10, 0x84, 0x51, 0x8c, 0x92, 0x8c, 0x92, 0x94,
    0x92, 0x94, 0x51, 0x8c, 0xaf, 0x73, 0xae, 0x73, 0x8e, 0x73, 0x8e, 0x73,
    0x8e, 0x73, 0x8e, 0x73, 0x6d, 0x6b, 0x2d, 0x63, 0x2d, 0x63, 0x0c, 0x63,
    0x0c, 0x63, 0x4d, 0x6b, 0x2d, 0x63, 0x0c, 0x63, 0x2d, 0x63, 0x2d, 0x63,
    0x0c, 0x63, 0x0c, 0x63, 0x0c, 0x63, 0x0c, 0x5b, 0x0c, 0x5b, 0x2c, 0x63,
    0x4d, 0x6b, 0x0c, 0x63, 0x0c, 0x63, 0xec, 0x5a, 0xec, 0x62, 0xec, 0x5a,
    0xeb, 0x5a, 0x0c, 0x5b, 0x2d, 0x63, 0x2d, 0x63, 0x0c, 0x63, 0xec, 0x5a,
    0x0c, 0x63, 0x0c, 0x63, 0xcb, 0x5a, 0x8a, 0x52, 0xab, 0x52, 0x6a, 0x52,
    0x6a, 0x4a, 0x6a, 0x4a, 0x6a, 0x4a, 0x6a, 0x52, 0xaa, 0x52, 0xab, 0x52,
    0xab, 0x52, 0x8a, 0x52, 0xab, 0x52, 0xcb, 0x5a, 0xeb, 0x5a, 0xec, 0x5a,
    0x2c, 0x63, 0x4d, 0x6b, 0x4e, 0x6b, 0x4d, 0x6b, 0x2d, 0x63, 0x4d, 0x63,
    0x2d, 0x63, 0x2d, 0x63, 0x4e, 0x6b, 0x4d, 0x6b, 0x8e, 0x73, 0xaf, 0x73,
    0xaf, 0x73, 0xcf, 0x7b, 0xaf, 0x7b, 0x8f, 0x73, 0xaf, 0x73, 0xaf, 0x73,
    0x8e, 0x73, 0x6e, 0x73, 0x6e, 0x6b, 0x6e, 0x73, 0x6e, 0x6b, 0x4e, 0x6b,
    0x4e, 0x6b, 0x6d, 0x6b, 0x4d, 0x6b, 0x4e, 0x6b, 0x4e, 0x6b, 0x6e, 0x6b,
    0x6e, 0x6b, 0x4e, 0x6b, 0x4d, 0x6b, 0x4e, 0x6b, 0x6e, 0x6b, 0x6e, 0x6b,
    0x4d, 0x6b, 0x6e, 0x6b, 0x6e, 0x6b, 0x6e, 0x6b, 0x6e, 0x6b, 0x4d, 0x6b,
    0x2d, 0x63, 0x0d, 0x63, 0x0c, 0x5b, 0xec, 0x62, 0xec, 0x62, 0xec, 0x5a,
    0xec, 0x5a, 0xab, 0x52, 0xab, 0x52, 0xcb, 0x5a, 0xcb, 0x5a, 0xec, 0x5a,
    0x0c, 0x5b, 0xec, 0x5a, 0xec, 0x5a, 0xec, 0x5a, 0xec, 0x5a, 0xec, 0x62,
    0x0c, 0x63, 0x0c, 0x63, 0x0c, 0x5b, 0xec, 0x5a, 0xec, 0x62, 0xec, 0x5a,
    0xcb, 0x5a, 0xcb, 0x5a, 0xcb, 0x5a, 0x8a, 0x52, 0x4a, 0x4a, 0x49, 0x4a,
    0x29, 0x42, 0x49, 0x4a, 0x6a, 0x4a, 0x49, 0x4a, 0x29, 0x42, 0x28, 0x42,
    0x29, 0x42, 0x08, 0x42, 0xe8, 0x41, 0xe8, 0x39, 0x08, 0x3a, 0x08, 0x42,
    0x29, 0x42, 0x08, 0x42, 0xc7, 0x39, 0xc7, 0x39, 0xc8, 0x39, 0xc7, 0x39,
    0xc7, 0x39, 0xc8, 0x39, 0xe8, 0x39, 0x08, 0x42, 0x29, 0x42, 0x49, 0x4a,
    0x69, 0x4a, 0x6a, 0x4a, 0x6a, 0x52, 0x6a, 0x4a, 0x8a, 0x52, 0x6a, 0x52,
    0x6a, 0x4a, 0x6a, 0x4a, 0x6a, 0x4a, 0x6a, 0x4a, 0x69, 0x4a, 0x69, 0x4a,
    0x6a, 0x4a, 0x49, 0x4a, 0x49, 0x4a, 0x49, 0x4a, 0x49, 0x4a, 0xe4, 0x20,
    0x29, 0x42, 0x49, 0x4a, 0x6a, 0x4a, 0x8a, 0x52, 0x8a, 0x52, 0x6a, 0x4a,
    0x6a, 0x4a, 0x6a, 0x52, 0x69, 0x4a, 0x49, 0x4a, 0x29, 0x42, 0x6a, 0x4a,
    0xab, 0x52, 0xcb, 0x5a, 0xcb, 0x5a, 0x8a, 0x52, 0x6a, 0x52, 0x49, 0x4a,
    0x49, 0x4a, 0x6a, 0x4a, 0x49, 0x4a, 0x49, 0x4a, 0x49, 0x4a, 0x29, 0x42,
    0x8a, 0x52, 0xab, 0x52, 0xab, 0x52, 0xcb, 0x5a, 0xec, 0x5a, 0x0c, 0x63,
    0x0c, 0x63, 0x2c, 0x63, 0x4e, 0x6b, 0x4e, 0x6b, 0x6e, 0x6b, 0x8f, 0x73,
    0xaf, 0x73, 0x8e, 0x6b, 0x8e, 0x6b, 0x8e, 0x73, 0x8f, 0x73, 0xaf, 0x73,
    0xaf, 0x6b, 0xaf, 0x73, 0xaf, 0x73, 0xcf, 0x73, 0xcf, 0x73, 0xcf, 0x73,
    0xd0, 0x73, 0xd0, 0x73, 0xd0, 0x7b, 0xd0, 0x7b, 0xd0, 0x7b, 0xf0, 0x7b,
    0xf0, 0x7b, 0xf0, 0x7b, 0xcf, 0x7b, 0xcf, 0x73, 0xaf, 0x73, 0xaf, 0x73,
    0xaf, 0x73, 0xaf, 0x73, 0xaf, 0x73, 0x8e, 0x6b, 0x8e, 0x73, 0xaf, 0x73,
    0xd0, 0x7b, 0xd0, 0x7b, 0xd0, 0x73, 0xf0, 0x7b, 0xf0, 0x7b, 0x10, 0x7c,
    0x31, 0x84, 0x31, 0x84, 0x51, 0x84, 0x52, 0x84, 0x52, 0x84, 0x52, 0x8c,
    0x72, 0x8c, 0x72, 0x8c, 0x72, 0x8c, 0x52, 0x8c, 0x31, 0x84, 0xcf, 0x7b,
    0xcf, 0x7b, 0xf0, 0x7b, 0x6e, 0x6b, 0x6d, 0x6b, 0x4d, 0x6b, 0xec, 0x5a,
    0xab, 0x5a, 0xab, 0x52, 0xeb, 0x5a, 0x4d, 0x6b, 0x8e, 0x73, 0x6e, 0x6b,
    0x4d, 0x6b, 0x6e, 0x6b, 0x6d, 0x6b, 0x0c, 0x63, 0xec, 0x5a, 0xcb, 0x5a,
    0xec, 0x5a, 0xec, 0x5a, 0xcb, 0x5a, 0xab, 0x52, 0xaa, 0x52, 0x8a, 0x52,
    0x69, 0x4a, 0x49, 0x4a, 0x29, 0x4a, 0x28, 0x42, 0x29, 0x4a, 0x49, 0x4a,
    0x29, 0x4a, 0x29, 0x4a, 0x49, 0x4a, 0x49, 0x4a, 0x49, 0x4a, 0x49, 0x4a,
    0xcb, 0x5a, 0x0c, 0x63, 0x2d, 0x63, 0x8e, 0x73, 0xaf, 0x73, 0xaf, 0x73,
    0x6e, 0x6b, 0x8e, 0x73, 0xcf, 0x73, 0xcf, 0x7b, 0xcf, 0x73, 0xaf, 0x73,
    0xf0, 0x83, 0x31, 0x84, 0x51, 0x8c, 0x72, 0x8c, 0x51, 0x8c, 0x51, 0x8c,
    0x51, 0x84, 0x92, 0x94, 0x92, 0x94, 0x92, 0x94, 0x92, 0x94, 0x72, 0x8c,
    0x92, 0x94, 0x92, 0x94, 0x51, 0x8c, 0xf0, 0x7b, 0xf0, 0x7b, 0x30, 0x84,
    0x92, 0x94, 0xb3, 0x94, 0xb3, 0x94, 0x92, 0x94, 0xcf, 0x7b, 0x8e, 0x73,
    0x6e, 0x6b, 0x4d, 0x6b, 0x6e, 0x6b, 0x6e, 0x6b, 0x4d, 0x63, 0x0c, 0x63,
    0x0c, 0x63, 0xeb, 0x5a, 0x0c, 0x63, 0x2d, 0x63, 0x2d, 0x63, 0xec, 0x5a,
    0x0c, 0x63, 0x2d, 0x63, 0x0c, 0x63, 0x0d, 0x63, 0x0c, 0x63, 0x0c, 0x63,
    0x0c, 0x63, 0x0c, 0x63, 0x0c, 0x63, 0x0c, 0x63, 0x0c, 0x5b, 0x0c, 0x63,
    0x0c, 0x63, 0x0c, 0x63, 0xec, 0x62, 0x0c, 0x63, 0x2d, 0x63, 0x0c, 0x63,
    0x0c, 0x63, 0xec, 0x5a, 0x0c, 0x5b, 0x0c, 0x63, 0xcb, 0x5a, 0x8a, 0x52,
    0x8a, 0x52, 0x49, 0x4a, 0x69, 0x4a, 0x49, 0x4a, 0x49, 0x4a, 0x8a, 0x4a,
    0x8a, 0x52, 0xaa, 0x52, 0xab, 0x52, 0x8a, 0x52, 0xab, 0x52, 0xcb, 0x5a,
    0xec, 0x5a, 0xec, 0x5a, 0x0c, 0x63, 0x2d, 0x63, 0x4d, 0x6b, 0x2d, 0x63,
    0x2d, 0x63, 0x4d, 0x6b, 0x4d, 0x6b, 0x6d, 0x6b, 0x6e, 0x6b, 0x4e, 0x6b,
    0x8e, 0x73, 0xae, 0x73, 0x8e, 0x73, 0xaf, 0x73, 0xae, 0x73, 0xaf, 0x73,
    0xaf, 0x7b, 0xaf, 0x73, 0xae, 0x73, 0x8e, 0x73, 0x8e, 0x73, 0x6e, 0x6b,
    0x6e, 0x6b, 0x6e, 0x6b, 0x4e, 0x6b, 0x6e, 0x6b, 0x6e, 0x6b, 0x4d, 0x6b,
    0x6e, 0x6b, 0x6e, 0x6b, 0x6e, 0x6b, 0x6e, 0x6b, 0x4d, 0x6b, 0x6e, 0x6b,
    0x6e, 0x6b, 0x6e, 0x6b, 0x6e, 0x6b, 0x6e, 0x6b, 0x8e, 0x6b, 0x8e, 0x6b,
    0x6e, 0x6b, 0x6e, 0x6b, 0x6d, 0x6b, 0x2d, 0x63, 0x2d, 0x63, 0x0d, 0x63,
    0x0c, 0x63, 0x0c, 0x5b, 0xec, 0x5a, 0xab, 0x5a, 0xcb, 0x5a, 0xcb, 0x5a,
    0xcc, 0x5a, 0x0c, 0x5b, 0x0c, 0x5b, 0x0c, 0x63, 0x0c, 0x5b, 0xec, 0x5a,
    0xeb, 0x5a, 0x0c, 0x5b, 0x0c, 0x63, 0x2d, 0x63, 0x2d, 0x63, 0x2d, 0x63,
    0x2d, 0x63, 0xec, 0x5a, 0xeb, 0x5a, 0xcc, 0x5a, 0xcb, 0x52, 0x8a, 0x52,
    0x6a, 0x4a, 0x6a, 0x4a, 0x6a, 0x4a, 0x6a, 0x4a, 0x6a, 0x52, 0x6a, 0x4a,
    0x49, 0x4a, 0x49, 0x4a, 0x49, 0x4a, 0x08, 0x42, 0x08, 0x42, 0x08, 0x3a,
    0x08, 0x42, 0x29, 0x42, 0x49, 0x4a, 0x29, 0x42, 0xe8, 0x39, 0xe8, 0x39,
    0xe8, 0x39, 0x08, 0x3a, 0x08, 0x42, 0x29, 0x42, 0x49, 0x4a, 0x49, 0x4a,
    0x6a, 0x4a, 0x8a, 0x52, 0x8a, 0x52, 0x8a, 0x52, 0x8a, 0x52, 0x8a, 0x52,
    0xab, 0x52, 0xab, 0x52, 0x8a, 0x52, 0xaa, 0x52, 0x8a, 0x52, 0x6a, 0x4a,
    0x6a, 0x52, 0x6a, 0x52, 0x8a, 0x4a, 0x6a, 0x4a, 0x6a, 0x4a, 0x6a, 0x4a,
    0x69, 0x4a, 0x04, 0x21, 0x6a, 0x4a, 0x6a, 0x4a, 0x6a, 0x4a, 0x8a, 0x52,
    0x6a, 0x4a, 0x6a, 0x4a, 0x6a, 0x4a, 0x8a, 0x52, 0x8a, 0x52, 0x6a, 0x4a,
    0x6a, 0x4a, 0x8a, 0x52, 0xcb, 0x5a, 0xcb, 0x5a, 0xab, 0x52, 0x8a, 0x4a,
    0x6a, 0x4a, 0x49, 0x4a, 0x6a, 0x4a, 0x6a, 0x4a, 0x49, 0x4a, 0x6a, 0x4a,
    0x49, 0x42, 0x29, 0x42, 0x8a, 0x52, 0xab, 0x52, 0xab, 0x52, 0xcb, 0x5a,
    0xec, 0x5a, 0xec, 0x5a, 0x0c, 0x63, 0x2d, 0x63, 0x6e, 0x6b, 0x6e, 0x6b,
    0x8e, 0x6b, 0xaf, 0x73, 0xaf, 0x73, 0x8f, 0x73, 0x8f, 0x73, 0xaf, 0x73,
    0xaf, 0x73, 0xcf, 0x73, 0xcf, 0x73, 0xcf, 0x73, 0xcf, 0x73, 0xd0, 0x7b,
    0xcf, 0x7b, 0xcf, 0x73, 0xd0, 0x7b, 0xd0, 0x7b, 0xd0, 0x7b, 0xf0, 0x7b,
    0x11, 0x7c, 0x11, 0x84, 0xf0, 0x7b, 0xf0, 0x7b, 0xf0, 0x7b, 0xf0, 0x7b,
    0xd0, 0x7b, 0xd0, 0x7b, 0xcf, 0x73, 0xd0, 0x7b, 0xcf, 0x73, 0xcf, 0x73,
    0xaf, 0x73, 0xaf, 0x73, 0xd0, 0x73, 0xd0, 0x7b, 0xd0, 0x7b, 0xf0, 0x7b,
    0xf0, 0x7b, 0x11, 0x7c, 0x31, 0x84, 0x51, 0x84, 0x52, 0x84, 0x52, 0x84,
    0x72, 0x8c, 0x72, 0x84, 0x72, 0x8c, 0x72, 0x8c, 0x72, 0x8c, 0x72, 0x8c,
    0x31, 0x84, 0xcf, 0x7b, 0xaf, 0x73, 0xaf, 0x73, 0x4d, 0x6b, 0x2d, 0x63,
    0x0c, 0x63, 0xeb, 0x5a, 0xcb, 0x5a, 0xcb, 0x5a, 0xec, 0x5a, 0x4d, 0x6b,
    0x4d, 0x6b, 0x4d, 0x63, 0x2d, 0x63, 0x2d, 0x63, 0x2d, 0x63, 0xec, 0x62,
    0xec, 0x5a, 0xcb, 0x5a, 0xcb, 0x5a, 0xeb, 0x5a, 0xcb, 0x5a, 0xaa, 0x52,
    0x8a, 0x52, 0xaa, 0x52, 0x6a, 0x4a, 0x49, 0x4a, 0x28, 0x42, 0x28, 0x42,
    0x28, 0x42, 0x28, 0x42, 0x28, 0x42, 0x29, 0x4a, 0x29, 0x4a, 0x29, 0x4a,
    0x49, 0x4a, 0x49, 0x4a, 0xab, 0x52, 0x0c, 0x63, 0x0c, 0x63, 0x6e, 0x6b,
    0x8e, 0x73, 0xaf, 0x73, 0xaf, 0x73, 0xcf, 0x7b, 0xcf, 0x7b, 0xcf, 0x73,
    0xcf, 0x7b, 0xcf, 0x7b, 0xf0, 0x7b, 0x10, 0x84, 0x31, 0x84, 0x51, 0x84,
    0x72, 0x8c, 0x51, 0x8c, 0x72, 0x8c, 0x92, 0x94, 0x93, 0x94, 0x92, 0x94,
    0x93, 0x94, 0xb3, 0x94, 0x92, 0x94, 0x72, 0x8c, 0x72, 0x8c, 0x51, 0x8c,
    0x10, 0x84, 0x10, 0x84, 0x51, 0x8c, 0x72, 0x8c, 0x92, 0x94, 0x92, 0x94,
    0x11, 0x84, 0xaf, 0x73, 0x6e, 0x6b, 0x4d, 0x6b, 0x4d, 0x6b, 0x4d, 0x6b,
    0x2d, 0x63, 0xec, 0x5a, 0xeb, 0x5a, 0xeb, 0x5a, 0xec, 0x5a, 0x0c, 0x63,
    0x2c, 0x63, 0x0c, 0x63, 0x0c, 0x63, 0x0c, 0x63, 0x0c, 0x5b, 0x0c, 0x63,
    0xec, 0x5a, 0xec, 0x5a, 0x0c, 0x63, 0x0c, 0x63, 0x0c, 0x63, 0x0c, 0x63,
    0x2d, 0x63, 0x2d, 0x63, 0x2d, 0x63, 0x2c, 0x63, 0x0c, 0x63, 0x0c, 0x63,
    0x0c, 0x63, 0x0c, 0x5b, 0xec, 0x5a, 0xeb, 0x5a, 0xec, 0x5a, 0xec, 0x62,
    0xab, 0x52, 0x8a, 0x4a, 0x8a, 0x4a, 0x49, 0x42, 0x49, 0x4a, 0x49, 0x4a,
    0x49, 0x4a, 0x49, 0x4a, 0x69, 0x4a, 0x6a, 0x4a, 0x6a, 0x52, 0xaa, 0x52,
    0xcb, 0x52, 0xcb, 0x5a, 0xcb, 0x5a, 0xcc, 0x5a, 0xec, 0x5a, 0x0c, 0x63,
    0x0c, 0x63, 0x2d, 0x63, 0x4d, 0x6b, 0x6e, 0x6b, 0x6e, 0x6b, 0x6d, 0x6b,
    0x6e, 0x6b, 0x6e, 0x6b, 0x6e, 0x6b, 0x6e, 0x6b, 0x8e, 0x73, 0xaf, 0x73,
    0xaf, 0x73, 0xae, 0x73, 0xaf, 0x73, 0xaf, 0x73, 0xae, 0x73, 0x8e, 0x73,
    0x8e, 0x73, 0x8e, 0x73, 0x6e, 0x6b, 0x6e, 0x6b, 0x6e, 0x6b, 0x8e, 0x6b,
    0x6e, 0x6b, 0x6e, 0x6b, 0x6e, 0x6b, 0x6e, 0x6b, 0x6e, 0x6b, 0x6e, 0x6b,
    0x6e, 0x6b, 0x6e, 0x6b, 0x6e, 0x6b, 0x6e, 0x6b, 0x6e, 0x6b, 0x8e, 0x6b,
    0x8e, 0x6b, 0x6e, 0x6b, 0x8e, 0x6b, 0x6e, 0x6b, 0x6e, 0x6b, 0x4d, 0x63,
    0x4d, 0x63, 0x2d, 0x63, 0x4d, 0x63, 0x4d, 0x63, 0x0d, 0x63, 0xec, 0x5a,
    0x0c, 0x5b, 0x0c, 0x5b, 0x0c, 0x63, 0x2d, 0x63, 0x2d, 0x63, 0x2d, 0x63,
    0x2c, 0x63, 0x0c, 0x63, 0x2d, 0x63, 0x2c, 0x63, 0x2d, 0x63, 0x4d, 0x63,
    0x4e, 0x6b, 0x4d, 0x63, 0x4d, 0x63, 0x0c, 0x63, 0xec, 0x5a, 0xec, 0x5a,
    0xcb, 0x5a, 0xcb, 0x52, 0xab, 0x52, 0x8a, 0x52, 0xaa, 0x52, 0x8a, 0x52,
    0x8a, 0x52, 0x8a, 0x52, 0x6a, 0x4a, 0x6a, 0x4a, 0x49, 0x4a, 0x49, 0x4a,
    0x49, 0x4a, 0x49, 0x4a, 0x49, 0x4a, 0x6a, 0x4a, 0x6a, 0x4a, 0x49, 0x4a,
    0x49, 0x4a, 0x49, 0x4a, 0x49, 0x4a, 0x4a, 0x4a, 0x49, 0x4a, 0x69, 0x4a,
    0x8a, 0x4a, 0x8a, 0x52, 0x8a, 0x52, 0x8a, 0x52, 0x8a, 0x52, 0x8a, 0x4a,
    0x6a, 0x4a, 0x8a, 0x52, 0xab, 0x52, 0xab, 0x52, 0xab, 0x52, 0xab, 0x52,
    0xab, 0x52, 0xaa, 0x52, 0x8a, 0x52, 0xab, 0x52, 0xab, 0x52, 0xab, 0x52,
    0x8a, 0x52, 0x8a, 0x52, 0x8a, 0x52, 0x04, 0x21, 0x6a, 0x4a, 0x8a, 0x52,
    0x6a, 0x52, 0x8a, 0x4a, 0x4a, 0x4a, 0x4a, 0x4a, 0x6a, 0x4a, 0x8b, 0x52,
    0x8b, 0x52, 0xab, 0x52, 0xcb, 0x5a, 0xcb, 0x5a, 0xec, 0x5a, 0xcb, 0x5a,
    0x8a, 0x52, 0x6a, 0x4a, 0x49, 0x4a, 0x69, 0x4a, 0x69, 0x4a, 0x49, 0x4a,
    0x49, 0x42, 0x29, 0x42, 0x29, 0x42, 0x49, 0x4a, 0x6a, 0x4a, 0x8b, 0x52,
    0xab, 0x5a, 0xec, 0x5a, 0xec, 0x5a, 0x0c, 0x5b, 0x0d, 0x63, 0x4e, 0x6b,
    0x6e, 0x6b, 0x6e, 0x6b, 0x8f, 0x73, 0xaf, 0x73, 0xaf, 0x73, 0x8f, 0x73,
    0x8f, 0x73, 0xaf, 0x73, 0xaf, 0x73, 0xcf, 0x73, 0xaf, 0x73, 0xcf, 0x7b,
    0xd0, 0x7b, 0xd0, 0x7b, 0xf0, 0x7b, 0xf0, 0x7b, 0xf0, 0x7b, 0xf0, 0x7b,
    0x11, 0x7c, 0x11, 0x7c, 0x31, 0x84, 0x11, 0x84, 0x11, 0x84, 0x11, 0x84,
    0x11, 0x84, 0xf0, 0x7b, 0xf0, 0x7b, 0xf0, 0x7b, 0xf0, 0x7b, 0xf0, 0x7b,
    0xf0, 0x7b, 0xd0, 0x7b, 0xd0, 0x7b, 0xaf, 0x73, 0xaf, 0x73, 0xaf, 0x73,
    0xd0, 0x7b, 0xf0, 0x7b, 0x11, 0x7c, 0x31, 0x84, 0x31, 0x84, 0x52, 0x84,
    0x51, 0x84, 0x52, 0x84, 0x51, 0x84, 0x72, 0x8c, 0x52, 0x84, 0x52, 0x8c,
    0x72, 0x8c, 0x72, 0x8c, 0x31, 0x84, 0xcf, 0x7b, 0x8e, 0x73, 0x6e, 0x6b,
    0x2d, 0x63, 0x0c, 0x63, 0x0c, 0x63, 0xcc, 0x5a, 0xcb, 0x52, 0xcb, 0x5a,
    0x0c, 0x63, 0x4d, 0x6b, 0x2d, 0x63, 0x0c, 0x63, 0xec, 0x5a, 0xec, 0x62,
    0xec, 0x5a, 0xeb, 0x5a, 0xcb, 0x5a, 0xab, 0x52, 0xcb, 0x5a, 0xab, 0x52,
    0xaa, 0x52, 0x8a, 0x52, 0x8a, 0x52, 0x8a, 0x52, 0x69, 0x4a, 0x29, 0x4a,
    0x08, 0x42, 0x08, 0x42, 0x29, 0x4a, 0x29, 0x4a, 0x08, 0x42, 0x28, 0x42,
    0x28, 0x42, 0x28, 0x42, 0x29, 0x4a, 0x29, 0x4a, 0xaa, 0x52, 0xeb, 0x5a,
    0xec, 0x5a, 0x6d, 0x6b, 0x8e, 0x73, 0x8e, 0x73, 0x8e, 0x73, 0xaf, 0x73,
    0xaf, 0x73, 0xaf, 0x73, 0xcf, 0x7b, 0xcf, 0x7b, 0x10, 0x7c, 0x10, 0x84,
    0x10, 0x84, 0x10, 0x84, 0x51, 0x84, 0x72, 0x8c, 0x92, 0x94, 0x72, 0x8c,
    0x72, 0x8c, 0xb3, 0x94, 0x92, 0x94, 0x92, 0x94, 0x51, 0x8c, 0x31, 0x84,
    0x31, 0x8c, 0x71, 0x8c, 0x72, 0x8c, 0x72, 0x8c, 0x51, 0x8c, 0x31, 0x84,
    0x72, 0x8c, 0x72, 0x8c, 0x10, 0x84, 0x8e, 0x6b, 0x6e, 0x6b, 0x4d, 0x6b,
    0x2c, 0x63, 0x2c, 0x63, 0x2d, 0x63, 0xec, 0x5a, 0xcb, 0x5a, 0xcb, 0x5a,
    0xeb, 0x5a, 0xec, 0x5a, 0x0c, 0x63, 0x0c, 0x63, 0xec, 0x5a, 0x0c, 0x5b,
    0xcb, 0x5a, 0xcb, 0x5a, 0xec, 0x5a, 0x0c, 0x5b, 0x0c, 0x63, 0xec, 0x5a,
    0xec, 0x5a, 0x0c, 0x63, 0x2d, 0x63, 0x2d, 0x63, 0x0c, 0x63, 0x0c, 0x63,
    0x0c, 0x5b, 0x0c, 0x63, 0x0d, 0x63, 0xec, 0x62, 0xec, 0x5a, 0xec, 0x62,
    0xec, 0x5a, 0x0c, 0x63, 0x8a, 0x52, 0x69, 0x4a, 0x6a, 0x4a, 0x49, 0x4a,
    0x28, 0x42, 0x28, 0x42, 0x49, 0x42, 0x49, 0x4a, 0x49, 0x4a, 0x6a, 0x4a,
    0x6a, 0x4a, 0x8a, 0x52, 0xab, 0x5a, 0xab, 0x52, 0xab, 0x52, 0xcb, 0x5a,
    0xeb, 0x5a, 0xcc, 0x5a, 0xec, 0x5a, 0x2c, 0x63, 0x4d, 0x6b, 0x6e, 0x6b,
    0x6d, 0x6b, 0x4d, 0x6b, 0x4d, 0x6b, 0x4d, 0x6b, 0x6d, 0x6b, 0x6e, 0x6b,
    0x8e, 0x73, 0xcf, 0x7b, 0xcf, 0x7b, 0xaf, 0x7b, 0xcf, 0x7b, 0xcf, 0x7b,
    0xaf, 0x73, 0x6e, 0x6b, 0x8e, 0x73, 0x8e, 0x73, 0x8e, 0x73, 0x8e, 0x73,
    0x8f, 0x73, 0xaf, 0x73, 0x8e, 0x73, 0x6e, 0x6b, 0x6e, 0x6b, 0x6e, 0x73,
    0x6e, 0x73, 0x6e, 0x6b, 0x6e, 0x6b, 0x6e, 0x6b, 0x6e, 0x6b, 0x6e, 0x6b,
    0x8e, 0x6b, 0x8e, 0x73, 0x8e, 0x6b, 0x8f, 0x73, 0xaf, 0x73, 0xaf, 0x6b,
    0x8e, 0x6b, 0x8e, 0x6b, 0x6e, 0x6b, 0x6e, 0x6b, 0x6e, 0x6b, 0x6e, 0x6b,
    0x4e, 0x6b, 0x4d, 0x63, 0x2d, 0x6b, 0x4d, 0x63, 0x4d, 0x63, 0x4e, 0x6b,
    0x4d, 0x6b, 0x4d, 0x63, 0x4d, 0x63, 0x4d, 0x6b, 0x4e, 0x6b, 0x4d, 0x6b,
    0x6e, 0x6b, 0x6e, 0x6b, 0x6e, 0x6b, 0x6e, 0x6b, 0x4d, 0x6b, 0x2d, 0x63,
    0x0c, 0x5b, 0xec, 0x5a, 0xec, 0x5a, 0xeb, 0x5a, 0xcb, 0x5a, 0xcb, 0x5a,
    0xcb, 0x5a, 0xab, 0x52, 0xab, 0x52, 0xab, 0x52, 0xab, 0x52, 0x8a, 0x52,
    0x8a, 0x4a, 0x6a, 0x4a, 0x6a, 0x4a, 0x6a, 0x4a, 0x6a, 0x4a, 0x8a, 0x52,
    0x8a, 0x52, 0x8a, 0x4a, 0x8a, 0x52, 0x8a, 0x52, 0x8b, 0x52, 0x8a, 0x52,
    0x8a, 0x52, 0x8a, 0x4a, 0x8a, 0x52, 0x8a, 0x52, 0x6a, 0x4a, 0x6a, 0x4a,
    0x6a, 0x4a, 0x6a, 0x4a, 0x6a, 0x4a, 0x6a, 0x4a, 0x8a, 0x52, 0xab, 0x52,
    0xab, 0x5a, 0xcb, 0x5a, 0xcb, 0x5a, 0xcb, 0x5a, 0xcb, 0x5a, 0xcb, 0x52,
    0xcc, 0x5a, 0xab, 0x5a, 0xcb, 0x52, 0xab, 0x52, 0xab, 0x52, 0x04, 0x21,
    0x6a, 0x4a, 0x8a, 0x52, 0x6a, 0x4a, 0x6a, 0x4a, 0x69, 0x4a, 0x49, 0x4a,
    0x6a, 0x52, 0x8a, 0x52, 0x8b, 0x52, 0x8b, 0x52, 0xcb, 0x5a, 0xec, 0x5a,
    0xec, 0x5a, 0xcb, 0x5a, 0x8a, 0x52, 0x49, 0x4a, 0x49, 0x4a, 0x49, 0x4a,
    0x49, 0x4a, 0x09, 0x42, 0x08, 0x42, 0x08, 0x42, 0x29, 0x42, 0x49, 0x4a,
    0x8a, 0x52, 0xab, 0x52, 0xcc, 0x5a, 0x0c, 0x63, 0x0d, 0x63, 0x2d, 0x63,
    0x4d, 0x63, 0x4e, 0x6b, 0x6e, 0x6b, 0x8e, 0x6b, 0x8f, 0x73, 0xaf, 0x73,
    0xaf, 0x73, 0xaf, 0x73, 0xaf, 0x73, 0xaf, 0x73, 0xcf, 0x73, 0xaf, 0x73,
    0xaf, 0x73, 0xaf, 0x73, 0xaf, 0x73, 0xcf, 0x73, 0xf0, 0x7b, 0xf0, 0x7b,
    0xf1, 0x7b, 0x11, 0x7c, 0x11, 0x84, 0x11, 0x84, 0x11, 0x84, 0x11, 0x84,
    0x32, 0x84, 0x32, 0x84, 0x31, 0x84, 0x31, 0x84, 0x11, 0x7c, 0x11, 0x84,
    0xf0, 0x7b, 0xf0, 0x7b, 0xf0, 0x7b, 0xf0, 0x7b, 0xcf, 0x7b, 0xaf, 0x73,
    0xaf, 0x73, 0xaf, 0x73, 0xd0, 0x73, 0xf0, 0x7b, 0x10, 0x7c, 0x31, 0x84,
    0x31, 0x84, 0x31, 0x84, 0x51, 0x84, 0x52, 0x84, 0x72, 0x8c, 0x51, 0x8c,
    0x72, 0x8c, 0x72, 0x8c, 0x72, 0x8c, 0x72, 0x8c, 0x72, 0x8c, 0x31, 0x84,
    0xcf, 0x7b, 0x8e, 0x73, 0x2d, 0x63, 0x0c, 0x63, 0xec, 0x5a, 0xcb, 0x5a,
    0xab, 0x52, 0x0c, 0x63, 0x0c, 0x63, 0x2d, 0x63, 0x0c, 0x63, 0xec, 0x5a,
    0xeb, 0x5a, 0xcb, 0x5a, 0xeb, 0x5a, 0xab, 0x52, 0xab, 0x52, 0xab, 0x52,
    0xab, 0x52, 0x8a, 0x52, 0x8a, 0x52, 0x69, 0x4a, 0x6a, 0x4a, 0x6a, 0x4a,
    0x49, 0x4a, 0x28, 0x42, 0x08, 0x42, 0x08, 0x42, 0x08, 0x42, 0x28, 0x42,
    0x08, 0x42, 0x08, 0x42, 0x28, 0x42, 0x08, 0x42, 0x28, 0x42, 0x29, 0x4a,
    0x8a, 0x52, 0xcb, 0x5a, 0xcb, 0x5a, 0x2c, 0x63, 0x8e, 0x73, 0x4d, 0x6b,
    0x6d, 0x6b, 0xae, 0x73, 0xaf, 0x73, 0xcf, 0x7b, 0xcf, 0x7b, 0xcf, 0x7b,
    0xf0, 0x7b, 0x10, 0x84, 0x30, 0x84, 0xf0, 0x83, 0x31, 0x84, 0x72, 0x8c,
    0x92, 0x94, 0x72, 0x8c, 0x72, 0x8c, 0x92, 0x94, 0x92, 0x94, 0x72, 0x8c,
    0x72, 0x8c, 0x31, 0x84, 0x10, 0x84, 0xcf, 0x7b, 0x10, 0x84, 0x31, 0x84,
    0x31, 0x84, 0x31, 0x84, 0x31, 0x84, 0x72, 0x8c, 0x8e, 0x73, 0x4d, 0x6b,
    0x4d, 0x6b, 0x0c, 0x63, 0xec, 0x5a, 0xec, 0x5a, 0x0c, 0x63, 0xec, 0x62,
    0xcb, 0x5a, 0xcb, 0x5a, 0xec, 0x5a, 0xcb, 0x5a, 0x0c, 0x63, 0xcb, 0x5a,
    0xcb, 0x5a, 0xec, 0x5a, 0xab, 0x52, 0xcb, 0x5a, 0xeb, 0x5a, 0xeb, 0x5a,
    0xec, 0x5a, 0xec, 0x5a, 0xcb, 0x5a, 0xec, 0x5a, 0x2c, 0x63, 0x2c, 0x63,
    0x0c, 0x63, 0xec, 0x5a, 0xec, 0x5a, 0xec, 0x5a, 0x0c, 0x63, 0x0c, 0x63,
    0x0c, 0x63, 0x0c, 0x63, 0x0c, 0x5b, 0xeb, 0x5a, 0x8a, 0x52, 0x69, 0x4a,
    0x69, 0x4a, 0x29, 0x4a, 0x28, 0x42, 0x28, 0x42, 0x29, 0x42, 0x49, 0x4a,
    0x49, 0x4a, 0x69, 0x4a, 0x6a, 0x4a, 0x8a, 0x52, 0xab, 0x52, 0xab, 0x52,
    0xab, 0x52, 0xab, 0x52, 0xab, 0x52, 0xcb, 0x5a, 0xcb, 0x5a, 0x0c, 0x63,
    0x4d, 0x6b, 0x6e, 0x6b, 0x4e, 0x6b, 0x2d, 0x6b, 0x4d, 0x6b, 0x4d, 0x6b,
    0x4e, 0x6b, 0x6e, 0x6b, 0x8e, 0x73, 0xcf, 0x7b, 0xd0, 0x7b, 0xcf, 0x73,
    0xcf, 0x7b, 0xaf, 0x73, 0xaf, 0x73, 0x8e, 0x73, 0xaf, 0x73, 0xcf, 0x7b,
    0xcf, 0x73, 0x8f, 0x73, 0xaf, 0x73, 0xcf, 0x73, 0xaf, 0x73, 0xaf, 0x73,
    0x8e, 0x73, 0x8e, 0x6b, 0x8e, 0x73, 0x6e, 0x6b, 0x6e, 0x6b, 0x6e, 0x6b,
    0x6e, 0x6b, 0x8e, 0x73, 0xaf, 0x73, 0x8f, 0x73, 0x8f, 0x6b, 0xaf, 0x73,
    0xb0, 0x73, 0xb0, 0x73, 0xcf, 0x73, 0xcf, 0x73, 0xaf, 0x73, 0xaf, 0x73,
    0xaf, 0x73, 0xaf, 0x73, 0x8f, 0x73, 0x8e, 0x6b, 0x6e, 0x6b, 0x6e, 0x73,
    0x8e, 0x6b, 0x8e, 0x6b, 0x8e, 0x6b, 0x8e, 0x6b, 0x8e, 0x6b, 0x8f, 0x6b,
    0x8e, 0x73, 0x8f, 0x6b, 0xae, 0x73, 0x8e, 0x6b, 0x8e, 0x6b, 0x8e, 0x6b,
    0x6e, 0x6b, 0x2d, 0x63, 0x0d, 0x63, 0x0c, 0x63, 0x0c, 0x63, 0xec, 0x5a,
    0xec, 0x5a, 0xec, 0x5a, 0xec, 0x5a, 0xec, 0x5a, 0xcb, 0x5a, 0xcb, 0x5a,
    0xcb, 0x5a, 0xab, 0x52, 0xab, 0x52, 0xab, 0x52, 0x8a, 0x52, 0xab, 0x52,
    0xab, 0x52, 0xab, 0x52, 0xab, 0x52, 0xab, 0x52, 0xab, 0x52, 0xcb, 0x52,
    0xcb, 0x52, 0xcb, 0x52, 0xab, 0x52, 0xab, 0x52, 0x8b, 0x52, 0x8a, 0x52,
    0x6a, 0x4a, 0x6a, 0x4a, 0x6a, 0x4a, 0x6a, 0x4a, 0x6a, 0x4a, 0x6a, 0x52,
    0xaa, 0x52, 0xab, 0x52, 0xab, 0x5a, 0xcb, 0x5a, 0xcc, 0x5a, 0xec, 0x5a,
    0xec, 0x5a, 0xec, 0x5a, 0xec, 0x5a, 0xcc, 0x5a, 0xec, 0x5a, 0xec, 0x5a,
    0xcb, 0x5a, 0x25, 0x21, 0x69, 0x4a, 0x6a, 0x4a, 0x49, 0x4a, 0x49, 0x4a,
    0x6a, 0x4a, 0x6a, 0x4a, 0x6a, 0x4a, 0x6a, 0x4a, 0x6a, 0x4a, 0xaa, 0x52,
    0xcb, 0x5a, 0xcb, 0x5a, 0xec, 0x5a, 0xcb, 0x5a, 0x6a, 0x4a, 0x49, 0x42,
    0x49, 0x4a, 0x49, 0x4a, 0x29, 0x42, 0x08, 0x3a, 0x08, 0x42, 0x09, 0x42,
    0x29, 0x42, 0x6a, 0x4a, 0xab, 0x52, 0xcb, 0x5a, 0x0c, 0x5b, 0x0d, 0x63,
    0x0d, 0x63, 0x2d, 0x63, 0x4d, 0x63, 0x8e, 0x6b, 0x8f, 0x6b, 0x8f, 0x6b,
    0x8f, 0x73, 0xaf, 0x73, 0xaf, 0x73, 0xaf, 0x73, 0xaf, 0x73, 0xcf, 0x73,
    0xcf, 0x73, 0xd0, 0x7b, 0xcf, 0x73, 0xaf, 0x73, 0x8f, 0x73, 0xcf, 0x73,
    0xcf, 0x73, 0xf0, 0x7b, 0xf0, 0x7b, 0xf1, 0x7b, 0x11, 0x7c, 0x10, 0x84,
    0x11, 0x7c, 0x11, 0x7c, 0x31, 0x84, 0x31, 0x84, 0x31, 0x84, 0x31, 0x84,
    0x11, 0x84, 0x11, 0x84, 0x11, 0x84, 0x11, 0x84, 0xf1, 0x7b, 0xf0, 0x7b,
    0xf0, 0x7b, 0xd0, 0x7b, 0xaf, 0x73, 0xaf, 0x73, 0xcf, 0x7b, 0xf0, 0x7b,
    0x11, 0x7c, 0x31, 0x84, 0x31, 0x84, 0x31, 0x84, 0x32, 0x84, 0x52, 0x84,
    0x52, 0x84, 0x52, 0x84, 0x51, 0x84, 0x52, 0x8c, 0x72, 0x8c, 0x93, 0x8c,
    0x72, 0x8c, 0x71, 0x8c, 0x92, 0x94, 0x31, 0x84, 0xaf, 0x73, 0x2c, 0x63,
    0xec, 0x5a, 0xab, 0x5a, 0xcb, 0x5a, 0x0c, 0x5b, 0x0c, 0x63, 0x2d, 0x63,
    0xec, 0x5a, 0xeb, 0x5a, 0xcb, 0x5a, 0xeb, 0x5a, 0xcb, 0x5a, 0x8a, 0x52,
    0x8a, 0x52, 0x8a, 0x52, 0x8a, 0x52, 0x8a, 0x52, 0x69, 0x4a, 0x49, 0x4a,
    0x49, 0x42, 0x29, 0x4a, 0x28, 0x4a, 0x08, 0x42, 0x08, 0x42, 0x08, 0x42,
    0x08, 0x42, 0x08, 0x42, 0x08, 0x42, 0x28, 0x42, 0x08, 0x42, 0x08, 0x42,
    0x28, 0x42, 0x29, 0x42, 0x8a, 0x52, 0xcb, 0x52, 0xab, 0x52, 0xec, 0x5a,
    0x2d, 0x6b, 0x6d, 0x6b, 0x6e, 0x6b, 0xaf, 0x73, 0xae, 0x73, 0xf0, 0x7b,
    0xf0, 0x83, 0xcf, 0x7b, 0xcf, 0x7b, 0x10, 0x84, 0x31, 0x84, 0x10, 0x84,
    0x10, 0x84, 0x51, 0x8c, 0x92, 0x94, 0x51, 0x8c, 0x71, 0x8c, 0x51, 0x8c,
    0x51, 0x84, 0x31, 0x84, 0x10, 0x84, 0xef, 0x7b, 0xf0, 0x7b, 0x8e, 0x73,
    0xaf, 0x73, 0xcf, 0x7b, 0xcf, 0x7b, 0xaf, 0x7b, 0xcf, 0x7b, 0xef, 0x7b,
    0x4d, 0x6b, 0x4d, 0x63, 0x2d, 0x63, 0x2d, 0x63, 0x0c, 0x63, 0x0c, 0x63,
    0xcb, 0x5a, 0xcb, 0x52, 0xca, 0x5a, 0xcb, 0x52, 0xcb, 0x5a, 0xcb, 0x5a,
    0xab, 0x52, 0xab, 0x52, 0xcb, 0x52, 0xaa, 0x5a, 0xaa, 0x52, 0xab, 0x52,
    0xab, 0x52, 0xaa, 0x5a, 0xec, 0x5a, 0xcb, 0x5a, 0xcb, 0x5a, 0xcb, 0x5a,
    0xec, 0x5a, 0x0d, 0x63, 0x0c, 0x63, 0xec, 0x5a, 0xec, 0x5a, 0xcb, 0x5a,
    0xeb, 0x5a, 0x0c, 0x5b, 0x0c, 0x63, 0x0c, 0x63, 0x0c, 0x63, 0xeb, 0x5a,
    0x8a, 0x52, 0x8a, 0x52, 0x6a, 0x4a, 0x49, 0x4a, 0x08, 0x42, 0x28, 0x42,
    0x08, 0x42, 0x28, 0x42, 0x49, 0x42, 0x69, 0x4a, 0x6a, 0x4a, 0x6a, 0x52,
    0x8a, 0x52, 0xaa, 0x52, 0xab, 0x52, 0x8a, 0x52, 0xaa, 0x52, 0xab, 0x52,
    0xcb, 0x5a, 0x2c, 0x63, 0x4d, 0x6b, 0x4d, 0x6b, 0x4d, 0x6b, 0x2d, 0x63,
    0x2d, 0x63, 0x4d, 0x63, 0x4d, 0x6b, 0x4d, 0x6b, 0x8e, 0x6b, 0xcf, 0x73,
    0xd0, 0x7b, 0xcf, 0x7b, 0xcf, 0x7b, 0xaf, 0x73, 0xcf, 0x7b, 0xaf, 0x73,
    0xaf, 0x73, 0xd0, 0x7b, 0xcf, 0x7b, 0xaf, 0x73, 0xd0, 0x7b, 0xf0, 0x7b,
    0xf0, 0x7b, 0xd0, 0x7b, 0xaf, 0x73, 0x8f, 0x73, 0x8e, 0x6b, 0x6e, 0x6b,
    0x8e, 0x73, 0x8e, 0x73, 0xaf, 0x73, 0xaf, 0x73, 0xaf, 0x73, 0xaf, 0x73,
    0x8e, 0x73, 0xcf, 0x73, 0xcf, 0x73, 0xaf, 0x7b, 0xcf, 0x7b, 0xd0, 0x7b,
    0xf0, 0x7b, 0xd0, 0x7b, 0xd0, 0x7b, 0xcf, 0x73, 0xaf, 0x73, 0xaf, 0x73,
    0xaf, 0x73, 0xaf, 0x73, 0xaf, 0x73, 0xaf, 0x73, 0xaf, 0x73, 0xaf, 0x73,
    0xaf, 0x73, 0xaf, 0x73, 0xaf, 0x73, 0xaf, 0x73, 0xaf, 0x73, 0xaf, 0x73,
    0xaf, 0x73, 0x8f, 0x73, 0x6e, 0x6b, 0x4d, 0x63, 0x2d, 0x63, 0x0d, 0x63,
    0x2c, 0x63, 0x0c, 0x63, 0x0c, 0x63, 0x0c, 0x63, 0x0c, 0x63, 0x0c, 0x63,
    0x0c, 0x63, 0x0c, 0x63, 0x0c, 0x5b, 0xec, 0x5a, 0xeb, 0x5a, 0xeb, 0x5a,
    0xcc, 0x5a, 0xcb, 0x5a, 0xcb, 0x5a, 0xcc, 0x5a, 0xcb, 0x5a, 0xcb, 0x5a,
    0xec, 0x5a, 0xec, 0x5a, 0xeb, 0x5a, 0xec, 0x5a, 0xec, 0x5a, 0xcb, 0x5a,
    0xcb, 0x5a, 0xcb, 0x5a, 0xab, 0x52, 0xab, 0x52, 0xab, 0x52, 0xaa, 0x52,
    0x8a, 0x52, 0xaa, 0x52, 0xcb, 0x52, 0xcc, 0x5a, 0xec, 0x5a, 0xec, 0x5a,
    0xec, 0x5a, 0x0c, 0x5b, 0x0c, 0x5b, 0x0d, 0x5b, 0x0c, 0x5b, 0xec, 0x5a,
    0x0c, 0x5b, 0xec, 0x5a, 0xec, 0x5a, 0x25, 0x21, 0x49, 0x4a, 0x6a, 0x4a,
    0x6a, 0x4a, 0x29, 0x4a, 0x49, 0x4a, 0x49, 0x4a, 0x49, 0x4a, 0x6a, 0x4a,
    0x6a, 0x4a, 0xab, 0x52, 0xcb, 0x5a, 0xcb, 0x5a, 0xcc, 0x5a, 0x8a, 0x52,
    0x69, 0x4a, 0x4a, 0x4a, 0x6a, 0x4a, 0x4a, 0x4a, 0x29, 0x42, 0x29, 0x42,
    0x29, 0x42, 0x29, 0x42, 0x49, 0x4a, 0x6a, 0x52, 0xcb, 0x5a, 0xec, 0x5a,
    0x2d, 0x63, 0x2d, 0x63, 0x2d, 0x63, 0x4d, 0x63, 0x6e, 0x6b, 0x8f, 0x73,
    0x6e, 0x6b, 0x8e, 0x6b, 0x8f, 0x73, 0xaf, 0x73, 0xaf, 0x73, 0xaf, 0x73,
    0xaf, 0x73, 0xcf, 0x73, 0xaf, 0x73, 0xd0, 0x73, 0xaf, 0x73, 0xaf, 0x73,
    0xaf, 0x73, 0xaf, 0x73, 0xaf, 0x73, 0xf0, 0x7b, 0x10, 0x84, 0x11, 0x84,
    0xf0, 0x7b, 0x11, 0x7c, 0xf1, 0x7b, 0x11, 0x84, 0x11, 0x7c, 0x11, 0x84,
    0x11, 0x7c, 0x11, 0x84, 0x11, 0x84, 0x31, 0x7c, 0x11, 0x84, 0x11, 0x84,
    0x11, 0x84, 0x11, 0x7c, 0x11, 0x7c, 0xf0, 0x7b, 0xf0, 0x7b, 0xf0, 0x7b,
    0xf0, 0x7b, 0xf0, 0x7b, 0x11, 0x7c, 0x31, 0x84, 0x31, 0x84, 0x32, 0x84,
    0x31, 0x84, 0x31, 0x84, 0x31, 0x84, 0x31, 0x84, 0x31, 0x84, 0x52, 0x8c,
    0x73, 0x8c, 0x93, 0x94, 0x92, 0x8c, 0x71, 0x8c, 0x93, 0x94, 0xb3, 0x94,
    0x30, 0x84, 0x2d, 0x63, 0x0c, 0x63, 0xcb, 0x5a, 0xec, 0x5a, 0xec, 0x5a,
    0xcb, 0x5a, 0xec, 0x5a, 0xec, 0x5a, 0xcb, 0x5a, 0xab, 0x5a, 0xab, 0x52,
    0xaa, 0x52, 0x8a, 0x52, 0x6a, 0x4a, 0x8a, 0x52, 0x8a, 0x4a, 0x69, 0x4a,
    0x49, 0x4a, 0x49, 0x42, 0x28, 0x42, 0x28, 0x42, 0x28, 0x42, 0x08, 0x42,
    0x08, 0x42, 0x08, 0x42, 0x08, 0x42, 0x08, 0x42, 0x29, 0x4a, 0x29, 0x4a,
    0x49, 0x4a, 0x29, 0x42, 0x28, 0x42, 0x49, 0x4a, 0x69, 0x52, 0x8a, 0x52,
    0xaa, 0x52, 0xcb, 0x5a, 0x0c, 0x63, 0x4d, 0x6b, 0x4d, 0x6b, 0x6d, 0x6b,
    0x8e, 0x73, 0xcf, 0x7b, 0xf0, 0x7b, 0x8e, 0x73, 0xaf, 0x73, 0x10, 0x7c,
    0xf0, 0x7b, 0x10, 0x84, 0x10, 0x84, 0x31, 0x84, 0x51, 0x8c, 0x51, 0x8c,
    0x51, 0x8c, 0x31, 0x84, 0xcf, 0x7b, 0xef, 0x7b, 0xef, 0x7b, 0x8e, 0x73,
    0xaf, 0x73, 0x6e, 0x6b, 0x4d, 0x6b, 0x8e, 0x73, 0x8e, 0x73, 0xae, 0x73,
    0x6d, 0x6b, 0x2d, 0x63, 0x2c, 0x63, 0x2c, 0x63, 0x0c, 0x63, 0xec, 0x5a,
    0xec, 0x5a, 0xeb, 0x5a, 0xcb, 0x5a, 0xab, 0x52, 0xcb, 0x5a, 0xcb, 0x5a,
    0xab, 0x52, 0xaa, 0x52, 0x8a, 0x52, 0x8a, 0x52, 0x8a, 0x52, 0x8a, 0x52,
    0x8a, 0x52, 0x8a, 0x52, 0xaa, 0x52, 0xaa, 0x52, 0xab, 0x5a, 0xcb, 0x52,
    0xab, 0x52, 0xcb, 0x5a, 0xec, 0x5a, 0x0c, 0x63, 0x2d, 0x63, 0x0c, 0x63,
    0xcb, 0x5a, 0xcc, 0x5a, 0xec, 0x5a, 0xec, 0x5a, 0x0c, 0x63, 0x2d, 0x63,
    0x0c, 0x63, 0xcb, 0x5a, 0x8a, 0x52, 0x8a, 0x52, 0x8a, 0x52, 0x49, 0x4a,
    0x08, 0x42, 0x08, 0x42, 0x08, 0x42, 0x28, 0x42, 0x29, 0x4a, 0x49, 0x4a,
    0x6a, 0x4a, 0x8a, 0x52, 0x8a, 0x52, 0xab, 0x52, 0xaa, 0x52, 0x8a, 0x52,
    0x8a, 0x52, 0xab, 0x52, 0xcb, 0x5a, 0x0c, 0x63, 0x2d, 0x63, 0x2d, 0x63,
    0x2d, 0x63, 0x0c, 0x63, 0x0c, 0x63, 0x4d, 0x6b, 0x2d, 0x63, 0x4d, 0x6b,
    0x6e, 0x6b, 0xaf, 0x73, 0xd0, 0x7b, 0xf0, 0x7b, 0xcf, 0x7b, 0xcf, 0x7b,
    0xcf, 0x7b, 0xcf, 0x7b, 0xaf, 0x7b, 0xd0, 0x7b, 0xcf, 0x73, 0xcf, 0x7b,
    0xf0, 0x7b, 0x10, 0x7c, 0xf0, 0x7b, 0x10, 0x7c, 0xcf, 0x73, 0x8e, 0x73,
    0x8f, 0x6b, 0xaf, 0x73, 0xcf, 0x7b, 0xd0, 0x7b, 0xcf, 0x73, 0xcf, 0x7b,
    0xcf, 0x73, 0xaf, 0x73, 0xaf, 0x73, 0xcf, 0x7b, 0xd0, 0x73, 0xcf, 0x7b,
    0xd0, 0x7b, 0xf1, 0x7b, 0xf1, 0x7b, 0xf0, 0x7b, 0xd0, 0x7b, 0xd0, 0x73,
    0xcf, 0x73, 0xd0, 0x7b, 0xcf, 0x73, 0xcf, 0x73, 0xd0, 0x7b, 0xd0, 0x7b,
    0xd0, 0x7b, 0xd0, 0x7b, 0xd0, 0x7b, 0xd0, 0x7b, 0xcf, 0x73, 0xaf, 0x73,
    0xcf, 0x73, 0xcf, 0x73, 0xcf, 0x7b, 0xaf, 0x73, 0x8e, 0x6b, 0x6e, 0x6b,
    0x6e, 0x6b, 0x6e, 0x6b, 0x6e, 0x6b, 0x4d, 0x63, 0x4d, 0x63, 0x4d, 0x63,
    0x2d, 0x63, 0x4d, 0x63, 0x4d, 0x63, 0x2d, 0x63, 0x2d, 0x63, 0x2d, 0x63,
    0x0c, 0x63, 0x0d, 0x63, 0x0d, 0x63, 0x2c, 0x63, 0x0c, 0x63, 0x0c, 0x5b,
    0x0c, 0x63, 0x0c, 0x5b, 0x0c, 0x63, 0x0c, 0x63, 0x0c, 0x63, 0x0c, 0x63,
    0x0d, 0x63, 0x0c, 0x63, 0x0c, 0x5b, 0x0c, 0x5b, 0xec, 0x5a, 0xec, 0x5a,
    0xec, 0x5a, 0xec, 0x5a, 0xec, 0x5a, 0xec, 0x5a, 0xec, 0x5a, 0x0c, 0x5b,
    0x0c, 0x5b, 0x0c, 0x63, 0x2c, 0x63, 0x0d, 0x63, 0x0d, 0x63, 0x0d, 0x63,
    0x0d, 0x63, 0x0d, 0x63, 0x0d, 0x63, 0x0d, 0x5b, 0x0c, 0x5b, 0x25, 0x29,
    0x49, 0x4a, 0x49, 0x4a, 0x49, 0x4a, 0x28, 0x42, 0x08, 0x42, 0x08, 0x42,
    0x29, 0x42, 0x4a, 0x4a, 0x8a, 0x52, 0xcb, 0x5a, 0xec, 0x5a, 0xcc, 0x5a,
    0xcb, 0x52, 0x8a, 0x52, 0x49, 0x4a, 0x6a, 0x4a, 0x6a, 0x4a, 0x6a, 0x4a,
    0x49, 0x4a, 0x29, 0x42, 0x49, 0x4a, 0x49, 0x4a, 0x6a, 0x4a, 0xab, 0x52,
    0xec, 0x5a, 0x2d, 0x63, 0x4d, 0x63, 0x2d, 0x63, 0x4d, 0x63, 0x4d, 0x6b,
    0x8f, 0x6b, 0x8f, 0x6b, 0x8e, 0x73, 0x8f, 0x73, 0x8f, 0x73, 0xaf, 0x73,
    0xaf, 0x73, 0xcf, 0x73, 0xaf, 0x73, 0xd0, 0x7b, 0xd0, 0x7b, 0xaf, 0x73,
    0xcf, 0x7b, 0xcf, 0x73, 0xb0, 0x73, 0xaf, 0x73, 0xcf, 0x73, 0xd0, 0x7b,
    0xf0, 0x7b, 0xf0, 0x7b, 0x11, 0x84, 0x11, 0x7c, 0xf0, 0x7b, 0xf0, 0x7b,
    0x11, 0x84, 0x11, 0x84, 0x11, 0x7c, 0x31, 0x84, 0x32, 0x84, 0x11, 0x84,
    0x31, 0x84, 0x32, 0x84, 0x32, 0x84, 0x11, 0x84, 0x11, 0x7c, 0xf0, 0x7b,
    0xf0, 0x7b, 0xf0, 0x7b, 0x11, 0x7c, 0x11, 0x7c, 0x31, 0x84, 0x31, 0x84,
    0x31, 0x84, 0x31, 0x84, 0x31, 0x84, 0x11, 0x84, 0x11, 0x84, 0x31, 0x84,
    0x31, 0x84, 0x72, 0x8c, 0x72, 0x8c, 0x93, 0x94, 0x93, 0x94, 0x92, 0x94,
    0x93, 0x94, 0xb3, 0x94, 0x10, 0x84, 0x2d, 0x63, 0x0c, 0x63, 0xec, 0x5a,
    0xec, 0x5a, 0xcb, 0x5a, 0xcb, 0x5a, 0xcb, 0x5a, 0xab, 0x52, 0xcb, 0x5a,
    0xab, 0x52, 0x8a, 0x52, 0x8a, 0x4a, 0x6a, 0x4a, 0x69, 0x4a, 0x89, 0x4a,
    0x69, 0x4a, 0x49, 0x4a, 0x29, 0x4a, 0x49, 0x42, 0x08, 0x42, 0x08, 0x42,
    0x08, 0x42, 0x08, 0x42, 0x08, 0x42, 0x08, 0x42, 0x08, 0x42, 0x08, 0x42,
    0x29, 0x4a, 0x28, 0x42, 0x28, 0x42, 0x49, 0x4a, 0x29, 0x4a, 0x49, 0x4a,
    0x69, 0x4a, 0x8a, 0x52, 0x6a, 0x52, 0x8a, 0x52, 0xcb, 0x5a, 0x2c, 0x63,
    0x4d, 0x6b, 0x6d, 0x6b, 0x8e, 0x73, 0xaf, 0x73, 0xaf, 0x73, 0x6e, 0x6b,
    0xcf, 0x7b, 0xd0, 0x7b, 0xf0, 0x7b, 0xf0, 0x7b, 0xf0, 0x7b, 0x10, 0x7c,
    0x10, 0x84, 0x31, 0x84, 0x31, 0x84, 0x10, 0x84, 0xcf, 0x7b, 0xaf, 0x73,
    0xcf, 0x7b, 0x6d, 0x6b, 0x6e, 0x6b, 0x6e, 0x6b, 0x2d, 0x63, 0x6e, 0x6b,
    0x6e, 0x6b, 0x0c, 0x63, 0xec, 0x5a, 0x0c, 0x63, 0xeb, 0x5a, 0xeb, 0x62,
    0xeb, 0x5a, 0xcb, 0x5a, 0xcb, 0x5a, 0xcb, 0x5a, 0xcb, 0x5a, 0xab, 0x52,
    0xaa, 0x52, 0xaa, 0x52, 0xaa, 0x52, 0x8a, 0x52, 0x8a, 0x4a, 0x69, 0x4a,
    0x69, 0x4a, 0x69, 0x4a, 0x69, 0x4a, 0x8a, 0x4a, 0x8a, 0x52, 0x8a, 0x4a,
    0x6a, 0x52, 0x8a, 0x52, 0xab, 0x52, 0xcb, 0x5a, 0xec, 0x5a, 0x0c, 0x63,
    0x0c, 0x63, 0x0c, 0x63, 0xec, 0x5a, 0xec, 0x5a, 0x0c, 0x63, 0xec, 0x5a,
    0xec, 0x5a, 0x0c, 0x63, 0x0c, 0x63, 0xeb, 0x5a, 0x8a, 0x52, 0xab, 0x52,
    0x8a, 0x52, 0x69, 0x4a, 0x08, 0x42, 0x08, 0x42, 0x08, 0x42, 0x08, 0x42,
    0x49, 0x42, 0x49, 0x4a, 0x69, 0x4a, 0x6a, 0x4a, 0x8a, 0x52, 0xab, 0x52,
    0x8b, 0x52, 0x8a, 0x52, 0x8a, 0x52, 0xab, 0x52, 0xcc, 0x5a, 0xec, 0x5a,
    0x0c, 0x63, 0x0c, 0x5b, 0xec, 0x5a, 0xec, 0x5a, 0x0c, 0x63, 0x4d, 0x63,
    0x2d, 0x63, 0x4d, 0x6b, 0x6e, 0x6b, 0xaf, 0x73, 0xf0, 0x7b, 0xf0, 0x7b,
    0x10, 0x84, 0xcf, 0x7b, 0xf0, 0x7b, 0xf0, 0x7b, 0xaf, 0x73, 0xaf, 0x73,
    0xf0, 0x7b, 0x31, 0x84, 0x31, 0x84, 0x11, 0x84, 0x10, 0x7c, 0x10, 0x84,
    0xd0, 0x73, 0x8f, 0x73, 0x8f, 0x73, 0xcf, 0x73, 0xf0, 0x7b, 0xf0, 0x7b,
    0xf0, 0x7b, 0xf0, 0x7b, 0xd0, 0x7b, 0xaf, 0x73, 0xd0, 0x7b, 0xd0, 0x7b,
    0xf0, 0x7b, 0xf0, 0x7b, 0xf0, 0x7b, 0x11, 0x7c, 0x11, 0x7c, 0xf0, 0x7b,
    0xf0, 0x7b, 0xf0, 0x7b, 0xd0, 0x7b, 0xd0, 0x7b, 0xd0, 0x7b, 0xf0, 0x7b,
    0xf0, 0x7b, 0xf0, 0x7b, 0xf0, 0x7b, 0xf1, 0x7b, 0xf0, 0x7b, 0xf1, 0x7b,
    0xd0, 0x7b, 0xd0, 0x7b, 0xd0, 0x7b, 0xcf, 0x73, 0xcf, 0x7b, 0xaf, 0x73,
    0xaf, 0x73, 0xaf, 0x73, 0xaf, 0x73, 0xaf, 0x73, 0x8e, 0x73, 0x8e, 0x6b,
    0x6f, 0x6b, 0x6f, 0x6b, 0x6e, 0x6b, 0x6e, 0x6b, 0x6e, 0x6b, 0x6e, 0x6b,
    0x6e, 0x6b, 0x4e, 0x6b, 0x4d, 0x63, 0x4e, 0x63, 0x4e, 0x6b, 0x4d, 0x63,
    0x4e, 0x63, 0x4d, 0x63, 0x4d, 0x63, 0x4e, 0x63, 0x4d, 0x63, 0x4e, 0x63,
    0x2d, 0x63, 0x2d, 0x63, 0x2d, 0x63, 0x2d, 0x63, 0x2d, 0x63, 0x2d, 0x63,
    0x2d, 0x63, 0x2d, 0x63, 0x0c, 0x63, 0x0d, 0x63, 0x0c, 0x63, 0x2d, 0x63,
    0x2d, 0x63, 0x2d, 0x63, 0x2d, 0x63, 0x2d, 0x63, 0x2d, 0x63, 0x2d, 0x63,
    0x2d, 0x63, 0x2d, 0x63, 0x2d, 0x63, 0x2d, 0x63, 0x0d, 0x63, 0x0d, 0x63,
    0x0d, 0x5b, 0x25, 0x21, 0x29, 0x42, 0x29, 0x42, 0x29, 0x42, 0x29, 0x42,
    0x08, 0x42, 0x08, 0x3a, 0x29, 0x42, 0x6a, 0x4a, 0xab, 0x52, 0xcc, 0x5a,
    0xec, 0x5a, 0xcc, 0x5a, 0xcb, 0x5a, 0xab, 0x52, 0x6a, 0x4a, 0x6a, 0x4a,
    0x6a, 0x4a, 0x69, 0x4a, 0x49, 0x4a, 0x29, 0x42, 0x29, 0x4a, 0x69, 0x4a,
    0xab, 0x52, 0x0c, 0x63, 0x4d, 0x63, 0x2d, 0x63, 0x4d, 0x6b, 0x6e, 0x6b,
    0x4d, 0x6b, 0x6e, 0x6b, 0x6e, 0x6b, 0x8f, 0x73, 0xaf, 0x73, 0x8e, 0x6b,
    0xaf, 0x73, 0xaf, 0x73, 0xd0, 0x73, 0xcf, 0x73, 0xd0, 0x7b, 0xd0, 0x7b,
    0xd0, 0x7b, 0xd0, 0x73, 0xd0, 0x7b, 0xd0, 0x7b, 0xd0, 0x7b, 0xd0, 0x7b,
    0xcf, 0x73, 0xd0, 0x7b, 0xf0, 0x7b, 0xf0, 0x7b, 0xf0, 0x7b, 0xf0, 0x7b,
    0x10, 0x7c, 0xf0, 0x7b, 0x11, 0x7c, 0x11, 0x84, 0x11, 0x84, 0x11, 0x84,
    0x31, 0x84, 0x31, 0x84, 0x31, 0x84, 0x32, 0x84, 0x12, 0x84, 0x31, 0x84,
    0x11, 0x84, 0xf0, 0x7b, 0xf0, 0x7b, 0x11, 0x7c, 0x10, 0x7c, 0x11, 0x84,
    0x31, 0x84, 0x31, 0x84, 0x31, 0x84, 0x52, 0x84, 0x11, 0x84, 0xf0, 0x7b,
    0xf0, 0x7b, 0x31, 0x84, 0x52, 0x8c, 0x72, 0x8c, 0x72, 0x8c, 0x93, 0x8c,
    0x93, 0x94, 0x92, 0x94, 0xb3, 0x94, 0xb3, 0x94, 0xcf, 0x7b, 0x2d, 0x63,
    0x6e, 0x6b, 0x0c, 0x63, 0xec, 0x5a, 0xcb, 0x5a, 0xab, 0x52, 0xab, 0x52,
    0xab, 0x52, 0xab, 0x52, 0x8a, 0x52, 0x69, 0x4a, 0x69, 0x4a, 0x49, 0x4a,
    0x49, 0x4a, 0x69, 0x4a, 0x49, 0x4a, 0x49, 0x4a, 0x49, 0x4a, 0x29, 0x4a,
    0x28, 0x42, 0x28, 0x42, 0x08, 0x42, 0x08, 0x42, 0x08, 0x42, 0x08, 0x42,
    0x08, 0x42, 0x29, 0x42, 0x28, 0x42, 0x28, 0x42, 0x29, 0x4a, 0x28, 0x4a,
    0x29, 0x42, 0x49, 0x4a, 0x6a, 0x52, 0x8a, 0x52, 0x49, 0x4a, 0x69, 0x4a,
    0xaa, 0x52, 0xeb, 0x5a, 0x2d, 0x63, 0x4d, 0x6b, 0x6d, 0x6b, 0x6e, 0x73,
    0x8e, 0x73, 0x8e, 0x73, 0xaf, 0x73, 0xaf, 0x73, 0xcf, 0x7b, 0xcf, 0x7b,
    0xcf, 0x7b, 0xcf, 0x7b, 0xf0, 0x7b, 0x10, 0x7c, 0xf0, 0x7b, 0xf0, 0x7b,
    0xae, 0x73, 0x8e, 0x73, 0x8e, 0x73, 0x6d, 0x6b, 0x4d, 0x6b, 0x0c, 0x63,
    0xeb, 0x5a, 0x2c, 0x63, 0x4d, 0x6b, 0xec, 0x5a, 0xeb, 0x5a, 0x0c, 0x5b,
    0xcb, 0x5a, 0xcb, 0x5a, 0xcb, 0x5a, 0xcb, 0x52, 0xcb, 0x5a, 0xec, 0x5a,
    0x0c, 0x63, 0x4d, 0x63, 0x4d, 0x6b, 0x4d, 0x6b, 0xec, 0x5a, 0xcb, 0x5a,
    0xab, 0x52, 0x6a, 0x4a, 0x49, 0x4a, 0x49, 0x4a, 0x49, 0x4a, 0x49, 0x4a,
    0x49, 0x4a, 0x49, 0x4a, 0x49, 0x4a, 0x69, 0x4a, 0x8a, 0x4a, 0xaa, 0x52,
    0xcb, 0x5a, 0xec, 0x5a, 0xec, 0x62, 0x0c, 0x63, 0xec, 0x5a, 0xec, 0x5a,
    0xcb, 0x5a, 0xab, 0x5a, 0xcb, 0x5a, 0x0c, 0x63, 0x0c, 0x5b, 0xcb, 0x5a,
    0xaa, 0x52, 0x8b, 0x52, 0x8a, 0x52, 0x8a, 0x4a, 0x29, 0x42, 0x08, 0x42,
    0x08, 0x42, 0x08, 0x42, 0x29, 0x42, 0x49, 0x42, 0x49, 0x4a, 0x6a, 0x4a,
    0x6a, 0x4a, 0x8a, 0x52, 0x8a, 0x52, 0x8a, 0x52, 0xab, 0x52, 0xab, 0x52,
    0xcb, 0x5a, 0xcb, 0x5a, 0xec, 0x5a, 0xcb, 0x5a, 0xcb, 0x5a, 0xcb, 0x5a,
    0x0c, 0x63, 0x2d, 0x63, 0x0d, 0x63, 0x2d, 0x63, 0x6d, 0x6b, 0xae, 0x73,
    0x10, 0x84, 0x10, 0x84, 0xf0, 0x7b, 0xcf, 0x7b, 0xf0, 0x7b, 0xf0, 0x7b,
    0x8e, 0x73, 0xcf, 0x7b, 0x10, 0x7c, 0x51, 0x84, 0x31, 0x84, 0x10, 0x7c,
    0x10, 0x7c, 0x11, 0x84, 0xd0, 0x7b, 0xaf, 0x73, 0xaf, 0x73, 0xcf, 0x7b,
    0xf0, 0x7b, 0xf0, 0x7b, 0x10, 0x7c, 0x10, 0x7c, 0xf0, 0x7b, 0xf0, 0x7b,
    0x10, 0x7c, 0x10, 0x7c, 0x11, 0x84, 0x10, 0x7c, 0x11, 0x7c, 0x11, 0x84,
    0x10, 0x7c, 0x11, 0x7c, 0x11, 0x84, 0xf0, 0x7b, 0xf0, 0x7b, 0xf0, 0x7b,
    0xf0, 0x7b, 0xf1, 0x7b, 0xf1, 0x7b, 0xf1, 0x7b, 0xf0, 0x7b, 0xf0, 0x7b,
    0xf0, 0x7b, 0xd0, 0x7b, 0xf0, 0x7b, 0xef, 0x7b, 0xd0, 0x7b, 0xd0, 0x7b,
    0xcf, 0x73, 0xd0, 0x7b, 0xd0, 0x7b, 0xd0, 0x7b, 0xd0, 0x73, 0xaf, 0x73,
    0xaf, 0x73, 0xaf, 0x73, 0xaf, 0x73, 0x8f, 0x73, 0x8f, 0x73, 0x8f, 0x73,
    0x8f, 0x6b, 0x8f, 0x73, 0x8e, 0x6b, 0x6e, 0x6b, 0x6f, 0x6b, 0x8e, 0x6b,
    0x8e, 0x6b, 0x6e, 0x6b, 0x6e, 0x6b, 0x6e, 0x6b, 0x6e, 0x6b, 0x4e, 0x6b,
    0x4e, 0x6b, 0x4e, 0x6b, 0x6e, 0x6b, 0x6e, 0x6b, 0x4e, 0x63, 0x4d, 0x63,
    0x4e, 0x6b, 0x4e, 0x6b, 0x4d, 0x63, 0x4d, 0x63, 0x2d, 0x63, 0x4d, 0x63,
    0x2d, 0x63, 0x2d, 0x63, 0x2d, 0x63, 0x2d, 0x63, 0x2d, 0x63, 0x0d, 0x63,
    0x2d, 0x63, 0x2d, 0x63, 0x2d, 0x63, 0x0d, 0x63, 0x0d, 0x63, 0x0d, 0x63,
    0x2d, 0x63, 0x0d, 0x63, 0x0c, 0x5b, 0x25, 0x29, 0x29, 0x42, 0x29, 0x42,
    0x29, 0x42, 0x08, 0x42, 0x08, 0x42, 0x29, 0x42, 0x29, 0x4a, 0x6a, 0x4a,
    0xab, 0x52, 0xcb, 0x5a, 0xcc, 0x5a, 0xec, 0x5a, 0xcc, 0x5a, 0xcb, 0x52,
    0xaa, 0x52, 0x8a, 0x52, 0x6a, 0x52, 0x69, 0x4a, 0x29, 0x4a, 0x49, 0x4a,
    0x6a, 0x4a, 0x8a, 0x52, 0xec, 0x5a, 0x4d, 0x63, 0x4e, 0x6b, 0x4e, 0x6b,
    0x6e, 0x6b, 0x6e, 0x6b, 0x6e, 0x6b, 0x6e, 0x6b, 0x6e, 0x6b, 0x8e, 0x6b,
    0x8f, 0x73, 0xaf, 0x73, 0xaf, 0x73, 0xaf, 0x73, 0xb0, 0x73, 0xcf, 0x73,
    0xd0, 0x7b, 0xf0, 0x7b, 0xd0, 0x7b, 0xd0, 0x7b, 0xf0, 0x7b, 0xd0, 0x7b,
    0xd0, 0x7b, 0xd0, 0x7b, 0xcf, 0x73, 0xcf, 0x7b, 0xf0, 0x7b, 0xf0, 0x7b,
    0xf0, 0x7b, 0xf0, 0x7b, 0xf0, 0x7b, 0xf0, 0x7b, 0x11, 0x84, 0x11, 0x7c,
    0x11, 0x7c, 0x11, 0x84, 0x31, 0x84, 0x11, 0x7c, 0x31, 0x84, 0x31, 0x84,
    0x32, 0x84, 0x11, 0x84, 0x11, 0x84, 0x11, 0x84, 0x11, 0x7c, 0xf0, 0x83,
    0x11, 0x84, 0x11, 0x84, 0x31, 0x84, 0x31, 0x84, 0x31, 0x84, 0x31, 0x84,
    0x11, 0x84, 0xcf, 0x7b, 0xcf, 0x7b, 0x10, 0x7c, 0x11, 0x84, 0x31, 0x84,
    0x72, 0x8c, 0x72, 0x8c, 0x93, 0x8c, 0x93, 0x94, 0xb3, 0x94, 0xb3, 0x94,
    0x8e, 0x73, 0x4d, 0x6b, 0x6e, 0x6b, 0x0c, 0x63, 0xec, 0x5a, 0xab, 0x52,
    0xab, 0x52, 0xaa, 0x52, 0xaa, 0x52, 0xaa, 0x52, 0x6a, 0x4a, 0x69, 0x4a,
    0x49, 0x4a, 0x49, 0x4a, 0x49, 0x4a, 0x49, 0x4a, 0x29, 0x4a, 0x29, 0x4a,
    0x49, 0x4a, 0x28, 0x42, 0x08, 0x42, 0x08, 0x42, 0x08, 0x42, 0x08, 0x42,
    0x08, 0x42, 0x08, 0x42, 0x08, 0x42, 0x29, 0x4a, 0x28, 0x42, 0x28, 0x42,
    0x29, 0x4a, 0x28, 0x42, 0x08, 0x42, 0x29, 0x4a, 0x49, 0x4a, 0x49, 0x4a,
    0x48, 0x4a, 0x6a, 0x52, 0x8a, 0x52, 0xaa, 0x5a, 0x0c, 0x63, 0x2d, 0x63,
    0x2d, 0x63, 0x6d, 0x6b, 0x8e, 0x73, 0xaf, 0x73, 0x8e, 0x73, 0xae, 0x73,
    0xaf, 0x73, 0xaf, 0x73, 0xae, 0x73, 0xaf, 0x73, 0xcf, 0x7b, 0xcf, 0x7b,
    0xcf, 0x7b, 0xae, 0x73, 0x8e, 0x73, 0x6d, 0x6b, 0x4d, 0x6b, 0x4d, 0x6b,
    0x0c, 0x63, 0xcb, 0x5a, 0xaa, 0x52, 0xcb, 0x5a, 0xec, 0x5a, 0x0c, 0x63,
    0x0c, 0x63, 0xeb, 0x5a, 0xab, 0x5a, 0xeb, 0x5a, 0x2d, 0x63, 0x2d, 0x63,
    0x6e, 0x6b, 0x6e, 0x73, 0x6e, 0x6b, 0x6d, 0x6b, 0x6e, 0x6b, 0xae, 0x73,
    0xaf, 0x73, 0xaf, 0x73, 0x8e, 0x73, 0x2d, 0x63, 0x0c, 0x63, 0x8a, 0x52,
    0x49, 0x42, 0x49, 0x42, 0x49, 0x4a, 0x49, 0x42, 0x69, 0x4a, 0x49, 0x4a,
    0x6a, 0x4a, 0x8a, 0x52, 0xab, 0x52, 0xab, 0x52, 0xab, 0x52, 0xcb, 0x5a,
    0xab, 0x52, 0xaa, 0x52, 0xaa, 0x52, 0x8b, 0x52, 0xab, 0x52, 0xcb, 0x5a,
    0xcb, 0x5a, 0xab, 0x52, 0x8a, 0x52, 0x8a, 0x52, 0x8a, 0x52, 0x8a, 0x4a,
    0x28, 0x42, 0x08, 0x42, 0x08, 0x42, 0x08, 0x42, 0x28, 0x42, 0x29, 0x4a,
    0x49, 0x4a, 0x49, 0x4a, 0x6a, 0x4a, 0x6a, 0x4a, 0x8a, 0x52, 0xab, 0x52,
    0xeb, 0x5a, 0xcb, 0x5a, 0xcb, 0x52, 0xcb, 0x5a, 0xcb, 0x5a, 0xcb, 0x5a,
    0xcb, 0x5a, 0xcb, 0x5a, 0xec, 0x5a, 0x0c, 0x63, 0x0c, 0x63, 0x0c, 0x63,
    0x4d, 0x6b, 0x8e, 0x73, 0x10, 0x84, 0x51, 0x8c, 0x10, 0x84, 0xf0, 0x7b,
    0xf0, 0x7b, 0xd0, 0x7b, 0xaf, 0x73, 0xcf, 0x7b, 0x31, 0x84, 0x31, 0x84,
    0xf0, 0x83, 0xf0, 0x7b, 0xf0, 0x7b, 0xf0, 0x7b, 0xcf, 0x73, 0xaf, 0x73,
    0xd0, 0x7b, 0xf0, 0x7b, 0xf0, 0x7b, 0xf0, 0x7b, 0xf0, 0x7b, 0x10, 0x84,
    0x31, 0x84, 0x52, 0x8c, 0x52, 0x8c, 0x52, 0x84, 0x52, 0x84, 0x31, 0x84,
    0x31, 0x84, 0x31, 0x84, 0x31, 0x84, 0x31, 0x84, 0x31, 0x84, 0x11, 0x84,
    0x11, 0x84, 0x30, 0x7c, 0x11, 0x7c, 0x11, 0x84, 0xf1, 0x7b, 0x11, 0x7c,
    0x11, 0x7c, 0xf0, 0x7b, 0xf0, 0x7b, 0xf0, 0x7b, 0xcf, 0x73, 0xcf, 0x73,
    0xd0, 0x7b, 0xcf, 0x73, 0xd0, 0x73, 0xd0, 0x7b, 0xf0, 0x7b, 0xf0, 0x7b,
    0xd0, 0x7b, 0xf0, 0x7b, 0xf0, 0x7b, 0xd0, 0x7b, 0xcf, 0x73, 0xaf, 0x73,
    0xaf, 0x73, 0xaf, 0x73, 0xaf, 0x73, 0x8f, 0x73, 0x8f, 0x73, 0x8f, 0x73,
    0x8f, 0x73, 0x8f, 0x73, 0x8f, 0x73, 0x8f, 0x6b, 0x6f, 0x6b, 0x6f, 0x6b,
    0x6e, 0x6b, 0x6e, 0x6b, 0x6e, 0x6b, 0x6e, 0x6b, 0x6e, 0x6b, 0x6e, 0x6b,
    0x4e, 0x6b, 0x4e, 0x6b, 0x6e, 0x6b, 0x6e, 0x6b, 0x4e, 0x6b, 0x4e, 0x6b,
    0x4e, 0x6b, 0x4e, 0x6b, 0x4d, 0x63, 0x4d, 0x63, 0x2d, 0x63, 0x2d, 0x63,
    0x2d, 0x63, 0x0d, 0x63, 0x0d, 0x63, 0x2d, 0x63, 0x2d, 0x63, 0x0d, 0x63,
    0x2d, 0x63, 0x2d, 0x63, 0x0d, 0x63, 0x2d, 0x63, 0x0d, 0x63, 0x25, 0x21,
    0x49, 0x4a, 0x49, 0x4a, 0x49, 0x4a, 0x29, 0x42, 0x29, 0x42, 0x29, 0x42,
    0x49, 0x4a, 0x8a, 0x52, 0xab, 0x52, 0xcb, 0x5a, 0xcb, 0x52, 0xec, 0x5a,
    0xec, 0x5a, 0xcb, 0x5a, 0xcb, 0x5a, 0xab, 0x52, 0x8a, 0x52, 0x6a, 0x4a,
    0x6a, 0x4a, 0x8a, 0x52, 0x8a, 0x52, 0xcb, 0x5a, 0xec, 0x5a, 0x4d, 0x63,
    0x4d, 0x63, 0x4d, 0x63, 0x6e, 0x6b, 0x4d, 0x63, 0x4d, 0x63, 0x4e, 0x6b,
    0x6e, 0x6b, 0x6e, 0x6b, 0x8e, 0x73, 0xaf, 0x73, 0xaf, 0x73, 0xaf, 0x73,
    0xcf, 0x73, 0xaf, 0x73, 0xcf, 0x7b, 0xf0, 0x7b, 0xd0, 0x73, 0xd0, 0x73,
    0xef, 0x7b, 0xf0, 0x73, 0xf0, 0x7b, 0xd0, 0x7b, 0xcf, 0x73, 0xd0, 0x7b,
    0xd0, 0x7b, 0xf0, 0x7b, 0xf0, 0x7b, 0xf0, 0x7b, 0xf1, 0x7b, 0x11, 0x7c,
    0x11, 0x84, 0x11, 0x84, 0x11, 0x7c, 0x11, 0x84, 0x31, 0x84, 0x31, 0x84,
    0x31, 0x84, 0x12, 0x84, 0x32, 0x84, 0x32, 0x84, 0x11, 0x84, 0x11, 0x7c,
    0x10, 0x7c, 0x10, 0x7c, 0xf1, 0x7b, 0x11, 0x84, 0x31, 0x84, 0x31, 0x84,
    0x31, 0x84, 0x31, 0x84, 0x11, 0x7c, 0xcf, 0x73, 0xcf, 0x7b, 0xcf, 0x73,
    0xf0, 0x7b, 0xf0, 0x7b, 0x31, 0x84, 0x72, 0x8c, 0x72, 0x8c, 0x92, 0x94,
    0xb3, 0x9c, 0x92, 0x94, 0xae, 0x73, 0x4d, 0x6b, 0x2d, 0x63, 0xcb, 0x5a,
    0xcb, 0x5a, 0xab, 0x52, 0xaa, 0x52, 0x8a, 0x52, 0x8a, 0x52, 0x8a, 0x52,
    0x69, 0x4a, 0x49, 0x4a, 0x49, 0x4a, 0x49, 0x42, 0x49, 0x4a, 0x29, 0x4a,
    0x48, 0x4a, 0x49, 0x4a, 0x29, 0x4a, 0x08, 0x42, 0x08, 0x42, 0x08, 0x42,
    0x08, 0x42, 0xe8, 0x41, 0x08, 0x42, 0x08, 0x42, 0x28, 0x42, 0x08, 0x42,
    0x08, 0x42, 0x29, 0x42, 0x28, 0x42, 0x08, 0x42, 0x08, 0x42, 0x08, 0x42,
    0x28, 0x42, 0x29, 0x42, 0x28, 0x42, 0x6a, 0x52, 0x8a, 0x52, 0xaa, 0x52,
    0xcb, 0x5a, 0x0c, 0x63, 0x0c, 0x63, 0x4d, 0x6b, 0x6e, 0x6b, 0x6e, 0x6b,
    0x6e, 0x6b, 0xaf, 0x73, 0xaf, 0x7b, 0xae, 0x73, 0x8e, 0x73, 0x8f, 0x73,
    0xcf, 0x7b, 0xcf, 0x7b, 0xaf, 0x73, 0x8e, 0x73, 0x6e, 0x6b, 0x2c, 0x63,
    0x2d, 0x6b, 0x0c, 0x63, 0xcb, 0x5a, 0xab, 0x52, 0xaa, 0x52, 0xcb, 0x5a,
    0xec, 0x5a, 0x0c, 0x63, 0xeb, 0x5a, 0x2c, 0x63, 0x4d, 0x6b, 0x4d, 0x6b,
    0x0c, 0x63, 0x0c, 0x5b, 0xec, 0x62, 0x2d, 0x63, 0x8e, 0x73, 0x8e, 0x73,
    0xf0, 0x7b, 0x10, 0x84, 0xf0, 0x83, 0xcf, 0x7b, 0xcf, 0x7b, 0xaf, 0x73,
    0xcf, 0x7b, 0x8e, 0x73, 0x2d, 0x63, 0x0c, 0x63, 0x6a, 0x4a, 0x49, 0x4a,
    0x49, 0x4a, 0x69, 0x4a, 0x6a, 0x4a, 0x89, 0x52, 0x6a, 0x52, 0x8a, 0x52,
    0x8a, 0x52, 0x6a, 0x4a, 0x6a, 0x4a, 0x6a, 0x4a, 0x6a, 0x4a, 0x8a, 0x52,
    0x8a, 0x4a, 0x8a, 0x52, 0xab, 0x52, 0x8a, 0x52, 0x8a, 0x52, 0x8b, 0x52,
    0x8a, 0x52, 0x8a, 0x4a, 0x28, 0x42, 0xe8, 0x41, 0xe8, 0x39, 0x08, 0x42,
    0x29, 0x42, 0x29, 0x42, 0x49, 0x4a, 0x49, 0x4a, 0x69, 0x4a, 0x6a, 0x4a,
    0x6a, 0x4a, 0x8a, 0x52, 0xcb, 0x5a, 0xec, 0x5a, 0xcb, 0x5a, 0xcb, 0x5a,
    0xcc, 0x5a, 0xcb, 0x52, 0xcb, 0x52, 0xcb, 0x52, 0xec, 0x5a, 0x0c, 0x63,
    0xec, 0x5a, 0x0d, 0x63, 0x6e, 0x6b, 0x8e, 0x73, 0xd0, 0x7b, 0x11, 0x84,
    0xf0, 0x7b, 0x10, 0x84, 0x10, 0x84, 0xf0, 0x83, 0x31, 0x84, 0x51, 0x84,
    0x52, 0x8c, 0xf0, 0x7b, 0xd0, 0x7b, 0x8e, 0x73, 0x8e, 0x73, 0x8f, 0x73,
    0xaf, 0x73, 0xcf, 0x7b, 0xf0, 0x7b, 0x10, 0x7c, 0x31, 0x84, 0x51, 0x84,
    0x72, 0x8c, 0x93, 0x8c, 0xb3, 0x94, 0xb3, 0x94, 0xb3, 0x94, 0x93, 0x94,
    0x92, 0x94, 0x92, 0x8c, 0x93, 0x8c, 0x72, 0x8c, 0x72, 0x8c, 0x52, 0x8c,
    0x52, 0x84, 0x51, 0x84, 0x51, 0x84, 0x31, 0x84, 0x31, 0x84, 0x11, 0x84,
    0x11, 0x84, 0x11, 0x84, 0x11, 0x7c, 0xf1, 0x7b, 0xf0, 0x7b, 0xf1, 0x7b,
    0xf0, 0x7b, 0xf0, 0x7b, 0xf0, 0x7b, 0xf0, 0x7b, 0xf0, 0x7b, 0xf0, 0x7b,
    0xf0, 0x7b, 0xf0, 0x7b, 0xf0, 0x7b, 0xf0, 0x7b, 0xf1, 0x7b, 0xf0, 0x7b,
    0xf0, 0x7b, 0xf0, 0x7b, 0xd0, 0x7b, 0xaf, 0x73, 0xcf, 0x73, 0xaf, 0x73,
    0xaf, 0x73, 0xaf, 0x73, 0xaf, 0x73, 0x8f, 0x73, 0x8f, 0x73, 0x8f, 0x73,
    0x8e, 0x6b, 0x8e, 0x6b, 0x8f, 0x73, 0x8f, 0x6b, 0x6f, 0x6b, 0x8f, 0x6b,
    0x6e, 0x6b, 0x8f, 0x6b, 0x6e, 0x6b, 0x6e, 0x6b, 0x6e, 0x6b, 0x6e, 0x6b,
    0x6e, 0x6b, 0x6e, 0x6b, 0x4e, 0x6b, 0x4e, 0x6b, 0x4e, 0x6b, 0x4e, 0x6b,
    0x4e, 0x63, 0x2d, 0x63, 0x4d, 0x63, 0x2d, 0x63, 0x2d, 0x63, 0x2d, 0x63,
    0x2d, 0x63, 0x2d, 0x63, 0x2d, 0x63, 0x4d, 0x63, 0x2d, 0x63, 0x2d, 0x63,
    0x2d, 0x63, 0x45, 0x29, 0x69, 0x4a, 0x6a, 0x4a, 0x49, 0x4a, 0x49, 0x4a,
    0x49, 0x4a, 0x49, 0x4a, 0x6a, 0x4a, 0x8a, 0x52, 0xec, 0x5a, 0xec, 0x5a,
    0xec, 0x5a, 0xec, 0x5a, 0xcb, 0x5a, 0xab, 0x52, 0xaa, 0x52, 0xab, 0x52,
    0x6a, 0x52, 0x6a, 0x4a, 0x8a, 0x4a, 0x8a, 0x52, 0xab, 0x52, 0xeb, 0x5a,
    0x0c, 0x5b, 0x2d, 0x63, 0x2d, 0x63, 0x2d, 0x63, 0x2d, 0x63, 0x2d, 0x63,
    0x2d, 0x63, 0x4d, 0x6b, 0x6e, 0x6b, 0x6e, 0x6b, 0x8f, 0x73, 0xaf, 0x73,
    0xaf, 0x73, 0xcf, 0x73, 0xcf, 0x7b, 0xcf, 0x73, 0xcf, 0x73, 0xcf, 0x7b,
    0xf0, 0x7b, 0xcf, 0x73, 0xd0, 0x7b, 0xef, 0x7b, 0xf0, 0x7b, 0xd0, 0x7b,
    0xcf, 0x73, 0xcf, 0x73, 0xf0, 0x7b, 0xcf, 0x7b, 0xf0, 0x7b, 0xf0, 0x7b,
    0xf1, 0x7b, 0x11, 0x84, 0x11, 0x84, 0x11, 0x84, 0x11, 0x84, 0x31, 0x84,
    0x31, 0x84, 0x31, 0x84, 0x31, 0x84, 0x31, 0x84, 0x32, 0x84, 0x32, 0x84,
    0x32, 0x84, 0x11, 0x84, 0x10, 0x7c, 0xf0, 0x7b, 0x10, 0x7c, 0x30, 0x84,
    0x31, 0x84, 0x31, 0x84, 0x31, 0x84, 0x32, 0x84, 0x10, 0x7c, 0xcf, 0x7b,
    0xf0, 0x7b, 0xcf, 0x7b, 0xd0, 0x7b, 0x10, 0x84, 0x31, 0x84, 0x31, 0x84,
    0x51, 0x8c, 0x72, 0x8c, 0xb3, 0x94, 0x51, 0x8c, 0xaf, 0x73, 0x2d, 0x63,
    0xeb, 0x5a, 0xab, 0x52, 0xab, 0x52, 0x8a, 0x52, 0x8b, 0x52, 0x8a, 0x52,
    0x8a, 0x52, 0x69, 0x4a, 0x49, 0x4a, 0x49, 0x4a, 0x29, 0x4a, 0x48, 0x42,
    0x28, 0x42, 0x29, 0x42, 0x28, 0x42, 0x49, 0x4a, 0x49, 0x4a, 0x28, 0x42,
    0x08, 0x42, 0x08, 0x42, 0x08, 0x42, 0x08, 0x42, 0xe8, 0x41, 0xe8, 0x41,
    0x08, 0x42, 0x08, 0x42, 0x28, 0x42, 0x28, 0x42, 0x29, 0x4a, 0x29, 0x42,
    0x28, 0x42, 0x08, 0x42, 0x28, 0x4a, 0x08, 0x42, 0x28, 0x42, 0x69, 0x4a,
    0x6a, 0x52, 0x6a, 0x52, 0xaa, 0x52, 0xcb, 0x5a, 0xeb, 0x5a, 0x0c, 0x63,
    0x4d, 0x63, 0x2d, 0x6b, 0x4d, 0x6b, 0x8e, 0x73, 0xaf, 0x73, 0xaf, 0x73,
    0x8e, 0x73, 0xae, 0x73, 0xaf, 0x73, 0x8e, 0x73, 0x6e, 0x6b, 0x6e, 0x6b,
    0x4d, 0x6b, 0xeb, 0x5a, 0xeb, 0x5a, 0xec, 0x62, 0xcb, 0x5a, 0xaa, 0x52,
    0xcb, 0x5a, 0xcb, 0x5a, 0xeb, 0x5a, 0x0c, 0x63, 0x8e, 0x73, 0xaf, 0x73,
    0x6e, 0x6b, 0x4d, 0x63, 0x2d, 0x63, 0x2d, 0x6b, 0x6d, 0x6b, 0x6e, 0x6b,
    0x8e, 0x73, 0xae, 0x73, 0xf0, 0x7b, 0x10, 0x84, 0x31, 0x84, 0x31, 0x84,
    0xef, 0x7b, 0x10, 0x84, 0x10, 0x84, 0x10, 0x84, 0xaf, 0x73, 0x2d, 0x63,
    0x2d, 0x63, 0x8a, 0x52, 0x49, 0x4a, 0x8a, 0x4a, 0x8a, 0x52, 0x6a, 0x4a,
    0x69, 0x4a, 0x6a, 0x4a, 0x6a, 0x4a, 0x69, 0x4a, 0x49, 0x4a, 0x69, 0x4a,
    0x6a, 0x4a, 0x69, 0x4a, 0x6a, 0x4a, 0x6a, 0x4a, 0x6a, 0x4a, 0x6a, 0x4a,
    0x8a, 0x52, 0xab, 0x52, 0x8a, 0x52, 0x6a, 0x4a, 0x08, 0x42, 0x08, 0x42,
    0x08, 0x42, 0x08, 0x42, 0x28, 0x42, 0x29, 0x42, 0x29, 0x42, 0x49, 0x4a,
    0x49, 0x4a, 0x69, 0x4a, 0x6a, 0x4a, 0x8a, 0x52, 0xcb, 0x5a, 0xab, 0x52,
    0xec, 0x5a, 0xec, 0x5a, 0xcb, 0x5a, 0xcb, 0x5a, 0xcb, 0x5a, 0xab, 0x52,
    0xec, 0x5a, 0xec, 0x62, 0x0c, 0x63, 0x4d, 0x6b, 0x8e, 0x73, 0x8e, 0x73,
    0x8e, 0x73, 0xd0, 0x7b, 0x10, 0x7c, 0x31, 0x84, 0x31, 0x84, 0x92, 0x94,
    0xb3, 0x94, 0x72, 0x8c, 0x92, 0x94, 0x11, 0x84, 0xef, 0x7b, 0xae, 0x73,
    0x8e, 0x6b, 0xaf, 0x73, 0xf0, 0x7b, 0xf0, 0x7b, 0x10, 0x7c, 0x31, 0x84,
    0x92, 0x8c, 0xb3, 0x94, 0xd3, 0x94, 0xd4, 0x9c, 0xd3, 0x9c, 0xd4, 0x94,
    0xd3, 0x94, 0xd3, 0x9c, 0xd3, 0x94, 0xd3, 0x94, 0xb4, 0x94, 0x93, 0x94,
    0x92, 0x94, 0x93, 0x8c, 0x93, 0x8c, 0x72, 0x8c, 0x72, 0x84, 0x52, 0x8c,
    0x52, 0x84, 0x32, 0x84, 0x11, 0x84, 0x11, 0x84, 0x11, 0x84, 0x11, 0x7c,
    0xf1, 0x7b, 0xf1, 0x7b, 0xf0, 0x7b, 0xf0, 0x7b, 0xf0, 0x7b, 0xf0, 0x7b,
    0xf0, 0x7b, 0xf0, 0x7b, 0xf1, 0x7b, 0x11, 0x7c, 0xf0, 0x7b, 0xf1, 0x7b,
    0xf1, 0x7b, 0xf1, 0x7b, 0xf0, 0x7b, 0xd0, 0x7b, 0xd0, 0x7b, 0xd0, 0x7b,
    0xd0, 0x73, 0xb0, 0x73, 0xcf, 0x73, 0xaf, 0x73, 0xaf, 0x73, 0xaf, 0x73,
    0x8f, 0x73, 0x8f, 0x73, 0x8e, 0x6b, 0x8e, 0x73, 0x8e, 0x73, 0x6e, 0x6b,
    0x6f, 0x6b, 0x8e, 0x73, 0x8f, 0x6b, 0x6f, 0x6b, 0x8f, 0x6b, 0x6e, 0x6b,
    0x6e, 0x6b, 0x6e, 0x6b, 0x6e, 0x6b, 0x6e, 0x6b, 0x6e, 0x6b, 0x6e, 0x6b,
    0x6e, 0x6b, 0x6e, 0x6b, 0x4e, 0x6b, 0x4e, 0x6b, 0x4e, 0x6b, 0x4e, 0x63,
    0x4d, 0x63, 0x4e, 0x63, 0x2e, 0x63, 0x2d, 0x63, 0x2d, 0x63, 0x4d, 0x63,
    0x2d, 0x63, 0x2d, 0x63, 0x4d, 0x63, 0x45, 0x29, 0x6a, 0x4a, 0x4a, 0x4a,
    0x49, 0x4a, 0x49, 0x4a, 0x69, 0x4a, 0x8a, 0x52, 0x8a, 0x52, 0xab, 0x52,
    0xec, 0x5a, 0xec, 0x5a, 0xec, 0x5a, 0xec, 0x5a, 0xcb, 0x5a, 0xab, 0x52,
    0xaa, 0x52, 0x8a, 0x52, 0x6a, 0x4a, 0x6a, 0x4a, 0xab, 0x52, 0xab, 0x52,
    0xab, 0x52, 0xec, 0x5a, 0x0d, 0x63, 0x2d, 0x63, 0x2d, 0x63, 0x2d, 0x63,
    0x2d, 0x63, 0x2d, 0x63, 0x2d, 0x63, 0x6e, 0x6b, 0x8e, 0x6b, 0x8e, 0x6b,
    0xaf, 0x73, 0xaf, 0x73, 0xaf, 0x73, 0xaf, 0x73, 0xb0, 0x73, 0xd0, 0x7b,
    0xcf, 0x73, 0xcf, 0x73, 0xd0, 0x7b, 0xcf, 0x7b, 0xf0, 0x7b, 0xf0, 0x7b,
    0xf0, 0x7b, 0xf0, 0x7b, 0xf0, 0x7b, 0xf0, 0x7b, 0xef, 0x7b, 0xf0, 0x7b,
    0xf0, 0x7b, 0xf0, 0x7b, 0x11, 0x84, 0x11, 0x84, 0x11, 0x7c, 0x31, 0x84,
    0x32, 0x84, 0x32, 0x84, 0x31, 0x84, 0x31, 0x84, 0x11, 0x7c, 0x31, 0x84,
    0x32, 0x84, 0x32, 0x84, 0x32, 0x84, 0x31, 0x84, 0x31, 0x84, 0x31, 0x84,
    0x31, 0x84, 0x31, 0x84, 0x31, 0x84, 0x31, 0x84, 0x31, 0x84, 0x52, 0x84,
    0xf0, 0x7b, 0xcf, 0x7b, 0xf0, 0x7b, 0xcf, 0x7b, 0xd0, 0x7b, 0xf0, 0x7b,
    0xf0, 0x7b, 0x10, 0x84, 0x31, 0x84, 0x52, 0x8c, 0x72, 0x8c, 0x51, 0x8c,
    0xcf, 0x7b, 0x2d, 0x63, 0xcb, 0x5a, 0x8a, 0x52, 0xab, 0x52, 0x8a, 0x52,
    0x8a, 0x52, 0x6a, 0x4a, 0x69, 0x4a, 0x49, 0x4a, 0x29, 0x4a, 0x29, 0x4a,
    0x29, 0x4a, 0x28, 0x42, 0x28, 0x42, 0x28, 0x4a, 0x28, 0x42, 0x29, 0x4a,
    0x28, 0x42, 0x29, 0x4a, 0x29, 0x4a, 0x28, 0x42, 0x08, 0x42, 0x08, 0x42,
    0xe8, 0x39, 0xe7, 0x41, 0xe8, 0x41, 0x08, 0x42, 0x08, 0x42, 0x08, 0x42,
    0x28, 0x42, 0x49, 0x4a, 0x49, 0x4a, 0x08, 0x42, 0x28, 0x42, 0x08, 0x42,
    0x28, 0x42, 0x49, 0x4a, 0x6a, 0x52, 0x6a, 0x52, 0x69, 0x4a, 0x8a, 0x52,
    0xec, 0x5a, 0x0c, 0x63, 0x0c, 0x63, 0x2d, 0x63, 0x4d, 0x6b, 0x6e, 0x6b,
    0xae, 0x73, 0xaf, 0x73, 0x8e, 0x73, 0x8e, 0x73, 0x8f, 0x73, 0x8e, 0x6b,
    0x6e, 0x73, 0x6e, 0x73, 0x4d, 0x6b, 0xab, 0x5a, 0xaa, 0x5a, 0xeb, 0x5a,
    0x0c, 0x63, 0x0c, 0x63, 0x0c, 0x5b, 0x0c, 0x63, 0x2d, 0x6b, 0x6e, 0x6b,
    0x8f, 0x73, 0xcf, 0x7b, 0xcf, 0x7b, 0xf0, 0x7b, 0x31, 0x84, 0x31, 0x84,
    0x10, 0x84, 0xcf, 0x7b, 0x8e, 0x73, 0x8e, 0x73, 0xaf, 0x73, 0xaf, 0x73,
    0xaf, 0x73, 0xcf, 0x7b, 0xf0, 0x7b, 0xf0, 0x7b, 0x10, 0x84, 0x31, 0x84,
    0x10, 0x84, 0x8e, 0x73, 0x0c, 0x63, 0x0c, 0x63, 0xaa, 0x52, 0x6a, 0x4a,
    0x8a, 0x52, 0x8a, 0x4a, 0x69, 0x4a, 0x6a, 0x4a, 0x6a, 0x4a, 0x49, 0x4a,
    0x49, 0x4a, 0x49, 0x4a, 0x49, 0x4a, 0x49, 0x4a, 0x49, 0x4a, 0x49, 0x4a,
    0x49, 0x4a, 0x6a, 0x4a, 0x6a, 0x4a, 0xaa, 0x52, 0x8a, 0x52, 0x49, 0x4a,
    0x08, 0x42, 0x08, 0x42, 0x08, 0x42, 0x28, 0x42, 0x29, 0x42, 0x29, 0x42,
    0x29, 0x42, 0x29, 0x42, 0x49, 0x4a, 0x49, 0x4a, 0x6a, 0x4a, 0x8a, 0x52,
    0xab, 0x52, 0xab, 0x52, 0x0c, 0x63, 0x0c, 0x63, 0xec, 0x5a, 0xec, 0x5a,
    0xcb, 0x5a, 0xec, 0x5a, 0x0c, 0x63, 0x0c, 0x63, 0x4d, 0x63, 0xcf, 0x73,
    0x8e, 0x73, 0x8e, 0x73, 0xae, 0x73, 0xcf, 0x7b, 0xf0, 0x7b, 0x51, 0x8c,
    0x92, 0x94, 0xb3, 0x94, 0xd3, 0x9c, 0x93, 0x94, 0x92, 0x94, 0x72, 0x8c,
    0x31, 0x84, 0x10, 0x84, 0x10, 0x7c, 0x11, 0x84, 0x31, 0x84, 0x30, 0x84,
    0x31, 0x84, 0x72, 0x8c, 0x92, 0x8c, 0xb3, 0x94, 0xf4, 0x9c, 0xf4, 0x9c,
    0xd4, 0x9c, 0xf4, 0x9c, 0xd4, 0x9c, 0xd4, 0x9c, 0xf4, 0x9c, 0xd4, 0x9c,
    0xd4, 0x9c, 0xb4, 0x94, 0x93, 0x94, 0x93, 0x94, 0x92, 0x8c, 0x72, 0x8c,
    0x72, 0x8c, 0x73, 0x8c, 0x52, 0x8c, 0x52, 0x84, 0x52, 0x84, 0x32, 0x84,
    0x31, 0x84, 0x11, 0x84, 0x11, 0x84, 0x11, 0x7c, 0xf0, 0x7b, 0xf1, 0x7b,
    0x10, 0x7c, 0x11, 0x84, 0x11, 0x7c, 0x11, 0x7c, 0x11, 0x84, 0x11, 0x84,
    0x11, 0x7c, 0xf1, 0x7b, 0xf0, 0x7b, 0xf1, 0x7b, 0xf1, 0x7b, 0xf0, 0x7b,
    0xd0, 0x7b, 0xd0, 0x7b, 0xd0, 0x7b, 0xd0, 0x7b, 0xd0, 0x73, 0xaf, 0x73,
    0xaf, 0x73, 0xaf, 0x73, 0x8f, 0x73, 0x8f, 0x73, 0x8f, 0x6b, 0x8f, 0x73,
    0x8f, 0x73, 0x8f, 0x73, 0x8f, 0x73, 0x8f, 0x73, 0x8f, 0x6b, 0x8f, 0x6b,
    0x8f, 0x6b, 0x6f, 0x6b, 0x8f, 0x6b, 0x6e, 0x6b, 0x6e, 0x6b, 0x6e, 0x6b,
    0x6e, 0x6b, 0x6e, 0x6b, 0x6e, 0x6b, 0x6e, 0x6b, 0x6e, 0x6b, 0x6e, 0x6b,
    0x6e, 0x6b, 0x4e, 0x6b, 0x4e, 0x6b, 0x4e, 0x63, 0x2d, 0x63, 0x4d, 0x63,
    0x4d, 0x63, 0x2d, 0x63, 0x4d, 0x63, 0x2d, 0x63, 0x2d, 0x63, 0x45, 0x29,
    0x4a, 0x4a, 0x49, 0x42, 0x49, 0x4a, 0x6a, 0x4a, 0x8a, 0x4a, 0x8a, 0x52,
    0xab, 0x52, 0xab, 0x52, 0xcb, 0x52, 0xcb, 0x5a, 0xec, 0x5a, 0xec, 0x5a,
    0xcb, 0x5a, 0xab, 0x52, 0xab, 0x52, 0x8a, 0x52, 0x49, 0x4a, 0x8a, 0x52,
    0xcb, 0x5a, 0xab, 0x52, 0xec, 0x5a, 0x0d, 0x63, 0x2d, 0x63, 0x2d, 0x63,
    0x2d, 0x63, 0x4d, 0x63, 0x4d, 0x6b, 0x4d, 0x63, 0x4d, 0x63, 0x4e, 0x6b,
    0x6e, 0x6b, 0x8e, 0x6b, 0x8f, 0x73, 0xaf, 0x73, 0xaf, 0x73, 0xaf, 0x73,
    0xcf, 0x73, 0xd0, 0x7b, 0xaf, 0x73, 0xcf, 0x73, 0xd0, 0x7b, 0xd0, 0x7b,
    0xf0, 0x7b, 0xf0, 0x7b, 0xd0, 0x7b, 0xd0, 0x73, 0xf0, 0x7b, 0xd0, 0x7b,
    0xf0, 0x7b, 0xf0, 0x7b, 0xf0, 0x7b, 0x11, 0x84, 0x32, 0x84, 0x31, 0x84,
    0x11, 0x7c, 0x31, 0x84, 0x32, 0x84, 0x11, 0x84, 0x31, 0x84, 0x11, 0x7c,
    0x11, 0x7c, 0x11, 0x84, 0x32, 0x84, 0x32, 0x84, 0x32, 0x84, 0x32, 0x84,
    0x32, 0x84, 0x32, 0x84, 0x32, 0x84, 0x31, 0x84, 0x31, 0x84, 0x11, 0x84,
    0x31, 0x84, 0x31, 0x84, 0xcf, 0x7b, 0xcf, 0x7b, 0xcf, 0x7b, 0xcf, 0x7b,
    0xcf, 0x7b, 0xcf, 0x73, 0xcf, 0x7b, 0xf0, 0x7b, 0x10, 0x84, 0x10, 0x84,
    0x31, 0x84, 0x31, 0x84, 0xf0, 0x7b, 0x2c, 0x63, 0xcb, 0x5a, 0x8a, 0x52,
    0x6a, 0x4a, 0x69, 0x4a, 0x6a, 0x4a, 0x49, 0x4a, 0x49, 0x4a, 0x29, 0x42,
    0x28, 0x4a, 0x28, 0x42, 0x29, 0x4a, 0x28, 0x42, 0x08, 0x42, 0x08, 0x42,
    0x08, 0x42, 0x08, 0x42, 0x08, 0x42, 0x28, 0x42, 0x29, 0x4a, 0x08, 0x42,
    0x08, 0x42, 0x08, 0x42, 0xe8, 0x41, 0x08, 0x42, 0xe8, 0x39, 0xe8, 0x41,
    0xe8, 0x41, 0xe8, 0x41, 0x49, 0x4a, 0x8a, 0x4a, 0x6a, 0x4a, 0x69, 0x4a,
    0x49, 0x4a, 0x29, 0x4a, 0x08, 0x42, 0x49, 0x4a, 0x6a, 0x52, 0x69, 0x4a,
    0x49, 0x4a, 0x6a, 0x4a, 0xec, 0x5a, 0xec, 0x5a, 0x0c, 0x63, 0x0c, 0x63,
    0x4d, 0x63, 0x6e, 0x6b, 0x8e, 0x73, 0xaf, 0x73, 0xae, 0x73, 0x8e, 0x73,
    0x8e, 0x73, 0x6e, 0x6b, 0x6e, 0x6b, 0x8e, 0x73, 0x6d, 0x6b, 0xab, 0x52,
    0x8a, 0x52, 0x2d, 0x63, 0x8e, 0x73, 0x6e, 0x73, 0x4d, 0x6b, 0x6e, 0x6b,
    0xcf, 0x73, 0xf0, 0x7b, 0x10, 0x84, 0x31, 0x84, 0x30, 0x84, 0x10, 0x84,
    0x51, 0x8c, 0x51, 0x8c, 0x52, 0x8c, 0x11, 0x84, 0x8e, 0x73, 0x4d, 0x6b,
    0x4d, 0x63, 0x4d, 0x6b, 0x4d, 0x6b, 0x2d, 0x63, 0x6e, 0x6b, 0x8e, 0x73,
    0xf0, 0x7b, 0x31, 0x84, 0x72, 0x8c, 0x10, 0x84, 0x8e, 0x73, 0xec, 0x5a,
    0x0c, 0x63, 0x49, 0x4a, 0x69, 0x4a, 0x6a, 0x4a, 0x69, 0x4a, 0x49, 0x4a,
    0x28, 0x42, 0x29, 0x42, 0x49, 0x4a, 0x49, 0x42, 0x49, 0x4a, 0x49, 0x4a,
    0x29, 0x42, 0x29, 0x4a, 0x28, 0x42, 0x29, 0x42, 0x69, 0x4a, 0x8a, 0x52,
    0x8a, 0x52, 0x28, 0x42, 0xe8, 0x39, 0xe8, 0x41, 0x08, 0x42, 0x28, 0x42,
    0x29, 0x42, 0x29, 0x42, 0x29, 0x4a, 0x29, 0x4a, 0x49, 0x4a, 0x49, 0x4a,
    0x6a, 0x4a, 0x6a, 0x4a, 0x8a, 0x52, 0xab, 0x52, 0x0c, 0x63, 0x0c, 0x63,
    0x0c, 0x5b, 0xec, 0x5a, 0xcc, 0x5a, 0x0c, 0x63, 0x2d, 0x63, 0x2d, 0x63,
    0x6e, 0x6b, 0x10, 0x84, 0xf0, 0x7b, 0xaf, 0x73, 0xaf, 0x73, 0xf0, 0x7b,
    0x31, 0x84, 0x72, 0x8c, 0xb3, 0x94, 0xd3, 0x9c, 0xb3, 0x94, 0x72, 0x8c,
    0xb3, 0x94, 0x92, 0x94, 0x93, 0x94, 0x92, 0x8c, 0x92, 0x8c, 0x52, 0x8c,
    0x51, 0x84, 0x31, 0x84, 0x51, 0x84, 0x72, 0x8c, 0x93, 0x94, 0xd4, 0x9c,
    0xf4, 0x9c, 0xf4, 0x9c, 0xf4, 0x9c, 0xd3, 0x9c, 0xd3, 0x94, 0xd4, 0x94,
    0xd4, 0x9c, 0xf3, 0x9c, 0xd4, 0x94, 0xd3, 0x94, 0xb3, 0x94, 0x93, 0x94,
    0x92, 0x8c, 0x93, 0x8c, 0x73, 0x8c, 0x73, 0x8c, 0x73, 0x84, 0x52, 0x8c,
    0x73, 0x84, 0x52, 0x84, 0x52, 0x84, 0x51, 0x84, 0x31, 0x84, 0x11, 0x84,
    0x11, 0x84, 0x11, 0x84, 0x11, 0x84, 0x11, 0x84, 0x11, 0x84, 0x31, 0x84,
    0x11, 0x84, 0x11, 0x84, 0x11, 0x84, 0x10, 0x7c, 0xf0, 0x7b, 0xf0, 0x7b,
    0xf0, 0x7b, 0xf1, 0x7b, 0xf0, 0x7b, 0xd0, 0x7b, 0xd0, 0x7b, 0xd0, 0x73,
    0xd0, 0x7b, 0xb0, 0x73, 0xaf, 0x73, 0xaf, 0x73, 0xaf, 0x73, 0xaf, 0x73,
    0x8f, 0x73, 0x8f, 0x6b, 0xaf, 0x6b, 0xaf, 0x73, 0x8f, 0x73, 0xaf, 0x6b,
    0x8f, 0x6b, 0x8f, 0x73, 0x8f, 0x73, 0x8f, 0x6b, 0x6e, 0x6b, 0x8e, 0x6b,
    0x6f, 0x6b, 0x6e, 0x6b, 0x6e, 0x6b, 0x6e, 0x6b, 0x6e, 0x6b, 0x6e, 0x6b,
    0x6e, 0x6b, 0x6e, 0x6b, 0x4e, 0x6b, 0x4e, 0x6b, 0x4e, 0x63, 0x4d, 0x6b,
    0x4d, 0x6b, 0x2d, 0x63, 0x4e, 0x63, 0x2d, 0x63, 0x2d, 0x63, 0x2d, 0x63,
    0x4d, 0x63, 0x45, 0x29, 0x6a, 0x4a, 0x6a, 0x4a, 0x6a, 0x4a, 0x6a, 0x4a,
    0x8a, 0x52, 0x8a, 0x52, 0x8b, 0x52, 0xab, 0x52, 0xab, 0x52, 0xcb, 0x52,
    0xcb, 0x52, 0xcc, 0x5a, 0xec, 0x5a, 0xcb, 0x5a, 0xab, 0x52, 0xab, 0x52,
    0x8a, 0x52, 0xcb, 0x52, 0xcb, 0x5a, 0xcc, 0x5a, 0x0c, 0x5b, 0x2d, 0x63,
    0x2d, 0x63, 0x2d, 0x63, 0x2d, 0x63, 0x4d, 0x63, 0x4e, 0x6b, 0x4e, 0x6b,
    0x4e, 0x6b, 0x6e, 0x6b, 0x8e, 0x6b, 0x8e, 0x6b, 0x8f, 0x73, 0xaf, 0x73,
    0xcf, 0x73, 0xaf, 0x73, 0xcf, 0x73, 0xaf, 0x73, 0xaf, 0x73, 0xcf, 0x73,
    0xcf, 0x73, 0xcf, 0x73, 0xcf, 0x7b, 0xf0, 0x7b, 0xf0, 0x7b, 0xf0, 0x7b,
    0xcf, 0x73, 0xcf, 0x7b, 0xd0, 0x73, 0xd0, 0x7b, 0xf0, 0x7b, 0x32, 0x84,
    0x32, 0x84, 0x31, 0x84, 0x10, 0x84, 0x11, 0x7c, 0x11, 0x84, 0x31, 0x84,
    0x10, 0x7c, 0x10, 0x7c, 0xf0, 0x7b, 0x11, 0x84, 0x31, 0x84, 0x32, 0x84,
    0x32, 0x84, 0x52, 0x84, 0x52, 0x8c, 0x52, 0x8c, 0x32, 0x84, 0x31, 0x84,
    0x11, 0x7c, 0x10, 0x84, 0x31, 0x84, 0x10, 0x7c, 0xcf, 0x7b, 0xaf, 0x73,
    0xcf, 0x73, 0xaf, 0x73, 0x8e, 0x73, 0x8e, 0x73, 0x8e, 0x73, 0xaf, 0x73,
    0xaf, 0x73, 0xae, 0x73, 0xaf, 0x73, 0x6e, 0x73, 0x6d, 0x6b, 0x0c, 0x63,
    0xcb, 0x5a, 0x6a, 0x4a, 0x6a, 0x52, 0x6a, 0x4a, 0x6a, 0x52, 0x49, 0x4a,
    0x49, 0x42, 0x28, 0x42, 0x28, 0x42, 0x08, 0x42, 0x08, 0x42, 0x08, 0x42,
    0x08, 0x42, 0x09, 0x42, 0x08, 0x42, 0x08, 0x42, 0x08, 0x42, 0x08, 0x42,
    0xe8, 0x41, 0x08, 0x42, 0x28, 0x42, 0xe8, 0x41, 0xe7, 0x39, 0xe7, 0x39,
    0xe7, 0x41, 0xe7, 0x39, 0xe7, 0x39, 0x08, 0x42, 0x49, 0x4a, 0x49, 0x4a,
    0x49, 0x4a, 0x49, 0x4a, 0x69, 0x4a, 0x8a, 0x52, 0x49, 0x4a, 0x49, 0x4a,
    0x69, 0x4a, 0x49, 0x4a, 0x49, 0x4a, 0x8a, 0x52, 0xeb, 0x5a, 0xcb, 0x5a,
    0x0c, 0x63, 0x0c, 0x63, 0x2d, 0x63, 0x6d, 0x6b, 0x6e, 0x73, 0x8e, 0x73,
    0x8e, 0x73, 0x8e, 0x73, 0x8e, 0x6b, 0x6e, 0x6b, 0x6e, 0x73, 0x8e, 0x73,
    0x8e, 0x73, 0xcb, 0x5a, 0x8a, 0x52, 0x8e, 0x73, 0xcf, 0x73, 0x4e, 0x6b,
    0xcf, 0x7b, 0x31, 0x84, 0x51, 0x8c, 0x92, 0x94, 0x92, 0x8c, 0x51, 0x8c,
    0x51, 0x8c, 0x51, 0x8c, 0x31, 0x84, 0x11, 0x84, 0x31, 0x84, 0xcf, 0x7b,
    0x6e, 0x6b, 0x2d, 0x63, 0x2d, 0x63, 0xae, 0x73, 0x8e, 0x73, 0x2c, 0x63,
    0x0c, 0x63, 0x4d, 0x6b, 0xaf, 0x73, 0x10, 0x84, 0x93, 0x94, 0x72, 0x8c,
    0xcf, 0x7b, 0x6e, 0x6b, 0x0d, 0x63, 0xcb, 0x5a, 0x49, 0x4a, 0x29, 0x4a,
    0x49, 0x4a, 0x28, 0x4a, 0x28, 0x42, 0x29, 0x42, 0x29, 0x4a, 0x49, 0x4a,
    0x48, 0x42, 0x48, 0x42, 0x28, 0x42, 0x28, 0x42, 0x28, 0x42, 0x49, 0x4a,
    0x6a, 0x4a, 0x8a, 0x52, 0x29, 0x42, 0x28, 0x42, 0xe8, 0x39, 0xe7, 0x39,
    0xe8, 0x39, 0x09, 0x42, 0x29, 0x42, 0x28, 0x42, 0x29, 0x42, 0x49, 0x42,
    0x49, 0x4a, 0x6a, 0x4a, 0x6a, 0x4a, 0x6a, 0x52, 0xab, 0x52, 0xcb, 0x5a,
    0xec, 0x5a, 0x0c, 0x63, 0x0c, 0x63, 0xeb, 0x5a, 0xec, 0x5a, 0x0c, 0x63,
    0x2d, 0x63, 0x6e, 0x6b, 0xcf, 0x7b, 0x10, 0x84, 0xf0, 0x7b, 0xaf, 0x73,
    0xcf, 0x7b, 0x31, 0x84, 0x92, 0x94, 0x92, 0x94, 0xb3, 0x94, 0xd3, 0x9c,
    0xb2, 0x94, 0x51, 0x8c, 0x92, 0x8c, 0xb3, 0x94, 0xb3, 0x94, 0xb3, 0x94,
    0xb3, 0x94, 0x93, 0x94, 0x72, 0x8c, 0x72, 0x8c, 0x72, 0x8c, 0x92, 0x8c,
    0xb3, 0x94, 0xd4, 0x9c, 0xd4, 0x9c, 0xf4, 0x9c, 0xf4, 0x9c, 0xf4, 0x9c,
    0xd3, 0x94, 0xd3, 0x9c, 0xd3, 0x94, 0xd3, 0x94, 0xd3, 0x94, 0xb3, 0x94,
    0x93, 0x94, 0x93, 0x94, 0x92, 0x8c, 0x93, 0x8c, 0x72, 0x8c, 0x52, 0x8c,
    0x72, 0x84, 0x72, 0x8c, 0x52, 0x8c, 0x52, 0x8c, 0x52, 0x84, 0x52, 0x84,
    0x31, 0x84, 0x32, 0x84, 0x11, 0x84, 0x11, 0x7c, 0x11, 0x84, 0x11, 0x84,
    0x31, 0x84, 0x32, 0x84, 0x32, 0x84, 0x11, 0x84, 0x11, 0x84, 0x11, 0x84,
    0x11, 0x7c, 0xf1, 0x7b, 0xf0, 0x7b, 0xf0, 0x7b, 0xf1, 0x7b, 0xd0, 0x7b,
    0xd0, 0x7b, 0xd0, 0x73, 0xd0, 0x7b, 0xcf, 0x73, 0xaf, 0x73, 0xaf, 0x73,
    0xae, 0x73, 0xaf, 0x73, 0x8f, 0x73, 0x8f, 0x6b, 0xaf, 0x73, 0x8f, 0x73,
    0x8f, 0x6b, 0xaf, 0x73, 0x90, 0x73, 0x8f, 0x6b, 0x8f, 0x73, 0x8f, 0x73,
    0x6f, 0x6b, 0x6e, 0x6b, 0x6e, 0x6b, 0x6e, 0x6b, 0x6e, 0x6b, 0x6e, 0x6b,
    0x6e, 0x6b, 0x6e, 0x6b, 0x6e, 0x6b, 0x6e, 0x6b, 0x6e, 0x6b, 0x4d, 0x63,
    0x4e, 0x63, 0x4e, 0x6b, 0x4d, 0x6b, 0x4d, 0x63, 0x2d, 0x63, 0x4d, 0x6b,
    0x4d, 0x63, 0x2d, 0x63, 0x4d, 0x63, 0x45, 0x29, 0x8a, 0x52, 0x8a, 0x52,
    0x8a, 0x52, 0x8a, 0x52, 0x8a, 0x52, 0x8b, 0x52, 0xab, 0x52, 0xab, 0x52,
    0xcb, 0x52, 0xcc, 0x5a, 0xcc, 0x5a, 0xec, 0x5a, 0xcc, 0x5a, 0xeb, 0x5a,
    0xcb, 0x52, 0xcb, 0x52, 0xcb, 0x52, 0xcc, 0x5a, 0xec, 0x5a, 0xec, 0x5a,
    0x0c, 0x63, 0x2d, 0x63, 0x2d, 0x63, 0x2d, 0x63, 0x2d, 0x63, 0x4d, 0x63,
    0x4e, 0x6b, 0x6e, 0x6b, 0x6e, 0x6b, 0x6e, 0x6b, 0x8e, 0x6b, 0x8e, 0x73,
    0x8e, 0x6b, 0xaf, 0x73, 0xaf, 0x73, 0xaf, 0x73, 0xcf, 0x7b, 0xd0, 0x73,
    0xaf, 0x73, 0xaf, 0x7b, 0xcf, 0x73, 0xd0, 0x73, 0xcf, 0x7b, 0xf0, 0x7b,
    0xf0, 0x7b, 0xf0, 0x7b, 0xf0, 0x7b, 0xd0, 0x7b, 0xcf, 0x73, 0xcf, 0x73,
    0x11, 0x7c, 0x32, 0x84, 0x32, 0x84, 0x31, 0x84, 0x11, 0x7c, 0xf0, 0x7b,
    0x31, 0x84, 0x11, 0x84, 0x10, 0x84, 0x10, 0x7c, 0xf0, 0x7b, 0x10, 0x84,
    0x31, 0x84, 0x31, 0x84, 0x31, 0x84, 0x51, 0x84, 0x31, 0x84, 0x31, 0x84,
    0x31, 0x84, 0x31, 0x84, 0x10, 0x84, 0x31, 0x84, 0x10, 0x84, 0xf0, 0x7b,
    0xaf, 0x73, 0x8e, 0x73, 0x8e, 0x73, 0x6e, 0x6b, 0x2d, 0x63, 0x6e, 0x6b,
    0x8e, 0x73, 0xaf, 0x73, 0x8e, 0x73, 0x6e, 0x6b, 0x4d, 0x6b, 0xec, 0x62,
    0x0c, 0x63, 0xec, 0x5a, 0x8a, 0x52, 0x6a, 0x4a, 0x6a, 0x4a, 0x69, 0x4a,
    0x69, 0x4a, 0x29, 0x4a, 0x28, 0x42, 0x28, 0x42, 0x08, 0x42, 0x08, 0x42,
    0x08, 0x42, 0x08, 0x42, 0x08, 0x42, 0x08, 0x42, 0x08, 0x42, 0x08, 0x42,
    0xe8, 0x41, 0x08, 0x42, 0xe7, 0x39, 0x08, 0x42, 0xe7, 0x39, 0xe7, 0x41,
    0xe7, 0x39, 0xc7, 0x39, 0xe8, 0x41, 0xe7, 0x39, 0xe7, 0x39, 0x28, 0x4a,
    0x29, 0x4a, 0x28, 0x42, 0x28, 0x42, 0x29, 0x42, 0x49, 0x4a, 0x69, 0x4a,
    0x6a, 0x4a, 0x69, 0x4a, 0x49, 0x4a, 0x49, 0x4a, 0x6a, 0x52, 0xab, 0x52,
    0xab, 0x52, 0xcb, 0x5a, 0x0c, 0x5b, 0x0c, 0x63, 0x2d, 0x63, 0x4d, 0x6b,
    0x4d, 0x6b, 0x6e, 0x6b, 0x6e, 0x6b, 0x4d, 0x6b, 0x6e, 0x6b, 0x6e, 0x6b,
    0x8e, 0x73, 0x8e, 0x73, 0xaf, 0x73, 0x6d, 0x6b, 0x0c, 0x63, 0xaf, 0x73,
    0x31, 0x84, 0xef, 0x7b, 0x10, 0x84, 0x51, 0x8c, 0x72, 0x8c, 0xb3, 0x94,
    0xb3, 0x94, 0x72, 0x8c, 0x51, 0x8c, 0x31, 0x84, 0x31, 0x84, 0xf0, 0x7b,
    0xf0, 0x7b, 0x8e, 0x73, 0x2d, 0x63, 0xec, 0x62, 0x4d, 0x6b, 0xcf, 0x7b,
    0xf0, 0x7b, 0xaf, 0x73, 0x2d, 0x6b, 0x2d, 0x63, 0x8e, 0x73, 0x11, 0x84,
    0xb3, 0x94, 0xb3, 0x94, 0x10, 0x84, 0xef, 0x7b, 0x6e, 0x6b, 0x2d, 0x63,
    0x69, 0x4a, 0x29, 0x42, 0x28, 0x42, 0x08, 0x42, 0x08, 0x42, 0x29, 0x42,
    0x49, 0x4a, 0x49, 0x4a, 0x29, 0x42, 0x29, 0x42, 0x28, 0x42, 0x28, 0x42,
    0x49, 0x4a, 0x49, 0x4a, 0x8a, 0x52, 0x69, 0x4a, 0x28, 0x42, 0x28, 0x42,
    0xe7, 0x39, 0xe7, 0x39, 0xe8, 0x41, 0x08, 0x42, 0x29, 0x42, 0x49, 0x4a,
    0x28, 0x42, 0x49, 0x4a, 0x49, 0x4a, 0x6a, 0x4a, 0x8a, 0x52, 0x8a, 0x52,
    0xaa, 0x52, 0xcb, 0x5a, 0xec, 0x5a, 0x0c, 0x63, 0x2d, 0x63, 0x0c, 0x63,
    0x4d, 0x6b, 0x6e, 0x6b, 0xaf, 0x73, 0xcf, 0x7b, 0xcf, 0x7b, 0xcf, 0x7b,
    0xaf, 0x73, 0xaf, 0x73, 0xef, 0x7b, 0x51, 0x8c, 0x92, 0x94, 0xb3, 0x94,
    0xb3, 0x94, 0xb2, 0x94, 0x92, 0x94, 0x51, 0x8c, 0x52, 0x8c, 0x92, 0x8c,
    0xd3, 0x94, 0xd3, 0x9c, 0xd3, 0x94, 0xb3, 0x94, 0xb3, 0x94, 0x92, 0x94,
    0x92, 0x8c, 0xb3, 0x94, 0xb3, 0x94, 0xd4, 0x9c, 0xd4, 0x94, 0xd4, 0x9c,
    0xd4, 0x94, 0xd3, 0x9c, 0xd4, 0x9c, 0xd3, 0x94, 0xb3, 0x94, 0xb3, 0x94,
    0xb3, 0x94, 0x93, 0x94, 0x92, 0x8c, 0x72, 0x8c, 0x72, 0x8c, 0x52, 0x8c,
    0x72, 0x8c, 0x72, 0x84, 0x52, 0x84, 0x52, 0x84, 0x52, 0x8c, 0x32, 0x84,
    0x31, 0x84, 0x31, 0x84, 0x31, 0x84, 0x32, 0x84, 0x31, 0x84, 0x11, 0x84,
    0x11, 0x84, 0x11, 0x7c, 0x11, 0x84, 0x31, 0x84, 0x11, 0x84, 0x11, 0x7c,
    0x11, 0x84, 0x11, 0x7c, 0x11, 0x84, 0xf0, 0x7b, 0xf0, 0x7b, 0xf0, 0x7b,
    0xf0, 0x7b, 0xd0, 0x7b, 0xf0, 0x7b, 0xd0, 0x7b, 0xd0, 0x7b, 0xaf, 0x73,
    0xaf, 0x73, 0xaf, 0x73, 0xaf, 0x73, 0x8f, 0x73, 0xaf, 0x6b, 0x8f, 0x73,
    0x8f, 0x73, 0x8f, 0x6b, 0x8f, 0x6b, 0x8f, 0x73, 0x8f, 0x6b, 0x8e, 0x6b,
    0x6e, 0x6b, 0x8e, 0x6b, 0x8e, 0x6b, 0x6e, 0x6b, 0x6e, 0x6b, 0x6e, 0x6b,
    0x6e, 0x6b, 0x4e, 0x6b, 0x6e, 0x6b, 0x6e, 0x6b, 0x6e, 0x6b, 0x4e, 0x6b,
    0x4d, 0x63, 0x4d, 0x6b, 0x4d, 0x6b, 0x4e, 0x63, 0x4d, 0x63, 0x4d, 0x63,
    0x2d, 0x63, 0x4d, 0x6b, 0x2e, 0x63, 0x2d, 0x63, 0x4d, 0x63, 0x46, 0x29,
    0xab, 0x52, 0x8b, 0x52, 0x6a, 0x4a, 0x6a, 0x4a, 0x8a, 0x4a, 0xaa, 0x52,
    0xcb, 0x5a, 0xcb, 0x52, 0xcb, 0x5a, 0xec, 0x5a, 0xec, 0x5a, 0xec, 0x5a,
    0xec, 0x5a, 0xec, 0x5a, 0xec, 0x5a, 0xec, 0x5a, 0xec, 0x5a, 0xec, 0x5a,
    0x0c, 0x63, 0x0c, 0x63, 0x2d, 0x63, 0x4d, 0x63, 0x2d, 0x63, 0x2d, 0x63,
    0x2d, 0x63, 0x4d, 0x6b, 0x6e, 0x6b, 0x6e, 0x6b, 0x6e, 0x6b, 0x6e, 0x6b,
    0x8e, 0x73, 0x8f, 0x6b, 0x8f, 0x73, 0x8f, 0x73, 0xaf, 0x73, 0xaf, 0x73,
    0xcf, 0x73, 0xd0, 0x7b, 0xaf, 0x73, 0xcf, 0x73, 0xd0, 0x73, 0xcf, 0x7b,
    0xd0, 0x73, 0xd0, 0x7b, 0xf0, 0x7b, 0xf0, 0x7b, 0xd0, 0x73, 0xcf, 0x7b,
    0xcf, 0x7b, 0xf0, 0x7b, 0x11, 0x7c, 0x11, 0x84, 0x11, 0x84, 0x11, 0x84,
    0x11, 0x84, 0x11, 0x7c, 0x31, 0x84, 0x10, 0x84, 0x10, 0x7c, 0xf0, 0x7b,
    0xef, 0x7b, 0xf0, 0x7b, 0x10, 0x7c, 0x30, 0x7c, 0x31, 0x84, 0x31, 0x84,
    0x31, 0x84, 0x31, 0x84, 0x31, 0x84, 0x31, 0x84, 0x10, 0x84, 0x10, 0x84,
    0x10, 0x7c, 0x8e, 0x73, 0x8e, 0x73, 0x4d, 0x6b, 0x4d, 0x6b, 0x4d, 0x6b,
    0x2d, 0x63, 0x6e, 0x6b, 0xcf, 0x7b, 0xaf, 0x73, 0x6e, 0x73, 0x2c, 0x63,
    0xec, 0x5a, 0xcb, 0x5a, 0xaa, 0x52, 0x8a, 0x52, 0x69, 0x4a, 0x69, 0x4a,
    0x8a, 0x52, 0x6a, 0x4a, 0x49, 0x4a, 0x49, 0x4a, 0x08, 0x42, 0x08, 0x42,
    0x08, 0x42, 0x08, 0x42, 0x08, 0x42, 0x07, 0x42, 0x08, 0x42, 0xe8, 0x41,
    0xe8, 0x41, 0xe7, 0x39, 0xe7, 0x41, 0xe7, 0x39, 0xe7, 0x39, 0xc7, 0x39,
    0xc7, 0x39, 0xc7, 0x39, 0xc7, 0x39, 0xc7, 0x39, 0xe8, 0x39, 0xe8, 0x41,
    0xc7, 0x39, 0xe8, 0x41, 0x08, 0x42, 0x29, 0x42, 0x49, 0x4a, 0x49, 0x4a,
    0x49, 0x42, 0x49, 0x4a, 0x49, 0x4a, 0x49, 0x4a, 0x49, 0x4a, 0x49, 0x4a,
    0x69, 0x52, 0xaa, 0x52, 0xab, 0x52, 0xcb, 0x5a, 0x0c, 0x63, 0x2d, 0x63,
    0x2d, 0x63, 0x4d, 0x6b, 0x4d, 0x6b, 0x4d, 0x6b, 0x4d, 0x6b, 0x2d, 0x63,
    0x4d, 0x6b, 0x4d, 0x6b, 0x6d, 0x6b, 0x6e, 0x6b, 0x8e, 0x73, 0xaf, 0x73,
    0x8e, 0x73, 0x10, 0x84, 0x72, 0x8c, 0x92, 0x94, 0x92, 0x94, 0x72, 0x8c,
    0x92, 0x8c, 0x92, 0x94, 0x92, 0x94, 0x51, 0x8c, 0x31, 0x84, 0x10, 0x84,
    0xd0, 0x7b, 0xcf, 0x7b, 0x8e, 0x73, 0x6e, 0x6b, 0x2d, 0x63, 0x0c, 0x63,
    0x8e, 0x73, 0x8e, 0x73, 0xf0, 0x7b, 0x31, 0x84, 0xf0, 0x7b, 0xaf, 0x73,
    0xd0, 0x7b, 0x11, 0x84, 0x11, 0x84, 0x52, 0x8c, 0x30, 0x84, 0xcf, 0x7b,
    0xcf, 0x7b, 0x4d, 0x6b, 0xab, 0x52, 0x08, 0x42, 0x08, 0x42, 0x08, 0x42,
    0x29, 0x42, 0x29, 0x42, 0x49, 0x4a, 0x49, 0x42, 0x29, 0x42, 0x08, 0x42,
    0x08, 0x42, 0x29, 0x42, 0x49, 0x4a, 0x49, 0x4a, 0x49, 0x4a, 0x49, 0x4a,
    0x29, 0x4a, 0x08, 0x42, 0xe7, 0x39, 0xe8, 0x39, 0xe8, 0x41, 0x08, 0x42,
    0x28, 0x42, 0x29, 0x42, 0x29, 0x42, 0x29, 0x42, 0x49, 0x4a, 0x49, 0x4a,
    0x6a, 0x4a, 0x8a, 0x52, 0xaa, 0x52, 0xec, 0x5a, 0x0d, 0x63, 0x2d, 0x63,
    0x4d, 0x6b, 0x6e, 0x6b, 0x8e, 0x73, 0xaf, 0x73, 0x10, 0x84, 0xcf, 0x7b,
    0xcf, 0x73, 0xcf, 0x7b, 0xcf, 0x7b, 0xaf, 0x7b, 0x10, 0x84, 0x51, 0x8c,
    0x92, 0x94, 0xb2, 0x94, 0xb3, 0x94, 0x72, 0x94, 0x72, 0x8c, 0x31, 0x84,
    0x31, 0x84, 0x92, 0x94, 0xb3, 0x94, 0xb3, 0x94, 0xb3, 0x94, 0xb3, 0x94,
    0x93, 0x94, 0x92, 0x94, 0x92, 0x94, 0xb3, 0x94, 0xb3, 0x94, 0xd4, 0x9c,
    0xd4, 0x9c, 0xd3, 0x94, 0xd4, 0x9c, 0xd4, 0x94, 0xd3, 0x94, 0xb4, 0x94,
    0xb3, 0x94, 0x93, 0x94, 0x93, 0x8c, 0x72, 0x8c, 0x72, 0x8c, 0x52, 0x8c,
    0x52, 0x8c, 0x52, 0x84, 0x32, 0x84, 0x52, 0x8c, 0x31, 0x84, 0x32, 0x84,
    0x31, 0x84, 0x31, 0x84, 0x11, 0x84, 0x11, 0x84, 0x11, 0x84, 0x31, 0x84,
    0x32, 0x84, 0x31, 0x84, 0x11, 0x7c, 0x11, 0x7c, 0x11, 0x7c, 0x11, 0x84,
    0x11, 0x7c, 0x11, 0x7c, 0x10, 0x7c, 0xf0, 0x7b, 0xf0, 0x7b, 0xf0, 0x7b,
    0xf0, 0x7b, 0xd0, 0x7b, 0xd0, 0x73, 0xcf, 0x73, 0xd0, 0x73, 0xd0, 0x73,
    0xcf, 0x73, 0xaf, 0x73, 0xaf, 0x73, 0xaf, 0x73, 0xaf, 0x73, 0x8e, 0x73,
    0xae, 0x73, 0xae, 0x73, 0x8e, 0x6b, 0x8f, 0x6b, 0x6e, 0x6b, 0x6e, 0x6b,
    0x8e, 0x6b, 0x6e, 0x6b, 0x6e, 0x6b, 0x6e, 0x6b, 0x6e, 0x6b, 0x6e, 0x6b,
    0x6e, 0x6b, 0x6e, 0x6b, 0x4e, 0x6b, 0x6e, 0x6b, 0x4d, 0x6b, 0x4d, 0x6b,
    0x4e, 0x6b, 0x4d, 0x6b, 0x4d, 0x63, 0x4e, 0x63, 0x4e, 0x6b, 0x2d, 0x6b,
    0x4e, 0x6b, 0x4d, 0x63, 0x4e, 0x6b, 0x4e, 0x63, 0x4e, 0x63, 0x4d, 0x63,
    0x4d, 0x6b, 0x45, 0x29, 0xab, 0x52, 0xab, 0x52, 0x8a, 0x52, 0x6a, 0x4a,
    0x8b, 0x52, 0xab, 0x5a, 0xeb, 0x5a, 0xcb, 0x52, 0xcb, 0x52, 0xec, 0x5a,
    0xec, 0x5a, 0xec, 0x5a, 0x0c, 0x5b, 0x0c, 0x5b, 0x0d, 0x63, 0x0c, 0x63,
    0x0d, 0x63, 0x2d, 0x63, 0x2d, 0x63, 0x2d, 0x63, 0x2d, 0x63, 0x2d, 0x63,
    0x2d, 0x63, 0x4d, 0x63, 0x4d, 0x63, 0x4d, 0x63, 0x4e, 0x6b, 0x6e, 0x6b,
    0x8e, 0x6b, 0x8e, 0x73, 0x8f, 0x73, 0x8e, 0x6b, 0x8f, 0x73, 0xae, 0x73,
    0xaf, 0x73, 0xaf, 0x73, 0xaf, 0x73, 0xcf, 0x7b, 0xb0, 0x73, 0xcf, 0x7b,
    0xaf, 0x73, 0xd0, 0x7b, 0xcf, 0x7b, 0xcf, 0x73, 0xcf, 0x73, 0xcf, 0x73,
    0xcf, 0x7b, 0xd0, 0x73, 0xd0, 0x7b, 0xcf, 0x7b, 0x11, 0x84, 0x12, 0x84,
    0x11, 0x84, 0x32, 0x84, 0x31, 0x84, 0x11, 0x84, 0x10, 0x7c, 0x11, 0x84,
    0x11, 0x84, 0x10, 0x7c, 0xef, 0x7b, 0xf0, 0x7b, 0x10, 0x7c, 0x10, 0x84,
    0x10, 0x7c, 0x31, 0x84, 0xf0, 0x7b, 0x10, 0x7c, 0x10, 0x84, 0x10, 0x7c,
    0xcf, 0x7b, 0xaf, 0x73, 0xaf, 0x73, 0x8e, 0x73, 0x4d, 0x6b, 0x4d, 0x6b,
    0x4d, 0x6b, 0x2d, 0x63, 0x6e, 0x6b, 0x6e, 0x73, 0xcf, 0x7b, 0xaf, 0x73,
    0x6d, 0x6b, 0x0c, 0x63, 0x0c, 0x63, 0xcb, 0x5a, 0x8a, 0x52, 0x6a, 0x4a,
    0x69, 0x4a, 0x49, 0x4a, 0x6a, 0x4a, 0x6a, 0x4a, 0x49, 0x4a, 0x28, 0x42,
    0x08, 0x42, 0x08, 0x42, 0xe8, 0x41, 0x08, 0x42, 0xe8, 0x41, 0xe7, 0x41,
    0xe7, 0x39, 0xe7, 0x39, 0xe7, 0x39, 0xe7, 0x39, 0xe7, 0x39, 0xc7, 0x39,
    0xc7, 0x39, 0xc7, 0x39, 0xc7, 0x39, 0xc7, 0x39, 0xc7, 0x39, 0xc7, 0x39,
    0xc7, 0x39, 0xe8, 0x41, 0xe7, 0x39, 0xc7, 0x39, 0x08, 0x42, 0x49, 0x4a,
    0x49, 0x4a, 0x49, 0x4a, 0x49, 0x4a, 0x28, 0x42, 0x29, 0x4a, 0x28, 0x4a,
    0x49, 0x4a, 0x49, 0x4a, 0x69, 0x4a, 0x8a, 0x52, 0x8a, 0x52, 0xeb, 0x5a,
    0x2d, 0x63, 0x2d, 0x63, 0x4d, 0x6b, 0x4d, 0x6b, 0x2d, 0x63, 0x0c, 0x63,
    0x0c, 0x5b, 0x2d, 0x63, 0x4d, 0x6b, 0x2d, 0x6b, 0x4d, 0x63, 0x0c, 0x63,
    0x6e, 0x6b, 0xcf, 0x7b, 0x10, 0x7c, 0x51, 0x8c, 0x92, 0x94, 0xb3, 0x94,
    0x92, 0x94, 0x92, 0x94, 0x92, 0x94, 0x92, 0x94, 0x92, 0x94, 0x92, 0x94,
    0x72, 0x8c, 0x51, 0x8c, 0x30, 0x84, 0x10, 0x84, 0x8e, 0x73, 0x6d, 0x6b,
    0x8e, 0x73, 0xcf, 0x73, 0x8e, 0x73, 0x8e, 0x73, 0xcf, 0x7b, 0x10, 0x84,
    0x72, 0x8c, 0x92, 0x94, 0x10, 0x84, 0xcf, 0x7b, 0xf0, 0x7b, 0x31, 0x84,
    0x52, 0x8c, 0xf0, 0x7b, 0x10, 0x7c, 0x6e, 0x6b, 0x0c, 0x63, 0x29, 0x42,
    0x28, 0x42, 0x29, 0x42, 0x49, 0x4a, 0x49, 0x4a, 0x28, 0x42, 0x08, 0x42,
    0x08, 0x42, 0xe7, 0x41, 0x08, 0x42, 0x08, 0x42, 0x29, 0x4a, 0x29, 0x42,
    0x49, 0x4a, 0x29, 0x4a, 0x08, 0x42, 0xe8, 0x39, 0xc7, 0x39, 0xe7, 0x39,
    0x08, 0x42, 0x08, 0x42, 0x08, 0x42, 0x08, 0x42, 0x29, 0x42, 0x29, 0x42,
    0x49, 0x4a, 0x49, 0x4a, 0x49, 0x4a, 0x6a, 0x4a, 0xab, 0x52, 0x0c, 0x63,
    0x2d, 0x63, 0x2d, 0x63, 0x4d, 0x6b, 0x8e, 0x73, 0x8e, 0x73, 0xaf, 0x73,
    0xf0, 0x7b, 0xcf, 0x7b, 0xcf, 0x7b, 0xcf, 0x7b, 0xaf, 0x73, 0xcf, 0x7b,
    0x31, 0x84, 0x72, 0x8c, 0x72, 0x8c, 0x92, 0x94, 0x92, 0x94, 0x72, 0x8c,
    0x52, 0x8c, 0x31, 0x84, 0x31, 0x84, 0x92, 0x94, 0x93, 0x94, 0xb3, 0x94,
    0xb3, 0x94, 0x73, 0x8c, 0x72, 0x8c, 0x72, 0x8c, 0x93, 0x94, 0xb3, 0x94,
    0xd4, 0x94, 0xd3, 0x94, 0xd3, 0x94, 0xb3, 0x94, 0xb3, 0x94, 0xb3, 0x94,
    0xb3, 0x94, 0xb3, 0x94, 0x93, 0x94, 0x93, 0x94, 0x72, 0x8c, 0x52, 0x8c,
    0x52, 0x84, 0x51, 0x84, 0x31, 0x84, 0x31, 0x84, 0x11, 0x84, 0x11, 0x84,
    0x31, 0x84, 0x11, 0x84, 0x11, 0x84, 0x11, 0x7c, 0x10, 0x7c, 0x10, 0x7c,
    0x11, 0x7c, 0x11, 0x84, 0x11, 0x84, 0x11, 0x84, 0x10, 0x7c, 0x10, 0x7c,
    0xf0, 0x7b, 0x10, 0x7c, 0xf0, 0x7b, 0xf0, 0x7b, 0xf0, 0x7b, 0xf0, 0x7b,
    0xd0, 0x7b, 0xd0, 0x7b, 0xcf, 0x7b, 0xcf, 0x73, 0xaf, 0x7b, 0xaf, 0x73,
    0xaf, 0x73, 0xaf, 0x7b, 0xaf, 0x73, 0xaf, 0x73, 0xaf, 0x73, 0x8e, 0x73,
    0x8f, 0x73, 0x8f, 0x6b, 0x8f, 0x73, 0x8e, 0x73, 0x8e, 0x73, 0x8e, 0x6b,
    0x8e, 0x6b, 0x6e, 0x6b, 0x6e, 0x6b, 0x8e, 0x73, 0x6e, 0x73, 0x6e, 0x73,
    0x6e, 0x73, 0x8e, 0x73, 0x6e, 0x6b, 0x6e, 0x6b, 0x6d, 0x6b, 0x4d, 0x6b,
    0x4e, 0x6b, 0x4d, 0x6b, 0x4e, 0x63, 0x4d, 0x6b, 0x4d, 0x6b, 0x2d, 0x63,
    0x4d, 0x6b, 0x4d, 0x6b, 0x4d, 0x6b, 0x4e, 0x6b, 0x4e, 0x6b, 0x4e, 0x6b,
    0x4e, 0x6b, 0x4e, 0x6b, 0x4e, 0x63, 0x66, 0x29, 0xab, 0x5a, 0xab, 0x52,
    0xcb, 0x5a, 0xab, 0x52, 0xcb, 0x5a, 0xcc, 0x5a, 0xeb, 0x5a, 0xec, 0x5a,
    0xec, 0x5a, 0xec, 0x5a, 0xec, 0x5a, 0xec, 0x5a, 0x0c, 0x5b, 0x0c, 0x63,
    0x0d, 0x63, 0x2d, 0x63, 0x2d, 0x63, 0x2d, 0x63, 0x2d, 0x63, 0x2d, 0x63,
    0x2d, 0x63, 0x2d, 0x63, 0x2d, 0x63, 0x4d, 0x6b, 0x4e, 0x6b, 0x4d, 0x6b,
    0x4e, 0x6b, 0x6e, 0x6b, 0x6e, 0x6b, 0x8e, 0x6b, 0x8f, 0x73, 0xaf, 0x73,
    0xae, 0x73, 0x8f, 0x73, 0xaf, 0x73, 0xaf, 0x73, 0xaf, 0x73, 0xaf, 0x73,
    0xaf, 0x73, 0xcf, 0x73, 0xcf, 0x73, 0xd0, 0x73, 0xcf, 0x73, 0xcf, 0x73,
    0xaf, 0x73, 0xd0, 0x73, 0xcf, 0x7b, 0xd0, 0x7b, 0xef, 0x73, 0xd0, 0x73,
    0x11, 0x84, 0x31, 0x84, 0x32, 0x84, 0x11, 0x84, 0x11, 0x84, 0x11, 0x7c,
    0x10, 0x7c, 0x10, 0x84, 0x31, 0x84, 0x10, 0x84, 0x10, 0x7c, 0xf0, 0x7b,
    0xf0, 0x7b, 0x10, 0x7c, 0xf0, 0x7b, 0xf0, 0x7b, 0xf0, 0x7b, 0xf0, 0x7b,
    0xcf, 0x7b, 0xaf, 0x73, 0xaf, 0x73, 0xae, 0x73, 0xaf, 0x73, 0x6e, 0x6b,
    0x2d, 0x63, 0x4d, 0x63, 0x2d, 0x63, 0x4d, 0x6b, 0x6e, 0x6b, 0x8e, 0x73,
    0x8e, 0x73, 0xaf, 0x73, 0x4d, 0x6b, 0x0c, 0x63, 0xec, 0x5a, 0xcb, 0x5a,
    0x8a, 0x52, 0x69, 0x4a, 0x49, 0x4a, 0x49, 0x4a, 0x49, 0x4a, 0x49, 0x4a,
    0x49, 0x42, 0x08, 0x42, 0x08, 0x42, 0x08, 0x42, 0xe8, 0x41, 0xe7, 0x39,
    0xe7, 0x39, 0xc7, 0x39, 0xc7, 0x39, 0xc7, 0x39, 0xc7, 0x39, 0xc7, 0x39,
    0xc7, 0x39, 0xc7, 0x39, 0xc7, 0x39, 0xc7, 0x39, 0xc7, 0x39, 0xc7, 0x39,
    0xc7, 0x39, 0xc7, 0x39, 0xe7, 0x41, 0xe7, 0x39, 0xe8, 0x39, 0xc7, 0x39,
    0xe8, 0x41, 0x28, 0x42, 0x49, 0x4a, 0x49, 0x4a, 0x28, 0x4a, 0x08, 0x42,
    0x08, 0x42, 0x28, 0x4a, 0x49, 0x4a, 0x69, 0x4a, 0x49, 0x4a, 0x6a, 0x52,
    0x8a, 0x52, 0xcb, 0x5a, 0x2c, 0x63, 0x2d, 0x63, 0x4d, 0x6b, 0x2d, 0x63,
    0x0c, 0x63, 0x0c, 0x63, 0xec, 0x5a, 0x0c, 0x63, 0x2c, 0x63, 0x2c, 0x63,
    0x4d, 0x6b, 0x2d, 0x63, 0x4d, 0x6b, 0xaf, 0x73, 0x10, 0x84, 0x31, 0x84,
    0x72, 0x8c, 0x72, 0x8c, 0x51, 0x8c, 0x52, 0x8c, 0x72, 0x8c, 0x72, 0x8c,
    0x72, 0x8c, 0x51, 0x8c, 0x51, 0x8c, 0x52, 0x8c, 0x10, 0x84, 0xaf, 0x73,
    0xaf, 0x73, 0x8e, 0x73, 0x8e, 0x73, 0xcf, 0x73, 0x8e, 0x73, 0xaf, 0x73,
    0xcf, 0x7b, 0x10, 0x84, 0x51, 0x8c, 0x51, 0x8c, 0x31, 0x84, 0x10, 0x84,
    0x31, 0x84, 0x72, 0x8c, 0x51, 0x8c, 0x31, 0x84, 0x10, 0x84, 0x4d, 0x6b,
    0x0c, 0x63, 0xab, 0x52, 0x08, 0x42, 0x28, 0x42, 0x29, 0x42, 0x29, 0x42,
    0x08, 0x42, 0x08, 0x42, 0xe7, 0x39, 0xe7, 0x39, 0x08, 0x42, 0x08, 0x42,
    0x08, 0x42, 0x28, 0x42, 0x28, 0x42, 0x08, 0x42, 0x08, 0x42, 0xc7, 0x39,
    0xc7, 0x39, 0xe7, 0x39, 0xe7, 0x39, 0x08, 0x3a, 0x08, 0x42, 0x28, 0x42,
    0x28, 0x42, 0x29, 0x42, 0x49, 0x4a, 0x49, 0x4a, 0x49, 0x4a, 0x8a, 0x4a,
    0xec, 0x5a, 0x0c, 0x63, 0x2c, 0x63, 0x2c, 0x63, 0x2d, 0x63, 0x4d, 0x6b,
    0x6e, 0x6b, 0xaf, 0x73, 0xcf, 0x7b, 0xcf, 0x7b, 0x10, 0x84, 0x10, 0x84,
    0xd0, 0x7b, 0x30, 0x84, 0x31, 0x84, 0x51, 0x8c, 0x31, 0x84, 0x52, 0x8c,
    0x72, 0x8c, 0x72, 0x8c, 0x52, 0x8c, 0x52, 0x8c, 0x72, 0x8c, 0x92, 0x8c,
    0x92, 0x8c, 0x93, 0x94, 0x73, 0x8c, 0x52, 0x8c, 0x52, 0x8c, 0x72, 0x8c,
    0x93, 0x8c, 0x93, 0x94, 0xb4, 0x94, 0xb3, 0x94, 0xb3, 0x94, 0xb3, 0x94,
    0x93, 0x94, 0x93, 0x8c, 0x93, 0x94, 0x92, 0x8c, 0x72, 0x8c, 0x72, 0x8c,
    0x51, 0x84, 0x31, 0x84, 0x11, 0x84, 0x10, 0x84, 0xf0, 0x7b, 0xf0, 0x7b,
    0xf0, 0x7b, 0x10, 0x7c, 0x10, 0x84, 0x10, 0x7c, 0xf0, 0x7b, 0xf0, 0x7b,
    0xf0, 0x7b, 0x10, 0x7c, 0xf0, 0x7b, 0x11, 0x7c, 0x11, 0x7c, 0xf0, 0x7b,
    0xf0, 0x7b, 0xf0, 0x7b, 0xf0, 0x7b, 0xd0, 0x7b, 0xcf, 0x7b, 0xcf, 0x7b,
    0xaf, 0x73, 0x8f, 0x73, 0xae, 0x73, 0x8f, 0x73, 0xaf, 0x73, 0xaf, 0x73,
    0x8f, 0x73, 0x8f, 0x73, 0x8e, 0x73, 0x8e, 0x73, 0x8f, 0x73, 0x8e, 0x73,
    0x8e, 0x73, 0x8e, 0x6b, 0x8e, 0x6b, 0x8e, 0x73, 0x8f, 0x6b, 0x6e, 0x73,
    0x6e, 0x6b, 0x6e, 0x6b, 0x6e, 0x6b, 0x6e, 0x73, 0x6e, 0x6b, 0x6e, 0x6b,
    0x6e, 0x6b, 0x6e, 0x6b, 0x8e, 0x73, 0x6e, 0x6b, 0x6e, 0x73, 0x6e, 0x6b,
    0x6d, 0x6b, 0x4e, 0x6b, 0x4e, 0x6b, 0x4d, 0x6b, 0x4e, 0x6b, 0x4e, 0x6b,
    0x4d, 0x6b, 0x4d, 0x6b, 0x2d, 0x63, 0x4e, 0x6b, 0x4e, 0x6b, 0x6e, 0x6b,
    0x4d, 0x6b, 0x4d, 0x63, 0x4e, 0x6b, 0x6e, 0x6b, 0x4e, 0x63, 0x45, 0x29,
    0xcc, 0x5a, 0xec, 0x5a, 0xcc, 0x5a, 0xcc, 0x5a, 0xcc, 0x5a, 0xeb, 0x5a,
    0xec, 0x5a, 0xec, 0x5a, 0xec, 0x5a, 0x0c, 0x5b, 0xec, 0x5a, 0x0c, 0x5b,
    0x0d, 0x63, 0x0d, 0x5b, 0x0c, 0x5b, 0x2d, 0x63, 0x2d, 0x63, 0x2d, 0x63,
    0x2c, 0x63, 0x2d, 0x63, 0x2d, 0x63, 0x4d, 0x63, 0x4d, 0x6b, 0x4e, 0x63,
    0x4e, 0x6b, 0x4d, 0x6b, 0x6e, 0x6b, 0x6e, 0x6b, 0x6e, 0x6b, 0x6e, 0x6b,
    0x8e, 0x73, 0xaf, 0x73, 0x8f, 0x6b, 0x8e, 0x73, 0xaf, 0x73, 0x8f, 0x73,
    0xaf, 0x73, 0xaf, 0x73, 0xaf, 0x73, 0xaf, 0x73, 0xaf, 0x73, 0xaf, 0x73,
    0xd0, 0x7b, 0xd0, 0x7b, 0xcf, 0x73, 0xcf, 0x7b, 0xd0, 0x73, 0xcf, 0x73,
    0xcf, 0x7b, 0xf0, 0x7b, 0x11, 0x84, 0x11, 0x7c, 0x11, 0x84, 0x32, 0x84,
    0x12, 0x84, 0x11, 0x84, 0x11, 0x84, 0x10, 0x7c, 0x11, 0x84, 0x31, 0x84,
    0x10, 0x84, 0x10, 0x7c, 0x10, 0x84, 0x11, 0x84, 0x10, 0x7c, 0xf0, 0x7b,
    0xf0, 0x7b, 0xcf, 0x7b, 0x8e, 0x73, 0x6e, 0x6b, 0x6e, 0x6b, 0x8e, 0x73,
    0x6e, 0x73, 0x4d, 0x6b, 0x2d, 0x63, 0x2c, 0x63, 0x0c, 0x63, 0x4d, 0x6b,
    0x6e, 0x6b, 0x6e, 0x6b, 0x6d, 0x6b, 0xaf, 0x73, 0x8e, 0x73, 0x2d, 0x63,
    0xec, 0x5a, 0xec, 0x5a, 0xab, 0x52, 0x6a, 0x4a, 0x49, 0x4a, 0x49, 0x4a,
    0x49, 0x4a, 0x49, 0x4a, 0x28, 0x42, 0x08, 0x42, 0x08, 0x42, 0x08, 0x42,
    0xe8, 0x39, 0xc7, 0x39, 0xc7, 0x39, 0xc7, 0x39, 0xc7, 0x39, 0xc7, 0x39,
    0xc7, 0x39, 0xc7, 0x39, 0xc7, 0x39, 0xc7, 0x39, 0xc7, 0x39, 0xa7, 0x39,
    0xc7, 0x39, 0xc7, 0x39, 0xc7, 0x39, 0xc7, 0x39, 0xc7, 0x39, 0xe7, 0x39,
    0xc7, 0x39, 0x28, 0x42, 0x29, 0x4a, 0x29, 0x42, 0x49, 0x4a, 0x49, 0x4a,
    0x28, 0x42, 0x08, 0x4a, 0x28, 0x42, 0x29, 0x4a, 0x29, 0x4a, 0x49, 0x4a,
    0x49, 0x4a, 0x69, 0x4a, 0x8a, 0x52, 0xcb, 0x5a, 0x0c, 0x63, 0x2d, 0x63,
    0x2d, 0x63, 0x0c, 0x63, 0x0c, 0x63, 0xeb, 0x5a, 0xcb, 0x5a, 0xeb, 0x5a,
    0x0c, 0x63, 0x2c, 0x63, 0x4d, 0x6b, 0x6d, 0x6b, 0x4d, 0x6b, 0x6e, 0x6b,
    0xcf, 0x7b, 0x10, 0x84, 0x51, 0x8c, 0x51, 0x84, 0x31, 0x84, 0x72, 0x8c,
    0x71, 0x8c, 0x51, 0x8c, 0x31, 0x84, 0x31, 0x84, 0x51, 0x84, 0x51, 0x84,
    0x31, 0x84, 0xcf, 0x7b, 0xaf, 0x73, 0x6e, 0x6b, 0x4d, 0x6b, 0x6e, 0x6b,
    0x6e, 0x6b, 0x8e, 0x73, 0xaf, 0x73, 0x8e, 0x73, 0xaf, 0x73, 0xf0, 0x7b,
    0xaf, 0x73, 0xaf, 0x73, 0xd0, 0x7b, 0x10, 0x84, 0x10, 0x84, 0x10, 0x84,
    0xef, 0x7b, 0x0c, 0x63, 0xcb, 0x5a, 0x8a, 0x4a, 0x08, 0x42, 0x08, 0x42,
    0x28, 0x42, 0x08, 0x42, 0xe8, 0x39, 0xe7, 0x39, 0xe7, 0x39, 0xc8, 0x39,
    0xe7, 0x39, 0x08, 0x42, 0x08, 0x42, 0x08, 0x42, 0xe8, 0x41, 0x08, 0x42,
    0xe7, 0x39, 0xc7, 0x39, 0xa7, 0x31, 0xe7, 0x39, 0xe7, 0x39, 0xe8, 0x39,
    0xe8, 0x39, 0x08, 0x42, 0x29, 0x42, 0x29, 0x42, 0x29, 0x42, 0x49, 0x4a,
    0xab, 0x52, 0xcb, 0x5a, 0x0c, 0x63, 0x0c, 0x63, 0x0c, 0x63, 0x0c, 0x63,
    0x2d, 0x63, 0x0c, 0x63, 0x4d, 0x6b, 0xae, 0x73, 0xaf, 0x73, 0xcf, 0x7b,
    0xf0, 0x7b, 0xcf, 0x7b, 0xcf, 0x7b, 0xf0, 0x7b, 0xf0, 0x7b, 0xf0, 0x7b,
    0x10, 0x84, 0x31, 0x84, 0x51, 0x8c, 0x51, 0x8c, 0x51, 0x8c, 0x51, 0x8c,
    0x52, 0x8c, 0x72, 0x8c, 0x72, 0x8c, 0x72, 0x8c, 0x52, 0x8c, 0x51, 0x84,
    0x51, 0x8c, 0x72, 0x8c, 0x93, 0x94, 0xb3, 0x94, 0xb3, 0x94, 0x93, 0x94,
    0x93, 0x94, 0x72, 0x8c, 0x72, 0x8c, 0x52, 0x8c, 0x31, 0x84, 0x31, 0x84,
    0x31, 0x84, 0x11, 0x84, 0x11, 0x84, 0x10, 0x7c, 0xf0, 0x7b, 0xd0, 0x7b,
    0xcf, 0x7b, 0xf0, 0x7b, 0xd0, 0x7b, 0xd0, 0x7b, 0xf0, 0x7b, 0xf0, 0x7b,
    0xf0, 0x7b, 0xd0, 0x7b, 0xf0, 0x7b, 0xcf, 0x7b, 0xd0, 0x7b, 0xf0, 0x7b,
    0xd0, 0x7b, 0xd0, 0x7b, 0xcf, 0x73, 0xaf, 0x73, 0xaf, 0x73, 0xaf, 0x73,
    0xaf, 0x73, 0x8e, 0x73, 0x8e, 0x73, 0x8e, 0x73, 0x8e, 0x73, 0x8e, 0x73,
    0x8e, 0x73, 0x8f, 0x73, 0x8e, 0x73, 0x8e, 0x73, 0x8e, 0x73, 0x8e, 0x73,
    0x8f, 0x73, 0x6e, 0x6b, 0x6e, 0x73, 0x8f, 0x73, 0x6e, 0x6b, 0x6e, 0x6b,
    0x6e, 0x6b, 0x6e, 0x6b, 0x6e, 0x6b, 0x6e, 0x6b, 0x6e, 0x73, 0x6e, 0x6b,
    0x4e, 0x6b, 0x4e, 0x6b, 0x6e, 0x6b, 0x6e, 0x6b, 0x6e, 0x6b, 0x6d, 0x6b,
    0x6e, 0x6b, 0x4e, 0x6b, 0x6d, 0x6b, 0x6d, 0x6b, 0x6e, 0x6b, 0x6e, 0x6b,
    0x6e, 0x6b, 0x6e, 0x6b, 0x4d, 0x6b, 0x4d, 0x63, 0x4e, 0x6b, 0x4e, 0x6b,
    0x4d, 0x6b, 0x4d, 0x63, 0x4d, 0x63, 0x2d, 0x63, 0x4d, 0x63, 0x4d, 0x63,
    0x2d, 0x63, 0x45, 0x29, 0xec, 0x5a, 0xec, 0x5a, 0xec, 0x5a, 0xcc, 0x5a,
    0xec, 0x5a, 0xec, 0x5a, 0xec, 0x5a, 0x0c, 0x5b, 0x0c, 0x5b, 0xec, 0x5a,
    0x0c, 0x5b, 0x0c, 0x63, 0x0d, 0x63, 0x0d, 0x63, 0x2d, 0x63, 0x0d, 0x63,
    0x2d, 0x63, 0x2c, 0x5b, 0x2d, 0x63, 0x2d, 0x63, 0x2d, 0x63, 0x4d, 0x63,
    0x4e, 0x6b, 0x4d, 0x63, 0x4e, 0x63, 0x6e, 0x6b, 0x6e, 0x6b, 0x6e, 0x6b,
    0x6e, 0x6b, 0x8e, 0x6b, 0x8e, 0x73, 0x8e, 0x6b, 0x8f, 0x6b, 0x8e, 0x6b,
    0xae, 0x73, 0xaf, 0x73, 0xaf, 0x73, 0xaf, 0x73, 0xaf, 0x73, 0xaf, 0x73,
    0xb0, 0x73, 0xcf, 0x73, 0xaf, 0x73, 0xcf, 0x7b, 0xd0, 0x7b, 0xd0, 0x7b,
    0xcf, 0x73, 0xcf, 0x73, 0xcf, 0x7b, 0xd0, 0x7b, 0x11, 0x7c, 0x11, 0x7c,
    0x11, 0x84, 0x12, 0x84, 0x32, 0x84, 0x31, 0x84, 0x11, 0x84, 0x10, 0x7c,
    0x10, 0x7c, 0x10, 0x84, 0xf0, 0x7b, 0x10, 0x84, 0x11, 0x84, 0xf0, 0x7b,
    0xaf, 0x7b, 0xcf, 0x7b, 0xaf, 0x73, 0xaf, 0x73, 0x8e, 0x73, 0x6e, 0x6b,
    0x6e, 0x73, 0x6d, 0x6b, 0x4d, 0x6b, 0x2d, 0x63, 0x0c, 0x63, 0x0c, 0x63,
    0x0c, 0x63, 0x0c, 0x63, 0x2c, 0x63, 0x2d, 0x63, 0x4d, 0x6b, 0x6e, 0x6b,
    0x8e, 0x73, 0x4d, 0x6b, 0x0c, 0x63, 0x0c, 0x5b, 0xec, 0x5a, 0xab, 0x52,
    0x49, 0x4a, 0x49, 0x4a, 0x49, 0x4a, 0x29, 0x42, 0x29, 0x42, 0x08, 0x42,
    0x08, 0x42, 0xe8, 0x41, 0xe7, 0x39, 0xc7, 0x39, 0xc7, 0x39, 0xc7, 0x39,
    0xa7, 0x39, 0xa7, 0x31, 0xa7, 0x39, 0xe8, 0x41, 0xe7, 0x39, 0xc7, 0x39,
    0xc7, 0x39, 0xc7, 0x39, 0xc7, 0x39, 0xc7, 0x39, 0xc7, 0x39, 0xc7, 0x39,
    0xc7, 0x39, 0xc7, 0x39, 0xe8, 0x41, 0x28, 0x42, 0x29, 0x42, 0x29, 0x42,
    0x49, 0x4a, 0x6a, 0x4a, 0x29, 0x42, 0x08, 0x42, 0x28, 0x4a, 0x29, 0x42,
    0x29, 0x4a, 0x49, 0x4a, 0x49, 0x4a, 0x29, 0x42, 0x8a, 0x4a, 0xcb, 0x5a,
    0xcb, 0x5a, 0x0c, 0x63, 0x2c, 0x63, 0xeb, 0x5a, 0x0c, 0x63, 0xcb, 0x52,
    0xcb, 0x5a, 0xeb, 0x5a, 0xcb, 0x5a, 0x2c, 0x63, 0x4d, 0x6b, 0x6d, 0x6b,
    0x4d, 0x6b, 0x4d, 0x6b, 0x8e, 0x73, 0xf0, 0x7b, 0x31, 0x8c, 0x51, 0x8c,
    0x51, 0x8c, 0x51, 0x8c, 0x30, 0x84, 0x31, 0x84, 0x51, 0x8c, 0x31, 0x8c,
    0x31, 0x84, 0x51, 0x8c, 0x51, 0x8c, 0xf0, 0x7b, 0x8e, 0x73, 0x6e, 0x6b,
    0x4d, 0x6b, 0x0c, 0x63, 0x2d, 0x63, 0x4d, 0x6b, 0x4d, 0x6b, 0x2d, 0x63,
    0x2d, 0x63, 0xaf, 0x73, 0x6e, 0x73, 0x6e, 0x73, 0x8e, 0x73, 0xcf, 0x73,
    0xaf, 0x73, 0xaf, 0x73, 0xcf, 0x7b, 0xec, 0x5a, 0xab, 0x52, 0x69, 0x4a,
    0xe8, 0x41, 0xc7, 0x39, 0xc7, 0x39, 0xe7, 0x39, 0xa7, 0x39, 0xa6, 0x31,
    0xa7, 0x39, 0xc7, 0x39, 0xe8, 0x41, 0x08, 0x42, 0xe8, 0x41, 0xc7, 0x39,
    0xe7, 0x39, 0xe8, 0x41, 0xa6, 0x39, 0xa6, 0x31, 0xa7, 0x39, 0xe7, 0x39,
    0xc7, 0x39, 0xe7, 0x39, 0xe7, 0x39, 0x08, 0x42, 0x08, 0x42, 0x28, 0x42,
    0x29, 0x42, 0x49, 0x4a, 0xec, 0x5a, 0x0c, 0x63, 0xec, 0x5a, 0xec, 0x5a,
    0xec, 0x5a, 0x0c, 0x63, 0x2d, 0x63, 0x0c, 0x63, 0x4d, 0x6b, 0x6e, 0x6b,
    0x8e, 0x73, 0xae, 0x73, 0xaf, 0x73, 0xaf, 0x73, 0xaf, 0x73, 0xaf, 0x73,
    0xae, 0x73, 0xcf, 0x7b, 0xcf, 0x7b, 0xcf, 0x7b, 0xf0, 0x7b, 0xf0, 0x7b,
    0xf0, 0x7b, 0x10, 0x84, 0x31, 0x84, 0x31, 0x84, 0x31, 0x84, 0x51, 0x8c,
    0x71, 0x84, 0x51, 0x84, 0x51, 0x8c, 0x52, 0x8c, 0x72, 0x8c, 0x52, 0x8c,
    0x51, 0x8c, 0x52, 0x8c, 0x31, 0x84, 0x11, 0x84, 0x10, 0x84, 0xf0, 0x7b,
    0xf0, 0x7b, 0xf0, 0x7b, 0xd0, 0x7b, 0xcf, 0x7b, 0xcf, 0x7b, 0xcf, 0x7b,
    0xcf, 0x7b, 0xcf, 0x73, 0xcf, 0x73, 0xcf, 0x7b, 0xcf, 0x7b, 0xd0, 0x7b,
    0xcf, 0x73, 0xaf, 0x73, 0xaf, 0x73, 0xcf, 0x7b, 0xaf, 0x73, 0xaf, 0x73,
    0xaf, 0x73, 0xaf, 0x73, 0x8f, 0x73, 0x8e, 0x73, 0x8e, 0x73, 0x8f, 0x73,
    0x8e, 0x73, 0x6e, 0x73, 0x6e, 0x6b, 0x6e, 0x6b, 0x6e, 0x6b, 0x6e, 0x6b,
    0x4e, 0x6b, 0x4e, 0x6b, 0x6e, 0x6b, 0x6e, 0x6b, 0x6d, 0x6b, 0x4e, 0x6b,
    0x6e, 0x6b, 0x6e, 0x6b, 0x6e, 0x6b, 0x6e, 0x6b, 0x4e, 0x6b, 0x6d, 0x6b,
    0x4e, 0x6b, 0x6e, 0x6b, 0x6e, 0x6b, 0x6d, 0x6b, 0x4e, 0x6b, 0x4d, 0x6b,
    0x4d, 0x6b, 0x4d, 0x6b, 0x4d, 0x6b, 0x4d, 0x6b, 0x4d, 0x6b, 0x6e, 0x6b,
    0x6e, 0x6b, 0x6e, 0x73, 0x6e, 0x6b, 0x6d, 0x6b, 0x6e, 0x6b, 0x6e, 0x6b,
    0x6e, 0x6b, 0x8e, 0x73, 0x8e, 0x6b, 0x6e, 0x6b, 0x6e, 0x6b, 0x4e, 0x6b,
    0x4e, 0x6b, 0x4e, 0x6b, 0x4d, 0x6b, 0x4d, 0x63, 0x2d, 0x63, 0x2d, 0x63,
    0x2d, 0x6b, 0x2d, 0x6b, 0x2d, 0x63, 0x45, 0x29, 0xcc, 0x5a, 0xec, 0x5a,
    0xeb, 0x5a, 0xec, 0x5a, 0x0c, 0x63, 0x0d, 0x63, 0x0c, 0x5b, 0x0c, 0x5b,
    0x0d, 0x63, 0x0d, 0x63, 0x0d, 0x63, 0x2d, 0x63, 0x2d, 0x63, 0x2c, 0x63,
    0x0d, 0x63, 0x0c, 0x5b, 0x0c, 0x5b, 0x0d, 0x63, 0x0d, 0x5b, 0x2d, 0x63,
    0x2d, 0x63, 0x4d, 0x63, 0x4d, 0x63, 0x4e, 0x6b, 0x6d, 0x6b, 0x4d, 0x6b,
    0x6e, 0x6b, 0x6e, 0x6b, 0x8e, 0x6b, 0x8e, 0x6b, 0x8e, 0x6b, 0x8e, 0x6b,
    0x8e, 0x73, 0x8f, 0x73, 0x8f, 0x73, 0xae, 0x6b, 0xaf, 0x73, 0xaf, 0x73,
    0xaf, 0x73, 0xaf, 0x73, 0xaf, 0x73, 0xaf, 0x73, 0xaf, 0x73, 0xaf, 0x73,
    0xcf, 0x73, 0xcf, 0x73, 0xaf, 0x73, 0xcf, 0x73, 0xcf, 0x7b, 0xd0, 0x73,
    0x11, 0x7c, 0x11, 0x84, 0x11, 0x7c, 0x31, 0x84, 0x31, 0x84, 0x11, 0x7c,
    0x10, 0x7c, 0xf0, 0x7b, 0xd0, 0x7b, 0xf0, 0x7b, 0xf0, 0x7b, 0x10, 0x84,
    0xf0, 0x7b, 0xcf, 0x7b, 0xaf, 0x73, 0xaf, 0x73, 0xaf, 0x73, 0xae, 0x73,
    0x8e, 0x73, 0x6e, 0x6b, 0x6d, 0x6b, 0x4d, 0x6b, 0x2d, 0x63, 0x0c, 0x63,
    0xec, 0x5a, 0xec, 0x5a, 0xec, 0x5a, 0xec, 0x5a, 0xcb, 0x5a, 0xeb, 0x5a,
    0xec, 0x62, 0x0c, 0x63, 0x0c, 0x63, 0xec, 0x5a, 0xcb, 0x5a, 0xcb, 0x5a,
    0xcb, 0x5a, 0xaa, 0x52, 0x6a, 0x4a, 0x49, 0x4a, 0x49, 0x42, 0x29, 0x42,
    0x29, 0x42, 0x28, 0x42, 0x08, 0x42, 0x08, 0x42, 0xe7, 0x39, 0xc7, 0x39,
    0xc7, 0x39, 0xa7, 0x39, 0xa6, 0x31, 0xa6, 0x39, 0xe7, 0x39, 0xc7, 0x39,
    0xc8, 0x39, 0x08, 0x42, 0x08, 0x42, 0x08, 0x42, 0x08, 0x3a, 0x08, 0x42,
    0x08, 0x42, 0xe8, 0x41, 0xe8, 0x41, 0xc7, 0x39, 0xe8, 0x39, 0x08, 0x42,
    0x28, 0x42, 0x49, 0x4a, 0x49, 0x4a, 0x49, 0x4a, 0x69, 0x4a, 0x29, 0x4a,
    0x29, 0x4a, 0x28, 0x42, 0x28, 0x4a, 0x49, 0x4a, 0x49, 0x4a, 0x28, 0x42,
    0x6a, 0x4a, 0xab, 0x52, 0xcb, 0x5a, 0xec, 0x5a, 0xec, 0x5a, 0xeb, 0x5a,
    0xcb, 0x5a, 0xaa, 0x52, 0xcb, 0x5a, 0xcb, 0x5a, 0xcb, 0x5a, 0x0c, 0x63,
    0x2d, 0x63, 0x4d, 0x6b, 0x4d, 0x6b, 0x2d, 0x63, 0x4d, 0x6b, 0xaf, 0x73,
    0xf0, 0x7b, 0x10, 0x84, 0x10, 0x84, 0xf0, 0x7b, 0xd0, 0x7b, 0xf0, 0x7b,
    0x10, 0x84, 0x10, 0x84, 0xf0, 0x7b, 0x10, 0x84, 0x31, 0x8c, 0x31, 0x84,
    0xf0, 0x7b, 0xaf, 0x73, 0x6e, 0x6b, 0x0c, 0x63, 0x6e, 0x6b, 0x6e, 0x6b,
    0x4d, 0x6b, 0x0c, 0x63, 0x2c, 0x63, 0x6e, 0x6b, 0x4d, 0x6b, 0x4d, 0x6b,
    0x6e, 0x6b, 0x8e, 0x73, 0x4d, 0x6b, 0x2d, 0x63, 0x8e, 0x73, 0x0c, 0x63,
    0x6a, 0x52, 0x69, 0x4a, 0xe7, 0x39, 0xa7, 0x39, 0xa7, 0x31, 0x86, 0x31,
    0x86, 0x31, 0x86, 0x31, 0x86, 0x31, 0xa7, 0x39, 0xe7, 0x39, 0xc7, 0x39,
    0xa7, 0x39, 0xc7, 0x39, 0xc7, 0x39, 0xc7, 0x39, 0xa7, 0x31, 0xa6, 0x39,
    0xa7, 0x39, 0xc7, 0x39, 0xe7, 0x39, 0xc7, 0x39, 0xc7, 0x39, 0xe8, 0x39,
    0x08, 0x42, 0x08, 0x42, 0x29, 0x42, 0x8a, 0x52, 0xec, 0x5a, 0xec, 0x5a,
    0xcb, 0x5a, 0xcb, 0x5a, 0xec, 0x5a, 0xec, 0x5a, 0x0c, 0x63, 0x0c, 0x63,
    0x0d, 0x63, 0x2d, 0x63, 0x2d, 0x6b, 0x4d, 0x6b, 0x6e, 0x6b, 0x6e, 0x6b,
    0x6e, 0x6b, 0x6e, 0x73, 0x8e, 0x73, 0x8e, 0x6b, 0x8e, 0x73, 0xae, 0x73,
    0xae, 0x73, 0xaf, 0x73, 0xcf, 0x7b, 0xf0, 0x7b, 0xd0, 0x7b, 0xf0, 0x7b,
    0xf0, 0x7b, 0x10, 0x7c, 0xf0, 0x7b, 0xf0, 0x83, 0xf0, 0x7b, 0xf0, 0x7b,
    0xd0, 0x7b, 0xcf, 0x7b, 0xcf, 0x7b, 0xcf, 0x7b, 0xcf, 0x7b, 0xcf, 0x7b,
    0xaf, 0x73, 0xcf, 0x7b, 0xcf, 0x7b, 0xaf, 0x7b, 0xaf, 0x73, 0xaf, 0x73,
    0xaf, 0x73, 0xae, 0x73, 0x8f, 0x73, 0xaf, 0x73, 0xaf, 0x73, 0xaf, 0x73,
    0xaf, 0x73, 0xaf, 0x73, 0x8f, 0x73, 0x8f, 0x73, 0xae, 0x73, 0x8f, 0x73,
    0xae, 0x73, 0x8e, 0x73, 0x8e, 0x73, 0x8e, 0x73, 0x6e, 0x6b, 0x6e, 0x6b,
    0x4e, 0x6b, 0x4e, 0x6b, 0x4e, 0x6b, 0x4e, 0x6b, 0x6e, 0x6b, 0x4d, 0x6b,
    0x2d, 0x6b, 0x2c, 0x63, 0x0c, 0x63, 0x0c, 0x63, 0x0c, 0x63, 0x2c, 0x63,
    0x2d, 0x63, 0x0d, 0x63, 0x2c, 0x63, 0x2d, 0x63, 0x2d, 0x6b, 0x4d, 0x6b,
    0x4d, 0x6b, 0x4d, 0x6b, 0x4d, 0x6b, 0x4d, 0x6b, 0x4d, 0x6b, 0x4d, 0x6b,
    0x4d, 0x6b, 0x2d, 0x63, 0x2d, 0x63, 0x2d, 0x6b, 0x4d, 0x63, 0x4d, 0x6b,
    0x4d, 0x6b, 0x6d, 0x6b, 0x6e, 0x73, 0x8e, 0x73, 0x8e, 0x73, 0x6e, 0x73,
    0x6e, 0x73, 0x6e, 0x6b, 0x6e, 0x73, 0x6e, 0x73, 0x6e, 0x6b, 0x6e, 0x73,
    0x6e, 0x6b, 0x6e, 0x6b, 0x6e, 0x6b, 0x4d, 0x6b, 0x4e, 0x6b, 0x4e, 0x6b,
    0x4d, 0x6b, 0x4d, 0x6b, 0x4d, 0x6b, 0x4d, 0x6b, 0x4d, 0x6b, 0x46, 0x29,
    0xcb, 0x5a, 0xec, 0x5a, 0xec, 0x5a, 0xec, 0x5a, 0x0c, 0x63, 0x0d, 0x63,
    0x0c, 0x63, 0x0c, 0x5b, 0x0c, 0x63, 0x0d, 0x63, 0x2d, 0x63, 0x2d, 0x63,
    0x2d, 0x63, 0x2d, 0x63, 0x0c, 0x5b, 0x0c, 0x63, 0x0d, 0x63, 0x0d, 0x63,
    0x0c, 0x63, 0x2d, 0x63, 0x2d, 0x63, 0x2d, 0x63, 0x4d, 0x63, 0x4e, 0x6b,
    0x4e, 0x6b, 0x6d, 0x63, 0x6e, 0x6b, 0x6e, 0x6b, 0x6e, 0x6b, 0x6e, 0x6b,
    0x6e, 0x6b, 0x6e, 0x6b, 0x6e, 0x6b, 0x8e, 0x6b, 0x8f, 0x6b, 0x8e, 0x6b,
    0x8e, 0x73, 0xaf, 0x73, 0xaf, 0x73, 0xaf, 0x73, 0xaf, 0x73, 0xaf, 0x73,
    0xcf, 0x73, 0xaf, 0x73, 0xaf, 0x73, 0xaf, 0x73, 0xaf, 0x73, 0xcf, 0x73,
    0xd0, 0x7b, 0xd0, 0x7b, 0xf0, 0x7b, 0x10, 0x7c, 0x11, 0x7c, 0x11, 0x84,
    0x11, 0x84, 0xf0, 0x7b, 0x10, 0x7c, 0xf0, 0x7b, 0xd0, 0x7b, 0xd0, 0x7b,
    0xd0, 0x7b, 0xcf, 0x7b, 0xd0, 0x7b, 0xaf, 0x73, 0x8e, 0x73, 0xae, 0x73,
    0x8e, 0x73, 0x8e, 0x73, 0x6d, 0x6b, 0x6e, 0x6b, 0x4e, 0x6b, 0x2d, 0x63,
    0x0c, 0x63, 0xec, 0x5a, 0xcb, 0x5a, 0xec, 0x5a, 0xeb, 0x5a, 0xcb, 0x5a,
    0xcb, 0x5a, 0xcb, 0x5a, 0xab, 0x52, 0xcb, 0x52, 0xcb, 0x52, 0xab, 0x52,
    0x8a, 0x52, 0x8a, 0x52, 0x8a, 0x52, 0x8a, 0x52, 0x49, 0x4a, 0x49, 0x42,
    0x29, 0x42, 0x28, 0x42, 0x29, 0x4a, 0x29, 0x42, 0x08, 0x42, 0xe8, 0x41,
    0xc7, 0x39, 0xc7, 0x39, 0xa7, 0x39, 0xa6, 0x31, 0x86, 0x31, 0xc7, 0x39,
    0xe8, 0x41, 0xc7, 0x39, 0xe7, 0x41, 0x08, 0x42, 0x08, 0x42, 0xe8, 0x39,
    0xe7, 0x39, 0xe8, 0x39, 0xe8, 0x41, 0xe8, 0x41, 0x08, 0x42, 0xe7, 0x39,
    0xe8, 0x41, 0x08, 0x42, 0x29, 0x42, 0x49, 0x4a, 0x49, 0x4a, 0x6a, 0x4a,
    0x69, 0x52, 0x69, 0x4a, 0x29, 0x4a, 0x49, 0x4a, 0x49, 0x42, 0x29, 0x4a,
    0x29, 0x4a, 0x49, 0x4a, 0x69, 0x4a, 0xab, 0x52, 0xec, 0x5a, 0xec, 0x5a,
    0xeb, 0x5a, 0xcb, 0x5a, 0xaa, 0x52, 0x8a, 0x52, 0xaa, 0x52, 0xcb, 0x5a,
    0xab, 0x52, 0x0c, 0x5b, 0x2d, 0x63, 0x4d, 0x6b, 0x4d, 0x6b, 0x2d, 0x63,
    0x4d, 0x6b, 0x8e, 0x73, 0xaf, 0x73, 0xcf, 0x7b, 0xaf, 0x73, 0xcf, 0x7b,
    0xf0, 0x7b, 0xf0, 0x7b, 0xef, 0x7b, 0xf0, 0x7b, 0x10, 0x84, 0x10, 0x84,
    0xf0, 0x7b, 0xf0, 0x7b, 0xf0, 0x83, 0xcf, 0x7b, 0xae, 0x73, 0x4d, 0x6b,
    0x4d, 0x6b, 0x6e, 0x6b, 0x2d, 0x63, 0x0c, 0x63, 0x0c, 0x63, 0x2d, 0x63,
    0x6d, 0x6b, 0x0c, 0x63, 0xab, 0x52, 0xcb, 0x5a, 0xeb, 0x5a, 0xcc, 0x5a,
    0x0c, 0x63, 0x8a, 0x52, 0x49, 0x4a, 0xaa, 0x52, 0xa7, 0x39, 0x86, 0x31,
    0x65, 0x31, 0x66, 0x31, 0x66, 0x29, 0x66, 0x31, 0x86, 0x31, 0xa6, 0x31,
    0x86, 0x31, 0x86, 0x31, 0xa6, 0x31, 0xa6, 0x31, 0xa6, 0x31, 0xa6, 0x31,
    0x86, 0x31, 0xa7, 0x31, 0xa7, 0x39, 0xc7, 0x31, 0xc7, 0x39, 0xc7, 0x39,
    0xc7, 0x39, 0xe8, 0x39, 0x08, 0x42, 0x28, 0x42, 0x29, 0x42, 0x8a, 0x52,
    0xab, 0x52, 0xcb, 0x5a, 0xcb, 0x5a, 0xab, 0x52, 0xab, 0x52, 0xeb, 0x5a,
    0xec, 0x5a, 0xec, 0x5a, 0xec, 0x5a, 0x0c, 0x63, 0x0c, 0x63, 0x0c, 0x63,
    0x2d, 0x63, 0x2d, 0x63, 0x2c, 0x63, 0x2c, 0x63, 0x4d, 0x6b, 0x2d, 0x63,
    0x2d, 0x63, 0x4d, 0x6b, 0x6e, 0x6b, 0x6e, 0x73, 0x8e, 0x73, 0x8e, 0x73,
    0x8f, 0x73, 0x8e, 0x73, 0x8e, 0x73, 0x8e, 0x73, 0x8e, 0x73, 0x6e, 0x6b,
    0x6e, 0x6b, 0x6e, 0x6b, 0x6e, 0x6b, 0x6e, 0x6b, 0x6e, 0x6b, 0x6e, 0x6b,
    0x8e, 0x73, 0x8f, 0x73, 0x8f, 0x73, 0x8f, 0x73, 0x8f, 0x73, 0x8e, 0x73,
    0x8e, 0x73, 0x6e, 0x6b, 0x6e, 0x6b, 0x6e, 0x6b, 0x6e, 0x6b, 0x6e, 0x73,
    0x6e, 0x73, 0x6e, 0x6b, 0x8e, 0x73, 0x6e, 0x6b, 0x6e, 0x73, 0x8e, 0x73,
    0x8e, 0x6b, 0x6e, 0x6b, 0x6d, 0x6b, 0x6d, 0x6b, 0x4e, 0x6b, 0x4e, 0x6b,
    0x4d, 0x6b, 0x4d, 0x63, 0x2d, 0x63, 0x2d, 0x63, 0x2c, 0x63, 0x0c, 0x63,
    0x0c, 0x63, 0x2d, 0x63, 0x2d, 0x63, 0x0c, 0x63, 0xec, 0x5a, 0xec, 0x5a,
    0xec, 0x5a, 0xec, 0x5a, 0xec, 0x5a, 0xec, 0x5a, 0xec, 0x62, 0x0c, 0x63,
    0x0c, 0x63, 0x0c, 0x63, 0x2d, 0x63, 0x2d, 0x63, 0x2d, 0x63, 0x2c, 0x63,
    0x2c, 0x63, 0x2c, 0x63, 0x0d, 0x63, 0x2d, 0x63, 0x2d, 0x63, 0x2d, 0x63,
    0x4d, 0x6b, 0x4e, 0x6b, 0x6e, 0x6b, 0x6e, 0x6b, 0x6e, 0x6b, 0x8e, 0x73,
    0x8e, 0x6b, 0x8e, 0x73, 0x8e, 0x73, 0x8e, 0x73, 0x8f, 0x73, 0x6e, 0x6b,
    0x6e, 0x6b, 0x6e, 0x6b, 0x4e, 0x6b, 0x6e, 0x73, 0x6e, 0x6b, 0x4e, 0x6b,
    0x4d, 0x6b, 0x4d, 0x6b, 0x4d, 0x63, 0x2d, 0x63, 0x4d, 0x63, 0x4e, 0x63,
    0x6e, 0x6b, 0x45, 0x29, 0xcb, 0x5a, 0xec, 0x5a, 0xec, 0x5a, 0x0c, 0x63,
    0x0d, 0x63, 0x0d, 0x63, 0x0c, 0x5b, 0x0c, 0x5b, 0x2d, 0x63, 0x2d, 0x63,
    0x2d, 0x63, 0x2d, 0x63, 0x2d, 0x63, 0x0d, 0x63, 0x0c, 0x63, 0x0d, 0x5b,
    0x2d, 0x63, 0x0c, 0x5b, 0x0c, 0x63, 0x0d, 0x63, 0x2d, 0x63, 0x2d, 0x63,
    0x4d, 0x63, 0x4d, 0x63, 0x4e, 0x6b, 0x4d, 0x63, 0x4e, 0x6b, 0x4e, 0x6b,
    0x6e, 0x6b, 0x6e, 0x6b, 0x6e, 0x6b, 0x6e, 0x6b, 0x6e, 0x6b, 0x6e, 0x6b,
    0x8e, 0x6b, 0x8e, 0x73, 0x8f, 0x73, 0x8e, 0x6b, 0x8f, 0x73, 0x8f, 0x73,
    0xaf, 0x73, 0xaf, 0x73, 0xaf, 0x73, 0xaf, 0x73, 0xaf, 0x73, 0xaf, 0x73,
    0xaf, 0x73, 0xaf, 0x73, 0xcf, 0x73, 0xcf, 0x73, 0xf0, 0x7b, 0xf0, 0x7b,
    0xf0, 0x7b, 0xf1, 0x7b, 0xf0, 0x7b, 0xf0, 0x7b, 0xf0, 0x7b, 0xd0, 0x7b,
    0xcf, 0x7b, 0xd0, 0x7b, 0xf0, 0x7b, 0xaf, 0x73, 0x8e, 0x73, 0x8e, 0x73,
    0x6e, 0x6b, 0x8e, 0x73, 0x6e, 0x6b, 0x4d, 0x6b, 0x6e, 0x6b, 0x6e, 0x73,
    0x4d, 0x6b, 0x2c, 0x63, 0xec, 0x5a, 0xec, 0x5a, 0xcb, 0x5a, 0xcb, 0x5a,
    0xcc, 0x5a, 0xab, 0x52, 0xcb, 0x5a, 0xcb, 0x52, 0xab, 0x52, 0xab, 0x52,
    0x8a, 0x52, 0x8a, 0x52, 0x8b, 0x52, 0x8a, 0x52, 0x6a, 0x4a, 0x29, 0x42,
    0x28, 0x42, 0x08, 0x42, 0x29, 0x42, 0x29, 0x42, 0x49, 0x4a, 0x29, 0x42,
    0xe8, 0x39, 0xe7, 0x39, 0xc7, 0x39, 0xc7, 0x39, 0x86, 0x31, 0x86, 0x31,
    0xa7, 0x31, 0xe8, 0x41, 0xc7, 0x39, 0xc7, 0x39, 0xe7, 0x39, 0x08, 0x42,
    0x08, 0x42, 0xe7, 0x39, 0xe7, 0x39, 0xe7, 0x39, 0xe8, 0x41, 0xe7, 0x39,
    0xe7, 0x39, 0xe7, 0x39, 0x08, 0x42, 0x28, 0x42, 0x29, 0x42, 0x69, 0x4a,
    0x6a, 0x4a, 0x69, 0x4a, 0x49, 0x4a, 0x49, 0x4a, 0x29, 0x4a, 0x28, 0x42,
    0x28, 0x42, 0x29, 0x4a, 0x29, 0x4a, 0x49, 0x4a, 0x49, 0x4a, 0xaa, 0x52,
    0xcb, 0x5a, 0xcb, 0x5a, 0xcb, 0x5a, 0xaa, 0x52, 0xab, 0x52, 0xaa, 0x52,
    0xab, 0x52, 0xaa, 0x52, 0xcb, 0x5a, 0xeb, 0x5a, 0x2c, 0x63, 0x2c, 0x63,
    0x4d, 0x6b, 0x6d, 0x6b, 0x4d, 0x63, 0x2d, 0x63, 0x6e, 0x6b, 0x8e, 0x73,
    0x8e, 0x73, 0xaf, 0x73, 0xf0, 0x7b, 0xf0, 0x7b, 0xf0, 0x7b, 0xf0, 0x7b,
    0xf0, 0x7b, 0xcf, 0x7b, 0xcf, 0x7b, 0x10, 0x7c, 0x10, 0x84, 0xcf, 0x7b,
    0x8e, 0x73, 0x6e, 0x6b, 0x8e, 0x73, 0xcf, 0x7b, 0x2d, 0x63, 0xec, 0x5a,
    0xec, 0x5a, 0x0c, 0x63, 0x4d, 0x63, 0xec, 0x5a, 0xcb, 0x5a, 0xab, 0x52,
    0xcb, 0x5a, 0xab, 0x52, 0x49, 0x4a, 0x49, 0x4a, 0x8a, 0x52, 0xe7, 0x39,
    0x66, 0x31, 0x45, 0x29, 0x45, 0x29, 0x45, 0x29, 0x65, 0x29, 0x65, 0x31,
    0x86, 0x31, 0x86, 0x31, 0x86, 0x31, 0x86, 0x31, 0x86, 0x31, 0x86, 0x31,
    0x86, 0x31, 0xa6, 0x31, 0xa6, 0x31, 0x86, 0x31, 0xa6, 0x31, 0xa7, 0x31,
    0xc7, 0x39, 0xc7, 0x39, 0xc7, 0x39, 0xe7, 0x39, 0x08, 0x42, 0x08, 0x42,
    0x28, 0x42, 0x69, 0x4a, 0x6a, 0x52, 0x6a, 0x4a, 0x8a, 0x52, 0x8a, 0x52,
    0x8a, 0x52, 0xab, 0x52, 0xab, 0x52, 0xab, 0x52, 0xcb, 0x5a, 0xcb, 0x5a,
    0xec, 0x5a, 0xec, 0x5a, 0xcb, 0x5a, 0xeb, 0x5a, 0xcb, 0x5a, 0xcb, 0x5a,
    0xec, 0x5a, 0xec, 0x5a, 0xec, 0x62, 0x0c, 0x63, 0x0c, 0x63, 0x2d, 0x63,
    0x2d, 0x63, 0x0c, 0x63, 0x2c, 0x63, 0x0d, 0x63, 0x0c, 0x63, 0x0d, 0x63,
    0x2d, 0x63, 0x2d, 0x63, 0x2d, 0x63, 0x2d, 0x63, 0x4d, 0x6b, 0x4d, 0x6b,
    0x2d, 0x63, 0x4d, 0x6b, 0x4d, 0x63, 0x4d, 0x6b, 0x4d, 0x63, 0x4d, 0x6b,
    0x6e, 0x6b, 0x4e, 0x6b, 0x6e, 0x6b, 0x4d, 0x6b, 0x4d, 0x6b, 0x4d, 0x6b,
    0x4d, 0x6b, 0x4d, 0x6b, 0x4d, 0x6b, 0x4d, 0x6b, 0x6e, 0x6b, 0x4d, 0x6b,
    0x4d, 0x6b, 0x4d, 0x6b, 0x6e, 0x6b, 0x4d, 0x6b, 0x2d, 0x63, 0x2d, 0x63,
    0x2d, 0x63, 0x2d, 0x63, 0x2c, 0x63, 0x0c, 0x63, 0x0c, 0x63, 0x0c, 0x63,
    0x2c, 0x63, 0xec, 0x5a, 0xcb, 0x5a, 0xec, 0x5a, 0x2c, 0x63, 0x2d, 0x63,
    0x0c, 0x63, 0xec, 0x5a, 0xcb, 0x5a, 0xcb, 0x5a, 0xeb, 0x5a, 0xec, 0x5a,
    0x0c, 0x63, 0x0c, 0x5b, 0xcb, 0x5a, 0xec, 0x5a, 0xec, 0x5a, 0x0c, 0x63,
    0x0c, 0x63, 0x0c, 0x63, 0x2d, 0x63, 0x0c, 0x63, 0x0c, 0x63, 0x2c, 0x63,
    0x2d, 0x6b, 0x4d, 0x6b, 0x4d, 0x6b, 0x6e, 0x6b, 0x6e, 0x73, 0x6e, 0x6b,
    0x6e, 0x73, 0x8e, 0x73, 0x6e, 0x6b, 0x8e, 0x6b, 0x8e, 0x73, 0x8f, 0x73,
    0x8f, 0x73, 0x6e, 0x6b, 0x6e, 0x6b, 0x4e, 0x6b, 0x6e, 0x6b, 0x6e, 0x6b,
    0x6e, 0x6b, 0x6e, 0x6b, 0x6e, 0x6b, 0x4e, 0x6b, 0x4e, 0x6b, 0x6e, 0x6b,
    0x6e, 0x6b, 0x4e, 0x6b, 0x6e, 0x6b, 0x66, 0x29, 0xcc, 0x5a, 0xec, 0x5a,
    0xec, 0x62, 0x0d, 0x63, 0x0c, 0x63, 0x0c, 0x63, 0x0c, 0x63, 0x0d, 0x63,
    0x2d, 0x63, 0x2d, 0x63, 0x2d, 0x63, 0x2c, 0x63, 0x0c, 0x63, 0x0c, 0x63,
    0x0d, 0x63, 0x0c, 0x63, 0x0c, 0x5b, 0x0d, 0x63, 0x0d, 0x5b, 0x0c, 0x5b,
    0x0c, 0x63, 0x2d, 0x63, 0x2d, 0x63, 0x2d, 0x63, 0x4d, 0x63, 0x4d, 0x63,
    0x4d, 0x63, 0x4d, 0x6b, 0x6e, 0x6b, 0x6e, 0x6b, 0x6e, 0x6b, 0x6e, 0x6b,
    0x6e, 0x6b, 0x6e, 0x6b, 0x6e, 0x6b, 0x6e, 0x6b, 0x8f, 0x73, 0x8e, 0x6b,
    0x8e, 0x6b, 0x8e, 0x6b, 0x8e, 0x73, 0xaf, 0x73, 0xaf, 0x73, 0xaf, 0x73,
    0x8f, 0x73, 0xaf, 0x73, 0xaf, 0x73, 0xaf, 0x73, 0xaf, 0x73, 0xaf, 0x73,
    0xcf, 0x7b, 0xf0, 0x7b, 0xf0, 0x7b, 0xf0, 0x7b, 0xf0, 0x7b, 0xf0, 0x7b,
    0xf0, 0x7b, 0xcf, 0x7b, 0xcf, 0x7b, 0xf0, 0x7b, 0xf0, 0x7b, 0xaf, 0x73,
    0xae, 0x73, 0x8e, 0x73, 0x6e, 0x6b, 0x8e, 0x73, 0x4e, 0x6b, 0x6d, 0x6b,
    0x6e, 0x6b, 0x4d, 0x6b, 0x2d, 0x63, 0x0c, 0x63, 0x0c, 0x63, 0xec, 0x5a,
    0xcb, 0x5a, 0xab, 0x52, 0xab, 0x52, 0x8a, 0x52, 0x8a, 0x52, 0x8b, 0x52,
    0x8a, 0x52, 0x8a, 0x52, 0x8b, 0x52, 0x8a, 0x52, 0x8a, 0x4a, 0x6a, 0x4a,
    0x49, 0x4a, 0x08, 0x42, 0x08, 0x42, 0x08, 0x42, 0x28, 0x42, 0x08, 0x42,
    0x08, 0x3a, 0xe7, 0x39, 0xe7, 0x39, 0xc7, 0x39, 0xc7, 0x39, 0xa7, 0x31,
    0x86, 0x31, 0x86, 0x31, 0xc7, 0x39, 0xe7, 0x39, 0xa7, 0x39, 0xa7, 0x39,
    0xe8, 0x39, 0x08, 0x42, 0xe8, 0x41, 0xe7, 0x39, 0x08, 0x42, 0xe7, 0x39,
    0xe8, 0x41, 0xe7, 0x41, 0xe8, 0x39, 0xe8, 0x41, 0x08, 0x42, 0x29, 0x42,
    0x49, 0x4a, 0x28, 0x42, 0x49, 0x42, 0x28, 0x42, 0x08, 0x42, 0x29, 0x4a,
    0x29, 0x42, 0x08, 0x42, 0x08, 0x42, 0x08, 0x42, 0x28, 0x42, 0x28, 0x42,
    0x49, 0x4a, 0xaa, 0x52, 0xcb, 0x5a, 0x8a, 0x52, 0xab, 0x52, 0x8a, 0x52,
    0x8a, 0x52, 0x8a, 0x4a, 0xaa, 0x52, 0xcb, 0x5a, 0xcb, 0x5a, 0x0c, 0x5b,
    0x2c, 0x63, 0x2c, 0x63, 0x4d, 0x6b, 0x4d, 0x6b, 0x2d, 0x63, 0x2d, 0x63,
    0x6e, 0x6b, 0x4d, 0x6b, 0x6e, 0x6b, 0x8e, 0x73, 0xcf, 0x7b, 0xef, 0x7b,
    0x10, 0x84, 0x10, 0x84, 0x8e, 0x73, 0xcf, 0x73, 0xef, 0x7b, 0x31, 0x84,
    0x10, 0x84, 0xf0, 0x7b, 0x8e, 0x6b, 0x8f, 0x73, 0xef, 0x7b, 0x6e, 0x6b,
    0x8a, 0x52, 0x29, 0x42, 0x49, 0x4a, 0xab, 0x52, 0xec, 0x5a, 0x29, 0x42,
    0x08, 0x42, 0x08, 0x42, 0x29, 0x42, 0x28, 0x42, 0x28, 0x42, 0x29, 0x4a,
    0xe7, 0x39, 0x65, 0x29, 0x45, 0x29, 0x45, 0x29, 0x45, 0x29, 0x45, 0x29,
    0x65, 0x29, 0x86, 0x31, 0x86, 0x31, 0x86, 0x31, 0x86, 0x31, 0x86, 0x31,
    0x86, 0x31, 0x86, 0x31, 0x86, 0x31, 0x86, 0x31, 0x86, 0x31, 0x86, 0x31,
    0xa6, 0x39, 0xa7, 0x39, 0xe7, 0x39, 0xc7, 0x39, 0xc7, 0x31, 0xe7, 0x39,
    0x08, 0x3a, 0x08, 0x42, 0x28, 0x42, 0x49, 0x4a, 0x49, 0x4a, 0x49, 0x4a,
    0x49, 0x4a, 0x49, 0x4a, 0x49, 0x4a, 0x49, 0x4a, 0x6a, 0x4a, 0x6a, 0x52,
    0x8a, 0x52, 0x8a, 0x52, 0x8a, 0x4a, 0x8a, 0x52, 0x8a, 0x52, 0xab, 0x52,
    0x8a, 0x52, 0x8a, 0x52, 0x8a, 0x52, 0xaa, 0x52, 0xab, 0x52, 0xcb, 0x5a,
    0xcb, 0x52, 0xcb, 0x5a, 0xcb, 0x5a, 0xec, 0x5a, 0xcb, 0x5a, 0xcb, 0x5a,
    0xcb, 0x5a, 0xec, 0x5a, 0xec, 0x5a, 0x0c, 0x63, 0x0c, 0x63, 0x0c, 0x63,
    0x0c, 0x63, 0x0c, 0x63, 0x2c, 0x63, 0x0c, 0x63, 0x0c, 0x63, 0x0c, 0x63,
    0x0c, 0x63, 0x0c, 0x63, 0x2c, 0x63, 0x2d, 0x63, 0x4d, 0x6b, 0x4d, 0x63,
    0x2d, 0x63, 0x4d, 0x6b, 0x4d, 0x6b, 0x4d, 0x6b, 0x4d, 0x63, 0x4d, 0x63,
    0x2d, 0x63, 0x2d, 0x63, 0x4d, 0x63, 0x2d, 0x63, 0x4d, 0x6b, 0x4d, 0x6b,
    0x2d, 0x6b, 0x2d, 0x63, 0x2c, 0x63, 0x2c, 0x63, 0x0c, 0x63, 0x0c, 0x63,
    0x0c, 0x63, 0x0c, 0x63, 0x0c, 0x63, 0xec, 0x5a, 0xcb, 0x5a, 0xeb, 0x5a,
    0xcc, 0x5a, 0xec, 0x5a, 0xec, 0x5a, 0xeb, 0x5a, 0xec, 0x62, 0xec, 0x5a,
    0xec, 0x5a, 0xec, 0x62, 0xec, 0x5a, 0x0c, 0x5b, 0xec, 0x5a, 0xec, 0x5a,
    0xec, 0x5a, 0xec, 0x5a, 0x0c, 0x63, 0x0c, 0x63, 0x0d, 0x63, 0x0c, 0x63,
    0x0c, 0x63, 0x2d, 0x63, 0x4d, 0x63, 0x4d, 0x6b, 0x4d, 0x6b, 0x6e, 0x6b,
    0x8e, 0x73, 0x8e, 0x6b, 0x8e, 0x73, 0x8f, 0x73, 0x6e, 0x6b, 0x6e, 0x6b,
    0x8e, 0x73, 0x8e, 0x6b, 0x8e, 0x6b, 0x6e, 0x6b, 0x6e, 0x73, 0x6e, 0x6b,
    0x6e, 0x6b, 0x6e, 0x73, 0x8e, 0x73, 0x8e, 0x6b, 0x8e, 0x73, 0x8e, 0x73,
    0x6e, 0x6b, 0x6e, 0x6b, 0x8e, 0x6b, 0x8e, 0x6b, 0x8e, 0x6b, 0x66, 0x29,
    0xcc, 0x5a, 0xec, 0x5a, 0x0c, 0x63, 0x0c, 0x63, 0x0d, 0x5b, 0x0c, 0x63,
    0x0d, 0x63, 0x2d, 0x63, 0x2d, 0x63, 0x0d, 0x63, 0x0d, 0x63, 0x0c, 0x63,
    0x0c, 0x63, 0x0c, 0x63, 0x0d, 0x63, 0x0c, 0x63, 0x0c, 0x5b, 0x0d, 0x63,
    0x0c, 0x63, 0xec, 0x5a, 0x0c, 0x5b, 0x0d, 0x63, 0x2d, 0x63, 0x2d, 0x63,
    0x2d, 0x63, 0x4d, 0x6b, 0x4e, 0x6b, 0x4e, 0x6b, 0x4d, 0x6b, 0x6e, 0x6b,
    0x6e, 0x6b, 0x4d, 0x6b, 0x6e, 0x6b, 0x6e, 0x6b, 0x6e, 0x6b, 0x6e, 0x6b,
    0x6e, 0x6b, 0x6e, 0x6b, 0x6e, 0x73, 0x8e, 0x73, 0x8f, 0x73, 0x8e, 0x73,
    0x8f, 0x73, 0xaf, 0x73, 0xaf, 0x73, 0xaf, 0x73, 0xaf, 0x73, 0xaf, 0x73,
    0x8f, 0x73, 0xaf, 0x73, 0xcf, 0x73, 0xcf, 0x7b, 0xd0, 0x7b, 0xf0, 0x7b,
    0xf0, 0x7b, 0xd0, 0x7b, 0xf0, 0x7b, 0xcf, 0x7b, 0xcf, 0x7b, 0xcf, 0x7b,
    0xcf, 0x7b, 0xae, 0x73, 0x8e, 0x73, 0x6e, 0x6b, 0x6e, 0x6b, 0x6e, 0x6b,
    0x4d, 0x6b, 0x4d, 0x6b, 0x2d, 0x6b, 0x2d, 0x63, 0x2c, 0x63, 0x0c, 0x63,
    0xec, 0x5a, 0xcb, 0x5a, 0xab, 0x52, 0xaa, 0x52, 0x8a, 0x52, 0x6a, 0x4a,
    0x6a, 0x4a, 0x6a, 0x4a, 0x6a, 0x4a, 0x8a, 0x52, 0xaa, 0x52, 0x8a, 0x52,
    0x6a, 0x4a, 0x49, 0x42, 0x08, 0x42, 0xe7, 0x39, 0xe7, 0x39, 0xe8, 0x39,
    0xe8, 0x41, 0xe7, 0x39, 0xc7, 0x39, 0xc7, 0x39, 0xc7, 0x39, 0xc6, 0x31,
    0xa7, 0x39, 0xa6, 0x31, 0x86, 0x31, 0x86, 0x31, 0xa7, 0x39, 0xa6, 0x39,
    0xa6, 0x31, 0xc7, 0x39, 0x08, 0x42, 0xe7, 0x39, 0xc7, 0x39, 0xc7, 0x39,
    0x28, 0x42, 0x08, 0x42, 0xe8, 0x39, 0xe8, 0x41, 0x08, 0x42, 0x08, 0x42,
    0x08, 0x42, 0x49, 0x4a, 0x29, 0x4a, 0x08, 0x42, 0xe8, 0x41, 0xe8, 0x41,
    0x08, 0x42, 0x08, 0x42, 0x08, 0x42, 0x08, 0x42, 0xe7, 0x39, 0xe7, 0x39,
    0x08, 0x42, 0x29, 0x4a, 0x29, 0x4a, 0x8a, 0x52, 0x8a, 0x52, 0x8a, 0x52,
    0x8a, 0x52, 0x6a, 0x4a, 0x8a, 0x52, 0x6a, 0x4a, 0xaa, 0x52, 0xab, 0x5a,
    0xcb, 0x5a, 0x0c, 0x63, 0x2d, 0x63, 0x0c, 0x63, 0x2d, 0x63, 0x4d, 0x6b,
    0x2d, 0x63, 0x4d, 0x6b, 0x4d, 0x6b, 0x2c, 0x63, 0x2d, 0x63, 0x4d, 0x6b,
    0x8e, 0x73, 0xaf, 0x73, 0xaf, 0x73, 0xaf, 0x7b, 0x6e, 0x6b, 0x8e, 0x73,
    0xcf, 0x7b, 0x11, 0x84, 0x10, 0x84, 0x10, 0x84, 0x8e, 0x73, 0xaf, 0x73,
    0xcf, 0x7b, 0x4d, 0x6b, 0xcb, 0x5a, 0x8a, 0x52, 0xab, 0x52, 0xcb, 0x5a,
    0x49, 0x4a, 0x08, 0x42, 0xe8, 0x39, 0xc7, 0x39, 0x86, 0x31, 0x86, 0x31,
    0x86, 0x31, 0x66, 0x31, 0x66, 0x29, 0x25, 0x29, 0x24, 0x21, 0x25, 0x29,
    0x25, 0x29, 0x45, 0x29, 0x66, 0x31, 0x86, 0x31, 0x66, 0x31, 0x65, 0x29,
    0x65, 0x29, 0x66, 0x31, 0x66, 0x31, 0x66, 0x31, 0x86, 0x31, 0x86, 0x31,
    0x86, 0x31, 0x86, 0x31, 0xa7, 0x39, 0xc7, 0x39, 0xc7, 0x31, 0xc7, 0x31,
    0xc7, 0x39, 0xe7, 0x39, 0xe8, 0x39, 0x08, 0x42, 0x08, 0x42, 0x28, 0x42,
    0x08, 0x42, 0x29, 0x42, 0x28, 0x42, 0x28, 0x42, 0x29, 0x42, 0x49, 0x4a,
    0x69, 0x4a, 0x49, 0x4a, 0x49, 0x4a, 0x49, 0x4a, 0x49, 0x4a, 0x4a, 0x4a,
    0x6a, 0x4a, 0x6a, 0x4a, 0x6a, 0x52, 0x8a, 0x4a, 0x8a, 0x52, 0x8a, 0x52,
    0x8a, 0x52, 0xab, 0x52, 0xab, 0x52, 0xab, 0x52, 0xab, 0x5a, 0xcb, 0x52,
    0xcb, 0x52, 0xcb, 0x5a, 0xcb, 0x5a, 0xcb, 0x5a, 0xec, 0x5a, 0xec, 0x5a,
    0xec, 0x5a, 0xec, 0x5a, 0xec, 0x5a, 0x0c, 0x63, 0x0c, 0x63, 0x0c, 0x63,
    0x0d, 0x63, 0x0c, 0x63, 0x0c, 0x63, 0x0c, 0x5b, 0x0c, 0x63, 0x0d, 0x63,
    0x2d, 0x63, 0x2d, 0x63, 0x2d, 0x63, 0x4d, 0x6b, 0x4d, 0x6b, 0x4d, 0x63,
    0x0d, 0x63, 0x0c, 0x63, 0x2c, 0x63, 0x0c, 0x63, 0x2c, 0x63, 0x2d, 0x63,
    0x2d, 0x63, 0x2d, 0x6b, 0x4d, 0x63, 0x4d, 0x6b, 0x4d, 0x6b, 0x4d, 0x6b,
    0x2d, 0x63, 0x0c, 0x63, 0x0d, 0x63, 0x0c, 0x63, 0x0c, 0x63, 0xec, 0x5a,
    0xcb, 0x5a, 0xec, 0x5a, 0xeb, 0x5a, 0xec, 0x5a, 0xec, 0x62, 0x0c, 0x63,
    0x0c, 0x63, 0x0c, 0x63, 0x0c, 0x63, 0x0c, 0x63, 0x0c, 0x63, 0x0c, 0x63,
    0x0c, 0x63, 0x0c, 0x63, 0x0c, 0x63, 0x2c, 0x63, 0x2c, 0x63, 0x0c, 0x63,
    0x2d, 0x63, 0x2c, 0x63, 0x2d, 0x63, 0x2d, 0x63, 0x4d, 0x6b, 0x4d, 0x6b,
    0x6e, 0x6b, 0x8e, 0x73, 0x6e, 0x6b, 0x6e, 0x6b, 0x8e, 0x73, 0x6e, 0x6b,
    0x8e, 0x73, 0x8e, 0x73, 0x8e, 0x73, 0x8e, 0x6b, 0x8f, 0x6b, 0xaf, 0x73,
    0xaf, 0x73, 0xaf, 0x73, 0x8f, 0x73, 0xaf, 0x73, 0x8f, 0x73, 0x8f, 0x73,
    0xaf, 0x73, 0x8f, 0x73, 0x8e, 0x6b, 0x8e, 0x6b, 0x8e, 0x6b, 0x8e, 0x73,
    0x6e, 0x6b, 0x66, 0x29, 0xcc, 0x5a, 0xec, 0x5a, 0xec, 0x5a, 0x0c, 0x63,
    0xec, 0x5a, 0x0d, 0x63, 0x0c, 0x63, 0x0c, 0x63, 0x0c, 0x63, 0x0c, 0x63,
    0x0c, 0x63, 0x0c, 0x5b, 0xec, 0x5a, 0x0c, 0x5b, 0x0c, 0x63, 0x0d, 0x63,
    0x0c, 0x63, 0x0c, 0x5b, 0xec, 0x5a, 0xec, 0x5a, 0xec, 0x5a, 0xec, 0x5a,
    0x0d, 0x63, 0x2d, 0x63, 0x2d, 0x63, 0x2d, 0x6b, 0x4d, 0x63, 0x4e, 0x63,
    0x4d, 0x6b, 0x4d, 0x6b, 0x4e, 0x6b, 0x4d, 0x6b, 0x6e, 0x6b, 0x6e, 0x6b,
    0x6e, 0x73, 0x6e, 0x73, 0x6d, 0x6b, 0x6e, 0x6b, 0x6e, 0x6b, 0x6e, 0x6b,
    0x8e, 0x6b, 0x8e, 0x6b, 0x8e, 0x6b, 0x8f, 0x73, 0x8e, 0x73, 0x8e, 0x73,
    0xaf, 0x73, 0x8e, 0x73, 0x8e, 0x6b, 0x8e, 0x6b, 0xaf, 0x73, 0xcf, 0x73,
    0xcf, 0x73, 0xf0, 0x7b, 0xd0, 0x7b, 0xcf, 0x7b, 0xd0, 0x7b, 0xcf, 0x7b,
    0xcf, 0x7b, 0xaf, 0x73, 0xaf, 0x73, 0x8e, 0x73, 0x6e, 0x73, 0x8e, 0x73,
    0x6e, 0x6b, 0x6d, 0x6b, 0x4d, 0x6b, 0x4d, 0x6b, 0x4d, 0x63, 0x0d, 0x63,
    0x0c, 0x63, 0x0c, 0x63, 0xcb, 0x5a, 0xab, 0x52, 0x8a, 0x52, 0x8a, 0x52,
    0x6a, 0x4a, 0x69, 0x4a, 0x6a, 0x4a, 0x6a, 0x4a, 0x49, 0x4a, 0x6a, 0x4a,
    0x6a, 0x4a, 0x6a, 0x4a, 0x49, 0x4a, 0x28, 0x42, 0x08, 0x42, 0xc7, 0x39,
    0xc7, 0x39, 0xc7, 0x39, 0xe7, 0x39, 0xc7, 0x31, 0xa7, 0x39, 0xa7, 0x39,
    0xa6, 0x31, 0x86, 0x31, 0x86, 0x31, 0x86, 0x31, 0x86, 0x31, 0x66, 0x31,
    0xa6, 0x31, 0xa6, 0x31, 0xa6, 0x31, 0xe7, 0x39, 0xe8, 0x41, 0xc7, 0x39,
    0xa7, 0x39, 0xe7, 0x39, 0x28, 0x42, 0x28, 0x42, 0x08, 0x42, 0xe8, 0x39,
    0xe7, 0x39, 0x08, 0x42, 0x08, 0x42, 0x49, 0x42, 0xe7, 0x39, 0xe7, 0x39,
    0xe7, 0x39, 0xe7, 0x39, 0xe8, 0x41, 0x08, 0x42, 0xe7, 0x39, 0xc7, 0x39,
    0xc7, 0x39, 0xc7, 0x39, 0xe8, 0x41, 0x49, 0x4a, 0x49, 0x4a, 0x69, 0x4a,
    0x49, 0x4a, 0x49, 0x4a, 0x49, 0x4a, 0x69, 0x4a, 0x69, 0x4a, 0x6a, 0x4a,
    0x8a, 0x52, 0x8a, 0x52, 0xaa, 0x52, 0xab, 0x52, 0xec, 0x62, 0x0c, 0x5b,
    0xec, 0x5a, 0x0c, 0x63, 0x0c, 0x63, 0x2d, 0x63, 0x2d, 0x63, 0x0c, 0x63,
    0x2d, 0x63, 0x4d, 0x6b, 0x2d, 0x63, 0x4d, 0x6b, 0x2d, 0x63, 0x4d, 0x6b,
    0x6e, 0x6b, 0x8e, 0x73, 0xcf, 0x7b, 0xcf, 0x7b, 0x10, 0x84, 0x10, 0x7c,
    0x8f, 0x73, 0x8e, 0x73, 0xaf, 0x73, 0x6d, 0x6b, 0x0c, 0x5b, 0x2d, 0x63,
    0xcb, 0x5a, 0x49, 0x4a, 0x08, 0x42, 0x28, 0x42, 0xe7, 0x39, 0xa7, 0x39,
    0x86, 0x31, 0x65, 0x29, 0x45, 0x29, 0x65, 0x29, 0x45, 0x29, 0x24, 0x21,
    0x24, 0x29, 0x25, 0x21, 0x45, 0x29, 0x86, 0x31, 0x86, 0x31, 0x86, 0x31,
    0x65, 0x29, 0x45, 0x29, 0x45, 0x29, 0x65, 0x29, 0x65, 0x29, 0x65, 0x29,
    0x66, 0x31, 0x86, 0x31, 0x86, 0x31, 0x86, 0x31, 0xa7, 0x39, 0xc7, 0x39,
    0xc7, 0x31, 0xa7, 0x39, 0xc7, 0x39, 0xe7, 0x39, 0xe7, 0x39, 0xe7, 0x39,
    0xe8, 0x39, 0x08, 0x3a, 0xe7, 0x39, 0x08, 0x3a, 0x08, 0x42, 0x08, 0x3a,
    0x29, 0x42, 0x29, 0x4a, 0x49, 0x42, 0x49, 0x4a, 0x49, 0x4a, 0x29, 0x42,
    0x09, 0x42, 0x29, 0x42, 0x49, 0x42, 0x49, 0x4a, 0x6a, 0x4a, 0x6a, 0x4a,
    0x6a, 0x52, 0x8a, 0x52, 0x8a, 0x52, 0x8a, 0x52, 0xab, 0x52, 0xaa, 0x52,
    0xab, 0x52, 0xab, 0x52, 0x8b, 0x52, 0xab, 0x52, 0xcb, 0x52, 0xcb, 0x5a,
    0xcb, 0x5a, 0xcb, 0x5a, 0xab, 0x52, 0xab, 0x52, 0xcb, 0x5a, 0xcc, 0x5a,
    0xec, 0x5a, 0xec, 0x5a, 0x0c, 0x5b, 0x0c, 0x63, 0x0d, 0x63, 0x0c, 0x63,
    0x0d, 0x63, 0x2c, 0x63, 0x2d, 0x63, 0x2c, 0x63, 0x2c, 0x63, 0x2d, 0x63,
    0x0d, 0x63, 0x0c, 0x63, 0x0c, 0x63, 0x0c, 0x63, 0x0c, 0x63, 0x0c, 0x63,
    0x0c, 0x63, 0x2c, 0x63, 0x2d, 0x63, 0x2d, 0x6b, 0x4d, 0x6b, 0x4d, 0x6b,
    0x4d, 0x6b, 0x4d, 0x6b, 0x2d, 0x63, 0x2d, 0x63, 0x2d, 0x63, 0x4d, 0x63,
    0x2d, 0x63, 0x2d, 0x63, 0x0c, 0x63, 0x0c, 0x63, 0x0c, 0x63, 0x0c, 0x63,
    0x4d, 0x63, 0x0c, 0x63, 0x0c, 0x63, 0x0c, 0x63, 0x2c, 0x63, 0x2d, 0x63,
    0x2d, 0x63, 0x2c, 0x63, 0x2d, 0x63, 0x2d, 0x63, 0x2d, 0x63, 0x4d, 0x6b,
    0x4d, 0x6b, 0x2d, 0x63, 0x0d, 0x63, 0x2d, 0x63, 0x4d, 0x6b, 0x4d, 0x6b,
    0x4d, 0x6b, 0x6e, 0x6b, 0x6e, 0x6b, 0x8e, 0x73, 0x8e, 0x73, 0x6e, 0x6b,
    0x6e, 0x73, 0x6e, 0x6b, 0x6e, 0x6b, 0x6e, 0x73, 0x8f, 0x73, 0x8f, 0x73,
    0x8f, 0x73, 0xaf, 0x73, 0xaf, 0x73, 0xaf, 0x73, 0xae, 0x73, 0xaf, 0x73,
    0xaf, 0x73, 0xaf, 0x73, 0xaf, 0x73, 0xaf, 0x73, 0xaf, 0x73, 0xaf, 0x73,
    0x8f, 0x73, 0x8f, 0x73, 0x8e, 0x73, 0x66, 0x31, 0xcc, 0x5a, 0xec, 0x5a,
    0xec, 0x62, 0xec, 0x5a, 0xec, 0x5a, 0x0d, 0x63, 0x0c, 0x5b, 0xec, 0x5a,
    0xec, 0x5a, 0xec, 0x5a, 0x0c, 0x63, 0xec, 0x5a, 0xec, 0x5a, 0xec, 0x5a,
    0x0c, 0x63, 0x0c, 0x5b, 0xec, 0x5a, 0x0c, 0x63, 0xec, 0x5a, 0xec, 0x5a,
    0xcc, 0x5a, 0xec, 0x5a, 0x0c, 0x5b, 0x0d, 0x63, 0x2d, 0x63, 0x2d, 0x63,
    0x4d, 0x6b, 0x4d, 0x63, 0x2e, 0x6b, 0x2d, 0x63, 0x4e, 0x6b, 0x4d, 0x6b,
    0x6e, 0x6b, 0x6e, 0x6b, 0x4d, 0x6b, 0x6d, 0x6b, 0x4d, 0x6b, 0x4e, 0x6b,
    0x4e, 0x6b, 0x6e, 0x6b, 0x6e, 0x6b, 0x6e, 0x6b, 0x8f, 0x73, 0x8e, 0x73,
    0x8e, 0x6b, 0x8e, 0x6b, 0x8f, 0x73, 0x6e, 0x6b, 0x4e, 0x6b, 0x4e, 0x6b,
    0x8f, 0x73, 0xaf, 0x73, 0xaf, 0x73, 0xcf, 0x7b, 0xcf, 0x7b, 0xcf, 0x73,
    0xaf, 0x73, 0xaf, 0x73, 0xaf, 0x7b, 0xaf, 0x73, 0x8e, 0x73, 0x6e, 0x6b,
    0x8e, 0x73, 0x6e, 0x6b, 0x4d, 0x6b, 0x4d, 0x6b, 0x2d, 0x63, 0x2d, 0x63,
    0x2c, 0x63, 0x0c, 0x63, 0xec, 0x5a, 0xcb, 0x5a, 0xcb, 0x52, 0x8a, 0x52,
    0x8a, 0x52, 0x6a, 0x4a, 0x6a, 0x52, 0x69, 0x4a, 0x6a, 0x4a, 0x6a, 0x4a,
    0x49, 0x4a, 0x49, 0x4a, 0x49, 0x4a, 0x69, 0x4a, 0x49, 0x4a, 0xe8, 0x39,
    0xe7, 0x39, 0xc7, 0x39, 0xc7, 0x31, 0xa6, 0x31, 0xa6, 0x31, 0xa6, 0x31,
    0xa6, 0x31, 0xa6, 0x31, 0xa6, 0x31, 0x86, 0x31, 0x86, 0x31, 0x86, 0x31,
    0x65, 0x29, 0x66, 0x31, 0x86, 0x31, 0xa7, 0x31, 0x86, 0x31, 0xc7, 0x39,
    0xc7, 0x39, 0xc7, 0x39, 0xa7, 0x31, 0xe7, 0x39, 0x08, 0x42, 0x08, 0x42,
    0x08, 0x42, 0x08, 0x3a, 0xe8, 0x41, 0x08, 0x42, 0x08, 0x42, 0xe7, 0x41,
    0xc7, 0x39, 0xc7, 0x39, 0xc7, 0x39, 0xe7, 0x39, 0xe7, 0x39, 0xe8, 0x41,
    0xc7, 0x39, 0xc7, 0x39, 0xc7, 0x39, 0xc7, 0x39, 0x08, 0x42, 0x29, 0x4a,
    0x29, 0x42, 0x49, 0x4a, 0x49, 0x4a, 0x49, 0x42, 0x49, 0x4a, 0x49, 0x4a,
    0x49, 0x4a, 0x69, 0x4a, 0x8a, 0x52, 0xaa, 0x52, 0x8a, 0x4a, 0x69, 0x4a,
    0xaa, 0x52, 0xcb, 0x5a, 0xeb, 0x5a, 0xec, 0x5a, 0x0c, 0x63, 0x4d, 0x6b,
    0x4d, 0x6b, 0x6e, 0x6b, 0x6d, 0x6b, 0x0c, 0x63, 0xab, 0x52, 0xcb, 0x5a,
    0x2c, 0x63, 0xcb, 0x5a, 0x4d, 0x6b, 0xaf, 0x73, 0xaf, 0x73, 0xcf, 0x73,
    0xcf, 0x73, 0xcf, 0x7b, 0xcf, 0x7b, 0x8e, 0x73, 0xaf, 0x73, 0x6e, 0x6b,
    0x2d, 0x63, 0x2d, 0x6b, 0x49, 0x4a, 0x28, 0x42, 0x08, 0x42, 0x28, 0x4a,
    0xc7, 0x39, 0x86, 0x31, 0x86, 0x31, 0x25, 0x29, 0x25, 0x29, 0x25, 0x29,
    0x24, 0x21, 0x24, 0x21, 0x24, 0x29, 0x25, 0x29, 0x65, 0x29, 0x65, 0x29,
    0x66, 0x31, 0x66, 0x31, 0x65, 0x29, 0x25, 0x29, 0x45, 0x29, 0x45, 0x29,
    0x45, 0x29, 0x66, 0x29, 0x66, 0x31, 0x66, 0x31, 0x86, 0x31, 0x86, 0x31,
    0xa6, 0x31, 0xa6, 0x31, 0xa6, 0x31, 0xa7, 0x31, 0xc7, 0x39, 0xc7, 0x39,
    0xc7, 0x31, 0xc7, 0x39, 0xc7, 0x39, 0xc7, 0x39, 0xc7, 0x39, 0xe8, 0x39,
    0xc8, 0x39, 0xe8, 0x39, 0xe8, 0x41, 0x08, 0x42, 0x29, 0x42, 0x29, 0x42,
    0x29, 0x42, 0x49, 0x42, 0x29, 0x42, 0x08, 0x42, 0x28, 0x42, 0x29, 0x42,
    0x49, 0x4a, 0x6a, 0x4a, 0x6a, 0x4a, 0x6a, 0x4a, 0x6a, 0x4a, 0x6a, 0x4a,
    0x8a, 0x52, 0x8a, 0x52, 0x8a, 0x52, 0x8a, 0x52, 0x8a, 0x52, 0x8a, 0x52,
    0x8b, 0x52, 0xab, 0x52, 0x8a, 0x52, 0x8a, 0x52, 0x8a, 0x52, 0xab, 0x52,
    0xab, 0x52, 0xab, 0x5a, 0xcb, 0x5a, 0xcb, 0x5a, 0xec, 0x5a, 0xec, 0x5a,
    0xec, 0x5a, 0x0c, 0x63, 0x2c, 0x63, 0x0c, 0x63, 0xec, 0x62, 0x0c, 0x63,
    0xec, 0x62, 0x0c, 0x63, 0x0c, 0x5b, 0x0c, 0x63, 0x0c, 0x63, 0xec, 0x5a,
    0x0c, 0x63, 0x2d, 0x63, 0x0c, 0x63, 0x2d, 0x63, 0x2d, 0x63, 0x4d, 0x6b,
    0x6d, 0x6b, 0x6e, 0x6b, 0x6e, 0x6b, 0x4d, 0x6b, 0x2d, 0x63, 0x2d, 0x63,
    0x2c, 0x63, 0x2d, 0x63, 0x2d, 0x63, 0x2d, 0x6b, 0x4d, 0x63, 0x2d, 0x63,
    0x2d, 0x63, 0x2d, 0x63, 0x2d, 0x6b, 0x2c, 0x63, 0x2d, 0x63, 0x0d, 0x63,
    0x2d, 0x63, 0x2c, 0x63, 0x4d, 0x6b, 0x6e, 0x6b, 0x8e, 0x73, 0x6d, 0x6b,
    0x6e, 0x6b, 0x6e, 0x6b, 0x6e, 0x6b, 0x4e, 0x6b, 0x4d, 0x6b, 0x4d, 0x6b,
    0x6e, 0x6b, 0x6e, 0x6b, 0x6e, 0x6b, 0x6e, 0x6b, 0x8e, 0x73, 0x6e, 0x6b,
    0x6e, 0x6b, 0x6d, 0x6b, 0x6e, 0x6b, 0x6e, 0x6b, 0x6e, 0x6b, 0x6e, 0x6b,
    0x8e, 0x73, 0x8e, 0x73, 0x8e, 0x73, 0xaf, 0x73, 0xaf, 0x73, 0x8e, 0x73,
    0x8e, 0x73, 0x8e, 0x73, 0x8f, 0x73, 0xcf, 0x73, 0xcf, 0x73, 0xf0, 0x7b,
    0xf0, 0x7b, 0xf0, 0x7b, 0xd0, 0x7b, 0xf0, 0x7b, 0xf0, 0x7b, 0x86, 0x31,
    0xcb, 0x5a, 0xec, 0x5a, 0xec, 0x5a, 0xec, 0x5a, 0xec, 0x62, 0xec, 0x5a,
    0xec, 0x5a, 0xec, 0x5a, 0xec, 0x5a, 0xec, 0x5a, 0xec, 0x5a, 0xcc, 0x5a,
    0xec, 0x5a, 0xec, 0x5a, 0xec, 0x5a, 0xec, 0x5a, 0xec, 0x5a, 0xcb, 0x5a,
    0xcb, 0x5a, 0xcb, 0x5a, 0xec, 0x5a, 0xec, 0x5a, 0xec, 0x5a, 0x0c, 0x63,
    0x2d, 0x63, 0x2d, 0x63, 0x2d, 0x63, 0x2d, 0x63, 0x2d, 0x63, 0x0d, 0x63,
    0x2d, 0x63, 0x4d, 0x6b, 0x4d, 0x6b, 0x4e, 0x6b, 0x4d, 0x6b, 0x4d, 0x6b,
    0x4d, 0x6b, 0x2d, 0x63, 0x4d, 0x6b, 0x6e, 0x6b, 0x6e, 0x6b, 0x6e, 0x6b,
    0x6e, 0x73, 0x8e, 0x73, 0x6e, 0x6b, 0x8e, 0x6b, 0x6e, 0x6b, 0x6e, 0x6b,
    0x6e, 0x6b, 0x6e, 0x6b, 0x8e, 0x6b, 0x8f, 0x73, 0xaf, 0x73, 0xaf, 0x73,
    0xd0, 0x7b, 0xaf, 0x7b, 0xae, 0x73, 0x8e, 0x73, 0xaf, 0x73, 0x8e, 0x73,
    0x6e, 0x6b, 0x6e, 0x6b, 0x6d, 0x6b, 0x4d, 0x6b, 0x4d, 0x6b, 0x2d, 0x63,
    0x2d, 0x63, 0x2d, 0x63, 0x0c, 0x63, 0x0c, 0x63, 0xec, 0x5a, 0xab, 0x52,
    0xab, 0x52, 0x8a, 0x52, 0x6a, 0x4a, 0x6a, 0x4a, 0x69, 0x4a, 0x69, 0x4a,
    0x49, 0x4a, 0x49, 0x4a, 0x49, 0x4a, 0x28, 0x42, 0x49, 0x4a, 0x28, 0x42,
    0xe8, 0x41, 0xe7, 0x39, 0xe7, 0x39, 0xe7, 0x39, 0xc7, 0x39, 0xa6, 0x31,
    0x86, 0x31, 0xa6, 0x31, 0xa6, 0x31, 0x86, 0x31, 0x86, 0x31, 0x66, 0x31,
    0x66, 0x31, 0x65, 0x29, 0x65, 0x29, 0x65, 0x29, 0x66, 0x31, 0x86, 0x31,
    0x66, 0x31, 0xc7, 0x39, 0xc7, 0x39, 0xa7, 0x39, 0xc7, 0x31, 0xe8, 0x39,
    0x08, 0x42, 0xe7, 0x39, 0xe8, 0x41, 0xe7, 0x41, 0xe7, 0x39, 0xe8, 0x41,
    0xe7, 0x39, 0xc7, 0x39, 0xa7, 0x39, 0xc7, 0x39, 0xc7, 0x39, 0xc7, 0x39,
    0xc7, 0x39, 0xe7, 0x39, 0xc7, 0x39, 0xc7, 0x39, 0xc7, 0x39, 0xa6, 0x39,
    0x08, 0x42, 0x28, 0x42, 0x28, 0x42, 0x28, 0x42, 0x29, 0x4a, 0x49, 0x4a,
    0x49, 0x4a, 0x69, 0x4a, 0x49, 0x4a, 0x69, 0x4a, 0x8a, 0x4a, 0x8a, 0x52,
    0xaa, 0x52, 0x8a, 0x52, 0x8a, 0x52, 0xaa, 0x52, 0xcb, 0x5a, 0xeb, 0x5a,
    0x0c, 0x63, 0x4d, 0x6b, 0x6d, 0x6b, 0x6e, 0x6b, 0x2d, 0x63, 0xaa, 0x52,
    0x49, 0x4a, 0x6a, 0x4a, 0x2d, 0x63, 0xec, 0x5a, 0x4d, 0x6b, 0x8e, 0x73,
    0x8e, 0x73, 0xcf, 0x7b, 0xaf, 0x73, 0x8e, 0x73, 0x6e, 0x6b, 0x4d, 0x6b,
    0x6e, 0x6b, 0x8e, 0x73, 0x4d, 0x6b, 0x2d, 0x63, 0xeb, 0x5a, 0x49, 0x4a,
    0xe8, 0x39, 0x08, 0x42, 0x08, 0x42, 0x86, 0x31, 0x86, 0x31, 0x45, 0x29,
    0x04, 0x21, 0x04, 0x21, 0x25, 0x29, 0x04, 0x21, 0x04, 0x21, 0x25, 0x29,
    0x25, 0x29, 0x45, 0x29, 0x65, 0x29, 0x45, 0x29, 0x45, 0x29, 0x45, 0x29,
    0x45, 0x29, 0x45, 0x29, 0x25, 0x29, 0x65, 0x29, 0x45, 0x29, 0x65, 0x29,
    0x65, 0x29, 0x66, 0x31, 0x86, 0x31, 0x86, 0x31, 0x86, 0x31, 0xa6, 0x31,
    0xa6, 0x31, 0xa6, 0x31, 0xa6, 0x31, 0xa7, 0x39, 0xa7, 0x39, 0xa7, 0x31,
    0xc7, 0x39, 0xc7, 0x39, 0xc7, 0x39, 0xc7, 0x39, 0xe7, 0x39, 0xe7, 0x39,
    0x08, 0x3a, 0x08, 0x42, 0x08, 0x42, 0x29, 0x42, 0x29, 0x42, 0x49, 0x4a,
    0x29, 0x42, 0x08, 0x42, 0x29, 0x42, 0x29, 0x4a, 0x49, 0x4a, 0x49, 0x4a,
    0x49, 0x4a, 0x49, 0x4a, 0x49, 0x4a, 0x49, 0x4a, 0x4a, 0x4a, 0x6a, 0x4a,
    0x6a, 0x4a, 0x6a, 0x4a, 0x6a, 0x52, 0x8a, 0x4a, 0x8a, 0x52, 0x8a, 0x52,
    0xaa, 0x52, 0xab, 0x52, 0xab, 0x52, 0xaa, 0x52, 0xab, 0x52, 0xcb, 0x5a,
    0xcb, 0x5a, 0xcb, 0x5a, 0xec, 0x5a, 0x0c, 0x5b, 0x0c, 0x5b, 0xec, 0x5a,
    0xec, 0x5a, 0xcb, 0x5a, 0xcc, 0x5a, 0xec, 0x5a, 0xcb, 0x5a, 0xcb, 0x5a,
    0xec, 0x5a, 0xcc, 0x5a, 0x0c, 0x5b, 0x2d, 0x63, 0x2d, 0x63, 0x4d, 0x6b,
    0x4d, 0x6b, 0x4d, 0x6b, 0x6e, 0x6b, 0x6e, 0x6b, 0x6e, 0x6b, 0x6e, 0x6b,
    0x4d, 0x6b, 0x2c, 0x63, 0x0d, 0x63, 0x0c, 0x63, 0x2d, 0x63, 0x4d, 0x6b,
    0x4d, 0x6b, 0x4d, 0x6b, 0x2d, 0x6b, 0x4d, 0x6b, 0x4d, 0x6b, 0x2d, 0x63,
    0x4d, 0x6b, 0x2d, 0x63, 0x2d, 0x63, 0x2d, 0x63, 0x4d, 0x6b, 0x6e, 0x73,
    0x8e, 0x73, 0x8e, 0x73, 0x8e, 0x73, 0x8e, 0x73, 0x8e, 0x73, 0x8e, 0x73,
    0x6e, 0x6b, 0x6e, 0x6b, 0x6e, 0x6b, 0x8e, 0x73, 0x8e, 0x73, 0x8e, 0x73,
    0x8e, 0x73, 0x6e, 0x6b, 0x6e, 0x6b, 0x6d, 0x6b, 0x6e, 0x6b, 0x6d, 0x6b,
    0x6e, 0x6b, 0x6e, 0x73, 0x8e, 0x6b, 0x8e, 0x6b, 0x6e, 0x73, 0x8e, 0x73,
    0x8e, 0x73, 0x8e, 0x73, 0x8e, 0x73, 0x8f, 0x73, 0xaf, 0x73, 0xcf, 0x7b,
    0xd0, 0x7b, 0xf0, 0x7b, 0xf0, 0x7b, 0xf0, 0x7b, 0xf0, 0x7b, 0x10, 0x7c,
    0xf0, 0x7b, 0x87, 0x31, 0xcb, 0x5a, 0xcc, 0x5a, 0xec, 0x5a, 0xec, 0x5a,
    0xec, 0x5a, 0xec, 0x5a, 0xec, 0x5a, 0xcc, 0x5a, 0xcc, 0x5a, 0xcb, 0x5a,
    0xcc, 0x5a, 0xec, 0x5a, 0xcb, 0x5a, 0xcb, 0x5a, 0xcb, 0x5a, 0xcb, 0x5a,
    0xab, 0x5a, 0xab, 0x5a, 0xcb, 0x5a, 0xcb, 0x5a, 0xeb, 0x5a, 0xec, 0x5a,
    0xec, 0x5a, 0x0c, 0x63, 0x0c, 0x63, 0x0c, 0x63, 0x0c, 0x63, 0x0c, 0x63,
    0x0c, 0x63, 0x0c, 0x63, 0x0c, 0x63, 0x0d, 0x63, 0x2d, 0x63, 0x4d, 0x6b,
    0x2d, 0x63, 0x4d, 0x63, 0x4d, 0x6b, 0x2d, 0x63, 0x4d, 0x6b, 0x4d, 0x6b,
    0x4e, 0x6b, 0x6e, 0x6b, 0x6e, 0x6b, 0x6e, 0x73, 0x6e, 0x73, 0x6e, 0x73,
    0x6e, 0x6b, 0x6e, 0x73, 0x6e, 0x6b, 0x6e, 0x6b, 0x6e, 0x6b, 0x8e, 0x73,
    0x8e, 0x73, 0x8f, 0x73, 0xcf, 0x73, 0x8f, 0x73, 0x6e, 0x6b, 0x8e, 0x73,
    0x8e, 0x73, 0x6e, 0x6b, 0x6e, 0x6b, 0x6e, 0x6b, 0x4d, 0x6b, 0x2d, 0x63,
    0x2d, 0x63, 0x2d, 0x63, 0x2c, 0x63, 0x0c, 0x63, 0x0c, 0x63, 0xec, 0x5a,
    0xcb, 0x5a, 0xab, 0x52, 0x8a, 0x52, 0x8a, 0x52, 0x6a, 0x4a, 0x69, 0x4a,
    0x49, 0x4a, 0x4a, 0x4a, 0x49, 0x4a, 0x49, 0x4a, 0x29, 0x42, 0x08, 0x42,
    0x28, 0x42, 0xe8, 0x39, 0xe7, 0x39, 0xe7, 0x39, 0xe7, 0x39, 0xc7, 0x39,
    0xc7, 0x39, 0xa7, 0x31, 0x86, 0x31, 0x86, 0x31, 0x86, 0x31, 0x66, 0x31,
    0x66, 0x29, 0x65, 0x29, 0x65, 0x29, 0x45, 0x29, 0x45, 0x29, 0x45, 0x29,
    0x45, 0x29, 0x45, 0x29, 0x86, 0x31, 0xc7, 0x39, 0xa6, 0x31, 0xa6, 0x31,
    0xc7, 0x39, 0xe7, 0x39, 0xe8, 0x41, 0xe7, 0x39, 0xc7, 0x39, 0xc7, 0x39,
    0xe8, 0x41, 0xe7, 0x39, 0xa6, 0x31, 0xa6, 0x39, 0xc7, 0x39, 0xc7, 0x39,
    0xe7, 0x39, 0xa7, 0x39, 0xc7, 0x39, 0xe7, 0x39, 0xa7, 0x39, 0xc7, 0x39,
    0xa7, 0x39, 0xa6, 0x39, 0xe8, 0x41, 0x28, 0x42, 0x28, 0x42, 0x29, 0x4a,
    0x28, 0x42, 0x49, 0x4a, 0x49, 0x4a, 0x49, 0x4a, 0x49, 0x4a, 0x6a, 0x4a,
    0x8a, 0x4a, 0x8a, 0x52, 0xaa, 0x52, 0xaa, 0x52, 0x8a, 0x52, 0xaa, 0x52,
    0x8a, 0x52, 0xaa, 0x52, 0xec, 0x5a, 0x0c, 0x63, 0x0d, 0x63, 0x4d, 0x6b,
    0x2d, 0x63, 0x6a, 0x52, 0x49, 0x4a, 0x6a, 0x52, 0x4d, 0x6b, 0x0c, 0x63,
    0x4d, 0x63, 0x4d, 0x6b, 0x6e, 0x6b, 0xcf, 0x7b, 0x8e, 0x73, 0xaf, 0x73,
    0x4d, 0x6b, 0xec, 0x5a, 0x2d, 0x63, 0x6e, 0x73, 0x0c, 0x63, 0x0c, 0x63,
    0x6e, 0x6b, 0xec, 0x5a, 0x29, 0x4a, 0xe8, 0x41, 0x49, 0x4a, 0xc7, 0x39,
    0x65, 0x29, 0x65, 0x29, 0x04, 0x21, 0x04, 0x21, 0x25, 0x21, 0x04, 0x21,
    0x04, 0x21, 0x24, 0x21, 0x25, 0x29, 0x45, 0x29, 0x24, 0x21, 0x45, 0x29,
    0x45, 0x29, 0x45, 0x29, 0x45, 0x29, 0x25, 0x29, 0x45, 0x29, 0x45, 0x29,
    0x45, 0x29, 0x45, 0x29, 0x45, 0x29, 0x45, 0x29, 0x65, 0x29, 0x66, 0x31,
    0x66, 0x31, 0x66, 0x31, 0x86, 0x31, 0x86, 0x31, 0x86, 0x31, 0xa6, 0x31,
    0xc7, 0x39, 0xe7, 0x39, 0x28, 0x42, 0x28, 0x42, 0x28, 0x42, 0x09, 0x42,
    0x08, 0x42, 0xe8, 0x39, 0xe8, 0x39, 0xe8, 0x39, 0xe8, 0x41, 0x28, 0x42,
    0x29, 0x42, 0x29, 0x4a, 0x49, 0x4a, 0x29, 0x42, 0x08, 0x42, 0x28, 0x42,
    0x29, 0x42, 0x29, 0x42, 0x29, 0x42, 0x29, 0x42, 0x28, 0x42, 0x29, 0x42,
    0x29, 0x42, 0x69, 0x4a, 0x49, 0x4a, 0x69, 0x4a, 0x6a, 0x4a, 0x6a, 0x4a,
    0x8a, 0x52, 0x6a, 0x4a, 0x8a, 0x52, 0x8a, 0x52, 0xaa, 0x52, 0x8b, 0x52,
    0xab, 0x52, 0xcb, 0x52, 0xcb, 0x5a, 0xcb, 0x52, 0xec, 0x5a, 0xec, 0x5a,
    0xcb, 0x5a, 0xcb, 0x5a, 0xcb, 0x5a, 0xab, 0x52, 0xcb, 0x5a, 0xcb, 0x5a,
    0xab, 0x52, 0xab, 0x52, 0xcb, 0x5a, 0xec, 0x5a, 0x0c, 0x63, 0x2d, 0x63,
    0x4d, 0x6b, 0x4d, 0x6b, 0x4d, 0x6b, 0x4d, 0x6b, 0x6e, 0x6b, 0x8e, 0x73,
    0x8e, 0x73, 0x4d, 0x6b, 0x4d, 0x6b, 0x2d, 0x6b, 0x2d, 0x63, 0x2d, 0x63,
    0x2c, 0x63, 0x4d, 0x6b, 0x4d, 0x6b, 0x4d, 0x6b, 0x4d, 0x6b, 0x6e, 0x6b,
    0x6e, 0x6b, 0x6e, 0x6b, 0x8e, 0x6b, 0x4d, 0x6b, 0x4d, 0x6b, 0x4d, 0x6b,
    0x6e, 0x6b, 0x8e, 0x6b, 0x6e, 0x6b, 0x6e, 0x6b, 0x6e, 0x6b, 0x8e, 0x73,
    0x8e, 0x73, 0x8f, 0x73, 0xae, 0x73, 0x8e, 0x73, 0x8e, 0x73, 0x8e, 0x73,
    0x8f, 0x73, 0xae, 0x73, 0x8e, 0x73, 0x6e, 0x6b, 0x6e, 0x6b, 0x4e, 0x6b,
    0x4e, 0x6b, 0x6e, 0x6b, 0x6e, 0x73, 0x6e, 0x6b, 0x8e, 0x73, 0x6e, 0x6b,
    0x6e, 0x6b, 0x8e, 0x73, 0x8e, 0x73, 0x8e, 0x6b, 0xaf, 0x73, 0xaf, 0x73,
    0xcf, 0x73, 0xcf, 0x7b, 0xf0, 0x7b, 0xf0, 0x7b, 0x10, 0x7c, 0x10, 0x7c,
    0x10, 0x84, 0x11, 0x84, 0x10, 0x7c, 0x86, 0x31, 0xab, 0x5a, 0xcc, 0x5a,
    0xec, 0x5a, 0xec, 0x5a, 0xcc, 0x5a, 0xeb, 0x5a, 0xcb, 0x5a, 0xeb, 0x5a,
    0xcc, 0x5a, 0xcb, 0x5a, 0xcb, 0x5a, 0xaa, 0x52, 0x8a, 0x52, 0x8a, 0x52,
    0x8a, 0x52, 0xab, 0x52, 0xab, 0x52, 0xab, 0x52, 0xab, 0x52, 0xcb, 0x5a,
    0xcb, 0x5a, 0xcc, 0x5a, 0xec, 0x5a, 0xeb, 0x5a, 0xec, 0x5a, 0xec, 0x5a,
    0xec, 0x5a, 0xec, 0x5a, 0xec, 0x5a, 0xec, 0x5a, 0xec, 0x5a, 0x0c, 0x63,
    0x0d, 0x63, 0x2d, 0x63, 0x2d, 0x63, 0x2d, 0x63, 0x2d, 0x63, 0x4d, 0x6b,
    0x2d, 0x63, 0x4e, 0x6b, 0x4e, 0x6b, 0x6e, 0x6b, 0x6e, 0x6b, 0x6e, 0x6b,
    0x6e, 0x6b, 0x6e, 0x6b, 0x6e, 0x6b, 0x6e, 0x6b, 0x6e, 0x73, 0x6e, 0x6b,
    0x4d, 0x6b, 0x6e, 0x6b, 0x6e, 0x6b, 0x8e, 0x73, 0x8e, 0x73, 0x8e, 0x6b,
    0x4d, 0x6b, 0x6d, 0x6b, 0x6e, 0x6b, 0x8e, 0x73, 0x6e, 0x6b, 0x6d, 0x6b,
    0x4d, 0x6b, 0x0c, 0x63, 0x2c, 0x63, 0x0c, 0x63, 0x0c, 0x63, 0x0c, 0x63,
    0xec, 0x5a, 0xcb, 0x5a, 0xab, 0x52, 0x8a, 0x52, 0x6a, 0x4a, 0x6a, 0x4a,
    0x49, 0x4a, 0x49, 0x4a, 0x29, 0x4a, 0x29, 0x42, 0x29, 0x42, 0x29, 0x42,
    0x08, 0x42, 0x08, 0x42, 0x08, 0x3a, 0xe7, 0x39, 0xc7, 0x39, 0xc7, 0x39,
    0xc7, 0x39, 0xc7, 0x31, 0xc7, 0x39, 0xa6, 0x31, 0x86, 0x31, 0x66, 0x31,
    0x66, 0x29, 0x65, 0x29, 0x65, 0x29, 0x45, 0x29, 0x45, 0x29, 0x45, 0x29,
    0x45, 0x29, 0x45, 0x29, 0x25, 0x29, 0x25, 0x29, 0x86, 0x31, 0x86, 0x31,
    0x66, 0x31, 0x86, 0x31, 0xc7, 0x39, 0x08, 0x42, 0xc7, 0x39, 0xc7, 0x39,
    0xc7, 0x39, 0xe7, 0x39, 0xe8, 0x41, 0xe7, 0x39, 0xc7, 0x39, 0xc7, 0x39,
    0xe7, 0x39, 0x08, 0x42, 0xc7, 0x39, 0xc7, 0x39, 0xc7, 0x39, 0xc7, 0x39,
    0xa6, 0x39, 0xc7, 0x39, 0xa7, 0x31, 0xa6, 0x31, 0x08, 0x42, 0x29, 0x4a,
    0x08, 0x42, 0x28, 0x42, 0x29, 0x4a, 0x28, 0x42, 0x28, 0x42, 0x49, 0x4a,
    0x49, 0x42, 0x49, 0x4a, 0x69, 0x4a, 0x6a, 0x52, 0x8a, 0x52, 0xaa, 0x52,
    0x8a, 0x52, 0x6a, 0x4a, 0x49, 0x4a, 0x49, 0x4a, 0x8a, 0x52, 0x8b, 0x52,
    0xab, 0x52, 0xec, 0x5a, 0x0c, 0x63, 0xab, 0x52, 0x6a, 0x4a, 0xab, 0x52,
    0x0c, 0x63, 0x4d, 0x63, 0xec, 0x5a, 0x4d, 0x6b, 0x4e, 0x6b, 0xaf, 0x73,
    0x8e, 0x73, 0x8e, 0x73, 0x6e, 0x6b, 0xeb, 0x5a, 0x4d, 0x6b, 0x8e, 0x73,
    0x8e, 0x73, 0x2c, 0x63, 0x4d, 0x6b, 0x0d, 0x63, 0xec, 0x5a, 0x29, 0x4a,
    0x29, 0x42, 0x49, 0x4a, 0x86, 0x31, 0x66, 0x31, 0x24, 0x29, 0x04, 0x21,
    0x24, 0x21, 0x24, 0x21, 0x04, 0x21, 0x04, 0x21, 0x24, 0x21, 0x45, 0x29,
    0x04, 0x21, 0x24, 0x21, 0x45, 0x29, 0x65, 0x29, 0x45, 0x29, 0x45, 0x29,
    0x25, 0x29, 0x45, 0x29, 0x45, 0x29, 0x25, 0x29, 0x45, 0x29, 0x45, 0x29,
    0x45, 0x29, 0x45, 0x29, 0x45, 0x29, 0x45, 0x29, 0x65, 0x29, 0x66, 0x31,
    0x66, 0x31, 0xa6, 0x31, 0xe7, 0x39, 0x49, 0x4a, 0x49, 0x4a, 0x08, 0x42,
    0x29, 0x42, 0x69, 0x4a, 0x8a, 0x52, 0x8a, 0x52, 0x69, 0x4a, 0x29, 0x42,
    0x08, 0x42, 0x08, 0x42, 0x29, 0x42, 0x29, 0x42, 0x29, 0x42, 0x29, 0x4a,
    0x08, 0x3a, 0x08, 0x3a, 0x08, 0x42, 0x08, 0x42, 0x08, 0x42, 0x08, 0x42,
    0x08, 0x3a, 0x08, 0x42, 0x29, 0x42, 0x29, 0x4a, 0x49, 0x4a, 0x49, 0x4a,
    0x49, 0x4a, 0x69, 0x4a, 0x6a, 0x4a, 0x49, 0x4a, 0x6a, 0x4a, 0x8a, 0x52,
    0x8a, 0x52, 0x8a, 0x52, 0xab, 0x52, 0x8a, 0x52, 0xcb, 0x5a, 0xcb, 0x5a,
    0x0c, 0x63, 0xec, 0x5a, 0xab, 0x5a, 0xab, 0x52, 0xcb, 0x52, 0xcb, 0x52,
    0xcb, 0x5a, 0xcb, 0x5a, 0xcb, 0x5a, 0xec, 0x5a, 0x0c, 0x63, 0x0c, 0x63,
    0x2d, 0x63, 0x0c, 0x63, 0x2d, 0x63, 0x0c, 0x63, 0x0d, 0x63, 0x4d, 0x63,
    0x2d, 0x63, 0x4d, 0x6b, 0x4d, 0x6b, 0x4d, 0x6b, 0x2d, 0x63, 0x2c, 0x63,
    0x2d, 0x63, 0x2d, 0x6b, 0x2d, 0x63, 0x2d, 0x63, 0x4d, 0x6b, 0x4d, 0x6b,
    0x4e, 0x6b, 0x6e, 0x6b, 0x6e, 0x6b, 0x8e, 0x73, 0x8e, 0x73, 0x8e, 0x73,
    0x6e, 0x6b, 0x6e, 0x6b, 0x8e, 0x73, 0x6d, 0x6b, 0x4d, 0x6b, 0x6e, 0x6b,
    0x6e, 0x6b, 0x8e, 0x73, 0x8e, 0x73, 0x8f, 0x73, 0x8e, 0x6b, 0x6e, 0x6b,
    0x8e, 0x73, 0xaf, 0x73, 0xaf, 0x73, 0xaf, 0x7b, 0xae, 0x73, 0x8e, 0x73,
    0x8e, 0x73, 0x8e, 0x73, 0x8e, 0x73, 0x8e, 0x73, 0x8e, 0x73, 0x8f, 0x73,
    0x8f, 0x73, 0x8f, 0x73, 0x8f, 0x73, 0xaf, 0x73, 0xaf, 0x73, 0xaf, 0x7b,
    0xcf, 0x7b, 0xd0, 0x7b, 0xd0, 0x7b, 0xf0, 0x7b, 0x10, 0x7c, 0x10, 0x7c,
    0x10, 0x7c, 0x10, 0x84, 0x11, 0x7c, 0x11, 0x7c, 0x10, 0x7c, 0x86, 0x31,
    0xab, 0x52, 0xab, 0x52, 0xcb, 0x5a, 0xcb, 0x5a, 0xcb, 0x5a, 0xcb, 0x5a,
    0xcb, 0x5a, 0xcb, 0x5a, 0xcb, 0x5a, 0xcb, 0x5a, 0xcb, 0x5a, 0xab, 0x52,
    0xab, 0x52, 0xab, 0x52, 0xab, 0x52, 0xab, 0x52, 0xaa, 0x52, 0xab, 0x52,
    0xcb, 0x5a, 0xcb, 0x5a, 0xcb, 0x5a, 0xcb, 0x5a, 0xcb, 0x5a, 0xcb, 0x5a,
    0xcb, 0x5a, 0xcb, 0x5a, 0xcb, 0x5a, 0xec, 0x5a, 0xec, 0x5a, 0xec, 0x5a,
    0xec, 0x5a, 0xec, 0x62, 0x0d, 0x63, 0x0d, 0x63, 0x2d, 0x63, 0x2d, 0x63,
    0x2d, 0x63, 0x2d, 0x63, 0x2d, 0x6b, 0x4e, 0x6b, 0x6e, 0x6b, 0x4d, 0x6b,
    0x6e, 0x6b, 0x4e, 0x6b, 0x6e, 0x6b, 0x4e, 0x6b, 0x6e, 0x6b, 0x4e, 0x6b,
    0x4e, 0x6b, 0x4d, 0x6b, 0x4d, 0x6b, 0x4d, 0x6b, 0x6d, 0x6b, 0x6e, 0x6b,
    0x6e, 0x73, 0x8e, 0x73, 0x6e, 0x6b, 0x4d, 0x6b, 0x6e, 0x6b, 0x6e, 0x6b,
    0x6d, 0x6b, 0x4d, 0x6b, 0x0c, 0x63, 0x0d, 0x63, 0x0c, 0x63, 0x0c, 0x63,
    0x0c, 0x63, 0xec, 0x5a, 0xcb, 0x5a, 0xab, 0x52, 0x8a, 0x52, 0x6a, 0x4a,
    0x69, 0x4a, 0x4a, 0x4a, 0x29, 0x42, 0x29, 0x42, 0x29, 0x42, 0x28, 0x42,
    0x08, 0x42, 0x08, 0x42, 0x08, 0x42, 0xe7, 0x39, 0xe7, 0x39, 0xe7, 0x39,
    0xc7, 0x39, 0xc7, 0x39, 0xa7, 0x31, 0xa7, 0x31, 0xa6, 0x31, 0x86, 0x31,
    0x66, 0x31, 0x45, 0x29, 0x45, 0x29, 0x45, 0x29, 0x45, 0x29, 0x45, 0x29,
    0x45, 0x29, 0x45, 0x29, 0x25, 0x29, 0x25, 0x29, 0x24, 0x21, 0x45, 0x29,
    0x86, 0x31, 0x86, 0x31, 0x86, 0x31, 0xa6, 0x39, 0xc7, 0x39, 0xc7, 0x39,
    0xc7, 0x39, 0xa7, 0x39, 0xc7, 0x39, 0xe7, 0x39, 0xc7, 0x39, 0xc7, 0x39,
    0xc7, 0x39, 0xe8, 0x39, 0x08, 0x42, 0xe8, 0x41, 0xc7, 0x39, 0xe7, 0x39,
    0xe8, 0x41, 0xa7, 0x39, 0xa6, 0x31, 0xc7, 0x39, 0x86, 0x31, 0xa7, 0x39,
    0x08, 0x42, 0x28, 0x42, 0x08, 0x42, 0x28, 0x42, 0x08, 0x42, 0x28, 0x42,
    0x08, 0x3a, 0x49, 0x4a, 0x28, 0x42, 0x69, 0x4a, 0x69, 0x4a, 0x8a, 0x52,
    0x8a, 0x52, 0xaa, 0x52, 0x6a, 0x4a, 0x49, 0x4a, 0x49, 0x4a, 0x28, 0x42,
    0x69, 0x4a, 0x69, 0x4a, 0x8a, 0x52, 0xeb, 0x5a, 0x0c, 0x63, 0xcb, 0x5a,
    0x8a, 0x52, 0x8a, 0x52, 0xec, 0x5a, 0x6e, 0x6b, 0x0c, 0x63, 0x2d, 0x63,
    0x4d, 0x6b, 0x4d, 0x6b, 0x8e, 0x6b, 0x2d, 0x63, 0x6e, 0x6b, 0xec, 0x5a,
    0x2d, 0x63, 0x8e, 0x73, 0xf0, 0x7b, 0xaf, 0x73, 0x8e, 0x73, 0xec, 0x5a,
    0xec, 0x5a, 0xeb, 0x5a, 0xaa, 0x52, 0x6a, 0x4a, 0xe8, 0x41, 0xa7, 0x31,
    0x66, 0x31, 0x04, 0x21, 0x25, 0x29, 0x04, 0x21, 0x04, 0x21, 0xe4, 0x20,
    0x04, 0x21, 0x24, 0x21, 0x04, 0x21, 0x04, 0x21, 0x45, 0x29, 0x66, 0x31,
    0x45, 0x29, 0x24, 0x21, 0x45, 0x29, 0x45, 0x29, 0x25, 0x29, 0x45, 0x29,
    0x45, 0x29, 0x25, 0x29, 0x24, 0x21, 0x25, 0x21, 0x45, 0x29, 0x45, 0x29,
    0x45, 0x29, 0x65, 0x29, 0x86, 0x31, 0xc7, 0x31, 0xc7, 0x39, 0x28, 0x42,
    0xe7, 0x39, 0x28, 0x42, 0x49, 0x42, 0x6a, 0x4a, 0xab, 0x52, 0xcb, 0x5a,
    0xab, 0x52, 0xab, 0x5a, 0x8a, 0x52, 0x49, 0x4a, 0x69, 0x4a, 0x49, 0x4a,
    0x29, 0x42, 0x28, 0x42, 0x28, 0x42, 0xe7, 0x39, 0x08, 0x42, 0x08, 0x42,
    0x08, 0x42, 0x08, 0x42, 0x08, 0x42, 0x08, 0x42, 0x29, 0x42, 0x29, 0x42,
    0x29, 0x42, 0x49, 0x42, 0x49, 0x4a, 0x49, 0x4a, 0x49, 0x4a, 0x6a, 0x4a,
    0x8a, 0x52, 0x8b, 0x52, 0x8a, 0x52, 0xab, 0x52, 0xab, 0x52, 0xab, 0x52,
    0xcb, 0x5a, 0xec, 0x5a, 0xec, 0x5a, 0xcb, 0x5a, 0xcb, 0x5a, 0xcb, 0x5a,
    0xab, 0x52, 0xcb, 0x5a, 0xcb, 0x5a, 0xcb, 0x5a, 0xcb, 0x5a, 0xec, 0x5a,
    0x0c, 0x5b, 0x0c, 0x63, 0x0c, 0x63, 0x0c, 0x63, 0x0c, 0x63, 0x0c, 0x63,
    0x0c, 0x63, 0x2d, 0x63, 0x2d, 0x63, 0x4d, 0x6b, 0x4d, 0x63, 0x4d, 0x6b,
    0x2d, 0x63, 0x0c, 0x63, 0x0c, 0x63, 0x2d, 0x63, 0x2d, 0x6b, 0x4d, 0x6b,
    0x4d, 0x63, 0x4d, 0x63, 0x4d, 0x6b, 0x6e, 0x6b, 0x8e, 0x6b, 0x8e, 0x73,
    0x8e, 0x73, 0x8e, 0x73, 0x8e, 0x6b, 0x6e, 0x6b, 0x4d, 0x6b, 0x4d, 0x6b,
    0x4d, 0x6b, 0x4d, 0x6b, 0x6e, 0x6b, 0x8e, 0x73, 0x8e, 0x73, 0x6e, 0x6b,
    0x8e, 0x73, 0x8e, 0x73, 0x8e, 0x73, 0x8f, 0x73, 0x8f, 0x73, 0xaf, 0x73,
    0xaf, 0x73, 0xaf, 0x7b, 0xaf, 0x7b, 0xaf, 0x73, 0xaf, 0x73, 0xaf, 0x73,
    0xaf, 0x73, 0xaf, 0x73, 0xaf, 0x73, 0xaf, 0x73, 0xaf, 0x73, 0xaf, 0x73,
    0xcf, 0x7b, 0xd0, 0x7b, 0xcf, 0x73, 0xd0, 0x7b, 0xf0, 0x7b, 0xf0, 0x7b,
    0xf0, 0x7b, 0xf0, 0x7b, 0xf0, 0x7b, 0xf0, 0x7b, 0xf0, 0x7b, 0xf0, 0x7b,
    0xf0, 0x7b, 0x86, 0x31, 0x8a, 0x52, 0x8a, 0x52, 0xab, 0x52, 0xab, 0x52,
    0xab, 0x52, 0xab, 0x52, 0xab, 0x52, 0xab, 0x52, 0xab, 0x52, 0xab, 0x52,
    0xab, 0x52, 0xab, 0x52, 0xab, 0x52, 0xaa, 0x52, 0xaa, 0x52, 0x8a, 0x52,
    0x8a, 0x52, 0x8a, 0x52, 0xab, 0x52, 0xcb, 0x5a, 0xcb, 0x52, 0xcb, 0x52,
    0xab, 0x52, 0x8b, 0x52, 0x8b, 0x52, 0xab, 0x52, 0xcb, 0x5a, 0xcb, 0x5a,
    0xcb, 0x5a, 0xec, 0x5a, 0xec, 0x5a, 0x0c, 0x63, 0x0c, 0x63, 0x0c, 0x63,
    0x0c, 0x63, 0x2c, 0x63, 0x0d, 0x63, 0x2d, 0x63, 0x2d, 0x63, 0x4d, 0x6b,
    0x4d, 0x6b, 0x2d, 0x63, 0x4d, 0x6b, 0x4d, 0x6b, 0x4e, 0x6b, 0x4e, 0x6b,
    0x4d, 0x6b, 0x4d, 0x6b, 0x2d, 0x6b, 0x4d, 0x63, 0x4d, 0x6b, 0x4d, 0x6b,
    0x4d, 0x6b, 0x4d, 0x6b, 0x6e, 0x6b, 0x6e, 0x6b, 0x6e, 0x6b, 0x6d, 0x6b,
    0x4d, 0x6b, 0x4d, 0x6b, 0x4d, 0x6b, 0x2d, 0x63, 0xec, 0x62, 0x0c, 0x63,
    0x0d, 0x63, 0x0c, 0x63, 0xec, 0x5a, 0xcb, 0x5a, 0xab, 0x52, 0x8a, 0x52,
    0x89, 0x52, 0x69, 0x4a, 0x49, 0x4a, 0x28, 0x4a, 0x28, 0x42, 0x08, 0x42,
    0x28, 0x42, 0x08, 0x42, 0x08, 0x3a, 0xe7, 0x39, 0xe7, 0x39, 0xc7, 0x39,
    0xc7, 0x39, 0xc7, 0x39, 0xc7, 0x31, 0xa6, 0x31, 0x86, 0x31, 0x86, 0x31,
    0x86, 0x31, 0x66, 0x29, 0x66, 0x29, 0x45, 0x29, 0x45, 0x29, 0x45, 0x29,
    0x45, 0x29, 0x45, 0x29, 0x25, 0x29, 0x25, 0x29, 0x24, 0x21, 0x24, 0x21,
    0x04, 0x21, 0x65, 0x29, 0x86, 0x31, 0x65, 0x29, 0xa6, 0x31, 0xa7, 0x39,
    0xc7, 0x39, 0xa7, 0x31, 0xa6, 0x39, 0xc7, 0x39, 0xe7, 0x39, 0xc7, 0x39,
    0x86, 0x31, 0xa6, 0x31, 0xc7, 0x39, 0xe8, 0x41, 0xe8, 0x41, 0xe8, 0x41,
    0xe8, 0x41, 0xe7, 0x39, 0xe8, 0x41, 0xa7, 0x31, 0x86, 0x31, 0xc7, 0x39,
    0x86, 0x31, 0xa7, 0x39, 0xe8, 0x41, 0x08, 0x42, 0xe8, 0x41, 0x08, 0x42,
    0x08, 0x42, 0x08, 0x42, 0xe8, 0x39, 0x29, 0x42, 0x28, 0x42, 0x29, 0x42,
    0x49, 0x4a, 0x69, 0x4a, 0x8a, 0x4a, 0x8a, 0x52, 0x8a, 0x4a, 0x49, 0x4a,
    0x49, 0x42, 0x28, 0x42, 0x6a, 0x4a, 0x8a, 0x4a, 0x8a, 0x52, 0xcb, 0x5a,
    0xec, 0x5a, 0x8a, 0x52, 0x6a, 0x4a, 0x8a, 0x52, 0x2c, 0x63, 0x4d, 0x6b,
    0x4d, 0x6b, 0x4d, 0x6b, 0x4d, 0x63, 0x0c, 0x63, 0x4d, 0x6b, 0x2c, 0x63,
    0x0c, 0x63, 0x4d, 0x6b, 0x2d, 0x63, 0x6d, 0x6b, 0x8e, 0x73, 0xf0, 0x7b,
    0x8e, 0x73, 0x0c, 0x63, 0xec, 0x5a, 0xeb, 0x5a, 0xec, 0x62, 0xcb, 0x5a,
    0x29, 0x42, 0xa7, 0x31, 0xa6, 0x31, 0x86, 0x31, 0x45, 0x29, 0xe4, 0x20,
    0xe3, 0x18, 0xe4, 0x20, 0xe4, 0x20, 0xe4, 0x20, 0x04, 0x21, 0x04, 0x21,
    0x25, 0x29, 0x45, 0x29, 0x45, 0x29, 0x25, 0x29, 0x45, 0x29, 0x45, 0x29,
    0x04, 0x21, 0x24, 0x21, 0x45, 0x29, 0x24, 0x21, 0x04, 0x21, 0x24, 0x21,
    0x04, 0x21, 0x24, 0x21, 0x45, 0x21, 0x65, 0x29, 0x86, 0x31, 0xc7, 0x31,
    0xc7, 0x31, 0xe8, 0x39, 0x28, 0x42, 0x29, 0x4a, 0x49, 0x4a, 0x8a, 0x52,
    0xab, 0x52, 0x0c, 0x63, 0x2c, 0x63, 0x2d, 0x63, 0x0c, 0x5b, 0x8a, 0x52,
    0x6a, 0x4a, 0x6a, 0x4a, 0x49, 0x4a, 0x28, 0x42, 0x28, 0x42, 0x07, 0x42,
    0xe7, 0x39, 0xe8, 0x39, 0x08, 0x3a, 0x08, 0x42, 0x08, 0x42, 0x08, 0x42,
    0x28, 0x42, 0x28, 0x42, 0x28, 0x42, 0x28, 0x42, 0x49, 0x4a, 0x49, 0x42,
    0x69, 0x4a, 0x8a, 0x52, 0x8b, 0x52, 0xab, 0x52, 0xab, 0x52, 0xab, 0x52,
    0xab, 0x52, 0xab, 0x52, 0xab, 0x5a, 0xcb, 0x5a, 0xcb, 0x5a, 0xcb, 0x5a,
    0xcb, 0x52, 0xab, 0x52, 0xab, 0x52, 0xab, 0x52, 0xcb, 0x52, 0xcb, 0x5a,
    0xec, 0x5a, 0xcb, 0x5a, 0xec, 0x5a, 0x0c, 0x5b, 0x0c, 0x63, 0x0c, 0x63,
    0x0c, 0x5b, 0x0c, 0x63, 0x0c, 0x63, 0x0c, 0x63, 0x2d, 0x63, 0x2d, 0x63,
    0x4d, 0x6b, 0x4d, 0x6b, 0x4d, 0x6b, 0x2d, 0x63, 0x2d, 0x63, 0x4d, 0x6b,
    0x4d, 0x6b, 0x4d, 0x6b, 0x6e, 0x6b, 0x4d, 0x6b, 0x4d, 0x6b, 0x6e, 0x6b,
    0x8e, 0x73, 0x8f, 0x73, 0xaf, 0x73, 0x8e, 0x73, 0x8e, 0x73, 0x6e, 0x6b,
    0x2d, 0x6b, 0x2d, 0x63, 0x4d, 0x6b, 0x4d, 0x6b, 0x6e, 0x6b, 0x8e, 0x73,
    0x6e, 0x6b, 0x6e, 0x6b, 0x8e, 0x73, 0xaf, 0x73, 0x8f, 0x73, 0xaf, 0x73,
    0xaf, 0x73, 0xaf, 0x73, 0xcf, 0x7b, 0xd0, 0x7b, 0xd0, 0x7b, 0xd0, 0x7b,
    0xcf, 0x7b, 0xd0, 0x7b, 0xaf, 0x7b, 0xcf, 0x7b, 0xaf, 0x7b, 0xaf, 0x73,
    0xaf, 0x7b, 0xaf, 0x7b, 0xcf, 0x7b, 0xd0, 0x7b, 0xd0, 0x7b, 0xcf, 0x7b,
    0xf0, 0x7b, 0xf0, 0x7b, 0xf0, 0x7b, 0xf0, 0x7b, 0xd0, 0x7b, 0xf0, 0x7b,
    0xd0, 0x7b, 0xcf, 0x7b, 0xcf, 0x73, 0x86, 0x31, 0x8a, 0x4a, 0x8a, 0x52,
    0x8a, 0x52, 0x8a, 0x52, 0x8a, 0x52, 0xab, 0x52, 0x8a, 0x52, 0x8a, 0x52,
    0xab, 0x52, 0xab, 0x52, 0xab, 0x52, 0xaa, 0x52, 0x8a, 0x52, 0x8b, 0x52,
    0xab, 0x52, 0x8a, 0x52, 0x8a, 0x52, 0x8a, 0x52, 0xab, 0x52, 0xab, 0x52,
    0xab, 0x52, 0x8a, 0x52, 0xab, 0x52, 0x8a, 0x52, 0x8a, 0x52, 0xab, 0x52,
    0xcb, 0x52, 0xcb, 0x5a, 0xec, 0x5a, 0xcb, 0x5a, 0xec, 0x5a, 0xec, 0x5a,
    0x0c, 0x63, 0x0c, 0x63, 0x0c, 0x63, 0x0c, 0x63, 0x0c, 0x63, 0xec, 0x62,
    0x0d, 0x63, 0x0d, 0x63, 0x2d, 0x63, 0x2d, 0x63, 0x0d, 0x63, 0x0d, 0x63,
    0x2d, 0x63, 0x4d, 0x6b, 0x2d, 0x63, 0x0d, 0x63, 0x0c, 0x63, 0x2c, 0x63,
    0x0c, 0x63, 0x0d, 0x63, 0x2d, 0x63, 0x4d, 0x6b, 0x4d, 0x6b, 0x6d, 0x6b,
    0x4d, 0x6b, 0x4d, 0x6b, 0x2d, 0x63, 0x2d, 0x6b, 0x2d, 0x63, 0x0c, 0x5b,
    0xec, 0x5a, 0xec, 0x5a, 0xec, 0x5a, 0xcb, 0x5a, 0xcb, 0x5a, 0xab, 0x52,
    0xaa, 0x52, 0x8a, 0x52, 0x69, 0x4a, 0x49, 0x4a, 0x29, 0x42, 0x28, 0x42,
    0x08, 0x42, 0x28, 0x42, 0xe8, 0x41, 0xe7, 0x39, 0xc7, 0x39, 0xc7, 0x39,
    0xc7, 0x39, 0xa7, 0x31, 0xc7, 0x39, 0xa7, 0x31, 0xa7, 0x31, 0x86, 0x31,
    0x66, 0x31, 0x65, 0x29, 0x66, 0x31, 0x65, 0x29, 0x65, 0x29, 0x45, 0x29,
    0x25, 0x29, 0x25, 0x29, 0x45, 0x29, 0x24, 0x29, 0x04, 0x21, 0x04, 0x21,
    0x04, 0x21, 0x25, 0x29, 0x45, 0x29, 0x66, 0x31, 0x86, 0x31, 0x66, 0x31,
    0xa6, 0x31, 0xc7, 0x39, 0xc7, 0x39, 0xa6, 0x31, 0xa7, 0x39, 0xc7, 0x39,
    0xc7, 0x39, 0x86, 0x31, 0x86, 0x31, 0xa7, 0x39, 0xc7, 0x39, 0xc7, 0x39,
    0xe7, 0x39, 0xe7, 0x39, 0xc7, 0x39, 0xc7, 0x39, 0xc7, 0x39, 0x65, 0x31,
    0x86, 0x31, 0xc7, 0x39, 0x86, 0x31, 0xa6, 0x31, 0xe7, 0x39, 0xe7, 0x39,
    0xc7, 0x39, 0xe8, 0x41, 0x08, 0x42, 0xe7, 0x41, 0xe7, 0x41, 0x28, 0x42,
    0x49, 0x4a, 0x29, 0x42, 0x28, 0x42, 0x29, 0x4a, 0x6a, 0x4a, 0x8a, 0x52,
    0x8a, 0x52, 0x8a, 0x4a, 0x69, 0x4a, 0x49, 0x4a, 0x69, 0x4a, 0x8a, 0x4a,
    0x8a, 0x52, 0xaa, 0x52, 0xcb, 0x5a, 0x8a, 0x52, 0x6a, 0x4a, 0xcb, 0x5a,
    0xec, 0x5a, 0x2d, 0x63, 0x6e, 0x6b, 0x6d, 0x6b, 0x0c, 0x63, 0xec, 0x5a,
    0x2d, 0x63, 0x2d, 0x63, 0xab, 0x52, 0xec, 0x62, 0x4d, 0x6b, 0x4d, 0x6b,
    0xaf, 0x73, 0xcf, 0x7b, 0x6e, 0x6b, 0x2d, 0x63, 0xcb, 0x5a, 0x0c, 0x63,
    0xcc, 0x5a, 0x0c, 0x63, 0x49, 0x4a, 0xa7, 0x39, 0x66, 0x31, 0xa6, 0x31,
    0xe7, 0x39, 0x45, 0x29, 0x04, 0x21, 0xc3, 0x18, 0xc3, 0x18, 0xe3, 0x18,
    0xe4, 0x20, 0x04, 0x21, 0x24, 0x21, 0x25, 0x29, 0x24, 0x21, 0x24, 0x21,
    0x04, 0x21, 0xe3, 0x18, 0xc3, 0x18, 0xe4, 0x20, 0x45, 0x29, 0x24, 0x21,
    0x04, 0x19, 0x04, 0x21, 0x04, 0x21, 0x04, 0x21, 0x25, 0x21, 0x66, 0x29,
    0xa6, 0x31, 0xa6, 0x31, 0xe7, 0x39, 0x29, 0x4a, 0x29, 0x42, 0x08, 0x42,
    0x49, 0x4a, 0x8a, 0x52, 0xab, 0x52, 0x0c, 0x63, 0xec, 0x5a, 0x0c, 0x63,
    0x4d, 0x6b, 0x2d, 0x63, 0xab, 0x52, 0x49, 0x4a, 0x8a, 0x52, 0x49, 0x4a,
    0x08, 0x42, 0x08, 0x42, 0xe7, 0x39, 0xc7, 0x39, 0xe8, 0x39, 0x08, 0x3a,
    0x08, 0x3a, 0x08, 0x42, 0x08, 0x42, 0x08, 0x42, 0x28, 0x42, 0x28, 0x42,
    0x49, 0x4a, 0x8a, 0x52, 0x69, 0x4a, 0x6a, 0x4a, 0x8a, 0x52, 0xab, 0x52,
    0xab, 0x52, 0xaa, 0x52, 0xcb, 0x5a, 0xcb, 0x5a, 0xab, 0x52, 0xab, 0x52,
    0xab, 0x52, 0xec, 0x5a, 0xcb, 0x5a, 0xab, 0x52, 0xaa, 0x52, 0xcb, 0x5a,
    0xcb, 0x5a, 0xcb, 0x5a, 0xcb, 0x5a, 0xcb, 0x5a, 0xcc, 0x5a, 0xcb, 0x5a,
    0xcb, 0x5a, 0xcc, 0x5a, 0xec, 0x5a, 0xec, 0x5a, 0xec, 0x5a, 0x0c, 0x63,
    0x2c, 0x63, 0x2d, 0x63, 0x4d, 0x6b, 0x4d, 0x63, 0x4d, 0x6b, 0x4d, 0x6b,
    0x4d, 0x6b, 0x4d, 0x6b, 0x4d, 0x6b, 0x6d, 0x6b, 0x6e, 0x6b, 0x6e, 0x6b,
    0x4d, 0x6b, 0x6e, 0x6b, 0x8f, 0x73, 0x8f, 0x73, 0x8e, 0x73, 0xae, 0x73,
    0x8f, 0x73, 0x8e, 0x73, 0x4d, 0x6b, 0x4d, 0x6b, 0x4d, 0x6b, 0x4d, 0x6b,
    0x6e, 0x6b, 0x8e, 0x6b, 0x6e, 0x73, 0x8e, 0x6b, 0x8e, 0x73, 0xaf, 0x73,
    0xaf, 0x73, 0xaf, 0x73, 0xaf, 0x7b, 0xaf, 0x7b, 0xcf, 0x7b, 0xd0, 0x7b,
    0xf0, 0x7b, 0xf0, 0x7b, 0xf0, 0x7b, 0xf0, 0x7b, 0xd0, 0x7b, 0xf0, 0x7b,
    0xd0, 0x7b, 0xd0, 0x7b, 0xcf, 0x7b, 0xd0, 0x7b, 0xd0, 0x7b, 0xf0, 0x7b,
    0xf0, 0x7b, 0xf0, 0x7b, 0xd0, 0x7b, 0xf0, 0x7b, 0xf0, 0x7b, 0xf0, 0x7b,
    0xf0, 0x7b, 0xf0, 0x7b, 0xd0, 0x7b, 0xd0, 0x7b, 0xf0, 0x7b, 0x86, 0x31,
    0x4a, 0x4a, 0x6a, 0x4a, 0x8a, 0x4a, 0x6a, 0x52, 0x8a, 0x52, 0x8a, 0x52,
    0x8a, 0x52, 0x8a, 0x52, 0x8a, 0x52, 0x8a, 0x52, 0x8a, 0x52, 0x8a, 0x52,
    0x8a, 0x52, 0x8a, 0x52, 0x8b, 0x52, 0x8a, 0x52, 0x8a, 0x52, 0x6a, 0x4a,
    0x6a, 0x4a, 0x6a, 0x52, 0x6a, 0x52, 0x6a, 0x4a, 0x8a, 0x52, 0x8a, 0x52,
    0xab, 0x52, 0xab, 0x52, 0xcb, 0x5a, 0xcb, 0x5a, 0xec, 0x5a, 0xec, 0x5a,
    0xec, 0x5a, 0xeb, 0x5a, 0xec, 0x5a, 0xec, 0x5a, 0xec, 0x5a, 0xec, 0x5a,
    0xec, 0x5a, 0xec, 0x5a, 0xec, 0x5a, 0x0c, 0x63, 0x0d, 0x63, 0x0c, 0x63,
    0x0c, 0x63, 0x0c, 0x63, 0x0c, 0x5b, 0x0c, 0x63, 0xec, 0x5a, 0xec, 0x5a,
    0xec, 0x5a, 0xeb, 0x5a, 0xcb, 0x5a, 0xec, 0x5a, 0x0c, 0x5b, 0x2d, 0x63,
    0x2d, 0x63, 0x4d, 0x6b, 0x2d, 0x63, 0x0d, 0x63, 0x2c, 0x63, 0x0c, 0x63,
    0x0c, 0x63, 0xec, 0x5a, 0xeb, 0x5a, 0xcb, 0x5a, 0xcb, 0x5a, 0xcb, 0x52,
    0xab, 0x52, 0xaa, 0x52, 0x8a, 0x4a, 0x69, 0x4a, 0x49, 0x4a, 0x28, 0x42,
    0x08, 0x42, 0x08, 0x3a, 0xe7, 0x39, 0xe8, 0x39, 0xc7, 0x39, 0xc7, 0x39,
    0xa7, 0x31, 0xa6, 0x31, 0xa6, 0x31, 0xa6, 0x31, 0xa6, 0x31, 0x86, 0x31,
    0x86, 0x31, 0x66, 0x31, 0x65, 0x31, 0x65, 0x29, 0x65, 0x29, 0x65, 0x29,
    0x45, 0x29, 0x25, 0x29, 0x24, 0x21, 0x24, 0x21, 0x24, 0x21, 0x04, 0x21,
    0x04, 0x21, 0x04, 0x21, 0x25, 0x29, 0x25, 0x29, 0x66, 0x31, 0xa6, 0x31,
    0xa6, 0x31, 0xa6, 0x31, 0xc7, 0x39, 0xc7, 0x39, 0xc7, 0x39, 0xa7, 0x39,
    0xc7, 0x39, 0xc7, 0x39, 0x86, 0x31, 0x86, 0x31, 0xa7, 0x31, 0xc7, 0x39,
    0xc7, 0x39, 0xc7, 0x39, 0xc7, 0x39, 0xc7, 0x39, 0xc7, 0x39, 0xc7, 0x39,
    0x86, 0x31, 0x65, 0x29, 0x86, 0x31, 0xa7, 0x39, 0x86, 0x31, 0xa6, 0x31,
    0xa7, 0x39, 0xc7, 0x39, 0xe7, 0x39, 0xe8, 0x39, 0xe8, 0x41, 0xe8, 0x39,
    0xc7, 0x39, 0x08, 0x3a, 0x28, 0x42, 0x08, 0x42, 0x28, 0x42, 0x49, 0x4a,
    0x6a, 0x4a, 0x8a, 0x52, 0x8a, 0x52, 0x69, 0x4a, 0x49, 0x4a, 0x69, 0x4a,
    0x69, 0x4a, 0x49, 0x4a, 0x49, 0x4a, 0x8a, 0x52, 0xab, 0x52, 0xab, 0x52,
    0xcb, 0x5a, 0x0c, 0x63, 0xcb, 0x5a, 0xcb, 0x5a, 0x2d, 0x6b, 0x6e, 0x6b,
    0x0c, 0x63, 0x0c, 0x63, 0x2d, 0x63, 0x4d, 0x6b, 0xab, 0x5a, 0xab, 0x52,
    0x2d, 0x63, 0x2d, 0x63, 0x8e, 0x73, 0xaf, 0x73, 0x8e, 0x73, 0x2d, 0x63,
    0xaa, 0x52, 0xeb, 0x5a, 0xcb, 0x5a, 0xec, 0x5a, 0x2c, 0x63, 0x8a, 0x52,
    0x08, 0x42, 0xc7, 0x31, 0x86, 0x31, 0xc7, 0x39, 0x66, 0x31, 0x04, 0x21,
    0xc3, 0x18, 0xc3, 0x18, 0xc3, 0x18, 0xe3, 0x18, 0xc3, 0x18, 0xe4, 0x20,
    0xe3, 0x18, 0xe4, 0x20, 0xe4, 0x20, 0xe3, 0x18, 0xe3, 0x18, 0x04, 0x21,
    0x24, 0x21, 0x25, 0x21, 0x04, 0x21, 0x04, 0x21, 0xe3, 0x18, 0xe4, 0x18,
    0x24, 0x21, 0x86, 0x31, 0xc7, 0x39, 0x28, 0x42, 0x69, 0x52, 0x49, 0x4a,
    0x08, 0x42, 0x49, 0x4a, 0x6a, 0x52, 0x49, 0x4a, 0x69, 0x4a, 0x8a, 0x52,
    0xab, 0x52, 0x0c, 0x63, 0x2d, 0x6b, 0x2d, 0x63, 0xab, 0x52, 0x6a, 0x4a,
    0x8a, 0x52, 0x49, 0x4a, 0x08, 0x42, 0x28, 0x42, 0xc7, 0x39, 0xc7, 0x39,
    0xe7, 0x39, 0xe7, 0x39, 0xe8, 0x39, 0x08, 0x3a, 0x08, 0x42, 0x28, 0x42,
    0x29, 0x42, 0x69, 0x4a, 0x49, 0x4a, 0x49, 0x4a, 0x6a, 0x4a, 0x8a, 0x52,
    0xaa, 0x52, 0xcb, 0x5a, 0xcb, 0x5a, 0xcb, 0x5a, 0xcb, 0x5a, 0xcb, 0x5a,
    0xab, 0x52, 0xab, 0x52, 0xcb, 0x5a, 0x0c, 0x63, 0xec, 0x5a, 0xab, 0x5a,
    0xab, 0x52, 0xcb, 0x5a, 0xcb, 0x5a, 0xcb, 0x52, 0xcb, 0x5a, 0xec, 0x5a,
    0xec, 0x5a, 0xeb, 0x5a, 0xcb, 0x5a, 0xcb, 0x5a, 0xec, 0x5a, 0xec, 0x5a,
    0xcb, 0x5a, 0xec, 0x5a, 0x0c, 0x63, 0x0c, 0x63, 0x2d, 0x63, 0x2d, 0x63,
    0x4d, 0x6b, 0x4e, 0x6b, 0x4d, 0x63, 0x4d, 0x6b, 0x4d, 0x6b, 0x4d, 0x6b,
    0x6e, 0x6b, 0x4d, 0x6b, 0x6d, 0x6b, 0x6e, 0x6b, 0x8e, 0x73, 0xaf, 0x73,
    0xae, 0x73, 0xaf, 0x73, 0x8e, 0x73, 0x8e, 0x6b, 0x6e, 0x6b, 0x6e, 0x6b,
    0x6e, 0x6b, 0x6e, 0x6b, 0x8e, 0x73, 0x8e, 0x73, 0x6e, 0x6b, 0x8e, 0x73,
    0x8e, 0x73, 0x8e, 0x73, 0xaf, 0x73, 0xaf, 0x73, 0xaf, 0x73, 0xcf, 0x7b,
    0xcf, 0x73, 0xcf, 0x7b, 0xd0, 0x7b, 0xf0, 0x7b, 0xf0, 0x7b, 0xf0, 0x7b,
    0xf0, 0x7b, 0x10, 0x7c, 0x10, 0x84, 0xf0, 0x7b, 0xf0, 0x7b, 0xf0, 0x7b,
    0x10, 0x7c, 0x10, 0x7c, 0x10, 0x84, 0x10, 0x84, 0x10, 0x84, 0x10, 0x84,
    0xf0, 0x83, 0xf0, 0x7b, 0x10, 0x7c, 0x10, 0x84, 0x10, 0x7c, 0x10, 0x7c,
    0xf0, 0x7b, 0xa7, 0x31, 0x49, 0x4a, 0x49, 0x4a, 0x6a, 0x4a, 0x8a, 0x52,
    0x8a, 0x4a, 0x6a, 0x4a, 0x49, 0x4a, 0x49, 0x4a, 0x4a, 0x4a, 0x69, 0x4a,
    0x4a, 0x4a, 0x49, 0x4a, 0x6a, 0x4a, 0x6a, 0x4a, 0x6a, 0x4a, 0x49, 0x4a,
    0x49, 0x4a, 0x29, 0x42, 0x29, 0x42, 0x29, 0x42, 0x28, 0x42, 0x49, 0x4a,
    0x4a, 0x4a, 0x8a, 0x52, 0x8a, 0x52, 0xab, 0x52, 0xab, 0x52, 0xcb, 0x5a,
    0xcb, 0x5a, 0xcb, 0x5a, 0xeb, 0x5a, 0xcb, 0x5a, 0xcb, 0x5a, 0xcb, 0x5a,
    0xcb, 0x5a, 0xcb, 0x5a, 0xcb, 0x5a, 0xcb, 0x5a, 0xeb, 0x5a, 0x0c, 0x63,
    0x0c, 0x63, 0x0c, 0x5b, 0xec, 0x5a, 0xcb, 0x5a, 0xab, 0x52, 0xab, 0x52,
    0x8a, 0x52, 0x8a, 0x52, 0xab, 0x52, 0x8a, 0x52, 0x8a, 0x52, 0xab, 0x52,
    0x0c, 0x63, 0x0c, 0x63, 0x0c, 0x63, 0x0c, 0x63, 0x0c, 0x63, 0x0c, 0x63,
    0x0c, 0x63, 0x0c, 0x5b, 0xec, 0x5a, 0xcb, 0x5a, 0xcb, 0x5a, 0xcb, 0x5a,
    0xcb, 0x52, 0x8b, 0x52, 0x8a, 0x52, 0x8a, 0x52, 0x69, 0x4a, 0x49, 0x4a,
    0x29, 0x42, 0x08, 0x42, 0x08, 0x42, 0xe8, 0x41, 0xe7, 0x39, 0xc7, 0x39,
    0xc7, 0x31, 0xc7, 0x39, 0xa7, 0x39, 0xa6, 0x31, 0xa6, 0x31, 0xa6, 0x31,
    0x66, 0x31, 0x86, 0x31, 0x66, 0x31, 0x65, 0x29, 0x65, 0x29, 0x45, 0x29,
    0x45, 0x29, 0x45, 0x29, 0x25, 0x29, 0x24, 0x21, 0x04, 0x21, 0x04, 0x21,
    0x04, 0x21, 0x04, 0x21, 0x25, 0x29, 0x25, 0x21, 0x24, 0x29, 0x65, 0x29,
    0xa6, 0x31, 0xc7, 0x39, 0xa7, 0x39, 0xc7, 0x39, 0xe7, 0x39, 0xe7, 0x39,
    0xc7, 0x39, 0xc7, 0x39, 0xc7, 0x39, 0xa7, 0x31, 0x86, 0x31, 0xa6, 0x31,
    0xa7, 0x39, 0xc7, 0x39, 0xc7, 0x39, 0xa7, 0x39, 0xa6, 0x31, 0xa7, 0x39,
    0x86, 0x31, 0x86, 0x31, 0x45, 0x29, 0x65, 0x29, 0x66, 0x31, 0xa6, 0x31,
    0x86, 0x31, 0x86, 0x31, 0xa7, 0x39, 0xc7, 0x39, 0xe7, 0x41, 0xe7, 0x39,
    0xe8, 0x41, 0x08, 0x42, 0xc7, 0x39, 0xe7, 0x39, 0xe8, 0x41, 0xe7, 0x41,
    0x08, 0x42, 0x28, 0x42, 0x49, 0x42, 0x69, 0x4a, 0x8a, 0x4a, 0x69, 0x4a,
    0x29, 0x4a, 0x49, 0x4a, 0x8a, 0x52, 0x69, 0x4a, 0x49, 0x4a, 0x6a, 0x4a,
    0x8a, 0x52, 0xcb, 0x5a, 0xec, 0x5a, 0x0c, 0x63, 0xec, 0x5a, 0xec, 0x5a,
    0x0c, 0x63, 0x6e, 0x6b, 0x2d, 0x63, 0x2d, 0x6b, 0x2d, 0x63, 0x4d, 0x6b,
    0xec, 0x5a, 0xcb, 0x52, 0x4d, 0x6b, 0x8e, 0x73, 0xaf, 0x73, 0xcf, 0x7b,
    0xcf, 0x7b, 0x6d, 0x6b, 0xab, 0x52, 0xab, 0x52, 0xcb, 0x5a, 0xcb, 0x5a,
    0x0c, 0x5b, 0x2d, 0x63, 0xab, 0x52, 0x6a, 0x4a, 0xe8, 0x41, 0x86, 0x31,
    0xa6, 0x31, 0x86, 0x31, 0x24, 0x21, 0xe4, 0x20, 0xc3, 0x18, 0xc3, 0x18,
    0xc3, 0x18, 0xc3, 0x18, 0xc3, 0x18, 0xc3, 0x18, 0xe3, 0x18, 0xe4, 0x20,
    0x04, 0x21, 0x45, 0x29, 0x65, 0x29, 0x65, 0x29, 0x45, 0x29, 0x24, 0x21,
    0x24, 0x21, 0x45, 0x29, 0xa6, 0x31, 0x08, 0x42, 0x49, 0x4a, 0x49, 0x4a,
    0x69, 0x4a, 0x6a, 0x52, 0x29, 0x4a, 0x49, 0x4a, 0x49, 0x4a, 0x69, 0x4a,
    0x6a, 0x4a, 0x6a, 0x4a, 0x8a, 0x52, 0xab, 0x52, 0xec, 0x5a, 0x0c, 0x63,
    0xcb, 0x5a, 0xaa, 0x52, 0x8a, 0x52, 0x49, 0x4a, 0xe8, 0x39, 0x08, 0x42,
    0xa7, 0x39, 0xa7, 0x31, 0xc7, 0x39, 0xc7, 0x39, 0xc7, 0x39, 0xe7, 0x39,
    0x08, 0x42, 0x28, 0x42, 0x29, 0x42, 0x29, 0x4a, 0x29, 0x4a, 0x49, 0x4a,
    0x8a, 0x52, 0xaa, 0x52, 0xaa, 0x52, 0xcb, 0x52, 0xcb, 0x5a, 0xec, 0x5a,
    0xeb, 0x5a, 0xec, 0x5a, 0xcb, 0x5a, 0xcb, 0x5a, 0xcb, 0x5a, 0xeb, 0x5a,
    0xab, 0x52, 0xab, 0x52, 0xab, 0x52, 0xab, 0x52, 0xab, 0x52, 0xab, 0x52,
    0xcb, 0x5a, 0xcb, 0x5a, 0xcb, 0x5a, 0xcc, 0x5a, 0xec, 0x5a, 0xcb, 0x5a,
    0xcb, 0x5a, 0xeb, 0x5a, 0xcb, 0x5a, 0xec, 0x5a, 0xec, 0x5a, 0x0c, 0x63,
    0x0c, 0x63, 0x2d, 0x63, 0x2d, 0x63, 0x4d, 0x6b, 0x4d, 0x6b, 0x4d, 0x63,
    0x6e, 0x6b, 0x6e, 0x6b, 0x4d, 0x6b, 0x4d, 0x6b, 0x6e, 0x6b, 0x6e, 0x6b,
    0x8e, 0x73, 0x8e, 0x73, 0x8e, 0x73, 0x8f, 0x73, 0xaf, 0x73, 0x8e, 0x73,
    0x8e, 0x73, 0x8e, 0x73, 0x8e, 0x6b, 0x8e, 0x73, 0x8e, 0x73, 0xaf, 0x73,
    0x8e, 0x73, 0x8e, 0x73, 0x8e, 0x73, 0xaf, 0x73, 0xaf, 0x7b, 0xaf, 0x7b,
    0xcf, 0x7b, 0xcf, 0x73, 0xd0, 0x7b, 0xd0, 0x7b, 0xcf, 0x7b, 0xd0, 0x7b,
    0xd0, 0x7b, 0xf0, 0x7b, 0x10, 0x84, 0x10, 0x7c, 0x11, 0x7c, 0x10, 0x7c,
    0x10, 0x7c, 0x11, 0x84, 0x31, 0x84, 0x31, 0x84, 0x31, 0x84, 0x31, 0x84,
    0x31, 0x84, 0x31, 0x84, 0x11, 0x84, 0x11, 0x84, 0x31, 0x84, 0x31, 0x84,
    0x31, 0x84, 0x31, 0x84, 0x11, 0x84, 0xa7, 0x31, 0x29, 0x42, 0x49, 0x4a,
    0x6a, 0x4a, 0x6a, 0x4a, 0x49, 0x4a, 0x49, 0x4a, 0x29, 0x42, 0x29, 0x42,
    0x29, 0x42, 0x29, 0x42, 0x29, 0x42, 0x29, 0x4a, 0x29, 0x42, 0x08, 0x42,
    0x08, 0x42, 0x08, 0x42, 0x08, 0x42, 0xe8, 0x39, 0x08, 0x42, 0x08, 0x42,
    0x08, 0x42, 0x49, 0x42, 0x49, 0x4a, 0x49, 0x4a, 0x49, 0x4a, 0x69, 0x4a,
    0x6a, 0x4a, 0x6a, 0x4a, 0x8a, 0x52, 0xab, 0x52, 0xab, 0x52, 0xaa, 0x52,
    0x8b, 0x52, 0xab, 0x52, 0xab, 0x52, 0xab, 0x52, 0xcb, 0x5a, 0xcb, 0x5a,
    0xec, 0x5a, 0x0c, 0x63, 0x0c, 0x63, 0xec, 0x5a, 0xcb, 0x5a, 0xab, 0x52,
    0x6a, 0x4a, 0x6a, 0x4a, 0x6a, 0x4a, 0x6a, 0x4a, 0x6a, 0x4a, 0x49, 0x4a,
    0x4a, 0x4a, 0x8a, 0x52, 0xec, 0x5a, 0xec, 0x5a, 0xec, 0x5a, 0x0c, 0x5b,
    0x0c, 0x63, 0xec, 0x5a, 0xec, 0x5a, 0xec, 0x5a, 0xcb, 0x5a, 0xcb, 0x5a,
    0xcb, 0x5a, 0xab, 0x52, 0xab, 0x52, 0x8a, 0x52, 0x6a, 0x4a, 0x69, 0x4a,
    0x49, 0x4a, 0x29, 0x42, 0x28, 0x42, 0x08, 0x3a, 0x08, 0x42, 0xe7, 0x41,
    0xc7, 0x39, 0xc7, 0x39, 0xa6, 0x31, 0xa7, 0x31, 0xa6, 0x31, 0xa6, 0x31,
    0x86, 0x31, 0x86, 0x31, 0x66, 0x29, 0x66, 0x31, 0x65, 0x29, 0x45, 0x29,
    0x45, 0x29, 0x45, 0x29, 0x25, 0x29, 0x25, 0x29, 0x24, 0x21, 0x04, 0x21,
    0x04, 0x21, 0xe4, 0x20, 0x04, 0x21, 0x65, 0x31, 0x86, 0x31, 0x86, 0x31,
    0x65, 0x29, 0x86, 0x31, 0xc7, 0x39, 0xc7, 0x39, 0xc7, 0x39, 0xc7, 0x39,
    0xc7, 0x39, 0xc7, 0x39, 0xc7, 0x39, 0xc7, 0x39, 0xc7, 0x39, 0xa6, 0x31,
    0x86, 0x31, 0x86, 0x31, 0xc7, 0x39, 0xa7, 0x39, 0xa7, 0x39, 0xa6, 0x31,
    0x86, 0x31, 0x86, 0x31, 0x45, 0x29, 0x45, 0x29, 0x65, 0x29, 0x66, 0x29,
    0x66, 0x31, 0x86, 0x31, 0x86, 0x31, 0x86, 0x31, 0xa7, 0x39, 0xc7, 0x39,
    0xc7, 0x39, 0xc7, 0x39, 0xe8, 0x41, 0x08, 0x42, 0xc7, 0x39, 0xc7, 0x39,
    0xc7, 0x39, 0xc7, 0x39, 0x08, 0x42, 0x08, 0x42, 0x08, 0x42, 0x29, 0x4a,
    0x8a, 0x4a, 0xaa, 0x52, 0xaa, 0x52, 0x8a, 0x52, 0x8a, 0x4a, 0x49, 0x4a,
    0x49, 0x42, 0x49, 0x4a, 0x8a, 0x52, 0xab, 0x52, 0x0c, 0x63, 0x0c, 0x63,
    0xec, 0x5a, 0xec, 0x5a, 0xec, 0x5a, 0x6e, 0x6b, 0x2d, 0x63, 0x8e, 0x73,
    0x4d, 0x6b, 0x4d, 0x6b, 0x2d, 0x63, 0x0c, 0x63, 0xaf, 0x73, 0x10, 0x84,
    0x30, 0x84, 0x10, 0x84, 0xaf, 0x73, 0x2d, 0x6b, 0xcb, 0x5a, 0x6a, 0x4a,
    0xcb, 0x5a, 0xcb, 0x5a, 0xcc, 0x5a, 0xec, 0x5a, 0x8a, 0x52, 0x08, 0x42,
    0x29, 0x42, 0xe7, 0x39, 0x66, 0x31, 0x86, 0x31, 0xa7, 0x39, 0xa6, 0x31,
    0x65, 0x29, 0x45, 0x29, 0x45, 0x29, 0x65, 0x29, 0x86, 0x31, 0xa7, 0x39,
    0xc7, 0x39, 0xa7, 0x39, 0x86, 0x31, 0x86, 0x31, 0x66, 0x29, 0x86, 0x31,
    0xc7, 0x39, 0x08, 0x42, 0x49, 0x4a, 0x6a, 0x4a, 0x8a, 0x52, 0x8a, 0x52,
    0x28, 0x42, 0x08, 0x42, 0x28, 0x42, 0x6a, 0x52, 0x28, 0x42, 0x49, 0x4a,
    0x08, 0x42, 0x29, 0x42, 0x49, 0x4a, 0x29, 0x4a, 0x29, 0x4a, 0x6a, 0x4a,
    0xab, 0x52, 0xcb, 0x5a, 0xec, 0x5a, 0xcb, 0x5a, 0x8a, 0x52, 0x08, 0x42,
    0xa7, 0x31, 0xe8, 0x41, 0xa7, 0x39, 0xc6, 0x31, 0xc7, 0x39, 0xc7, 0x39,
    0xe7, 0x39, 0xe7, 0x39, 0x08, 0x42, 0x08, 0x42, 0x08, 0x42, 0x08, 0x42,
    0x28, 0x42, 0x49, 0x4a, 0x69, 0x4a, 0x8a, 0x52, 0x8a, 0x52, 0x8a, 0x52,
    0xaa, 0x52, 0xcb, 0x5a, 0x0c, 0x63, 0x2c, 0x63, 0xcb, 0x5a, 0xcb, 0x5a,
    0xec, 0x5a, 0xcb, 0x5a, 0xab, 0x52, 0xaa, 0x52, 0x8a, 0x52, 0x8a, 0x52,
    0x6a, 0x4a, 0x8a, 0x52, 0x8a, 0x52, 0xab, 0x52, 0xab, 0x52, 0xcb, 0x5a,
    0xcb, 0x5a, 0xcb, 0x52, 0xcb, 0x52, 0xcb, 0x5a, 0xcb, 0x5a, 0xcb, 0x5a,
    0xec, 0x5a, 0x0c, 0x63, 0x0c, 0x63, 0x2d, 0x63, 0x2d, 0x63, 0x4d, 0x6b,
    0x4d, 0x6b, 0x4d, 0x6b, 0x6e, 0x6b, 0x6e, 0x6b, 0x6e, 0x6b, 0x6e, 0x6b,
    0x4d, 0x6b, 0x4d, 0x6b, 0x6e, 0x6b, 0x8e, 0x6b, 0x8e, 0x73, 0x8f, 0x73,
    0x8e, 0x73, 0x8e, 0x73, 0x8e, 0x6b, 0x8e, 0x73, 0x8e, 0x73, 0x8e, 0x73,
    0x8f, 0x73, 0xaf, 0x73, 0xaf, 0x73, 0xaf, 0x73, 0xaf, 0x73, 0xaf, 0x73,
    0xcf, 0x7b, 0xaf, 0x73, 0xaf, 0x73, 0xd0, 0x7b, 0xd0, 0x7b, 0xcf, 0x7b,
    0xcf, 0x73, 0xcf, 0x7b, 0xf0, 0x7b, 0xf0, 0x83, 0x10, 0x7c, 0x10, 0x84,
    0x11, 0x84, 0x11, 0x84, 0x30, 0x84, 0x31, 0x84, 0x11, 0x84, 0x10, 0x7c,
    0x10, 0x84, 0x11, 0x84, 0x31, 0x84, 0x31, 0x84, 0x31, 0x84, 0x31, 0x84,
    0x31, 0x84, 0x31, 0x84, 0x32, 0x84, 0x32, 0x84, 0x31, 0x84, 0xa7, 0x31,
    0x28, 0x42, 0x29, 0x42, 0x49, 0x4a, 0x29, 0x42, 0x29, 0x42, 0x29, 0x42,
    0x09, 0x42, 0x08, 0x42, 0xe8, 0x39, 0xe8, 0x39, 0xe7, 0x39, 0xe7, 0x39,
    0xc7, 0x39, 0xa6, 0x31, 0xa6, 0x31, 0xc7, 0x39, 0xe8, 0x39, 0xe7, 0x39,
    0x28, 0x42, 0x29, 0x42, 0x29, 0x42, 0x29, 0x42, 0x49, 0x42, 0x29, 0x42,
    0x29, 0x42, 0x49, 0x4a, 0x49, 0x4a, 0x6a, 0x4a, 0x69, 0x4a, 0x4a, 0x4a,
    0x6a, 0x4a, 0x69, 0x4a, 0x49, 0x4a, 0x69, 0x4a, 0x6a, 0x4a, 0x6a, 0x4a,
    0x6a, 0x4a, 0x8a, 0x52, 0xcb, 0x5a, 0xec, 0x5a, 0xec, 0x5a, 0xcb, 0x5a,
    0xcb, 0x5a, 0x8a, 0x52, 0x49, 0x4a, 0x6a, 0x52, 0x6a, 0x4a, 0x69, 0x4a,
    0x29, 0x4a, 0x29, 0x42, 0x49, 0x42, 0x6a, 0x4a, 0xab, 0x5a, 0xcb, 0x5a,
    0xcb, 0x5a, 0xcb, 0x5a, 0xec, 0x5a, 0xcb, 0x5a, 0xcb, 0x5a, 0xcb, 0x5a,
    0xcb, 0x5a, 0xab, 0x52, 0xab, 0x52, 0x8a, 0x52, 0x8a, 0x52, 0x8a, 0x52,
    0x69, 0x4a, 0x49, 0x4a, 0x28, 0x42, 0x28, 0x42, 0x08, 0x42, 0x08, 0x42,
    0xe7, 0x39, 0xc7, 0x39, 0xc7, 0x39, 0xc7, 0x31, 0xa6, 0x31, 0xa6, 0x31,
    0x86, 0x31, 0x86, 0x31, 0x86, 0x31, 0x86, 0x29, 0x65, 0x29, 0x45, 0x29,
    0x45, 0x29, 0x45, 0x29, 0x25, 0x29, 0x25, 0x29, 0x24, 0x21, 0x04, 0x21,
    0x04, 0x21, 0x04, 0x21, 0xe4, 0x20, 0x04, 0x21, 0x45, 0x29, 0x86, 0x31,
    0xc7, 0x39, 0xc7, 0x39, 0xc7, 0x39, 0xa7, 0x31, 0xc7, 0x39, 0xc7, 0x39,
    0xc7, 0x39, 0xc7, 0x39, 0xc7, 0x39, 0xc7, 0x39, 0xa7, 0x31, 0xa7, 0x39,
    0xa6, 0x39, 0x86, 0x31, 0x86, 0x31, 0x86, 0x31, 0xa6, 0x39, 0x86, 0x31,
    0x65, 0x31, 0x66, 0x31, 0x86, 0x31, 0x65, 0x29, 0x45, 0x29, 0x45, 0x29,
    0x45, 0x29, 0x65, 0x31, 0x86, 0x31, 0xa7, 0x39, 0xa6, 0x31, 0x66, 0x31,
    0xa6, 0x31, 0xc7, 0x39, 0xc7, 0x39, 0xc7, 0x39, 0xc7, 0x39, 0xe7, 0x39,
    0xc7, 0x39, 0xa7, 0x39, 0xc7, 0x39, 0x86, 0x31, 0xc7, 0x39, 0xe8, 0x39,
    0x08, 0x42, 0x08, 0x42, 0x49, 0x4a, 0x49, 0x4a, 0x49, 0x4a, 0x8a, 0x4a,
    0x29, 0x4a, 0x49, 0x4a, 0x08, 0x42, 0x08, 0x42, 0x29, 0x42, 0xaa, 0x52,
    0xec, 0x5a, 0x0c, 0x63, 0xec, 0x5a, 0xeb, 0x5a, 0x0c, 0x63, 0x4d, 0x6b,
    0x4d, 0x6b, 0xae, 0x73, 0x6e, 0x6b, 0x8e, 0x73, 0x6e, 0x6b, 0x6e, 0x73,
    0x4d, 0x6b, 0xcf, 0x7b, 0x31, 0x84, 0x31, 0x84, 0xcf, 0x73, 0x2d, 0x63,
    0xab, 0x5a, 0x6a, 0x4a, 0xab, 0x52, 0x0c, 0x63, 0xec, 0x5a, 0xcb, 0x5a,
    0x6a, 0x4a, 0x08, 0x42, 0x08, 0x42, 0x49, 0x4a, 0xe8, 0x39, 0xa7, 0x31,
    0x86, 0x31, 0x86, 0x31, 0x86, 0x31, 0xa7, 0x39, 0xc7, 0x39, 0xc7, 0x39,
    0xc7, 0x39, 0xc7, 0x39, 0xc7, 0x39, 0xc7, 0x39, 0xe7, 0x39, 0xe7, 0x39,
    0x29, 0x42, 0xcb, 0x5a, 0xcb, 0x5a, 0x0c, 0x5b, 0x0c, 0x63, 0xab, 0x52,
    0xab, 0x52, 0x8a, 0x52, 0x69, 0x4a, 0xe8, 0x39, 0xe8, 0x41, 0x49, 0x4a,
    0x08, 0x3a, 0x28, 0x42, 0x08, 0x42, 0x49, 0x4a, 0x29, 0x42, 0xe8, 0x41,
    0xe8, 0x41, 0x08, 0x42, 0x6a, 0x4a, 0xeb, 0x5a, 0x0c, 0x63, 0x8b, 0x52,
    0x69, 0x4a, 0xa7, 0x39, 0x86, 0x31, 0xe7, 0x39, 0xa6, 0x31, 0xa6, 0x31,
    0xc7, 0x39, 0xe7, 0x39, 0x08, 0x42, 0x08, 0x42, 0x08, 0x42, 0x08, 0x42,
    0x08, 0x42, 0x08, 0x42, 0x29, 0x4a, 0x49, 0x4a, 0x8a, 0x52, 0x8a, 0x4a,
    0x8a, 0x52, 0xaa, 0x52, 0xab, 0x52, 0xcb, 0x5a, 0xcb, 0x5a, 0x0d, 0x63,
    0x2c, 0x63, 0x0c, 0x63, 0xcb, 0x5a, 0xcb, 0x5a, 0x8a, 0x52, 0x8a, 0x52,
    0x8a, 0x52, 0x8a, 0x4a, 0x8a, 0x52, 0x6a, 0x52, 0xaa, 0x52, 0xab, 0x52,
    0xab, 0x52, 0xcb, 0x5a, 0xab, 0x52, 0xab, 0x52, 0xcb, 0x5a, 0xcb, 0x5a,
    0xcb, 0x52, 0xcb, 0x5a, 0xec, 0x5a, 0xec, 0x5a, 0xec, 0x5a, 0x0c, 0x63,
    0x0c, 0x63, 0x2d, 0x63, 0x2d, 0x63, 0x4d, 0x6b, 0x6d, 0x6b, 0x6e, 0x6b,
    0x8e, 0x73, 0x8e, 0x73, 0x4d, 0x6b, 0x2d, 0x63, 0x6d, 0x6b, 0x6e, 0x73,
    0x8e, 0x6b, 0x8e, 0x73, 0x8e, 0x73, 0x8e, 0x6b, 0x8e, 0x73, 0x8e, 0x73,
    0x8f, 0x73, 0xaf, 0x73, 0xaf, 0x73, 0xae, 0x73, 0xcf, 0x7b, 0xcf, 0x7b,
    0xcf, 0x7b, 0xaf, 0x73, 0xaf, 0x73, 0xaf, 0x7b, 0xcf, 0x73, 0xcf, 0x7b,
    0xd0, 0x7b, 0xd0, 0x7b, 0xcf, 0x7b, 0xd0, 0x7b, 0xf0, 0x7b, 0x10, 0x84,
    0xf0, 0x83, 0x11, 0x7c, 0x10, 0x84, 0x10, 0x7c, 0x10, 0x7c, 0x10, 0x7c,
    0x10, 0x84, 0x10, 0x7c, 0x10, 0x7c, 0x11, 0x84, 0x31, 0x84, 0x31, 0x84,
    0x51, 0x84, 0x31, 0x84, 0x31, 0x84, 0x51, 0x84, 0x31, 0x84, 0x32, 0x84,
    0x32, 0x84, 0xa7, 0x39, 0x28, 0x42, 0x29, 0x42, 0x29, 0x42, 0x29, 0x4a,
    0x49, 0x4a, 0x29, 0x42, 0x08, 0x42, 0xe7, 0x39, 0xc7, 0x39, 0xa7, 0x39,
    0xa7, 0x31, 0xa7, 0x31, 0xa7, 0x31, 0xa6, 0x31, 0xa6, 0x31, 0xc7, 0x39,
    0xe7, 0x39, 0xe7, 0x39, 0xe8, 0x39, 0xe8, 0x39, 0x08, 0x42, 0x08, 0x42,
    0x29, 0x42, 0x28, 0x42, 0x08, 0x42, 0x29, 0x42, 0x49, 0x4a, 0x49, 0x4a,
    0x29, 0x42, 0x28, 0x42, 0x29, 0x42, 0x08, 0x42, 0x08, 0x42, 0x49, 0x4a,
    0x49, 0x4a, 0x49, 0x4a, 0x6a, 0x4a, 0x8a, 0x52, 0xab, 0x52, 0xcb, 0x5a,
    0xcb, 0x5a, 0xec, 0x5a, 0xcb, 0x5a, 0xcb, 0x52, 0xab, 0x52, 0xaa, 0x52,
    0x8a, 0x52, 0x6a, 0x4a, 0x49, 0x4a, 0x49, 0x4a, 0x69, 0x4a, 0x69, 0x4a,
    0xaa, 0x52, 0xab, 0x52, 0xab, 0x52, 0xcb, 0x5a, 0xcb, 0x5a, 0xcb, 0x5a,
    0xab, 0x52, 0xab, 0x52, 0xaa, 0x52, 0xaa, 0x52, 0x8a, 0x52, 0x6a, 0x4a,
    0x8a, 0x4a, 0x49, 0x4a, 0x49, 0x4a, 0x28, 0x42, 0x08, 0x42, 0x08, 0x42,
    0xe8, 0x41, 0xc7, 0x39, 0xc7, 0x39, 0xc7, 0x39, 0xa7, 0x39, 0xa6, 0x31,
    0x86, 0x31, 0x86, 0x31, 0x86, 0x31, 0x66, 0x31, 0x66, 0x31, 0x45, 0x29,
    0x45, 0x29, 0x25, 0x29, 0x24, 0x29, 0x45, 0x29, 0x45, 0x29, 0x45, 0x29,
    0x45, 0x29, 0x24, 0x21, 0x04, 0x21, 0xe4, 0x20, 0xe4, 0x20, 0x25, 0x29,
    0xa6, 0x31, 0xa7, 0x31, 0xc7, 0x39, 0xe8, 0x39, 0xe7, 0x39, 0xe8, 0x39,
    0xc7, 0x31, 0xa6, 0x31, 0xa7, 0x39, 0xc7, 0x39, 0xc7, 0x39, 0xa7, 0x39,
    0x86, 0x31, 0x86, 0x31, 0x86, 0x31, 0x66, 0x29, 0x86, 0x31, 0xa6, 0x31,
    0x86, 0x31, 0x66, 0x29, 0x45, 0x29, 0x45, 0x29, 0x65, 0x29, 0x45, 0x29,
    0x25, 0x29, 0x25, 0x29, 0x04, 0x21, 0x45, 0x29, 0x65, 0x29, 0xa7, 0x31,
    0x86, 0x31, 0x66, 0x31, 0x86, 0x31, 0xa6, 0x31, 0xa7, 0x39, 0xc7, 0x39,
    0xc7, 0x39, 0xa7, 0x39, 0xa6, 0x39, 0xa7, 0x39, 0xc7, 0x39, 0x65, 0x29,
    0x86, 0x31, 0xc7, 0x39, 0xe7, 0x39, 0xe7, 0x39, 0x08, 0x42, 0x08, 0x42,
    0x08, 0x42, 0x49, 0x4a, 0x29, 0x42, 0x28, 0x42, 0x08, 0x3a, 0x08, 0x3a,
    0x08, 0x42, 0x69, 0x4a, 0x8a, 0x52, 0xcc, 0x5a, 0xcb, 0x5a, 0xec, 0x5a,
    0x2c, 0x63, 0x2d, 0x6b, 0x6e, 0x6b, 0xaf, 0x73, 0xaf, 0x73, 0xcf, 0x7b,
    0xcf, 0x7b, 0xae, 0x73, 0x2c, 0x63, 0xaf, 0x73, 0x10, 0x84, 0x31, 0x84,
    0xcf, 0x7b, 0x6e, 0x6b, 0xcb, 0x5a, 0x8a, 0x52, 0xaa, 0x52, 0xec, 0x5a,
    0x4d, 0x6b, 0x4d, 0x6b, 0xcb, 0x5a, 0x6a, 0x4a, 0x49, 0x4a, 0x6a, 0x4a,
    0x29, 0x4a, 0xe8, 0x39, 0xa7, 0x39, 0xa6, 0x31, 0x65, 0x29, 0x45, 0x29,
    0x45, 0x29, 0x66, 0x31, 0xc7, 0x39, 0x08, 0x42, 0x49, 0x4a, 0x8a, 0x52,
    0xeb, 0x5a, 0xeb, 0x5a, 0x0d, 0x63, 0x6e, 0x73, 0x6e, 0x6b, 0x8e, 0x6b,
    0x8f, 0x73, 0x4d, 0x6b, 0xec, 0x5a, 0xab, 0x52, 0x69, 0x4a, 0x28, 0x42,
    0x28, 0x42, 0x49, 0x4a, 0x69, 0x4a, 0x69, 0x4a, 0x69, 0x4a, 0x49, 0x4a,
    0xe7, 0x39, 0xc7, 0x39, 0xa7, 0x39, 0xc7, 0x39, 0x08, 0x42, 0xaa, 0x52,
    0xec, 0x5a, 0x8a, 0x52, 0x28, 0x42, 0x86, 0x31, 0x86, 0x31, 0xa6, 0x31,
    0x86, 0x31, 0x86, 0x31, 0xc7, 0x39, 0xc7, 0x39, 0xe8, 0x41, 0xe7, 0x39,
    0xe8, 0x39, 0x08, 0x42, 0x08, 0x42, 0x29, 0x42, 0x69, 0x4a, 0x69, 0x52,
    0x6a, 0x4a, 0x6a, 0x4a, 0x8a, 0x52, 0xaa, 0x52, 0xaa, 0x52, 0xab, 0x52,
    0x8a, 0x52, 0xab, 0x52, 0xcb, 0x52, 0xec, 0x5a, 0xab, 0x52, 0xaa, 0x52,
    0x8a, 0x52, 0x69, 0x4a, 0x69, 0x4a, 0x89, 0x4a, 0x8a, 0x52, 0x8a, 0x52,
    0xab, 0x52, 0x8a, 0x52, 0xcb, 0x52, 0xab, 0x52, 0xab, 0x52, 0xab, 0x52,
    0xab, 0x5a, 0xab, 0x52, 0xcb, 0x5a, 0xcb, 0x5a, 0xec, 0x5a, 0xec, 0x5a,
    0xec, 0x62, 0xeb, 0x5a, 0xec, 0x5a, 0xec, 0x5a, 0x0c, 0x63, 0x2d, 0x63,
    0x4d, 0x6b, 0x6d, 0x6b, 0x6e, 0x6b, 0x4d, 0x6b, 0x4d, 0x6b, 0x4d, 0x63,
    0x4e, 0x6b, 0x8e, 0x73, 0x6e, 0x6b, 0x8e, 0x6b, 0x6e, 0x6b, 0x8e, 0x73,
    0x8f, 0x73, 0x8f, 0x73, 0xaf, 0x73, 0xae, 0x73, 0xaf, 0x73, 0xaf, 0x73,
    0xaf, 0x7b, 0xcf, 0x7b, 0xcf, 0x7b, 0xcf, 0x7b, 0xd0, 0x7b, 0xd0, 0x7b,
    0xcf, 0x7b, 0xd0, 0x7b, 0xf0, 0x7b, 0xd0, 0x7b, 0xd0, 0x7b, 0xf0, 0x7b,
    0xf0, 0x7b, 0xf0, 0x7b, 0x10, 0x84, 0x11, 0x84, 0x10, 0x7c, 0x10, 0x84,
    0x11, 0x7c, 0x10, 0x84, 0x11, 0x84, 0x11, 0x7c, 0x31, 0x84, 0x31, 0x84,
    0x51, 0x84, 0x31, 0x84, 0x31, 0x84, 0x31, 0x84, 0x51, 0x84, 0x32, 0x84,
    0x31, 0x84, 0x32, 0x84, 0x31, 0x84, 0xa7, 0x31, 0x29, 0x4a, 0x49, 0x4a,
    0x29, 0x42, 0x49, 0x4a, 0x49, 0x4a, 0x29, 0x42, 0x29, 0x42, 0x08, 0x42,
    0xe8, 0x39, 0xc7, 0x39, 0xc7, 0x39, 0xe8, 0x41, 0xe8, 0x39, 0xe8, 0x39,
    0xe8, 0x39, 0xc7, 0x39, 0xa7, 0x39, 0xa7, 0x31, 0xa7, 0x31, 0xc7, 0x39,
    0xe8, 0x41, 0x08, 0x42, 0x08, 0x42, 0x08, 0x42, 0x09, 0x42, 0x29, 0x42,
    0x49, 0x4a, 0x09, 0x42, 0xc7, 0x39, 0xa7, 0x39, 0xc7, 0x39, 0xc7, 0x39,
    0xe8, 0x39, 0x08, 0x42, 0x08, 0x42, 0x29, 0x42, 0x49, 0x4a, 0x6a, 0x4a,
    0x6a, 0x4a, 0xaa, 0x52, 0xab, 0x52, 0xcb, 0x5a, 0xcb, 0x5a, 0xcb, 0x5a,
    0xcc, 0x5a, 0xcb, 0x5a, 0xcb, 0x5a, 0xcb, 0x5a, 0x8a, 0x52, 0x89, 0x4a,
    0x69, 0x4a, 0x69, 0x4a, 0x8a, 0x52, 0xaa, 0x52, 0xab, 0x52, 0xab, 0x52,
    0x8a, 0x52, 0x8a, 0x52, 0xab, 0x52, 0x8a, 0x52, 0x6a, 0x4a, 0x8a, 0x52,
    0x6a, 0x4a, 0x69, 0x4a, 0x49, 0x4a, 0x49, 0x42, 0x28, 0x42, 0x08, 0x42,
    0x08, 0x42, 0x08, 0x3a, 0xe7, 0x39, 0xc7, 0x39, 0xc7, 0x39, 0xa7, 0x39,
    0xa6, 0x31, 0x86, 0x31, 0x86, 0x31, 0x66, 0x31, 0x65, 0x29, 0x65, 0x29,
    0x45, 0x29, 0x86, 0x31, 0xa6, 0x31, 0xa6, 0x31, 0x86, 0x31, 0xa6, 0x31,
    0xa7, 0x31, 0xa6, 0x39, 0xa6, 0x31, 0x86, 0x31, 0x66, 0x31, 0x65, 0x29,
    0x25, 0x29, 0x86, 0x31, 0xc7, 0x39, 0xe7, 0x39, 0x08, 0x42, 0x08, 0x42,
    0xe8, 0x39, 0xe7, 0x39, 0xc7, 0x39, 0xc7, 0x39, 0xc7, 0x39, 0xa7, 0x31,
    0xa6, 0x31, 0x86, 0x31, 0x66, 0x31, 0x65, 0x29, 0x66, 0x31, 0x66, 0x31,
    0x66, 0x31, 0x65, 0x31, 0x66, 0x31, 0x45, 0x29, 0x24, 0x21, 0x24, 0x21,
    0x45, 0x29, 0x25, 0x29, 0x24, 0x21, 0xe4, 0x20, 0xe4, 0x20, 0x24, 0x21,
    0x45, 0x29, 0xa6, 0x31, 0x86, 0x31, 0x86, 0x31, 0x66, 0x31, 0x66, 0x31,
    0xa6, 0x31, 0xc7, 0x39, 0x86, 0x31, 0xa6, 0x31, 0xa6, 0x31, 0xa7, 0x39,
    0xc7, 0x39, 0x86, 0x31, 0x86, 0x31, 0xa6, 0x31, 0xa7, 0x39, 0xc7, 0x39,
    0xe8, 0x39, 0x08, 0x42, 0x08, 0x3a, 0x28, 0x42, 0x49, 0x4a, 0x28, 0x42,
    0x28, 0x42, 0x28, 0x42, 0x08, 0x42, 0x49, 0x42, 0x49, 0x4a, 0x8a, 0x52,
    0xab, 0x52, 0xab, 0x52, 0x2d, 0x63, 0x0c, 0x63, 0x4d, 0x6b, 0xaf, 0x73,
    0xcf, 0x7b, 0xf0, 0x7b, 0xef, 0x7b, 0xcf, 0x7b, 0x6e, 0x6b, 0xaf, 0x73,
    0xf0, 0x7b, 0x10, 0x84, 0xaf, 0x73, 0x6e, 0x6b, 0x2c, 0x63, 0xcb, 0x5a,
    0x8a, 0x52, 0xec, 0x5a, 0x6d, 0x6b, 0x8e, 0x6b, 0x6d, 0x6b, 0x2d, 0x63,
    0xec, 0x5a, 0xaa, 0x52, 0x8a, 0x52, 0x8a, 0x52, 0x49, 0x4a, 0x08, 0x42,
    0xe8, 0x39, 0xc7, 0x39, 0x08, 0x42, 0x49, 0x4a, 0xcb, 0x5a, 0x0c, 0x63,
    0x0c, 0x63, 0x0c, 0x5b, 0x8e, 0x73, 0xaf, 0x73, 0xaf, 0x73, 0xd0, 0x7b,
    0xf0, 0x7b, 0x10, 0x84, 0x10, 0x84, 0xf0, 0x7b, 0x8e, 0x73, 0xcb, 0x5a,
    0x49, 0x4a, 0x09, 0x42, 0x8a, 0x52, 0xec, 0x5a, 0x0c, 0x63, 0xcb, 0x5a,
    0x69, 0x52, 0xe8, 0x41, 0xe7, 0x39, 0xa7, 0x39, 0x45, 0x29, 0x45, 0x29,
    0x86, 0x31, 0xe8, 0x41, 0x8a, 0x52, 0x49, 0x4a, 0xa7, 0x39, 0x65, 0x29,
    0x86, 0x31, 0x66, 0x31, 0x66, 0x31, 0xc7, 0x39, 0xc7, 0x39, 0xe7, 0x39,
    0xc7, 0x39, 0xa7, 0x31, 0xa6, 0x39, 0xc7, 0x39, 0xe7, 0x39, 0xe8, 0x41,
    0x28, 0x42, 0x49, 0x4a, 0x69, 0x4a, 0x8a, 0x52, 0x8a, 0x52, 0x8a, 0x52,
    0x69, 0x4a, 0x6a, 0x4a, 0x69, 0x4a, 0x6a, 0x4a, 0xaa, 0x52, 0xaa, 0x52,
    0xab, 0x52, 0x8a, 0x52, 0xaa, 0x52, 0x49, 0x4a, 0x6a, 0x4a, 0x6a, 0x4a,
    0x8a, 0x4a, 0x6a, 0x4a, 0x8a, 0x52, 0x8a, 0x52, 0xab, 0x52, 0xaa, 0x52,
    0xaa, 0x52, 0xab, 0x5a, 0xcb, 0x5a, 0xcb, 0x5a, 0xcc, 0x5a, 0xec, 0x5a,
    0xeb, 0x5a, 0xec, 0x5a, 0xeb, 0x5a, 0xec, 0x5a, 0xcb, 0x5a, 0xeb, 0x5a,
    0x0c, 0x63, 0x4e, 0x6b, 0x4d, 0x6b, 0x2d, 0x6b, 0x4d, 0x6b, 0x4d, 0x6b,
    0x2d, 0x63, 0x4d, 0x6b, 0x4d, 0x6b, 0x4e, 0x6b, 0x4d, 0x6b, 0x4d, 0x6b,
    0x6e, 0x6b, 0x8e, 0x73, 0x8e, 0x73, 0xaf, 0x73, 0xcf, 0x73, 0x8e, 0x73,
    0xaf, 0x7b, 0xaf, 0x73, 0xaf, 0x73, 0xcf, 0x73, 0xcf, 0x73, 0xaf, 0x73,
    0xcf, 0x7b, 0xcf, 0x7b, 0xcf, 0x7b, 0xcf, 0x73, 0xcf, 0x7b, 0xcf, 0x7b,
    0xd0, 0x7b, 0xf0, 0x7b, 0xf0, 0x7b, 0x10, 0x84, 0x11, 0x84, 0xf0, 0x7b,
    0xf0, 0x7b, 0x11, 0x84, 0xf0, 0x7b, 0x11, 0x84, 0x31, 0x84, 0x31, 0x84,
    0x31, 0x84, 0x31, 0x84, 0x51, 0x84, 0x51, 0x84, 0x51, 0x84, 0x51, 0x84,
    0x52, 0x84, 0x31, 0x84, 0x31, 0x84, 0x31, 0x84, 0x31, 0x84, 0xa7, 0x31,
    0x29, 0x42, 0x29, 0x42, 0x29, 0x42, 0x29, 0x42, 0x29, 0x42, 0x28, 0x42,
    0x29, 0x42, 0x28, 0x42, 0x08, 0x42, 0x08, 0x42, 0x08, 0x42, 0x28, 0x42,
    0x28, 0x42, 0x08, 0x42, 0x08, 0x42, 0x08, 0x3a, 0xe7, 0x39, 0x08, 0x3a,
    0x28, 0x42, 0x29, 0x4a, 0x29, 0x42, 0x49, 0x4a, 0x49, 0x4a, 0x49, 0x42,
    0x49, 0x4a, 0x49, 0x4a, 0x29, 0x42, 0x08, 0x42, 0xe8, 0x39, 0xc7, 0x39,
    0xe7, 0x39, 0xe7, 0x39, 0xe8, 0x39, 0x08, 0x3a, 0x08, 0x42, 0x28, 0x42,
    0x49, 0x42, 0x49, 0x4a, 0x49, 0x4a, 0x49, 0x4a, 0x6a, 0x4a, 0x6a, 0x4a,
    0x8a, 0x52, 0xcb, 0x5a, 0xcb, 0x5a, 0xcb, 0x52, 0xcb, 0x5a, 0xcb, 0x5a,
    0xab, 0x52, 0x8a, 0x52, 0x6a, 0x4a, 0x49, 0x4a, 0x8a, 0x4a, 0x6a, 0x4a,
    0x8a, 0x52, 0x6a, 0x4a, 0x69, 0x4a, 0x6a, 0x4a, 0x89, 0x4a, 0x89, 0x52,
    0x6a, 0x4a, 0x49, 0x4a, 0x49, 0x4a, 0x49, 0x4a, 0x49, 0x4a, 0x28, 0x42,
    0x08, 0x42, 0x08, 0x3a, 0xe7, 0x39, 0xe7, 0x39, 0xc7, 0x39, 0xa7, 0x39,
    0xa6, 0x31, 0xa6, 0x31, 0x86, 0x31, 0x66, 0x31, 0x86, 0x31, 0x66, 0x31,
    0x86, 0x31, 0xa7, 0x39, 0xc7, 0x39, 0xe7, 0x39, 0xe8, 0x41, 0x08, 0x42,
    0x08, 0x42, 0x08, 0x42, 0x08, 0x42, 0xe8, 0x41, 0xe8, 0x41, 0x08, 0x42,
    0xe7, 0x39, 0xc7, 0x39, 0xc7, 0x39, 0xe7, 0x39, 0xe8, 0x39, 0x08, 0x42,
    0x08, 0x42, 0x08, 0x42, 0xe8, 0x39, 0xc7, 0x39, 0xa6, 0x31, 0x86, 0x31,
    0x86, 0x31, 0xa6, 0x31, 0x86, 0x31, 0x65, 0x29, 0x65, 0x29, 0x45, 0x29,
    0x65, 0x29, 0x65, 0x29, 0x45, 0x29, 0x45, 0x29, 0x45, 0x29, 0x25, 0x21,
    0x24, 0x21, 0x04, 0x21, 0x24, 0x21, 0x04, 0x21, 0xe3, 0x18, 0xc3, 0x18,
    0xe4, 0x20, 0x24, 0x21, 0x25, 0x29, 0x66, 0x31, 0x86, 0x31, 0x86, 0x31,
    0x86, 0x31, 0x86, 0x31, 0xa6, 0x31, 0xa6, 0x31, 0x86, 0x31, 0x45, 0x29,
    0x86, 0x31, 0xa7, 0x39, 0xc7, 0x39, 0x86, 0x31, 0x86, 0x31, 0x86, 0x31,
    0x86, 0x31, 0xa6, 0x31, 0xe7, 0x39, 0x29, 0x42, 0x28, 0x42, 0x28, 0x42,
    0x08, 0x42, 0x29, 0x42, 0x69, 0x4a, 0x69, 0x4a, 0x49, 0x4a, 0x08, 0x42,
    0x29, 0x42, 0x8a, 0x52, 0xab, 0x52, 0xeb, 0x5a, 0x2d, 0x63, 0x0c, 0x63,
    0x4d, 0x6b, 0xaf, 0x73, 0xcf, 0x7b, 0xf0, 0x7b, 0xf0, 0x7b, 0xf0, 0x7b,
    0x8e, 0x73, 0x4e, 0x6b, 0xcf, 0x7b, 0x10, 0x84, 0xae, 0x73, 0xae, 0x73,
    0x6e, 0x6b, 0x4d, 0x6b, 0xec, 0x5a, 0x0c, 0x63, 0x2d, 0x63, 0x4d, 0x6b,
    0x4d, 0x6b, 0x2d, 0x63, 0x2d, 0x63, 0x2d, 0x63, 0x2d, 0x63, 0x2d, 0x63,
    0x2c, 0x63, 0xcb, 0x5a, 0xcb, 0x5a, 0xcc, 0x5a, 0x0c, 0x5b, 0x6e, 0x6b,
    0x6e, 0x6b, 0x8e, 0x6b, 0x8e, 0x73, 0xd0, 0x7b, 0x10, 0x84, 0xf0, 0x7b,
    0xf0, 0x7b, 0xf0, 0x7b, 0xf0, 0x7b, 0x10, 0x7c, 0x10, 0x7c, 0xaf, 0x73,
    0x8e, 0x73, 0x6e, 0x6b, 0x4d, 0x6b, 0x0c, 0x63, 0x0c, 0x63, 0x0c, 0x63,
    0x0c, 0x63, 0x8a, 0x52, 0x29, 0x4a, 0x08, 0x42, 0xe8, 0x41, 0x86, 0x31,
    0x45, 0x29, 0x45, 0x29, 0x45, 0x29, 0x65, 0x29, 0xe8, 0x41, 0x08, 0x42,
    0x66, 0x29, 0x86, 0x31, 0xa7, 0x39, 0x86, 0x31, 0xa6, 0x31, 0xc7, 0x39,
    0xc7, 0x39, 0x08, 0x42, 0xc7, 0x39, 0xa6, 0x31, 0xa7, 0x39, 0xa7, 0x39,
    0xa7, 0x39, 0xc7, 0x39, 0x08, 0x42, 0x49, 0x4a, 0x49, 0x4a, 0x69, 0x4a,
    0x49, 0x4a, 0x49, 0x42, 0x49, 0x4a, 0x8a, 0x52, 0x6a, 0x4a, 0x69, 0x4a,
    0xaa, 0x5a, 0x8a, 0x52, 0xaa, 0x52, 0xab, 0x52, 0xcb, 0x52, 0x8a, 0x52,
    0x8a, 0x52, 0x8a, 0x52, 0x8a, 0x52, 0x8a, 0x52, 0xcb, 0x5a, 0xab, 0x52,
    0xcb, 0x5a, 0xab, 0x5a, 0xcb, 0x5a, 0xcb, 0x5a, 0xab, 0x52, 0xab, 0x52,
    0xaa, 0x52, 0xab, 0x52, 0xcb, 0x5a, 0xcb, 0x5a, 0xec, 0x5a, 0x0c, 0x63,
    0xec, 0x5a, 0x2d, 0x63, 0x4d, 0x6b, 0x4d, 0x6b, 0x2d, 0x63, 0x4d, 0x6b,
    0x6e, 0x6b, 0x4d, 0x6b, 0x4e, 0x6b, 0x6e, 0x6b, 0x6e, 0x6b, 0x4d, 0x63,
    0x4d, 0x6b, 0x8e, 0x73, 0x8e, 0x73, 0x8e, 0x73, 0x8e, 0x73, 0xaf, 0x73,
    0xcf, 0x7b, 0xcf, 0x7b, 0xcf, 0x73, 0xaf, 0x73, 0xcf, 0x7b, 0xaf, 0x73,
    0x8e, 0x73, 0xaf, 0x73, 0xaf, 0x73, 0xcf, 0x7b, 0xef, 0x7b, 0xcf, 0x7b,
    0xcf, 0x7b, 0xcf, 0x7b, 0xef, 0x7b, 0x10, 0x84, 0xf0, 0x7b, 0xf0, 0x7b,
    0xf0, 0x7b, 0xf0, 0x7b, 0xf0, 0x7b, 0x10, 0x84, 0x10, 0x7c, 0x31, 0x84,
    0x31, 0x84, 0x51, 0x84, 0x31, 0x84, 0x31, 0x84, 0x51, 0x84, 0x51, 0x8c,
    0x52, 0x8c, 0x51, 0x8c, 0x51, 0x8c, 0x52, 0x84, 0x51, 0x84, 0x32, 0x84,
    0x32, 0x84, 0xa7, 0x39, 0xe8, 0x39, 0xe8, 0x39, 0x08, 0x42, 0x08, 0x42,
    0xe8, 0x39, 0xe8, 0x41, 0x08, 0x42, 0x08, 0x42, 0x08, 0x3a, 0x08, 0x42,
    0xe8, 0x39, 0x08, 0x3a, 0x08, 0x42, 0xe8, 0x41, 0xe7, 0x39, 0xc7, 0x39,
    0xc7, 0x39, 0xe8, 0x39, 0x08, 0x42, 0x28, 0x42, 0x29, 0x42, 0x29, 0x42,
    0x29, 0x42, 0x29, 0x42, 0x09, 0x42, 0x28, 0x42, 0x08, 0x42, 0x08, 0x42,
    0x28, 0x42, 0x08, 0x3a, 0xe8, 0x39, 0xe7, 0x39, 0xc7, 0x39, 0xe7, 0x39,
    0x08, 0x42, 0x08, 0x42, 0x08, 0x42, 0xe7, 0x39, 0xa7, 0x31, 0xc7, 0x31,
    0xc7, 0x39, 0x28, 0x42, 0x49, 0x4a, 0x6a, 0x4a, 0x6a, 0x4a, 0x6a, 0x4a,
    0x8a, 0x52, 0x8b, 0x52, 0xab, 0x52, 0xaa, 0x52, 0x8a, 0x52, 0x29, 0x4a,
    0x28, 0x42, 0x49, 0x4a, 0x49, 0x4a, 0x49, 0x4a, 0x49, 0x4a, 0x49, 0x4a,
    0x49, 0x4a, 0x69, 0x4a, 0x49, 0x4a, 0x48, 0x42, 0x28, 0x42, 0x08, 0x42,
    0x08, 0x42, 0x08, 0x42, 0xe8, 0x41, 0xe7, 0x39, 0xe7, 0x39, 0xc7, 0x39,
    0xa7, 0x39, 0xa6, 0x31, 0xa6, 0x31, 0x86, 0x31, 0xc7, 0x39, 0xc7, 0x39,
    0xe8, 0x39, 0x08, 0x42, 0x08, 0x42, 0x08, 0x42, 0x29, 0x42, 0x49, 0x4a,
    0x6a, 0x52, 0x6a, 0x4a, 0x49, 0x4a, 0x29, 0x4a, 0x28, 0x42, 0x08, 0x42,
    0x08, 0x42, 0x08, 0x42, 0xe8, 0x39, 0xe7, 0x39, 0xe8, 0x39, 0xe8, 0x39,
    0xe7, 0x39, 0xe7, 0x39, 0xe8, 0x39, 0xc7, 0x39, 0xc7, 0x39, 0xa6, 0x31,
    0x86, 0x31, 0x66, 0x29, 0x86, 0x31, 0x66, 0x31, 0x45, 0x29, 0x45, 0x29,
    0x45, 0x29, 0x45, 0x29, 0x65, 0x29, 0x45, 0x29, 0x25, 0x29, 0x45, 0x29,
    0x45, 0x29, 0x24, 0x21, 0x24, 0x29, 0x04, 0x21, 0x25, 0x29, 0x04, 0x21,
    0xc3, 0x18, 0xe3, 0x18, 0xe4, 0x20, 0x04, 0x21, 0x24, 0x21, 0x65, 0x29,
    0x45, 0x29, 0x45, 0x29, 0x65, 0x29, 0x86, 0x31, 0x86, 0x31, 0x86, 0x31,
    0x66, 0x31, 0x45, 0x29, 0x65, 0x29, 0x86, 0x31, 0xc7, 0x39, 0x86, 0x31,
    0x66, 0x31, 0x86, 0x31, 0x66, 0x31, 0x86, 0x31, 0xc7, 0x39, 0xe8, 0x41,
    0x28, 0x42, 0x08, 0x42, 0x28, 0x42, 0x49, 0x4a, 0x69, 0x4a, 0x6a, 0x4a,
    0x8a, 0x52, 0x49, 0x4a, 0x6a, 0x4a, 0xab, 0x52, 0xec, 0x5a, 0x4d, 0x6b,
    0x4d, 0x6b, 0x6e, 0x6b, 0x8e, 0x73, 0xef, 0x7b, 0xcf, 0x7b, 0xf0, 0x7b,
    0x10, 0x84, 0xf0, 0x7b, 0xcf, 0x7b, 0x8e, 0x73, 0xcf, 0x7b, 0xf0, 0x7b,
    0xcf, 0x7b, 0xaf, 0x73, 0x8e, 0x73, 0x8e, 0x73, 0x6e, 0x6b, 0x2d, 0x63,
    0x0c, 0x63, 0x2d, 0x63, 0x4d, 0x6b, 0x2d, 0x6b, 0x0c, 0x63, 0x0c, 0x63,
    0x4d, 0x6b, 0x8e, 0x73, 0xaf, 0x73, 0xaf, 0x73, 0xaf, 0x73, 0xaf, 0x73,
    0xaf, 0x73, 0x6d, 0x6b, 0x2d, 0x63, 0xaf, 0x73, 0x10, 0x7c, 0x10, 0x84,
    0xf0, 0x7b, 0xef, 0x7b, 0xf0, 0x7b, 0xcf, 0x7b, 0xaf, 0x73, 0xcf, 0x73,
    0xcf, 0x7b, 0x6e, 0x6b, 0x8e, 0x73, 0xae, 0x73, 0xaf, 0x73, 0xaf, 0x73,
    0x8e, 0x73, 0x2d, 0x63, 0xeb, 0x5a, 0xab, 0x52, 0x6a, 0x4a, 0x49, 0x4a,
    0xe7, 0x41, 0x86, 0x31, 0x65, 0x29, 0x45, 0x29, 0x24, 0x21, 0x45, 0x29,
    0xc7, 0x39, 0xc7, 0x39, 0xa6, 0x31, 0xe7, 0x41, 0xc7, 0x39, 0xc7, 0x39,
    0xe7, 0x39, 0x08, 0x42, 0x08, 0x42, 0x29, 0x4a, 0x28, 0x42, 0x08, 0x42,
    0xe7, 0x39, 0xe7, 0x39, 0xe8, 0x41, 0x08, 0x42, 0x08, 0x42, 0x28, 0x42,
    0x28, 0x42, 0x49, 0x4a, 0x69, 0x4a, 0x69, 0x4a, 0x8a, 0x52, 0xaa, 0x52,
    0xaa, 0x52, 0x8a, 0x52, 0xcb, 0x5a, 0xaa, 0x52, 0xab, 0x52, 0xcb, 0x5a,
    0xaa, 0x52, 0xaa, 0x52, 0xcb, 0x52, 0xaa, 0x52, 0xaa, 0x52, 0xab, 0x52,
    0xab, 0x52, 0xaa, 0x52, 0xab, 0x52, 0xcb, 0x5a, 0xcb, 0x52, 0xab, 0x52,
    0xab, 0x52, 0x6a, 0x4a, 0x6a, 0x4a, 0x8a, 0x52, 0xab, 0x52, 0xec, 0x62,
    0x2d, 0x63, 0x0c, 0x63, 0x2c, 0x63, 0x2d, 0x63, 0x2d, 0x63, 0x2d, 0x63,
    0x4d, 0x63, 0x4d, 0x6b, 0x4e, 0x6b, 0x6d, 0x6b, 0x6e, 0x6b, 0x8e, 0x6b,
    0x6d, 0x6b, 0x4d, 0x6b, 0x6e, 0x6b, 0x8e, 0x73, 0x8e, 0x6b, 0x8e, 0x6b,
    0xaf, 0x73, 0xaf, 0x73, 0xcf, 0x7b, 0xcf, 0x7b, 0xcf, 0x7b, 0xcf, 0x7b,
    0xef, 0x7b, 0xcf, 0x7b, 0xcf, 0x7b, 0xcf, 0x7b, 0xcf, 0x7b, 0xf0, 0x7b,
    0xaf, 0x73, 0xaf, 0x73, 0xd0, 0x7b, 0xf0, 0x7b, 0xf0, 0x7b, 0xf0, 0x7b,
    0xf0, 0x83, 0xf0, 0x7b, 0xef, 0x7b, 0xf0, 0x7b, 0xf0, 0x83, 0x10, 0x84,
    0x11, 0x84, 0x31, 0x84, 0x31, 0x84, 0x31, 0x84, 0x51, 0x84, 0x51, 0x84,
    0x52, 0x8c, 0x52, 0x8c, 0x52, 0x84, 0x52, 0x8c, 0x52, 0x84, 0x52, 0x84,
    0x52, 0x84, 0x32, 0x84, 0x52, 0x84, 0xa7, 0x39, 0xc7, 0x39, 0xc7, 0x39,
    0xc7, 0x39, 0xc7, 0x39, 0xc7, 0x31, 0xc7, 0x39, 0xc7, 0x39, 0xe8, 0x39,
    0xe8, 0x39, 0xc7, 0x39, 0xc7, 0x39, 0xa7, 0x31, 0xc7, 0x39, 0xc7, 0x39,
    0xc7, 0x39, 0xe8, 0x39, 0x08, 0x42, 0x08, 0x42, 0x08, 0x42, 0x09, 0x42,
    0x28, 0x42, 0x08, 0x42, 0x08, 0x42, 0xe8, 0x39, 0xc7, 0x39, 0xc7, 0x39,
    0xc7, 0x39, 0xc7, 0x31, 0xc7, 0x39, 0xc7, 0x39, 0xc7, 0x31, 0xa6, 0x39,
    0xc7, 0x39, 0xe7, 0x39, 0xc7, 0x39, 0xc7, 0x39, 0xa7, 0x31, 0x86, 0x31,
    0x65, 0x29, 0x66, 0x29, 0xe7, 0x39, 0x28, 0x42, 0x49, 0x42, 0x6a, 0x4a,
    0x49, 0x4a, 0x49, 0x4a, 0x8a, 0x52, 0x8a, 0x52, 0xaa, 0x52, 0x8a, 0x52,
    0x69, 0x4a, 0x28, 0x42, 0x08, 0x42, 0x28, 0x42, 0x28, 0x42, 0x08, 0x42,
    0x08, 0x42, 0x08, 0x42, 0x28, 0x42, 0x29, 0x4a, 0x28, 0x42, 0x08, 0x42,
    0x08, 0x42, 0x08, 0x42, 0x08, 0x42, 0xe8, 0x41, 0xe7, 0x39, 0xc7, 0x39,
    0xa7, 0x39, 0xa7, 0x39, 0x86, 0x31, 0x86, 0x31, 0xe8, 0x41, 0x29, 0x4a,
    0x29, 0x4a, 0x49, 0x4a, 0x29, 0x42, 0x08, 0x42, 0x08, 0x42, 0x29, 0x42,
    0x49, 0x4a, 0x8a, 0x52, 0x6a, 0x52, 0x49, 0x4a, 0x29, 0x42, 0x29, 0x42,
    0x08, 0x42, 0xe8, 0x39, 0xe8, 0x39, 0xe7, 0x39, 0xc7, 0x39, 0xc7, 0x39,
    0xe7, 0x39, 0xc7, 0x39, 0xc7, 0x39, 0xa7, 0x31, 0xc7, 0x39, 0xa6, 0x31,
    0xa6, 0x31, 0x86, 0x31, 0x65, 0x29, 0x45, 0x29, 0x86, 0x31, 0x66, 0x31,
    0x45, 0x29, 0x45, 0x29, 0x25, 0x29, 0x45, 0x29, 0x25, 0x29, 0x25, 0x29,
    0x25, 0x29, 0x24, 0x21, 0x24, 0x21, 0x25, 0x29, 0x24, 0x21, 0x04, 0x21,
    0x04, 0x21, 0x04, 0x21, 0xc3, 0x18, 0xe3, 0x18, 0xe3, 0x18, 0xe4, 0x20,
    0x04, 0x21, 0x25, 0x29, 0x24, 0x21, 0x25, 0x29, 0x45, 0x29, 0x65, 0x29,
    0x45, 0x29, 0x45, 0x29, 0x45, 0x29, 0x66, 0x31, 0x86, 0x31, 0x86, 0x31,
    0xa6, 0x31, 0x66, 0x31, 0x45, 0x29, 0x66, 0x31, 0x86, 0x31, 0xa6, 0x31,
    0xa7, 0x39, 0xc7, 0x39, 0xc7, 0x39, 0x08, 0x42, 0x08, 0x42, 0x08, 0x42,
    0x49, 0x4a, 0x49, 0x4a, 0x6a, 0x4a, 0x8a, 0x52, 0x8a, 0x52, 0x8a, 0x52,
    0xab, 0x52, 0x6d, 0x6b, 0x8e, 0x73, 0xcf, 0x7b, 0xcf, 0x7b, 0x10, 0x7c,
    0xcf, 0x7b, 0xcf, 0x7b, 0x10, 0x84, 0x10, 0x84, 0x10, 0x84, 0x10, 0x7c,
    0xf0, 0x7b, 0xcf, 0x7b, 0xaf, 0x73, 0xaf, 0x7b, 0x8e, 0x73, 0x6e, 0x6b,
    0xae, 0x73, 0x8e, 0x73, 0x2d, 0x63, 0x4d, 0x6b, 0x2d, 0x63, 0x4d, 0x6b,
    0x6e, 0x6b, 0xae, 0x73, 0xcf, 0x7b, 0x10, 0x84, 0xf0, 0x7b, 0xf0, 0x7b,
    0x10, 0x84, 0xcf, 0x7b, 0xaf, 0x73, 0x8e, 0x73, 0xaf, 0x7b, 0x31, 0x84,
    0x31, 0x84, 0xf0, 0x7b, 0xef, 0x7b, 0xcf, 0x7b, 0x8e, 0x73, 0x4e, 0x6b,
    0x4e, 0x6b, 0x6e, 0x6b, 0x8e, 0x73, 0x6e, 0x6b, 0x8e, 0x73, 0xaf, 0x73,
    0xd0, 0x7b, 0xcf, 0x7b, 0xf0, 0x7b, 0x8e, 0x73, 0xcb, 0x5a, 0xaa, 0x52,
    0xab, 0x5a, 0x69, 0x4a, 0xe7, 0x39, 0x86, 0x31, 0xa6, 0x31, 0xa6, 0x31,
    0x86, 0x31, 0xa6, 0x31, 0x08, 0x42, 0xe8, 0x41, 0xc7, 0x39, 0xc7, 0x39,
    0xa7, 0x39, 0xc7, 0x39, 0xe7, 0x39, 0x08, 0x42, 0x08, 0x42, 0x28, 0x42,
    0x08, 0x42, 0xe8, 0x41, 0xc7, 0x39, 0xe7, 0x39, 0xe7, 0x39, 0xe8, 0x41,
    0x28, 0x42, 0x29, 0x4a, 0x49, 0x4a, 0x49, 0x4a, 0x8a, 0x52, 0x8a, 0x52,
    0xab, 0x52, 0xcb, 0x5a, 0xab, 0x52, 0xcb, 0x5a, 0xcb, 0x5a, 0xab, 0x52,
    0xaa, 0x52, 0x8a, 0x52, 0x49, 0x4a, 0x69, 0x4a, 0x8a, 0x52, 0x8a, 0x52,
    0xaa, 0x52, 0xcb, 0x5a, 0xcb, 0x5a, 0xcb, 0x5a, 0xab, 0x52, 0xab, 0x52,
    0xab, 0x52, 0xab, 0x52, 0xab, 0x5a, 0xaa, 0x52, 0xaa, 0x52, 0xec, 0x5a,
    0x0c, 0x63, 0x4d, 0x6b, 0x2d, 0x63, 0x4d, 0x6b, 0x4d, 0x6b, 0x2d, 0x63,
    0x2d, 0x6b, 0x4d, 0x6b, 0x2d, 0x63, 0x2d, 0x63, 0x4d, 0x6b, 0x4d, 0x6b,
    0x6d, 0x6b, 0x6e, 0x6b, 0x6e, 0x73, 0x6e, 0x6b, 0x6e, 0x6b, 0x8e, 0x73,
    0x6e, 0x6b, 0x6e, 0x73, 0x8e, 0x73, 0xaf, 0x73, 0xaf, 0x73, 0xcf, 0x7b,
    0xcf, 0x7b, 0xcf, 0x7b, 0xcf, 0x7b, 0xcf, 0x7b, 0xcf, 0x7b, 0xf0, 0x7b,
    0xcf, 0x7b, 0xcf, 0x7b, 0xcf, 0x7b, 0xcf, 0x7b, 0xf0, 0x7b, 0xef, 0x7b,
    0xf0, 0x7b, 0xf0, 0x7b, 0xf0, 0x83, 0xf0, 0x83, 0x10, 0x84, 0xf0, 0x83,
    0xf0, 0x7b, 0x10, 0x7c, 0x31, 0x84, 0x31, 0x84, 0x31, 0x84, 0x51, 0x84,
    0x31, 0x84, 0x51, 0x8c, 0x72, 0x8c, 0x72, 0x8c, 0x71, 0x8c, 0x51, 0x84,
    0x52, 0x8c, 0x52, 0x8c, 0x32, 0x84, 0x31, 0x84, 0x32, 0x84, 0xc7, 0x39,
    0xc7, 0x39, 0xa7, 0x31, 0xa6, 0x31, 0x86, 0x31, 0x86, 0x31, 0xc7, 0x31,
    0xc7, 0x39, 0xc7, 0x39, 0xa7, 0x31, 0xa7, 0x31, 0xa7, 0x39, 0xe8, 0x39,
    0xe8, 0x39, 0x08, 0x42, 0x49, 0x4a, 0x6a, 0x4a, 0x49, 0x4a, 0x49, 0x42,
    0x08, 0x42, 0xe8, 0x39, 0xe8, 0x39, 0xa7, 0x31, 0xa6, 0x31, 0x87, 0x31,
    0xc7, 0x31, 0xa6, 0x31, 0xc7, 0x31, 0xa6, 0x31, 0xa6, 0x31, 0x86, 0x31,
    0x86, 0x31, 0x86, 0x29, 0x86, 0x31, 0x65, 0x29, 0x45, 0x29, 0x65, 0x29,
    0x86, 0x31, 0x65, 0x29, 0x65, 0x29, 0xa7, 0x31, 0x28, 0x42, 0x49, 0x4a,
    0x49, 0x4a, 0x49, 0x4a, 0x49, 0x4a, 0x6a, 0x4a, 0x6a, 0x4a, 0x6a, 0x4a,
    0x49, 0x4a, 0x49, 0x4a, 0x29, 0x42, 0x29, 0x42, 0x28, 0x42, 0x28, 0x42,
    0x08, 0x42, 0xe8, 0x39, 0xe8, 0x41, 0x08, 0x42, 0xe7, 0x39, 0xe8, 0x41,
    0x08, 0x42, 0xe8, 0x41, 0xe8, 0x41, 0xe8, 0x41, 0xe7, 0x39, 0xc7, 0x39,
    0xc7, 0x39, 0xa7, 0x39, 0xa6, 0x31, 0xa7, 0x39, 0xe7, 0x39, 0x08, 0x42,
    0x29, 0x4a, 0x69, 0x4a, 0x49, 0x42, 0x08, 0x42, 0xe8, 0x39, 0xe8, 0x39,
    0x29, 0x42, 0x49, 0x4a, 0x6a, 0x4a, 0x6a, 0x4a, 0x08, 0x42, 0x29, 0x42,
    0x29, 0x42, 0x08, 0x42, 0xc7, 0x39, 0xa7, 0x31, 0xa7, 0x31, 0xa7, 0x31,
    0xa7, 0x39, 0xc7, 0x31, 0xc7, 0x39, 0xc7, 0x39, 0xc7, 0x31, 0xa6, 0x31,
    0xa6, 0x31, 0xa6, 0x31, 0x86, 0x31, 0x86, 0x31, 0x45, 0x29, 0x65, 0x31,
    0x86, 0x31, 0x65, 0x29, 0x25, 0x29, 0x25, 0x29, 0x24, 0x21, 0x25, 0x29,
    0x24, 0x21, 0x24, 0x21, 0x24, 0x21, 0x24, 0x21, 0x04, 0x21, 0x04, 0x21,
    0x04, 0x21, 0x04, 0x21, 0x04, 0x21, 0xe3, 0x20, 0xc3, 0x18, 0xe3, 0x18,
    0xe4, 0x20, 0x04, 0x21, 0x04, 0x21, 0x24, 0x29, 0x04, 0x21, 0x04, 0x21,
    0x25, 0x29, 0x25, 0x29, 0x04, 0x21, 0x04, 0x21, 0x24, 0x21, 0x45, 0x29,
    0x45, 0x29, 0x65, 0x29, 0x86, 0x31, 0x86, 0x31, 0x45, 0x29, 0x86, 0x31,
    0xa6, 0x31, 0xa6, 0x31, 0xa6, 0x39, 0xc7, 0x39, 0xa6, 0x31, 0xc7, 0x39,
    0xe7, 0x39, 0x08, 0x42, 0x29, 0x42, 0x69, 0x4a, 0xaa, 0x52, 0xab, 0x52,
    0xcb, 0x5a, 0xab, 0x52, 0xcb, 0x5a, 0x2d, 0x63, 0x2d, 0x63, 0xaf, 0x73,
    0xcf, 0x7b, 0xd0, 0x7b, 0xcf, 0x73, 0xaf, 0x73, 0xf0, 0x7b, 0xf0, 0x7b,
    0x10, 0x84, 0x11, 0x84, 0x11, 0x84, 0xaf, 0x7b, 0x8e, 0x73, 0xaf, 0x73,
    0xcf, 0x73, 0xaf, 0x73, 0xf0, 0x7b, 0xaf, 0x73, 0x6e, 0x73, 0x6e, 0x6b,
    0x4d, 0x6b, 0x4d, 0x6b, 0x8e, 0x73, 0x10, 0x7c, 0x11, 0x84, 0x10, 0x84,
    0xf0, 0x7b, 0xf0, 0x7b, 0xef, 0x7b, 0xcf, 0x7b, 0x10, 0x84, 0x51, 0x8c,
    0x51, 0x8c, 0x51, 0x8c, 0x10, 0x84, 0xef, 0x7b, 0xf0, 0x7b, 0xcf, 0x7b,
    0x6e, 0x6b, 0x2d, 0x6b, 0x6e, 0x6b, 0x8e, 0x73, 0x6e, 0x6b, 0x4d, 0x6b,
    0x4d, 0x6b, 0x6e, 0x6b, 0x8e, 0x73, 0xcf, 0x7b, 0xcf, 0x7b, 0xcf, 0x73,
    0x4d, 0x6b, 0x0c, 0x63, 0x0c, 0x63, 0x8a, 0x52, 0x08, 0x42, 0xc7, 0x39,
    0xa7, 0x31, 0x86, 0x31, 0x86, 0x31, 0xc7, 0x39, 0xc7, 0x39, 0xa7, 0x39,
    0x86, 0x31, 0x25, 0x21, 0x65, 0x29, 0x86, 0x31, 0xc7, 0x39, 0x08, 0x42,
    0xe8, 0x41, 0x08, 0x42, 0x08, 0x42, 0xc7, 0x39, 0xc7, 0x39, 0xe8, 0x41,
    0xe7, 0x39, 0x08, 0x42, 0x08, 0x42, 0x08, 0x42, 0x08, 0x42, 0x29, 0x4a,
    0x6a, 0x4a, 0x8a, 0x52, 0xaa, 0x52, 0x8a, 0x52, 0xcb, 0x5a, 0x8a, 0x52,
    0x8a, 0x52, 0x6a, 0x4a, 0x8a, 0x52, 0x69, 0x4a, 0x28, 0x42, 0x08, 0x42,
    0x28, 0x42, 0x49, 0x4a, 0x8a, 0x52, 0xab, 0x52, 0xab, 0x5a, 0xcb, 0x5a,
    0xcb, 0x5a, 0xcb, 0x5a, 0xeb, 0x5a, 0xec, 0x5a, 0xeb, 0x5a, 0xec, 0x62,
    0x0c, 0x63, 0x2d, 0x6b, 0x4d, 0x6b, 0x2d, 0x63, 0x2d, 0x63, 0x2d, 0x6b,
    0x2d, 0x63, 0x2c, 0x63, 0x2d, 0x6b, 0x2c, 0x63, 0x2c, 0x63, 0x2d, 0x63,
    0x4d, 0x6b, 0x4d, 0x63, 0x4d, 0x6b, 0x4d, 0x6b, 0x6e, 0x6b, 0x6e, 0x6b,
    0x6e, 0x73, 0x6e, 0x73, 0x8e, 0x73, 0x8e, 0x73, 0x8e, 0x73, 0xae, 0x73,
    0xaf, 0x73, 0xcf, 0x7b, 0xef, 0x7b, 0xcf, 0x7b, 0xd0, 0x7b, 0xef, 0x7b,
    0xcf, 0x7b, 0xd0, 0x7b, 0xcf, 0x7b, 0xcf, 0x7b, 0xcf, 0x73, 0xcf, 0x7b,
    0xcf, 0x7b, 0xf0, 0x7b, 0xef, 0x7b, 0xf0, 0x7b, 0xf0, 0x7b, 0x10, 0x7c,
    0x10, 0x84, 0xf0, 0x7b, 0x10, 0x84, 0x11, 0x84, 0x10, 0x84, 0x31, 0x84,
    0x31, 0x84, 0x31, 0x84, 0x31, 0x84, 0x31, 0x84, 0x51, 0x84, 0x51, 0x84,
    0x51, 0x84, 0x31, 0x84, 0x51, 0x84, 0x31, 0x84, 0x31, 0x84, 0x31, 0x84,
    0x31, 0x84, 0xa7, 0x31, 0xa7, 0x31, 0xa7, 0x31, 0xa7, 0x31, 0xa7, 0x31,
    0xa7, 0x31, 0xc7, 0x39, 0xc7, 0x39, 0xc7, 0x39, 0xc8, 0x39, 0xe8, 0x39,
    0x08, 0x42, 0x08, 0x42, 0x29, 0x42, 0x6a, 0x4a, 0x6a, 0x4a, 0x6a, 0x4a,
    0x29, 0x42, 0x08, 0x42, 0xe7, 0x39, 0xa7, 0x39, 0xa7, 0x31, 0xc7, 0x39,
    0xe7, 0x39, 0xc7, 0x39, 0xc7, 0x39, 0xc7, 0x39, 0xc7, 0x39, 0xc7, 0x39,
    0xa6, 0x31, 0x86, 0x29, 0x45, 0x29, 0x24, 0x21, 0x24, 0x21, 0x25, 0x21,
    0x04, 0x21, 0x24, 0x21, 0x45, 0x29, 0x65, 0x29, 0x86, 0x31, 0x49, 0x4a,
    0xaa, 0x52, 0x6a, 0x4a, 0x49, 0x4a, 0x28, 0x42, 0x29, 0x42, 0x28, 0x42,
    0x49, 0x42, 0x69, 0x4a, 0x49, 0x4a, 0x29, 0x42, 0x28, 0x42, 0x28, 0x42,
    0x28, 0x42, 0x08, 0x42, 0x08, 0x42, 0x08, 0x42, 0xe7, 0x41, 0xe7, 0x39,
    0xa7, 0x39, 0xc7, 0x39, 0xc7, 0x39, 0xc7, 0x39, 0xc7, 0x39, 0xc7, 0x39,
    0xc7, 0x39, 0xc7, 0x39, 0xa7, 0x39, 0xc7, 0x39, 0xe8, 0x41, 0x28, 0x42,
    0x49, 0x4a, 0x69, 0x4a, 0x49, 0x4a, 0x28, 0x42, 0xe8, 0x41, 0x08, 0x42,
    0x28, 0x42, 0x49, 0x4a, 0x49, 0x4a, 0x49, 0x4a, 0x08, 0x42, 0xe7, 0x39,
    0xe8, 0x39, 0xe7, 0x39, 0xe7, 0x39, 0xc7, 0x39, 0xa6, 0x31, 0x86, 0x31,
    0x86, 0x31, 0xa6, 0x31, 0xa6, 0x31, 0x87, 0x31, 0x86, 0x31, 0x66, 0x29,
    0x86, 0x31, 0xa6, 0x31, 0xa6, 0x31, 0x86, 0x31, 0x86, 0x31, 0x65, 0x29,
    0x45, 0x29, 0x45, 0x29, 0x66, 0x31, 0x45, 0x29, 0x24, 0x21, 0x25, 0x29,
    0x24, 0x21, 0x24, 0x21, 0x24, 0x21, 0x24, 0x21, 0x04, 0x21, 0x04, 0x21,
    0x04, 0x21, 0xe4, 0x20, 0xe4, 0x20, 0xe4, 0x20, 0x04, 0x21, 0xe3, 0x18,
    0xc3, 0x18, 0xe3, 0x18, 0xe3, 0x20, 0x03, 0x21, 0xe4, 0x18, 0x04, 0x21,
    0x04, 0x21, 0xe4, 0x20, 0x04, 0x21, 0x04, 0x21, 0x04, 0x21, 0xe4, 0x20,
    0x25, 0x29, 0x24, 0x21, 0x25, 0x21, 0x25, 0x29, 0x25, 0x29, 0x86, 0x31,
    0x65, 0x29, 0x66, 0x31, 0x86, 0x31, 0x86, 0x31, 0xa6, 0x31, 0xa7, 0x31,
    0xa7, 0x39, 0xc7, 0x39, 0xc7, 0x39, 0xe7, 0x39, 0x08, 0x42, 0x29, 0x4a,
    0x8a, 0x52, 0xab, 0x52, 0xaa, 0x52, 0x8a, 0x52, 0xcb, 0x5a, 0xcb, 0x5a,
    0xec, 0x5a, 0x4d, 0x6b, 0x8e, 0x73, 0xcf, 0x7b, 0xaf, 0x7b, 0x8e, 0x73,
    0xaf, 0x73, 0xaf, 0x73, 0xf0, 0x7b, 0x10, 0x84, 0x10, 0x84, 0xaf, 0x73,
    0x8e, 0x73, 0x8e, 0x73, 0x8e, 0x73, 0xcf, 0x7b, 0xf0, 0x7b, 0xae, 0x73,
    0x8e, 0x73, 0x6e, 0x6b, 0x4d, 0x6b, 0x8e, 0x73, 0x10, 0x7c, 0x31, 0x84,
    0x31, 0x84, 0x10, 0x84, 0xf0, 0x7b, 0x10, 0x84, 0x10, 0x84, 0xef, 0x7b,
    0x11, 0x84, 0x72, 0x8c, 0x51, 0x8c, 0x31, 0x84, 0x10, 0x84, 0xf0, 0x83,
    0xf0, 0x7b, 0xaf, 0x73, 0x4d, 0x6b, 0x8e, 0x73, 0xf0, 0x7b, 0xaf, 0x73,
    0x2d, 0x63, 0x4d, 0x6b, 0x4d, 0x6b, 0x8e, 0x6b, 0x6e, 0x6b, 0x8e, 0x73,
    0x8e, 0x73, 0x8e, 0x73, 0xaf, 0x73, 0x8e, 0x6b, 0x2d, 0x63, 0x8a, 0x52,
    0x29, 0x4a, 0xe8, 0x41, 0xc7, 0x39, 0xa6, 0x39, 0x86, 0x31, 0x66, 0x31,
    0x65, 0x29, 0x45, 0x29, 0x24, 0x21, 0x24, 0x21, 0x25, 0x29, 0x66, 0x31,
    0xa6, 0x39, 0xc7, 0x39, 0xe7, 0x39, 0xe8, 0x41, 0x08, 0x42, 0xe8, 0x39,
    0xc7, 0x39, 0xa7, 0x39, 0xc7, 0x39, 0x08, 0x42, 0x08, 0x42, 0xe7, 0x39,
    0xc7, 0x39, 0xe7, 0x39, 0x29, 0x4a, 0x8a, 0x52, 0x8a, 0x52, 0x8a, 0x52,
    0xaa, 0x52, 0x49, 0x4a, 0x69, 0x4a, 0x28, 0x42, 0x69, 0x4a, 0x49, 0x4a,
    0x49, 0x4a, 0x49, 0x4a, 0x29, 0x4a, 0x6a, 0x4a, 0x8a, 0x52, 0x8a, 0x52,
    0x8a, 0x4a, 0x8a, 0x52, 0xab, 0x52, 0xcb, 0x52, 0xcb, 0x5a, 0xcb, 0x5a,
    0xcb, 0x5a, 0xcb, 0x5a, 0xcb, 0x5a, 0xeb, 0x5a, 0xcb, 0x52, 0xcb, 0x52,
    0xab, 0x52, 0xcb, 0x5a, 0xec, 0x5a, 0x0c, 0x63, 0x0c, 0x5b, 0x0c, 0x63,
    0x0c, 0x63, 0x0c, 0x63, 0x2d, 0x63, 0x2d, 0x63, 0x2d, 0x63, 0x2d, 0x6b,
    0x6d, 0x6b, 0x6d, 0x6b, 0x6e, 0x6b, 0x6e, 0x6b, 0x8e, 0x6b, 0x8e, 0x6b,
    0x8e, 0x73, 0xaf, 0x73, 0xaf, 0x73, 0xcf, 0x7b, 0xd0, 0x7b, 0xcf, 0x73,
    0xd0, 0x7b, 0xf0, 0x7b, 0xef, 0x7b, 0xcf, 0x7b, 0xcf, 0x7b, 0xf0, 0x7b,
    0xcf, 0x7b, 0xcf, 0x7b, 0xcf, 0x7b, 0xf0, 0x7b, 0xef, 0x7b, 0xef, 0x7b,
    0xf0, 0x7b, 0xf0, 0x7b, 0x10, 0x84, 0xf0, 0x7b, 0x11, 0x84, 0x10, 0x84,
    0x10, 0x7c, 0x11, 0x84, 0x10, 0x84, 0x31, 0x84, 0x31, 0x84, 0x31, 0x84,
    0x31, 0x84, 0x31, 0x84, 0x31, 0x84, 0x31, 0x84, 0x31, 0x84, 0x31, 0x84,
    0x31, 0x84, 0x10, 0x84, 0x10, 0x84, 0xe8, 0x39, 0x86, 0x31, 0xa6, 0x31,
    0xa7, 0x31, 0xa7, 0x31, 0xa7, 0x31, 0xc7, 0x39, 0xc8, 0x39, 0x08, 0x42,
    0x29, 0x42, 0x28, 0x42, 0x29, 0x42, 0x49, 0x4a, 0x49, 0x4a, 0x49, 0x4a,
    0x6a, 0x4a, 0x49, 0x4a, 0x09, 0x42, 0x08, 0x42, 0x08, 0x42, 0x08, 0x3a,
    0xc8, 0x39, 0xe8, 0x39, 0xe8, 0x41, 0xc7, 0x39, 0xe8, 0x39, 0xc7, 0x39,
    0xc7, 0x39, 0xa6, 0x31, 0x86, 0x31, 0x66, 0x29, 0x65, 0x29, 0x24, 0x21,
    0xe4, 0x20, 0xe4, 0x18, 0x04, 0x21, 0x45, 0x29, 0x66, 0x29, 0x86, 0x31,
    0xe7, 0x39, 0x69, 0x4a, 0xab, 0x5a, 0x8a, 0x52, 0x49, 0x42, 0x08, 0x42,
    0xc7, 0x39, 0xc7, 0x39, 0xe7, 0x39, 0x28, 0x42, 0x29, 0x42, 0x49, 0x4a,
    0x28, 0x42, 0x28, 0x42, 0x08, 0x42, 0xe8, 0x41, 0x08, 0x3a, 0x08, 0x42,
    0xe7, 0x39, 0xc7, 0x39, 0xa7, 0x31, 0x66, 0x31, 0x65, 0x31, 0x86, 0x31,
    0x86, 0x31, 0x86, 0x31, 0xc7, 0x39, 0x08, 0x42, 0x28, 0x42, 0x29, 0x42,
    0x49, 0x4a, 0x49, 0x4a, 0x8a, 0x52, 0x49, 0x4a, 0x08, 0x42, 0xe8, 0x41,
    0x08, 0x42, 0x49, 0x4a, 0x49, 0x4a, 0x49, 0x4a, 0x49, 0x42, 0xe8, 0x39,
    0xc7, 0x39, 0xa6, 0x31, 0xa6, 0x31, 0xa7, 0x31, 0xa7, 0x31, 0xa6, 0x31,
    0x86, 0x31, 0x66, 0x29, 0x86, 0x29, 0x86, 0x31, 0x86, 0x31, 0x85, 0x29,
    0x86, 0x31, 0x65, 0x29, 0x86, 0x31, 0xa6, 0x31, 0xa7, 0x31, 0x86, 0x31,
    0x66, 0x29, 0x45, 0x29, 0x45, 0x29, 0x65, 0x29, 0x66, 0x29, 0x04, 0x21,
    0x24, 0x21, 0x25, 0x29, 0x24, 0x21, 0x04, 0x21, 0x05, 0x29, 0x04, 0x21,
    0x04, 0x21, 0xe4, 0x20, 0xe4, 0x20, 0xe3, 0x18, 0xc3, 0x18, 0xc3, 0x18,
    0xc3, 0x18, 0xc2, 0x18, 0xc3, 0x18, 0xc3, 0x18, 0xe3, 0x18, 0xe3, 0x20,
    0x03, 0x21, 0x04, 0x21, 0x04, 0x21, 0x04, 0x21, 0x04, 0x21, 0x04, 0x21,
    0xe3, 0x18, 0x04, 0x21, 0x04, 0x21, 0xe4, 0x20, 0x04, 0x21, 0x24, 0x21,
    0x04, 0x21, 0x45, 0x29, 0x65, 0x29, 0x65, 0x29, 0x66, 0x31, 0x66, 0x31,
    0xa6, 0x31, 0x66, 0x31, 0xa6, 0x39, 0xc7, 0x39, 0xa6, 0x31, 0xa7, 0x31,
    0xa7, 0x39, 0xc7, 0x39, 0x28, 0x4a, 0x08, 0x42, 0x08, 0x42, 0x08, 0x42,
    0x8a, 0x52, 0xaa, 0x52, 0xcb, 0x5a, 0xec, 0x5a, 0x4d, 0x6b, 0xaf, 0x73,
    0xaf, 0x73, 0x6e, 0x6b, 0x8e, 0x73, 0x6d, 0x6b, 0xaf, 0x7b, 0xf0, 0x7b,
    0x10, 0x7c, 0xaf, 0x73, 0xaf, 0x73, 0x4e, 0x6b, 0x4d, 0x6b, 0x8e, 0x73,
    0xcf, 0x7b, 0xcf, 0x7b, 0xef, 0x7b, 0xcf, 0x7b, 0xf0, 0x7b, 0x10, 0x84,
    0x72, 0x8c, 0x72, 0x8c, 0x72, 0x8c, 0x72, 0x8c, 0x51, 0x8c, 0x51, 0x84,
    0x10, 0x84, 0x10, 0x84, 0x72, 0x8c, 0x72, 0x8c, 0x51, 0x84, 0x31, 0x84,
    0x51, 0x8c, 0x31, 0x84, 0x31, 0x84, 0xf0, 0x7b, 0xaf, 0x73, 0xf0, 0x7b,
    0xf0, 0x83, 0xaf, 0x73, 0x0c, 0x63, 0x4d, 0x6b, 0x8e, 0x73, 0x6e, 0x6b,
    0x8e, 0x73, 0x8e, 0x73, 0x8e, 0x6b, 0x6e, 0x6b, 0x6e, 0x6b, 0x4d, 0x6b,
    0x2c, 0x63, 0x8a, 0x52, 0x49, 0x4a, 0xe8, 0x41, 0xc7, 0x39, 0x86, 0x31,
    0x66, 0x31, 0x65, 0x29, 0x45, 0x29, 0x25, 0x29, 0x45, 0x29, 0x45, 0x29,
    0x65, 0x29, 0x86, 0x31, 0xa7, 0x31, 0xa7, 0x39, 0xa7, 0x39, 0xe7, 0x39,
    0x08, 0x42, 0xe8, 0x41, 0xe7, 0x41, 0x08, 0x42, 0x28, 0x42, 0x08, 0x42,
    0xe8, 0x41, 0xc7, 0x39, 0xe8, 0x41, 0x08, 0x42, 0x49, 0x4a, 0x8a, 0x52,
    0x8a, 0x52, 0x8a, 0x52, 0x8a, 0x4a, 0x49, 0x4a, 0x49, 0x4a, 0x28, 0x42,
    0x69, 0x4a, 0x49, 0x4a, 0x49, 0x4a, 0x69, 0x4a, 0x69, 0x4a, 0x6a, 0x4a,
    0x8a, 0x52, 0x8a, 0x52, 0x8a, 0x52, 0xaa, 0x52, 0xab, 0x52, 0xab, 0x5a,
    0xcb, 0x5a, 0xcb, 0x5a, 0xcb, 0x52, 0xaa, 0x52, 0x8a, 0x52, 0xaa, 0x52,
    0xaa, 0x52, 0xcb, 0x5a, 0xcb, 0x5a, 0x8a, 0x52, 0xcb, 0x5a, 0xcb, 0x5a,
    0xcb, 0x5a, 0xcc, 0x5a, 0x0d, 0x63, 0x2d, 0x63, 0x4d, 0x6b, 0x4d, 0x6b,
    0x4d, 0x6b, 0x4d, 0x6b, 0x6e, 0x6b, 0x6e, 0x6b, 0x6e, 0x6b, 0x8e, 0x73,
    0x6e, 0x6b, 0x8e, 0x73, 0x8e, 0x73, 0x8e, 0x73, 0xaf, 0x73, 0xaf, 0x73,
    0xcf, 0x7b, 0xcf, 0x7b, 0xcf, 0x73, 0xcf, 0x7b, 0xf0, 0x7b, 0xf0, 0x7b,
    0xf0, 0x7b, 0xf0, 0x7b, 0xf0, 0x7b, 0xd0, 0x7b, 0xcf, 0x7b, 0xf0, 0x7b,
    0xf0, 0x7b, 0xf0, 0x83, 0xef, 0x7b, 0xf0, 0x83, 0x10, 0x84, 0xf0, 0x7b,
    0x11, 0x7c, 0xf0, 0x7b, 0x10, 0x84, 0x10, 0x7c, 0x11, 0x84, 0x11, 0x84,
    0x31, 0x84, 0x10, 0x84, 0x11, 0x84, 0x31, 0x84, 0x10, 0x84, 0x10, 0x84,
    0x11, 0x84, 0x10, 0x84, 0x31, 0x84, 0x11, 0x84, 0x10, 0x84, 0x28, 0x42,
    0x25, 0x21, 0x45, 0x29, 0x86, 0x31, 0xa6, 0x31, 0xa7, 0x39, 0xc7, 0x39,
    0x08, 0x3a, 0x08, 0x42, 0x29, 0x42, 0x49, 0x4a, 0x69, 0x4a, 0x6a, 0x4a,
    0x8a, 0x4a, 0x6a, 0x4a, 0x69, 0x4a, 0x49, 0x4a, 0x29, 0x42, 0x29, 0x42,
    0x08, 0x42, 0xe8, 0x41, 0xc7, 0x31, 0x86, 0x31, 0x66, 0x29, 0x86, 0x29,
    0xa7, 0x31, 0xc7, 0x31, 0xa6, 0x31, 0x86, 0x31, 0xa6, 0x31, 0xa6, 0x31,
    0xa7, 0x31, 0xa6, 0x31, 0x66, 0x31, 0x86, 0x31, 0xa6, 0x31, 0x86, 0x31,
    0x66, 0x29, 0x66, 0x29, 0xe8, 0x39, 0x6a, 0x52, 0xaa, 0x52, 0x8a, 0x52,
    0x29, 0x42, 0xe7, 0x39, 0xc7, 0x39, 0xc7, 0x31, 0xc7, 0x39, 0xe8, 0x39,
    0x28, 0x42, 0x08, 0x42, 0x08, 0x42, 0x08, 0x42, 0xe8, 0x41, 0xe7, 0x39,
    0xe7, 0x39, 0xe7, 0x39, 0xc7, 0x39, 0xc7, 0x39, 0xc7, 0x39, 0xa6, 0x31,
    0x66, 0x31, 0x86, 0x31, 0xe7, 0x39, 0x08, 0x42, 0x28, 0x42, 0x49, 0x4a,
    0x69, 0x4a, 0x69, 0x4a, 0x6a, 0x52, 0x8a, 0x4a, 0x29, 0x42, 0xe8, 0x41,
    0xe8, 0x41, 0x49, 0x4a, 0x8a, 0x52, 0x69, 0x4a, 0x29, 0x42, 0x29, 0x42,
    0x08, 0x42, 0xc8, 0x39, 0xa7, 0x31, 0xa6, 0x31, 0xa7, 0x31, 0xa6, 0x31,
    0x86, 0x31, 0x86, 0x29, 0x65, 0x29, 0x45, 0x29, 0x65, 0x29, 0x65, 0x29,
    0x45, 0x29, 0x65, 0x29, 0x66, 0x29, 0x65, 0x29, 0x86, 0x31, 0xa6, 0x31,
    0x86, 0x31, 0x86, 0x31, 0x86, 0x31, 0x66, 0x31, 0x65, 0x29, 0x66, 0x29,
    0x25, 0x29, 0x04, 0x21, 0x45, 0x29, 0x25, 0x29, 0x25, 0x29, 0x25, 0x29,
    0x04, 0x21, 0x24, 0x21, 0x04, 0x21, 0xe4, 0x20, 0xe3, 0x18, 0xc3, 0x18,
    0xc3, 0x18, 0xc3, 0x18, 0xc3, 0x18, 0xa2, 0x18, 0xc2, 0x18, 0xc3, 0x18,
    0xe3, 0x18, 0xc3, 0x18, 0xe3, 0x18, 0x04, 0x21, 0x04, 0x21, 0xe3, 0x18,
    0x04, 0x21, 0xe4, 0x20, 0x04, 0x21, 0x04, 0x21, 0xe4, 0x20, 0xe3, 0x18,
    0x04, 0x21, 0xe4, 0x20, 0x24, 0x21, 0x45, 0x29, 0x45, 0x29, 0x25, 0x29,
    0x45, 0x29, 0x86, 0x31, 0x86, 0x31, 0x66, 0x31, 0x86, 0x31, 0xa6, 0x31,
    0x86, 0x31, 0x86, 0x31, 0xa6, 0x31, 0xa6, 0x31, 0xc7, 0x39, 0x86, 0x31,
    0xa7, 0x31, 0x08, 0x42, 0x8a, 0x52, 0xab, 0x52, 0x8a, 0x52, 0xab, 0x52,
    0x2d, 0x63, 0x8e, 0x73, 0xae, 0x73, 0x6d, 0x6b, 0x8e, 0x73, 0x6e, 0x6b,
    0x8e, 0x73, 0xf0, 0x7b, 0x10, 0x84, 0xaf, 0x7b, 0x8f, 0x73, 0x2d, 0x63,
    0x4d, 0x63, 0x6e, 0x6b, 0xd0, 0x7b, 0xf0, 0x7b, 0x10, 0x84, 0x51, 0x84,
    0x71, 0x8c, 0x51, 0x8c, 0x72, 0x8c, 0x92, 0x8c, 0x92, 0x8c, 0x92, 0x94,
    0x72, 0x8c, 0x92, 0x8c, 0x72, 0x8c, 0x92, 0x94, 0x93, 0x94, 0x92, 0x94,
    0x72, 0x8c, 0x72, 0x8c, 0x51, 0x8c, 0x51, 0x8c, 0x10, 0x84, 0x51, 0x8c,
    0x52, 0x8c, 0x72, 0x8c, 0x52, 0x8c, 0xcf, 0x7b, 0x0c, 0x5b, 0x4d, 0x6b,
    0x8f, 0x73, 0x4d, 0x6b, 0x6e, 0x6b, 0xcf, 0x73, 0x6e, 0x6b, 0x4d, 0x6b,
    0x4d, 0x6b, 0x4d, 0x6b, 0x6d, 0x73, 0xcb, 0x5a, 0x6a, 0x52, 0x49, 0x4a,
    0xc7, 0x39, 0x86, 0x31, 0x86, 0x31, 0x86, 0x31, 0x86, 0x31, 0x86, 0x31,
    0x86, 0x31, 0xa6, 0x31, 0x86, 0x31, 0x86, 0x31, 0x86, 0x31, 0x86, 0x31,
    0xa7, 0x31, 0xc7, 0x39, 0xe7, 0x39, 0x08, 0x42, 0x08, 0x42, 0x29, 0x4a,
    0x28, 0x42, 0x08, 0x42, 0x49, 0x4a, 0x49, 0x4a, 0x49, 0x4a, 0x6a, 0x52,
    0x8a, 0x52, 0x6a, 0x52, 0x69, 0x4a, 0xaa, 0x52, 0x6a, 0x4a, 0x69, 0x4a,
    0x69, 0x4a, 0x6a, 0x4a, 0x8a, 0x4a, 0x6a, 0x4a, 0x8a, 0x52, 0x8a, 0x52,
    0xaa, 0x52, 0xaa, 0x52, 0xab, 0x52, 0xeb, 0x5a, 0xcb, 0x5a, 0xeb, 0x5a,
    0xeb, 0x5a, 0x0c, 0x63, 0xeb, 0x5a, 0xcb, 0x5a, 0xcb, 0x5a, 0xcb, 0x5a,
    0xcb, 0x5a, 0xcb, 0x5a, 0xcb, 0x5a, 0xab, 0x52, 0xaa, 0x52, 0xcb, 0x5a,
    0xec, 0x5a, 0xec, 0x5a, 0x0c, 0x63, 0x0c, 0x63, 0x4d, 0x6b, 0x6e, 0x6b,
    0x6e, 0x6b, 0x6d, 0x6b, 0x6e, 0x6b, 0x6e, 0x6b, 0x6e, 0x73, 0x8e, 0x73,
    0xae, 0x73, 0x8e, 0x73, 0x8e, 0x73, 0x8e, 0x73, 0xaf, 0x73, 0xaf, 0x73,
    0xae, 0x73, 0x8e, 0x73, 0xaf, 0x73, 0xaf, 0x73, 0xcf, 0x7b, 0xcf, 0x7b,
    0xef, 0x7b, 0xf0, 0x7b, 0xf0, 0x7b, 0xf0, 0x7b, 0x10, 0x7c, 0xf0, 0x7b,
    0x10, 0x7c, 0x10, 0x84, 0xf0, 0x7b, 0xf0, 0x7b, 0xf0, 0x83, 0x10, 0x84,
    0x10, 0x84, 0x10, 0x84, 0x11, 0x84, 0x11, 0x84, 0x11, 0x84, 0x11, 0x84,
    0x10, 0x84, 0x31, 0x84, 0x10, 0x84, 0x10, 0x7c, 0xf0, 0x7b, 0x10, 0x7c,
    0x10, 0x7c, 0x10, 0x84, 0x11, 0x84, 0x10, 0x7c, 0x31, 0x84, 0x10, 0x7c,
    0x11, 0x84, 0x08, 0x42, 0x65, 0x29, 0x86, 0x31, 0xc7, 0x39, 0xe8, 0x39,
    0x08, 0x42, 0x29, 0x42, 0x49, 0x4a, 0x29, 0x42, 0x49, 0x4a, 0x49, 0x4a,
    0x4a, 0x4a, 0x6a, 0x4a, 0x6a, 0x4a, 0x49, 0x4a, 0x29, 0x4a, 0x49, 0x42,
    0x29, 0x42, 0x08, 0x42, 0xe7, 0x39, 0xc7, 0x39, 0xc7, 0x39, 0xa7, 0x31,
    0xc7, 0x39, 0xc7, 0x39, 0xa6, 0x31, 0x65, 0x29, 0x45, 0x29, 0x25, 0x21,
    0x45, 0x29, 0x65, 0x29, 0x66, 0x31, 0x86, 0x31, 0xa6, 0x31, 0xa6, 0x31,
    0x65, 0x29, 0x45, 0x21, 0x65, 0x29, 0x86, 0x31, 0x69, 0x4a, 0x8a, 0x52,
    0x8a, 0x52, 0x6a, 0x4a, 0x28, 0x42, 0x08, 0x42, 0xe7, 0x39, 0xc7, 0x39,
    0xc7, 0x39, 0x08, 0x42, 0x08, 0x42, 0xc7, 0x39, 0xa7, 0x31, 0xc7, 0x39,
    0xe7, 0x39, 0xe8, 0x39, 0xe8, 0x39, 0xe7, 0x39, 0xc7, 0x39, 0xc7, 0x39,
    0xc7, 0x39, 0xe7, 0x39, 0x08, 0x42, 0x28, 0x42, 0x29, 0x42, 0x49, 0x4a,
    0x49, 0x4a, 0x6a, 0x4a, 0x8a, 0x52, 0x8a, 0x52, 0x6a, 0x52, 0x69, 0x4a,
    0x49, 0x4a, 0x29, 0x4a, 0x49, 0x4a, 0x69, 0x4a, 0x28, 0x42, 0xe8, 0x41,
    0x08, 0x42, 0x08, 0x3a, 0xc7, 0x39, 0xa6, 0x31, 0x86, 0x31, 0x65, 0x29,
    0x65, 0x29, 0x45, 0x29, 0x45, 0x29, 0x45, 0x29, 0x45, 0x29, 0x45, 0x29,
    0x25, 0x29, 0x24, 0x21, 0x24, 0x21, 0x45, 0x29, 0x65, 0x29, 0x45, 0x29,
    0x65, 0x29, 0x86, 0x31, 0x86, 0x31, 0x86, 0x31, 0x86, 0x31, 0x66, 0x29,
    0x65, 0x29, 0x25, 0x29, 0x04, 0x21, 0x04, 0x21, 0x45, 0x29, 0x24, 0x29,
    0x45, 0x29, 0x25, 0x21, 0x24, 0x21, 0x04, 0x21, 0x04, 0x21, 0xe4, 0x20,
    0xc3, 0x18, 0xc3, 0x18, 0xc3, 0x18, 0xa2, 0x18, 0xa2, 0x10, 0xa2, 0x10,
    0xa2, 0x10, 0xc2, 0x18, 0xc3, 0x18, 0xc3, 0x18, 0xc3, 0x18, 0xe3, 0x20,
    0x04, 0x21, 0x04, 0x21, 0xe4, 0x20, 0x04, 0x21, 0x04, 0x21, 0x04, 0x21,
    0x04, 0x21, 0xe3, 0x20, 0xc3, 0x18, 0xc3, 0x18, 0x04, 0x21, 0x04, 0x21,
    0x04, 0x21, 0x24, 0x21, 0x45, 0x29, 0x65, 0x29, 0x45, 0x29, 0x45, 0x29,
    0x66, 0x31, 0x86, 0x31, 0xa7, 0x39, 0xa6, 0x39, 0x66, 0x31, 0x86, 0x31,
    0x66, 0x31, 0x45, 0x29, 0x66, 0x31, 0x28, 0x42, 0xab, 0x52, 0x8a, 0x52,
    0x49, 0x4a, 0x69, 0x4a, 0xec, 0x5a, 0x4d, 0x6b, 0x8e, 0x73, 0x6e, 0x6b,
    0x8e, 0x73, 0x6e, 0x6b, 0x8e, 0x73, 0xcf, 0x7b, 0xf0, 0x7b, 0xcf, 0x7b,
    0x6e, 0x6b, 0x2c, 0x63, 0x0c, 0x63, 0x4d, 0x6b, 0xaf, 0x73, 0xf0, 0x83,
    0x10, 0x84, 0x51, 0x84, 0x51, 0x84, 0x52, 0x8c, 0x51, 0x8c, 0x72, 0x8c,
    0x72, 0x8c, 0x92, 0x94, 0x92, 0x8c, 0x92, 0x8c, 0x72, 0x8c, 0x93, 0x94,
    0xb3, 0x9c, 0xb3, 0x94, 0xb3, 0x94, 0x92, 0x94, 0x92, 0x94, 0x72, 0x8c,
    0x31, 0x84, 0x71, 0x8c, 0x92, 0x94, 0x92, 0x94, 0xb2, 0x94, 0x11, 0x84,
    0x8e, 0x73, 0x6e, 0x6b, 0xae, 0x73, 0x4d, 0x6b, 0x6e, 0x6b, 0x6e, 0x6b,
    0xec, 0x62, 0x2d, 0x63, 0x6e, 0x6b, 0x6e, 0x6b, 0x4d, 0x6b, 0xec, 0x5a,
    0xaa, 0x52, 0x69, 0x4a, 0x29, 0x4a, 0xc7, 0x39, 0xa6, 0x31, 0x66, 0x31,
    0x86, 0x31, 0x86, 0x31, 0x86, 0x31, 0x86, 0x31, 0x86, 0x31, 0x86, 0x31,
    0xa7, 0x39, 0xc7, 0x39, 0xc7, 0x39, 0xc7, 0x39, 0xe8, 0x41, 0x28, 0x42,
    0x49, 0x4a, 0x49, 0x4a, 0x6a, 0x52, 0x6a, 0x52, 0x8a, 0x52, 0xaa, 0x52,
    0xaa, 0x52, 0xaa, 0x52, 0xab, 0x5a, 0xaa, 0x52, 0x8a, 0x52, 0xaa, 0x52,
    0x8a, 0x52, 0x8a, 0x52, 0x8a, 0x52, 0x8a, 0x52, 0xab, 0x52, 0xcb, 0x5a,
    0xcb, 0x5a, 0xcb, 0x52, 0xcb, 0x5a, 0xeb, 0x5a, 0x0c, 0x63, 0x2d, 0x63,
    0x2d, 0x63, 0x2d, 0x63, 0x4d, 0x6b, 0x0c, 0x63, 0x0c, 0x5b, 0x0c, 0x63,
    0xec, 0x5a, 0xcb, 0x5a, 0xeb, 0x5a, 0x0c, 0x5b, 0xeb, 0x5a, 0xcb, 0x5a,
    0xcb, 0x5a, 0xec, 0x5a, 0x0c, 0x5b, 0x0c, 0x63, 0x4d, 0x6b, 0x4d, 0x6b,
    0x6e, 0x6b, 0x8e, 0x6b, 0x6e, 0x73, 0x6e, 0x6b, 0x6e, 0x6b, 0x8e, 0x73,
    0x8e, 0x73, 0xaf, 0x73, 0xaf, 0x73, 0xaf, 0x73, 0xaf, 0x73, 0xaf, 0x73,
    0xcf, 0x7b, 0xcf, 0x7b, 0xef, 0x7b, 0xcf, 0x7b, 0xcf, 0x7b, 0xef, 0x7b,
    0xd0, 0x7b, 0xcf, 0x7b, 0xef, 0x7b, 0xf0, 0x7b, 0xef, 0x7b, 0xef, 0x7b,
    0x10, 0x84, 0x10, 0x84, 0x10, 0x84, 0x10, 0x84, 0x10, 0x84, 0x11, 0x84,
    0x11, 0x84, 0x11, 0x84, 0x31, 0x84, 0x11, 0x84, 0x10, 0x84, 0x10, 0x84,
    0x11, 0x84, 0x10, 0x84, 0x10, 0x84, 0xf0, 0x7b, 0x10, 0x84, 0x10, 0x84,
    0xf0, 0x7b, 0xf0, 0x7b, 0xef, 0x7b, 0xf0, 0x7b, 0xf0, 0x7b, 0xf0, 0x7b,
    0xf0, 0x7b, 0xf0, 0x7b, 0xf0, 0x7b, 0x87, 0x31, 0xe8, 0x39, 0xe8, 0x39,
    0x08, 0x42, 0x29, 0x42, 0x29, 0x42, 0x28, 0x42, 0x29, 0x42, 0x29, 0x42,
    0x49, 0x4a, 0x49, 0x4a, 0x49, 0x4a, 0x49, 0x4a, 0x29, 0x42, 0x08, 0x42,
    0xe8, 0x39, 0x08, 0x42, 0xe8, 0x39, 0xe7, 0x39, 0xe7, 0x39, 0xc8, 0x39,
    0xc7, 0x31, 0xc7, 0x39, 0xe8, 0x39, 0xa7, 0x31, 0x86, 0x31, 0x65, 0x29,
    0x65, 0x29, 0x66, 0x29, 0x45, 0x29, 0x45, 0x29, 0x45, 0x29, 0x86, 0x29,
    0x86, 0x31, 0x66, 0x29, 0x45, 0x29, 0x45, 0x29, 0x86, 0x31, 0xe7, 0x39,
    0x8a, 0x4a, 0x6a, 0x4a, 0x6a, 0x4a, 0x49, 0x4a, 0xe8, 0x39, 0x28, 0x42,
    0x08, 0x42, 0x08, 0x42, 0x08, 0x42, 0x08, 0x3a, 0xc7, 0x39, 0x86, 0x31,
    0x65, 0x29, 0xa6, 0x31, 0xc7, 0x39, 0xe7, 0x39, 0xe8, 0x41, 0x08, 0x42,
    0x08, 0x42, 0x08, 0x42, 0xe8, 0x41, 0x08, 0x42, 0x49, 0x42, 0x29, 0x42,
    0x08, 0x42, 0x6a, 0x4a, 0x8a, 0x52, 0xab, 0x52, 0x8a, 0x52, 0x8a, 0x4a,
    0x8a, 0x52, 0x6a, 0x4a, 0x69, 0x4a, 0x69, 0x4a, 0x8a, 0x52, 0x49, 0x4a,
    0xe7, 0x39, 0x08, 0x3a, 0xe7, 0x39, 0xa6, 0x31, 0x86, 0x31, 0x86, 0x31,
    0x65, 0x29, 0x65, 0x29, 0x45, 0x29, 0x45, 0x29, 0x45, 0x29, 0x45, 0x29,
    0x24, 0x21, 0x04, 0x21, 0x04, 0x21, 0x04, 0x21, 0x24, 0x21, 0x45, 0x21,
    0x45, 0x29, 0x45, 0x29, 0x65, 0x29, 0x66, 0x29, 0x66, 0x29, 0x66, 0x29,
    0x65, 0x29, 0x65, 0x29, 0x45, 0x29, 0x24, 0x21, 0x24, 0x21, 0x25, 0x29,
    0x25, 0x29, 0x45, 0x29, 0x45, 0x29, 0x24, 0x21, 0x04, 0x21, 0x04, 0x21,
    0xe4, 0x20, 0xe3, 0x18, 0xc3, 0x18, 0xc3, 0x18, 0xc3, 0x18, 0xa2, 0x10,
    0x82, 0x10, 0xa2, 0x10, 0xa2, 0x10, 0xa2, 0x18, 0xa2, 0x18, 0xc2, 0x18,
    0xc3, 0x18, 0xc3, 0x18, 0xe3, 0x18, 0xe3, 0x18, 0xe3, 0x18, 0xc3, 0x18,
    0xe3, 0x18, 0x04, 0x21, 0x04, 0x21, 0xe3, 0x18, 0x82, 0x10, 0xc3, 0x18,
    0xc3, 0x18, 0xe4, 0x20, 0x04, 0x21, 0x24, 0x21, 0x25, 0x29, 0x04, 0x21,
    0x24, 0x21, 0x25, 0x29, 0x25, 0x21, 0x65, 0x29, 0x66, 0x31, 0x86, 0x31,
    0x86, 0x31, 0xa6, 0x31, 0x66, 0x31, 0x45, 0x29, 0x86, 0x31, 0x6a, 0x52,
    0x6a, 0x52, 0x49, 0x4a, 0x08, 0x42, 0x29, 0x42, 0x8a, 0x52, 0x2c, 0x63,
    0x8e, 0x73, 0x4d, 0x6b, 0x8e, 0x73, 0x8e, 0x73, 0x6e, 0x6b, 0x8e, 0x73,
    0xaf, 0x73, 0x6d, 0x6b, 0x6d, 0x6b, 0xec, 0x5a, 0x2c, 0x63, 0x4d, 0x6b,
    0x8e, 0x73, 0xef, 0x7b, 0x31, 0x84, 0x31, 0x84, 0x31, 0x84, 0x51, 0x84,
    0x52, 0x8c, 0x72, 0x8c, 0x92, 0x8c, 0x93, 0x94, 0x93, 0x94, 0x72, 0x8c,
    0x11, 0x84, 0x52, 0x8c, 0xd3, 0x9c, 0xd4, 0x9c, 0xd3, 0x9c, 0xd3, 0x9c,
    0xd3, 0x9c, 0xb3, 0x94, 0x72, 0x94, 0x92, 0x94, 0x51, 0x8c, 0x51, 0x8c,
    0x92, 0x94, 0x51, 0x8c, 0xf0, 0x7b, 0x8e, 0x73, 0xaf, 0x73, 0x2c, 0x63,
    0xec, 0x5a, 0x2d, 0x6b, 0x0c, 0x63, 0x0c, 0x63, 0x8e, 0x73, 0x8e, 0x73,
    0x4d, 0x6b, 0x0c, 0x63, 0x0c, 0x63, 0xaa, 0x52, 0x6a, 0x52, 0x08, 0x42,
    0xe7, 0x39, 0xc7, 0x39, 0xc7, 0x39, 0xa7, 0x39, 0xc7, 0x39, 0xa7, 0x39,
    0xc7, 0x39, 0xe8, 0x41, 0x08, 0x42, 0x28, 0x42, 0x28, 0x42, 0x29, 0x4a,
    0x49, 0x4a, 0x29, 0x4a, 0x49, 0x4a, 0x49, 0x4a, 0x8a, 0x52, 0xab, 0x5a,
    0xcb, 0x5a, 0xec, 0x62, 0xeb, 0x5a, 0xcb, 0x5a, 0xcb, 0x5a, 0xcb, 0x52,
    0xcb, 0x5a, 0xcb, 0x5a, 0xcb, 0x52, 0xcb, 0x5a, 0xcb, 0x5a, 0xcb, 0x5a,
    0xeb, 0x5a, 0xeb, 0x5a, 0x0c, 0x63, 0x0c, 0x63, 0x2c, 0x63, 0x2c, 0x63,
    0x2d, 0x6b, 0x4d, 0x6b, 0x4d, 0x6b, 0x6e, 0x6b, 0x4d, 0x6b, 0x4d, 0x6b,
    0x2d, 0x6b, 0x2d, 0x63, 0x2c, 0x63, 0xec, 0x5a, 0xec, 0x5a, 0x0c, 0x63,
    0x0c, 0x63, 0x0c, 0x63, 0x2c, 0x63, 0x2c, 0x63, 0x2c, 0x63, 0x4d, 0x6b,
    0x6e, 0x6b, 0x6e, 0x6b, 0x8e, 0x6b, 0x8e, 0x73, 0x8e, 0x73, 0xae, 0x73,
    0xae, 0x73, 0xaf, 0x73, 0xae, 0x73, 0xaf, 0x73, 0xae, 0x73, 0xaf, 0x73,
    0xaf, 0x7b, 0xcf, 0x7b, 0xcf, 0x7b, 0xf0, 0x7b, 0xf0, 0x7b, 0xf0, 0x7b,
    0xf0, 0x7b, 0xf0, 0x7b, 0xf0, 0x7b, 0xf0, 0x7b, 0xf0, 0x7b, 0xf0, 0x83,
    0x10, 0x84, 0x10, 0x84, 0x11, 0x84, 0x11, 0x84, 0x10, 0x84, 0x11, 0x84,
    0x11, 0x84, 0x10, 0x84, 0x10, 0x84, 0x10, 0x7c, 0x11, 0x84, 0x10, 0x84,
    0x10, 0x7c, 0x10, 0x7c, 0x10, 0x7c, 0xf0, 0x7b, 0x10, 0x84, 0x10, 0x7c,
    0xf0, 0x7b, 0xf0, 0x7b, 0xf0, 0x83, 0xef, 0x7b, 0xcf, 0x7b, 0xcf, 0x7b,
    0xf0, 0x7b, 0xcf, 0x7b, 0xcf, 0x7b, 0xcf, 0x73, 0xcf, 0x7b, 0x86, 0x31,
    0xe8, 0x39, 0xe8, 0x39, 0xe8, 0x41, 0x29, 0x42, 0x29, 0x42, 0x29, 0x42,
    0x49, 0x4a, 0x29, 0x4a, 0x29, 0x42, 0x08, 0x42, 0xe8, 0x39, 0xe7, 0x39,
    0xe8, 0x39, 0xc7, 0x39, 0xa6, 0x31, 0xa6, 0x31, 0x86, 0x31, 0x86, 0x31,
    0xa7, 0x31, 0xa6, 0x31, 0x66, 0x29, 0x66, 0x29, 0x86, 0x31, 0xa7, 0x31,
    0xe8, 0x39, 0xe8, 0x41, 0xa7, 0x31, 0xa7, 0x31, 0xa6, 0x31, 0x45, 0x29,
    0x65, 0x29, 0x86, 0x31, 0xa6, 0x31, 0x86, 0x29, 0x65, 0x29, 0xa6, 0x31,
    0xc7, 0x39, 0x08, 0x42, 0x69, 0x4a, 0x8a, 0x52, 0xcb, 0x5a, 0xab, 0x52,
    0x49, 0x4a, 0x08, 0x42, 0x28, 0x42, 0x49, 0x42, 0x28, 0x42, 0xe7, 0x39,
    0xc7, 0x39, 0xc7, 0x39, 0x86, 0x31, 0x86, 0x31, 0x86, 0x29, 0x86, 0x31,
    0xc7, 0x39, 0xe8, 0x39, 0xc7, 0x39, 0xe7, 0x39, 0x08, 0x42, 0x49, 0x42,
    0x28, 0x42, 0x28, 0x42, 0x49, 0x4a, 0x8a, 0x52, 0x8a, 0x4a, 0x6a, 0x4a,
    0x6a, 0x4a, 0x6a, 0x4a, 0x29, 0x42, 0x49, 0x42, 0x8a, 0x4a, 0x8a, 0x52,
    0x8a, 0x52, 0x69, 0x4a, 0x08, 0x42, 0xe8, 0x39, 0xa6, 0x31, 0x66, 0x31,
    0x86, 0x31, 0xa6, 0x31, 0x65, 0x29, 0x65, 0x29, 0x45, 0x29, 0x45, 0x29,
    0x45, 0x29, 0x24, 0x21, 0x04, 0x21, 0x04, 0x21, 0x04, 0x21, 0x24, 0x21,
    0x24, 0x21, 0x25, 0x29, 0x45, 0x21, 0x25, 0x29, 0x45, 0x29, 0x45, 0x29,
    0x45, 0x29, 0x65, 0x29, 0x45, 0x29, 0x25, 0x29, 0x24, 0x21, 0x04, 0x21,
    0x24, 0x29, 0x25, 0x29, 0x25, 0x21, 0x45, 0x29, 0x24, 0x29, 0x04, 0x21,
    0xe4, 0x20, 0xe3, 0x20, 0xe3, 0x18, 0xc3, 0x18, 0xc3, 0x18, 0xc3, 0x18,
    0x82, 0x10, 0x82, 0x10, 0x61, 0x10, 0x62, 0x10, 0x82, 0x10, 0xa2, 0x10,
    0xa2, 0x10, 0xa2, 0x10, 0xa2, 0x10, 0xc3, 0x18, 0xa3, 0x18, 0xc3, 0x18,
    0xc3, 0x18, 0xc3, 0x18, 0xe3, 0x18, 0xe4, 0x20, 0x04, 0x21, 0xe4, 0x20,
    0xa3, 0x18, 0xa2, 0x10, 0xc3, 0x18, 0xc3, 0x18, 0xc3, 0x18, 0xe3, 0x18,
    0xe4, 0x20, 0xe4, 0x20, 0x04, 0x21, 0x24, 0x21, 0x24, 0x29, 0x25, 0x29,
    0x45, 0x29, 0x25, 0x21, 0x65, 0x29, 0xa7, 0x39, 0x86, 0x31, 0x65, 0x29,
    0xa6, 0x31, 0x6a, 0x52, 0x28, 0x42, 0x08, 0x42, 0x08, 0x3a, 0x29, 0x42,
    0x6a, 0x4a, 0x2d, 0x63, 0x8e, 0x73, 0x4d, 0x6b, 0x8e, 0x73, 0xcf, 0x73,
    0x6e, 0x6b, 0x8e, 0x73, 0x8e, 0x73, 0x0c, 0x63, 0x2d, 0x63, 0x2d, 0x63,
    0x0c, 0x63, 0x4d, 0x6b, 0x6e, 0x6b, 0xcf, 0x7b, 0x11, 0x84, 0x10, 0x84,
    0x31, 0x84, 0x51, 0x84, 0x51, 0x8c, 0x72, 0x8c, 0x92, 0x8c, 0x93, 0x94,
    0xd3, 0x94, 0xb3, 0x94, 0x51, 0x8c, 0x72, 0x8c, 0xf4, 0x9c, 0xf4, 0x9c,
    0x15, 0xa5, 0x14, 0xa5, 0x14, 0xa5, 0xf4, 0x9c, 0xd3, 0x94, 0xb3, 0x94,
    0x51, 0x84, 0x10, 0x84, 0x51, 0x84, 0x92, 0x94, 0x51, 0x8c, 0xf0, 0x7b,
    0xcf, 0x7b, 0x2d, 0x63, 0xcb, 0x5a, 0xeb, 0x5a, 0xec, 0x5a, 0x2c, 0x63,
    0x8e, 0x73, 0xcf, 0x73, 0x2d, 0x6b, 0x0c, 0x63, 0x0c, 0x63, 0xeb, 0x5a,
    0xcb, 0x5a, 0x8a, 0x52, 0x6a, 0x4a, 0x49, 0x4a, 0x29, 0x4a, 0x49, 0x4a,
    0x49, 0x4a, 0x69, 0x4a, 0x6a, 0x52, 0x6a, 0x52, 0x69, 0x4a, 0x49, 0x4a,
    0x49, 0x4a, 0x49, 0x4a, 0x49, 0x4a, 0x69, 0x52, 0x8a, 0x52, 0x8a, 0x52,
    0xeb, 0x5a, 0x0c, 0x63, 0x0c, 0x63, 0xec, 0x62, 0xcb, 0x5a, 0xcb, 0x5a,
    0xcb, 0x5a, 0xeb, 0x5a, 0x0c, 0x5b, 0x0c, 0x63, 0xeb, 0x5a, 0xec, 0x5a,
    0x0c, 0x5b, 0xeb, 0x62, 0x0c, 0x63, 0x4d, 0x6b, 0x6d, 0x6b, 0x6d, 0x6b,
    0x4d, 0x6b, 0x4d, 0x6b, 0x2d, 0x63, 0x4d, 0x63, 0x2c, 0x63, 0x2d, 0x6b,
    0x4d, 0x63, 0x4d, 0x6b, 0x4d, 0x6b, 0x6e, 0x6b, 0x6d, 0x6b, 0x4d, 0x6b,
    0x6d, 0x6b, 0x4d, 0x6b, 0x6d, 0x6b, 0x4d, 0x6b, 0x4d, 0x6b, 0x4d, 0x6b,
    0x4d, 0x6b, 0x4d, 0x6b, 0x4d, 0x6b, 0x6e, 0x6b, 0xae, 0x73, 0xaf, 0x73,
    0xaf, 0x7b, 0xaf, 0x73, 0xaf, 0x7b, 0xaf, 0x73, 0xaf, 0x73, 0xae, 0x7b,
    0xcf, 0x7b, 0xcf, 0x7b, 0xef, 0x7b, 0xf0, 0x83, 0x10, 0x84, 0xf0, 0x7b,
    0xf0, 0x7b, 0xf0, 0x7b, 0xf0, 0x7b, 0xf0, 0x7b, 0xef, 0x7b, 0xf0, 0x7b,
    0xf0, 0x7b, 0x10, 0x84, 0x10, 0x84, 0x10, 0x7c, 0xf0, 0x83, 0x10, 0x84,
    0x11, 0x84, 0x11, 0x7c, 0x10, 0x84, 0x11, 0x84, 0x10, 0x7c, 0x10, 0x7c,
    0x10, 0x84, 0x10, 0x84, 0x10, 0x84, 0x11, 0x84, 0x10, 0x84, 0xf0, 0x7b,
    0xf0, 0x83, 0x10, 0x84, 0xef, 0x7b, 0xf0, 0x7b, 0xef, 0x7b, 0xf0, 0x7b,
    0xf0, 0x7b, 0xf0, 0x7b, 0xf0, 0x7b, 0xd0, 0x7b, 0xcf, 0x7b, 0xaf, 0x73,
    0xaf, 0x73, 0x86, 0x31, 0xc7, 0x39, 0xe8, 0x39, 0xe8, 0x41, 0x08, 0x42,
    0xe8, 0x41, 0xe8, 0x39, 0xe8, 0x39, 0xe8, 0x39, 0xe7, 0x39, 0xe8, 0x39,
    0xc7, 0x39, 0xa7, 0x31, 0xc7, 0x31, 0xa6, 0x31, 0x66, 0x31, 0x65, 0x29,
    0x66, 0x29, 0x66, 0x31, 0x66, 0x29, 0x66, 0x31, 0x85, 0x31, 0x45, 0x29,
    0x66, 0x29, 0x66, 0x31, 0x86, 0x31, 0xc7, 0x39, 0xe8, 0x41, 0xe8, 0x39,
    0x08, 0x42, 0xe7, 0x39, 0xe8, 0x39, 0x08, 0x42, 0x49, 0x42, 0x29, 0x4a,
    0x28, 0x42, 0x49, 0x4a, 0x49, 0x4a, 0x69, 0x4a, 0x8a, 0x52, 0x8a, 0x52,
    0xab, 0x52, 0xab, 0x52, 0xab, 0x52, 0x69, 0x4a, 0x08, 0x42, 0xe7, 0x39,
    0x08, 0x42, 0x08, 0x42, 0xe8, 0x41, 0xe7, 0x39, 0xc7, 0x39, 0xc7, 0x39,
    0xc7, 0x39, 0xa7, 0x39, 0xe7, 0x39, 0xe7, 0x39, 0xe7, 0x39, 0x08, 0x42,
    0x08, 0x42, 0x49, 0x42, 0x29, 0x4a, 0x49, 0x4a, 0x69, 0x4a, 0x6a, 0x4a,
    0x49, 0x4a, 0x29, 0x42, 0x08, 0x42, 0x28, 0x42, 0x49, 0x4a, 0x8a, 0x52,
    0x69, 0x4a, 0x8a, 0x52, 0xab, 0x52, 0x49, 0x4a, 0xe7, 0x39, 0xe7, 0x39,
    0xc7, 0x39, 0x86, 0x31, 0x86, 0x31, 0x86, 0x31, 0x66, 0x29, 0x45, 0x29,
    0x45, 0x29, 0x45, 0x29, 0x45, 0x29, 0x65, 0x29, 0x25, 0x29, 0x24, 0x21,
    0x04, 0x21, 0x04, 0x21, 0x24, 0x21, 0x04, 0x21, 0x24, 0x21, 0x04, 0x21,
    0x24, 0x21, 0x24, 0x21, 0x24, 0x21, 0x04, 0x21, 0x24, 0x21, 0x24, 0x21,
    0x04, 0x21, 0x04, 0x21, 0x24, 0x21, 0x24, 0x21, 0x24, 0x21, 0x25, 0x29,
    0x04, 0x21, 0xe3, 0x18, 0xe4, 0x18, 0xc3, 0x18, 0xc3, 0x18, 0xc3, 0x18,
    0xc3, 0x18, 0xa2, 0x10, 0x81, 0x10, 0x61, 0x10, 0x61, 0x08, 0x61, 0x10,
    0x82, 0x10, 0x82, 0x10, 0xa2, 0x10, 0xa2, 0x10, 0xa2, 0x18, 0xc3, 0x18,
    0xc3, 0x18, 0xc3, 0x18, 0xe3, 0x18, 0xc3, 0x18, 0xc3, 0x18, 0xc3, 0x18,
    0xc3, 0x18, 0xe3, 0x18, 0xe4, 0x20, 0xe3, 0x18, 0xe3, 0x18, 0xc3, 0x18,
    0xe3, 0x18, 0xe4, 0x20, 0xe4, 0x20, 0x04, 0x21, 0x04, 0x21, 0x04, 0x21,
    0x04, 0x21, 0x24, 0x21, 0x65, 0x29, 0x65, 0x29, 0x65, 0x29, 0x86, 0x31,
    0xa6, 0x31, 0xa6, 0x31, 0xc7, 0x39, 0x49, 0x4a, 0xc7, 0x39, 0xe7, 0x39,
    0xe7, 0x41, 0x29, 0x42, 0x49, 0x4a, 0xcb, 0x5a, 0x6e, 0x6b, 0x8f, 0x73,
    0xcf, 0x73, 0xaf, 0x7b, 0x6e, 0x6b, 0x6e, 0x6b, 0x4d, 0x6b, 0x0c, 0x63,
    0xec, 0x5a, 0x4d, 0x6b, 0x2d, 0x63, 0x4d, 0x6b, 0x8e, 0x73, 0xaf, 0x73,
    0xcf, 0x7b, 0x10, 0x7c, 0x11, 0x84, 0x31, 0x8c, 0x51, 0x84, 0x51, 0x8c,
    0x72, 0x8c, 0x92, 0x94, 0xb3, 0x94, 0xb3, 0x9c, 0x92, 0x94, 0xb3, 0x94,
    0xf4, 0x9c, 0x14, 0xa5, 0x35, 0xa5, 0x35, 0xa5, 0x35, 0xa5, 0x14, 0xa5,
    0xd3, 0x9c, 0xb3, 0x94, 0x51, 0x8c, 0x11, 0x84, 0x51, 0x84, 0x72, 0x8c,
    0x51, 0x8c, 0x10, 0x84, 0xf0, 0x7b, 0x8e, 0x73, 0x0c, 0x63, 0xec, 0x5a,
    0x0c, 0x63, 0x0c, 0x63, 0x8e, 0x73, 0xcf, 0x7b, 0x2d, 0x63, 0x0c, 0x5b,
    0xeb, 0x62, 0x0c, 0x63, 0x2d, 0x6b, 0xec, 0x62, 0xab, 0x5a, 0xcb, 0x5a,
    0xcb, 0x5a, 0xcb, 0x5a, 0xab, 0x5a, 0xab, 0x52, 0xaa, 0x52, 0xaa, 0x5a,
    0xab, 0x52, 0xab, 0x5a, 0xcb, 0x5a, 0xcb, 0x5a, 0xeb, 0x5a, 0xec, 0x5a,
    0xeb, 0x5a, 0xeb, 0x5a, 0x0c, 0x63, 0x0c, 0x63, 0xeb, 0x5a, 0xeb, 0x5a,
    0xcb, 0x5a, 0xeb, 0x5a, 0xec, 0x62, 0x0c, 0x63, 0x2d, 0x6b, 0x2c, 0x63,
    0x2c, 0x63, 0x4d, 0x63, 0x4d, 0x6b, 0x2d, 0x63, 0x4d, 0x6b, 0x4d, 0x6b,
    0x4d, 0x63, 0x2d, 0x63, 0x0c, 0x63, 0x0d, 0x63, 0x2d, 0x63, 0x4d, 0x6b,
    0x6e, 0x6b, 0x4d, 0x6b, 0x4d, 0x6b, 0x4d, 0x6b, 0x4d, 0x6b, 0x6e, 0x6b,
    0x8f, 0x73, 0xaf, 0x73, 0x8e, 0x73, 0x6e, 0x6b, 0x6e, 0x6b, 0x6e, 0x6b,
    0x8e, 0x73, 0x6e, 0x6b, 0x6e, 0x6b, 0x8f, 0x73, 0x8e, 0x73, 0x8e, 0x73,
    0x8e, 0x73, 0x8e, 0x73, 0x8e, 0x73, 0xaf, 0x73, 0xaf, 0x73, 0xaf, 0x7b,
    0xcf, 0x7b, 0xcf, 0x7b, 0xcf, 0x7b, 0xf0, 0x7b, 0xf0, 0x7b, 0xf0, 0x7b,
    0xf0, 0x7b, 0x10, 0x84, 0xf0, 0x83, 0xef, 0x7b, 0xcf, 0x7b, 0xcf, 0x7b,
    0xaf, 0x7b, 0xcf, 0x7b, 0xcf, 0x7b, 0xcf, 0x7b, 0xf0, 0x7b, 0xf0, 0x7b,
    0xf0, 0x7b, 0xf0, 0x7b, 0xf0, 0x7b, 0x10, 0x7c, 0xf0, 0x7b, 0x10, 0x84,
    0xf0, 0x7b, 0xf0, 0x7b, 0xf0, 0x7b, 0xd0, 0x7b, 0xcf, 0x7b, 0xcf, 0x7b,
    0xcf, 0x7b, 0xaf, 0x73, 0xcf, 0x73, 0xcf, 0x7b, 0xcf, 0x7b, 0xcf, 0x7b,
    0xcf, 0x7b, 0xcf, 0x7b, 0xcf, 0x7b, 0xcf, 0x7b, 0xcf, 0x7b, 0xaf, 0x73,
    0xaf, 0x73, 0x8e, 0x73, 0x8e, 0x73, 0x66, 0x29, 0xc7, 0x39, 0xc7, 0x39,
    0xc7, 0x31, 0x86, 0x31, 0xa6, 0x31, 0xa6, 0x31, 0x86, 0x31, 0x86, 0x31,
    0x86, 0x29, 0x86, 0x31, 0x66, 0x31, 0x65, 0x29, 0x65, 0x29, 0x65, 0x29,
    0x66, 0x31, 0x65, 0x29, 0x45, 0x29, 0x65, 0x29, 0x65, 0x29, 0x65, 0x29,
    0x45, 0x29, 0x45, 0x29, 0x45, 0x29, 0x86, 0x31, 0x86, 0x31, 0x45, 0x29,
    0x45, 0x29, 0x86, 0x31, 0x08, 0x3a, 0x08, 0x42, 0x29, 0x42, 0x49, 0x4a,
    0x69, 0x4a, 0x8a, 0x4a, 0x8a, 0x52, 0x8a, 0x52, 0x6a, 0x4a, 0x8a, 0x52,
    0xab, 0x52, 0xcb, 0x52, 0xcb, 0x5a, 0xcb, 0x5a, 0xcb, 0x5a, 0xcb, 0x5a,
    0x8a, 0x52, 0x29, 0x42, 0x08, 0x3a, 0x08, 0x42, 0x08, 0x42, 0xe8, 0x41,
    0xc7, 0x39, 0xe7, 0x39, 0x08, 0x42, 0x08, 0x42, 0x08, 0x42, 0x28, 0x42,
    0x49, 0x4a, 0x49, 0x4a, 0x49, 0x4a, 0x49, 0x42, 0x28, 0x42, 0x08, 0x42,
    0x08, 0x42, 0x08, 0x42, 0x08, 0x42, 0xe8, 0x39, 0x08, 0x42, 0x28, 0x42,
    0x6a, 0x52, 0x6a, 0x4a, 0x69, 0x4a, 0xaa, 0x52, 0x8a, 0x52, 0x29, 0x42,
    0x08, 0x42, 0xe8, 0x39, 0xe7, 0x39, 0x86, 0x31, 0xa6, 0x31, 0xa6, 0x31,
    0x86, 0x31, 0x66, 0x29, 0x45, 0x29, 0x45, 0x21, 0x45, 0x29, 0x65, 0x29,
    0x45, 0x29, 0x25, 0x29, 0x24, 0x21, 0x25, 0x21, 0x04, 0x21, 0x04, 0x21,
    0x24, 0x21, 0x04, 0x21, 0x04, 0x21, 0xe4, 0x20, 0xe4, 0x20, 0xe4, 0x20,
    0x04, 0x21, 0x24, 0x21, 0x25, 0x29, 0x05, 0x21, 0x25, 0x29, 0x24, 0x29,
    0x24, 0x21, 0x04, 0x21, 0xe3, 0x18, 0xc3, 0x18, 0xc3, 0x18, 0xc3, 0x18,
    0xc3, 0x18, 0xc3, 0x18, 0xc2, 0x18, 0x82, 0x10, 0x82, 0x10, 0x82, 0x10,
    0x82, 0x10, 0x82, 0x10, 0x82, 0x10, 0x82, 0x10, 0x82, 0x10, 0x82, 0x10,
    0x82, 0x10, 0xa2, 0x10, 0xc2, 0x18, 0xc3, 0x18, 0xc3, 0x18, 0xe3, 0x18,
    0xc3, 0x18, 0xc3, 0x18, 0xc3, 0x18, 0xc3, 0x18, 0xe4, 0x18, 0xe4, 0x20,
    0xa3, 0x18, 0xa3, 0x18, 0xc3, 0x18, 0xe4, 0x20, 0xe3, 0x18, 0xe3, 0x18,
    0xc3, 0x18, 0xe4, 0x20, 0xe4, 0x18, 0xe4, 0x20, 0x45, 0x29, 0x86, 0x31,
    0x86, 0x39, 0x66, 0x31, 0x86, 0x31, 0x86, 0x31, 0x29, 0x4a, 0x08, 0x42,
    0x86, 0x31, 0xe7, 0x39, 0xc7, 0x39, 0x29, 0x4a, 0x6a, 0x4a, 0xcb, 0x5a,
    0x6e, 0x6b, 0xf0, 0x7b, 0xf0, 0x7b, 0xaf, 0x73, 0x4d, 0x6b, 0x4d, 0x6b,
    0x4d, 0x6b, 0x2d, 0x63, 0xec, 0x5a, 0x4d, 0x6b, 0x8e, 0x73, 0x8f, 0x73,
    0xcf, 0x73, 0x8e, 0x73, 0x8e, 0x73, 0xef, 0x7b, 0xf0, 0x7b, 0x11, 0x84,
    0x31, 0x84, 0x51, 0x84, 0x71, 0x8c, 0x92, 0x94, 0x93, 0x94, 0xb3, 0x94,
    0xb3, 0x94, 0xd3, 0x9c, 0xd4, 0x9c, 0x14, 0xa5, 0x14, 0xa5, 0x35, 0xa5,
    0x35, 0xa5, 0x14, 0xa5, 0xd4, 0x9c, 0xd3, 0x9c, 0x72, 0x8c, 0x10, 0x84,
    0x11, 0x84, 0x31, 0x84, 0x31, 0x84, 0x31, 0x84, 0x10, 0x84, 0xf0, 0x7b,
    0x8e, 0x73, 0x2d, 0x6b, 0x4d, 0x6b, 0x6e, 0x6b, 0x8e, 0x73, 0xf0, 0x7b,
    0x6e, 0x6b, 0x0c, 0x63, 0x0c, 0x63, 0x0d, 0x63, 0x6e, 0x6b, 0x8e, 0x73,
    0x2d, 0x6b, 0x0c, 0x63, 0xeb, 0x5a, 0x0c, 0x5b, 0xec, 0x62, 0xec, 0x5a,
    0x0c, 0x63, 0x0c, 0x63, 0x2d, 0x63, 0x2d, 0x63, 0x2d, 0x63, 0x0c, 0x63,
    0x0c, 0x63, 0x0c, 0x63, 0x0c, 0x63, 0x0c, 0x63, 0x0c, 0x63, 0xec, 0x5a,
    0xeb, 0x62, 0xec, 0x62, 0x2c, 0x63, 0x2c, 0x63, 0x4d, 0x6b, 0x4d, 0x6b,
    0x4d, 0x6b, 0x4d, 0x6b, 0x2c, 0x63, 0x4d, 0x6b, 0x4d, 0x6b, 0x2c, 0x63,
    0x2c, 0x63, 0x2c, 0x63, 0x2d, 0x63, 0x4d, 0x63, 0x4d, 0x6b, 0x4d, 0x63,
    0x4d, 0x6b, 0x4d, 0x6b, 0x6e, 0x6b, 0x6e, 0x6b, 0x8e, 0x73, 0x8e, 0x6b,
    0x6e, 0x6b, 0x6e, 0x6b, 0x6e, 0x6b, 0x8e, 0x73, 0xaf, 0x73, 0x8e, 0x73,
    0x8e, 0x73, 0x8e, 0x73, 0x8f, 0x73, 0x8e, 0x73, 0x8e, 0x73, 0x8e, 0x73,
    0x8e, 0x6b, 0x8e, 0x73, 0x8e, 0x73, 0x8e, 0x73, 0x8e, 0x73, 0x8e, 0x73,
    0x8e, 0x73, 0x8e, 0x73, 0xaf, 0x73, 0xaf, 0x73, 0xcf, 0x73, 0xcf, 0x7b,
    0xcf, 0x7b, 0xf0, 0x7b, 0xf0, 0x7b, 0xef, 0x7b, 0xef, 0x7b, 0xcf, 0x7b,
    0xcf, 0x7b, 0xcf, 0x7b, 0xcf, 0x7b, 0xcf, 0x7b, 0xaf, 0x73, 0xaf, 0x73,
    0xcf, 0x7b, 0xcf, 0x7b, 0xf0, 0x7b, 0xf0, 0x7b, 0xef, 0x7b, 0xf0, 0x7b,
    0xf0, 0x7b, 0xf0, 0x7b, 0xf0, 0x7b, 0xf0, 0x7b, 0xef, 0x7b, 0xcf, 0x7b,
    0xcf, 0x7b, 0xef, 0x7b, 0xcf, 0x73, 0xaf, 0x73, 0xaf, 0x73, 0xaf, 0x73,
    0xaf, 0x73, 0x8e, 0x73, 0xaf, 0x73, 0xaf, 0x73, 0xaf, 0x73, 0xae, 0x73,
    0x8e, 0x73, 0xaf, 0x73, 0x8e, 0x73, 0x8e, 0x73, 0x8e, 0x73, 0x66, 0x29,
    0x86, 0x29, 0x66, 0x29, 0x86, 0x31, 0x86, 0x29, 0x04, 0x21, 0x04, 0x19,
    0x04, 0x21, 0x24, 0x21, 0x04, 0x21, 0x04, 0x21, 0x24, 0x21, 0x04, 0x21,
    0x04, 0x21, 0x45, 0x29, 0x45, 0x29, 0x45, 0x29, 0x45, 0x29, 0x65, 0x29,
    0x45, 0x29, 0x45, 0x29, 0x45, 0x21, 0x45, 0x29, 0x65, 0x29, 0x65, 0x29,
    0x66, 0x29, 0x45, 0x21, 0x24, 0x21, 0xa6, 0x31, 0xe8, 0x39, 0x08, 0x42,
    0x29, 0x4a, 0x8a, 0x52, 0x6a, 0x4a, 0x6a, 0x4a, 0x8a, 0x52, 0x8a, 0x52,
    0x8a, 0x52, 0xab, 0x52, 0xab, 0x52, 0xec, 0x5a, 0xcb, 0x5a, 0xab, 0x52,
    0xab, 0x52, 0xab, 0x52, 0xab, 0x52, 0xaa, 0x52, 0x29, 0x42, 0xe8, 0x39,
    0xe7, 0x39, 0xe7, 0x39, 0xe7, 0x39, 0xe7, 0x39, 0xe7, 0x39, 0xc7, 0x39,
    0x08, 0x42, 0x69, 0x4a, 0x8a, 0x52, 0x6a, 0x4a, 0x29, 0x42, 0xe8, 0x39,
    0xa6, 0x31, 0xa6, 0x31, 0xa7, 0x31, 0xc7, 0x39, 0xe8, 0x39, 0x09, 0x42,
    0x49, 0x4a, 0x6a, 0x52, 0x69, 0x52, 0x49, 0x4a, 0x6a, 0x4a, 0xab, 0x52,
    0x8a, 0x52, 0x49, 0x4a, 0x49, 0x4a, 0x28, 0x42, 0xe8, 0x39, 0xc7, 0x39,
    0xa7, 0x31, 0xa6, 0x31, 0xa6, 0x31, 0x86, 0x31, 0x65, 0x29, 0x45, 0x29,
    0x45, 0x29, 0x25, 0x29, 0x25, 0x29, 0x04, 0x21, 0x04, 0x21, 0x04, 0x21,
    0x04, 0x21, 0x04, 0x21, 0x04, 0x21, 0xe4, 0x20, 0xe4, 0x20, 0xe4, 0x20,
    0xe3, 0x18, 0xe4, 0x20, 0x04, 0x21, 0x24, 0x21, 0x25, 0x29, 0x45, 0x29,
    0x45, 0x29, 0x25, 0x29, 0x04, 0x21, 0x04, 0x21, 0xc3, 0x18, 0xc3, 0x18,
    0xc3, 0x18, 0xc3, 0x18, 0xc3, 0x18, 0xc3, 0x18, 0xa2, 0x10, 0x82, 0x10,
    0x82, 0x10, 0xa2, 0x10, 0x82, 0x10, 0xa2, 0x10, 0xa2, 0x10, 0x82, 0x10,
    0x82, 0x10, 0x81, 0x10, 0x82, 0x10, 0x82, 0x10, 0x82, 0x10, 0x82, 0x10,
    0x82, 0x10, 0xc3, 0x18, 0xc3, 0x18, 0xe3, 0x18, 0xe3, 0x18, 0xc3, 0x18,
    0xc3, 0x18, 0xa2, 0x10, 0x82, 0x10, 0x82, 0x10, 0xc3, 0x18, 0xe3, 0x18,
    0x04, 0x21, 0xe3, 0x18, 0xc3, 0x18, 0xc3, 0x18, 0xe3, 0x18, 0x04, 0x21,
    0x65, 0x31, 0x86, 0x31, 0xa7, 0x31, 0x86, 0x31, 0x66, 0x31, 0xc7, 0x39,
    0xc7, 0x39, 0x86, 0x31, 0xa7, 0x39, 0x08, 0x42, 0x08, 0x42, 0x6a, 0x4a,
    0xaa, 0x52, 0xec, 0x5a, 0x8e, 0x73, 0xef, 0x7b, 0xf0, 0x83, 0x6e, 0x6b,
    0x4d, 0x6b, 0x4d, 0x6b, 0x4d, 0x6b, 0x4d, 0x6b, 0x2d, 0x63, 0x4d, 0x6b,
    0x8e, 0x73, 0xf0, 0x7b, 0xcf, 0x7b, 0xaf, 0x73, 0xcf, 0x7b, 0xcf, 0x7b,
    0xcf, 0x7b, 0xf0, 0x83, 0x30, 0x84, 0x31, 0x8c, 0x72, 0x8c, 0x72, 0x8c,
    0x92, 0x94, 0x92, 0x94, 0xb3, 0x94, 0xd3, 0x9c, 0xd3, 0x9c, 0xf3, 0x9c,
    0xf4, 0x9c, 0x35, 0xa5, 0x35, 0xa5, 0x14, 0xa5, 0xd4, 0x9c, 0xd3, 0x9c,
    0x92, 0x94, 0x31, 0x84, 0x30, 0x84, 0xf0, 0x83, 0xf0, 0x7b, 0xf0, 0x7b,
    0x30, 0x84, 0x30, 0x84, 0x31, 0x84, 0xaf, 0x73, 0x8d, 0x6b, 0xaf, 0x73,
    0xaf, 0x73, 0xf0, 0x7b, 0xcf, 0x7b, 0xaf, 0x73, 0x6e, 0x6b, 0x6e, 0x6b,
    0x6d, 0x6b, 0x8e, 0x73, 0xaf, 0x73, 0xaf, 0x73, 0x6d, 0x6b, 0x4d, 0x6b,
    0x4d, 0x6b, 0x4d, 0x6b, 0x4d, 0x6b, 0x6d, 0x6b, 0x6e, 0x6b, 0x6e, 0x6b,
    0x6e, 0x6b, 0x6e, 0x6b, 0x6e, 0x6b, 0x6d, 0x6b, 0x6d, 0x6b, 0x6e, 0x6b,
    0x4d, 0x6b, 0x4d, 0x6b, 0x4d, 0x6b, 0x4d, 0x6b, 0x4d, 0x6b, 0x4d, 0x6b,
    0x2c, 0x63, 0x4d, 0x63, 0x6d, 0x6b, 0x4d, 0x6b, 0x4d, 0x6b, 0x6d, 0x6b,
    0x6d, 0x6b, 0x6d, 0x6b, 0x6d, 0x6b, 0x4d, 0x6b, 0x4d, 0x6b, 0x4d, 0x6b,
    0x4d, 0x6b, 0x4d, 0x6b, 0x4d, 0x6b, 0x6e, 0x6b, 0x6e, 0x6b, 0x8e, 0x73,
    0x8e, 0x73, 0x8e, 0x73, 0x8e, 0x73, 0xae, 0x73, 0xaf, 0x73, 0xae, 0x73,
    0xaf, 0x7b, 0xae, 0x73, 0xaf, 0x73, 0xaf, 0x73, 0xae, 0x73, 0x8e, 0x73,
    0x8e, 0x73, 0xaf, 0x73, 0xaf, 0x73, 0x8f, 0x73, 0x8e, 0x73, 0x8f, 0x73,
    0x8e, 0x73, 0xae, 0x73, 0xaf, 0x73, 0x8e, 0x6b, 0x6d, 0x6b, 0x6e, 0x6b,
    0x8e, 0x73, 0xcf, 0x7b, 0xcf, 0x7b, 0xef, 0x7b, 0xcf, 0x7b, 0xd0, 0x7b,
    0xcf, 0x7b, 0xcf, 0x7b, 0xcf, 0x73, 0xaf, 0x73, 0xcf, 0x7b, 0xcf, 0x7b,
    0xcf, 0x7b, 0xcf, 0x73, 0xaf, 0x73, 0xaf, 0x7b, 0xaf, 0x73, 0xcf, 0x7b,
    0xcf, 0x7b, 0xaf, 0x7b, 0xcf, 0x7b, 0xcf, 0x7b, 0xcf, 0x7b, 0xcf, 0x7b,
    0xcf, 0x7b, 0xcf, 0x7b, 0xd0, 0x7b, 0xf0, 0x7b, 0xf0, 0x7b, 0xcf, 0x7b,
    0xaf, 0x7b, 0xaf, 0x7b, 0xaf, 0x73, 0x8e, 0x73, 0x8e, 0x73, 0xaf, 0x73,
    0x8e, 0x73, 0x8e, 0x73, 0x6e, 0x6b, 0x6e, 0x6b, 0x6e, 0x6b, 0x8e, 0x73,
    0x8e, 0x6b, 0x66, 0x31, 0x87, 0x31, 0x86, 0x31, 0x45, 0x29, 0x45, 0x29,
    0x24, 0x21, 0x04, 0x21, 0x24, 0x21, 0x24, 0x21, 0x25, 0x21, 0x45, 0x29,
    0x25, 0x21, 0x24, 0x21, 0x45, 0x21, 0x45, 0x29, 0x65, 0x29, 0x86, 0x31,
    0x86, 0x31, 0x86, 0x31, 0x66, 0x31, 0x65, 0x31, 0x86, 0x31, 0x86, 0x31,
    0x66, 0x29, 0x45, 0x29, 0x45, 0x29, 0x86, 0x29, 0xc7, 0x31, 0x08, 0x42,
    0x29, 0x42, 0x49, 0x4a, 0x8a, 0x52, 0x8a, 0x52, 0x8a, 0x52, 0x8a, 0x52,
    0x8a, 0x52, 0x8a, 0x52, 0x8a, 0x52, 0x8a, 0x52, 0x8a, 0x52, 0xec, 0x5a,
    0xeb, 0x5a, 0xab, 0x52, 0x8a, 0x52, 0xab, 0x52, 0xaa, 0x52, 0xab, 0x52,
    0xaa, 0x52, 0x8a, 0x52, 0x8a, 0x52, 0x69, 0x4a, 0x49, 0x4a, 0x29, 0x4a,
    0x29, 0x42, 0x28, 0x42, 0x6a, 0x4a, 0x6a, 0x4a, 0x49, 0x4a, 0x28, 0x42,
    0xe8, 0x41, 0x86, 0x31, 0x86, 0x31, 0x86, 0x31, 0xa7, 0x31, 0xe8, 0x39,
    0x29, 0x42, 0x69, 0x4a, 0x6a, 0x4a, 0x69, 0x52, 0x29, 0x4a, 0x08, 0x42,
    0x8a, 0x52, 0x8a, 0x52, 0x6a, 0x4a, 0x49, 0x4a, 0x29, 0x42, 0x28, 0x42,
    0xe7, 0x39, 0xe7, 0x39, 0xc7, 0x39, 0xc7, 0x39, 0x86, 0x31, 0x86, 0x29,
    0x66, 0x31, 0x45, 0x29, 0x25, 0x29, 0x04, 0x21, 0x04, 0x21, 0x04, 0x21,
    0xe4, 0x20, 0x04, 0x21, 0x04, 0x21, 0xe4, 0x20, 0xe4, 0x20, 0xe4, 0x20,
    0xe4, 0x18, 0xe3, 0x18, 0xe3, 0x18, 0xe3, 0x18, 0xc3, 0x18, 0xe3, 0x18,
    0x04, 0x21, 0x24, 0x21, 0x04, 0x21, 0xe3, 0x18, 0xe4, 0x20, 0x04, 0x21,
    0xe3, 0x18, 0xc3, 0x18, 0xc3, 0x18, 0xc3, 0x18, 0xc2, 0x18, 0xa2, 0x10,
    0x82, 0x10, 0x81, 0x10, 0xa2, 0x10, 0x82, 0x10, 0xa2, 0x10, 0x81, 0x10,
    0x81, 0x10, 0x61, 0x10, 0x61, 0x08, 0x61, 0x08, 0x61, 0x10, 0x61, 0x10,
    0x81, 0x10, 0x81, 0x10, 0x82, 0x10, 0x82, 0x10, 0x82, 0x10, 0xa2, 0x18,
    0xa2, 0x10, 0x82, 0x10, 0x82, 0x10, 0x82, 0x10, 0x82, 0x10, 0x82, 0x10,
    0xa2, 0x10, 0xe3, 0x20, 0xe3, 0x20, 0xe4, 0x20, 0xc3, 0x18, 0xa2, 0x10,
    0xa3, 0x18, 0x24, 0x29, 0x45, 0x29, 0x86, 0x31, 0xa7, 0x31, 0xc7, 0x39,
    0xa6, 0x39, 0xe7, 0x39, 0x86, 0x31, 0xa7, 0x39, 0x28, 0x42, 0x69, 0x4a,
    0x69, 0x52, 0x8a, 0x52, 0x8a, 0x52, 0x0c, 0x63, 0xaf, 0x73, 0xf0, 0x7b,
    0xef, 0x7b, 0x6e, 0x6b, 0x4d, 0x6b, 0x0c, 0x5b, 0xec, 0x5a, 0x2d, 0x63,
    0x0c, 0x63, 0x0c, 0x63, 0x6e, 0x6b, 0xaf, 0x73, 0xaf, 0x73, 0xcf, 0x7b,
    0xcf, 0x73, 0xaf, 0x73, 0xaf, 0x73, 0xf0, 0x7b, 0x10, 0x84, 0x31, 0x84,
    0x51, 0x8c, 0x51, 0x8c, 0x51, 0x8c, 0x72, 0x8c, 0x92, 0x8c, 0x92, 0x94,
    0xb3, 0x94, 0xd3, 0x94, 0xd3, 0x9c, 0xf4, 0x9c, 0x14, 0xa5, 0xf4, 0x9c,
    0xf4, 0x9c, 0xd3, 0x9c, 0x93, 0x94, 0x72, 0x8c, 0x51, 0x8c, 0xef, 0x7b,
    0xcf, 0x7b, 0xcf, 0x7b, 0x10, 0x84, 0x31, 0x84, 0x51, 0x8c, 0x31, 0x8c,
    0xcf, 0x73, 0x6e, 0x73, 0x6d, 0x6b, 0x8e, 0x73, 0xcf, 0x7b, 0xef, 0x7b,
    0xcf, 0x7b, 0x8e, 0x73, 0x6e, 0x6b, 0x6e, 0x6b, 0x8e, 0x73, 0xcf, 0x73,
    0xaf, 0x7b, 0x8e, 0x73, 0x6e, 0x6b, 0x6e, 0x6b, 0x8e, 0x73, 0x8e, 0x73,
    0x8e, 0x73, 0x8e, 0x73, 0x8e, 0x73, 0x8e, 0x73, 0x8e, 0x73, 0x8e, 0x73,
    0x8e, 0x73, 0x8e, 0x6b, 0x8e, 0x73, 0x6d, 0x6b, 0x6e, 0x6b, 0x8e, 0x73,
    0xae, 0x73, 0x8e, 0x73, 0x8e, 0x73, 0x8e, 0x6b, 0x6d, 0x6b, 0x4d, 0x6b,
    0x2d, 0x63, 0x4d, 0x6b, 0x6e, 0x73, 0x8e, 0x73, 0x6e, 0x6b, 0x8e, 0x73,
    0x8e, 0x73, 0x8e, 0x6b, 0x8e, 0x73, 0x6e, 0x6b, 0x6e, 0x6b, 0x8e, 0x73,
    0x8e, 0x73, 0x8e, 0x73, 0xaf, 0x73, 0xaf, 0x73, 0x6e, 0x6b, 0x4d, 0x6b,
    0x6e, 0x6b, 0x8f, 0x73, 0xaf, 0x73, 0xaf, 0x73, 0xaf, 0x73, 0xaf, 0x73,
    0xaf, 0x73, 0xae, 0x73, 0xaf, 0x73, 0xaf, 0x73, 0xcf, 0x73, 0xcf, 0x7b,
    0xaf, 0x73, 0xaf, 0x73, 0x8e, 0x73, 0xaf, 0x73, 0x8e, 0x6b, 0x8f, 0x73,
    0xaf, 0x73, 0xae, 0x73, 0x6e, 0x73, 0x8e, 0x73, 0x8e, 0x6b, 0x6e, 0x6b,
    0x8e, 0x73, 0xaf, 0x73, 0xaf, 0x73, 0xaf, 0x73, 0xaf, 0x73, 0xaf, 0x73,
    0xaf, 0x73, 0xcf, 0x73, 0xcf, 0x7b, 0xaf, 0x7b, 0xcf, 0x73, 0xcf, 0x7b,
    0xaf, 0x7b, 0xaf, 0x73, 0xaf, 0x73, 0xaf, 0x7b, 0xaf, 0x73, 0xae, 0x73,
    0x8e, 0x73, 0x6e, 0x73, 0x8f, 0x73, 0xaf, 0x73, 0xaf, 0x73, 0xaf, 0x7b,
    0xcf, 0x7b, 0xaf, 0x73, 0xae, 0x73, 0xaf, 0x73, 0x8e, 0x73, 0x8e, 0x73,
    0xae, 0x73, 0x8e, 0x73, 0x6e, 0x6b, 0x8e, 0x73, 0x6d, 0x6b, 0x6e, 0x6b,
    0x6e, 0x6b, 0x4d, 0x6b, 0x4d, 0x6b, 0x66, 0x29, 0x25, 0x21, 0x24, 0x21,
    0x24, 0x21, 0x24, 0x21, 0x45, 0x29, 0x25, 0x29, 0x66, 0x29, 0x86, 0x31,
    0x45, 0x29, 0x86, 0x29, 0x65, 0x29, 0x65, 0x29, 0x66, 0x29, 0x86, 0x31,
    0xa6, 0x31, 0x86, 0x31, 0xa7, 0x39, 0xa6, 0x31, 0x86, 0x31, 0xa7, 0x39,
    0xc7, 0x39, 0xc7, 0x31, 0xc7, 0x39, 0xc7, 0x39, 0x08, 0x3a, 0x49, 0x4a,
    0x49, 0x4a, 0x6a, 0x4a, 0x8a, 0x52, 0xab, 0x52, 0x8a, 0x52, 0x69, 0x4a,
    0x69, 0x4a, 0x6a, 0x4a, 0x6a, 0x4a, 0x69, 0x4a, 0x6a, 0x4a, 0x8a, 0x52,
    0x6a, 0x4a, 0xcb, 0x5a, 0x0c, 0x63, 0xeb, 0x5a, 0xab, 0x52, 0x8a, 0x52,
    0x8a, 0x52, 0x8a, 0x52, 0xab, 0x52, 0x8b, 0x52, 0x8a, 0x52, 0x49, 0x4a,
    0x49, 0x4a, 0x29, 0x4a, 0x29, 0x42, 0x49, 0x4a, 0x69, 0x4a, 0x49, 0x4a,
    0x49, 0x4a, 0x49, 0x4a, 0x29, 0x42, 0x08, 0x42, 0x08, 0x3a, 0x08, 0x42,
    0x08, 0x42, 0x28, 0x42, 0x29, 0x4a, 0x29, 0x42, 0x29, 0x4a, 0x28, 0x42,
    0xe8, 0x41, 0x29, 0x42, 0xcb, 0x52, 0xab, 0x52, 0x4a, 0x4a, 0x28, 0x42,
    0xe7, 0x39, 0xe8, 0x39, 0xe7, 0x39, 0xe7, 0x39, 0xe8, 0x39, 0xc7, 0x39,
    0x86, 0x31, 0x86, 0x31, 0x65, 0x29, 0x45, 0x29, 0x24, 0x21, 0x04, 0x21,
    0x04, 0x21, 0x04, 0x21, 0x04, 0x21, 0x04, 0x21, 0x04, 0x21, 0x04, 0x21,
    0x04, 0x21, 0x04, 0x21, 0x04, 0x21, 0x04, 0x21, 0xe3, 0x20, 0xc3, 0x18,
    0xc3, 0x18, 0xe4, 0x20, 0xe4, 0x20, 0xe3, 0x18, 0xc3, 0x18, 0xc3, 0x18,
    0xc3, 0x18, 0xe3, 0x20, 0xe3, 0x18, 0xc2, 0x18, 0xa2, 0x18, 0xa2, 0x10,
    0x82, 0x10, 0x81, 0x10, 0x82, 0x10, 0x81, 0x10, 0x82, 0x10, 0x82, 0x10,
    0x81, 0x10, 0x82, 0x10, 0x62, 0x10, 0x61, 0x10, 0x61, 0x08, 0x61, 0x08,
    0x61, 0x08, 0x61, 0x08, 0x61, 0x08, 0x61, 0x08, 0x61, 0x08, 0x61, 0x08,
    0x61, 0x10, 0x61, 0x10, 0x82, 0x10, 0x82, 0x10, 0x81, 0x10, 0x81, 0x10,
    0x81, 0x10, 0x61, 0x10, 0x82, 0x10, 0xc3, 0x18, 0xc3, 0x18, 0xc3, 0x18,
    0xe3, 0x18, 0xc3, 0x18, 0xc3, 0x18, 0x45, 0x29, 0x66, 0x29, 0x86, 0x31,
    0xa6, 0x39, 0xc7, 0x39, 0xe8, 0x41, 0xc7, 0x39, 0xa7, 0x31, 0x08, 0x42,
    0x8a, 0x52, 0xaa, 0x52, 0xaa, 0x52, 0x8a, 0x52, 0xab, 0x52, 0x6d, 0x6b,
    0x8e, 0x73, 0xf0, 0x7b, 0xaf, 0x73, 0x8e, 0x73, 0x6e, 0x6b, 0x0c, 0x63,
    0xec, 0x5a, 0xec, 0x5a, 0xec, 0x5a, 0x2c, 0x63, 0x6e, 0x6b, 0x6e, 0x6b,
    0x6d, 0x6b, 0x8e, 0x73, 0x8e, 0x73, 0xaf, 0x73, 0xcf, 0x7b, 0xf0, 0x7b,
    0xf0, 0x7b, 0x10, 0x84, 0x10, 0x84, 0x10, 0x84, 0x31, 0x84, 0x51, 0x8c,
    0x72, 0x8c, 0x72, 0x94, 0xb3, 0x94, 0xb3, 0x94, 0xb3, 0x94, 0xb3, 0x9c,
    0xd3, 0x9c, 0xd4, 0x9c, 0xf4, 0x9c, 0xd3, 0x9c, 0xb3, 0x94, 0xd3, 0x94,
    0x51, 0x8c, 0x10, 0x84, 0xf0, 0x7b, 0xf0, 0x7b, 0x10, 0x84, 0x51, 0x8c,
    0x51, 0x8c, 0x51, 0x8c, 0x51, 0x8c, 0xcf, 0x7b, 0x8e, 0x73, 0x6d, 0x6b,
    0x4d, 0x6b, 0x8e, 0x73, 0xcf, 0x7b, 0xaf, 0x7b, 0x8e, 0x73, 0x8e, 0x73,
    0x8f, 0x73, 0xaf, 0x73, 0xaf, 0x73, 0xaf, 0x73, 0xae, 0x73, 0xaf, 0x73,
    0xcf, 0x7b, 0xcf, 0x73, 0xcf, 0x7b, 0xcf, 0x7b, 0xcf, 0x7b, 0xcf, 0x7b,
    0xcf, 0x7b, 0xcf, 0x7b, 0xcf, 0x73, 0xae, 0x73, 0x8e, 0x73, 0xae, 0x73,
    0xaf, 0x73, 0xaf, 0x73, 0xaf, 0x73, 0xae, 0x73, 0x8e, 0x73, 0x8e, 0x73,
    0x8e, 0x73, 0x8e, 0x6b, 0xae, 0x73, 0x6e, 0x6b, 0x8e, 0x73, 0xaf, 0x73,
    0xae, 0x73, 0xaf, 0x73, 0xaf, 0x73, 0xae, 0x73, 0xae, 0x73, 0xaf, 0x73,
    0xaf, 0x73, 0xcf, 0x7b, 0xaf, 0x73, 0xae, 0x73, 0xaf, 0x73, 0xcf, 0x7b,
    0xcf, 0x7b, 0xcf, 0x7b, 0xcf, 0x7b, 0xcf, 0x7b, 0xef, 0x7b, 0xef, 0x7b,
    0xcf, 0x7b, 0xcf, 0x7b, 0xcf, 0x7b, 0xcf, 0x7b, 0xcf, 0x7b, 0xcf, 0x7b,
    0xcf, 0x7b, 0xcf, 0x7b, 0xcf, 0x7b, 0xef, 0x7b, 0xcf, 0x7b, 0xcf, 0x7b,
    0x8e, 0x73, 0x6e, 0x6b, 0x8e, 0x73, 0xaf, 0x73, 0x8f, 0x73, 0x8e, 0x73,
    0x8e, 0x73, 0x8e, 0x73, 0x8e, 0x73, 0x8e, 0x73, 0xaf, 0x73, 0xaf, 0x73,
    0xae, 0x73, 0xae, 0x73, 0x8e, 0x73, 0x8e, 0x73, 0x8e, 0x73, 0xaf, 0x73,
    0xae, 0x73, 0x6e, 0x6b, 0x6e, 0x6b, 0x6d, 0x6b, 0x6e, 0x6b, 0x6e, 0x6b,
    0x6e, 0x6b, 0x6e, 0x6b, 0x6e, 0x6b, 0x6e, 0x6b, 0x6e, 0x6b, 0x6d, 0x6b,
    0x6e, 0x6b, 0x6d, 0x6b, 0x8e, 0x73, 0x8e, 0x73, 0x8e, 0x6b, 0x8e, 0x73,
    0x8e, 0x73, 0x6e, 0x6b, 0x8e, 0x6b, 0x6e, 0x6b, 0x6e, 0x6b, 0x6e, 0x6b,
    0x8e, 0x73, 0x8e, 0x73, 0x8e, 0x73, 0x8e, 0x73, 0x8e, 0x73, 0x66, 0x29,
    0xe3, 0x18, 0x04, 0x21, 0xe4, 0x18, 0x04, 0x21, 0x24, 0x21, 0x24, 0x21,
    0x45, 0x21, 0x65, 0x29, 0x86, 0x31, 0x66, 0x31, 0x86, 0x31, 0xa6, 0x31,
    0xa6, 0x31, 0x86, 0x31, 0xa7, 0x39, 0x86, 0x31, 0xc7, 0x39, 0xa6, 0x31,
    0xa7, 0x39, 0xe8, 0x39, 0xc7, 0x39, 0x08, 0x3a, 0x08, 0x3a, 0x08, 0x42,
    0x69, 0x4a, 0x8a, 0x52, 0xab, 0x52, 0xab, 0x5a, 0xcb, 0x5a, 0xab, 0x52,
    0x6a, 0x4a, 0x49, 0x4a, 0x49, 0x42, 0x49, 0x42, 0x29, 0x4a, 0x29, 0x42,
    0x8a, 0x4a, 0xab, 0x52, 0xcb, 0x5a, 0xcb, 0x5a, 0x0c, 0x63, 0xec, 0x5a,
    0xab, 0x52, 0x8a, 0x52, 0x8a, 0x52, 0xcb, 0x5a, 0x0c, 0x63, 0xec, 0x62,
    0xab, 0x52, 0x49, 0x4a, 0x49, 0x4a, 0x29, 0x42, 0x28, 0x42, 0x49, 0x4a,
    0x69, 0x4a, 0x49, 0x4a, 0x49, 0x4a, 0x69, 0x4a, 0x6a, 0x4a, 0x6a, 0x4a,
    0x69, 0x4a, 0x49, 0x4a, 0x28, 0x42, 0xe7, 0x39, 0xe7, 0x39, 0x28, 0x42,
    0x29, 0x4a, 0x08, 0x42, 0x29, 0x42, 0xaa, 0x52, 0xcb, 0x5a, 0x8a, 0x52,
    0xe8, 0x39, 0xc7, 0x39, 0xc7, 0x39, 0xc7, 0x39, 0xc7, 0x39, 0xc7, 0x39,
    0xc8, 0x39, 0xc7, 0x39, 0xc7, 0x31, 0xa6, 0x31, 0x86, 0x31, 0x45, 0x29,
    0x25, 0x21, 0x24, 0x29, 0x24, 0x21, 0x04, 0x21, 0x04, 0x21, 0x04, 0x21,
    0x04, 0x21, 0x24, 0x21, 0x04, 0x21, 0x04, 0x21, 0x24, 0x21, 0x24, 0x21,
    0x04, 0x21, 0x04, 0x21, 0x24, 0x21, 0xe4, 0x20, 0xc3, 0x18, 0xc3, 0x18,
    0xc3, 0x18, 0xa2, 0x18, 0xc3, 0x18, 0xe3, 0x18, 0xc3, 0x18, 0xa2, 0x18,
    0x82, 0x10, 0x61, 0x08, 0x61, 0x10, 0x61, 0x10, 0x62, 0x10, 0x82, 0x10,
    0x81, 0x10, 0x82, 0x10, 0x61, 0x10, 0x81, 0x10, 0x62, 0x08, 0x82, 0x10,
    0x82, 0x10, 0x82, 0x10, 0x61, 0x10, 0x61, 0x08, 0x61, 0x10, 0x61, 0x08,
    0x61, 0x08, 0x61, 0x10, 0x61, 0x10, 0x82, 0x10, 0x61, 0x10, 0x62, 0x10,
    0x82, 0x10, 0x82, 0x10, 0x82, 0x10, 0x82, 0x10, 0x82, 0x10, 0xa2, 0x10,
    0xa2, 0x10, 0x82, 0x10, 0xc3, 0x18, 0x25, 0x29, 0x45, 0x29, 0x65, 0x29,
    0xa7, 0x39, 0x86, 0x31, 0xc7, 0x39, 0xc7, 0x39, 0x08, 0x42, 0xe8, 0x41,
    0x28, 0x42, 0x69, 0x4a, 0xab, 0x52, 0xab, 0x5a, 0xaa, 0x52, 0xab, 0x52,
    0x2d, 0x63, 0x6d, 0x6b, 0xaf, 0x73, 0xf0, 0x7b, 0x8e, 0x73, 0xae, 0x73,
    0x8f, 0x73, 0x8e, 0x73, 0x6e, 0x6b, 0x4d, 0x6b, 0x2d, 0x63, 0x4d, 0x6b,
    0x8e, 0x73, 0x4d, 0x6b, 0x4d, 0x6b, 0x4d, 0x6b, 0x6e, 0x6b, 0x8e, 0x73,
    0xaf, 0x7b, 0xcf, 0x7b, 0xcf, 0x7b, 0xf0, 0x7b, 0x10, 0x84, 0x10, 0x7c,
    0x31, 0x84, 0x51, 0x8c, 0x92, 0x94, 0x92, 0x94, 0xb2, 0x94, 0x92, 0x94,
    0x92, 0x94, 0xb2, 0x94, 0xb3, 0x94, 0xd3, 0x9c, 0xd4, 0x9c, 0xb3, 0x94,
    0xb3, 0x94, 0xd3, 0x9c, 0x92, 0x94, 0x31, 0x84, 0x31, 0x84, 0x31, 0x8c,
    0x52, 0x8c, 0x71, 0x8c, 0x51, 0x84, 0x51, 0x8c, 0x92, 0x8c, 0x72, 0x8c,
    0x10, 0x84, 0xaf, 0x73, 0x6e, 0x6b, 0x6e, 0x6b, 0x6e, 0x6b, 0xae, 0x73,
    0xaf, 0x73, 0xaf, 0x73, 0xae, 0x73, 0x8e, 0x73, 0x8e, 0x73, 0xae, 0x73,
    0xaf, 0x73, 0xaf, 0x73, 0xaf, 0x73, 0xf0, 0x7b, 0xf0, 0x7b, 0xf0, 0x7b,
    0xf0, 0x7b, 0xf0, 0x7b, 0xf0, 0x7b, 0xcf, 0x7b, 0xaf, 0x73, 0xae, 0x73,
    0xae, 0x73, 0xaf, 0x7b, 0xaf, 0x73, 0xae, 0x73, 0xaf, 0x73, 0xaf, 0x73,
    0xaf, 0x73, 0xcf, 0x7b, 0xae, 0x73, 0xcf, 0x7b, 0xcf, 0x7b, 0xcf, 0x7b,
    0xef, 0x7b, 0xcf, 0x7b, 0xcf, 0x73, 0xcf, 0x7b, 0xcf, 0x7b, 0xcf, 0x7b,
    0xcf, 0x7b, 0xf0, 0x7b, 0xef, 0x7b, 0xcf, 0x7b, 0xcf, 0x7b, 0xcf, 0x7b,
    0xf0, 0x7b, 0xf0, 0x7b, 0xf0, 0x7b, 0xf0, 0x7b, 0xf0, 0x7b, 0xcf, 0x7b,
    0xcf, 0x7b, 0xf0, 0x7b, 0xd0, 0x7b, 0xf0, 0x7b, 0xef, 0x7b, 0x10, 0x84,
    0xf0, 0x7b, 0xf0, 0x7b, 0xf0, 0x7b, 0xf0, 0x7b, 0x10, 0x7c, 0x10, 0x7c,
    0x10, 0x84, 0xf0, 0x7b, 0xf0, 0x7b, 0xaf, 0x73, 0xaf, 0x7b, 0xcf, 0x7b,
    0xcf, 0x7b, 0xf0, 0x7b, 0xaf, 0x73, 0x8f, 0x73, 0xaf, 0x73, 0xaf, 0x73,
    0x8e, 0x73, 0xae, 0x73, 0x6e, 0x73, 0x8e, 0x73, 0x8e, 0x73, 0x6e, 0x6b,
    0x6e, 0x6b, 0x6e, 0x6b, 0x6e, 0x6b, 0x6d, 0x6b, 0x6d, 0x6b, 0x4d, 0x6b,
    0x6d, 0x6b, 0x6d, 0x6b, 0x6e, 0x73, 0x8e, 0x73, 0x6e, 0x73, 0x8e, 0x73,
    0x6d, 0x6b, 0x6e, 0x6b, 0x6e, 0x6b, 0x6d, 0x6b, 0x2d, 0x63, 0x4e, 0x6b,
    0x6e, 0x73, 0x6e, 0x6b, 0x6e, 0x6b, 0x6e, 0x6b, 0x4d, 0x6b, 0x4d, 0x6b,
    0x6e, 0x73, 0x8e, 0x73, 0x8e, 0x73, 0x6e, 0x6b, 0xaf, 0x73, 0x8e, 0x73,
    0x8e, 0x73, 0x66, 0x31, 0xe3, 0x18, 0xe3, 0x18, 0x04, 0x21, 0x24, 0x21,
    0x45, 0x29, 0x65, 0x29, 0xa6, 0x31, 0x86, 0x31, 0x86, 0x31, 0xa6, 0x31,
    0x86, 0x31, 0xa7, 0x31, 0xa6, 0x31, 0xa6, 0x31, 0x66, 0x31, 0xa6, 0x31,
    0x86, 0x31, 0x86, 0x31, 0xc7, 0x39, 0xc7, 0x39, 0xc7, 0x31, 0xe7, 0x39,
    0x49, 0x4a, 0x69, 0x4a, 0x8a, 0x52, 0x8a, 0x52, 0x8a, 0x52, 0xaa, 0x52,
    0xab, 0x52, 0x8a, 0x52, 0x8a, 0x52, 0x69, 0x4a, 0x49, 0x4a, 0x8a, 0x4a,
    0x49, 0x4a, 0x6a, 0x4a, 0xab, 0x52, 0xab, 0x52, 0xab, 0x52, 0xec, 0x5a,
    0xec, 0x5a, 0xcb, 0x5a, 0xab, 0x52, 0xab, 0x5a, 0xcb, 0x5a, 0xcb, 0x52,
    0xcb, 0x5a, 0xab, 0x52, 0xcb, 0x5a, 0xab, 0x52, 0xab, 0x52, 0x8a, 0x52,
    0x6a, 0x4a, 0x8a, 0x4a, 0x8a, 0x4a, 0x6a, 0x4a, 0x69, 0x4a, 0x6a, 0x4a,
    0x8a, 0x52, 0x6a, 0x4a, 0x49, 0x4a, 0x49, 0x4a, 0x29, 0x42, 0x08, 0x42,
    0x28, 0x42, 0x69, 0x4a, 0x6a, 0x52, 0x6a, 0x52, 0x8a, 0x52, 0x8b, 0x52,
    0x8a, 0x52, 0x28, 0x42, 0xe8, 0x39, 0xc7, 0x39, 0xe7, 0x39, 0xc7, 0x39,
    0xc7, 0x31, 0xc7, 0x39, 0xc7, 0x31, 0xc7, 0x31, 0xc7, 0x39, 0xa7, 0x31,
    0xa6, 0x31, 0x86, 0x31, 0x66, 0x31, 0x45, 0x29, 0x45, 0x29, 0x45, 0x29,
    0x25, 0x29, 0x24, 0x21, 0x04, 0x21, 0x04, 0x21, 0x04, 0x21, 0x04, 0x21,
    0x04, 0x21, 0x04, 0x21, 0x25, 0x21, 0x24, 0x21, 0x04, 0x21, 0xe3, 0x18,
    0xa2, 0x18, 0xa3, 0x18, 0xc3, 0x18, 0xc2, 0x18, 0xc2, 0x18, 0xa2, 0x10,
    0xa2, 0x10, 0x82, 0x10, 0x61, 0x08, 0x61, 0x08, 0x61, 0x08, 0x61, 0x08,
    0x61, 0x10, 0x61, 0x08, 0x61, 0x08, 0x61, 0x10, 0x61, 0x08, 0x61, 0x08,
    0x81, 0x10, 0x82, 0x10, 0x82, 0x10, 0x82, 0x10, 0x82, 0x10, 0x62, 0x10,
    0x62, 0x10, 0x61, 0x10, 0x62, 0x10, 0x61, 0x10, 0x61, 0x08, 0x62, 0x08,
    0x61, 0x08, 0x81, 0x10, 0x61, 0x10, 0x62, 0x08, 0x61, 0x10, 0x81, 0x10,
    0x82, 0x10, 0xa2, 0x10, 0x82, 0x10, 0xa2, 0x10, 0xe3, 0x18, 0x04, 0x21,
    0x86, 0x31, 0xa6, 0x31, 0x86, 0x31, 0x86, 0x31, 0xa6, 0x31, 0x08, 0x42,
    0x29, 0x42, 0x49, 0x4a, 0x6a, 0x52, 0x8a, 0x52, 0xab, 0x52, 0xcb, 0x5a,
    0xec, 0x5a, 0x2d, 0x63, 0x2d, 0x63, 0x8e, 0x73, 0xf0, 0x7b, 0xcf, 0x7b,
    0x8e, 0x73, 0x6e, 0x6b, 0x6e, 0x6b, 0xae, 0x73, 0xcf, 0x7b, 0xaf, 0x7b,
    0x8e, 0x73, 0x6e, 0x6b, 0x6d, 0x6b, 0x4d, 0x6b, 0x8e, 0x73, 0x6d, 0x6b,
    0x4d, 0x6b, 0x8e, 0x6b, 0xcf, 0x7b, 0xcf, 0x7b, 0xae, 0x73, 0xf0, 0x7b,
    0x10, 0x84, 0x30, 0x84, 0x51, 0x8c, 0x72, 0x8c, 0x72, 0x8c, 0x92, 0x94,
    0xb3, 0x94, 0x92, 0x94, 0x72, 0x94, 0x92, 0x94, 0xb3, 0x94, 0xb3, 0x94,
    0xb3, 0x94, 0xb3, 0x94, 0xb3, 0x94, 0xd3, 0x9c, 0x92, 0x94, 0x72, 0x8c,
    0x72, 0x8c, 0x92, 0x94, 0x92, 0x8c, 0x72, 0x8c, 0x72, 0x8c, 0x72, 0x8c,
    0x92, 0x94, 0xd3, 0x9c, 0x93, 0x94, 0x10, 0x84, 0xcf, 0x7b, 0xae, 0x73,
    0x8e, 0x73, 0x8f, 0x73, 0xaf, 0x73, 0xaf, 0x7b, 0xcf, 0x73, 0xaf, 0x73,
    0x8f, 0x73, 0xaf, 0x73, 0xaf, 0x7b, 0xcf, 0x7b, 0xcf, 0x7b, 0xf0, 0x7b,
    0xf0, 0x7b, 0x10, 0x84, 0xf0, 0x7b, 0xf0, 0x7b, 0xef, 0x7b, 0xcf, 0x7b,
    0xae, 0x73, 0xae, 0x73, 0xae, 0x73, 0x8e, 0x73, 0x8e, 0x73, 0xaf, 0x73,
    0x8e, 0x73, 0xcf, 0x7b, 0xaf, 0x73, 0xcf, 0x73, 0xcf, 0x7b, 0xd0, 0x7b,
    0xf0, 0x7b, 0xf0, 0x7b, 0xf0, 0x7b, 0xf0, 0x7b, 0xf0, 0x7b, 0xf0, 0x83,
    0x10, 0x84, 0x10, 0x7c, 0xf0, 0x83, 0xf0, 0x7b, 0xf0, 0x7b, 0xf0, 0x7b,
    0xcf, 0x7b, 0x10, 0x84, 0x10, 0x84, 0xf0, 0x7b, 0x10, 0x7c, 0x10, 0x84,
    0xf0, 0x7b, 0xf0, 0x7b, 0xf0, 0x7b, 0xf0, 0x83, 0x10, 0x84, 0x31, 0x84,
    0x31, 0x84, 0x31, 0x84, 0x31, 0x84, 0x30, 0x84, 0x10, 0x84, 0x10, 0x84,
    0x10, 0x84, 0x10, 0x84, 0xf0, 0x7b, 0x10, 0x84, 0x30, 0x84, 0x10, 0x84,
    0xef, 0x7b, 0xcf, 0x7b, 0x10, 0x7c, 0xef, 0x7b, 0xef, 0x7b, 0xef, 0x7b,
    0xcf, 0x7b, 0xaf, 0x73, 0x8e, 0x73, 0x8e, 0x73, 0x8e, 0x73, 0x6e, 0x6b,
    0x6e, 0x73, 0x6e, 0x6b, 0x6e, 0x6b, 0x6d, 0x6b, 0x4d, 0x6b, 0x4d, 0x6b,
    0x4e, 0x6b, 0x6e, 0x6b, 0x6e, 0x73, 0x8e, 0x73, 0xaf, 0x73, 0x8e, 0x73,
    0x6e, 0x6b, 0x4d, 0x6b, 0x6e, 0x6b, 0x8e, 0x73, 0x4d, 0x6b, 0x4d, 0x6b,
    0x6e, 0x6b, 0x4d, 0x6b, 0x4d, 0x6b, 0x4d, 0x6b, 0x4d, 0x6b, 0xae, 0x73,
    0x6e, 0x6b, 0x6e, 0x73, 0xaf, 0x73, 0xaf, 0x73, 0x8e, 0x73, 0x8e, 0x73,
    0x8e, 0x73, 0x8e, 0x6b, 0x8e, 0x73, 0x86, 0x31, 0x04, 0x21, 0x24, 0x21,
    0x66, 0x29, 0x86, 0x31, 0x65, 0x29, 0x66, 0x29, 0xa6, 0x31, 0xa7, 0x31,
    0xa6, 0x31, 0xa6, 0x31, 0x86, 0x31, 0x86, 0x31, 0x86, 0x31, 0x86, 0x31,
    0x86, 0x31, 0xa6, 0x31, 0xa7, 0x31, 0xa7, 0x39, 0xc7, 0x39, 0xe7, 0x39,
    0x08, 0x42, 0x29, 0x4a, 0x49, 0x4a, 0x49, 0x4a, 0x49, 0x42, 0x49, 0x4a,
    0x6a, 0x4a, 0x8a, 0x4a, 0xaa, 0x52, 0x8a, 0x52, 0x8a, 0x4a, 0x6a, 0x4a,
    0x6a, 0x52, 0x8a, 0x52, 0xab, 0x52, 0xab, 0x5a, 0xaa, 0x52, 0xab, 0x52,
    0xcb, 0x5a, 0xeb, 0x5a, 0xec, 0x5a, 0xcb, 0x5a, 0xcb, 0x5a, 0xcb, 0x52,
    0xab, 0x5a, 0xcb, 0x5a, 0xcb, 0x52, 0xab, 0x5a, 0xcb, 0x5a, 0xcb, 0x5a,
    0xab, 0x52, 0xab, 0x52, 0xab, 0x52, 0xab, 0x5a, 0xaa, 0x52, 0x8a, 0x52,
    0xab, 0x52, 0x8a, 0x52, 0x6a, 0x4a, 0x6a, 0x4a, 0x69, 0x4a, 0x6a, 0x4a,
    0x6a, 0x4a, 0x8a, 0x52, 0x8a, 0x52, 0xab, 0x52, 0x8a, 0x52, 0x8a, 0x52,
    0x8a, 0x4a, 0x6a, 0x4a, 0x6a, 0x4a, 0x29, 0x42, 0x08, 0x42, 0x08, 0x3a,
    0x08, 0x42, 0xc8, 0x39, 0xe7, 0x39, 0xe7, 0x39, 0xc7, 0x39, 0xc7, 0x31,
    0xa6, 0x31, 0xa6, 0x31, 0x86, 0x31, 0x86, 0x31, 0x86, 0x31, 0x45, 0x29,
    0x45, 0x29, 0x45, 0x29, 0x45, 0x29, 0x25, 0x29, 0x04, 0x21, 0x04, 0x21,
    0xe4, 0x20, 0x04, 0x21, 0xe3, 0x20, 0xc3, 0x18, 0xc3, 0x18, 0xc3, 0x18,
    0xc3, 0x18, 0xc2, 0x18, 0xa2, 0x18, 0xc3, 0x18, 0xa2, 0x10, 0xa2, 0x10,
    0x82, 0x10, 0x81, 0x10, 0x61, 0x10, 0x61, 0x08, 0x61, 0x10, 0x61, 0x10,
    0x62, 0x10, 0x62, 0x10, 0x82, 0x10, 0x61, 0x10, 0x62, 0x10, 0x62, 0x10,
    0x82, 0x10, 0x82, 0x10, 0x82, 0x10, 0x82, 0x10, 0xa2, 0x10, 0x82, 0x10,
    0xa2, 0x10, 0xa2, 0x10, 0x82, 0x10, 0x82, 0x10, 0x82, 0x10, 0x82, 0x10,
    0x82, 0x10, 0x82, 0x10, 0x82, 0x10, 0x82, 0x10, 0x82, 0x10, 0x81, 0x10,
    0x82, 0x10, 0x82, 0x10, 0x82, 0x10, 0xa2, 0x10, 0xa2, 0x18, 0xc3, 0x18,
    0x04, 0x21, 0x66, 0x31, 0x66, 0x31, 0x86, 0x31, 0x86, 0x31, 0xc7, 0x39,
    0xe8, 0x41, 0x49, 0x4a, 0x69, 0x4a, 0xaa, 0x52, 0xab, 0x5a, 0xcb, 0x52,
    0xec, 0x5a, 0x2c, 0x63, 0x2c, 0x63, 0x0c, 0x63, 0x8e, 0x73, 0xf0, 0x7b,
    0x10, 0x84, 0xcf, 0x7b, 0x8e, 0x73, 0x4d, 0x6b, 0x4d, 0x6b, 0x8e, 0x73,
    0xcf, 0x73, 0xcf, 0x7b, 0xaf, 0x73, 0x6e, 0x6b, 0x4d, 0x6b, 0x6d, 0x6b,
    0x8e, 0x73, 0x6e, 0x6b, 0x6e, 0x6b, 0x8e, 0x73, 0xf0, 0x7b, 0xcf, 0x7b,
    0xf0, 0x7b, 0x10, 0x84, 0x11, 0x84, 0x31, 0x84, 0x51, 0x8c, 0x72, 0x8c,
    0x92, 0x8c, 0x72, 0x94, 0xb3, 0x94, 0x92, 0x8c, 0x72, 0x8c, 0x72, 0x8c,
    0x92, 0x94, 0xb3, 0x94, 0xb2, 0x94, 0xb3, 0x9c, 0xd3, 0x9c, 0xd3, 0x9c,
    0x92, 0x94, 0x51, 0x8c, 0x72, 0x8c, 0x92, 0x94, 0x92, 0x94, 0x72, 0x8c,
    0x51, 0x8c, 0x51, 0x8c, 0x72, 0x8c, 0x92, 0x94, 0xb3, 0x94, 0x92, 0x94,
    0x10, 0x84, 0xf0, 0x7b, 0xf0, 0x7b, 0xf0, 0x7b, 0xf0, 0x7b, 0xef, 0x7b,
    0xcf, 0x7b, 0xcf, 0x7b, 0xef, 0x7b, 0xef, 0x7b, 0xd0, 0x7b, 0xcf, 0x7b,
    0xcf, 0x7b, 0xcf, 0x7b, 0xcf, 0x7b, 0xef, 0x7b, 0xef, 0x7b, 0xcf, 0x7b,
    0xcf, 0x7b, 0xaf, 0x73, 0xae, 0x73, 0xaf, 0x7b, 0x8e, 0x73, 0xaf, 0x73,
    0xaf, 0x73, 0xcf, 0x7b, 0xcf, 0x7b, 0xcf, 0x7b, 0xef, 0x7b, 0xf0, 0x7b,
    0x10, 0x84, 0x10, 0x84, 0x10, 0x84, 0x10, 0x7c, 0xf0, 0x7b, 0x10, 0x84,
    0x30, 0x84, 0x10, 0x84, 0x10, 0x84, 0x31, 0x84, 0x30, 0x84, 0x10, 0x84,
    0x10, 0x84, 0x31, 0x84, 0x10, 0x84, 0x31, 0x84, 0x31, 0x84, 0x10, 0x84,
    0x10, 0x84, 0x10, 0x84, 0x10, 0x84, 0x10, 0x84, 0x10, 0x84, 0x30, 0x84,
    0x10, 0x84, 0x10, 0x84, 0x10, 0x84, 0x31, 0x84, 0x51, 0x8c, 0x51, 0x8c,
    0x10, 0x84, 0x10, 0x84, 0x11, 0x84, 0x10, 0x84, 0x10, 0x84, 0x11, 0x84,
    0x10, 0x84, 0x10, 0x84, 0x10, 0x84, 0x10, 0x7c, 0xf0, 0x83, 0xf0, 0x7b,
    0xf0, 0x7b, 0xf0, 0x7b, 0xcf, 0x7b, 0xcf, 0x7b, 0xcf, 0x7b, 0xaf, 0x73,
    0xaf, 0x73, 0x8e, 0x73, 0xaf, 0x73, 0x8e, 0x73, 0x6e, 0x6b, 0x4d, 0x6b,
    0x4d, 0x6b, 0x4e, 0x6b, 0x6d, 0x6b, 0x4d, 0x6b, 0x6e, 0x73, 0x8e, 0x6b,
    0x8e, 0x73, 0xae, 0x73, 0x8e, 0x73, 0xaf, 0x73, 0x8e, 0x73, 0x8e, 0x73,
    0x8e, 0x73, 0x8e, 0x73, 0x8e, 0x73, 0x8e, 0x6b, 0x6e, 0x6b, 0x8e, 0x73,
    0x4d, 0x6b, 0x6e, 0x6b, 0x6e, 0x6b, 0x6d, 0x6b, 0x8e, 0x73, 0x8e, 0x6b,
    0x4d, 0x6b, 0x6e, 0x6b, 0x6e, 0x6b, 0x6e, 0x6b, 0x6d, 0x6b, 0x46, 0x29,
    0x25, 0x21, 0xa7, 0x39, 0xa7, 0x31, 0xc7, 0x39, 0x86, 0x31, 0x65, 0x29,
    0x25, 0x29, 0x66, 0x29, 0x86, 0x29, 0x45, 0x29, 0x45, 0x29, 0x25, 0x21,
    0x45, 0x29, 0x86, 0x31, 0xc7, 0x39, 0xc7, 0x39, 0x28, 0x42, 0x49, 0x4a,
    0x49, 0x4a, 0x69, 0x4a, 0x49, 0x4a, 0x29, 0x42, 0x29, 0x42, 0x49, 0x4a,
    0x49, 0x4a, 0x49, 0x4a, 0x8a, 0x52, 0x69, 0x4a, 0x6a, 0x4a, 0x8a, 0x52,
    0x8a, 0x52, 0x8a, 0x52, 0xab, 0x52, 0xab, 0x52, 0xcb, 0x5a, 0xaa, 0x52,
    0xaa, 0x52, 0xcb, 0x5a, 0xcb, 0x5a, 0xcb, 0x5a, 0xcb, 0x5a, 0xcb, 0x5a,
    0xcc, 0x5a, 0xec, 0x5a, 0xec, 0x5a, 0xec, 0x5a, 0x0c, 0x63, 0xec, 0x5a,
    0xec, 0x5a, 0xcb, 0x5a, 0xeb, 0x5a, 0x0c, 0x63, 0xec, 0x62, 0xec, 0x5a,
    0xcb, 0x5a, 0xcb, 0x5a, 0xab, 0x52, 0xaa, 0x52, 0x8a, 0x52, 0x8a, 0x52,
    0x8a, 0x52, 0xaa, 0x52, 0xab, 0x52, 0xcb, 0x5a, 0xcb, 0x5a, 0xab, 0x52,
    0x6a, 0x4a, 0x69, 0x4a, 0x6a, 0x4a, 0x6a, 0x4a, 0x49, 0x4a, 0x08, 0x42,
    0xe8, 0x39, 0x08, 0x42, 0x08, 0x42, 0xe8, 0x39, 0xe7, 0x39, 0xc7, 0x39,
    0xc7, 0x39, 0xc7, 0x39, 0x86, 0x31, 0x65, 0x29, 0x65, 0x29, 0x65, 0x29,
    0x45, 0x29, 0x45, 0x29, 0x45, 0x29, 0x45, 0x29, 0x24, 0x21, 0x24, 0x21,
    0x25, 0x21, 0x24, 0x21, 0xe3, 0x18, 0xc3, 0x18, 0xa3, 0x18, 0xa2, 0x10,
    0xa2, 0x10, 0xa3, 0x18, 0xa3, 0x18, 0xc2, 0x18, 0xa2, 0x10, 0xa2, 0x10,
    0xa2, 0x10, 0x82, 0x10, 0x82, 0x10, 0x62, 0x10, 0x61, 0x10, 0x82, 0x10,
    0x82, 0x10, 0x82, 0x10, 0x82, 0x10, 0x82, 0x10, 0x81, 0x10, 0x82, 0x08,
    0x81, 0x10, 0x81, 0x10, 0x82, 0x10, 0x82, 0x10, 0x81, 0x10, 0x81, 0x10,
    0x82, 0x10, 0x81, 0x10, 0x82, 0x10, 0xa2, 0x10, 0xa2, 0x10, 0xa2, 0x10,
    0x81, 0x10, 0xa2, 0x10, 0xa2, 0x10, 0x82, 0x10, 0xa2, 0x10, 0xa2, 0x10,
    0x82, 0x10, 0xa2, 0x10, 0xc2, 0x18, 0xa2, 0x10, 0xa2, 0x10, 0xc3, 0x18,
    0x03, 0x21, 0x24, 0x29, 0x86, 0x31, 0x66, 0x31, 0x65, 0x29, 0xc7, 0x39,
    0x08, 0x42, 0x08, 0x42, 0x29, 0x4a, 0x6a, 0x52, 0x69, 0x4a, 0xaa, 0x52,
    0xeb, 0x5a, 0xec, 0x62, 0xec, 0x5a, 0xec, 0x5a, 0xec, 0x62, 0x6d, 0x6b,
    0xcf, 0x7b, 0x10, 0x84, 0x10, 0x7c, 0x6e, 0x6b, 0x4d, 0x6b, 0x2d, 0x63,
    0x4d, 0x6b, 0x6e, 0x6b, 0xaf, 0x73, 0xcf, 0x7b, 0xcf, 0x7b, 0x8e, 0x73,
    0x4d, 0x6b, 0x8e, 0x73, 0xae, 0x73, 0x8e, 0x73, 0x8e, 0x73, 0xaf, 0x73,
    0xcf, 0x73, 0xef, 0x7b, 0x10, 0x84, 0x10, 0x84, 0x31, 0x84, 0x31, 0x84,
    0x31, 0x8c, 0x51, 0x8c, 0x72, 0x8c, 0x92, 0x94, 0x92, 0x94, 0x72, 0x8c,
    0x51, 0x8c, 0x71, 0x8c, 0x92, 0x94, 0xb3, 0x94, 0xb3, 0x94, 0xd3, 0x9c,
    0xd4, 0x9c, 0xf4, 0x9c, 0xd3, 0x9c, 0x92, 0x94, 0x51, 0x8c, 0x72, 0x8c,
    0x72, 0x8c, 0x72, 0x8c, 0x51, 0x8c, 0x10, 0x84, 0x10, 0x84, 0x31, 0x8c,
    0x72, 0x8c, 0x92, 0x94, 0x92, 0x94, 0x51, 0x8c, 0x31, 0x84, 0x10, 0x84,
    0x30, 0x84, 0x31, 0x84, 0xf0, 0x83, 0xf0, 0x83, 0xf0, 0x7b, 0xef, 0x7b,
    0xef, 0x7b, 0xcf, 0x7b, 0xcf, 0x73, 0xaf, 0x73, 0xaf, 0x7b, 0xaf, 0x7b,
    0xcf, 0x7b, 0xaf, 0x73, 0xae, 0x73, 0xae, 0x73, 0xae, 0x73, 0xaf, 0x73,
    0xaf, 0x73, 0xaf, 0x73, 0xcf, 0x7b, 0xef, 0x7b, 0xf0, 0x7b, 0xf0, 0x7b,
    0x10, 0x84, 0x10, 0x84, 0xf0, 0x7b, 0x30, 0x84, 0x10, 0x84, 0xf0, 0x7b,
    0x10, 0x84, 0x10, 0x84, 0x31, 0x84, 0x10, 0x84, 0x10, 0x84, 0x51, 0x84,
    0x31, 0x8c, 0x31, 0x8c, 0x31, 0x84, 0x51, 0x8c, 0x31, 0x84, 0x31, 0x84,
    0x30, 0x84, 0x31, 0x84, 0x10, 0x84, 0x10, 0x84, 0x10, 0x84, 0x31, 0x84,
    0x10, 0x84, 0x10, 0x7c, 0xf0, 0x7b, 0xcf, 0x7b, 0xcf, 0x7b, 0xcf, 0x7b,
    0xf0, 0x7b, 0x10, 0x84, 0x10, 0x84, 0xf0, 0x7b, 0x10, 0x7c, 0x10, 0x84,
    0x10, 0x84, 0x11, 0x84, 0x51, 0x84, 0x51, 0x8c, 0x31, 0x84, 0x10, 0x84,
    0x31, 0x84, 0x10, 0x84, 0x10, 0x84, 0xf0, 0x83, 0x10, 0x84, 0x10, 0x84,
    0x10, 0x7c, 0xcf, 0x7b, 0xaf, 0x73, 0xaf, 0x73, 0xcf, 0x7b, 0x8e, 0x73,
    0x8e, 0x73, 0x6e, 0x6b, 0x4d, 0x6b, 0x4d, 0x6b, 0x4d, 0x6b, 0x2d, 0x63,
    0x6d, 0x6b, 0x2d, 0x63, 0x2d, 0x63, 0x6e, 0x6b, 0x4d, 0x6b, 0x6e, 0x6b,
    0x8e, 0x73, 0x8e, 0x73, 0xaf, 0x73, 0x8e, 0x73, 0xaf, 0x73, 0x8e, 0x73,
    0x8e, 0x6b, 0xaf, 0x73, 0x6d, 0x6b, 0x4e, 0x6b, 0x4d, 0x6b, 0x4d, 0x6b,
    0x4d, 0x6b, 0x4d, 0x6b, 0x2d, 0x63, 0x2d, 0x63, 0x4d, 0x6b, 0x4d, 0x6b,
    0x4d, 0x6b, 0x66, 0x29, 0x86, 0x31, 0x86, 0x31, 0x85, 0x29, 0x45, 0x29,
    0x25, 0x21, 0x24, 0x21, 0x45, 0x29, 0x25, 0x29, 0x45, 0x29, 0x25, 0x21,
    0x65, 0x29, 0x86, 0x29, 0xa6, 0x31, 0xe7, 0x39, 0x08, 0x42, 0x49, 0x4a,
    0x6a, 0x4a, 0x69, 0x4a, 0x6a, 0x4a, 0x6a, 0x4a, 0x49, 0x4a, 0x69, 0x4a,
    0x8a, 0x4a, 0x6a, 0x4a, 0x6a, 0x4a, 0x6a, 0x4a, 0x69, 0x4a, 0x69, 0x4a,
    0x6a, 0x4a, 0x6a, 0x52, 0xab, 0x52, 0xab, 0x52, 0xaa, 0x52, 0x8a, 0x52,
    0x6a, 0x4a, 0x8a, 0x52, 0xab, 0x52, 0xcb, 0x5a, 0xab, 0x52, 0xab, 0x52,
    0xcb, 0x5a, 0xec, 0x5a, 0xcb, 0x5a, 0x0c, 0x63, 0xec, 0x5a, 0xec, 0x62,
    0x0c, 0x63, 0x0c, 0x63, 0x0c, 0x63, 0x2d, 0x63, 0x0c, 0x63, 0x0c, 0x63,
    0x2c, 0x63, 0x0c, 0x63, 0x0c, 0x63, 0xec, 0x5a, 0xec, 0x5a, 0xcb, 0x5a,
    0xcb, 0x5a, 0xab, 0x52, 0xcb, 0x5a, 0xcb, 0x5a, 0xcb, 0x5a, 0xcb, 0x5a,
    0xab, 0x52, 0x8a, 0x52, 0x6a, 0x4a, 0x6a, 0x4a, 0x6a, 0x4a, 0x49, 0x4a,
    0x29, 0x4a, 0x08, 0x42, 0x08, 0x42, 0x08, 0x42, 0x08, 0x3a, 0xe7, 0x39,
    0xc7, 0x39, 0xc7, 0x39, 0xc7, 0x39, 0xa7, 0x39, 0x86, 0x31, 0x86, 0x31,
    0x65, 0x29, 0x45, 0x29, 0x25, 0x29, 0x45, 0x29, 0x45, 0x29, 0x24, 0x21,
    0x04, 0x21, 0xe3, 0x18, 0xc3, 0x18, 0xe4, 0x20, 0xc3, 0x18, 0xc3, 0x18,
    0xc3, 0x18, 0xc3, 0x18, 0xc3, 0x18, 0xc3, 0x18, 0xc3, 0x18, 0xa2, 0x10,
    0xa2, 0x10, 0xa2, 0x10, 0xa2, 0x18, 0xa2, 0x10, 0xa2, 0x10, 0xa2, 0x10,
    0xa2, 0x10, 0x82, 0x10, 0x82, 0x10, 0xa2, 0x10, 0x82, 0x10, 0x81, 0x10,
    0x82, 0x10, 0x82, 0x10, 0x82, 0x10, 0x81, 0x10, 0x82, 0x08, 0x81, 0x10,
    0x82, 0x10, 0x82, 0x10, 0x81, 0x10, 0x82, 0x10, 0x82, 0x10, 0x81, 0x10,
    0x82, 0x10, 0x82, 0x10, 0x81, 0x10, 0x81, 0x10, 0x82, 0x10, 0x82, 0x10,
    0xa2, 0x18, 0xc2, 0x18, 0xe3, 0x18, 0x24, 0x21, 0x24, 0x21, 0xe4, 0x20,
    0xe3, 0x20, 0x04, 0x21, 0x45, 0x29, 0xa6, 0x31, 0xa7, 0x39, 0xc7, 0x39,
    0xe7, 0x39, 0x08, 0x42, 0x08, 0x42, 0x29, 0x4a, 0x49, 0x4a, 0x69, 0x4a,
    0x69, 0x4a, 0xeb, 0x5a, 0x2d, 0x63, 0x2c, 0x63, 0xec, 0x62, 0x0c, 0x63,
    0x6e, 0x6b, 0xaf, 0x73, 0xcf, 0x7b, 0xf0, 0x7b, 0x6e, 0x73, 0x4d, 0x6b,
    0x6e, 0x6b, 0x6e, 0x6b, 0x4d, 0x6b, 0x8e, 0x73, 0xaf, 0x73, 0xcf, 0x7b,
    0xf0, 0x7b, 0xcf, 0x73, 0x6e, 0x6b, 0x6e, 0x6b, 0xcf, 0x73, 0xcf, 0x7b,
    0xf0, 0x7b, 0xcf, 0x7b, 0xaf, 0x73, 0xcf, 0x7b, 0x10, 0x7c, 0x10, 0x84,
    0x51, 0x8c, 0x51, 0x8c, 0x51, 0x8c, 0x51, 0x84, 0x72, 0x8c, 0x92, 0x94,
    0x72, 0x8c, 0x51, 0x8c, 0x31, 0x8c, 0x92, 0x94, 0xb3, 0x94, 0xb3, 0x94,
    0xb3, 0x9c, 0xd3, 0x9c, 0xf3, 0x9c, 0xf4, 0x9c, 0xd3, 0x9c, 0xd4, 0x9c,
    0x92, 0x94, 0x72, 0x8c, 0x92, 0x94, 0x92, 0x94, 0x72, 0x8c, 0x31, 0x84,
    0x51, 0x8c, 0x31, 0x84, 0x51, 0x8c, 0x72, 0x8c, 0xb3, 0x94, 0x92, 0x94,
    0x51, 0x8c, 0x51, 0x8c, 0x31, 0x84, 0x10, 0x84, 0x10, 0x84, 0x10, 0x84,
    0xf0, 0x7b, 0xcf, 0x7b, 0xcf, 0x7b, 0xcf, 0x7b, 0xcf, 0x7b, 0xcf, 0x7b,
    0xcf, 0x73, 0xae, 0x73, 0xce, 0x73, 0xae, 0x73, 0xaf, 0x7b, 0xae, 0x73,
    0xaf, 0x73, 0xaf, 0x7b, 0xef, 0x7b, 0xf0, 0x83, 0x10, 0x84, 0xf0, 0x7b,
    0x10, 0x84, 0x10, 0x84, 0x10, 0x84, 0x31, 0x84, 0x31, 0x84, 0x10, 0x84,
    0xf0, 0x7b, 0xef, 0x7b, 0xf0, 0x7b, 0x11, 0x84, 0x10, 0x84, 0x11, 0x84,
    0x51, 0x8c, 0x31, 0x84, 0x51, 0x8c, 0x51, 0x8c, 0x51, 0x8c, 0x72, 0x8c,
    0x31, 0x84, 0x31, 0x84, 0x51, 0x8c, 0x51, 0x8c, 0x52, 0x8c, 0x71, 0x8c,
    0x51, 0x8c, 0x72, 0x8c, 0x51, 0x8c, 0x51, 0x8c, 0x51, 0x84, 0x31, 0x84,
    0x10, 0x84, 0x31, 0x84, 0x31, 0x84, 0xf0, 0x7b, 0xd0, 0x7b, 0xf0, 0x7b,
    0xf0, 0x7b, 0x10, 0x7c, 0x31, 0x84, 0x51, 0x84, 0x51, 0x8c, 0x51, 0x8c,
    0x51, 0x84, 0x31, 0x84, 0x51, 0x8c, 0x51, 0x8c, 0x51, 0x84, 0x31, 0x84,
    0x31, 0x84, 0x51, 0x8c, 0x31, 0x84, 0x31, 0x84, 0xcf, 0x7b, 0xcf, 0x7b,
    0xcf, 0x7b, 0x8e, 0x73, 0x8e, 0x73, 0x8e, 0x73, 0xaf, 0x73, 0x8e, 0x6b,
    0x4d, 0x6b, 0x2d, 0x6b, 0x2d, 0x63, 0x0c, 0x63, 0x2d, 0x63, 0x2d, 0x63,
    0x2c, 0x63, 0x2d, 0x63, 0x0c, 0x63, 0x2d, 0x63, 0x4d, 0x63, 0x4d, 0x6b,
    0x6e, 0x73, 0x4d, 0x6b, 0x2d, 0x63, 0x2d, 0x6b, 0x0c, 0x63, 0x2c, 0x63,
    0x4d, 0x6b, 0x4d, 0x6b, 0x2d, 0x63, 0x2d, 0x63, 0x0c, 0x63, 0x0c, 0x63,
    0xec, 0x5a, 0xec, 0x5a, 0xec, 0x5a, 0x45, 0x29, 0x45, 0x29, 0x24, 0x21,
    0x24, 0x21, 0x24, 0x21, 0x45, 0x29, 0x45, 0x29, 0x85, 0x29, 0x86, 0x31,
    0x86, 0x31, 0x86, 0x29, 0xa6, 0x31, 0xc7, 0x39, 0xe8, 0x39, 0x28, 0x42,
    0x49, 0x4a, 0x49, 0x4a, 0x69, 0x4a, 0x6a, 0x4a, 0x8a, 0x52, 0x8a, 0x52,
    0x6a, 0x4a, 0x6a, 0x4a, 0x6a, 0x52, 0x8a, 0x52, 0x8a, 0x52, 0x8a, 0x4a,
    0x6a, 0x52, 0x69, 0x4a, 0x49, 0x4a, 0x49, 0x4a, 0x8a, 0x4a, 0x6a, 0x52,
    0x6a, 0x4a, 0x8a, 0x52, 0x8a, 0x52, 0x8b, 0x52, 0xab, 0x52, 0xab, 0x5a,
    0xcb, 0x5a, 0xcb, 0x5a, 0xec, 0x5a, 0xec, 0x5a, 0xec, 0x5a, 0xec, 0x5a,
    0xeb, 0x5a, 0xec, 0x5a, 0x0c, 0x63, 0x2d, 0x63, 0x2d, 0x63, 0x2d, 0x63,
    0x2d, 0x63, 0x2d, 0x63, 0x2d, 0x63, 0x2c, 0x63, 0x0c, 0x63, 0x0c, 0x63,
    0xec, 0x5a, 0xec, 0x5a, 0xeb, 0x5a, 0xec, 0x5a, 0xec, 0x5a, 0xcb, 0x5a,
    0xcb, 0x5a, 0xcb, 0x52, 0xab, 0x52, 0x8a, 0x52, 0x6a, 0x52, 0x6a, 0x4a,
    0x6a, 0x4a, 0x49, 0x4a, 0x28, 0x42, 0x08, 0x42, 0x08, 0x42, 0x08, 0x3a,
    0xc7, 0x39, 0xc7, 0x39, 0xc7, 0x31, 0xa6, 0x31, 0x86, 0x31, 0x86, 0x31,
    0x86, 0x31, 0x66, 0x31, 0x45, 0x29, 0x45, 0x29, 0x45, 0x29, 0x45, 0x29,
    0x25, 0x29, 0x04, 0x21, 0xe4, 0x20, 0xe3, 0x20, 0xc3, 0x18, 0xe3, 0x18,
    0xc3, 0x18, 0xc3, 0x18, 0xc3, 0x18, 0xa2, 0x18, 0xa2, 0x10, 0x82, 0x10,
    0x81, 0x10, 0x82, 0x10, 0x82, 0x10, 0x82, 0x10, 0x82, 0x10, 0xa2, 0x18,
    0xa2, 0x18, 0xa2, 0x10, 0xa2, 0x10, 0xa2, 0x10, 0x82, 0x10, 0x81, 0x10,
    0x82, 0x10, 0x82, 0x10, 0x81, 0x10, 0x82, 0x10, 0x82, 0x10, 0x82, 0x10,
    0x81, 0x10, 0x82, 0x10, 0x82, 0x10, 0x82, 0x10, 0x81, 0x10, 0x82, 0x10,
    0x82, 0x10, 0x81, 0x10, 0x82, 0x10, 0xa2, 0x10, 0xa2, 0x10, 0xa2, 0x10,
    0xa2, 0x18, 0xc3, 0x18, 0x03, 0x21, 0x24, 0x21, 0x25, 0x29, 0x24, 0x29,
    0x24, 0x29, 0x24, 0x21, 0x45, 0x29, 0x65, 0x31, 0xc7, 0x39, 0x08, 0x42,
    0x28, 0x42, 0x29, 0x42, 0x29, 0x4a, 0x29, 0x4a, 0x49, 0x4a, 0x49, 0x4a,
    0x69, 0x4a, 0x8a, 0x52, 0xcb, 0x5a, 0x4d, 0x6b, 0x4d, 0x6b, 0x2d, 0x63,
    0x0c, 0x63, 0x6e, 0x6b, 0xaf, 0x73, 0xcf, 0x7b, 0xcf, 0x7b, 0xaf, 0x73,
    0x4d, 0x6b, 0x6e, 0x6b, 0x8e, 0x73, 0x8e, 0x73, 0x8e, 0x73, 0x8e, 0x73,
    0xaf, 0x73, 0xcf, 0x7b, 0xf0, 0x7b, 0xf0, 0x83, 0xef, 0x7b, 0xcf, 0x7b,
    0xcf, 0x7b, 0xf0, 0x7b, 0xf0, 0x7b, 0xf0, 0x7b, 0xcf, 0x7b, 0xcf, 0x7b,
    0x10, 0x7c, 0x31, 0x84, 0x51, 0x8c, 0x72, 0x8c, 0x71, 0x8c, 0x51, 0x8c,
    0x51, 0x8c, 0x51, 0x8c, 0x72, 0x8c, 0x71, 0x8c, 0x51, 0x8c, 0xb3, 0x94,
    0xd3, 0x94, 0xd3, 0x9c, 0xd3, 0x9c, 0xd3, 0x9c, 0xf4, 0x9c, 0xf4, 0x9c,
    0xf4, 0x9c, 0x14, 0x9d, 0xf4, 0x9c, 0xb3, 0x94, 0xb2, 0x94, 0xb3, 0x94,
    0xb3, 0x94, 0xb3, 0x94, 0xb3, 0x94, 0x92, 0x94, 0x71, 0x8c, 0x72, 0x8c,
    0x92, 0x94, 0x92, 0x94, 0x72, 0x8c, 0x72, 0x8c, 0x51, 0x8c, 0x31, 0x84,
    0x31, 0x84, 0x10, 0x84, 0xf0, 0x7b, 0xf0, 0x7b, 0xd0, 0x7b, 0xcf, 0x7b,
    0xaf, 0x73, 0xcf, 0x73, 0xcf, 0x7b, 0xae, 0x73, 0xcf, 0x7b, 0xcf, 0x7b,
    0xf0, 0x7b, 0xf0, 0x83, 0xf0, 0x83, 0xf0, 0x7b, 0x10, 0x84, 0x10, 0x7c,
    0xf0, 0x7b, 0xf0, 0x7b, 0xcf, 0x7b, 0xf0, 0x7b, 0x10, 0x84, 0x31, 0x84,
    0x31, 0x84, 0x31, 0x84, 0x31, 0x8c, 0x31, 0x84, 0x30, 0x84, 0x30, 0x84,
    0x31, 0x84, 0x31, 0x84, 0x51, 0x8c, 0x31, 0x84, 0x51, 0x84, 0x51, 0x8c,
    0x51, 0x8c, 0x72, 0x8c, 0x72, 0x8c, 0x71, 0x8c, 0x51, 0x8c, 0x72, 0x8c,
    0x51, 0x8c, 0x31, 0x84, 0x51, 0x84, 0x51, 0x8c, 0x51, 0x8c, 0x31, 0x84,
    0x31, 0x84, 0x31, 0x84, 0x10, 0x84, 0x10, 0x84, 0x30, 0x84, 0x10, 0x84,
    0xcf, 0x7b, 0xcf, 0x7b, 0xf0, 0x7b, 0x10, 0x84, 0x10, 0x84, 0x11, 0x84,
    0x11, 0x84, 0x10, 0x84, 0x10, 0x84, 0x11, 0x84, 0x31, 0x84, 0x71, 0x8c,
    0x72, 0x8c, 0x31, 0x84, 0x51, 0x8c, 0x31, 0x84, 0x10, 0x84, 0x10, 0x84,
    0xf0, 0x7b, 0x10, 0x7c, 0xf0, 0x7b, 0xaf, 0x73, 0xcf, 0x7b, 0xaf, 0x73,
    0x8e, 0x73, 0x8e, 0x73, 0x8e, 0x73, 0x8e, 0x73, 0x4d, 0x6b, 0x2d, 0x63,
    0x0c, 0x63, 0x0c, 0x63, 0x0c, 0x63, 0xec, 0x5a, 0x0c, 0x63, 0xec, 0x5a,
    0xec, 0x5a, 0x0c, 0x63, 0x0c, 0x63, 0x4d, 0x63, 0x4d, 0x6b, 0x2d, 0x63,
    0x0c, 0x63, 0xcb, 0x5a, 0xcb, 0x5a, 0xcb, 0x5a, 0x0c, 0x5b, 0x0c, 0x63,
    0x0c, 0x63, 0x2d, 0x63, 0x2d, 0x63, 0x0c, 0x63, 0x0c, 0x63, 0x45, 0x29,
    0x45, 0x21, 0x65, 0x29, 0x65, 0x29, 0x86, 0x31, 0xa6, 0x31, 0xa7, 0x31,
    0xa6, 0x31, 0xa6, 0x31, 0xa7, 0x31, 0xc7, 0x39, 0xe7, 0x39, 0x08, 0x42,
    0x49, 0x4a, 0x49, 0x4a, 0x49, 0x4a, 0x69, 0x4a, 0x6a, 0x52, 0xab, 0x52,
    0xaa, 0x52, 0x8a, 0x52, 0x8a, 0x52, 0x8a, 0x4a, 0x8a, 0x52, 0x8a, 0x52,
    0x8a, 0x52, 0x8a, 0x52, 0x6a, 0x4a, 0x6a, 0x4a, 0x6a, 0x4a, 0x6a, 0x4a,
    0x49, 0x4a, 0x69, 0x4a, 0x49, 0x4a, 0x49, 0x4a, 0x6a, 0x4a, 0x8a, 0x52,
    0xcb, 0x5a, 0xcb, 0x5a, 0xcb, 0x5a, 0xcc, 0x5a, 0xec, 0x5a, 0xec, 0x5a,
    0xeb, 0x5a, 0xec, 0x5a, 0xcb, 0x5a, 0xec, 0x5a, 0x2d, 0x63, 0x4d, 0x6b,
    0x4d, 0x63, 0x2d, 0x63, 0x2d, 0x63, 0x0c, 0x63, 0x2d, 0x63, 0x0c, 0x63,
    0xec, 0x5a, 0xec, 0x5a, 0xec, 0x5a, 0xec, 0x62, 0xec, 0x62, 0xec, 0x5a,
    0xcb, 0x5a, 0xcb, 0x5a, 0xab, 0x52, 0xab, 0x52, 0x8a, 0x52, 0x8a, 0x52,
    0x8a, 0x52, 0x8a, 0x52, 0x6a, 0x4a, 0x49, 0x4a, 0x29, 0x42, 0x08, 0x42,
    0x08, 0x42, 0xc8, 0x39, 0xa7, 0x39, 0xa6, 0x31, 0x86, 0x31, 0x66, 0x31,
    0x45, 0x29, 0x45, 0x29, 0x25, 0x29, 0x24, 0x21, 0x04, 0x21, 0x04, 0x21,
    0xe3, 0x18, 0xe3, 0x18, 0xc3, 0x18, 0xc3, 0x18, 0xc3, 0x18, 0xc3, 0x18,
    0xa2, 0x18, 0xa3, 0x18, 0xa2, 0x18, 0xa2, 0x10, 0xa2, 0x10, 0x82, 0x10,
    0xa2, 0x10, 0x82, 0x10, 0x82, 0x10, 0x82, 0x10, 0x82, 0x10, 0x82, 0x10,
    0xa2, 0x10, 0xa2, 0x10, 0x82, 0x10, 0x82, 0x10, 0xa2, 0x10, 0x82, 0x10,
    0x81, 0x10, 0x82, 0x10, 0x82, 0x10, 0x82, 0x10, 0x82, 0x10, 0x81, 0x10,
    0x82, 0x10, 0x82, 0x10, 0x82, 0x10, 0x82, 0x10, 0xa2, 0x10, 0xa2, 0x10,
    0xa2, 0x10, 0xa2, 0x10, 0xa2, 0x10, 0xa2, 0x10, 0xa2, 0x10, 0xa2, 0x18,
    0xc3, 0x18, 0x04, 0x21, 0x24, 0x29, 0x45, 0x29, 0x65, 0x29, 0x45, 0x29,
    0x24, 0x21, 0x24, 0x21, 0x24, 0x29, 0x45, 0x29, 0x66, 0x31, 0xe7, 0x39,
    0x49, 0x4a, 0x6a, 0x52, 0x8a, 0x52, 0x8a, 0x52, 0x8a, 0x52, 0x49, 0x4a,
    0x49, 0x4a, 0x49, 0x4a, 0x8a, 0x52, 0x0c, 0x63, 0x8e, 0x73, 0x6e, 0x6b,
    0x4d, 0x6b, 0x4d, 0x6b, 0x4d, 0x6b, 0xaf, 0x73, 0xaf, 0x73, 0xaf, 0x73,
    0xcf, 0x73, 0x6e, 0x6b, 0x2d, 0x63, 0x6d, 0x6b, 0x4d, 0x6b, 0x6e, 0x6b,
    0x8e, 0x73, 0x6e, 0x6b, 0x8e, 0x73, 0xae, 0x73, 0xcf, 0x7b, 0xf0, 0x7b,
    0x10, 0x84, 0x10, 0x84, 0xf0, 0x7b, 0xef, 0x7b, 0xef, 0x7b, 0xcf, 0x7b,
    0xcf, 0x7b, 0xd0, 0x7b, 0x10, 0x84, 0x10, 0x84, 0x31, 0x84, 0x51, 0x8c,
    0x51, 0x8c, 0x51, 0x8c, 0x31, 0x84, 0x31, 0x84, 0x72, 0x8c, 0x72, 0x8c,
    0x72, 0x94, 0xb3, 0x94, 0xd3, 0x9c, 0xd3, 0x9c, 0xd3, 0x9c, 0xd3, 0x9c,
    0x14, 0x9d, 0x14, 0xa5, 0xf4, 0x9c, 0xf4, 0xa4, 0xf4, 0x9c, 0xf3, 0x9c,
    0xd3, 0x9c, 0xd3, 0x9c, 0xd3, 0x9c, 0xd3, 0x9c, 0xd3, 0x9c, 0xd3, 0x9c,
    0x72, 0x8c, 0x71, 0x8c, 0x92, 0x94, 0xb3, 0x94, 0x72, 0x8c, 0x51, 0x8c,
    0x71, 0x8c, 0x72, 0x8c, 0x72, 0x8c, 0x51, 0x8c, 0x30, 0x84, 0xf0, 0x7b,
    0x10, 0x7c, 0xef, 0x7b, 0xcf, 0x73, 0xaf, 0x7b, 0xcf, 0x7b, 0xcf, 0x7b,
    0xef, 0x7b, 0xf0, 0x7b, 0x10, 0x84, 0x30, 0x84, 0x31, 0x84, 0x31, 0x84,
    0x31, 0x84, 0x10, 0x84, 0xf0, 0x7b, 0xf0, 0x7b, 0xf0, 0x7b, 0xf0, 0x7b,
    0xf0, 0x7b, 0x10, 0x84, 0x10, 0x84, 0x10, 0x84, 0x31, 0x84, 0x51, 0x8c,
    0x51, 0x8c, 0x31, 0x84, 0x31, 0x84, 0x51, 0x8c, 0x51, 0x8c, 0x51, 0x8c,
    0x52, 0x8c, 0x71, 0x8c, 0x72, 0x8c, 0x72, 0x8c, 0x71, 0x8c, 0x51, 0x8c,
    0x72, 0x8c, 0x51, 0x8c, 0x31, 0x84, 0x31, 0x84, 0x10, 0x84, 0x31, 0x84,
    0x31, 0x84, 0x31, 0x84, 0x10, 0x84, 0xf0, 0x83, 0x31, 0x84, 0x10, 0x84,
    0x10, 0x84, 0x11, 0x84, 0x10, 0x7c, 0xf0, 0x7b, 0x10, 0x84, 0x10, 0x84,
    0x31, 0x84, 0x30, 0x84, 0xf0, 0x7b, 0x10, 0x84, 0x31, 0x84, 0x30, 0x84,
    0x31, 0x8c, 0x31, 0x84, 0x31, 0x84, 0x51, 0x8c, 0x51, 0x8c, 0x31, 0x84,
    0x71, 0x8c, 0x31, 0x84, 0x31, 0x8c, 0x10, 0x84, 0x10, 0x84, 0xcf, 0x7b,
    0xaf, 0x73, 0xf0, 0x7b, 0x8e, 0x73, 0x8e, 0x73, 0x8f, 0x73, 0x8e, 0x6b,
    0x8e, 0x73, 0x6e, 0x6b, 0x4d, 0x6b, 0x0c, 0x63, 0x0c, 0x63, 0x0c, 0x63,
    0x2d, 0x63, 0xec, 0x5a, 0xeb, 0x5a, 0xec, 0x5a, 0xec, 0x5a, 0x0c, 0x63,
    0x2d, 0x63, 0x0c, 0x63, 0x0c, 0x63, 0x0d, 0x63, 0xec, 0x5a, 0xec, 0x5a,
    0xec, 0x5a, 0x0c, 0x63, 0x0c, 0x63, 0x4d, 0x6b, 0x4d, 0x6b, 0xec, 0x5a,
    0x2c, 0x63, 0x45, 0x29, 0x25, 0x29, 0x66, 0x29, 0x45, 0x29, 0x65, 0x29,
    0x86, 0x31, 0xa7, 0x31, 0x86, 0x31, 0xc7, 0x39, 0xe7, 0x39, 0x08, 0x42,
    0x08, 0x42, 0x69, 0x4a, 0x6a, 0x4a, 0x49, 0x4a, 0x6a, 0x4a, 0x8b, 0x52,
    0xab, 0x52, 0xab, 0x52, 0x8a, 0x52, 0xab, 0x52, 0xab, 0x52, 0xcb, 0x5a,
    0xab, 0x52, 0xab, 0x52, 0x8a, 0x52, 0x6a, 0x4a, 0x6a, 0x4a, 0x49, 0x4a,
    0x69, 0x4a, 0x49, 0x4a, 0x6a, 0x4a, 0x4a, 0x4a, 0x49, 0x4a, 0x6a, 0x4a,
    0x8a, 0x52, 0x8a, 0x52, 0xcb, 0x52, 0xab, 0x52, 0xcb, 0x5a, 0xec, 0x5a,
    0xeb, 0x5a, 0xcb, 0x5a, 0xcb, 0x5a, 0xcb, 0x5a, 0xec, 0x62, 0x0c, 0x63,
    0x2d, 0x63, 0x4d, 0x63, 0x2c, 0x6b, 0x2d, 0x63, 0x2c, 0x63, 0x0c, 0x63,
    0x0c, 0x63, 0x0c, 0x63, 0xec, 0x5a, 0xec, 0x62, 0x0c, 0x63, 0xec, 0x5a,
    0xeb, 0x5a, 0xcb, 0x5a, 0xcb, 0x5a, 0xab, 0x52, 0x8a, 0x52, 0x8a, 0x52,
    0x8a, 0x52, 0x8a, 0x52, 0x8a, 0x52, 0x6a, 0x4a, 0x49, 0x4a, 0x29, 0x42,
    0x29, 0x42, 0x08, 0x42, 0xe7, 0x39, 0xa7, 0x31, 0x86, 0x31, 0x86, 0x31,
    0x65, 0x29, 0x45, 0x29, 0x25, 0x29, 0x24, 0x21, 0x04, 0x21, 0x04, 0x21,
    0x04, 0x21, 0xe3, 0x18, 0xc3, 0x18, 0xc3, 0x18, 0xc2, 0x18, 0xa2, 0x18,
    0xa2, 0x10, 0xa2, 0x10, 0xc2, 0x18, 0xa2, 0x10, 0x82, 0x10, 0x81, 0x10,
    0x82, 0x10, 0x82, 0x10, 0x82, 0x10, 0x81, 0x10, 0xa2, 0x10, 0x82, 0x10,
    0x82, 0x10, 0xa2, 0x10, 0x82, 0x10, 0x82, 0x10, 0x82, 0x10, 0x82, 0x10,
    0x82, 0x10, 0x61, 0x10, 0x82, 0x10, 0x82, 0x10, 0x81, 0x10, 0x82, 0x10,
    0x82, 0x10, 0x81, 0x10, 0x82, 0x10, 0x82, 0x10, 0x81, 0x10, 0xa2, 0x10,
    0xa2, 0x10, 0x82, 0x10, 0xa2, 0x10, 0x82, 0x10, 0xa2, 0x10, 0xa2, 0x18,
    0xc3, 0x18, 0xe3, 0x20, 0x65, 0x29, 0x86, 0x31, 0x65, 0x29, 0x65, 0x29,
    0x45, 0x29, 0x24, 0x29, 0x24, 0x21, 0x24, 0x21, 0x45, 0x29, 0x86, 0x31,
    0x07, 0x42, 0x08, 0x42, 0x6a, 0x4a, 0xcb, 0x5a, 0xab, 0x5a, 0x8a, 0x52,
    0x8a, 0x52, 0x69, 0x4a, 0x8a, 0x52, 0x8a, 0x4a, 0xec, 0x5a, 0x8e, 0x73,
    0xaf, 0x73, 0x4e, 0x6b, 0x6e, 0x6b, 0x6e, 0x6b, 0xcf, 0x7b, 0xaf, 0x73,
    0x8e, 0x73, 0x6d, 0x6b, 0x6e, 0x73, 0x0c, 0x63, 0x2c, 0x63, 0x4d, 0x6b,
    0x4d, 0x6b, 0x4d, 0x6b, 0x8e, 0x73, 0x8e, 0x73, 0x8e, 0x6b, 0x6e, 0x6b,
    0x6e, 0x6b, 0xcf, 0x7b, 0x10, 0x84, 0x11, 0x84, 0x10, 0x84, 0x10, 0x84,
    0xf0, 0x7b, 0xf0, 0x7b, 0xcf, 0x7b, 0xf0, 0x7b, 0x30, 0x84, 0x10, 0x84,
    0x10, 0x84, 0xf0, 0x7b, 0x10, 0x84, 0x10, 0x84, 0x10, 0x84, 0x10, 0x84,
    0x51, 0x8c, 0x72, 0x8c, 0xb2, 0x94, 0xb3, 0x94, 0xd3, 0x9c, 0xb3, 0x94,
    0xd3, 0x94, 0xf4, 0x9c, 0x14, 0xa5, 0x14, 0xa5, 0x14, 0xa5, 0x14, 0xa5,
    0x14, 0xa5, 0x14, 0xa5, 0xf4, 0x9c, 0xf4, 0x9c, 0xf3, 0x9c, 0xd3, 0x9c,
    0xd3, 0x9c, 0xd3, 0x9c, 0xb3, 0x94, 0x92, 0x94, 0xb3, 0x94, 0xd3, 0x9c,
    0xb3, 0x94, 0x72, 0x94, 0x92, 0x94, 0x92, 0x8c, 0x72, 0x94, 0x72, 0x8c,
    0x72, 0x8c, 0x51, 0x8c, 0x31, 0x84, 0x30, 0x84, 0x10, 0x84, 0xf0, 0x7b,
    0xef, 0x7b, 0xef, 0x7b, 0xf0, 0x83, 0x30, 0x84, 0x31, 0x84, 0x31, 0x8c,
    0x51, 0x8c, 0x71, 0x8c, 0x31, 0x8c, 0x30, 0x84, 0x10, 0x84, 0x10, 0x84,
    0x30, 0x84, 0x30, 0x84, 0x31, 0x84, 0x51, 0x8c, 0x51, 0x8c, 0x51, 0x8c,
    0x51, 0x8c, 0x51, 0x8c, 0x51, 0x8c, 0x52, 0x8c, 0x72, 0x8c, 0x72, 0x8c,
    0x31, 0x84, 0x31, 0x84, 0x71, 0x8c, 0x72, 0x8c, 0x51, 0x8c, 0x51, 0x8c,
    0x51, 0x8c, 0x51, 0x8c, 0x51, 0x8c, 0x51, 0x8c, 0x10, 0x84, 0x10, 0x84,
    0x10, 0x84, 0x10, 0x84, 0x10, 0x84, 0x30, 0x84, 0x31, 0x84, 0x10, 0x84,
    0x10, 0x84, 0x31, 0x84, 0x51, 0x8c, 0x31, 0x84, 0x51, 0x8c, 0x11, 0x84,
    0x10, 0x84, 0x10, 0x84, 0x10, 0x84, 0x31, 0x84, 0x31, 0x84, 0x51, 0x8c,
    0x51, 0x84, 0x51, 0x8c, 0x31, 0x84, 0xf0, 0x7b, 0x10, 0x84, 0x31, 0x84,
    0x10, 0x84, 0xf0, 0x83, 0xf0, 0x7b, 0x31, 0x84, 0x10, 0x84, 0x10, 0x84,
    0x10, 0x7c, 0xcf, 0x7b, 0xcf, 0x7b, 0xcf, 0x7b, 0xcf, 0x73, 0x8e, 0x73,
    0x4e, 0x6b, 0x6d, 0x6b, 0x6e, 0x6b, 0x6e, 0x6b, 0x6e, 0x6b, 0xae, 0x73,
    0x6e, 0x6b, 0x0c, 0x63, 0xec, 0x5a, 0xec, 0x62, 0x0c, 0x63, 0xec, 0x5a,
    0xec, 0x5a, 0x0c, 0x63, 0x2c, 0x63, 0x2d, 0x63, 0x2d, 0x63, 0x2d, 0x63,
    0x4d, 0x6b, 0x0c, 0x63, 0xec, 0x5a, 0xec, 0x5a, 0x0c, 0x63, 0x2d, 0x63,
    0x2d, 0x63, 0x4d, 0x6b, 0x4d, 0x6b, 0xc7, 0x39, 0xe4, 0x18, 0x24, 0x21,
    0x45, 0x29, 0x86, 0x31, 0xa7, 0x31, 0x86, 0x31, 0xa6, 0x31, 0xc7, 0x39,
    0xe8, 0x39, 0x29, 0x42, 0x49, 0x4a, 0x6a, 0x4a, 0x4a, 0x4a, 0x6a, 0x4a,
    0xab, 0x52, 0xab, 0x52, 0xab, 0x52, 0xcb, 0x5a, 0xab, 0x5a, 0xcb, 0x5a,
    0xab, 0x52, 0xab, 0x52, 0x8a, 0x52, 0x8a, 0x52, 0x6a, 0x4a, 0x49, 0x4a,
    0x28, 0x42, 0x29, 0x42, 0x49, 0x4a, 0x6a, 0x4a, 0x6a, 0x4a, 0x6a, 0x4a,
    0x6a, 0x4a, 0x6a, 0x4a, 0x8a, 0x52, 0x6a, 0x4a, 0x8a, 0x52, 0x8a, 0x52,
    0xab, 0x52, 0xcb, 0x5a, 0xcb, 0x5a, 0xcb, 0x5a, 0xcc, 0x5a, 0xec, 0x5a,
    0x0c, 0x63, 0x0c, 0x63, 0x2c, 0x63, 0x2d, 0x63, 0x2c, 0x63, 0x0c, 0x63,
    0x0d, 0x63, 0x0c, 0x63, 0x0c, 0x63, 0x0c, 0x5b, 0xec, 0x5a, 0xec, 0x5a,
    0xeb, 0x5a, 0xcb, 0x5a, 0xab, 0x52, 0x8a, 0x52, 0x8a, 0x4a, 0x6a, 0x4a,
    0x49, 0x4a, 0x4a, 0x4a, 0x6a, 0x4a, 0x8a, 0x4a, 0x6a, 0x4a, 0x49, 0x4a,
    0x29, 0x42, 0x28, 0x42, 0x08, 0x42, 0x08, 0x42, 0xc7, 0x39, 0xa6, 0x31,
    0x86, 0x31, 0x86, 0x31, 0x66, 0x31, 0x45, 0x29, 0x45, 0x29, 0x24, 0x21,
    0x04, 0x21, 0x04, 0x21, 0x04, 0x21, 0xe3, 0x20, 0xe3, 0x18, 0xc3, 0x18,
    0xc2, 0x18, 0xa2, 0x10, 0xa2, 0x10, 0xa2, 0x10, 0xa2, 0x10, 0xa2, 0x10,
    0xa2, 0x10, 0x82, 0x10, 0x82, 0x10, 0xa2, 0x10, 0x81, 0x10, 0x82, 0x10,
    0xa2, 0x10, 0x81, 0x10, 0xa2, 0x10, 0xa2, 0x10, 0x82, 0x10, 0x81, 0x10,
    0x81, 0x10, 0x82, 0x10, 0x81, 0x10, 0x61, 0x10, 0x82, 0x10, 0x82, 0x10,
    0x81, 0x10, 0xa2, 0x10, 0x82, 0x10, 0xa2, 0x10, 0xa2, 0x10, 0x81, 0x10,
    0x82, 0x10, 0x82, 0x10, 0xa2, 0x10, 0xa2, 0x18, 0xc3, 0x18, 0xe3, 0x18,
    0x03, 0x21, 0x24, 0x21, 0x45, 0x29, 0x45, 0x29, 0x65, 0x29, 0x45, 0x29,
    0x24, 0x29, 0x44, 0x29, 0x65, 0x29, 0x45, 0x29, 0x45, 0x29, 0x86, 0x31,
    0xe7, 0x39, 0x08, 0x42, 0x08, 0x42, 0x69, 0x4a, 0x8a, 0x52, 0x8a, 0x52,
    0x8a, 0x52, 0x6a, 0x52, 0x8a, 0x52, 0xab, 0x5a, 0xcb, 0x5a, 0x0c, 0x63,
    0x6d, 0x6b, 0xae, 0x73, 0xcf, 0x7b, 0x6e, 0x73, 0x8e, 0x6b, 0x8e, 0x73,
    0xef, 0x7b, 0xaf, 0x73, 0x6d, 0x6b, 0x6d, 0x6b, 0x2d, 0x6b, 0xec, 0x5a,
    0x0c, 0x63, 0x0c, 0x63, 0x2d, 0x63, 0x4e, 0x6b, 0x6e, 0x6b, 0x6d, 0x6b,
    0x8e, 0x73, 0x8e, 0x73, 0x6e, 0x6b, 0xaf, 0x73, 0xcf, 0x7b, 0x10, 0x84,
    0x31, 0x84, 0x11, 0x84, 0xf0, 0x83, 0x10, 0x84, 0xf0, 0x7b, 0xf0, 0x7b,
    0x10, 0x84, 0x10, 0x84, 0xd0, 0x7b, 0xcf, 0x7b, 0xf0, 0x7b, 0x10, 0x7c,
    0x10, 0x84, 0x31, 0x84, 0x51, 0x8c, 0x92, 0x94, 0x92, 0x94, 0x92, 0x94,
    0x93, 0x94, 0xb3, 0x94, 0xb3, 0x94, 0xf4, 0x9c, 0x14, 0xa5, 0x14, 0xa5,
    0x14, 0xa5, 0x14, 0xa5, 0x14, 0xa5, 0x15, 0xa5, 0x35, 0xa5, 0x14, 0xa5,
    0xf4, 0x9c, 0xf4, 0x9c, 0xd4, 0x9c, 0xf4, 0x9c, 0xb3, 0x94, 0xb3, 0x94,
    0xd3, 0x9c, 0xd3, 0x9c, 0xd3, 0x9c, 0xb2, 0x94, 0x92, 0x94, 0x92, 0x94,
    0x72, 0x8c, 0x72, 0x8c, 0x72, 0x94, 0x71, 0x8c, 0x72, 0x8c, 0x71, 0x8c,
    0x51, 0x8c, 0x71, 0x8c, 0x51, 0x8c, 0x31, 0x84, 0x30, 0x84, 0x51, 0x8c,
    0x51, 0x8c, 0x51, 0x8c, 0x71, 0x8c, 0x51, 0x8c, 0x71, 0x8c, 0x51, 0x8c,
    0x51, 0x8c, 0x31, 0x8c, 0x31, 0x84, 0x30, 0x84, 0x31, 0x8c, 0x51, 0x8c,
    0x51, 0x8c, 0x51, 0x8c, 0x72, 0x8c, 0x72, 0x8c, 0x72, 0x8c, 0x72, 0x8c,
    0x72, 0x94, 0x71, 0x8c, 0x51, 0x8c, 0x51, 0x8c, 0x51, 0x8c, 0x31, 0x84,
    0x31, 0x84, 0x31, 0x84, 0x51, 0x84, 0x31, 0x84, 0x10, 0x84, 0x10, 0x84,
    0x10, 0x84, 0x10, 0x84, 0x11, 0x84, 0x10, 0x84, 0x10, 0x84, 0x10, 0x84,
    0x10, 0x84, 0x31, 0x84, 0x72, 0x8c, 0x51, 0x8c, 0x51, 0x84, 0x71, 0x8c,
    0x51, 0x8c, 0x51, 0x8c, 0x51, 0x8c, 0x51, 0x84, 0x10, 0x84, 0xf0, 0x7b,
    0x10, 0x84, 0x10, 0x84, 0x10, 0x84, 0x31, 0x84, 0x31, 0x84, 0x10, 0x84,
    0x10, 0x84, 0x31, 0x84, 0x10, 0x84, 0xf0, 0x7b, 0xcf, 0x7b, 0xcf, 0x7b,
    0xf0, 0x7b, 0xcf, 0x7b, 0xcf, 0x7b, 0x6e, 0x6b, 0xaf, 0x73, 0xaf, 0x73,
    0x8e, 0x73, 0x8f, 0x73, 0x8e, 0x73, 0x8e, 0x73, 0x8e, 0x6b, 0x8e, 0x73,
    0x6e, 0x6b, 0x6e, 0x6b, 0x6e, 0x6b, 0x4d, 0x6b, 0x2d, 0x63, 0x6d, 0x6b,
    0x4d, 0x6b, 0x4d, 0x6b, 0x2d, 0x63, 0x2d, 0x63, 0x2d, 0x63, 0x2d, 0x63,
    0x2c, 0x63, 0x4d, 0x6b, 0x4d, 0x6b, 0x0c, 0x63, 0xcb, 0x5a, 0xcb, 0x5a,
    0xec, 0x5a, 0x2d, 0x63, 0x2d, 0x63, 0x0c, 0x63, 0x0c, 0x63, 0xa7, 0x39,
    0x45, 0x29, 0x65, 0x29, 0x86, 0x31, 0x86, 0x31, 0x86, 0x31, 0x86, 0x31,
    0xa7, 0x31, 0xe8, 0x39, 0x29, 0x42, 0x49, 0x4a, 0x49, 0x4a, 0x49, 0x4a,
    0x69, 0x4a, 0x8a, 0x52, 0xab, 0x52, 0xcb, 0x5a, 0xcb, 0x5a, 0xcb, 0x5a,
    0xcb, 0x5a, 0xab, 0x52, 0x6a, 0x4a, 0x6a, 0x52, 0x69, 0x4a, 0x49, 0x4a,
    0x28, 0x42, 0x08, 0x42, 0x08, 0x42, 0x07, 0x3a, 0x08, 0x42, 0x29, 0x4a,
    0x49, 0x4a, 0x49, 0x4a, 0x49, 0x4a, 0x49, 0x4a, 0x8a, 0x4a, 0x6a, 0x4a,
    0x6a, 0x52, 0x6a, 0x4a, 0xab, 0x52, 0xcb, 0x5a, 0xab, 0x52, 0xcb, 0x5a,
    0xcb, 0x5a, 0xec, 0x5a, 0x0c, 0x5b, 0x0c, 0x63, 0x0c, 0x63, 0x0c, 0x63,
    0x0c, 0x63, 0x0c, 0x63, 0x0c, 0x63, 0x0c, 0x5b, 0xcc, 0x5a, 0xcb, 0x5a,
    0xcb, 0x5a, 0xcb, 0x5a, 0xab, 0x52, 0x8a, 0x52, 0x6a, 0x4a, 0x6a, 0x4a,
    0x49, 0x4a, 0x49, 0x4a, 0x29, 0x42, 0x49, 0x4a, 0x69, 0x4a, 0x49, 0x4a,
    0x29, 0x42, 0x29, 0x42, 0x29, 0x42, 0x29, 0x42, 0x08, 0x42, 0xe7, 0x39,
    0xc7, 0x39, 0xa7, 0x39, 0x86, 0x31, 0x86, 0x31, 0x66, 0x31, 0x45, 0x29,
    0x45, 0x29, 0x45, 0x29, 0x24, 0x21, 0x04, 0x21, 0xe3, 0x20, 0xc3, 0x18,
    0xc3, 0x18, 0xc2, 0x18, 0xc3, 0x18, 0xa2, 0x18, 0xa2, 0x18, 0xa2, 0x10,
    0x82, 0x10, 0x82, 0x10, 0x82, 0x10, 0x82, 0x10, 0x82, 0x10, 0x81, 0x10,
    0x82, 0x10, 0x82, 0x10, 0xa2, 0x10, 0xa2, 0x10, 0x82, 0x10, 0xa2, 0x10,
    0xa2, 0x10, 0xa2, 0x10, 0xa2, 0x10, 0x82, 0x10, 0xa2, 0x10, 0x82, 0x10,
    0x82, 0x10, 0xa2, 0x10, 0x82, 0x10, 0xa2, 0x10, 0xa2, 0x10, 0xa2, 0x10,
    0xa2, 0x10, 0xa2, 0x10, 0xc2, 0x18, 0xe3, 0x18, 0xe3, 0x20, 0x24, 0x21,
    0x45, 0x29, 0x45, 0x29, 0x45, 0x29, 0x45, 0x29, 0x44, 0x29, 0x24, 0x29,
    0x24, 0x21, 0x04, 0x21, 0xe4, 0x20, 0x04, 0x21, 0x45, 0x29, 0x45, 0x29,
    0x65, 0x29, 0xa6, 0x39, 0x28, 0x42, 0x49, 0x4a, 0x8a, 0x52, 0xaa, 0x52,
    0x8a, 0x52, 0x6a, 0x52, 0x8a, 0x52, 0xaa, 0x52, 0xcb, 0x52, 0x2c, 0x63,
    0x6d, 0x6b, 0x8e, 0x73, 0x8f, 0x73, 0xaf, 0x73, 0x8e, 0x73, 0x6e, 0x6b,
    0x8e, 0x73, 0xcf, 0x7b, 0xf0, 0x83, 0xaf, 0x73, 0x8e, 0x73, 0x8e, 0x73,
    0x4d, 0x6b, 0x0c, 0x63, 0x0c, 0x5b, 0xec, 0x62, 0x0c, 0x63, 0x2d, 0x63,
    0x2d, 0x63, 0x4d, 0x63, 0x4d, 0x6b, 0x6e, 0x73, 0x8e, 0x6b, 0x8e, 0x73,
    0xaf, 0x73, 0x10, 0x7c, 0x10, 0x84, 0x10, 0x84, 0x30, 0x84, 0x10, 0x84,
    0x10, 0x84, 0x10, 0x7c, 0xf0, 0x7b, 0xcf, 0x7b, 0xaf, 0x73, 0xcf, 0x7b,
    0xf0, 0x7b, 0x31, 0x84, 0x51, 0x8c, 0x51, 0x8c, 0x72, 0x8c, 0x72, 0x8c,
    0x72, 0x8c, 0x72, 0x8c, 0x92, 0x94, 0xb3, 0x94, 0xd3, 0x9c, 0xf4, 0xa4,
    0x14, 0xa5, 0x14, 0x9d, 0x15, 0xa5, 0x14, 0xa5, 0x35, 0xa5, 0x35, 0xa5,
    0x34, 0xa5, 0x14, 0xa5, 0x14, 0xa5, 0xf4, 0x9c, 0xf4, 0x9c, 0xf4, 0x9c,
    0xd3, 0x9c, 0xb3, 0x94, 0xb3, 0x94, 0xb3, 0x94, 0xd3, 0x9c, 0xb3, 0x94,
    0x92, 0x94, 0x92, 0x94, 0x71, 0x8c, 0x51, 0x8c, 0x51, 0x8c, 0x51, 0x8c,
    0x51, 0x8c, 0x51, 0x8c, 0x71, 0x8c, 0x71, 0x8c, 0x71, 0x8c, 0x51, 0x8c,
    0x51, 0x84, 0x51, 0x8c, 0x51, 0x84, 0x51, 0x8c, 0x51, 0x8c, 0x31, 0x84,
    0x52, 0x8c, 0x72, 0x8c, 0x72, 0x8c, 0x72, 0x8c, 0x72, 0x8c, 0x51, 0x8c,
    0x51, 0x8c, 0x72, 0x8c, 0x51, 0x8c, 0x72, 0x8c, 0x72, 0x8c, 0x71, 0x8c,
    0x92, 0x94, 0x92, 0x94, 0x92, 0x94, 0x72, 0x8c, 0x71, 0x8c, 0x51, 0x8c,
    0x51, 0x8c, 0x51, 0x8c, 0x11, 0x84, 0x31, 0x84, 0x10, 0x84, 0x10, 0x84,
    0x10, 0x84, 0x10, 0x7c, 0x10, 0x7c, 0x10, 0x84, 0x31, 0x84, 0x51, 0x84,
    0x51, 0x8c, 0x31, 0x84, 0x31, 0x84, 0x51, 0x8c, 0x51, 0x8c, 0x72, 0x8c,
    0x51, 0x8c, 0x51, 0x8c, 0x52, 0x8c, 0x72, 0x8c, 0x71, 0x8c, 0x72, 0x8c,
    0x51, 0x8c, 0x31, 0x84, 0x31, 0x84, 0x10, 0x84, 0x10, 0x84, 0x31, 0x84,
    0x10, 0x84, 0x10, 0x84, 0xf0, 0x7b, 0xf0, 0x7b, 0xf0, 0x7b, 0x10, 0x84,
    0xcf, 0x7b, 0xaf, 0x73, 0xaf, 0x73, 0xcf, 0x7b, 0x8e, 0x73, 0x8e, 0x73,
    0x8e, 0x73, 0x8e, 0x73, 0x8e, 0x6b, 0x8e, 0x73, 0xaf, 0x73, 0x8e, 0x6b,
    0x6e, 0x6b, 0x8e, 0x73, 0x6e, 0x6b, 0x8e, 0x73, 0x8e, 0x73, 0x8e, 0x73,
    0x6e, 0x6b, 0x8e, 0x73, 0x4d, 0x6b, 0x6e, 0x6b, 0x6d, 0x6b, 0x4d, 0x6b,
    0x2d, 0x6b, 0x2d, 0x63, 0x4d, 0x6b, 0x4d, 0x63, 0x2d, 0x63, 0x0c, 0x5b,
    0x0c, 0x63, 0x2c, 0x63, 0x0c, 0x63, 0xec, 0x62, 0x0c, 0x63, 0xec, 0x5a,
    0xec, 0x5a, 0x45, 0x29, 0x65, 0x29, 0x66, 0x29, 0xa6, 0x31, 0xa7, 0x31,
    0xa6, 0x31, 0xc7, 0x31, 0x08, 0x42, 0x49, 0x4a, 0x49, 0x4a, 0x49, 0x4a,
    0x49, 0x42, 0x4a, 0x4a, 0x6a, 0x4a, 0xab, 0x52, 0xcb, 0x5a, 0xcb, 0x5a,
    0xab, 0x52, 0xcb, 0x52, 0xaa, 0x52, 0x8a, 0x52, 0x6a, 0x4a, 0x69, 0x4a,
    0x29, 0x42, 0x28, 0x42, 0x08, 0x42, 0x08, 0x42, 0x08, 0x42, 0x08, 0x42,
    0x28, 0x42, 0x28, 0x42, 0x49, 0x4a, 0x49, 0x4a, 0x6a, 0x4a, 0x8a, 0x52,
    0x8a, 0x52, 0x8a, 0x52, 0x8a, 0x52, 0x8a, 0x52, 0xab, 0x52, 0xcb, 0x52,
    0xcb, 0x5a, 0xcb, 0x5a, 0xcb, 0x5a, 0xec, 0x5a, 0xec, 0x5a, 0xec, 0x5a,
    0xcc, 0x5a, 0xec, 0x5a, 0xec, 0x5a, 0xcb, 0x5a, 0xcc, 0x5a, 0xcb, 0x5a,
    0xcb, 0x5a, 0xcb, 0x5a, 0xcb, 0x52, 0xab, 0x52, 0x8a, 0x52, 0x6a, 0x4a,
    0x69, 0x4a, 0x49, 0x4a, 0x29, 0x4a, 0x29, 0x42, 0x49, 0x42, 0x49, 0x4a,
    0x49, 0x4a, 0x49, 0x4a, 0x29, 0x42, 0x29, 0x42, 0x28, 0x42, 0x08, 0x42,
    0xc7, 0x39, 0xa6, 0x39, 0xa7, 0x31, 0xa7, 0x39, 0xa6, 0x31, 0x86, 0x31,
    0x65, 0x29, 0x45, 0x29, 0x45, 0x29, 0x45, 0x29, 0x45, 0x29, 0x24, 0x21,
    0x24, 0x21, 0x04, 0x21, 0xe3, 0x18, 0xe3, 0x18, 0xc3, 0x18, 0xc3, 0x18,
    0xa3, 0x18, 0xa3, 0x18, 0xa2, 0x18, 0xc2, 0x18, 0xc2, 0x18, 0xc2, 0x18,
    0xc2, 0x18, 0xa2, 0x18, 0xa2, 0x10, 0xa2, 0x18, 0xa2, 0x18, 0xa2, 0x10,
    0xa2, 0x18, 0xa2, 0x18, 0xa2, 0x18, 0xa2, 0x10, 0xa2, 0x18, 0xa2, 0x10,
    0xa2, 0x10, 0xa2, 0x18, 0xa2, 0x18, 0xc3, 0x18, 0xe3, 0x18, 0xe3, 0x20,
    0x04, 0x21, 0x24, 0x21, 0x24, 0x29, 0x45, 0x29, 0x65, 0x29, 0x86, 0x31,
    0x86, 0x31, 0x85, 0x31, 0x65, 0x29, 0x24, 0x29, 0x24, 0x29, 0x25, 0x29,
    0x04, 0x21, 0x04, 0x21, 0x04, 0x21, 0x04, 0x21, 0x24, 0x21, 0x45, 0x29,
    0x65, 0x31, 0x65, 0x29, 0xa6, 0x39, 0x28, 0x4a, 0xab, 0x52, 0xab, 0x5a,
    0xcb, 0x5a, 0xec, 0x62, 0xeb, 0x5a, 0xcb, 0x5a, 0xcb, 0x5a, 0xeb, 0x5a,
    0x2c, 0x63, 0x6e, 0x6b, 0xae, 0x73, 0xcf, 0x7b, 0xaf, 0x73, 0x8f, 0x73,
    0xae, 0x73, 0xae, 0x73, 0xaf, 0x73, 0xf0, 0x7b, 0x10, 0x84, 0xcf, 0x7b,
    0xcf, 0x7b, 0xcf, 0x73, 0x8e, 0x73, 0x4d, 0x6b, 0x0d, 0x63, 0x4d, 0x63,
    0x4d, 0x6b, 0x4d, 0x6b, 0x6d, 0x6b, 0x4c, 0x6b, 0x6d, 0x6b, 0x8e, 0x73,
    0x8e, 0x73, 0xaf, 0x73, 0xcf, 0x7b, 0xf0, 0x7b, 0xef, 0x7b, 0xf0, 0x7b,
    0x10, 0x84, 0x31, 0x84, 0x31, 0x84, 0x31, 0x84, 0x10, 0x84, 0xf0, 0x83,
    0xcf, 0x7b, 0xf0, 0x83, 0x10, 0x84, 0x51, 0x8c, 0x72, 0x8c, 0x71, 0x8c,
    0x51, 0x8c, 0x51, 0x84, 0x51, 0x8c, 0x72, 0x8c, 0xb2, 0x94, 0xd3, 0x9c,
    0xf4, 0x9c, 0xf4, 0x9c, 0x14, 0x9d, 0x14, 0xa5, 0x14, 0xa5, 0x35, 0xa5,
    0x35, 0xa5, 0x35, 0xa5, 0x14, 0xa5, 0x14, 0xa5, 0x14, 0xa5, 0x14, 0xa5,
    0x14, 0xa5, 0x14, 0xa5, 0xf4, 0x9c, 0xd3, 0x9c, 0xd3, 0x9c, 0xd3, 0x94,
    0xd3, 0x9c, 0xd3, 0x94, 0xb2, 0x94, 0xb2, 0x94, 0x72, 0x8c, 0x71, 0x8c,
    0x72, 0x8c, 0x51, 0x8c, 0x31, 0x84, 0x10, 0x84, 0x31, 0x8c, 0x51, 0x8c,
    0x31, 0x84, 0x51, 0x8c, 0x51, 0x8c, 0x51, 0x84, 0x51, 0x8c, 0x71, 0x8c,
    0x51, 0x8c, 0x51, 0x8c, 0x72, 0x8c, 0x92, 0x94, 0x92, 0x94, 0x92, 0x94,
    0x92, 0x94, 0x92, 0x94, 0x72, 0x8c, 0x72, 0x8c, 0x72, 0x8c, 0x72, 0x8c,
    0x92, 0x94, 0x92, 0x94, 0x92, 0x94, 0x92, 0x94, 0x92, 0x94, 0x92, 0x94,
    0x72, 0x8c, 0x72, 0x8c, 0x52, 0x8c, 0x51, 0x8c, 0x31, 0x84, 0x31, 0x8c,
    0x31, 0x84, 0x31, 0x84, 0x31, 0x84, 0x11, 0x84, 0x51, 0x84, 0x31, 0x84,
    0x51, 0x8c, 0x72, 0x8c, 0x51, 0x8c, 0x51, 0x84, 0x51, 0x8c, 0x51, 0x8c,
    0x51, 0x8c, 0x72, 0x8c, 0x51, 0x8c, 0x72, 0x8c, 0x51, 0x8c, 0x51, 0x8c,
    0x72, 0x8c, 0x72, 0x8c, 0x51, 0x8c, 0x31, 0x84, 0x51, 0x8c, 0x51, 0x8c,
    0x51, 0x8c, 0x31, 0x84, 0x31, 0x84, 0x10, 0x84, 0x10, 0x84, 0xcf, 0x7b,
    0xcf, 0x73, 0xcf, 0x7b, 0xf0, 0x7b, 0xcf, 0x73, 0xaf, 0x73, 0x8e, 0x73,
    0x6e, 0x6b, 0x6e, 0x6b, 0x8e, 0x73, 0x8e, 0x73, 0xaf, 0x73, 0x6e, 0x6b,
    0x6e, 0x73, 0x6d, 0x6b, 0x2d, 0x6b, 0x4d, 0x6b, 0x6e, 0x6b, 0xaf, 0x73,
    0xcf, 0x7b, 0xf0, 0x7b, 0xcf, 0x7b, 0xcf, 0x73, 0xcf, 0x7b, 0xaf, 0x73,
    0xaf, 0x73, 0x8e, 0x73, 0x6e, 0x6b, 0x2d, 0x6b, 0x2d, 0x63, 0x2d, 0x6b,
    0x4d, 0x6b, 0x6e, 0x6b, 0x8e, 0x73, 0x4d, 0x6b, 0x6e, 0x6b, 0x4d, 0x6b,
    0x4d, 0x6b, 0x4d, 0x63, 0x0c, 0x63, 0x45, 0x29, 0x86, 0x31, 0x86, 0x31,
    0xa7, 0x31, 0xc7, 0x39, 0xe8, 0x39, 0x08, 0x42, 0x29, 0x42, 0x49, 0x4a,
    0x49, 0x4a, 0x49, 0x4a, 0x6a, 0x4a, 0x6a, 0x4a, 0x8a, 0x52, 0x8a, 0x52,
    0x6a, 0x4a, 0x69, 0x4a, 0x8a, 0x52, 0x8a, 0x52, 0x8a, 0x52, 0x69, 0x4a,
    0x49, 0x4a, 0x29, 0x42, 0xe8, 0x41, 0xe7, 0x39, 0x08, 0x42, 0x28, 0x42,
    0x49, 0x4a, 0x49, 0x4a, 0x49, 0x42, 0x49, 0x42, 0x69, 0x4a, 0x6a, 0x4a,
    0x8a, 0x52, 0x8a, 0x52, 0xab, 0x52, 0x8a, 0x52, 0xaa, 0x52, 0xab, 0x52,
    0xcb, 0x5a, 0xcb, 0x5a, 0xcb, 0x5a, 0xcb, 0x52, 0xcb, 0x5a, 0xcb, 0x5a,
    0xcb, 0x5a, 0xeb, 0x5a, 0xcb, 0x5a, 0xcb, 0x5a, 0xcb, 0x5a, 0xcb, 0x5a,
    0xcb, 0x5a, 0xcb, 0x5a, 0xcc, 0x5a, 0xcb, 0x52, 0xab, 0x52, 0xaa, 0x52,
    0x8a, 0x52, 0x6a, 0x4a, 0x69, 0x4a, 0x49, 0x4a, 0x29, 0x42, 0x29, 0x42,
    0x29, 0x42, 0x49, 0x42, 0x29, 0x42, 0x29, 0x4a, 0x29, 0x42, 0x08, 0x42,
    0xe7, 0x41, 0xc7, 0x39, 0xa7, 0x39, 0xc7, 0x39, 0xa7, 0x39, 0xa7, 0x39,
    0xa6, 0x31, 0x86, 0x31, 0x86, 0x31, 0x66, 0x31, 0x65, 0x29, 0x65, 0x31,
    0x65, 0x29, 0x45, 0x29, 0x45, 0x29, 0x44, 0x29, 0x24, 0x29, 0x24, 0x29,
    0x04, 0x21, 0x04, 0x21, 0x04, 0x21, 0x04, 0x21, 0x04, 0x21, 0x04, 0x21,
    0x04, 0x21, 0x04, 0x21, 0x03, 0x21, 0x04, 0x21, 0x04, 0x21, 0x04, 0x21,
    0x04, 0x21, 0x04, 0x21, 0x04, 0x21, 0x04, 0x21, 0x04, 0x21, 0x04, 0x21,
    0x04, 0x21, 0x24, 0x29, 0x04, 0x21, 0x24, 0x21, 0x24, 0x21, 0x24, 0x21,
    0x45, 0x29, 0x65, 0x31, 0x85, 0x31, 0x86, 0x31, 0x86, 0x31, 0x86, 0x31,
    0x86, 0x31, 0x65, 0x29, 0x65, 0x29, 0x45, 0x29, 0x45, 0x29, 0x44, 0x29,
    0x45, 0x29, 0x45, 0x29, 0x45, 0x29, 0x45, 0x29, 0x65, 0x31, 0xa6, 0x31,
    0xa7, 0x39, 0xc7, 0x39, 0xc7, 0x39, 0xe8, 0x41, 0x29, 0x4a, 0x8a, 0x52,
    0xcb, 0x5a, 0xcb, 0x5a, 0xeb, 0x5a, 0x2c, 0x63, 0x0c, 0x63, 0xeb, 0x5a,
    0xcb, 0x5a, 0xec, 0x62, 0x2d, 0x63, 0x8e, 0x73, 0x8e, 0x73, 0x8e, 0x73,
    0x8e, 0x73, 0x8e, 0x73, 0x8e, 0x73, 0xcf, 0x73, 0xcf, 0x7b, 0xf0, 0x7b,
    0xf0, 0x7b, 0xaf, 0x73, 0xaf, 0x73, 0x8e, 0x73, 0x2d, 0x63, 0x0c, 0x63,
    0xec, 0x5a, 0x0c, 0x63, 0x2c, 0x63, 0x4d, 0x63, 0x4d, 0x6b, 0x4d, 0x6b,
    0x8e, 0x6b, 0x8e, 0x73, 0x8e, 0x73, 0xaf, 0x73, 0xcf, 0x7b, 0xcf, 0x7b,
    0xcf, 0x7b, 0xf0, 0x7b, 0xf0, 0x7b, 0x10, 0x84, 0x31, 0x84, 0x51, 0x8c,
    0x51, 0x8c, 0x30, 0x84, 0x30, 0x84, 0x31, 0x84, 0x51, 0x8c, 0x51, 0x8c,
    0x51, 0x8c, 0x51, 0x8c, 0x31, 0x84, 0x11, 0x84, 0x31, 0x84, 0x71, 0x8c,
    0xb2, 0x94, 0xd3, 0x9c, 0xf4, 0x9c, 0xf4, 0x9c, 0xf4, 0x9c, 0xf4, 0x9c,
    0x14, 0xa5, 0x34, 0xa5, 0x35, 0xa5, 0x35, 0xa5, 0x35, 0xa5, 0x15, 0xa5,
    0x14, 0xa5, 0x14, 0xa5, 0x14, 0xa5, 0x14, 0xa5, 0x14, 0xa5, 0x14, 0xa5,
    0xd3, 0x9c, 0xd3, 0x9c, 0xf4, 0x9c, 0xd3, 0x9c, 0xd3, 0x9c, 0xd3, 0x9c,
    0xb3, 0x94, 0x92, 0x94, 0x92, 0x94, 0x72, 0x8c, 0x72, 0x8c, 0x72, 0x8c,
    0x51, 0x8c, 0x51, 0x8c, 0x51, 0x8c, 0x71, 0x8c, 0x71, 0x8c, 0x72, 0x8c,
    0x72, 0x8c, 0x92, 0x8c, 0x92, 0x8c, 0x92, 0x94, 0xb2, 0x94, 0xb3, 0x94,
    0xb3, 0x94, 0xb3, 0x94, 0xd3, 0x9c, 0xb3, 0x94, 0xb3, 0x94, 0xb2, 0x94,
    0xb3, 0x94, 0xd3, 0x9c, 0xb2, 0x94, 0xb2, 0x94, 0xd3, 0x94, 0xb3, 0x94,
    0xb2, 0x94, 0xb3, 0x94, 0x92, 0x94, 0x92, 0x8c, 0x72, 0x8c, 0x72, 0x8c,
    0x71, 0x8c, 0x71, 0x8c, 0x51, 0x8c, 0x51, 0x8c, 0x51, 0x8c, 0x31, 0x8c,
    0x51, 0x8c, 0x51, 0x8c, 0x51, 0x8c, 0x31, 0x84, 0x11, 0x84, 0x10, 0x84,
    0x31, 0x84, 0x11, 0x84, 0x31, 0x84, 0x30, 0x84, 0x31, 0x84, 0x11, 0x84,
    0x31, 0x84, 0x10, 0x84, 0x31, 0x84, 0x31, 0x84, 0x31, 0x84, 0x31, 0x84,
    0x31, 0x84, 0x10, 0x84, 0x31, 0x84, 0x10, 0x84, 0x10, 0x84, 0x10, 0x84,
    0x10, 0x84, 0x10, 0x84, 0x31, 0x84, 0x10, 0x84, 0xf0, 0x7b, 0xef, 0x7b,
    0xef, 0x7b, 0xcf, 0x7b, 0xaf, 0x73, 0xaf, 0x73, 0x8e, 0x73, 0xaf, 0x73,
    0x8e, 0x73, 0xaf, 0x73, 0x8e, 0x6b, 0x6d, 0x6b, 0x6e, 0x6b, 0x6e, 0x6b,
    0x4d, 0x6b, 0x6d, 0x6b, 0x8e, 0x73, 0x8e, 0x73, 0x8f, 0x73, 0x8e, 0x73,
    0xaf, 0x7b, 0xaf, 0x73, 0x8e, 0x73, 0x8e, 0x73, 0xae, 0x73, 0x8e, 0x73,
    0x8e, 0x6b, 0x6e, 0x6b, 0x4d, 0x6b, 0x6e, 0x6b, 0x4d, 0x6b, 0x2d, 0x63,
    0x4d, 0x63, 0x2d, 0x63, 0xec, 0x5a, 0xec, 0x5a, 0x0c, 0x63, 0x45, 0x29,
    0x86, 0x31, 0xc7, 0x39, 0xc7, 0x39, 0xe8, 0x39, 0x09, 0x42, 0x49, 0x4a,
    0x6a, 0x4a, 0x49, 0x4a, 0x49, 0x4a, 0x4a, 0x4a, 0x6a, 0x4a, 0x6a, 0x4a,
    0x69, 0x4a, 0x49, 0x4a, 0x29, 0x42, 0x29, 0x42, 0x49, 0x4a, 0x49, 0x4a,
    0x29, 0x42, 0x28, 0x42, 0x08, 0x42, 0xe7, 0x39, 0xe7, 0x39, 0xe8, 0x39,
    0x08, 0x42, 0x28, 0x42, 0x69, 0x4a, 0x69, 0x4a, 0x49, 0x4a, 0x4a, 0x4a,
    0x6a, 0x4a, 0x6a, 0x4a, 0x8a, 0x52, 0x8a, 0x52, 0x8a, 0x4a, 0x8a, 0x52,
    0xab, 0x52, 0xcb, 0x52, 0xcb, 0x5a, 0xcb, 0x5a, 0xcb, 0x52, 0xab, 0x52,
    0xab, 0x52, 0xab, 0x52, 0xaa, 0x52, 0xab, 0x52, 0xab, 0x52, 0xab, 0x52,
    0xab, 0x52, 0xab, 0x52, 0xcb, 0x52, 0xcb, 0x52, 0xab, 0x52, 0xab, 0x52,
    0x8a, 0x52, 0x6a, 0x52, 0x6a, 0x4a, 0x49, 0x4a, 0x29, 0x4a, 0x29, 0x42,
    0x29, 0x42, 0x29, 0x42, 0x29, 0x42, 0x48, 0x4a, 0x29, 0x42, 0x29, 0x42,
    0x08, 0x42, 0xc7, 0x39, 0xc7, 0x39, 0xc7, 0x39, 0xc7, 0x39, 0xc7, 0x39,
    0xa6, 0x39, 0xa6, 0x31, 0x86, 0x31, 0x86, 0x31, 0x86, 0x31, 0x86, 0x31,
    0x66, 0x31, 0x86, 0x31, 0x66, 0x31, 0x65, 0x29, 0x65, 0x31, 0x65, 0x29,
    0x65, 0x31, 0x45, 0x29, 0x65, 0x29, 0x65, 0x29, 0x65, 0x29, 0x85, 0x31,
    0x65, 0x29, 0x65, 0x29, 0x65, 0x31, 0x86, 0x31, 0x86, 0x31, 0x86, 0x31,
    0xa6, 0x31, 0xa6, 0x39, 0xc7, 0x39, 0xc7, 0x39, 0xc7, 0x39, 0xc7, 0x39,
    0xa7, 0x39, 0xa6, 0x31, 0x86, 0x31, 0x86, 0x31, 0x85, 0x31, 0x65, 0x29,
    0x45, 0x29, 0x45, 0x29, 0x44, 0x29, 0x24, 0x21, 0x24, 0x21, 0x25, 0x29,
    0x45, 0x29, 0x65, 0x29, 0x86, 0x31, 0x85, 0x31, 0x86, 0x31, 0x65, 0x31,
    0x65, 0x29, 0x45, 0x29, 0x45, 0x29, 0x65, 0x29, 0x86, 0x31, 0xa6, 0x31,
    0xa7, 0x39, 0x08, 0x42, 0x28, 0x42, 0x28, 0x42, 0x29, 0x4a, 0x49, 0x4a,
    0x8a, 0x4a, 0xab, 0x5a, 0xcb, 0x5a, 0xeb, 0x5a, 0x0c, 0x63, 0x4d, 0x6b,
    0x4d, 0x6b, 0x0c, 0x5b, 0xcb, 0x5a, 0x0c, 0x63, 0x4d, 0x6b, 0x6e, 0x6b,
    0x4d, 0x6b, 0x4d, 0x63, 0x4d, 0x6b, 0x6e, 0x6b, 0xcf, 0x73, 0xcf, 0x7b,
    0xf0, 0x7b, 0xf0, 0x83, 0xef, 0x7b, 0xaf, 0x73, 0xae, 0x73, 0x6d, 0x6b,
    0xcb, 0x5a, 0xab, 0x5a, 0xcb, 0x5a, 0xeb, 0x5a, 0x0c, 0x63, 0x2c, 0x63,
    0x4d, 0x6b, 0x6e, 0x6b, 0x8e, 0x73, 0x8e, 0x73, 0x8e, 0x73, 0xaf, 0x73,
    0xaf, 0x73, 0xaf, 0x7b, 0xcf, 0x7b, 0x10, 0x84, 0x30, 0x84, 0x31, 0x84,
    0x31, 0x84, 0x31, 0x8c, 0x51, 0x8c, 0x51, 0x84, 0x31, 0x84, 0x51, 0x8c,
    0x72, 0x8c, 0x51, 0x8c, 0x51, 0x84, 0x51, 0x8c, 0x51, 0x8c, 0x51, 0x8c,
    0x51, 0x8c, 0x72, 0x8c, 0x93, 0x94, 0xd3, 0x9c, 0xd3, 0x9c, 0xf3, 0x9c,
    0xf4, 0x9c, 0xf4, 0x9c, 0x14, 0xa5, 0x14, 0xa5, 0x34, 0xa5, 0x34, 0xa5,
    0x35, 0xa5, 0x14, 0xa5, 0x35, 0xa5, 0x15, 0xa5, 0x14, 0xa5, 0x14, 0xa5,
    0x14, 0xa5, 0x14, 0xa5, 0xf4, 0x9c, 0xf4, 0x9c, 0xf4, 0x9c, 0xf4, 0x9c,
    0xf4, 0x9c, 0xf4, 0x9c, 0xd3, 0x9c, 0xb3, 0x94, 0x92, 0x94, 0x92, 0x94,
    0x92, 0x94, 0x92, 0x94, 0x92, 0x8c, 0x92, 0x94, 0x72, 0x8c, 0x71, 0x8c,
    0x92, 0x94, 0x92, 0x94, 0xb3, 0x94, 0xb3, 0x9c, 0xd3, 0x9c, 0xd3, 0x94,
    0xd4, 0x9c, 0xd3, 0x9c, 0xf4, 0x9c, 0xf3, 0x9c, 0xd3, 0x9c, 0xd3, 0x9c,
    0xd3, 0x9c, 0xd3, 0x9c, 0xd3, 0x9c, 0xf4, 0x9c, 0xd3, 0x9c, 0xd3, 0x9c,
    0xd3, 0x9c, 0xd3, 0x9c, 0xb3, 0x94, 0xb3, 0x94, 0x92, 0x94, 0x92, 0x94,
    0x72, 0x8c, 0x72, 0x94, 0x71, 0x8c, 0x51, 0x8c, 0x31, 0x84, 0x31, 0x84,
    0x31, 0x84, 0x30, 0x84, 0x31, 0x84, 0x31, 0x84, 0x10, 0x84, 0x10, 0x84,
    0xf0, 0x7b, 0xcf, 0x7b, 0xcf, 0x73, 0xcf, 0x7b, 0xf0, 0x7b, 0x10, 0x84,
    0x10, 0x84, 0x10, 0x7c, 0xf0, 0x7b, 0xf0, 0x7b, 0xef, 0x7b, 0xf0, 0x7b,
    0x30, 0x84, 0x30, 0x84, 0xf0, 0x7b, 0x10, 0x84, 0xf0, 0x7b, 0x10, 0x7c,
    0xcf, 0x7b, 0xaf, 0x73, 0xcf, 0x7b, 0x10, 0x7c, 0x11, 0x84, 0x10, 0x84,
    0xf0, 0x7b, 0x10, 0x84, 0xf0, 0x7b, 0xef, 0x7b, 0xf0, 0x7b, 0xcf, 0x7b,
    0x8e, 0x73, 0xaf, 0x73, 0xae, 0x73, 0x8e, 0x73, 0xaf, 0x73, 0x8f, 0x73,
    0x8e, 0x73, 0x6e, 0x73, 0x6e, 0x6b, 0x6e, 0x6b, 0x6e, 0x6b, 0x8e, 0x73,
    0xaf, 0x73, 0xaf, 0x73, 0xaf, 0x73, 0xaf, 0x7b, 0x8e, 0x73, 0xaf, 0x73,
    0x8e, 0x73, 0x8e, 0x73, 0x6e, 0x6b, 0x8e, 0x73, 0x8e, 0x73, 0x8e, 0x73,
    0x8e, 0x73, 0x6e, 0x6b, 0x4d, 0x6b, 0x4d, 0x6b, 0x0c, 0x63, 0x0c, 0x63,
    0xec, 0x5a, 0x45, 0x29, 0xe8, 0x39, 0x08, 0x42, 0x08, 0x42, 0x29, 0x42,
    0x49, 0x4a, 0x49, 0x4a, 0x29, 0x42, 0x28, 0x42, 0x28, 0x42, 0x29, 0x42,
    0x28, 0x42, 0x08, 0x42, 0x28, 0x42, 0x28, 0x42, 0x29, 0x42, 0x08, 0x42,
    0x08, 0x42, 0xe8, 0x39, 0xe7, 0x39, 0xc7, 0x39, 0xa7, 0x31, 0xc7, 0x39,
    0x08, 0x42, 0x28, 0x42, 0x69, 0x4a, 0x6a, 0x4a, 0x6a, 0x4a, 0x6a, 0x4a,
    0x8a, 0x4a, 0x69, 0x4a, 0x49, 0x4a, 0x08, 0x42, 0x08, 0x42, 0x49, 0x42,
    0x49, 0x4a, 0x8a, 0x52, 0xab, 0x52, 0x8a, 0x52, 0xaa, 0x52, 0x8a, 0x52,
    0x8a, 0x52, 0x6a, 0x4a, 0x49, 0x4a, 0x49, 0x4a, 0x49, 0x4a, 0x6a, 0x4a,
    0x69, 0x4a, 0x69, 0x4a, 0x6a, 0x4a, 0x8a, 0x52, 0x8a, 0x52, 0x8a, 0x52,
    0x8a, 0x52, 0x6a, 0x4a, 0x49, 0x4a, 0x49, 0x4a, 0x29, 0x42, 0x49, 0x42,
    0x28, 0x42, 0x08, 0x42, 0x08, 0x42, 0xe7, 0x41, 0x28, 0x42, 0x29, 0x4a,
    0x08, 0x42, 0x08, 0x42, 0xe8, 0x39, 0xe7, 0x39, 0xe8, 0x39, 0xc7, 0x39,
    0xa6, 0x31, 0xa6, 0x31, 0xa6, 0x31, 0x86, 0x31, 0xa7, 0x39, 0xa6, 0x31,
    0x86, 0x31, 0x86, 0x31, 0x86, 0x31, 0x86, 0x31, 0x86, 0x31, 0x86, 0x31,
    0x86, 0x31, 0x66, 0x31, 0x66, 0x29, 0x86, 0x31, 0x86, 0x31, 0xa6, 0x39,
    0xc7, 0x39, 0xe7, 0x39, 0xe8, 0x41, 0x28, 0x42, 0x29, 0x42, 0x29, 0x4a,
    0x08, 0x42, 0x08, 0x42, 0xc7, 0x39, 0xc7, 0x39, 0xa7, 0x39, 0x86, 0x31,
    0x86, 0x31, 0x66, 0x31, 0x45, 0x29, 0x24, 0x21, 0x24, 0x29, 0x04, 0x21,
    0x04, 0x21, 0x04, 0x21, 0x04, 0x21, 0x04, 0x21, 0x03, 0x21, 0x04, 0x21,
    0x24, 0x21, 0x24, 0x21, 0x45, 0x29, 0x65, 0x29, 0x65, 0x31, 0x65, 0x31,
    0x65, 0x29, 0x65, 0x31, 0x65, 0x31, 0x86, 0x31, 0xa6, 0x31, 0xa7, 0x39,
    0xe7, 0x39, 0xe8, 0x39, 0x28, 0x42, 0x49, 0x4a, 0x49, 0x4a, 0x29, 0x4a,
    0x49, 0x4a, 0x69, 0x4a, 0xaa, 0x52, 0xcb, 0x5a, 0xeb, 0x5a, 0x0c, 0x63,
    0x4d, 0x6b, 0x6e, 0x6b, 0x8e, 0x73, 0x4d, 0x6b, 0x2d, 0x63, 0x4d, 0x6b,
    0x6d, 0x6b, 0x2d, 0x63, 0x2d, 0x63, 0x4d, 0x6b, 0x4d, 0x6b, 0x8e, 0x73,
    0xcf, 0x7b, 0xef, 0x7b, 0xcf, 0x7b, 0xcf, 0x7b, 0xcf, 0x7b, 0xaf, 0x73,
    0x8e, 0x73, 0x6d, 0x6b, 0xec, 0x5a, 0xcb, 0x5a, 0x0c, 0x63, 0x2c, 0x63,
    0x2d, 0x63, 0x2c, 0x63, 0x4d, 0x6b, 0x8e, 0x73, 0x8e, 0x73, 0xaf, 0x73,
    0xcf, 0x73, 0xaf, 0x73, 0xaf, 0x73, 0xcf, 0x7b, 0xf0, 0x7b, 0x10, 0x84,
    0x31, 0x84, 0x31, 0x84, 0x31, 0x84, 0x31, 0x84, 0x51, 0x8c, 0x72, 0x8c,
    0x72, 0x8c, 0x72, 0x8c, 0x72, 0x8c, 0x51, 0x8c, 0x72, 0x8c, 0x72, 0x8c,
    0x72, 0x8c, 0x72, 0x8c, 0x92, 0x94, 0x72, 0x94, 0x93, 0x94, 0xb3, 0x94,
    0xd3, 0x9c, 0xd3, 0x9c, 0xd3, 0x9c, 0xd3, 0x9c, 0xf4, 0x9c, 0x14, 0xa5,
    0x14, 0xa5, 0x15, 0xa5, 0x14, 0xa5, 0x14, 0xa5, 0x35, 0xa5, 0x35, 0xa5,
    0x35, 0xa5, 0x35, 0xa5, 0x35, 0xa5, 0x35, 0xa5, 0x14, 0xa5, 0xf4, 0x9c,
    0xf4, 0x9c, 0xf4, 0xa4, 0x14, 0xa5, 0xf4, 0x9c, 0xd3, 0x9c, 0xb2, 0x94,
    0x92, 0x8c, 0x92, 0x94, 0x92, 0x94, 0x92, 0x94, 0xb3, 0x94, 0xb3, 0x94,
    0xb2, 0x94, 0xb3, 0x94, 0x92, 0x94, 0xd3, 0x9c, 0xd3, 0x9c, 0xd4, 0x9c,
    0xf4, 0x9c, 0xd3, 0x9c, 0xf4, 0x9c, 0x14, 0xa5, 0x14, 0xa5, 0x14, 0xa5,
    0xf4, 0x9c, 0xf4, 0x9c, 0xf4, 0x9c, 0xf4, 0x9c, 0xf4, 0x9c, 0xf4, 0x9c,
    0xf4, 0x9c, 0xd4, 0x9c, 0xd3, 0x9c, 0xb3, 0x94, 0x92, 0x94, 0xb3, 0x94,
    0x92, 0x94, 0x92, 0x94, 0x72, 0x8c, 0x71, 0x8c, 0x51, 0x8c, 0x51, 0x84,
    0x30, 0x84, 0x30, 0x84, 0x30, 0x84, 0x10, 0x7c, 0x10, 0x7c, 0x10, 0x84,
    0xf0, 0x7b, 0xf0, 0x7b, 0xf0, 0x7b, 0xef, 0x7b, 0xcf, 0x7b, 0xcf, 0x7b,
    0xf0, 0x7b, 0xf0, 0x7b, 0xf0, 0x7b, 0x10, 0x84, 0xef, 0x7b, 0xf0, 0x7b,
    0xf0, 0x83, 0xaf, 0x7b, 0xcf, 0x7b, 0xf0, 0x83, 0xcf, 0x7b, 0xf0, 0x7b,
    0xf0, 0x83, 0xcf, 0x7b, 0xcf, 0x7b, 0xd0, 0x7b, 0x10, 0x7c, 0x30, 0x84,
    0x31, 0x84, 0x10, 0x84, 0xf0, 0x83, 0xf0, 0x83, 0xf0, 0x7b, 0xf0, 0x7b,
    0xf0, 0x83, 0xef, 0x7b, 0xf0, 0x7b, 0xcf, 0x7b, 0xcf, 0x7b, 0xcf, 0x7b,
    0xaf, 0x73, 0x8e, 0x73, 0x8e, 0x73, 0x8e, 0x73, 0x8e, 0x73, 0xaf, 0x73,
    0xaf, 0x73, 0x8e, 0x73, 0x6d, 0x6b, 0xae, 0x73, 0x6e, 0x6b, 0x6e, 0x6b,
    0xae, 0x73, 0xaf, 0x73, 0x8e, 0x73, 0x8e, 0x73, 0x6e, 0x6b, 0x6e, 0x6b,
    0x6e, 0x6b, 0xcf, 0x7b, 0x8e, 0x73, 0x4d, 0x6b, 0x4d, 0x63, 0x4d, 0x6b,
    0x2d, 0x63, 0x2d, 0x63, 0x4d, 0x6b, 0x66, 0x29, 0x08, 0x42, 0x29, 0x42,
    0x49, 0x42, 0x29, 0x42, 0x29, 0x42, 0x29, 0x42, 0x28, 0x42, 0xe8, 0x39,
    0xe8, 0x39, 0xe7, 0x39, 0xe7, 0x39, 0xe8, 0x39, 0x08, 0x42, 0x07, 0x3a,
    0xe7, 0x41, 0x08, 0x42, 0xe7, 0x39, 0xc7, 0x31, 0xc7, 0x39, 0xc7, 0x39,
    0xe7, 0x39, 0x08, 0x42, 0x49, 0x4a, 0x49, 0x4a, 0x6a, 0x4a, 0x6a, 0x4a,
    0x6a, 0x4a, 0x69, 0x4a, 0x28, 0x4a, 0x08, 0x42, 0xe7, 0x39, 0x08, 0x3a,
    0x08, 0x42, 0x29, 0x42, 0x49, 0x4a, 0x8a, 0x4a, 0x8a, 0x4a, 0x69, 0x4a,
    0x49, 0x4a, 0x49, 0x42, 0x08, 0x42, 0x08, 0x42, 0x08, 0x42, 0x28, 0x42,
    0x29, 0x42, 0x28, 0x42, 0x29, 0x4a, 0x49, 0x4a, 0x49, 0x4a, 0x49, 0x4a,
    0x49, 0x4a, 0x49, 0x4a, 0x69, 0x4a, 0x49, 0x4a, 0x28, 0x42, 0x28, 0x42,
    0x08, 0x42, 0xe7, 0x39, 0xc7, 0x39, 0xe7, 0x39, 0xc7, 0x39, 0xc7, 0x39,
    0xe7, 0x39, 0x08, 0x42, 0x08, 0x42, 0x08, 0x42, 0x08, 0x42, 0x08, 0x42,
    0x28, 0x42, 0x08, 0x42, 0xe8, 0x41, 0xe7, 0x39, 0xc7, 0x39, 0xe8, 0x39,
    0xc7, 0x39, 0xe7, 0x39, 0xc7, 0x39, 0xc7, 0x39, 0xc7, 0x39, 0xc7, 0x39,
    0xc7, 0x39, 0xc7, 0x39, 0xc7, 0x39, 0xe7, 0x39, 0x08, 0x42, 0x08, 0x42,
    0x08, 0x42, 0xe8, 0x41, 0x08, 0x42, 0xe8, 0x41, 0xc7, 0x39, 0xa7, 0x39,
    0x86, 0x31, 0x65, 0x29, 0x65, 0x29, 0x45, 0x29, 0x25, 0x29, 0x24, 0x21,
    0x24, 0x21, 0x04, 0x21, 0x24, 0x21, 0x45, 0x29, 0x24, 0x29, 0x24, 0x21,
    0x24, 0x29, 0x24, 0x29, 0x44, 0x29, 0x45, 0x29, 0x44, 0x29, 0x45, 0x29,
    0x24, 0x29, 0x45, 0x29, 0x45, 0x29, 0x44, 0x29, 0x45, 0x29, 0x65, 0x31,
    0x66, 0x31, 0x86, 0x31, 0xa6, 0x31, 0xc7, 0x39, 0xe7, 0x39, 0xe7, 0x39,
    0x08, 0x42, 0x29, 0x4a, 0x29, 0x4a, 0x49, 0x4a, 0x49, 0x4a, 0x49, 0x4a,
    0x49, 0x4a, 0x69, 0x4a, 0x69, 0x52, 0x6a, 0x52, 0x8a, 0x52, 0xab, 0x5a,
    0x0c, 0x63, 0x4d, 0x6b, 0x6e, 0x6b, 0x8e, 0x73, 0x8e, 0x6b, 0x6e, 0x6b,
    0x6e, 0x73, 0x6e, 0x6b, 0x4d, 0x6b, 0x4d, 0x6b, 0x4d, 0x6b, 0x6d, 0x6b,
    0x6e, 0x6b, 0x8f, 0x73, 0xcf, 0x7b, 0xcf, 0x7b, 0xae, 0x73, 0xae, 0x73,
    0x8e, 0x73, 0x8e, 0x73, 0x8e, 0x73, 0x6d, 0x6b, 0x2d, 0x63, 0x2c, 0x63,
    0x4d, 0x6b, 0x6d, 0x6b, 0x6e, 0x6b, 0x8e, 0x73, 0x8e, 0x73, 0xae, 0x73,
    0xcf, 0x73, 0xcf, 0x7b, 0xef, 0x7b, 0xcf, 0x7b, 0xf0, 0x7b, 0x10, 0x84,
    0x10, 0x84, 0x31, 0x84, 0x31, 0x84, 0x31, 0x8c, 0x51, 0x8c, 0x51, 0x8c,
    0x72, 0x8c, 0x92, 0x94, 0x72, 0x94, 0x72, 0x8c, 0x92, 0x94, 0x92, 0x8c,
    0x72, 0x8c, 0x72, 0x8c, 0x72, 0x94, 0x92, 0x94, 0xb2, 0x94, 0xb3, 0x94,
    0xb3, 0x94, 0xd3, 0x9c, 0xd3, 0x9c, 0xd3, 0x9c, 0xd4, 0x9c, 0xf4, 0x9c,
    0xf4, 0x9c, 0xf4, 0x9c, 0x14, 0xa5, 0x15, 0xa5, 0x15, 0xa5, 0x34, 0xa5,
    0x35, 0xa5, 0x35, 0xa5, 0x55, 0xa5, 0x35, 0xa5, 0x55, 0xa5, 0x35, 0xa5,
    0x35, 0xa5, 0x34, 0xa5, 0x14, 0xa5, 0x14, 0xa5, 0x14, 0xa5, 0x14, 0xa5,
    0xf4, 0x9c, 0xd3, 0x9c, 0xd3, 0x9c, 0xd4, 0x9c, 0xd4, 0x9c, 0xd3, 0x9c,
    0xd3, 0x9c, 0xd3, 0x9c, 0xd3, 0x9c, 0xd3, 0x9c, 0xd4, 0x9c, 0xf3, 0x9c,
    0xf4, 0x9c, 0xd3, 0x9c, 0xf4, 0x9c, 0xf4, 0x9c, 0xf4, 0x9c, 0xf4, 0x9c,
    0xf4, 0x9c, 0xf4, 0x9c, 0x14, 0xa5, 0x14, 0xa5, 0x14, 0xa5, 0xf4, 0x9c,
    0xf4, 0xa4, 0xf4, 0x9c, 0xf3, 0x9c, 0xf3, 0x9c, 0xd3, 0x9c, 0xd3, 0x94,
    0xb3, 0x94, 0xb3, 0x94, 0xb3, 0x94, 0x92, 0x94, 0x71, 0x8c, 0x51, 0x8c,
    0x51, 0x8c, 0x51, 0x8c, 0x51, 0x8c, 0x31, 0x84, 0x30, 0x84, 0x10, 0x84,
    0x30, 0x84, 0x31, 0x8c, 0x31, 0x84, 0x30, 0x84, 0x10, 0x84, 0xf0, 0x7b,
    0xf0, 0x7b, 0xf0, 0x7b, 0xef, 0x7b, 0xd0, 0x7b, 0xcf, 0x7b, 0xcf, 0x7b,
    0xcf, 0x7b, 0xcf, 0x7b, 0xcf, 0x7b, 0xae, 0x73, 0xaf, 0x73, 0xaf, 0x73,
    0x8e, 0x73, 0xaf, 0x73, 0xcf, 0x7b, 0xcf, 0x73, 0xcf, 0x7b, 0xcf, 0x7b,
    0xf0, 0x7b, 0xcf, 0x7b, 0xf0, 0x7b, 0x10, 0x84, 0xcf, 0x7b, 0xaf, 0x73,
    0xcf, 0x7b, 0xaf, 0x73, 0xaf, 0x73, 0xcf, 0x7b, 0xf0, 0x7b, 0xcf, 0x7b,
    0xaf, 0x73, 0x8f, 0x73, 0x8e, 0x73, 0xaf, 0x73, 0xae, 0x73, 0xaf, 0x73,
    0x8e, 0x73, 0x6e, 0x73, 0x8e, 0x73, 0x8e, 0x73, 0x6e, 0x6b, 0x8e, 0x73,
    0x8e, 0x73, 0x8e, 0x73, 0x8e, 0x73, 0x8e, 0x73, 0x8e, 0x73, 0x6e, 0x6b,
    0x6e, 0x6b, 0x6d, 0x6b, 0x4d, 0x6b, 0x6e, 0x6b, 0x8e, 0x73, 0x6e, 0x6b,
    0x2d, 0x63, 0x4d, 0x6b, 0x6e, 0x6b, 0x4d, 0x6b, 0x4d, 0x6b, 0xa6, 0x31,
    0x08, 0x42, 0x08, 0x42, 0x08, 0x42, 0x29, 0x42, 0x29, 0x42, 0x28, 0x42,
    0x29, 0x42, 0xe7, 0x39, 0xe8, 0x41, 0xc7, 0x39, 0xc7, 0x39, 0xc7, 0x39,
    0xc7, 0x39, 0xe7, 0x39, 0xc7, 0x39, 0xe7, 0x39, 0xc7, 0x39, 0xa6, 0x31,
    0xc7, 0x31, 0xe7, 0x39, 0x08, 0x3a, 0x28, 0x42, 0x49, 0x4a, 0x69, 0x4a,
    0x69, 0x4a, 0x49, 0x42, 0x28, 0x4a, 0x28, 0x42, 0x08, 0x42, 0xc7, 0x39,
    0xc7, 0x39, 0xe7, 0x39, 0x28, 0x42, 0x49, 0x4a, 0x29, 0x42, 0x49, 0x4a,
    0x49, 0x4a, 0x28, 0x42, 0x08, 0x42, 0x08, 0x42, 0x08, 0x42, 0x08, 0x42,
    0x28, 0x42, 0x28, 0x42, 0x49, 0x42, 0x28, 0x42, 0x28, 0x42, 0x49, 0x4a,
    0x28, 0x42, 0x28, 0x42, 0x28, 0x42, 0x08, 0x42, 0x29, 0x42, 0x08, 0x42,
    0xe8, 0x39, 0xe7, 0x39, 0xe7, 0x39, 0xc7, 0x39, 0xa7, 0x39, 0xa6, 0x31,
    0xa6, 0x31, 0xc7, 0x39, 0xc7, 0x39, 0xc7, 0x39, 0xe7, 0x39, 0xe8, 0x39,
    0x08, 0x3a, 0x08, 0x42, 0x08, 0x42, 0x28, 0x42, 0x08, 0x42, 0x08, 0x42,
    0x08, 0x42, 0xe8, 0x41, 0x08, 0x42, 0x08, 0x42, 0x08, 0x42, 0x08, 0x42,
    0x08, 0x42, 0x08, 0x42, 0x08, 0x42, 0x28, 0x42, 0x08, 0x42, 0xe7, 0x39,
    0xc7, 0x39, 0xa6, 0x31, 0x86, 0x31, 0x65, 0x29, 0x45, 0x29, 0x45, 0x29,
    0x24, 0x21, 0x24, 0x21, 0x24, 0x29, 0x24, 0x21, 0x24, 0x29, 0x24, 0x21,
    0x25, 0x21, 0x24, 0x21, 0x04, 0x21, 0x24, 0x21, 0x04, 0x21, 0x25, 0x29,
    0x45, 0x29, 0x24, 0x21, 0x45, 0x29, 0x45, 0x29, 0x45, 0x29, 0x45, 0x29,
    0x65, 0x29, 0x45, 0x29, 0x45, 0x29, 0x65, 0x29, 0x65, 0x29, 0x65, 0x31,
    0x86, 0x31, 0x86, 0x31, 0xa6, 0x31, 0xa6, 0x39, 0xc7, 0x39, 0xe7, 0x39,
    0x08, 0x42, 0x08, 0x42, 0x28, 0x4a, 0x49, 0x4a, 0x69, 0x4a, 0x69, 0x4a,
    0x49, 0x4a, 0x49, 0x4a, 0x49, 0x4a, 0x49, 0x4a, 0x6a, 0x52, 0xaa, 0x52,
    0xaa, 0x52, 0xec, 0x62, 0x2c, 0x63, 0x2c, 0x63, 0x2c, 0x63, 0x4d, 0x6b,
    0x4d, 0x6b, 0x6d, 0x6b, 0x6e, 0x6b, 0x6e, 0x6b, 0x6e, 0x6b, 0x8e, 0x73,
    0x8e, 0x73, 0x8e, 0x73, 0xaf, 0x73, 0xaf, 0x73, 0xaf, 0x73, 0x8e, 0x73,
    0x8e, 0x73, 0x8e, 0x73, 0x6d, 0x6b, 0x6d, 0x6b, 0x6d, 0x6b, 0x6d, 0x6b,
    0x6d, 0x6b, 0x6d, 0x6b, 0x8e, 0x6b, 0x8e, 0x73, 0xae, 0x73, 0xae, 0x73,
    0xcf, 0x7b, 0xf0, 0x7b, 0x10, 0x84, 0x10, 0x84, 0x30, 0x84, 0x31, 0x84,
    0x31, 0x84, 0x31, 0x84, 0x31, 0x84, 0x31, 0x84, 0x51, 0x8c, 0x51, 0x8c,
    0x51, 0x8c, 0x51, 0x8c, 0x72, 0x8c, 0x92, 0x94, 0x92, 0x94, 0x72, 0x8c,
    0x92, 0x94, 0x92, 0x94, 0x72, 0x8c, 0x71, 0x8c, 0x72, 0x8c, 0x92, 0x94,
    0xb3, 0x94, 0xd3, 0x9c, 0xd3, 0x9c, 0xd3, 0x9c, 0xd3, 0x9c, 0xd3, 0x9c,
    0xd3, 0x9c, 0xf4, 0x9c, 0xf4, 0x9c, 0xf4, 0x9c, 0x14, 0xa5, 0x14, 0xa5,
    0x14, 0xa5, 0x35, 0xa5, 0x14, 0xa5, 0x14, 0xa5, 0x34, 0xa5, 0x35, 0xa5,
    0x35, 0xad, 0x55, 0xad, 0x55, 0xad, 0x55, 0xad, 0x35, 0xa5, 0x55, 0xa5,
    0x35, 0xa5, 0x35, 0xa5, 0x14, 0xa5, 0x14, 0xa5, 0xf4, 0x9c, 0xf4, 0x9c,
    0x14, 0x9d, 0xf4, 0x9c, 0xf3, 0x9c, 0xf4, 0x9c, 0xf4, 0x9c, 0xf4, 0x9c,
    0xf4, 0x9c, 0xf4, 0x9c, 0xd3, 0x9c, 0xd3, 0x9c, 0xf4, 0x9c, 0xf3, 0x9c,
    0xd3, 0x9c, 0xf4, 0x9c, 0xf3, 0x9c, 0xf4, 0x9c, 0xf4, 0x9c, 0xf4, 0x9c,
    0xf3, 0x9c, 0xf3, 0x9c, 0xd3, 0x9c, 0xd3, 0x9c, 0xd3, 0x9c, 0xd3, 0x9c,
    0xd3, 0x94, 0xd3, 0x9c, 0xb3, 0x9c, 0xb3, 0x9c, 0xb3, 0x94, 0xb2, 0x94,
    0x92, 0x94, 0x92, 0x94, 0x72, 0x8c, 0x72, 0x8c, 0x51, 0x8c, 0x71, 0x8c,
    0x51, 0x8c, 0x51, 0x8c, 0x71, 0x8c, 0x72, 0x8c, 0x51, 0x8c, 0x31, 0x84,
    0x30, 0x84, 0x31, 0x84, 0x10, 0x84, 0x10, 0x84, 0x10, 0x7c, 0xf0, 0x7b,
    0x10, 0x84, 0xf0, 0x7b, 0xcf, 0x7b, 0xcf, 0x7b, 0xaf, 0x73, 0x8e, 0x73,
    0x8e, 0x73, 0x8e, 0x73, 0x8e, 0x73, 0x8e, 0x73, 0xcf, 0x73, 0xaf, 0x73,
    0xaf, 0x73, 0xaf, 0x73, 0xcf, 0x7b, 0xcf, 0x7b, 0xcf, 0x7b, 0xcf, 0x73,
    0xcf, 0x73, 0xaf, 0x73, 0xcf, 0x7b, 0xcf, 0x7b, 0xcf, 0x7b, 0xcf, 0x7b,
    0xaf, 0x73, 0xaf, 0x73, 0xae, 0x73, 0x8e, 0x73, 0x8e, 0x73, 0xaf, 0x73,
    0xaf, 0x73, 0xae, 0x73, 0x8e, 0x73, 0x6e, 0x6b, 0x4d, 0x6b, 0x6d, 0x6b,
    0x6e, 0x6b, 0x6d, 0x6b, 0x6e, 0x6b, 0x6e, 0x6b, 0x6e, 0x6b, 0x6e, 0x6b,
    0x8e, 0x73, 0x6e, 0x6b, 0x4d, 0x6b, 0x4d, 0x6b, 0x6e, 0x6b, 0x6e, 0x6b,
    0x2d, 0x63, 0x4d, 0x6b, 0x4d, 0x6b, 0x4e, 0x6b, 0x4d, 0x6b, 0x4d, 0x6b,
    0x4d, 0x6b, 0xe8, 0x41, 0xe8, 0x39, 0x08, 0x42, 0x08, 0x42, 0x08, 0x42,
    0x08, 0x42, 0x29, 0x42, 0x29, 0x42, 0x08, 0x42, 0x08, 0x42, 0xe7, 0x39,
    0xe7, 0x39, 0xc7, 0x39, 0xa7, 0x31, 0xc7, 0x39, 0xc7, 0x39, 0xc7, 0x39,
    0xa6, 0x31, 0xa6, 0x31, 0xc7, 0x39, 0xc7, 0x39, 0xe7, 0x39, 0x28, 0x42,
    0x29, 0x42, 0x29, 0x42, 0x28, 0x42, 0x08, 0x42, 0x08, 0x42, 0x08, 0x42,
    0x08, 0x3a, 0x08, 0x42, 0x08, 0x42, 0x08, 0x42, 0x28, 0x42, 0x08, 0x42,
    0x08, 0x42, 0xe8, 0x41, 0x08, 0x42, 0x08, 0x42, 0x08, 0x42, 0x08, 0x3a,
    0x08, 0x42, 0x28, 0x42, 0x29, 0x42, 0x28, 0x42, 0x29, 0x4a, 0x29, 0x42,
    0x28, 0x42, 0x28, 0x42, 0x28, 0x42, 0x08, 0x42, 0xe8, 0x41, 0xe8, 0x39,
    0xe7, 0x39, 0xc7, 0x39, 0xc7, 0x39, 0xa7, 0x39, 0xa6, 0x31, 0xa7, 0x39,
    0xa6, 0x31, 0xa6, 0x31, 0xa7, 0x39, 0xa6, 0x31, 0xa6, 0x31, 0xa6, 0x31,
    0xa7, 0x31, 0xc7, 0x31, 0xe7, 0x39, 0xc7, 0x39, 0xe7, 0x39, 0xe7, 0x39,
    0xe7, 0x39, 0xe8, 0x39, 0x08, 0x42, 0xe8, 0x41, 0x08, 0x42, 0xe8, 0x41,
    0xe8, 0x41, 0xe8, 0x41, 0xe7, 0x39, 0xa7, 0x39, 0xa7, 0x39, 0x86, 0x31,
    0x66, 0x31, 0x45, 0x29, 0x45, 0x29, 0x45, 0x29, 0x45, 0x29, 0x25, 0x29,
    0x45, 0x29, 0x45, 0x29, 0x45, 0x29, 0x45, 0x29, 0x24, 0x21, 0x04, 0x21,
    0x04, 0x21, 0x04, 0x21, 0x24, 0x29, 0x24, 0x29, 0x04, 0x21, 0x24, 0x21,
    0x04, 0x21, 0x04, 0x21, 0x45, 0x29, 0x65, 0x29, 0x65, 0x29, 0x45, 0x29,
    0x65, 0x29, 0x45, 0x29, 0x45, 0x29, 0x45, 0x29, 0x45, 0x29, 0x65, 0x29,
    0x86, 0x31, 0x86, 0x31, 0xa6, 0x31, 0x86, 0x31, 0xa6, 0x31, 0xc7, 0x39,
    0xe7, 0x39, 0x08, 0x42, 0x08, 0x42, 0x08, 0x42, 0x29, 0x4a, 0x69, 0x4a,
    0x6a, 0x52, 0x69, 0x4a, 0x8a, 0x52, 0x8a, 0x52, 0x8a, 0x52, 0xaa, 0x52,
    0xcb, 0x5a, 0xec, 0x62, 0xec, 0x62, 0x2c, 0x63, 0x0c, 0x63, 0xec, 0x5a,
    0xec, 0x62, 0x0c, 0x63, 0x0c, 0x63, 0x2c, 0x63, 0x4d, 0x6b, 0x6e, 0x6b,
    0xae, 0x73, 0xaf, 0x73, 0xaf, 0x73, 0xaf, 0x73, 0xaf, 0x73, 0xae, 0x73,
    0xae, 0x73, 0x8e, 0x73, 0xae, 0x73, 0xae, 0x73, 0x6e, 0x6b, 0x6d, 0x6b,
    0x6d, 0x6b, 0x8e, 0x73, 0x8e, 0x73, 0x8e, 0x73, 0xae, 0x73, 0xaf, 0x7b,
    0xaf, 0x73, 0xcf, 0x7b, 0xef, 0x7b, 0x10, 0x84, 0x11, 0x84, 0x31, 0x84,
    0x31, 0x84, 0x30, 0x84, 0x31, 0x84, 0x31, 0x8c, 0x51, 0x8c, 0x51, 0x84,
    0x51, 0x8c, 0x51, 0x8c, 0x51, 0x84, 0x51, 0x8c, 0x51, 0x8c, 0x72, 0x8c,
    0x72, 0x8c, 0x92, 0x8c, 0x92, 0x94, 0x72, 0x94, 0x71, 0x8c, 0x51, 0x8c,
    0x72, 0x8c, 0x92, 0x94, 0xb3, 0x94, 0xd3, 0x94, 0xd3, 0x9c, 0xd3, 0x9c,
    0xd3, 0x94, 0xd3, 0x9c, 0xd3, 0x9c, 0xf3, 0x9c, 0xd3, 0x9c, 0xf4, 0x9c,
    0x14, 0xa5, 0x14, 0x9d, 0x14, 0x9d, 0x14, 0xa5, 0x14, 0xa5, 0x14, 0xa5,
    0x14, 0xa5, 0x14, 0xa5, 0x35, 0xa5, 0x55, 0xad, 0x55, 0xad, 0x55, 0xad,
    0x55, 0xad, 0x55, 0xad, 0x55, 0xad, 0x35, 0xa5, 0x35, 0xa5, 0x14, 0xa5,
    0x14, 0xa5, 0x14, 0xa5, 0x14, 0xa5, 0x14, 0xa5, 0x14, 0xa5, 0xf4, 0x9c,
    0xf4, 0x9c, 0xf4, 0x9c, 0xf4, 0xa4, 0xf4, 0x9c, 0xf3, 0x9c, 0xf4, 0x9c,
    0xd4, 0x9c, 0xf3, 0x9c, 0xf4, 0x9c, 0xf4, 0x9c, 0xf3, 0x9c, 0xf4, 0x9c,
    0xf4, 0xa4, 0xd3, 0x9c, 0xd3, 0x9c, 0xd3, 0x9c, 0xd3, 0x9c, 0xd3, 0x9c,
    0xd3, 0x9c, 0xd3, 0x9c, 0xb3, 0x94, 0xb3, 0x94, 0xb2, 0x94, 0xb3, 0x94,
    0xb3, 0x94, 0xd3, 0x9c, 0xd3, 0x9c, 0xb3, 0x94, 0xb2, 0x94, 0x92, 0x94,
    0x72, 0x8c, 0x72, 0x8c, 0x72, 0x8c, 0x72, 0x8c, 0x72, 0x94, 0x72, 0x8c,
    0x72, 0x8c, 0x51, 0x8c, 0x31, 0x8c, 0x31, 0x8c, 0x31, 0x84, 0x31, 0x84,
    0x10, 0x84, 0x10, 0x84, 0x10, 0x84, 0x10, 0x84, 0x10, 0x84, 0x10, 0x84,
    0x10, 0x7c, 0xf0, 0x7b, 0xf0, 0x7b, 0xf0, 0x7b, 0xaf, 0x73, 0xaf, 0x73,
    0xaf, 0x73, 0xcf, 0x7b, 0xd0, 0x7b, 0xcf, 0x7b, 0x10, 0x7c, 0xf0, 0x7b,
    0xcf, 0x7b, 0xcf, 0x7b, 0xcf, 0x7b, 0xcf, 0x7b, 0xcf, 0x73, 0xcf, 0x7b,
    0xf0, 0x7b, 0x10, 0x84, 0xcf, 0x7b, 0xaf, 0x73, 0xaf, 0x73, 0x8e, 0x73,
    0xaf, 0x73, 0xcf, 0x7b, 0xaf, 0x73, 0x8e, 0x73, 0x8e, 0x73, 0x8e, 0x73,
    0x6e, 0x6b, 0x4d, 0x6b, 0x6e, 0x6b, 0x2d, 0x6b, 0x4d, 0x6b, 0x4d, 0x6b,
    0x4d, 0x6b, 0x6e, 0x6b, 0x6e, 0x6b, 0x6e, 0x6b, 0x4d, 0x6b, 0x4d, 0x6b,
    0x6e, 0x6b, 0x6e, 0x6b, 0x6d, 0x6b, 0x6d, 0x6b, 0x4d, 0x6b, 0x6e, 0x6b,
    0x8e, 0x73, 0x6e, 0x6b, 0x8e, 0x6b, 0x66, 0x29, 0xe8, 0x39, 0xe8, 0x39,
    0xe7, 0x39, 0xe8, 0x39, 0x08, 0x42, 0x08, 0x42, 0x28, 0x42, 0x08, 0x42,
    0x08, 0x42, 0xe7, 0x39, 0x08, 0x3a, 0xe7, 0x39, 0xc7, 0x39, 0xc7, 0x31,
    0xa6, 0x31, 0xc7, 0x31, 0xa7, 0x31, 0xc7, 0x39, 0xc7, 0x39, 0xe7, 0x39,
    0xe8, 0x39, 0x08, 0x42, 0x08, 0x42, 0xe7, 0x39, 0xe8, 0x39, 0xe8, 0x39,
    0xe7, 0x39, 0xe8, 0x41, 0xe8, 0x39, 0x08, 0x42, 0x08, 0x42, 0xe7, 0x39,
    0xe8, 0x41, 0xe8, 0x41, 0xe7, 0x39, 0xe7, 0x39, 0xe7, 0x39, 0xe7, 0x39,
    0xe8, 0x39, 0xe8, 0x39, 0xe7, 0x39, 0x08, 0x42, 0x08, 0x42, 0x28, 0x42,
    0x08, 0x42, 0x08, 0x42, 0x08, 0x42, 0xe7, 0x39, 0xc7, 0x39, 0xc7, 0x39,
    0xc7, 0x39, 0xe7, 0x39, 0xc7, 0x39, 0xa7, 0x39, 0xa6, 0x31, 0xa6, 0x31,
    0xa7, 0x39, 0xa7, 0x31, 0x86, 0x31, 0xa7, 0x39, 0xa6, 0x31, 0x86, 0x31,
    0x86, 0x31, 0xa6, 0x31, 0x86, 0x31, 0xa6, 0x39, 0xc7, 0x31, 0xa6, 0x31,
    0xc7, 0x31, 0xc7, 0x31, 0xa7, 0x31, 0xc7, 0x39, 0xa6, 0x31, 0xc7, 0x31,
    0xc7, 0x39, 0xa6, 0x39, 0xa6, 0x31, 0x86, 0x31, 0x66, 0x31, 0x65, 0x29,
    0x65, 0x29, 0x86, 0x31, 0x86, 0x31, 0x66, 0x31, 0x86, 0x31, 0xa6, 0x31,
    0x86, 0x31, 0x86, 0x31, 0x86, 0x31, 0x65, 0x31, 0x65, 0x29, 0x65, 0x29,
    0x65, 0x31, 0x45, 0x29, 0x45, 0x29, 0x45, 0x29, 0x45, 0x29, 0x45, 0x29,
    0x45, 0x29, 0x45, 0x29, 0x65, 0x29, 0x45, 0x29, 0x65, 0x31, 0x66, 0x31,
    0x65, 0x31, 0x65, 0x31, 0x65, 0x31, 0x65, 0x31, 0x45, 0x31, 0x65, 0x29,
    0x65, 0x31, 0x65, 0x31, 0xa6, 0x31, 0xa6, 0x31, 0x86, 0x31, 0x86, 0x31,
    0xa6, 0x39, 0xc6, 0x39, 0xe7, 0x39, 0xe7, 0x41, 0xe8, 0x41, 0xe8, 0x41,
    0x28, 0x42, 0x69, 0x4a, 0x8a, 0x52, 0x8a, 0x52, 0xab, 0x5a, 0xab, 0x5a,
    0xeb, 0x5a, 0xec, 0x62, 0xec, 0x62, 0xcb, 0x5a, 0xeb, 0x5a, 0xec, 0x62,
    0xcb, 0x5a, 0xcb, 0x5a, 0xcb, 0x5a, 0xeb, 0x5a, 0xeb, 0x5a, 0x2c, 0x63,
    0x6d, 0x6b, 0x6e, 0x73, 0x8e, 0x73, 0x8e, 0x73, 0xae, 0x73, 0xae, 0x73,
    0xae, 0x73, 0xaf, 0x7b, 0xcf, 0x7b, 0xef, 0x7b, 0xef, 0x7b, 0xcf, 0x7b,
    0xcf, 0x7b, 0xcf, 0x7b, 0xcf, 0x7b, 0xf0, 0x7b, 0xf0, 0x7b, 0x10, 0x84,
    0x10, 0x84, 0xef, 0x7b, 0xcf, 0x7b, 0xcf, 0x7b, 0xd0, 0x7b, 0xcf, 0x7b,
    0xf0, 0x7b, 0xf0, 0x7b, 0xf0, 0x83, 0x10, 0x84, 0x31, 0x84, 0x31, 0x8c,
    0x51, 0x8c, 0x51, 0x84, 0x31, 0x84, 0x51, 0x8c, 0x51, 0x8c, 0x51, 0x84,
    0x51, 0x8c, 0x51, 0x8c, 0x51, 0x8c, 0x72, 0x8c, 0x72, 0x8c, 0x72, 0x8c,
    0x51, 0x8c, 0x72, 0x8c, 0x72, 0x8c, 0x92, 0x94, 0xb2, 0x94, 0xb3, 0x94,
    0xb3, 0x94, 0xb3, 0x94, 0xd3, 0x94, 0xd3, 0x9c, 0xd4, 0x9c, 0xd3, 0x9c,
    0xd3, 0x9c, 0xf4, 0x9c, 0xd3, 0x9c, 0xf4, 0x9c, 0xd4, 0x9c, 0xd3, 0x9c,
    0xf4, 0x9c, 0xf4, 0x9c, 0x14, 0xa5, 0x14, 0xa5, 0x35, 0xa5, 0x35, 0xa5,
    0x55, 0xad, 0x35, 0xa5, 0x55, 0xa5, 0x35, 0xad, 0x35, 0xad, 0x35, 0xa5,
    0x35, 0xa5, 0x35, 0xa5, 0x34, 0xa5, 0x15, 0xa5, 0x15, 0xa5, 0x34, 0xa5,
    0x15, 0xa5, 0x14, 0xa5, 0x14, 0xa5, 0x14, 0xa5, 0x14, 0xa5, 0x14, 0xa5,
    0xf4, 0x9c, 0xf4, 0x9c, 0xd3, 0x9c, 0xf4, 0x9c, 0xf4, 0x9c, 0xd4, 0x9c,
    0xf4, 0xa4, 0xf3, 0x9c, 0xf4, 0x9c, 0xf4, 0x9c, 0xd4, 0x9c, 0xd3, 0x9c,
    0xd3, 0x9c, 0xd3, 0x94, 0xb3, 0x94, 0xb3, 0x94, 0x92, 0x94, 0x92, 0x94,
    0x92, 0x94, 0x92, 0x94, 0xb2, 0x94, 0xb3, 0x94, 0xb2, 0x94, 0x93, 0x94,
    0x92, 0x94, 0x92, 0x94, 0x72, 0x8c, 0x72, 0x8c, 0x71, 0x8c, 0x71, 0x8c,
    0x31, 0x8c, 0x51, 0x8c, 0x72, 0x8c, 0x51, 0x8c, 0x51, 0x8c, 0x51, 0x84,
    0x51, 0x8c, 0x31, 0x84, 0x31, 0x8c, 0x51, 0x8c, 0x31, 0x84, 0x31, 0x84,
    0x31, 0x84, 0x10, 0x84, 0x10, 0x84, 0x31, 0x84, 0x31, 0x84, 0x30, 0x84,
    0x10, 0x84, 0x10, 0x84, 0xcf, 0x7b, 0xef, 0x7b, 0x10, 0x84, 0xf0, 0x7b,
    0xf0, 0x7b, 0x10, 0x84, 0xf0, 0x7b, 0xf0, 0x7b, 0xcf, 0x7b, 0xf0, 0x7b,
    0x10, 0x84, 0xf0, 0x7b, 0x31, 0x84, 0x30, 0x84, 0x31, 0x84, 0x10, 0x84,
    0xcf, 0x7b, 0xcf, 0x7b, 0xef, 0x7b, 0xcf, 0x7b, 0xaf, 0x73, 0x6e, 0x6b,
    0x6e, 0x6b, 0x6e, 0x6b, 0x4d, 0x63, 0x0c, 0x63, 0x2d, 0x63, 0x2d, 0x63,
    0x2d, 0x63, 0x2d, 0x63, 0x2d, 0x63, 0x4d, 0x6b, 0x4d, 0x6b, 0x4d, 0x6b,
    0x4d, 0x6b, 0x4d, 0x63, 0x4d, 0x6b, 0x4d, 0x6b, 0x4d, 0x6b, 0x4d, 0x6b,
    0x2d, 0x63, 0x2d, 0x63, 0x4d, 0x6b, 0x4d, 0x6b, 0x4d, 0x6b, 0x66, 0x29,
    0xc7, 0x39, 0xe8, 0x39, 0xc7, 0x39, 0xc7, 0x39, 0x08, 0x42, 0x08, 0x42,
    0x08, 0x42, 0x08, 0x42, 0x08, 0x42, 0x08, 0x3a, 0xe7, 0x39, 0xc7, 0x39,
    0xc7, 0x39, 0xc7, 0x39, 0xc7, 0x39, 0xc7, 0x39, 0xe8, 0x39, 0x08, 0x42,
    0xe8, 0x39, 0xe8, 0x41, 0x08, 0x42, 0xc7, 0x39, 0xe7, 0x39, 0xe7, 0x39,
    0xe7, 0x41, 0xe7, 0x39, 0x08, 0x42, 0x08, 0x42, 0x08, 0x42, 0x08, 0x3a,
    0x08, 0x42, 0x28, 0x42, 0x08, 0x42, 0xe8, 0x41, 0xe7, 0x39, 0xc7, 0x39,
    0xc7, 0x39, 0xc7, 0x39, 0xe7, 0x39, 0xe7, 0x39, 0xe7, 0x39, 0xe8, 0x39,
    0xe7, 0x39, 0xe8, 0x39, 0xe7, 0x39, 0xe7, 0x39, 0xe7, 0x39, 0xc7, 0x39,
    0xc7, 0x39, 0xc7, 0x39, 0xc7, 0x39, 0xa7, 0x39, 0xa6, 0x31, 0x86, 0x31,
    0x86, 0x31, 0xa6, 0x39, 0xa7, 0x39, 0xa6, 0x31, 0xa6, 0x31, 0x86, 0x31,
    0x66, 0x31, 0x66, 0x31, 0x66, 0x31, 0x86, 0x31, 0x86, 0x31, 0x86, 0x31,
    0x86, 0x31, 0x86, 0x31, 0x86, 0x31, 0x86, 0x31, 0x66, 0x31, 0x86, 0x31,
    0x66, 0x31, 0x65, 0x29, 0x86, 0x31, 0x86, 0x31, 0x86, 0x31, 0x86, 0x31,
    0x86, 0x31, 0x86, 0x31, 0xa6, 0x31, 0xa7, 0x39, 0xc7, 0x39, 0xc7, 0x39,
    0xc7, 0x39, 0xc7, 0x39, 0xc7, 0x39, 0xa7, 0x39, 0xc7, 0x39, 0xa7, 0x31,
    0x86, 0x31, 0x86, 0x31, 0x86, 0x31, 0x86, 0x31, 0x86, 0x31, 0xa6, 0x31,
    0x86, 0x31, 0x86, 0x31, 0x86, 0x31, 0x85, 0x31, 0x86, 0x31, 0x66, 0x31,
    0x66, 0x29, 0x66, 0x31, 0x85, 0x31, 0x65, 0x29, 0x65, 0x31, 0x65, 0x31,
    0x65, 0x31, 0x86, 0x31, 0x86, 0x31, 0xa6, 0x31, 0xa6, 0x39, 0xa6, 0x39,
    0xa6, 0x39, 0xc7, 0x39, 0xe8, 0x41, 0xe7, 0x39, 0x08, 0x42, 0xe7, 0x39,
    0x08, 0x42, 0x08, 0x42, 0x29, 0x4a, 0x49, 0x4a, 0x49, 0x4a, 0x6a, 0x52,
    0xab, 0x5a, 0xcb, 0x5a, 0xcb, 0x5a, 0xcb, 0x5a, 0xcb, 0x5a, 0xaa, 0x52,
    0xaa, 0x52, 0xcb, 0x5a, 0xcb, 0x5a, 0xcb, 0x5a, 0xeb, 0x5a, 0x0c, 0x63,
    0x0c, 0x63, 0x4d, 0x63, 0x6d, 0x6b, 0x6e, 0x6b, 0x8e, 0x73, 0x6d, 0x6b,
    0x6d, 0x6b, 0x8e, 0x73, 0x8e, 0x73, 0xaf, 0x73, 0xcf, 0x7b, 0xef, 0x7b,
    0xf0, 0x7b, 0xf0, 0x7b, 0xf0, 0x7b, 0xef, 0x7b, 0xef, 0x7b, 0xf0, 0x7b,
    0x10, 0x84, 0x10, 0x84, 0x30, 0x84, 0xf0, 0x7b, 0xef, 0x7b, 0xcf, 0x7b,
    0xcf, 0x73, 0xcf, 0x7b, 0xf0, 0x7b, 0x10, 0x84, 0x31, 0x84, 0x51, 0x8c,
    0x31, 0x84, 0x31, 0x84, 0x51, 0x8c, 0x31, 0x8c, 0x31, 0x84, 0x51, 0x8c,
    0x31, 0x84, 0x31, 0x84, 0x31, 0x84, 0x30, 0x84, 0x31, 0x84, 0x51, 0x8c,
    0x72, 0x8c, 0x71, 0x8c, 0x72, 0x8c, 0x72, 0x8c, 0x72, 0x8c, 0x72, 0x94,
    0x92, 0x94, 0x92, 0x94, 0x92, 0x94, 0xb3, 0x94, 0xb3, 0x9c, 0xd3, 0x94,
    0xd3, 0x9c, 0xd3, 0x94, 0xd3, 0x9c, 0xd3, 0x9c, 0xd3, 0x9c, 0xd3, 0x9c,
    0xd3, 0x9c, 0xd3, 0x9c, 0xd3, 0x9c, 0xf4, 0x9c, 0x14, 0xa5, 0x14, 0xa5,
    0x35, 0xa5, 0x35, 0xa5, 0x35, 0xa5, 0x35, 0xa5, 0x35, 0xa5, 0x34, 0xa5,
    0x14, 0xa5, 0x14, 0xa5, 0x14, 0xa5, 0x14, 0xa5, 0x14, 0xa5, 0x14, 0xa5,
    0x35, 0xa5, 0x35, 0xa5, 0x14, 0xa5, 0x35, 0xa5, 0x14, 0xa5, 0x14, 0xa5,
    0x14, 0x9d, 0x14, 0xa5, 0xf4, 0x9c, 0xf3, 0x9c, 0xf4, 0x9c, 0xf4, 0xa4,
    0xf3, 0x9c, 0xf4, 0x9c, 0xf4, 0xa4, 0xf3, 0x9c, 0xd3, 0x9c, 0xd3, 0x9c,
    0xd3, 0x9c, 0xd3, 0x9c, 0xd3, 0x94, 0xb3, 0x94, 0x93, 0x94, 0x92, 0x94,
    0x72, 0x8c, 0x72, 0x8c, 0x72, 0x8c, 0x72, 0x8c, 0x92, 0x94, 0x92, 0x94,
    0x92, 0x94, 0x92, 0x94, 0x93, 0x94, 0x92, 0x94, 0x72, 0x8c, 0x72, 0x94,
    0x71, 0x8c, 0x51, 0x8c, 0x51, 0x8c, 0x51, 0x84, 0x31, 0x84, 0x31, 0x84,
    0x51, 0x8c, 0x51, 0x84, 0x51, 0x8c, 0x31, 0x84, 0x51, 0x8c, 0x72, 0x8c,
    0x51, 0x8c, 0x51, 0x8c, 0x51, 0x84, 0x31, 0x84, 0x31, 0x84, 0x31, 0x84,
    0x30, 0x84, 0x31, 0x84, 0x10, 0x84, 0x10, 0x84, 0xf0, 0x7b, 0xf0, 0x7b,
    0xf0, 0x7b, 0xf0, 0x7b, 0xf0, 0x83, 0xf0, 0x83, 0x10, 0x84, 0x10, 0x84,
    0x10, 0x84, 0xf0, 0x7b, 0x10, 0x84, 0xf0, 0x7b, 0x31, 0x84, 0x31, 0x84,
    0x30, 0x84, 0x31, 0x84, 0x10, 0x84, 0xf0, 0x7b, 0xcf, 0x7b, 0xcf, 0x7b,
    0xaf, 0x73, 0x8e, 0x73, 0x8e, 0x73, 0xae, 0x73, 0x6e, 0x73, 0x6e, 0x6b,
    0x4d, 0x6b, 0x2c, 0x63, 0x0c, 0x63, 0x2c, 0x63, 0x0c, 0x63, 0x2c, 0x63,
    0x2d, 0x63, 0x2c, 0x63, 0x4d, 0x6b, 0x2d, 0x63, 0x2d, 0x63, 0x2c, 0x63,
    0xec, 0x5a, 0x0c, 0x63, 0xec, 0x5a, 0x0c, 0x63, 0x2d, 0x63, 0x4d, 0x6b,
    0x2d, 0x63, 0x45, 0x29, 0xc7, 0x39, 0xe8, 0x39, 0xe8, 0x39, 0xe8, 0x39,
    0x08, 0x42, 0x09, 0x42, 0x08, 0x3a, 0x29, 0x42, 0x08, 0x42, 0xe8, 0x39,
    0xe8, 0x39, 0xe7, 0x39, 0xc7, 0x39, 0xe8, 0x39, 0x08, 0x42, 0x08, 0x42,
    0x28, 0x42, 0x28, 0x42, 0x08, 0x42, 0x08, 0x3a, 0xe7, 0x39, 0xc7, 0x39,
    0xe7, 0x39, 0xe8, 0x39, 0xe8, 0x41, 0x08, 0x42, 0x08, 0x3a, 0x08, 0x42,
    0x28, 0x42, 0x08, 0x42, 0x08, 0x42, 0xe7, 0x39, 0xc7, 0x39, 0xe7, 0x39,
    0xe7, 0x39, 0xe7, 0x39, 0xe8, 0x39, 0xe7, 0x39, 0xe7, 0x39, 0xe7, 0x39,
    0xe8, 0x39, 0xe7, 0x39, 0xe7, 0x39, 0xe8, 0x39, 0xc7, 0x39, 0xc7, 0x39,
    0xe8, 0x41, 0xe7, 0x39, 0xc7, 0x39, 0xc7, 0x39, 0xa7, 0x39, 0x86, 0x31,
    0x66, 0x31, 0x66, 0x31, 0x66, 0x31, 0x66, 0x31, 0x65, 0x29, 0x66, 0x31,
    0x86, 0x31, 0x65, 0x31, 0x65, 0x29, 0x65, 0x29, 0x66, 0x31, 0x66, 0x31,
    0x66, 0x31, 0x66, 0x31, 0x86, 0x31, 0x66, 0x31, 0x65, 0x29, 0x65, 0x31,
    0x45, 0x29, 0x65, 0x29, 0x65, 0x31, 0x45, 0x29, 0x65, 0x29, 0x66, 0x29,
    0x66, 0x31, 0x86, 0x31, 0xa6, 0x31, 0xa6, 0x31, 0xa6, 0x31, 0xa6, 0x31,
    0xa6, 0x39, 0xa7, 0x39, 0xa7, 0x39, 0xa6, 0x31, 0xa7, 0x39, 0xa7, 0x39,
    0xa7, 0x39, 0xc7, 0x39, 0xa7, 0x39, 0xa6, 0x31, 0xc7, 0x39, 0xc7, 0x39,
    0xe7, 0x39, 0xe7, 0x39, 0xc7, 0x39, 0xc6, 0x39, 0xa6, 0x39, 0xa6, 0x31,
    0xa6, 0x31, 0x86, 0x31, 0x86, 0x31, 0x86, 0x31, 0x86, 0x31, 0x86, 0x31,
    0xa6, 0x31, 0xa6, 0x31, 0xa6, 0x31, 0xa6, 0x31, 0x86, 0x31, 0xa6, 0x31,
    0xa6, 0x31, 0xa7, 0x39, 0xe7, 0x39, 0x08, 0x42, 0x28, 0x42, 0x28, 0x42,
    0x28, 0x4a, 0x29, 0x4a, 0x49, 0x4a, 0x49, 0x4a, 0x49, 0x4a, 0x49, 0x4a,
    0x69, 0x4a, 0x6a, 0x52, 0xaa, 0x52, 0xaa, 0x52, 0x6a, 0x52, 0x6a, 0x52,
    0x8a, 0x52, 0x8a, 0x52, 0xab, 0x5a, 0xcb, 0x5a, 0xcb, 0x5a, 0xec, 0x5a,
    0x2c, 0x63, 0x2d, 0x6b, 0x4d, 0x6b, 0x4d, 0x6b, 0x6e, 0x6b, 0x8e, 0x6b,
    0x8e, 0x73, 0x8e, 0x73, 0x8e, 0x73, 0x8e, 0x73, 0x8e, 0x73, 0xaf, 0x73,
    0xcf, 0x7b, 0xf0, 0x7b, 0xf0, 0x7b, 0xef, 0x7b, 0xcf, 0x7b, 0xcf, 0x7b,
    0xae, 0x73, 0xcf, 0x7b, 0xef, 0x7b, 0xef, 0x7b, 0xf0, 0x7b, 0x10, 0x7c,
    0x10, 0x84, 0x10, 0x84, 0x11, 0x84, 0x31, 0x84, 0x51, 0x8c, 0x51, 0x8c,
    0x51, 0x8c, 0x51, 0x8c, 0x51, 0x8c, 0x51, 0x8c, 0x51, 0x8c, 0x51, 0x8c,
    0x51, 0x8c, 0x31, 0x84, 0x31, 0x84, 0x10, 0x84, 0x10, 0x84, 0x10, 0x84,
    0x31, 0x84, 0x31, 0x8c, 0x71, 0x8c, 0x72, 0x8c, 0x72, 0x94, 0x72, 0x94,
    0x72, 0x8c, 0x72, 0x8c, 0x92, 0x94, 0x92, 0x94, 0x92, 0x94, 0xb3, 0x94,
    0xb3, 0x94, 0xb3, 0x94, 0xb3, 0x94, 0xb3, 0x94, 0xb3, 0x94, 0xb3, 0x94,
    0xb3, 0x94, 0xb3, 0x94, 0xb3, 0x94, 0xd3, 0x9c, 0xd3, 0x9c, 0xd4, 0x9c,
    0x14, 0x9d, 0x14, 0xa5, 0x14, 0xa5, 0x34, 0xa5, 0x14, 0xa5, 0x14, 0xa5,
    0x14, 0xa5, 0x14, 0xa5, 0x14, 0xa5, 0x14, 0xa5, 0x14, 0xa5, 0x14, 0xa5,
    0x14, 0xa5, 0x14, 0xa5, 0x14, 0xa5, 0x35, 0xa5, 0x35, 0xa5, 0x35, 0xa5,
    0x14, 0xa5, 0x14, 0xa5, 0x14, 0xa5, 0x14, 0xa5, 0x14, 0xa5, 0xf4, 0x9c,
    0xf4, 0xa4, 0xf4, 0xa4, 0xf4, 0x9c, 0xf4, 0x9c, 0xd3, 0x9c, 0xf4, 0x9c,
    0xd3, 0x9c, 0xd3, 0x9c, 0xb3, 0x94, 0xb3, 0x94, 0xb3, 0x94, 0xb3, 0x94,
    0x72, 0x94, 0x72, 0x8c, 0x72, 0x8c, 0x72, 0x8c, 0x72, 0x8c, 0x72, 0x94,
    0x92, 0x94, 0x92, 0x94, 0x72, 0x8c, 0x92, 0x94, 0x92, 0x94, 0x92, 0x94,
    0x72, 0x8c, 0x72, 0x8c, 0x92, 0x94, 0x72, 0x8c, 0x72, 0x8c, 0x71, 0x8c,
    0x51, 0x8c, 0x51, 0x8c, 0x51, 0x8c, 0x31, 0x84, 0x31, 0x8c, 0x31, 0x84,
    0x51, 0x8c, 0x71, 0x8c, 0x72, 0x8c, 0x72, 0x8c, 0x72, 0x8c, 0x31, 0x8c,
    0x51, 0x8c, 0x51, 0x8c, 0x31, 0x8c, 0x10, 0x84, 0x10, 0x84, 0x10, 0x84,
    0xf0, 0x7b, 0xcf, 0x7b, 0xcf, 0x7b, 0xef, 0x7b, 0xf0, 0x7b, 0xf0, 0x7b,
    0xf0, 0x7b, 0x10, 0x84, 0x31, 0x84, 0x10, 0x84, 0x10, 0x84, 0x10, 0x84,
    0x30, 0x84, 0x31, 0x8c, 0x10, 0x84, 0x10, 0x84, 0x31, 0x84, 0x10, 0x84,
    0xf0, 0x7b, 0xf0, 0x7b, 0xcf, 0x7b, 0xaf, 0x73, 0xcf, 0x7b, 0xcf, 0x7b,
    0xaf, 0x73, 0xaf, 0x73, 0x8e, 0x73, 0x6e, 0x6b, 0x2d, 0x63, 0x0c, 0x63,
    0x0c, 0x63, 0x0c, 0x63, 0x2c, 0x63, 0x2c, 0x63, 0x2d, 0x63, 0x4d, 0x6b,
    0x2d, 0x6b, 0x2d, 0x63, 0x0c, 0x63, 0x0c, 0x63, 0x0c, 0x63, 0x0c, 0x63,
    0x0c, 0x63, 0x2d, 0x63, 0x4d, 0x63, 0x45, 0x29, 0xc7, 0x39, 0xe8, 0x39,
    0x08, 0x42, 0x08, 0x42, 0x29, 0x42, 0x09, 0x42, 0x08, 0x42, 0x29, 0x42,
    0x08, 0x42, 0xe8, 0x39, 0xe7, 0x39, 0xc7, 0x39, 0xa7, 0x31, 0xc8, 0x39,
    0x28, 0x42, 0x29, 0x42, 0x08, 0x42, 0xe7, 0x39, 0xe7, 0x39, 0xe7, 0x39,
    0xc7, 0x39, 0xe7, 0x39, 0x08, 0x3a, 0xe7, 0x39, 0xc7, 0x39, 0xe7, 0x39,
    0xe7, 0x39, 0xe7, 0x39, 0xe7, 0x39, 0xc7, 0x31, 0xc7, 0x39, 0xa7, 0x39,
    0xa7, 0x39, 0xc7, 0x39, 0xc7, 0x39, 0xc7, 0x39, 0xc7, 0x39, 0xe7, 0x39,
    0xe8, 0x39, 0xe7, 0x39, 0xe7, 0x39, 0xe7, 0x39, 0xc7, 0x39, 0xe7, 0x41,
    0xc7, 0x39, 0xc7, 0x39, 0xc7, 0x39, 0xa7, 0x39, 0x86, 0x31, 0x66, 0x31,
    0x65, 0x29, 0x65, 0x29, 0x66, 0x31, 0x86, 0x31, 0x65, 0x29, 0x65, 0x29,
    0x65, 0x29, 0x66, 0x31, 0x66, 0x31, 0x65, 0x29, 0x86, 0x31, 0x86, 0x31,
    0x65, 0x29, 0x45, 0x29, 0x66, 0x29, 0x86, 0x31, 0x65, 0x29, 0x45, 0x29,
    0x45, 0x29, 0x45, 0x29, 0x65, 0x29, 0x66, 0x29, 0x86, 0x31, 0x86, 0x31,
    0x86, 0x31, 0x65, 0x29, 0x66, 0x31, 0xa6, 0x31, 0xa7, 0x39, 0xa7, 0x39,
    0xa7, 0x39, 0xc7, 0x39, 0xc7, 0x39, 0xa7, 0x39, 0xa7, 0x31, 0xc7, 0x39,
    0xa6, 0x39, 0xc7, 0x39, 0xc7, 0x31, 0xc7, 0x39, 0xc7, 0x39, 0xc7, 0x39,
    0xe7, 0x41, 0xe8, 0x41, 0xe7, 0x39, 0xc7, 0x39, 0xc7, 0x39, 0xc7, 0x39,
    0xc7, 0x39, 0xc7, 0x39, 0xc6, 0x39, 0xa6, 0x31, 0x86, 0x31, 0xc7, 0x39,
    0xe7, 0x39, 0xe7, 0x39, 0xe8, 0x41, 0xe8, 0x41, 0xe8, 0x39, 0xe7, 0x39,
    0xe7, 0x41, 0xe7, 0x41, 0x08, 0x42, 0x28, 0x4a, 0x69, 0x4a, 0x6a, 0x52,
    0x6a, 0x52, 0x69, 0x4a, 0x6a, 0x4a, 0x69, 0x4a, 0x6a, 0x52, 0x8a, 0x52,
    0x8a, 0x52, 0x6a, 0x4a, 0x69, 0x52, 0x6a, 0x52, 0x6a, 0x52, 0x8a, 0x52,
    0x6a, 0x52, 0x8a, 0x52, 0x8a, 0x52, 0x8a, 0x52, 0xab, 0x5a, 0xcb, 0x5a,
    0xeb, 0x62, 0x2d, 0x6b, 0x4d, 0x6b, 0x4d, 0x63, 0x6d, 0x6b, 0x6d, 0x6b,
    0x6e, 0x73, 0x8e, 0x73, 0xaf, 0x73, 0xcf, 0x7b, 0xcf, 0x7b, 0xcf, 0x73,
    0xae, 0x73, 0xaf, 0x73, 0xcf, 0x7b, 0xcf, 0x7b, 0xcf, 0x7b, 0xcf, 0x7b,
    0xcf, 0x7b, 0xcf, 0x7b, 0xcf, 0x7b, 0xcf, 0x7b, 0xcf, 0x7b, 0xcf, 0x7b,
    0x10, 0x7c, 0x10, 0x84, 0x31, 0x84, 0x51, 0x8c, 0x51, 0x8c, 0x51, 0x84,
    0x51, 0x8c, 0x51, 0x8c, 0x71, 0x8c, 0x72, 0x8c, 0x72, 0x8c, 0x72, 0x8c,
    0x72, 0x8c, 0x71, 0x8c, 0x51, 0x8c, 0x51, 0x8c, 0x51, 0x84, 0x31, 0x84,
    0x31, 0x84, 0x31, 0x84, 0x31, 0x84, 0x51, 0x8c, 0x71, 0x8c, 0x72, 0x8c,
    0x92, 0x94, 0x92, 0x94, 0x92, 0x8c, 0x92, 0x94, 0x92, 0x94, 0x92, 0x94,
    0xb2, 0x94, 0x93, 0x94, 0x92, 0x94, 0x92, 0x94, 0x92, 0x94, 0x92, 0x94,
    0x92, 0x94, 0x92, 0x94, 0x72, 0x8c, 0x92, 0x94, 0x92, 0x8c, 0x93, 0x94,
    0xb3, 0x94, 0xd3, 0x9c, 0xf4, 0x9c, 0xf4, 0x9c, 0xf4, 0x9c, 0xf4, 0xa4,
    0x14, 0xa5, 0x14, 0xa5, 0x14, 0xa5, 0x14, 0x9d, 0x14, 0x9d, 0x15, 0xa5,
    0x15, 0xa5, 0x14, 0x9d, 0x15, 0x9d, 0x14, 0xa5, 0x14, 0xa5, 0x14, 0xa5,
    0x34, 0xa5, 0x35, 0xa5, 0x35, 0xa5, 0x35, 0xa5, 0x35, 0xa5, 0x14, 0xa5,
    0x14, 0xa5, 0x14, 0xa5, 0x14, 0xa5, 0x14, 0xa5, 0xf4, 0x9c, 0xf4, 0x9c,
    0xf3, 0x9c, 0xd3, 0x9c, 0xd4, 0x9c, 0xd3, 0x9c, 0xb3, 0x94, 0xb3, 0x94,
    0x92, 0x94, 0x92, 0x94, 0x92, 0x94, 0x72, 0x8c, 0x92, 0x94, 0x92, 0x94,
    0x72, 0x94, 0x72, 0x8c, 0x92, 0x94, 0x92, 0x8c, 0x72, 0x8c, 0x72, 0x8c,
    0x71, 0x8c, 0x72, 0x8c, 0x72, 0x8c, 0x71, 0x8c, 0x72, 0x8c, 0x72, 0x8c,
    0x72, 0x8c, 0x72, 0x8c, 0x51, 0x8c, 0x31, 0x84, 0x31, 0x84, 0x31, 0x84,
    0x30, 0x84, 0x10, 0x84, 0x30, 0x84, 0x31, 0x84, 0x31, 0x84, 0x31, 0x84,
    0x31, 0x8c, 0x51, 0x8c, 0x51, 0x8c, 0x51, 0x8c, 0x31, 0x84, 0xf0, 0x7b,
    0xf0, 0x7b, 0x10, 0x84, 0x10, 0x84, 0xef, 0x7b, 0xcf, 0x7b, 0xaf, 0x7b,
    0xcf, 0x73, 0xcf, 0x7b, 0xef, 0x7b, 0xf0, 0x7b, 0xf0, 0x7b, 0xf0, 0x7b,
    0xf0, 0x7b, 0xf0, 0x83, 0x10, 0x84, 0x10, 0x84, 0xf0, 0x7b, 0xf0, 0x7b,
    0xf0, 0x7b, 0x10, 0x84, 0x10, 0x7c, 0x10, 0x84, 0xcf, 0x7b, 0xcf, 0x7b,
    0xaf, 0x73, 0xcf, 0x7b, 0xaf, 0x73, 0x8e, 0x73, 0xaf, 0x73, 0x8e, 0x73,
    0x6e, 0x6b, 0x4d, 0x6b, 0x2d, 0x63, 0x2d, 0x63, 0x4d, 0x63, 0x2d, 0x6b,
    0x4d, 0x6b, 0x4d, 0x6b, 0x2d, 0x63, 0x2d, 0x63, 0x2d, 0x63, 0x4d, 0x6b,
    0x4d, 0x63, 0x2d, 0x63, 0x0c, 0x63, 0x0c, 0x63, 0xec, 0x5a, 0x45, 0x29,
    0xc7, 0x39, 0xc7, 0x39, 0x08, 0x42, 0x08, 0x42, 0x29, 0x42, 0x08, 0x42,
    0x08, 0x42, 0x08, 0x42, 0xc7, 0x39, 0xc7, 0x39, 0xa6, 0x31, 0x86, 0x31,
    0xa7, 0x31, 0xe7, 0x39, 0x08, 0x42, 0xe8, 0x39, 0xc7, 0x39, 0xc7, 0x31,
    0xa6, 0x31, 0x86, 0x31, 0xa6, 0x31, 0xc7, 0x39, 0xc7, 0x39, 0xc7, 0x31,
    0xc7, 0x31, 0xc7, 0x39, 0xe7, 0x39, 0xc7, 0x39, 0xa6, 0x31, 0xa6, 0x31,
    0xc7, 0x39, 0xa7, 0x39, 0xc7, 0x39, 0xc7, 0x39, 0xa7, 0x31, 0xa7, 0x39,
    0x86, 0x31, 0x86, 0x31, 0xc7, 0x39, 0xc7, 0x39, 0xc7, 0x39, 0xc7, 0x39,
    0xe7, 0x39, 0xa7, 0x39, 0x86, 0x31, 0x86, 0x31, 0x86, 0x31, 0x66, 0x31,
    0x66, 0x31, 0x65, 0x29, 0x45, 0x29, 0x65, 0x29, 0x66, 0x31, 0x65, 0x29,
    0x65, 0x29, 0x65, 0x29, 0x65, 0x29, 0x66, 0x31, 0x65, 0x29, 0x66, 0x29,
    0x86, 0x31, 0x86, 0x31, 0x66, 0x31, 0x65, 0x29, 0x65, 0x29, 0x66, 0x31,
    0x65, 0x29, 0x65, 0x29, 0x45, 0x29, 0x66, 0x29, 0x66, 0x31, 0x66, 0x31,
    0x86, 0x31, 0x86, 0x31, 0x86, 0x31, 0x86, 0x31, 0xa6, 0x31, 0xc7, 0x39,
    0xc7, 0x39, 0xc7, 0x39, 0xc7, 0x39, 0xc7, 0x39, 0xe7, 0x39, 0xe7, 0x39,
    0xe7, 0x39, 0xe7, 0x39, 0xe7, 0x39, 0xe8, 0x41, 0xe7, 0x39, 0xe7, 0x39,
    0xe7, 0x41, 0x08, 0x42, 0x08, 0x42, 0xe8, 0x41, 0xe7, 0x41, 0x08, 0x42,
    0x08, 0x42, 0x08, 0x42, 0xe8, 0x41, 0xe8, 0x41, 0xe8, 0x41, 0xe7, 0x41,
    0xe7, 0x39, 0xe8, 0x41, 0x28, 0x42, 0x28, 0x42, 0x28, 0x4a, 0x28, 0x42,
    0x29, 0x42, 0x29, 0x4a, 0x29, 0x4a, 0x49, 0x4a, 0x69, 0x4a, 0x8a, 0x52,
    0x8a, 0x52, 0xaa, 0x52, 0xab, 0x5a, 0xcb, 0x5a, 0xcb, 0x5a, 0xab, 0x5a,
    0xaa, 0x52, 0xaa, 0x52, 0x8a, 0x52, 0x8a, 0x52, 0x8a, 0x52, 0xaa, 0x52,
    0xaa, 0x52, 0xab, 0x5a, 0xcb, 0x5a, 0xeb, 0x5a, 0xeb, 0x5a, 0xeb, 0x5a,
    0xeb, 0x5a, 0xcb, 0x5a, 0xec, 0x62, 0x2d, 0x6b, 0x4d, 0x6b, 0x6d, 0x6b,
    0x8e, 0x73, 0x8e, 0x73, 0x8e, 0x73, 0xae, 0x73, 0xcf, 0x73, 0xef, 0x7b,
    0xef, 0x7b, 0xcf, 0x73, 0xcf, 0x7b, 0xcf, 0x7b, 0xef, 0x7b, 0xef, 0x7b,
    0xcf, 0x7b, 0xd0, 0x7b, 0xf0, 0x7b, 0xf0, 0x7b, 0xf0, 0x7b, 0x10, 0x7c,
    0x10, 0x84, 0x10, 0x84, 0x31, 0x84, 0x51, 0x8c, 0x51, 0x8c, 0x51, 0x84,
    0x51, 0x84, 0x31, 0x84, 0x31, 0x84, 0x51, 0x8c, 0x72, 0x8c, 0x72, 0x8c,
    0x71, 0x8c, 0x51, 0x8c, 0x51, 0x8c, 0x51, 0x8c, 0x51, 0x8c, 0x51, 0x8c,
    0x51, 0x84, 0x31, 0x8c, 0x51, 0x8c, 0x51, 0x8c, 0x51, 0x8c, 0x51, 0x8c,
    0x72, 0x8c, 0x72, 0x8c, 0x92, 0x94, 0x92, 0x94, 0x92, 0x94, 0xb3, 0x94,
    0x93, 0x94, 0xb2, 0x94, 0x92, 0x94, 0x92, 0x94, 0x72, 0x8c, 0x72, 0x8c,
    0x72, 0x8c, 0x72, 0x8c, 0x72, 0x8c, 0x72, 0x8c, 0x51, 0x8c, 0x51, 0x8c,
    0x71, 0x8c, 0x72, 0x8c, 0x92, 0x94, 0x92, 0x94, 0xb3, 0x94, 0xb3, 0x94,
    0xd3, 0x9c, 0xd3, 0x9c, 0xf4, 0x9c, 0xf4, 0x9c, 0xf4, 0x9c, 0xf4, 0x9c,
    0xf4, 0x9c, 0x14, 0x9d, 0xf4, 0x9c, 0x14, 0xa5, 0x14, 0x9d, 0x14, 0x9d,
    0x14, 0xa5, 0x14, 0xa5, 0x35, 0xa5, 0x35, 0xa5, 0x35, 0xa5, 0x55, 0xad,
    0x35, 0xa5, 0x35, 0xa5, 0x35, 0xa5, 0x34, 0xa5, 0x14, 0xa5, 0x14, 0xa5,
    0xf4, 0x9c, 0xf4, 0x9c, 0xf3, 0x9c, 0xd3, 0x9c, 0xd4, 0x9c, 0xd3, 0x9c,
    0xb3, 0x94, 0x92, 0x94, 0x92, 0x94, 0x72, 0x8c, 0x72, 0x8c, 0x72, 0x8c,
    0x71, 0x8c, 0x72, 0x8c, 0x92, 0x94, 0x92, 0x94, 0x92, 0x8c, 0x72, 0x8c,
    0x72, 0x8c, 0x71, 0x8c, 0x51, 0x8c, 0x31, 0x84, 0x51, 0x8c, 0x51, 0x8c,
    0x31, 0x8c, 0x31, 0x8c, 0x51, 0x8c, 0x51, 0x8c, 0x51, 0x8c, 0x31, 0x84,
    0x10, 0x84, 0x30, 0x84, 0x31, 0x84, 0x31, 0x84, 0x31, 0x84, 0x10, 0x84,
    0x10, 0x84, 0x31, 0x84, 0x31, 0x84, 0x31, 0x84, 0x31, 0x84, 0x31, 0x84,
    0x10, 0x84, 0x10, 0x84, 0x10, 0x84, 0x10, 0x84, 0x10, 0x84, 0xf0, 0x7b,
    0xf0, 0x7b, 0xcf, 0x7b, 0xaf, 0x73, 0xae, 0x73, 0xcf, 0x7b, 0xcf, 0x7b,
    0xcf, 0x7b, 0xef, 0x7b, 0xcf, 0x7b, 0xcf, 0x7b, 0xd0, 0x7b, 0xcf, 0x7b,
    0xf0, 0x7b, 0xef, 0x7b, 0xcf, 0x7b, 0xcf, 0x7b, 0xf0, 0x7b, 0xef, 0x7b,
    0xd0, 0x7b, 0xcf, 0x7b, 0xcf, 0x7b, 0xcf, 0x7b, 0xcf, 0x7b, 0xaf, 0x73,
    0xcf, 0x7b, 0xcf, 0x7b, 0xaf, 0x73, 0xae, 0x73, 0x8e, 0x73, 0x6e, 0x6b,
    0x4d, 0x6b, 0x6d, 0x6b, 0x4d, 0x6b, 0x4d, 0x63, 0x2d, 0x63, 0x2c, 0x63,
    0x4d, 0x6b, 0x4d, 0x6b, 0x4d, 0x6b, 0x4d, 0x6b, 0x2d, 0x63, 0x4d, 0x63,
    0x2d, 0x63, 0x45, 0x29, 0xc7, 0x31, 0xe8, 0x39, 0xe8, 0x39, 0xe8, 0x39,
    0xe8, 0x39, 0xe8, 0x39, 0xe8, 0x39, 0xc7, 0x39, 0x86, 0x31, 0x86, 0x31,
    0xa7, 0x31, 0xa6, 0x31, 0xc7, 0x39, 0xe8, 0x39, 0xc7, 0x39, 0xc7, 0x39,
    0x86, 0x31, 0xa6, 0x31, 0xa7, 0x31, 0xa6, 0x31, 0x86, 0x31, 0x86, 0x31,
    0xa7, 0x31, 0xa6, 0x31, 0xa6, 0x31, 0xa6, 0x31, 0xa7, 0x39, 0xa6, 0x31,
    0x86, 0x31, 0xa7, 0x39, 0xa6, 0x31, 0x86, 0x31, 0xa6, 0x31, 0x86, 0x31,
    0x65, 0x29, 0x65, 0x29, 0x66, 0x31, 0x86, 0x31, 0xa6, 0x31, 0xc7, 0x39,
    0xc7, 0x39, 0xc7, 0x39, 0xc7, 0x39, 0x86, 0x31, 0x66, 0x31, 0x66, 0x31,
    0x65, 0x29, 0x45, 0x29, 0x65, 0x29, 0x65, 0x29, 0x45, 0x29, 0x66, 0x31,
    0x65, 0x29, 0x66, 0x31, 0x66, 0x31, 0x45, 0x29, 0x66, 0x29, 0x66, 0x31,
    0x65, 0x31, 0x86, 0x31, 0xa6, 0x31, 0x86, 0x31, 0x65, 0x31, 0x66, 0x31,
    0x86, 0x31, 0x86, 0x31, 0x66, 0x31, 0x66, 0x31, 0x86, 0x31, 0xa6, 0x31,
    0x86, 0x31, 0x86, 0x31, 0xa6, 0x31, 0xa7, 0x39, 0xa7, 0x39, 0xc7, 0x39,
    0xc7, 0x39, 0xa7, 0x39, 0xa7, 0x39, 0xc7, 0x39, 0xc7, 0x39, 0xe7, 0x39,
    0xe8, 0x41, 0xe8, 0x41, 0x08, 0x42, 0xe8, 0x41, 0x08, 0x42, 0x28, 0x42,
    0x28, 0x4a, 0x29, 0x4a, 0x29, 0x42, 0x28, 0x42, 0x08, 0x42, 0x28, 0x42,
    0x29, 0x4a, 0x49, 0x4a, 0x49, 0x4a, 0x29, 0x4a, 0x28, 0x4a, 0x29, 0x42,
    0x28, 0x42, 0x29, 0x4a, 0x28, 0x42, 0x28, 0x42, 0x29, 0x4a, 0x49, 0x4a,
    0x49, 0x4a, 0x49, 0x4a, 0x69, 0x52, 0x8a, 0x52, 0x8a, 0x52, 0xaa, 0x52,
    0xaa, 0x52, 0xab, 0x5a, 0xab, 0x52, 0xaa, 0x52, 0xcb, 0x5a, 0xeb, 0x5a,
    0xeb, 0x5a, 0xec, 0x62, 0xec, 0x62, 0xcb, 0x5a, 0xcb, 0x5a, 0xcb, 0x5a,
    0xec, 0x62, 0xeb, 0x5a, 0xeb, 0x5a, 0x0c, 0x63, 0x2c, 0x63, 0x0c, 0x63,
    0x0c, 0x63, 0x0c, 0x63, 0x0c, 0x63, 0xec, 0x62, 0x0c, 0x63, 0x4d, 0x63,
    0x6d, 0x6b, 0x6e, 0x6b, 0xaf, 0x73, 0xaf, 0x73, 0xaf, 0x73, 0xaf, 0x73,
    0xcf, 0x7b, 0xcf, 0x7b, 0xcf, 0x7b, 0xaf, 0x73, 0xaf, 0x7b, 0xcf, 0x7b,
    0xef, 0x7b, 0xf0, 0x7b, 0x10, 0x7c, 0x10, 0x84, 0x30, 0x84, 0x31, 0x84,
    0x51, 0x8c, 0x51, 0x8c, 0x51, 0x8c, 0x51, 0x8c, 0x51, 0x84, 0x31, 0x8c,
    0x31, 0x84, 0x10, 0x84, 0x31, 0x84, 0x31, 0x84, 0x31, 0x84, 0x51, 0x8c,
    0x51, 0x8c, 0x72, 0x8c, 0x51, 0x8c, 0x51, 0x8c, 0x31, 0x84, 0x31, 0x84,
    0x31, 0x84, 0x31, 0x84, 0x31, 0x84, 0x31, 0x8c, 0x71, 0x8c, 0x71, 0x8c,
    0x72, 0x8c, 0x92, 0x94, 0x72, 0x8c, 0x72, 0x8c, 0x92, 0x94, 0x92, 0x94,
    0x92, 0x94, 0x92, 0x94, 0x92, 0x94, 0x92, 0x94, 0x92, 0x8c, 0x72, 0x8c,
    0x51, 0x8c, 0x51, 0x8c, 0x71, 0x8c, 0x51, 0x8c, 0x72, 0x8c, 0x51, 0x8c,
    0x51, 0x8c, 0x51, 0x8c, 0x51, 0x8c, 0x51, 0x8c, 0x51, 0x8c, 0x51, 0x8c,
    0x72, 0x8c, 0x92, 0x94, 0x92, 0x94, 0xb2, 0x94, 0xb3, 0x94, 0xd3, 0x9c,
    0xd3, 0x9c, 0xd3, 0x9c, 0xd4, 0x9c, 0xd3, 0x9c, 0xd3, 0x9c, 0xf4, 0x9c,
    0xf4, 0x9c, 0xf4, 0x9c, 0xf4, 0x9c, 0xf4, 0x9c, 0x14, 0xa5, 0x14, 0xa5,
    0x34, 0xa5, 0x34, 0xa5, 0x35, 0xad, 0x35, 0xa5, 0x35, 0xa5, 0x15, 0xa5,
    0x14, 0xa5, 0x14, 0x9d, 0xf4, 0xa4, 0xf4, 0x9c, 0xf3, 0x9c, 0xd3, 0x9c,
    0xd3, 0x9c, 0xd3, 0x9c, 0xb3, 0x94, 0x92, 0x94, 0x92, 0x94, 0x72, 0x8c,
    0x72, 0x8c, 0x72, 0x94, 0x72, 0x8c, 0x72, 0x8c, 0x92, 0x94, 0x92, 0x94,
    0x72, 0x8c, 0x72, 0x8c, 0x72, 0x8c, 0x71, 0x8c, 0x72, 0x8c, 0x51, 0x8c,
    0x51, 0x8c, 0x51, 0x8c, 0x31, 0x84, 0x31, 0x84, 0x51, 0x8c, 0x51, 0x8c,
    0x31, 0x84, 0x31, 0x84, 0x30, 0x84, 0x31, 0x8c, 0x31, 0x84, 0x31, 0x8c,
    0x51, 0x8c, 0x51, 0x8c, 0x31, 0x84, 0x31, 0x84, 0x31, 0x8c, 0x51, 0x8c,
    0x31, 0x84, 0x30, 0x84, 0x10, 0x84, 0x31, 0x84, 0x31, 0x84, 0x31, 0x84,
    0x31, 0x84, 0x10, 0x84, 0x10, 0x84, 0x10, 0x84, 0xf0, 0x7b, 0xcf, 0x7b,
    0xf0, 0x7b, 0xcf, 0x7b, 0xcf, 0x73, 0xcf, 0x7b, 0xcf, 0x7b, 0xcf, 0x73,
    0xcf, 0x73, 0xcf, 0x7b, 0xcf, 0x7b, 0xf0, 0x7b, 0xcf, 0x7b, 0xcf, 0x7b,
    0xd0, 0x7b, 0xcf, 0x7b, 0xcf, 0x73, 0xcf, 0x73, 0xcf, 0x7b, 0xf0, 0x7b,
    0xef, 0x7b, 0xcf, 0x7b, 0xcf, 0x7b, 0xaf, 0x73, 0xaf, 0x73, 0xaf, 0x73,
    0x8e, 0x73, 0x8e, 0x73, 0x6e, 0x6b, 0x8e, 0x73, 0x6e, 0x6b, 0x4d, 0x6b,
    0x2d, 0x63, 0x2d, 0x63, 0x4d, 0x6b, 0x4d, 0x6b, 0x4d, 0x6b, 0x6e, 0x6b,
    0x8e, 0x73, 0x6e, 0x6b, 0x6d, 0x6b, 0x66, 0x29, 0xc7, 0x39, 0xc7, 0x39,
    0xc7, 0x39, 0xa7, 0x31, 0xa6, 0x31, 0x86, 0x31, 0x66, 0x29, 0x65, 0x29,
    0x65, 0x29, 0x66, 0x29, 0x86, 0x31, 0xa6, 0x31, 0xa7, 0x31, 0x86, 0x31,
    0x66, 0x29, 0x66, 0x29, 0x86, 0x31, 0x86, 0x31, 0xa6, 0x31, 0xa7, 0x31,
    0x66, 0x31, 0x86, 0x31, 0xa6, 0x31, 0xa6, 0x31, 0x86, 0x31, 0xa6, 0x31,
    0xa6, 0x31, 0x86, 0x31, 0x86, 0x31, 0x66, 0x31, 0x65, 0x29, 0x86, 0x31,
    0x86, 0x31, 0x66, 0x31, 0x65, 0x31, 0x65, 0x29, 0x86, 0x31, 0x86, 0x31,
    0xa6, 0x31, 0x86, 0x31, 0x86, 0x31, 0x86, 0x31, 0x86, 0x31, 0x66, 0x29,
    0x65, 0x29, 0x66, 0x31, 0x65, 0x29, 0x24, 0x29, 0x25, 0x29, 0x45, 0x29,
    0x45, 0x29, 0x66, 0x31, 0x65, 0x29, 0x45, 0x29, 0x66, 0x31, 0x86, 0x31,
    0xa6, 0x31, 0x86, 0x31, 0x86, 0x31, 0xa7, 0x39, 0xa7, 0x39, 0xa6, 0x31,
    0x66, 0x31, 0x86, 0x31, 0xa6, 0x31, 0x86, 0x31, 0xa6, 0x31, 0x86, 0x31,
    0xa7, 0x39, 0xc7, 0x39, 0xa6, 0x31, 0xc7, 0x39, 0xc7, 0x39, 0xc7, 0x39,
    0xc7, 0x39, 0xc7, 0x39, 0xc7, 0x39, 0xc7, 0x39, 0xc7, 0x39, 0xc7, 0x39,
    0xe8, 0x41, 0xe8, 0x41, 0x08, 0x42, 0x08, 0x42, 0x28, 0x42, 0x29, 0x4a,
    0x28, 0x42, 0x49, 0x4a, 0x6a, 0x52, 0x6a, 0x52, 0x49, 0x4a, 0x49, 0x4a,
    0x6a, 0x52, 0x6a, 0x52, 0x8a, 0x52, 0x6a, 0x52, 0x69, 0x4a, 0x49, 0x4a,
    0x69, 0x4a, 0x69, 0x4a, 0x49, 0x4a, 0x69, 0x4a, 0x49, 0x4a, 0x49, 0x4a,
    0x49, 0x4a, 0x6a, 0x52, 0x8a, 0x52, 0xab, 0x52, 0xcb, 0x5a, 0xcb, 0x5a,
    0xcb, 0x5a, 0xcb, 0x5a, 0xab, 0x52, 0xab, 0x5a, 0xcb, 0x5a, 0xeb, 0x5a,
    0xeb, 0x5a, 0x0c, 0x5b, 0xeb, 0x5a, 0xeb, 0x5a, 0x0c, 0x63, 0x2c, 0x63,
    0x2d, 0x63, 0x2c, 0x63, 0x4d, 0x6b, 0x2d, 0x6b, 0x2d, 0x63, 0x2c, 0x63,
    0x0c, 0x63, 0x0c, 0x63, 0x0c, 0x63, 0x2d, 0x63, 0x2c, 0x63, 0x0c, 0x63,
    0x4d, 0x6b, 0x6d, 0x63, 0x6d, 0x6b, 0x8e, 0x73, 0x8e, 0x73, 0xaf, 0x73,
    0xcf, 0x7b, 0xcf, 0x7b, 0xd0, 0x7b, 0xf0, 0x7b, 0xcf, 0x7b, 0xcf, 0x7b,
    0xcf, 0x73, 0xf0, 0x7b, 0x10, 0x84, 0x31, 0x84, 0x31, 0x84, 0x31, 0x84,
    0x51, 0x8c, 0x51, 0x8c, 0x51, 0x8c, 0x72, 0x8c, 0x51, 0x8c, 0x51, 0x8c,
    0x51, 0x8c, 0x31, 0x84, 0x31, 0x84, 0x30, 0x84, 0x30, 0x8c, 0x31, 0x84,
    0x31, 0x8c, 0x31, 0x84, 0x51, 0x84, 0x51, 0x8c, 0x51, 0x8c, 0x31, 0x84,
    0x31, 0x84, 0x31, 0x84, 0x10, 0x84, 0x10, 0x84, 0x10, 0x84, 0x31, 0x84,
    0x51, 0x8c, 0x72, 0x8c, 0x72, 0x8c, 0x92, 0x94, 0x92, 0x94, 0x72, 0x8c,
    0x72, 0x8c, 0x72, 0x8c, 0x72, 0x8c, 0x72, 0x8c, 0x72, 0x8c, 0x72, 0x8c,
    0x72, 0x8c, 0x71, 0x8c, 0x51, 0x8c, 0x71, 0x8c, 0x51, 0x8c, 0x71, 0x8c,
    0x51, 0x8c, 0x72, 0x8c, 0x71, 0x8c, 0x52, 0x8c, 0x51, 0x8c, 0x51, 0x84,
    0x31, 0x84, 0x30, 0x84, 0x31, 0x84, 0x51, 0x8c, 0x51, 0x8c, 0x52, 0x8c,
    0x72, 0x8c, 0x92, 0x94, 0x92, 0x94, 0xb3, 0x94, 0xb3, 0x94, 0xd3, 0x9c,
    0xd3, 0x9c, 0xd4, 0x9c, 0xd3, 0x9c, 0xd4, 0x9c, 0xf4, 0x9c, 0xf4, 0x9c,
    0xf4, 0x9c, 0x14, 0xa5, 0x14, 0xa5, 0x14, 0xa5, 0x14, 0xa5, 0x14, 0xa5,
    0x34, 0xa5, 0x14, 0xa5, 0x14, 0xa5, 0x14, 0xa5, 0xf4, 0x9c, 0xf4, 0x9c,
    0xd4, 0x9c, 0xf4, 0x9c, 0xd3, 0x9c, 0xd4, 0x9c, 0xd3, 0x94, 0xb3, 0x94,
    0xb2, 0x94, 0x92, 0x94, 0x92, 0x94, 0x92, 0x94, 0x92, 0x94, 0xb2, 0x94,
    0x92, 0x94, 0x92, 0x94, 0x71, 0x8c, 0x72, 0x8c, 0x72, 0x8c, 0x71, 0x8c,
    0x72, 0x94, 0x72, 0x8c, 0x51, 0x84, 0x30, 0x84, 0x10, 0x84, 0x30, 0x84,
    0x31, 0x84, 0x51, 0x8c, 0x51, 0x8c, 0x31, 0x8c, 0x51, 0x84, 0x51, 0x8c,
    0x51, 0x8c, 0x31, 0x84, 0x51, 0x84, 0x51, 0x8c, 0x51, 0x8c, 0x71, 0x8c,
    0x51, 0x8c, 0x31, 0x84, 0x31, 0x84, 0x30, 0x84, 0x31, 0x84, 0x30, 0x84,
    0x10, 0x84, 0x31, 0x84, 0x31, 0x84, 0x30, 0x84, 0x31, 0x84, 0x31, 0x84,
    0x31, 0x84, 0x51, 0x8c, 0x31, 0x8c, 0x10, 0x84, 0x10, 0x7c, 0x10, 0x84,
    0xcf, 0x7b, 0xcf, 0x7b, 0xf0, 0x7b, 0xcf, 0x7b, 0xcf, 0x7b, 0xcf, 0x7b,
    0xcf, 0x7b, 0xaf, 0x73, 0xcf, 0x7b, 0xaf, 0x73, 0xaf, 0x7b, 0xcf, 0x7b,
    0xaf, 0x73, 0xcf, 0x7b, 0xcf, 0x7b, 0xcf, 0x7b, 0xcf, 0x7b, 0xcf, 0x7b,
    0xae, 0x73, 0x8e, 0x73, 0x8e, 0x73, 0x6e, 0x6b, 0x6e, 0x6b, 0x6e, 0x6b,
    0x6e, 0x73, 0x6e, 0x6b, 0x4d, 0x6b, 0x4d, 0x6b, 0x6e, 0x6b, 0x4d, 0x6b,
    0x6e, 0x6b, 0x6e, 0x6b, 0x6e, 0x73, 0x8e, 0x73, 0x6e, 0x6b, 0x66, 0x31,
    0xa7, 0x31, 0x86, 0x31, 0x86, 0x31, 0x65, 0x29, 0x45, 0x29, 0x65, 0x29,
    0x45, 0x29, 0x65, 0x29, 0x65, 0x29, 0x86, 0x31, 0x86, 0x31, 0x86, 0x31,
    0x86, 0x31, 0x65, 0x29, 0x65, 0x29, 0x86, 0x31, 0x86, 0x31, 0x86, 0x31,
    0x86, 0x31, 0x86, 0x29, 0x65, 0x29, 0x86, 0x29, 0x86, 0x31, 0x86, 0x31,
    0x86, 0x31, 0x86, 0x31, 0x66, 0x31, 0x86, 0x31, 0x65, 0x29, 0x45, 0x29,
    0x45, 0x29, 0x45, 0x29, 0x45, 0x29, 0x65, 0x29, 0x66, 0x31, 0x66, 0x31,
    0x66, 0x31, 0x86, 0x31, 0x86, 0x31, 0x66, 0x31, 0x66, 0x29, 0x65, 0x29,
    0x45, 0x29, 0x45, 0x29, 0x65, 0x29, 0x65, 0x29, 0x45, 0x29, 0x45, 0x29,
    0x25, 0x29, 0x25, 0x29, 0x45, 0x29, 0x65, 0x29, 0x45, 0x29, 0x45, 0x29,
    0x86, 0x31, 0xa6, 0x31, 0xa7, 0x39, 0xa6, 0x31, 0xa6, 0x31, 0xa6, 0x31,
    0xa7, 0x39, 0xa6, 0x31, 0x86, 0x31, 0x86, 0x31, 0xa7, 0x39, 0xc7, 0x39,
    0xa7, 0x39, 0xc7, 0x39, 0xc7, 0x39, 0xe8, 0x41, 0xc7, 0x39, 0xe7, 0x41,
    0xe8, 0x41, 0xe7, 0x39, 0xe7, 0x39, 0xe7, 0x41, 0xe8, 0x41, 0x08, 0x42,
    0x28, 0x42, 0x28, 0x42, 0x29, 0x4a, 0x49, 0x4a, 0x49, 0x4a, 0x29, 0x4a,
    0x49, 0x4a, 0x69, 0x4a, 0x6a, 0x52, 0x69, 0x4a, 0x8a, 0x52, 0x8a, 0x52,
    0xaa, 0x52, 0xaa, 0x52, 0xab, 0x5a, 0xaa, 0x52, 0xab, 0x52, 0xcb, 0x5a,
    0xaa, 0x52, 0x8a, 0x52, 0x8a, 0x52, 0x8a, 0x52, 0x8a, 0x52, 0x8a, 0x52,
    0x8a, 0x52, 0x8a, 0x52, 0x8a, 0x52, 0x8a, 0x52, 0xcb, 0x5a, 0xcb, 0x5a,
    0xcb, 0x5a, 0xeb, 0x5a, 0xec, 0x5a, 0xeb, 0x5a, 0xeb, 0x5a, 0xeb, 0x5a,
    0xeb, 0x5a, 0x0c, 0x63, 0x0c, 0x63, 0x0c, 0x63, 0x0c, 0x63, 0xec, 0x5a,
    0x0c, 0x63, 0x2c, 0x63, 0x4d, 0x6b, 0x4d, 0x6b, 0x4d, 0x6b, 0x4d, 0x6b,
    0x2d, 0x6b, 0x2c, 0x63, 0x0c, 0x63, 0x2c, 0x6b, 0x2d, 0x6b, 0x4d, 0x63,
    0x4d, 0x6b, 0x4d, 0x6b, 0x6d, 0x6b, 0x6d, 0x6b, 0x6d, 0x6b, 0x6d, 0x6b,
    0x6e, 0x6b, 0x8e, 0x73, 0xae, 0x73, 0xcf, 0x7b, 0xcf, 0x7b, 0xef, 0x7b,
    0xcf, 0x7b, 0xf0, 0x7b, 0xf0, 0x7b, 0x10, 0x84, 0x31, 0x84, 0x31, 0x84,
    0x31, 0x84, 0x51, 0x8c, 0x31, 0x8c, 0x31, 0x84, 0x51, 0x84, 0x51, 0x84,
    0x51, 0x84, 0x51, 0x8c, 0x51, 0x8c, 0x51, 0x8c, 0x51, 0x8c, 0x51, 0x8c,
    0x51, 0x8c, 0x51, 0x8c, 0x31, 0x84, 0x30, 0x84, 0x10, 0x84, 0x11, 0x84,
    0x30, 0x84, 0x31, 0x84, 0x31, 0x84, 0x30, 0x84, 0x10, 0x84, 0x10, 0x7c,
    0x10, 0x84, 0x10, 0x84, 0x31, 0x84, 0x51, 0x8c, 0x52, 0x8c, 0x51, 0x8c,
    0x72, 0x8c, 0x51, 0x8c, 0x51, 0x8c, 0x31, 0x84, 0x31, 0x84, 0x31, 0x84,
    0x51, 0x8c, 0x51, 0x8c, 0x51, 0x8c, 0x52, 0x8c, 0x52, 0x8c, 0x52, 0x8c,
    0x52, 0x8c, 0x51, 0x8c, 0x51, 0x8c, 0x51, 0x8c, 0x51, 0x8c, 0x51, 0x8c,
    0x51, 0x84, 0x31, 0x84, 0x10, 0x84, 0x10, 0x84, 0x10, 0x84, 0x10, 0x84,
    0x10, 0x84, 0x31, 0x84, 0x51, 0x84, 0x51, 0x8c, 0x51, 0x8c, 0x72, 0x8c,
    0x92, 0x8c, 0x92, 0x94, 0xb3, 0x94, 0xd3, 0x9c, 0xd3, 0x9c, 0xf3, 0x9c,
    0xd3, 0x9c, 0xf4, 0x9c, 0xf4, 0x9c, 0xf4, 0x9c, 0xf4, 0x9c, 0xf4, 0x9c,
    0xf4, 0x9c, 0xf4, 0x9c, 0x14, 0xa5, 0x14, 0x9d, 0xf4, 0x9c, 0x14, 0xa5,
    0xf4, 0x9c, 0xf3, 0x9c, 0xf3, 0x9c, 0xd3, 0x9c, 0xd3, 0x9c, 0xd3, 0x9c,
    0xd3, 0x9c, 0xb3, 0x94, 0xb3, 0x94, 0x92, 0x94, 0x92, 0x94, 0x92, 0x94,
    0xb2, 0x94, 0xb3, 0x94, 0xb3, 0x94, 0x92, 0x94, 0x92, 0x94, 0x72, 0x94,
    0x71, 0x8c, 0x51, 0x8c, 0x72, 0x8c, 0x72, 0x8c, 0x51, 0x8c, 0x31, 0x8c,
    0x30, 0x84, 0x10, 0x84, 0x11, 0x84, 0x31, 0x84, 0x31, 0x84, 0x31, 0x84,
    0x51, 0x8c, 0x51, 0x8c, 0x51, 0x8c, 0x31, 0x84, 0x31, 0x84, 0x51, 0x8c,
    0x72, 0x8c, 0x72, 0x8c, 0x71, 0x8c, 0x51, 0x8c, 0x31, 0x8c, 0x51, 0x8c,
    0x51, 0x8c, 0x72, 0x8c, 0x31, 0x8c, 0x51, 0x8c, 0x51, 0x84, 0x31, 0x84,
    0x31, 0x84, 0x51, 0x8c, 0x31, 0x84, 0x31, 0x84, 0x51, 0x8c, 0x31, 0x84,
    0x31, 0x84, 0x31, 0x84, 0xf0, 0x7b, 0xf0, 0x7b, 0xf0, 0x7b, 0xcf, 0x7b,
    0xaf, 0x73, 0xaf, 0x73, 0xcf, 0x7b, 0xcf, 0x73, 0xaf, 0x73, 0xaf, 0x73,
    0xaf, 0x73, 0xaf, 0x73, 0x8e, 0x73, 0x8e, 0x73, 0x8f, 0x73, 0xaf, 0x73,
    0xaf, 0x73, 0xaf, 0x73, 0x8f, 0x73, 0x8e, 0x73, 0x8e, 0x73, 0x8e, 0x73,
    0x6e, 0x6b, 0x6e, 0x6b, 0x8e, 0x73, 0x6e, 0x6b, 0x6d, 0x6b, 0x4d, 0x6b,
    0x6e, 0x6b, 0x6e, 0x6b, 0x4d, 0x6b, 0x6e, 0x6b, 0x6d, 0x6b, 0x6e, 0x6b,
    0x4d, 0x6b, 0x66, 0x29, 0x45, 0x29, 0x45, 0x21, 0x25, 0x21, 0x45, 0x29,
    0x45, 0x29, 0x65, 0x29, 0x45, 0x29, 0x65, 0x29, 0x86, 0x31, 0x86, 0x31,
    0x86, 0x31, 0x86, 0x31, 0x66, 0x29, 0x45, 0x29, 0x65, 0x29, 0x86, 0x29,
    0x86, 0x31, 0x65, 0x29, 0x66, 0x29, 0x65, 0x29, 0x65, 0x29, 0x65, 0x29,
    0x66, 0x29, 0x65, 0x29, 0x86, 0x29, 0x66, 0x29, 0x66, 0x31, 0x66, 0x29,
    0x45, 0x29, 0x45, 0x29, 0x25, 0x29, 0x24, 0x21, 0x45, 0x29, 0x65, 0x29,
    0x66, 0x29, 0x86, 0x31, 0x86, 0x31, 0x86, 0x31, 0xa6, 0x31, 0x86, 0x31,
    0x86, 0x31, 0x66, 0x31, 0x65, 0x29, 0x65, 0x29, 0x66, 0x31, 0x45, 0x29,
    0x45, 0x29, 0x65, 0x29, 0x45, 0x29, 0x45, 0x29, 0x65, 0x29, 0x65, 0x29,
    0x65, 0x29, 0x66, 0x31, 0x86, 0x31, 0xa6, 0x31, 0xa7, 0x39, 0xa7, 0x39,
    0x86, 0x31, 0xa7, 0x31, 0xc7, 0x39, 0xa7, 0x39, 0xc7, 0x39, 0xc7, 0x39,
    0xc7, 0x39, 0xc7, 0x39, 0xc7, 0x39, 0xe7, 0x39, 0xe8, 0x41, 0x08, 0x42,
    0x08, 0x42, 0x28, 0x42, 0x08, 0x42, 0x08, 0x3a, 0x08, 0x42, 0x28, 0x42,
    0x29, 0x42, 0x49, 0x4a, 0x69, 0x4a, 0x69, 0x4a, 0x49, 0x4a, 0x69, 0x4a,
    0x69, 0x4a, 0x6a, 0x4a, 0x8a, 0x4a, 0x8a, 0x52, 0x8a, 0x52, 0xab, 0x52,
    0xab, 0x52, 0xcb, 0x5a, 0xcb, 0x5a, 0xcb, 0x5a, 0xcb, 0x5a, 0xab, 0x52,
    0xcb, 0x5a, 0xaa, 0x52, 0xab, 0x5a, 0xcb, 0x5a, 0xcb, 0x5a, 0xcb, 0x5a,
    0xcb, 0x5a, 0xcb, 0x5a, 0xab, 0x5a, 0xaa, 0x52, 0x8a, 0x52, 0xab, 0x52,
    0xcb, 0x5a, 0xcb, 0x5a, 0xcb, 0x5a, 0x0c, 0x63, 0xeb, 0x5a, 0xeb, 0x5a,
    0x2c, 0x63, 0x0c, 0x63, 0x0c, 0x63, 0x2d, 0x63, 0x2d, 0x63, 0x2c, 0x63,
    0x2d, 0x63, 0x2c, 0x63, 0x2d, 0x63, 0x4d, 0x6b, 0x4d, 0x6b, 0x4c, 0x63,
    0x4d, 0x63, 0x4d, 0x6b, 0x4d, 0x6b, 0x6d, 0x6b, 0x4d, 0x6b, 0x4d, 0x6b,
    0x6d, 0x6b, 0x4d, 0x6b, 0x4d, 0x6b, 0x4d, 0x6b, 0x6d, 0x6b, 0x6e, 0x6b,
    0x6e, 0x73, 0x6d, 0x6b, 0x6e, 0x6b, 0x8e, 0x73, 0xaf, 0x73, 0xcf, 0x73,
    0xaf, 0x73, 0xcf, 0x7b, 0xcf, 0x7b, 0xf0, 0x7b, 0x10, 0x84, 0x10, 0x84,
    0x30, 0x84, 0x10, 0x84, 0x10, 0x84, 0x31, 0x84, 0x31, 0x84, 0x30, 0x84,
    0x31, 0x84, 0x31, 0x8c, 0x51, 0x8c, 0x51, 0x84, 0x52, 0x8c, 0x72, 0x8c,
    0x72, 0x8c, 0x72, 0x8c, 0x71, 0x8c, 0x51, 0x8c, 0x31, 0x84, 0x10, 0x84,
    0xf0, 0x7b, 0xf0, 0x7b, 0x10, 0x84, 0x10, 0x84, 0x10, 0x84, 0x10, 0x84,
    0x10, 0x84, 0x11, 0x84, 0x11, 0x84, 0x30, 0x84, 0x31, 0x84, 0x31, 0x84,
    0x31, 0x84, 0x30, 0x84, 0x30, 0x84, 0x10, 0x84, 0x10, 0x84, 0x10, 0x84,
    0xef, 0x7b, 0x10, 0x84, 0x10, 0x84, 0x31, 0x84, 0x51, 0x84, 0x31, 0x84,
    0x51, 0x8c, 0x31, 0x84, 0x30, 0x84, 0x10, 0x84, 0x10, 0x84, 0x10, 0x84,
    0x31, 0x84, 0x51, 0x84, 0x31, 0x84, 0x10, 0x84, 0x10, 0x7c, 0xf0, 0x7b,
    0xf0, 0x7b, 0x10, 0x7c, 0xf0, 0x7b, 0x10, 0x7c, 0x10, 0x84, 0x10, 0x84,
    0x30, 0x84, 0x31, 0x84, 0x51, 0x8c, 0x71, 0x8c, 0x92, 0x94, 0xb3, 0x94,
    0xd3, 0x9c, 0xd3, 0x9c, 0xd3, 0x9c, 0xf4, 0x9c, 0xf3, 0x9c, 0xd3, 0x9c,
    0xf4, 0x9c, 0xd3, 0x9c, 0xd3, 0x9c, 0xd3, 0x9c, 0xd3, 0x9c, 0xd3, 0x9c,
    0xd4, 0x9c, 0xd3, 0x9c, 0xf3, 0x9c, 0xd3, 0x9c, 0xd3, 0x9c, 0xd4, 0x9c,
    0xd3, 0x94, 0xb3, 0x94, 0xb3, 0x94, 0xb2, 0x94, 0x92, 0x94, 0x92, 0x94,
    0x92, 0x94, 0xb2, 0x94, 0x92, 0x94, 0xb3, 0x94, 0xd3, 0x94, 0xd3, 0x9c,
    0xb3, 0x94, 0xb3, 0x94, 0x71, 0x8c, 0x51, 0x8c, 0x71, 0x8c, 0x72, 0x8c,
    0x72, 0x8c, 0x72, 0x8c, 0x71, 0x8c, 0x51, 0x8c, 0x31, 0x84, 0x30, 0x84,
    0x31, 0x84, 0x31, 0x84, 0x31, 0x84, 0x31, 0x8c, 0x51, 0x8c, 0x51, 0x8c,
    0x51, 0x8c, 0x51, 0x8c, 0x71, 0x8c, 0x72, 0x8c, 0x51, 0x8c, 0x51, 0x8c,
    0x51, 0x8c, 0x71, 0x8c, 0x51, 0x8c, 0x51, 0x8c, 0x71, 0x8c, 0x51, 0x8c,
    0x51, 0x8c, 0x31, 0x84, 0x51, 0x8c, 0x72, 0x94, 0x71, 0x8c, 0x51, 0x8c,
    0x51, 0x8c, 0x51, 0x84, 0x31, 0x8c, 0x30, 0x84, 0x10, 0x84, 0x10, 0x84,
    0xf0, 0x7b, 0xcf, 0x7b, 0xaf, 0x73, 0xaf, 0x73, 0xcf, 0x7b, 0xaf, 0x73,
    0xaf, 0x7b, 0xaf, 0x73, 0xaf, 0x73, 0xae, 0x73, 0x8e, 0x73, 0x8e, 0x6b,
    0x8e, 0x6b, 0x8e, 0x73, 0x8e, 0x73, 0x8e, 0x73, 0x8e, 0x6b, 0x6e, 0x6b,
    0x6e, 0x6b, 0x6d, 0x6b, 0x6d, 0x6b, 0x6d, 0x6b, 0x6e, 0x73, 0x6d, 0x6b,
    0x4d, 0x6b, 0x4d, 0x6b, 0x4d, 0x6b, 0x4d, 0x6b, 0x4d, 0x6b, 0x4e, 0x6b,
    0x6e, 0x6b, 0x6d, 0x6b, 0x4d, 0x6b, 0x66, 0x29, 0x04, 0x21, 0x24, 0x21,
    0x45, 0x21, 0x45, 0x29, 0x45, 0x29, 0x45, 0x29, 0x45, 0x29, 0x65, 0x29,
    0x86, 0x29, 0x86, 0x29, 0x86, 0x29, 0x86, 0x29, 0x25, 0x21, 0x24, 0x21,
    0x45, 0x29, 0x45, 0x29, 0x45, 0x29, 0x65, 0x29, 0x65, 0x29, 0x65, 0x29,
    0x65, 0x29, 0x45, 0x29, 0x45, 0x29, 0x45, 0x29, 0x65, 0x29, 0x65, 0x29,
    0x65, 0x29, 0x65, 0x29, 0x45, 0x29, 0x45, 0x29, 0x45, 0x29, 0x45, 0x29,
    0x45, 0x29, 0x86, 0x31, 0x86, 0x31, 0x86, 0x31, 0x86, 0x31, 0x86, 0x31,
    0xa6, 0x31, 0x86, 0x31, 0x86, 0x31, 0x86, 0x31, 0x66, 0x29, 0x66, 0x31,
    0x86, 0x31, 0x66, 0x31, 0x45, 0x29, 0x65, 0x29, 0x45, 0x29, 0x85, 0x31,
    0x66, 0x31, 0x86, 0x31, 0x66, 0x31, 0x86, 0x31, 0x66, 0x31, 0x65, 0x29,
    0x66, 0x31, 0x86, 0x31, 0x86, 0x31, 0xa6, 0x31, 0xc7, 0x31, 0xc7, 0x39,
    0xe7, 0x39, 0xc7, 0x39, 0xa7, 0x39, 0xa6, 0x31, 0xa6, 0x31, 0xa7, 0x39,
    0xe7, 0x39, 0x08, 0x42, 0x28, 0x42, 0x69, 0x4a, 0x49, 0x4a, 0x49, 0x42,
    0x69, 0x4a, 0x8a, 0x52, 0x8a, 0x4a, 0x6a, 0x4a, 0x8a, 0x52, 0x6a, 0x4a,
    0x8a, 0x4a, 0x8a, 0x52, 0x8a, 0x52, 0xaa, 0x52, 0xcb, 0x52, 0xab, 0x52,
    0xab, 0x5a, 0xeb, 0x5a, 0xec, 0x5a, 0xeb, 0x5a, 0xeb, 0x5a, 0xcb, 0x5a,
    0xab, 0x52, 0xaa, 0x52, 0xaa, 0x5a, 0xaa, 0x52, 0xaa, 0x52, 0xcb, 0x5a,
    0xcb, 0x5a, 0xeb, 0x5a, 0xec, 0x5a, 0xcb, 0x5a, 0xcb, 0x5a, 0xcb, 0x52,
    0xeb, 0x5a, 0xeb, 0x5a, 0xeb, 0x5a, 0xeb, 0x5a, 0xcb, 0x5a, 0xec, 0x5a,
    0xcb, 0x5a, 0xeb, 0x5a, 0x0c, 0x63, 0x0c, 0x63, 0x0c, 0x63, 0x0c, 0x63,
    0x0c, 0x63, 0x0c, 0x63, 0x2d, 0x63, 0x4d, 0x6b, 0x4d, 0x6b, 0x4e, 0x6b,
    0x4d, 0x6b, 0x4c, 0x63, 0x4d, 0x63, 0x4d, 0x6b, 0x6d, 0x6b, 0x8e, 0x73,
    0x8e, 0x73, 0xae, 0x73, 0x8e, 0x73, 0x6d, 0x6b, 0x4d, 0x6b, 0x4d, 0x6b,
    0x4d, 0x6b, 0x6d, 0x6b, 0x8e, 0x73, 0x8e, 0x73, 0x8e, 0x73, 0xae, 0x73,
    0xaf, 0x73, 0xaf, 0x7b, 0xaf, 0x73, 0xcf, 0x73, 0xef, 0x7b, 0xf0, 0x7b,
    0xf0, 0x7b, 0x10, 0x84, 0x10, 0x84, 0x10, 0x84, 0x30, 0x84, 0x31, 0x84,
    0x31, 0x8c, 0x31, 0x84, 0x31, 0x8c, 0x31, 0x8c, 0x51, 0x8c, 0x52, 0x8c,
    0x72, 0x8c, 0x72, 0x8c, 0x72, 0x8c, 0x72, 0x8c, 0x72, 0x8c, 0x51, 0x8c,
    0x31, 0x84, 0x10, 0x84, 0x10, 0x84, 0x10, 0x84, 0x10, 0x84, 0x30, 0x84,
    0x10, 0x84, 0x11, 0x84, 0x30, 0x84, 0x30, 0x84, 0x31, 0x84, 0x31, 0x84,
    0x31, 0x84, 0x30, 0x84, 0x10, 0x84, 0xef, 0x7b, 0xf0, 0x7b, 0xf0, 0x7b,
    0xcf, 0x7b, 0xcf, 0x7b, 0xcf, 0x73, 0xcf, 0x7b, 0xef, 0x7b, 0xf0, 0x7b,
    0x30, 0x84, 0x30, 0x84, 0x10, 0x84, 0xf0, 0x7b, 0xef, 0x7b, 0xef, 0x7b,
    0xd0, 0x7b, 0xf0, 0x7b, 0x10, 0x7c, 0x10, 0x84, 0x31, 0x84, 0x30, 0x84,
    0x10, 0x84, 0x10, 0x84, 0x0f, 0x7c, 0xef, 0x7b, 0xef, 0x7b, 0xf0, 0x7b,
    0xef, 0x7b, 0x0f, 0x7c, 0x10, 0x84, 0x10, 0x84, 0x31, 0x84, 0x51, 0x8c,
    0x72, 0x8c, 0x92, 0x94, 0x93, 0x94, 0xd3, 0x94, 0xd3, 0x9c, 0xd3, 0x9c,
    0xd3, 0x9c, 0xf4, 0x9c, 0xf4, 0x9c, 0xf3, 0x9c, 0xf4, 0x9c, 0xd3, 0x9c,
    0xd3, 0x94, 0xb3, 0x94, 0xd3, 0x9c, 0xd3, 0x9c, 0xb3, 0x94, 0xd3, 0x9c,
    0xd3, 0x9c, 0xd3, 0x9c, 0xb3, 0x94, 0xb3, 0x94, 0x92, 0x94, 0xb2, 0x94,
    0x92, 0x94, 0x92, 0x94, 0xb2, 0x94, 0xb2, 0x94, 0xb2, 0x94, 0xb3, 0x94,
    0xd3, 0x9c, 0xd3, 0x9c, 0xd3, 0x9c, 0xd3, 0x9c, 0x92, 0x94, 0x92, 0x94,
    0x71, 0x8c, 0x92, 0x94, 0x92, 0x94, 0x92, 0x94, 0x92, 0x94, 0x92, 0x8c,
    0x72, 0x8c, 0x31, 0x84, 0x31, 0x84, 0x30, 0x84, 0x31, 0x84, 0x51, 0x84,
    0x51, 0x8c, 0x31, 0x84, 0x51, 0x8c, 0x52, 0x8c, 0x51, 0x8c, 0x51, 0x8c,
    0x51, 0x8c, 0x51, 0x8c, 0x72, 0x8c, 0x51, 0x84, 0x51, 0x84, 0x31, 0x84,
    0x51, 0x8c, 0x51, 0x84, 0x31, 0x84, 0x31, 0x84, 0x51, 0x8c, 0x92, 0x94,
    0x92, 0x94, 0x72, 0x8c, 0x71, 0x8c, 0x51, 0x8c, 0x31, 0x84, 0x31, 0x84,
    0x10, 0x84, 0x10, 0x84, 0x10, 0x84, 0xf0, 0x7b, 0xcf, 0x7b, 0xcf, 0x7b,
    0xaf, 0x73, 0xcf, 0x7b, 0xcf, 0x7b, 0xcf, 0x7b, 0xaf, 0x73, 0xaf, 0x73,
    0xaf, 0x73, 0x8e, 0x73, 0x8e, 0x73, 0x8e, 0x73, 0x8e, 0x6b, 0x8e, 0x73,
    0x8e, 0x73, 0x6e, 0x6b, 0x6d, 0x6b, 0x4d, 0x6b, 0x4d, 0x6b, 0x6e, 0x6b,
    0x6d, 0x6b, 0x4d, 0x6b, 0x4d, 0x6b, 0x4d, 0x63, 0x2d, 0x63, 0x4d, 0x6b,
    0x6e, 0x6b, 0x4d, 0x6b, 0x6e, 0x6b, 0x8e, 0x73, 0x4d, 0x6b, 0x66, 0x29,
    0x04, 0x21, 0x24, 0x21, 0x24, 0x21, 0x45, 0x29, 0x45, 0x29, 0x24, 0x21,
    0x25, 0x21, 0x45, 0x29, 0x65, 0x29, 0x66, 0x29, 0x45, 0x29, 0x45, 0x29,
    0x24, 0x21, 0x24, 0x21, 0x24, 0x21, 0x25, 0x21, 0x45, 0x29, 0x66, 0x29,
    0x86, 0x31, 0x66, 0x31, 0x65, 0x29, 0x45, 0x29, 0x65, 0x29, 0x65, 0x29,
    0x45, 0x29, 0x65, 0x29, 0x65, 0x29, 0x65, 0x29, 0x65, 0x29, 0x65, 0x29,
    0x45, 0x29, 0x45, 0x29, 0x66, 0x31, 0x86, 0x31, 0x66, 0x31, 0x86, 0x31,
    0x86, 0x31, 0x86, 0x31, 0x86, 0x31, 0x66, 0x31, 0x86, 0x31, 0x65, 0x29,
    0x65, 0x31, 0x86, 0x31, 0x86, 0x31, 0x66, 0x31, 0x65, 0x29, 0x45, 0x29,
    0x45, 0x29, 0x65, 0x29, 0x66, 0x31, 0x86, 0x31, 0x86, 0x31, 0x66, 0x31,
    0x65, 0x29, 0x65, 0x29, 0x66, 0x31, 0x86, 0x31, 0xa6, 0x31, 0xc7, 0x39,
    0xc7, 0x31, 0xa6, 0x31, 0xa6, 0x31, 0xa6, 0x31, 0x86, 0x31, 0xa6, 0x31,
    0xa7, 0x39, 0xc7, 0x39, 0xe8, 0x41, 0x08, 0x42, 0x49, 0x42, 0x49, 0x4a,
    0x49, 0x4a, 0x8a, 0x52, 0x8a, 0x52, 0x8a, 0x52, 0x8a, 0x52, 0x6a, 0x4a,
    0x8a, 0x52, 0x6a, 0x4a, 0x8a, 0x52, 0xaa, 0x52, 0xab, 0x52, 0xcc, 0x5a,
    0xcb, 0x5a, 0x8a, 0x52, 0xab, 0x5a, 0xcb, 0x5a, 0xcb, 0x5a, 0xcb, 0x5a,
    0xab, 0x52, 0x8a, 0x52, 0x8a, 0x52, 0x8a, 0x52, 0x8a, 0x52, 0x8a, 0x52,
    0x8a, 0x52, 0xcb, 0x52, 0xeb, 0x5a, 0xec, 0x5a, 0xec, 0x5a, 0x0c, 0x63,
    0xec, 0x5a, 0x0c, 0x63, 0x0c, 0x63, 0x0c, 0x63, 0xec, 0x5a, 0xeb, 0x5a,
    0xeb, 0x5a, 0xeb, 0x5a, 0xcb, 0x5a, 0xcb, 0x5a, 0xeb, 0x5a, 0xeb, 0x5a,
    0xeb, 0x5a, 0xec, 0x5a, 0xec, 0x5a, 0x0c, 0x63, 0x2d, 0x63, 0x4d, 0x6b,
    0x6e, 0x6b, 0x6e, 0x6b, 0x6d, 0x6b, 0x6d, 0x6b, 0x6e, 0x73, 0x8e, 0x73,
    0x8e, 0x6b, 0x8e, 0x73, 0x8e, 0x73, 0x8f, 0x73, 0x8e, 0x6b, 0x6e, 0x6b,
    0x6d, 0x6b, 0x4d, 0x6b, 0x4d, 0x6b, 0x6d, 0x6b, 0x8e, 0x6b, 0x6e, 0x6b,
    0x8e, 0x73, 0x8e, 0x73, 0xae, 0x73, 0xaf, 0x73, 0xaf, 0x7b, 0xcf, 0x7b,
    0xcf, 0x7b, 0xcf, 0x7b, 0xf0, 0x7b, 0xf0, 0x7b, 0x10, 0x84, 0x11, 0x84,
    0x31, 0x84, 0x31, 0x84, 0x51, 0x8c, 0x51, 0x8c, 0x51, 0x8c, 0x51, 0x8c,
    0x72, 0x8c, 0x72, 0x8c, 0x72, 0x8c, 0x72, 0x94, 0x92, 0x94, 0x72, 0x94,
    0x72, 0x8c, 0x72, 0x8c, 0x51, 0x8c, 0x51, 0x8c, 0x51, 0x84, 0x31, 0x84,
    0x11, 0x84, 0x10, 0x84, 0x10, 0x7c, 0xf0, 0x7b, 0x10, 0x7c, 0x10, 0x84,
    0x10, 0x84, 0x10, 0x84, 0x30, 0x84, 0x10, 0x84, 0xf0, 0x7b, 0xef, 0x7b,
    0xcf, 0x7b, 0xef, 0x7b, 0xcf, 0x7b, 0xcf, 0x7b, 0xcf, 0x73, 0xcf, 0x73,
    0xcf, 0x7b, 0xcf, 0x7b, 0xf0, 0x7b, 0xf0, 0x83, 0xf0, 0x7b, 0xef, 0x7b,
    0xef, 0x7b, 0xf0, 0x7b, 0xcf, 0x7b, 0xef, 0x7b, 0xf0, 0x7b, 0x10, 0x84,
    0x30, 0x84, 0x10, 0x84, 0x30, 0x84, 0x10, 0x84, 0x10, 0x84, 0xf0, 0x7b,
    0xf0, 0x83, 0xf0, 0x83, 0xf0, 0x7b, 0x10, 0x84, 0x10, 0x84, 0x10, 0x84,
    0x31, 0x84, 0x31, 0x84, 0x51, 0x8c, 0x72, 0x8c, 0x92, 0x94, 0xb3, 0x94,
    0xd3, 0x9c, 0xb3, 0x9c, 0xd3, 0x9c, 0xd3, 0x9c, 0xd3, 0x9c, 0xd4, 0x9c,
    0xd4, 0x9c, 0xd3, 0x9c, 0xd3, 0x94, 0xb3, 0x94, 0xb3, 0x94, 0xb3, 0x94,
    0xb3, 0x94, 0xb3, 0x94, 0xb3, 0x94, 0xb3, 0x94, 0x92, 0x94, 0x92, 0x94,
    0x92, 0x94, 0x92, 0x94, 0x92, 0x94, 0x92, 0x8c, 0x92, 0x94, 0xb2, 0x94,
    0xb3, 0x94, 0xb2, 0x94, 0xb3, 0x94, 0xd3, 0x9c, 0xd3, 0x9c, 0xd3, 0x9c,
    0xb3, 0x94, 0x92, 0x94, 0x72, 0x8c, 0x72, 0x8c, 0x92, 0x94, 0x92, 0x94,
    0xb3, 0x94, 0x93, 0x94, 0x92, 0x94, 0x71, 0x8c, 0x51, 0x8c, 0x51, 0x8c,
    0x51, 0x8c, 0x52, 0x8c, 0x71, 0x8c, 0x51, 0x8c, 0x31, 0x84, 0x51, 0x84,
    0x51, 0x8c, 0x52, 0x8c, 0x51, 0x84, 0x51, 0x8c, 0x52, 0x8c, 0x51, 0x84,
    0x31, 0x8c, 0x31, 0x84, 0x51, 0x8c, 0x72, 0x8c, 0x51, 0x8c, 0x51, 0x8c,
    0x51, 0x8c, 0x72, 0x8c, 0x72, 0x8c, 0x72, 0x8c, 0x51, 0x8c, 0x31, 0x84,
    0x31, 0x84, 0x10, 0x84, 0x10, 0x84, 0xf0, 0x7b, 0xf0, 0x7b, 0xf0, 0x7b,
    0xef, 0x7b, 0xcf, 0x7b, 0xaf, 0x73, 0xaf, 0x73, 0xaf, 0x73, 0xcf, 0x7b,
    0xcf, 0x7b, 0xaf, 0x7b, 0xaf, 0x73, 0xaf, 0x73, 0x8e, 0x73, 0x8f, 0x73,
    0x6e, 0x6b, 0x8e, 0x6b, 0x6e, 0x73, 0x6e, 0x6b, 0x6e, 0x6b, 0x4d, 0x6b,
    0x4d, 0x6b, 0x4e, 0x6b, 0x4d, 0x6b, 0x4e, 0x6b, 0x4d, 0x6b, 0x4d, 0x6b,
    0x4d, 0x63, 0x4d, 0x6b, 0x4d, 0x6b, 0x4d, 0x6b, 0x6e, 0x6b, 0x6e, 0x6b,
    0x4d, 0x6b, 0x65, 0x29, 0x24, 0x21, 0x24, 0x21, 0x04, 0x21, 0x04, 0x21,
    0x24, 0x21, 0x24, 0x21, 0x25, 0x21, 0x45, 0x29, 0x65, 0x29, 0x45, 0x29,
    0x45, 0x29, 0x45, 0x29, 0x45, 0x29, 0x24, 0x21, 0x25, 0x21, 0x45, 0x29,
    0x65, 0x29, 0x85, 0x29, 0x66, 0x29, 0x66, 0x31, 0x65, 0x29, 0x45, 0x29,
    0x45, 0x29, 0x45, 0x29, 0x45, 0x29, 0x45, 0x29, 0x45, 0x29, 0x45, 0x29,
    0x45, 0x29, 0x45, 0x29, 0x45, 0x29, 0x45, 0x29, 0x45, 0x29, 0x45, 0x29,
    0x45, 0x29, 0x45, 0x29, 0x45, 0x29, 0x45, 0x29, 0x45, 0x29, 0x45, 0x29,
    0x45, 0x29, 0x45, 0x29, 0x45, 0x29, 0x45, 0x29, 0x65, 0x29, 0x65, 0x29,
    0x45, 0x29, 0x65, 0x29, 0x65, 0x29, 0x45, 0x29, 0x45, 0x29, 0x45, 0x29,
    0x65, 0x29, 0x45, 0x29, 0x45, 0x29, 0x65, 0x29, 0x86, 0x31, 0x86, 0x31,
    0xa6, 0x31, 0xa7, 0x31, 0xa6, 0x31, 0x86, 0x31, 0x86, 0x31, 0xa6, 0x31,
    0xa7, 0x31, 0xc7, 0x39, 0xc7, 0x39, 0xc7, 0x39, 0xe8, 0x41, 0x28, 0x42,
    0x28, 0x42, 0x29, 0x42, 0x49, 0x4a, 0x69, 0x4a, 0x6a, 0x4a, 0x6a, 0x4a,
    0x69, 0x4a, 0x69, 0x4a, 0x6a, 0x4a, 0x8a, 0x52, 0xaa, 0x52, 0xab, 0x52,
    0xab, 0x52, 0xcb, 0x5a, 0xab, 0x52, 0x8a, 0x52, 0xcb, 0x5a, 0xcb, 0x5a,
    0xcb, 0x52, 0xcb, 0x52, 0xab, 0x52, 0x8a, 0x52, 0x8a, 0x52, 0xaa, 0x52,
    0x8a, 0x52, 0x8a, 0x52, 0x8a, 0x52, 0xcb, 0x5a, 0x0c, 0x5b, 0x0c, 0x63,
    0x0c, 0x63, 0x2d, 0x63, 0x0c, 0x63, 0x0c, 0x63, 0xec, 0x5a, 0xeb, 0x5a,
    0xeb, 0x5a, 0xec, 0x5a, 0xeb, 0x5a, 0xcb, 0x5a, 0xcb, 0x5a, 0xeb, 0x5a,
    0xcb, 0x5a, 0xcc, 0x5a, 0xec, 0x5a, 0xeb, 0x5a, 0xec, 0x5a, 0x2d, 0x63,
    0x4d, 0x6b, 0x6d, 0x6b, 0x8e, 0x73, 0x8e, 0x73, 0x6e, 0x6b, 0x8e, 0x73,
    0x8e, 0x73, 0x8e, 0x73, 0x6e, 0x6b, 0x8e, 0x73, 0x8e, 0x73, 0x8e, 0x73,
    0x8e, 0x6b, 0x8e, 0x73, 0x8e, 0x73, 0x8e, 0x73, 0x6e, 0x6b, 0x6d, 0x6b,
    0x6d, 0x6b, 0x6d, 0x6b, 0x8e, 0x73, 0x8e, 0x73, 0x8e, 0x73, 0x8e, 0x73,
    0xaf, 0x73, 0xaf, 0x73, 0xaf, 0x73, 0xcf, 0x7b, 0xcf, 0x7b, 0xcf, 0x7b,
    0xef, 0x7b, 0x10, 0x84, 0x30, 0x84, 0x31, 0x84, 0x51, 0x8c, 0x51, 0x8c,
    0x72, 0x8c, 0x72, 0x8c, 0x72, 0x8c, 0x92, 0x8c, 0x92, 0x94, 0x92, 0x94,
    0x72, 0x8c, 0x72, 0x8c, 0x72, 0x8c, 0x72, 0x8c, 0x72, 0x8c, 0x72, 0x8c,
    0x51, 0x8c, 0x31, 0x84, 0x31, 0x84, 0x10, 0x84, 0xf0, 0x7b, 0xcf, 0x7b,
    0xd0, 0x7b, 0xf0, 0x7b, 0xf0, 0x7b, 0xf0, 0x7b, 0xf0, 0x7b, 0xf0, 0x7b,
    0xf0, 0x7b, 0xef, 0x7b, 0xcf, 0x7b, 0xcf, 0x7b, 0xcf, 0x7b, 0xcf, 0x7b,
    0xcf, 0x7b, 0xcf, 0x7b, 0xcf, 0x7b, 0xcf, 0x7b, 0xf0, 0x7b, 0xf0, 0x7b,
    0xef, 0x7b, 0xef, 0x7b, 0xcf, 0x7b, 0xf0, 0x7b, 0xef, 0x7b, 0xef, 0x7b,
    0xef, 0x83, 0x10, 0x84, 0x10, 0x84, 0x10, 0x84, 0x10, 0x84, 0x10, 0x84,
    0x10, 0x84, 0x10, 0x7c, 0x10, 0x84, 0xf0, 0x83, 0x10, 0x84, 0x10, 0x7c,
    0x10, 0x84, 0x10, 0x84, 0x31, 0x84, 0x31, 0x84, 0x51, 0x8c, 0x72, 0x8c,
    0x92, 0x94, 0x92, 0x94, 0x92, 0x94, 0xb3, 0x94, 0xb3, 0x94, 0xb3, 0x94,
    0xb3, 0x9c, 0xd3, 0x94, 0xd3, 0x9c, 0xd3, 0x9c, 0xb3, 0x9c, 0xb3, 0x94,
    0xb3, 0x94, 0xb3, 0x94, 0xb3, 0x94, 0xb2, 0x94, 0x93, 0x94, 0x92, 0x94,
    0x72, 0x8c, 0x72, 0x8c, 0x92, 0x94, 0x93, 0x94, 0x92, 0x94, 0x93, 0x94,
    0x92, 0x94, 0xb2, 0x94, 0xb3, 0x94, 0xb2, 0x94, 0xb3, 0x94, 0xb3, 0x94,
    0xb3, 0x94, 0xb3, 0x94, 0x92, 0x94, 0x92, 0x94, 0x72, 0x8c, 0x72, 0x8c,
    0x72, 0x8c, 0x92, 0x94, 0xb2, 0x94, 0xb3, 0x94, 0xb3, 0x94, 0x92, 0x94,
    0x92, 0x94, 0x92, 0x94, 0x72, 0x8c, 0x72, 0x8c, 0x72, 0x8c, 0x71, 0x8c,
    0x51, 0x8c, 0x51, 0x8c, 0x51, 0x8c, 0x51, 0x84, 0x31, 0x84, 0x31, 0x84,
    0x31, 0x84, 0x31, 0x84, 0x51, 0x8c, 0x31, 0x8c, 0x52, 0x8c, 0x92, 0x94,
    0x72, 0x8c, 0x72, 0x8c, 0x72, 0x8c, 0x51, 0x8c, 0x51, 0x8c, 0x51, 0x8c,
    0x51, 0x8c, 0x31, 0x84, 0x31, 0x84, 0x10, 0x84, 0x10, 0x84, 0xf0, 0x7b,
    0xcf, 0x7b, 0xcf, 0x7b, 0xcf, 0x73, 0xaf, 0x73, 0xaf, 0x73, 0xaf, 0x73,
    0xae, 0x73, 0xae, 0x73, 0xae, 0x73, 0xcf, 0x7b, 0xaf, 0x73, 0xae, 0x73,
    0x8e, 0x73, 0x8e, 0x73, 0x6e, 0x6b, 0x6e, 0x6b, 0x6e, 0x6b, 0x6e, 0x73,
    0x6e, 0x6b, 0x4d, 0x6b, 0x4d, 0x6b, 0x4d, 0x6b, 0x4e, 0x6b, 0x4d, 0x6b,
    0x4d, 0x63, 0x4d, 0x6b, 0x4d, 0x6b, 0x4d, 0x6b, 0x4d, 0x6b, 0x4d, 0x6b,
    0x4d, 0x6b, 0x4d, 0x6b, 0x4e, 0x6b, 0x65, 0x29, 0x24, 0x21, 0x25, 0x21,
    0x04, 0x21, 0xe4, 0x18, 0x04, 0x19, 0x04, 0x21, 0x45, 0x21, 0x65, 0x29,
    0x66, 0x29, 0x65, 0x29, 0x45, 0x29, 0x65, 0x29, 0x45, 0x29, 0x45, 0x29,
    0x45, 0x29, 0x65, 0x29, 0x66, 0x31, 0x66, 0x31, 0x65, 0x29, 0x45, 0x29,
    0x45, 0x29, 0x45, 0x29, 0x25, 0x21, 0x25, 0x29, 0x45, 0x29, 0x25, 0x21,
    0x04, 0x21, 0xe4, 0x20, 0x04, 0x21, 0x04, 0x21, 0xe4, 0x20, 0x04, 0x21,
    0x04, 0x21, 0x04, 0x21, 0x04, 0x21, 0x04, 0x21, 0x24, 0x21, 0x25, 0x21,
    0x24, 0x21, 0x25, 0x29, 0x45, 0x29, 0x45, 0x29, 0x45, 0x29, 0x25, 0x29,
    0x25, 0x29, 0x45, 0x29, 0x45, 0x29, 0x65, 0x31, 0x45, 0x29, 0x45, 0x29,
    0x45, 0x29, 0x25, 0x29, 0x25, 0x29, 0x45, 0x29, 0x65, 0x29, 0x66, 0x29,
    0x65, 0x29, 0x86, 0x31, 0x86, 0x31, 0x86, 0x31, 0x86, 0x31, 0x86, 0x31,
    0x86, 0x31, 0xa7, 0x39, 0xc7, 0x39, 0xe8, 0x39, 0x08, 0x3a, 0x08, 0x42,
    0x08, 0x42, 0x28, 0x42, 0x08, 0x42, 0x28, 0x42, 0x49, 0x42, 0x49, 0x4a,
    0x29, 0x42, 0x49, 0x4a, 0x69, 0x4a, 0x4a, 0x4a, 0x6a, 0x4a, 0xaa, 0x52,
    0x8a, 0x52, 0x8a, 0x52, 0x8a, 0x52, 0x8a, 0x52, 0x8a, 0x52, 0x8a, 0x52,
    0xab, 0x52, 0xab, 0x52, 0xaa, 0x52, 0xaa, 0x52, 0xaa, 0x52, 0xaa, 0x52,
    0xab, 0x52, 0xab, 0x52, 0xab, 0x5a, 0x8a, 0x52, 0xab, 0x5a, 0xec, 0x5a,
    0x0c, 0x63, 0x2d, 0x63, 0x2d, 0x63, 0x2d, 0x63, 0x0c, 0x63, 0x0c, 0x5b,
    0xeb, 0x5a, 0xcb, 0x5a, 0xab, 0x5a, 0xab, 0x5a, 0xcb, 0x52, 0xaa, 0x52,
    0xab, 0x52, 0xeb, 0x5a, 0xec, 0x5a, 0x0c, 0x63, 0x0c, 0x63, 0x0c, 0x63,
    0x2d, 0x63, 0x4d, 0x6b, 0x4d, 0x6b, 0x4e, 0x6b, 0x6e, 0x6b, 0x8e, 0x73,
    0x6e, 0x6b, 0x8e, 0x6b, 0x8e, 0x73, 0x6e, 0x6b, 0x8e, 0x73, 0x8e, 0x73,
    0x8f, 0x73, 0x8e, 0x6b, 0x8e, 0x73, 0xaf, 0x73, 0xaf, 0x73, 0xae, 0x73,
    0xae, 0x73, 0x8e, 0x73, 0x6d, 0x6b, 0x6e, 0x73, 0x8e, 0x73, 0x8e, 0x73,
    0x8e, 0x73, 0xaf, 0x73, 0xaf, 0x73, 0xaf, 0x73, 0xcf, 0x7b, 0xcf, 0x73,
    0xaf, 0x73, 0xcf, 0x7b, 0xef, 0x7b, 0x10, 0x7c, 0x10, 0x84, 0x30, 0x84,
    0x31, 0x84, 0x51, 0x8c, 0x72, 0x8c, 0x92, 0x8c, 0x72, 0x94, 0x72, 0x94,
    0x72, 0x8c, 0x71, 0x8c, 0x71, 0x8c, 0x71, 0x8c, 0x51, 0x8c, 0x51, 0x8c,
    0x72, 0x8c, 0x72, 0x8c, 0x51, 0x8c, 0x31, 0x8c, 0x30, 0x84, 0x10, 0x84,
    0xf0, 0x7b, 0xcf, 0x7b, 0xcf, 0x7b, 0xcf, 0x7b, 0xcf, 0x7b, 0xaf, 0x73,
    0xaf, 0x7b, 0xef, 0x7b, 0xf0, 0x7b, 0xef, 0x7b, 0xcf, 0x7b, 0xef, 0x7b,
    0xcf, 0x7b, 0xd0, 0x7b, 0xf0, 0x7b, 0xef, 0x7b, 0xcf, 0x7b, 0xcf, 0x7b,
    0xcf, 0x7b, 0xcf, 0x7b, 0xcf, 0x7b, 0xef, 0x7b, 0xf0, 0x7b, 0xf0, 0x83,
    0x10, 0x84, 0xef, 0x7b, 0xf0, 0x7b, 0x10, 0x7c, 0x0f, 0x84, 0x10, 0x7c,
    0x10, 0x7c, 0x10, 0x84, 0x10, 0x84, 0x10, 0x7c, 0x10, 0x84, 0x10, 0x7c,
    0xf0, 0x7b, 0xf0, 0x7b, 0x10, 0x84, 0x10, 0x84, 0x30, 0x84, 0x31, 0x84,
    0x51, 0x8c, 0x51, 0x8c, 0x72, 0x8c, 0x72, 0x8c, 0x72, 0x8c, 0x92, 0x94,
    0x72, 0x8c, 0x92, 0x94, 0x92, 0x94, 0xb2, 0x94, 0xb3, 0x94, 0xb3, 0x94,
    0xb3, 0x94, 0xb2, 0x94, 0xb3, 0x94, 0x92, 0x94, 0xb2, 0x94, 0x92, 0x94,
    0x92, 0x94, 0x72, 0x8c, 0x72, 0x8c, 0x72, 0x8c, 0x92, 0x94, 0x92, 0x94,
    0xb3, 0x94, 0xb2, 0x94, 0x92, 0x94, 0xb3, 0x94, 0xb2, 0x94, 0xb3, 0x94,
    0xb2, 0x94, 0xb2, 0x94, 0xb2, 0x94, 0xb2, 0x94, 0x92, 0x94, 0x92, 0x8c,
    0x92, 0x94, 0x72, 0x8c, 0x72, 0x8c, 0x72, 0x8c, 0x92, 0x94, 0xb3, 0x94,
    0xb3, 0x94, 0xb3, 0x94, 0x93, 0x94, 0x92, 0x94, 0x92, 0x94, 0x72, 0x8c,
    0x72, 0x8c, 0x52, 0x8c, 0x72, 0x8c, 0x72, 0x8c, 0x51, 0x8c, 0x31, 0x84,
    0x10, 0x84, 0x10, 0x84, 0x10, 0x84, 0x31, 0x84, 0x31, 0x84, 0x31, 0x84,
    0x31, 0x84, 0x51, 0x8c, 0x51, 0x8c, 0x71, 0x8c, 0x72, 0x8c, 0x51, 0x8c,
    0x51, 0x84, 0x31, 0x84, 0x31, 0x84, 0x31, 0x84, 0x30, 0x84, 0x30, 0x84,
    0x10, 0x84, 0xf0, 0x7b, 0xcf, 0x7b, 0xaf, 0x73, 0xaf, 0x73, 0xaf, 0x7b,
    0xae, 0x73, 0xae, 0x7b, 0xaf, 0x73, 0xaf, 0x73, 0x8e, 0x73, 0x8e, 0x73,
    0xae, 0x73, 0x8e, 0x73, 0x8e, 0x73, 0x6e, 0x6b, 0x6e, 0x6b, 0x4d, 0x6b,
    0x6d, 0x6b, 0x6e, 0x6b, 0x4d, 0x6b, 0x4d, 0x6b, 0x4e, 0x6b, 0x4d, 0x6b,
    0x4d, 0x63, 0x4d, 0x6b, 0x4d, 0x63, 0x4d, 0x6b, 0x4d, 0x63, 0x4d, 0x6b,
    0x4e, 0x6b, 0x4e, 0x6b, 0x4d, 0x6b, 0x6e, 0x6b, 0x4d, 0x6b, 0x66, 0x29,
    0xe4, 0x18, 0xe3, 0x18, 0x04, 0x21, 0x04, 0x21, 0x04, 0x21, 0x24, 0x21,
    0x45, 0x29, 0x65, 0x29, 0x66, 0x31, 0x65, 0x29, 0x65, 0x29, 0x66, 0x29,
    0x65, 0x29, 0x45, 0x29, 0x65, 0x29, 0x45, 0x29, 0x45, 0x29, 0x45, 0x29,
    0x45, 0x29, 0x04, 0x21, 0x04, 0x21, 0x24, 0x21, 0x04, 0x21, 0x04, 0x21,
    0x04, 0x21, 0xe4, 0x20, 0xe4, 0x20, 0xe4, 0x18, 0x04, 0x21, 0xe4, 0x20,
    0xe4, 0x18, 0xe3, 0x18, 0xe3, 0x18, 0xe4, 0x20, 0x04, 0x21, 0x04, 0x21,
    0x24, 0x21, 0x24, 0x29, 0x24, 0x21, 0x25, 0x21, 0x45, 0x29, 0x45, 0x29,
    0x25, 0x21, 0x24, 0x21, 0x25, 0x29, 0x25, 0x29, 0x25, 0x29, 0x25, 0x29,
    0x45, 0x29, 0x25, 0x29, 0x24, 0x21, 0x24, 0x21, 0x45, 0x29, 0x45, 0x29,
    0x66, 0x31, 0x65, 0x29, 0x65, 0x29, 0x65, 0x29, 0x66, 0x29, 0x65, 0x31,
    0x66, 0x31, 0x86, 0x31, 0x86, 0x31, 0xa7, 0x31, 0xc7, 0x39, 0xe7, 0x39,
    0x08, 0x3a, 0x07, 0x42, 0x08, 0x3a, 0x08, 0x3a, 0xe8, 0x39, 0x08, 0x42,
    0x28, 0x42, 0x28, 0x42, 0x08, 0x42, 0x28, 0x42, 0x49, 0x4a, 0x49, 0x4a,
    0x49, 0x4a, 0x69, 0x4a, 0x6a, 0x4a, 0x6a, 0x52, 0x6a, 0x4a, 0x6a, 0x4a,
    0x8a, 0x52, 0x8a, 0x52, 0xab, 0x52, 0x8a, 0x52, 0x8a, 0x52, 0x8a, 0x52,
    0xaa, 0x52, 0xaa, 0x52, 0xab, 0x52, 0xab, 0x5a, 0xcb, 0x5a, 0xcb, 0x5a,
    0xcb, 0x5a, 0x0c, 0x5b, 0x0c, 0x63, 0x0c, 0x63, 0x2d, 0x63, 0x2c, 0x63,
    0x0c, 0x63, 0xec, 0x5a, 0xcb, 0x5a, 0xaa, 0x52, 0xaa, 0x52, 0xab, 0x5a,
    0xcb, 0x5a, 0xcb, 0x5a, 0xab, 0x5a, 0xeb, 0x5a, 0x0c, 0x63, 0x2d, 0x63,
    0x2d, 0x63, 0x4d, 0x6b, 0x4d, 0x6b, 0x4d, 0x6b, 0x4d, 0x6b, 0x4d, 0x6b,
    0x6e, 0x6b, 0x6e, 0x6b, 0x6e, 0x6b, 0x6d, 0x6b, 0x6e, 0x6b, 0x6e, 0x6b,
    0x8e, 0x6b, 0x8e, 0x73, 0x6e, 0x6b, 0x8e, 0x6b, 0x8e, 0x73, 0xaf, 0x73,
    0xaf, 0x73, 0xaf, 0x73, 0xae, 0x73, 0x8e, 0x73, 0x8e, 0x73, 0x8e, 0x6b,
    0x8e, 0x73, 0x8f, 0x73, 0xaf, 0x73, 0xaf, 0x73, 0xcf, 0x7b, 0xcf, 0x7b,
    0xcf, 0x7b, 0xcf, 0x7b, 0xcf, 0x7b, 0xcf, 0x7b, 0xef, 0x7b, 0x10, 0x7c,
    0x10, 0x84, 0x31, 0x84, 0x31, 0x84, 0x51, 0x8c, 0x71, 0x8c, 0x72, 0x8c,
    0x72, 0x8c, 0x72, 0x8c, 0x71, 0x8c, 0x51, 0x8c, 0x31, 0x8c, 0x31, 0x84,
    0x31, 0x84, 0x31, 0x8c, 0x51, 0x8c, 0x51, 0x8c, 0x51, 0x8c, 0x31, 0x84,
    0x10, 0x84, 0xf0, 0x7b, 0xf0, 0x7b, 0xef, 0x7b, 0xd0, 0x7b, 0xcf, 0x7b,
    0xcf, 0x73, 0xaf, 0x73, 0xae, 0x73, 0xaf, 0x7b, 0xcf, 0x7b, 0xcf, 0x7b,
    0xef, 0x7b, 0xcf, 0x7b, 0xef, 0x7b, 0xef, 0x7b, 0xf0, 0x7b, 0xf0, 0x7b,
    0xcf, 0x7b, 0xcf, 0x73, 0xcf, 0x7b, 0xcf, 0x7b, 0xcf, 0x7b, 0xf0, 0x7b,
    0xf0, 0x7b, 0xf0, 0x7b, 0xef, 0x7b, 0xef, 0x7b, 0xef, 0x7b, 0xf0, 0x7b,
    0xef, 0x7b, 0xf0, 0x7b, 0x10, 0x84, 0xf0, 0x7b, 0x10, 0x84, 0xf0, 0x7b,
    0x10, 0x84, 0xf0, 0x7b, 0xf0, 0x7b, 0xf0, 0x7b, 0x10, 0x84, 0x10, 0x84,
    0x10, 0x84, 0x30, 0x84, 0x11, 0x84, 0x30, 0x84, 0x31, 0x84, 0x31, 0x84,
    0x51, 0x8c, 0x71, 0x8c, 0x72, 0x8c, 0x72, 0x8c, 0x72, 0x8c, 0x72, 0x8c,
    0x72, 0x8c, 0x72, 0x94, 0x92, 0x94, 0x92, 0x94, 0x92, 0x94, 0x92, 0x94,
    0x92, 0x94, 0x92, 0x94, 0x72, 0x8c, 0x72, 0x8c, 0x72, 0x94, 0x92, 0x94,
    0x92, 0x94, 0xb2, 0x94, 0x93, 0x94, 0xb2, 0x94, 0x92, 0x94, 0x93, 0x94,
    0x92, 0x94, 0x92, 0x94, 0x92, 0x94, 0x92, 0x94, 0x92, 0x94, 0x92, 0x94,
    0x92, 0x94, 0x72, 0x8c, 0x92, 0x94, 0x72, 0x94, 0x72, 0x94, 0x92, 0x94,
    0x92, 0x94, 0xb2, 0x94, 0xb3, 0x94, 0xb2, 0x94, 0x92, 0x94, 0x92, 0x94,
    0x72, 0x8c, 0x72, 0x8c, 0x71, 0x8c, 0x72, 0x8c, 0x72, 0x8c, 0x51, 0x8c,
    0x51, 0x8c, 0x51, 0x8c, 0x31, 0x84, 0x10, 0x84, 0xf0, 0x7b, 0x10, 0x84,
    0x10, 0x84, 0x10, 0x7c, 0xf0, 0x7b, 0x10, 0x84, 0x10, 0x84, 0x31, 0x84,
    0x31, 0x8c, 0x31, 0x84, 0x31, 0x84, 0x10, 0x84, 0x10, 0x84, 0x10, 0x84,
    0x10, 0x84, 0x10, 0x84, 0xf0, 0x7b, 0xf0, 0x7b, 0xcf, 0x7b, 0xaf, 0x73,
    0xaf, 0x73, 0xae, 0x73, 0xae, 0x73, 0xaf, 0x73, 0xaf, 0x7b, 0xaf, 0x73,
    0xae, 0x73, 0xaf, 0x73, 0x8e, 0x73, 0x8f, 0x73, 0x6e, 0x6b, 0x4d, 0x6b,
    0x4d, 0x6b, 0x4d, 0x6b, 0x4d, 0x6b, 0x4d, 0x6b, 0x4d, 0x6b, 0x4d, 0x6b,
    0x4d, 0x6b, 0x4d, 0x63, 0x4d, 0x6b, 0x2d, 0x63, 0x2d, 0x6b, 0x4d, 0x6b,
    0x4d, 0x63, 0x4d, 0x63, 0x4e, 0x6b, 0x4d, 0x6b, 0x6d, 0x6b, 0x4d, 0x6b,
    0x4e, 0x6b, 0x66, 0x29, 0xc3, 0x18, 0xc3, 0x18, 0xe3, 0x18, 0x04, 0x21,
    0x24, 0x21, 0x25, 0x29, 0x45, 0x29, 0x45, 0x29, 0x65, 0x29, 0x45, 0x29,
    0x45, 0x29, 0x45, 0x21, 0x25, 0x21, 0x04, 0x21, 0x24, 0x21, 0x25, 0x29,
    0x04, 0x21, 0x04, 0x21, 0x04, 0x21, 0x04, 0x21, 0x04, 0x21, 0x04, 0x21,
    0x03, 0x21, 0xe3, 0x20, 0xe3, 0x18, 0xe3, 0x20, 0xe4, 0x20, 0xe3, 0x18,
    0xe4, 0x20, 0xe3, 0x20, 0xe3, 0x18, 0xe3, 0x18, 0xe4, 0x20, 0xe4, 0x20,
    0x04, 0x21, 0x04, 0x21, 0x04, 0x21, 0x24, 0x21, 0x04, 0x21, 0x24, 0x29,
    0x25, 0x29, 0x24, 0x21, 0x24, 0x21, 0x25, 0x29, 0x24, 0x29, 0x25, 0x21,
    0x24, 0x21, 0x04, 0x21, 0x24, 0x21, 0x04, 0x21, 0x24, 0x29, 0x25, 0x29,
    0x45, 0x29, 0x65, 0x29, 0x66, 0x31, 0x65, 0x29, 0x45, 0x29, 0x45, 0x29,
    0x45, 0x29, 0x45, 0x29, 0x66, 0x29, 0x65, 0x29, 0x86, 0x31, 0xa6, 0x31,
    0xc7, 0x39, 0xc7, 0x39, 0xe7, 0x39, 0xc7, 0x39, 0xe7, 0x39, 0xe7, 0x39,
    0xc7, 0x39, 0xe7, 0x39, 0xe8, 0x41, 0xe7, 0x41, 0xe8, 0x39, 0x08, 0x42,
    0x28, 0x42, 0x29, 0x42, 0x28, 0x42, 0x29, 0x4a, 0x69, 0x4a, 0x6a, 0x4a,
    0x6a, 0x4a, 0x6a, 0x4a, 0x6a, 0x4a, 0x8a, 0x4a, 0x89, 0x4a, 0x6a, 0x4a,
    0x8a, 0x52, 0x8a, 0x52, 0x8a, 0x52, 0x8a, 0x52, 0xaa, 0x5a, 0xab, 0x52,
    0xcb, 0x52, 0xeb, 0x5a, 0xec, 0x5a, 0x0c, 0x63, 0x0c, 0x63, 0x0d, 0x63,
    0x0c, 0x63, 0x0c, 0x63, 0xec, 0x5a, 0xec, 0x5a, 0xcb, 0x5a, 0xcb, 0x5a,
    0xcb, 0x5a, 0xcb, 0x5a, 0xeb, 0x5a, 0xeb, 0x5a, 0xeb, 0x5a, 0xeb, 0x5a,
    0x0c, 0x63, 0x0d, 0x63, 0x4d, 0x63, 0x4d, 0x6b, 0x4d, 0x6b, 0x4d, 0x63,
    0x4d, 0x63, 0x2d, 0x63, 0x4d, 0x6b, 0x4d, 0x6b, 0x4d, 0x6b, 0x4d, 0x6b,
    0x4d, 0x6b, 0x4d, 0x6b, 0x6e, 0x6b, 0x6e, 0x6b, 0x6e, 0x6b, 0x6e, 0x6b,
    0x6e, 0x73, 0x8e, 0x73, 0x8e, 0x73, 0xae, 0x73, 0xaf, 0x73, 0x8e, 0x73,
    0x8e, 0x73, 0x8e, 0x73, 0x8e, 0x73, 0x8e, 0x73, 0xaf, 0x73, 0xae, 0x73,
    0xcf, 0x7b, 0xcf, 0x7b, 0xcf, 0x7b, 0xcf, 0x7b, 0xcf, 0x7b, 0xcf, 0x7b,
    0xf0, 0x7b, 0x10, 0x84, 0x10, 0x84, 0x31, 0x84, 0x31, 0x84, 0x51, 0x8c,
    0x51, 0x8c, 0x51, 0x8c, 0x51, 0x8c, 0x51, 0x8c, 0x51, 0x8c, 0x10, 0x84,
    0x10, 0x84, 0x10, 0x7c, 0x10, 0x84, 0x10, 0x84, 0x30, 0x84, 0x10, 0x84,
    0x10, 0x84, 0x10, 0x7c, 0xf0, 0x7b, 0xf0, 0x7b, 0xf0, 0x7b, 0xf0, 0x7b,
    0xf0, 0x7b, 0xf0, 0x7b, 0xcf, 0x7b, 0xcf, 0x7b, 0xcf, 0x7b, 0xcf, 0x7b,
    0xf0, 0x7b, 0xf0, 0x7b, 0xf0, 0x7b, 0xd0, 0x7b, 0xef, 0x7b, 0xcf, 0x7b,
    0xcf, 0x7b, 0xcf, 0x7b, 0xcf, 0x73, 0xcf, 0x7b, 0xcf, 0x73, 0xcf, 0x7b,
    0xef, 0x7b, 0xef, 0x7b, 0xcf, 0x7b, 0xef, 0x7b, 0xcf, 0x7b, 0xef, 0x7b,
    0xef, 0x7b, 0xef, 0x83, 0xef, 0x7b, 0xf0, 0x7b, 0xf0, 0x83, 0x10, 0x84,
    0x10, 0x84, 0x10, 0x84, 0x10, 0x84, 0x10, 0x84, 0x10, 0x84, 0x10, 0x84,
    0x31, 0x84, 0x30, 0x84, 0x10, 0x7c, 0x10, 0x7c, 0x10, 0x84, 0x10, 0x84,
    0x10, 0x84, 0x31, 0x84, 0x31, 0x84, 0x31, 0x84, 0x31, 0x8c, 0x51, 0x8c,
    0x51, 0x8c, 0x51, 0x8c, 0x51, 0x8c, 0x51, 0x8c, 0x51, 0x8c, 0x52, 0x8c,
    0x72, 0x8c, 0x72, 0x8c, 0x72, 0x8c, 0x72, 0x94, 0x92, 0x94, 0x92, 0x8c,
    0x92, 0x94, 0x92, 0x94, 0xb2, 0x94, 0xb3, 0x94, 0x93, 0x94, 0x92, 0x94,
    0x92, 0x94, 0x92, 0x8c, 0x72, 0x8c, 0x72, 0x8c, 0x72, 0x8c, 0x72, 0x94,
    0x72, 0x8c, 0x72, 0x8c, 0x92, 0x94, 0x92, 0x94, 0x92, 0x8c, 0x72, 0x8c,
    0x92, 0x94, 0x92, 0x94, 0x92, 0x94, 0x92, 0x94, 0x93, 0x94, 0xb2, 0x94,
    0x92, 0x94, 0x72, 0x8c, 0x72, 0x8c, 0x72, 0x94, 0x72, 0x8c, 0x71, 0x8c,
    0x72, 0x8c, 0x51, 0x8c, 0x51, 0x8c, 0x51, 0x8c, 0x31, 0x84, 0x10, 0x84,
    0x10, 0x7c, 0xf0, 0x83, 0xf0, 0x7b, 0xef, 0x7b, 0xef, 0x7b, 0xcf, 0x7b,
    0xf0, 0x7b, 0x10, 0x7c, 0x10, 0x84, 0x10, 0x84, 0xf0, 0x7b, 0xf0, 0x7b,
    0xf0, 0x83, 0xf0, 0x7b, 0xcf, 0x7b, 0xcf, 0x7b, 0xcf, 0x7b, 0xcf, 0x73,
    0xcf, 0x7b, 0xaf, 0x7b, 0xaf, 0x73, 0xae, 0x73, 0x8f, 0x73, 0xae, 0x73,
    0xae, 0x73, 0xaf, 0x73, 0x8e, 0x73, 0x8f, 0x73, 0xaf, 0x73, 0x8e, 0x73,
    0x8e, 0x6b, 0x6e, 0x6b, 0x4d, 0x6b, 0x4d, 0x6b, 0x2d, 0x63, 0x2c, 0x63,
    0x2d, 0x63, 0x4d, 0x63, 0x4d, 0x6b, 0x4d, 0x6b, 0x4d, 0x63, 0x2d, 0x63,
    0x2d, 0x63, 0x2d, 0x63, 0x2d, 0x63, 0x2d, 0x63, 0x2d, 0x63, 0x4d, 0x63,
    0x4d, 0x63, 0x4d, 0x6b, 0x4d, 0x63, 0x65, 0x29, 0xc3, 0x18, 0xc3, 0x18,
    0x04, 0x19, 0x04, 0x21, 0x24, 0x21, 0x45, 0x21, 0x25, 0x29, 0x45, 0x29,
    0x25, 0x21, 0x04, 0x21, 0x24, 0x21, 0x04, 0x21, 0x04, 0x21, 0xe4, 0x20,
    0xe3, 0x18, 0xe4, 0x20, 0xe3, 0x18, 0xe4, 0x20, 0x04, 0x21, 0x04, 0x21,
    0x04, 0x21, 0xe4, 0x20, 0xe3, 0x20, 0xe3, 0x18, 0xe3, 0x18, 0xe3, 0x18,
    0xe3, 0x18, 0xe3, 0x18, 0xe3, 0x18, 0xe4, 0x20, 0xe4, 0x20, 0xe4, 0x20,
    0x04, 0x21, 0x04, 0x21, 0x04, 0x21, 0x04, 0x21, 0x04, 0x21, 0x04, 0x21,
    0x04, 0x21, 0x04, 0x21, 0x04, 0x21, 0x24, 0x21, 0x24, 0x21, 0x24, 0x21,
    0x25, 0x29, 0x45, 0x29, 0x24, 0x21, 0x04, 0x21, 0x04, 0x21, 0x24, 0x21,
    0x04, 0x21, 0x25, 0x29, 0x45, 0x29, 0x45, 0x29, 0x45, 0x29, 0x45, 0x29,
    0x25, 0x29, 0x25, 0x29, 0x45, 0x29, 0x45, 0x29, 0x65, 0x29, 0x65, 0x29,
    0x86, 0x29, 0xa6, 0x31, 0xa6, 0x31, 0xa7, 0x39, 0xc7, 0x31, 0xa6, 0x31,
    0xa6, 0x39, 0x86, 0x31, 0xa6, 0x31, 0xc7, 0x39, 0xc7, 0x39, 0xc7, 0x39,
    0xc7, 0x39, 0x08, 0x42, 0x28, 0x42, 0x28, 0x42, 0x08, 0x42, 0x28, 0x42,
    0x49, 0x4a, 0x69, 0x4a, 0x49, 0x4a, 0x49, 0x4a, 0x69, 0x4a, 0x8a, 0x4a,
    0x6a, 0x52, 0x8a, 0x4a, 0x8a, 0x52, 0x8a, 0x4a, 0x8a, 0x4a, 0x8a, 0x52,
    0x8a, 0x52, 0xaa, 0x5a, 0xcb, 0x5a, 0xcb, 0x5a, 0xec, 0x5a, 0x0c, 0x63,
    0x0c, 0x63, 0x0c, 0x5b, 0x0c, 0x63, 0xec, 0x5a, 0xcb, 0x5a, 0xec, 0x5a,
    0xeb, 0x5a, 0xeb, 0x5a, 0xeb, 0x5a, 0x0c, 0x63, 0x0c, 0x5b, 0xec, 0x5a,
    0xeb, 0x5a, 0xec, 0x5a, 0x0c, 0x63, 0x0c, 0x63, 0x2c, 0x63, 0x2d, 0x63,
    0x4d, 0x6b, 0x2c, 0x63, 0x0c, 0x63, 0x0c, 0x63, 0x2c, 0x63, 0x2d, 0x63,
    0x4d, 0x6b, 0x4d, 0x6b, 0x4d, 0x6b, 0x4d, 0x6b, 0x4d, 0x6b, 0x4d, 0x6b,
    0x4d, 0x6b, 0x6d, 0x6b, 0x6e, 0x73, 0x8e, 0x6b, 0x6e, 0x73, 0x6e, 0x73,
    0x8e, 0x73, 0x6e, 0x6b, 0x6e, 0x6b, 0x6e, 0x6b, 0x8e, 0x6b, 0x8e, 0x73,
    0xaf, 0x73, 0xaf, 0x73, 0xaf, 0x73, 0xaf, 0x73, 0xcf, 0x7b, 0xcf, 0x73,
    0xcf, 0x7b, 0xd0, 0x7b, 0xf0, 0x7b, 0xf0, 0x7b, 0xf0, 0x7b, 0x10, 0x84,
    0x30, 0x84, 0x31, 0x84, 0x31, 0x84, 0x10, 0x84, 0x30, 0x84, 0x31, 0x84,
    0x10, 0x84, 0x10, 0x7c, 0xf0, 0x7b, 0xcf, 0x7b, 0xcf, 0x7b, 0xf0, 0x7b,
    0xf0, 0x7b, 0xf0, 0x7b, 0xef, 0x7b, 0xef, 0x7b, 0xcf, 0x7b, 0xf0, 0x7b,
    0xf0, 0x83, 0xf0, 0x83, 0x10, 0x84, 0xef, 0x7b, 0xcf, 0x7b, 0xcf, 0x7b,
    0xf0, 0x7b, 0xf0, 0x7b, 0xf0, 0x7b, 0xef, 0x7b, 0xef, 0x7b, 0xef, 0x7b,
    0xcf, 0x7b, 0xcf, 0x7b, 0xcf, 0x73, 0xcf, 0x7b, 0xcf, 0x73, 0xcf, 0x7b,
    0xcf, 0x7b, 0xcf, 0x7b, 0xef, 0x7b, 0xcf, 0x7b, 0xcf, 0x7b, 0xcf, 0x7b,
    0xcf, 0x7b, 0xcf, 0x7b, 0xf0, 0x7b, 0xcf, 0x7b, 0xef, 0x7b, 0xef, 0x7b,
    0x10, 0x84, 0xf0, 0x7b, 0x10, 0x84, 0x31, 0x84, 0x31, 0x84, 0x30, 0x84,
    0x30, 0x84, 0x31, 0x84, 0x31, 0x84, 0x31, 0x84, 0x10, 0x84, 0x10, 0x7c,
    0x10, 0x84, 0xf0, 0x7b, 0xf0, 0x7b, 0x10, 0x84, 0xf0, 0x83, 0x10, 0x84,
    0x10, 0x84, 0x30, 0x84, 0x31, 0x84, 0x31, 0x84, 0x31, 0x84, 0x31, 0x84,
    0x31, 0x84, 0x51, 0x8c, 0x51, 0x8c, 0x51, 0x8c, 0x71, 0x8c, 0x72, 0x8c,
    0x72, 0x8c, 0x92, 0x94, 0x92, 0x94, 0x92, 0x94, 0x92, 0x94, 0xb3, 0x94,
    0xb3, 0x94, 0xb3, 0x94, 0x92, 0x94, 0x92, 0x8c, 0x72, 0x8c, 0x51, 0x8c,
    0x72, 0x8c, 0x72, 0x8c, 0x72, 0x8c, 0x72, 0x8c, 0x92, 0x94, 0x72, 0x8c,
    0x72, 0x8c, 0x72, 0x8c, 0x92, 0x94, 0x92, 0x94, 0x92, 0x94, 0x92, 0x94,
    0x92, 0x94, 0x92, 0x94, 0x92, 0x94, 0x72, 0x8c, 0x72, 0x8c, 0x72, 0x94,
    0x71, 0x8c, 0x51, 0x8c, 0x51, 0x8c, 0x72, 0x8c, 0x51, 0x8c, 0x51, 0x84,
    0x31, 0x84, 0x10, 0x84, 0x10, 0x84, 0xf0, 0x7b, 0xcf, 0x7b, 0xf0, 0x7b,
    0xcf, 0x7b, 0xcf, 0x7b, 0xaf, 0x73, 0xcf, 0x7b, 0xef, 0x7b, 0xef, 0x7b,
    0xcf, 0x7b, 0xcf, 0x7b, 0xef, 0x7b, 0xcf, 0x7b, 0xaf, 0x73, 0xaf, 0x73,
    0xaf, 0x73, 0xae, 0x73, 0xaf, 0x73, 0xae, 0x73, 0xae, 0x73, 0xaf, 0x7b,
    0x8f, 0x73, 0xae, 0x73, 0x8e, 0x73, 0x8e, 0x73, 0x8e, 0x73, 0x8e, 0x73,
    0x8e, 0x73, 0x8e, 0x73, 0x8e, 0x73, 0x6e, 0x6b, 0x6e, 0x6b, 0x4d, 0x6b,
    0x4d, 0x6b, 0x2d, 0x63, 0x2d, 0x63, 0x4d, 0x6b, 0x4d, 0x63, 0x2d, 0x63,
    0x2d, 0x6b, 0x4d, 0x6b, 0x2d, 0x63, 0x0c, 0x63, 0x0c, 0x63, 0x0c, 0x63,
    0x2d, 0x63, 0x2d, 0x63, 0x4d, 0x6b, 0x2d, 0x6b, 0x2d, 0x63, 0x45, 0x29,
    0xc3, 0x18, 0xe3, 0x18, 0xe4, 0x18, 0xe4, 0x20, 0x04, 0x21, 0x24, 0x21,
    0x04, 0x21, 0x24, 0x21, 0x04, 0x21, 0xe3, 0x18, 0xe4, 0x18, 0xe3, 0x18,
    0xe4, 0x20, 0xe3, 0x18, 0xc3, 0x18, 0xc3, 0x18, 0xc3, 0x18, 0xe3, 0x18,
    0xe4, 0x20, 0xe3, 0x18, 0xe3, 0x18, 0xe4, 0x20, 0xe3, 0x18, 0xe4, 0x20,
    0xe4, 0x20, 0xe3, 0x18, 0xe3, 0x18, 0xe3, 0x18, 0xe3, 0x18, 0xe4, 0x20,
    0x04, 0x21, 0xe4, 0x18, 0x04, 0x21, 0x04, 0x21, 0x04, 0x21, 0xe4, 0x20,
    0xe4, 0x18, 0xe4, 0x20, 0x04, 0x21, 0xe4, 0x20, 0x04, 0x21, 0x04, 0x21,
    0x04, 0x21, 0x04, 0x21, 0x24, 0x21, 0x25, 0x29, 0x25, 0x29, 0x24, 0x21,
    0x25, 0x29, 0x24, 0x21, 0x04, 0x21, 0x04, 0x21, 0x24, 0x21, 0x25, 0x29,
    0x25, 0x29, 0x45, 0x29, 0x45, 0x29, 0x45, 0x29, 0x45, 0x29, 0x45, 0x29,
    0x45, 0x29, 0x66, 0x31, 0x66, 0x31, 0x86, 0x31, 0x86, 0x31, 0x86, 0x31,
    0x66, 0x31, 0x86, 0x31, 0x86, 0x31, 0x86, 0x31, 0x86, 0x31, 0xa6, 0x31,
    0xa7, 0x39, 0xc7, 0x39, 0xc7, 0x39, 0x08, 0x3a, 0x08, 0x42, 0x08, 0x42,
    0x08, 0x42, 0x28, 0x42, 0x49, 0x4a, 0x69, 0x4a, 0x49, 0x4a, 0x49, 0x4a,
    0x69, 0x4a, 0x8a, 0x52, 0x8a, 0x52, 0x8a, 0x52, 0x69, 0x4a, 0x69, 0x4a,
    0x6a, 0x52, 0x8a, 0x4a, 0x8a, 0x52, 0x8a, 0x52, 0xab, 0x52, 0xcb, 0x5a,
    0xcb, 0x5a, 0xec, 0x5a, 0xec, 0x5a, 0xec, 0x5a, 0xcb, 0x5a, 0xcb, 0x5a,
    0xec, 0x5a, 0x0c, 0x63, 0x0c, 0x63, 0xec, 0x5a, 0xec, 0x5a, 0x0b, 0x63,
    0x0c, 0x63, 0xec, 0x62, 0x0c, 0x63, 0x0c, 0x63, 0x0c, 0x63, 0x0c, 0x5b,
    0x0c, 0x63, 0x0c, 0x63, 0x0c, 0x63, 0x0c, 0x63, 0xec, 0x5a, 0x0c, 0x63,
    0x0c, 0x63, 0x2c, 0x63, 0x2c, 0x63, 0x2c, 0x63, 0x2c, 0x63, 0x2d, 0x63,
    0x4d, 0x6b, 0x4d, 0x6b, 0x4e, 0x6b, 0x6e, 0x6b, 0x6d, 0x6b, 0x4d, 0x6b,
    0x4d, 0x6b, 0x4d, 0x63, 0x2d, 0x63, 0x2d, 0x63, 0x4d, 0x6b, 0x4d, 0x6b,
    0x6e, 0x6b, 0x8e, 0x73, 0x8e, 0x73, 0x8e, 0x73, 0x8e, 0x73, 0xaf, 0x73,
    0xaf, 0x73, 0xcf, 0x73, 0xaf, 0x73, 0xcf, 0x7b, 0xcf, 0x7b, 0xcf, 0x7b,
    0xf0, 0x7b, 0xcf, 0x7b, 0xcf, 0x7b, 0xf0, 0x7b, 0xef, 0x7b, 0xef, 0x7b,
    0xf0, 0x7b, 0x10, 0x7c, 0xf0, 0x7b, 0xf0, 0x7b, 0xf0, 0x7b, 0xef, 0x7b,
    0xef, 0x7b, 0xef, 0x7b, 0xef, 0x7b, 0xef, 0x7b, 0xcf, 0x7b, 0xcf, 0x7b,
    0xcf, 0x7b, 0xef, 0x7b, 0xf0, 0x7b, 0xef, 0x7b, 0xef, 0x7b, 0xcf, 0x7b,
    0xcf, 0x73, 0xcf, 0x7b, 0xf0, 0x7b, 0xf0, 0x83, 0xef, 0x7b, 0xef, 0x7b,
    0xef, 0x7b, 0xcf, 0x7b, 0xcf, 0x7b, 0xcf, 0x7b, 0xcf, 0x7b, 0xcf, 0x7b,
    0xcf, 0x7b, 0xef, 0x7b, 0xef, 0x7b, 0xcf, 0x7b, 0xef, 0x7b, 0xcf, 0x73,
    0xaf, 0x7b, 0xcf, 0x73, 0xcf, 0x7b, 0xef, 0x7b, 0xf0, 0x7b, 0xf0, 0x83,
    0xef, 0x7b, 0xef, 0x7b, 0xf0, 0x7b, 0xf0, 0x7b, 0x10, 0x84, 0x10, 0x84,
    0x10, 0x84, 0x10, 0x7c, 0x10, 0x84, 0x10, 0x84, 0x11, 0x84, 0x10, 0x84,
    0x10, 0x84, 0x10, 0x84, 0x10, 0x84, 0x10, 0x7c, 0xf0, 0x7b, 0x10, 0x84,
    0x10, 0x7c, 0xf0, 0x7b, 0x10, 0x84, 0x30, 0x84, 0x31, 0x84, 0x31, 0x84,
    0x31, 0x84, 0x30, 0x84, 0x31, 0x84, 0x51, 0x8c, 0x31, 0x84, 0x51, 0x8c,
    0x51, 0x8c, 0x51, 0x8c, 0x72, 0x8c, 0x92, 0x94, 0x92, 0x94, 0x92, 0x94,
    0xb3, 0x94, 0xb3, 0x94, 0xb2, 0x94, 0x92, 0x94, 0x92, 0x94, 0x92, 0x94,
    0x72, 0x8c, 0x51, 0x8c, 0x51, 0x8c, 0x71, 0x8c, 0x71, 0x8c, 0x51, 0x8c,
    0x72, 0x8c, 0x71, 0x8c, 0x72, 0x8c, 0x71, 0x8c, 0x72, 0x8c, 0x72, 0x8c,
    0x72, 0x8c, 0x72, 0x8c, 0x72, 0x8c, 0x92, 0x8c, 0x72, 0x94, 0x72, 0x8c,
    0x51, 0x8c, 0x71, 0x8c, 0x71, 0x8c, 0x51, 0x8c, 0x51, 0x8c, 0x72, 0x8c,
    0x51, 0x8c, 0x51, 0x8c, 0x51, 0x84, 0x31, 0x84, 0x10, 0x84, 0x10, 0x84,
    0xf0, 0x7b, 0xf0, 0x7b, 0xf0, 0x7b, 0xaf, 0x7b, 0xaf, 0x73, 0xaf, 0x73,
    0xcf, 0x7b, 0xaf, 0x73, 0xaf, 0x73, 0xaf, 0x73, 0xcf, 0x7b, 0xcf, 0x7b,
    0xaf, 0x73, 0xaf, 0x73, 0xaf, 0x73, 0xae, 0x73, 0xaf, 0x73, 0x8e, 0x73,
    0x8e, 0x73, 0x8e, 0x73, 0x8e, 0x73, 0x8f, 0x73, 0x8e, 0x73, 0x8e, 0x73,
    0x6e, 0x6b, 0x6e, 0x6b, 0x4d, 0x6b, 0x6e, 0x6b, 0x6e, 0x6b, 0x6e, 0x73,
    0x8e, 0x6b, 0x6e, 0x6b, 0x6d, 0x6b, 0x4d, 0x6b, 0x4d, 0x6b, 0x4d, 0x6b,
    0x4d, 0x63, 0x2d, 0x63, 0x2d, 0x63, 0x4d, 0x6b, 0x4d, 0x6b, 0x2d, 0x63,
    0x0c, 0x63, 0x0c, 0x63, 0x0c, 0x63, 0x2d, 0x63, 0x2d, 0x63, 0x2d, 0x63,
    0x0c, 0x63, 0x45, 0x29, 0xc3, 0x18, 0xc3, 0x18, 0xe3, 0x18, 0xe3, 0x18,
    0xe3, 0x20, 0xe4, 0x20, 0xe4, 0x20, 0xe3, 0x20, 0xe3, 0x18, 0xc3, 0x18,
    0xc3, 0x18, 0xc3, 0x18, 0xc3, 0x18, 0xc3, 0x18, 0xc3, 0x18, 0xc3, 0x18,
    0xe3, 0x18, 0xe4, 0x20, 0xe3, 0x18, 0xc3, 0x18, 0xc3, 0x18, 0xe3, 0x18,
    0xe3, 0x18, 0xe4, 0x18, 0xc3, 0x18, 0xc3, 0x18, 0xc3, 0x18, 0xc3, 0x18,
    0xc3, 0x18, 0xe3, 0x20, 0x04, 0x21, 0xe3, 0x20, 0x04, 0x21, 0xe3, 0x18,
    0xe3, 0x18, 0xe3, 0x18, 0xe3, 0x18, 0xe3, 0x20, 0xe4, 0x20, 0xe4, 0x20,
    0x04, 0x21, 0xe4, 0x20, 0xe4, 0x20, 0x04, 0x21, 0x04, 0x21, 0x25, 0x29,
    0x25, 0x29, 0x24, 0x21, 0x25, 0x29, 0x25, 0x29, 0x04, 0x21, 0x04, 0x21,
    0x24, 0x21, 0x24, 0x21, 0x25, 0x29, 0x25, 0x21, 0x45, 0x29, 0x45, 0x29,
    0x65, 0x29, 0x65, 0x29, 0x66, 0x31, 0x66, 0x31, 0x86, 0x31, 0x86, 0x31,
    0x86, 0x31, 0x86, 0x31, 0x66, 0x31, 0x86, 0x31, 0xa6, 0x31, 0xa6, 0x31,
    0xa7, 0x31, 0xa7, 0x39, 0xc7, 0x39, 0xc7, 0x39, 0xe7, 0x39, 0xe7, 0x39,
    0x08, 0x3a, 0x08, 0x42, 0x08, 0x42, 0x29, 0x42, 0x49, 0x42, 0x49, 0x4a,
    0x49, 0x4a, 0x49, 0x42, 0x49, 0x4a, 0x69, 0x4a, 0x8a, 0x52, 0x8a, 0x52,
    0x69, 0x4a, 0x8a, 0x4a, 0x8a, 0x52, 0x8a, 0x52, 0x8a, 0x52, 0x8a, 0x52,
    0xaa, 0x52, 0xab, 0x52, 0xcb, 0x52, 0xcb, 0x5a, 0xcb, 0x5a, 0xcb, 0x5a,
    0xcb, 0x5a, 0xec, 0x5a, 0xec, 0x5a, 0x0c, 0x63, 0x0b, 0x63, 0xeb, 0x5a,
    0xec, 0x62, 0xeb, 0x5a, 0xec, 0x5a, 0x0c, 0x63, 0x0c, 0x63, 0x0c, 0x63,
    0x0b, 0x5b, 0xeb, 0x5a, 0xec, 0x5a, 0x0c, 0x5b, 0xec, 0x5a, 0xeb, 0x5a,
    0xeb, 0x5a, 0xec, 0x5a, 0x0c, 0x63, 0x2c, 0x63, 0x0c, 0x63, 0xec, 0x5a,
    0xec, 0x62, 0x0c, 0x63, 0x2d, 0x63, 0x4d, 0x63, 0x4d, 0x6b, 0x4d, 0x6b,
    0x4d, 0x6b, 0x2d, 0x63, 0x2d, 0x63, 0x0c, 0x63, 0xec, 0x5a, 0x0c, 0x63,
    0x2d, 0x63, 0x4d, 0x6b, 0x4d, 0x6b, 0x6e, 0x6b, 0x6e, 0x6b, 0x4d, 0x6b,
    0x6e, 0x6b, 0x6e, 0x6b, 0x8e, 0x73, 0xae, 0x73, 0x8e, 0x73, 0x8e, 0x73,
    0xaf, 0x73, 0xae, 0x73, 0xaf, 0x73, 0xaf, 0x7b, 0xaf, 0x73, 0xaf, 0x73,
    0xce, 0x7b, 0xcf, 0x7b, 0xcf, 0x7b, 0xef, 0x7b, 0xf0, 0x83, 0xf0, 0x7b,
    0xf0, 0x83, 0xef, 0x7b, 0xcf, 0x7b, 0xcf, 0x7b, 0xef, 0x7b, 0xcf, 0x7b,
    0xcf, 0x7b, 0xef, 0x7b, 0xcf, 0x7b, 0xcf, 0x7b, 0xcf, 0x7b, 0xcf, 0x7b,
    0xaf, 0x73, 0xaf, 0x73, 0xae, 0x73, 0xcf, 0x7b, 0xef, 0x7b, 0xf0, 0x7b,
    0xcf, 0x7b, 0xcf, 0x7b, 0xcf, 0x7b, 0xcf, 0x7b, 0xcf, 0x7b, 0xcf, 0x7b,
    0xf0, 0x7b, 0xf0, 0x7b, 0xf0, 0x7b, 0xef, 0x7b, 0xf0, 0x7b, 0xef, 0x7b,
    0xcf, 0x7b, 0xcf, 0x7b, 0xcf, 0x7b, 0xcf, 0x7b, 0xef, 0x7b, 0xf0, 0x7b,
    0x10, 0x84, 0xf0, 0x7b, 0xef, 0x7b, 0xef, 0x7b, 0xef, 0x7b, 0xf0, 0x7b,
    0xf0, 0x7b, 0x10, 0x84, 0xf0, 0x7b, 0xf0, 0x7b, 0xf0, 0x7b, 0xf0, 0x7b,
    0x10, 0x84, 0x10, 0x7c, 0x10, 0x84, 0xf0, 0x83, 0x10, 0x84, 0x10, 0x7c,
    0xf0, 0x83, 0x10, 0x84, 0x10, 0x84, 0xf0, 0x7b, 0x10, 0x84, 0x10, 0x84,
    0x10, 0x84, 0x30, 0x84, 0x30, 0x84, 0x30, 0x8c, 0x30, 0x84, 0x31, 0x84,
    0x51, 0x8c, 0x31, 0x84, 0x51, 0x8c, 0x51, 0x8c, 0x71, 0x8c, 0x72, 0x8c,
    0x92, 0x8c, 0x92, 0x94, 0x92, 0x94, 0x92, 0x94, 0x92, 0x94, 0x92, 0x94,
    0xb3, 0x94, 0x92, 0x94, 0x92, 0x94, 0x72, 0x8c, 0x72, 0x8c, 0x51, 0x8c,
    0x51, 0x8c, 0x51, 0x8c, 0x51, 0x8c, 0x51, 0x8c, 0x51, 0x8c, 0x51, 0x8c,
    0x51, 0x8c, 0x51, 0x8c, 0x71, 0x8c, 0x72, 0x8c, 0x71, 0x8c, 0x72, 0x8c,
    0x72, 0x8c, 0x71, 0x8c, 0x52, 0x8c, 0x51, 0x8c, 0x51, 0x8c, 0x52, 0x8c,
    0x52, 0x8c, 0x71, 0x8c, 0x52, 0x8c, 0x51, 0x8c, 0x31, 0x8c, 0x31, 0x84,
    0x31, 0x84, 0x31, 0x84, 0x10, 0x84, 0xf0, 0x7b, 0xef, 0x7b, 0xcf, 0x7b,
    0xcf, 0x7b, 0xcf, 0x7b, 0xcf, 0x7b, 0xaf, 0x7b, 0xaf, 0x73, 0xaf, 0x73,
    0xaf, 0x7b, 0xcf, 0x7b, 0xaf, 0x73, 0xae, 0x73, 0xaf, 0x7b, 0xaf, 0x7b,
    0xaf, 0x7b, 0xaf, 0x73, 0xaf, 0x73, 0x8e, 0x73, 0xaf, 0x73, 0x8e, 0x73,
    0x8e, 0x73, 0x8e, 0x6b, 0x6e, 0x6b, 0x4d, 0x6b, 0x4d, 0x6b, 0x4d, 0x6b,
    0x6d, 0x6b, 0x6e, 0x6b, 0x6e, 0x6b, 0x6e, 0x6b, 0x6d, 0x6b, 0x6e, 0x6b,
    0x4d, 0x6b, 0x4d, 0x6b, 0x2d, 0x63, 0x2d, 0x6b, 0x2d, 0x63, 0x2c, 0x63,
    0x2d, 0x6b, 0x2d, 0x63, 0x2d, 0x63, 0x0c, 0x63, 0x0c, 0x63, 0x0c, 0x63,
    0x0c, 0x63, 0x2d, 0x63, 0x0c, 0x63, 0x45, 0x29, 0x82, 0x10, 0xc3, 0x18,
    0xe3, 0x18, 0xc3, 0x18, 0xc3, 0x18, 0xc3, 0x18, 0xc3, 0x18, 0xc3, 0x18,
    0xc3, 0x18, 0xa2, 0x18, 0xa3, 0x18, 0xa3, 0x18, 0xc3, 0x18, 0xa3, 0x18,
    0xc3, 0x18, 0xe3, 0x18, 0xe4, 0x20, 0xe4, 0x20, 0xe3, 0x18, 0xe3, 0x18,
    0xe4, 0x20, 0xe3, 0x20, 0xc3, 0x18, 0xc3, 0x18, 0xc2, 0x18, 0xc3, 0x18,
    0xc3, 0x18, 0xc3, 0x18, 0xc3, 0x18, 0xe3, 0x18, 0xe3, 0x18, 0xe4, 0x18,
    0xe3, 0x18, 0xe4, 0x20, 0xe3, 0x20, 0xe4, 0x18, 0xe4, 0x20, 0xe3, 0x18,
    0x04, 0x21, 0xe4, 0x18, 0xe3, 0x18, 0x04, 0x21, 0x04, 0x21, 0x24, 0x21,
    0x25, 0x29, 0x45, 0x29, 0x45, 0x29, 0x25, 0x29, 0x45, 0x29, 0x45, 0x29,
    0x24, 0x21, 0x25, 0x29, 0x25, 0x29, 0x24, 0x29, 0x24, 0x21, 0x25, 0x29,
    0x45, 0x29, 0x65, 0x29, 0x66, 0x31, 0x86, 0x31, 0x85, 0x31, 0x86, 0x31,
    0x86, 0x31, 0x86, 0x31, 0x86, 0x31, 0xa6, 0x31, 0xa6, 0x31, 0xa7, 0x39,
    0xc7, 0x39, 0xc7, 0x39, 0xc7, 0x39, 0xc7, 0x39, 0xe7, 0x39, 0xe8, 0x39,
    0xe7, 0x39, 0xe7, 0x41, 0xe8, 0x41, 0x08, 0x42, 0x28, 0x42, 0x29, 0x42,
    0x29, 0x42, 0x29, 0x42, 0x28, 0x42, 0x28, 0x42, 0x29, 0x42, 0x69, 0x4a,
    0x69, 0x4a, 0x8a, 0x52, 0x8a, 0x52, 0x8a, 0x52, 0x8a, 0x52, 0x8a, 0x52,
    0x8a, 0x52, 0x8a, 0x52, 0x8a, 0x52, 0xaa, 0x52, 0xab, 0x52, 0xab, 0x52,
    0xcb, 0x5a, 0xab, 0x52, 0xab, 0x52, 0xcb, 0x5a, 0xeb, 0x5a, 0xeb, 0x5a,
    0xeb, 0x5a, 0xec, 0x5a, 0xeb, 0x5a, 0xec, 0x62, 0xeb, 0x5a, 0xeb, 0x5a,
    0x0c, 0x63, 0xec, 0x5a, 0xeb, 0x5a, 0xeb, 0x5a, 0xec, 0x62, 0x0c, 0x63,
    0x0b, 0x63, 0xec, 0x5a, 0xeb, 0x5a, 0xeb, 0x5a, 0x0c, 0x63, 0xec, 0x5a,
    0xeb, 0x5a, 0xeb, 0x5a, 0xeb, 0x5a, 0x0c, 0x63, 0x0c, 0x63, 0x0c, 0x63,
    0x2c, 0x63, 0x2c, 0x63, 0x0d, 0x63, 0x0c, 0x5b, 0x0c, 0x63, 0xec, 0x62,
    0x0c, 0x63, 0x0c, 0x63, 0x2d, 0x63, 0x4d, 0x6b, 0x4d, 0x6b, 0x4d, 0x6b,
    0x4d, 0x6b, 0x4d, 0x6b, 0x4d, 0x6b, 0x4d, 0x6b, 0x6d, 0x6b, 0x6e, 0x6b,
    0x6e, 0x6b, 0x6e, 0x73, 0x6e, 0x6b, 0x6e, 0x6b, 0x8e, 0x73, 0x6e, 0x73,
    0x8e, 0x73, 0xae, 0x73, 0xae, 0x73, 0xaf, 0x7b, 0xcf, 0x7b, 0xcf, 0x7b,
    0xef, 0x7b, 0xef, 0x7b, 0xcf, 0x7b, 0xef, 0x7b, 0xef, 0x7b, 0xcf, 0x7b,
    0xef, 0x7b, 0xcf, 0x7b, 0xef, 0x7b, 0xef, 0x7b, 0xd0, 0x7b, 0xcf, 0x7b,
    0xcf, 0x7b, 0xcf, 0x7b, 0xcf, 0x7b, 0xaf, 0x73, 0xaf, 0x7b, 0xcf, 0x7b,
    0xcf, 0x7b, 0xcf, 0x7b, 0xcf, 0x7b, 0xcf, 0x7b, 0xcf, 0x7b, 0xcf, 0x73,
    0xcf, 0x73, 0xcf, 0x7b, 0xef, 0x7b, 0x10, 0x7c, 0x10, 0x7c, 0x10, 0x84,
    0x10, 0x84, 0xf0, 0x7b, 0x10, 0x7c, 0xf0, 0x7b, 0xef, 0x7b, 0xf0, 0x7b,
    0xf0, 0x7b, 0x10, 0x84, 0x10, 0x84, 0x10, 0x84, 0xf0, 0x7b, 0xf0, 0x83,
    0xef, 0x7b, 0xf0, 0x7b, 0xf0, 0x83, 0x10, 0x7c, 0xf0, 0x7b, 0xf0, 0x7b,
    0xef, 0x7b, 0xef, 0x83, 0xf0, 0x7b, 0x10, 0x7c, 0x10, 0x84, 0x10, 0x84,
    0x10, 0x84, 0x10, 0x84, 0x10, 0x84, 0x10, 0x84, 0x10, 0x7c, 0x10, 0x7c,
    0x10, 0x84, 0x10, 0x84, 0x10, 0x84, 0x10, 0x84, 0x30, 0x84, 0x30, 0x84,
    0x31, 0x84, 0x30, 0x84, 0x30, 0x84, 0x30, 0x84, 0x31, 0x84, 0x51, 0x8c,
    0x71, 0x8c, 0x72, 0x8c, 0x72, 0x8c, 0x92, 0x94, 0x92, 0x94, 0x92, 0x8c,
    0x93, 0x94, 0x92, 0x94, 0x92, 0x94, 0x92, 0x94, 0x92, 0x94, 0x72, 0x8c,
    0x72, 0x8c, 0x72, 0x8c, 0x72, 0x8c, 0x51, 0x8c, 0x51, 0x8c, 0x51, 0x8c,
    0x51, 0x8c, 0x51, 0x8c, 0x31, 0x84, 0x31, 0x84, 0x51, 0x8c, 0x51, 0x8c,
    0x51, 0x8c, 0x51, 0x8c, 0x51, 0x8c, 0x72, 0x8c, 0x72, 0x8c, 0x72, 0x8c,
    0x72, 0x8c, 0x51, 0x8c, 0x72, 0x8c, 0x51, 0x8c, 0x71, 0x8c, 0x51, 0x8c,
    0x51, 0x8c, 0x31, 0x84, 0x31, 0x84, 0x31, 0x8c, 0x30, 0x84, 0x10, 0x84,
    0xf0, 0x7b, 0xef, 0x7b, 0xcf, 0x7b, 0xd0, 0x7b, 0xcf, 0x73, 0xcf, 0x7b,
    0xcf, 0x7b, 0xaf, 0x73, 0xcf, 0x73, 0xaf, 0x73, 0xaf, 0x7b, 0xae, 0x73,
    0xae, 0x73, 0xaf, 0x73, 0xcf, 0x7b, 0xaf, 0x73, 0x8e, 0x73, 0xaf, 0x73,
    0xaf, 0x73, 0xaf, 0x73, 0x8e, 0x73, 0x8e, 0x73, 0x6e, 0x6b, 0x6e, 0x6b,
    0x4d, 0x6b, 0x4e, 0x6b, 0x4d, 0x6b, 0x4d, 0x6b, 0x6d, 0x6b, 0x6d, 0x6b,
    0x4e, 0x6b, 0x4d, 0x6b, 0x4d, 0x6b, 0x4d, 0x6b, 0x4d, 0x6b, 0x4d, 0x6b,
    0x4d, 0x6b, 0x2d, 0x63, 0x2d, 0x63, 0x2d, 0x63, 0x2c, 0x63, 0x2d, 0x63,
    0x2d, 0x63, 0x0c, 0x63, 0x0c, 0x63, 0x0c, 0x63, 0x0c, 0x63, 0x45, 0x29
};
