// 4.26.0 0x976cbb24 D2 AY R0 FARGB8888 U565 N0 SExtFlashSection
// Generated by imageconverter. Please, do not edit!

#include <touchgfx/hal/Config.hpp>

LOCATION_PRAGMA("ExtFlashSection")
KEEP extern const unsigned char image_alarm[] LOCATION_ATTRIBUTE("ExtFlashSection") = { // 100x100 ARGB8888 pixels.
    0x00, 0x00, 0x00, 0x00, 0x00, 0x00, 0x00, 0x00, 0x00, 0x00, 0x00, 0x00,
    0x00, 0x00, 0x00, 0x00, 0x00, 0x00, 0x00, 0x00, 0x00, 0x00, 0x00, 0x00,
    0x00, 0x00, 0x00, 0x00, 0x00, 0x00, 0x00, 0x00, 0x00, 0x00, 0x00, 0x00,
    0x00, 0x00, 0x00, 0x00, 0x00, 0x00, 0x00, 0x00, 0x00, 0x00, 0x00, 0x00,
    0x00, 0x00, 0x00, 0x00, 0x00, 0x00, 0x00, 0x00, 0x00, 0x00, 0x00, 0x00,
    0x00, 0x00, 0x00, 0x00, 0x00, 0x00, 0x00, 0x00, 0x00, 0x00, 0x00, 0x00,
    0x00, 0x00, 0x00, 0x00, 0x00, 0x00, 0x00, 0x00, 0x00, 0x00, 0x00, 0x00,
    0x00, 0x00, 0x00, 0x00, 0x00, 0x00, 0x00, 0x00, 0x00, 0x00, 0x00, 0x00,
    0x00, 0x00, 0x00, 0x00, 0x00, 0x00, 0x00, 0x00, 0x00, 0x00, 0x00, 0x00,
    0x00, 0x00, 0x00, 0x00, 0x00, 0x00, 0x00, 0x00, 0x00, 0x00, 0x00, 0x00,
    0x00, 0x00, 0x00, 0x00, 0x00, 0x00, 0x00, 0x00, 0x00, 0x00, 0x00, 0x00,
    0x00, 0x00, 0x00, 0x00, 0x00, 0x00, 0x00, 0x00, 0x00, 0x00, 0x00, 0x00,
    0x00, 0x00, 0x00, 0x00, 0x00, 0x00, 0x00, 0x00, 0x00, 0x00, 0x00, 0x00,
    0x00, 0x00, 0x00, 0x00, 0x00, 0x00, 0x00, 0x00, 0x00, 0x00, 0x00, 0x00,
    0x00, 0x00, 0x00, 0x00, 0x00, 0x00, 0x00, 0x00, 0x00, 0x00, 0x00, 0x00,
    0x00, 0x00, 0x00, 0x00, 0x28, 0xe8, 0xf0, 0x61, 0x28, 0xe8, 0xf8, 0x9e,
    0x28, 0xec, 0xf0, 0x9e, 0x28, 0xe8, 0xf0, 0xdf, 0x28, 0xe8, 0xf8, 0xdf,
    0x28, 0xec, 0xf0, 0xbe, 0x28, 0xe8, 0xf0, 0x7d, 0x30, 0xec, 0xf0, 0x41,
    0x00, 0x00, 0x00, 0x00, 0x00, 0x00, 0x00, 0x00, 0x00, 0x00, 0x00, 0x00,
    0x00, 0x00, 0x00, 0x00, 0x00, 0x00, 0x00, 0x00, 0x00, 0x00, 0x00, 0x00,
    0x00, 0x00, 0x00, 0x00, 0x00, 0x00, 0x00, 0x00, 0x00, 0x00, 0x00, 0x00,
    0x00, 0x00, 0x00, 0x00, 0x00, 0x00, 0x00, 0x00, 0x00, 0x00, 0x00, 0x00,
    0x00, 0x00, 0x00, 0x00, 0x00, 0x00, 0x00, 0x00, 0x00, 0x00, 0x00, 0x00,
    0x00, 0x00, 0x00, 0x00, 0x00, 0x00, 0x00, 0x00, 0x00, 0x00, 0x00, 0x00,
    0x00, 0x00, 0x00, 0x00, 0x00, 0x00, 0x00, 0x00, 0x00, 0x00, 0x00, 0x00,
    0x00, 0x00, 0x00, 0x00, 0x00, 0x00, 0x00, 0x00, 0x00, 0x00, 0x00, 0x00,
    0x00, 0x00, 0x00, 0x00, 0x00, 0x00, 0x00, 0x00, 0x00, 0x00, 0x00, 0x00,
    0x00, 0x00, 0x00, 0x00, 0x00, 0x00, 0x00, 0x00, 0x00, 0x00, 0x00, 0x00,
    0x00, 0x00, 0x00, 0x00, 0x00, 0x00, 0x00, 0x00, 0x00, 0x00, 0x00, 0x00,
    0x00, 0x00, 0x00, 0x00, 0x00, 0x00, 0x00, 0x00, 0x00, 0x00, 0x00, 0x00,
    0x00, 0x00, 0x00, 0x00, 0x00, 0x00, 0x00, 0x00, 0x00, 0x00, 0x00, 0x00,
    0x00, 0x00, 0x00, 0x00, 0x00, 0x00, 0x00, 0x00, 0x00, 0x00, 0x00, 0x00,
    0x00, 0x00, 0x00, 0x00, 0x00, 0x00, 0x00, 0x00, 0x00, 0x00, 0x00, 0x00,
    0x00, 0x00, 0x00, 0x00, 0x00, 0x00, 0x00, 0x00, 0x00, 0x00, 0x00, 0x00,
    0x00, 0x00, 0x00, 0x00, 0x00, 0x00, 0x00, 0x00, 0x00, 0x00, 0x00, 0x00,
    0x00, 0x00, 0x00, 0x00, 0x00, 0x00, 0x00, 0x00, 0x00, 0x00, 0x00, 0x00,
    0x00, 0x00, 0x00, 0x00, 0x00, 0x00, 0x00, 0x00, 0x00, 0x00, 0x00, 0x00,
    0x00, 0x00, 0x00, 0x00, 0x00, 0x00, 0x00, 0x00, 0x00, 0x00, 0x00, 0x00,
    0x00, 0x00, 0x00, 0x00, 0x00, 0x00, 0x00, 0x00, 0x00, 0x00, 0x00, 0x00,
    0x00, 0x00, 0x00, 0x00, 0x00, 0x00, 0x00, 0x00, 0x00, 0x00, 0x00, 0x00,
    0x00, 0x00, 0x00, 0x00, 0x00, 0x00, 0x00, 0x00, 0x00, 0x00, 0x00, 0x00,
    0x00, 0x00, 0x00, 0x00, 0x00, 0x00, 0x00, 0x00, 0x00, 0x00, 0x00, 0x00,
    0x00, 0x00, 0x00, 0x00, 0x00, 0x00, 0x00, 0x00, 0x00, 0x00, 0x00, 0x00,
    0x00, 0x00, 0x00, 0x00, 0x00, 0x00, 0x00, 0x00, 0x00, 0x00, 0x00, 0x00,
    0x00, 0x00, 0x00, 0x00, 0x00, 0x00, 0x00, 0x00, 0x00, 0x00, 0x00, 0x00,
    0x00, 0x00, 0x00, 0x00, 0x00, 0x00, 0x00, 0x00, 0x00, 0x00, 0x00, 0x00,
    0x00, 0x00, 0x00, 0x00, 0x00, 0x00, 0x00, 0x00, 0x00, 0x00, 0x00, 0x00,
    0x00, 0x00, 0x00, 0x00, 0x00, 0x00, 0x00, 0x00, 0x00, 0x00, 0x00, 0x00,
    0x28, 0xec, 0xf0, 0x41, 0x28, 0xe8, 0xf8, 0xbe, 0x28, 0xec, 0xf0, 0xff,
    0x28, 0xec, 0xf8, 0xff, 0x28, 0xe8, 0xf8, 0xff, 0x28, 0xec, 0xf0, 0xff,
    0x28, 0xe8, 0xf8, 0xff, 0x28, 0xe8, 0xf8, 0xff, 0x28, 0xec, 0xf0, 0xff,
    0x28, 0xe8, 0xf8, 0xff, 0x28, 0xe8, 0xf8, 0xbe, 0x28, 0xec, 0xf0, 0x41,
    0x00, 0x00, 0x00, 0x00, 0x00, 0x00, 0x00, 0x00, 0x00, 0x00, 0x00, 0x00,
    0x00, 0x00, 0x00, 0x00, 0x00, 0x00, 0x00, 0x00, 0x00, 0x00, 0x00, 0x00,
    0x00, 0x00, 0x00, 0x00, 0x00, 0x00, 0x00, 0x00, 0x00, 0x00, 0x00, 0x00,
    0x00, 0x00, 0x00, 0x00, 0x00, 0x00, 0x00, 0x00, 0x00, 0x00, 0x00, 0x00,
    0x00, 0x00, 0x00, 0x00, 0x00, 0x00, 0x00, 0x00, 0x00, 0x00, 0x00, 0x00,
    0x00, 0x00, 0x00, 0x00, 0x00, 0x00, 0x00, 0x00, 0x00, 0x00, 0x00, 0x00,
    0x00, 0x00, 0x00, 0x00, 0x00, 0x00, 0x00, 0x00, 0x00, 0x00, 0x00, 0x00,
    0x00, 0x00, 0x00, 0x00, 0x00, 0x00, 0x00, 0x00, 0x00, 0x00, 0x00, 0x00,
    0x00, 0x00, 0x00, 0x00, 0x00, 0x00, 0x00, 0x00, 0x00, 0x00, 0x00, 0x00,
    0x00, 0x00, 0x00, 0x00, 0x00, 0x00, 0x00, 0x00, 0x00, 0x00, 0x00, 0x00,
    0x00, 0x00, 0x00, 0x00, 0x00, 0x00, 0x00, 0x00, 0x00, 0x00, 0x00, 0x00,
    0x00, 0x00, 0x00, 0x00, 0x00, 0x00, 0x00, 0x00, 0x00, 0x00, 0x00, 0x00,
    0x00, 0x00, 0x00, 0x00, 0x00, 0x00, 0x00, 0x00, 0x00, 0x00, 0x00, 0x00,
    0x00, 0x00, 0x00, 0x00, 0x00, 0x00, 0x00, 0x00, 0x00, 0x00, 0x00, 0x00,
    0x00, 0x00, 0x00, 0x00, 0x00, 0x00, 0x00, 0x00, 0x00, 0x00, 0x00, 0x00,
    0x00, 0x00, 0x00, 0x00, 0x00, 0x00, 0x00, 0x00, 0x00, 0x00, 0x00, 0x00,
    0x00, 0x00, 0x00, 0x00, 0x00, 0x00, 0x00, 0x00, 0x00, 0x00, 0x00, 0x00,
    0x00, 0x00, 0x00, 0x00, 0x00, 0x00, 0x00, 0x00, 0x00, 0x00, 0x00, 0x00,
    0x00, 0x00, 0x00, 0x00, 0x00, 0x00, 0x00, 0x00, 0x00, 0x00, 0x00, 0x00,
    0x00, 0x00, 0x00, 0x00, 0x00, 0x00, 0x00, 0x00, 0x00, 0x00, 0x00, 0x00,
    0x00, 0x00, 0x00, 0x00, 0x00, 0x00, 0x00, 0x00, 0x00, 0x00, 0x00, 0x00,
    0x00, 0x00, 0x00, 0x00, 0x00, 0x00, 0x00, 0x00, 0x00, 0x00, 0x00, 0x00,
    0x00, 0x00, 0x00, 0x00, 0x00, 0x00, 0x00, 0x00, 0x00, 0x00, 0x00, 0x00,
    0x00, 0x00, 0x00, 0x00, 0x00, 0x00, 0x00, 0x00, 0x00, 0x00, 0x00, 0x00,
    0x00, 0x00, 0x00, 0x00, 0x00, 0x00, 0x00, 0x00, 0x00, 0x00, 0x00, 0x00,
    0x00, 0x00, 0x00, 0x00, 0x00, 0x00, 0x00, 0x00, 0x00, 0x00, 0x00, 0x00,
    0x00, 0x00, 0x00, 0x00, 0x00, 0x00, 0x00, 0x00, 0x00, 0x00, 0x00, 0x00,
    0x00, 0x00, 0x00, 0x00, 0x00, 0x00, 0x00, 0x00, 0x00, 0x00, 0x00, 0x00,
    0x00, 0x00, 0x00, 0x00, 0x00, 0x00, 0x00, 0x00, 0x28, 0xe8, 0xf8, 0x20,
    0x28, 0xe8, 0xf0, 0xbe, 0x28, 0xe8, 0xf8, 0xff, 0x28, 0xec, 0xf0, 0xff,
    0x30, 0xe8, 0xf8, 0xff, 0x28, 0xe8, 0xf0, 0xff, 0x30, 0xec, 0xf0, 0xff,
    0x30, 0xec, 0xf8, 0xff, 0x28, 0xe8, 0xf0, 0xff, 0x28, 0xec, 0xf8, 0xff,
    0x30, 0xec, 0xf0, 0xff, 0x28, 0xe8, 0xf8, 0xff, 0x28, 0xe8, 0xf0, 0xff,
    0x28, 0xec, 0xf0, 0xff, 0x28, 0xe8, 0xf8, 0xbe, 0x28, 0xe8, 0xf8, 0x20,
    0x00, 0x00, 0x00, 0x00, 0x00, 0x00, 0x00, 0x00, 0x00, 0x00, 0x00, 0x00,
    0x00, 0x00, 0x00, 0x00, 0x00, 0x00, 0x00, 0x00, 0x00, 0x00, 0x00, 0x00,
    0x00, 0x00, 0x00, 0x00, 0x00, 0x00, 0x00, 0x00, 0x00, 0x00, 0x00, 0x00,
    0x00, 0x00, 0x00, 0x00, 0x00, 0x00, 0x00, 0x00, 0x00, 0x00, 0x00, 0x00,
    0x00, 0x00, 0x00, 0x00, 0x00, 0x00, 0x00, 0x00, 0x00, 0x00, 0x00, 0x00,
    0x00, 0x00, 0x00, 0x00, 0x00, 0x00, 0x00, 0x00, 0x00, 0x00, 0x00, 0x00,
    0x00, 0x00, 0x00, 0x00, 0x00, 0x00, 0x00, 0x00, 0x00, 0x00, 0x00, 0x00,
    0x00, 0x00, 0x00, 0x00, 0x00, 0x00, 0x00, 0x00, 0x00, 0x00, 0x00, 0x00,
    0x00, 0x00, 0x00, 0x00, 0x00, 0x00, 0x00, 0x00, 0x00, 0x00, 0x00, 0x00,
    0x00, 0x00, 0x00, 0x00, 0x00, 0x00, 0x00, 0x00, 0x00, 0x00, 0x00, 0x00,
    0x00, 0x00, 0x00, 0x00, 0x00, 0x00, 0x00, 0x00, 0x00, 0x00, 0x00, 0x00,
    0x00, 0x00, 0x00, 0x00, 0x00, 0x00, 0x00, 0x00, 0x00, 0x00, 0x00, 0x00,
    0x00, 0x00, 0x00, 0x00, 0x00, 0x00, 0x00, 0x00, 0x00, 0x00, 0x00, 0x00,
    0x00, 0x00, 0x00, 0x00, 0x00, 0x00, 0x00, 0x00, 0x00, 0x00, 0x00, 0x00,
    0x00, 0x00, 0x00, 0x00, 0x00, 0x00, 0x00, 0x00, 0x00, 0x00, 0x00, 0x00,
    0x00, 0x00, 0x00, 0x00, 0x00, 0x00, 0x00, 0x00, 0x00, 0x00, 0x00, 0x00,
    0x00, 0x00, 0x00, 0x00, 0x00, 0x00, 0x00, 0x00, 0x00, 0x00, 0x00, 0x00,
    0x00, 0x00, 0x00, 0x00, 0x00, 0x00, 0x00, 0x00, 0x00, 0x00, 0x00, 0x00,
    0x00, 0x00, 0x00, 0x00, 0x00, 0x00, 0x00, 0x00, 0x00, 0x00, 0x00, 0x00,
    0x00, 0x00, 0x00, 0x00, 0x00, 0x00, 0x00, 0x00, 0x00, 0x00, 0x00, 0x00,
    0x00, 0x00, 0x00, 0x00, 0x00, 0x00, 0x00, 0x00, 0x00, 0x00, 0x00, 0x00,
    0x00, 0x00, 0x00, 0x00, 0x00, 0x00, 0x00, 0x00, 0x00, 0x00, 0x00, 0x00,
    0x00, 0x00, 0x00, 0x00, 0x00, 0x00, 0x00, 0x00, 0x00, 0x00, 0x00, 0x00,
    0x00, 0x00, 0x00, 0x00, 0x00, 0x00, 0x00, 0x00, 0x00, 0x00, 0x00, 0x00,
    0x00, 0x00, 0x00, 0x00, 0x00, 0x00, 0x00, 0x00, 0x00, 0x00, 0x00, 0x00,
    0x00, 0x00, 0x00, 0x00, 0x00, 0x00, 0x00, 0x00, 0x00, 0x00, 0x00, 0x00,
    0x00, 0x00, 0x00, 0x00, 0x00, 0x00, 0x00, 0x00, 0x00, 0x00, 0x00, 0x00,
    0x00, 0x00, 0x00, 0x00, 0x00, 0x00, 0x00, 0x00, 0x28, 0xe8, 0xf8, 0x20,
    0x28, 0xe8, 0xf0, 0xbe, 0x28, 0xe8, 0xf8, 0xff, 0x28, 0xec, 0xf0, 0xff,
    0x30, 0xec, 0xf8, 0xff, 0x28, 0xe8, 0xf0, 0xff, 0x28, 0xe8, 0xf8, 0xff,
    0x28, 0xec, 0xf8, 0xff, 0x28, 0xe8, 0xf0, 0xff, 0x28, 0xe8, 0xf0, 0xff,
    0x30, 0xec, 0xf8, 0xff, 0x28, 0xe8, 0xf8, 0xff, 0x28, 0xec, 0xf0, 0xff,
    0x30, 0xec, 0xf8, 0xff, 0x28, 0xe8, 0xf8, 0xff, 0x28, 0xe8, 0xf0, 0xff,
    0x28, 0xec, 0xf0, 0xdf, 0x28, 0xe8, 0xf8, 0x20, 0x00, 0x00, 0x00, 0x00,
    0x00, 0x00, 0x00, 0x00, 0x00, 0x00, 0x00, 0x00, 0x00, 0x00, 0x00, 0x00,
    0x00, 0x00, 0x00, 0x00, 0x00, 0x00, 0x00, 0x00, 0x00, 0x00, 0x00, 0x00,
    0x00, 0x00, 0x00, 0x00, 0x00, 0x00, 0x00, 0x00, 0x00, 0x00, 0x00, 0x00,
    0x00, 0x00, 0x00, 0x00, 0x00, 0x00, 0x00, 0x00, 0x00, 0x00, 0x00, 0x00,
    0x00, 0x00, 0x00, 0x00, 0x00, 0x00, 0x00, 0x00, 0x00, 0x00, 0x00, 0x00,
    0x00, 0x00, 0x00, 0x00, 0x00, 0x00, 0x00, 0x00, 0x00, 0x00, 0x00, 0x00,
    0x00, 0x00, 0x00, 0x00, 0x00, 0x00, 0x00, 0x00, 0x00, 0x00, 0x00, 0x00,
    0x00, 0x00, 0x00, 0x00, 0x00, 0x00, 0x00, 0x00, 0x00, 0x00, 0x00, 0x00,
    0x00, 0x00, 0x00, 0x00, 0x00, 0x00, 0x00, 0x00, 0x00, 0x00, 0x00, 0x00,
    0x00, 0x00, 0x00, 0x00, 0x00, 0x00, 0x00, 0x00, 0x00, 0x00, 0x00, 0x00,
    0x00, 0x00, 0x00, 0x00, 0x00, 0x00, 0x00, 0x00, 0x00, 0x00, 0x00, 0x00,
    0x00, 0x00, 0x00, 0x00, 0x00, 0x00, 0x00, 0x00, 0x00, 0x00, 0x00, 0x00,
    0x00, 0x00, 0x00, 0x00, 0x00, 0x00, 0x00, 0x00, 0x00, 0x00, 0x00, 0x00,
    0x00, 0x00, 0x00, 0x00, 0x00, 0x00, 0x00, 0x00, 0x00, 0x00, 0x00, 0x00,
    0x00, 0x00, 0x00, 0x00, 0x00, 0x00, 0x00, 0x00, 0x00, 0x00, 0x00, 0x00,
    0x00, 0x00, 0x00, 0x00, 0x00, 0x00, 0x00, 0x00, 0x00, 0x00, 0x00, 0x00,
    0x00, 0x00, 0x00, 0x00, 0x00, 0x00, 0x00, 0x00, 0x00, 0x00, 0x00, 0x00,
    0x00, 0x00, 0x00, 0x00, 0x00, 0x00, 0x00, 0x00, 0x00, 0x00, 0x00, 0x00,
    0x00, 0x00, 0x00, 0x00, 0x00, 0x00, 0x00, 0x00, 0x00, 0x00, 0x00, 0x00,
    0x00, 0x00, 0x00, 0x00, 0x00, 0x00, 0x00, 0x00, 0x00, 0x00, 0x00, 0x00,
    0x00, 0x00, 0x00, 0x00, 0x00, 0x00, 0x00, 0x00, 0x00, 0x00, 0x00, 0x00,
    0x00, 0x00, 0x00, 0x00, 0x00, 0x00, 0x00, 0x00, 0x00, 0x00, 0x00, 0x00,
    0x00, 0x00, 0x00, 0x00, 0x00, 0x00, 0x00, 0x00, 0x00, 0x00, 0x00, 0x00,
    0x00, 0x00, 0x00, 0x00, 0x00, 0x00, 0x00, 0x00, 0x00, 0x00, 0x00, 0x00,
    0x00, 0x00, 0x00, 0x00, 0x00, 0x00, 0x00, 0x00, 0x00, 0x00, 0x00, 0x00,
    0x00, 0x00, 0x00, 0x00, 0x00, 0x00, 0x00, 0x00, 0x00, 0x00, 0x00, 0x00,
    0x00, 0x00, 0x00, 0x00, 0x00, 0x00, 0x00, 0x00, 0x28, 0xe8, 0xf8, 0x20,
    0x28, 0xe8, 0xf0, 0xbe, 0x28, 0xec, 0xf8, 0xff, 0x28, 0xec, 0xf0, 0xff,
    0x28, 0xe8, 0xf8, 0xff, 0x28, 0xec, 0xf0, 0xff, 0x28, 0xec, 0xf8, 0xff,
    0x28, 0xe8, 0xf0, 0xff, 0x30, 0xec, 0xf8, 0xff, 0x28, 0xec, 0xf0, 0xff,
    0x28, 0xe8, 0xf8, 0xff, 0x28, 0xec, 0xf0, 0xff, 0x28, 0xe8, 0xf0, 0xff,
    0x28, 0xe8, 0xf8, 0xff, 0x30, 0xec, 0xf0, 0xff, 0x28, 0xec, 0xf8, 0xff,
    0x28, 0xe8, 0xf0, 0xff, 0x30, 0xe8, 0xf8, 0xff, 0x28, 0xe8, 0xf8, 0xdf,
    0x28, 0xe8, 0xf8, 0x20, 0x00, 0x00, 0x00, 0x00, 0x00, 0x00, 0x00, 0x00,
    0x00, 0x00, 0x00, 0x00, 0x00, 0x00, 0x00, 0x00, 0x00, 0x00, 0x00, 0x00,
    0x00, 0x00, 0x00, 0x00, 0x00, 0x00, 0x00, 0x00, 0x00, 0x00, 0x00, 0x00,
    0x00, 0x00, 0x00, 0x00, 0x00, 0x00, 0x00, 0x00, 0x00, 0x00, 0x00, 0x00,
    0x00, 0x00, 0x00, 0x00, 0x00, 0x00, 0x00, 0x00, 0x00, 0x00, 0x00, 0x00,
    0x00, 0x00, 0x00, 0x00, 0x00, 0x00, 0x00, 0x00, 0x00, 0x00, 0x00, 0x00,
    0x00, 0x00, 0x00, 0x00, 0x00, 0x00, 0x00, 0x00, 0x00, 0x00, 0x00, 0x00,
    0x00, 0x00, 0x00, 0x00, 0x00, 0x00, 0x00, 0x00, 0x00, 0x00, 0x00, 0x00,
    0x00, 0x00, 0x00, 0x00, 0x00, 0x00, 0x00, 0x00, 0x00, 0x00, 0x00, 0x00,
    0x00, 0x00, 0x00, 0x00, 0x00, 0x00, 0x00, 0x00, 0x00, 0x00, 0x00, 0x00,
    0x00, 0x00, 0x00, 0x00, 0x00, 0x00, 0x00, 0x00, 0x00, 0x00, 0x00, 0x00,
    0x00, 0x00, 0x00, 0x00, 0x00, 0x00, 0x00, 0x00, 0x00, 0x00, 0x00, 0x00,
    0x00, 0x00, 0x00, 0x00, 0x00, 0x00, 0x00, 0x00, 0x00, 0x00, 0x00, 0x00,
    0x00, 0x00, 0x00, 0x00, 0x00, 0x00, 0x00, 0x00, 0x00, 0x00, 0x00, 0x00,
    0x00, 0x00, 0x00, 0x00, 0x00, 0x00, 0x00, 0x00, 0x00, 0x00, 0x00, 0x00,
    0x00, 0x00, 0x00, 0x00, 0x00, 0x00, 0x00, 0x00, 0x00, 0x00, 0x00, 0x00,
    0x00, 0x00, 0x00, 0x00, 0x00, 0x00, 0x00, 0x00, 0x00, 0x00, 0x00, 0x00,
    0x00, 0x00, 0x00, 0x00, 0x00, 0x00, 0x00, 0x00, 0x00, 0x00, 0x00, 0x00,
    0x00, 0x00, 0x00, 0x00, 0x00, 0x00, 0x00, 0x00, 0x00, 0x00, 0x00, 0x00,
    0x00, 0x00, 0x00, 0x00, 0x00, 0x00, 0x00, 0x00, 0x00, 0x00, 0x00, 0x00,
    0x00, 0x00, 0x00, 0x00, 0x00, 0x00, 0x00, 0x00, 0x00, 0x00, 0x00, 0x00,
    0x00, 0x00, 0x00, 0x00, 0x00, 0x00, 0x00, 0x00, 0x00, 0x00, 0x00, 0x00,
    0x00, 0x00, 0x00, 0x00, 0x00, 0x00, 0x00, 0x00, 0x00, 0x00, 0x00, 0x00,
    0x00, 0x00, 0x00, 0x00, 0x00, 0x00, 0x00, 0x00, 0x00, 0x00, 0x00, 0x00,
    0x00, 0x00, 0x00, 0x00, 0x00, 0x00, 0x00, 0x00, 0x00, 0x00, 0x00, 0x00,
    0x00, 0x00, 0x00, 0x00, 0x00, 0x00, 0x00, 0x00, 0x00, 0x00, 0x00, 0x00,
    0x00, 0x00, 0x00, 0x00, 0x00, 0x00, 0x00, 0x00, 0x28, 0xe8, 0xf8, 0x20,
    0x28, 0xe8, 0xf0, 0xbe, 0x28, 0xe8, 0xf8, 0xff, 0x28, 0xec, 0xf0, 0xff,
    0x30, 0xe8, 0xf8, 0xff, 0x30, 0xe8, 0xf0, 0xff, 0x28, 0xec, 0xf8, 0xff,
    0x28, 0xe8, 0xf0, 0xff, 0x30, 0xe8, 0xf0, 0xff, 0x28, 0xec, 0xf8, 0xff,
    0x28, 0xe8, 0xf8, 0xff, 0x30, 0xec, 0xf0, 0xff, 0x28, 0xec, 0xf8, 0xff,
    0x28, 0xe8, 0xf0, 0xff, 0x30, 0xe8, 0xf8, 0xff, 0x28, 0xec, 0xf0, 0xff,
    0x28, 0xec, 0xf0, 0xff, 0x28, 0xe8, 0xf8, 0xff, 0x28, 0xec, 0xf0, 0xff,
    0x28, 0xec, 0xf0, 0xff, 0x28, 0xe8, 0xf0, 0xdf, 0x28, 0xe8, 0xf8, 0x20,
    0x00, 0x00, 0x00, 0x00, 0x00, 0x00, 0x00, 0x00, 0x00, 0x00, 0x00, 0x00,
    0x00, 0x00, 0x00, 0x00, 0x00, 0x00, 0x00, 0x00, 0x00, 0x00, 0x00, 0x00,
    0x00, 0x00, 0x00, 0x00, 0x00, 0x00, 0x00, 0x00, 0x00, 0x00, 0x00, 0x00,
    0x00, 0x00, 0x00, 0x00, 0x00, 0x00, 0x00, 0x00, 0x00, 0x00, 0x00, 0x00,
    0x00, 0x00, 0x00, 0x00, 0x00, 0x00, 0x00, 0x00, 0x00, 0x00, 0x00, 0x00,
    0x00, 0x00, 0x00, 0x00, 0x00, 0x00, 0x00, 0x00, 0x00, 0x00, 0x00, 0x00,
    0x00, 0x00, 0x00, 0x00, 0x00, 0x00, 0x00, 0x00, 0x00, 0x00, 0x00, 0x00,
    0x00, 0x00, 0x00, 0x00, 0x00, 0x00, 0x00, 0x00, 0x00, 0x00, 0x00, 0x00,
    0x00, 0x00, 0x00, 0x00, 0x00, 0x00, 0x00, 0x00, 0x00, 0x00, 0x00, 0x00,
    0x00, 0x00, 0x00, 0x00, 0x00, 0x00, 0x00, 0x00, 0x00, 0x00, 0x00, 0x00,
    0x00, 0x00, 0x00, 0x00, 0x00, 0x00, 0x00, 0x00, 0x00, 0x00, 0x00, 0x00,
    0x00, 0x00, 0x00, 0x00, 0x00, 0x00, 0x00, 0x00, 0x00, 0x00, 0x00, 0x00,
    0x00, 0x00, 0x00, 0x00, 0x00, 0x00, 0x00, 0x00, 0x00, 0x00, 0x00, 0x00,
    0x00, 0x00, 0x00, 0x00, 0x00, 0x00, 0x00, 0x00, 0x00, 0x00, 0x00, 0x00,
    0x00, 0x00, 0x00, 0x00, 0x00, 0x00, 0x00, 0x00, 0x00, 0x00, 0x00, 0x00,
    0x00, 0x00, 0x00, 0x00, 0x00, 0x00, 0x00, 0x00, 0x00, 0x00, 0x00, 0x00,
    0x00, 0x00, 0x00, 0x00, 0x00, 0x00, 0x00, 0x00, 0x00, 0x00, 0x00, 0x00,
    0x00, 0x00, 0x00, 0x00, 0x00, 0x00, 0x00, 0x00, 0x00, 0x00, 0x00, 0x00,
    0x00, 0x00, 0x00, 0x00, 0x00, 0x00, 0x00, 0x00, 0x00, 0x00, 0x00, 0x00,
    0x00, 0x00, 0x00, 0x00, 0x00, 0x00, 0x00, 0x00, 0x00, 0x00, 0x00, 0x00,
    0x00, 0x00, 0x00, 0x00, 0x00, 0x00, 0x00, 0x00, 0x00, 0x00, 0x00, 0x00,
    0x00, 0x00, 0x00, 0x00, 0x00, 0x00, 0x00, 0x00, 0x00, 0x00, 0x00, 0x00,
    0x00, 0x00, 0x00, 0x00, 0x00, 0x00, 0x00, 0x00, 0x00, 0x00, 0x00, 0x00,
    0x00, 0x00, 0x00, 0x00, 0x00, 0x00, 0x00, 0x00, 0x00, 0x00, 0x00, 0x00,
    0x00, 0x00, 0x00, 0x00, 0x00, 0x00, 0x00, 0x00, 0x00, 0x00, 0x00, 0x00,
    0x00, 0x00, 0x00, 0x00, 0x00, 0x00, 0x00, 0x00, 0x00, 0x00, 0x00, 0x00,
    0x28, 0xe8, 0xf0, 0xbe, 0x28, 0xec, 0xf8, 0xff, 0x28, 0xe8, 0xf8, 0xff,
    0x28, 0xec, 0xf0, 0xff, 0x28, 0xe8, 0xf8, 0xff, 0x28, 0xec, 0xf8, 0xff,
    0x28, 0xec, 0xf0, 0xff, 0x30, 0xe8, 0xf8, 0xff, 0x28, 0xec, 0xf8, 0xff,
    0x28, 0xe8, 0xf0, 0xff, 0x28, 0xe8, 0xf0, 0xff, 0x30, 0xec, 0xf8, 0xff,
    0x28, 0xe8, 0xf8, 0xff, 0x28, 0xec, 0xf0, 0xff, 0x28, 0xec, 0xf8, 0xff,
    0x28, 0xe8, 0xf8, 0xff, 0x30, 0xe8, 0xf0, 0xff, 0x28, 0xec, 0xf8, 0xff,
    0x28, 0xec, 0xf8, 0xff, 0x30, 0xe8, 0xf0, 0xff, 0x28, 0xe8, 0xf8, 0xff,
    0x28, 0xe8, 0xf0, 0x7d, 0x00, 0x00, 0x00, 0x00, 0x00, 0x00, 0x00, 0x00,
    0x00, 0x00, 0x00, 0x00, 0x00, 0x00, 0x00, 0x00, 0x00, 0x00, 0x00, 0x00,
    0x00, 0x00, 0x00, 0x00, 0x00, 0x00, 0x00, 0x00, 0x00, 0x00, 0x00, 0x00,
    0x00, 0x00, 0x00, 0x00, 0x00, 0x00, 0x00, 0x00, 0x00, 0x00, 0x00, 0x00,
    0x00, 0x00, 0x00, 0x00, 0x00, 0x00, 0x00, 0x00, 0x00, 0x00, 0x00, 0x00,
    0x00, 0x00, 0x00, 0x00, 0x00, 0x00, 0x00, 0x00, 0x00, 0x00, 0x00, 0x00,
    0x00, 0x00, 0x00, 0x00, 0x00, 0x00, 0x00, 0x00, 0x00, 0x00, 0x00, 0x00,
    0x00, 0x00, 0x00, 0x00, 0x00, 0x00, 0x00, 0x00, 0x00, 0x00, 0x00, 0x00,
    0x00, 0x00, 0x00, 0x00, 0x00, 0x00, 0x00, 0x00, 0x00, 0x00, 0x00, 0x00,
    0x00, 0x00, 0x00, 0x00, 0x00, 0x00, 0x00, 0x00, 0x00, 0x00, 0x00, 0x00,
    0x00, 0x00, 0x00, 0x00, 0x00, 0x00, 0x00, 0x00, 0x00, 0x00, 0x00, 0x00,
    0x00, 0x00, 0x00, 0x00, 0x00, 0x00, 0x00, 0x00, 0x00, 0x00, 0x00, 0x00,
    0x00, 0x00, 0x00, 0x00, 0x00, 0x00, 0x00, 0x00, 0x00, 0x00, 0x00, 0x00,
    0x00, 0x00, 0x00, 0x00, 0x00, 0x00, 0x00, 0x00, 0x00, 0x00, 0x00, 0x00,
    0x00, 0x00, 0x00, 0x00, 0x00, 0x00, 0x00, 0x00, 0x00, 0x00, 0x00, 0x00,
    0x00, 0x00, 0x00, 0x00, 0x00, 0x00, 0x00, 0x00, 0x00, 0x00, 0x00, 0x00,
    0x00, 0x00, 0x00, 0x00, 0x00, 0x00, 0x00, 0x00, 0x00, 0x00, 0x00, 0x00,
    0x00, 0x00, 0x00, 0x00, 0x00, 0x00, 0x00, 0x00, 0x00, 0x00, 0x00, 0x00,
    0x00, 0x00, 0x00, 0x00, 0x00, 0x00, 0x00, 0x00, 0x00, 0x00, 0x00, 0x00,
    0x00, 0x00, 0x00, 0x00, 0x00, 0x00, 0x00, 0x00, 0x00, 0x00, 0x00, 0x00,
    0x00, 0x00, 0x00, 0x00, 0x00, 0x00, 0x00, 0x00, 0x00, 0x00, 0x00, 0x00,
    0x00, 0x00, 0x00, 0x00, 0x00, 0x00, 0x00, 0x00, 0x00, 0x00, 0x00, 0x00,
    0x00, 0x00, 0x00, 0x00, 0x00, 0x00, 0x00, 0x00, 0x00, 0x00, 0x00, 0x00,
    0x00, 0x00, 0x00, 0x00, 0x00, 0x00, 0x00, 0x00, 0x00, 0x00, 0x00, 0x00,
    0x00, 0x00, 0x00, 0x00, 0x00, 0x00, 0x00, 0x00, 0x00, 0x00, 0x00, 0x00,
    0x00, 0x00, 0x00, 0x00, 0x00, 0x00, 0x00, 0x00, 0x00, 0x00, 0x00, 0x00,
    0x28, 0xec, 0xf0, 0x41, 0x28, 0xe8, 0xf8, 0xff, 0x30, 0xec, 0xf0, 0xff,
    0x28, 0xec, 0xf0, 0xff, 0x30, 0xe8, 0xf8, 0xff, 0x28, 0xec, 0xf0, 0xff,
    0x28, 0xe8, 0xf0, 0xff, 0x30, 0xe8, 0xf8, 0xff, 0x28, 0xec, 0xf0, 0xff,
    0x28, 0xec, 0xf8, 0xff, 0x28, 0xe8, 0xf0, 0xff, 0x30, 0xec, 0xf0, 0xff,
    0x28, 0xe8, 0xf8, 0xff, 0x28, 0xe8, 0xf0, 0xff, 0x30, 0xec, 0xf0, 0xff,
    0x28, 0xec, 0xf8, 0xff, 0x28, 0xe8, 0xf0, 0xff, 0x30, 0xe8, 0xf0, 0xff,
    0x28, 0xec, 0xf8, 0xff, 0x28, 0xe8, 0xf0, 0xff, 0x30, 0xec, 0xf8, 0xff,
    0x28, 0xec, 0xf8, 0xff, 0x28, 0xe8, 0xf0, 0xff, 0x30, 0xec, 0xf0, 0x41,
    0x00, 0x00, 0x00, 0x00, 0x00, 0x00, 0x00, 0x00, 0x00, 0x00, 0x00, 0x00,
    0x00, 0x00, 0x00, 0x00, 0x00, 0x00, 0x00, 0x00, 0x00, 0x00, 0x00, 0x00,
    0x00, 0x00, 0x00, 0x00, 0x00, 0x00, 0x00, 0x00, 0x00, 0x00, 0x00, 0x00,
    0x00, 0x00, 0x00, 0x00, 0x00, 0x00, 0x00, 0x00, 0x00, 0x00, 0x00, 0x00,
    0x00, 0x00, 0x00, 0x00, 0x00, 0x00, 0x00, 0x00, 0x00, 0x00, 0x00, 0x00,
    0x00, 0x00, 0x00, 0x00, 0x00, 0x00, 0x00, 0x00, 0x00, 0x00, 0x00, 0x00,
    0x00, 0x00, 0x00, 0x00, 0x00, 0x00, 0x00, 0x00, 0x00, 0x00, 0x00, 0x00,
    0x00, 0x00, 0x00, 0x00, 0x00, 0x00, 0x00, 0x00, 0x00, 0x00, 0x00, 0x00,
    0x00, 0x00, 0x00, 0x00, 0x00, 0x00, 0x00, 0x00, 0x00, 0x00, 0x00, 0x00,
    0x00, 0x00, 0x00, 0x00, 0x00, 0x00, 0x00, 0x00, 0x00, 0x00, 0x00, 0x00,
    0x00, 0x00, 0x00, 0x00, 0x00, 0x00, 0x00, 0x00, 0x00, 0x00, 0x00, 0x00,
    0x00, 0x00, 0x00, 0x00, 0x00, 0x00, 0x00, 0x00, 0x00, 0x00, 0x00, 0x00,
    0x00, 0x00, 0x00, 0x00, 0x00, 0x00, 0x00, 0x00, 0x00, 0x00, 0x00, 0x00,
    0x00, 0x00, 0x00, 0x00, 0x00, 0x00, 0x00, 0x00, 0x00, 0x00, 0x00, 0x00,
    0x00, 0x00, 0x00, 0x00, 0x00, 0x00, 0x00, 0x00, 0x00, 0x00, 0x00, 0x00,
    0x00, 0x00, 0x00, 0x00, 0x00, 0x00, 0x00, 0x00, 0x00, 0x00, 0x00, 0x00,
    0x00, 0x00, 0x00, 0x00, 0x00, 0x00, 0x00, 0x00, 0x00, 0x00, 0x00, 0x00,
    0x00, 0x00, 0x00, 0x00, 0x00, 0x00, 0x00, 0x00, 0x00, 0x00, 0x00, 0x00,
    0x00, 0x00, 0x00, 0x00, 0x00, 0x00, 0x00, 0x00, 0x00, 0x00, 0x00, 0x00,
    0x00, 0x00, 0x00, 0x00, 0x00, 0x00, 0x00, 0x00, 0x00, 0x00, 0x00, 0x00,
    0x00, 0x00, 0x00, 0x00, 0x00, 0x00, 0x00, 0x00, 0x00, 0x00, 0x00, 0x00,
    0x00, 0x00, 0x00, 0x00, 0x00, 0x00, 0x00, 0x00, 0x00, 0x00, 0x00, 0x00,
    0x00, 0x00, 0x00, 0x00, 0x00, 0x00, 0x00, 0x00, 0x00, 0x00, 0x00, 0x00,
    0x00, 0x00, 0x00, 0x00, 0x00, 0x00, 0x00, 0x00, 0x00, 0x00, 0x00, 0x00,
    0x00, 0x00, 0x00, 0x00, 0x00, 0x00, 0x00, 0x00, 0x00, 0x00, 0x00, 0x00,
    0x28, 0xe8, 0xf8, 0x20, 0x28, 0xe8, 0xf8, 0xff, 0x28, 0xe8, 0xf0, 0xff,
    0x28, 0xec, 0xf8, 0xff, 0x28, 0xe8, 0xf0, 0xff, 0x30, 0xe8, 0xf8, 0xff,
    0x28, 0xec, 0xf0, 0xff, 0x28, 0xec, 0xf8, 0xff, 0x28, 0xe8, 0xf0, 0xff,
    0x28, 0xe8, 0xf0, 0xff, 0x28, 0xec, 0xf8, 0xff, 0x30, 0xec, 0xf8, 0xff,
    0x28, 0xe8, 0xf0, 0xff, 0x28, 0xec, 0xf8, 0xff, 0x28, 0xec, 0xf8, 0xff,
    0x30, 0xe8, 0xf0, 0xff, 0x28, 0xe8, 0xf8, 0xff, 0x28, 0xec, 0xf8, 0xff,
    0x28, 0xec, 0xf0, 0xff, 0x28, 0xe8, 0xf8, 0xff, 0x28, 0xe8, 0xf0, 0xff,
    0x28, 0xec, 0xf0, 0xff, 0x28, 0xe8, 0xf8, 0xff, 0x28, 0xec, 0xf8, 0xff,
    0x28, 0xe8, 0xf0, 0xdf, 0x28, 0xe8, 0xf8, 0x20, 0x00, 0x00, 0x00, 0x00,
    0x00, 0x00, 0x00, 0x00, 0x00, 0x00, 0x00, 0x00, 0x00, 0x00, 0x00, 0x00,
    0x00, 0x00, 0x00, 0x00, 0x00, 0x00, 0x00, 0x00, 0x00, 0x00, 0x00, 0x00,
    0x00, 0x00, 0x00, 0x00, 0x00, 0x00, 0x00, 0x00, 0x00, 0x00, 0x00, 0x00,
    0x00, 0x00, 0x00, 0x00, 0x00, 0x00, 0x00, 0x00, 0x00, 0x00, 0x00, 0x00,
    0x00, 0x00, 0x00, 0x00, 0x00, 0x00, 0x00, 0x00, 0x00, 0x00, 0x00, 0x00,
    0x00, 0x00, 0x00, 0x00, 0x00, 0x00, 0x00, 0x00, 0x00, 0x00, 0x00, 0x00,
    0x00, 0x00, 0x00, 0x00, 0x00, 0x00, 0x00, 0x00, 0x00, 0x00, 0x00, 0x00,
    0x00, 0x00, 0x00, 0x00, 0x00, 0x00, 0x00, 0x00, 0x00, 0x00, 0x00, 0x00,
    0x00, 0x00, 0x00, 0x00, 0x00, 0x00, 0x00, 0x00, 0x00, 0x00, 0x00, 0x00,
    0x00, 0x00, 0x00, 0x00, 0x00, 0x00, 0x00, 0x00, 0x00, 0x00, 0x00, 0x00,
    0x00, 0x00, 0x00, 0x00, 0x00, 0x00, 0x00, 0x00, 0x00, 0x00, 0x00, 0x00,
    0x00, 0x00, 0x00, 0x00, 0x00, 0x00, 0x00, 0x00, 0x00, 0x00, 0x00, 0x00,
    0x00, 0x00, 0x00, 0x00, 0x00, 0x00, 0x00, 0x00, 0x00, 0x00, 0x00, 0x00,
    0x00, 0x00, 0x00, 0x00, 0x00, 0x00, 0x00, 0x00, 0x00, 0x00, 0x00, 0x00,
    0x00, 0x00, 0x00, 0x00, 0x00, 0x00, 0x00, 0x00, 0x00, 0x00, 0x00, 0x00,
    0x00, 0x00, 0x00, 0x00, 0x00, 0x00, 0x00, 0x00, 0x00, 0x00, 0x00, 0x00,
    0x00, 0x00, 0x00, 0x00, 0x00, 0x00, 0x00, 0x00, 0x00, 0x00, 0x00, 0x00,
    0x00, 0x00, 0x00, 0x00, 0x00, 0x00, 0x00, 0x00, 0x00, 0x00, 0x00, 0x00,
    0x00, 0x00, 0x00, 0x00, 0x00, 0x00, 0x00, 0x00, 0x00, 0x00, 0x00, 0x00,
    0x00, 0x00, 0x00, 0x00, 0x00, 0x00, 0x00, 0x00, 0x00, 0x00, 0x00, 0x00,
    0x00, 0x00, 0x00, 0x00, 0x00, 0x00, 0x00, 0x00, 0x00, 0x00, 0x00, 0x00,
    0x00, 0x00, 0x00, 0x00, 0x00, 0x00, 0x00, 0x00, 0x00, 0x00, 0x00, 0x00,
    0x00, 0x00, 0x00, 0x00, 0x00, 0x00, 0x00, 0x00, 0x00, 0x00, 0x00, 0x00,
    0x00, 0x00, 0x00, 0x00, 0x00, 0x00, 0x00, 0x00, 0x00, 0x00, 0x00, 0x00,
    0x00, 0x00, 0x00, 0x00, 0x28, 0xe8, 0xf0, 0x7d, 0x28, 0xec, 0xf0, 0xff,
    0x30, 0xe8, 0xf8, 0xff, 0x28, 0xec, 0xf8, 0xff, 0x28, 0xe8, 0xf0, 0xff,
    0x28, 0xec, 0xf8, 0xff, 0x30, 0xe8, 0xf8, 0xff, 0x28, 0xec, 0xf0, 0xff,
    0x28, 0xec, 0xf8, 0xff, 0x30, 0xe8, 0xf8, 0xff, 0x28, 0xe8, 0xf0, 0xff,
    0x28, 0xec, 0xf8, 0xff, 0x28, 0xe8, 0xf0, 0xff, 0x28, 0xec, 0xf0, 0xff,
    0x28, 0xe8, 0xf8, 0xff, 0x28, 0xe8, 0xf0, 0xff, 0x30, 0xec, 0xf0, 0xff,
    0x28, 0xec, 0xf8, 0xff, 0x28, 0xe8, 0xf8, 0xff, 0x30, 0xec, 0xf0, 0xff,
    0x30, 0xec, 0xf8, 0xff, 0x28, 0xe8, 0xf0, 0xff, 0x30, 0xe8, 0xf0, 0xff,
    0x28, 0xec, 0xf8, 0xff, 0x28, 0xe8, 0xf8, 0xff, 0x28, 0xe8, 0xf0, 0x7d,
    0x00, 0x00, 0x00, 0x00, 0x00, 0x00, 0x00, 0x00, 0x00, 0x00, 0x00, 0x00,
    0x00, 0x00, 0x00, 0x00, 0x00, 0x00, 0x00, 0x00, 0x00, 0x00, 0x00, 0x00,
    0x00, 0x00, 0x00, 0x00, 0x00, 0x00, 0x00, 0x00, 0x00, 0x00, 0x00, 0x00,
    0x00, 0x00, 0x00, 0x00, 0x00, 0x00, 0x00, 0x00, 0x00, 0x00, 0x00, 0x00,
    0x00, 0x00, 0x00, 0x00, 0x00, 0x00, 0x00, 0x00, 0x00, 0x00, 0x00, 0x00,
    0x00, 0x00, 0x00, 0x00, 0x00, 0x00, 0x00, 0x00, 0x00, 0x00, 0x00, 0x00,
    0x00, 0x00, 0x00, 0x00, 0x00, 0x00, 0x00, 0x00, 0x00, 0x00, 0x00, 0x00,
    0x00, 0x00, 0x00, 0x00, 0x00, 0x00, 0x00, 0x00, 0x00, 0x00, 0x00, 0x00,
    0x00, 0x00, 0x00, 0x00, 0x00, 0x00, 0x00, 0x00, 0x00, 0x00, 0x00, 0x00,
    0x00, 0x00, 0x00, 0x00, 0x00, 0x00, 0x00, 0x00, 0x00, 0x00, 0x00, 0x00,
    0x00, 0x00, 0x00, 0x00, 0x00, 0x00, 0x00, 0x00, 0x00, 0x00, 0x00, 0x00,
    0x00, 0x00, 0x00, 0x00, 0x00, 0x00, 0x00, 0x00, 0x00, 0x00, 0x00, 0x00,
    0x00, 0x00, 0x00, 0x00, 0x00, 0x00, 0x00, 0x00, 0x00, 0x00, 0x00, 0x00,
    0x00, 0x00, 0x00, 0x00, 0x00, 0x00, 0x00, 0x00, 0x00, 0x00, 0x00, 0x00,
    0x00, 0x00, 0x00, 0x00, 0x00, 0x00, 0x00, 0x00, 0x00, 0x00, 0x00, 0x00,
    0x00, 0x00, 0x00, 0x00, 0x00, 0x00, 0x00, 0x00, 0x00, 0x00, 0x00, 0x00,
    0x00, 0x00, 0x00, 0x00, 0x00, 0x00, 0x00, 0x00, 0x00, 0x00, 0x00, 0x00,
    0x00, 0x00, 0x00, 0x00, 0x00, 0x00, 0x00, 0x00, 0x00, 0x00, 0x00, 0x00,
    0x00, 0x00, 0x00, 0x00, 0x00, 0x00, 0x00, 0x00, 0x00, 0x00, 0x00, 0x00,
    0x00, 0x00, 0x00, 0x00, 0x00, 0x00, 0x00, 0x00, 0x00, 0x00, 0x00, 0x00,
    0x00, 0x00, 0x00, 0x00, 0x00, 0x00, 0x00, 0x00, 0x00, 0x00, 0x00, 0x00,
    0x00, 0x00, 0x00, 0x00, 0x00, 0x00, 0x00, 0x00, 0x00, 0x00, 0x00, 0x00,
    0x00, 0x00, 0x00, 0x00, 0x00, 0x00, 0x00, 0x00, 0x00, 0x00, 0x00, 0x00,
    0x00, 0x00, 0x00, 0x00, 0x00, 0x00, 0x00, 0x00, 0x00, 0x00, 0x00, 0x00,
    0x00, 0x00, 0x00, 0x00, 0x28, 0xe8, 0xf8, 0x20, 0x28, 0xe8, 0xf0, 0xff,
    0x28, 0xec, 0xf8, 0xff, 0x30, 0xec, 0xf0, 0xff, 0x28, 0xe8, 0xf0, 0xff,
    0x28, 0xec, 0xf8, 0xff, 0x28, 0xe8, 0xf0, 0xff, 0x28, 0xe8, 0xf0, 0xff,
    0x30, 0xec, 0xf8, 0xff, 0x28, 0xe8, 0xf0, 0xff, 0x28, 0xec, 0xf0, 0xff,
    0x30, 0xec, 0xf8, 0xff, 0x28, 0xe8, 0xf0, 0xff, 0x30, 0xec, 0xf8, 0xff,
    0x28, 0xe8, 0xf8, 0xff, 0x28, 0xec, 0xf0, 0xff, 0x30, 0xec, 0xf8, 0xff,
    0x28, 0xe8, 0xf0, 0xff, 0x28, 0xe8, 0xf0, 0xff, 0x28, 0xe8, 0xf8, 0xff,
    0x28, 0xec, 0xf0, 0xff, 0x28, 0xec, 0xf8, 0xff, 0x28, 0xe8, 0xf8, 0xff,
    0x30, 0xec, 0xf0, 0xff, 0x28, 0xec, 0xf0, 0xff, 0x30, 0xe8, 0xf8, 0xff,
    0x28, 0xec, 0xf8, 0xff, 0x28, 0xe8, 0xf8, 0x20, 0x00, 0x00, 0x00, 0x00,
    0x00, 0x00, 0x00, 0x00, 0x00, 0x00, 0x00, 0x00, 0x00, 0x00, 0x00, 0x00,
    0x00, 0x00, 0x00, 0x00, 0x00, 0x00, 0x00, 0x00, 0x00, 0x00, 0x00, 0x00,
    0x00, 0x00, 0x00, 0x00, 0x00, 0x00, 0x00, 0x00, 0x00, 0x00, 0x00, 0x00,
    0x00, 0x00, 0x00, 0x00, 0x00, 0x00, 0x00, 0x00, 0x00, 0x00, 0x00, 0x00,
    0x00, 0x00, 0x00, 0x00, 0x00, 0x00, 0x00, 0x00, 0x00, 0x00, 0x00, 0x00,
    0x00, 0x00, 0x00, 0x00, 0x00, 0x00, 0x00, 0x00, 0x00, 0x00, 0x00, 0x00,
    0x00, 0x00, 0x00, 0x00, 0x00, 0x00, 0x00, 0x00, 0x00, 0x00, 0x00, 0x00,
    0x00, 0x00, 0x00, 0x00, 0x00, 0x00, 0x00, 0x00, 0x00, 0x00, 0x00, 0x00,
    0x00, 0x00, 0x00, 0x00, 0x00, 0x00, 0x00, 0x00, 0x00, 0x00, 0x00, 0x00,
    0x00, 0x00, 0x00, 0x00, 0x00, 0x00, 0x00, 0x00, 0x00, 0x00, 0x00, 0x00,
    0x00, 0x00, 0x00, 0x00, 0x00, 0x00, 0x00, 0x00, 0x00, 0x00, 0x00, 0x00,
    0x00, 0x00, 0x00, 0x00, 0x00, 0x00, 0x00, 0x00, 0x00, 0x00, 0x00, 0x00,
    0x00, 0x00, 0x00, 0x00, 0x00, 0x00, 0x00, 0x00, 0x00, 0x00, 0x00, 0x00,
    0x00, 0x00, 0x00, 0x00, 0x00, 0x00, 0x00, 0x00, 0x00, 0x00, 0x00, 0x00,
    0x00, 0x00, 0x00, 0x00, 0x00, 0x00, 0x00, 0x00, 0x00, 0x00, 0x00, 0x00,
    0x00, 0x00, 0x00, 0x00, 0x00, 0x00, 0x00, 0x00, 0x00, 0x00, 0x00, 0x00,
    0x00, 0x00, 0x00, 0x00, 0x00, 0x00, 0x00, 0x00, 0x00, 0x00, 0x00, 0x00,
    0x00, 0x00, 0x00, 0x00, 0x00, 0x00, 0x00, 0x00, 0x00, 0x00, 0x00, 0x00,
    0x00, 0x00, 0x00, 0x00, 0x00, 0x00, 0x00, 0x00, 0x00, 0x00, 0x00, 0x00,
    0x00, 0x00, 0x00, 0x00, 0x00, 0x00, 0x00, 0x00, 0x00, 0x00, 0x00, 0x00,
    0x00, 0x00, 0x00, 0x00, 0x00, 0x00, 0x00, 0x00, 0x00, 0x00, 0x00, 0x00,
    0x00, 0x00, 0x00, 0x00, 0x00, 0x00, 0x00, 0x00, 0x00, 0x00, 0x00, 0x00,
    0x00, 0x00, 0x00, 0x00, 0x00, 0x00, 0x00, 0x00, 0x00, 0x00, 0x00, 0x00,
    0x00, 0x00, 0x00, 0x00, 0x00, 0x00, 0x00, 0x00, 0x28, 0xe8, 0xf8, 0xbe,
    0x28, 0xe8, 0xf8, 0xff, 0x28, 0xec, 0xf0, 0xff, 0x28, 0xe8, 0xf8, 0xff,
    0x30, 0xe8, 0xf0, 0xff, 0x28, 0xec, 0xf8, 0xff, 0x28, 0xec, 0xf0, 0xff,
    0x30, 0xe8, 0xf8, 0xff, 0x28, 0xec, 0xf8, 0xff, 0x28, 0xe8, 0xf0, 0xff,
    0x28, 0xe8, 0xf8, 0xff, 0x28, 0xec, 0xf0, 0xff, 0x28, 0xe8, 0xf8, 0xff,
    0x30, 0xe8, 0xf0, 0xff, 0x28, 0xec, 0xf0, 0xff, 0x28, 0xe8, 0xf8, 0xff,
    0x28, 0xec, 0xf8, 0xff, 0x28, 0xec, 0xf0, 0xff, 0x30, 0xe8, 0xf8, 0xff,
    0x28, 0xec, 0xf0, 0xff, 0x28, 0xe8, 0xf0, 0xff, 0x28, 0xe8, 0xf8, 0xff,
    0x28, 0xec, 0xf8, 0xff, 0x28, 0xe8, 0xf0, 0xff, 0x28, 0xe8, 0xf8, 0xff,
    0x28, 0xec, 0xf0, 0xff, 0x30, 0xe8, 0xf0, 0xff, 0x28, 0xe8, 0xf8, 0xbe,
    0x00, 0x00, 0x00, 0x00, 0x00, 0x00, 0x00, 0x00, 0x00, 0x00, 0x00, 0x00,
    0x00, 0x00, 0x00, 0x00, 0x00, 0x00, 0x00, 0x00, 0x00, 0x00, 0x00, 0x00,
    0x00, 0x00, 0x00, 0x00, 0x00, 0x00, 0x00, 0x00, 0x00, 0x00, 0x00, 0x00,
    0x00, 0x00, 0x00, 0x00, 0x00, 0x00, 0x00, 0x00, 0x00, 0x00, 0x00, 0x00,
    0x00, 0x00, 0x00, 0x00, 0x00, 0x00, 0x00, 0x00, 0x00, 0x00, 0x00, 0x00,
    0x00, 0x00, 0x00, 0x00, 0x00, 0x00, 0x00, 0x00, 0x00, 0x00, 0x00, 0x00,
    0x00, 0x00, 0x00, 0x00, 0x00, 0x00, 0x00, 0x00, 0x00, 0x00, 0x00, 0x00,
    0x00, 0x00, 0x00, 0x00, 0x00, 0x00, 0x00, 0x00, 0x00, 0x00, 0x00, 0x00,
    0x00, 0x00, 0x00, 0x00, 0x00, 0x00, 0x00, 0x00, 0x00, 0x00, 0x00, 0x00,
    0x00, 0x00, 0x00, 0x00, 0x00, 0x00, 0x00, 0x00, 0x00, 0x00, 0x00, 0x00,
    0x00, 0x00, 0x00, 0x00, 0x00, 0x00, 0x00, 0x00, 0x00, 0x00, 0x00, 0x00,
    0x00, 0x00, 0x00, 0x00, 0x00, 0x00, 0x00, 0x00, 0x00, 0x00, 0x00, 0x00,
    0x00, 0x00, 0x00, 0x00, 0x00, 0x00, 0x00, 0x00, 0x00, 0x00, 0x00, 0x00,
    0x00, 0x00, 0x00, 0x00, 0x00, 0x00, 0x00, 0x00, 0x00, 0x00, 0x00, 0x00,
    0x00, 0x00, 0x00, 0x00, 0x00, 0x00, 0x00, 0x00, 0x00, 0x00, 0x00, 0x00,
    0x00, 0x00, 0x00, 0x00, 0x00, 0x00, 0x00, 0x00, 0x00, 0x00, 0x00, 0x00,
    0x00, 0x00, 0x00, 0x00, 0x00, 0x00, 0x00, 0x00, 0x00, 0x00, 0x00, 0x00,
    0x00, 0x00, 0x00, 0x00, 0x00, 0x00, 0x00, 0x00, 0x00, 0x00, 0x00, 0x00,
    0x00, 0x00, 0x00, 0x00, 0x00, 0x00, 0x00, 0x00, 0x00, 0x00, 0x00, 0x00,
    0x00, 0x00, 0x00, 0x00, 0x00, 0x00, 0x00, 0x00, 0x00, 0x00, 0x00, 0x00,
    0x00, 0x00, 0x00, 0x00, 0x00, 0x00, 0x00, 0x00, 0x00, 0x00, 0x00, 0x00,
    0x00, 0x00, 0x00, 0x00, 0x00, 0x00, 0x00, 0x00, 0x00, 0x00, 0x00, 0x00,
    0x00, 0x00, 0x00, 0x00, 0x00, 0x00, 0x00, 0x00, 0x00, 0x00, 0x00, 0x00,
    0x00, 0x00, 0x00, 0x00, 0x00, 0x00, 0x00, 0x00, 0x28, 0xe8, 0xf8, 0x20,
    0x28, 0xe8, 0xf0, 0xff, 0x30, 0xec, 0xf0, 0xff, 0x28, 0xec, 0xf8, 0xff,
    0x28, 0xe8, 0xf8, 0xff, 0x30, 0xec, 0xf0, 0xff, 0x28, 0xe8, 0xf8, 0xff,
    0x28, 0xec, 0xf8, 0xff, 0x28, 0xec, 0xf0, 0xff, 0x28, 0xe8, 0xf0, 0xff,
    0x30, 0xec, 0xf8, 0xff, 0x28, 0xe8, 0xf8, 0xff, 0x28, 0xec, 0xf0, 0xff,
    0x28, 0xec, 0xf8, 0xff, 0x28, 0xe8, 0xf8, 0xdf, 0x30, 0xec, 0xf0, 0xdf,
    0x28, 0xe8, 0xf0, 0xff, 0x28, 0xe8, 0xf8, 0xff, 0x30, 0xec, 0xf8, 0xff,
    0x28, 0xec, 0xf0, 0xff, 0x30, 0xe8, 0xf8, 0xff, 0x30, 0xec, 0xf8, 0xff,
    0x28, 0xe8, 0xf0, 0xff, 0x30, 0xec, 0xf0, 0xff, 0x28, 0xec, 0xf8, 0xff,
    0x28, 0xe8, 0xf8, 0xff, 0x28, 0xec, 0xf0, 0xff, 0x28, 0xec, 0xf0, 0xff,
    0x28, 0xe8, 0xf8, 0xff, 0x28, 0xe8, 0xf8, 0x20, 0x00, 0x00, 0x00, 0x00,
    0x00, 0x00, 0x00, 0x00, 0x00, 0x00, 0x00, 0x00, 0x00, 0x00, 0x00, 0x00,
    0x00, 0x00, 0x00, 0x00, 0x00, 0x00, 0x00, 0x00, 0x00, 0x00, 0x00, 0x00,
    0x00, 0x00, 0x00, 0x00, 0x00, 0x00, 0x00, 0x00, 0x00, 0x00, 0x00, 0x00,
    0x00, 0x00, 0x00, 0x00, 0x00, 0x00, 0x00, 0x00, 0x00, 0x00, 0x00, 0x00,
    0x00, 0x00, 0x00, 0x00, 0x00, 0x00, 0x00, 0x00, 0x00, 0x00, 0x00, 0x00,
    0x00, 0x00, 0x00, 0x00, 0x00, 0x00, 0x00, 0x00, 0x00, 0x00, 0x00, 0x00,
    0x00, 0x00, 0x00, 0x00, 0x00, 0x00, 0x00, 0x00, 0x00, 0x00, 0x00, 0x00,
    0x00, 0x00, 0x00, 0x00, 0x00, 0x00, 0x00, 0x00, 0x00, 0x00, 0x00, 0x00,
    0x00, 0x00, 0x00, 0x00, 0x00, 0x00, 0x00, 0x00, 0x00, 0x00, 0x00, 0x00,
    0x00, 0x00, 0x00, 0x00, 0x00, 0x00, 0x00, 0x00, 0x00, 0x00, 0x00, 0x00,
    0x00, 0x00, 0x00, 0x00, 0x00, 0x00, 0x00, 0x00, 0x00, 0x00, 0x00, 0x00,
    0x00, 0x00, 0x00, 0x00, 0x00, 0x00, 0x00, 0x00, 0x00, 0x00, 0x00, 0x00,
    0x00, 0x00, 0x00, 0x00, 0x00, 0x00, 0x00, 0x00, 0x00, 0x00, 0x00, 0x00,
    0x00, 0x00, 0x00, 0x00, 0x00, 0x00, 0x00, 0x00, 0x00, 0x00, 0x00, 0x00,
    0x00, 0x00, 0x00, 0x00, 0x00, 0x00, 0x00, 0x00, 0x00, 0x00, 0x00, 0x00,
    0x00, 0x00, 0x00, 0x00, 0x00, 0x00, 0x00, 0x00, 0x00, 0x00, 0x00, 0x00,
    0x00, 0x00, 0x00, 0x00, 0x00, 0x00, 0x00, 0x00, 0x00, 0x00, 0x00, 0x00,
    0x00, 0x00, 0x00, 0x00, 0x00, 0x00, 0x00, 0x00, 0x00, 0x00, 0x00, 0x00,
    0x00, 0x00, 0x00, 0x00, 0x00, 0x00, 0x00, 0x00, 0x00, 0x00, 0x00, 0x00,
    0x00, 0x00, 0x00, 0x00, 0x00, 0x00, 0x00, 0x00, 0x00, 0x00, 0x00, 0x00,
    0x00, 0x00, 0x00, 0x00, 0x00, 0x00, 0x00, 0x00, 0x00, 0x00, 0x00, 0x00,
    0x00, 0x00, 0x00, 0x00, 0x00, 0x00, 0x00, 0x00, 0x00, 0x00, 0x00, 0x00,
    0x00, 0x00, 0x00, 0x00, 0x00, 0x00, 0x00, 0x00, 0x00, 0x00, 0x00, 0x00,
    0x28, 0xe8, 0xf0, 0xdf, 0x28, 0xec, 0xf8, 0xff, 0x28, 0xe8, 0xf0, 0xff,
    0x30, 0xe8, 0xf0, 0xff, 0x28, 0xec, 0xf8, 0xff, 0x28, 0xe8, 0xf0, 0xff,
    0x28, 0xe8, 0xf0, 0xff, 0x30, 0xec, 0xf8, 0xff, 0x28, 0xe8, 0xf0, 0xff,
    0x28, 0xe8, 0xf0, 0xff, 0x30, 0xec, 0xf8, 0xff, 0x28, 0xec, 0xf0, 0xff,
    0x30, 0xe8, 0xf0, 0xff, 0x28, 0xe8, 0xf8, 0xff, 0x30, 0xec, 0xf0, 0x41,
    0x30, 0xec, 0xf0, 0x41, 0x28, 0xec, 0xf8, 0xff, 0x28, 0xe8, 0xf0, 0xff,
    0x28, 0xe8, 0xf0, 0xff, 0x28, 0xec, 0xf8, 0xff, 0x28, 0xe8, 0xf0, 0xff,
    0x28, 0xec, 0xf8, 0xff, 0x28, 0xe8, 0xf0, 0xff, 0x30, 0xe8, 0xf0, 0xff,
    0x28, 0xec, 0xf8, 0xff, 0x30, 0xe8, 0xf0, 0xff, 0x28, 0xe8, 0xf8, 0xff,
    0x28, 0xec, 0xf8, 0xff, 0x30, 0xec, 0xf0, 0xff, 0x28, 0xe8, 0xf0, 0xbe,
    0x00, 0x00, 0x00, 0x00, 0x00, 0x00, 0x00, 0x00, 0x00, 0x00, 0x00, 0x00,
    0x00, 0x00, 0x00, 0x00, 0x00, 0x00, 0x00, 0x00, 0x00, 0x00, 0x00, 0x00,
    0x00, 0x00, 0x00, 0x00, 0x00, 0x00, 0x00, 0x00, 0x00, 0x00, 0x00, 0x00,
    0x00, 0x00, 0x00, 0x00, 0x00, 0x00, 0x00, 0x00, 0x00, 0x00, 0x00, 0x00,
    0x00, 0x00, 0x00, 0x00, 0x00, 0x00, 0x00, 0x00, 0x00, 0x00, 0x00, 0x00,
    0x00, 0x00, 0x00, 0x00, 0x00, 0x00, 0x00, 0x00, 0x00, 0x00, 0x00, 0x00,
    0x00, 0x00, 0x00, 0x00, 0x00, 0x00, 0x00, 0x00, 0x00, 0x00, 0x00, 0x00,
    0x00, 0x00, 0x00, 0x00, 0x00, 0x00, 0x00, 0x00, 0x00, 0x00, 0x00, 0x00,
    0x00, 0x00, 0x00, 0x00, 0x00, 0x00, 0x00, 0x00, 0x00, 0x00, 0x00, 0x00,
    0x00, 0x00, 0x00, 0x00, 0x00, 0x00, 0x00, 0x00, 0x00, 0x00, 0x00, 0x00,
    0x00, 0x00, 0x00, 0x00, 0x00, 0x00, 0x00, 0x00, 0x00, 0x00, 0x00, 0x00,
    0x00, 0x00, 0x00, 0x00, 0x00, 0x00, 0x00, 0x00, 0x00, 0x00, 0x00, 0x00,
    0x00, 0x00, 0x00, 0x00, 0x00, 0x00, 0x00, 0x00, 0x00, 0x00, 0x00, 0x00,
    0x00, 0x00, 0x00, 0x00, 0x00, 0x00, 0x00, 0x00, 0x00, 0x00, 0x00, 0x00,
    0x00, 0x00, 0x00, 0x00, 0x00, 0x00, 0x00, 0x00, 0x00, 0x00, 0x00, 0x00,
    0x00, 0x00, 0x00, 0x00, 0x00, 0x00, 0x00, 0x00, 0x00, 0x00, 0x00, 0x00,
    0x00, 0x00, 0x00, 0x00, 0x00, 0x00, 0x00, 0x00, 0x00, 0x00, 0x00, 0x00,
    0x00, 0x00, 0x00, 0x00, 0x00, 0x00, 0x00, 0x00, 0x00, 0x00, 0x00, 0x00,
    0x00, 0x00, 0x00, 0x00, 0x00, 0x00, 0x00, 0x00, 0x00, 0x00, 0x00, 0x00,
    0x00, 0x00, 0x00, 0x00, 0x00, 0x00, 0x00, 0x00, 0x00, 0x00, 0x00, 0x00,
    0x00, 0x00, 0x00, 0x00, 0x00, 0x00, 0x00, 0x00, 0x00, 0x00, 0x00, 0x00,
    0x00, 0x00, 0x00, 0x00, 0x00, 0x00, 0x00, 0x00, 0x00, 0x00, 0x00, 0x00,
    0x00, 0x00, 0x00, 0x00, 0x00, 0x00, 0x00, 0x00, 0x00, 0x00, 0x00, 0x00,
    0x30, 0xec, 0xf0, 0x41, 0x28, 0xe8, 0xf8, 0xff, 0x28, 0xec, 0xf8, 0xff,
    0x28, 0xec, 0xf0, 0xff, 0x28, 0xe8, 0xf8, 0xff, 0x28, 0xec, 0xf8, 0xff,
    0x28, 0xec, 0xf0, 0xff, 0x30, 0xe8, 0xf8, 0xff, 0x28, 0xec, 0xf8, 0xff,
    0x28, 0xe8, 0xf0, 0xff, 0x28, 0xec, 0xf8, 0xff, 0x28, 0xe8, 0xf8, 0xff,
    0x28, 0xe8, 0xf0, 0xff, 0x28, 0xec, 0xf8, 0xff, 0x28, 0xe8, 0xf0, 0xdf,
    0x00, 0x00, 0x00, 0x00, 0x00, 0x00, 0x00, 0x00, 0x28, 0xec, 0xf8, 0xdf,
    0x30, 0xe8, 0xf8, 0xff, 0x28, 0xec, 0xf0, 0xff, 0x28, 0xe8, 0xf8, 0xff,
    0x28, 0xec, 0xf0, 0xff, 0x28, 0xe8, 0xf8, 0xff, 0x28, 0xec, 0xf8, 0xff,
    0x28, 0xec, 0xf0, 0xff, 0x28, 0xe8, 0xf8, 0xff, 0x28, 0xec, 0xf0, 0xff,
    0x30, 0xe8, 0xf0, 0xff, 0x28, 0xe8, 0xf8, 0xff, 0x28, 0xec, 0xf0, 0xff,
    0x28, 0xe8, 0xf8, 0xff, 0x28, 0xec, 0xf0, 0x61, 0x00, 0x00, 0x00, 0x00,
    0x00, 0x00, 0x00, 0x00, 0x00, 0x00, 0x00, 0x00, 0x00, 0x00, 0x00, 0x00,
    0x00, 0x00, 0x00, 0x00, 0x00, 0x00, 0x00, 0x00, 0x00, 0x00, 0x00, 0x00,
    0x00, 0x00, 0x00, 0x00, 0x00, 0x00, 0x00, 0x00, 0x00, 0x00, 0x00, 0x00,
    0x00, 0x00, 0x00, 0x00, 0x00, 0x00, 0x00, 0x00, 0x00, 0x00, 0x00, 0x00,
    0x00, 0x00, 0x00, 0x00, 0x00, 0x00, 0x00, 0x00, 0x00, 0x00, 0x00, 0x00,
    0x00, 0x00, 0x00, 0x00, 0x00, 0x00, 0x00, 0x00, 0x00, 0x00, 0x00, 0x00,
    0x00, 0x00, 0x00, 0x00, 0x00, 0x00, 0x00, 0x00, 0x00, 0x00, 0x00, 0x00,
    0x00, 0x00, 0x00, 0x00, 0x00, 0x00, 0x00, 0x00, 0x00, 0x00, 0x00, 0x00,
    0x00, 0x00, 0x00, 0x00, 0x00, 0x00, 0x00, 0x00, 0x00, 0x00, 0x00, 0x00,
    0x00, 0x00, 0x00, 0x00, 0x00, 0x00, 0x00, 0x00, 0x00, 0x00, 0x00, 0x00,
    0x00, 0x00, 0x00, 0x00, 0x00, 0x00, 0x00, 0x00, 0x00, 0x00, 0x00, 0x00,
    0x00, 0x00, 0x00, 0x00, 0x00, 0x00, 0x00, 0x00, 0x00, 0x00, 0x00, 0x00,
    0x00, 0x00, 0x00, 0x00, 0x00, 0x00, 0x00, 0x00, 0x00, 0x00, 0x00, 0x00,
    0x00, 0x00, 0x00, 0x00, 0x00, 0x00, 0x00, 0x00, 0x00, 0x00, 0x00, 0x00,
    0x00, 0x00, 0x00, 0x00, 0x00, 0x00, 0x00, 0x00, 0x00, 0x00, 0x00, 0x00,
    0x00, 0x00, 0x00, 0x00, 0x00, 0x00, 0x00, 0x00, 0x00, 0x00, 0x00, 0x00,
    0x00, 0x00, 0x00, 0x00, 0x00, 0x00, 0x00, 0x00, 0x00, 0x00, 0x00, 0x00,
    0x00, 0x00, 0x00, 0x00, 0x00, 0x00, 0x00, 0x00, 0x00, 0x00, 0x00, 0x00,
    0x00, 0x00, 0x00, 0x00, 0x00, 0x00, 0x00, 0x00, 0x00, 0x00, 0x00, 0x00,
    0x00, 0x00, 0x00, 0x00, 0x00, 0x00, 0x00, 0x00, 0x00, 0x00, 0x00, 0x00,
    0x00, 0x00, 0x00, 0x00, 0x00, 0x00, 0x00, 0x00, 0x00, 0x00, 0x00, 0x00,
    0x00, 0x00, 0x00, 0x00, 0x00, 0x00, 0x00, 0x00, 0x00, 0x00, 0x00, 0x00,
    0x00, 0x00, 0x00, 0x00, 0x28, 0xe8, 0xf0, 0xdf, 0x28, 0xec, 0xf8, 0xff,
    0x30, 0xe8, 0xf0, 0xff, 0x28, 0xec, 0xf0, 0xff, 0x28, 0xe8, 0xf8, 0xff,
    0x30, 0xe8, 0xf0, 0xff, 0x28, 0xec, 0xf0, 0xff, 0x28, 0xec, 0xf8, 0xff,
    0x28, 0xe8, 0xf0, 0xff, 0x30, 0xec, 0xf0, 0xff, 0x28, 0xec, 0xf8, 0xff,
    0x30, 0xe8, 0xf0, 0xff, 0x28, 0xec, 0xf8, 0xff, 0x28, 0xec, 0xf8, 0xff,
    0x30, 0xec, 0xf0, 0x41, 0x00, 0x00, 0x00, 0x00, 0x00, 0x00, 0x00, 0x00,
    0x30, 0xec, 0xf0, 0x41, 0x28, 0xe8, 0xf8, 0xff, 0x28, 0xec, 0xf0, 0xff,
    0x30, 0xec, 0xf0, 0xff, 0x30, 0xe8, 0xf8, 0xff, 0x28, 0xe8, 0xf0, 0xff,
    0x30, 0xec, 0xf0, 0xff, 0x28, 0xe8, 0xf8, 0xff, 0x28, 0xec, 0xf8, 0xff,
    0x28, 0xec, 0xf0, 0xff, 0x28, 0xec, 0xf8, 0xff, 0x30, 0xe8, 0xf0, 0xff,
    0x28, 0xec, 0xf8, 0xff, 0x28, 0xe8, 0xf8, 0xff, 0x30, 0xe8, 0xf0, 0xdf,
    0x28, 0xe8, 0xf8, 0x20, 0x00, 0x00, 0x00, 0x00, 0x00, 0x00, 0x00, 0x00,
    0x00, 0x00, 0x00, 0x00, 0x00, 0x00, 0x00, 0x00, 0x00, 0x00, 0x00, 0x00,
    0x00, 0x00, 0x00, 0x00, 0x00, 0x00, 0x00, 0x00, 0x00, 0x00, 0x00, 0x00,
    0x00, 0x00, 0x00, 0x00, 0x00, 0x00, 0x00, 0x00, 0x00, 0x00, 0x00, 0x00,
    0x00, 0x00, 0x00, 0x00, 0x00, 0x00, 0x00, 0x00, 0x00, 0x00, 0x00, 0x00,
    0x00, 0x00, 0x00, 0x00, 0x00, 0x00, 0x00, 0x00, 0x00, 0x00, 0x00, 0x00,
    0x00, 0x00, 0x00, 0x00, 0x00, 0x00, 0x00, 0x00, 0x00, 0x00, 0x00, 0x00,
    0x00, 0x00, 0x00, 0x00, 0x00, 0x00, 0x00, 0x00, 0x00, 0x00, 0x00, 0x00,
    0x00, 0x00, 0x00, 0x00, 0x00, 0x00, 0x00, 0x00, 0x00, 0x00, 0x00, 0x00,
    0x00, 0x00, 0x00, 0x00, 0x00, 0x00, 0x00, 0x00, 0x00, 0x00, 0x00, 0x00,
    0x00, 0x00, 0x00, 0x00, 0x00, 0x00, 0x00, 0x00, 0x00, 0x00, 0x00, 0x00,
    0x00, 0x00, 0x00, 0x00, 0x00, 0x00, 0x00, 0x00, 0x00, 0x00, 0x00, 0x00,
    0x00, 0x00, 0x00, 0x00, 0x00, 0x00, 0x00, 0x00, 0x00, 0x00, 0x00, 0x00,
    0x00, 0x00, 0x00, 0x00, 0x00, 0x00, 0x00, 0x00, 0x00, 0x00, 0x00, 0x00,
    0x00, 0x00, 0x00, 0x00, 0x00, 0x00, 0x00, 0x00, 0x00, 0x00, 0x00, 0x00,
    0x00, 0x00, 0x00, 0x00, 0x00, 0x00, 0x00, 0x00, 0x00, 0x00, 0x00, 0x00,
    0x00, 0x00, 0x00, 0x00, 0x00, 0x00, 0x00, 0x00, 0x00, 0x00, 0x00, 0x00,
    0x00, 0x00, 0x00, 0x00, 0x00, 0x00, 0x00, 0x00, 0x00, 0x00, 0x00, 0x00,
    0x00, 0x00, 0x00, 0x00, 0x00, 0x00, 0x00, 0x00, 0x00, 0x00, 0x00, 0x00,
    0x00, 0x00, 0x00, 0x00, 0x00, 0x00, 0x00, 0x00, 0x00, 0x00, 0x00, 0x00,
    0x00, 0x00, 0x00, 0x00, 0x00, 0x00, 0x00, 0x00, 0x00, 0x00, 0x00, 0x00,
    0x00, 0x00, 0x00, 0x00, 0x00, 0x00, 0x00, 0x00, 0x00, 0x00, 0x00, 0x00,
    0x00, 0x00, 0x00, 0x00, 0x28, 0xe8, 0xf0, 0x7d, 0x28, 0xec, 0xf8, 0xff,
    0x28, 0xe8, 0xf0, 0xff, 0x28, 0xe8, 0xf8, 0xff, 0x30, 0xec, 0xf8, 0xff,
    0x28, 0xec, 0xf0, 0xff, 0x28, 0xe8, 0xf8, 0xff, 0x30, 0xe8, 0xf8, 0xff,
    0x28, 0xec, 0xf0, 0xff, 0x28, 0xe8, 0xf8, 0xff, 0x28, 0xe8, 0xf8, 0xff,
    0x30, 0xec, 0xf0, 0xff, 0x28, 0xe8, 0xf0, 0xff, 0x28, 0xe8, 0xf8, 0xff,
    0x30, 0xec, 0xf0, 0xdf, 0x00, 0x00, 0x00, 0x00, 0x00, 0x00, 0x00, 0x00,
    0x00, 0x00, 0x00, 0x00, 0x00, 0x00, 0x00, 0x00, 0x28, 0xe8, 0xf8, 0xdf,
    0x28, 0xe8, 0xf0, 0xff, 0x28, 0xec, 0xf8, 0xff, 0x28, 0xe8, 0xf8, 0xff,
    0x28, 0xec, 0xf0, 0xff, 0x28, 0xe8, 0xf0, 0xff, 0x30, 0xe8, 0xf8, 0xff,
    0x30, 0xe8, 0xf0, 0xff, 0x28, 0xec, 0xf8, 0xff, 0x28, 0xe8, 0xf8, 0xff,
    0x28, 0xec, 0xf0, 0xff, 0x30, 0xec, 0xf0, 0xff, 0x28, 0xe8, 0xf8, 0xff,
    0x28, 0xec, 0xf0, 0xff, 0x28, 0xe8, 0xf8, 0x61, 0x00, 0x00, 0x00, 0x00,
    0x00, 0x00, 0x00, 0x00, 0x00, 0x00, 0x00, 0x00, 0x00, 0x00, 0x00, 0x00,
    0x00, 0x00, 0x00, 0x00, 0x00, 0x00, 0x00, 0x00, 0x00, 0x00, 0x00, 0x00,
    0x00, 0x00, 0x00, 0x00, 0x00, 0x00, 0x00, 0x00, 0x00, 0x00, 0x00, 0x00,
    0x00, 0x00, 0x00, 0x00, 0x00, 0x00, 0x00, 0x00, 0x00, 0x00, 0x00, 0x00,
    0x00, 0x00, 0x00, 0x00, 0x00, 0x00, 0x00, 0x00, 0x00, 0x00, 0x00, 0x00,
    0x00, 0x00, 0x00, 0x00, 0x00, 0x00, 0x00, 0x00, 0x00, 0x00, 0x00, 0x00,
    0x00, 0x00, 0x00, 0x00, 0x00, 0x00, 0x00, 0x00, 0x00, 0x00, 0x00, 0x00,
    0x00, 0x00, 0x00, 0x00, 0x00, 0x00, 0x00, 0x00, 0x00, 0x00, 0x00, 0x00,
    0x00, 0x00, 0x00, 0x00, 0x00, 0x00, 0x00, 0x00, 0x00, 0x00, 0x00, 0x00,
    0x00, 0x00, 0x00, 0x00, 0x00, 0x00, 0x00, 0x00, 0x00, 0x00, 0x00, 0x00,
    0x00, 0x00, 0x00, 0x00, 0x00, 0x00, 0x00, 0x00, 0x00, 0x00, 0x00, 0x00,
    0x00, 0x00, 0x00, 0x00, 0x00, 0x00, 0x00, 0x00, 0x00, 0x00, 0x00, 0x00,
    0x00, 0x00, 0x00, 0x00, 0x00, 0x00, 0x00, 0x00, 0x00, 0x00, 0x00, 0x00,
    0x00, 0x00, 0x00, 0x00, 0x00, 0x00, 0x00, 0x00, 0x00, 0x00, 0x00, 0x00,
    0x00, 0x00, 0x00, 0x00, 0x00, 0x00, 0x00, 0x00, 0x00, 0x00, 0x00, 0x00,
    0x00, 0x00, 0x00, 0x00, 0x00, 0x00, 0x00, 0x00, 0x00, 0x00, 0x00, 0x00,
    0x00, 0x00, 0x00, 0x00, 0x00, 0x00, 0x00, 0x00, 0x00, 0x00, 0x00, 0x00,
    0x00, 0x00, 0x00, 0x00, 0x00, 0x00, 0x00, 0x00, 0x00, 0x00, 0x00, 0x00,
    0x00, 0x00, 0x00, 0x00, 0x00, 0x00, 0x00, 0x00, 0x00, 0x00, 0x00, 0x00,
    0x00, 0x00, 0x00, 0x00, 0x00, 0x00, 0x00, 0x00, 0x00, 0x00, 0x00, 0x00,
    0x00, 0x00, 0x00, 0x00, 0x00, 0x00, 0x00, 0x00, 0x00, 0x00, 0x00, 0x00,
    0x00, 0x00, 0x00, 0x00, 0x00, 0x00, 0x00, 0x00, 0x28, 0xe8, 0xf8, 0xdf,
    0x28, 0xec, 0xf0, 0xff, 0x30, 0xec, 0xf8, 0xff, 0x28, 0xe8, 0xf0, 0xff,
    0x28, 0xec, 0xf8, 0xff, 0x28, 0xe8, 0xf0, 0xff, 0x28, 0xec, 0xf0, 0xff,
    0x30, 0xec, 0xf8, 0xff, 0x28, 0xe8, 0xf0, 0xff, 0x28, 0xec, 0xf0, 0xff,
    0x28, 0xe8, 0xf8, 0xff, 0x28, 0xec, 0xf8, 0xff, 0x28, 0xec, 0xf0, 0xff,
    0x28, 0xe8, 0xf8, 0xff, 0x30, 0xec, 0xf0, 0x41, 0x00, 0x00, 0x00, 0x00,
    0x00, 0x00, 0x00, 0x00, 0x00, 0x00, 0x00, 0x00, 0x00, 0x00, 0x00, 0x00,
    0x30, 0xec, 0xf0, 0x41, 0x28, 0xec, 0xf8, 0xff, 0x28, 0xe8, 0xf0, 0xff,
    0x30, 0xec, 0xf8, 0xff, 0x28, 0xec, 0xf8, 0xff, 0x28, 0xec, 0xf8, 0xff,
    0x28, 0xe8, 0xf0, 0xff, 0x28, 0xec, 0xf0, 0xff, 0x30, 0xe8, 0xf8, 0xff,
    0x28, 0xe8, 0xf0, 0xff, 0x28, 0xec, 0xf8, 0xff, 0x28, 0xe8, 0xf0, 0xff,
    0x28, 0xec, 0xf8, 0xff, 0x28, 0xec, 0xf0, 0xff, 0x28, 0xe8, 0xf0, 0xdf,
    0x28, 0xe8, 0xf8, 0x20, 0x00, 0x00, 0x00, 0x00, 0x00, 0x00, 0x00, 0x00,
    0x00, 0x00, 0x00, 0x00, 0x00, 0x00, 0x00, 0x00, 0x00, 0x00, 0x00, 0x00,
    0x00, 0x00, 0x00, 0x00, 0x00, 0x00, 0x00, 0x00, 0x00, 0x00, 0x00, 0x00,
    0x00, 0x00, 0x00, 0x00, 0x00, 0x00, 0x00, 0x00, 0x00, 0x00, 0x00, 0x00,
    0x00, 0x00, 0x00, 0x00, 0x00, 0x00, 0x00, 0x00, 0x00, 0x00, 0x00, 0x00,
    0x00, 0x00, 0x00, 0x00, 0x00, 0x00, 0x00, 0x00, 0x00, 0x00, 0x00, 0x00,
    0x00, 0x00, 0x00, 0x00, 0x00, 0x00, 0x00, 0x00, 0x00, 0x00, 0x00, 0x00,
    0x00, 0x00, 0x00, 0x00, 0x00, 0x00, 0x00, 0x00, 0x00, 0x00, 0x00, 0x00,
    0x00, 0x00, 0x00, 0x00, 0x00, 0x00, 0x00, 0x00, 0x00, 0x00, 0x00, 0x00,
    0x00, 0x00, 0x00, 0x00, 0x00, 0x00, 0x00, 0x00, 0x00, 0x00, 0x00, 0x00,
    0x00, 0x00, 0x00, 0x00, 0x00, 0x00, 0x00, 0x00, 0x00, 0x00, 0x00, 0x00,
    0x00, 0x00, 0x00, 0x00, 0x00, 0x00, 0x00, 0x00, 0x00, 0x00, 0x00, 0x00,
    0x00, 0x00, 0x00, 0x00, 0x00, 0x00, 0x00, 0x00, 0x00, 0x00, 0x00, 0x00,
    0x00, 0x00, 0x00, 0x00, 0x00, 0x00, 0x00, 0x00, 0x00, 0x00, 0x00, 0x00,
    0x00, 0x00, 0x00, 0x00, 0x00, 0x00, 0x00, 0x00, 0x00, 0x00, 0x00, 0x00,
    0x00, 0x00, 0x00, 0x00, 0x00, 0x00, 0x00, 0x00, 0x00, 0x00, 0x00, 0x00,
    0x00, 0x00, 0x00, 0x00, 0x00, 0x00, 0x00, 0x00, 0x00, 0x00, 0x00, 0x00,
    0x00, 0x00, 0x00, 0x00, 0x00, 0x00, 0x00, 0x00, 0x00, 0x00, 0x00, 0x00,
    0x00, 0x00, 0x00, 0x00, 0x00, 0x00, 0x00, 0x00, 0x00, 0x00, 0x00, 0x00,
    0x00, 0x00, 0x00, 0x00, 0x00, 0x00, 0x00, 0x00, 0x00, 0x00, 0x00, 0x00,
    0x00, 0x00, 0x00, 0x00, 0x00, 0x00, 0x00, 0x00, 0x00, 0x00, 0x00, 0x00,
    0x00, 0x00, 0x00, 0x00, 0x00, 0x00, 0x00, 0x00, 0x28, 0xe8, 0xf0, 0x7d,
    0x28, 0xe8, 0xf8, 0xff, 0x28, 0xec, 0xf0, 0xff, 0x30, 0xe8, 0xf0, 0xff,
    0x28, 0xec, 0xf8, 0xff, 0x28, 0xe8, 0xf0, 0xff, 0x30, 0xe8, 0xf8, 0xff,
    0x28, 0xec, 0xf0, 0xff, 0x28, 0xe8, 0xf8, 0xff, 0x30, 0xe8, 0xf8, 0xff,
    0x28, 0xec, 0xf0, 0xff, 0x30, 0xec, 0xf0, 0xff, 0x28, 0xe8, 0xf8, 0xff,
    0x28, 0xe8, 0xf0, 0xff, 0x28, 0xec, 0xf8, 0xbe, 0x00, 0x00, 0x00, 0x00,
    0x00, 0x00, 0x00, 0x00, 0x00, 0x00, 0x00, 0x00, 0x00, 0x00, 0x00, 0x00,
    0x00, 0x00, 0x00, 0x00, 0x00, 0x00, 0x00, 0x00, 0x28, 0xe8, 0xf0, 0x9e,
    0x28, 0xec, 0xf0, 0xff, 0x30, 0xe8, 0xf0, 0xff, 0x28, 0xe8, 0xf8, 0xff,
    0x28, 0xec, 0xf0, 0xff, 0x28, 0xec, 0xf8, 0xff, 0x28, 0xe8, 0xf8, 0xff,
    0x28, 0xec, 0xf0, 0xff, 0x30, 0xec, 0xf0, 0xff, 0x28, 0xe8, 0xf8, 0xff,
    0x28, 0xe8, 0xf8, 0xff, 0x30, 0xec, 0xf0, 0xff, 0x30, 0xe8, 0xf8, 0xff,
    0x28, 0xec, 0xf8, 0xff, 0x28, 0xe8, 0xf0, 0x7d, 0x00, 0x00, 0x00, 0x00,
    0x00, 0x00, 0x00, 0x00, 0x00, 0x00, 0x00, 0x00, 0x00, 0x00, 0x00, 0x00,
    0x00, 0x00, 0x00, 0x00, 0x00, 0x00, 0x00, 0x00, 0x00, 0x00, 0x00, 0x00,
    0x00, 0x00, 0x00, 0x00, 0x00, 0x00, 0x00, 0x00, 0x00, 0x00, 0x00, 0x00,
    0x00, 0x00, 0x00, 0x00, 0x00, 0x00, 0x00, 0x00, 0x00, 0x00, 0x00, 0x00,
    0x00, 0x00, 0x00, 0x00, 0x00, 0x00, 0x00, 0x00, 0x00, 0x00, 0x00, 0x00,
    0x00, 0x00, 0x00, 0x00, 0x00, 0x00, 0x00, 0x00, 0x00, 0x00, 0x00, 0x00,
    0x00, 0x00, 0x00, 0x00, 0x00, 0x00, 0x00, 0x00, 0x00, 0x00, 0x00, 0x00,
    0x00, 0x00, 0x00, 0x00, 0x00, 0x00, 0x00, 0x00, 0x00, 0x00, 0x00, 0x00,
    0x00, 0x00, 0x00, 0x00, 0x00, 0x00, 0x00, 0x00, 0x00, 0x00, 0x00, 0x00,
    0x00, 0x00, 0x00, 0x00, 0x00, 0x00, 0x00, 0x00, 0x00, 0x00, 0x00, 0x00,
    0x00, 0x00, 0x00, 0x00, 0x00, 0x00, 0x00, 0x00, 0x00, 0x00, 0x00, 0x00,
    0x00, 0x00, 0x00, 0x00, 0x00, 0x00, 0x00, 0x00, 0x00, 0x00, 0x00, 0x00,
    0x00, 0x00, 0x00, 0x00, 0x00, 0x00, 0x00, 0x00, 0x00, 0x00, 0x00, 0x00,
    0x00, 0x00, 0x00, 0x00, 0x00, 0x00, 0x00, 0x00, 0x00, 0x00, 0x00, 0x00,
    0x00, 0x00, 0x00, 0x00, 0x00, 0x00, 0x00, 0x00, 0x00, 0x00, 0x00, 0x00,
    0x00, 0x00, 0x00, 0x00, 0x00, 0x00, 0x00, 0x00, 0x00, 0x00, 0x00, 0x00,
    0x00, 0x00, 0x00, 0x00, 0x00, 0x00, 0x00, 0x00, 0x00, 0x00, 0x00, 0x00,
    0x00, 0x00, 0x00, 0x00, 0x00, 0x00, 0x00, 0x00, 0x00, 0x00, 0x00, 0x00,
    0x00, 0x00, 0x00, 0x00, 0x00, 0x00, 0x00, 0x00, 0x00, 0x00, 0x00, 0x00,
    0x00, 0x00, 0x00, 0x00, 0x00, 0x00, 0x00, 0x00, 0x00, 0x00, 0x00, 0x00,
    0x00, 0x00, 0x00, 0x00, 0x00, 0x00, 0x00, 0x00, 0x00, 0x00, 0x00, 0x00,
    0x28, 0xec, 0xf0, 0xff, 0x28, 0xec, 0xf8, 0xff, 0x30, 0xe8, 0xf8, 0xff,
    0x28, 0xe8, 0xf0, 0xff, 0x28, 0xec, 0xf8, 0xff, 0x28, 0xec, 0xf8, 0xff,
    0x30, 0xe8, 0xf0, 0xff, 0x28, 0xec, 0xf8, 0xff, 0x28, 0xec, 0xf0, 0xff,
    0x28, 0xe8, 0xf8, 0xff, 0x28, 0xe8, 0xf8, 0xff, 0x30, 0xec, 0xf0, 0xff,
    0x28, 0xe8, 0xf0, 0xff, 0x30, 0xe8, 0xf8, 0xff, 0x28, 0xe8, 0xf8, 0x20,
    0x00, 0x00, 0x00, 0x00, 0x00, 0x00, 0x00, 0x00, 0x00, 0x00, 0x00, 0x00,
    0x00, 0x00, 0x00, 0x00, 0x00, 0x00, 0x00, 0x00, 0x00, 0x00, 0x00, 0x00,
    0x30, 0xec, 0xf8, 0x41, 0x28, 0xe8, 0xf8, 0xff, 0x28, 0xec, 0xf0, 0xff,
    0x30, 0xe8, 0xf0, 0xff, 0x28, 0xe8, 0xf8, 0xff, 0x30, 0xec, 0xf0, 0xff,
    0x28, 0xe8, 0xf8, 0xff, 0x28, 0xe8, 0xf0, 0xff, 0x28, 0xec, 0xf8, 0xff,
    0x30, 0xe8, 0xf0, 0xff, 0x28, 0xec, 0xf0, 0xff, 0x28, 0xe8, 0xf8, 0xff,
    0x28, 0xe8, 0xf0, 0xff, 0x30, 0xec, 0xf8, 0xff, 0x28, 0xe8, 0xf8, 0xdf,
    0x28, 0xe8, 0xf8, 0x20, 0x00, 0x00, 0x00, 0x00, 0x00, 0x00, 0x00, 0x00,
    0x00, 0x00, 0x00, 0x00, 0x00, 0x00, 0x00, 0x00, 0x00, 0x00, 0x00, 0x00,
    0x00, 0x00, 0x00, 0x00, 0x00, 0x00, 0x00, 0x00, 0x00, 0x00, 0x00, 0x00,
    0x00, 0x00, 0x00, 0x00, 0x00, 0x00, 0x00, 0x00, 0x00, 0x00, 0x00, 0x00,
    0x00, 0x00, 0x00, 0x00, 0x00, 0x00, 0x00, 0x00, 0x00, 0x00, 0x00, 0x00,
    0x00, 0x00, 0x00, 0x00, 0x00, 0x00, 0x00, 0x00, 0x00, 0x00, 0x00, 0x00,
    0x00, 0x00, 0x00, 0x00, 0x00, 0x00, 0x00, 0x00, 0x00, 0x00, 0x00, 0x00,
    0x00, 0x00, 0x00, 0x00, 0x00, 0x00, 0x00, 0x00, 0x00, 0x00, 0x00, 0x00,
    0x00, 0x00, 0x00, 0x00, 0x00, 0x00, 0x00, 0x00, 0x00, 0x00, 0x00, 0x00,
    0x00, 0x00, 0x00, 0x00, 0x00, 0x00, 0x00, 0x00, 0x00, 0x00, 0x00, 0x00,
    0x00, 0x00, 0x00, 0x00, 0x00, 0x00, 0x00, 0x00, 0x00, 0x00, 0x00, 0x00,
    0x00, 0x00, 0x00, 0x00, 0x00, 0x00, 0x00, 0x00, 0x00, 0x00, 0x00, 0x00,
    0x00, 0x00, 0x00, 0x00, 0x00, 0x00, 0x00, 0x00, 0x00, 0x00, 0x00, 0x00,
    0x00, 0x00, 0x00, 0x00, 0x00, 0x00, 0x00, 0x00, 0x00, 0x00, 0x00, 0x00,
    0x00, 0x00, 0x00, 0x00, 0x00, 0x00, 0x00, 0x00, 0x00, 0x00, 0x00, 0x00,
    0x00, 0x00, 0x00, 0x00, 0x00, 0x00, 0x00, 0x00, 0x00, 0x00, 0x00, 0x00,
    0x00, 0x00, 0x00, 0x00, 0x00, 0x00, 0x00, 0x00, 0x00, 0x00, 0x00, 0x00,
    0x00, 0x00, 0x00, 0x00, 0x00, 0x00, 0x00, 0x00, 0x00, 0x00, 0x00, 0x00,
    0x00, 0x00, 0x00, 0x00, 0x00, 0x00, 0x00, 0x00, 0x00, 0x00, 0x00, 0x00,
    0x00, 0x00, 0x00, 0x00, 0x00, 0x00, 0x00, 0x00, 0x00, 0x00, 0x00, 0x00,
    0x00, 0x00, 0x00, 0x00, 0x00, 0x00, 0x00, 0x00, 0x00, 0x00, 0x00, 0x00,
    0x28, 0xe8, 0xf0, 0x7d, 0x28, 0xe8, 0xf8, 0xff, 0x30, 0xec, 0xf0, 0xff,
    0x28, 0xe8, 0xf8, 0xff, 0x28, 0xec, 0xf0, 0xff, 0x28, 0xe8, 0xf0, 0xff,
    0x28, 0xec, 0xf8, 0xff, 0x28, 0xe8, 0xf0, 0xff, 0x28, 0xe8, 0xf0, 0xff,
    0x30, 0xec, 0xf8, 0xff, 0x28, 0xec, 0xf0, 0xff, 0x28, 0xe8, 0xf8, 0xff,
    0x28, 0xec, 0xf8, 0xff, 0x28, 0xec, 0xf0, 0xff, 0x28, 0xe8, 0xf0, 0x7d,
    0x00, 0x00, 0x00, 0x00, 0x00, 0x00, 0x00, 0x00, 0x00, 0x00, 0x00, 0x00,
    0x00, 0x00, 0x00, 0x00, 0x00, 0x00, 0x00, 0x00, 0x00, 0x00, 0x00, 0x00,
    0x00, 0x00, 0x00, 0x00, 0x00, 0x00, 0x00, 0x00, 0x28, 0xec, 0xf8, 0x9e,
    0x28, 0xe8, 0xf8, 0xff, 0x28, 0xec, 0xf0, 0xff, 0x28, 0xec, 0xf8, 0xff,
    0x30, 0xe8, 0xf0, 0xff, 0x28, 0xec, 0xf0, 0xff, 0x28, 0xec, 0xf8, 0xff,
    0x30, 0xe8, 0xf8, 0xff, 0x28, 0xec, 0xf0, 0xff, 0x28, 0xec, 0xf8, 0xff,
    0x28, 0xe8, 0xf0, 0xff, 0x28, 0xec, 0xf0, 0xff, 0x28, 0xec, 0xf0, 0xff,
    0x30, 0xe8, 0xf0, 0xff, 0x28, 0xe8, 0xf0, 0x82, 0x00, 0x00, 0x00, 0x00,
    0x00, 0x00, 0x00, 0x00, 0x00, 0x00, 0x00, 0x00, 0x00, 0x00, 0x00, 0x00,
    0x00, 0x00, 0x00, 0x00, 0x00, 0x00, 0x00, 0x00, 0x00, 0x00, 0x00, 0x00,
    0x00, 0x00, 0x00, 0x00, 0x00, 0x00, 0x00, 0x00, 0x00, 0x00, 0x00, 0x00,
    0x00, 0x00, 0x00, 0x00, 0x00, 0x00, 0x00, 0x00, 0x00, 0x00, 0x00, 0x00,
    0x00, 0x00, 0x00, 0x00, 0x00, 0x00, 0x00, 0x00, 0x00, 0x00, 0x00, 0x00,
    0x00, 0x00, 0x00, 0x00, 0x00, 0x00, 0x00, 0x00, 0x00, 0x00, 0x00, 0x00,
    0x00, 0x00, 0x00, 0x00, 0x00, 0x00, 0x00, 0x00, 0x00, 0x00, 0x00, 0x00,
    0x00, 0x00, 0x00, 0x00, 0x00, 0x00, 0x00, 0x00, 0x00, 0x00, 0x00, 0x00,
    0x00, 0x00, 0x00, 0x00, 0x00, 0x00, 0x00, 0x00, 0x00, 0x00, 0x00, 0x00,
    0x00, 0x00, 0x00, 0x00, 0x00, 0x00, 0x00, 0x00, 0x00, 0x00, 0x00, 0x00,
    0x00, 0x00, 0x00, 0x00, 0x00, 0x00, 0x00, 0x00, 0x00, 0x00, 0x00, 0x00,
    0x00, 0x00, 0x00, 0x00, 0x00, 0x00, 0x00, 0x00, 0x00, 0x00, 0x00, 0x00,
    0x00, 0x00, 0x00, 0x00, 0x00, 0x00, 0x00, 0x00, 0x00, 0x00, 0x00, 0x00,
    0x00, 0x00, 0x00, 0x00, 0x00, 0x00, 0x00, 0x00, 0x00, 0x00, 0x00, 0x00,
    0x00, 0x00, 0x00, 0x00, 0x00, 0x00, 0x00, 0x00, 0x00, 0x00, 0x00, 0x00,
    0x00, 0x00, 0x00, 0x00, 0x00, 0x00, 0x00, 0x00, 0x00, 0x00, 0x00, 0x00,
    0x00, 0x00, 0x00, 0x00, 0x00, 0x00, 0x00, 0x00, 0x00, 0x00, 0x00, 0x00,
    0x00, 0x00, 0x00, 0x00, 0x00, 0x00, 0x00, 0x00, 0x00, 0x00, 0x00, 0x00,
    0x00, 0x00, 0x00, 0x00, 0x00, 0x00, 0x00, 0x00, 0x00, 0x00, 0x00, 0x00,
    0x00, 0x00, 0x00, 0x00, 0x00, 0x00, 0x00, 0x00, 0x00, 0x00, 0x00, 0x00,
    0x28, 0xe8, 0xf8, 0x20, 0x28, 0xe8, 0xf8, 0xff, 0x28, 0xec, 0xf0, 0xff,
    0x28, 0xe8, 0xf0, 0xff, 0x28, 0xec, 0xf8, 0xff, 0x30, 0xe8, 0xf8, 0xff,
    0x30, 0xec, 0xf0, 0xff, 0x28, 0xe8, 0xf8, 0xff, 0x28, 0xec, 0xf8, 0xff,
    0x30, 0xe8, 0xf0, 0xff, 0x28, 0xe8, 0xf8, 0xff, 0x28, 0xec, 0xf0, 0xff,
    0x30, 0xe8, 0xf0, 0xff, 0x28, 0xe8, 0xf8, 0xff, 0x28, 0xec, 0xf8, 0xff,
    0x28, 0xe8, 0xf8, 0x20, 0x00, 0x00, 0x00, 0x00, 0x00, 0x00, 0x00, 0x00,
    0x00, 0x00, 0x00, 0x00, 0x00, 0x00, 0x00, 0x00, 0x00, 0x00, 0x00, 0x00,
    0x00, 0x00, 0x00, 0x00, 0x00, 0x00, 0x00, 0x00, 0x00, 0x00, 0x00, 0x00,
    0x28, 0xe8, 0xf8, 0x20, 0x28, 0xe8, 0xf0, 0xdf, 0x28, 0xe8, 0xf8, 0xff,
    0x28, 0xec, 0xf8, 0xff, 0x28, 0xe8, 0xf0, 0xff, 0x28, 0xe8, 0xf8, 0xff,
    0x28, 0xec, 0xf0, 0xff, 0x28, 0xe8, 0xf0, 0xff, 0x28, 0xe8, 0xf8, 0xff,
    0x30, 0xec, 0xf8, 0xff, 0x30, 0xe8, 0xf8, 0xff, 0x28, 0xec, 0xf8, 0xff,
    0x28, 0xe8, 0xf8, 0xff, 0x28, 0xec, 0xf0, 0xff, 0x28, 0xec, 0xf8, 0xff,
    0x28, 0xe8, 0xf8, 0x20, 0x00, 0x00, 0x00, 0x00, 0x00, 0x00, 0x00, 0x00,
    0x00, 0x00, 0x00, 0x00, 0x00, 0x00, 0x00, 0x00, 0x00, 0x00, 0x00, 0x00,
    0x00, 0x00, 0x00, 0x00, 0x00, 0x00, 0x00, 0x00, 0x00, 0x00, 0x00, 0x00,
    0x00, 0x00, 0x00, 0x00, 0x00, 0x00, 0x00, 0x00, 0x00, 0x00, 0x00, 0x00,
    0x00, 0x00, 0x00, 0x00, 0x00, 0x00, 0x00, 0x00, 0x00, 0x00, 0x00, 0x00,
    0x00, 0x00, 0x00, 0x00, 0x00, 0x00, 0x00, 0x00, 0x00, 0x00, 0x00, 0x00,
    0x00, 0x00, 0x00, 0x00, 0x00, 0x00, 0x00, 0x00, 0x00, 0x00, 0x00, 0x00,
    0x00, 0x00, 0x00, 0x00, 0x00, 0x00, 0x00, 0x00, 0x00, 0x00, 0x00, 0x00,
    0x00, 0x00, 0x00, 0x00, 0x00, 0x00, 0x00, 0x00, 0x00, 0x00, 0x00, 0x00,
    0x00, 0x00, 0x00, 0x00, 0x00, 0x00, 0x00, 0x00, 0x00, 0x00, 0x00, 0x00,
    0x00, 0x00, 0x00, 0x00, 0x00, 0x00, 0x00, 0x00, 0x00, 0x00, 0x00, 0x00,
    0x00, 0x00, 0x00, 0x00, 0x00, 0x00, 0x00, 0x00, 0x00, 0x00, 0x00, 0x00,
    0x00, 0x00, 0x00, 0x00, 0x00, 0x00, 0x00, 0x00, 0x00, 0x00, 0x00, 0x00,
    0x00, 0x00, 0x00, 0x00, 0x00, 0x00, 0x00, 0x00, 0x00, 0x00, 0x00, 0x00,
    0x00, 0x00, 0x00, 0x00, 0x00, 0x00, 0x00, 0x00, 0x00, 0x00, 0x00, 0x00,
    0x00, 0x00, 0x00, 0x00, 0x00, 0x00, 0x00, 0x00, 0x00, 0x00, 0x00, 0x00,
    0x00, 0x00, 0x00, 0x00, 0x00, 0x00, 0x00, 0x00, 0x00, 0x00, 0x00, 0x00,
    0x00, 0x00, 0x00, 0x00, 0x00, 0x00, 0x00, 0x00, 0x00, 0x00, 0x00, 0x00,
    0x00, 0x00, 0x00, 0x00, 0x00, 0x00, 0x00, 0x00, 0x00, 0x00, 0x00, 0x00,
    0x00, 0x00, 0x00, 0x00, 0x00, 0x00, 0x00, 0x00, 0x00, 0x00, 0x00, 0x00,
    0x00, 0x00, 0x00, 0x00, 0x28, 0xe8, 0xf0, 0x7d, 0x28, 0xec, 0xf8, 0xff,
    0x30, 0xe8, 0xf0, 0xff, 0x28, 0xec, 0xf8, 0xff, 0x28, 0xe8, 0xf0, 0xff,
    0x28, 0xec, 0xf8, 0xff, 0x28, 0xe8, 0xf0, 0xff, 0x28, 0xec, 0xf0, 0xff,
    0x30, 0xec, 0xf8, 0xff, 0x28, 0xe8, 0xf0, 0xff, 0x28, 0xec, 0xf8, 0xff,
    0x28, 0xec, 0xf8, 0xff, 0x30, 0xe8, 0xf0, 0xff, 0x28, 0xec, 0xf0, 0xff,
    0x28, 0xe8, 0xf0, 0x82, 0x00, 0x00, 0x00, 0x00, 0x00, 0x00, 0x00, 0x00,
    0x00, 0x00, 0x00, 0x00, 0x00, 0x00, 0x00, 0x00, 0x00, 0x00, 0x00, 0x00,
    0x00, 0x00, 0x00, 0x00, 0x00, 0x00, 0x00, 0x00, 0x00, 0x00, 0x00, 0x00,
    0x00, 0x00, 0x00, 0x00, 0x00, 0x00, 0x00, 0x00, 0x30, 0xec, 0xf0, 0x9e,
    0x30, 0xe8, 0xf0, 0xff, 0x28, 0xec, 0xf8, 0xff, 0x30, 0xec, 0xf8, 0xff,
    0x28, 0xe8, 0xf0, 0xff, 0x30, 0xec, 0xf8, 0xff, 0x28, 0xec, 0xf0, 0xff,
    0x28, 0xe8, 0xf0, 0xff, 0x28, 0xe8, 0xf0, 0xff, 0x28, 0xec, 0xf0, 0xff,
    0x28, 0xe8, 0xf8, 0xff, 0x30, 0xe8, 0xf8, 0xff, 0x28, 0xec, 0xf0, 0xff,
    0x28, 0xe8, 0xf8, 0xff, 0x30, 0xe8, 0xf0, 0x7d, 0x00, 0x00, 0x00, 0x00,
    0x00, 0x00, 0x00, 0x00, 0x00, 0x00, 0x00, 0x00, 0x00, 0x00, 0x00, 0x00,
    0x00, 0x00, 0x00, 0x00, 0x00, 0x00, 0x00, 0x00, 0x00, 0x00, 0x00, 0x00,
    0x00, 0x00, 0x00, 0x00, 0x00, 0x00, 0x00, 0x00, 0x00, 0x00, 0x00, 0x00,
    0x00, 0x00, 0x00, 0x00, 0x00, 0x00, 0x00, 0x00, 0x00, 0x00, 0x00, 0x00,
    0x00, 0x00, 0x00, 0x00, 0x00, 0x00, 0x00, 0x00, 0x00, 0x00, 0x00, 0x00,
    0x00, 0x00, 0x00, 0x00, 0x00, 0x00, 0x00, 0x00, 0x00, 0x00, 0x00, 0x00,
    0x00, 0x00, 0x00, 0x00, 0x00, 0x00, 0x00, 0x00, 0x00, 0x00, 0x00, 0x00,
    0x00, 0x00, 0x00, 0x00, 0x00, 0x00, 0x00, 0x00, 0x00, 0x00, 0x00, 0x00,
    0x00, 0x00, 0x00, 0x00, 0x00, 0x00, 0x00, 0x00, 0x00, 0x00, 0x00, 0x00,
    0x00, 0x00, 0x00, 0x00, 0x00, 0x00, 0x00, 0x00, 0x00, 0x00, 0x00, 0x00,
    0x00, 0x00, 0x00, 0x00, 0x00, 0x00, 0x00, 0x00, 0x00, 0x00, 0x00, 0x00,
    0x00, 0x00, 0x00, 0x00, 0x00, 0x00, 0x00, 0x00, 0x00, 0x00, 0x00, 0x00,
    0x00, 0x00, 0x00, 0x00, 0x00, 0x00, 0x00, 0x00, 0x00, 0x00, 0x00, 0x00,
    0x00, 0x00, 0x00, 0x00, 0x00, 0x00, 0x00, 0x00, 0x00, 0x00, 0x00, 0x00,
    0x00, 0x00, 0x00, 0x00, 0x00, 0x00, 0x00, 0x00, 0x00, 0x00, 0x00, 0x00,
    0x00, 0x00, 0x00, 0x00, 0x00, 0x00, 0x00, 0x00, 0x00, 0x00, 0x00, 0x00,
    0x00, 0x00, 0x00, 0x00, 0x00, 0x00, 0x00, 0x00, 0x00, 0x00, 0x00, 0x00,
    0x00, 0x00, 0x00, 0x00, 0x00, 0x00, 0x00, 0x00, 0x00, 0x00, 0x00, 0x00,
    0x00, 0x00, 0x00, 0x00, 0x00, 0x00, 0x00, 0x00, 0x00, 0x00, 0x00, 0x00,
    0x00, 0x00, 0x00, 0x00, 0x28, 0xe8, 0xf8, 0x20, 0x28, 0xe8, 0xf0, 0xff,
    0x28, 0xe8, 0xf8, 0xff, 0x30, 0xec, 0xf8, 0xff, 0x28, 0xe8, 0xf0, 0xff,
    0x28, 0xec, 0xf8, 0xff, 0x30, 0xe8, 0xf0, 0xff, 0x28, 0xe8, 0xf8, 0xff,
    0x28, 0xec, 0xf0, 0xff, 0x28, 0xe8, 0xf8, 0xff, 0x28, 0xe8, 0xf0, 0xff,
    0x28, 0xec, 0xf0, 0xff, 0x28, 0xe8, 0xf8, 0xff, 0x28, 0xec, 0xf8, 0xff,
    0x30, 0xe8, 0xf0, 0xff, 0x00, 0x00, 0x00, 0x00, 0x00, 0x00, 0x00, 0x00,
    0x00, 0x00, 0x00, 0x00, 0x00, 0x00, 0x00, 0x00, 0x00, 0x00, 0x00, 0x00,
    0x00, 0x00, 0x00, 0x00, 0x00, 0x00, 0x00, 0x00, 0x00, 0x00, 0x00, 0x00,
    0x00, 0x00, 0x00, 0x00, 0x00, 0x00, 0x00, 0x00, 0x00, 0x00, 0x00, 0x00,
    0x28, 0xe8, 0xf8, 0x20, 0x28, 0xe8, 0xf0, 0xdf, 0x28, 0xe8, 0xf0, 0xff,
    0x28, 0xec, 0xf8, 0xff, 0x30, 0xe8, 0xf0, 0xff, 0x28, 0xe8, 0xf8, 0xff,
    0x28, 0xec, 0xf8, 0xff, 0x30, 0xec, 0xf8, 0xff, 0x28, 0xe8, 0xf0, 0xff,
    0x28, 0xec, 0xf0, 0xff, 0x28, 0xec, 0xf8, 0xff, 0x30, 0xe8, 0xf0, 0xff,
    0x28, 0xec, 0xf0, 0xff, 0x28, 0xe8, 0xf8, 0xff, 0x28, 0xe8, 0xf0, 0xff,
    0x28, 0xe8, 0xf8, 0x20, 0x00, 0x00, 0x00, 0x00, 0x00, 0x00, 0x00, 0x00,
    0x00, 0x00, 0x00, 0x00, 0x00, 0x00, 0x00, 0x00, 0x00, 0x00, 0x00, 0x00,
    0x00, 0x00, 0x00, 0x00, 0x00, 0x00, 0x00, 0x00, 0x00, 0x00, 0x00, 0x00,
    0x00, 0x00, 0x00, 0x00, 0x00, 0x00, 0x00, 0x00, 0x00, 0x00, 0x00, 0x00,
    0x00, 0x00, 0x00, 0x00, 0x00, 0x00, 0x00, 0x00, 0x00, 0x00, 0x00, 0x00,
    0x00, 0x00, 0x00, 0x00, 0x00, 0x00, 0x00, 0x00, 0x00, 0x00, 0x00, 0x00,
    0x00, 0x00, 0x00, 0x00, 0x00, 0x00, 0x00, 0x00, 0x00, 0x00, 0x00, 0x00,
    0x00, 0x00, 0x00, 0x00, 0x00, 0x00, 0x00, 0x00, 0x00, 0x00, 0x00, 0x00,
    0x00, 0x00, 0x00, 0x00, 0x00, 0x00, 0x00, 0x00, 0x00, 0x00, 0x00, 0x00,
    0x00, 0x00, 0x00, 0x00, 0x00, 0x00, 0x00, 0x00, 0x00, 0x00, 0x00, 0x00,
    0x00, 0x00, 0x00, 0x00, 0x00, 0x00, 0x00, 0x00, 0x00, 0x00, 0x00, 0x00,
    0x00, 0x00, 0x00, 0x00, 0x00, 0x00, 0x00, 0x00, 0x00, 0x00, 0x00, 0x00,
    0x00, 0x00, 0x00, 0x00, 0x00, 0x00, 0x00, 0x00, 0x00, 0x00, 0x00, 0x00,
    0x00, 0x00, 0x00, 0x00, 0x00, 0x00, 0x00, 0x00, 0x00, 0x00, 0x00, 0x00,
    0x00, 0x00, 0x00, 0x00, 0x00, 0x00, 0x00, 0x00, 0x00, 0x00, 0x00, 0x00,
    0x00, 0x00, 0x00, 0x00, 0x00, 0x00, 0x00, 0x00, 0x00, 0x00, 0x00, 0x00,
    0x00, 0x00, 0x00, 0x00, 0x00, 0x00, 0x00, 0x00, 0x00, 0x00, 0x00, 0x00,
    0x00, 0x00, 0x00, 0x00, 0x00, 0x00, 0x00, 0x00, 0x00, 0x00, 0x00, 0x00,
    0x00, 0x00, 0x00, 0x00, 0x00, 0x00, 0x00, 0x00, 0x00, 0x00, 0x00, 0x00,
    0x00, 0x00, 0x00, 0x00, 0x00, 0x00, 0x00, 0x00, 0x28, 0xe8, 0xf0, 0x7d,
    0x28, 0xec, 0xf8, 0xff, 0x28, 0xec, 0xf0, 0xff, 0x28, 0xe8, 0xf0, 0xff,
    0x28, 0xec, 0xf8, 0xff, 0x30, 0xec, 0xf0, 0xff, 0x28, 0xe8, 0xf8, 0xff,
    0x28, 0xec, 0xf0, 0xff, 0x30, 0xec, 0xf8, 0xff, 0x28, 0xe8, 0xf8, 0xff,
    0x30, 0xec, 0xf0, 0xff, 0x30, 0xe8, 0xf0, 0xff, 0x28, 0xec, 0xf8, 0xff,
    0x28, 0xe8, 0xf0, 0xff, 0x28, 0xe8, 0xf0, 0x7d, 0x00, 0x00, 0x00, 0x00,
    0x00, 0x00, 0x00, 0x00, 0x00, 0x00, 0x00, 0x00, 0x00, 0x00, 0x00, 0x00,
    0x00, 0x00, 0x00, 0x00, 0x00, 0x00, 0x00, 0x00, 0x00, 0x00, 0x00, 0x00,
    0x00, 0x00, 0x00, 0x00, 0x00, 0x00, 0x00, 0x00, 0x00, 0x00, 0x00, 0x00,
    0x00, 0x00, 0x00, 0x00, 0x00, 0x00, 0x00, 0x00, 0x28, 0xe8, 0xf8, 0x7d,
    0x28, 0xec, 0xf8, 0xff, 0x28, 0xec, 0xf0, 0xff, 0x28, 0xe8, 0xf0, 0xff,
    0x28, 0xe8, 0xf8, 0xff, 0x28, 0xec, 0xf0, 0xff, 0x30, 0xe8, 0xf8, 0xff,
    0x28, 0xec, 0xf8, 0xff, 0x28, 0xe8, 0xf8, 0xff, 0x30, 0xec, 0xf0, 0xff,
    0x28, 0xe8, 0xf8, 0xff, 0x28, 0xec, 0xf8, 0xff, 0x30, 0xec, 0xf0, 0xff,
    0x28, 0xe8, 0xf8, 0xff, 0x28, 0xe8, 0xf0, 0x7d, 0x00, 0x00, 0x00, 0x00,
    0x00, 0x00, 0x00, 0x00, 0x00, 0x00, 0x00, 0x00, 0x00, 0x00, 0x00, 0x00,
    0x00, 0x00, 0x00, 0x00, 0x00, 0x00, 0x00, 0x00, 0x00, 0x00, 0x00, 0x00,
    0x00, 0x00, 0x00, 0x00, 0x00, 0x00, 0x00, 0x00, 0x00, 0x00, 0x00, 0x00,
    0x00, 0x00, 0x00, 0x00, 0x00, 0x00, 0x00, 0x00, 0x00, 0x00, 0x00, 0x00,
    0x00, 0x00, 0x00, 0x00, 0x00, 0x00, 0x00, 0x00, 0x00, 0x00, 0x00, 0x00,
    0x00, 0x00, 0x00, 0x00, 0x00, 0x00, 0x00, 0x00, 0x00, 0x00, 0x00, 0x00,
    0x00, 0x00, 0x00, 0x00, 0x00, 0x00, 0x00, 0x00, 0x00, 0x00, 0x00, 0x00,
    0x00, 0x00, 0x00, 0x00, 0x00, 0x00, 0x00, 0x00, 0x00, 0x00, 0x00, 0x00,
    0x00, 0x00, 0x00, 0x00, 0x00, 0x00, 0x00, 0x00, 0x00, 0x00, 0x00, 0x00,
    0x00, 0x00, 0x00, 0x00, 0x00, 0x00, 0x00, 0x00, 0x00, 0x00, 0x00, 0x00,
    0x00, 0x00, 0x00, 0x00, 0x00, 0x00, 0x00, 0x00, 0x00, 0x00, 0x00, 0x00,
    0x00, 0x00, 0x00, 0x00, 0x00, 0x00, 0x00, 0x00, 0x00, 0x00, 0x00, 0x00,
    0x00, 0x00, 0x00, 0x00, 0x00, 0x00, 0x00, 0x00, 0x00, 0x00, 0x00, 0x00,
    0x00, 0x00, 0x00, 0x00, 0x00, 0x00, 0x00, 0x00, 0x00, 0x00, 0x00, 0x00,
    0x00, 0x00, 0x00, 0x00, 0x00, 0x00, 0x00, 0x00, 0x00, 0x00, 0x00, 0x00,
    0x00, 0x00, 0x00, 0x00, 0x00, 0x00, 0x00, 0x00, 0x00, 0x00, 0x00, 0x00,
    0x00, 0x00, 0x00, 0x00, 0x00, 0x00, 0x00, 0x00, 0x00, 0x00, 0x00, 0x00,
    0x00, 0x00, 0x00, 0x00, 0x00, 0x00, 0x00, 0x00, 0x00, 0x00, 0x00, 0x00,
    0x00, 0x00, 0x00, 0x00, 0x00, 0x00, 0x00, 0x00, 0x28, 0xe8, 0xf8, 0x20,
    0x28, 0xe8, 0xf0, 0xff, 0x30, 0xe8, 0xf8, 0xff, 0x28, 0xec, 0xf0, 0xff,
    0x28, 0xe8, 0xf8, 0xff, 0x30, 0xe8, 0xf0, 0xff, 0x28, 0xec, 0xf8, 0xff,
    0x28, 0xe8, 0xf0, 0xff, 0x28, 0xec, 0xf0, 0xff, 0x28, 0xe8, 0xf8, 0xff,
    0x28, 0xec, 0xf0, 0xff, 0x28, 0xec, 0xf8, 0xff, 0x28, 0xe8, 0xf8, 0xff,
    0x30, 0xec, 0xf0, 0xff, 0x28, 0xec, 0xf8, 0xdf, 0x00, 0x00, 0x00, 0x00,
    0x00, 0x00, 0x00, 0x00, 0x00, 0x00, 0x00, 0x00, 0x00, 0x00, 0x00, 0x00,
    0x00, 0x00, 0x00, 0x00, 0x00, 0x00, 0x00, 0x00, 0x00, 0x00, 0x00, 0x00,
    0x00, 0x00, 0x00, 0x00, 0x00, 0x00, 0x00, 0x00, 0x00, 0x00, 0x00, 0x00,
    0x00, 0x00, 0x00, 0x00, 0x00, 0x00, 0x00, 0x00, 0x00, 0x00, 0x00, 0x00,
    0x28, 0xe8, 0xf8, 0x20, 0x30, 0xe8, 0xf0, 0xdf, 0x28, 0xec, 0xf8, 0xff,
    0x28, 0xec, 0xf8, 0xff, 0x30, 0xe8, 0xf0, 0xff, 0x28, 0xec, 0xf0, 0xff,
    0x28, 0xe8, 0xf0, 0xff, 0x28, 0xe8, 0xf8, 0xff, 0x28, 0xec, 0xf0, 0xff,
    0x30, 0xe8, 0xf0, 0xff, 0x28, 0xe8, 0xf8, 0xff, 0x28, 0xec, 0xf0, 0xff,
    0x28, 0xec, 0xf0, 0xff, 0x30, 0xe8, 0xf8, 0xff, 0x28, 0xec, 0xf8, 0xff,
    0x28, 0xe8, 0xf8, 0x20, 0x00, 0x00, 0x00, 0x00, 0x00, 0x00, 0x00, 0x00,
    0x00, 0x00, 0x00, 0x00, 0x00, 0x00, 0x00, 0x00, 0x00, 0x00, 0x00, 0x00,
    0x00, 0x00, 0x00, 0x00, 0x00, 0x00, 0x00, 0x00, 0x00, 0x00, 0x00, 0x00,
    0x00, 0x00, 0x00, 0x00, 0x00, 0x00, 0x00, 0x00, 0x00, 0x00, 0x00, 0x00,
    0x00, 0x00, 0x00, 0x00, 0x00, 0x00, 0x00, 0x00, 0x00, 0x00, 0x00, 0x00,
    0x00, 0x00, 0x00, 0x00, 0x00, 0x00, 0x00, 0x00, 0x00, 0x00, 0x00, 0x00,
    0x00, 0x00, 0x00, 0x00, 0x00, 0x00, 0x00, 0x00, 0x00, 0x00, 0x00, 0x00,
    0x00, 0x00, 0x00, 0x00, 0x00, 0x00, 0x00, 0x00, 0x00, 0x00, 0x00, 0x00,
    0x00, 0x00, 0x00, 0x00, 0x00, 0x00, 0x00, 0x00, 0x00, 0x00, 0x00, 0x00,
    0x00, 0x00, 0x00, 0x00, 0x00, 0x00, 0x00, 0x00, 0x00, 0x00, 0x00, 0x00,
    0x00, 0x00, 0x00, 0x00, 0x00, 0x00, 0x00, 0x00, 0x00, 0x00, 0x00, 0x00,
    0x00, 0x00, 0x00, 0x00, 0x00, 0x00, 0x00, 0x00, 0x00, 0x00, 0x00, 0x00,
    0x00, 0x00, 0x00, 0x00, 0x00, 0x00, 0x00, 0x00, 0x00, 0x00, 0x00, 0x00,
    0x00, 0x00, 0x00, 0x00, 0x00, 0x00, 0x00, 0x00, 0x00, 0x00, 0x00, 0x00,
    0x00, 0x00, 0x00, 0x00, 0x00, 0x00, 0x00, 0x00, 0x00, 0x00, 0x00, 0x00,
    0x00, 0x00, 0x00, 0x00, 0x00, 0x00, 0x00, 0x00, 0x00, 0x00, 0x00, 0x00,
    0x00, 0x00, 0x00, 0x00, 0x00, 0x00, 0x00, 0x00, 0x00, 0x00, 0x00, 0x00,
    0x00, 0x00, 0x00, 0x00, 0x00, 0x00, 0x00, 0x00, 0x00, 0x00, 0x00, 0x00,
    0x00, 0x00, 0x00, 0x00, 0x00, 0x00, 0x00, 0x00, 0x00, 0x00, 0x00, 0x00,
    0x28, 0xe8, 0xf0, 0x7d, 0x28, 0xec, 0xf8, 0xff, 0x30, 0xe8, 0xf0, 0xff,
    0x28, 0xec, 0xf8, 0xff, 0x28, 0xec, 0xf8, 0xff, 0x28, 0xe8, 0xf0, 0xff,
    0x28, 0xe8, 0xf8, 0xff, 0x30, 0xec, 0xf8, 0xff, 0x28, 0xe8, 0xf0, 0xff,
    0x28, 0xe8, 0xf8, 0xff, 0x30, 0xec, 0xf0, 0xff, 0x28, 0xe8, 0xf8, 0xff,
    0x28, 0xe8, 0xf0, 0xff, 0x28, 0xec, 0xf8, 0xff, 0x30, 0xe8, 0xf0, 0x82,
    0x00, 0x00, 0x00, 0x00, 0x00, 0x00, 0x00, 0x00, 0x00, 0x00, 0x00, 0x00,
    0x00, 0x00, 0x00, 0x00, 0x00, 0x00, 0x00, 0x00, 0x00, 0x00, 0x00, 0x00,
    0x00, 0x00, 0x00, 0x00, 0x00, 0x00, 0x00, 0x00, 0x00, 0x00, 0x00, 0x00,
    0x00, 0x00, 0x00, 0x00, 0x00, 0x00, 0x00, 0x00, 0x00, 0x00, 0x00, 0x00,
    0x00, 0x00, 0x00, 0x00, 0x00, 0x00, 0x00, 0x00, 0x28, 0xe8, 0xf0, 0x82,
    0x28, 0xe8, 0xf8, 0xff, 0x30, 0xec, 0xf0, 0xff, 0x28, 0xec, 0xf8, 0xff,
    0x28, 0xe8, 0xf8, 0xff, 0x30, 0xec, 0xf0, 0xff, 0x28, 0xec, 0xf8, 0xff,
    0x28, 0xe8, 0xf0, 0xff, 0x28, 0xec, 0xf8, 0xff, 0x28, 0xe8, 0xf8, 0xff,
    0x28, 0xe8, 0xf0, 0xff, 0x28, 0xec, 0xf8, 0xff, 0x28, 0xe8, 0xf0, 0xff,
    0x28, 0xec, 0xf0, 0xff, 0x28, 0xe8, 0xf0, 0x82, 0x00, 0x00, 0x00, 0x00,
    0x00, 0x00, 0x00, 0x00, 0x00, 0x00, 0x00, 0x00, 0x00, 0x00, 0x00, 0x00,
    0x00, 0x00, 0x00, 0x00, 0x00, 0x00, 0x00, 0x00, 0x00, 0x00, 0x00, 0x00,
    0x00, 0x00, 0x00, 0x00, 0x00, 0x00, 0x00, 0x00, 0x00, 0x00, 0x00, 0x00,
    0x00, 0x00, 0x00, 0x00, 0x00, 0x00, 0x00, 0x00, 0x00, 0x00, 0x00, 0x00,
    0x00, 0x00, 0x00, 0x00, 0x00, 0x00, 0x00, 0x00, 0x00, 0x00, 0x00, 0x00,
    0x00, 0x00, 0x00, 0x00, 0x00, 0x00, 0x00, 0x00, 0x00, 0x00, 0x00, 0x00,
    0x00, 0x00, 0x00, 0x00, 0x00, 0x00, 0x00, 0x00, 0x00, 0x00, 0x00, 0x00,
    0x00, 0x00, 0x00, 0x00, 0x00, 0x00, 0x00, 0x00, 0x00, 0x00, 0x00, 0x00,
    0x00, 0x00, 0x00, 0x00, 0x00, 0x00, 0x00, 0x00, 0x00, 0x00, 0x00, 0x00,
    0x00, 0x00, 0x00, 0x00, 0x00, 0x00, 0x00, 0x00, 0x00, 0x00, 0x00, 0x00,
    0x00, 0x00, 0x00, 0x00, 0x00, 0x00, 0x00, 0x00, 0x00, 0x00, 0x00, 0x00,
    0x00, 0x00, 0x00, 0x00, 0x00, 0x00, 0x00, 0x00, 0x00, 0x00, 0x00, 0x00,
    0x00, 0x00, 0x00, 0x00, 0x00, 0x00, 0x00, 0x00, 0x00, 0x00, 0x00, 0x00,
    0x00, 0x00, 0x00, 0x00, 0x00, 0x00, 0x00, 0x00, 0x00, 0x00, 0x00, 0x00,
    0x00, 0x00, 0x00, 0x00, 0x00, 0x00, 0x00, 0x00, 0x00, 0x00, 0x00, 0x00,
    0x00, 0x00, 0x00, 0x00, 0x00, 0x00, 0x00, 0x00, 0x00, 0x00, 0x00, 0x00,
    0x00, 0x00, 0x00, 0x00, 0x00, 0x00, 0x00, 0x00, 0x00, 0x00, 0x00, 0x00,
    0x00, 0x00, 0x00, 0x00, 0x00, 0x00, 0x00, 0x00, 0x00, 0x00, 0x00, 0x00,
    0x28, 0xe8, 0xf8, 0x20, 0x28, 0xe8, 0xf8, 0xff, 0x28, 0xec, 0xf0, 0xff,
    0x28, 0xe8, 0xf0, 0xff, 0x30, 0xe8, 0xf8, 0xff, 0x28, 0xec, 0xf0, 0xff,
    0x28, 0xec, 0xf0, 0xff, 0x30, 0xe8, 0xf8, 0xff, 0x28, 0xec, 0xf0, 0xff,
    0x28, 0xec, 0xf8, 0xff, 0x30, 0xe8, 0xf0, 0xff, 0x28, 0xec, 0xf8, 0xff,
    0x28, 0xe8, 0xf0, 0xff, 0x28, 0xec, 0xf8, 0xff, 0x28, 0xe8, 0xf0, 0xdf,
    0x00, 0x00, 0x00, 0x00, 0x00, 0x00, 0x00, 0x00, 0x00, 0x00, 0x00, 0x00,
    0x00, 0x00, 0x00, 0x00, 0x00, 0x00, 0x00, 0x00, 0x00, 0x00, 0x00, 0x00,
    0x00, 0x00, 0x00, 0x00, 0x00, 0x00, 0x00, 0x00, 0x00, 0x00, 0x00, 0x00,
    0x00, 0x00, 0x00, 0x00, 0x00, 0x00, 0x00, 0x00, 0x00, 0x00, 0x00, 0x00,
    0x00, 0x00, 0x00, 0x00, 0x00, 0x00, 0x00, 0x00, 0x00, 0x00, 0x00, 0x00,
    0x00, 0x00, 0x00, 0x00, 0x28, 0xe8, 0xf0, 0xdf, 0x28, 0xe8, 0xf0, 0xff,
    0x28, 0xec, 0xf8, 0xff, 0x28, 0xe8, 0xf8, 0xff, 0x30, 0xec, 0xf0, 0xff,
    0x28, 0xe8, 0xf8, 0xff, 0x28, 0xec, 0xf0, 0xff, 0x30, 0xec, 0xf0, 0xff,
    0x28, 0xe8, 0xf8, 0xff, 0x30, 0xec, 0xf0, 0xff, 0x30, 0xe8, 0xf8, 0xff,
    0x28, 0xec, 0xf8, 0xff, 0x28, 0xe8, 0xf0, 0xff, 0x30, 0xe8, 0xf8, 0xff,
    0x28, 0xe8, 0xf8, 0x20, 0x00, 0x00, 0x00, 0x00, 0x00, 0x00, 0x00, 0x00,
    0x00, 0x00, 0x00, 0x00, 0x00, 0x00, 0x00, 0x00, 0x00, 0x00, 0x00, 0x00,
    0x00, 0x00, 0x00, 0x00, 0x00, 0x00, 0x00, 0x00, 0x00, 0x00, 0x00, 0x00,
    0x00, 0x00, 0x00, 0x00, 0x00, 0x00, 0x00, 0x00, 0x00, 0x00, 0x00, 0x00,
    0x00, 0x00, 0x00, 0x00, 0x00, 0x00, 0x00, 0x00, 0x00, 0x00, 0x00, 0x00,
    0x00, 0x00, 0x00, 0x00, 0x00, 0x00, 0x00, 0x00, 0x00, 0x00, 0x00, 0x00,
    0x00, 0x00, 0x00, 0x00, 0x00, 0x00, 0x00, 0x00, 0x00, 0x00, 0x00, 0x00,
    0x00, 0x00, 0x00, 0x00, 0x00, 0x00, 0x00, 0x00, 0x00, 0x00, 0x00, 0x00,
    0x00, 0x00, 0x00, 0x00, 0x00, 0x00, 0x00, 0x00, 0x00, 0x00, 0x00, 0x00,
    0x00, 0x00, 0x00, 0x00, 0x00, 0x00, 0x00, 0x00, 0x00, 0x00, 0x00, 0x00,
    0x00, 0x00, 0x00, 0x00, 0x00, 0x00, 0x00, 0x00, 0x00, 0x00, 0x00, 0x00,
    0x00, 0x00, 0x00, 0x00, 0x00, 0x00, 0x00, 0x00, 0x00, 0x00, 0x00, 0x00,
    0x00, 0x00, 0x00, 0x00, 0x00, 0x00, 0x00, 0x00, 0x00, 0x00, 0x00, 0x00,
    0x00, 0x00, 0x00, 0x00, 0x00, 0x00, 0x00, 0x00, 0x00, 0x00, 0x00, 0x00,
    0x00, 0x00, 0x00, 0x00, 0x00, 0x00, 0x00, 0x00, 0x00, 0x00, 0x00, 0x00,
    0x00, 0x00, 0x00, 0x00, 0x00, 0x00, 0x00, 0x00, 0x00, 0x00, 0x00, 0x00,
    0x00, 0x00, 0x00, 0x00, 0x00, 0x00, 0x00, 0x00, 0x00, 0x00, 0x00, 0x00,
    0x00, 0x00, 0x00, 0x00, 0x00, 0x00, 0x00, 0x00, 0x00, 0x00, 0x00, 0x00,
    0x00, 0x00, 0x00, 0x00, 0x28, 0xe8, 0xf0, 0x9e, 0x28, 0xec, 0xf8, 0xff,
    0x28, 0xe8, 0xf8, 0xff, 0x28, 0xec, 0xf0, 0xff, 0x30, 0xe8, 0xf8, 0xff,
    0x28, 0xe8, 0xf8, 0xff, 0x28, 0xec, 0xf0, 0xff, 0x30, 0xe8, 0xf0, 0xff,
    0x28, 0xec, 0xf8, 0xff, 0x28, 0xe8, 0xf0, 0xff, 0x28, 0xec, 0xf8, 0xff,
    0x30, 0xe8, 0xf0, 0xff, 0x28, 0xec, 0xf8, 0xff, 0x30, 0xec, 0xf0, 0xff,
    0x28, 0xe8, 0xf0, 0x7d, 0x00, 0x00, 0x00, 0x00, 0x00, 0x00, 0x00, 0x00,
    0x00, 0x00, 0x00, 0x00, 0x00, 0x00, 0x00, 0x00, 0x00, 0x00, 0x00, 0x00,
    0x00, 0x00, 0x00, 0x00, 0x00, 0x00, 0x00, 0x00, 0x00, 0x00, 0x00, 0x00,
    0x00, 0x00, 0x00, 0x00, 0x00, 0x00, 0x00, 0x00, 0x00, 0x00, 0x00, 0x00,
    0x00, 0x00, 0x00, 0x00, 0x00, 0x00, 0x00, 0x00, 0x00, 0x00, 0x00, 0x00,
    0x00, 0x00, 0x00, 0x00, 0x00, 0x00, 0x00, 0x00, 0x30, 0xe8, 0xf0, 0x7d,
    0x28, 0xec, 0xf8, 0xff, 0x28, 0xe8, 0xf0, 0xff, 0x30, 0xec, 0xf0, 0xff,
    0x28, 0xe8, 0xf8, 0xff, 0x28, 0xe8, 0xf0, 0xff, 0x30, 0xec, 0xf8, 0xff,
    0x28, 0xe8, 0xf8, 0xff, 0x28, 0xec, 0xf0, 0xff, 0x28, 0xec, 0xf0, 0xff,
    0x28, 0xe8, 0xf8, 0xff, 0x28, 0xec, 0xf0, 0xff, 0x30, 0xec, 0xf8, 0xff,
    0x28, 0xe8, 0xf8, 0xff, 0x28, 0xe8, 0xf0, 0x7d, 0x00, 0x00, 0x00, 0x00,
    0x00, 0x00, 0x00, 0x00, 0x00, 0x00, 0x00, 0x00, 0x00, 0x00, 0x00, 0x00,
    0x00, 0x00, 0x00, 0x00, 0x00, 0x00, 0x00, 0x00, 0x00, 0x00, 0x00, 0x00,
    0x00, 0x00, 0x00, 0x00, 0x00, 0x00, 0x00, 0x00, 0x00, 0x00, 0x00, 0x00,
    0x00, 0x00, 0x00, 0x00, 0x00, 0x00, 0x00, 0x00, 0x00, 0x00, 0x00, 0x00,
    0x00, 0x00, 0x00, 0x00, 0x00, 0x00, 0x00, 0x00, 0x00, 0x00, 0x00, 0x00,
    0x00, 0x00, 0x00, 0x00, 0x00, 0x00, 0x00, 0x00, 0x00, 0x00, 0x00, 0x00,
    0x00, 0x00, 0x00, 0x00, 0x00, 0x00, 0x00, 0x00, 0x00, 0x00, 0x00, 0x00,
    0x00, 0x00, 0x00, 0x00, 0x00, 0x00, 0x00, 0x00, 0x00, 0x00, 0x00, 0x00,
    0x00, 0x00, 0x00, 0x00, 0x00, 0x00, 0x00, 0x00, 0x00, 0x00, 0x00, 0x00,
    0x00, 0x00, 0x00, 0x00, 0x00, 0x00, 0x00, 0x00, 0x00, 0x00, 0x00, 0x00,
    0x00, 0x00, 0x00, 0x00, 0x00, 0x00, 0x00, 0x00, 0x00, 0x00, 0x00, 0x00,
    0x00, 0x00, 0x00, 0x00, 0x00, 0x00, 0x00, 0x00, 0x00, 0x00, 0x00, 0x00,
    0x00, 0x00, 0x00, 0x00, 0x00, 0x00, 0x00, 0x00, 0x00, 0x00, 0x00, 0x00,
    0x00, 0x00, 0x00, 0x00, 0x00, 0x00, 0x00, 0x00, 0x00, 0x00, 0x00, 0x00,
    0x00, 0x00, 0x00, 0x00, 0x00, 0x00, 0x00, 0x00, 0x00, 0x00, 0x00, 0x00,
    0x00, 0x00, 0x00, 0x00, 0x00, 0x00, 0x00, 0x00, 0x00, 0x00, 0x00, 0x00,
    0x00, 0x00, 0x00, 0x00, 0x00, 0x00, 0x00, 0x00, 0x00, 0x00, 0x00, 0x00,
    0x00, 0x00, 0x00, 0x00, 0x28, 0xe8, 0xf8, 0x20, 0x28, 0xe8, 0xf0, 0xff,
    0x30, 0xec, 0xf0, 0xff, 0x28, 0xec, 0xf8, 0xff, 0x28, 0xe8, 0xf0, 0xff,
    0x28, 0xec, 0xf0, 0xff, 0x28, 0xec, 0xf8, 0xff, 0x28, 0xe8, 0xf8, 0xff,
    0x28, 0xec, 0xf0, 0xff, 0x28, 0xe8, 0xf8, 0xff, 0x28, 0xe8, 0xf8, 0xff,
    0x28, 0xec, 0xf0, 0xff, 0x28, 0xe8, 0xf8, 0xff, 0x28, 0xe8, 0xf8, 0xff,
    0x28, 0xec, 0xf0, 0xdf, 0x00, 0x00, 0x00, 0x00, 0x00, 0x00, 0x00, 0x00,
    0x00, 0x00, 0x00, 0x00, 0x00, 0x00, 0x00, 0x00, 0x00, 0x00, 0x00, 0x00,
    0x00, 0x00, 0x00, 0x00, 0x00, 0x00, 0x00, 0x00, 0x00, 0x00, 0x00, 0x00,
    0x00, 0x00, 0x00, 0x00, 0x00, 0x00, 0x00, 0x00, 0x00, 0x00, 0x00, 0x00,
    0x00, 0x00, 0x00, 0x00, 0x00, 0x00, 0x00, 0x00, 0x00, 0x00, 0x00, 0x00,
    0x00, 0x00, 0x00, 0x00, 0x00, 0x00, 0x00, 0x00, 0x00, 0x00, 0x00, 0x00,
    0x00, 0x00, 0x00, 0x00, 0x28, 0xec, 0xf8, 0xdf, 0x28, 0xe8, 0xf8, 0xff,
    0x30, 0xec, 0xf0, 0xff, 0x28, 0xec, 0xf8, 0xff, 0x28, 0xe8, 0xf0, 0xff,
    0x28, 0xe8, 0xf8, 0xff, 0x28, 0xec, 0xf8, 0xff, 0x28, 0xe8, 0xf0, 0xff,
    0x30, 0xe8, 0xf8, 0xff, 0x28, 0xec, 0xf0, 0xff, 0x28, 0xe8, 0xf0, 0xff,
    0x28, 0xec, 0xf8, 0xff, 0x28, 0xec, 0xf0, 0xff, 0x28, 0xe8, 0xf0, 0xff,
    0x28, 0xe8, 0xf8, 0x20, 0x00, 0x00, 0x00, 0x00, 0x00, 0x00, 0x00, 0x00,
    0x00, 0x00, 0x00, 0x00, 0x00, 0x00, 0x00, 0x00, 0x00, 0x00, 0x00, 0x00,
    0x00, 0x00, 0x00, 0x00, 0x00, 0x00, 0x00, 0x00, 0x00, 0x00, 0x00, 0x00,
    0x00, 0x00, 0x00, 0x00, 0x00, 0x00, 0x00, 0x00, 0x00, 0x00, 0x00, 0x00,
    0x00, 0x00, 0x00, 0x00, 0x00, 0x00, 0x00, 0x00, 0x00, 0x00, 0x00, 0x00,
    0x00, 0x00, 0x00, 0x00, 0x00, 0x00, 0x00, 0x00, 0x00, 0x00, 0x00, 0x00,
    0x00, 0x00, 0x00, 0x00, 0x00, 0x00, 0x00, 0x00, 0x00, 0x00, 0x00, 0x00,
    0x00, 0x00, 0x00, 0x00, 0x00, 0x00, 0x00, 0x00, 0x00, 0x00, 0x00, 0x00,
    0x00, 0x00, 0x00, 0x00, 0x00, 0x00, 0x00, 0x00, 0x00, 0x00, 0x00, 0x00,
    0x00, 0x00, 0x00, 0x00, 0x00, 0x00, 0x00, 0x00, 0x00, 0x00, 0x00, 0x00,
    0x00, 0x00, 0x00, 0x00, 0x00, 0x00, 0x00, 0x00, 0x00, 0x00, 0x00, 0x00,
    0x00, 0x00, 0x00, 0x00, 0x00, 0x00, 0x00, 0x00, 0x00, 0x00, 0x00, 0x00,
    0x00, 0x00, 0x00, 0x00, 0x00, 0x00, 0x00, 0x00, 0x00, 0x00, 0x00, 0x00,
    0x00, 0x00, 0x00, 0x00, 0x00, 0x00, 0x00, 0x00, 0x00, 0x00, 0x00, 0x00,
    0x00, 0x00, 0x00, 0x00, 0x00, 0x00, 0x00, 0x00, 0x00, 0x00, 0x00, 0x00,
    0x00, 0x00, 0x00, 0x00, 0x00, 0x00, 0x00, 0x00, 0x00, 0x00, 0x00, 0x00,
    0x00, 0x00, 0x00, 0x00, 0x00, 0x00, 0x00, 0x00, 0x00, 0x00, 0x00, 0x00,
    0x00, 0x00, 0x00, 0x00, 0x00, 0x00, 0x00, 0x00, 0x28, 0xe8, 0xf8, 0xbe,
    0x28, 0xe8, 0xf0, 0xff, 0x28, 0xec, 0xf8, 0xff, 0x30, 0xe8, 0xf8, 0xff,
    0x28, 0xe8, 0xf0, 0xff, 0x30, 0xec, 0xf0, 0xff, 0x28, 0xe8, 0xf8, 0xff,
    0x30, 0xec, 0xf0, 0xff, 0x28, 0xec, 0xf8, 0xff, 0x30, 0xe8, 0xf0, 0xff,
    0x30, 0xec, 0xf0, 0xff, 0x28, 0xec, 0xf0, 0xff, 0x28, 0xe8, 0xf8, 0xff,
    0x30, 0xec, 0xf0, 0xff, 0x28, 0xe8, 0xf0, 0x82, 0x00, 0x00, 0x00, 0x00,
    0x00, 0x00, 0x00, 0x00, 0x00, 0x00, 0x00, 0x00, 0x00, 0x00, 0x00, 0x00,
    0x00, 0x00, 0x00, 0x00, 0x00, 0x00, 0x00, 0x00, 0x00, 0x00, 0x00, 0x00,
    0x00, 0x00, 0x00, 0x00, 0x00, 0x00, 0x00, 0x00, 0x00, 0x00, 0x00, 0x00,
    0x00, 0x00, 0x00, 0x00, 0x00, 0x00, 0x00, 0x00, 0x00, 0x00, 0x00, 0x00,
    0x00, 0x00, 0x00, 0x00, 0x00, 0x00, 0x00, 0x00, 0x00, 0x00, 0x00, 0x00,
    0x00, 0x00, 0x00, 0x00, 0x00, 0x00, 0x00, 0x00, 0x28, 0xe8, 0xf0, 0x7d,
    0x28, 0xec, 0xf8, 0xff, 0x28, 0xe8, 0xf0, 0xff, 0x28, 0xec, 0xf0, 0xff,
    0x30, 0xec, 0xf8, 0xff, 0x28, 0xe8, 0xf0, 0xff, 0x28, 0xec, 0xf0, 0xff,
    0x30, 0xe8, 0xf8, 0xff, 0x28, 0xec, 0xf8, 0xff, 0x28, 0xe8, 0xf0, 0xff,
    0x30, 0xe8, 0xf8, 0xff, 0x28, 0xec, 0xf8, 0xff, 0x30, 0xe8, 0xf0, 0xff,
    0x28, 0xec, 0xf8, 0xff, 0x28, 0xec, 0xf8, 0x9e, 0x00, 0x00, 0x00, 0x00,
    0x00, 0x00, 0x00, 0x00, 0x00, 0x00, 0x00, 0x00, 0x00, 0x00, 0x00, 0x00,
    0x00, 0x00, 0x00, 0x00, 0x00, 0x00, 0x00, 0x00, 0x00, 0x00, 0x00, 0x00,
    0x00, 0x00, 0x00, 0x00, 0x00, 0x00, 0x00, 0x00, 0x00, 0x00, 0x00, 0x00,
    0x00, 0x00, 0x00, 0x00, 0x00, 0x00, 0x00, 0x00, 0x00, 0x00, 0x00, 0x00,
    0x00, 0x00, 0x00, 0x00, 0x00, 0x00, 0x00, 0x00, 0x00, 0x00, 0x00, 0x00,
    0x00, 0x00, 0x00, 0x00, 0x00, 0x00, 0x00, 0x00, 0x00, 0x00, 0x00, 0x00,
    0x00, 0x00, 0x00, 0x00, 0x00, 0x00, 0x00, 0x00, 0x00, 0x00, 0x00, 0x00,
    0x00, 0x00, 0x00, 0x00, 0x00, 0x00, 0x00, 0x00, 0x00, 0x00, 0x00, 0x00,
    0x00, 0x00, 0x00, 0x00, 0x00, 0x00, 0x00, 0x00, 0x00, 0x00, 0x00, 0x00,
    0x00, 0x00, 0x00, 0x00, 0x00, 0x00, 0x00, 0x00, 0x00, 0x00, 0x00, 0x00,
    0x00, 0x00, 0x00, 0x00, 0x00, 0x00, 0x00, 0x00, 0x00, 0x00, 0x00, 0x00,
    0x00, 0x00, 0x00, 0x00, 0x00, 0x00, 0x00, 0x00, 0x00, 0x00, 0x00, 0x00,
    0x00, 0x00, 0x00, 0x00, 0x00, 0x00, 0x00, 0x00, 0x00, 0x00, 0x00, 0x00,
    0x00, 0x00, 0x00, 0x00, 0x00, 0x00, 0x00, 0x00, 0x00, 0x00, 0x00, 0x00,
    0x00, 0x00, 0x00, 0x00, 0x00, 0x00, 0x00, 0x00, 0x00, 0x00, 0x00, 0x00,
    0x00, 0x00, 0x00, 0x00, 0x00, 0x00, 0x00, 0x00, 0x00, 0x00, 0x00, 0x00,
    0x00, 0x00, 0x00, 0x00, 0x00, 0x00, 0x00, 0x00, 0x28, 0xe8, 0xf8, 0x20,
    0x28, 0xe8, 0xf0, 0xff, 0x28, 0xec, 0xf8, 0xff, 0x28, 0xec, 0xf0, 0xff,
    0x28, 0xe8, 0xf8, 0xff, 0x30, 0xec, 0xf8, 0xff, 0x28, 0xe8, 0xf8, 0xff,
    0x28, 0xe8, 0xf0, 0xff, 0x28, 0xec, 0xf8, 0xff, 0x28, 0xe8, 0xf0, 0xff,
    0x28, 0xe8, 0xf8, 0xff, 0x28, 0xec, 0xf8, 0xff, 0x30, 0xe8, 0xf0, 0xff,
    0x28, 0xec, 0xf8, 0xff, 0x28, 0xe8, 0xf8, 0xdf, 0x00, 0x00, 0x00, 0x00,
    0x00, 0x00, 0x00, 0x00, 0x00, 0x00, 0x00, 0x00, 0x00, 0x00, 0x00, 0x00,
    0x00, 0x00, 0x00, 0x00, 0x00, 0x00, 0x00, 0x00, 0x00, 0x00, 0x00, 0x00,
    0x00, 0x00, 0x00, 0x00, 0x00, 0x00, 0x00, 0x00, 0x00, 0x00, 0x00, 0x00,
    0x00, 0x00, 0x00, 0x00, 0x00, 0x00, 0x00, 0x00, 0x00, 0x00, 0x00, 0x00,
    0x00, 0x00, 0x00, 0x00, 0x00, 0x00, 0x00, 0x00, 0x00, 0x00, 0x00, 0x00,
    0x00, 0x00, 0x00, 0x00, 0x00, 0x00, 0x00, 0x00, 0x00, 0x00, 0x00, 0x00,
    0x00, 0x00, 0x00, 0x00, 0x30, 0xe8, 0xf0, 0xdf, 0x28, 0xe8, 0xf8, 0xff,
    0x28, 0xec, 0xf8, 0xff, 0x30, 0xe8, 0xf0, 0xff, 0x28, 0xec, 0xf8, 0xff,
    0x28, 0xe8, 0xf0, 0xff, 0x30, 0xec, 0xf0, 0xff, 0x28, 0xec, 0xf8, 0xff,
    0x28, 0xe8, 0xf0, 0xff, 0x28, 0xec, 0xf8, 0xff, 0x28, 0xe8, 0xf0, 0xff,
    0x30, 0xe8, 0xf0, 0xff, 0x28, 0xe8, 0xf8, 0xff, 0x28, 0xec, 0xf0, 0xff,
    0x28, 0xe8, 0xf8, 0x20, 0x00, 0x00, 0x00, 0x00, 0x00, 0x00, 0x00, 0x00,
    0x00, 0x00, 0x00, 0x00, 0x00, 0x00, 0x00, 0x00, 0x00, 0x00, 0x00, 0x00,
    0x00, 0x00, 0x00, 0x00, 0x00, 0x00, 0x00, 0x00, 0x00, 0x00, 0x00, 0x00,
    0x00, 0x00, 0x00, 0x00, 0x00, 0x00, 0x00, 0x00, 0x00, 0x00, 0x00, 0x00,
    0x00, 0x00, 0x00, 0x00, 0x00, 0x00, 0x00, 0x00, 0x00, 0x00, 0x00, 0x00,
    0x00, 0x00, 0x00, 0x00, 0x00, 0x00, 0x00, 0x00, 0x00, 0x00, 0x00, 0x00,
    0x00, 0x00, 0x00, 0x00, 0x00, 0x00, 0x00, 0x00, 0x00, 0x00, 0x00, 0x00,
    0x00, 0x00, 0x00, 0x00, 0x00, 0x00, 0x00, 0x00, 0x00, 0x00, 0x00, 0x00,
    0x00, 0x00, 0x00, 0x00, 0x00, 0x00, 0x00, 0x00, 0x00, 0x00, 0x00, 0x00,
    0x00, 0x00, 0x00, 0x00, 0x00, 0x00, 0x00, 0x00, 0x00, 0x00, 0x00, 0x00,
    0x00, 0x00, 0x00, 0x00, 0x00, 0x00, 0x00, 0x00, 0x00, 0x00, 0x00, 0x00,
    0x00, 0x00, 0x00, 0x00, 0x00, 0x00, 0x00, 0x00, 0x00, 0x00, 0x00, 0x00,
    0x00, 0x00, 0x00, 0x00, 0x00, 0x00, 0x00, 0x00, 0x00, 0x00, 0x00, 0x00,
    0x00, 0x00, 0x00, 0x00, 0x00, 0x00, 0x00, 0x00, 0x00, 0x00, 0x00, 0x00,
    0x00, 0x00, 0x00, 0x00, 0x00, 0x00, 0x00, 0x00, 0x00, 0x00, 0x00, 0x00,
    0x00, 0x00, 0x00, 0x00, 0x00, 0x00, 0x00, 0x00, 0x00, 0x00, 0x00, 0x00,
    0x00, 0x00, 0x00, 0x00, 0x00, 0x00, 0x00, 0x00, 0x00, 0x00, 0x00, 0x00,
    0x28, 0xe8, 0xf0, 0xbe, 0x28, 0xec, 0xf8, 0xff, 0x30, 0xe8, 0xf0, 0xff,
    0x28, 0xe8, 0xf0, 0xff, 0x28, 0xec, 0xf0, 0xff, 0x28, 0xec, 0xf8, 0xff,
    0x28, 0xe8, 0xf0, 0xff, 0x30, 0xec, 0xf0, 0xff, 0x28, 0xec, 0xf8, 0xff,
    0x28, 0xe8, 0xf0, 0xff, 0x28, 0xec, 0xf8, 0xff, 0x28, 0xe8, 0xf8, 0xff,
    0x28, 0xec, 0xf0, 0xff, 0x30, 0xe8, 0xf0, 0xff, 0x28, 0xe8, 0xf0, 0x7d,
    0x00, 0x00, 0x00, 0x00, 0x00, 0x00, 0x00, 0x00, 0x00, 0x00, 0x00, 0x00,
    0x00, 0x00, 0x00, 0x00, 0x00, 0x00, 0x00, 0x00, 0x00, 0x00, 0x00, 0x00,
    0x00, 0x00, 0x00, 0x00, 0x00, 0x00, 0x00, 0x00, 0x00, 0x00, 0x00, 0x00,
    0x00, 0x00, 0x00, 0x00, 0x00, 0x00, 0x00, 0x00, 0x00, 0x00, 0x00, 0x00,
    0x00, 0x00, 0x00, 0x00, 0x00, 0x00, 0x00, 0x00, 0x00, 0x00, 0x00, 0x00,
    0x00, 0x00, 0x00, 0x00, 0x00, 0x00, 0x00, 0x00, 0x00, 0x00, 0x00, 0x00,
    0x00, 0x00, 0x00, 0x00, 0x00, 0x00, 0x00, 0x00, 0x28, 0xe8, 0xf0, 0x82,
    0x28, 0xec, 0xf8, 0xff, 0x28, 0xe8, 0xf0, 0xff, 0x28, 0xe8, 0xf8, 0xff,
    0x28, 0xec, 0xf8, 0xff, 0x28, 0xe8, 0xf0, 0xff, 0x28, 0xe8, 0xf8, 0xff,
    0x28, 0xec, 0xf0, 0xff, 0x30, 0xec, 0xf8, 0xff, 0x28, 0xe8, 0xf0, 0xff,
    0x28, 0xec, 0xf8, 0xff, 0x28, 0xec, 0xf8, 0xff, 0x30, 0xe8, 0xf0, 0xff,
    0x28, 0xe8, 0xf0, 0xff, 0x28, 0xe8, 0xf8, 0xbe, 0x00, 0x00, 0x00, 0x00,
    0x00, 0x00, 0x00, 0x00, 0x00, 0x00, 0x00, 0x00, 0x00, 0x00, 0x00, 0x00,
    0x00, 0x00, 0x00, 0x00, 0x00, 0x00, 0x00, 0x00, 0x00, 0x00, 0x00, 0x00,
    0x00, 0x00, 0x00, 0x00, 0x00, 0x00, 0x00, 0x00, 0x00, 0x00, 0x00, 0x00,
    0x00, 0x00, 0x00, 0x00, 0x00, 0x00, 0x00, 0x00, 0x00, 0x00, 0x00, 0x00,
    0x00, 0x00, 0x00, 0x00, 0x00, 0x00, 0x00, 0x00, 0x00, 0x00, 0x00, 0x00,
    0x00, 0x00, 0x00, 0x00, 0x00, 0x00, 0x00, 0x00, 0x00, 0x00, 0x00, 0x00,
    0x00, 0x00, 0x00, 0x00, 0x00, 0x00, 0x00, 0x00, 0x00, 0x00, 0x00, 0x00,
    0x00, 0x00, 0x00, 0x00, 0x00, 0x00, 0x00, 0x00, 0x00, 0x00, 0x00, 0x00,
    0x00, 0x00, 0x00, 0x00, 0x00, 0x00, 0x00, 0x00, 0x00, 0x00, 0x00, 0x00,
    0x00, 0x00, 0x00, 0x00, 0x00, 0x00, 0x00, 0x00, 0x00, 0x00, 0x00, 0x00,
    0x00, 0x00, 0x00, 0x00, 0x00, 0x00, 0x00, 0x00, 0x00, 0x00, 0x00, 0x00,
    0x00, 0x00, 0x00, 0x00, 0x00, 0x00, 0x00, 0x00, 0x00, 0x00, 0x00, 0x00,
    0x00, 0x00, 0x00, 0x00, 0x00, 0x00, 0x00, 0x00, 0x00, 0x00, 0x00, 0x00,
    0x00, 0x00, 0x00, 0x00, 0x00, 0x00, 0x00, 0x00, 0x00, 0x00, 0x00, 0x00,
    0x00, 0x00, 0x00, 0x00, 0x00, 0x00, 0x00, 0x00, 0x00, 0x00, 0x00, 0x00,
    0x00, 0x00, 0x00, 0x00, 0x00, 0x00, 0x00, 0x00, 0x00, 0x00, 0x00, 0x00,
    0x30, 0xec, 0xf0, 0x41, 0x28, 0xe8, 0xf8, 0xff, 0x28, 0xec, 0xf8, 0xff,
    0x30, 0xec, 0xf8, 0xff, 0x28, 0xe8, 0xf0, 0xff, 0x28, 0xec, 0xf8, 0xff,
    0x30, 0xe8, 0xf0, 0xff, 0x28, 0xe8, 0xf8, 0xff, 0x28, 0xec, 0xf8, 0xff,
    0x30, 0xe8, 0xf0, 0xff, 0x30, 0xec, 0xf0, 0xff, 0x28, 0xe8, 0xf0, 0xff,
    0x28, 0xec, 0xf8, 0xff, 0x30, 0xec, 0xf8, 0xff, 0x28, 0xe8, 0xf0, 0xdf,
    0x00, 0x00, 0x00, 0x00, 0x00, 0x00, 0x00, 0x00, 0x00, 0x00, 0x00, 0x00,
    0x00, 0x00, 0x00, 0x00, 0x00, 0x00, 0x00, 0x00, 0x00, 0x00, 0x00, 0x00,
    0x00, 0x00, 0x00, 0x00, 0x00, 0x00, 0x00, 0x00, 0x00, 0x00, 0x00, 0x00,
    0x00, 0x00, 0x00, 0x00, 0x00, 0x00, 0x00, 0x00, 0x00, 0x00, 0x00, 0x00,
    0x00, 0x00, 0x00, 0x00, 0x00, 0x00, 0x00, 0x00, 0x00, 0x00, 0x00, 0x00,
    0x00, 0x00, 0x00, 0x00, 0x00, 0x00, 0x00, 0x00, 0x00, 0x00, 0x00, 0x00,
    0x00, 0x00, 0x00, 0x00, 0x00, 0x00, 0x00, 0x00, 0x00, 0x00, 0x00, 0x00,
    0x00, 0x00, 0x00, 0x00, 0x30, 0xec, 0xf8, 0xdf, 0x28, 0xec, 0xf0, 0xff,
    0x30, 0xe8, 0xf0, 0xff, 0x28, 0xec, 0xf8, 0xff, 0x30, 0xec, 0xf0, 0xff,
    0x28, 0xe8, 0xf8, 0xff, 0x28, 0xe8, 0xf8, 0xff, 0x30, 0xec, 0xf0, 0xff,
    0x28, 0xe8, 0xf0, 0xff, 0x28, 0xec, 0xf8, 0xff, 0x28, 0xec, 0xf8, 0xff,
    0x28, 0xe8, 0xf0, 0xff, 0x30, 0xec, 0xf8, 0xff, 0x28, 0xec, 0xf0, 0xff,
    0x30, 0xec, 0xf0, 0x41, 0x00, 0x00, 0x00, 0x00, 0x00, 0x00, 0x00, 0x00,
    0x00, 0x00, 0x00, 0x00, 0x00, 0x00, 0x00, 0x00, 0x00, 0x00, 0x00, 0x00,
    0x00, 0x00, 0x00, 0x00, 0x00, 0x00, 0x00, 0x00, 0x00, 0x00, 0x00, 0x00,
    0x00, 0x00, 0x00, 0x00, 0x00, 0x00, 0x00, 0x00, 0x00, 0x00, 0x00, 0x00,
    0x00, 0x00, 0x00, 0x00, 0x00, 0x00, 0x00, 0x00, 0x00, 0x00, 0x00, 0x00,
    0x00, 0x00, 0x00, 0x00, 0x00, 0x00, 0x00, 0x00, 0x00, 0x00, 0x00, 0x00,
    0x00, 0x00, 0x00, 0x00, 0x00, 0x00, 0x00, 0x00, 0x00, 0x00, 0x00, 0x00,
    0x00, 0x00, 0x00, 0x00, 0x00, 0x00, 0x00, 0x00, 0x00, 0x00, 0x00, 0x00,
    0x00, 0x00, 0x00, 0x00, 0x00, 0x00, 0x00, 0x00, 0x00, 0x00, 0x00, 0x00,
    0x00, 0x00, 0x00, 0x00, 0x00, 0x00, 0x00, 0x00, 0x00, 0x00, 0x00, 0x00,
    0x00, 0x00, 0x00, 0x00, 0x00, 0x00, 0x00, 0x00, 0x00, 0x00, 0x00, 0x00,
    0x00, 0x00, 0x00, 0x00, 0x00, 0x00, 0x00, 0x00, 0x00, 0x00, 0x00, 0x00,
    0x00, 0x00, 0x00, 0x00, 0x00, 0x00, 0x00, 0x00, 0x00, 0x00, 0x00, 0x00,
    0x00, 0x00, 0x00, 0x00, 0x00, 0x00, 0x00, 0x00, 0x00, 0x00, 0x00, 0x00,
    0x00, 0x00, 0x00, 0x00, 0x00, 0x00, 0x00, 0x00, 0x00, 0x00, 0x00, 0x00,
    0x00, 0x00, 0x00, 0x00, 0x00, 0x00, 0x00, 0x00, 0x00, 0x00, 0x00, 0x00,
    0x00, 0x00, 0x00, 0x00, 0x28, 0xe8, 0xf0, 0xdf, 0x28, 0xec, 0xf0, 0xff,
    0x28, 0xe8, 0xf8, 0xff, 0x28, 0xec, 0xf0, 0xff, 0x28, 0xe8, 0xf8, 0xff,
    0x30, 0xec, 0xf8, 0xff, 0x28, 0xec, 0xf0, 0xff, 0x28, 0xe8, 0xf0, 0xff,
    0x28, 0xec, 0xf8, 0xff, 0x28, 0xe8, 0xf8, 0xff, 0x28, 0xe8, 0xf0, 0xff,
    0x28, 0xec, 0xf8, 0xff, 0x30, 0xe8, 0xf0, 0xff, 0x28, 0xe8, 0xf8, 0xff,
    0x28, 0xec, 0xf8, 0x61, 0x00, 0x00, 0x00, 0x00, 0x00, 0x00, 0x00, 0x00,
    0x00, 0x00, 0x00, 0x00, 0x00, 0x00, 0x00, 0x00, 0x00, 0x00, 0x00, 0x00,
    0x00, 0x00, 0x00, 0x00, 0x00, 0x00, 0x00, 0x00, 0x00, 0x00, 0x00, 0x00,
    0x00, 0x00, 0x00, 0x00, 0x00, 0x00, 0x00, 0x00, 0x00, 0x00, 0x00, 0x00,
    0x00, 0x00, 0x00, 0x00, 0x00, 0x00, 0x00, 0x00, 0x00, 0x00, 0x00, 0x00,
    0x00, 0x00, 0x00, 0x00, 0x00, 0x00, 0x00, 0x00, 0x00, 0x00, 0x00, 0x00,
    0x00, 0x00, 0x00, 0x00, 0x00, 0x00, 0x00, 0x00, 0x00, 0x00, 0x00, 0x00,
    0x00, 0x00, 0x00, 0x00, 0x00, 0x00, 0x00, 0x00, 0x28, 0xe8, 0xf8, 0x61,
    0x28, 0xec, 0xf0, 0xff, 0x28, 0xe8, 0xf8, 0xff, 0x30, 0xec, 0xf0, 0xff,
    0x28, 0xec, 0xf0, 0xff, 0x28, 0xe8, 0xf8, 0xff, 0x28, 0xec, 0xf0, 0xff,
    0x28, 0xe8, 0xf8, 0xff, 0x30, 0xe8, 0xf0, 0xff, 0x28, 0xec, 0xf0, 0xff,
    0x28, 0xe8, 0xf0, 0xff, 0x30, 0xe8, 0xf8, 0xff, 0x28, 0xec, 0xf8, 0xff,
    0x28, 0xe8, 0xf0, 0xff, 0x28, 0xe8, 0xf8, 0xbe, 0x00, 0x00, 0x00, 0x00,
    0x00, 0x00, 0x00, 0x00, 0x00, 0x00, 0x00, 0x00, 0x00, 0x00, 0x00, 0x00,
    0x00, 0x00, 0x00, 0x00, 0x00, 0x00, 0x00, 0x00, 0x00, 0x00, 0x00, 0x00,
    0x00, 0x00, 0x00, 0x00, 0x00, 0x00, 0x00, 0x00, 0x00, 0x00, 0x00, 0x00,
    0x00, 0x00, 0x00, 0x00, 0x00, 0x00, 0x00, 0x00, 0x00, 0x00, 0x00, 0x00,
    0x00, 0x00, 0x00, 0x00, 0x00, 0x00, 0x00, 0x00, 0x00, 0x00, 0x00, 0x00,
    0x00, 0x00, 0x00, 0x00, 0x00, 0x00, 0x00, 0x00, 0x00, 0x00, 0x00, 0x00,
    0x00, 0x00, 0x00, 0x00, 0x00, 0x00, 0x00, 0x00, 0x00, 0x00, 0x00, 0x00,
    0x00, 0x00, 0x00, 0x00, 0x00, 0x00, 0x00, 0x00, 0x00, 0x00, 0x00, 0x00,
    0x00, 0x00, 0x00, 0x00, 0x00, 0x00, 0x00, 0x00, 0x00, 0x00, 0x00, 0x00,
    0x00, 0x00, 0x00, 0x00, 0x00, 0x00, 0x00, 0x00, 0x00, 0x00, 0x00, 0x00,
    0x00, 0x00, 0x00, 0x00, 0x00, 0x00, 0x00, 0x00, 0x00, 0x00, 0x00, 0x00,
    0x00, 0x00, 0x00, 0x00, 0x00, 0x00, 0x00, 0x00, 0x00, 0x00, 0x00, 0x00,
    0x00, 0x00, 0x00, 0x00, 0x00, 0x00, 0x00, 0x00, 0x00, 0x00, 0x00, 0x00,
    0x00, 0x00, 0x00, 0x00, 0x00, 0x00, 0x00, 0x00, 0x00, 0x00, 0x00, 0x00,
    0x00, 0x00, 0x00, 0x00, 0x00, 0x00, 0x00, 0x00, 0x00, 0x00, 0x00, 0x00,
    0x00, 0x00, 0x00, 0x00, 0x28, 0xec, 0xf0, 0x41, 0x28, 0xe8, 0xf8, 0xff,
    0x28, 0xec, 0xf8, 0xff, 0x30, 0xe8, 0xf0, 0xff, 0x28, 0xe8, 0xf0, 0xff,
    0x28, 0xec, 0xf8, 0xff, 0x28, 0xe8, 0xf0, 0xff, 0x28, 0xe8, 0xf8, 0xff,
    0x30, 0xec, 0xf0, 0xff, 0x28, 0xec, 0xf0, 0xff, 0x28, 0xe8, 0xf8, 0xff,
    0x28, 0xec, 0xf8, 0xff, 0x30, 0xec, 0xf0, 0xff, 0x28, 0xe8, 0xf0, 0xff,
    0x28, 0xec, 0xf0, 0xdf, 0x00, 0x00, 0x00, 0x00, 0x00, 0x00, 0x00, 0x00,
    0x00, 0x00, 0x00, 0x00, 0x00, 0x00, 0x00, 0x00, 0x00, 0x00, 0x00, 0x00,
    0x00, 0x00, 0x00, 0x00, 0x00, 0x00, 0x00, 0x00, 0x00, 0x00, 0x00, 0x00,
    0x00, 0x00, 0x00, 0x00, 0x00, 0x00, 0x00, 0x00, 0x00, 0x00, 0x00, 0x00,
    0x00, 0x00, 0x00, 0x00, 0x00, 0x00, 0x00, 0x00, 0x00, 0x00, 0x00, 0x00,
    0x00, 0x00, 0x00, 0x00, 0x00, 0x00, 0x00, 0x00, 0x00, 0x00, 0x00, 0x00,
    0x00, 0x00, 0x00, 0x00, 0x00, 0x00, 0x00, 0x00, 0x00, 0x00, 0x00, 0x00,
    0x00, 0x00, 0x00, 0x00, 0x00, 0x00, 0x00, 0x00, 0x00, 0x00, 0x00, 0x00,
    0x00, 0x00, 0x00, 0x00, 0x28, 0xe8, 0xf8, 0xdf, 0x28, 0xec, 0xf0, 0xff,
    0x28, 0xe8, 0xf8, 0xff, 0x28, 0xe8, 0xf8, 0xff, 0x30, 0xec, 0xf0, 0xff,
    0x28, 0xec, 0xf8, 0xff, 0x28, 0xe8, 0xf8, 0xff, 0x30, 0xec, 0xf8, 0xff,
    0x28, 0xec, 0xf0, 0xff, 0x28, 0xe8, 0xf8, 0xff, 0x28, 0xec, 0xf0, 0xff,
    0x28, 0xec, 0xf0, 0xff, 0x28, 0xe8, 0xf8, 0xff, 0x28, 0xe8, 0xf0, 0xff,
    0x28, 0xec, 0xf8, 0x61, 0x00, 0x00, 0x00, 0x00, 0x00, 0x00, 0x00, 0x00,
    0x00, 0x00, 0x00, 0x00, 0x00, 0x00, 0x00, 0x00, 0x00, 0x00, 0x00, 0x00,
    0x00, 0x00, 0x00, 0x00, 0x00, 0x00, 0x00, 0x00, 0x00, 0x00, 0x00, 0x00,
    0x00, 0x00, 0x00, 0x00, 0x00, 0x00, 0x00, 0x00, 0x00, 0x00, 0x00, 0x00,
    0x00, 0x00, 0x00, 0x00, 0x00, 0x00, 0x00, 0x00, 0x00, 0x00, 0x00, 0x00,
    0x00, 0x00, 0x00, 0x00, 0x00, 0x00, 0x00, 0x00, 0x00, 0x00, 0x00, 0x00,
    0x00, 0x00, 0x00, 0x00, 0x00, 0x00, 0x00, 0x00, 0x00, 0x00, 0x00, 0x00,
    0x00, 0x00, 0x00, 0x00, 0x00, 0x00, 0x00, 0x00, 0x00, 0x00, 0x00, 0x00,
    0x00, 0x00, 0x00, 0x00, 0x00, 0x00, 0x00, 0x00, 0x00, 0x00, 0x00, 0x00,
    0x00, 0x00, 0x00, 0x00, 0x00, 0x00, 0x00, 0x00, 0x00, 0x00, 0x00, 0x00,
    0x00, 0x00, 0x00, 0x00, 0x00, 0x00, 0x00, 0x00, 0x00, 0x00, 0x00, 0x00,
    0x00, 0x00, 0x00, 0x00, 0x00, 0x00, 0x00, 0x00, 0x00, 0x00, 0x00, 0x00,
    0x00, 0x00, 0x00, 0x00, 0x00, 0x00, 0x00, 0x00, 0x00, 0x00, 0x00, 0x00,
    0x00, 0x00, 0x00, 0x00, 0x00, 0x00, 0x00, 0x00, 0x00, 0x00, 0x00, 0x00,
    0x00, 0x00, 0x00, 0x00, 0x00, 0x00, 0x00, 0x00, 0x00, 0x00, 0x00, 0x00,
    0x00, 0x00, 0x00, 0x00, 0x00, 0x00, 0x00, 0x00, 0x28, 0xe8, 0xf8, 0xdf,
    0x28, 0xec, 0xf0, 0xff, 0x30, 0xec, 0xf8, 0xff, 0x28, 0xe8, 0xf0, 0xff,
    0x28, 0xec, 0xf8, 0xff, 0x30, 0xec, 0xf0, 0xff, 0x28, 0xe8, 0xf0, 0xff,
    0x28, 0xe8, 0xf8, 0xff, 0x30, 0xec, 0xf8, 0xff, 0x28, 0xe8, 0xf0, 0xff,
    0x28, 0xe8, 0xf0, 0xff, 0x30, 0xec, 0xf8, 0xff, 0x28, 0xe8, 0xf8, 0xff,
    0x28, 0xec, 0xf8, 0xff, 0x30, 0xec, 0xf0, 0x41, 0x00, 0x00, 0x00, 0x00,
    0x00, 0x00, 0x00, 0x00, 0x00, 0x00, 0x00, 0x00, 0x00, 0x00, 0x00, 0x00,
    0x00, 0x00, 0x00, 0x00, 0x00, 0x00, 0x00, 0x00, 0x00, 0x00, 0x00, 0x00,
    0x00, 0x00, 0x00, 0x00, 0x00, 0x00, 0x00, 0x00, 0x00, 0x00, 0x00, 0x00,
    0x00, 0x00, 0x00, 0x00, 0x00, 0x00, 0x00, 0x00, 0x00, 0x00, 0x00, 0x00,
    0x00, 0x00, 0x00, 0x00, 0x00, 0x00, 0x00, 0x00, 0x00, 0x00, 0x00, 0x00,
    0x00, 0x00, 0x00, 0x00, 0x00, 0x00, 0x00, 0x00, 0x00, 0x00, 0x00, 0x00,
    0x00, 0x00, 0x00, 0x00, 0x00, 0x00, 0x00, 0x00, 0x00, 0x00, 0x00, 0x00,
    0x00, 0x00, 0x00, 0x00, 0x00, 0x00, 0x00, 0x00, 0x30, 0xec, 0xf0, 0x41,
    0x30, 0xec, 0xf0, 0xff, 0x28, 0xe8, 0xf8, 0xff, 0x28, 0xe8, 0xf0, 0xff,
    0x30, 0xec, 0xf0, 0xff, 0x28, 0xe8, 0xf0, 0xff, 0x28, 0xe8, 0xf8, 0xff,
    0x28, 0xec, 0xf0, 0xff, 0x30, 0xe8, 0xf8, 0xff, 0x28, 0xe8, 0xf8, 0xff,
    0x28, 0xec, 0xf0, 0xff, 0x30, 0xe8, 0xf8, 0xff, 0x30, 0xec, 0xf8, 0xff,
    0x28, 0xec, 0xf0, 0xff, 0x28, 0xe8, 0xf0, 0xdf, 0x28, 0xe8, 0xf8, 0x20,
    0x00, 0x00, 0x00, 0x00, 0x00, 0x00, 0x00, 0x00, 0x00, 0x00, 0x00, 0x00,
    0x00, 0x00, 0x00, 0x00, 0x00, 0x00, 0x00, 0x00, 0x00, 0x00, 0x00, 0x00,
    0x00, 0x00, 0x00, 0x00, 0x00, 0x00, 0x00, 0x00, 0x00, 0x00, 0x00, 0x00,
    0x00, 0x00, 0x00, 0x00, 0x00, 0x00, 0x00, 0x00, 0x00, 0x00, 0x00, 0x00,
    0x00, 0x00, 0x00, 0x00, 0x00, 0x00, 0x00, 0x00, 0x00, 0x00, 0x00, 0x00,
    0x00, 0x00, 0x00, 0x00, 0x00, 0x00, 0x00, 0x00, 0x00, 0x00, 0x00, 0x00,
    0x00, 0x00, 0x00, 0x00, 0x00, 0x00, 0x00, 0x00, 0x00, 0x00, 0x00, 0x00,
    0x00, 0x00, 0x00, 0x00, 0x00, 0x00, 0x00, 0x00, 0x00, 0x00, 0x00, 0x00,
    0x00, 0x00, 0x00, 0x00, 0x00, 0x00, 0x00, 0x00, 0x00, 0x00, 0x00, 0x00,
    0x00, 0x00, 0x00, 0x00, 0x00, 0x00, 0x00, 0x00, 0x00, 0x00, 0x00, 0x00,
    0x00, 0x00, 0x00, 0x00, 0x00, 0x00, 0x00, 0x00, 0x00, 0x00, 0x00, 0x00,
    0x00, 0x00, 0x00, 0x00, 0x00, 0x00, 0x00, 0x00, 0x00, 0x00, 0x00, 0x00,
    0x00, 0x00, 0x00, 0x00, 0x00, 0x00, 0x00, 0x00, 0x00, 0x00, 0x00, 0x00,
    0x00, 0x00, 0x00, 0x00, 0x00, 0x00, 0x00, 0x00, 0x00, 0x00, 0x00, 0x00,
    0x00, 0x00, 0x00, 0x00, 0x00, 0x00, 0x00, 0x00, 0x28, 0xe8, 0xf0, 0x7d,
    0x28, 0xe8, 0xf8, 0xff, 0x30, 0xec, 0xf0, 0xff, 0x28, 0xe8, 0xf0, 0xff,
    0x28, 0xe8, 0xf8, 0xff, 0x28, 0xec, 0xf8, 0xff, 0x30, 0xec, 0xf0, 0xff,
    0x28, 0xe8, 0xf8, 0xff, 0x28, 0xec, 0xf8, 0xff, 0x28, 0xec, 0xf0, 0xff,
    0x28, 0xe8, 0xf8, 0xff, 0x30, 0xec, 0xf0, 0xff, 0x28, 0xe8, 0xf0, 0xff,
    0x28, 0xe8, 0xf8, 0xff, 0x28, 0xec, 0xf0, 0xdf, 0x00, 0x00, 0x00, 0x00,
    0x00, 0x00, 0x00, 0x00, 0x00, 0x00, 0x00, 0x00, 0x00, 0x00, 0x00, 0x00,
    0x00, 0x00, 0x00, 0x00, 0x00, 0x00, 0x00, 0x00, 0x00, 0x00, 0x00, 0x00,
    0x00, 0x00, 0x00, 0x00, 0x00, 0x00, 0x00, 0x00, 0x00, 0x00, 0x00, 0x00,
    0x00, 0x00, 0x00, 0x00, 0x28, 0xe8, 0xf8, 0x61, 0x28, 0xec, 0xf8, 0x61,
    0x28, 0xe8, 0xf0, 0x7d, 0x30, 0xec, 0xf0, 0x41, 0x28, 0xe8, 0xf8, 0x20,
    0x00, 0x00, 0x00, 0x00, 0x00, 0x00, 0x00, 0x00, 0x00, 0x00, 0x00, 0x00,
    0x00, 0x00, 0x00, 0x00, 0x00, 0x00, 0x00, 0x00, 0x00, 0x00, 0x00, 0x00,
    0x00, 0x00, 0x00, 0x00, 0x00, 0x00, 0x00, 0x00, 0x00, 0x00, 0x00, 0x00,
    0x00, 0x00, 0x00, 0x00, 0x28, 0xe8, 0xf8, 0xdf, 0x28, 0xec, 0xf0, 0xff,
    0x28, 0xec, 0xf8, 0xff, 0x28, 0xe8, 0xf8, 0xff, 0x30, 0xec, 0xf0, 0xff,
    0x28, 0xec, 0xf0, 0xff, 0x28, 0xe8, 0xf8, 0xff, 0x28, 0xec, 0xf0, 0xff,
    0x30, 0xec, 0xf0, 0xff, 0x28, 0xe8, 0xf8, 0xff, 0x28, 0xe8, 0xf0, 0xff,
    0x28, 0xec, 0xf8, 0xff, 0x30, 0xe8, 0xf0, 0xff, 0x28, 0xe8, 0xf8, 0xff,
    0x28, 0xec, 0xf8, 0x61, 0x00, 0x00, 0x00, 0x00, 0x00, 0x00, 0x00, 0x00,
    0x00, 0x00, 0x00, 0x00, 0x00, 0x00, 0x00, 0x00, 0x00, 0x00, 0x00, 0x00,
    0x00, 0x00, 0x00, 0x00, 0x00, 0x00, 0x00, 0x00, 0x00, 0x00, 0x00, 0x00,
    0x00, 0x00, 0x00, 0x00, 0x00, 0x00, 0x00, 0x00, 0x00, 0x00, 0x00, 0x00,
    0x00, 0x00, 0x00, 0x00, 0x00, 0x00, 0x00, 0x00, 0x00, 0x00, 0x00, 0x00,
    0x00, 0x00, 0x00, 0x00, 0x00, 0x00, 0x00, 0x00, 0x00, 0x00, 0x00, 0x00,
    0x00, 0x00, 0x00, 0x00, 0x00, 0x00, 0x00, 0x00, 0x00, 0x00, 0x00, 0x00,
    0x00, 0x00, 0x00, 0x00, 0x00, 0x00, 0x00, 0x00, 0x00, 0x00, 0x00, 0x00,
    0x00, 0x00, 0x00, 0x00, 0x00, 0x00, 0x00, 0x00, 0x00, 0x00, 0x00, 0x00,
    0x00, 0x00, 0x00, 0x00, 0x00, 0x00, 0x00, 0x00, 0x00, 0x00, 0x00, 0x00,
    0x00, 0x00, 0x00, 0x00, 0x00, 0x00, 0x00, 0x00, 0x00, 0x00, 0x00, 0x00,
    0x00, 0x00, 0x00, 0x00, 0x00, 0x00, 0x00, 0x00, 0x00, 0x00, 0x00, 0x00,
    0x00, 0x00, 0x00, 0x00, 0x00, 0x00, 0x00, 0x00, 0x00, 0x00, 0x00, 0x00,
    0x00, 0x00, 0x00, 0x00, 0x00, 0x00, 0x00, 0x00, 0x00, 0x00, 0x00, 0x00,
    0x00, 0x00, 0x00, 0x00, 0x00, 0x00, 0x00, 0x00, 0x00, 0x00, 0x00, 0x00,
    0x28, 0xec, 0xf0, 0xdf, 0x28, 0xe8, 0xf8, 0xff, 0x28, 0xec, 0xf8, 0xff,
    0x28, 0xe8, 0xf0, 0xff, 0x28, 0xec, 0xf8, 0xff, 0x30, 0xe8, 0xf0, 0xff,
    0x28, 0xe8, 0xf0, 0xff, 0x28, 0xec, 0xf8, 0xff, 0x30, 0xe8, 0xf0, 0xff,
    0x28, 0xe8, 0xf0, 0xff, 0x28, 0xec, 0xf8, 0xff, 0x28, 0xec, 0xf8, 0xff,
    0x28, 0xe8, 0xf0, 0xff, 0x30, 0xec, 0xf8, 0xff, 0x28, 0xe8, 0xf8, 0x20,
    0x00, 0x00, 0x00, 0x00, 0x00, 0x00, 0x00, 0x00, 0x00, 0x00, 0x00, 0x00,
    0x00, 0x00, 0x00, 0x00, 0x00, 0x00, 0x00, 0x00, 0x00, 0x00, 0x00, 0x00,
    0x00, 0x00, 0x00, 0x00, 0x00, 0x00, 0x00, 0x00, 0x00, 0x00, 0x00, 0x00,
    0x28, 0xec, 0xf8, 0xbe, 0x30, 0xe8, 0xf0, 0xff, 0x28, 0xec, 0xf8, 0xff,
    0x28, 0xe8, 0xf0, 0xff, 0x30, 0xe8, 0xf8, 0xff, 0x28, 0xec, 0xf8, 0xff,
    0x28, 0xe8, 0xf8, 0xff, 0x28, 0xe8, 0xf0, 0x9e, 0x28, 0xe8, 0xf8, 0x20,
    0x00, 0x00, 0x00, 0x00, 0x00, 0x00, 0x00, 0x00, 0x00, 0x00, 0x00, 0x00,
    0x00, 0x00, 0x00, 0x00, 0x00, 0x00, 0x00, 0x00, 0x00, 0x00, 0x00, 0x00,
    0x00, 0x00, 0x00, 0x00, 0x00, 0x00, 0x00, 0x00, 0x30, 0xec, 0xf0, 0x41,
    0x28, 0xe8, 0xf8, 0xff, 0x28, 0xec, 0xf8, 0xff, 0x28, 0xe8, 0xf0, 0xff,
    0x28, 0xe8, 0xf8, 0xff, 0x30, 0xec, 0xf8, 0xff, 0x28, 0xe8, 0xf0, 0xff,
    0x28, 0xe8, 0xf8, 0xff, 0x28, 0xec, 0xf0, 0xff, 0x28, 0xec, 0xf8, 0xff,
    0x28, 0xe8, 0xf0, 0xff, 0x28, 0xec, 0xf0, 0xff, 0x28, 0xec, 0xf8, 0xff,
    0x30, 0xe8, 0xf0, 0xff, 0x28, 0xe8, 0xf0, 0xdf, 0x28, 0xe8, 0xf8, 0x20,
    0x00, 0x00, 0x00, 0x00, 0x00, 0x00, 0x00, 0x00, 0x00, 0x00, 0x00, 0x00,
    0x00, 0x00, 0x00, 0x00, 0x00, 0x00, 0x00, 0x00, 0x00, 0x00, 0x00, 0x00,
    0x00, 0x00, 0x00, 0x00, 0x00, 0x00, 0x00, 0x00, 0x00, 0x00, 0x00, 0x00,
    0x00, 0x00, 0x00, 0x00, 0x00, 0x00, 0x00, 0x00, 0x00, 0x00, 0x00, 0x00,
    0x00, 0x00, 0x00, 0x00, 0x00, 0x00, 0x00, 0x00, 0x00, 0x00, 0x00, 0x00,
    0x00, 0x00, 0x00, 0x00, 0x00, 0x00, 0x00, 0x00, 0x00, 0x00, 0x00, 0x00,
    0x00, 0x00, 0x00, 0x00, 0x00, 0x00, 0x00, 0x00, 0x00, 0x00, 0x00, 0x00,
    0x00, 0x00, 0x00, 0x00, 0x00, 0x00, 0x00, 0x00, 0x00, 0x00, 0x00, 0x00,
    0x00, 0x00, 0x00, 0x00, 0x00, 0x00, 0x00, 0x00, 0x00, 0x00, 0x00, 0x00,
    0x00, 0x00, 0x00, 0x00, 0x00, 0x00, 0x00, 0x00, 0x00, 0x00, 0x00, 0x00,
    0x00, 0x00, 0x00, 0x00, 0x00, 0x00, 0x00, 0x00, 0x00, 0x00, 0x00, 0x00,
    0x00, 0x00, 0x00, 0x00, 0x00, 0x00, 0x00, 0x00, 0x00, 0x00, 0x00, 0x00,
    0x00, 0x00, 0x00, 0x00, 0x00, 0x00, 0x00, 0x00, 0x00, 0x00, 0x00, 0x00,
    0x00, 0x00, 0x00, 0x00, 0x00, 0x00, 0x00, 0x00, 0x00, 0x00, 0x00, 0x00,
    0x28, 0xe8, 0xf0, 0x7d, 0x28, 0xe8, 0xf8, 0xff, 0x30, 0xec, 0xf0, 0xff,
    0x28, 0xe8, 0xf0, 0xff, 0x28, 0xec, 0xf8, 0xff, 0x30, 0xec, 0xf0, 0xff,
    0x28, 0xe8, 0xf8, 0xff, 0x28, 0xec, 0xf8, 0xff, 0x28, 0xec, 0xf0, 0xff,
    0x30, 0xe8, 0xf8, 0xff, 0x28, 0xe8, 0xf0, 0xff, 0x28, 0xec, 0xf8, 0xff,
    0x30, 0xe8, 0xf0, 0xff, 0x28, 0xec, 0xf8, 0xff, 0x28, 0xe8, 0xf0, 0xbe,
    0x00, 0x00, 0x00, 0x00, 0x00, 0x00, 0x00, 0x00, 0x00, 0x00, 0x00, 0x00,
    0x00, 0x00, 0x00, 0x00, 0x00, 0x00, 0x00, 0x00, 0x00, 0x00, 0x00, 0x00,
    0x00, 0x00, 0x00, 0x00, 0x00, 0x00, 0x00, 0x00, 0x28, 0xe8, 0xf8, 0x20,
    0x28, 0xe8, 0xf8, 0xff, 0x28, 0xec, 0xf0, 0xff, 0x30, 0xec, 0xf8, 0xff,
    0x28, 0xe8, 0xf0, 0xff, 0x28, 0xec, 0xf0, 0xff, 0x30, 0xec, 0xf8, 0xff,
    0x28, 0xe8, 0xf0, 0xff, 0x28, 0xec, 0xf0, 0xff, 0x30, 0xe8, 0xf8, 0xff,
    0x28, 0xec, 0xf8, 0xdf, 0x28, 0xe8, 0xf8, 0x20, 0x00, 0x00, 0x00, 0x00,
    0x00, 0x00, 0x00, 0x00, 0x00, 0x00, 0x00, 0x00, 0x00, 0x00, 0x00, 0x00,
    0x00, 0x00, 0x00, 0x00, 0x00, 0x00, 0x00, 0x00, 0x00, 0x00, 0x00, 0x00,
    0x00, 0x00, 0x00, 0x00, 0x30, 0xe8, 0xf0, 0x9e, 0x28, 0xec, 0xf0, 0xff,
    0x28, 0xec, 0xf8, 0xff, 0x30, 0xe8, 0xf0, 0xff, 0x28, 0xec, 0xf0, 0xff,
    0x28, 0xec, 0xf8, 0xff, 0x30, 0xe8, 0xf8, 0xff, 0x28, 0xe8, 0xf0, 0xff,
    0x30, 0xec, 0xf8, 0xff, 0x30, 0xe8, 0xf8, 0xff, 0x28, 0xe8, 0xf0, 0xff,
    0x28, 0xec, 0xf8, 0xff, 0x28, 0xec, 0xf8, 0xff, 0x30, 0xe8, 0xf0, 0xff,
    0x28, 0xe8, 0xf0, 0x7d, 0x00, 0x00, 0x00, 0x00, 0x00, 0x00, 0x00, 0x00,
    0x00, 0x00, 0x00, 0x00, 0x00, 0x00, 0x00, 0x00, 0x00, 0x00, 0x00, 0x00,
    0x00, 0x00, 0x00, 0x00, 0x00, 0x00, 0x00, 0x00, 0x00, 0x00, 0x00, 0x00,
    0x00, 0x00, 0x00, 0x00, 0x00, 0x00, 0x00, 0x00, 0x00, 0x00, 0x00, 0x00,
    0x00, 0x00, 0x00, 0x00, 0x00, 0x00, 0x00, 0x00, 0x00, 0x00, 0x00, 0x00,
    0x00, 0x00, 0x00, 0x00, 0x00, 0x00, 0x00, 0x00, 0x00, 0x00, 0x00, 0x00,
    0x00, 0x00, 0x00, 0x00, 0x00, 0x00, 0x00, 0x00, 0x00, 0x00, 0x00, 0x00,
    0x00, 0x00, 0x00, 0x00, 0x00, 0x00, 0x00, 0x00, 0x00, 0x00, 0x00, 0x00,
    0x00, 0x00, 0x00, 0x00, 0x00, 0x00, 0x00, 0x00, 0x00, 0x00, 0x00, 0x00,
    0x00, 0x00, 0x00, 0x00, 0x00, 0x00, 0x00, 0x00, 0x00, 0x00, 0x00, 0x00,
    0x00, 0x00, 0x00, 0x00, 0x00, 0x00, 0x00, 0x00, 0x00, 0x00, 0x00, 0x00,
    0x00, 0x00, 0x00, 0x00, 0x00, 0x00, 0x00, 0x00, 0x00, 0x00, 0x00, 0x00,
    0x00, 0x00, 0x00, 0x00, 0x00, 0x00, 0x00, 0x00, 0x00, 0x00, 0x00, 0x00,
    0x00, 0x00, 0x00, 0x00, 0x00, 0x00, 0x00, 0x00, 0x00, 0x00, 0x00, 0x00,
    0x00, 0x00, 0x00, 0x00, 0x28, 0xe8, 0xf8, 0xff, 0x28, 0xec, 0xf0, 0xff,
    0x30, 0xec, 0xf8, 0xff, 0x28, 0xe8, 0xf8, 0xff, 0x28, 0xe8, 0xf0, 0xff,
    0x30, 0xec, 0xf8, 0xff, 0x28, 0xe8, 0xf0, 0xff, 0x28, 0xe8, 0xf8, 0xff,
    0x28, 0xec, 0xf0, 0xff, 0x28, 0xec, 0xf8, 0xff, 0x28, 0xec, 0xf8, 0xff,
    0x30, 0xe8, 0xf0, 0xff, 0x28, 0xec, 0xf8, 0xff, 0x28, 0xe8, 0xf0, 0xff,
    0x28, 0xe8, 0xf8, 0x20, 0x00, 0x00, 0x00, 0x00, 0x00, 0x00, 0x00, 0x00,
    0x00, 0x00, 0x00, 0x00, 0x00, 0x00, 0x00, 0x00, 0x00, 0x00, 0x00, 0x00,
    0x00, 0x00, 0x00, 0x00, 0x00, 0x00, 0x00, 0x00, 0x00, 0x00, 0x00, 0x00,
    0x30, 0xe8, 0xf0, 0x7d, 0x28, 0xe8, 0xf8, 0xff, 0x28, 0xec, 0xf0, 0xff,
    0x28, 0xe8, 0xf8, 0xff, 0x28, 0xe8, 0xf8, 0xff, 0x28, 0xec, 0xf0, 0xff,
    0x28, 0xe8, 0xf8, 0xff, 0x28, 0xec, 0xf0, 0xff, 0x28, 0xe8, 0xf0, 0xff,
    0x28, 0xec, 0xf8, 0xff, 0x28, 0xe8, 0xf0, 0xff, 0x28, 0xe8, 0xf0, 0x7d,
    0x00, 0x00, 0x00, 0x00, 0x00, 0x00, 0x00, 0x00, 0x00, 0x00, 0x00, 0x00,
    0x00, 0x00, 0x00, 0x00, 0x00, 0x00, 0x00, 0x00, 0x00, 0x00, 0x00, 0x00,
    0x00, 0x00, 0x00, 0x00, 0x00, 0x00, 0x00, 0x00, 0x30, 0xec, 0xf0, 0x41,
    0x28, 0xe8, 0xf8, 0xff, 0x28, 0xec, 0xf8, 0xff, 0x28, 0xe8, 0xf0, 0xff,
    0x28, 0xe8, 0xf0, 0xff, 0x28, 0xec, 0xf8, 0xff, 0x28, 0xec, 0xf0, 0xff,
    0x28, 0xe8, 0xf0, 0xff, 0x28, 0xec, 0xf8, 0xff, 0x28, 0xec, 0xf0, 0xff,
    0x30, 0xe8, 0xf0, 0xff, 0x28, 0xe8, 0xf8, 0xff, 0x28, 0xec, 0xf8, 0xff,
    0x28, 0xec, 0xf0, 0xff, 0x28, 0xe8, 0xf8, 0xdf, 0x28, 0xe8, 0xf8, 0x20,
    0x00, 0x00, 0x00, 0x00, 0x00, 0x00, 0x00, 0x00, 0x00, 0x00, 0x00, 0x00,
    0x00, 0x00, 0x00, 0x00, 0x00, 0x00, 0x00, 0x00, 0x00, 0x00, 0x00, 0x00,
    0x00, 0x00, 0x00, 0x00, 0x00, 0x00, 0x00, 0x00, 0x00, 0x00, 0x00, 0x00,
    0x00, 0x00, 0x00, 0x00, 0x00, 0x00, 0x00, 0x00, 0x00, 0x00, 0x00, 0x00,
    0x00, 0x00, 0x00, 0x00, 0x00, 0x00, 0x00, 0x00, 0x00, 0x00, 0x00, 0x00,
    0x00, 0x00, 0x00, 0x00, 0x00, 0x00, 0x00, 0x00, 0x00, 0x00, 0x00, 0x00,
    0x00, 0x00, 0x00, 0x00, 0x00, 0x00, 0x00, 0x00, 0x00, 0x00, 0x00, 0x00,
    0x00, 0x00, 0x00, 0x00, 0x00, 0x00, 0x00, 0x00, 0x00, 0x00, 0x00, 0x00,
    0x00, 0x00, 0x00, 0x00, 0x00, 0x00, 0x00, 0x00, 0x00, 0x00, 0x00, 0x00,
    0x00, 0x00, 0x00, 0x00, 0x00, 0x00, 0x00, 0x00, 0x00, 0x00, 0x00, 0x00,
    0x00, 0x00, 0x00, 0x00, 0x00, 0x00, 0x00, 0x00, 0x00, 0x00, 0x00, 0x00,
    0x00, 0x00, 0x00, 0x00, 0x00, 0x00, 0x00, 0x00, 0x00, 0x00, 0x00, 0x00,
    0x00, 0x00, 0x00, 0x00, 0x00, 0x00, 0x00, 0x00, 0x00, 0x00, 0x00, 0x00,
    0x00, 0x00, 0x00, 0x00, 0x28, 0xe8, 0xf0, 0x7d, 0x28, 0xec, 0xf8, 0xff,
    0x28, 0xe8, 0xf0, 0xff, 0x28, 0xec, 0xf0, 0xff, 0x28, 0xe8, 0xf8, 0xff,
    0x28, 0xec, 0xf0, 0xff, 0x28, 0xec, 0xf0, 0xff, 0x30, 0xe8, 0xf8, 0xff,
    0x28, 0xe8, 0xf0, 0xff, 0x30, 0xec, 0xf0, 0xff, 0x28, 0xe8, 0xf8, 0xff,
    0x28, 0xe8, 0xf0, 0xff, 0x28, 0xec, 0xf0, 0xff, 0x28, 0xe8, 0xf8, 0xff,
    0x30, 0xe8, 0xf0, 0x82, 0x00, 0x00, 0x00, 0x00, 0x00, 0x00, 0x00, 0x00,
    0x00, 0x00, 0x00, 0x00, 0x00, 0x00, 0x00, 0x00, 0x00, 0x00, 0x00, 0x00,
    0x00, 0x00, 0x00, 0x00, 0x00, 0x00, 0x00, 0x00, 0x00, 0x00, 0x00, 0x00,
    0x00, 0x00, 0x00, 0x00, 0x28, 0xec, 0xf8, 0xff, 0x28, 0xe8, 0xf0, 0xff,
    0x30, 0xec, 0xf8, 0xff, 0x28, 0xe8, 0xf0, 0xff, 0x30, 0xec, 0xf0, 0xff,
    0x28, 0xe8, 0xf8, 0xff, 0x28, 0xec, 0xf8, 0xff, 0x30, 0xe8, 0xf8, 0xff,
    0x30, 0xec, 0xf0, 0xff, 0x28, 0xe8, 0xf8, 0xff, 0x30, 0xec, 0xf0, 0xff,
    0x28, 0xe8, 0xf8, 0xff, 0x00, 0x00, 0x00, 0x00, 0x00, 0x00, 0x00, 0x00,
    0x00, 0x00, 0x00, 0x00, 0x00, 0x00, 0x00, 0x00, 0x00, 0x00, 0x00, 0x00,
    0x00, 0x00, 0x00, 0x00, 0x00, 0x00, 0x00, 0x00, 0x00, 0x00, 0x00, 0x00,
    0x00, 0x00, 0x00, 0x00, 0x28, 0xe8, 0xf8, 0x9e, 0x30, 0xec, 0xf0, 0xff,
    0x28, 0xec, 0xf8, 0xff, 0x30, 0xe8, 0xf8, 0xff, 0x28, 0xe8, 0xf0, 0xff,
    0x28, 0xec, 0xf8, 0xff, 0x30, 0xe8, 0xf8, 0xff, 0x28, 0xe8, 0xf0, 0xff,
    0x28, 0xec, 0xf8, 0xff, 0x28, 0xec, 0xf0, 0xff, 0x30, 0xe8, 0xf0, 0xff,
    0x28, 0xe8, 0xf8, 0xff, 0x28, 0xec, 0xf0, 0xff, 0x30, 0xec, 0xf8, 0xff,
    0x28, 0xe8, 0xf0, 0x82, 0x00, 0x00, 0x00, 0x00, 0x00, 0x00, 0x00, 0x00,
    0x00, 0x00, 0x00, 0x00, 0x00, 0x00, 0x00, 0x00, 0x00, 0x00, 0x00, 0x00,
    0x00, 0x00, 0x00, 0x00, 0x00, 0x00, 0x00, 0x00, 0x00, 0x00, 0x00, 0x00,
    0x00, 0x00, 0x00, 0x00, 0x00, 0x00, 0x00, 0x00, 0x00, 0x00, 0x00, 0x00,
    0x00, 0x00, 0x00, 0x00, 0x00, 0x00, 0x00, 0x00, 0x00, 0x00, 0x00, 0x00,
    0x00, 0x00, 0x00, 0x00, 0x00, 0x00, 0x00, 0x00, 0x00, 0x00, 0x00, 0x00,
    0x00, 0x00, 0x00, 0x00, 0x00, 0x00, 0x00, 0x00, 0x00, 0x00, 0x00, 0x00,
    0x00, 0x00, 0x00, 0x00, 0x00, 0x00, 0x00, 0x00, 0x00, 0x00, 0x00, 0x00,
    0x00, 0x00, 0x00, 0x00, 0x00, 0x00, 0x00, 0x00, 0x00, 0x00, 0x00, 0x00,
    0x00, 0x00, 0x00, 0x00, 0x00, 0x00, 0x00, 0x00, 0x00, 0x00, 0x00, 0x00,
    0x00, 0x00, 0x00, 0x00, 0x00, 0x00, 0x00, 0x00, 0x00, 0x00, 0x00, 0x00,
    0x00, 0x00, 0x00, 0x00, 0x00, 0x00, 0x00, 0x00, 0x00, 0x00, 0x00, 0x00,
    0x00, 0x00, 0x00, 0x00, 0x00, 0x00, 0x00, 0x00, 0x00, 0x00, 0x00, 0x00,
    0x00, 0x00, 0x00, 0x00, 0x28, 0xe8, 0xf8, 0x20, 0x28, 0xe8, 0xf0, 0xff,
    0x30, 0xec, 0xf8, 0xff, 0x30, 0xe8, 0xf8, 0xff, 0x28, 0xe8, 0xf0, 0xff,
    0x30, 0xec, 0xf8, 0xff, 0x28, 0xe8, 0xf8, 0xff, 0x28, 0xec, 0xf0, 0xff,
    0x28, 0xec, 0xf8, 0xff, 0x28, 0xe8, 0xf8, 0xff, 0x28, 0xec, 0xf0, 0xff,
    0x30, 0xe8, 0xf8, 0xff, 0x28, 0xec, 0xf0, 0xff, 0x28, 0xec, 0xf8, 0xff,
    0x30, 0xe8, 0xf8, 0xff, 0x28, 0xe8, 0xf8, 0x20, 0x00, 0x00, 0x00, 0x00,
    0x00, 0x00, 0x00, 0x00, 0x00, 0x00, 0x00, 0x00, 0x00, 0x00, 0x00, 0x00,
    0x00, 0x00, 0x00, 0x00, 0x00, 0x00, 0x00, 0x00, 0x00, 0x00, 0x00, 0x00,
    0x00, 0x00, 0x00, 0x00, 0x28, 0xe8, 0xf8, 0x20, 0x28, 0xe8, 0xf8, 0xff,
    0x28, 0xec, 0xf0, 0xff, 0x28, 0xe8, 0xf8, 0xff, 0x30, 0xec, 0xf8, 0xff,
    0x28, 0xec, 0xf0, 0xff, 0x28, 0xe8, 0xf0, 0xff, 0x28, 0xe8, 0xf8, 0xff,
    0x28, 0xec, 0xf0, 0xff, 0x28, 0xe8, 0xf8, 0xff, 0x28, 0xec, 0xf0, 0xff,
    0x28, 0xec, 0xf8, 0xff, 0x30, 0xe8, 0xf0, 0xff, 0x28, 0xe8, 0xf8, 0x20,
    0x00, 0x00, 0x00, 0x00, 0x00, 0x00, 0x00, 0x00, 0x00, 0x00, 0x00, 0x00,
    0x00, 0x00, 0x00, 0x00, 0x00, 0x00, 0x00, 0x00, 0x00, 0x00, 0x00, 0x00,
    0x00, 0x00, 0x00, 0x00, 0x00, 0x00, 0x00, 0x00, 0x28, 0xe8, 0xf8, 0x20,
    0x28, 0xe8, 0xf0, 0xdf, 0x28, 0xec, 0xf8, 0xff, 0x30, 0xec, 0xf0, 0xff,
    0x28, 0xe8, 0xf0, 0xff, 0x28, 0xec, 0xf8, 0xff, 0x30, 0xec, 0xf0, 0xff,
    0x28, 0xe8, 0xf8, 0xff, 0x28, 0xe8, 0xf8, 0xff, 0x28, 0xec, 0xf0, 0xff,
    0x28, 0xec, 0xf8, 0xff, 0x30, 0xe8, 0xf0, 0xff, 0x28, 0xe8, 0xf8, 0xff,
    0x28, 0xec, 0xf0, 0xff, 0x30, 0xe8, 0xf8, 0xff, 0x28, 0xe8, 0xf8, 0x20,
    0x00, 0x00, 0x00, 0x00, 0x00, 0x00, 0x00, 0x00, 0x00, 0x00, 0x00, 0x00,
    0x00, 0x00, 0x00, 0x00, 0x00, 0x00, 0x00, 0x00, 0x00, 0x00, 0x00, 0x00,
    0x00, 0x00, 0x00, 0x00, 0x00, 0x00, 0x00, 0x00, 0x00, 0x00, 0x00, 0x00,
    0x00, 0x00, 0x00, 0x00, 0x00, 0x00, 0x00, 0x00, 0x00, 0x00, 0x00, 0x00,
    0x00, 0x00, 0x00, 0x00, 0x00, 0x00, 0x00, 0x00, 0x00, 0x00, 0x00, 0x00,
    0x00, 0x00, 0x00, 0x00, 0x00, 0x00, 0x00, 0x00, 0x00, 0x00, 0x00, 0x00,
    0x00, 0x00, 0x00, 0x00, 0x00, 0x00, 0x00, 0x00, 0x00, 0x00, 0x00, 0x00,
    0x00, 0x00, 0x00, 0x00, 0x00, 0x00, 0x00, 0x00, 0x00, 0x00, 0x00, 0x00,
    0x00, 0x00, 0x00, 0x00, 0x00, 0x00, 0x00, 0x00, 0x00, 0x00, 0x00, 0x00,
    0x00, 0x00, 0x00, 0x00, 0x00, 0x00, 0x00, 0x00, 0x00, 0x00, 0x00, 0x00,
    0x00, 0x00, 0x00, 0x00, 0x00, 0x00, 0x00, 0x00, 0x00, 0x00, 0x00, 0x00,
    0x00, 0x00, 0x00, 0x00, 0x00, 0x00, 0x00, 0x00, 0x00, 0x00, 0x00, 0x00,
    0x00, 0x00, 0x00, 0x00, 0x00, 0x00, 0x00, 0x00, 0x28, 0xe8, 0xf0, 0x7d,
    0x28, 0xec, 0xf8, 0xff, 0x28, 0xe8, 0xf0, 0xff, 0x28, 0xec, 0xf0, 0xff,
    0x28, 0xec, 0xf8, 0xff, 0x28, 0xe8, 0xf0, 0xff, 0x30, 0xe8, 0xf8, 0xff,
    0x28, 0xec, 0xf0, 0xff, 0x28, 0xe8, 0xf0, 0xff, 0x30, 0xec, 0xf8, 0xff,
    0x28, 0xe8, 0xf8, 0xff, 0x28, 0xec, 0xf0, 0xff, 0x30, 0xe8, 0xf8, 0xff,
    0x28, 0xe8, 0xf0, 0xff, 0x28, 0xe8, 0xf0, 0x7d, 0x00, 0x00, 0x00, 0x00,
    0x00, 0x00, 0x00, 0x00, 0x00, 0x00, 0x00, 0x00, 0x00, 0x00, 0x00, 0x00,
    0x00, 0x00, 0x00, 0x00, 0x00, 0x00, 0x00, 0x00, 0x00, 0x00, 0x00, 0x00,
    0x00, 0x00, 0x00, 0x00, 0x00, 0x00, 0x00, 0x00, 0x28, 0xe8, 0xf8, 0x20,
    0x30, 0xe8, 0xf0, 0xff, 0x28, 0xec, 0xf0, 0xff, 0x28, 0xe8, 0xf8, 0xff,
    0x28, 0xe8, 0xf0, 0xff, 0x28, 0xec, 0xf8, 0xff, 0x30, 0xec, 0xf0, 0xff,
    0x28, 0xe8, 0xf0, 0xff, 0x28, 0xec, 0xf8, 0xff, 0x30, 0xe8, 0xf0, 0xff,
    0x28, 0xe8, 0xf8, 0xff, 0x28, 0xec, 0xf0, 0xff, 0x28, 0xe8, 0xf8, 0xff,
    0x28, 0xe8, 0xf8, 0x20, 0x00, 0x00, 0x00, 0x00, 0x00, 0x00, 0x00, 0x00,
    0x00, 0x00, 0x00, 0x00, 0x00, 0x00, 0x00, 0x00, 0x00, 0x00, 0x00, 0x00,
    0x00, 0x00, 0x00, 0x00, 0x00, 0x00, 0x00, 0x00, 0x00, 0x00, 0x00, 0x00,
    0x00, 0x00, 0x00, 0x00, 0x28, 0xe8, 0xf0, 0x7d, 0x28, 0xe8, 0xf8, 0xff,
    0x28, 0xec, 0xf8, 0xff, 0x28, 0xe8, 0xf0, 0xff, 0x28, 0xe8, 0xf8, 0xff,
    0x28, 0xec, 0xf0, 0xff, 0x30, 0xec, 0xf0, 0xff, 0x28, 0xe8, 0xf8, 0xff,
    0x28, 0xe8, 0xf8, 0xff, 0x30, 0xec, 0xf0, 0xff, 0x28, 0xec, 0xf8, 0xff,
    0x28, 0xe8, 0xf0, 0xff, 0x28, 0xe8, 0xf0, 0xff, 0x28, 0xec, 0xf8, 0xff,
    0x28, 0xe8, 0xf0, 0x7d, 0x00, 0x00, 0x00, 0x00, 0x00, 0x00, 0x00, 0x00,
    0x00, 0x00, 0x00, 0x00, 0x00, 0x00, 0x00, 0x00, 0x00, 0x00, 0x00, 0x00,
    0x00, 0x00, 0x00, 0x00, 0x00, 0x00, 0x00, 0x00, 0x00, 0x00, 0x00, 0x00,
    0x00, 0x00, 0x00, 0x00, 0x00, 0x00, 0x00, 0x00, 0x00, 0x00, 0x00, 0x00,
    0x00, 0x00, 0x00, 0x00, 0x00, 0x00, 0x00, 0x00, 0x00, 0x00, 0x00, 0x00,
    0x00, 0x00, 0x00, 0x00, 0x00, 0x00, 0x00, 0x00, 0x00, 0x00, 0x00, 0x00,
    0x00, 0x00, 0x00, 0x00, 0x00, 0x00, 0x00, 0x00, 0x00, 0x00, 0x00, 0x00,
    0x00, 0x00, 0x00, 0x00, 0x00, 0x00, 0x00, 0x00, 0x00, 0x00, 0x00, 0x00,
    0x00, 0x00, 0x00, 0x00, 0x00, 0x00, 0x00, 0x00, 0x00, 0x00, 0x00, 0x00,
    0x00, 0x00, 0x00, 0x00, 0x00, 0x00, 0x00, 0x00, 0x00, 0x00, 0x00, 0x00,
    0x00, 0x00, 0x00, 0x00, 0x00, 0x00, 0x00, 0x00, 0x00, 0x00, 0x00, 0x00,
    0x00, 0x00, 0x00, 0x00, 0x00, 0x00, 0x00, 0x00, 0x00, 0x00, 0x00, 0x00,
    0x00, 0x00, 0x00, 0x00, 0x00, 0x00, 0x00, 0x00, 0x28, 0xe8, 0xf8, 0x20,
    0x28, 0xe8, 0xf0, 0xff, 0x28, 0xe8, 0xf8, 0xff, 0x28, 0xec, 0xf8, 0xff,
    0x30, 0xe8, 0xf0, 0xff, 0x28, 0xec, 0xf8, 0xff, 0x28, 0xec, 0xf0, 0xff,
    0x28, 0xe8, 0xf0, 0xff, 0x30, 0xe8, 0xf8, 0xff, 0x28, 0xec, 0xf0, 0xff,
    0x28, 0xe8, 0xf0, 0xff, 0x28, 0xec, 0xf8, 0xff, 0x28, 0xec, 0xf0, 0xff,
    0x28, 0xe8, 0xf8, 0xff, 0x28, 0xec, 0xf0, 0xff, 0x00, 0x00, 0x00, 0x00,
    0x00, 0x00, 0x00, 0x00, 0x00, 0x00, 0x00, 0x00, 0x00, 0x00, 0x00, 0x00,
    0x00, 0x00, 0x00, 0x00, 0x00, 0x00, 0x00, 0x00, 0x00, 0x00, 0x00, 0x00,
    0x00, 0x00, 0x00, 0x00, 0x00, 0x00, 0x00, 0x00, 0x00, 0x00, 0x00, 0x00,
    0x30, 0xec, 0xf0, 0x41, 0x28, 0xe8, 0xf8, 0xff, 0x28, 0xec, 0xf8, 0xff,
    0x30, 0xec, 0xf0, 0xff, 0x28, 0xe8, 0xf8, 0xff, 0x28, 0xe8, 0xf8, 0xff,
    0x30, 0xec, 0xf0, 0xff, 0x28, 0xec, 0xf8, 0xff, 0x28, 0xe8, 0xf8, 0xff,
    0x30, 0xec, 0xf0, 0xff, 0x28, 0xec, 0xf8, 0xff, 0x28, 0xe8, 0xf0, 0xff,
    0x30, 0xec, 0xf0, 0xff, 0x30, 0xec, 0xf0, 0x41, 0x00, 0x00, 0x00, 0x00,
    0x00, 0x00, 0x00, 0x00, 0x00, 0x00, 0x00, 0x00, 0x00, 0x00, 0x00, 0x00,
    0x00, 0x00, 0x00, 0x00, 0x00, 0x00, 0x00, 0x00, 0x00, 0x00, 0x00, 0x00,
    0x00, 0x00, 0x00, 0x00, 0x00, 0x00, 0x00, 0x00, 0x28, 0xe8, 0xf8, 0x20,
    0x30, 0xe8, 0xf0, 0xdf, 0x28, 0xec, 0xf8, 0xff, 0x30, 0xec, 0xf0, 0xff,
    0x28, 0xe8, 0xf8, 0xff, 0x28, 0xe8, 0xf8, 0xff, 0x30, 0xec, 0xf0, 0xff,
    0x28, 0xec, 0xf0, 0xff, 0x28, 0xe8, 0xf8, 0xff, 0x28, 0xe8, 0xf0, 0xff,
    0x28, 0xec, 0xf8, 0xff, 0x30, 0xec, 0xf8, 0xff, 0x28, 0xe8, 0xf0, 0xff,
    0x28, 0xec, 0xf8, 0xff, 0x30, 0xe8, 0xf0, 0xff, 0x28, 0xe8, 0xf8, 0x20,
    0x00, 0x00, 0x00, 0x00, 0x00, 0x00, 0x00, 0x00, 0x00, 0x00, 0x00, 0x00,
    0x00, 0x00, 0x00, 0x00, 0x00, 0x00, 0x00, 0x00, 0x00, 0x00, 0x00, 0x00,
    0x00, 0x00, 0x00, 0x00, 0x00, 0x00, 0x00, 0x00, 0x00, 0x00, 0x00, 0x00,
    0x00, 0x00, 0x00, 0x00, 0x00, 0x00, 0x00, 0x00, 0x00, 0x00, 0x00, 0x00,
    0x00, 0x00, 0x00, 0x00, 0x00, 0x00, 0x00, 0x00, 0x00, 0x00, 0x00, 0x00,
    0x00, 0x00, 0x00, 0x00, 0x00, 0x00, 0x00, 0x00, 0x00, 0x00, 0x00, 0x00,
    0x00, 0x00, 0x00, 0x00, 0x00, 0x00, 0x00, 0x00, 0x00, 0x00, 0x00, 0x00,
    0x00, 0x00, 0x00, 0x00, 0x00, 0x00, 0x00, 0x00, 0x00, 0x00, 0x00, 0x00,
    0x00, 0x00, 0x00, 0x00, 0x00, 0x00, 0x00, 0x00, 0x00, 0x00, 0x00, 0x00,
    0x00, 0x00, 0x00, 0x00, 0x00, 0x00, 0x00, 0x00, 0x00, 0x00, 0x00, 0x00,
    0x00, 0x00, 0x00, 0x00, 0x00, 0x00, 0x00, 0x00, 0x00, 0x00, 0x00, 0x00,
    0x00, 0x00, 0x00, 0x00, 0x00, 0x00, 0x00, 0x00, 0x00, 0x00, 0x00, 0x00,
    0x28, 0xe8, 0xf0, 0x7d, 0x28, 0xec, 0xf8, 0xff, 0x30, 0xec, 0xf0, 0xff,
    0x28, 0xe8, 0xf0, 0xff, 0x28, 0xe8, 0xf8, 0xff, 0x30, 0xec, 0xf8, 0xff,
    0x28, 0xe8, 0xf0, 0xff, 0x28, 0xec, 0xf8, 0xff, 0x28, 0xec, 0xf8, 0xff,
    0x30, 0xe8, 0xf8, 0xff, 0x28, 0xe8, 0xf0, 0xff, 0x30, 0xec, 0xf0, 0xff,
    0x28, 0xe8, 0xf8, 0xff, 0x28, 0xec, 0xf0, 0xff, 0x30, 0xe8, 0xf8, 0x82,
    0x00, 0x00, 0x00, 0x00, 0x00, 0x00, 0x00, 0x00, 0x00, 0x00, 0x00, 0x00,
    0x00, 0x00, 0x00, 0x00, 0x00, 0x00, 0x00, 0x00, 0x00, 0x00, 0x00, 0x00,
    0x00, 0x00, 0x00, 0x00, 0x00, 0x00, 0x00, 0x00, 0x00, 0x00, 0x00, 0x00,
    0x00, 0x00, 0x00, 0x00, 0x30, 0xec, 0xf0, 0x41, 0x28, 0xe8, 0xf8, 0xff,
    0x28, 0xe8, 0xf0, 0xff, 0x30, 0xec, 0xf0, 0xff, 0x28, 0xec, 0xf8, 0xff,
    0x28, 0xe8, 0xf0, 0xff, 0x28, 0xe8, 0xf0, 0xff, 0x28, 0xec, 0xf8, 0xff,
    0x28, 0xe8, 0xf0, 0xff, 0x28, 0xe8, 0xf0, 0xff, 0x28, 0xec, 0xf8, 0xff,
    0x28, 0xe8, 0xf8, 0xff, 0x28, 0xe8, 0xf8, 0xff, 0x30, 0xec, 0xf0, 0x41,
    0x00, 0x00, 0x00, 0x00, 0x00, 0x00, 0x00, 0x00, 0x00, 0x00, 0x00, 0x00,
    0x00, 0x00, 0x00, 0x00, 0x00, 0x00, 0x00, 0x00, 0x00, 0x00, 0x00, 0x00,
    0x00, 0x00, 0x00, 0x00, 0x00, 0x00, 0x00, 0x00, 0x00, 0x00, 0x00, 0x00,
    0x00, 0x00, 0x00, 0x00, 0x28, 0xe8, 0xf0, 0x82, 0x28, 0xec, 0xf0, 0xff,
    0x28, 0xe8, 0xf8, 0xff, 0x30, 0xec, 0xf0, 0xff, 0x28, 0xe8, 0xf8, 0xff,
    0x28, 0xe8, 0xf0, 0xff, 0x28, 0xec, 0xf8, 0xff, 0x30, 0xec, 0xf0, 0xff,
    0x28, 0xe8, 0xf0, 0xff, 0x28, 0xe8, 0xf8, 0xff, 0x30, 0xec, 0xf0, 0xff,
    0x28, 0xec, 0xf8, 0xff, 0x28, 0xe8, 0xf0, 0xff, 0x28, 0xec, 0xf8, 0xff,
    0x28, 0xe8, 0xf0, 0x7d, 0x00, 0x00, 0x00, 0x00, 0x00, 0x00, 0x00, 0x00,
    0x00, 0x00, 0x00, 0x00, 0x00, 0x00, 0x00, 0x00, 0x00, 0x00, 0x00, 0x00,
    0x00, 0x00, 0x00, 0x00, 0x00, 0x00, 0x00, 0x00, 0x00, 0x00, 0x00, 0x00,
    0x00, 0x00, 0x00, 0x00, 0x00, 0x00, 0x00, 0x00, 0x00, 0x00, 0x00, 0x00,
    0x00, 0x00, 0x00, 0x00, 0x00, 0x00, 0x00, 0x00, 0x00, 0x00, 0x00, 0x00,
    0x00, 0x00, 0x00, 0x00, 0x00, 0x00, 0x00, 0x00, 0x00, 0x00, 0x00, 0x00,
    0x00, 0x00, 0x00, 0x00, 0x00, 0x00, 0x00, 0x00, 0x00, 0x00, 0x00, 0x00,
    0x00, 0x00, 0x00, 0x00, 0x00, 0x00, 0x00, 0x00, 0x00, 0x00, 0x00, 0x00,
    0x00, 0x00, 0x00, 0x00, 0x00, 0x00, 0x00, 0x00, 0x00, 0x00, 0x00, 0x00,
    0x00, 0x00, 0x00, 0x00, 0x00, 0x00, 0x00, 0x00, 0x00, 0x00, 0x00, 0x00,
    0x00, 0x00, 0x00, 0x00, 0x00, 0x00, 0x00, 0x00, 0x00, 0x00, 0x00, 0x00,
    0x00, 0x00, 0x00, 0x00, 0x00, 0x00, 0x00, 0x00, 0x00, 0x00, 0x00, 0x00,
    0x28, 0xe8, 0xf8, 0x20, 0x28, 0xe8, 0xf8, 0xff, 0x28, 0xe8, 0xf0, 0xff,
    0x30, 0xec, 0xf8, 0xff, 0x28, 0xec, 0xf0, 0xff, 0x28, 0xe8, 0xf8, 0xff,
    0x28, 0xe8, 0xf0, 0xff, 0x30, 0xec, 0xf0, 0xff, 0x28, 0xe8, 0xf8, 0xff,
    0x28, 0xec, 0xf0, 0xff, 0x28, 0xec, 0xf8, 0xff, 0x28, 0xe8, 0xf8, 0xff,
    0x30, 0xe8, 0xf0, 0xff, 0x28, 0xec, 0xf8, 0xff, 0x28, 0xe8, 0xf8, 0xdf,
    0x00, 0x00, 0x00, 0x00, 0x00, 0x00, 0x00, 0x00, 0x00, 0x00, 0x00, 0x00,
    0x00, 0x00, 0x00, 0x00, 0x00, 0x00, 0x00, 0x00, 0x00, 0x00, 0x00, 0x00,
    0x00, 0x00, 0x00, 0x00, 0x00, 0x00, 0x00, 0x00, 0x00, 0x00, 0x00, 0x00,
    0x00, 0x00, 0x00, 0x00, 0x00, 0x00, 0x00, 0x00, 0x30, 0xec, 0xf0, 0x41,
    0x28, 0xe8, 0xf8, 0xff, 0x28, 0xec, 0xf8, 0xff, 0x28, 0xe8, 0xf0, 0xff,
    0x28, 0xec, 0xf8, 0xff, 0x30, 0xec, 0xf0, 0xff, 0x28, 0xe8, 0xf8, 0xff,
    0x30, 0xec, 0xf8, 0xff, 0x30, 0xec, 0xf0, 0xff, 0x28, 0xe8, 0xf8, 0xff,
    0x30, 0xec, 0xf0, 0xff, 0x28, 0xec, 0xf0, 0xff, 0x28, 0xe8, 0xf8, 0xff,
    0x30, 0xec, 0xf0, 0x41, 0x00, 0x00, 0x00, 0x00, 0x00, 0x00, 0x00, 0x00,
    0x00, 0x00, 0x00, 0x00, 0x00, 0x00, 0x00, 0x00, 0x00, 0x00, 0x00, 0x00,
    0x00, 0x00, 0x00, 0x00, 0x00, 0x00, 0x00, 0x00, 0x00, 0x00, 0x00, 0x00,
    0x00, 0x00, 0x00, 0x00, 0x00, 0x00, 0x00, 0x00, 0x00, 0x00, 0x00, 0x00,
    0x28, 0xe8, 0xf8, 0xdf, 0x28, 0xec, 0xf0, 0xff, 0x28, 0xec, 0xf8, 0xff,
    0x30, 0xe8, 0xf0, 0xff, 0x28, 0xec, 0xf8, 0xff, 0x28, 0xe8, 0xf8, 0xff,
    0x30, 0xec, 0xf0, 0xff, 0x28, 0xec, 0xf8, 0xff, 0x28, 0xe8, 0xf0, 0xff,
    0x28, 0xe8, 0xf8, 0xff, 0x30, 0xec, 0xf0, 0xff, 0x28, 0xe8, 0xf8, 0xff,
    0x28, 0xe8, 0xf0, 0xff, 0x30, 0xec, 0xf8, 0xff, 0x28, 0xe8, 0xf8, 0x20,
    0x00, 0x00, 0x00, 0x00, 0x00, 0x00, 0x00, 0x00, 0x00, 0x00, 0x00, 0x00,
    0x00, 0x00, 0x00, 0x00, 0x00, 0x00, 0x00, 0x00, 0x00, 0x00, 0x00, 0x00,
    0x00, 0x00, 0x00, 0x00, 0x00, 0x00, 0x00, 0x00, 0x00, 0x00, 0x00, 0x00,
    0x00, 0x00, 0x00, 0x00, 0x00, 0x00, 0x00, 0x00, 0x00, 0x00, 0x00, 0x00,
    0x00, 0x00, 0x00, 0x00, 0x00, 0x00, 0x00, 0x00, 0x00, 0x00, 0x00, 0x00,
    0x00, 0x00, 0x00, 0x00, 0x00, 0x00, 0x00, 0x00, 0x00, 0x00, 0x00, 0x00,
    0x00, 0x00, 0x00, 0x00, 0x00, 0x00, 0x00, 0x00, 0x00, 0x00, 0x00, 0x00,
    0x00, 0x00, 0x00, 0x00, 0x00, 0x00, 0x00, 0x00, 0x00, 0x00, 0x00, 0x00,
    0x00, 0x00, 0x00, 0x00, 0x00, 0x00, 0x00, 0x00, 0x00, 0x00, 0x00, 0x00,
    0x00, 0x00, 0x00, 0x00, 0x00, 0x00, 0x00, 0x00, 0x00, 0x00, 0x00, 0x00,
    0x00, 0x00, 0x00, 0x00, 0x00, 0x00, 0x00, 0x00, 0x00, 0x00, 0x00, 0x00,
    0x00, 0x00, 0x00, 0x00, 0x28, 0xe8, 0xf0, 0x7d, 0x28, 0xec, 0xf0, 0xff,
    0x28, 0xe8, 0xf8, 0xff, 0x28, 0xe8, 0xf8, 0xff, 0x30, 0xec, 0xf0, 0xff,
    0x28, 0xec, 0xf8, 0xff, 0x28, 0xe8, 0xf8, 0xff, 0x28, 0xec, 0xf0, 0xff,
    0x30, 0xe8, 0xf0, 0xff, 0x28, 0xe8, 0xf8, 0xff, 0x28, 0xec, 0xf0, 0xff,
    0x28, 0xec, 0xf0, 0xff, 0x28, 0xe8, 0xf8, 0xff, 0x30, 0xec, 0xf0, 0xff,
    0x28, 0xe8, 0xf0, 0x7d, 0x00, 0x00, 0x00, 0x00, 0x00, 0x00, 0x00, 0x00,
    0x00, 0x00, 0x00, 0x00, 0x00, 0x00, 0x00, 0x00, 0x00, 0x00, 0x00, 0x00,
    0x00, 0x00, 0x00, 0x00, 0x00, 0x00, 0x00, 0x00, 0x00, 0x00, 0x00, 0x00,
    0x00, 0x00, 0x00, 0x00, 0x00, 0x00, 0x00, 0x00, 0x00, 0x00, 0x00, 0x00,
    0x28, 0xec, 0xf0, 0x41, 0x28, 0xec, 0xf8, 0xff, 0x28, 0xe8, 0xf0, 0xff,
    0x28, 0xe8, 0xf8, 0xff, 0x30, 0xec, 0xf0, 0xff, 0x28, 0xe8, 0xf8, 0xff,
    0x28, 0xe8, 0xf0, 0xff, 0x28, 0xec, 0xf0, 0xff, 0x28, 0xe8, 0xf8, 0xff,
    0x28, 0xe8, 0xf8, 0xff, 0x28, 0xec, 0xf0, 0xff, 0x30, 0xe8, 0xf8, 0xff,
    0x28, 0xec, 0xf8, 0xff, 0x28, 0xec, 0xf0, 0x41, 0x00, 0x00, 0x00, 0x00,
    0x00, 0x00, 0x00, 0x00, 0x00, 0x00, 0x00, 0x00, 0x00, 0x00, 0x00, 0x00,
    0x00, 0x00, 0x00, 0x00, 0x00, 0x00, 0x00, 0x00, 0x00, 0x00, 0x00, 0x00,
    0x00, 0x00, 0x00, 0x00, 0x00, 0x00, 0x00, 0x00, 0x00, 0x00, 0x00, 0x00,
    0x00, 0x00, 0x00, 0x00, 0x30, 0xe8, 0xf0, 0x7d, 0x28, 0xec, 0xf8, 0xff,
    0x28, 0xe8, 0xf0, 0xff, 0x28, 0xec, 0xf0, 0xff, 0x28, 0xe8, 0xf8, 0xff,
    0x28, 0xe8, 0xf0, 0xff, 0x28, 0xec, 0xf8, 0xff, 0x30, 0xe8, 0xf0, 0xff,
    0x28, 0xec, 0xf8, 0xff, 0x28, 0xec, 0xf0, 0xff, 0x28, 0xe8, 0xf8, 0xff,
    0x28, 0xec, 0xf0, 0xff, 0x30, 0xe8, 0xf8, 0xff, 0x28, 0xe8, 0xf0, 0xff,
    0x28, 0xe8, 0xf0, 0x82, 0x00, 0x00, 0x00, 0x00, 0x00, 0x00, 0x00, 0x00,
    0x00, 0x00, 0x00, 0x00, 0x00, 0x00, 0x00, 0x00, 0x00, 0x00, 0x00, 0x00,
    0x00, 0x00, 0x00, 0x00, 0x00, 0x00, 0x00, 0x00, 0x00, 0x00, 0x00, 0x00,
    0x00, 0x00, 0x00, 0x00, 0x00, 0x00, 0x00, 0x00, 0x00, 0x00, 0x00, 0x00,
    0x00, 0x00, 0x00, 0x00, 0x00, 0x00, 0x00, 0x00, 0x00, 0x00, 0x00, 0x00,
    0x00, 0x00, 0x00, 0x00, 0x00, 0x00, 0x00, 0x00, 0x00, 0x00, 0x00, 0x00,
    0x00, 0x00, 0x00, 0x00, 0x00, 0x00, 0x00, 0x00, 0x00, 0x00, 0x00, 0x00,
    0x00, 0x00, 0x00, 0x00, 0x00, 0x00, 0x00, 0x00, 0x00, 0x00, 0x00, 0x00,
    0x00, 0x00, 0x00, 0x00, 0x00, 0x00, 0x00, 0x00, 0x00, 0x00, 0x00, 0x00,
    0x00, 0x00, 0x00, 0x00, 0x00, 0x00, 0x00, 0x00, 0x00, 0x00, 0x00, 0x00,
    0x00, 0x00, 0x00, 0x00, 0x00, 0x00, 0x00, 0x00, 0x00, 0x00, 0x00, 0x00,
    0x00, 0x00, 0x00, 0x00, 0x28, 0xe8, 0xf8, 0x20, 0x28, 0xe8, 0xf0, 0xff,
    0x30, 0xec, 0xf8, 0xff, 0x28, 0xec, 0xf0, 0xff, 0x28, 0xe8, 0xf0, 0xff,
    0x28, 0xe8, 0xf8, 0xff, 0x30, 0xec, 0xf0, 0xff, 0x28, 0xec, 0xf8, 0xff,
    0x28, 0xe8, 0xf8, 0xff, 0x28, 0xec, 0xf0, 0xff, 0x30, 0xe8, 0xf8, 0xff,
    0x28, 0xe8, 0xf8, 0xff, 0x28, 0xec, 0xf0, 0xff, 0x30, 0xec, 0xf8, 0xff,
    0x28, 0xe8, 0xf0, 0xdf, 0x00, 0x00, 0x00, 0x00, 0x00, 0x00, 0x00, 0x00,
    0x00, 0x00, 0x00, 0x00, 0x00, 0x00, 0x00, 0x00, 0x00, 0x00, 0x00, 0x00,
    0x00, 0x00, 0x00, 0x00, 0x00, 0x00, 0x00, 0x00, 0x00, 0x00, 0x00, 0x00,
    0x00, 0x00, 0x00, 0x00, 0x00, 0x00, 0x00, 0x00, 0x00, 0x00, 0x00, 0x00,
    0x00, 0x00, 0x00, 0x00, 0x30, 0xec, 0xf0, 0x41, 0x28, 0xe8, 0xf8, 0xff,
    0x30, 0xec, 0xf0, 0xff, 0x28, 0xec, 0xf0, 0xff, 0x28, 0xe8, 0xf8, 0xff,
    0x28, 0xec, 0xf8, 0xff, 0x28, 0xe8, 0xf0, 0xff, 0x30, 0xec, 0xf0, 0xff,
    0x28, 0xe8, 0xf8, 0xff, 0x28, 0xec, 0xf0, 0xff, 0x28, 0xe8, 0xf0, 0xff,
    0x28, 0xe8, 0xf8, 0xff, 0x28, 0xec, 0xf0, 0xff, 0x30, 0xec, 0xf0, 0x41,
    0x00, 0x00, 0x00, 0x00, 0x00, 0x00, 0x00, 0x00, 0x00, 0x00, 0x00, 0x00,
    0x00, 0x00, 0x00, 0x00, 0x00, 0x00, 0x00, 0x00, 0x00, 0x00, 0x00, 0x00,
    0x00, 0x00, 0x00, 0x00, 0x00, 0x00, 0x00, 0x00, 0x00, 0x00, 0x00, 0x00,
    0x00, 0x00, 0x00, 0x00, 0x00, 0x00, 0x00, 0x00, 0x00, 0x00, 0x00, 0x00,
    0x28, 0xe8, 0xf8, 0xdf, 0x30, 0xec, 0xf8, 0xff, 0x28, 0xe8, 0xf0, 0xff,
    0x30, 0xec, 0xf0, 0xff, 0x28, 0xec, 0xf8, 0xff, 0x28, 0xe8, 0xf0, 0xff,
    0x28, 0xe8, 0xf8, 0xff, 0x30, 0xec, 0xf0, 0xff, 0x28, 0xe8, 0xf8, 0xff,
    0x28, 0xe8, 0xf0, 0xff, 0x30, 0xec, 0xf8, 0xff, 0x28, 0xec, 0xf0, 0xff,
    0x28, 0xec, 0xf8, 0xff, 0x28, 0xe8, 0xf8, 0xff, 0x28, 0xe8, 0xf8, 0x20,
    0x00, 0x00, 0x00, 0x00, 0x00, 0x00, 0x00, 0x00, 0x00, 0x00, 0x00, 0x00,
    0x00, 0x00, 0x00, 0x00, 0x00, 0x00, 0x00, 0x00, 0x00, 0x00, 0x00, 0x00,
    0x00, 0x00, 0x00, 0x00, 0x00, 0x00, 0x00, 0x00, 0x00, 0x00, 0x00, 0x00,
    0x00, 0x00, 0x00, 0x00, 0x00, 0x00, 0x00, 0x00, 0x00, 0x00, 0x00, 0x00,
    0x00, 0x00, 0x00, 0x00, 0x00, 0x00, 0x00, 0x00, 0x00, 0x00, 0x00, 0x00,
    0x00, 0x00, 0x00, 0x00, 0x00, 0x00, 0x00, 0x00, 0x00, 0x00, 0x00, 0x00,
    0x00, 0x00, 0x00, 0x00, 0x00, 0x00, 0x00, 0x00, 0x00, 0x00, 0x00, 0x00,
    0x00, 0x00, 0x00, 0x00, 0x00, 0x00, 0x00, 0x00, 0x00, 0x00, 0x00, 0x00,
    0x00, 0x00, 0x00, 0x00, 0x00, 0x00, 0x00, 0x00, 0x00, 0x00, 0x00, 0x00,
    0x00, 0x00, 0x00, 0x00, 0x00, 0x00, 0x00, 0x00, 0x00, 0x00, 0x00, 0x00,
    0x00, 0x00, 0x00, 0x00, 0x00, 0x00, 0x00, 0x00, 0x28, 0xe8, 0xf8, 0x9e,
    0x28, 0xe8, 0xf8, 0xff, 0x28, 0xec, 0xf0, 0xff, 0x30, 0xec, 0xf8, 0xff,
    0x28, 0xe8, 0xf0, 0xff, 0x28, 0xe8, 0xf8, 0xff, 0x28, 0xec, 0xf0, 0xff,
    0x30, 0xe8, 0xf0, 0xff, 0x28, 0xe8, 0xf8, 0xff, 0x28, 0xec, 0xf0, 0xff,
    0x30, 0xec, 0xf0, 0xff, 0x28, 0xe8, 0xf8, 0xff, 0x28, 0xe8, 0xf8, 0xff,
    0x28, 0xec, 0xf0, 0xff, 0x28, 0xe8, 0xf0, 0x82, 0x00, 0x00, 0x00, 0x00,
    0x00, 0x00, 0x00, 0x00, 0x00, 0x00, 0x00, 0x00, 0x00, 0x00, 0x00, 0x00,
    0x00, 0x00, 0x00, 0x00, 0x00, 0x00, 0x00, 0x00, 0x00, 0x00, 0x00, 0x00,
    0x00, 0x00, 0x00, 0x00, 0x00, 0x00, 0x00, 0x00, 0x00, 0x00, 0x00, 0x00,
    0x00, 0x00, 0x00, 0x00, 0x00, 0x00, 0x00, 0x00, 0x30, 0xec, 0xf8, 0x41,
    0x28, 0xe8, 0xf8, 0xff, 0x28, 0xe8, 0xf0, 0xff, 0x30, 0xec, 0xf8, 0xff,
    0x28, 0xe8, 0xf8, 0xff, 0x28, 0xec, 0xf0, 0xff, 0x30, 0xec, 0xf8, 0xff,
    0x28, 0xe8, 0xf8, 0xff, 0x28, 0xec, 0xf0, 0xff, 0x30, 0xec, 0xf8, 0xff,
    0x30, 0xe8, 0xf8, 0xff, 0x28, 0xec, 0xf0, 0xff, 0x28, 0xe8, 0xf8, 0xff,
    0x30, 0xec, 0xf0, 0x41, 0x00, 0x00, 0x00, 0x00, 0x00, 0x00, 0x00, 0x00,
    0x00, 0x00, 0x00, 0x00, 0x00, 0x00, 0x00, 0x00, 0x00, 0x00, 0x00, 0x00,
    0x00, 0x00, 0x00, 0x00, 0x00, 0x00, 0x00, 0x00, 0x00, 0x00, 0x00, 0x00,
    0x00, 0x00, 0x00, 0x00, 0x00, 0x00, 0x00, 0x00, 0x00, 0x00, 0x00, 0x00,
    0x00, 0x00, 0x00, 0x00, 0x28, 0xe8, 0xf0, 0x7d, 0x28, 0xec, 0xf8, 0xff,
    0x30, 0xe8, 0xf8, 0xff, 0x28, 0xec, 0xf0, 0xff, 0x28, 0xec, 0xf8, 0xff,
    0x30, 0xe8, 0xf8, 0xff, 0x28, 0xec, 0xf0, 0xff, 0x28, 0xec, 0xf8, 0xff,
    0x28, 0xe8, 0xf0, 0xff, 0x30, 0xec, 0xf8, 0xff, 0x28, 0xe8, 0xf0, 0xff,
    0x28, 0xec, 0xf0, 0xff, 0x28, 0xe8, 0xf8, 0xff, 0x30, 0xec, 0xf0, 0xff,
    0x28, 0xe8, 0xf0, 0x9e, 0x00, 0x00, 0x00, 0x00, 0x00, 0x00, 0x00, 0x00,
    0x00, 0x00, 0x00, 0x00, 0x00, 0x00, 0x00, 0x00, 0x00, 0x00, 0x00, 0x00,
    0x00, 0x00, 0x00, 0x00, 0x00, 0x00, 0x00, 0x00, 0x00, 0x00, 0x00, 0x00,
    0x00, 0x00, 0x00, 0x00, 0x00, 0x00, 0x00, 0x00, 0x00, 0x00, 0x00, 0x00,
    0x00, 0x00, 0x00, 0x00, 0x00, 0x00, 0x00, 0x00, 0x00, 0x00, 0x00, 0x00,
    0x00, 0x00, 0x00, 0x00, 0x00, 0x00, 0x00, 0x00, 0x00, 0x00, 0x00, 0x00,
    0x00, 0x00, 0x00, 0x00, 0x00, 0x00, 0x00, 0x00, 0x00, 0x00, 0x00, 0x00,
    0x00, 0x00, 0x00, 0x00, 0x00, 0x00, 0x00, 0x00, 0x00, 0x00, 0x00, 0x00,
    0x00, 0x00, 0x00, 0x00, 0x00, 0x00, 0x00, 0x00, 0x00, 0x00, 0x00, 0x00,
    0x00, 0x00, 0x00, 0x00, 0x00, 0x00, 0x00, 0x00, 0x00, 0x00, 0x00, 0x00,
    0x00, 0x00, 0x00, 0x00, 0x00, 0x00, 0x00, 0x00, 0x28, 0xe8, 0xf8, 0x20,
    0x28, 0xe8, 0xf0, 0xff, 0x28, 0xec, 0xf0, 0xff, 0x28, 0xe8, 0xf8, 0xff,
    0x30, 0xe8, 0xf8, 0xff, 0x28, 0xec, 0xf0, 0xff, 0x28, 0xec, 0xf8, 0xff,
    0x28, 0xe8, 0xf8, 0xff, 0x28, 0xec, 0xf0, 0xff, 0x28, 0xec, 0xf8, 0xff,
    0x28, 0xe8, 0xf8, 0xff, 0x28, 0xec, 0xf0, 0xff, 0x30, 0xec, 0xf0, 0xff,
    0x28, 0xe8, 0xf8, 0xff, 0x28, 0xec, 0xf8, 0xdf, 0x00, 0x00, 0x00, 0x00,
    0x00, 0x00, 0x00, 0x00, 0x00, 0x00, 0x00, 0x00, 0x00, 0x00, 0x00, 0x00,
    0x00, 0x00, 0x00, 0x00, 0x00, 0x00, 0x00, 0x00, 0x00, 0x00, 0x00, 0x00,
    0x00, 0x00, 0x00, 0x00, 0x00, 0x00, 0x00, 0x00, 0x00, 0x00, 0x00, 0x00,
    0x00, 0x00, 0x00, 0x00, 0x00, 0x00, 0x00, 0x00, 0x00, 0x00, 0x00, 0x00,
    0x30, 0xec, 0xf0, 0x41, 0x28, 0xe8, 0xf0, 0xff, 0x28, 0xec, 0xf8, 0xff,
    0x28, 0xe8, 0xf0, 0xff, 0x28, 0xe8, 0xf0, 0xff, 0x30, 0xec, 0xf0, 0xff,
    0x28, 0xe8, 0xf8, 0xff, 0x28, 0xe8, 0xf0, 0xff, 0x28, 0xec, 0xf0, 0xff,
    0x28, 0xe8, 0xf8, 0xff, 0x28, 0xec, 0xf0, 0xff, 0x28, 0xe8, 0xf8, 0xff,
    0x28, 0xe8, 0xf8, 0xff, 0x30, 0xec, 0xf0, 0x41, 0x00, 0x00, 0x00, 0x00,
    0x00, 0x00, 0x00, 0x00, 0x00, 0x00, 0x00, 0x00, 0x00, 0x00, 0x00, 0x00,
    0x00, 0x00, 0x00, 0x00, 0x00, 0x00, 0x00, 0x00, 0x00, 0x00, 0x00, 0x00,
    0x00, 0x00, 0x00, 0x00, 0x00, 0x00, 0x00, 0x00, 0x00, 0x00, 0x00, 0x00,
    0x00, 0x00, 0x00, 0x00, 0x00, 0x00, 0x00, 0x00, 0x00, 0x00, 0x00, 0x00,
    0x28, 0xec, 0xf0, 0xdf, 0x28, 0xe8, 0xf8, 0xff, 0x28, 0xe8, 0xf0, 0xff,
    0x28, 0xe8, 0xf0, 0xff, 0x28, 0xec, 0xf8, 0xff, 0x30, 0xe8, 0xf0, 0xff,
    0x28, 0xe8, 0xf0, 0xff, 0x28, 0xec, 0xf8, 0xff, 0x28, 0xe8, 0xf8, 0xff,
    0x28, 0xec, 0xf0, 0xff, 0x28, 0xe8, 0xf8, 0xff, 0x30, 0xe8, 0xf8, 0xff,
    0x28, 0xec, 0xf0, 0xff, 0x28, 0xec, 0xf8, 0xff, 0x28, 0xe8, 0xf8, 0x20,
    0x00, 0x00, 0x00, 0x00, 0x00, 0x00, 0x00, 0x00, 0x00, 0x00, 0x00, 0x00,
    0x00, 0x00, 0x00, 0x00, 0x00, 0x00, 0x00, 0x00, 0x00, 0x00, 0x00, 0x00,
    0x00, 0x00, 0x00, 0x00, 0x00, 0x00, 0x00, 0x00, 0x00, 0x00, 0x00, 0x00,
    0x00, 0x00, 0x00, 0x00, 0x00, 0x00, 0x00, 0x00, 0x00, 0x00, 0x00, 0x00,
    0x00, 0x00, 0x00, 0x00, 0x00, 0x00, 0x00, 0x00, 0x00, 0x00, 0x00, 0x00,
    0x00, 0x00, 0x00, 0x00, 0x00, 0x00, 0x00, 0x00, 0x00, 0x00, 0x00, 0x00,
    0x00, 0x00, 0x00, 0x00, 0x00, 0x00, 0x00, 0x00, 0x00, 0x00, 0x00, 0x00,
    0x00, 0x00, 0x00, 0x00, 0x00, 0x00, 0x00, 0x00, 0x00, 0x00, 0x00, 0x00,
    0x00, 0x00, 0x00, 0x00, 0x00, 0x00, 0x00, 0x00, 0x00, 0x00, 0x00, 0x00,
    0x00, 0x00, 0x00, 0x00, 0x00, 0x00, 0x00, 0x00, 0x00, 0x00, 0x00, 0x00,
    0x28, 0xe8, 0xf0, 0xbe, 0x28, 0xec, 0xf8, 0xff, 0x30, 0xec, 0xf0, 0xff,
    0x28, 0xe8, 0xf0, 0xff, 0x28, 0xec, 0xf8, 0xff, 0x30, 0xec, 0xf0, 0xff,
    0x28, 0xe8, 0xf0, 0xff, 0x30, 0xe8, 0xf8, 0xff, 0x28, 0xec, 0xf0, 0xff,
    0x30, 0xe8, 0xf0, 0xff, 0x28, 0xe8, 0xf8, 0xff, 0x28, 0xec, 0xf8, 0xff,
    0x28, 0xe8, 0xf0, 0xff, 0x30, 0xe8, 0xf0, 0xff, 0x28, 0xe8, 0xf0, 0x7d,
    0x00, 0x00, 0x00, 0x00, 0x00, 0x00, 0x00, 0x00, 0x00, 0x00, 0x00, 0x00,
    0x00, 0x00, 0x00, 0x00, 0x00, 0x00, 0x00, 0x00, 0x00, 0x00, 0x00, 0x00,
    0x00, 0x00, 0x00, 0x00, 0x00, 0x00, 0x00, 0x00, 0x00, 0x00, 0x00, 0x00,
    0x00, 0x00, 0x00, 0x00, 0x00, 0x00, 0x00, 0x00, 0x00, 0x00, 0x00, 0x00,
    0x00, 0x00, 0x00, 0x00, 0x28, 0xec, 0xf0, 0x41, 0x28, 0xe8, 0xf8, 0xff,
    0x28, 0xec, 0xf8, 0xff, 0x30, 0xec, 0xf0, 0xff, 0x28, 0xe8, 0xf8, 0xff,
    0x28, 0xec, 0xf8, 0xff, 0x28, 0xe8, 0xf0, 0xff, 0x30, 0xec, 0xf8, 0xff,
    0x28, 0xe8, 0xf8, 0xff, 0x28, 0xec, 0xf0, 0xff, 0x30, 0xe8, 0xf0, 0xff,
    0x28, 0xec, 0xf8, 0xff, 0x28, 0xec, 0xf0, 0xff, 0x30, 0xec, 0xf0, 0x41,
    0x00, 0x00, 0x00, 0x00, 0x00, 0x00, 0x00, 0x00, 0x00, 0x00, 0x00, 0x00,
    0x00, 0x00, 0x00, 0x00, 0x00, 0x00, 0x00, 0x00, 0x00, 0x00, 0x00, 0x00,
    0x00, 0x00, 0x00, 0x00, 0x00, 0x00, 0x00, 0x00, 0x00, 0x00, 0x00, 0x00,
    0x00, 0x00, 0x00, 0x00, 0x00, 0x00, 0x00, 0x00, 0x00, 0x00, 0x00, 0x00,
    0x00, 0x00, 0x00, 0x00, 0x30, 0xe8, 0xf0, 0x82, 0x28, 0xec, 0xf8, 0xff,
    0x28, 0xe8, 0xf8, 0xff, 0x30, 0xec, 0xf0, 0xff, 0x28, 0xec, 0xf8, 0xff,
    0x28, 0xe8, 0xf8, 0xff, 0x30, 0xec, 0xf0, 0xff, 0x28, 0xe8, 0xf8, 0xff,
    0x28, 0xec, 0xf0, 0xff, 0x30, 0xec, 0xf0, 0xff, 0x28, 0xe8, 0xf8, 0xff,
    0x28, 0xec, 0xf0, 0xff, 0x28, 0xe8, 0xf8, 0xff, 0x28, 0xe8, 0xf0, 0xff,
    0x28, 0xe8, 0xf8, 0xbe, 0x00, 0x00, 0x00, 0x00, 0x00, 0x00, 0x00, 0x00,
    0x00, 0x00, 0x00, 0x00, 0x00, 0x00, 0x00, 0x00, 0x00, 0x00, 0x00, 0x00,
    0x00, 0x00, 0x00, 0x00, 0x00, 0x00, 0x00, 0x00, 0x00, 0x00, 0x00, 0x00,
    0x00, 0x00, 0x00, 0x00, 0x00, 0x00, 0x00, 0x00, 0x00, 0x00, 0x00, 0x00,
    0x00, 0x00, 0x00, 0x00, 0x00, 0x00, 0x00, 0x00, 0x00, 0x00, 0x00, 0x00,
    0x00, 0x00, 0x00, 0x00, 0x00, 0x00, 0x00, 0x00, 0x00, 0x00, 0x00, 0x00,
    0x00, 0x00, 0x00, 0x00, 0x00, 0x00, 0x00, 0x00, 0x00, 0x00, 0x00, 0x00,
    0x00, 0x00, 0x00, 0x00, 0x00, 0x00, 0x00, 0x00, 0x00, 0x00, 0x00, 0x00,
    0x00, 0x00, 0x00, 0x00, 0x00, 0x00, 0x00, 0x00, 0x00, 0x00, 0x00, 0x00,
    0x00, 0x00, 0x00, 0x00, 0x00, 0x00, 0x00, 0x00, 0x00, 0x00, 0x00, 0x00,
    0x28, 0xe8, 0xf8, 0x20, 0x28, 0xe8, 0xf8, 0xff, 0x28, 0xec, 0xf8, 0xff,
    0x30, 0xe8, 0xf0, 0xff, 0x28, 0xe8, 0xf8, 0xff, 0x28, 0xec, 0xf8, 0xff,
    0x28, 0xe8, 0xf0, 0xff, 0x28, 0xe8, 0xf8, 0xff, 0x28, 0xec, 0xf0, 0xff,
    0x30, 0xec, 0xf8, 0xff, 0x28, 0xe8, 0xf0, 0xff, 0x28, 0xec, 0xf0, 0xff,
    0x30, 0xec, 0xf8, 0xff, 0x28, 0xe8, 0xf8, 0xff, 0x28, 0xec, 0xf0, 0xdf,
    0x00, 0x00, 0x00, 0x00, 0x00, 0x00, 0x00, 0x00, 0x00, 0x00, 0x00, 0x00,
    0x00, 0x00, 0x00, 0x00, 0x00, 0x00, 0x00, 0x00, 0x00, 0x00, 0x00, 0x00,
    0x00, 0x00, 0x00, 0x00, 0x00, 0x00, 0x00, 0x00, 0x00, 0x00, 0x00, 0x00,
    0x00, 0x00, 0x00, 0x00, 0x00, 0x00, 0x00, 0x00, 0x00, 0x00, 0x00, 0x00,
    0x00, 0x00, 0x00, 0x00, 0x00, 0x00, 0x00, 0x00, 0x30, 0xec, 0xf0, 0x41,
    0x28, 0xe8, 0xf8, 0xff, 0x28, 0xec, 0xf0, 0xff, 0x30, 0xe8, 0xf8, 0xff,
    0x28, 0xec, 0xf8, 0xff, 0x28, 0xe8, 0xf0, 0xff, 0x30, 0xec, 0xf0, 0xff,
    0x28, 0xec, 0xf8, 0xff, 0x28, 0xe8, 0xf8, 0xff, 0x30, 0xe8, 0xf0, 0xff,
    0x28, 0xec, 0xf8, 0xff, 0x28, 0xe8, 0xf8, 0xff, 0x28, 0xe8, 0xf0, 0xff,
    0x30, 0xec, 0xf8, 0x41, 0x00, 0x00, 0x00, 0x00, 0x00, 0x00, 0x00, 0x00,
    0x00, 0x00, 0x00, 0x00, 0x00, 0x00, 0x00, 0x00, 0x00, 0x00, 0x00, 0x00,
    0x00, 0x00, 0x00, 0x00, 0x00, 0x00, 0x00, 0x00, 0x00, 0x00, 0x00, 0x00,
    0x00, 0x00, 0x00, 0x00, 0x00, 0x00, 0x00, 0x00, 0x00, 0x00, 0x00, 0x00,
    0x00, 0x00, 0x00, 0x00, 0x00, 0x00, 0x00, 0x00, 0x00, 0x00, 0x00, 0x00,
    0x28, 0xec, 0xf0, 0xdf, 0x30, 0xe8, 0xf8, 0xff, 0x28, 0xec, 0xf0, 0xff,
    0x28, 0xe8, 0xf0, 0xff, 0x28, 0xec, 0xf8, 0xff, 0x28, 0xe8, 0xf0, 0xff,
    0x30, 0xec, 0xf8, 0xff, 0x28, 0xe8, 0xf0, 0xff, 0x28, 0xe8, 0xf8, 0xff,
    0x30, 0xec, 0xf0, 0xff, 0x28, 0xec, 0xf8, 0xff, 0x30, 0xe8, 0xf0, 0xff,
    0x28, 0xec, 0xf0, 0xff, 0x28, 0xec, 0xf8, 0xff, 0x28, 0xe8, 0xf8, 0x20,
    0x00, 0x00, 0x00, 0x00, 0x00, 0x00, 0x00, 0x00, 0x00, 0x00, 0x00, 0x00,
    0x00, 0x00, 0x00, 0x00, 0x00, 0x00, 0x00, 0x00, 0x00, 0x00, 0x00, 0x00,
    0x00, 0x00, 0x00, 0x00, 0x00, 0x00, 0x00, 0x00, 0x00, 0x00, 0x00, 0x00,
    0x00, 0x00, 0x00, 0x00, 0x00, 0x00, 0x00, 0x00, 0x00, 0x00, 0x00, 0x00,
    0x00, 0x00, 0x00, 0x00, 0x00, 0x00, 0x00, 0x00, 0x00, 0x00, 0x00, 0x00,
    0x00, 0x00, 0x00, 0x00, 0x00, 0x00, 0x00, 0x00, 0x00, 0x00, 0x00, 0x00,
    0x00, 0x00, 0x00, 0x00, 0x00, 0x00, 0x00, 0x00, 0x00, 0x00, 0x00, 0x00,
    0x00, 0x00, 0x00, 0x00, 0x00, 0x00, 0x00, 0x00, 0x00, 0x00, 0x00, 0x00,
    0x00, 0x00, 0x00, 0x00, 0x00, 0x00, 0x00, 0x00, 0x00, 0x00, 0x00, 0x00,
    0x00, 0x00, 0x00, 0x00, 0x28, 0xe8, 0xf0, 0xbe, 0x28, 0xec, 0xf0, 0xff,
    0x28, 0xe8, 0xf8, 0xff, 0x28, 0xec, 0xf0, 0xff, 0x28, 0xec, 0xf0, 0xff,
    0x30, 0xe8, 0xf8, 0xff, 0x28, 0xec, 0xf0, 0xff, 0x28, 0xec, 0xf8, 0xff,
    0x28, 0xe8, 0xf8, 0xff, 0x28, 0xe8, 0xf0, 0xff, 0x28, 0xec, 0xf8, 0xff,
    0x28, 0xe8, 0xf0, 0xff, 0x30, 0xe8, 0xf0, 0xff, 0x28, 0xec, 0xf8, 0xff,
    0x28, 0xec, 0xf8, 0x61, 0x00, 0x00, 0x00, 0x00, 0x00, 0x00, 0x00, 0x00,
    0x00, 0x00, 0x00, 0x00, 0x00, 0x00, 0x00, 0x00, 0x00, 0x00, 0x00, 0x00,
    0x00, 0x00, 0x00, 0x00, 0x00, 0x00, 0x00, 0x00, 0x00, 0x00, 0x00, 0x00,
    0x00, 0x00, 0x00, 0x00, 0x00, 0x00, 0x00, 0x00, 0x00, 0x00, 0x00, 0x00,
    0x00, 0x00, 0x00, 0x00, 0x00, 0x00, 0x00, 0x00, 0x00, 0x00, 0x00, 0x00,
    0x30, 0xec, 0xf0, 0x41, 0x28, 0xe8, 0xf8, 0xff, 0x28, 0xe8, 0xf0, 0xff,
    0x28, 0xec, 0xf0, 0xff, 0x28, 0xe8, 0xf8, 0xff, 0x28, 0xec, 0xf0, 0xff,
    0x28, 0xe8, 0xf0, 0xff, 0x28, 0xe8, 0xf8, 0xff, 0x28, 0xec, 0xf0, 0xff,
    0x28, 0xec, 0xf0, 0xff, 0x28, 0xe8, 0xf8, 0xff, 0x30, 0xec, 0xf0, 0xff,
    0x28, 0xe8, 0xf8, 0xff, 0x28, 0xec, 0xf0, 0x41, 0x00, 0x00, 0x00, 0x00,
    0x00, 0x00, 0x00, 0x00, 0x00, 0x00, 0x00, 0x00, 0x00, 0x00, 0x00, 0x00,
    0x00, 0x00, 0x00, 0x00, 0x00, 0x00, 0x00, 0x00, 0x00, 0x00, 0x00, 0x00,
    0x00, 0x00, 0x00, 0x00, 0x00, 0x00, 0x00, 0x00, 0x00, 0x00, 0x00, 0x00,
    0x00, 0x00, 0x00, 0x00, 0x00, 0x00, 0x00, 0x00, 0x00, 0x00, 0x00, 0x00,
    0x00, 0x00, 0x00, 0x00, 0x28, 0xe8, 0xf0, 0x7d, 0x28, 0xec, 0xf8, 0xff,
    0x28, 0xe8, 0xf8, 0xff, 0x30, 0xe8, 0xf0, 0xff, 0x28, 0xec, 0xf0, 0xff,
    0x28, 0xec, 0xf8, 0xff, 0x28, 0xe8, 0xf0, 0xff, 0x28, 0xec, 0xf8, 0xff,
    0x28, 0xe8, 0xf8, 0xff, 0x28, 0xe8, 0xf0, 0xff, 0x28, 0xec, 0xf8, 0xff,
    0x30, 0xe8, 0xf8, 0xff, 0x28, 0xe8, 0xf0, 0xff, 0x28, 0xec, 0xf0, 0xff,
    0x28, 0xe8, 0xf0, 0xbe, 0x00, 0x00, 0x00, 0x00, 0x00, 0x00, 0x00, 0x00,
    0x00, 0x00, 0x00, 0x00, 0x00, 0x00, 0x00, 0x00, 0x00, 0x00, 0x00, 0x00,
    0x00, 0x00, 0x00, 0x00, 0x00, 0x00, 0x00, 0x00, 0x00, 0x00, 0x00, 0x00,
    0x00, 0x00, 0x00, 0x00, 0x00, 0x00, 0x00, 0x00, 0x00, 0x00, 0x00, 0x00,
    0x00, 0x00, 0x00, 0x00, 0x00, 0x00, 0x00, 0x00, 0x00, 0x00, 0x00, 0x00,
    0x00, 0x00, 0x00, 0x00, 0x00, 0x00, 0x00, 0x00, 0x00, 0x00, 0x00, 0x00,
    0x00, 0x00, 0x00, 0x00, 0x00, 0x00, 0x00, 0x00, 0x00, 0x00, 0x00, 0x00,
    0x00, 0x00, 0x00, 0x00, 0x00, 0x00, 0x00, 0x00, 0x00, 0x00, 0x00, 0x00,
    0x00, 0x00, 0x00, 0x00, 0x00, 0x00, 0x00, 0x00, 0x00, 0x00, 0x00, 0x00,
    0x00, 0x00, 0x00, 0x00, 0x30, 0xec, 0xf0, 0x41, 0x28, 0xe8, 0xf8, 0xff,
    0x28, 0xec, 0xf0, 0xff, 0x30, 0xe8, 0xf8, 0xff, 0x28, 0xe8, 0xf8, 0xff,
    0x28, 0xec, 0xf0, 0xff, 0x30, 0xe8, 0xf0, 0xff, 0x28, 0xe8, 0xf8, 0xff,
    0x30, 0xec, 0xf0, 0xff, 0x30, 0xe8, 0xf0, 0xff, 0x28, 0xec, 0xf8, 0xff,
    0x28, 0xec, 0xf8, 0xff, 0x30, 0xe8, 0xf8, 0xff, 0x28, 0xe8, 0xf0, 0xff,
    0x28, 0xec, 0xf0, 0xdf, 0x00, 0x00, 0x00, 0x00, 0x00, 0x00, 0x00, 0x00,
    0x00, 0x00, 0x00, 0x00, 0x00, 0x00, 0x00, 0x00, 0x00, 0x00, 0x00, 0x00,
    0x00, 0x00, 0x00, 0x00, 0x00, 0x00, 0x00, 0x00, 0x00, 0x00, 0x00, 0x00,
    0x00, 0x00, 0x00, 0x00, 0x00, 0x00, 0x00, 0x00, 0x00, 0x00, 0x00, 0x00,
    0x00, 0x00, 0x00, 0x00, 0x00, 0x00, 0x00, 0x00, 0x00, 0x00, 0x00, 0x00,
    0x00, 0x00, 0x00, 0x00, 0x30, 0xec, 0xf8, 0x41, 0x28, 0xec, 0xf8, 0xff,
    0x28, 0xe8, 0xf0, 0xff, 0x30, 0xec, 0xf8, 0xff, 0x28, 0xec, 0xf8, 0xff,
    0x30, 0xe8, 0xf0, 0xff, 0x28, 0xec, 0xf8, 0xff, 0x30, 0xe8, 0xf8, 0xff,
    0x28, 0xec, 0xf0, 0xff, 0x28, 0xe8, 0xf8, 0xff, 0x30, 0xec, 0xf0, 0xff,
    0x28, 0xec, 0xf0, 0xff, 0x28, 0xe8, 0xf8, 0xff, 0x30, 0xec, 0xf0, 0x41,
    0x00, 0x00, 0x00, 0x00, 0x00, 0x00, 0x00, 0x00, 0x00, 0x00, 0x00, 0x00,
    0x00, 0x00, 0x00, 0x00, 0x00, 0x00, 0x00, 0x00, 0x00, 0x00, 0x00, 0x00,
    0x00, 0x00, 0x00, 0x00, 0x00, 0x00, 0x00, 0x00, 0x00, 0x00, 0x00, 0x00,
    0x00, 0x00, 0x00, 0x00, 0x00, 0x00, 0x00, 0x00, 0x00, 0x00, 0x00, 0x00,
    0x00, 0x00, 0x00, 0x00, 0x00, 0x00, 0x00, 0x00, 0x00, 0x00, 0x00, 0x00,
    0x28, 0xec, 0xf0, 0xdf, 0x30, 0xe8, 0xf8, 0xff, 0x28, 0xec, 0xf8, 0xff,
    0x28, 0xe8, 0xf0, 0xff, 0x30, 0xe8, 0xf8, 0xff, 0x28, 0xec, 0xf0, 0xff,
    0x30, 0xec, 0xf0, 0xff, 0x28, 0xe8, 0xf8, 0xff, 0x28, 0xec, 0xf0, 0xff,
    0x28, 0xec, 0xf0, 0xff, 0x28, 0xe8, 0xf8, 0xff, 0x30, 0xec, 0xf8, 0xff,
    0x28, 0xe8, 0xf0, 0xff, 0x30, 0xe8, 0xf8, 0xff, 0x28, 0xec, 0xf8, 0x61,
    0x00, 0x00, 0x00, 0x00, 0x00, 0x00, 0x00, 0x00, 0x00, 0x00, 0x00, 0x00,
    0x00, 0x00, 0x00, 0x00, 0x00, 0x00, 0x00, 0x00, 0x00, 0x00, 0x00, 0x00,
    0x00, 0x00, 0x00, 0x00, 0x00, 0x00, 0x00, 0x00, 0x00, 0x00, 0x00, 0x00,
    0x00, 0x00, 0x00, 0x00, 0x00, 0x00, 0x00, 0x00, 0x00, 0x00, 0x00, 0x00,
    0x00, 0x00, 0x00, 0x00, 0x00, 0x00, 0x00, 0x00, 0x00, 0x00, 0x00, 0x00,
    0x00, 0x00, 0x00, 0x00, 0x00, 0x00, 0x00, 0x00, 0x00, 0x00, 0x00, 0x00,
    0x00, 0x00, 0x00, 0x00, 0x00, 0x00, 0x00, 0x00, 0x00, 0x00, 0x00, 0x00,
    0x00, 0x00, 0x00, 0x00, 0x00, 0x00, 0x00, 0x00, 0x00, 0x00, 0x00, 0x00,
    0x00, 0x00, 0x00, 0x00, 0x00, 0x00, 0x00, 0x00, 0x28, 0xe8, 0xf8, 0xdf,
    0x28, 0xec, 0xf0, 0xff, 0x28, 0xec, 0xf8, 0xff, 0x30, 0xe8, 0xf0, 0xff,
    0x28, 0xec, 0xf8, 0xff, 0x28, 0xec, 0xf8, 0xff, 0x28, 0xe8, 0xf0, 0xff,
    0x28, 0xec, 0xf8, 0xff, 0x28, 0xe8, 0xf8, 0xff, 0x28, 0xec, 0xf0, 0xff,
    0x28, 0xe8, 0xf0, 0xff, 0x30, 0xec, 0xf8, 0xff, 0x28, 0xec, 0xf0, 0xff,
    0x28, 0xe8, 0xf8, 0xff, 0x30, 0xec, 0xf0, 0x41, 0x00, 0x00, 0x00, 0x00,
    0x00, 0x00, 0x00, 0x00, 0x00, 0x00, 0x00, 0x00, 0x00, 0x00, 0x00, 0x00,
    0x00, 0x00, 0x00, 0x00, 0x00, 0x00, 0x00, 0x00, 0x00, 0x00, 0x00, 0x00,
    0x00, 0x00, 0x00, 0x00, 0x00, 0x00, 0x00, 0x00, 0x00, 0x00, 0x00, 0x00,
    0x00, 0x00, 0x00, 0x00, 0x00, 0x00, 0x00, 0x00, 0x00, 0x00, 0x00, 0x00,
    0x00, 0x00, 0x00, 0x00, 0x00, 0x00, 0x00, 0x00, 0x30, 0xec, 0xf0, 0x41,
    0x28, 0xe8, 0xf0, 0xff, 0x28, 0xec, 0xf8, 0xff, 0x28, 0xe8, 0xf0, 0xff,
    0x28, 0xe8, 0xf0, 0xff, 0x28, 0xec, 0xf8, 0xff, 0x30, 0xe8, 0xf0, 0xff,
    0x28, 0xec, 0xf0, 0xff, 0x28, 0xe8, 0xf8, 0xff, 0x30, 0xe8, 0xf8, 0xff,
    0x28, 0xec, 0xf0, 0xff, 0x28, 0xe8, 0xf8, 0xff, 0x28, 0xe8, 0xf8, 0xff,
    0x30, 0xec, 0xf0, 0x41, 0x00, 0x00, 0x00, 0x00, 0x00, 0x00, 0x00, 0x00,
    0x00, 0x00, 0x00, 0x00, 0x00, 0x00, 0x00, 0x00, 0x00, 0x00, 0x00, 0x00,
    0x00, 0x00, 0x00, 0x00, 0x00, 0x00, 0x00, 0x00, 0x00, 0x00, 0x00, 0x00,
    0x00, 0x00, 0x00, 0x00, 0x00, 0x00, 0x00, 0x00, 0x00, 0x00, 0x00, 0x00,
    0x00, 0x00, 0x00, 0x00, 0x00, 0x00, 0x00, 0x00, 0x00, 0x00, 0x00, 0x00,
    0x00, 0x00, 0x00, 0x00, 0x28, 0xe8, 0xf0, 0x61, 0x28, 0xec, 0xf8, 0xff,
    0x28, 0xec, 0xf0, 0xff, 0x28, 0xe8, 0xf8, 0xff, 0x28, 0xe8, 0xf8, 0xff,
    0x30, 0xec, 0xf0, 0xff, 0x28, 0xe8, 0xf8, 0xff, 0x30, 0xe8, 0xf8, 0xff,
    0x28, 0xec, 0xf0, 0xff, 0x28, 0xe8, 0xf0, 0xff, 0x30, 0xec, 0xf8, 0xff,
    0x28, 0xec, 0xf0, 0xff, 0x28, 0xe8, 0xf8, 0xff, 0x28, 0xec, 0xf0, 0xff,
    0x28, 0xe8, 0xf0, 0xbe, 0x00, 0x00, 0x00, 0x00, 0x00, 0x00, 0x00, 0x00,
    0x00, 0x00, 0x00, 0x00, 0x00, 0x00, 0x00, 0x00, 0x00, 0x00, 0x00, 0x00,
    0x00, 0x00, 0x00, 0x00, 0x00, 0x00, 0x00, 0x00, 0x00, 0x00, 0x00, 0x00,
    0x00, 0x00, 0x00, 0x00, 0x00, 0x00, 0x00, 0x00, 0x00, 0x00, 0x00, 0x00,
    0x00, 0x00, 0x00, 0x00, 0x00, 0x00, 0x00, 0x00, 0x00, 0x00, 0x00, 0x00,
    0x00, 0x00, 0x00, 0x00, 0x00, 0x00, 0x00, 0x00, 0x00, 0x00, 0x00, 0x00,
    0x00, 0x00, 0x00, 0x00, 0x00, 0x00, 0x00, 0x00, 0x00, 0x00, 0x00, 0x00,
    0x00, 0x00, 0x00, 0x00, 0x00, 0x00, 0x00, 0x00, 0x00, 0x00, 0x00, 0x00,
    0x00, 0x00, 0x00, 0x00, 0x00, 0x00, 0x00, 0x00, 0x28, 0xec, 0xf0, 0x41,
    0x28, 0xe8, 0xf8, 0xff, 0x28, 0xe8, 0xf0, 0xff, 0x28, 0xec, 0xf0, 0xff,
    0x28, 0xe8, 0xf8, 0xff, 0x30, 0xe8, 0xf0, 0xff, 0x28, 0xec, 0xf0, 0xff,
    0x28, 0xec, 0xf8, 0xff, 0x30, 0xe8, 0xf0, 0xff, 0x28, 0xec, 0xf8, 0xff,
    0x28, 0xe8, 0xf8, 0xff, 0x28, 0xe8, 0xf0, 0xff, 0x28, 0xec, 0xf0, 0xff,
    0x28, 0xe8, 0xf8, 0xff, 0x28, 0xec, 0xf8, 0xdf, 0x00, 0x00, 0x00, 0x00,
    0x00, 0x00, 0x00, 0x00, 0x00, 0x00, 0x00, 0x00, 0x00, 0x00, 0x00, 0x00,
    0x00, 0x00, 0x00, 0x00, 0x00, 0x00, 0x00, 0x00, 0x00, 0x00, 0x00, 0x00,
    0x00, 0x00, 0x00, 0x00, 0x00, 0x00, 0x00, 0x00, 0x00, 0x00, 0x00, 0x00,
    0x00, 0x00, 0x00, 0x00, 0x00, 0x00, 0x00, 0x00, 0x00, 0x00, 0x00, 0x00,
    0x00, 0x00, 0x00, 0x00, 0x00, 0x00, 0x00, 0x00, 0x00, 0x00, 0x00, 0x00,
    0x28, 0xec, 0xf0, 0x41, 0x28, 0xe8, 0xf8, 0xff, 0x30, 0xec, 0xf8, 0xff,
    0x28, 0xe8, 0xf0, 0xff, 0x28, 0xec, 0xf8, 0xff, 0x28, 0xec, 0xf8, 0xff,
    0x28, 0xe8, 0xf0, 0xff, 0x28, 0xec, 0xf8, 0xff, 0x28, 0xec, 0xf0, 0xff,
    0x28, 0xe8, 0xf0, 0xff, 0x28, 0xec, 0xf8, 0xff, 0x28, 0xec, 0xf0, 0xff,
    0x30, 0xe8, 0xf8, 0xff, 0x30, 0xec, 0xf0, 0x41, 0x00, 0x00, 0x00, 0x00,
    0x00, 0x00, 0x00, 0x00, 0x00, 0x00, 0x00, 0x00, 0x00, 0x00, 0x00, 0x00,
    0x00, 0x00, 0x00, 0x00, 0x00, 0x00, 0x00, 0x00, 0x00, 0x00, 0x00, 0x00,
    0x00, 0x00, 0x00, 0x00, 0x00, 0x00, 0x00, 0x00, 0x00, 0x00, 0x00, 0x00,
    0x00, 0x00, 0x00, 0x00, 0x00, 0x00, 0x00, 0x00, 0x00, 0x00, 0x00, 0x00,
    0x00, 0x00, 0x00, 0x00, 0x00, 0x00, 0x00, 0x00, 0x00, 0x00, 0x00, 0x00,
    0x30, 0xe8, 0xf8, 0xdf, 0x28, 0xec, 0xf0, 0xff, 0x28, 0xec, 0xf0, 0xff,
    0x30, 0xe8, 0xf8, 0xff, 0x28, 0xec, 0xf0, 0xff, 0x28, 0xec, 0xf8, 0xff,
    0x28, 0xe8, 0xf0, 0xff, 0x30, 0xec, 0xf8, 0xff, 0x28, 0xe8, 0xf8, 0xff,
    0x28, 0xe8, 0xf0, 0xff, 0x28, 0xec, 0xf8, 0xff, 0x30, 0xec, 0xf0, 0xff,
    0x28, 0xe8, 0xf8, 0xff, 0x28, 0xec, 0xf8, 0xff, 0x30, 0xe8, 0xf0, 0x61,
    0x00, 0x00, 0x00, 0x00, 0x00, 0x00, 0x00, 0x00, 0x00, 0x00, 0x00, 0x00,
    0x00, 0x00, 0x00, 0x00, 0x00, 0x00, 0x00, 0x00, 0x00, 0x00, 0x00, 0x00,
    0x00, 0x00, 0x00, 0x00, 0x00, 0x00, 0x00, 0x00, 0x00, 0x00, 0x00, 0x00,
    0x00, 0x00, 0x00, 0x00, 0x00, 0x00, 0x00, 0x00, 0x00, 0x00, 0x00, 0x00,
    0x00, 0x00, 0x00, 0x00, 0x00, 0x00, 0x00, 0x00, 0x00, 0x00, 0x00, 0x00,
    0x00, 0x00, 0x00, 0x00, 0x00, 0x00, 0x00, 0x00, 0x00, 0x00, 0x00, 0x00,
    0x00, 0x00, 0x00, 0x00, 0x00, 0x00, 0x00, 0x00, 0x00, 0x00, 0x00, 0x00,
    0x00, 0x00, 0x00, 0x00, 0x00, 0x00, 0x00, 0x00, 0x00, 0x00, 0x00, 0x00,
    0x28, 0xe8, 0xf0, 0xdf, 0x30, 0xec, 0xf8, 0xff, 0x30, 0xec, 0xf8, 0xff,
    0x28, 0xe8, 0xf0, 0xff, 0x28, 0xec, 0xf8, 0xff, 0x28, 0xe8, 0xf0, 0xff,
    0x28, 0xe8, 0xf8, 0xff, 0x30, 0xec, 0xf0, 0xff, 0x28, 0xe8, 0xf0, 0xff,
    0x28, 0xec, 0xf8, 0xff, 0x30, 0xec, 0xf0, 0xff, 0x28, 0xe8, 0xf8, 0xff,
    0x30, 0xe8, 0xf0, 0xff, 0x28, 0xec, 0xf8, 0xff, 0x30, 0xec, 0xf0, 0x41,
    0x00, 0x00, 0x00, 0x00, 0x00, 0x00, 0x00, 0x00, 0x00, 0x00, 0x00, 0x00,
    0x00, 0x00, 0x00, 0x00, 0x00, 0x00, 0x00, 0x00, 0x00, 0x00, 0x00, 0x00,
    0x00, 0x00, 0x00, 0x00, 0x00, 0x00, 0x00, 0x00, 0x00, 0x00, 0x00, 0x00,
    0x00, 0x00, 0x00, 0x00, 0x00, 0x00, 0x00, 0x00, 0x00, 0x00, 0x00, 0x00,
    0x00, 0x00, 0x00, 0x00, 0x00, 0x00, 0x00, 0x00, 0x00, 0x00, 0x00, 0x00,
    0x00, 0x00, 0x00, 0x00, 0x00, 0x00, 0x00, 0x00, 0x28, 0xe8, 0xf8, 0xff,
    0x28, 0xec, 0xf0, 0xff, 0x30, 0xe8, 0xf0, 0xff, 0x28, 0xe8, 0xf8, 0xff,
    0x30, 0xec, 0xf0, 0xff, 0x28, 0xe8, 0xf8, 0xff, 0x30, 0xe8, 0xf8, 0xff,
    0x28, 0xec, 0xf0, 0xff, 0x30, 0xe8, 0xf8, 0xff, 0x28, 0xe8, 0xf8, 0xff,
    0x28, 0xec, 0xf0, 0xff, 0x28, 0xe8, 0xf0, 0xff, 0x00, 0x00, 0x00, 0x00,
    0x00, 0x00, 0x00, 0x00, 0x00, 0x00, 0x00, 0x00, 0x00, 0x00, 0x00, 0x00,
    0x00, 0x00, 0x00, 0x00, 0x00, 0x00, 0x00, 0x00, 0x00, 0x00, 0x00, 0x00,
    0x00, 0x00, 0x00, 0x00, 0x00, 0x00, 0x00, 0x00, 0x00, 0x00, 0x00, 0x00,
    0x00, 0x00, 0x00, 0x00, 0x00, 0x00, 0x00, 0x00, 0x00, 0x00, 0x00, 0x00,
    0x00, 0x00, 0x00, 0x00, 0x00, 0x00, 0x00, 0x00, 0x00, 0x00, 0x00, 0x00,
    0x00, 0x00, 0x00, 0x00, 0x30, 0xec, 0xf0, 0x41, 0x28, 0xe8, 0xf8, 0xff,
    0x28, 0xe8, 0xf0, 0xff, 0x28, 0xec, 0xf0, 0xff, 0x28, 0xe8, 0xf8, 0xff,
    0x28, 0xec, 0xf0, 0xff, 0x28, 0xe8, 0xf0, 0xff, 0x28, 0xec, 0xf8, 0xff,
    0x30, 0xec, 0xf0, 0xff, 0x28, 0xe8, 0xf8, 0xff, 0x28, 0xe8, 0xf0, 0xff,
    0x30, 0xec, 0xf8, 0xff, 0x28, 0xe8, 0xf0, 0xff, 0x28, 0xec, 0xf8, 0xff,
    0x28, 0xec, 0xf0, 0xdf, 0x28, 0xe8, 0xf8, 0x20, 0x00, 0x00, 0x00, 0x00,
    0x00, 0x00, 0x00, 0x00, 0x00, 0x00, 0x00, 0x00, 0x00, 0x00, 0x00, 0x00,
    0x00, 0x00, 0x00, 0x00, 0x00, 0x00, 0x00, 0x00, 0x00, 0x00, 0x00, 0x00,
    0x00, 0x00, 0x00, 0x00, 0x00, 0x00, 0x00, 0x00, 0x00, 0x00, 0x00, 0x00,
    0x00, 0x00, 0x00, 0x00, 0x00, 0x00, 0x00, 0x00, 0x00, 0x00, 0x00, 0x00,
    0x00, 0x00, 0x00, 0x00, 0x00, 0x00, 0x00, 0x00, 0x00, 0x00, 0x00, 0x00,
    0x00, 0x00, 0x00, 0x00, 0x00, 0x00, 0x00, 0x00, 0x00, 0x00, 0x00, 0x00,
    0x00, 0x00, 0x00, 0x00, 0x00, 0x00, 0x00, 0x00, 0x00, 0x00, 0x00, 0x00,
    0x28, 0xe8, 0xf0, 0x7d, 0x28, 0xe8, 0xf8, 0xff, 0x28, 0xec, 0xf0, 0xff,
    0x28, 0xe8, 0xf0, 0xff, 0x30, 0xec, 0xf8, 0xff, 0x28, 0xec, 0xf0, 0xff,
    0x28, 0xe8, 0xf8, 0xff, 0x30, 0xec, 0xf8, 0xff, 0x28, 0xe8, 0xf0, 0xff,
    0x28, 0xe8, 0xf8, 0xff, 0x28, 0xec, 0xf0, 0xff, 0x28, 0xec, 0xf8, 0xff,
    0x30, 0xe8, 0xf0, 0xff, 0x28, 0xec, 0xf8, 0xff, 0x28, 0xe8, 0xf0, 0xbe,
    0x00, 0x00, 0x00, 0x00, 0x00, 0x00, 0x00, 0x00, 0x00, 0x00, 0x00, 0x00,
    0x00, 0x00, 0x00, 0x00, 0x00, 0x00, 0x00, 0x00, 0x00, 0x00, 0x00, 0x00,
    0x00, 0x00, 0x00, 0x00, 0x00, 0x00, 0x00, 0x00, 0x00, 0x00, 0x00, 0x00,
    0x00, 0x00, 0x00, 0x00, 0x00, 0x00, 0x00, 0x00, 0x00, 0x00, 0x00, 0x00,
    0x00, 0x00, 0x00, 0x00, 0x00, 0x00, 0x00, 0x00, 0x00, 0x00, 0x00, 0x00,
    0x00, 0x00, 0x00, 0x00, 0x00, 0x00, 0x00, 0x00, 0x00, 0x00, 0x00, 0x00,
    0x28, 0xec, 0xf0, 0xdf, 0x28, 0xe8, 0xf8, 0xff, 0x28, 0xec, 0xf8, 0xff,
    0x30, 0xec, 0xf0, 0xff, 0x28, 0xe8, 0xf0, 0xff, 0x28, 0xec, 0xf8, 0xff,
    0x28, 0xe8, 0xf0, 0xff, 0x30, 0xec, 0xf0, 0xff, 0x28, 0xec, 0xf8, 0xff,
    0x28, 0xe8, 0xf0, 0xff, 0x30, 0xec, 0xf8, 0xff, 0x28, 0xec, 0xf8, 0xdf,
    0x00, 0x00, 0x00, 0x00, 0x00, 0x00, 0x00, 0x00, 0x00, 0x00, 0x00, 0x00,
    0x00, 0x00, 0x00, 0x00, 0x00, 0x00, 0x00, 0x00, 0x00, 0x00, 0x00, 0x00,
    0x00, 0x00, 0x00, 0x00, 0x00, 0x00, 0x00, 0x00, 0x00, 0x00, 0x00, 0x00,
    0x00, 0x00, 0x00, 0x00, 0x00, 0x00, 0x00, 0x00, 0x00, 0x00, 0x00, 0x00,
    0x00, 0x00, 0x00, 0x00, 0x00, 0x00, 0x00, 0x00, 0x00, 0x00, 0x00, 0x00,
    0x00, 0x00, 0x00, 0x00, 0x00, 0x00, 0x00, 0x00, 0x00, 0x00, 0x00, 0x00,
    0x28, 0xec, 0xf8, 0xdf, 0x30, 0xe8, 0xf8, 0xff, 0x28, 0xec, 0xf0, 0xff,
    0x30, 0xe8, 0xf8, 0xff, 0x28, 0xe8, 0xf8, 0xff, 0x28, 0xec, 0xf0, 0xff,
    0x28, 0xe8, 0xf8, 0xff, 0x28, 0xec, 0xf0, 0xff, 0x28, 0xe8, 0xf0, 0xff,
    0x28, 0xec, 0xf8, 0xff, 0x28, 0xe8, 0xf0, 0xff, 0x30, 0xe8, 0xf8, 0xff,
    0x28, 0xe8, 0xf0, 0xff, 0x28, 0xec, 0xf8, 0xff, 0x28, 0xe8, 0xf8, 0x61,
    0x00, 0x00, 0x00, 0x00, 0x00, 0x00, 0x00, 0x00, 0x00, 0x00, 0x00, 0x00,
    0x00, 0x00, 0x00, 0x00, 0x00, 0x00, 0x00, 0x00, 0x00, 0x00, 0x00, 0x00,
    0x00, 0x00, 0x00, 0x00, 0x00, 0x00, 0x00, 0x00, 0x00, 0x00, 0x00, 0x00,
    0x00, 0x00, 0x00, 0x00, 0x00, 0x00, 0x00, 0x00, 0x00, 0x00, 0x00, 0x00,
    0x00, 0x00, 0x00, 0x00, 0x00, 0x00, 0x00, 0x00, 0x00, 0x00, 0x00, 0x00,
    0x00, 0x00, 0x00, 0x00, 0x00, 0x00, 0x00, 0x00, 0x00, 0x00, 0x00, 0x00,
    0x00, 0x00, 0x00, 0x00, 0x00, 0x00, 0x00, 0x00, 0x00, 0x00, 0x00, 0x00,
    0x00, 0x00, 0x00, 0x00, 0x28, 0xec, 0xf8, 0xff, 0x28, 0xec, 0xf0, 0xff,
    0x28, 0xe8, 0xf8, 0xff, 0x28, 0xe8, 0xf8, 0xff, 0x28, 0xec, 0xf0, 0xff,
    0x30, 0xe8, 0xf8, 0xff, 0x28, 0xec, 0xf0, 0xff, 0x28, 0xec, 0xf0, 0xff,
    0x28, 0xe8, 0xf8, 0xff, 0x30, 0xec, 0xf8, 0xff, 0x28, 0xe8, 0xf0, 0xff,
    0x28, 0xe8, 0xf0, 0xff, 0x28, 0xec, 0xf8, 0xff, 0x28, 0xec, 0xf8, 0xff,
    0x28, 0xe8, 0xf8, 0x20, 0x00, 0x00, 0x00, 0x00, 0x00, 0x00, 0x00, 0x00,
    0x00, 0x00, 0x00, 0x00, 0x00, 0x00, 0x00, 0x00, 0x00, 0x00, 0x00, 0x00,
    0x00, 0x00, 0x00, 0x00, 0x00, 0x00, 0x00, 0x00, 0x00, 0x00, 0x00, 0x00,
    0x00, 0x00, 0x00, 0x00, 0x00, 0x00, 0x00, 0x00, 0x00, 0x00, 0x00, 0x00,
    0x00, 0x00, 0x00, 0x00, 0x00, 0x00, 0x00, 0x00, 0x00, 0x00, 0x00, 0x00,
    0x00, 0x00, 0x00, 0x00, 0x00, 0x00, 0x00, 0x00, 0x00, 0x00, 0x00, 0x00,
    0x00, 0x00, 0x00, 0x00, 0x30, 0xe8, 0xf0, 0x7d, 0x28, 0xe8, 0xf8, 0xff,
    0x28, 0xec, 0xf0, 0xff, 0x28, 0xe8, 0xf8, 0xff, 0x28, 0xec, 0xf8, 0xff,
    0x28, 0xe8, 0xf0, 0xff, 0x28, 0xec, 0xf8, 0xff, 0x28, 0xe8, 0xf8, 0xff,
    0x28, 0xec, 0xf0, 0xff, 0x28, 0xe8, 0xf0, 0xff, 0x28, 0xe8, 0xf8, 0xff,
    0x28, 0xe8, 0xf0, 0x7d, 0x00, 0x00, 0x00, 0x00, 0x00, 0x00, 0x00, 0x00,
    0x00, 0x00, 0x00, 0x00, 0x00, 0x00, 0x00, 0x00, 0x00, 0x00, 0x00, 0x00,
    0x00, 0x00, 0x00, 0x00, 0x00, 0x00, 0x00, 0x00, 0x00, 0x00, 0x00, 0x00,
    0x00, 0x00, 0x00, 0x00, 0x00, 0x00, 0x00, 0x00, 0x00, 0x00, 0x00, 0x00,
    0x00, 0x00, 0x00, 0x00, 0x00, 0x00, 0x00, 0x00, 0x00, 0x00, 0x00, 0x00,
    0x00, 0x00, 0x00, 0x00, 0x00, 0x00, 0x00, 0x00, 0x00, 0x00, 0x00, 0x00,
    0x00, 0x00, 0x00, 0x00, 0x30, 0xec, 0xf0, 0x41, 0x28, 0xec, 0xf8, 0xff,
    0x28, 0xe8, 0xf0, 0xff, 0x28, 0xec, 0xf8, 0xff, 0x30, 0xec, 0xf0, 0xff,
    0x30, 0xe8, 0xf8, 0xff, 0x28, 0xe8, 0xf8, 0xff, 0x30, 0xec, 0xf0, 0xff,
    0x28, 0xec, 0xf8, 0xff, 0x28, 0xe8, 0xf8, 0xff, 0x28, 0xec, 0xf0, 0xff,
    0x28, 0xec, 0xf0, 0xff, 0x30, 0xe8, 0xf8, 0xff, 0x28, 0xe8, 0xf0, 0xff,
    0x28, 0xec, 0xf0, 0xdf, 0x28, 0xe8, 0xf8, 0x20, 0x00, 0x00, 0x00, 0x00,
    0x00, 0x00, 0x00, 0x00, 0x00, 0x00, 0x00, 0x00, 0x00, 0x00, 0x00, 0x00,
    0x00, 0x00, 0x00, 0x00, 0x00, 0x00, 0x00, 0x00, 0x00, 0x00, 0x00, 0x00,
    0x00, 0x00, 0x00, 0x00, 0x00, 0x00, 0x00, 0x00, 0x00, 0x00, 0x00, 0x00,
    0x00, 0x00, 0x00, 0x00, 0x00, 0x00, 0x00, 0x00, 0x00, 0x00, 0x00, 0x00,
    0x00, 0x00, 0x00, 0x00, 0x00, 0x00, 0x00, 0x00, 0x00, 0x00, 0x00, 0x00,
    0x00, 0x00, 0x00, 0x00, 0x00, 0x00, 0x00, 0x00, 0x00, 0x00, 0x00, 0x00,
    0x00, 0x00, 0x00, 0x00, 0x28, 0xe8, 0xf0, 0x7d, 0x28, 0xe8, 0xf8, 0xff,
    0x30, 0xec, 0xf0, 0xff, 0x30, 0xe8, 0xf0, 0xff, 0x28, 0xec, 0xf8, 0xff,
    0x28, 0xe8, 0xf0, 0xff, 0x28, 0xe8, 0xf8, 0xff, 0x28, 0xec, 0xf8, 0xff,
    0x28, 0xe8, 0xf0, 0xff, 0x30, 0xec, 0xf8, 0xff, 0x28, 0xec, 0xf0, 0xff,
    0x28, 0xe8, 0xf8, 0xff, 0x30, 0xe8, 0xf0, 0xff, 0x28, 0xec, 0xf0, 0xff,
    0x28, 0xe8, 0xf8, 0xbe, 0x00, 0x00, 0x00, 0x00, 0x00, 0x00, 0x00, 0x00,
    0x00, 0x00, 0x00, 0x00, 0x00, 0x00, 0x00, 0x00, 0x00, 0x00, 0x00, 0x00,
    0x00, 0x00, 0x00, 0x00, 0x00, 0x00, 0x00, 0x00, 0x00, 0x00, 0x00, 0x00,
    0x00, 0x00, 0x00, 0x00, 0x00, 0x00, 0x00, 0x00, 0x00, 0x00, 0x00, 0x00,
    0x00, 0x00, 0x00, 0x00, 0x00, 0x00, 0x00, 0x00, 0x00, 0x00, 0x00, 0x00,
    0x00, 0x00, 0x00, 0x00, 0x00, 0x00, 0x00, 0x00, 0x00, 0x00, 0x00, 0x00,
    0x00, 0x00, 0x00, 0x00, 0x00, 0x00, 0x00, 0x00, 0x00, 0x00, 0x00, 0x00,
    0x28, 0xec, 0xf0, 0xdf, 0x30, 0xe8, 0xf8, 0xff, 0x28, 0xec, 0xf0, 0xff,
    0x30, 0xe8, 0xf0, 0xff, 0x30, 0xec, 0xf8, 0xff, 0x28, 0xe8, 0xf0, 0xff,
    0x28, 0xe8, 0xf8, 0xff, 0x30, 0xec, 0xf0, 0xff, 0x28, 0xec, 0xf8, 0xff,
    0x28, 0xe8, 0xf0, 0xdf, 0x00, 0x00, 0x00, 0x00, 0x00, 0x00, 0x00, 0x00,
    0x00, 0x00, 0x00, 0x00, 0x00, 0x00, 0x00, 0x00, 0x00, 0x00, 0x00, 0x00,
    0x00, 0x00, 0x00, 0x00, 0x00, 0x00, 0x00, 0x00, 0x00, 0x00, 0x00, 0x00,
    0x00, 0x00, 0x00, 0x00, 0x00, 0x00, 0x00, 0x00, 0x00, 0x00, 0x00, 0x00,
    0x00, 0x00, 0x00, 0x00, 0x00, 0x00, 0x00, 0x00, 0x00, 0x00, 0x00, 0x00,
    0x00, 0x00, 0x00, 0x00, 0x00, 0x00, 0x00, 0x00, 0x00, 0x00, 0x00, 0x00,
    0x00, 0x00, 0x00, 0x00, 0x00, 0x00, 0x00, 0x00, 0x00, 0x00, 0x00, 0x00,
    0x28, 0xe8, 0xf0, 0x9e, 0x28, 0xe8, 0xf8, 0xff, 0x28, 0xec, 0xf0, 0xff,
    0x28, 0xec, 0xf0, 0xff, 0x28, 0xe8, 0xf8, 0xff, 0x28, 0xec, 0xf0, 0xff,
    0x30, 0xe8, 0xf0, 0xff, 0x28, 0xe8, 0xf8, 0xff, 0x30, 0xec, 0xf8, 0xff,
    0x28, 0xec, 0xf0, 0xff, 0x28, 0xe8, 0xf8, 0xff, 0x30, 0xec, 0xf8, 0xff,
    0x28, 0xec, 0xf0, 0xff, 0x28, 0xe8, 0xf0, 0xff, 0x30, 0xe8, 0xf0, 0x7d,
    0x00, 0x00, 0x00, 0x00, 0x00, 0x00, 0x00, 0x00, 0x00, 0x00, 0x00, 0x00,
    0x00, 0x00, 0x00, 0x00, 0x00, 0x00, 0x00, 0x00, 0x00, 0x00, 0x00, 0x00,
    0x00, 0x00, 0x00, 0x00, 0x00, 0x00, 0x00, 0x00, 0x00, 0x00, 0x00, 0x00,
    0x00, 0x00, 0x00, 0x00, 0x00, 0x00, 0x00, 0x00, 0x00, 0x00, 0x00, 0x00,
    0x00, 0x00, 0x00, 0x00, 0x00, 0x00, 0x00, 0x00, 0x00, 0x00, 0x00, 0x00,
    0x00, 0x00, 0x00, 0x00, 0x00, 0x00, 0x00, 0x00, 0x00, 0x00, 0x00, 0x00,
    0x00, 0x00, 0x00, 0x00, 0x28, 0xe8, 0xf8, 0x20, 0x28, 0xe8, 0xf0, 0xff,
    0x28, 0xec, 0xf8, 0xff, 0x28, 0xe8, 0xf8, 0xff, 0x28, 0xec, 0xf0, 0xff,
    0x30, 0xec, 0xf8, 0xff, 0x28, 0xe8, 0xf0, 0xff, 0x28, 0xec, 0xf0, 0xff,
    0x30, 0xe8, 0xf8, 0xff, 0x28, 0xe8, 0xf0, 0xff, 0x28, 0xec, 0xf0, 0xff,
    0x28, 0xe8, 0xf8, 0xff, 0x28, 0xec, 0xf8, 0xff, 0x30, 0xec, 0xf8, 0xff,
    0x28, 0xe8, 0xf0, 0xff, 0x28, 0xe8, 0xf8, 0x20, 0x00, 0x00, 0x00, 0x00,
    0x00, 0x00, 0x00, 0x00, 0x00, 0x00, 0x00, 0x00, 0x00, 0x00, 0x00, 0x00,
    0x00, 0x00, 0x00, 0x00, 0x00, 0x00, 0x00, 0x00, 0x00, 0x00, 0x00, 0x00,
    0x00, 0x00, 0x00, 0x00, 0x00, 0x00, 0x00, 0x00, 0x00, 0x00, 0x00, 0x00,
    0x00, 0x00, 0x00, 0x00, 0x00, 0x00, 0x00, 0x00, 0x00, 0x00, 0x00, 0x00,
    0x00, 0x00, 0x00, 0x00, 0x00, 0x00, 0x00, 0x00, 0x00, 0x00, 0x00, 0x00,
    0x00, 0x00, 0x00, 0x00, 0x00, 0x00, 0x00, 0x00, 0x00, 0x00, 0x00, 0x00,
    0x00, 0x00, 0x00, 0x00, 0x28, 0xe8, 0xf8, 0x20, 0x28, 0xe8, 0xf8, 0x9e,
    0x28, 0xec, 0xf0, 0xff, 0x28, 0xe8, 0xf8, 0xff, 0x28, 0xec, 0xf0, 0xff,
    0x28, 0xec, 0xf0, 0xff, 0x30, 0xe8, 0xf8, 0xff, 0x28, 0xec, 0xf8, 0xff,
    0x30, 0xec, 0xf0, 0x9e, 0x28, 0xe8, 0xf8, 0x20, 0x00, 0x00, 0x00, 0x00,
    0x00, 0x00, 0x00, 0x00, 0x00, 0x00, 0x00, 0x00, 0x00, 0x00, 0x00, 0x00,
    0x00, 0x00, 0x00, 0x00, 0x00, 0x00, 0x00, 0x00, 0x00, 0x00, 0x00, 0x00,
    0x00, 0x00, 0x00, 0x00, 0x00, 0x00, 0x00, 0x00, 0x00, 0x00, 0x00, 0x00,
    0x00, 0x00, 0x00, 0x00, 0x00, 0x00, 0x00, 0x00, 0x00, 0x00, 0x00, 0x00,
    0x00, 0x00, 0x00, 0x00, 0x00, 0x00, 0x00, 0x00, 0x00, 0x00, 0x00, 0x00,
    0x00, 0x00, 0x00, 0x00, 0x00, 0x00, 0x00, 0x00, 0x00, 0x00, 0x00, 0x00,
    0x00, 0x00, 0x00, 0x00, 0x28, 0xe8, 0xf8, 0x20, 0x30, 0xe8, 0xf8, 0xdf,
    0x28, 0xe8, 0xf0, 0xff, 0x28, 0xec, 0xf8, 0xff, 0x28, 0xe8, 0xf8, 0xff,
    0x28, 0xec, 0xf0, 0xff, 0x28, 0xec, 0xf0, 0xff, 0x28, 0xe8, 0xf8, 0xff,
    0x28, 0xe8, 0xf0, 0xff, 0x30, 0xec, 0xf0, 0xff, 0x28, 0xe8, 0xf8, 0xff,
    0x28, 0xe8, 0xf8, 0xff, 0x28, 0xec, 0xf8, 0xff, 0x30, 0xe8, 0xf8, 0xff,
    0x28, 0xe8, 0xf8, 0xdf, 0x28, 0xe8, 0xf8, 0x20, 0x00, 0x00, 0x00, 0x00,
    0x00, 0x00, 0x00, 0x00, 0x00, 0x00, 0x00, 0x00, 0x00, 0x00, 0x00, 0x00,
    0x00, 0x00, 0x00, 0x00, 0x00, 0x00, 0x00, 0x00, 0x00, 0x00, 0x00, 0x00,
    0x00, 0x00, 0x00, 0x00, 0x00, 0x00, 0x00, 0x00, 0x00, 0x00, 0x00, 0x00,
    0x00, 0x00, 0x00, 0x00, 0x00, 0x00, 0x00, 0x00, 0x00, 0x00, 0x00, 0x00,
    0x00, 0x00, 0x00, 0x00, 0x00, 0x00, 0x00, 0x00, 0x00, 0x00, 0x00, 0x00,
    0x00, 0x00, 0x00, 0x00, 0x00, 0x00, 0x00, 0x00, 0x28, 0xe8, 0xf0, 0x7d,
    0x28, 0xec, 0xf8, 0xff, 0x30, 0xe8, 0xf0, 0xff, 0x28, 0xe8, 0xf0, 0xff,
    0x28, 0xec, 0xf8, 0xff, 0x28, 0xe8, 0xf8, 0xff, 0x30, 0xec, 0xf0, 0xff,
    0x28, 0xec, 0xf8, 0xff, 0x28, 0xe8, 0xf8, 0xff, 0x30, 0xec, 0xf0, 0xff,
    0x28, 0xe8, 0xf8, 0xff, 0x28, 0xe8, 0xf0, 0xff, 0x30, 0xec, 0xf0, 0xff,
    0x28, 0xe8, 0xf8, 0xff, 0x28, 0xe8, 0xf0, 0x82, 0x00, 0x00, 0x00, 0x00,
    0x00, 0x00, 0x00, 0x00, 0x00, 0x00, 0x00, 0x00, 0x00, 0x00, 0x00, 0x00,
    0x00, 0x00, 0x00, 0x00, 0x00, 0x00, 0x00, 0x00, 0x00, 0x00, 0x00, 0x00,
    0x00, 0x00, 0x00, 0x00, 0x00, 0x00, 0x00, 0x00, 0x00, 0x00, 0x00, 0x00,
    0x00, 0x00, 0x00, 0x00, 0x00, 0x00, 0x00, 0x00, 0x00, 0x00, 0x00, 0x00,
    0x00, 0x00, 0x00, 0x00, 0x00, 0x00, 0x00, 0x00, 0x00, 0x00, 0x00, 0x00,
    0x00, 0x00, 0x00, 0x00, 0x00, 0x00, 0x00, 0x00, 0x00, 0x00, 0x00, 0x00,
    0x00, 0x00, 0x00, 0x00, 0x00, 0x00, 0x00, 0x00, 0x00, 0x00, 0x00, 0x00,
    0x00, 0x00, 0x00, 0x00, 0x30, 0xec, 0xf0, 0x41, 0x30, 0xec, 0xf8, 0x41,
    0x28, 0xe8, 0xf0, 0x7d, 0x28, 0xe8, 0xf8, 0x61, 0x28, 0xec, 0xf0, 0x61,
    0x28, 0xe8, 0xf8, 0x20, 0x00, 0x00, 0x00, 0x00, 0x00, 0x00, 0x00, 0x00,
    0x00, 0x00, 0x00, 0x00, 0x00, 0x00, 0x00, 0x00, 0x00, 0x00, 0x00, 0x00,
    0x00, 0x00, 0x00, 0x00, 0x00, 0x00, 0x00, 0x00, 0x00, 0x00, 0x00, 0x00,
    0x00, 0x00, 0x00, 0x00, 0x00, 0x00, 0x00, 0x00, 0x00, 0x00, 0x00, 0x00,
    0x00, 0x00, 0x00, 0x00, 0x00, 0x00, 0x00, 0x00, 0x00, 0x00, 0x00, 0x00,
    0x00, 0x00, 0x00, 0x00, 0x00, 0x00, 0x00, 0x00, 0x00, 0x00, 0x00, 0x00,
    0x00, 0x00, 0x00, 0x00, 0x00, 0x00, 0x00, 0x00, 0x00, 0x00, 0x00, 0x00,
    0x00, 0x00, 0x00, 0x00, 0x00, 0x00, 0x00, 0x00, 0x00, 0x00, 0x00, 0x00,
    0x28, 0xec, 0xf0, 0x9e, 0x30, 0xec, 0xf8, 0xff, 0x28, 0xe8, 0xf0, 0xff,
    0x30, 0xe8, 0xf8, 0xff, 0x30, 0xec, 0xf8, 0xff, 0x28, 0xec, 0xf0, 0xff,
    0x28, 0xe8, 0xf8, 0xff, 0x28, 0xec, 0xf8, 0xff, 0x28, 0xe8, 0xf0, 0xff,
    0x30, 0xec, 0xf0, 0xff, 0x28, 0xec, 0xf0, 0xff, 0x28, 0xe8, 0xf0, 0xff,
    0x28, 0xec, 0xf8, 0xff, 0x28, 0xec, 0xf0, 0xff, 0x28, 0xe8, 0xf0, 0x82,
    0x00, 0x00, 0x00, 0x00, 0x00, 0x00, 0x00, 0x00, 0x00, 0x00, 0x00, 0x00,
    0x00, 0x00, 0x00, 0x00, 0x00, 0x00, 0x00, 0x00, 0x00, 0x00, 0x00, 0x00,
    0x00, 0x00, 0x00, 0x00, 0x00, 0x00, 0x00, 0x00, 0x00, 0x00, 0x00, 0x00,
    0x00, 0x00, 0x00, 0x00, 0x00, 0x00, 0x00, 0x00, 0x00, 0x00, 0x00, 0x00,
    0x00, 0x00, 0x00, 0x00, 0x00, 0x00, 0x00, 0x00, 0x00, 0x00, 0x00, 0x00,
    0x00, 0x00, 0x00, 0x00, 0x00, 0x00, 0x00, 0x00, 0x28, 0xe8, 0xf8, 0x20,
    0x28, 0xe8, 0xf0, 0xff, 0x28, 0xec, 0xf8, 0xff, 0x30, 0xec, 0xf8, 0xff,
    0x28, 0xe8, 0xf0, 0xff, 0x28, 0xe8, 0xf0, 0xff, 0x28, 0xec, 0xf8, 0xff,
    0x28, 0xe8, 0xf0, 0xff, 0x28, 0xe8, 0xf0, 0xff, 0x28, 0xec, 0xf8, 0xff,
    0x30, 0xec, 0xf8, 0xff, 0x28, 0xe8, 0xf0, 0xff, 0x28, 0xec, 0xf8, 0xff,
    0x28, 0xec, 0xf0, 0xff, 0x28, 0xe8, 0xf0, 0xff, 0x28, 0xe8, 0xf8, 0x20,
    0x00, 0x00, 0x00, 0x00, 0x00, 0x00, 0x00, 0x00, 0x00, 0x00, 0x00, 0x00,
    0x00, 0x00, 0x00, 0x00, 0x00, 0x00, 0x00, 0x00, 0x00, 0x00, 0x00, 0x00,
    0x00, 0x00, 0x00, 0x00, 0x00, 0x00, 0x00, 0x00, 0x00, 0x00, 0x00, 0x00,
    0x00, 0x00, 0x00, 0x00, 0x00, 0x00, 0x00, 0x00, 0x00, 0x00, 0x00, 0x00,
    0x00, 0x00, 0x00, 0x00, 0x00, 0x00, 0x00, 0x00, 0x00, 0x00, 0x00, 0x00,
    0x00, 0x00, 0x00, 0x00, 0x00, 0x00, 0x00, 0x00, 0x00, 0x00, 0x00, 0x00,
    0x00, 0x00, 0x00, 0x00, 0x00, 0x00, 0x00, 0x00, 0x00, 0x00, 0x00, 0x00,
    0x00, 0x00, 0x00, 0x00, 0x00, 0x00, 0x00, 0x00, 0x00, 0x00, 0x00, 0x00,
    0x00, 0x00, 0x00, 0x00, 0x00, 0x00, 0x00, 0x00, 0x00, 0x00, 0x00, 0x00,
    0x00, 0x00, 0x00, 0x00, 0x00, 0x00, 0x00, 0x00, 0x00, 0x00, 0x00, 0x00,
    0x00, 0x00, 0x00, 0x00, 0x00, 0x00, 0x00, 0x00, 0x00, 0x00, 0x00, 0x00,
    0x00, 0x00, 0x00, 0x00, 0x00, 0x00, 0x00, 0x00, 0x00, 0x00, 0x00, 0x00,
    0x00, 0x00, 0x00, 0x00, 0x00, 0x00, 0x00, 0x00, 0x00, 0x00, 0x00, 0x00,
    0x00, 0x00, 0x00, 0x00, 0x00, 0x00, 0x00, 0x00, 0x00, 0x00, 0x00, 0x00,
    0x00, 0x00, 0x00, 0x00, 0x00, 0x00, 0x00, 0x00, 0x00, 0x00, 0x00, 0x00,
    0x00, 0x00, 0x00, 0x00, 0x00, 0x00, 0x00, 0x00, 0x00, 0x00, 0x00, 0x00,
    0x00, 0x00, 0x00, 0x00, 0x00, 0x00, 0x00, 0x00, 0x00, 0x00, 0x00, 0x00,
    0x00, 0x00, 0x00, 0x00, 0x28, 0xe8, 0xf8, 0x20, 0x28, 0xe8, 0xf0, 0xdf,
    0x28, 0xec, 0xf0, 0xff, 0x28, 0xe8, 0xf8, 0xff, 0x28, 0xe8, 0xf0, 0xff,
    0x30, 0xec, 0xf0, 0xff, 0x28, 0xe8, 0xf8, 0xff, 0x28, 0xec, 0xf8, 0xff,
    0x30, 0xe8, 0xf0, 0xff, 0x28, 0xe8, 0xf8, 0xff, 0x28, 0xec, 0xf8, 0xff,
    0x30, 0xe8, 0xf0, 0xff, 0x28, 0xec, 0xf0, 0xff, 0x28, 0xe8, 0xf8, 0xff,
    0x30, 0xe8, 0xf0, 0xff, 0x28, 0xe8, 0xf8, 0x20, 0x00, 0x00, 0x00, 0x00,
    0x00, 0x00, 0x00, 0x00, 0x00, 0x00, 0x00, 0x00, 0x00, 0x00, 0x00, 0x00,
    0x00, 0x00, 0x00, 0x00, 0x00, 0x00, 0x00, 0x00, 0x00, 0x00, 0x00, 0x00,
    0x00, 0x00, 0x00, 0x00, 0x00, 0x00, 0x00, 0x00, 0x00, 0x00, 0x00, 0x00,
    0x00, 0x00, 0x00, 0x00, 0x00, 0x00, 0x00, 0x00, 0x00, 0x00, 0x00, 0x00,
    0x00, 0x00, 0x00, 0x00, 0x00, 0x00, 0x00, 0x00, 0x00, 0x00, 0x00, 0x00,
    0x28, 0xe8, 0xf0, 0x7d, 0x28, 0xe8, 0xf8, 0xff, 0x28, 0xec, 0xf0, 0xff,
    0x28, 0xe8, 0xf8, 0xff, 0x30, 0xec, 0xf8, 0xff, 0x28, 0xec, 0xf0, 0xff,
    0x30, 0xe8, 0xf8, 0xff, 0x28, 0xec, 0xf8, 0xff, 0x28, 0xe8, 0xf0, 0xff,
    0x30, 0xec, 0xf0, 0xff, 0x28, 0xe8, 0xf8, 0xff, 0x28, 0xe8, 0xf0, 0xff,
    0x30, 0xec, 0xf8, 0xff, 0x28, 0xe8, 0xf8, 0xff, 0x28, 0xe8, 0xf0, 0x7d,
    0x00, 0x00, 0x00, 0x00, 0x00, 0x00, 0x00, 0x00, 0x00, 0x00, 0x00, 0x00,
    0x00, 0x00, 0x00, 0x00, 0x00, 0x00, 0x00, 0x00, 0x00, 0x00, 0x00, 0x00,
    0x00, 0x00, 0x00, 0x00, 0x00, 0x00, 0x00, 0x00, 0x00, 0x00, 0x00, 0x00,
    0x00, 0x00, 0x00, 0x00, 0x00, 0x00, 0x00, 0x00, 0x00, 0x00, 0x00, 0x00,
    0x00, 0x00, 0x00, 0x00, 0x00, 0x00, 0x00, 0x00, 0x00, 0x00, 0x00, 0x00,
    0x00, 0x00, 0x00, 0x00, 0x00, 0x00, 0x00, 0x00, 0x00, 0x00, 0x00, 0x00,
    0x00, 0x00, 0x00, 0x00, 0x00, 0x00, 0x00, 0x00, 0x00, 0x00, 0x00, 0x00,
    0x00, 0x00, 0x00, 0x00, 0x00, 0x00, 0x00, 0x00, 0x00, 0x00, 0x00, 0x00,
    0x00, 0x00, 0x00, 0x00, 0x00, 0x00, 0x00, 0x00, 0x00, 0x00, 0x00, 0x00,
    0x00, 0x00, 0x00, 0x00, 0x00, 0x00, 0x00, 0x00, 0x00, 0x00, 0x00, 0x00,
    0x00, 0x00, 0x00, 0x00, 0x00, 0x00, 0x00, 0x00, 0x00, 0x00, 0x00, 0x00,
    0x00, 0x00, 0x00, 0x00, 0x00, 0x00, 0x00, 0x00, 0x00, 0x00, 0x00, 0x00,
    0x00, 0x00, 0x00, 0x00, 0x00, 0x00, 0x00, 0x00, 0x00, 0x00, 0x00, 0x00,
    0x00, 0x00, 0x00, 0x00, 0x00, 0x00, 0x00, 0x00, 0x00, 0x00, 0x00, 0x00,
    0x00, 0x00, 0x00, 0x00, 0x00, 0x00, 0x00, 0x00, 0x00, 0x00, 0x00, 0x00,
    0x00, 0x00, 0x00, 0x00, 0x00, 0x00, 0x00, 0x00, 0x00, 0x00, 0x00, 0x00,
    0x00, 0x00, 0x00, 0x00, 0x00, 0x00, 0x00, 0x00, 0x00, 0x00, 0x00, 0x00,
    0x00, 0x00, 0x00, 0x00, 0x00, 0x00, 0x00, 0x00, 0x00, 0x00, 0x00, 0x00,
    0x28, 0xe8, 0xf0, 0x7d, 0x28, 0xec, 0xf8, 0xff, 0x28, 0xec, 0xf8, 0xff,
    0x28, 0xe8, 0xf0, 0xff, 0x28, 0xe8, 0xf0, 0xff, 0x30, 0xec, 0xf8, 0xff,
    0x28, 0xec, 0xf0, 0xff, 0x28, 0xe8, 0xf0, 0xff, 0x28, 0xec, 0xf8, 0xff,
    0x28, 0xe8, 0xf8, 0xff, 0x30, 0xec, 0xf0, 0xff, 0x28, 0xe8, 0xf8, 0xff,
    0x28, 0xec, 0xf8, 0xff, 0x28, 0xec, 0xf8, 0xff, 0x28, 0xe8, 0xf0, 0x7d,
    0x00, 0x00, 0x00, 0x00, 0x00, 0x00, 0x00, 0x00, 0x00, 0x00, 0x00, 0x00,
    0x00, 0x00, 0x00, 0x00, 0x00, 0x00, 0x00, 0x00, 0x00, 0x00, 0x00, 0x00,
    0x00, 0x00, 0x00, 0x00, 0x00, 0x00, 0x00, 0x00, 0x00, 0x00, 0x00, 0x00,
    0x00, 0x00, 0x00, 0x00, 0x00, 0x00, 0x00, 0x00, 0x00, 0x00, 0x00, 0x00,
    0x00, 0x00, 0x00, 0x00, 0x00, 0x00, 0x00, 0x00, 0x00, 0x00, 0x00, 0x00,
    0x28, 0xe8, 0xf8, 0x20, 0x28, 0xe8, 0xf8, 0xff, 0x30, 0xec, 0xf0, 0xff,
    0x28, 0xe8, 0xf0, 0xff, 0x28, 0xe8, 0xf0, 0xff, 0x28, 0xec, 0xf8, 0xff,
    0x28, 0xe8, 0xf0, 0xff, 0x30, 0xec, 0xf0, 0xff, 0x28, 0xe8, 0xf8, 0xff,
    0x28, 0xec, 0xf8, 0xff, 0x28, 0xe8, 0xf0, 0xff, 0x28, 0xec, 0xf0, 0xff,
    0x28, 0xec, 0xf8, 0xff, 0x30, 0xe8, 0xf0, 0xff, 0x28, 0xec, 0xf8, 0xff,
    0x00, 0x00, 0x00, 0x00, 0x00, 0x00, 0x00, 0x00, 0x00, 0x00, 0x00, 0x00,
    0x00, 0x00, 0x00, 0x00, 0x00, 0x00, 0x00, 0x00, 0x00, 0x00, 0x00, 0x00,
    0x00, 0x00, 0x00, 0x00, 0x00, 0x00, 0x00, 0x00, 0x00, 0x00, 0x00, 0x00,
    0x00, 0x00, 0x00, 0x00, 0x00, 0x00, 0x00, 0x00, 0x00, 0x00, 0x00, 0x00,
    0x00, 0x00, 0x00, 0x00, 0x00, 0x00, 0x00, 0x00, 0x00, 0x00, 0x00, 0x00,
    0x00, 0x00, 0x00, 0x00, 0x00, 0x00, 0x00, 0x00, 0x00, 0x00, 0x00, 0x00,
    0x00, 0x00, 0x00, 0x00, 0x00, 0x00, 0x00, 0x00, 0x00, 0x00, 0x00, 0x00,
    0x00, 0x00, 0x00, 0x00, 0x00, 0x00, 0x00, 0x00, 0x00, 0x00, 0x00, 0x00,
    0x00, 0x00, 0x00, 0x00, 0x00, 0x00, 0x00, 0x00, 0x00, 0x00, 0x00, 0x00,
    0x00, 0x00, 0x00, 0x00, 0x00, 0x00, 0x00, 0x00, 0x00, 0x00, 0x00, 0x00,
    0x00, 0x00, 0x00, 0x00, 0x00, 0x00, 0x00, 0x00, 0x00, 0x00, 0x00, 0x00,
    0x00, 0x00, 0x00, 0x00, 0x00, 0x00, 0x00, 0x00, 0x00, 0x00, 0x00, 0x00,
    0x00, 0x00, 0x00, 0x00, 0x00, 0x00, 0x00, 0x00, 0x00, 0x00, 0x00, 0x00,
    0x00, 0x00, 0x00, 0x00, 0x00, 0x00, 0x00, 0x00, 0x00, 0x00, 0x00, 0x00,
    0x00, 0x00, 0x00, 0x00, 0x00, 0x00, 0x00, 0x00, 0x00, 0x00, 0x00, 0x00,
    0x00, 0x00, 0x00, 0x00, 0x00, 0x00, 0x00, 0x00, 0x00, 0x00, 0x00, 0x00,
    0x00, 0x00, 0x00, 0x00, 0x00, 0x00, 0x00, 0x00, 0x00, 0x00, 0x00, 0x00,
    0x00, 0x00, 0x00, 0x00, 0x00, 0x00, 0x00, 0x00, 0x00, 0x00, 0x00, 0x00,
    0x00, 0x00, 0x00, 0x00, 0x28, 0xe8, 0xf8, 0x20, 0x30, 0xe8, 0xf8, 0xdf,
    0x30, 0xec, 0xf0, 0xff, 0x28, 0xec, 0xf8, 0xff, 0x28, 0xe8, 0xf8, 0xff,
    0x28, 0xec, 0xf0, 0xff, 0x30, 0xe8, 0xf8, 0xff, 0x28, 0xec, 0xf0, 0xff,
    0x28, 0xe8, 0xf0, 0xff, 0x28, 0xec, 0xf8, 0xff, 0x28, 0xe8, 0xf0, 0xff,
    0x30, 0xec, 0xf0, 0xff, 0x28, 0xe8, 0xf8, 0xff, 0x28, 0xec, 0xf0, 0xff,
    0x30, 0xe8, 0xf8, 0xff, 0x28, 0xe8, 0xf8, 0x20, 0x00, 0x00, 0x00, 0x00,
    0x00, 0x00, 0x00, 0x00, 0x00, 0x00, 0x00, 0x00, 0x00, 0x00, 0x00, 0x00,
    0x00, 0x00, 0x00, 0x00, 0x00, 0x00, 0x00, 0x00, 0x00, 0x00, 0x00, 0x00,
    0x00, 0x00, 0x00, 0x00, 0x00, 0x00, 0x00, 0x00, 0x00, 0x00, 0x00, 0x00,
    0x00, 0x00, 0x00, 0x00, 0x00, 0x00, 0x00, 0x00, 0x00, 0x00, 0x00, 0x00,
    0x00, 0x00, 0x00, 0x00, 0x28, 0xe8, 0xf0, 0x7d, 0x28, 0xec, 0xf8, 0xff,
    0x28, 0xec, 0xf8, 0xff, 0x30, 0xe8, 0xf0, 0xff, 0x28, 0xec, 0xf8, 0xff,
    0x28, 0xe8, 0xf8, 0xff, 0x28, 0xec, 0xf0, 0xff, 0x28, 0xe8, 0xf0, 0xff,
    0x30, 0xec, 0xf8, 0xff, 0x28, 0xe8, 0xf0, 0xff, 0x28, 0xec, 0xf8, 0xff,
    0x30, 0xe8, 0xf8, 0xff, 0x28, 0xec, 0xf0, 0xff, 0x28, 0xe8, 0xf0, 0xff,
    0x28, 0xe8, 0xf0, 0x82, 0x00, 0x00, 0x00, 0x00, 0x00, 0x00, 0x00, 0x00,
    0x00, 0x00, 0x00, 0x00, 0x00, 0x00, 0x00, 0x00, 0x00, 0x00, 0x00, 0x00,
    0x00, 0x00, 0x00, 0x00, 0x00, 0x00, 0x00, 0x00, 0x00, 0x00, 0x00, 0x00,
    0x00, 0x00, 0x00, 0x00, 0x00, 0x00, 0x00, 0x00, 0x00, 0x00, 0x00, 0x00,
    0x00, 0x00, 0x00, 0x00, 0x00, 0x00, 0x00, 0x00, 0x00, 0x00, 0x00, 0x00,
    0x00, 0x00, 0x00, 0x00, 0x00, 0x00, 0x00, 0x00, 0x00, 0x00, 0x00, 0x00,
    0x00, 0x00, 0x00, 0x00, 0x00, 0x00, 0x00, 0x00, 0x00, 0x00, 0x00, 0x00,
    0x00, 0x00, 0x00, 0x00, 0x00, 0x00, 0x00, 0x00, 0x00, 0x00, 0x00, 0x00,
    0x00, 0x00, 0x00, 0x00, 0x00, 0x00, 0x00, 0x00, 0x00, 0x00, 0x00, 0x00,
    0x00, 0x00, 0x00, 0x00, 0x00, 0x00, 0x00, 0x00, 0x00, 0x00, 0x00, 0x00,
    0x00, 0x00, 0x00, 0x00, 0x00, 0x00, 0x00, 0x00, 0x00, 0x00, 0x00, 0x00,
    0x00, 0x00, 0x00, 0x00, 0x00, 0x00, 0x00, 0x00, 0x00, 0x00, 0x00, 0x00,
    0x00, 0x00, 0x00, 0x00, 0x00, 0x00, 0x00, 0x00, 0x00, 0x00, 0x00, 0x00,
    0x00, 0x00, 0x00, 0x00, 0x00, 0x00, 0x00, 0x00, 0x00, 0x00, 0x00, 0x00,
    0x00, 0x00, 0x00, 0x00, 0x00, 0x00, 0x00, 0x00, 0x00, 0x00, 0x00, 0x00,
    0x00, 0x00, 0x00, 0x00, 0x00, 0x00, 0x00, 0x00, 0x00, 0x00, 0x00, 0x00,
    0x00, 0x00, 0x00, 0x00, 0x00, 0x00, 0x00, 0x00, 0x00, 0x00, 0x00, 0x00,
    0x00, 0x00, 0x00, 0x00, 0x00, 0x00, 0x00, 0x00, 0x00, 0x00, 0x00, 0x00,
    0x00, 0x00, 0x00, 0x00, 0x00, 0x00, 0x00, 0x00, 0x00, 0x00, 0x00, 0x00,
    0x28, 0xe8, 0xf0, 0x82, 0x28, 0xe8, 0xf0, 0xff, 0x30, 0xec, 0xf8, 0xff,
    0x28, 0xe8, 0xf0, 0xff, 0x28, 0xe8, 0xf8, 0xff, 0x28, 0xec, 0xf8, 0xff,
    0x30, 0xe8, 0xf0, 0xff, 0x28, 0xec, 0xf8, 0xff, 0x28, 0xe8, 0xf8, 0xff,
    0x30, 0xec, 0xf0, 0xff, 0x28, 0xe8, 0xf8, 0xff, 0x28, 0xe8, 0xf0, 0xff,
    0x28, 0xec, 0xf0, 0xff, 0x28, 0xe8, 0xf8, 0xff, 0x28, 0xe8, 0xf0, 0x7d,
    0x00, 0x00, 0x00, 0x00, 0x00, 0x00, 0x00, 0x00, 0x00, 0x00, 0x00, 0x00,
    0x00, 0x00, 0x00, 0x00, 0x00, 0x00, 0x00, 0x00, 0x00, 0x00, 0x00, 0x00,
    0x00, 0x00, 0x00, 0x00, 0x00, 0x00, 0x00, 0x00, 0x00, 0x00, 0x00, 0x00,
    0x00, 0x00, 0x00, 0x00, 0x00, 0x00, 0x00, 0x00, 0x00, 0x00, 0x00, 0x00,
    0x00, 0x00, 0x00, 0x00, 0x28, 0xe8, 0xf8, 0x20, 0x28, 0xe8, 0xf0, 0xff,
    0x28, 0xe8, 0xf0, 0xff, 0x28, 0xec, 0xf8, 0xff, 0x30, 0xe8, 0xf0, 0xff,
    0x28, 0xec, 0xf8, 0xff, 0x30, 0xec, 0xf8, 0xff, 0x28, 0xe8, 0xf0, 0xff,
    0x28, 0xec, 0xf8, 0xff, 0x30, 0xe8, 0xf8, 0xff, 0x28, 0xec, 0xf0, 0xff,
    0x28, 0xe8, 0xf0, 0xff, 0x30, 0xe8, 0xf8, 0xff, 0x28, 0xec, 0xf8, 0xff,
    0x28, 0xec, 0xf8, 0xdf, 0x00, 0x00, 0x00, 0x00, 0x00, 0x00, 0x00, 0x00,
    0x00, 0x00, 0x00, 0x00, 0x00, 0x00, 0x00, 0x00, 0x00, 0x00, 0x00, 0x00,
    0x00, 0x00, 0x00, 0x00, 0x00, 0x00, 0x00, 0x00, 0x00, 0x00, 0x00, 0x00,
    0x00, 0x00, 0x00, 0x00, 0x00, 0x00, 0x00, 0x00, 0x00, 0x00, 0x00, 0x00,
    0x00, 0x00, 0x00, 0x00, 0x00, 0x00, 0x00, 0x00, 0x00, 0x00, 0x00, 0x00,
    0x00, 0x00, 0x00, 0x00, 0x00, 0x00, 0x00, 0x00, 0x00, 0x00, 0x00, 0x00,
    0x00, 0x00, 0x00, 0x00, 0x00, 0x00, 0x00, 0x00, 0x00, 0x00, 0x00, 0x00,
    0x00, 0x00, 0x00, 0x00, 0x00, 0x00, 0x00, 0x00, 0x00, 0x00, 0x00, 0x00,
    0x00, 0x00, 0x00, 0x00, 0x00, 0x00, 0x00, 0x00, 0x00, 0x00, 0x00, 0x00,
    0x00, 0x00, 0x00, 0x00, 0x00, 0x00, 0x00, 0x00, 0x00, 0x00, 0x00, 0x00,
    0x00, 0x00, 0x00, 0x00, 0x00, 0x00, 0x00, 0x00, 0x00, 0x00, 0x00, 0x00,
    0x00, 0x00, 0x00, 0x00, 0x00, 0x00, 0x00, 0x00, 0x00, 0x00, 0x00, 0x00,
    0x00, 0x00, 0x00, 0x00, 0x00, 0x00, 0x00, 0x00, 0x00, 0x00, 0x00, 0x00,
    0x00, 0x00, 0x00, 0x00, 0x00, 0x00, 0x00, 0x00, 0x00, 0x00, 0x00, 0x00,
    0x00, 0x00, 0x00, 0x00, 0x00, 0x00, 0x00, 0x00, 0x00, 0x00, 0x00, 0x00,
    0x00, 0x00, 0x00, 0x00, 0x00, 0x00, 0x00, 0x00, 0x00, 0x00, 0x00, 0x00,
    0x00, 0x00, 0x00, 0x00, 0x00, 0x00, 0x00, 0x00, 0x00, 0x00, 0x00, 0x00,
    0x00, 0x00, 0x00, 0x00, 0x00, 0x00, 0x00, 0x00, 0x00, 0x00, 0x00, 0x00,
    0x00, 0x00, 0x00, 0x00, 0x00, 0x00, 0x00, 0x00, 0x00, 0x00, 0x00, 0x00,
    0x00, 0x00, 0x00, 0x00, 0x00, 0x00, 0x00, 0x00, 0x28, 0xec, 0xf8, 0xdf,
    0x28, 0xe8, 0xf0, 0xff, 0x30, 0xec, 0xf0, 0xff, 0x28, 0xec, 0xf8, 0xff,
    0x28, 0xe8, 0xf0, 0xff, 0x28, 0xec, 0xf0, 0xff, 0x30, 0xe8, 0xf8, 0xff,
    0x28, 0xec, 0xf0, 0xff, 0x28, 0xec, 0xf8, 0xff, 0x28, 0xe8, 0xf8, 0xff,
    0x30, 0xec, 0xf0, 0xff, 0x28, 0xec, 0xf8, 0xff, 0x28, 0xe8, 0xf0, 0xff,
    0x30, 0xec, 0xf0, 0xff, 0x28, 0xe8, 0xf8, 0x20, 0x00, 0x00, 0x00, 0x00,
    0x00, 0x00, 0x00, 0x00, 0x00, 0x00, 0x00, 0x00, 0x00, 0x00, 0x00, 0x00,
    0x00, 0x00, 0x00, 0x00, 0x00, 0x00, 0x00, 0x00, 0x00, 0x00, 0x00, 0x00,
    0x00, 0x00, 0x00, 0x00, 0x00, 0x00, 0x00, 0x00, 0x00, 0x00, 0x00, 0x00,
    0x00, 0x00, 0x00, 0x00, 0x00, 0x00, 0x00, 0x00, 0x28, 0xe8, 0xf0, 0x7d,
    0x30, 0xec, 0xf8, 0xff, 0x28, 0xe8, 0xf8, 0xff, 0x28, 0xe8, 0xf0, 0xff,
    0x28, 0xec, 0xf0, 0xff, 0x28, 0xe8, 0xf0, 0xff, 0x28, 0xe8, 0xf8, 0xff,
    0x30, 0xec, 0xf0, 0xff, 0x28, 0xe8, 0xf0, 0xff, 0x28, 0xec, 0xf8, 0xff,
    0x28, 0xec, 0xf0, 0xff, 0x28, 0xe8, 0xf8, 0xff, 0x28, 0xec, 0xf0, 0xff,
    0x30, 0xe8, 0xf0, 0xff, 0x28, 0xe8, 0xf0, 0x7d, 0x00, 0x00, 0x00, 0x00,
    0x00, 0x00, 0x00, 0x00, 0x00, 0x00, 0x00, 0x00, 0x00, 0x00, 0x00, 0x00,
    0x00, 0x00, 0x00, 0x00, 0x00, 0x00, 0x00, 0x00, 0x00, 0x00, 0x00, 0x00,
    0x00, 0x00, 0x00, 0x00, 0x00, 0x00, 0x00, 0x00, 0x00, 0x00, 0x00, 0x00,
    0x00, 0x00, 0x00, 0x00, 0x00, 0x00, 0x00, 0x00, 0x00, 0x00, 0x00, 0x00,
    0x00, 0x00, 0x00, 0x00, 0x00, 0x00, 0x00, 0x00, 0x00, 0x00, 0x00, 0x00,
    0x00, 0x00, 0x00, 0x00, 0x00, 0x00, 0x00, 0x00, 0x00, 0x00, 0x00, 0x00,
    0x00, 0x00, 0x00, 0x00, 0x00, 0x00, 0x00, 0x00, 0x00, 0x00, 0x00, 0x00,
    0x00, 0x00, 0x00, 0x00, 0x00, 0x00, 0x00, 0x00, 0x00, 0x00, 0x00, 0x00,
    0x00, 0x00, 0x00, 0x00, 0x00, 0x00, 0x00, 0x00, 0x00, 0x00, 0x00, 0x00,
    0x28, 0xe8, 0xf8, 0x20, 0x30, 0xec, 0xf0, 0x41, 0x00, 0x00, 0x00, 0x00,
    0x00, 0x00, 0x00, 0x00, 0x00, 0x00, 0x00, 0x00, 0x00, 0x00, 0x00, 0x00,
    0x00, 0x00, 0x00, 0x00, 0x00, 0x00, 0x00, 0x00, 0x00, 0x00, 0x00, 0x00,
    0x00, 0x00, 0x00, 0x00, 0x00, 0x00, 0x00, 0x00, 0x00, 0x00, 0x00, 0x00,
    0x00, 0x00, 0x00, 0x00, 0x00, 0x00, 0x00, 0x00, 0x00, 0x00, 0x00, 0x00,
    0x00, 0x00, 0x00, 0x00, 0x00, 0x00, 0x00, 0x00, 0x00, 0x00, 0x00, 0x00,
    0x00, 0x00, 0x00, 0x00, 0x00, 0x00, 0x00, 0x00, 0x00, 0x00, 0x00, 0x00,
    0x00, 0x00, 0x00, 0x00, 0x00, 0x00, 0x00, 0x00, 0x00, 0x00, 0x00, 0x00,
    0x00, 0x00, 0x00, 0x00, 0x00, 0x00, 0x00, 0x00, 0x00, 0x00, 0x00, 0x00,
    0x00, 0x00, 0x00, 0x00, 0x00, 0x00, 0x00, 0x00, 0x00, 0x00, 0x00, 0x00,
    0x28, 0xe8, 0xf0, 0x7d, 0x28, 0xe8, 0xf8, 0xff, 0x28, 0xec, 0xf8, 0xff,
    0x30, 0xe8, 0xf0, 0xff, 0x28, 0xec, 0xf8, 0xff, 0x28, 0xe8, 0xf8, 0xff,
    0x28, 0xe8, 0xf0, 0xff, 0x30, 0xec, 0xf0, 0xff, 0x28, 0xe8, 0xf8, 0xff,
    0x28, 0xe8, 0xf0, 0xff, 0x30, 0xec, 0xf8, 0xff, 0x28, 0xe8, 0xf8, 0xff,
    0x28, 0xec, 0xf0, 0xff, 0x28, 0xe8, 0xf8, 0xff, 0x28, 0xe8, 0xf0, 0x82,
    0x00, 0x00, 0x00, 0x00, 0x00, 0x00, 0x00, 0x00, 0x00, 0x00, 0x00, 0x00,
    0x00, 0x00, 0x00, 0x00, 0x00, 0x00, 0x00, 0x00, 0x00, 0x00, 0x00, 0x00,
    0x00, 0x00, 0x00, 0x00, 0x00, 0x00, 0x00, 0x00, 0x00, 0x00, 0x00, 0x00,
    0x00, 0x00, 0x00, 0x00, 0x00, 0x00, 0x00, 0x00, 0x28, 0xe8, 0xf8, 0x20,
    0x28, 0xe8, 0xf0, 0xff, 0x28, 0xec, 0xf8, 0xff, 0x30, 0xec, 0xf8, 0xff,
    0x28, 0xe8, 0xf0, 0xff, 0x28, 0xec, 0xf8, 0xff, 0x30, 0xec, 0xf8, 0xff,
    0x28, 0xe8, 0xf0, 0xff, 0x28, 0xec, 0xf8, 0xff, 0x28, 0xe8, 0xf8, 0xff,
    0x30, 0xe8, 0xf0, 0xff, 0x28, 0xec, 0xf8, 0xff, 0x28, 0xe8, 0xf8, 0xff,
    0x30, 0xec, 0xf0, 0xff, 0x28, 0xec, 0xf8, 0xdf, 0x00, 0x00, 0x00, 0x00,
    0x00, 0x00, 0x00, 0x00, 0x00, 0x00, 0x00, 0x00, 0x00, 0x00, 0x00, 0x00,
    0x00, 0x00, 0x00, 0x00, 0x00, 0x00, 0x00, 0x00, 0x00, 0x00, 0x00, 0x00,
    0x00, 0x00, 0x00, 0x00, 0x00, 0x00, 0x00, 0x00, 0x00, 0x00, 0x00, 0x00,
    0x00, 0x00, 0x00, 0x00, 0x00, 0x00, 0x00, 0x00, 0x00, 0x00, 0x00, 0x00,
    0x00, 0x00, 0x00, 0x00, 0x00, 0x00, 0x00, 0x00, 0x00, 0x00, 0x00, 0x00,
    0x00, 0x00, 0x00, 0x00, 0x00, 0x00, 0x00, 0x00, 0x00, 0x00, 0x00, 0x00,
    0x00, 0x00, 0x00, 0x00, 0x00, 0x00, 0x00, 0x00, 0x00, 0x00, 0x00, 0x00,
    0x00, 0x00, 0x00, 0x00, 0x00, 0x00, 0x00, 0x00, 0x00, 0x00, 0x00, 0x00,
    0x00, 0x00, 0x00, 0x00, 0x28, 0xe8, 0xf8, 0x20, 0x28, 0xe8, 0xf8, 0x9e,
    0x28, 0xe8, 0xf0, 0xff, 0x28, 0xe8, 0xf8, 0xff, 0x28, 0xe8, 0xf8, 0xff,
    0x28, 0xe8, 0xf0, 0xdf, 0x28, 0xe8, 0xf8, 0x9e, 0x28, 0xe8, 0xf8, 0x20,
    0x00, 0x00, 0x00, 0x00, 0x00, 0x00, 0x00, 0x00, 0x00, 0x00, 0x00, 0x00,
    0x00, 0x00, 0x00, 0x00, 0x00, 0x00, 0x00, 0x00, 0x00, 0x00, 0x00, 0x00,
    0x00, 0x00, 0x00, 0x00, 0x00, 0x00, 0x00, 0x00, 0x00, 0x00, 0x00, 0x00,
    0x00, 0x00, 0x00, 0x00, 0x00, 0x00, 0x00, 0x00, 0x00, 0x00, 0x00, 0x00,
    0x00, 0x00, 0x00, 0x00, 0x00, 0x00, 0x00, 0x00, 0x00, 0x00, 0x00, 0x00,
    0x00, 0x00, 0x00, 0x00, 0x00, 0x00, 0x00, 0x00, 0x00, 0x00, 0x00, 0x00,
    0x00, 0x00, 0x00, 0x00, 0x00, 0x00, 0x00, 0x00, 0x00, 0x00, 0x00, 0x00,
    0x00, 0x00, 0x00, 0x00, 0x00, 0x00, 0x00, 0x00, 0x00, 0x00, 0x00, 0x00,
    0x00, 0x00, 0x00, 0x00, 0x00, 0x00, 0x00, 0x00, 0x28, 0xec, 0xf8, 0xdf,
    0x28, 0xe8, 0xf0, 0xff, 0x28, 0xe8, 0xf0, 0xff, 0x30, 0xec, 0xf8, 0xff,
    0x28, 0xec, 0xf8, 0xff, 0x28, 0xe8, 0xf0, 0xff, 0x28, 0xec, 0xf8, 0xff,
    0x28, 0xec, 0xf0, 0xff, 0x28, 0xe8, 0xf0, 0xff, 0x28, 0xec, 0xf8, 0xff,
    0x30, 0xe8, 0xf0, 0xff, 0x28, 0xec, 0xf8, 0xff, 0x28, 0xec, 0xf8, 0xff,
    0x30, 0xe8, 0xf0, 0xff, 0x28, 0xe8, 0xf8, 0x20, 0x00, 0x00, 0x00, 0x00,
    0x00, 0x00, 0x00, 0x00, 0x00, 0x00, 0x00, 0x00, 0x00, 0x00, 0x00, 0x00,
    0x00, 0x00, 0x00, 0x00, 0x00, 0x00, 0x00, 0x00, 0x00, 0x00, 0x00, 0x00,
    0x00, 0x00, 0x00, 0x00, 0x00, 0x00, 0x00, 0x00, 0x00, 0x00, 0x00, 0x00,
    0x28, 0xe8, 0xf0, 0x9e, 0x28, 0xe8, 0xf8, 0xff, 0x28, 0xec, 0xf0, 0xff,
    0x28, 0xe8, 0xf0, 0xff, 0x30, 0xe8, 0xf8, 0xff, 0x28, 0xec, 0xf0, 0xff,
    0x28, 0xe8, 0xf8, 0xff, 0x30, 0xec, 0xf0, 0xff, 0x28, 0xe8, 0xf0, 0xff,
    0x28, 0xec, 0xf8, 0xff, 0x30, 0xec, 0xf0, 0xff, 0x28, 0xe8, 0xf0, 0xff,
    0x28, 0xe8, 0xf8, 0xff, 0x28, 0xec, 0xf0, 0xff, 0x28, 0xe8, 0xf0, 0x82,
    0x00, 0x00, 0x00, 0x00, 0x00, 0x00, 0x00, 0x00, 0x00, 0x00, 0x00, 0x00,
    0x00, 0x00, 0x00, 0x00, 0x00, 0x00, 0x00, 0x00, 0x00, 0x00, 0x00, 0x00,
    0x00, 0x00, 0x00, 0x00, 0x00, 0x00, 0x00, 0x00, 0x00, 0x00, 0x00, 0x00,
    0x00, 0x00, 0x00, 0x00, 0x00, 0x00, 0x00, 0x00, 0x00, 0x00, 0x00, 0x00,
    0x00, 0x00, 0x00, 0x00, 0x00, 0x00, 0x00, 0x00, 0x00, 0x00, 0x00, 0x00,
    0x00, 0x00, 0x00, 0x00, 0x00, 0x00, 0x00, 0x00, 0x00, 0x00, 0x00, 0x00,
    0x00, 0x00, 0x00, 0x00, 0x00, 0x00, 0x00, 0x00, 0x00, 0x00, 0x00, 0x00,
    0x00, 0x00, 0x00, 0x00, 0x00, 0x00, 0x00, 0x00, 0x00, 0x00, 0x00, 0x00,
    0x00, 0x00, 0x00, 0x00, 0x30, 0xec, 0xf0, 0x41, 0x28, 0xe8, 0xf8, 0xff,
    0x28, 0xec, 0xf0, 0xff, 0x30, 0xec, 0xf0, 0xff, 0x28, 0xec, 0xf8, 0xff,
    0x28, 0xec, 0xf0, 0xff, 0x30, 0xec, 0xf0, 0xff, 0x28, 0xe8, 0xf8, 0xff,
    0x28, 0xe8, 0xf0, 0xdf, 0x28, 0xec, 0xf8, 0x61, 0x00, 0x00, 0x00, 0x00,
    0x00, 0x00, 0x00, 0x00, 0x00, 0x00, 0x00, 0x00, 0x00, 0x00, 0x00, 0x00,
    0x00, 0x00, 0x00, 0x00, 0x00, 0x00, 0x00, 0x00, 0x00, 0x00, 0x00, 0x00,
    0x00, 0x00, 0x00, 0x00, 0x00, 0x00, 0x00, 0x00, 0x00, 0x00, 0x00, 0x00,
    0x00, 0x00, 0x00, 0x00, 0x00, 0x00, 0x00, 0x00, 0x00, 0x00, 0x00, 0x00,
    0x00, 0x00, 0x00, 0x00, 0x00, 0x00, 0x00, 0x00, 0x00, 0x00, 0x00, 0x00,
    0x00, 0x00, 0x00, 0x00, 0x00, 0x00, 0x00, 0x00, 0x00, 0x00, 0x00, 0x00,
    0x00, 0x00, 0x00, 0x00, 0x00, 0x00, 0x00, 0x00, 0x00, 0x00, 0x00, 0x00,
    0x00, 0x00, 0x00, 0x00, 0x00, 0x00, 0x00, 0x00, 0x00, 0x00, 0x00, 0x00,
    0x30, 0xe8, 0xf0, 0x82, 0x28, 0xec, 0xf8, 0xff, 0x28, 0xec, 0xf0, 0xff,
    0x28, 0xe8, 0xf0, 0xff, 0x30, 0xe8, 0xf8, 0xff, 0x28, 0xec, 0xf0, 0xff,
    0x30, 0xe8, 0xf8, 0xff, 0x28, 0xe8, 0xf8, 0xff, 0x28, 0xec, 0xf0, 0xff,
    0x30, 0xe8, 0xf0, 0xff, 0x28, 0xec, 0xf8, 0xff, 0x28, 0xe8, 0xf0, 0xff,
    0x30, 0xe8, 0xf0, 0xff, 0x28, 0xec, 0xf8, 0xff, 0x28, 0xe8, 0xf8, 0x9e,
    0x00, 0x00, 0x00, 0x00, 0x00, 0x00, 0x00, 0x00, 0x00, 0x00, 0x00, 0x00,
    0x00, 0x00, 0x00, 0x00, 0x00, 0x00, 0x00, 0x00, 0x00, 0x00, 0x00, 0x00,
    0x00, 0x00, 0x00, 0x00, 0x00, 0x00, 0x00, 0x00, 0x00, 0x00, 0x00, 0x00,
    0x28, 0xe8, 0xf8, 0x20, 0x28, 0xe8, 0xf8, 0xff, 0x30, 0xec, 0xf0, 0xff,
    0x28, 0xec, 0xf8, 0xff, 0x28, 0xe8, 0xf0, 0xff, 0x28, 0xec, 0xf8, 0xff,
    0x28, 0xe8, 0xf0, 0xff, 0x28, 0xec, 0xf8, 0xff, 0x28, 0xe8, 0xf8, 0xff,
    0x28, 0xe8, 0xf0, 0xff, 0x28, 0xec, 0xf8, 0xff, 0x28, 0xec, 0xf8, 0xff,
    0x30, 0xe8, 0xf0, 0xff, 0x28, 0xec, 0xf8, 0xff, 0x28, 0xe8, 0xf8, 0xdf,
    0x00, 0x00, 0x00, 0x00, 0x00, 0x00, 0x00, 0x00, 0x00, 0x00, 0x00, 0x00,
    0x00, 0x00, 0x00, 0x00, 0x00, 0x00, 0x00, 0x00, 0x00, 0x00, 0x00, 0x00,
    0x00, 0x00, 0x00, 0x00, 0x00, 0x00, 0x00, 0x00, 0x00, 0x00, 0x00, 0x00,
    0x00, 0x00, 0x00, 0x00, 0x00, 0x00, 0x00, 0x00, 0x00, 0x00, 0x00, 0x00,
    0x00, 0x00, 0x00, 0x00, 0x00, 0x00, 0x00, 0x00, 0x00, 0x00, 0x00, 0x00,
    0x00, 0x00, 0x00, 0x00, 0x00, 0x00, 0x00, 0x00, 0x00, 0x00, 0x00, 0x00,
    0x00, 0x00, 0x00, 0x00, 0x00, 0x00, 0x00, 0x00, 0x00, 0x00, 0x00, 0x00,
    0x00, 0x00, 0x00, 0x00, 0x00, 0x00, 0x00, 0x00, 0x00, 0x00, 0x00, 0x00,
    0x00, 0x00, 0x00, 0x00, 0x00, 0x00, 0x00, 0x00, 0x28, 0xe8, 0xf8, 0xff,
    0x28, 0xec, 0xf0, 0xff, 0x28, 0xe8, 0xf8, 0xff, 0x30, 0xe8, 0xf8, 0xff,
    0x28, 0xec, 0xf0, 0xff, 0x28, 0xe8, 0xf8, 0xff, 0x30, 0xec, 0xf8, 0xff,
    0x28, 0xec, 0xf0, 0xff, 0x28, 0xe8, 0xf0, 0xff, 0x30, 0xe8, 0xf8, 0xdf,
    0x28, 0xe8, 0xf8, 0x20, 0x00, 0x00, 0x00, 0x00, 0x00, 0x00, 0x00, 0x00,
    0x00, 0x00, 0x00, 0x00, 0x00, 0x00, 0x00, 0x00, 0x00, 0x00, 0x00, 0x00,
    0x00, 0x00, 0x00, 0x00, 0x00, 0x00, 0x00, 0x00, 0x00, 0x00, 0x00, 0x00,
    0x00, 0x00, 0x00, 0x00, 0x00, 0x00, 0x00, 0x00, 0x00, 0x00, 0x00, 0x00,
    0x00, 0x00, 0x00, 0x00, 0x00, 0x00, 0x00, 0x00, 0x00, 0x00, 0x00, 0x00,
    0x00, 0x00, 0x00, 0x00, 0x00, 0x00, 0x00, 0x00, 0x00, 0x00, 0x00, 0x00,
    0x00, 0x00, 0x00, 0x00, 0x00, 0x00, 0x00, 0x00, 0x00, 0x00, 0x00, 0x00,
    0x00, 0x00, 0x00, 0x00, 0x00, 0x00, 0x00, 0x00, 0x00, 0x00, 0x00, 0x00,
    0x00, 0x00, 0x00, 0x00, 0x00, 0x00, 0x00, 0x00, 0x30, 0xe8, 0xf8, 0xdf,
    0x28, 0xec, 0xf8, 0xff, 0x28, 0xe8, 0xf0, 0xff, 0x28, 0xec, 0xf0, 0xff,
    0x28, 0xec, 0xf8, 0xff, 0x30, 0xe8, 0xf0, 0xff, 0x28, 0xec, 0xf8, 0xff,
    0x28, 0xec, 0xf8, 0xff, 0x28, 0xe8, 0xf0, 0xff, 0x28, 0xec, 0xf8, 0xff,
    0x28, 0xe8, 0xf8, 0xff, 0x28, 0xec, 0xf0, 0xff, 0x28, 0xec, 0xf0, 0xff,
    0x28, 0xe8, 0xf8, 0xff, 0x28, 0xe8, 0xf8, 0x20, 0x00, 0x00, 0x00, 0x00,
    0x00, 0x00, 0x00, 0x00, 0x00, 0x00, 0x00, 0x00, 0x00, 0x00, 0x00, 0x00,
    0x00, 0x00, 0x00, 0x00, 0x00, 0x00, 0x00, 0x00, 0x00, 0x00, 0x00, 0x00,
    0x00, 0x00, 0x00, 0x00, 0x28, 0xe8, 0xf0, 0xbe, 0x28, 0xec, 0xf8, 0xff,
    0x28, 0xe8, 0xf0, 0xff, 0x30, 0xe8, 0xf8, 0xff, 0x28, 0xec, 0xf8, 0xff,
    0x28, 0xec, 0xf0, 0xff, 0x30, 0xe8, 0xf0, 0xff, 0x30, 0xec, 0xf8, 0xff,
    0x28, 0xec, 0xf0, 0xff, 0x30, 0xe8, 0xf0, 0xff, 0x28, 0xe8, 0xf8, 0xff,
    0x28, 0xe8, 0xf0, 0xff, 0x28, 0xec, 0xf0, 0xff, 0x30, 0xec, 0xf8, 0xff,
    0x28, 0xe8, 0xf0, 0x7d, 0x00, 0x00, 0x00, 0x00, 0x00, 0x00, 0x00, 0x00,
    0x00, 0x00, 0x00, 0x00, 0x00, 0x00, 0x00, 0x00, 0x00, 0x00, 0x00, 0x00,
    0x00, 0x00, 0x00, 0x00, 0x00, 0x00, 0x00, 0x00, 0x00, 0x00, 0x00, 0x00,
    0x00, 0x00, 0x00, 0x00, 0x00, 0x00, 0x00, 0x00, 0x00, 0x00, 0x00, 0x00,
    0x00, 0x00, 0x00, 0x00, 0x00, 0x00, 0x00, 0x00, 0x00, 0x00, 0x00, 0x00,
    0x00, 0x00, 0x00, 0x00, 0x00, 0x00, 0x00, 0x00, 0x00, 0x00, 0x00, 0x00,
    0x00, 0x00, 0x00, 0x00, 0x00, 0x00, 0x00, 0x00, 0x00, 0x00, 0x00, 0x00,
    0x00, 0x00, 0x00, 0x00, 0x00, 0x00, 0x00, 0x00, 0x00, 0x00, 0x00, 0x00,
    0x00, 0x00, 0x00, 0x00, 0x00, 0x00, 0x00, 0x00, 0x28, 0xec, 0xf8, 0xbe,
    0x28, 0xe8, 0xf0, 0xff, 0x30, 0xec, 0xf0, 0xff, 0x28, 0xec, 0xf8, 0xff,
    0x28, 0xe8, 0xf0, 0xff, 0x28, 0xe8, 0xf0, 0xff, 0x28, 0xe8, 0xf8, 0xff,
    0x28, 0xec, 0xf8, 0xff, 0x28, 0xec, 0xf0, 0xff, 0x30, 0xe8, 0xf8, 0xff,
    0x28, 0xec, 0xf0, 0xff, 0x28, 0xe8, 0xf0, 0x9e, 0x00, 0x00, 0x00, 0x00,
    0x00, 0x00, 0x00, 0x00, 0x00, 0x00, 0x00, 0x00, 0x00, 0x00, 0x00, 0x00,
    0x00, 0x00, 0x00, 0x00, 0x00, 0x00, 0x00, 0x00, 0x00, 0x00, 0x00, 0x00,
    0x00, 0x00, 0x00, 0x00, 0x00, 0x00, 0x00, 0x00, 0x00, 0x00, 0x00, 0x00,
    0x00, 0x00, 0x00, 0x00, 0x00, 0x00, 0x00, 0x00, 0x00, 0x00, 0x00, 0x00,
    0x00, 0x00, 0x00, 0x00, 0x00, 0x00, 0x00, 0x00, 0x00, 0x00, 0x00, 0x00,
    0x00, 0x00, 0x00, 0x00, 0x00, 0x00, 0x00, 0x00, 0x00, 0x00, 0x00, 0x00,
    0x00, 0x00, 0x00, 0x00, 0x00, 0x00, 0x00, 0x00, 0x00, 0x00, 0x00, 0x00,
    0x00, 0x00, 0x00, 0x00, 0x00, 0x00, 0x00, 0x00, 0x00, 0x00, 0x00, 0x00,
    0x28, 0xe8, 0xf0, 0x7d, 0x28, 0xec, 0xf8, 0xff, 0x30, 0xe8, 0xf8, 0xff,
    0x28, 0xec, 0xf0, 0xff, 0x28, 0xe8, 0xf8, 0xff, 0x28, 0xe8, 0xf0, 0xff,
    0x30, 0xec, 0xf0, 0xff, 0x28, 0xe8, 0xf8, 0xff, 0x30, 0xe8, 0xf0, 0xff,
    0x28, 0xec, 0xf0, 0xff, 0x30, 0xe8, 0xf8, 0xff, 0x28, 0xec, 0xf8, 0xff,
    0x28, 0xe8, 0xf0, 0xff, 0x30, 0xec, 0xf0, 0xff, 0x28, 0xe8, 0xf0, 0xbe,
    0x00, 0x00, 0x00, 0x00, 0x00, 0x00, 0x00, 0x00, 0x00, 0x00, 0x00, 0x00,
    0x00, 0x00, 0x00, 0x00, 0x00, 0x00, 0x00, 0x00, 0x00, 0x00, 0x00, 0x00,
    0x00, 0x00, 0x00, 0x00, 0x28, 0xe8, 0xf8, 0x20, 0x28, 0xe8, 0xf0, 0xff,
    0x28, 0xec, 0xf8, 0xff, 0x28, 0xec, 0xf0, 0xff, 0x28, 0xe8, 0xf0, 0xff,
    0x30, 0xec, 0xf8, 0xff, 0x28, 0xe8, 0xf0, 0xff, 0x28, 0xe8, 0xf8, 0xff,
    0x28, 0xec, 0xf8, 0xff, 0x28, 0xec, 0xf0, 0xff, 0x28, 0xe8, 0xf8, 0xff,
    0x30, 0xec, 0xf8, 0xff, 0x28, 0xec, 0xf0, 0xff, 0x28, 0xe8, 0xf8, 0xff,
    0x28, 0xe8, 0xf0, 0xdf, 0x00, 0x00, 0x00, 0x00, 0x00, 0x00, 0x00, 0x00,
    0x00, 0x00, 0x00, 0x00, 0x00, 0x00, 0x00, 0x00, 0x00, 0x00, 0x00, 0x00,
    0x00, 0x00, 0x00, 0x00, 0x00, 0x00, 0x00, 0x00, 0x00, 0x00, 0x00, 0x00,
    0x00, 0x00, 0x00, 0x00, 0x00, 0x00, 0x00, 0x00, 0x00, 0x00, 0x00, 0x00,
    0x00, 0x00, 0x00, 0x00, 0x00, 0x00, 0x00, 0x00, 0x00, 0x00, 0x00, 0x00,
    0x00, 0x00, 0x00, 0x00, 0x00, 0x00, 0x00, 0x00, 0x00, 0x00, 0x00, 0x00,
    0x00, 0x00, 0x00, 0x00, 0x00, 0x00, 0x00, 0x00, 0x00, 0x00, 0x00, 0x00,
    0x00, 0x00, 0x00, 0x00, 0x00, 0x00, 0x00, 0x00, 0x00, 0x00, 0x00, 0x00,
    0x00, 0x00, 0x00, 0x00, 0x00, 0x00, 0x00, 0x00, 0x00, 0x00, 0x00, 0x00,
    0x28, 0xe8, 0xf8, 0xff, 0x30, 0xec, 0xf0, 0xff, 0x28, 0xe8, 0xf8, 0xff,
    0x28, 0xec, 0xf8, 0xff, 0x30, 0xec, 0xf0, 0xff, 0x28, 0xe8, 0xf8, 0xff,
    0x30, 0xec, 0xf0, 0xff, 0x28, 0xe8, 0xf0, 0xff, 0x28, 0xe8, 0xf8, 0xff,
    0x28, 0xec, 0xf8, 0xff, 0x28, 0xec, 0xf0, 0xff, 0x28, 0xe8, 0xf8, 0xdf,
    0x00, 0x00, 0x00, 0x00, 0x00, 0x00, 0x00, 0x00, 0x00, 0x00, 0x00, 0x00,
    0x00, 0x00, 0x00, 0x00, 0x00, 0x00, 0x00, 0x00, 0x00, 0x00, 0x00, 0x00,
    0x00, 0x00, 0x00, 0x00, 0x00, 0x00, 0x00, 0x00, 0x00, 0x00, 0x00, 0x00,
    0x00, 0x00, 0x00, 0x00, 0x00, 0x00, 0x00, 0x00, 0x00, 0x00, 0x00, 0x00,
    0x00, 0x00, 0x00, 0x00, 0x00, 0x00, 0x00, 0x00, 0x00, 0x00, 0x00, 0x00,
    0x00, 0x00, 0x00, 0x00, 0x00, 0x00, 0x00, 0x00, 0x00, 0x00, 0x00, 0x00,
    0x00, 0x00, 0x00, 0x00, 0x00, 0x00, 0x00, 0x00, 0x00, 0x00, 0x00, 0x00,
    0x00, 0x00, 0x00, 0x00, 0x00, 0x00, 0x00, 0x00, 0x00, 0x00, 0x00, 0x00,
    0x00, 0x00, 0x00, 0x00, 0x00, 0x00, 0x00, 0x00, 0x28, 0xe8, 0xf0, 0xdf,
    0x30, 0xec, 0xf8, 0xff, 0x28, 0xe8, 0xf0, 0xff, 0x28, 0xec, 0xf8, 0xff,
    0x28, 0xec, 0xf8, 0xff, 0x28, 0xe8, 0xf0, 0xff, 0x28, 0xec, 0xf8, 0xff,
    0x28, 0xec, 0xf8, 0xff, 0x30, 0xe8, 0xf0, 0xff, 0x28, 0xec, 0xf0, 0xff,
    0x28, 0xe8, 0xf8, 0xff, 0x30, 0xe8, 0xf8, 0xff, 0x28, 0xec, 0xf0, 0xff,
    0x28, 0xec, 0xf8, 0xff, 0x28, 0xe8, 0xf8, 0x20, 0x00, 0x00, 0x00, 0x00,
    0x00, 0x00, 0x00, 0x00, 0x00, 0x00, 0x00, 0x00, 0x00, 0x00, 0x00, 0x00,
    0x00, 0x00, 0x00, 0x00, 0x00, 0x00, 0x00, 0x00, 0x28, 0xe8, 0xf0, 0xbe,
    0x28, 0xec, 0xf8, 0xff, 0x30, 0xe8, 0xf8, 0xff, 0x28, 0xe8, 0xf0, 0xff,
    0x28, 0xec, 0xf8, 0xff, 0x28, 0xe8, 0xf0, 0xff, 0x28, 0xec, 0xf8, 0xff,
    0x28, 0xe8, 0xf0, 0xff, 0x30, 0xe8, 0xf0, 0xff, 0x28, 0xec, 0xf8, 0xff,
    0x28, 0xe8, 0xf0, 0xff, 0x28, 0xec, 0xf0, 0xff, 0x30, 0xec, 0xf8, 0xff,
    0x28, 0xe8, 0xf8, 0xff, 0x28, 0xec, 0xf0, 0x61, 0x00, 0x00, 0x00, 0x00,
    0x00, 0x00, 0x00, 0x00, 0x00, 0x00, 0x00, 0x00, 0x00, 0x00, 0x00, 0x00,
    0x00, 0x00, 0x00, 0x00, 0x00, 0x00, 0x00, 0x00, 0x00, 0x00, 0x00, 0x00,
    0x00, 0x00, 0x00, 0x00, 0x00, 0x00, 0x00, 0x00, 0x00, 0x00, 0x00, 0x00,
    0x00, 0x00, 0x00, 0x00, 0x00, 0x00, 0x00, 0x00, 0x00, 0x00, 0x00, 0x00,
    0x00, 0x00, 0x00, 0x00, 0x00, 0x00, 0x00, 0x00, 0x00, 0x00, 0x00, 0x00,
    0x00, 0x00, 0x00, 0x00, 0x00, 0x00, 0x00, 0x00, 0x00, 0x00, 0x00, 0x00,
    0x00, 0x00, 0x00, 0x00, 0x00, 0x00, 0x00, 0x00, 0x00, 0x00, 0x00, 0x00,
    0x00, 0x00, 0x00, 0x00, 0x00, 0x00, 0x00, 0x00, 0x00, 0x00, 0x00, 0x00,
    0x28, 0xe8, 0xf8, 0x20, 0x28, 0xe8, 0xf0, 0xff, 0x28, 0xec, 0xf8, 0xff,
    0x28, 0xe8, 0xf0, 0xff, 0x28, 0xe8, 0xf0, 0xff, 0x28, 0xec, 0xf8, 0xff,
    0x28, 0xec, 0xf8, 0xff, 0x30, 0xe8, 0xf0, 0xff, 0x28, 0xec, 0xf0, 0xff,
    0x28, 0xe8, 0xf8, 0xff, 0x30, 0xe8, 0xf0, 0xff, 0x28, 0xec, 0xf8, 0xff,
    0x30, 0xec, 0xf8, 0xff, 0x30, 0xec, 0xf0, 0x41, 0x00, 0x00, 0x00, 0x00,
    0x00, 0x00, 0x00, 0x00, 0x00, 0x00, 0x00, 0x00, 0x00, 0x00, 0x00, 0x00,
    0x00, 0x00, 0x00, 0x00, 0x00, 0x00, 0x00, 0x00, 0x00, 0x00, 0x00, 0x00,
    0x00, 0x00, 0x00, 0x00, 0x00, 0x00, 0x00, 0x00, 0x00, 0x00, 0x00, 0x00,
    0x00, 0x00, 0x00, 0x00, 0x00, 0x00, 0x00, 0x00, 0x00, 0x00, 0x00, 0x00,
    0x00, 0x00, 0x00, 0x00, 0x00, 0x00, 0x00, 0x00, 0x00, 0x00, 0x00, 0x00,
    0x00, 0x00, 0x00, 0x00, 0x00, 0x00, 0x00, 0x00, 0x00, 0x00, 0x00, 0x00,
    0x00, 0x00, 0x00, 0x00, 0x00, 0x00, 0x00, 0x00, 0x00, 0x00, 0x00, 0x00,
    0x00, 0x00, 0x00, 0x00, 0x00, 0x00, 0x00, 0x00, 0x00, 0x00, 0x00, 0x00,
    0x28, 0xe8, 0xf0, 0x7d, 0x28, 0xec, 0xf0, 0xff, 0x30, 0xe8, 0xf8, 0xff,
    0x28, 0xec, 0xf0, 0xff, 0x30, 0xe8, 0xf0, 0xff, 0x28, 0xe8, 0xf8, 0xff,
    0x28, 0xec, 0xf0, 0xff, 0x28, 0xe8, 0xf8, 0xff, 0x28, 0xe8, 0xf8, 0xff,
    0x28, 0xec, 0xf0, 0xff, 0x28, 0xec, 0xf0, 0xff, 0x28, 0xe8, 0xf8, 0xff,
    0x28, 0xe8, 0xf8, 0xff, 0x28, 0xec, 0xf0, 0xff, 0x28, 0xe8, 0xf8, 0xbe,
    0x00, 0x00, 0x00, 0x00, 0x00, 0x00, 0x00, 0x00, 0x00, 0x00, 0x00, 0x00,
    0x00, 0x00, 0x00, 0x00, 0x00, 0x00, 0x00, 0x00, 0x28, 0xe8, 0xf8, 0x20,
    0x28, 0xe8, 0xf0, 0xff, 0x28, 0xec, 0xf8, 0xff, 0x30, 0xec, 0xf0, 0xff,
    0x28, 0xe8, 0xf8, 0xff, 0x28, 0xec, 0xf0, 0xff, 0x30, 0xec, 0xf8, 0xff,
    0x28, 0xe8, 0xf8, 0xff, 0x28, 0xec, 0xf0, 0xff, 0x30, 0xec, 0xf8, 0xff,
    0x28, 0xe8, 0xf8, 0xff, 0x28, 0xe8, 0xf0, 0xff, 0x28, 0xe8, 0xf0, 0xff,
    0x30, 0xe8, 0xf8, 0xff, 0x28, 0xec, 0xf0, 0xdf, 0x00, 0x00, 0x00, 0x00,
    0x00, 0x00, 0x00, 0x00, 0x00, 0x00, 0x00, 0x00, 0x00, 0x00, 0x00, 0x00,
    0x00, 0x00, 0x00, 0x00, 0x00, 0x00, 0x00, 0x00, 0x00, 0x00, 0x00, 0x00,
    0x00, 0x00, 0x00, 0x00, 0x00, 0x00, 0x00, 0x00, 0x00, 0x00, 0x00, 0x00,
    0x00, 0x00, 0x00, 0x00, 0x00, 0x00, 0x00, 0x00, 0x00, 0x00, 0x00, 0x00,
    0x00, 0x00, 0x00, 0x00, 0x00, 0x00, 0x00, 0x00, 0x00, 0x00, 0x00, 0x00,
    0x00, 0x00, 0x00, 0x00, 0x00, 0x00, 0x00, 0x00, 0x00, 0x00, 0x00, 0x00,
    0x00, 0x00, 0x00, 0x00, 0x00, 0x00, 0x00, 0x00, 0x00, 0x00, 0x00, 0x00,
    0x00, 0x00, 0x00, 0x00, 0x00, 0x00, 0x00, 0x00, 0x00, 0x00, 0x00, 0x00,
    0x00, 0x00, 0x00, 0x00, 0x28, 0xe8, 0xf8, 0x20, 0x30, 0xec, 0xf0, 0xff,
    0x28, 0xe8, 0xf8, 0xff, 0x30, 0xec, 0xf8, 0xff, 0x28, 0xe8, 0xf0, 0xff,
    0x28, 0xe8, 0xf0, 0xff, 0x28, 0xec, 0xf8, 0xff, 0x28, 0xe8, 0xf8, 0xff,
    0x28, 0xec, 0xf0, 0xff, 0x30, 0xec, 0xf8, 0xff, 0x28, 0xe8, 0xf0, 0xff,
    0x28, 0xe8, 0xf0, 0xff, 0x28, 0xe8, 0xf8, 0xff, 0x28, 0xe8, 0xf8, 0x20,
    0x00, 0x00, 0x00, 0x00, 0x00, 0x00, 0x00, 0x00, 0x00, 0x00, 0x00, 0x00,
    0x00, 0x00, 0x00, 0x00, 0x00, 0x00, 0x00, 0x00, 0x00, 0x00, 0x00, 0x00,
    0x00, 0x00, 0x00, 0x00, 0x00, 0x00, 0x00, 0x00, 0x00, 0x00, 0x00, 0x00,
    0x00, 0x00, 0x00, 0x00, 0x00, 0x00, 0x00, 0x00, 0x00, 0x00, 0x00, 0x00,
    0x00, 0x00, 0x00, 0x00, 0x00, 0x00, 0x00, 0x00, 0x00, 0x00, 0x00, 0x00,
    0x00, 0x00, 0x00, 0x00, 0x00, 0x00, 0x00, 0x00, 0x00, 0x00, 0x00, 0x00,
    0x00, 0x00, 0x00, 0x00, 0x00, 0x00, 0x00, 0x00, 0x00, 0x00, 0x00, 0x00,
    0x00, 0x00, 0x00, 0x00, 0x00, 0x00, 0x00, 0x00, 0x00, 0x00, 0x00, 0x00,
    0x00, 0x00, 0x00, 0x00, 0x00, 0x00, 0x00, 0x00, 0x28, 0xec, 0xf8, 0xdf,
    0x28, 0xe8, 0xf8, 0xff, 0x28, 0xe8, 0xf0, 0xff, 0x30, 0xec, 0xf8, 0xff,
    0x28, 0xec, 0xf0, 0xff, 0x30, 0xe8, 0xf0, 0xff, 0x30, 0xec, 0xf0, 0xff,
    0x28, 0xe8, 0xf8, 0xff, 0x28, 0xec, 0xf8, 0xff, 0x30, 0xec, 0xf0, 0xff,
    0x28, 0xe8, 0xf0, 0xff, 0x30, 0xec, 0xf8, 0xff, 0x28, 0xe8, 0xf0, 0xff,
    0x28, 0xe8, 0xf0, 0xff, 0x28, 0xe8, 0xf8, 0x20, 0x00, 0x00, 0x00, 0x00,
    0x00, 0x00, 0x00, 0x00, 0x00, 0x00, 0x00, 0x00, 0x00, 0x00, 0x00, 0x00,
    0x28, 0xe8, 0xf0, 0x7d, 0x28, 0xe8, 0xf8, 0xff, 0x28, 0xec, 0xf0, 0xff,
    0x28, 0xe8, 0xf8, 0xff, 0x28, 0xe8, 0xf0, 0xff, 0x30, 0xec, 0xf0, 0xff,
    0x28, 0xe8, 0xf8, 0xff, 0x28, 0xe8, 0xf0, 0xff, 0x30, 0xec, 0xf0, 0xff,
    0x28, 0xec, 0xf8, 0xff, 0x28, 0xe8, 0xf8, 0xff, 0x30, 0xec, 0xf0, 0xff,
    0x28, 0xec, 0xf8, 0xff, 0x28, 0xe8, 0xf8, 0xff, 0x30, 0xec, 0xf0, 0x41,
    0x00, 0x00, 0x00, 0x00, 0x00, 0x00, 0x00, 0x00, 0x00, 0x00, 0x00, 0x00,
    0x00, 0x00, 0x00, 0x00, 0x00, 0x00, 0x00, 0x00, 0x00, 0x00, 0x00, 0x00,
    0x00, 0x00, 0x00, 0x00, 0x00, 0x00, 0x00, 0x00, 0x00, 0x00, 0x00, 0x00,
    0x00, 0x00, 0x00, 0x00, 0x00, 0x00, 0x00, 0x00, 0x00, 0x00, 0x00, 0x00,
    0x00, 0x00, 0x00, 0x00, 0x00, 0x00, 0x00, 0x00, 0x00, 0x00, 0x00, 0x00,
    0x00, 0x00, 0x00, 0x00, 0x00, 0x00, 0x00, 0x00, 0x00, 0x00, 0x00, 0x00,
    0x00, 0x00, 0x00, 0x00, 0x00, 0x00, 0x00, 0x00, 0x00, 0x00, 0x00, 0x00,
    0x00, 0x00, 0x00, 0x00, 0x00, 0x00, 0x00, 0x00, 0x00, 0x00, 0x00, 0x00,
    0x00, 0x00, 0x00, 0x00, 0x00, 0x00, 0x00, 0x00, 0x00, 0x00, 0x00, 0x00,
    0x28, 0xe8, 0xf8, 0xff, 0x28, 0xec, 0xf0, 0xff, 0x28, 0xec, 0xf8, 0xff,
    0x30, 0xe8, 0xf8, 0xff, 0x30, 0xec, 0xf0, 0xff, 0x28, 0xe8, 0xf0, 0xff,
    0x28, 0xe8, 0xf8, 0xff, 0x30, 0xec, 0xf8, 0xff, 0x28, 0xec, 0xf0, 0xff,
    0x28, 0xe8, 0xf8, 0xff, 0x28, 0xec, 0xf0, 0xff, 0x28, 0xec, 0xf0, 0xff,
    0x00, 0x00, 0x00, 0x00, 0x00, 0x00, 0x00, 0x00, 0x00, 0x00, 0x00, 0x00,
    0x00, 0x00, 0x00, 0x00, 0x00, 0x00, 0x00, 0x00, 0x00, 0x00, 0x00, 0x00,
    0x00, 0x00, 0x00, 0x00, 0x00, 0x00, 0x00, 0x00, 0x00, 0x00, 0x00, 0x00,
    0x00, 0x00, 0x00, 0x00, 0x00, 0x00, 0x00, 0x00, 0x00, 0x00, 0x00, 0x00,
    0x00, 0x00, 0x00, 0x00, 0x00, 0x00, 0x00, 0x00, 0x00, 0x00, 0x00, 0x00,
    0x00, 0x00, 0x00, 0x00, 0x00, 0x00, 0x00, 0x00, 0x00, 0x00, 0x00, 0x00,
    0x00, 0x00, 0x00, 0x00, 0x00, 0x00, 0x00, 0x00, 0x00, 0x00, 0x00, 0x00,
    0x00, 0x00, 0x00, 0x00, 0x00, 0x00, 0x00, 0x00, 0x00, 0x00, 0x00, 0x00,
    0x00, 0x00, 0x00, 0x00, 0x00, 0x00, 0x00, 0x00, 0x00, 0x00, 0x00, 0x00,
    0x30, 0xec, 0xf8, 0x61, 0x28, 0xe8, 0xf0, 0xff, 0x28, 0xec, 0xf8, 0xff,
    0x28, 0xec, 0xf8, 0xff, 0x28, 0xe8, 0xf8, 0xff, 0x28, 0xec, 0xf0, 0xff,
    0x28, 0xe8, 0xf8, 0xff, 0x28, 0xec, 0xf0, 0xff, 0x30, 0xe8, 0xf8, 0xff,
    0x28, 0xe8, 0xf8, 0xff, 0x28, 0xec, 0xf0, 0xff, 0x30, 0xec, 0xf8, 0xff,
    0x28, 0xe8, 0xf8, 0xff, 0x28, 0xec, 0xf0, 0xff, 0x30, 0xec, 0xf8, 0x9e,
    0x00, 0x00, 0x00, 0x00, 0x00, 0x00, 0x00, 0x00, 0x00, 0x00, 0x00, 0x00,
    0x28, 0xe8, 0xf8, 0x20, 0x28, 0xe8, 0xf8, 0xff, 0x30, 0xec, 0xf0, 0xff,
    0x28, 0xec, 0xf8, 0xff, 0x28, 0xe8, 0xf8, 0xff, 0x30, 0xec, 0xf0, 0xff,
    0x28, 0xec, 0xf8, 0xff, 0x28, 0xe8, 0xf8, 0xff, 0x28, 0xe8, 0xf0, 0xff,
    0x28, 0xec, 0xf0, 0xff, 0x28, 0xe8, 0xf8, 0xff, 0x28, 0xe8, 0xf0, 0xff,
    0x30, 0xec, 0xf0, 0xff, 0x28, 0xec, 0xf8, 0xff, 0x28, 0xe8, 0xf0, 0xdf,
    0x00, 0x00, 0x00, 0x00, 0x00, 0x00, 0x00, 0x00, 0x00, 0x00, 0x00, 0x00,
    0x00, 0x00, 0x00, 0x00, 0x00, 0x00, 0x00, 0x00, 0x00, 0x00, 0x00, 0x00,
    0x00, 0x00, 0x00, 0x00, 0x00, 0x00, 0x00, 0x00, 0x00, 0x00, 0x00, 0x00,
    0x00, 0x00, 0x00, 0x00, 0x00, 0x00, 0x00, 0x00, 0x00, 0x00, 0x00, 0x00,
    0x00, 0x00, 0x00, 0x00, 0x00, 0x00, 0x00, 0x00, 0x00, 0x00, 0x00, 0x00,
    0x00, 0x00, 0x00, 0x00, 0x00, 0x00, 0x00, 0x00, 0x00, 0x00, 0x00, 0x00,
    0x00, 0x00, 0x00, 0x00, 0x00, 0x00, 0x00, 0x00, 0x00, 0x00, 0x00, 0x00,
    0x00, 0x00, 0x00, 0x00, 0x00, 0x00, 0x00, 0x00, 0x00, 0x00, 0x00, 0x00,
    0x00, 0x00, 0x00, 0x00, 0x00, 0x00, 0x00, 0x00, 0x00, 0x00, 0x00, 0x00,
    0x00, 0x00, 0x00, 0x00, 0x28, 0xe8, 0xf0, 0x9e, 0x28, 0xe8, 0xf0, 0xff,
    0x28, 0xec, 0xf0, 0xff, 0x28, 0xec, 0xf8, 0xff, 0x28, 0xe8, 0xf8, 0xff,
    0x28, 0xec, 0xf0, 0xff, 0x30, 0xec, 0xf0, 0xff, 0x28, 0xe8, 0xf8, 0xff,
    0x28, 0xe8, 0xf0, 0xff, 0x30, 0xec, 0xf8, 0xff, 0x28, 0xe8, 0xf8, 0xff,
    0x30, 0xe8, 0xf0, 0x9e, 0x00, 0x00, 0x00, 0x00, 0x00, 0x00, 0x00, 0x00,
    0x00, 0x00, 0x00, 0x00, 0x00, 0x00, 0x00, 0x00, 0x00, 0x00, 0x00, 0x00,
    0x00, 0x00, 0x00, 0x00, 0x00, 0x00, 0x00, 0x00, 0x00, 0x00, 0x00, 0x00,
    0x00, 0x00, 0x00, 0x00, 0x00, 0x00, 0x00, 0x00, 0x00, 0x00, 0x00, 0x00,
    0x00, 0x00, 0x00, 0x00, 0x00, 0x00, 0x00, 0x00, 0x00, 0x00, 0x00, 0x00,
    0x00, 0x00, 0x00, 0x00, 0x00, 0x00, 0x00, 0x00, 0x00, 0x00, 0x00, 0x00,
    0x00, 0x00, 0x00, 0x00, 0x00, 0x00, 0x00, 0x00, 0x00, 0x00, 0x00, 0x00,
    0x00, 0x00, 0x00, 0x00, 0x00, 0x00, 0x00, 0x00, 0x00, 0x00, 0x00, 0x00,
    0x00, 0x00, 0x00, 0x00, 0x00, 0x00, 0x00, 0x00, 0x00, 0x00, 0x00, 0x00,
    0x00, 0x00, 0x00, 0x00, 0x00, 0x00, 0x00, 0x00, 0x28, 0xe8, 0xf0, 0xdf,
    0x30, 0xec, 0xf0, 0xff, 0x28, 0xe8, 0xf0, 0xff, 0x28, 0xe8, 0xf8, 0xff,
    0x28, 0xec, 0xf8, 0xff, 0x28, 0xe8, 0xf0, 0xff, 0x30, 0xec, 0xf0, 0xff,
    0x28, 0xe8, 0xf0, 0xff, 0x28, 0xe8, 0xf8, 0xff, 0x28, 0xec, 0xf0, 0xff,
    0x28, 0xe8, 0xf0, 0xff, 0x28, 0xe8, 0xf8, 0xff, 0x30, 0xec, 0xf0, 0xff,
    0x28, 0xe8, 0xf0, 0xff, 0x28, 0xe8, 0xf8, 0x20, 0x00, 0x00, 0x00, 0x00,
    0x00, 0x00, 0x00, 0x00, 0x28, 0xe8, 0xf0, 0x7d, 0x28, 0xec, 0xf0, 0xff,
    0x28, 0xe8, 0xf8, 0xff, 0x30, 0xe8, 0xf0, 0xff, 0x28, 0xec, 0xf0, 0xff,
    0x28, 0xe8, 0xf8, 0xff, 0x28, 0xec, 0xf0, 0xff, 0x30, 0xec, 0xf8, 0xff,
    0x28, 0xe8, 0xf8, 0xff, 0x30, 0xec, 0xf0, 0xff, 0x28, 0xec, 0xf8, 0xff,
    0x28, 0xe8, 0xf0, 0xff, 0x28, 0xe8, 0xf8, 0xff, 0x28, 0xec, 0xf8, 0xff,
    0x30, 0xec, 0xf0, 0x41, 0x00, 0x00, 0x00, 0x00, 0x00, 0x00, 0x00, 0x00,
    0x00, 0x00, 0x00, 0x00, 0x00, 0x00, 0x00, 0x00, 0x00, 0x00, 0x00, 0x00,
    0x00, 0x00, 0x00, 0x00, 0x00, 0x00, 0x00, 0x00, 0x00, 0x00, 0x00, 0x00,
    0x00, 0x00, 0x00, 0x00, 0x00, 0x00, 0x00, 0x00, 0x00, 0x00, 0x00, 0x00,
    0x00, 0x00, 0x00, 0x00, 0x00, 0x00, 0x00, 0x00, 0x00, 0x00, 0x00, 0x00,
    0x00, 0x00, 0x00, 0x00, 0x00, 0x00, 0x00, 0x00, 0x00, 0x00, 0x00, 0x00,
    0x00, 0x00, 0x00, 0x00, 0x00, 0x00, 0x00, 0x00, 0x00, 0x00, 0x00, 0x00,
    0x00, 0x00, 0x00, 0x00, 0x00, 0x00, 0x00, 0x00, 0x00, 0x00, 0x00, 0x00,
    0x00, 0x00, 0x00, 0x00, 0x00, 0x00, 0x00, 0x00, 0x00, 0x00, 0x00, 0x00,
    0x00, 0x00, 0x00, 0x00, 0x00, 0x00, 0x00, 0x00, 0x28, 0xe8, 0xf8, 0x20,
    0x30, 0xe8, 0xf8, 0xff, 0x28, 0xe8, 0xf0, 0xff, 0x28, 0xec, 0xf0, 0xff,
    0x28, 0xe8, 0xf8, 0xff, 0x30, 0xec, 0xf8, 0xff, 0x28, 0xe8, 0xf0, 0xff,
    0x28, 0xe8, 0xf0, 0xff, 0x28, 0xec, 0xf8, 0xff, 0x28, 0xec, 0xf0, 0xff,
    0x28, 0xe8, 0xf8, 0xff, 0x00, 0x00, 0x00, 0x00, 0x00, 0x00, 0x00, 0x00,
    0x00, 0x00, 0x00, 0x00, 0x00, 0x00, 0x00, 0x00, 0x00, 0x00, 0x00, 0x00,
    0x00, 0x00, 0x00, 0x00, 0x00, 0x00, 0x00, 0x00, 0x00, 0x00, 0x00, 0x00,
    0x00, 0x00, 0x00, 0x00, 0x00, 0x00, 0x00, 0x00, 0x00, 0x00, 0x00, 0x00,
    0x00, 0x00, 0x00, 0x00, 0x00, 0x00, 0x00, 0x00, 0x00, 0x00, 0x00, 0x00,
    0x00, 0x00, 0x00, 0x00, 0x00, 0x00, 0x00, 0x00, 0x00, 0x00, 0x00, 0x00,
    0x00, 0x00, 0x00, 0x00, 0x00, 0x00, 0x00, 0x00, 0x00, 0x00, 0x00, 0x00,
    0x00, 0x00, 0x00, 0x00, 0x00, 0x00, 0x00, 0x00, 0x00, 0x00, 0x00, 0x00,
    0x00, 0x00, 0x00, 0x00, 0x00, 0x00, 0x00, 0x00, 0x00, 0x00, 0x00, 0x00,
    0x00, 0x00, 0x00, 0x00, 0x00, 0x00, 0x00, 0x00, 0x00, 0x00, 0x00, 0x00,
    0x30, 0xec, 0xf0, 0x41, 0x28, 0xe8, 0xf8, 0xff, 0x28, 0xec, 0xf0, 0xff,
    0x30, 0xec, 0xf0, 0xff, 0x30, 0xe8, 0xf8, 0xff, 0x28, 0xec, 0xf8, 0xff,
    0x28, 0xec, 0xf0, 0xff, 0x28, 0xec, 0xf8, 0xff, 0x30, 0xe8, 0xf8, 0xff,
    0x28, 0xec, 0xf0, 0xff, 0x28, 0xec, 0xf8, 0xff, 0x30, 0xe8, 0xf8, 0xff,
    0x28, 0xe8, 0xf0, 0xff, 0x28, 0xec, 0xf8, 0xff, 0x28, 0xe8, 0xf0, 0x82,
    0x00, 0x00, 0x00, 0x00, 0x00, 0x00, 0x00, 0x00, 0x28, 0xe8, 0xf8, 0xff,
    0x28, 0xec, 0xf0, 0xff, 0x28, 0xe8, 0xf8, 0xff, 0x28, 0xec, 0xf0, 0xff,
    0x30, 0xe8, 0xf8, 0xff, 0x28, 0xe8, 0xf0, 0xff, 0x28, 0xec, 0xf0, 0xff,
    0x28, 0xe8, 0xf8, 0xff, 0x30, 0xe8, 0xf0, 0xff, 0x28, 0xec, 0xf8, 0xff,
    0x28, 0xec, 0xf0, 0xff, 0x30, 0xe8, 0xf8, 0xff, 0x28, 0xec, 0xf0, 0xff,
    0x28, 0xe8, 0xf0, 0xbe, 0x00, 0x00, 0x00, 0x00, 0x00, 0x00, 0x00, 0x00,
    0x00, 0x00, 0x00, 0x00, 0x00, 0x00, 0x00, 0x00, 0x00, 0x00, 0x00, 0x00,
    0x00, 0x00, 0x00, 0x00, 0x00, 0x00, 0x00, 0x00, 0x00, 0x00, 0x00, 0x00,
    0x00, 0x00, 0x00, 0x00, 0x00, 0x00, 0x00, 0x00, 0x00, 0x00, 0x00, 0x00,
    0x00, 0x00, 0x00, 0x00, 0x00, 0x00, 0x00, 0x00, 0x00, 0x00, 0x00, 0x00,
    0x00, 0x00, 0x00, 0x00, 0x00, 0x00, 0x00, 0x00, 0x00, 0x00, 0x00, 0x00,
    0x00, 0x00, 0x00, 0x00, 0x00, 0x00, 0x00, 0x00, 0x00, 0x00, 0x00, 0x00,
    0x00, 0x00, 0x00, 0x00, 0x00, 0x00, 0x00, 0x00, 0x00, 0x00, 0x00, 0x00,
    0x00, 0x00, 0x00, 0x00, 0x00, 0x00, 0x00, 0x00, 0x00, 0x00, 0x00, 0x00,
    0x00, 0x00, 0x00, 0x00, 0x00, 0x00, 0x00, 0x00, 0x00, 0x00, 0x00, 0x00,
    0x00, 0x00, 0x00, 0x00, 0x28, 0xec, 0xf8, 0x61, 0x30, 0xec, 0xf8, 0xff,
    0x28, 0xe8, 0xf0, 0xff, 0x30, 0xec, 0xf0, 0xff, 0x28, 0xe8, 0xf8, 0xff,
    0x28, 0xec, 0xf8, 0xff, 0x30, 0xec, 0xf0, 0xff, 0x28, 0xe8, 0xf8, 0xff,
    0x28, 0xec, 0xf0, 0xdf, 0x30, 0xec, 0xf0, 0x41, 0x00, 0x00, 0x00, 0x00,
    0x00, 0x00, 0x00, 0x00, 0x00, 0x00, 0x00, 0x00, 0x00, 0x00, 0x00, 0x00,
    0x00, 0x00, 0x00, 0x00, 0x00, 0x00, 0x00, 0x00, 0x00, 0x00, 0x00, 0x00,
    0x00, 0x00, 0x00, 0x00, 0x00, 0x00, 0x00, 0x00, 0x00, 0x00, 0x00, 0x00,
    0x00, 0x00, 0x00, 0x00, 0x00, 0x00, 0x00, 0x00, 0x00, 0x00, 0x00, 0x00,
    0x00, 0x00, 0x00, 0x00, 0x00, 0x00, 0x00, 0x00, 0x00, 0x00, 0x00, 0x00,
    0x00, 0x00, 0x00, 0x00, 0x00, 0x00, 0x00, 0x00, 0x00, 0x00, 0x00, 0x00,
    0x00, 0x00, 0x00, 0x00, 0x00, 0x00, 0x00, 0x00, 0x00, 0x00, 0x00, 0x00,
    0x00, 0x00, 0x00, 0x00, 0x00, 0x00, 0x00, 0x00, 0x00, 0x00, 0x00, 0x00,
    0x00, 0x00, 0x00, 0x00, 0x00, 0x00, 0x00, 0x00, 0x00, 0x00, 0x00, 0x00,
    0x00, 0x00, 0x00, 0x00, 0x00, 0x00, 0x00, 0x00, 0x28, 0xe8, 0xf8, 0xbe,
    0x28, 0xec, 0xf8, 0xff, 0x28, 0xe8, 0xf0, 0xff, 0x28, 0xe8, 0xf0, 0xff,
    0x28, 0xe8, 0xf8, 0xff, 0x28, 0xec, 0xf0, 0xff, 0x30, 0xe8, 0xf8, 0xff,
    0x28, 0xe8, 0xf0, 0xff, 0x28, 0xec, 0xf0, 0xff, 0x30, 0xec, 0xf8, 0xff,
    0x28, 0xe8, 0xf0, 0xff, 0x28, 0xec, 0xf8, 0xff, 0x28, 0xe8, 0xf8, 0xff,
    0x28, 0xe8, 0xf0, 0xdf, 0x28, 0xe8, 0xf8, 0x20, 0x28, 0xe8, 0xf8, 0x20,
    0x28, 0xe8, 0xf0, 0xff, 0x30, 0xec, 0xf8, 0xff, 0x28, 0xec, 0xf0, 0xff,
    0x28, 0xe8, 0xf8, 0xff, 0x28, 0xec, 0xf8, 0xff, 0x30, 0xec, 0xf0, 0xff,
    0x28, 0xe8, 0xf8, 0xff, 0x28, 0xec, 0xf0, 0xff, 0x28, 0xe8, 0xf0, 0xff,
    0x28, 0xe8, 0xf8, 0xff, 0x28, 0xec, 0xf8, 0xff, 0x30, 0xe8, 0xf0, 0xff,
    0x28, 0xec, 0xf8, 0xff, 0x28, 0xe8, 0xf8, 0x20, 0x00, 0x00, 0x00, 0x00,
    0x00, 0x00, 0x00, 0x00, 0x00, 0x00, 0x00, 0x00, 0x00, 0x00, 0x00, 0x00,
    0x00, 0x00, 0x00, 0x00, 0x00, 0x00, 0x00, 0x00, 0x00, 0x00, 0x00, 0x00,
    0x00, 0x00, 0x00, 0x00, 0x00, 0x00, 0x00, 0x00, 0x00, 0x00, 0x00, 0x00,
    0x00, 0x00, 0x00, 0x00, 0x00, 0x00, 0x00, 0x00, 0x00, 0x00, 0x00, 0x00,
    0x00, 0x00, 0x00, 0x00, 0x00, 0x00, 0x00, 0x00, 0x00, 0x00, 0x00, 0x00,
    0x00, 0x00, 0x00, 0x00, 0x00, 0x00, 0x00, 0x00, 0x00, 0x00, 0x00, 0x00,
    0x00, 0x00, 0x00, 0x00, 0x00, 0x00, 0x00, 0x00, 0x00, 0x00, 0x00, 0x00,
    0x00, 0x00, 0x00, 0x00, 0x00, 0x00, 0x00, 0x00, 0x00, 0x00, 0x00, 0x00,
    0x00, 0x00, 0x00, 0x00, 0x00, 0x00, 0x00, 0x00, 0x00, 0x00, 0x00, 0x00,
    0x00, 0x00, 0x00, 0x00, 0x00, 0x00, 0x00, 0x00, 0x00, 0x00, 0x00, 0x00,
    0x28, 0xe8, 0xf8, 0x20, 0x28, 0xe8, 0xf0, 0x7d, 0x28, 0xe8, 0xf8, 0xff,
    0x28, 0xec, 0xf0, 0xff, 0x28, 0xe8, 0xf0, 0xff, 0x28, 0xe8, 0xf8, 0xdf,
    0x28, 0xec, 0xf8, 0xbe, 0x00, 0x00, 0x00, 0x00, 0x00, 0x00, 0x00, 0x00,
    0x00, 0x00, 0x00, 0x00, 0x00, 0x00, 0x00, 0x00, 0x00, 0x00, 0x00, 0x00,
    0x00, 0x00, 0x00, 0x00, 0x00, 0x00, 0x00, 0x00, 0x00, 0x00, 0x00, 0x00,
    0x00, 0x00, 0x00, 0x00, 0x00, 0x00, 0x00, 0x00, 0x00, 0x00, 0x00, 0x00,
    0x00, 0x00, 0x00, 0x00, 0x00, 0x00, 0x00, 0x00, 0x00, 0x00, 0x00, 0x00,
    0x00, 0x00, 0x00, 0x00, 0x00, 0x00, 0x00, 0x00, 0x00, 0x00, 0x00, 0x00,
    0x00, 0x00, 0x00, 0x00, 0x00, 0x00, 0x00, 0x00, 0x00, 0x00, 0x00, 0x00,
    0x00, 0x00, 0x00, 0x00, 0x00, 0x00, 0x00, 0x00, 0x00, 0x00, 0x00, 0x00,
    0x00, 0x00, 0x00, 0x00, 0x00, 0x00, 0x00, 0x00, 0x00, 0x00, 0x00, 0x00,
    0x00, 0x00, 0x00, 0x00, 0x00, 0x00, 0x00, 0x00, 0x00, 0x00, 0x00, 0x00,
    0x00, 0x00, 0x00, 0x00, 0x00, 0x00, 0x00, 0x00, 0x00, 0x00, 0x00, 0x00,
    0x30, 0xec, 0xf0, 0x41, 0x28, 0xe8, 0xf8, 0xff, 0x28, 0xec, 0xf8, 0xff,
    0x30, 0xec, 0xf0, 0xff, 0x28, 0xe8, 0xf8, 0xff, 0x28, 0xec, 0xf0, 0xff,
    0x28, 0xe8, 0xf8, 0xff, 0x28, 0xe8, 0xf8, 0xff, 0x28, 0xec, 0xf0, 0xff,
    0x28, 0xe8, 0xf0, 0xff, 0x28, 0xec, 0xf8, 0xff, 0x30, 0xec, 0xf0, 0xff,
    0x28, 0xe8, 0xf0, 0xff, 0x28, 0xec, 0xf8, 0xff, 0x28, 0xe8, 0xf8, 0x20,
    0x28, 0xe8, 0xf0, 0x61, 0x28, 0xec, 0xf8, 0xff, 0x30, 0xe8, 0xf0, 0xff,
    0x28, 0xe8, 0xf8, 0xff, 0x28, 0xec, 0xf0, 0xff, 0x30, 0xe8, 0xf0, 0xff,
    0x28, 0xe8, 0xf8, 0xff, 0x28, 0xec, 0xf8, 0xff, 0x30, 0xec, 0xf0, 0xff,
    0x28, 0xe8, 0xf8, 0xff, 0x28, 0xec, 0xf0, 0xff, 0x30, 0xe8, 0xf0, 0xff,
    0x28, 0xe8, 0xf8, 0xff, 0x28, 0xec, 0xf0, 0xbe, 0x00, 0x00, 0x00, 0x00,
    0x00, 0x00, 0x00, 0x00, 0x00, 0x00, 0x00, 0x00, 0x00, 0x00, 0x00, 0x00,
    0x00, 0x00, 0x00, 0x00, 0x00, 0x00, 0x00, 0x00, 0x00, 0x00, 0x00, 0x00,
    0x00, 0x00, 0x00, 0x00, 0x00, 0x00, 0x00, 0x00, 0x00, 0x00, 0x00, 0x00,
    0x00, 0x00, 0x00, 0x00, 0x00, 0x00, 0x00, 0x00, 0x00, 0x00, 0x00, 0x00,
    0x00, 0x00, 0x00, 0x00, 0x00, 0x00, 0x00, 0x00, 0x00, 0x00, 0x00, 0x00,
    0x00, 0x00, 0x00, 0x00, 0x00, 0x00, 0x00, 0x00, 0x00, 0x00, 0x00, 0x00,
    0x00, 0x00, 0x00, 0x00, 0x00, 0x00, 0x00, 0x00, 0x00, 0x00, 0x00, 0x00,
    0x00, 0x00, 0x00, 0x00, 0x00, 0x00, 0x00, 0x00, 0x00, 0x00, 0x00, 0x00,
    0x00, 0x00, 0x00, 0x00, 0x00, 0x00, 0x00, 0x00, 0x00, 0x00, 0x00, 0x00,
    0x00, 0x00, 0x00, 0x00, 0x00, 0x00, 0x00, 0x00, 0x00, 0x00, 0x00, 0x00,
    0x00, 0x00, 0x00, 0x00, 0x00, 0x00, 0x00, 0x00, 0x00, 0x00, 0x00, 0x00,
    0x00, 0x00, 0x00, 0x00, 0x28, 0xe8, 0xf8, 0x20, 0x30, 0xec, 0xf0, 0x41,
    0x00, 0x00, 0x00, 0x00, 0x00, 0x00, 0x00, 0x00, 0x00, 0x00, 0x00, 0x00,
    0x00, 0x00, 0x00, 0x00, 0x00, 0x00, 0x00, 0x00, 0x00, 0x00, 0x00, 0x00,
    0x00, 0x00, 0x00, 0x00, 0x00, 0x00, 0x00, 0x00, 0x00, 0x00, 0x00, 0x00,
    0x00, 0x00, 0x00, 0x00, 0x00, 0x00, 0x00, 0x00, 0x00, 0x00, 0x00, 0x00,
    0x00, 0x00, 0x00, 0x00, 0x00, 0x00, 0x00, 0x00, 0x00, 0x00, 0x00, 0x00,
    0x00, 0x00, 0x00, 0x00, 0x00, 0x00, 0x00, 0x00, 0x00, 0x00, 0x00, 0x00,
    0x00, 0x00, 0x00, 0x00, 0x00, 0x00, 0x00, 0x00, 0x00, 0x00, 0x00, 0x00,
    0x00, 0x00, 0x00, 0x00, 0x00, 0x00, 0x00, 0x00, 0x00, 0x00, 0x00, 0x00,
    0x00, 0x00, 0x00, 0x00, 0x00, 0x00, 0x00, 0x00, 0x00, 0x00, 0x00, 0x00,
    0x00, 0x00, 0x00, 0x00, 0x00, 0x00, 0x00, 0x00, 0x00, 0x00, 0x00, 0x00,
    0x00, 0x00, 0x00, 0x00, 0x00, 0x00, 0x00, 0x00, 0x00, 0x00, 0x00, 0x00,
    0x00, 0x00, 0x00, 0x00, 0x00, 0x00, 0x00, 0x00, 0x28, 0xec, 0xf0, 0x9e,
    0x28, 0xe8, 0xf8, 0xff, 0x30, 0xec, 0xf0, 0xff, 0x28, 0xec, 0xf8, 0xff,
    0x28, 0xe8, 0xf0, 0xff, 0x30, 0xec, 0xf0, 0xff, 0x28, 0xec, 0xf8, 0xff,
    0x30, 0xe8, 0xf8, 0xff, 0x28, 0xe8, 0xf0, 0xff, 0x28, 0xec, 0xf8, 0xff,
    0x30, 0xe8, 0xf8, 0xff, 0x28, 0xe8, 0xf0, 0xff, 0x28, 0xec, 0xf0, 0xff,
    0x30, 0xe8, 0xf8, 0x61, 0x28, 0xe8, 0xf0, 0x7d, 0x28, 0xec, 0xf8, 0xff,
    0x28, 0xe8, 0xf8, 0xff, 0x28, 0xec, 0xf0, 0xff, 0x28, 0xec, 0xf8, 0xff,
    0x30, 0xe8, 0xf0, 0xff, 0x28, 0xe8, 0xf8, 0xff, 0x28, 0xec, 0xf0, 0xff,
    0x28, 0xe8, 0xf8, 0xff, 0x30, 0xec, 0xf8, 0xff, 0x28, 0xec, 0xf0, 0xff,
    0x28, 0xe8, 0xf8, 0xff, 0x28, 0xec, 0xf8, 0xff, 0x28, 0xe8, 0xf8, 0x20,
    0x00, 0x00, 0x00, 0x00, 0x00, 0x00, 0x00, 0x00, 0x00, 0x00, 0x00, 0x00,
    0x00, 0x00, 0x00, 0x00, 0x00, 0x00, 0x00, 0x00, 0x00, 0x00, 0x00, 0x00,
    0x00, 0x00, 0x00, 0x00, 0x00, 0x00, 0x00, 0x00, 0x00, 0x00, 0x00, 0x00,
    0x00, 0x00, 0x00, 0x00, 0x00, 0x00, 0x00, 0x00, 0x00, 0x00, 0x00, 0x00,
    0x00, 0x00, 0x00, 0x00, 0x00, 0x00, 0x00, 0x00, 0x00, 0x00, 0x00, 0x00,
    0x00, 0x00, 0x00, 0x00, 0x00, 0x00, 0x00, 0x00, 0x00, 0x00, 0x00, 0x00,
    0x00, 0x00, 0x00, 0x00, 0x00, 0x00, 0x00, 0x00, 0x00, 0x00, 0x00, 0x00,
    0x00, 0x00, 0x00, 0x00, 0x00, 0x00, 0x00, 0x00, 0x00, 0x00, 0x00, 0x00,
    0x00, 0x00, 0x00, 0x00, 0x00, 0x00, 0x00, 0x00, 0x00, 0x00, 0x00, 0x00,
    0x00, 0x00, 0x00, 0x00, 0x00, 0x00, 0x00, 0x00, 0x00, 0x00, 0x00, 0x00,
    0x00, 0x00, 0x00, 0x00, 0x00, 0x00, 0x00, 0x00, 0x00, 0x00, 0x00, 0x00,
    0x00, 0x00, 0x00, 0x00, 0x00, 0x00, 0x00, 0x00, 0x00, 0x00, 0x00, 0x00,
    0x00, 0x00, 0x00, 0x00, 0x00, 0x00, 0x00, 0x00, 0x00, 0x00, 0x00, 0x00,
    0x00, 0x00, 0x00, 0x00, 0x00, 0x00, 0x00, 0x00, 0x00, 0x00, 0x00, 0x00,
    0x00, 0x00, 0x00, 0x00, 0x00, 0x00, 0x00, 0x00, 0x00, 0x00, 0x00, 0x00,
    0x00, 0x00, 0x00, 0x00, 0x00, 0x00, 0x00, 0x00, 0x00, 0x00, 0x00, 0x00,
    0x00, 0x00, 0x00, 0x00, 0x00, 0x00, 0x00, 0x00, 0x00, 0x00, 0x00, 0x00,
    0x00, 0x00, 0x00, 0x00, 0x00, 0x00, 0x00, 0x00, 0x00, 0x00, 0x00, 0x00,
    0x00, 0x00, 0x00, 0x00, 0x00, 0x00, 0x00, 0x00, 0x00, 0x00, 0x00, 0x00,
    0x00, 0x00, 0x00, 0x00, 0x00, 0x00, 0x00, 0x00, 0x00, 0x00, 0x00, 0x00,
    0x00, 0x00, 0x00, 0x00, 0x00, 0x00, 0x00, 0x00, 0x00, 0x00, 0x00, 0x00,
    0x00, 0x00, 0x00, 0x00, 0x00, 0x00, 0x00, 0x00, 0x00, 0x00, 0x00, 0x00,
    0x00, 0x00, 0x00, 0x00, 0x00, 0x00, 0x00, 0x00, 0x00, 0x00, 0x00, 0x00,
    0x00, 0x00, 0x00, 0x00, 0x00, 0x00, 0x00, 0x00, 0x00, 0x00, 0x00, 0x00,
    0x30, 0xec, 0xf0, 0x41, 0x28, 0xe8, 0xf0, 0xff, 0x28, 0xe8, 0xf8, 0xff,
    0x28, 0xec, 0xf8, 0xff, 0x30, 0xe8, 0xf0, 0xff, 0x28, 0xec, 0xf0, 0xff,
    0x28, 0xec, 0xf8, 0xff, 0x30, 0xe8, 0xf0, 0xff, 0x28, 0xec, 0xf0, 0xff,
    0x28, 0xe8, 0xf8, 0xff, 0x28, 0xec, 0xf8, 0xff, 0x28, 0xec, 0xf0, 0xff,
    0x28, 0xe8, 0xf8, 0xff, 0x28, 0xe8, 0xf0, 0x9e, 0x28, 0xe8, 0xf0, 0xbe,
    0x28, 0xec, 0xf8, 0xff, 0x30, 0xe8, 0xf0, 0xff, 0x28, 0xe8, 0xf0, 0xff,
    0x28, 0xec, 0xf8, 0xff, 0x28, 0xec, 0xf8, 0xff, 0x28, 0xec, 0xf0, 0xff,
    0x28, 0xe8, 0xf0, 0xff, 0x28, 0xe8, 0xf8, 0xff, 0x28, 0xec, 0xf0, 0xff,
    0x30, 0xe8, 0xf0, 0xff, 0x28, 0xe8, 0xf8, 0xff, 0x28, 0xec, 0xf0, 0xdf,
    0x00, 0x00, 0x00, 0x00, 0x00, 0x00, 0x00, 0x00, 0x00, 0x00, 0x00, 0x00,
    0x00, 0x00, 0x00, 0x00, 0x00, 0x00, 0x00, 0x00, 0x00, 0x00, 0x00, 0x00,
    0x00, 0x00, 0x00, 0x00, 0x00, 0x00, 0x00, 0x00, 0x00, 0x00, 0x00, 0x00,
    0x00, 0x00, 0x00, 0x00, 0x00, 0x00, 0x00, 0x00, 0x00, 0x00, 0x00, 0x00,
    0x00, 0x00, 0x00, 0x00, 0x00, 0x00, 0x00, 0x00, 0x00, 0x00, 0x00, 0x00,
    0x00, 0x00, 0x00, 0x00, 0x00, 0x00, 0x00, 0x00, 0x00, 0x00, 0x00, 0x00,
    0x00, 0x00, 0x00, 0x00, 0x00, 0x00, 0x00, 0x00, 0x00, 0x00, 0x00, 0x00,
    0x00, 0x00, 0x00, 0x00, 0x00, 0x00, 0x00, 0x00, 0x00, 0x00, 0x00, 0x00,
    0x00, 0x00, 0x00, 0x00, 0x00, 0x00, 0x00, 0x00, 0x00, 0x00, 0x00, 0x00,
    0x00, 0x00, 0x00, 0x00, 0x00, 0x00, 0x00, 0x00, 0x00, 0x00, 0x00, 0x00,
    0x00, 0x00, 0x00, 0x00, 0x00, 0x00, 0x00, 0x00, 0x00, 0x00, 0x00, 0x00,
    0x00, 0x00, 0x00, 0x00, 0x00, 0x00, 0x00, 0x00, 0x00, 0x00, 0x00, 0x00,
    0x00, 0x00, 0x00, 0x00, 0x00, 0x00, 0x00, 0x00, 0x00, 0x00, 0x00, 0x00,
    0x00, 0x00, 0x00, 0x00, 0x00, 0x00, 0x00, 0x00, 0x00, 0x00, 0x00, 0x00,
    0x00, 0x00, 0x00, 0x00, 0x00, 0x00, 0x00, 0x00, 0x00, 0x00, 0x00, 0x00,
    0x00, 0x00, 0x00, 0x00, 0x00, 0x00, 0x00, 0x00, 0x00, 0x00, 0x00, 0x00,
    0x00, 0x00, 0x00, 0x00, 0x00, 0x00, 0x00, 0x00, 0x00, 0x00, 0x00, 0x00,
    0x00, 0x00, 0x00, 0x00, 0x00, 0x00, 0x00, 0x00, 0x00, 0x00, 0x00, 0x00,
    0x00, 0x00, 0x00, 0x00, 0x00, 0x00, 0x00, 0x00, 0x00, 0x00, 0x00, 0x00,
    0x00, 0x00, 0x00, 0x00, 0x00, 0x00, 0x00, 0x00, 0x00, 0x00, 0x00, 0x00,
    0x00, 0x00, 0x00, 0x00, 0x00, 0x00, 0x00, 0x00, 0x00, 0x00, 0x00, 0x00,
    0x00, 0x00, 0x00, 0x00, 0x00, 0x00, 0x00, 0x00, 0x00, 0x00, 0x00, 0x00,
    0x00, 0x00, 0x00, 0x00, 0x00, 0x00, 0x00, 0x00, 0x00, 0x00, 0x00, 0x00,
    0x00, 0x00, 0x00, 0x00, 0x00, 0x00, 0x00, 0x00, 0x00, 0x00, 0x00, 0x00,
    0x00, 0x00, 0x00, 0x00, 0x00, 0x00, 0x00, 0x00, 0x28, 0xec, 0xf8, 0xdf,
    0x28, 0xe8, 0xf0, 0xff, 0x30, 0xe8, 0xf8, 0xff, 0x28, 0xec, 0xf8, 0xff,
    0x28, 0xe8, 0xf0, 0xff, 0x28, 0xe8, 0xf8, 0xff, 0x28, 0xec, 0xf8, 0xff,
    0x28, 0xe8, 0xf0, 0xff, 0x30, 0xec, 0xf0, 0xff, 0x28, 0xe8, 0xf8, 0xff,
    0x30, 0xec, 0xf0, 0xff, 0x28, 0xec, 0xf8, 0xff, 0x28, 0xe8, 0xf8, 0xbe,
    0x28, 0xe8, 0xf8, 0xff, 0x28, 0xec, 0xf0, 0xff, 0x30, 0xec, 0xf8, 0xff,
    0x28, 0xe8, 0xf0, 0xff, 0x28, 0xe8, 0xf8, 0xff, 0x30, 0xec, 0xf0, 0xff,
    0x30, 0xe8, 0xf8, 0xff, 0x28, 0xec, 0xf8, 0xff, 0x28, 0xec, 0xf0, 0xff,
    0x30, 0xe8, 0xf8, 0xff, 0x28, 0xec, 0xf8, 0xff, 0x28, 0xe8, 0xf0, 0xff,
    0x30, 0xe8, 0xf0, 0x82, 0x00, 0x00, 0x00, 0x00, 0x00, 0x00, 0x00, 0x00,
    0x00, 0x00, 0x00, 0x00, 0x00, 0x00, 0x00, 0x00, 0x00, 0x00, 0x00, 0x00,
    0x00, 0x00, 0x00, 0x00, 0x00, 0x00, 0x00, 0x00, 0x00, 0x00, 0x00, 0x00,
    0x00, 0x00, 0x00, 0x00, 0x00, 0x00, 0x00, 0x00, 0x00, 0x00, 0x00, 0x00,
    0x00, 0x00, 0x00, 0x00, 0x00, 0x00, 0x00, 0x00, 0x00, 0x00, 0x00, 0x00,
    0x00, 0x00, 0x00, 0x00, 0x00, 0x00, 0x00, 0x00, 0x00, 0x00, 0x00, 0x00,
    0x00, 0x00, 0x00, 0x00, 0x00, 0x00, 0x00, 0x00, 0x00, 0x00, 0x00, 0x00,
    0x00, 0x00, 0x00, 0x00, 0x00, 0x00, 0x00, 0x00, 0x00, 0x00, 0x00, 0x00,
    0x00, 0x00, 0x00, 0x00, 0x00, 0x00, 0x00, 0x00, 0x00, 0x00, 0x00, 0x00,
    0x00, 0x00, 0x00, 0x00, 0x00, 0x00, 0x00, 0x00, 0x00, 0x00, 0x00, 0x00,
    0x00, 0x00, 0x00, 0x00, 0x00, 0x00, 0x00, 0x00, 0x00, 0x00, 0x00, 0x00,
    0x00, 0x00, 0x00, 0x00, 0x00, 0x00, 0x00, 0x00, 0x00, 0x00, 0x00, 0x00,
    0x00, 0x00, 0x00, 0x00, 0x00, 0x00, 0x00, 0x00, 0x00, 0x00, 0x00, 0x00,
    0x00, 0x00, 0x00, 0x00, 0x00, 0x00, 0x00, 0x00, 0x00, 0x00, 0x00, 0x00,
    0x00, 0x00, 0x00, 0x00, 0x00, 0x00, 0x00, 0x00, 0x00, 0x00, 0x00, 0x00,
    0x00, 0x00, 0x00, 0x00, 0x00, 0x00, 0x00, 0x00, 0x00, 0x00, 0x00, 0x00,
    0x00, 0x00, 0x00, 0x00, 0x00, 0x00, 0x00, 0x00, 0x00, 0x00, 0x00, 0x00,
    0x00, 0x00, 0x00, 0x00, 0x00, 0x00, 0x00, 0x00, 0x00, 0x00, 0x00, 0x00,
    0x00, 0x00, 0x00, 0x00, 0x00, 0x00, 0x00, 0x00, 0x00, 0x00, 0x00, 0x00,
    0x00, 0x00, 0x00, 0x00, 0x00, 0x00, 0x00, 0x00, 0x00, 0x00, 0x00, 0x00,
    0x00, 0x00, 0x00, 0x00, 0x00, 0x00, 0x00, 0x00, 0x00, 0x00, 0x00, 0x00,
    0x00, 0x00, 0x00, 0x00, 0x00, 0x00, 0x00, 0x00, 0x00, 0x00, 0x00, 0x00,
    0x00, 0x00, 0x00, 0x00, 0x00, 0x00, 0x00, 0x00, 0x00, 0x00, 0x00, 0x00,
    0x00, 0x00, 0x00, 0x00, 0x00, 0x00, 0x00, 0x00, 0x00, 0x00, 0x00, 0x00,
    0x00, 0x00, 0x00, 0x00, 0x00, 0x00, 0x00, 0x00, 0x00, 0x00, 0x00, 0x00,
    0x28, 0xe8, 0xf0, 0x7d, 0x30, 0xec, 0xf8, 0xff, 0x28, 0xec, 0xf0, 0xff,
    0x28, 0xe8, 0xf0, 0xff, 0x30, 0xec, 0xf8, 0xff, 0x28, 0xe8, 0xf0, 0xff,
    0x28, 0xec, 0xf8, 0xff, 0x30, 0xec, 0xf8, 0xff, 0x28, 0xe8, 0xf0, 0xff,
    0x28, 0xe8, 0xf0, 0xff, 0x28, 0xe8, 0xf8, 0xff, 0x30, 0xec, 0xf0, 0xff,
    0x28, 0xec, 0xf0, 0xff, 0x28, 0xe8, 0xf0, 0xdf, 0x28, 0xec, 0xf8, 0xff,
    0x28, 0xec, 0xf0, 0xff, 0x28, 0xe8, 0xf8, 0xff, 0x28, 0xec, 0xf0, 0xff,
    0x28, 0xe8, 0xf0, 0xff, 0x28, 0xe8, 0xf8, 0xff, 0x30, 0xec, 0xf0, 0xff,
    0x28, 0xe8, 0xf0, 0xff, 0x28, 0xec, 0xf8, 0xff, 0x28, 0xec, 0xf0, 0xff,
    0x28, 0xe8, 0xf8, 0xff, 0x28, 0xec, 0xf8, 0x61, 0x00, 0x00, 0x00, 0x00,
    0x00, 0x00, 0x00, 0x00, 0x00, 0x00, 0x00, 0x00, 0x00, 0x00, 0x00, 0x00,
    0x00, 0x00, 0x00, 0x00, 0x00, 0x00, 0x00, 0x00, 0x00, 0x00, 0x00, 0x00,
    0x00, 0x00, 0x00, 0x00, 0x00, 0x00, 0x00, 0x00, 0x00, 0x00, 0x00, 0x00,
    0x00, 0x00, 0x00, 0x00, 0x00, 0x00, 0x00, 0x00, 0x00, 0x00, 0x00, 0x00,
    0x00, 0x00, 0x00, 0x00, 0x00, 0x00, 0x00, 0x00, 0x00, 0x00, 0x00, 0x00,
    0x00, 0x00, 0x00, 0x00, 0x00, 0x00, 0x00, 0x00, 0x00, 0x00, 0x00, 0x00,
    0x00, 0x00, 0x00, 0x00, 0x00, 0x00, 0x00, 0x00, 0x00, 0x00, 0x00, 0x00,
    0x00, 0x00, 0x00, 0x00, 0x00, 0x00, 0x00, 0x00, 0x00, 0x00, 0x00, 0x00,
    0x00, 0x00, 0x00, 0x00, 0x00, 0x00, 0x00, 0x00, 0x00, 0x00, 0x00, 0x00,
    0x00, 0x00, 0x00, 0x00, 0x00, 0x00, 0x00, 0x00, 0x00, 0x00, 0x00, 0x00,
    0x00, 0x00, 0x00, 0x00, 0x00, 0x00, 0x00, 0x00, 0x00, 0x00, 0x00, 0x00,
    0x00, 0x00, 0x00, 0x00, 0x00, 0x00, 0x00, 0x00, 0x00, 0x00, 0x00, 0x00,
    0x00, 0x00, 0x00, 0x00, 0x00, 0x00, 0x00, 0x00, 0x00, 0x00, 0x00, 0x00,
    0x00, 0x00, 0x00, 0x00, 0x00, 0x00, 0x00, 0x00, 0x00, 0x00, 0x00, 0x00,
    0x00, 0x00, 0x00, 0x00, 0x00, 0x00, 0x00, 0x00, 0x00, 0x00, 0x00, 0x00,
    0x00, 0x00, 0x00, 0x00, 0x00, 0x00, 0x00, 0x00, 0x00, 0x00, 0x00, 0x00,
    0x00, 0x00, 0x00, 0x00, 0x00, 0x00, 0x00, 0x00, 0x00, 0x00, 0x00, 0x00,
    0x00, 0x00, 0x00, 0x00, 0x00, 0x00, 0x00, 0x00, 0x00, 0x00, 0x00, 0x00,
    0x00, 0x00, 0x00, 0x00, 0x00, 0x00, 0x00, 0x00, 0x00, 0x00, 0x00, 0x00,
    0x00, 0x00, 0x00, 0x00, 0x00, 0x00, 0x00, 0x00, 0x00, 0x00, 0x00, 0x00,
    0x00, 0x00, 0x00, 0x00, 0x00, 0x00, 0x00, 0x00, 0x00, 0x00, 0x00, 0x00,
    0x00, 0x00, 0x00, 0x00, 0x00, 0x00, 0x00, 0x00, 0x00, 0x00, 0x00, 0x00,
    0x00, 0x00, 0x00, 0x00, 0x00, 0x00, 0x00, 0x00, 0x00, 0x00, 0x00, 0x00,
    0x00, 0x00, 0x00, 0x00, 0x00, 0x00, 0x00, 0x00, 0x00, 0x00, 0x00, 0x00,
    0x00, 0x00, 0x00, 0x00, 0x28, 0xe8, 0xf8, 0x61, 0x28, 0xec, 0xf0, 0xff,
    0x28, 0xe8, 0xf8, 0xff, 0x28, 0xec, 0xf0, 0xff, 0x28, 0xe8, 0xf8, 0xff,
    0x30, 0xec, 0xf0, 0xff, 0x28, 0xe8, 0xf0, 0xff, 0x28, 0xe8, 0xf8, 0xff,
    0x28, 0xec, 0xf8, 0xff, 0x28, 0xec, 0xf0, 0xff, 0x28, 0xe8, 0xf8, 0xff,
    0x28, 0xe8, 0xf8, 0xff, 0x28, 0xec, 0xf0, 0xdf, 0x28, 0xe8, 0xf0, 0xdf,
    0x30, 0xe8, 0xf8, 0xff, 0x28, 0xec, 0xf8, 0xff, 0x30, 0xe8, 0xf0, 0xff,
    0x28, 0xec, 0xf8, 0xff, 0x28, 0xec, 0xf8, 0xff, 0x28, 0xe8, 0xf0, 0xff,
    0x28, 0xe8, 0xf8, 0xff, 0x30, 0xec, 0xf8, 0xff, 0x28, 0xe8, 0xf0, 0xff,
    0x28, 0xe8, 0xf0, 0xff, 0x30, 0xec, 0xf8, 0xff, 0x28, 0xe8, 0xf0, 0x7d,
    0x28, 0xe8, 0xf8, 0x20, 0x00, 0x00, 0x00, 0x00, 0x00, 0x00, 0x00, 0x00,
    0x00, 0x00, 0x00, 0x00, 0x00, 0x00, 0x00, 0x00, 0x00, 0x00, 0x00, 0x00,
    0x00, 0x00, 0x00, 0x00, 0x00, 0x00, 0x00, 0x00, 0x00, 0x00, 0x00, 0x00,
    0x00, 0x00, 0x00, 0x00, 0x00, 0x00, 0x00, 0x00, 0x00, 0x00, 0x00, 0x00,
    0x00, 0x00, 0x00, 0x00, 0x00, 0x00, 0x00, 0x00, 0x00, 0x00, 0x00, 0x00,
    0x00, 0x00, 0x00, 0x00, 0x00, 0x00, 0x00, 0x00, 0x00, 0x00, 0x00, 0x00,
    0x00, 0x00, 0x00, 0x00, 0x00, 0x00, 0x00, 0x00, 0x00, 0x00, 0x00, 0x00,
    0x00, 0x00, 0x00, 0x00, 0x00, 0x00, 0x00, 0x00, 0x00, 0x00, 0x00, 0x00,
    0x00, 0x00, 0x00, 0x00, 0x00, 0x00, 0x00, 0x00, 0x00, 0x00, 0x00, 0x00,
    0x00, 0x00, 0x00, 0x00, 0x00, 0x00, 0x00, 0x00, 0x00, 0x00, 0x00, 0x00,
    0x00, 0x00, 0x00, 0x00, 0x00, 0x00, 0x00, 0x00, 0x00, 0x00, 0x00, 0x00,
    0x00, 0x00, 0x00, 0x00, 0x00, 0x00, 0x00, 0x00, 0x00, 0x00, 0x00, 0x00,
    0x00, 0x00, 0x00, 0x00, 0x00, 0x00, 0x00, 0x00, 0x00, 0x00, 0x00, 0x00,
    0x00, 0x00, 0x00, 0x00, 0x00, 0x00, 0x00, 0x00, 0x00, 0x00, 0x00, 0x00,
    0x00, 0x00, 0x00, 0x00, 0x00, 0x00, 0x00, 0x00, 0x00, 0x00, 0x00, 0x00,
    0x00, 0x00, 0x00, 0x00, 0x00, 0x00, 0x00, 0x00, 0x00, 0x00, 0x00, 0x00,
    0x00, 0x00, 0x00, 0x00, 0x00, 0x00, 0x00, 0x00, 0x00, 0x00, 0x00, 0x00,
    0x00, 0x00, 0x00, 0x00, 0x00, 0x00, 0x00, 0x00, 0x00, 0x00, 0x00, 0x00,
    0x00, 0x00, 0x00, 0x00, 0x00, 0x00, 0x00, 0x00, 0x00, 0x00, 0x00, 0x00,
    0x00, 0x00, 0x00, 0x00, 0x00, 0x00, 0x00, 0x00, 0x00, 0x00, 0x00, 0x00,
    0x00, 0x00, 0x00, 0x00, 0x00, 0x00, 0x00, 0x00, 0x00, 0x00, 0x00, 0x00,
    0x00, 0x00, 0x00, 0x00, 0x00, 0x00, 0x00, 0x00, 0x00, 0x00, 0x00, 0x00,
    0x00, 0x00, 0x00, 0x00, 0x00, 0x00, 0x00, 0x00, 0x00, 0x00, 0x00, 0x00,
    0x00, 0x00, 0x00, 0x00, 0x00, 0x00, 0x00, 0x00, 0x00, 0x00, 0x00, 0x00,
    0x00, 0x00, 0x00, 0x00, 0x00, 0x00, 0x00, 0x00, 0x28, 0xec, 0xf8, 0xbe,
    0x30, 0xe8, 0xf0, 0xff, 0x28, 0xe8, 0xf8, 0xff, 0x28, 0xec, 0xf8, 0xff,
    0x28, 0xe8, 0xf0, 0xff, 0x28, 0xec, 0xf8, 0xff, 0x30, 0xe8, 0xf0, 0xff,
    0x28, 0xec, 0xf0, 0xff, 0x30, 0xec, 0xf8, 0xff, 0x30, 0xe8, 0xf0, 0xff,
    0x28, 0xec, 0xf0, 0xff, 0x28, 0xe8, 0xf8, 0xff, 0x30, 0xe8, 0xf8, 0xdf,
    0x28, 0xec, 0xf0, 0xbe, 0x28, 0xe8, 0xf8, 0xff, 0x28, 0xe8, 0xf0, 0xff,
    0x30, 0xec, 0xf0, 0xff, 0x28, 0xe8, 0xf8, 0xff, 0x30, 0xec, 0xf0, 0xff,
    0x28, 0xec, 0xf0, 0xff, 0x28, 0xe8, 0xf8, 0xff, 0x28, 0xec, 0xf8, 0xff,
    0x30, 0xe8, 0xf0, 0xff, 0x28, 0xec, 0xf8, 0xff, 0x28, 0xe8, 0xf0, 0xff,
    0x30, 0xe8, 0xf0, 0xff, 0x28, 0xec, 0xf8, 0xff, 0x28, 0xe8, 0xf0, 0xbe,
    0x30, 0xe8, 0xf0, 0x82, 0x28, 0xe8, 0xf8, 0x7d, 0x28, 0xe8, 0xf0, 0x82,
    0x30, 0xe8, 0xf0, 0x7d, 0x28, 0xe8, 0xf8, 0x82, 0x28, 0xe8, 0xf0, 0x7d,
    0x30, 0xe8, 0xf0, 0x7d, 0x28, 0xe8, 0xf8, 0x82, 0x28, 0xe8, 0xf0, 0x7d,
    0x30, 0xe8, 0xf0, 0x7d, 0x28, 0xe8, 0xf8, 0x82, 0x28, 0xe8, 0xf0, 0x7d,
    0x30, 0xe8, 0xf0, 0x7d, 0x28, 0xe8, 0xf8, 0x82, 0x28, 0xe8, 0xf0, 0x7d,
    0x30, 0xe8, 0xf0, 0x7d, 0x28, 0xe8, 0xf8, 0x82, 0x28, 0xe8, 0xf0, 0x7d,
    0x30, 0xe8, 0xf0, 0x7d, 0x28, 0xe8, 0xf8, 0x82, 0x28, 0xe8, 0xf0, 0x7d,
    0x30, 0xe8, 0xf0, 0x7d, 0x28, 0xe8, 0xf8, 0x82, 0x28, 0xe8, 0xf0, 0x7d,
    0x30, 0xe8, 0xf0, 0x7d, 0x28, 0xe8, 0xf8, 0x82, 0x28, 0xe8, 0xf0, 0x7d,
    0x30, 0xe8, 0xf0, 0x7d, 0x28, 0xe8, 0xf0, 0x82, 0x28, 0xe8, 0xf0, 0x7d,
    0x30, 0xe8, 0xf8, 0x7d, 0x28, 0xe8, 0xf0, 0x82, 0x28, 0xe8, 0xf0, 0x7d,
    0x30, 0xe8, 0xf0, 0x7d, 0x28, 0xe8, 0xf8, 0x82, 0x28, 0xe8, 0xf0, 0x7d,
    0x30, 0xe8, 0xf0, 0x7d, 0x28, 0xe8, 0xf8, 0x82, 0x28, 0xe8, 0xf0, 0x7d,
    0x30, 0xe8, 0xf0, 0x7d, 0x28, 0xe8, 0xf0, 0x7d, 0x28, 0xe8, 0xf8, 0x82,
    0x28, 0xe8, 0xf0, 0x7d, 0x28, 0xe8, 0xf0, 0x7d, 0x28, 0xe8, 0xf8, 0x7d,
    0x28, 0xe8, 0xf0, 0x7d, 0x28, 0xe8, 0xf0, 0x7d, 0x28, 0xe8, 0xf8, 0x7d,
    0x28, 0xe8, 0xf0, 0x7d, 0x28, 0xe8, 0xf0, 0x7d, 0x28, 0xe8, 0xf8, 0x7d,
    0x28, 0xe8, 0xf0, 0x7d, 0x28, 0xe8, 0xf0, 0x7d, 0x28, 0xe8, 0xf8, 0x7d,
    0x28, 0xe8, 0xf0, 0x7d, 0x28, 0xe8, 0xf0, 0x7d, 0x28, 0xe8, 0xf8, 0x7d,
    0x28, 0xe8, 0xf0, 0x7d, 0x28, 0xe8, 0xf0, 0x82, 0x28, 0xe8, 0xf8, 0x7d,
    0x28, 0xe8, 0xf0, 0x7d, 0x28, 0xe8, 0xf0, 0x7d, 0x28, 0xe8, 0xf8, 0x82,
    0x28, 0xe8, 0xf0, 0x7d, 0x28, 0xe8, 0xf0, 0x7d, 0x28, 0xe8, 0xf8, 0x82,
    0x28, 0xe8, 0xf0, 0x7d, 0x28, 0xe8, 0xf0, 0x7d, 0x28, 0xe8, 0xf8, 0x82,
    0x28, 0xe8, 0xf0, 0x7d, 0x28, 0xec, 0xf8, 0x9e, 0x28, 0xe8, 0xf0, 0xdf,
    0x30, 0xec, 0xf0, 0xff, 0x28, 0xec, 0xf8, 0xff, 0x28, 0xe8, 0xf0, 0xff,
    0x30, 0xec, 0xf0, 0xff, 0x28, 0xec, 0xf8, 0xff, 0x28, 0xe8, 0xf8, 0xff,
    0x28, 0xec, 0xf0, 0xff, 0x28, 0xe8, 0xf8, 0xff, 0x28, 0xe8, 0xf8, 0xff,
    0x28, 0xec, 0xf0, 0xff, 0x28, 0xec, 0xf0, 0xff, 0x30, 0xec, 0xf8, 0xff,
    0x28, 0xe8, 0xf0, 0xbe, 0x28, 0xec, 0xf8, 0xbe, 0x28, 0xec, 0xf0, 0xff,
    0x28, 0xe8, 0xf8, 0xff, 0x28, 0xec, 0xf8, 0xff, 0x28, 0xe8, 0xf0, 0xff,
    0x28, 0xe8, 0xf8, 0xff, 0x30, 0xec, 0xf0, 0xff, 0x28, 0xec, 0xf0, 0xff,
    0x28, 0xe8, 0xf0, 0xff, 0x28, 0xec, 0xf8, 0xff, 0x28, 0xec, 0xf8, 0xff,
    0x28, 0xe8, 0xf0, 0xff, 0x28, 0xec, 0xf8, 0xff, 0x28, 0xec, 0xf8, 0xff,
    0x28, 0xe8, 0xf0, 0xff, 0x28, 0xec, 0xf8, 0xff, 0x28, 0xec, 0xf8, 0xff,
    0x28, 0xe8, 0xf0, 0xff, 0x28, 0xec, 0xf8, 0xff, 0x28, 0xec, 0xf8, 0xff,
    0x28, 0xec, 0xf0, 0xff, 0x30, 0xec, 0xf8, 0xff, 0x28, 0xec, 0xf8, 0xff,
    0x28, 0xec, 0xf0, 0xff, 0x30, 0xec, 0xf8, 0xff, 0x28, 0xec, 0xf8, 0xff,
    0x28, 0xec, 0xf0, 0xff, 0x30, 0xec, 0xf8, 0xff, 0x28, 0xec, 0xf8, 0xff,
    0x28, 0xec, 0xf0, 0xff, 0x30, 0xec, 0xf8, 0xff, 0x28, 0xec, 0xf8, 0xff,
    0x28, 0xec, 0xf0, 0xff, 0x30, 0xec, 0xf8, 0xff, 0x28, 0xec, 0xf8, 0xff,
    0x28, 0xec, 0xf0, 0xff, 0x30, 0xec, 0xf8, 0xff, 0x28, 0xec, 0xf8, 0xff,
    0x28, 0xec, 0xf0, 0xff, 0x28, 0xec, 0xf8, 0xff, 0x28, 0xec, 0xf8, 0xff,
    0x28, 0xec, 0xf0, 0xff, 0x30, 0xec, 0xf8, 0xff, 0x28, 0xec, 0xf8, 0xff,
    0x28, 0xec, 0xf8, 0xff, 0x28, 0xec, 0xf0, 0xff, 0x28, 0xec, 0xf8, 0xff,
    0x28, 0xec, 0xf8, 0xff, 0x28, 0xec, 0xf8, 0xff, 0x28, 0xec, 0xf0, 0xff,
    0x28, 0xe8, 0xf8, 0xff, 0x28, 0xec, 0xf8, 0xff, 0x28, 0xec, 0xf0, 0xff,
    0x28, 0xec, 0xf8, 0xff, 0x28, 0xe8, 0xf8, 0xff, 0x30, 0xec, 0xf8, 0xff,
    0x28, 0xec, 0xf0, 0xff, 0x30, 0xec, 0xf8, 0xff, 0x28, 0xe8, 0xf8, 0xff,
    0x30, 0xec, 0xf0, 0xff, 0x30, 0xec, 0xf8, 0xff, 0x28, 0xec, 0xf8, 0xff,
    0x30, 0xe8, 0xf0, 0xff, 0x28, 0xec, 0xf8, 0xff, 0x30, 0xec, 0xf8, 0xff,
    0x28, 0xec, 0xf0, 0xff, 0x30, 0xe8, 0xf8, 0xff, 0x28, 0xec, 0xf8, 0xff,
    0x28, 0xec, 0xf8, 0xff, 0x30, 0xec, 0xf0, 0xff, 0x28, 0xe8, 0xf8, 0xff,
    0x30, 0xec, 0xf8, 0xff, 0x28, 0xec, 0xf0, 0xff, 0x28, 0xec, 0xf8, 0xff,
    0x30, 0xec, 0xf8, 0xff, 0x28, 0xec, 0xf0, 0xff, 0x30, 0xec, 0xf8, 0xff,
    0x28, 0xec, 0xf8, 0xff, 0x30, 0xec, 0xf0, 0xff, 0x28, 0xec, 0xf8, 0xff,
    0x30, 0xec, 0xf8, 0xff, 0x28, 0xec, 0xf0, 0xff, 0x30, 0xec, 0xf8, 0xff,
    0x28, 0xe8, 0xf8, 0xff, 0x30, 0xec, 0xf0, 0xff, 0x28, 0xe8, 0xf8, 0xff,
    0x28, 0xe8, 0xf8, 0xff, 0x28, 0xec, 0xf0, 0xff, 0x28, 0xe8, 0xf8, 0xff,
    0x30, 0xe8, 0xf0, 0xff, 0x28, 0xec, 0xf0, 0xff, 0x30, 0xe8, 0xf8, 0xff,
    0x28, 0xe8, 0xf0, 0xff, 0x28, 0xec, 0xf8, 0xff, 0x30, 0xe8, 0xf0, 0xff,
    0x28, 0xe8, 0xf8, 0xff, 0x28, 0xec, 0xf8, 0xff, 0x28, 0xe8, 0xf0, 0xff,
    0x28, 0xe8, 0xf8, 0xff, 0x28, 0xec, 0xf0, 0xbe, 0x28, 0xe8, 0xf0, 0x7d,
    0x30, 0xe8, 0xf0, 0xff, 0x28, 0xec, 0xf8, 0xff, 0x28, 0xec, 0xf0, 0xff,
    0x30, 0xe8, 0xf8, 0xff, 0x28, 0xe8, 0xf8, 0xff, 0x28, 0xec, 0xf8, 0xff,
    0x30, 0xe8, 0xf0, 0xff, 0x28, 0xe8, 0xf8, 0xff, 0x30, 0xec, 0xf0, 0xff,
    0x28, 0xe8, 0xf0, 0xff, 0x30, 0xe8, 0xf8, 0xff, 0x28, 0xec, 0xf0, 0xff,
    0x30, 0xe8, 0xf8, 0xff, 0x28, 0xe8, 0xf0, 0xff, 0x30, 0xec, 0xf0, 0xff,
    0x28, 0xe8, 0xf8, 0xff, 0x30, 0xec, 0xf0, 0xff, 0x28, 0xe8, 0xf8, 0xff,
    0x28, 0xe8, 0xf0, 0xff, 0x30, 0xe8, 0xf0, 0xff, 0x28, 0xe8, 0xf8, 0xff,
    0x28, 0xe8, 0xf0, 0xff, 0x28, 0xe8, 0xf8, 0xff, 0x28, 0xe8, 0xf0, 0xff,
    0x28, 0xe8, 0xf8, 0xff, 0x28, 0xe8, 0xf0, 0xff, 0x28, 0xe8, 0xf8, 0xff,
    0x28, 0xe8, 0xf0, 0xff, 0x28, 0xe8, 0xf0, 0xff, 0x28, 0xe8, 0xf8, 0xff,
    0x28, 0xe8, 0xf0, 0xff, 0x28, 0xe8, 0xf0, 0xff, 0x28, 0xe8, 0xf8, 0xff,
    0x28, 0xe8, 0xf0, 0xff, 0x28, 0xe8, 0xf0, 0xff, 0x28, 0xe8, 0xf8, 0xff,
    0x30, 0xe8, 0xf0, 0xff, 0x28, 0xe8, 0xf0, 0xff, 0x28, 0xe8, 0xf8, 0xff,
    0x30, 0xe8, 0xf0, 0xff, 0x28, 0xe8, 0xf8, 0xff, 0x28, 0xe8, 0xf0, 0xff,
    0x28, 0xe8, 0xf8, 0xff, 0x30, 0xe8, 0xf0, 0xff, 0x28, 0xe8, 0xf0, 0xff,
    0x30, 0xe8, 0xf8, 0xff, 0x28, 0xe8, 0xf0, 0xff, 0x30, 0xec, 0xf0, 0xff,
    0x28, 0xe8, 0xf8, 0xff, 0x30, 0xec, 0xf0, 0xff, 0x28, 0xe8, 0xf0, 0xff,
    0x30, 0xec, 0xf8, 0xff, 0x28, 0xe8, 0xf0, 0xff, 0x28, 0xec, 0xf8, 0xff,
    0x28, 0xe8, 0xf0, 0xff, 0x28, 0xe8, 0xf0, 0xff, 0x28, 0xec, 0xf8, 0xff,
    0x28, 0xe8, 0xf0, 0xff, 0x28, 0xe8, 0xf0, 0xff, 0x28, 0xec, 0xf8, 0xff,
    0x28, 0xe8, 0xf0, 0xff, 0x28, 0xec, 0xf0, 0xff, 0x30, 0xe8, 0xf8, 0xff,
    0x28, 0xe8, 0xf0, 0xff, 0x28, 0xec, 0xf0, 0xff, 0x28, 0xe8, 0xf8, 0xff,
    0x30, 0xe8, 0xf0, 0xff, 0x28, 0xec, 0xf0, 0xff, 0x28, 0xe8, 0xf8, 0xff,
    0x30, 0xec, 0xf0, 0xff, 0x28, 0xe8, 0xf8, 0xff, 0x28, 0xe8, 0xf0, 0xff,
    0x30, 0xe8, 0xf8, 0xff, 0x28, 0xe8, 0xf0, 0xff, 0x28, 0xe8, 0xf8, 0xff,
    0x28, 0xe8, 0xf0, 0xff, 0x30, 0xe8, 0xf8, 0xff, 0x28, 0xe8, 0xf0, 0xff,
    0x28, 0xe8, 0xf8, 0xff, 0x28, 0xe8, 0xf0, 0xff, 0x30, 0xec, 0xf0, 0xff,
    0x28, 0xe8, 0xf8, 0xff, 0x28, 0xec, 0xf0, 0xff, 0x30, 0xec, 0xf0, 0xff,
    0x28, 0xe8, 0xf8, 0xff, 0x28, 0xec, 0xf0, 0xff, 0x30, 0xec, 0xf8, 0xff,
    0x28, 0xe8, 0xf8, 0xff, 0x28, 0xec, 0xf8, 0xff, 0x28, 0xec, 0xf0, 0xff,
    0x28, 0xe8, 0xf8, 0xff, 0x30, 0xec, 0xf0, 0xff, 0x28, 0xec, 0xf0, 0xff,
    0x28, 0xec, 0xf8, 0xff, 0x30, 0xe8, 0xf0, 0xff, 0x28, 0xec, 0xf0, 0xff,
    0x30, 0xe8, 0xf8, 0xff, 0x28, 0xe8, 0xf8, 0xff, 0x28, 0xe8, 0xf0, 0x82,
    0x28, 0xe8, 0xf8, 0x20, 0x28, 0xe8, 0xf8, 0xdf, 0x28, 0xe8, 0xf0, 0xff,
    0x30, 0xec, 0xf0, 0xff, 0x28, 0xec, 0xf0, 0xff, 0x28, 0xe8, 0xf8, 0xff,
    0x28, 0xec, 0xf0, 0xff, 0x28, 0xe8, 0xf8, 0xff, 0x28, 0xec, 0xf8, 0xff,
    0x28, 0xec, 0xf0, 0xff, 0x30, 0xe8, 0xf8, 0xff, 0x28, 0xec, 0xf0, 0xff,
    0x28, 0xec, 0xf8, 0xff, 0x28, 0xe8, 0xf0, 0xff, 0x30, 0xec, 0xf8, 0xff,
    0x28, 0xe8, 0xf8, 0xff, 0x28, 0xe8, 0xf0, 0xff, 0x30, 0xec, 0xf8, 0xff,
    0x28, 0xec, 0xf0, 0xff, 0x28, 0xe8, 0xf8, 0xff, 0x28, 0xec, 0xf8, 0xff,
    0x28, 0xec, 0xf0, 0xff, 0x30, 0xe8, 0xf8, 0xff, 0x28, 0xec, 0xf0, 0xff,
    0x28, 0xec, 0xf8, 0xff, 0x30, 0xe8, 0xf0, 0xff, 0x28, 0xec, 0xf8, 0xff,
    0x30, 0xec, 0xf0, 0xff, 0x28, 0xec, 0xf8, 0xff, 0x30, 0xe8, 0xf8, 0xff,
    0x28, 0xec, 0xf0, 0xff, 0x30, 0xec, 0xf8, 0xff, 0x28, 0xec, 0xf8, 0xff,
    0x30, 0xe8, 0xf0, 0xff, 0x28, 0xec, 0xf8, 0xff, 0x28, 0xec, 0xf8, 0xff,
    0x28, 0xe8, 0xf0, 0xff, 0x28, 0xec, 0xf8, 0xff, 0x30, 0xec, 0xf8, 0xff,
    0x28, 0xe8, 0xf0, 0xff, 0x28, 0xec, 0xf0, 0xff, 0x30, 0xec, 0xf8, 0xff,
    0x28, 0xe8, 0xf0, 0xff, 0x28, 0xec, 0xf0, 0xff, 0x28, 0xec, 0xf8, 0xff,
    0x30, 0xe8, 0xf8, 0xff, 0x28, 0xec, 0xf0, 0xff, 0x28, 0xe8, 0xf8, 0xff,
    0x28, 0xe8, 0xf0, 0xff, 0x30, 0xec, 0xf8, 0xff, 0x28, 0xe8, 0xf8, 0xff,
    0x28, 0xe8, 0xf0, 0xff, 0x30, 0xe8, 0xf8, 0xff, 0x28, 0xec, 0xf0, 0xff,
    0x28, 0xe8, 0xf0, 0xff, 0x30, 0xec, 0xf8, 0xff, 0x28, 0xe8, 0xf8, 0xff,
    0x28, 0xec, 0xf0, 0xff, 0x30, 0xec, 0xf8, 0xff, 0x28, 0xe8, 0xf8, 0xff,
    0x28, 0xe8, 0xf0, 0xff, 0x28, 0xec, 0xf8, 0xff, 0x28, 0xec, 0xf8, 0xff,
    0x28, 0xe8, 0xf0, 0xff, 0x28, 0xec, 0xf8, 0xff, 0x28, 0xec, 0xf8, 0xff,
    0x28, 0xe8, 0xf0, 0xff, 0x28, 0xec, 0xf0, 0xff, 0x28, 0xe8, 0xf8, 0xff,
    0x28, 0xe8, 0xf8, 0xff, 0x28, 0xec, 0xf0, 0xff, 0x28, 0xec, 0xf0, 0xff,
    0x28, 0xe8, 0xf8, 0xff, 0x28, 0xec, 0xf0, 0xff, 0x28, 0xec, 0xf8, 0xff,
    0x28, 0xe8, 0xf0, 0xff, 0x28, 0xec, 0xf8, 0xff, 0x28, 0xec, 0xf0, 0xff,
    0x28, 0xe8, 0xf8, 0xff, 0x28, 0xec, 0xf0, 0xff, 0x28, 0xe8, 0xf8, 0xff,
    0x28, 0xe8, 0xf8, 0xff, 0x28, 0xec, 0xf0, 0xff, 0x28, 0xe8, 0xf8, 0xff,
    0x28, 0xe8, 0xf8, 0xff, 0x28, 0xec, 0xf0, 0xff, 0x30, 0xe8, 0xf0, 0xff,
    0x28, 0xe8, 0xf0, 0xff, 0x28, 0xec, 0xf8, 0xff, 0x28, 0xe8, 0xf0, 0xff,
    0x28, 0xe8, 0xf8, 0xff, 0x28, 0xec, 0xf8, 0xff, 0x28, 0xe8, 0xf0, 0xff,
    0x28, 0xe8, 0xf8, 0xff, 0x28, 0xec, 0xf8, 0xff, 0x28, 0xec, 0xf0, 0xff,
    0x28, 0xe8, 0xf0, 0xff, 0x28, 0xec, 0xf8, 0xff, 0x30, 0xec, 0xf0, 0xff,
    0x00, 0x00, 0x00, 0x00, 0x00, 0x00, 0x00, 0x00, 0x28, 0xec, 0xf8, 0xbe,
    0x28, 0xe8, 0xf8, 0xff, 0x28, 0xe8, 0xf0, 0xff, 0x28, 0xec, 0xf8, 0xff,
    0x30, 0xec, 0xf0, 0xff, 0x28, 0xe8, 0xf0, 0xff, 0x28, 0xec, 0xf8, 0xff,
    0x30, 0xe8, 0xf0, 0xff, 0x28, 0xe8, 0xf8, 0xff, 0x28, 0xec, 0xf8, 0xff,
    0x28, 0xe8, 0xf0, 0xff, 0x28, 0xe8, 0xf0, 0xff, 0x28, 0xec, 0xf8, 0xff,
    0x28, 0xec, 0xf0, 0xff, 0x28, 0xe8, 0xf8, 0xff, 0x28, 0xec, 0xf0, 0xff,
    0x28, 0xe8, 0xf0, 0xff, 0x30, 0xec, 0xf8, 0xff, 0x28, 0xec, 0xf0, 0xff,
    0x28, 0xe8, 0xf8, 0xff, 0x30, 0xec, 0xf0, 0xff, 0x28, 0xec, 0xf0, 0xff,
    0x28, 0xe8, 0xf8, 0xff, 0x30, 0xec, 0xf0, 0xff, 0x28, 0xec, 0xf8, 0xff,
    0x28, 0xe8, 0xf0, 0xff, 0x28, 0xec, 0xf0, 0xff, 0x30, 0xec, 0xf8, 0xff,
    0x28, 0xe8, 0xf0, 0xff, 0x28, 0xec, 0xf0, 0xff, 0x28, 0xec, 0xf8, 0xff,
    0x30, 0xe8, 0xf0, 0xff, 0x28, 0xec, 0xf0, 0xff, 0x30, 0xec, 0xf8, 0xff,
    0x28, 0xe8, 0xf0, 0xff, 0x30, 0xec, 0xf0, 0xff, 0x28, 0xec, 0xf8, 0xff,
    0x28, 0xe8, 0xf8, 0xff, 0x28, 0xec, 0xf0, 0xff, 0x28, 0xec, 0xf8, 0xff,
    0x28, 0xe8, 0xf8, 0xff, 0x30, 0xec, 0xf0, 0xff, 0x28, 0xec, 0xf8, 0xff,
    0x28, 0xe8, 0xf8, 0xff, 0x28, 0xec, 0xf0, 0xff, 0x28, 0xec, 0xf8, 0xff,
    0x28, 0xec, 0xf0, 0xff, 0x28, 0xe8, 0xf8, 0xff, 0x28, 0xec, 0xf0, 0xff,
    0x28, 0xec, 0xf8, 0xff, 0x28, 0xec, 0xf0, 0xff, 0x28, 0xec, 0xf8, 0xff,
    0x28, 0xe8, 0xf8, 0xff, 0x30, 0xec, 0xf0, 0xff, 0x28, 0xec, 0xf8, 0xff,
    0x28, 0xe8, 0xf0, 0xff, 0x30, 0xe8, 0xf0, 0xff, 0x28, 0xec, 0xf8, 0xff,
    0x30, 0xec, 0xf0, 0xff, 0x28, 0xe8, 0xf0, 0xff, 0x30, 0xec, 0xf8, 0xff,
    0x30, 0xe8, 0xf0, 0xff, 0x28, 0xe8, 0xf0, 0xff, 0x30, 0xec, 0xf8, 0xff,
    0x30, 0xe8, 0xf8, 0xff, 0x28, 0xec, 0xf0, 0xff, 0x30, 0xec, 0xf8, 0xff,
    0x28, 0xe8, 0xf8, 0xff, 0x30, 0xec, 0xf0, 0xff, 0x28, 0xec, 0xf8, 0xff,
    0x30, 0xe8, 0xf8, 0xff, 0x28, 0xec, 0xf0, 0xff, 0x30, 0xec, 0xf8, 0xff,
    0x30, 0xe8, 0xf0, 0xff, 0x28, 0xec, 0xf8, 0xff, 0x30, 0xec, 0xf0, 0xff,
    0x28, 0xe8, 0xf8, 0xff, 0x30, 0xec, 0xf0, 0xff, 0x30, 0xec, 0xf0, 0xff,
    0x28, 0xec, 0xf8, 0xff, 0x28, 0xe8, 0xf0, 0xff, 0x30, 0xec, 0xf0, 0xff,
    0x28, 0xec, 0xf8, 0xff, 0x28, 0xe8, 0xf8, 0xff, 0x30, 0xec, 0xf0, 0xff,
    0x28, 0xec, 0xf8, 0xff, 0x28, 0xe8, 0xf8, 0xff, 0x30, 0xec, 0xf0, 0xff,
    0x30, 0xe8, 0xf0, 0xff, 0x28, 0xec, 0xf8, 0xff, 0x30, 0xec, 0xf0, 0xff,
    0x28, 0xe8, 0xf0, 0xff, 0x30, 0xe8, 0xf8, 0xff, 0x28, 0xec, 0xf8, 0xff,
    0x30, 0xe8, 0xf0, 0xff, 0x28, 0xe8, 0xf8, 0xff, 0x28, 0xec, 0xf8, 0xff,
    0x28, 0xec, 0xf0, 0xdf, 0x00, 0x00, 0x00, 0x00, 0x00, 0x00, 0x00, 0x00,
    0x28, 0xe8, 0xf0, 0x61, 0x30, 0xec, 0xf0, 0xff, 0x28, 0xe8, 0xf8, 0xff,
    0x28, 0xe8, 0xf8, 0xff, 0x30, 0xec, 0xf0, 0xff, 0x28, 0xe8, 0xf8, 0xff,
    0x28, 0xec, 0xf0, 0xff, 0x30, 0xe8, 0xf0, 0xff, 0x28, 0xec, 0xf8, 0xff,
    0x28, 0xec, 0xf0, 0xff, 0x30, 0xe8, 0xf8, 0xff, 0x30, 0xe8, 0xf8, 0xff,
    0x28, 0xec, 0xf0, 0xff, 0x28, 0xe8, 0xf0, 0xff, 0x30, 0xec, 0xf8, 0xff,
    0x28, 0xec, 0xf8, 0xff, 0x28, 0xe8, 0xf0, 0xff, 0x28, 0xe8, 0xf8, 0xff,
    0x30, 0xec, 0xf0, 0xff, 0x28, 0xe8, 0xf8, 0xff, 0x28, 0xe8, 0xf8, 0xff,
    0x28, 0xec, 0xf0, 0xff, 0x28, 0xe8, 0xf8, 0xff, 0x28, 0xe8, 0xf8, 0xff,
    0x30, 0xec, 0xf0, 0xff, 0x28, 0xe8, 0xf8, 0xff, 0x28, 0xe8, 0xf8, 0xff,
    0x28, 0xe8, 0xf0, 0xff, 0x28, 0xe8, 0xf8, 0xff, 0x28, 0xe8, 0xf8, 0xff,
    0x28, 0xe8, 0xf0, 0xff, 0x28, 0xe8, 0xf8, 0xff, 0x28, 0xec, 0xf8, 0xff,
    0x28, 0xe8, 0xf0, 0xff, 0x28, 0xe8, 0xf8, 0xff, 0x28, 0xec, 0xf0, 0xff,
    0x30, 0xe8, 0xf0, 0xff, 0x28, 0xe8, 0xf8, 0xff, 0x30, 0xec, 0xf0, 0xff,
    0x28, 0xe8, 0xf0, 0xff, 0x28, 0xe8, 0xf8, 0xff, 0x28, 0xec, 0xf0, 0xff,
    0x30, 0xe8, 0xf8, 0xff, 0x28, 0xe8, 0xf0, 0xff, 0x28, 0xec, 0xf0, 0xff,
    0x30, 0xe8, 0xf8, 0xff, 0x30, 0xe8, 0xf0, 0xff, 0x28, 0xec, 0xf0, 0xff,
    0x28, 0xe8, 0xf8, 0xff, 0x30, 0xe8, 0xf0, 0xff, 0x28, 0xec, 0xf0, 0xff,
    0x28, 0xe8, 0xf8, 0xff, 0x30, 0xe8, 0xf0, 0xff, 0x28, 0xec, 0xf8, 0xff,
    0x28, 0xe8, 0xf0, 0xff, 0x28, 0xec, 0xf8, 0xff, 0x28, 0xe8, 0xf8, 0xff,
    0x28, 0xe8, 0xf0, 0xff, 0x28, 0xec, 0xf8, 0xff, 0x28, 0xe8, 0xf8, 0xff,
    0x28, 0xec, 0xf0, 0xff, 0x28, 0xe8, 0xf8, 0xff, 0x28, 0xec, 0xf0, 0xff,
    0x28, 0xe8, 0xf0, 0xff, 0x28, 0xe8, 0xf8, 0xff, 0x28, 0xec, 0xf0, 0xff,
    0x28, 0xe8, 0xf0, 0xff, 0x30, 0xe8, 0xf8, 0xff, 0x28, 0xec, 0xf0, 0xff,
    0x28, 0xe8, 0xf0, 0xff, 0x28, 0xe8, 0xf8, 0xff, 0x28, 0xec, 0xf0, 0xff,
    0x28, 0xe8, 0xf0, 0xff, 0x28, 0xe8, 0xf8, 0xff, 0x28, 0xec, 0xf0, 0xff,
    0x28, 0xe8, 0xf8, 0xff, 0x28, 0xe8, 0xf0, 0xff, 0x28, 0xec, 0xf8, 0xff,
    0x28, 0xe8, 0xf8, 0xff, 0x28, 0xe8, 0xf0, 0xff, 0x30, 0xec, 0xf8, 0xff,
    0x28, 0xe8, 0xf0, 0xff, 0x28, 0xe8, 0xf0, 0xff, 0x30, 0xec, 0xf8, 0xff,
    0x28, 0xe8, 0xf0, 0xff, 0x28, 0xec, 0xf8, 0xff, 0x28, 0xec, 0xf8, 0xff,
    0x28, 0xe8, 0xf0, 0xff, 0x28, 0xec, 0xf8, 0xff, 0x28, 0xe8, 0xf0, 0xff,
    0x28, 0xec, 0xf8, 0xff, 0x30, 0xec, 0xf0, 0xff, 0x28, 0xe8, 0xf0, 0xff,
    0x28, 0xec, 0xf8, 0xff, 0x28, 0xe8, 0xf0, 0xff, 0x30, 0xec, 0xf0, 0xff,
    0x28, 0xe8, 0xf8, 0xff, 0x28, 0xe8, 0xf8, 0x61, 0x00, 0x00, 0x00, 0x00,
    0x00, 0x00, 0x00, 0x00, 0x00, 0x00, 0x00, 0x00, 0x28, 0xe8, 0xf0, 0x82,
    0x28, 0xec, 0xf8, 0xff, 0x28, 0xec, 0xf0, 0xff, 0x28, 0xe8, 0xf8, 0xff,
    0x28, 0xec, 0xf8, 0xff, 0x28, 0xe8, 0xf0, 0xff, 0x28, 0xec, 0xf8, 0xff,
    0x28, 0xe8, 0xf0, 0xff, 0x28, 0xec, 0xf0, 0xff, 0x28, 0xec, 0xf8, 0xff,
    0x28, 0xe8, 0xf8, 0xff, 0x28, 0xec, 0xf0, 0xff, 0x30, 0xe8, 0xf8, 0xff,
    0x28, 0xe8, 0xf0, 0xff, 0x28, 0xec, 0xf8, 0xff, 0x30, 0xe8, 0xf8, 0xff,
    0x28, 0xec, 0xf0, 0xff, 0x28, 0xe8, 0xf0, 0xff, 0x28, 0xec, 0xf8, 0xff,
    0x30, 0xe8, 0xf0, 0xff, 0x28, 0xec, 0xf0, 0xff, 0x28, 0xe8, 0xf8, 0xff,
    0x30, 0xec, 0xf0, 0xff, 0x28, 0xe8, 0xf0, 0xff, 0x28, 0xec, 0xf8, 0xff,
    0x30, 0xec, 0xf0, 0xff, 0x28, 0xec, 0xf0, 0xff, 0x30, 0xec, 0xf8, 0xff,
    0x30, 0xec, 0xf0, 0xff, 0x28, 0xec, 0xf0, 0xff, 0x28, 0xe8, 0xf8, 0xff,
    0x30, 0xec, 0xf0, 0xff, 0x28, 0xe8, 0xf8, 0xff, 0x28, 0xec, 0xf8, 0xff,
    0x28, 0xec, 0xf0, 0xff, 0x28, 0xe8, 0xf8, 0xff, 0x28, 0xec, 0xf8, 0xff,
    0x28, 0xe8, 0xf0, 0xff, 0x30, 0xec, 0xf8, 0xff, 0x28, 0xec, 0xf0, 0xff,
    0x28, 0xe8, 0xf8, 0xff, 0x28, 0xec, 0xf0, 0xff, 0x30, 0xec, 0xf8, 0xff,
    0x28, 0xe8, 0xf8, 0xff, 0x28, 0xe8, 0xf0, 0xff, 0x28, 0xec, 0xf8, 0xff,
    0x28, 0xec, 0xf8, 0xff, 0x30, 0xe8, 0xf8, 0xff, 0x28, 0xe8, 0xf0, 0xff,
    0x28, 0xec, 0xf8, 0xff, 0x30, 0xe8, 0xf0, 0xff, 0x28, 0xec, 0xf8, 0xff,
    0x28, 0xe8, 0xf0, 0xff, 0x30, 0xec, 0xf0, 0xff, 0x28, 0xec, 0xf8, 0xff,
    0x28, 0xe8, 0xf0, 0xff, 0x30, 0xec, 0xf0, 0xff, 0x28, 0xe8, 0xf8, 0xff,
    0x28, 0xec, 0xf0, 0xff, 0x30, 0xe8, 0xf8, 0xff, 0x28, 0xec, 0xf8, 0xff,
    0x28, 0xec, 0xf0, 0xff, 0x28, 0xe8, 0xf8, 0xff, 0x28, 0xec, 0xf8, 0xff,
    0x28, 0xec, 0xf0, 0xff, 0x28, 0xe8, 0xf8, 0xff, 0x28, 0xec, 0xf0, 0xff,
    0x28, 0xec, 0xf8, 0xff, 0x30, 0xe8, 0xf0, 0xff, 0x28, 0xec, 0xf8, 0xff,
    0x28, 0xe8, 0xf8, 0xff, 0x30, 0xec, 0xf0, 0xff, 0x28, 0xe8, 0xf8, 0xff,
    0x28, 0xec, 0xf8, 0xff, 0x30, 0xe8, 0xf0, 0xff, 0x28, 0xec, 0xf0, 0xff,
    0x28, 0xec, 0xf8, 0xff, 0x28, 0xe8, 0xf0, 0xff, 0x30, 0xec, 0xf8, 0xff,
    0x28, 0xec, 0xf8, 0xff, 0x28, 0xe8, 0xf0, 0xff, 0x28, 0xec, 0xf8, 0xff,
    0x28, 0xe8, 0xf0, 0xff, 0x28, 0xe8, 0xf0, 0xff, 0x30, 0xe8, 0xf0, 0xff,
    0x28, 0xec, 0xf0, 0xff, 0x28, 0xe8, 0xf8, 0xff, 0x30, 0xe8, 0xf0, 0xff,
    0x28, 0xec, 0xf8, 0xff, 0x28, 0xe8, 0xf8, 0xff, 0x28, 0xe8, 0xf0, 0xff,
    0x28, 0xec, 0xf8, 0xff, 0x28, 0xe8, 0xf8, 0xff, 0x28, 0xec, 0xf0, 0xff,
    0x28, 0xec, 0xf0, 0xff, 0x30, 0xe8, 0xf8, 0x9e, 0x00, 0x00, 0x00, 0x00,
    0x00, 0x00, 0x00, 0x00, 0x00, 0x00, 0x00, 0x00, 0x00, 0x00, 0x00, 0x00,
    0x00, 0x00, 0x00, 0x00, 0x30, 0xec, 0xf0, 0xdf, 0x28, 0xe8, 0xf8, 0xff,
    0x30, 0xe8, 0xf0, 0xff, 0x28, 0xec, 0xf0, 0xff, 0x30, 0xe8, 0xf8, 0xff,
    0x28, 0xe8, 0xf8, 0xff, 0x30, 0xec, 0xf0, 0xff, 0x28, 0xe8, 0xf8, 0xff,
    0x28, 0xe8, 0xf0, 0xff, 0x28, 0xec, 0xf0, 0xff, 0x30, 0xec, 0xf8, 0xff,
    0x28, 0xe8, 0xf0, 0xff, 0x28, 0xec, 0xf0, 0xff, 0x28, 0xe8, 0xf0, 0xff,
    0x28, 0xec, 0xf8, 0xff, 0x30, 0xe8, 0xf0, 0xff, 0x28, 0xec, 0xf8, 0xff,
    0x28, 0xe8, 0xf8, 0xff, 0x30, 0xec, 0xf0, 0xff, 0x28, 0xe8, 0xf8, 0xff,
    0x28, 0xec, 0xf8, 0xff, 0x28, 0xec, 0xf0, 0xff, 0x28, 0xe8, 0xf8, 0xff,
    0x28, 0xe8, 0xf8, 0xff, 0x28, 0xec, 0xf0, 0xff, 0x28, 0xe8, 0xf8, 0xff,
    0x28, 0xe8, 0xf8, 0xff, 0x28, 0xec, 0xf0, 0xff, 0x28, 0xe8, 0xf8, 0xff,
    0x30, 0xec, 0xf0, 0xff, 0x28, 0xe8, 0xf0, 0xff, 0x28, 0xec, 0xf8, 0xff,
    0x30, 0xe8, 0xf0, 0xff, 0x30, 0xe8, 0xf0, 0xff, 0x28, 0xec, 0xf8, 0xff,
    0x28, 0xe8, 0xf0, 0xff, 0x28, 0xec, 0xf8, 0xff, 0x30, 0xe8, 0xf0, 0xff,
    0x28, 0xe8, 0xf8, 0xff, 0x28, 0xec, 0xf0, 0xff, 0x28, 0xe8, 0xf0, 0xff,
    0x28, 0xec, 0xf8, 0xff, 0x28, 0xe8, 0xf0, 0xff, 0x28, 0xec, 0xf0, 0xff,
    0x28, 0xec, 0xf8, 0xff, 0x30, 0xe8, 0xf0, 0xff, 0x28, 0xec, 0xf0, 0xff,
    0x28, 0xec, 0xf8, 0xff, 0x28, 0xe8, 0xf8, 0xff, 0x28, 0xec, 0xf0, 0xff,
    0x28, 0xec, 0xf8, 0xff, 0x28, 0xe8, 0xf8, 0xff, 0x30, 0xe8, 0xf0, 0xff,
    0x28, 0xec, 0xf8, 0xff, 0x28, 0xec, 0xf8, 0xff, 0x30, 0xe8, 0xf0, 0xff,
    0x28, 0xec, 0xf8, 0xff, 0x28, 0xe8, 0xf0, 0xff, 0x30, 0xec, 0xf0, 0xff,
    0x28, 0xe8, 0xf8, 0xff, 0x30, 0xe8, 0xf0, 0xff, 0x30, 0xec, 0xf8, 0xff,
    0x28, 0xe8, 0xf0, 0xff, 0x30, 0xe8, 0xf8, 0xff, 0x30, 0xec, 0xf0, 0xff,
    0x28, 0xe8, 0xf8, 0xff, 0x28, 0xe8, 0xf0, 0xff, 0x28, 0xec, 0xf8, 0xff,
    0x30, 0xe8, 0xf0, 0xff, 0x28, 0xec, 0xf8, 0xff, 0x28, 0xe8, 0xf0, 0xff,
    0x30, 0xec, 0xf0, 0xff, 0x28, 0xe8, 0xf8, 0xff, 0x28, 0xec, 0xf0, 0xff,
    0x30, 0xe8, 0xf8, 0xff, 0x28, 0xe8, 0xf0, 0xff, 0x28, 0xec, 0xf0, 0xff,
    0x30, 0xe8, 0xf8, 0xff, 0x28, 0xe8, 0xf0, 0xff, 0x28, 0xec, 0xf8, 0xff,
    0x30, 0xec, 0xf8, 0xff, 0x28, 0xec, 0xf8, 0xff, 0x28, 0xe8, 0xf8, 0xff,
    0x30, 0xec, 0xf0, 0xff, 0x28, 0xec, 0xf8, 0xff, 0x28, 0xe8, 0xf8, 0xff,
    0x30, 0xec, 0xf0, 0xff, 0x28, 0xec, 0xf0, 0xff, 0x28, 0xe8, 0xf8, 0xff,
    0x30, 0xec, 0xf0, 0xff, 0x28, 0xe8, 0xf8, 0xff, 0x30, 0xec, 0xf0, 0xff,
    0x28, 0xe8, 0xf8, 0xff, 0x28, 0xe8, 0xf8, 0xdf, 0x00, 0x00, 0x00, 0x00,
    0x00, 0x00, 0x00, 0x00, 0x00, 0x00, 0x00, 0x00, 0x00, 0x00, 0x00, 0x00,
    0x00, 0x00, 0x00, 0x00, 0x00, 0x00, 0x00, 0x00, 0x28, 0xe8, 0xf8, 0x20,
    0x28, 0xe8, 0xf8, 0xdf, 0x28, 0xec, 0xf0, 0xff, 0x30, 0xec, 0xf0, 0xff,
    0x28, 0xe8, 0xf8, 0xff, 0x28, 0xec, 0xf0, 0xff, 0x28, 0xec, 0xf8, 0xff,
    0x30, 0xe8, 0xf8, 0xff, 0x28, 0xe8, 0xf0, 0xff, 0x30, 0xec, 0xf8, 0xff,
    0x28, 0xe8, 0xf8, 0xff, 0x28, 0xec, 0xf8, 0xff, 0x30, 0xe8, 0xf0, 0xff,
    0x28, 0xec, 0xf8, 0xff, 0x28, 0xe8, 0xf0, 0xff, 0x28, 0xec, 0xf8, 0xff,
    0x28, 0xe8, 0xf0, 0xff, 0x28, 0xec, 0xf0, 0xff, 0x28, 0xe8, 0xf8, 0xff,
    0x30, 0xe8, 0xf0, 0xff, 0x28, 0xec, 0xf0, 0xff, 0x28, 0xe8, 0xf8, 0xff,
    0x30, 0xec, 0xf0, 0xff, 0x28, 0xe8, 0xf0, 0xff, 0x28, 0xe8, 0xf8, 0xff,
    0x30, 0xec, 0xf0, 0xff, 0x28, 0xe8, 0xf0, 0xff, 0x28, 0xe8, 0xf8, 0xff,
    0x28, 0xec, 0xf8, 0xff, 0x28, 0xe8, 0xf0, 0xff, 0x28, 0xec, 0xf8, 0xff,
    0x28, 0xec, 0xf8, 0xff, 0x28, 0xe8, 0xf0, 0xff, 0x28, 0xec, 0xf8, 0xff,
    0x30, 0xe8, 0xf0, 0xff, 0x28, 0xec, 0xf8, 0xff, 0x28, 0xec, 0xf0, 0xff,
    0x28, 0xe8, 0xf8, 0xff, 0x30, 0xec, 0xf8, 0xff, 0x28, 0xe8, 0xf0, 0xff,
    0x30, 0xe8, 0xf8, 0xff, 0x28, 0xec, 0xf8, 0xff, 0x30, 0xe8, 0xf0, 0xff,
    0x28, 0xe8, 0xf8, 0xff, 0x28, 0xec, 0xf8, 0xff, 0x30, 0xe8, 0xf0, 0xff,
    0x28, 0xe8, 0xf0, 0xff, 0x28, 0xec, 0xf8, 0xff, 0x30, 0xe8, 0xf0, 0xff,
    0x28, 0xe8, 0xf0, 0xff, 0x28, 0xec, 0xf8, 0xff, 0x30, 0xe8, 0xf0, 0xff,
    0x28, 0xe8, 0xf0, 0xff, 0x28, 0xec, 0xf8, 0xff, 0x28, 0xe8, 0xf0, 0xff,
    0x28, 0xe8, 0xf8, 0xff, 0x28, 0xec, 0xf8, 0xff, 0x28, 0xec, 0xf0, 0xff,
    0x28, 0xe8, 0xf8, 0xff, 0x28, 0xec, 0xf0, 0xff, 0x28, 0xec, 0xf8, 0xff,
    0x28, 0xe8, 0xf0, 0xff, 0x28, 0xec, 0xf0, 0xff, 0x28, 0xec, 0xf8, 0xff,
    0x28, 0xe8, 0xf8, 0xff, 0x30, 0xec, 0xf0, 0xff, 0x28, 0xe8, 0xf8, 0xff,
    0x28, 0xec, 0xf0, 0xff, 0x28, 0xec, 0xf0, 0xff, 0x28, 0xe8, 0xf8, 0xff,
    0x28, 0xec, 0xf8, 0xff, 0x28, 0xe8, 0xf0, 0xff, 0x28, 0xec, 0xf8, 0xff,
    0x28, 0xec, 0xf8, 0xff, 0x30, 0xe8, 0xf0, 0xff, 0x28, 0xec, 0xf8, 0xff,
    0x28, 0xec, 0xf8, 0xff, 0x28, 0xe8, 0xf0, 0xff, 0x28, 0xe8, 0xf0, 0xff,
    0x28, 0xec, 0xf0, 0xff, 0x30, 0xe8, 0xf0, 0xff, 0x28, 0xe8, 0xf8, 0xff,
    0x28, 0xec, 0xf0, 0xff, 0x28, 0xe8, 0xf8, 0xff, 0x28, 0xe8, 0xf0, 0xff,
    0x28, 0xec, 0xf8, 0xff, 0x28, 0xe8, 0xf0, 0xff, 0x28, 0xe8, 0xf8, 0xff,
    0x30, 0xec, 0xf0, 0xff, 0x28, 0xec, 0xf8, 0xff, 0x28, 0xe8, 0xf0, 0xff,
    0x30, 0xec, 0xf0, 0xff, 0x28, 0xec, 0xf8, 0xdf, 0x00, 0x00, 0x00, 0x00,
    0x00, 0x00, 0x00, 0x00, 0x00, 0x00, 0x00, 0x00, 0x00, 0x00, 0x00, 0x00,
    0x00, 0x00, 0x00, 0x00, 0x00, 0x00, 0x00, 0x00, 0x00, 0x00, 0x00, 0x00,
    0x00, 0x00, 0x00, 0x00, 0x00, 0x00, 0x00, 0x00, 0x28, 0xe8, 0xf8, 0x9e,
    0x28, 0xec, 0xf8, 0xff, 0x28, 0xe8, 0xf0, 0xff, 0x28, 0xec, 0xf0, 0xff,
    0x28, 0xe8, 0xf8, 0xff, 0x28, 0xec, 0xf0, 0xff, 0x28, 0xec, 0xf0, 0xff,
    0x28, 0xe8, 0xf8, 0xff, 0x28, 0xec, 0xf0, 0xff, 0x28, 0xe8, 0xf0, 0xff,
    0x30, 0xec, 0xf8, 0xff, 0x28, 0xe8, 0xf8, 0xff, 0x28, 0xec, 0xf0, 0xff,
    0x30, 0xe8, 0xf8, 0xff, 0x28, 0xec, 0xf8, 0xff, 0x28, 0xec, 0xf0, 0xff,
    0x30, 0xe8, 0xf8, 0xff, 0x28, 0xec, 0xf0, 0xff, 0x28, 0xe8, 0xf8, 0xff,
    0x30, 0xec, 0xf8, 0xff, 0x28, 0xec, 0xf0, 0xff, 0x28, 0xe8, 0xf8, 0xff,
    0x30, 0xec, 0xf8, 0xff, 0x28, 0xec, 0xf0, 0xff, 0x28, 0xec, 0xf0, 0xff,
    0x30, 0xe8, 0xf8, 0xff, 0x30, 0xec, 0xf0, 0xff, 0x28, 0xe8, 0xf8, 0xff,
    0x30, 0xe8, 0xf0, 0xff, 0x28, 0xec, 0xf0, 0xff, 0x28, 0xe8, 0xf8, 0xff,
    0x28, 0xec, 0xf8, 0xff, 0x28, 0xe8, 0xf0, 0xff, 0x30, 0xe8, 0xf0, 0xff,
    0x28, 0xec, 0xf8, 0xff, 0x28, 0xe8, 0xf0, 0xff, 0x28, 0xec, 0xf0, 0xff,
    0x28, 0xec, 0xf8, 0xff, 0x28, 0xe8, 0xf0, 0xff, 0x30, 0xec, 0xf0, 0xff,
    0x28, 0xec, 0xf8, 0xff, 0x28, 0xe8, 0xf0, 0xff, 0x28, 0xec, 0xf8, 0xff,
    0x28, 0xec, 0xf8, 0xff, 0x28, 0xe8, 0xf0, 0xff, 0x30, 0xec, 0xf8, 0xff,
    0x28, 0xec, 0xf0, 0xff, 0x28, 0xe8, 0xf8, 0xff, 0x30, 0xec, 0xf8, 0xff,
    0x28, 0xec, 0xf0, 0xff, 0x28, 0xe8, 0xf8, 0xff, 0x30, 0xec, 0xf0, 0xff,
    0x28, 0xe8, 0xf0, 0xff, 0x30, 0xec, 0xf8, 0xff, 0x28, 0xe8, 0xf0, 0xff,
    0x30, 0xe8, 0xf8, 0xff, 0x28, 0xec, 0xf0, 0xff, 0x28, 0xe8, 0xf8, 0xff,
    0x28, 0xe8, 0xf8, 0xff, 0x28, 0xec, 0xf0, 0xff, 0x30, 0xe8, 0xf8, 0xff,
    0x28, 0xec, 0xf0, 0xff, 0x28, 0xe8, 0xf0, 0xff, 0x28, 0xec, 0xf8, 0xff,
    0x30, 0xec, 0xf8, 0xff, 0x28, 0xe8, 0xf0, 0xff, 0x28, 0xe8, 0xf8, 0xff,
    0x30, 0xec, 0xf0, 0xff, 0x30, 0xe8, 0xf0, 0xff, 0x28, 0xe8, 0xf8, 0xff,
    0x28, 0xec, 0xf0, 0xff, 0x30, 0xe8, 0xf0, 0xff, 0x28, 0xe8, 0xf8, 0xff,
    0x28, 0xec, 0xf0, 0xff, 0x30, 0xe8, 0xf8, 0xff, 0x28, 0xec, 0xf8, 0xff,
    0x28, 0xec, 0xf8, 0xff, 0x30, 0xe8, 0xf0, 0xff, 0x28, 0xec, 0xf8, 0xff,
    0x28, 0xe8, 0xf0, 0xff, 0x30, 0xec, 0xf0, 0xff, 0x28, 0xec, 0xf8, 0xff,
    0x30, 0xe8, 0xf0, 0xff, 0x28, 0xec, 0xf0, 0xff, 0x28, 0xec, 0xf8, 0xff,
    0x30, 0xe8, 0xf8, 0xff, 0x28, 0xe8, 0xf0, 0xff, 0x28, 0xec, 0xf8, 0xff,
    0x28, 0xe8, 0xf8, 0xff, 0x28, 0xe8, 0xf0, 0x9e, 0x00, 0x00, 0x00, 0x00,
    0x00, 0x00, 0x00, 0x00, 0x00, 0x00, 0x00, 0x00, 0x00, 0x00, 0x00, 0x00,
    0x00, 0x00, 0x00, 0x00, 0x00, 0x00, 0x00, 0x00, 0x00, 0x00, 0x00, 0x00,
    0x00, 0x00, 0x00, 0x00, 0x00, 0x00, 0x00, 0x00, 0x00, 0x00, 0x00, 0x00,
    0x00, 0x00, 0x00, 0x00, 0x30, 0xec, 0xf0, 0x41, 0x28, 0xe8, 0xf8, 0xdf,
    0x30, 0xe8, 0xf8, 0xff, 0x30, 0xec, 0xf0, 0xff, 0x28, 0xe8, 0xf8, 0xff,
    0x28, 0xec, 0xf0, 0xff, 0x30, 0xe8, 0xf8, 0xff, 0x28, 0xe8, 0xf0, 0xff,
    0x28, 0xec, 0xf0, 0xff, 0x28, 0xe8, 0xf8, 0xff, 0x28, 0xec, 0xf0, 0xff,
    0x30, 0xe8, 0xf0, 0xff, 0x28, 0xe8, 0xf8, 0xff, 0x28, 0xec, 0xf0, 0xff,
    0x30, 0xe8, 0xf8, 0xff, 0x28, 0xec, 0xf0, 0xff, 0x28, 0xec, 0xf8, 0xff,
    0x28, 0xe8, 0xf0, 0xff, 0x28, 0xe8, 0xf0, 0xff, 0x28, 0xec, 0xf8, 0xff,
    0x30, 0xe8, 0xf0, 0xff, 0x28, 0xe8, 0xf8, 0xff, 0x28, 0xec, 0xf8, 0xff,
    0x28, 0xe8, 0xf8, 0xff, 0x28, 0xec, 0xf0, 0xff, 0x28, 0xec, 0xf8, 0xff,
    0x28, 0xe8, 0xf0, 0xff, 0x28, 0xec, 0xf8, 0xff, 0x30, 0xe8, 0xf0, 0xff,
    0x30, 0xec, 0xf8, 0xff, 0x28, 0xec, 0xf0, 0xff, 0x28, 0xe8, 0xf8, 0xff,
    0x28, 0xec, 0xf8, 0xff, 0x30, 0xe8, 0xf0, 0xff, 0x28, 0xe8, 0xf8, 0xff,
    0x28, 0xec, 0xf8, 0xff, 0x30, 0xe8, 0xf0, 0xff, 0x28, 0xec, 0xf8, 0xff,
    0x28, 0xe8, 0xf8, 0xff, 0x28, 0xec, 0xf0, 0xff, 0x30, 0xe8, 0xf0, 0xff,
    0x30, 0xe8, 0xf0, 0xff, 0x28, 0xec, 0xf8, 0xff, 0x28, 0xe8, 0xf8, 0xff,
    0x28, 0xe8, 0xf0, 0xff, 0x28, 0xec, 0xf8, 0xff, 0x28, 0xe8, 0xf0, 0xff,
    0x28, 0xe8, 0xf0, 0xff, 0x28, 0xec, 0xf8, 0xff, 0x28, 0xec, 0xf8, 0xff,
    0x28, 0xe8, 0xf0, 0xff, 0x28, 0xec, 0xf8, 0xff, 0x28, 0xec, 0xf0, 0xff,
    0x30, 0xe8, 0xf0, 0xff, 0x28, 0xec, 0xf8, 0xff, 0x28, 0xec, 0xf0, 0xff,
    0x30, 0xe8, 0xf0, 0xff, 0x30, 0xec, 0xf8, 0xff, 0x28, 0xe8, 0xf0, 0xff,
    0x28, 0xe8, 0xf8, 0xff, 0x30, 0xec, 0xf8, 0xff, 0x28, 0xe8, 0xf0, 0xff,
    0x28, 0xe8, 0xf0, 0xff, 0x28, 0xec, 0xf8, 0xff, 0x30, 0xe8, 0xf0, 0xff,
    0x28, 0xec, 0xf8, 0xff, 0x28, 0xec, 0xf8, 0xff, 0x28, 0xe8, 0xf0, 0xff,
    0x28, 0xec, 0xf8, 0xff, 0x30, 0xec, 0xf8, 0xff, 0x28, 0xe8, 0xf0, 0xff,
    0x28, 0xec, 0xf8, 0xff, 0x28, 0xe8, 0xf0, 0xff, 0x30, 0xe8, 0xf0, 0xff,
    0x28, 0xec, 0xf8, 0xff, 0x28, 0xe8, 0xf0, 0xff, 0x28, 0xec, 0xf8, 0xff,
    0x28, 0xe8, 0xf8, 0xff, 0x28, 0xec, 0xf0, 0xff, 0x28, 0xe8, 0xf8, 0xff,
    0x28, 0xec, 0xf8, 0xff, 0x30, 0xe8, 0xf0, 0xff, 0x28, 0xe8, 0xf8, 0xff,
    0x28, 0xec, 0xf0, 0xff, 0x28, 0xec, 0xf0, 0xff, 0x28, 0xe8, 0xf8, 0xff,
    0x30, 0xec, 0xf0, 0xdf, 0x30, 0xec, 0xf0, 0x41, 0x00, 0x00, 0x00, 0x00,
    0x00, 0x00, 0x00, 0x00, 0x00, 0x00, 0x00, 0x00, 0x00, 0x00, 0x00, 0x00,
    0x00, 0x00, 0x00, 0x00, 0x00, 0x00, 0x00, 0x00, 0x00, 0x00, 0x00, 0x00,
    0x00, 0x00, 0x00, 0x00, 0x00, 0x00, 0x00, 0x00, 0x00, 0x00, 0x00, 0x00,
    0x00, 0x00, 0x00, 0x00, 0x00, 0x00, 0x00, 0x00, 0x00, 0x00, 0x00, 0x00,
    0x00, 0x00, 0x00, 0x00, 0x30, 0xec, 0xf0, 0x41, 0x28, 0xec, 0xf8, 0xbe,
    0x28, 0xe8, 0xf0, 0xdf, 0x30, 0xe8, 0xf8, 0xff, 0x28, 0xec, 0xf8, 0xff,
    0x28, 0xec, 0xf8, 0xff, 0x30, 0xe8, 0xf0, 0xff, 0x28, 0xec, 0xf8, 0xff,
    0x28, 0xec, 0xf8, 0xff, 0x28, 0xe8, 0xf0, 0xff, 0x28, 0xec, 0xf0, 0xff,
    0x28, 0xe8, 0xf8, 0xff, 0x28, 0xe8, 0xf0, 0xff, 0x28, 0xec, 0xf8, 0xff,
    0x30, 0xe8, 0xf8, 0xff, 0x28, 0xec, 0xf0, 0xff, 0x28, 0xe8, 0xf8, 0xff,
    0x30, 0xec, 0xf0, 0xff, 0x28, 0xec, 0xf0, 0xff, 0x28, 0xe8, 0xf0, 0xff,
    0x30, 0xe8, 0xf8, 0xff, 0x28, 0xec, 0xf0, 0xff, 0x28, 0xe8, 0xf0, 0xff,
    0x30, 0xe8, 0xf8, 0xff, 0x28, 0xec, 0xf8, 0xff, 0x28, 0xec, 0xf0, 0xff,
    0x28, 0xe8, 0xf8, 0xff, 0x28, 0xe8, 0xf0, 0xff, 0x30, 0xec, 0xf0, 0xff,
    0x28, 0xe8, 0xf8, 0xff, 0x28, 0xec, 0xf0, 0xff, 0x28, 0xec, 0xf0, 0xff,
    0x30, 0xe8, 0xf8, 0xff, 0x28, 0xec, 0xf0, 0xff, 0x28, 0xe8, 0xf0, 0xff,
    0x30, 0xe8, 0xf8, 0xff, 0x28, 0xec, 0xf8, 0xff, 0x28, 0xe8, 0xf0, 0xff,
    0x28, 0xec, 0xf8, 0xff, 0x28, 0xe8, 0xf8, 0xff, 0x30, 0xec, 0xf0, 0xff,
    0x28, 0xec, 0xf0, 0xff, 0x28, 0xe8, 0xf8, 0xff, 0x30, 0xec, 0xf0, 0xff,
    0x30, 0xec, 0xf8, 0xff, 0x28, 0xe8, 0xf0, 0xff, 0x28, 0xe8, 0xf8, 0xff,
    0x30, 0xec, 0xf0, 0xff, 0x28, 0xe8, 0xf8, 0xff, 0x28, 0xe8, 0xf8, 0xff,
    0x28, 0xec, 0xf0, 0xff, 0x28, 0xe8, 0xf8, 0xff, 0x28, 0xe8, 0xf8, 0xff,
    0x28, 0xec, 0xf0, 0xff, 0x28, 0xe8, 0xf8, 0xff, 0x28, 0xec, 0xf0, 0xff,
    0x28, 0xec, 0xf0, 0xff, 0x28, 0xe8, 0xf8, 0xff, 0x28, 0xec, 0xf8, 0xff,
    0x30, 0xec, 0xf0, 0xff, 0x28, 0xe8, 0xf8, 0xff, 0x28, 0xe8, 0xf0, 0xff,
    0x28, 0xec, 0xf0, 0xff, 0x28, 0xe8, 0xf8, 0xff, 0x28, 0xe8, 0xf0, 0xff,
    0x28, 0xec, 0xf0, 0xff, 0x30, 0xe8, 0xf8, 0xff, 0x28, 0xe8, 0xf0, 0xff,
    0x28, 0xec, 0xf8, 0xff, 0x28, 0xec, 0xf8, 0xff, 0x28, 0xe8, 0xf0, 0xff,
    0x28, 0xec, 0xf0, 0xff, 0x30, 0xe8, 0xf8, 0xff, 0x28, 0xec, 0xf0, 0xff,
    0x28, 0xe8, 0xf0, 0xff, 0x30, 0xec, 0xf8, 0xff, 0x30, 0xe8, 0xf0, 0xff,
    0x28, 0xec, 0xf8, 0xff, 0x28, 0xe8, 0xf0, 0xff, 0x28, 0xec, 0xf8, 0xff,
    0x30, 0xe8, 0xf8, 0xff, 0x28, 0xe8, 0xf0, 0xff, 0x28, 0xec, 0xf8, 0x9e,
    0x28, 0xe8, 0xf8, 0x61, 0x00, 0x00, 0x00, 0x00, 0x00, 0x00, 0x00, 0x00,
    0x00, 0x00, 0x00, 0x00, 0x00, 0x00, 0x00, 0x00, 0x00, 0x00, 0x00, 0x00,
    0x00, 0x00, 0x00, 0x00, 0x00, 0x00, 0x00, 0x00, 0x00, 0x00, 0x00, 0x00,
    0x00, 0x00, 0x00, 0x00, 0x00, 0x00, 0x00, 0x00, 0x00, 0x00, 0x00, 0x00,
    0x00, 0x00, 0x00, 0x00, 0x00, 0x00, 0x00, 0x00, 0x00, 0x00, 0x00, 0x00,
    0x00, 0x00, 0x00, 0x00, 0x00, 0x00, 0x00, 0x00, 0x00, 0x00, 0x00, 0x00,
    0x00, 0x00, 0x00, 0x00, 0x00, 0x00, 0x00, 0x00, 0x30, 0xec, 0xf0, 0x41,
    0x28, 0xe8, 0xf0, 0x82, 0x28, 0xec, 0xf8, 0x9e, 0x28, 0xe8, 0xf0, 0xbe,
    0x30, 0xe8, 0xf0, 0xdf, 0x28, 0xec, 0xf8, 0xdf, 0x30, 0xec, 0xf8, 0xff,
    0x30, 0xe8, 0xf0, 0xff, 0x28, 0xec, 0xf8, 0xff, 0x28, 0xec, 0xf0, 0xff,
    0x30, 0xe8, 0xf0, 0xff, 0x28, 0xe8, 0xf8, 0xff, 0x28, 0xec, 0xf0, 0xff,
    0x30, 0xec, 0xf8, 0xff, 0x28, 0xe8, 0xf8, 0xff, 0x28, 0xec, 0xf8, 0xff,
    0x28, 0xec, 0xf0, 0xff, 0x28, 0xe8, 0xf8, 0xff, 0x30, 0xec, 0xf0, 0xff,
    0x28, 0xe8, 0xf8, 0xff, 0x28, 0xe8, 0xf0, 0xff, 0x30, 0xec, 0xf0, 0xff,
    0x28, 0xe8, 0xf8, 0xff, 0x28, 0xec, 0xf8, 0xff, 0x28, 0xe8, 0xf0, 0xff,
    0x28, 0xe8, 0xf8, 0xff, 0x30, 0xec, 0xf8, 0xff, 0x28, 0xe8, 0xf0, 0xff,
    0x28, 0xec, 0xf8, 0xff, 0x28, 0xec, 0xf8, 0xff, 0x28, 0xe8, 0xf0, 0xff,
    0x28, 0xec, 0xf0, 0xff, 0x28, 0xec, 0xf8, 0xff, 0x30, 0xe8, 0xf0, 0xff,
    0x28, 0xec, 0xf0, 0xff, 0x28, 0xec, 0xf8, 0xff, 0x28, 0xe8, 0xf8, 0xff,
    0x28, 0xe8, 0xf0, 0xff, 0x30, 0xec, 0xf0, 0xff, 0x28, 0xe8, 0xf8, 0xff,
    0x28, 0xe8, 0xf8, 0xff, 0x28, 0xec, 0xf0, 0xff, 0x28, 0xec, 0xf8, 0xff,
    0x30, 0xe8, 0xf0, 0xff, 0x28, 0xec, 0xf0, 0xff, 0x30, 0xec, 0xf8, 0xff,
    0x30, 0xe8, 0xf0, 0xff, 0x28, 0xec, 0xf0, 0xff, 0x28, 0xec, 0xf8, 0xff,
    0x30, 0xe8, 0xf0, 0xff, 0x28, 0xe8, 0xf8, 0xff, 0x28, 0xec, 0xf8, 0xff,
    0x30, 0xe8, 0xf0, 0xff, 0x28, 0xec, 0xf8, 0xff, 0x28, 0xe8, 0xf0, 0xff,
    0x28, 0xe8, 0xf0, 0xff, 0x28, 0xec, 0xf8, 0xff, 0x30, 0xec, 0xf8, 0xff,
    0x28, 0xe8, 0xf0, 0xff, 0x28, 0xec, 0xf8, 0xff, 0x30, 0xec, 0xf8, 0xff,
    0x30, 0xe8, 0xf0, 0xff, 0x28, 0xec, 0xf8, 0xff, 0x28, 0xec, 0xf0, 0xff,
    0x28, 0xe8, 0xf0, 0xff, 0x30, 0xe8, 0xf8, 0xff, 0x28, 0xec, 0xf0, 0xff,
    0x28, 0xec, 0xf8, 0xff, 0x30, 0xe8, 0xf8, 0xff, 0x28, 0xec, 0xf0, 0xff,
    0x28, 0xe8, 0xf8, 0xff, 0x28, 0xec, 0xf8, 0xff, 0x28, 0xe8, 0xf0, 0xff,
    0x28, 0xec, 0xf8, 0xdf, 0x28, 0xe8, 0xf0, 0xbe, 0x28, 0xec, 0xf0, 0x9e,
    0x28, 0xe8, 0xf0, 0x82, 0x28, 0xec, 0xf8, 0x61, 0x00, 0x00, 0x00, 0x00,
    0x00, 0x00, 0x00, 0x00, 0x00, 0x00, 0x00, 0x00, 0x00, 0x00, 0x00, 0x00,
    0x00, 0x00, 0x00, 0x00, 0x00, 0x00, 0x00, 0x00, 0x00, 0x00, 0x00, 0x00,
    0x00, 0x00, 0x00, 0x00, 0x00, 0x00, 0x00, 0x00, 0x00, 0x00, 0x00, 0x00,
    0x00, 0x00, 0x00, 0x00
};
